generation,individual_index,PostLoadingBuffer_capacity,PostConveyorBuffer_capacity,PostWashingBuffer_capacity,PrePress1Buffer_capacity,PrePress2Buffer_capacity,PostPress1AndPress2Buffer_capacity,wip,throughput
0,0,9,6,3,8,8,4,7063.728984375,28.858333333333334
0,1,4,7,6,8,7,6,7063.728984375,28.858333333333334
0,2,4,6,6,9,8,5,7063.728984375,28.858333333333334
0,3,10,8,6,4,10,7,7055.326467013889,28.699404761904763
0,4,6,9,6,7,5,5,7063.728984375,28.858333333333334
0,5,8,4,5,7,8,6,7063.728984375,28.858333333333334
0,6,6,9,4,7,1,9,7096.566579861111,28.869642857142857
0,7,4,2,1,10,1,8,7052.592083333333,28.583333333333332
0,8,10,8,1,7,3,8,7072.393810763889,28.783333333333335
0,9,3,7,6,5,9,1,7069.358394097222,28.609523809523807
0,10,6,1,9,8,9,4,7072.393810763889,28.783333333333335
0,11,6,1,9,6,6,9,7072.393810763889,28.783333333333335
0,12,2,8,10,7,5,5,7072.393810763889,28.783333333333335
0,13,6,2,2,8,7,6,7069.358394097222,28.609523809523807
0,14,6,2,5,2,10,6,7069.358394097222,28.609523809523807
0,15,4,4,1,4,9,1,7080.695911458333,28.691666666666666
0,16,8,5,9,8,10,3,7073.989192708334,28.600595238095238
0,17,7,5,3,10,9,9,7073.989192708334,28.600595238095238
0,18,4,5,7,5,10,10,7088.160416666667,28.714285714285715
0,19,7,3,5,2,3,3,7080.695911458333,28.691666666666666
0,20,10,2,1,4,1,7,7098.4103385416665,28.71785714285714
0,21,1,9,7,8,9,7,7088.160416666667,28.714285714285715
0,22,9,6,7,9,8,3,7091.887109375,28.6
0,23,3,2,2,1,6,6,7089.337838541666,28.57142857142857
0,24,3,4,7,4,8,2,7096.53375,28.70654761904762
0,25,5,8,10,4,10,3,7094.755737847222,28.688690476190477
0,26,4,6,8,7,2,1,7096.53375,28.70654761904762
0,27,7,8,9,3,10,3,7094.755737847222,28.688690476190477
0,28,5,8,9,6,2,10,7094.755737847222,28.688690476190477
0,29,6,6,6,9,6,9,7091.887109375,28.6
0,30,8,9,4,9,10,8,7126.181276041667,28.701785714285712
0,31,8,7,7,2,6,9,7099.198463541667,28.698809523809523
0,32,1,9,7,5,2,5,7098.137621527778,28.69047619047619
0,33,8,1,6,5,6,7,7103.837630208333,28.624404761904763
0,34,1,8,4,7,1,1,7102.53890625,28.43095238095238
0,35,5,7,3,5,6,8,7120.1815364583335,28.669642857142858
0,36,3,6,6,4,10,5,7120.1815364583335,28.669642857142858
0,37,1,1,6,5,2,7,7102.53890625,28.43095238095238
0,38,8,4,3,8,2,2,7135.969930555556,28.629166666666666
0,39,1,1,10,6,3,6,7135.969930555556,28.629166666666666
0,40,6,8,2,5,8,3,7107.040104166666,28.542857142857144
0,41,1,4,9,9,5,2,7118.67234375,28.59345238095238
0,42,8,10,3,2,4,3,7118.67234375,28.59345238095238
0,43,10,4,8,7,3,3,7122.848810763889,28.538690476190478
0,44,5,4,2,9,9,6,7122.848810763889,28.538690476190478
0,45,1,3,10,5,3,2,7128.724322916667,28.548809523809524
0,46,10,9,9,2,9,5,7110.968697916666,28.38095238095238
0,47,7,9,4,6,6,3,7122.848810763889,28.538690476190478
0,48,4,5,7,8,2,9,7122.848810763889,28.538690476190478
0,49,5,10,4,8,2,6,7122.848810763889,28.538690476190478
1,0,10,8,6,4,10,7,7055.326467013889,28.699404761904763
1,1,4,2,1,10,1,8,7052.592083333333,28.583333333333332
1,2,1,1,6,5,1,7,7062.099357638889,28.96845238095238
1,3,1,8,9,1,3,4,7052.592083333333,28.583333333333332
1,4,9,6,3,8,8,4,7063.728984375,28.858333333333334
1,5,4,7,6,8,7,6,7063.728984375,28.858333333333334
1,6,4,6,6,9,8,5,7063.728984375,28.858333333333334
1,7,6,9,6,7,5,5,7063.728984375,28.858333333333334
1,8,8,4,5,7,8,6,7063.728984375,28.858333333333334
1,9,6,9,4,7,1,9,7096.566579861111,28.869642857142857
1,10,5,8,9,3,10,3,7063.728984375,28.858333333333334
1,11,8,7,3,8,2,8,7096.566579861111,28.869642857142857
1,12,6,8,8,5,8,3,7063.728984375,28.858333333333334
1,13,2,7,10,7,5,5,7096.566579861111,28.869642857142857
1,14,10,8,1,6,3,8,7096.566579861111,28.869642857142857
1,15,5,9,4,7,2,9,7096.566579861111,28.869642857142857
1,16,6,1,9,6,6,8,7096.566579861111,28.869642857142857
1,17,10,8,1,7,3,8,7072.393810763889,28.783333333333335
1,18,3,7,6,5,9,1,7069.358394097222,28.609523809523807
1,19,6,1,9,8,9,4,7072.393810763889,28.783333333333335
1,20,6,1,9,6,6,9,7072.393810763889,28.783333333333335
1,21,2,8,10,7,5,5,7072.393810763889,28.783333333333335
1,22,6,2,2,8,7,6,7069.358394097222,28.609523809523807
1,23,6,2,5,2,10,6,7069.358394097222,28.609523809523807
1,24,2,6,3,8,8,4,7069.358394097222,28.609523809523807
1,25,8,4,5,7,8,5,7072.393810763889,28.783333333333335
1,26,4,7,6,8,7,5,7072.393810763889,28.783333333333335
1,27,7,1,6,4,6,7,7069.358394097222,28.609523809523807
1,28,4,4,1,4,9,1,7080.695911458333,28.691666666666666
1,29,8,5,9,8,10,3,7073.989192708334,28.600595238095238
1,30,7,5,3,10,9,9,7073.989192708334,28.600595238095238
1,31,4,5,7,5,10,10,7088.160416666667,28.714285714285715
1,32,7,3,5,2,3,3,7080.695911458333,28.691666666666666
1,33,10,2,1,4,1,7,7098.4103385416665,28.71785714285714
1,34,1,9,7,8,9,7,7088.160416666667,28.714285714285715
1,35,9,6,7,9,7,3,7088.160416666667,28.714285714285715
1,36,9,5,9,6,3,9,7088.160416666667,28.714285714285715
1,37,5,3,3,5,6,1,7080.695911458333,28.691666666666666
1,38,3,4,7,4,8,2,7096.53375,28.70654761904762
1,39,3,2,2,1,6,6,7089.337838541666,28.57142857142857
1,40,8,4,3,8,3,2,7096.53375,28.70654761904762
1,41,9,6,7,9,8,3,7091.887109375,28.6
1,42,9,9,6,7,5,4,7094.755737847222,28.688690476190477
1,43,10,8,6,4,7,7,7091.887109375,28.6
1,44,5,8,10,4,10,3,7094.755737847222,28.688690476190477
1,45,6,6,6,9,6,9,7091.887109375,28.6
1,46,5,8,9,6,2,10,7094.755737847222,28.688690476190477
1,47,7,8,9,3,10,3,7094.755737847222,28.688690476190477
1,48,4,6,8,7,2,1,7096.53375,28.70654761904762
1,49,2,8,10,7,8,5,7094.755737847222,28.688690476190477
2,0,10,8,6,4,10,7,7055.326467013889,28.699404761904763
2,1,4,2,1,10,1,8,7052.592083333333,28.583333333333332
2,2,1,1,6,5,1,7,7062.099357638889,28.96845238095238
2,3,1,8,9,1,3,4,7052.592083333333,28.583333333333332
2,4,9,4,1,5,1,6,7052.592083333333,28.583333333333332
2,5,9,1,3,8,1,4,7052.592083333333,28.583333333333332
2,6,4,2,1,10,1,8,7052.592083333333,28.583333333333332
2,7,1,1,6,5,1,2,7081.32140625,29.082142857142856
2,8,3,4,6,5,1,7,7052.592083333333,28.583333333333332
2,9,9,5,9,6,7,9,7055.326467013889,28.699404761904763
2,10,3,3,3,5,6,1,7062.099357638889,28.96845238095238
2,11,9,6,3,8,8,4,7063.728984375,28.858333333333334
2,12,4,7,6,8,7,6,7063.728984375,28.858333333333334
2,13,4,6,6,9,8,5,7063.728984375,28.858333333333334
2,14,6,9,6,7,5,5,7063.728984375,28.858333333333334
2,15,8,4,5,7,8,6,7063.728984375,28.858333333333334
2,16,6,9,4,7,1,9,7096.566579861111,28.869642857142857
2,17,5,8,9,3,10,3,7063.728984375,28.858333333333334
2,18,8,7,3,8,2,8,7096.566579861111,28.869642857142857
2,19,6,8,8,5,8,3,7063.728984375,28.858333333333334
2,20,2,7,10,7,5,5,7096.566579861111,28.869642857142857
2,21,10,8,1,6,3,8,7096.566579861111,28.869642857142857
2,22,5,9,4,7,2,9,7096.566579861111,28.869642857142857
2,23,6,1,9,6,6,8,7096.566579861111,28.869642857142857
2,24,4,7,9,3,10,3,7096.566579861111,28.869642857142857
2,25,8,6,3,8,7,4,7096.566579861111,28.869642857142857
2,26,10,8,1,7,3,8,7072.393810763889,28.783333333333335
2,27,3,7,6,5,9,1,7069.358394097222,28.609523809523807
2,28,6,1,9,8,9,4,7072.393810763889,28.783333333333335
2,29,6,1,9,6,6,9,7072.393810763889,28.783333333333335
2,30,2,8,10,7,5,5,7072.393810763889,28.783333333333335
2,31,6,2,2,8,7,6,7069.358394097222,28.609523809523807
2,32,6,2,5,2,10,6,7069.358394097222,28.609523809523807
2,33,2,6,3,8,8,4,7069.358394097222,28.609523809523807
2,34,8,4,5,7,8,5,7072.393810763889,28.783333333333335
2,35,4,7,6,8,7,5,7072.393810763889,28.783333333333335
2,36,7,1,6,4,6,7,7069.358394097222,28.609523809523807
2,37,4,7,6,8,7,5,7072.393810763889,28.783333333333335
2,38,4,6,7,9,7,4,7072.393810763889,28.783333333333335
2,39,1,8,5,7,5,5,7069.358394097222,28.609523809523807
2,40,4,6,6,8,8,5,7072.393810763889,28.783333333333335
2,41,6,9,5,7,1,9,7072.393810763889,28.783333333333335
2,42,6,1,5,2,5,6,7098.4103385416665,28.71785714285714
2,43,8,5,9,8,10,3,7073.989192708334,28.600595238095238
2,44,10,2,1,4,1,7,7098.4103385416665,28.71785714285714
2,45,8,5,9,8,10,3,7073.989192708334,28.600595238095238
2,46,5,3,3,5,6,1,7080.695911458333,28.691666666666666
2,47,8,5,9,7,9,3,7088.160416666667,28.714285714285715
2,48,4,4,1,4,9,1,7080.695911458333,28.691666666666666
2,49,4,5,7,5,10,10,7088.160416666667,28.714285714285715
3,0,10,8,6,4,10,7,7055.326467013889,28.699404761904763
3,1,4,2,1,10,1,8,7052.592083333333,28.583333333333332
3,2,1,1,6,5,1,7,7062.099357638889,28.96845238095238
3,3,1,8,9,1,3,4,7052.592083333333,28.583333333333332
3,4,9,4,1,5,1,6,7052.592083333333,28.583333333333332
3,5,9,1,3,8,1,4,7052.592083333333,28.583333333333332
3,6,4,2,1,10,1,8,7052.592083333333,28.583333333333332
3,7,1,1,6,5,1,2,7081.32140625,29.082142857142856
3,8,3,4,6,5,1,7,7052.592083333333,28.583333333333332
3,9,9,5,9,6,7,9,7055.326467013889,28.699404761904763
3,10,3,3,3,5,6,1,7062.099357638889,28.96845238095238
3,11,4,2,1,10,1,8,7052.592083333333,28.583333333333332
3,12,9,5,9,6,7,9,7055.326467013889,28.699404761904763
3,13,1,1,6,5,1,2,7081.32140625,29.082142857142856
3,14,9,6,3,8,8,4,7063.728984375,28.858333333333334
3,15,4,7,6,8,7,6,7063.728984375,28.858333333333334
3,16,4,6,6,9,8,5,7063.728984375,28.858333333333334
3,17,6,9,6,7,5,5,7063.728984375,28.858333333333334
3,18,8,4,5,7,8,6,7063.728984375,28.858333333333334
3,19,6,9,4,7,1,9,7096.566579861111,28.869642857142857
3,20,5,8,9,3,10,3,7063.728984375,28.858333333333334
3,21,8,7,3,8,2,8,7096.566579861111,28.869642857142857
3,22,6,8,8,5,8,3,7063.728984375,28.858333333333334
3,23,2,7,10,7,5,5,7096.566579861111,28.869642857142857
3,24,10,8,1,6,3,8,7096.566579861111,28.869642857142857
3,25,5,9,4,7,2,9,7096.566579861111,28.869642857142857
3,26,6,1,9,6,6,8,7096.566579861111,28.869642857142857
3,27,4,7,9,3,10,3,7096.566579861111,28.869642857142857
3,28,8,6,3,8,7,4,7096.566579861111,28.869642857142857
3,29,2,8,8,7,9,4,7063.728984375,28.858333333333334
3,30,10,8,6,4,1,7,7096.566579861111,28.869642857142857
3,31,6,1,9,6,8,8,7063.728984375,28.858333333333334
3,32,8,4,5,7,1,6,7069.358394097222,28.609523809523807
3,33,4,6,6,8,8,5,7072.393810763889,28.783333333333335
3,34,3,7,6,5,9,1,7069.358394097222,28.609523809523807
3,35,10,8,1,7,3,8,7072.393810763889,28.783333333333335
3,36,4,7,6,8,7,5,7072.393810763889,28.783333333333335
3,37,5,9,6,7,5,5,7072.393810763889,28.783333333333335
3,38,2,8,10,7,5,5,7072.393810763889,28.783333333333335
3,39,6,9,5,7,1,9,7072.393810763889,28.783333333333335
3,40,7,1,6,4,6,7,7069.358394097222,28.609523809523807
3,41,4,7,6,8,7,5,7072.393810763889,28.783333333333335
3,42,6,9,6,7,5,4,7072.393810763889,28.783333333333335
3,43,6,1,9,8,9,4,7072.393810763889,28.783333333333335
3,44,1,8,5,7,5,5,7069.358394097222,28.609523809523807
3,45,6,2,5,2,10,6,7069.358394097222,28.609523809523807
3,46,6,9,5,7,1,9,7072.393810763889,28.783333333333335
3,47,3,7,5,8,6,2,7069.358394097222,28.609523809523807
3,48,8,5,9,7,5,3,7072.393810763889,28.783333333333335
3,49,4,6,6,8,8,5,7072.393810763889,28.783333333333335
4,0,10,8,6,4,10,7,7055.326467013889,28.699404761904763
4,1,4,2,1,10,1,8,7052.592083333333,28.583333333333332
4,2,1,1,6,5,1,7,7062.099357638889,28.96845238095238
4,3,1,8,9,1,3,4,7052.592083333333,28.583333333333332
4,4,9,4,1,5,1,6,7052.592083333333,28.583333333333332
4,5,9,1,3,8,1,4,7052.592083333333,28.583333333333332
4,6,4,2,1,10,1,8,7052.592083333333,28.583333333333332
4,7,1,1,6,5,1,2,7081.32140625,29.082142857142856
4,8,3,4,6,5,1,7,7052.592083333333,28.583333333333332
4,9,9,5,9,6,7,9,7055.326467013889,28.699404761904763
4,10,3,3,3,5,6,1,7062.099357638889,28.96845238095238
4,11,4,2,1,10,1,8,7052.592083333333,28.583333333333332
4,12,9,5,9,6,7,9,7055.326467013889,28.699404761904763
4,13,1,1,6,5,1,2,7081.32140625,29.082142857142856
4,14,3,4,6,5,1,7,7052.592083333333,28.583333333333332
4,15,1,1,6,5,5,3,7062.099357638889,28.96845238095238
4,16,1,1,6,5,1,2,7081.32140625,29.082142857142856
4,17,9,6,3,8,8,4,7063.728984375,28.858333333333334
4,18,4,7,6,8,7,6,7063.728984375,28.858333333333334
4,19,4,6,6,9,8,5,7063.728984375,28.858333333333334
4,20,6,9,6,7,5,5,7063.728984375,28.858333333333334
4,21,8,4,5,7,8,6,7063.728984375,28.858333333333334
4,22,6,9,4,7,1,9,7096.566579861111,28.869642857142857
4,23,5,8,9,3,10,3,7063.728984375,28.858333333333334
4,24,8,7,3,8,2,8,7096.566579861111,28.869642857142857
4,25,6,8,8,5,8,3,7063.728984375,28.858333333333334
4,26,2,7,10,7,5,5,7096.566579861111,28.869642857142857
4,27,10,8,1,6,3,8,7096.566579861111,28.869642857142857
4,28,5,9,4,7,2,9,7096.566579861111,28.869642857142857
4,29,6,1,9,6,6,8,7096.566579861111,28.869642857142857
4,30,4,7,9,3,10,3,7096.566579861111,28.869642857142857
4,31,8,6,3,8,7,4,7096.566579861111,28.869642857142857
4,32,2,8,8,7,9,4,7063.728984375,28.858333333333334
4,33,10,8,6,4,1,7,7096.566579861111,28.869642857142857
4,34,6,1,9,6,8,8,7063.728984375,28.858333333333334
4,35,4,8,8,5,8,3,7096.566579861111,28.869642857142857
4,36,5,8,9,3,9,4,7063.728984375,28.858333333333334
4,37,9,6,3,8,8,4,7063.728984375,28.858333333333334
4,38,5,9,8,6,10,8,7053.550789930556,28.432738095238097
4,39,6,1,9,8,9,3,7096.566579861111,28.869642857142857
4,40,8,1,8,8,9,4,7063.728984375,28.858333333333334
4,41,10,8,6,6,1,7,7063.728984375,28.858333333333334
4,42,7,4,6,5,8,1,7069.358394097222,28.609523809523807
4,43,8,4,5,7,1,6,7069.358394097222,28.609523809523807
4,44,9,3,5,7,7,6,7072.393810763889,28.783333333333335
4,45,4,6,6,8,8,5,7072.393810763889,28.783333333333335
4,46,4,7,6,8,7,5,7072.393810763889,28.783333333333335
4,47,3,7,5,8,6,2,7069.358394097222,28.609523809523807
4,48,1,8,5,7,5,5,7069.358394097222,28.609523809523807
4,49,6,9,6,7,5,4,7072.393810763889,28.783333333333335
5,0,10,8,6,4,10,7,7055.326467013889,28.699404761904763
5,1,4,2,1,10,1,8,7052.592083333333,28.583333333333332
5,2,1,1,6,5,1,7,7062.099357638889,28.96845238095238
5,3,1,8,9,1,3,4,7052.592083333333,28.583333333333332
5,4,9,4,1,5,1,6,7052.592083333333,28.583333333333332
5,5,9,1,3,8,1,4,7052.592083333333,28.583333333333332
5,6,4,2,1,10,1,8,7052.592083333333,28.583333333333332
5,7,1,1,6,5,1,2,7081.32140625,29.082142857142856
5,8,3,4,6,5,1,7,7052.592083333333,28.583333333333332
5,9,9,5,9,6,7,9,7055.326467013889,28.699404761904763
5,10,3,3,3,5,6,1,7062.099357638889,28.96845238095238
5,11,4,2,1,10,1,8,7052.592083333333,28.583333333333332
5,12,9,5,9,6,7,9,7055.326467013889,28.699404761904763
5,13,1,1,6,5,1,2,7081.32140625,29.082142857142856
5,14,3,4,6,5,1,7,7052.592083333333,28.583333333333332
5,15,1,1,6,5,5,3,7062.099357638889,28.96845238095238
5,16,1,1,6,5,1,2,7081.32140625,29.082142857142856
5,17,1,1,6,5,1,2,7081.32140625,29.082142857142856
5,18,1,1,6,5,1,2,7081.32140625,29.082142857142856
5,19,3,3,9,4,6,1,7052.592083333333,28.583333333333332
5,20,4,5,1,10,1,5,7052.592083333333,28.583333333333332
5,21,1,1,9,5,1,4,7062.099357638889,28.96845238095238
5,22,3,4,6,5,1,7,7052.592083333333,28.583333333333332
5,23,10,8,6,4,10,7,7055.326467013889,28.699404761904763
5,24,1,1,4,5,1,9,7062.099357638889,28.96845238095238
5,25,6,9,4,7,1,9,7096.566579861111,28.869642857142857
5,26,8,6,3,8,7,4,7096.566579861111,28.869642857142857
5,27,5,9,8,6,10,8,7053.550789930556,28.432738095238097
5,28,9,8,8,4,10,7,7053.550789930556,28.432738095238097
5,29,10,8,6,6,1,7,7063.728984375,28.858333333333334
5,30,9,6,3,8,8,4,7063.728984375,28.858333333333334
5,31,10,8,6,4,1,7,7096.566579861111,28.869642857142857
5,32,6,1,9,6,8,8,7063.728984375,28.858333333333334
5,33,8,7,3,8,2,8,7096.566579861111,28.869642857142857
5,34,5,8,9,3,10,3,7063.728984375,28.858333333333334
5,35,2,8,8,7,9,4,7063.728984375,28.858333333333334
5,36,4,7,9,3,10,3,7096.566579861111,28.869642857142857
5,37,9,6,3,8,8,4,7063.728984375,28.858333333333334
5,38,6,1,9,8,9,3,7096.566579861111,28.869642857142857
5,39,4,8,8,5,8,3,7096.566579861111,28.869642857142857
5,40,6,9,6,7,5,5,7063.728984375,28.858333333333334
5,41,2,7,10,7,5,5,7096.566579861111,28.869642857142857
5,42,10,8,1,6,3,8,7096.566579861111,28.869642857142857
5,43,5,9,4,7,2,9,7096.566579861111,28.869642857142857
5,44,5,8,9,3,10,3,7063.728984375,28.858333333333334
5,45,4,7,6,8,7,6,7063.728984375,28.858333333333334
5,46,8,1,8,8,9,4,7063.728984375,28.858333333333334
5,47,5,8,9,3,9,4,7063.728984375,28.858333333333334
5,48,5,9,6,8,5,5,7063.728984375,28.858333333333334
5,49,9,6,3,8,8,4,7063.728984375,28.858333333333334
6,0,10,8,6,4,10,7,7055.326467013889,28.699404761904763
6,1,4,2,1,10,1,8,7052.592083333333,28.583333333333332
6,2,1,1,6,5,1,7,7062.099357638889,28.96845238095238
6,3,1,8,9,1,3,4,7052.592083333333,28.583333333333332
6,4,9,4,1,5,1,6,7052.592083333333,28.583333333333332
6,5,9,1,3,8,1,4,7052.592083333333,28.583333333333332
6,6,4,2,1,10,1,8,7052.592083333333,28.583333333333332
6,7,1,1,6,5,1,2,7081.32140625,29.082142857142856
6,8,3,4,6,5,1,7,7052.592083333333,28.583333333333332
6,9,9,5,9,6,7,9,7055.326467013889,28.699404761904763
6,10,3,3,3,5,6,1,7062.099357638889,28.96845238095238
6,11,4,2,1,10,1,8,7052.592083333333,28.583333333333332
6,12,9,5,9,6,7,9,7055.326467013889,28.699404761904763
6,13,1,1,6,5,1,2,7081.32140625,29.082142857142856
6,14,3,4,6,5,1,7,7052.592083333333,28.583333333333332
6,15,1,1,6,5,5,3,7062.099357638889,28.96845238095238
6,16,1,1,6,5,1,2,7081.32140625,29.082142857142856
6,17,1,1,6,5,1,2,7081.32140625,29.082142857142856
6,18,1,1,6,5,1,2,7081.32140625,29.082142857142856
6,19,3,3,9,4,6,1,7052.592083333333,28.583333333333332
6,20,4,5,1,10,1,5,7052.592083333333,28.583333333333332
6,21,1,1,9,5,1,4,7062.099357638889,28.96845238095238
6,22,3,4,6,5,1,7,7052.592083333333,28.583333333333332
6,23,10,8,6,4,10,7,7055.326467013889,28.699404761904763
6,24,1,1,4,5,1,9,7062.099357638889,28.96845238095238
6,25,9,1,3,8,1,4,7052.592083333333,28.583333333333332
6,26,1,1,4,5,1,9,7062.099357638889,28.96845238095238
6,27,1,1,6,5,1,2,7081.32140625,29.082142857142856
6,28,1,1,9,5,1,4,7062.099357638889,28.96845238095238
6,29,1,1,6,5,1,7,7062.099357638889,28.96845238095238
6,30,4,2,1,10,1,8,7052.592083333333,28.583333333333332
6,31,9,4,1,5,1,6,7052.592083333333,28.583333333333332
6,32,10,8,6,4,1,7,7096.566579861111,28.869642857142857
6,33,6,9,4,7,1,9,7096.566579861111,28.869642857142857
6,34,5,9,8,6,10,8,7053.550789930556,28.432738095238097
6,35,9,8,8,4,10,7,7053.550789930556,28.432738095238097
6,36,10,8,6,6,1,7,7063.728984375,28.858333333333334
6,37,10,8,6,6,1,7,7063.728984375,28.858333333333334
6,38,9,6,3,8,8,4,7063.728984375,28.858333333333334
6,39,8,7,3,8,2,8,7096.566579861111,28.869642857142857
6,40,4,7,6,8,7,6,7063.728984375,28.858333333333334
6,41,2,7,10,7,5,5,7096.566579861111,28.869642857142857
6,42,9,6,3,8,8,4,7063.728984375,28.858333333333334
6,43,8,7,3,8,2,8,7096.566579861111,28.869642857142857
6,44,4,8,8,5,8,3,7096.566579861111,28.869642857142857
6,45,5,8,9,3,10,3,7063.728984375,28.858333333333334
6,46,9,6,3,8,8,4,7063.728984375,28.858333333333334
6,47,5,8,9,3,9,4,7063.728984375,28.858333333333334
6,48,5,9,4,7,2,9,7096.566579861111,28.869642857142857
6,49,10,8,1,6,3,8,7096.566579861111,28.869642857142857
7,0,10,8,6,4,10,7,7055.326467013889,28.699404761904763
7,1,4,2,1,10,1,8,7052.592083333333,28.583333333333332
7,2,1,1,6,5,1,7,7062.099357638889,28.96845238095238
7,3,1,8,9,1,3,4,7052.592083333333,28.583333333333332
7,4,9,4,1,5,1,6,7052.592083333333,28.583333333333332
7,5,9,1,3,8,1,4,7052.592083333333,28.583333333333332
7,6,4,2,1,10,1,8,7052.592083333333,28.583333333333332
7,7,1,1,6,5,1,2,7081.32140625,29.082142857142856
7,8,3,4,6,5,1,7,7052.592083333333,28.583333333333332
7,9,9,5,9,6,7,9,7055.326467013889,28.699404761904763
7,10,3,3,3,5,6,1,7062.099357638889,28.96845238095238
7,11,4,2,1,10,1,8,7052.592083333333,28.583333333333332
7,12,9,5,9,6,7,9,7055.326467013889,28.699404761904763
7,13,1,1,6,5,1,2,7081.32140625,29.082142857142856
7,14,3,4,6,5,1,7,7052.592083333333,28.583333333333332
7,15,1,1,6,5,5,3,7062.099357638889,28.96845238095238
7,16,1,1,6,5,1,2,7081.32140625,29.082142857142856
7,17,1,1,6,5,1,2,7081.32140625,29.082142857142856
7,18,1,1,6,5,1,2,7081.32140625,29.082142857142856
7,19,3,3,9,4,6,1,7052.592083333333,28.583333333333332
7,20,4,5,1,10,1,5,7052.592083333333,28.583333333333332
7,21,1,1,9,5,1,4,7062.099357638889,28.96845238095238
7,22,3,4,6,5,1,7,7052.592083333333,28.583333333333332
7,23,10,8,6,4,10,7,7055.326467013889,28.699404761904763
7,24,1,1,4,5,1,9,7062.099357638889,28.96845238095238
7,25,9,1,3,8,1,4,7052.592083333333,28.583333333333332
7,26,1,1,4,5,1,9,7062.099357638889,28.96845238095238
7,27,1,1,6,5,1,2,7081.32140625,29.082142857142856
7,28,1,1,9,5,1,4,7062.099357638889,28.96845238095238
7,29,1,1,6,5,1,7,7062.099357638889,28.96845238095238
7,30,4,2,1,10,1,8,7052.592083333333,28.583333333333332
7,31,9,4,1,5,1,6,7052.592083333333,28.583333333333332
7,32,1,1,6,5,1,7,7062.099357638889,28.96845238095238
7,33,1,1,6,5,1,2,7081.32140625,29.082142857142856
7,34,1,1,3,7,5,9,7052.592083333333,28.583333333333332
7,35,1,1,4,5,1,9,7062.099357638889,28.96845238095238
7,36,1,1,6,5,1,2,7081.32140625,29.082142857142856
7,37,4,2,1,10,1,8,7052.592083333333,28.583333333333332
7,38,1,1,6,5,1,7,7062.099357638889,28.96845238095238
7,39,1,1,4,5,1,9,7062.099357638889,28.96845238095238
7,40,1,1,9,5,1,4,7062.099357638889,28.96845238095238
7,41,1,1,6,9,1,8,7052.592083333333,28.583333333333332
7,42,3,4,3,4,1,6,7062.099357638889,28.96845238095238
7,43,1,1,6,5,1,7,7062.099357638889,28.96845238095238
7,44,4,2,3,10,1,1,7062.099357638889,28.96845238095238
7,45,10,8,6,4,1,7,7096.566579861111,28.869642857142857
7,46,4,8,6,9,1,8,7096.566579861111,28.869642857142857
7,47,5,9,8,6,10,8,7053.550789930556,28.432738095238097
7,48,9,8,8,4,10,7,7053.550789930556,28.432738095238097
7,49,5,8,6,4,9,6,7063.728984375,28.858333333333334
8,0,1,1,6,9,1,8,7052.592083333333,28.583333333333332
8,1,4,2,1,10,1,8,7052.592083333333,28.583333333333332
8,2,1,1,6,5,1,2,7081.32140625,29.082142857142856
8,3,1,1,6,5,1,2,7081.32140625,29.082142857142856
8,4,1,1,9,5,1,4,7062.099357638889,28.96845238095238
8,5,10,8,6,4,10,7,7055.326467013889,28.699404761904763
8,6,10,8,6,4,10,7,7055.326467013889,28.699404761904763
8,7,1,1,6,5,1,7,7062.099357638889,28.96845238095238
8,8,4,2,1,10,1,8,7052.592083333333,28.583333333333332
8,9,3,3,9,4,6,1,7052.592083333333,28.583333333333332
8,10,3,4,3,4,1,6,7062.099357638889,28.96845238095238
8,11,1,1,6,5,1,7,7062.099357638889,28.96845238095238
8,12,1,1,6,5,5,3,7062.099357638889,28.96845238095238
8,13,1,1,6,5,1,2,7081.32140625,29.082142857142856
8,14,1,1,4,5,1,9,7062.099357638889,28.96845238095238
8,15,9,4,1,5,1,6,7052.592083333333,28.583333333333332
8,16,4,5,1,10,1,5,7052.592083333333,28.583333333333332
8,17,4,2,3,5,1,1,7081.32140625,29.082142857142856
8,18,1,1,6,5,1,2,7081.32140625,29.082142857142856
8,19,1,1,6,5,1,7,7062.099357638889,28.96845238095238
8,20,1,1,6,5,1,2,7081.32140625,29.082142857142856
8,21,1,1,4,5,1,9,7062.099357638889,28.96845238095238
8,22,1,1,6,5,1,2,7081.32140625,29.082142857142856
8,23,4,2,3,10,1,1,7062.099357638889,28.96845238095238
8,24,1,1,6,5,1,2,7081.32140625,29.082142857142856
8,25,1,1,4,5,1,9,7062.099357638889,28.96845238095238
8,26,9,5,9,6,7,9,7055.326467013889,28.699404761904763
8,27,1,1,6,5,1,2,7081.32140625,29.082142857142856
8,28,1,1,6,5,1,2,7081.32140625,29.082142857142856
8,29,1,1,9,5,1,4,7062.099357638889,28.96845238095238
8,30,4,2,1,10,1,8,7052.592083333333,28.583333333333332
8,31,1,1,6,5,1,2,7081.32140625,29.082142857142856
8,32,3,4,6,5,1,7,7052.592083333333,28.583333333333332
8,33,1,1,3,7,5,9,7052.592083333333,28.583333333333332
8,34,1,1,9,5,1,4,7062.099357638889,28.96845238095238
8,35,1,1,6,5,1,7,7062.099357638889,28.96845238095238
8,36,1,1,6,5,1,2,7081.32140625,29.082142857142856
8,37,1,1,4,5,1,9,7062.099357638889,28.96845238095238
8,38,1,8,9,1,3,4,7052.592083333333,28.583333333333332
8,39,1,1,6,5,5,3,7062.099357638889,28.96845238095238
8,40,1,1,4,5,1,9,7062.099357638889,28.96845238095238
8,41,3,4,6,5,1,7,7052.592083333333,28.583333333333332
8,42,9,4,1,5,1,6,7052.592083333333,28.583333333333332
8,43,4,2,1,10,1,8,7052.592083333333,28.583333333333332
8,44,1,1,4,5,1,9,7062.099357638889,28.96845238095238
8,45,1,1,4,5,1,9,7062.099357638889,28.96845238095238
8,46,1,1,6,5,1,7,7062.099357638889,28.96845238095238
8,47,1,1,6,5,1,7,7062.099357638889,28.96845238095238
8,48,3,3,3,5,6,1,7062.099357638889,28.96845238095238
8,49,9,5,9,6,7,9,7055.326467013889,28.699404761904763
9,0,9,4,1,5,1,6,7052.592083333333,28.583333333333332
9,1,1,1,6,5,1,2,7081.32140625,29.082142857142856
9,2,3,3,2,5,1,2,7081.32140625,29.082142857142856
9,3,1,1,6,9,1,8,7052.592083333333,28.583333333333332
9,4,3,1,6,4,5,2,7062.099357638889,28.96845238095238
9,5,10,8,6,4,10,7,7055.326467013889,28.699404761904763
9,6,9,5,9,6,7,9,7055.326467013889,28.699404761904763
9,7,1,1,9,5,1,4,7062.099357638889,28.96845238095238
9,8,1,1,6,5,1,2,7081.32140625,29.082142857142856
9,9,1,1,6,5,1,2,7081.32140625,29.082142857142856
9,10,4,5,1,10,1,5,7052.592083333333,28.583333333333332
9,11,1,1,4,5,1,9,7062.099357638889,28.96845238095238
9,12,1,1,6,5,1,2,7081.32140625,29.082142857142856
9,13,1,1,4,5,1,9,7062.099357638889,28.96845238095238
9,14,1,1,6,5,1,7,7062.099357638889,28.96845238095238
9,15,1,1,9,5,1,4,7062.099357638889,28.96845238095238
9,16,1,1,4,5,1,9,7062.099357638889,28.96845238095238
9,17,1,1,6,5,5,3,7062.099357638889,28.96845238095238
9,18,1,1,6,5,1,7,7062.099357638889,28.96845238095238
9,19,1,1,6,5,1,2,7081.32140625,29.082142857142856
9,20,1,1,6,5,1,2,7081.32140625,29.082142857142856
9,21,1,1,6,5,1,2,7081.32140625,29.082142857142856
9,22,9,4,1,5,1,6,7052.592083333333,28.583333333333332
9,23,1,1,6,5,1,7,7062.099357638889,28.96845238095238
9,24,9,4,1,5,1,6,7052.592083333333,28.583333333333332
9,25,4,2,1,10,1,8,7052.592083333333,28.583333333333332
9,26,1,1,9,5,1,4,7062.099357638889,28.96845238095238
9,27,1,1,4,5,1,9,7062.099357638889,28.96845238095238
9,28,1,1,6,5,1,2,7081.32140625,29.082142857142856
9,29,1,1,6,5,5,3,7062.099357638889,28.96845238095238
9,30,1,1,6,5,1,2,7081.32140625,29.082142857142856
9,31,4,2,1,10,1,8,7052.592083333333,28.583333333333332
9,32,4,5,1,10,1,5,7052.592083333333,28.583333333333332
9,33,1,1,9,5,1,4,7062.099357638889,28.96845238095238
9,34,4,2,1,10,1,8,7052.592083333333,28.583333333333332
9,35,4,2,3,5,1,1,7081.32140625,29.082142857142856
9,36,1,1,3,7,5,9,7052.592083333333,28.583333333333332
9,37,1,1,6,5,1,2,7081.32140625,29.082142857142856
9,38,1,1,4,5,1,9,7062.099357638889,28.96845238095238
9,39,3,3,3,5,6,1,7062.099357638889,28.96845238095238
9,40,1,1,6,5,1,2,7081.32140625,29.082142857142856
9,41,4,2,1,10,1,8,7052.592083333333,28.583333333333332
9,42,10,8,6,4,10,7,7055.326467013889,28.699404761904763
9,43,3,4,6,5,1,7,7052.592083333333,28.583333333333332
9,44,1,1,9,5,1,4,7062.099357638889,28.96845238095238
9,45,9,5,9,6,7,9,7055.326467013889,28.699404761904763
9,46,9,5,9,6,7,9,7055.326467013889,28.699404761904763
9,47,3,4,3,4,1,6,7062.099357638889,28.96845238095238
9,48,1,1,4,5,1,9,7062.099357638889,28.96845238095238
9,49,3,1,4,9,1,8,7052.592083333333,28.583333333333332
10,0,1,1,6,5,1,2,7081.32140625,29.082142857142856
10,1,1,1,3,7,5,9,7052.592083333333,28.583333333333332
10,2,1,1,6,5,1,2,7081.32140625,29.082142857142856
10,3,9,4,1,5,1,6,7052.592083333333,28.583333333333332
10,4,1,1,4,5,1,9,7062.099357638889,28.96845238095238
10,5,10,8,6,4,10,7,7055.326467013889,28.699404761904763
10,6,9,5,9,6,7,9,7055.326467013889,28.699404761904763
10,7,3,1,6,4,5,2,7062.099357638889,28.96845238095238
10,8,1,1,6,5,1,2,7081.32140625,29.082142857142856
10,9,3,1,4,9,1,8,7052.592083333333,28.583333333333332
10,10,1,1,9,5,1,4,7062.099357638889,28.96845238095238
10,11,1,1,9,5,1,4,7062.099357638889,28.96845238095238
10,12,1,1,9,5,1,4,7062.099357638889,28.96845238095238
10,13,9,4,1,5,1,6,7052.592083333333,28.583333333333332
10,14,9,5,9,6,7,9,7055.326467013889,28.699404761904763
10,15,1,1,6,5,1,2,7081.32140625,29.082142857142856
10,16,9,5,9,6,7,9,7055.326467013889,28.699404761904763
10,17,4,2,1,10,1,8,7052.592083333333,28.583333333333332
10,18,1,1,6,5,1,2,7081.32140625,29.082142857142856
10,19,1,1,6,5,1,2,7081.32140625,29.082142857142856
10,20,1,1,6,5,1,7,7062.099357638889,28.96845238095238
10,21,3,1,5,5,6,1,7062.099357638889,28.96845238095238
10,22,4,2,1,10,1,8,7052.592083333333,28.583333333333332
10,23,1,1,6,5,1,2,7081.32140625,29.082142857142856
10,24,1,1,4,5,1,9,7062.099357638889,28.96845238095238
10,25,1,1,6,9,1,8,7052.592083333333,28.583333333333332
10,26,1,1,6,5,1,2,7081.32140625,29.082142857142856
10,27,3,4,3,4,1,6,7062.099357638889,28.96845238095238
10,28,1,1,4,5,1,9,7062.099357638889,28.96845238095238
10,29,1,1,9,5,1,4,7062.099357638889,28.96845238095238
10,30,1,1,6,9,1,8,7052.592083333333,28.583333333333332
10,31,4,5,1,10,1,5,7052.592083333333,28.583333333333332
10,32,4,2,1,10,1,8,7052.592083333333,28.583333333333332
10,33,1,1,6,5,1,2,7081.32140625,29.082142857142856
10,34,1,1,6,5,1,2,7081.32140625,29.082142857142856
10,35,3,3,3,5,6,1,7062.099357638889,28.96845238095238
10,36,1,1,4,5,1,9,7062.099357638889,28.96845238095238
10,37,1,1,6,5,1,2,7081.32140625,29.082142857142856
10,38,1,1,6,5,1,2,7081.32140625,29.082142857142856
10,39,3,1,4,9,1,8,7052.592083333333,28.583333333333332
10,40,1,1,6,5,1,2,7081.32140625,29.082142857142856
10,41,1,1,3,7,5,9,7052.592083333333,28.583333333333332
10,42,4,2,1,10,1,8,7052.592083333333,28.583333333333332
10,43,1,1,6,5,5,3,7062.099357638889,28.96845238095238
10,44,1,1,4,5,1,9,7062.099357638889,28.96845238095238
10,45,1,1,4,5,1,9,7062.099357638889,28.96845238095238
10,46,1,1,9,5,1,9,7052.592083333333,28.583333333333332
10,47,1,1,6,5,1,2,7081.32140625,29.082142857142856
10,48,1,1,6,5,1,7,7062.099357638889,28.96845238095238
10,49,1,1,4,5,1,9,7062.099357638889,28.96845238095238
11,0,4,1,1,10,1,9,7052.592083333333,28.583333333333332
11,1,1,1,6,5,1,2,7081.32140625,29.082142857142856
11,2,1,1,6,5,1,2,7081.32140625,29.082142857142856
11,3,1,1,3,7,5,9,7052.592083333333,28.583333333333332
11,4,1,1,6,5,1,7,7062.099357638889,28.96845238095238
11,5,10,8,6,4,10,7,7055.326467013889,28.699404761904763
11,6,10,8,6,5,9,7,7055.326467013889,28.699404761904763
11,7,1,1,4,5,1,9,7062.099357638889,28.96845238095238
11,8,1,1,6,9,1,8,7052.592083333333,28.583333333333332
11,9,1,1,6,5,1,2,7081.32140625,29.082142857142856
11,10,4,2,1,10,1,8,7052.592083333333,28.583333333333332
11,11,1,1,6,5,5,3,7062.099357638889,28.96845238095238
11,12,1,1,6,5,1,2,7081.32140625,29.082142857142856
11,13,1,1,6,9,1,8,7052.592083333333,28.583333333333332
11,14,1,1,9,5,1,4,7062.099357638889,28.96845238095238
11,15,1,1,6,5,1,2,7081.32140625,29.082142857142856
11,16,1,1,9,5,1,4,7062.099357638889,28.96845238095238
11,17,1,1,3,7,5,9,7052.592083333333,28.583333333333332
11,18,1,1,9,5,1,4,7062.099357638889,28.96845238095238
11,19,4,5,1,10,1,5,7052.592083333333,28.583333333333332
11,20,9,5,9,6,7,9,7055.326467013889,28.699404761904763
11,21,9,4,1,5,1,6,7052.592083333333,28.583333333333332
11,22,1,1,6,5,1,2,7081.32140625,29.082142857142856
11,23,4,2,1,10,1,8,7052.592083333333,28.583333333333332
11,24,3,4,3,4,1,6,7062.099357638889,28.96845238095238
11,25,1,1,4,5,1,9,7062.099357638889,28.96845238095238
11,26,3,4,3,4,1,6,7062.099357638889,28.96845238095238
11,27,1,1,9,5,1,4,7062.099357638889,28.96845238095238
11,28,1,1,6,5,1,2,7081.32140625,29.082142857142856
11,29,1,1,6,9,1,8,7052.592083333333,28.583333333333332
11,30,1,1,6,5,1,2,7081.32140625,29.082142857142856
11,31,1,1,6,5,1,2,7081.32140625,29.082142857142856
11,32,1,1,4,5,1,9,7062.099357638889,28.96845238095238
11,33,1,1,6,5,1,2,7081.32140625,29.082142857142856
11,34,1,1,4,5,1,9,7062.099357638889,28.96845238095238
11,35,9,4,1,5,1,6,7052.592083333333,28.583333333333332
11,36,1,1,6,5,1,7,7062.099357638889,28.96845238095238
11,37,1,1,6,5,1,2,7081.32140625,29.082142857142856
11,38,1,1,4,5,1,9,7062.099357638889,28.96845238095238
11,39,1,1,4,5,1,9,7062.099357638889,28.96845238095238
11,40,1,1,6,5,1,2,7081.32140625,29.082142857142856
11,41,3,1,4,9,1,8,7052.592083333333,28.583333333333332
11,42,1,1,6,5,1,2,7081.32140625,29.082142857142856
11,43,1,1,6,5,1,2,7081.32140625,29.082142857142856
11,44,1,1,6,5,1,7,7062.099357638889,28.96845238095238
11,45,3,1,6,4,5,2,7062.099357638889,28.96845238095238
11,46,1,1,4,5,1,9,7062.099357638889,28.96845238095238
11,47,1,1,9,5,1,4,7062.099357638889,28.96845238095238
11,48,1,1,6,5,1,2,7081.32140625,29.082142857142856
11,49,9,5,9,6,7,9,7055.326467013889,28.699404761904763
12,0,1,1,6,5,1,2,7081.32140625,29.082142857142856
12,1,1,1,6,5,1,2,7081.32140625,29.082142857142856
12,2,4,1,1,10,1,9,7052.592083333333,28.583333333333332
12,3,4,1,1,10,1,9,7052.592083333333,28.583333333333332
12,4,1,1,9,5,1,4,7062.099357638889,28.96845238095238
12,5,10,8,6,4,10,7,7055.326467013889,28.699404761904763
12,6,9,5,9,6,7,9,7055.326467013889,28.699404761904763
12,7,1,1,6,5,1,7,7062.099357638889,28.96845238095238
12,8,1,1,4,10,1,9,7052.592083333333,28.583333333333332
12,9,1,1,6,5,1,2,7081.32140625,29.082142857142856
12,10,1,1,6,5,1,2,7081.32140625,29.082142857142856
12,11,1,1,9,5,1,4,7062.099357638889,28.96845238095238
12,12,1,1,6,5,1,2,7081.32140625,29.082142857142856
12,13,1,1,6,5,1,7,7062.099357638889,28.96845238095238
12,14,3,1,4,9,1,8,7052.592083333333,28.583333333333332
12,15,1,1,9,5,1,4,7062.099357638889,28.96845238095238
12,16,1,1,9,5,1,4,7062.099357638889,28.96845238095238
12,17,1,1,6,5,1,2,7081.32140625,29.082142857142856
12,18,1,1,4,5,1,9,7062.099357638889,28.96845238095238
12,19,1,1,9,5,1,4,7062.099357638889,28.96845238095238
12,20,9,4,1,5,1,6,7052.592083333333,28.583333333333332
12,21,1,1,6,5,1,2,7081.32140625,29.082142857142856
12,22,1,1,4,5,1,9,7062.099357638889,28.96845238095238
12,23,1,1,4,5,1,9,7062.099357638889,28.96845238095238
12,24,3,1,6,4,5,2,7062.099357638889,28.96845238095238
12,25,1,1,6,9,1,8,7052.592083333333,28.583333333333332
12,26,1,1,6,5,1,2,7081.32140625,29.082142857142856
12,27,1,1,6,5,1,2,7081.32140625,29.082142857142856
12,28,3,4,3,4,1,6,7062.099357638889,28.96845238095238
12,29,1,1,4,5,1,9,7062.099357638889,28.96845238095238
12,30,1,1,6,9,1,8,7052.592083333333,28.583333333333332
12,31,4,2,1,10,1,8,7052.592083333333,28.583333333333332
12,32,1,1,3,7,5,9,7052.592083333333,28.583333333333332
12,33,1,1,3,7,5,9,7052.592083333333,28.583333333333332
12,34,1,1,4,5,1,9,7062.099357638889,28.96845238095238
12,35,10,8,6,5,9,7,7055.326467013889,28.699404761904763
12,36,4,2,1,10,1,8,7052.592083333333,28.583333333333332
12,37,1,1,6,5,5,3,7062.099357638889,28.96845238095238
12,38,3,4,3,4,1,6,7062.099357638889,28.96845238095238
12,39,1,1,6,5,1,2,7081.32140625,29.082142857142856
12,40,1,1,9,5,1,4,7062.099357638889,28.96845238095238
12,41,1,1,6,5,1,2,7081.32140625,29.082142857142856
12,42,1,4,3,4,1,8,7062.099357638889,28.96845238095238
12,43,1,1,4,5,1,9,7062.099357638889,28.96845238095238
12,44,1,1,6,5,1,2,7081.32140625,29.082142857142856
12,45,1,1,6,5,1,2,7081.32140625,29.082142857142856
12,46,1,1,6,5,1,2,7081.32140625,29.082142857142856
12,47,1,1,9,5,1,4,7062.099357638889,28.96845238095238
12,48,4,5,1,10,1,5,7052.592083333333,28.583333333333332
12,49,1,1,6,5,1,7,7062.099357638889,28.96845238095238
13,0,1,1,6,5,1,2,7081.32140625,29.082142857142856
13,1,1,1,9,5,1,9,7052.592083333333,28.583333333333332
13,2,1,1,6,5,1,2,7081.32140625,29.082142857142856
13,3,4,1,1,10,1,9,7052.592083333333,28.583333333333332
13,4,4,1,5,5,1,5,7062.099357638889,28.96845238095238
13,5,10,8,6,4,10,7,7055.326467013889,28.699404761904763
13,6,10,8,6,5,9,7,7055.326467013889,28.699404761904763
13,7,1,1,9,5,1,4,7062.099357638889,28.96845238095238
13,8,4,2,1,5,1,8,7062.099357638889,28.96845238095238
13,9,3,1,4,9,1,8,7052.592083333333,28.583333333333332
13,10,1,1,9,5,1,4,7062.099357638889,28.96845238095238
13,11,4,1,1,10,1,9,7052.592083333333,28.583333333333332
13,12,9,5,9,6,7,9,7055.326467013889,28.699404761904763
13,13,3,4,3,4,1,6,7062.099357638889,28.96845238095238
13,14,1,1,4,5,1,9,7062.099357638889,28.96845238095238
13,15,1,1,4,5,1,9,7062.099357638889,28.96845238095238
13,16,1,1,6,5,1,2,7081.32140625,29.082142857142856
13,17,1,1,6,5,1,2,7081.32140625,29.082142857142856
13,18,1,1,6,5,1,2,7081.32140625,29.082142857142856
13,19,1,1,6,5,1,2,7081.32140625,29.082142857142856
13,20,3,1,6,4,5,2,7062.099357638889,28.96845238095238
13,21,1,1,6,5,1,7,7062.099357638889,28.96845238095238
13,22,1,1,9,5,1,4,7062.099357638889,28.96845238095238
13,23,1,1,6,9,1,8,7052.592083333333,28.583333333333332
13,24,1,1,6,5,1,2,7081.32140625,29.082142857142856
13,25,1,1,6,5,1,2,7081.32140625,29.082142857142856
13,26,1,1,6,9,1,8,7052.592083333333,28.583333333333332
13,27,1,1,9,5,1,4,7062.099357638889,28.96845238095238
13,28,1,1,4,5,1,9,7062.099357638889,28.96845238095238
13,29,1,1,6,5,5,3,7062.099357638889,28.96845238095238
13,30,1,1,9,5,1,4,7062.099357638889,28.96845238095238
13,31,4,2,1,10,1,8,7052.592083333333,28.583333333333332
13,32,1,1,9,5,1,4,7062.099357638889,28.96845238095238
13,33,1,1,6,5,1,2,7081.32140625,29.082142857142856
13,34,1,1,4,5,1,9,7062.099357638889,28.96845238095238
13,35,1,1,9,5,1,4,7062.099357638889,28.96845238095238
13,36,1,1,6,5,1,2,7081.32140625,29.082142857142856
13,37,1,1,6,5,1,2,7081.32140625,29.082142857142856
13,38,3,4,3,4,1,6,7062.099357638889,28.96845238095238
13,39,1,1,9,5,1,4,7062.099357638889,28.96845238095238
13,40,1,1,9,5,1,4,7062.099357638889,28.96845238095238
13,41,1,1,6,5,1,2,7081.32140625,29.082142857142856
13,42,9,4,1,5,1,6,7052.592083333333,28.583333333333332
13,43,1,1,6,5,1,2,7081.32140625,29.082142857142856
13,44,1,4,3,4,1,8,7062.099357638889,28.96845238095238
13,45,4,5,1,10,1,5,7052.592083333333,28.583333333333332
13,46,1,1,6,5,1,7,7062.099357638889,28.96845238095238
13,47,1,1,4,10,1,9,7052.592083333333,28.583333333333332
13,48,3,1,6,4,5,2,7062.099357638889,28.96845238095238
13,49,1,1,6,5,1,2,7081.32140625,29.082142857142856
14,0,1,7,5,5,1,7,7052.592083333333,28.583333333333332
14,1,1,1,9,5,1,9,7052.592083333333,28.583333333333332
14,2,1,1,6,5,1,2,7081.32140625,29.082142857142856
14,3,1,1,6,5,1,2,7081.32140625,29.082142857142856
14,4,1,1,6,5,5,3,7062.099357638889,28.96845238095238
14,5,10,8,6,4,10,7,7055.326467013889,28.699404761904763
14,6,9,5,9,6,7,9,7055.326467013889,28.699404761904763
14,7,4,1,5,5,1,5,7062.099357638889,28.96845238095238
14,8,3,1,4,9,1,8,7052.592083333333,28.583333333333332
14,9,4,1,5,5,1,5,7062.099357638889,28.96845238095238
14,10,1,1,6,9,1,8,7052.592083333333,28.583333333333332
14,11,1,1,4,5,1,9,7062.099357638889,28.96845238095238
14,12,10,8,6,5,9,7,7055.326467013889,28.699404761904763
14,13,1,1,6,5,1,7,7062.099357638889,28.96845238095238
14,14,1,1,9,5,1,4,7062.099357638889,28.96845238095238
14,15,1,1,6,5,1,2,7081.32140625,29.082142857142856
14,16,1,1,4,5,1,9,7062.099357638889,28.96845238095238
14,17,1,1,9,5,1,4,7062.099357638889,28.96845238095238
14,18,1,1,6,5,5,3,7062.099357638889,28.96845238095238
14,19,1,1,4,10,1,9,7052.592083333333,28.583333333333332
14,20,1,1,6,5,1,2,7081.32140625,29.082142857142856
14,21,1,1,4,5,1,9,7062.099357638889,28.96845238095238
14,22,1,1,6,5,1,2,7081.32140625,29.082142857142856
14,23,1,1,6,5,1,2,7081.32140625,29.082142857142856
14,24,1,1,6,5,1,2,7081.32140625,29.082142857142856
14,25,1,1,4,5,1,9,7062.099357638889,28.96845238095238
14,26,1,1,4,5,1,9,7062.099357638889,28.96845238095238
14,27,1,1,6,5,1,7,7062.099357638889,28.96845238095238
14,28,1,1,9,5,1,4,7062.099357638889,28.96845238095238
14,29,1,1,9,5,1,4,7062.099357638889,28.96845238095238
14,30,4,5,1,10,1,5,7052.592083333333,28.583333333333332
14,31,3,4,3,4,1,6,7062.099357638889,28.96845238095238
14,32,4,1,1,10,1,9,7052.592083333333,28.583333333333332
14,33,1,1,9,5,1,4,7062.099357638889,28.96845238095238
14,34,1,1,6,5,1,2,7081.32140625,29.082142857142856
14,35,1,1,4,5,1,9,7062.099357638889,28.96845238095238
14,36,3,1,6,4,5,2,7062.099357638889,28.96845238095238
14,37,3,4,3,4,1,6,7062.099357638889,28.96845238095238
14,38,4,2,1,10,1,8,7052.592083333333,28.583333333333332
14,39,9,4,1,5,1,6,7052.592083333333,28.583333333333332
14,40,1,1,6,5,1,2,7081.32140625,29.082142857142856
14,41,1,1,6,5,1,7,7062.099357638889,28.96845238095238
14,42,3,1,6,4,5,2,7062.099357638889,28.96845238095238
14,43,1,1,4,5,1,9,7062.099357638889,28.96845238095238
14,44,1,1,6,5,1,2,7081.32140625,29.082142857142856
14,45,1,1,4,5,1,9,7062.099357638889,28.96845238095238
14,46,1,1,6,5,1,2,7081.32140625,29.082142857142856
14,47,1,1,6,5,1,2,7081.32140625,29.082142857142856
14,48,1,1,4,5,1,9,7062.099357638889,28.96845238095238
14,49,1,1,6,5,1,7,7062.099357638889,28.96845238095238
15,0,1,7,5,5,1,7,7052.592083333333,28.583333333333332
15,1,1,1,6,5,1,2,7081.32140625,29.082142857142856
15,2,1,1,6,5,1,2,7081.32140625,29.082142857142856
15,3,9,4,5,5,1,2,7052.592083333333,28.583333333333332
15,4,1,1,4,5,1,9,7062.099357638889,28.96845238095238
15,5,10,8,6,4,10,7,7055.326467013889,28.699404761904763
15,6,10,8,6,5,9,7,7055.326467013889,28.699404761904763
15,7,1,1,6,5,5,3,7062.099357638889,28.96845238095238
15,8,1,1,6,5,1,2,7081.32140625,29.082142857142856
15,9,1,1,4,5,1,9,7062.099357638889,28.96845238095238
15,10,1,1,6,5,1,2,7081.32140625,29.082142857142856
15,11,3,1,6,4,5,2,7062.099357638889,28.96845238095238
15,12,1,1,6,5,1,7,7062.099357638889,28.96845238095238
15,13,1,1,6,5,1,2,7081.32140625,29.082142857142856
15,14,1,1,5,5,1,3,7081.32140625,29.082142857142856
15,15,1,1,6,5,1,7,7062.099357638889,28.96845238095238
15,16,1,1,6,5,1,2,7081.32140625,29.082142857142856
15,17,1,1,6,5,1,2,7081.32140625,29.082142857142856
15,18,1,1,4,5,1,9,7062.099357638889,28.96845238095238
15,19,3,4,3,4,1,6,7062.099357638889,28.96845238095238
15,20,4,1,1,10,1,9,7052.592083333333,28.583333333333332
15,21,1,1,4,10,1,9,7052.592083333333,28.583333333333332
15,22,1,1,4,5,1,9,7062.099357638889,28.96845238095238
15,23,1,1,4,5,1,9,7062.099357638889,28.96845238095238
15,24,1,1,9,5,1,4,7062.099357638889,28.96845238095238
15,25,1,1,6,5,1,7,7062.099357638889,28.96845238095238
15,26,1,1,4,5,1,9,7062.099357638889,28.96845238095238
15,27,1,1,4,5,1,9,7062.099357638889,28.96845238095238
15,28,1,1,6,5,1,2,7081.32140625,29.082142857142856
15,29,10,8,6,5,9,7,7055.326467013889,28.699404761904763
15,30,1,1,6,5,5,3,7062.099357638889,28.96845238095238
15,31,4,2,1,10,1,8,7052.592083333333,28.583333333333332
15,32,1,1,6,5,1,2,7081.32140625,29.082142857142856
15,33,1,1,9,5,1,9,7052.592083333333,28.583333333333332
15,34,1,1,6,5,1,7,7062.099357638889,28.96845238095238
15,35,1,1,9,5,1,4,7062.099357638889,28.96845238095238
15,36,1,1,6,5,1,7,7062.099357638889,28.96845238095238
15,37,1,1,6,5,1,2,7081.32140625,29.082142857142856
15,38,9,4,1,5,1,6,7052.592083333333,28.583333333333332
15,39,4,5,1,10,1,5,7052.592083333333,28.583333333333332
15,40,1,1,6,5,1,2,7081.32140625,29.082142857142856
15,41,1,1,4,5,1,9,7062.099357638889,28.96845238095238
15,42,1,1,9,5,1,4,7062.099357638889,28.96845238095238
15,43,4,1,1,10,1,9,7052.592083333333,28.583333333333332
15,44,1,1,6,5,5,3,7062.099357638889,28.96845238095238
15,45,1,1,6,5,1,2,7081.32140625,29.082142857142856
15,46,1,1,6,5,1,2,7081.32140625,29.082142857142856
15,47,9,5,9,6,7,9,7055.326467013889,28.699404761904763
15,48,1,1,9,5,1,4,7062.099357638889,28.96845238095238
15,49,1,1,6,5,1,7,7062.099357638889,28.96845238095238
16,0,1,1,6,5,1,2,7081.32140625,29.082142857142856
16,1,1,7,5,5,1,7,7052.592083333333,28.583333333333332
16,2,1,1,6,5,1,2,7081.32140625,29.082142857142856
16,3,1,1,9,5,1,9,7052.592083333333,28.583333333333332
16,4,1,1,6,5,1,7,7062.099357638889,28.96845238095238
16,5,10,8,6,4,10,7,7055.326467013889,28.699404761904763
16,6,9,5,9,6,7,9,7055.326467013889,28.699404761904763
16,7,1,1,4,5,1,9,7062.099357638889,28.96845238095238
16,8,3,4,3,4,1,6,7062.099357638889,28.96845238095238
16,9,1,1,9,5,1,4,7062.099357638889,28.96845238095238
16,10,1,1,6,5,1,7,7062.099357638889,28.96845238095238
16,11,1,1,4,5,1,9,7062.099357638889,28.96845238095238
16,12,1,1,4,5,1,9,7062.099357638889,28.96845238095238
16,13,1,1,9,5,1,9,7052.592083333333,28.583333333333332
16,14,3,4,3,4,1,6,7062.099357638889,28.96845238095238
16,15,1,1,6,5,1,2,7081.32140625,29.082142857142856
16,16,1,1,6,5,1,7,7062.099357638889,28.96845238095238
16,17,1,1,5,5,1,3,7081.32140625,29.082142857142856
16,18,1,1,6,5,1,2,7081.32140625,29.082142857142856
16,19,1,1,6,5,1,2,7081.32140625,29.082142857142856
16,20,1,1,6,5,1,2,7081.32140625,29.082142857142856
16,21,1,1,6,5,1,2,7081.32140625,29.082142857142856
16,22,1,1,6,5,5,3,7062.099357638889,28.96845238095238
16,23,1,1,6,5,1,2,7081.32140625,29.082142857142856
16,24,10,8,6,5,9,7,7055.326467013889,28.699404761904763
16,25,4,5,1,10,1,5,7052.592083333333,28.583333333333332
16,26,1,1,6,5,1,7,7062.099357638889,28.96845238095238
16,27,1,1,6,5,1,2,7081.32140625,29.082142857142856
16,28,1,1,6,5,5,3,7062.099357638889,28.96845238095238
16,29,1,1,4,5,1,9,7062.099357638889,28.96845238095238
16,30,1,1,6,5,1,7,7062.099357638889,28.96845238095238
16,31,9,4,5,5,1,2,7052.592083333333,28.583333333333332
16,32,9,4,5,5,1,2,7052.592083333333,28.583333333333332
16,33,1,1,6,5,1,7,7062.099357638889,28.96845238095238
16,34,9,4,1,5,1,6,7052.592083333333,28.583333333333332
16,35,1,1,6,5,1,2,7081.32140625,29.082142857142856
16,36,1,1,6,5,5,3,7062.099357638889,28.96845238095238
16,37,1,1,4,10,1,9,7052.592083333333,28.583333333333332
16,38,1,1,9,5,1,4,7062.099357638889,28.96845238095238
16,39,1,1,6,5,1,2,7081.32140625,29.082142857142856
16,40,1,1,6,5,5,3,7062.099357638889,28.96845238095238
16,41,1,1,6,5,1,7,7062.099357638889,28.96845238095238
16,42,1,1,6,5,1,2,7081.32140625,29.082142857142856
16,43,1,1,6,5,1,2,7081.32140625,29.082142857142856
16,44,4,2,1,10,1,8,7052.592083333333,28.583333333333332
16,45,4,1,1,5,1,9,7062.099357638889,28.96845238095238
16,46,10,8,6,5,9,7,7055.326467013889,28.699404761904763
16,47,1,1,4,5,1,9,7062.099357638889,28.96845238095238
16,48,1,1,9,5,1,4,7062.099357638889,28.96845238095238
16,49,3,1,6,4,5,2,7062.099357638889,28.96845238095238
17,0,1,7,5,5,1,7,7052.592083333333,28.583333333333332
17,1,1,1,6,5,1,2,7081.32140625,29.082142857142856
17,2,1,1,6,5,1,2,7081.32140625,29.082142857142856
17,3,1,1,9,5,1,9,7052.592083333333,28.583333333333332
17,4,1,1,6,5,5,3,7062.099357638889,28.96845238095238
17,5,10,8,6,4,10,7,7055.326467013889,28.699404761904763
17,6,10,8,6,5,9,7,7055.326467013889,28.699404761904763
17,7,1,1,6,5,1,7,7062.099357638889,28.96845238095238
17,8,1,1,6,5,5,3,7062.099357638889,28.96845238095238
17,9,1,1,6,5,1,7,7062.099357638889,28.96845238095238
17,10,1,1,6,5,1,2,7081.32140625,29.082142857142856
17,11,1,1,6,5,1,7,7062.099357638889,28.96845238095238
17,12,1,1,6,5,1,2,7081.32140625,29.082142857142856
17,13,1,1,6,5,1,2,7081.32140625,29.082142857142856
17,14,4,2,1,10,1,8,7052.592083333333,28.583333333333332
17,15,1,1,6,5,5,3,7062.099357638889,28.96845238095238
17,16,3,4,3,4,1,6,7062.099357638889,28.96845238095238
17,17,9,4,1,5,1,6,7052.592083333333,28.583333333333332
17,18,9,4,5,5,1,2,7052.592083333333,28.583333333333332
17,19,10,8,6,5,9,7,7055.326467013889,28.699404761904763
17,20,4,1,1,5,1,9,7062.099357638889,28.96845238095238
17,21,1,1,4,5,1,9,7062.099357638889,28.96845238095238
17,22,1,1,6,5,1,2,7081.32140625,29.082142857142856
17,23,1,1,6,5,1,2,7081.32140625,29.082142857142856
17,24,3,4,3,4,1,6,7062.099357638889,28.96845238095238
17,25,1,1,6,5,1,2,7081.32140625,29.082142857142856
17,26,1,1,4,5,1,9,7062.099357638889,28.96845238095238
17,27,1,1,6,5,5,3,7062.099357638889,28.96845238095238
17,28,1,1,6,5,1,2,7081.32140625,29.082142857142856
17,29,1,1,4,5,1,9,7062.099357638889,28.96845238095238
17,30,1,1,6,5,1,2,7081.32140625,29.082142857142856
17,31,1,1,6,5,1,2,7081.32140625,29.082142857142856
17,32,1,1,4,5,1,9,7062.099357638889,28.96845238095238
17,33,1,1,6,5,1,7,7062.099357638889,28.96845238095238
17,34,1,1,6,5,1,2,7081.32140625,29.082142857142856
17,35,4,5,1,10,1,5,7052.592083333333,28.583333333333332
17,36,1,1,6,5,1,2,7081.32140625,29.082142857142856
17,37,1,1,4,5,1,9,7062.099357638889,28.96845238095238
17,38,1,1,6,5,1,7,7062.099357638889,28.96845238095238
17,39,1,1,5,5,1,3,7081.32140625,29.082142857142856
17,40,1,1,6,5,1,7,7062.099357638889,28.96845238095238
17,41,1,1,9,5,1,9,7052.592083333333,28.583333333333332
17,42,1,1,6,5,1,2,7081.32140625,29.082142857142856
17,43,9,4,5,5,1,2,7052.592083333333,28.583333333333332
17,44,1,1,5,5,1,3,7081.32140625,29.082142857142856
17,45,1,1,6,5,1,7,7062.099357638889,28.96845238095238
17,46,1,1,6,5,1,2,7081.32140625,29.082142857142856
17,47,1,1,6,5,5,3,7062.099357638889,28.96845238095238
17,48,1,1,6,5,1,2,7081.32140625,29.082142857142856
17,49,1,1,6,5,1,7,7062.099357638889,28.96845238095238
18,0,1,1,6,5,1,2,7081.32140625,29.082142857142856
18,1,1,7,5,5,1,7,7052.592083333333,28.583333333333332
18,2,1,1,6,5,1,2,7081.32140625,29.082142857142856
18,3,9,4,1,5,1,6,7052.592083333333,28.583333333333332
18,4,1,1,6,5,1,7,7062.099357638889,28.96845238095238
18,5,10,8,6,4,10,7,7055.326467013889,28.699404761904763
18,6,10,8,6,5,9,7,7055.326467013889,28.699404761904763
18,7,1,1,6,5,5,3,7062.099357638889,28.96845238095238
18,8,1,1,9,5,1,9,7052.592083333333,28.583333333333332
18,9,9,4,5,5,1,2,7052.592083333333,28.583333333333332
18,10,3,4,3,4,1,6,7062.099357638889,28.96845238095238
18,11,1,1,4,5,1,9,7062.099357638889,28.96845238095238
18,12,1,1,6,5,1,7,7062.099357638889,28.96845238095238
18,13,1,1,6,5,1,7,7062.099357638889,28.96845238095238
18,14,1,1,6,5,1,2,7081.32140625,29.082142857142856
18,15,9,4,5,5,1,2,7052.592083333333,28.583333333333332
18,16,10,8,6,5,9,7,7055.326467013889,28.699404761904763
18,17,1,1,6,5,5,3,7062.099357638889,28.96845238095238
18,18,1,1,6,5,1,2,7081.32140625,29.082142857142856
18,19,1,1,6,5,1,2,7081.32140625,29.082142857142856
18,20,1,1,6,5,1,2,7081.32140625,29.082142857142856
18,21,1,1,6,5,1,7,7062.099357638889,28.96845238095238
18,22,1,1,6,5,1,7,7062.099357638889,28.96845238095238
18,23,1,1,9,5,1,9,7052.592083333333,28.583333333333332
18,24,1,1,5,5,1,3,7081.32140625,29.082142857142856
18,25,1,1,4,5,1,9,7062.099357638889,28.96845238095238
18,26,1,1,4,5,1,9,7062.099357638889,28.96845238095238
18,27,1,1,6,5,5,3,7062.099357638889,28.96845238095238
18,28,4,2,1,10,1,8,7052.592083333333,28.583333333333332
18,29,1,1,6,5,1,2,7081.32140625,29.082142857142856
18,30,1,1,6,5,1,2,7081.32140625,29.082142857142856
18,31,1,1,6,5,1,2,7081.32140625,29.082142857142856
18,32,1,1,6,5,1,2,7081.32140625,29.082142857142856
18,33,1,1,6,5,5,3,7062.099357638889,28.96845238095238
18,34,1,1,6,5,1,2,7081.32140625,29.082142857142856
18,35,1,1,4,5,1,9,7062.099357638889,28.96845238095238
18,36,1,1,6,5,1,2,7081.32140625,29.082142857142856
18,37,1,1,6,5,1,2,7081.32140625,29.082142857142856
18,38,1,1,6,5,1,2,7081.32140625,29.082142857142856
18,39,9,4,1,5,1,6,7052.592083333333,28.583333333333332
18,40,1,1,4,5,1,9,7062.099357638889,28.96845238095238
18,41,1,1,6,5,1,7,7062.099357638889,28.96845238095238
18,42,1,1,5,5,1,3,7081.32140625,29.082142857142856
18,43,4,5,1,10,1,5,7052.592083333333,28.583333333333332
18,44,1,1,4,5,1,9,7062.099357638889,28.96845238095238
18,45,1,1,6,5,1,7,7062.099357638889,28.96845238095238
18,46,1,1,6,5,1,7,7062.099357638889,28.96845238095238
18,47,1,1,6,5,1,7,7062.099357638889,28.96845238095238
18,48,1,1,6,5,1,2,7081.32140625,29.082142857142856
18,49,1,1,6,5,5,3,7062.099357638889,28.96845238095238
19,0,1,1,6,5,1,2,7081.32140625,29.082142857142856
19,1,1,1,9,5,1,9,7052.592083333333,28.583333333333332
19,2,1,7,5,5,1,7,7052.592083333333,28.583333333333332
19,3,1,1,6,5,1,2,7081.32140625,29.082142857142856
19,4,1,1,6,5,5,3,7062.099357638889,28.96845238095238
19,5,10,8,6,4,10,7,7055.326467013889,28.699404761904763
19,6,10,8,6,5,9,7,7055.326467013889,28.699404761904763
19,7,1,1,6,5,1,7,7062.099357638889,28.96845238095238
19,8,1,1,4,5,1,9,7062.099357638889,28.96845238095238
19,9,1,1,6,5,1,7,7062.099357638889,28.96845238095238
19,10,1,1,6,5,1,7,7062.099357638889,28.96845238095238
19,11,4,2,1,10,1,8,7052.592083333333,28.583333333333332
19,12,1,1,4,5,1,9,7062.099357638889,28.96845238095238
19,13,9,4,1,5,1,6,7052.592083333333,28.583333333333332
19,14,1,1,6,5,5,3,7062.099357638889,28.96845238095238
19,15,4,5,1,10,1,5,7052.592083333333,28.583333333333332
19,16,1,1,6,5,1,7,7062.099357638889,28.96845238095238
19,17,1,1,6,5,5,3,7062.099357638889,28.96845238095238
19,18,10,8,6,5,9,7,7055.326467013889,28.699404761904763
19,19,1,1,6,5,5,3,7062.099357638889,28.96845238095238
19,20,1,1,6,5,1,7,7062.099357638889,28.96845238095238
19,21,1,1,6,5,1,2,7081.32140625,29.082142857142856
19,22,1,1,6,5,1,2,7081.32140625,29.082142857142856
19,23,1,1,6,5,5,3,7062.099357638889,28.96845238095238
19,24,1,1,6,5,1,7,7062.099357638889,28.96845238095238
19,25,1,1,1,5,1,7,7081.32140625,29.082142857142856
19,26,1,1,4,5,1,9,7062.099357638889,28.96845238095238
19,27,1,1,6,5,5,3,7062.099357638889,28.96845238095238
19,28,4,2,1,10,1,8,7052.592083333333,28.583333333333332
19,29,1,1,6,5,1,2,7081.32140625,29.082142857142856
19,30,1,1,6,5,1,7,7062.099357638889,28.96845238095238
19,31,1,1,4,5,1,9,7062.099357638889,28.96845238095238
19,32,1,1,4,5,1,9,7062.099357638889,28.96845238095238
19,33,1,1,6,5,1,7,7062.099357638889,28.96845238095238
19,34,1,1,4,5,1,9,7062.099357638889,28.96845238095238
19,35,1,1,6,5,1,2,7081.32140625,29.082142857142856
19,36,9,4,5,5,1,2,7052.592083333333,28.583333333333332
19,37,1,1,6,5,5,3,7062.099357638889,28.96845238095238
19,38,1,1,4,5,1,9,7062.099357638889,28.96845238095238
19,39,1,1,6,5,1,2,7081.32140625,29.082142857142856
19,40,1,1,4,5,1,9,7062.099357638889,28.96845238095238
19,41,1,1,6,5,1,2,7081.32140625,29.082142857142856
19,42,1,1,4,5,1,9,7062.099357638889,28.96845238095238
19,43,1,1,4,5,1,9,7062.099357638889,28.96845238095238
19,44,1,1,6,5,1,2,7081.32140625,29.082142857142856
19,45,1,1,4,5,1,9,7062.099357638889,28.96845238095238
19,46,1,1,4,5,1,9,7062.099357638889,28.96845238095238
19,47,1,1,6,5,1,2,7081.32140625,29.082142857142856
19,48,9,4,1,5,1,6,7052.592083333333,28.583333333333332
19,49,1,1,6,5,1,2,7081.32140625,29.082142857142856
20,0,1,1,6,5,1,2,7081.32140625,29.082142857142856
20,1,4,2,6,5,1,8,7052.592083333333,28.583333333333332
20,2,1,1,9,5,1,9,7052.592083333333,28.583333333333332
20,3,1,1,6,5,1,2,7081.32140625,29.082142857142856
20,4,1,1,6,5,1,7,7062.099357638889,28.96845238095238
20,5,10,8,6,4,10,7,7055.326467013889,28.699404761904763
20,6,10,8,6,5,9,7,7055.326467013889,28.699404761904763
20,7,1,1,6,5,5,3,7062.099357638889,28.96845238095238
20,8,1,1,6,5,1,2,7081.32140625,29.082142857142856
20,9,1,1,6,5,1,2,7081.32140625,29.082142857142856
20,10,1,1,6,5,1,2,7081.32140625,29.082142857142856
20,11,1,1,6,5,1,2,7081.32140625,29.082142857142856
20,12,1,1,6,5,1,2,7081.32140625,29.082142857142856
20,13,9,4,1,5,1,6,7052.592083333333,28.583333333333332
20,14,1,1,4,5,1,9,7062.099357638889,28.96845238095238
20,15,1,1,6,5,1,7,7062.099357638889,28.96845238095238
20,16,1,1,6,5,5,3,7062.099357638889,28.96845238095238
20,17,1,1,4,5,1,9,7062.099357638889,28.96845238095238
20,18,4,2,1,10,1,8,7052.592083333333,28.583333333333332
20,19,4,5,1,10,1,5,7052.592083333333,28.583333333333332
20,20,1,1,6,5,1,2,7081.32140625,29.082142857142856
20,21,4,2,1,10,1,8,7052.592083333333,28.583333333333332
20,22,1,1,6,5,1,2,7081.32140625,29.082142857142856
20,23,1,1,6,5,5,3,7062.099357638889,28.96845238095238
20,24,1,1,6,5,1,7,7062.099357638889,28.96845238095238
20,25,1,1,4,5,1,9,7062.099357638889,28.96845238095238
20,26,1,1,6,5,1,2,7081.32140625,29.082142857142856
20,27,1,1,6,5,5,3,7062.099357638889,28.96845238095238
20,28,1,1,6,5,5,3,7062.099357638889,28.96845238095238
20,29,10,8,6,5,9,7,7055.326467013889,28.699404761904763
20,30,1,1,6,5,5,3,7062.099357638889,28.96845238095238
20,31,1,1,6,5,1,7,7062.099357638889,28.96845238095238
20,32,1,1,4,5,1,9,7062.099357638889,28.96845238095238
20,33,9,4,5,5,1,2,7052.592083333333,28.583333333333332
20,34,9,4,1,5,1,6,7052.592083333333,28.583333333333332
20,35,1,1,4,5,1,9,7062.099357638889,28.96845238095238
20,36,1,1,4,5,1,9,7062.099357638889,28.96845238095238
20,37,1,7,5,5,1,7,7052.592083333333,28.583333333333332
20,38,1,1,6,5,1,2,7081.32140625,29.082142857142856
20,39,1,1,4,5,1,9,7062.099357638889,28.96845238095238
20,40,1,1,6,5,1,7,7062.099357638889,28.96845238095238
20,41,1,1,6,5,5,3,7062.099357638889,28.96845238095238
20,42,1,1,6,5,1,2,7081.32140625,29.082142857142856
20,43,1,1,4,5,1,9,7062.099357638889,28.96845238095238
20,44,1,1,6,5,1,2,7081.32140625,29.082142857142856
20,45,1,1,4,5,1,9,7062.099357638889,28.96845238095238
20,46,1,1,4,5,1,9,7062.099357638889,28.96845238095238
20,47,1,1,6,5,1,7,7062.099357638889,28.96845238095238
20,48,1,1,4,5,1,9,7062.099357638889,28.96845238095238
20,49,1,1,4,5,1,9,7062.099357638889,28.96845238095238
21,0,1,1,6,5,1,2,7081.32140625,29.082142857142856
21,1,4,2,6,5,1,8,7052.592083333333,28.583333333333332
21,2,1,1,6,5,1,2,7081.32140625,29.082142857142856
21,3,4,5,1,10,1,5,7052.592083333333,28.583333333333332
21,4,1,1,6,5,5,3,7062.099357638889,28.96845238095238
21,5,10,8,6,4,10,7,7055.326467013889,28.699404761904763
21,6,10,8,6,5,9,7,7055.326467013889,28.699404761904763
21,7,1,1,6,5,1,7,7062.099357638889,28.96845238095238
21,8,1,1,6,5,1,2,7081.32140625,29.082142857142856
21,9,1,1,6,5,1,2,7081.32140625,29.082142857142856
21,10,9,4,5,5,1,2,7052.592083333333,28.583333333333332
21,11,9,4,1,5,1,6,7052.592083333333,28.583333333333332
21,12,1,1,6,5,1,7,7062.099357638889,28.96845238095238
21,13,1,1,4,5,1,9,7062.099357638889,28.96845238095238
21,14,1,1,6,5,1,7,7062.099357638889,28.96845238095238
21,15,1,1,6,5,1,2,7081.32140625,29.082142857142856
21,16,1,1,9,5,1,9,7052.592083333333,28.583333333333332
21,17,1,1,6,5,1,2,7081.32140625,29.082142857142856
21,18,1,1,4,5,1,9,7062.099357638889,28.96845238095238
21,19,1,1,9,5,1,9,7052.592083333333,28.583333333333332
21,20,1,7,5,5,1,7,7052.592083333333,28.583333333333332
21,21,1,1,6,5,1,2,7081.32140625,29.082142857142856
21,22,1,1,6,5,1,2,7081.32140625,29.082142857142856
21,23,1,1,6,5,5,3,7062.099357638889,28.96845238095238
21,24,4,5,1,10,1,5,7052.592083333333,28.583333333333332
21,25,1,1,6,5,5,3,7062.099357638889,28.96845238095238
21,26,1,1,6,5,1,2,7081.32140625,29.082142857142856
21,27,1,1,6,5,5,3,7062.099357638889,28.96845238095238
21,28,1,1,4,5,1,9,7062.099357638889,28.96845238095238
21,29,1,1,6,5,5,3,7062.099357638889,28.96845238095238
21,30,1,1,6,5,5,3,7062.099357638889,28.96845238095238
21,31,1,1,6,5,1,2,7081.32140625,29.082142857142856
21,32,10,8,6,5,9,7,7055.326467013889,28.699404761904763
21,33,4,2,1,10,1,8,7052.592083333333,28.583333333333332
21,34,1,1,6,5,1,2,7081.32140625,29.082142857142856
21,35,9,4,1,5,1,6,7052.592083333333,28.583333333333332
21,36,1,1,4,5,1,9,7062.099357638889,28.96845238095238
21,37,1,1,4,5,1,9,7062.099357638889,28.96845238095238
21,38,1,1,6,5,1,2,7081.32140625,29.082142857142856
21,39,1,1,4,5,1,9,7062.099357638889,28.96845238095238
21,40,1,1,6,5,1,7,7062.099357638889,28.96845238095238
21,41,1,1,6,5,1,2,7081.32140625,29.082142857142856
21,42,1,1,6,5,1,2,7081.32140625,29.082142857142856
21,43,1,1,4,5,1,9,7062.099357638889,28.96845238095238
21,44,1,1,6,5,1,2,7081.32140625,29.082142857142856
21,45,1,1,4,5,1,9,7062.099357638889,28.96845238095238
21,46,1,1,4,5,1,9,7062.099357638889,28.96845238095238
21,47,1,1,6,5,1,7,7062.099357638889,28.96845238095238
21,48,1,1,6,5,1,2,7081.32140625,29.082142857142856
21,49,1,1,6,5,1,2,7081.32140625,29.082142857142856
22,0,1,1,9,5,1,9,7052.592083333333,28.583333333333332
22,1,1,1,6,5,1,2,7081.32140625,29.082142857142856
22,2,4,2,6,5,1,8,7052.592083333333,28.583333333333332
22,3,1,1,6,5,1,2,7081.32140625,29.082142857142856
22,4,1,1,6,9,1,3,7062.099357638889,28.96845238095238
22,5,10,8,6,4,10,7,7055.326467013889,28.699404761904763
22,6,10,8,6,5,9,7,7055.326467013889,28.699404761904763
22,7,1,1,6,5,5,3,7062.099357638889,28.96845238095238
22,8,1,1,6,5,1,2,7081.32140625,29.082142857142856
22,9,1,1,6,5,5,3,7062.099357638889,28.96845238095238
22,10,1,1,6,5,1,7,7062.099357638889,28.96845238095238
22,11,1,1,9,5,1,9,7052.592083333333,28.583333333333332
22,12,1,1,6,5,1,7,7062.099357638889,28.96845238095238
22,13,1,1,6,5,5,3,7062.099357638889,28.96845238095238
22,14,1,1,6,5,1,2,7081.32140625,29.082142857142856
22,15,1,1,6,5,1,2,7081.32140625,29.082142857142856
22,16,1,1,4,5,1,9,7062.099357638889,28.96845238095238
22,17,1,1,6,5,1,2,7081.32140625,29.082142857142856
22,18,1,1,6,5,1,2,7081.32140625,29.082142857142856
22,19,1,1,4,5,1,9,7062.099357638889,28.96845238095238
22,20,1,1,6,5,1,7,7062.099357638889,28.96845238095238
22,21,1,1,6,5,1,2,7081.32140625,29.082142857142856
22,22,1,1,6,5,1,7,7062.099357638889,28.96845238095238
22,23,1,1,6,5,1,2,7081.32140625,29.082142857142856
22,24,1,7,5,5,1,7,7052.592083333333,28.583333333333332
22,25,1,1,6,5,1,2,7081.32140625,29.082142857142856
22,26,1,1,4,5,1,9,7062.099357638889,28.96845238095238
22,27,1,1,4,5,1,9,7062.099357638889,28.96845238095238
22,28,1,1,4,5,1,9,7062.099357638889,28.96845238095238
22,29,1,1,4,5,1,9,7062.099357638889,28.96845238095238
22,30,4,2,1,10,1,8,7052.592083333333,28.583333333333332
22,31,1,1,6,5,1,2,7081.32140625,29.082142857142856
22,32,1,1,6,5,1,2,7081.32140625,29.082142857142856
22,33,1,1,6,5,1,2,7081.32140625,29.082142857142856
22,34,1,1,6,5,1,2,7081.32140625,29.082142857142856
22,35,9,4,5,5,1,2,7052.592083333333,28.583333333333332
22,36,1,1,6,5,1,2,7081.32140625,29.082142857142856
22,37,1,1,6,5,1,2,7081.32140625,29.082142857142856
22,38,1,1,6,5,5,3,7062.099357638889,28.96845238095238
22,39,1,1,6,5,5,3,7062.099357638889,28.96845238095238
22,40,1,1,6,5,1,2,7081.32140625,29.082142857142856
22,41,1,1,4,5,1,9,7062.099357638889,28.96845238095238
22,42,1,1,6,5,5,3,7062.099357638889,28.96845238095238
22,43,1,1,6,5,5,3,7062.099357638889,28.96845238095238
22,44,1,1,4,5,1,9,7062.099357638889,28.96845238095238
22,45,9,4,1,5,1,6,7052.592083333333,28.583333333333332
22,46,1,1,6,5,1,7,7062.099357638889,28.96845238095238
22,47,10,8,6,5,9,7,7055.326467013889,28.699404761904763
22,48,1,1,4,5,1,9,7062.099357638889,28.96845238095238
22,49,1,1,6,5,1,2,7081.32140625,29.082142857142856
23,0,1,1,6,5,1,2,7081.32140625,29.082142857142856
23,1,1,1,9,5,1,9,7052.592083333333,28.583333333333332
23,2,1,1,6,5,1,2,7081.32140625,29.082142857142856
23,3,9,4,5,5,1,2,7052.592083333333,28.583333333333332
23,4,4,2,6,5,1,3,7062.099357638889,28.96845238095238
23,5,10,8,6,4,10,7,7055.326467013889,28.699404761904763
23,6,10,8,6,5,9,7,7055.326467013889,28.699404761904763
23,7,1,1,6,9,1,3,7062.099357638889,28.96845238095238
23,8,1,1,6,5,5,3,7062.099357638889,28.96845238095238
23,9,1,1,6,5,1,7,7062.099357638889,28.96845238095238
23,10,1,1,6,5,1,2,7081.32140625,29.082142857142856
23,11,1,1,6,5,5,3,7062.099357638889,28.96845238095238
23,12,9,4,5,5,1,2,7052.592083333333,28.583333333333332
23,13,1,1,6,5,1,2,7081.32140625,29.082142857142856
23,14,1,1,4,5,1,9,7062.099357638889,28.96845238095238
23,15,1,1,6,5,1,2,7081.32140625,29.082142857142856
23,16,1,1,6,5,1,7,7062.099357638889,28.96845238095238
23,17,1,1,6,5,5,3,7062.099357638889,28.96845238095238
23,18,1,1,4,5,1,9,7062.099357638889,28.96845238095238
23,19,1,1,6,5,1,2,7081.32140625,29.082142857142856
23,20,1,1,4,5,1,9,7062.099357638889,28.96845238095238
23,21,1,1,6,5,1,7,7062.099357638889,28.96845238095238
23,22,1,1,6,5,1,2,7081.32140625,29.082142857142856
23,23,1,1,6,5,1,2,7081.32140625,29.082142857142856
23,24,1,1,6,5,1,2,7081.32140625,29.082142857142856
23,25,1,1,6,5,1,2,7081.32140625,29.082142857142856
23,26,1,1,6,5,1,2,7081.32140625,29.082142857142856
23,27,1,1,6,5,5,3,7062.099357638889,28.96845238095238
23,28,1,1,6,5,5,3,7062.099357638889,28.96845238095238
23,29,1,1,6,5,1,7,7062.099357638889,28.96845238095238
23,30,1,1,6,5,1,7,7062.099357638889,28.96845238095238
23,31,1,1,4,5,1,9,7062.099357638889,28.96845238095238
23,32,1,1,6,5,1,7,7062.099357638889,28.96845238095238
23,33,9,4,1,5,1,6,7052.592083333333,28.583333333333332
23,34,1,1,6,5,5,3,7062.099357638889,28.96845238095238
23,35,1,1,4,5,1,9,7062.099357638889,28.96845238095238
23,36,1,1,6,5,1,2,7081.32140625,29.082142857142856
23,37,1,1,6,5,5,3,7062.099357638889,28.96845238095238
23,38,4,2,6,5,1,8,7052.592083333333,28.583333333333332
23,39,1,1,6,5,1,2,7081.32140625,29.082142857142856
23,40,1,1,6,5,1,2,7081.32140625,29.082142857142856
23,41,1,1,6,5,1,7,7062.099357638889,28.96845238095238
23,42,1,1,6,5,1,2,7081.32140625,29.082142857142856
23,43,1,7,5,5,1,7,7052.592083333333,28.583333333333332
23,44,1,1,6,5,1,2,7081.32140625,29.082142857142856
23,45,1,1,6,5,1,2,7081.32140625,29.082142857142856
23,46,1,1,6,9,1,3,7062.099357638889,28.96845238095238
23,47,1,1,6,5,1,2,7081.32140625,29.082142857142856
23,48,1,1,6,5,5,3,7062.099357638889,28.96845238095238
23,49,1,1,4,5,1,9,7062.099357638889,28.96845238095238
24,0,1,1,9,5,1,9,7052.592083333333,28.583333333333332
24,1,1,1,6,5,1,2,7081.32140625,29.082142857142856
24,2,1,1,6,5,1,2,7081.32140625,29.082142857142856
24,3,1,1,9,5,1,9,7052.592083333333,28.583333333333332
24,4,1,1,6,5,1,7,7062.099357638889,28.96845238095238
24,5,10,8,6,4,10,7,7055.326467013889,28.699404761904763
24,6,10,8,6,5,9,7,7055.326467013889,28.699404761904763
24,7,4,2,6,5,1,3,7062.099357638889,28.96845238095238
24,8,1,1,4,5,1,9,7062.099357638889,28.96845238095238
24,9,1,1,6,5,1,7,7062.099357638889,28.96845238095238
24,10,1,1,6,5,1,2,7081.32140625,29.082142857142856
24,11,1,1,6,5,1,2,7081.32140625,29.082142857142856
24,12,1,1,6,5,1,2,7081.32140625,29.082142857142856
24,13,1,1,6,5,1,7,7062.099357638889,28.96845238095238
24,14,9,4,5,5,1,2,7052.592083333333,28.583333333333332
24,15,1,1,6,5,1,7,7062.099357638889,28.96845238095238
24,16,1,1,6,5,1,7,7062.099357638889,28.96845238095238
24,17,1,1,6,5,1,2,7081.32140625,29.082142857142856
24,18,1,1,6,5,1,2,7081.32140625,29.082142857142856
24,19,4,2,6,5,1,3,7062.099357638889,28.96845238095238
24,20,1,1,6,5,1,7,7062.099357638889,28.96845238095238
24,21,1,1,6,5,1,2,7081.32140625,29.082142857142856
24,22,1,1,6,5,5,3,7062.099357638889,28.96845238095238
24,23,4,2,6,5,1,8,7052.592083333333,28.583333333333332
24,24,1,1,6,5,1,2,7081.32140625,29.082142857142856
24,25,1,1,4,5,1,9,7062.099357638889,28.96845238095238
24,26,1,1,4,5,1,9,7062.099357638889,28.96845238095238
24,27,1,1,6,5,1,2,7081.32140625,29.082142857142856
24,28,1,1,6,5,1,2,7081.32140625,29.082142857142856
24,29,1,1,6,5,1,2,7081.32140625,29.082142857142856
24,30,1,1,4,5,1,9,7062.099357638889,28.96845238095238
24,31,1,1,6,5,5,3,7062.099357638889,28.96845238095238
24,32,1,7,5,5,1,7,7052.592083333333,28.583333333333332
24,33,1,1,6,5,1,2,7081.32140625,29.082142857142856
24,34,1,1,6,5,5,3,7062.099357638889,28.96845238095238
24,35,1,1,6,5,1,2,7081.32140625,29.082142857142856
24,36,1,1,6,5,5,3,7062.099357638889,28.96845238095238
24,37,1,1,6,9,1,3,7062.099357638889,28.96845238095238
24,38,1,1,4,5,1,9,7062.099357638889,28.96845238095238
24,39,1,1,6,5,1,2,7081.32140625,29.082142857142856
24,40,1,1,4,5,1,9,7062.099357638889,28.96845238095238
24,41,1,1,6,5,5,3,7062.099357638889,28.96845238095238
24,42,1,1,6,5,5,3,7062.099357638889,28.96845238095238
24,43,4,2,6,5,1,3,7062.099357638889,28.96845238095238
24,44,1,1,6,5,1,2,7081.32140625,29.082142857142856
24,45,1,1,4,5,1,9,7062.099357638889,28.96845238095238
24,46,9,4,1,5,1,6,7052.592083333333,28.583333333333332
24,47,1,1,6,5,1,2,7081.32140625,29.082142857142856
24,48,1,1,6,5,5,3,7062.099357638889,28.96845238095238
24,49,1,1,6,5,1,7,7062.099357638889,28.96845238095238
25,0,9,4,5,5,1,2,7052.592083333333,28.583333333333332
25,1,1,1,6,5,1,2,7081.32140625,29.082142857142856
25,2,1,1,9,5,1,9,7052.592083333333,28.583333333333332
25,3,1,1,6,5,1,2,7081.32140625,29.082142857142856
25,4,1,1,6,5,5,3,7062.099357638889,28.96845238095238
25,5,10,8,6,4,10,7,7055.326467013889,28.699404761904763
25,6,10,8,6,5,9,7,7055.326467013889,28.699404761904763
25,7,1,1,6,5,1,7,7062.099357638889,28.96845238095238
25,8,1,1,6,5,1,7,7062.099357638889,28.96845238095238
25,9,1,1,9,5,1,9,7052.592083333333,28.583333333333332
25,10,1,1,9,5,1,9,7052.592083333333,28.583333333333332
25,11,1,1,6,5,5,3,7062.099357638889,28.96845238095238
25,12,1,1,6,5,1,2,7081.32140625,29.082142857142856
25,13,1,1,6,5,1,2,7081.32140625,29.082142857142856
25,14,1,1,6,5,1,2,7081.32140625,29.082142857142856
25,15,1,1,6,5,1,2,7081.32140625,29.082142857142856
25,16,1,1,6,5,1,7,7062.099357638889,28.96845238095238
25,17,1,1,6,5,1,2,7081.32140625,29.082142857142856
25,18,1,1,6,5,1,7,7062.099357638889,28.96845238095238
25,19,1,1,6,9,1,3,7062.099357638889,28.96845238095238
25,20,1,1,6,5,1,7,7062.099357638889,28.96845238095238
25,21,1,1,4,5,1,9,7062.099357638889,28.96845238095238
25,22,1,1,6,5,1,2,7081.32140625,29.082142857142856
25,23,1,1,6,5,1,2,7081.32140625,29.082142857142856
25,24,1,1,4,5,1,9,7062.099357638889,28.96845238095238
25,25,9,4,1,5,1,6,7052.592083333333,28.583333333333332
25,26,1,1,6,5,1,2,7081.32140625,29.082142857142856
25,27,4,2,6,5,1,3,7062.099357638889,28.96845238095238
25,28,1,1,6,5,5,3,7062.099357638889,28.96845238095238
25,29,4,2,6,5,1,3,7062.099357638889,28.96845238095238
25,30,1,1,6,5,1,2,7081.32140625,29.082142857142856
25,31,9,4,5,5,1,2,7052.592083333333,28.583333333333332
25,32,1,1,6,5,1,2,7081.32140625,29.082142857142856
25,33,1,1,6,5,5,3,7062.099357638889,28.96845238095238
25,34,1,1,6,5,1,2,7081.32140625,29.082142857142856
25,35,1,1,6,5,1,2,7081.32140625,29.082142857142856
25,36,1,1,6,5,1,7,7062.099357638889,28.96845238095238
25,37,1,1,6,5,1,2,7081.32140625,29.082142857142856
25,38,1,1,6,5,1,2,7081.32140625,29.082142857142856
25,39,1,7,5,5,1,7,7052.592083333333,28.583333333333332
25,40,1,1,6,5,5,3,7062.099357638889,28.96845238095238
25,41,1,1,6,5,5,3,7062.099357638889,28.96845238095238
25,42,1,1,9,5,1,9,7052.592083333333,28.583333333333332
25,43,1,1,6,5,1,7,7062.099357638889,28.96845238095238
25,44,1,1,6,5,1,2,7081.32140625,29.082142857142856
25,45,4,2,6,5,1,3,7062.099357638889,28.96845238095238
25,46,1,1,6,5,1,7,7062.099357638889,28.96845238095238
25,47,4,2,6,5,1,3,7062.099357638889,28.96845238095238
25,48,4,2,6,5,1,8,7052.592083333333,28.583333333333332
25,49,1,1,6,5,1,2,7081.32140625,29.082142857142856
26,0,1,1,6,5,1,2,7081.32140625,29.082142857142856
26,1,9,4,5,5,1,2,7052.592083333333,28.583333333333332
26,2,1,1,6,5,1,2,7081.32140625,29.082142857142856
26,3,9,4,5,5,1,2,7052.592083333333,28.583333333333332
26,4,1,1,5,4,1,9,7062.099357638889,28.96845238095238
26,5,10,8,6,4,10,7,7055.326467013889,28.699404761904763
26,6,10,8,6,5,9,7,7055.326467013889,28.699404761904763
26,7,1,1,6,5,5,3,7062.099357638889,28.96845238095238
26,8,1,1,6,5,1,2,7081.32140625,29.082142857142856
26,9,1,1,6,5,1,7,7062.099357638889,28.96845238095238
26,10,1,1,6,9,1,3,7062.099357638889,28.96845238095238
26,11,1,1,6,5,1,2,7081.32140625,29.082142857142856
26,12,1,1,6,5,1,2,7081.32140625,29.082142857142856
26,13,1,1,6,5,1,2,7081.32140625,29.082142857142856
26,14,1,1,6,5,1,2,7081.32140625,29.082142857142856
26,15,1,1,6,5,1,2,7081.32140625,29.082142857142856
26,16,1,1,6,5,1,2,7081.32140625,29.082142857142856
26,17,1,1,6,5,1,2,7081.32140625,29.082142857142856
26,18,1,1,6,5,1,2,7081.32140625,29.082142857142856
26,19,1,1,6,5,1,2,7081.32140625,29.082142857142856
26,20,1,1,6,5,1,2,7081.32140625,29.082142857142856
26,21,1,1,6,5,1,2,7081.32140625,29.082142857142856
26,22,1,1,9,5,1,9,7052.592083333333,28.583333333333332
26,23,1,1,4,5,1,9,7062.099357638889,28.96845238095238
26,24,1,1,6,5,5,3,7062.099357638889,28.96845238095238
26,25,4,2,6,5,1,3,7062.099357638889,28.96845238095238
26,26,4,2,6,5,1,3,7062.099357638889,28.96845238095238
26,27,1,1,6,5,1,7,7062.099357638889,28.96845238095238
26,28,1,1,6,5,5,3,7062.099357638889,28.96845238095238
26,29,1,1,6,5,1,7,7062.099357638889,28.96845238095238
26,30,1,1,6,5,1,2,7081.32140625,29.082142857142856
26,31,1,1,6,5,1,7,7062.099357638889,28.96845238095238
26,32,1,1,6,5,1,2,7081.32140625,29.082142857142856
26,33,4,2,6,5,1,3,7062.099357638889,28.96845238095238
26,34,8,4,1,5,1,7,7052.592083333333,28.583333333333332
26,35,1,1,6,5,5,3,7062.099357638889,28.96845238095238
26,36,1,1,6,5,1,7,7062.099357638889,28.96845238095238
26,37,1,1,6,5,1,7,7062.099357638889,28.96845238095238
26,38,1,1,6,5,1,7,7062.099357638889,28.96845238095238
26,39,1,1,6,5,5,3,7062.099357638889,28.96845238095238
26,40,1,1,6,5,1,2,7081.32140625,29.082142857142856
26,41,1,1,6,5,1,2,7081.32140625,29.082142857142856
26,42,1,1,6,5,1,2,7081.32140625,29.082142857142856
26,43,1,1,6,5,1,7,7062.099357638889,28.96845238095238
26,44,1,1,6,5,1,2,7081.32140625,29.082142857142856
26,45,1,1,6,5,1,2,7081.32140625,29.082142857142856
26,46,1,1,6,5,5,3,7062.099357638889,28.96845238095238
26,47,1,1,6,5,1,2,7081.32140625,29.082142857142856
26,48,1,1,4,5,1,9,7062.099357638889,28.96845238095238
26,49,1,1,9,5,1,9,7052.592083333333,28.583333333333332
27,0,1,1,6,5,1,2,7081.32140625,29.082142857142856
27,1,1,1,6,5,1,2,7081.32140625,29.082142857142856
27,2,8,4,1,5,1,7,7052.592083333333,28.583333333333332
27,3,9,4,5,5,1,2,7052.592083333333,28.583333333333332
27,4,1,1,6,5,5,3,7062.099357638889,28.96845238095238
27,5,10,8,6,4,10,7,7055.326467013889,28.699404761904763
27,6,10,8,6,5,9,7,7055.326467013889,28.699404761904763
27,7,1,1,5,4,1,9,7062.099357638889,28.96845238095238
27,8,1,1,6,5,1,2,7081.32140625,29.082142857142856
27,9,1,1,6,5,1,7,7062.099357638889,28.96845238095238
27,10,1,1,6,5,1,2,7081.32140625,29.082142857142856
27,11,1,1,5,4,1,9,7062.099357638889,28.96845238095238
27,12,1,1,6,5,1,7,7062.099357638889,28.96845238095238
27,13,1,1,6,5,1,7,7062.099357638889,28.96845238095238
27,14,1,1,6,5,1,2,7081.32140625,29.082142857142856
27,15,1,1,6,5,1,2,7081.32140625,29.082142857142856
27,16,1,1,6,5,1,2,7081.32140625,29.082142857142856
27,17,1,1,6,9,1,3,7062.099357638889,28.96845238095238
27,18,4,2,6,5,1,3,7062.099357638889,28.96845238095238
27,19,1,1,6,5,1,2,7081.32140625,29.082142857142856
27,20,1,1,6,5,1,2,7081.32140625,29.082142857142856
27,21,1,1,6,5,1,2,7081.32140625,29.082142857142856
27,22,9,4,5,5,1,2,7052.592083333333,28.583333333333332
27,23,1,1,6,5,1,2,7081.32140625,29.082142857142856
27,24,1,1,6,5,1,2,7081.32140625,29.082142857142856
27,25,1,1,6,5,1,2,7081.32140625,29.082142857142856
27,26,1,1,6,5,1,7,7062.099357638889,28.96845238095238
27,27,1,1,6,5,1,2,7081.32140625,29.082142857142856
27,28,1,1,6,5,1,2,7081.32140625,29.082142857142856
27,29,1,1,6,5,1,2,7081.32140625,29.082142857142856
27,30,1,1,6,5,1,2,7081.32140625,29.082142857142856
27,31,1,1,6,5,5,3,7062.099357638889,28.96845238095238
27,32,1,1,6,5,1,2,7081.32140625,29.082142857142856
27,33,4,2,6,5,1,3,7062.099357638889,28.96845238095238
27,34,1,1,6,5,1,2,7081.32140625,29.082142857142856
27,35,1,1,6,5,1,2,7081.32140625,29.082142857142856
27,36,1,1,6,5,1,2,7081.32140625,29.082142857142856
27,37,4,2,6,5,1,3,7062.099357638889,28.96845238095238
27,38,1,1,9,5,1,9,7052.592083333333,28.583333333333332
27,39,1,1,6,5,1,2,7081.32140625,29.082142857142856
27,40,1,1,6,5,1,2,7081.32140625,29.082142857142856
27,41,1,1,6,5,1,7,7062.099357638889,28.96845238095238
27,42,1,1,6,5,1,2,7081.32140625,29.082142857142856
27,43,1,1,6,5,1,7,7062.099357638889,28.96845238095238
27,44,1,1,6,5,1,2,7081.32140625,29.082142857142856
27,45,1,1,6,5,1,2,7081.32140625,29.082142857142856
27,46,1,1,6,5,1,2,7081.32140625,29.082142857142856
27,47,1,1,6,5,1,2,7081.32140625,29.082142857142856
27,48,1,1,6,5,1,7,7062.099357638889,28.96845238095238
27,49,9,4,5,5,1,2,7052.592083333333,28.583333333333332
28,0,9,4,5,5,1,2,7052.592083333333,28.583333333333332
28,1,1,1,6,5,1,2,7081.32140625,29.082142857142856
28,2,1,1,6,5,1,2,7081.32140625,29.082142857142856
28,3,8,4,1,5,1,7,7052.592083333333,28.583333333333332
28,4,1,1,6,5,1,7,7062.099357638889,28.96845238095238
28,5,10,8,6,4,10,7,7055.326467013889,28.699404761904763
28,6,10,8,6,5,9,7,7055.326467013889,28.699404761904763
28,7,1,1,6,5,5,3,7062.099357638889,28.96845238095238
28,8,1,1,6,5,1,2,7081.32140625,29.082142857142856
28,9,1,1,6,5,1,2,7081.32140625,29.082142857142856
28,10,1,1,6,5,1,2,7081.32140625,29.082142857142856
28,11,1,1,6,5,1,2,7081.32140625,29.082142857142856
28,12,1,1,6,5,1,7,7062.099357638889,28.96845238095238
28,13,1,1,6,5,1,2,7081.32140625,29.082142857142856
28,14,1,1,6,5,1,7,7062.099357638889,28.96845238095238
28,15,1,1,6,5,1,2,7081.32140625,29.082142857142856
28,16,1,1,6,5,1,2,7081.32140625,29.082142857142856
28,17,1,1,6,5,1,2,7081.32140625,29.082142857142856
28,18,1,1,6,5,1,2,7081.32140625,29.082142857142856
28,19,9,4,5,5,1,2,7052.592083333333,28.583333333333332
28,20,1,1,6,5,1,2,7081.32140625,29.082142857142856
28,21,1,1,6,5,1,2,7081.32140625,29.082142857142856
28,22,1,1,5,4,1,9,7062.099357638889,28.96845238095238
28,23,1,1,6,5,1,7,7062.099357638889,28.96845238095238
28,24,1,1,6,5,1,2,7081.32140625,29.082142857142856
28,25,1,1,6,5,1,2,7081.32140625,29.082142857142856
28,26,1,1,6,5,1,2,7081.32140625,29.082142857142856
28,27,1,1,6,5,1,2,7081.32140625,29.082142857142856
28,28,1,1,6,5,1,2,7081.32140625,29.082142857142856
28,29,1,1,6,5,1,2,7081.32140625,29.082142857142856
28,30,1,1,6,5,1,2,7081.32140625,29.082142857142856
28,31,1,1,6,5,1,7,7062.099357638889,28.96845238095238
28,32,1,1,6,5,1,2,7081.32140625,29.082142857142856
28,33,9,4,5,5,1,2,7052.592083333333,28.583333333333332
28,34,1,1,6,5,5,3,7062.099357638889,28.96845238095238
28,35,1,1,6,5,1,2,7081.32140625,29.082142857142856
28,36,1,1,6,5,1,7,7062.099357638889,28.96845238095238
28,37,1,1,6,5,1,7,7062.099357638889,28.96845238095238
28,38,1,1,6,5,1,7,7062.099357638889,28.96845238095238
28,39,1,1,6,5,1,2,7081.32140625,29.082142857142856
28,40,1,1,6,5,1,2,7081.32140625,29.082142857142856
28,41,1,1,6,5,1,2,7081.32140625,29.082142857142856
28,42,4,2,6,5,1,3,7062.099357638889,28.96845238095238
28,43,1,1,6,5,1,2,7081.32140625,29.082142857142856
28,44,1,1,6,5,1,2,7081.32140625,29.082142857142856
28,45,1,1,6,5,1,2,7081.32140625,29.082142857142856
28,46,1,1,6,5,1,2,7081.32140625,29.082142857142856
28,47,1,1,6,5,1,2,7081.32140625,29.082142857142856
28,48,1,1,6,5,1,2,7081.32140625,29.082142857142856
28,49,1,1,6,5,1,2,7081.32140625,29.082142857142856
29,0,8,4,1,5,1,7,7052.592083333333,28.583333333333332
29,1,1,1,6,5,1,2,7081.32140625,29.082142857142856
29,2,1,1,6,5,1,2,7081.32140625,29.082142857142856
29,3,9,4,5,5,1,2,7052.592083333333,28.583333333333332
29,4,1,1,6,5,1,7,7062.099357638889,28.96845238095238
29,5,10,8,6,4,10,7,7055.326467013889,28.699404761904763
29,6,10,8,6,5,9,7,7055.326467013889,28.699404761904763
29,7,1,1,6,5,1,7,7062.099357638889,28.96845238095238
29,8,9,4,5,5,1,2,7052.592083333333,28.583333333333332
29,9,9,4,5,5,1,2,7052.592083333333,28.583333333333332
29,10,1,1,6,5,1,2,7081.32140625,29.082142857142856
29,11,4,2,6,5,1,3,7062.099357638889,28.96845238095238
29,12,1,1,6,5,1,2,7081.32140625,29.082142857142856
29,13,1,1,6,5,5,3,7062.099357638889,28.96845238095238
29,14,1,1,6,5,5,3,7062.099357638889,28.96845238095238
29,15,1,1,6,5,1,2,7081.32140625,29.082142857142856
29,16,1,1,6,5,1,2,7081.32140625,29.082142857142856
29,17,1,1,6,5,1,2,7081.32140625,29.082142857142856
29,18,1,1,6,5,1,7,7062.099357638889,28.96845238095238
29,19,1,1,6,5,1,7,7062.099357638889,28.96845238095238
29,20,1,1,6,5,1,2,7081.32140625,29.082142857142856
29,21,1,1,6,5,1,2,7081.32140625,29.082142857142856
29,22,1,1,6,5,1,2,7081.32140625,29.082142857142856
29,23,1,1,6,5,1,2,7081.32140625,29.082142857142856
29,24,1,1,6,5,1,2,7081.32140625,29.082142857142856
29,25,1,1,6,5,1,2,7081.32140625,29.082142857142856
29,26,1,1,6,5,1,7,7062.099357638889,28.96845238095238
29,27,1,1,6,5,1,2,7081.32140625,29.082142857142856
29,28,1,1,6,5,1,2,7081.32140625,29.082142857142856
29,29,1,1,6,5,1,2,7081.32140625,29.082142857142856
29,30,9,4,5,5,1,2,7052.592083333333,28.583333333333332
29,31,1,1,6,5,1,2,7081.32140625,29.082142857142856
29,32,1,1,6,5,1,2,7081.32140625,29.082142857142856
29,33,1,1,6,5,1,2,7081.32140625,29.082142857142856
29,34,1,1,6,5,1,7,7062.099357638889,28.96845238095238
29,35,1,1,6,5,5,3,7062.099357638889,28.96845238095238
29,36,1,1,6,5,1,7,7062.099357638889,28.96845238095238
29,37,1,1,6,5,1,7,7062.099357638889,28.96845238095238
29,38,1,1,6,5,1,2,7081.32140625,29.082142857142856
29,39,1,1,6,5,1,7,7062.099357638889,28.96845238095238
29,40,1,1,6,5,1,2,7081.32140625,29.082142857142856
29,41,1,1,6,5,1,2,7081.32140625,29.082142857142856
29,42,1,1,6,5,1,2,7081.32140625,29.082142857142856
29,43,1,1,6,5,1,2,7081.32140625,29.082142857142856
29,44,1,1,6,5,1,2,7081.32140625,29.082142857142856
29,45,1,1,6,5,1,7,7062.099357638889,28.96845238095238
29,46,1,1,6,5,1,2,7081.32140625,29.082142857142856
29,47,1,1,6,5,1,2,7081.32140625,29.082142857142856
29,48,1,1,6,5,1,2,7081.32140625,29.082142857142856
29,49,1,1,6,5,1,7,7062.099357638889,28.96845238095238
30,0,1,1,6,5,1,2,7081.32140625,29.082142857142856
30,1,8,4,1,5,1,7,7052.592083333333,28.583333333333332
30,2,8,4,1,5,1,7,7052.592083333333,28.583333333333332
30,3,1,1,6,5,1,2,7081.32140625,29.082142857142856
30,4,1,1,6,5,1,7,7062.099357638889,28.96845238095238
30,5,10,8,6,4,10,7,7055.326467013889,28.699404761904763
30,6,10,8,6,5,9,7,7055.326467013889,28.699404761904763
30,7,1,1,6,5,1,7,7062.099357638889,28.96845238095238
30,8,1,1,6,5,1,2,7081.32140625,29.082142857142856
30,9,1,1,6,5,1,2,7081.32140625,29.082142857142856
30,10,1,1,6,5,1,2,7081.32140625,29.082142857142856
30,11,1,1,6,5,1,7,7062.099357638889,28.96845238095238
30,12,1,1,6,5,1,7,7062.099357638889,28.96845238095238
30,13,1,1,6,5,1,2,7081.32140625,29.082142857142856
30,14,1,1,6,5,1,2,7081.32140625,29.082142857142856
30,15,1,1,6,5,1,7,7062.099357638889,28.96845238095238
30,16,1,1,6,5,1,2,7081.32140625,29.082142857142856
30,17,1,1,6,5,1,2,7081.32140625,29.082142857142856
30,18,1,1,6,5,1,2,7081.32140625,29.082142857142856
30,19,1,1,6,5,1,2,7081.32140625,29.082142857142856
30,20,1,1,6,5,1,2,7081.32140625,29.082142857142856
30,21,1,1,6,5,1,2,7081.32140625,29.082142857142856
30,22,1,1,6,5,1,2,7081.32140625,29.082142857142856
30,23,9,4,5,5,1,2,7052.592083333333,28.583333333333332
30,24,1,1,6,5,1,2,7081.32140625,29.082142857142856
30,25,1,1,6,5,1,7,7062.099357638889,28.96845238095238
30,26,1,1,6,5,1,2,7081.32140625,29.082142857142856
30,27,1,1,6,5,1,2,7081.32140625,29.082142857142856
30,28,1,1,6,5,1,2,7081.32140625,29.082142857142856
30,29,9,4,5,5,1,2,7052.592083333333,28.583333333333332
30,30,1,1,6,5,1,2,7081.32140625,29.082142857142856
30,31,1,1,6,5,1,2,7081.32140625,29.082142857142856
30,32,1,1,6,5,5,3,7062.099357638889,28.96845238095238
30,33,1,1,6,5,1,2,7081.32140625,29.082142857142856
30,34,1,1,6,5,1,2,7081.32140625,29.082142857142856
30,35,1,1,6,5,1,2,7081.32140625,29.082142857142856
30,36,1,1,6,5,1,2,7081.32140625,29.082142857142856
30,37,1,1,6,5,1,2,7081.32140625,29.082142857142856
30,38,1,1,6,5,1,2,7081.32140625,29.082142857142856
30,39,1,1,6,5,5,3,7062.099357638889,28.96845238095238
30,40,1,1,6,5,1,7,7062.099357638889,28.96845238095238
30,41,1,1,6,5,1,2,7081.32140625,29.082142857142856
30,42,8,4,1,5,1,7,7052.592083333333,28.583333333333332
30,43,1,1,6,5,1,2,7081.32140625,29.082142857142856
30,44,1,1,6,5,1,2,7081.32140625,29.082142857142856
30,45,1,1,6,5,1,2,7081.32140625,29.082142857142856
30,46,1,1,6,5,1,2,7081.32140625,29.082142857142856
30,47,1,1,6,5,5,3,7062.099357638889,28.96845238095238
30,48,9,4,5,5,1,2,7052.592083333333,28.583333333333332
30,49,1,1,6,5,1,2,7081.32140625,29.082142857142856
31,0,1,1,6,5,1,2,7081.32140625,29.082142857142856
31,1,8,4,1,5,1,7,7052.592083333333,28.583333333333332
31,2,1,1,6,5,1,2,7081.32140625,29.082142857142856
31,3,1,7,6,5,1,6,7052.592083333333,28.583333333333332
31,4,1,1,6,5,1,7,7062.099357638889,28.96845238095238
31,5,10,8,6,4,10,7,7055.326467013889,28.699404761904763
31,6,10,8,6,5,9,7,7055.326467013889,28.699404761904763
31,7,1,1,6,5,1,7,7062.099357638889,28.96845238095238
31,8,1,1,6,5,1,2,7081.32140625,29.082142857142856
31,9,1,1,6,5,1,2,7081.32140625,29.082142857142856
31,10,1,1,6,5,1,2,7081.32140625,29.082142857142856
31,11,1,1,6,5,1,2,7081.32140625,29.082142857142856
31,12,1,1,6,5,1,2,7081.32140625,29.082142857142856
31,13,1,1,6,5,1,2,7081.32140625,29.082142857142856
31,14,1,1,6,5,1,7,7062.099357638889,28.96845238095238
31,15,1,1,6,5,1,2,7081.32140625,29.082142857142856
31,16,1,1,6,5,1,2,7081.32140625,29.082142857142856
31,17,8,4,1,5,1,7,7052.592083333333,28.583333333333332
31,18,1,1,6,5,1,2,7081.32140625,29.082142857142856
31,19,1,1,6,5,1,2,7081.32140625,29.082142857142856
31,20,1,1,6,5,1,2,7081.32140625,29.082142857142856
31,21,1,1,6,5,1,7,7062.099357638889,28.96845238095238
31,22,1,1,6,5,1,2,7081.32140625,29.082142857142856
31,23,9,4,5,5,1,2,7052.592083333333,28.583333333333332
31,24,1,1,6,5,1,2,7081.32140625,29.082142857142856
31,25,1,1,6,5,1,7,7062.099357638889,28.96845238095238
31,26,1,1,6,5,5,3,7062.099357638889,28.96845238095238
31,27,8,4,1,5,1,7,7052.592083333333,28.583333333333332
31,28,1,1,6,5,1,2,7081.32140625,29.082142857142856
31,29,1,1,6,5,1,2,7081.32140625,29.082142857142856
31,30,8,4,1,5,1,7,7052.592083333333,28.583333333333332
31,31,1,1,6,5,1,2,7081.32140625,29.082142857142856
31,32,1,1,6,5,1,2,7081.32140625,29.082142857142856
31,33,1,1,6,5,1,2,7081.32140625,29.082142857142856
31,34,1,1,6,5,1,2,7081.32140625,29.082142857142856
31,35,1,1,6,5,1,2,7081.32140625,29.082142857142856
31,36,1,1,6,5,5,3,7062.099357638889,28.96845238095238
31,37,9,4,5,5,1,2,7052.592083333333,28.583333333333332
31,38,1,1,6,5,1,7,7062.099357638889,28.96845238095238
31,39,1,1,6,5,1,2,7081.32140625,29.082142857142856
31,40,1,1,6,5,1,7,7062.099357638889,28.96845238095238
31,41,1,1,6,5,5,3,7062.099357638889,28.96845238095238
31,42,1,1,6,5,1,2,7081.32140625,29.082142857142856
31,43,1,1,6,5,1,2,7081.32140625,29.082142857142856
31,44,1,1,6,5,1,2,7081.32140625,29.082142857142856
31,45,1,1,6,5,1,2,7081.32140625,29.082142857142856
31,46,9,4,5,5,1,2,7052.592083333333,28.583333333333332
31,47,1,1,6,5,1,2,7081.32140625,29.082142857142856
31,48,1,1,6,5,1,2,7081.32140625,29.082142857142856
31,49,1,1,6,5,1,2,7081.32140625,29.082142857142856
32,0,1,1,6,5,1,2,7081.32140625,29.082142857142856
32,1,8,4,1,5,1,7,7052.592083333333,28.583333333333332
32,2,1,1,6,5,1,2,7081.32140625,29.082142857142856
32,3,9,4,5,5,1,2,7052.592083333333,28.583333333333332
32,4,1,1,6,5,1,7,7062.099357638889,28.96845238095238
32,5,10,8,6,4,10,7,7055.326467013889,28.699404761904763
32,6,10,8,6,5,9,7,7055.326467013889,28.699404761904763
32,7,1,1,6,5,1,7,7062.099357638889,28.96845238095238
32,8,1,1,6,5,1,2,7081.32140625,29.082142857142856
32,9,1,1,6,5,1,2,7081.32140625,29.082142857142856
32,10,1,1,6,5,1,2,7081.32140625,29.082142857142856
32,11,1,1,6,5,5,3,7062.099357638889,28.96845238095238
32,12,1,1,6,5,1,2,7081.32140625,29.082142857142856
32,13,1,1,6,5,1,2,7081.32140625,29.082142857142856
32,14,8,4,1,5,1,7,7052.592083333333,28.583333333333332
32,15,1,1,6,5,1,7,7062.099357638889,28.96845238095238
32,16,8,4,1,5,1,7,7052.592083333333,28.583333333333332
32,17,1,1,6,5,1,2,7081.32140625,29.082142857142856
32,18,1,1,6,5,1,2,7081.32140625,29.082142857142856
32,19,1,7,6,5,1,6,7052.592083333333,28.583333333333332
32,20,9,4,5,5,1,2,7052.592083333333,28.583333333333332
32,21,1,1,6,5,1,2,7081.32140625,29.082142857142856
32,22,1,1,6,5,1,2,7081.32140625,29.082142857142856
32,23,1,1,6,5,1,2,7081.32140625,29.082142857142856
32,24,1,1,6,5,1,2,7081.32140625,29.082142857142856
32,25,1,1,6,5,1,2,7081.32140625,29.082142857142856
32,26,1,1,6,5,1,2,7081.32140625,29.082142857142856
32,27,1,1,6,5,1,2,7081.32140625,29.082142857142856
32,28,1,1,6,5,5,3,7062.099357638889,28.96845238095238
32,29,1,1,6,5,1,2,7081.32140625,29.082142857142856
32,30,1,1,6,5,1,2,7081.32140625,29.082142857142856
32,31,1,1,6,5,1,2,7081.32140625,29.082142857142856
32,32,1,1,6,5,1,2,7081.32140625,29.082142857142856
32,33,1,1,6,5,1,2,7081.32140625,29.082142857142856
32,34,1,1,6,5,1,2,7081.32140625,29.082142857142856
32,35,1,1,6,5,1,2,7081.32140625,29.082142857142856
32,36,1,1,6,5,1,2,7081.32140625,29.082142857142856
32,37,1,1,6,5,1,7,7062.099357638889,28.96845238095238
32,38,1,1,6,5,5,3,7062.099357638889,28.96845238095238
32,39,1,1,6,5,1,2,7081.32140625,29.082142857142856
32,40,1,1,6,5,1,2,7081.32140625,29.082142857142856
32,41,1,1,6,5,1,2,7081.32140625,29.082142857142856
32,42,1,1,6,5,1,2,7081.32140625,29.082142857142856
32,43,1,1,6,5,1,2,7081.32140625,29.082142857142856
32,44,1,1,6,5,1,2,7081.32140625,29.082142857142856
32,45,1,1,6,5,1,2,7081.32140625,29.082142857142856
32,46,9,4,5,5,1,2,7052.592083333333,28.583333333333332
32,47,1,1,6,5,1,2,7081.32140625,29.082142857142856
32,48,9,4,5,5,1,2,7052.592083333333,28.583333333333332
32,49,9,4,5,5,1,2,7052.592083333333,28.583333333333332
33,0,1,1,6,5,1,2,7081.32140625,29.082142857142856
33,1,1,1,6,5,1,2,7081.32140625,29.082142857142856
33,2,8,4,1,5,1,7,7052.592083333333,28.583333333333332
33,3,8,4,1,5,1,7,7052.592083333333,28.583333333333332
33,4,1,1,6,5,5,3,7062.099357638889,28.96845238095238
33,5,10,8,6,4,10,7,7055.326467013889,28.699404761904763
33,6,10,8,6,4,10,7,7055.326467013889,28.699404761904763
33,7,1,1,6,5,1,7,7062.099357638889,28.96845238095238
33,8,1,1,6,5,1,2,7081.32140625,29.082142857142856
33,9,1,1,6,5,1,2,7081.32140625,29.082142857142856
33,10,1,1,6,5,1,2,7081.32140625,29.082142857142856
33,11,1,1,6,5,1,2,7081.32140625,29.082142857142856
33,12,1,1,6,5,1,2,7081.32140625,29.082142857142856
33,13,1,1,6,5,1,7,7062.099357638889,28.96845238095238
33,14,1,1,6,5,1,7,7062.099357638889,28.96845238095238
33,15,1,1,6,5,1,2,7081.32140625,29.082142857142856
33,16,1,1,6,5,5,3,7062.099357638889,28.96845238095238
33,17,1,1,6,5,1,2,7081.32140625,29.082142857142856
33,18,1,1,6,5,1,2,7081.32140625,29.082142857142856
33,19,8,4,1,5,1,7,7052.592083333333,28.583333333333332
33,20,1,1,6,5,1,2,7081.32140625,29.082142857142856
33,21,9,4,5,5,1,2,7052.592083333333,28.583333333333332
33,22,9,4,5,5,1,2,7052.592083333333,28.583333333333332
33,23,1,1,6,5,1,7,7062.099357638889,28.96845238095238
33,24,1,1,6,5,5,3,7062.099357638889,28.96845238095238
33,25,1,1,6,5,1,2,7081.32140625,29.082142857142856
33,26,1,1,6,5,1,2,7081.32140625,29.082142857142856
33,27,1,1,6,5,1,2,7081.32140625,29.082142857142856
33,28,1,1,6,5,1,2,7081.32140625,29.082142857142856
33,29,1,1,6,5,1,2,7081.32140625,29.082142857142856
33,30,1,1,6,5,1,2,7081.32140625,29.082142857142856
33,31,1,1,6,5,1,2,7081.32140625,29.082142857142856
33,32,1,1,6,5,1,7,7062.099357638889,28.96845238095238
33,33,1,1,6,5,1,2,7081.32140625,29.082142857142856
33,34,1,1,6,5,1,2,7081.32140625,29.082142857142856
33,35,1,1,6,5,1,2,7081.32140625,29.082142857142856
33,36,1,1,6,5,1,2,7081.32140625,29.082142857142856
33,37,1,1,6,5,1,2,7081.32140625,29.082142857142856
33,38,1,1,6,5,1,2,7081.32140625,29.082142857142856
33,39,1,1,6,5,5,3,7062.099357638889,28.96845238095238
33,40,1,1,6,5,1,2,7081.32140625,29.082142857142856
33,41,1,1,6,5,1,2,7081.32140625,29.082142857142856
33,42,1,1,6,5,1,2,7081.32140625,29.082142857142856
33,43,1,1,6,5,1,2,7081.32140625,29.082142857142856
33,44,10,8,6,5,9,7,7055.326467013889,28.699404761904763
33,45,9,4,5,5,1,2,7052.592083333333,28.583333333333332
33,46,1,1,6,5,1,2,7081.32140625,29.082142857142856
33,47,1,1,6,5,1,2,7081.32140625,29.082142857142856
33,48,1,1,6,5,1,2,7081.32140625,29.082142857142856
33,49,1,1,6,5,1,2,7081.32140625,29.082142857142856
34,0,1,1,6,5,1,2,7081.32140625,29.082142857142856
34,1,8,4,1,5,1,7,7052.592083333333,28.583333333333332
34,2,1,1,6,5,1,2,7081.32140625,29.082142857142856
34,3,8,4,1,5,1,7,7052.592083333333,28.583333333333332
34,4,1,2,6,5,4,3,7062.099357638889,28.96845238095238
34,5,10,8,6,4,10,7,7055.326467013889,28.699404761904763
34,6,10,8,6,5,9,7,7055.326467013889,28.699404761904763
34,7,1,1,6,5,5,3,7062.099357638889,28.96845238095238
34,8,1,1,6,4,1,3,7081.32140625,29.082142857142856
34,9,1,1,6,5,1,2,7081.32140625,29.082142857142856
34,10,1,1,6,5,1,2,7081.32140625,29.082142857142856
34,11,1,1,6,5,1,2,7081.32140625,29.082142857142856
34,12,1,1,6,5,1,2,7081.32140625,29.082142857142856
34,13,1,1,6,5,1,2,7081.32140625,29.082142857142856
34,14,1,1,6,5,1,2,7081.32140625,29.082142857142856
34,15,1,1,6,5,1,2,7081.32140625,29.082142857142856
34,16,1,1,6,5,5,3,7062.099357638889,28.96845238095238
34,17,1,1,6,5,1,2,7081.32140625,29.082142857142856
34,18,1,1,6,5,5,3,7062.099357638889,28.96845238095238
34,19,1,1,6,5,1,7,7062.099357638889,28.96845238095238
34,20,1,1,6,5,1,2,7081.32140625,29.082142857142856
34,21,1,1,6,5,1,2,7081.32140625,29.082142857142856
34,22,1,1,6,5,1,2,7081.32140625,29.082142857142856
34,23,1,1,1,5,1,7,7081.32140625,29.082142857142856
34,24,1,1,6,5,1,2,7081.32140625,29.082142857142856
34,25,10,8,6,4,10,7,7055.326467013889,28.699404761904763
34,26,1,1,6,5,1,2,7081.32140625,29.082142857142856
34,27,1,1,6,5,1,2,7081.32140625,29.082142857142856
34,28,1,1,6,5,1,2,7081.32140625,29.082142857142856
34,29,1,1,6,5,1,7,7062.099357638889,28.96845238095238
34,30,1,1,6,5,1,7,7062.099357638889,28.96845238095238
34,31,1,1,6,5,1,7,7062.099357638889,28.96845238095238
34,32,1,1,6,5,1,2,7081.32140625,29.082142857142856
34,33,1,1,6,5,1,7,7062.099357638889,28.96845238095238
34,34,1,1,6,5,1,2,7081.32140625,29.082142857142856
34,35,1,1,6,5,1,2,7081.32140625,29.082142857142856
34,36,1,1,6,5,1,2,7081.32140625,29.082142857142856
34,37,1,1,6,5,1,2,7081.32140625,29.082142857142856
34,38,1,1,6,5,1,2,7081.32140625,29.082142857142856
34,39,8,4,1,5,1,7,7052.592083333333,28.583333333333332
34,40,1,1,6,5,1,2,7081.32140625,29.082142857142856
34,41,1,1,6,5,1,2,7081.32140625,29.082142857142856
34,42,8,4,1,5,1,7,7052.592083333333,28.583333333333332
34,43,1,1,6,5,1,2,7081.32140625,29.082142857142856
34,44,1,1,6,5,1,2,7081.32140625,29.082142857142856
34,45,1,1,6,5,1,2,7081.32140625,29.082142857142856
34,46,1,1,6,5,1,2,7081.32140625,29.082142857142856
34,47,1,1,6,5,1,2,7081.32140625,29.082142857142856
34,48,1,1,6,5,1,2,7081.32140625,29.082142857142856
34,49,1,1,6,5,1,2,7081.32140625,29.082142857142856
35,0,8,4,1,5,1,7,7052.592083333333,28.583333333333332
35,1,1,1,6,5,1,2,7081.32140625,29.082142857142856
35,2,8,4,1,5,1,7,7052.592083333333,28.583333333333332
35,3,1,1,6,5,1,2,7081.32140625,29.082142857142856
35,4,1,1,6,5,1,7,7062.099357638889,28.96845238095238
35,5,10,8,6,4,10,7,7055.326467013889,28.699404761904763
35,6,10,8,6,4,10,7,7055.326467013889,28.699404761904763
35,7,1,2,6,5,4,3,7062.099357638889,28.96845238095238
35,8,1,1,6,5,1,2,7081.32140625,29.082142857142856
35,9,1,1,6,5,1,2,7081.32140625,29.082142857142856
35,10,1,1,6,5,1,7,7062.099357638889,28.96845238095238
35,11,1,1,6,5,1,2,7081.32140625,29.082142857142856
35,12,1,1,6,5,1,2,7081.32140625,29.082142857142856
35,13,8,4,1,5,1,7,7052.592083333333,28.583333333333332
35,14,1,1,6,5,1,2,7081.32140625,29.082142857142856
35,15,1,1,6,5,1,2,7081.32140625,29.082142857142856
35,16,1,1,6,5,1,2,7081.32140625,29.082142857142856
35,17,1,1,6,4,1,3,7081.32140625,29.082142857142856
35,18,10,8,6,5,9,7,7055.326467013889,28.699404761904763
35,19,1,1,6,5,1,2,7081.32140625,29.082142857142856
35,20,1,1,6,5,1,2,7081.32140625,29.082142857142856
35,21,1,1,6,5,1,7,7062.099357638889,28.96845238095238
35,22,1,1,6,5,1,2,7081.32140625,29.082142857142856
35,23,1,1,6,5,1,2,7081.32140625,29.082142857142856
35,24,1,1,6,5,1,2,7081.32140625,29.082142857142856
35,25,1,1,6,5,1,2,7081.32140625,29.082142857142856
35,26,1,1,6,5,1,2,7081.32140625,29.082142857142856
35,27,1,1,6,5,5,3,7062.099357638889,28.96845238095238
35,28,1,1,6,5,1,2,7081.32140625,29.082142857142856
35,29,1,1,6,5,1,2,7081.32140625,29.082142857142856
35,30,1,1,6,5,1,7,7062.099357638889,28.96845238095238
35,31,1,1,6,5,1,2,7081.32140625,29.082142857142856
35,32,1,1,6,5,1,2,7081.32140625,29.082142857142856
35,33,1,1,6,5,1,2,7081.32140625,29.082142857142856
35,34,1,1,6,5,1,2,7081.32140625,29.082142857142856
35,35,1,1,6,5,1,2,7081.32140625,29.082142857142856
35,36,1,1,6,5,1,2,7081.32140625,29.082142857142856
35,37,1,1,6,5,1,7,7062.099357638889,28.96845238095238
35,38,1,1,6,5,1,2,7081.32140625,29.082142857142856
35,39,1,1,6,5,1,2,7081.32140625,29.082142857142856
35,40,1,1,6,5,5,3,7062.099357638889,28.96845238095238
35,41,1,1,6,5,1,2,7081.32140625,29.082142857142856
35,42,1,1,6,5,1,2,7081.32140625,29.082142857142856
35,43,1,1,6,5,1,2,7081.32140625,29.082142857142856
35,44,1,1,6,5,1,2,7081.32140625,29.082142857142856
35,45,1,2,6,5,4,3,7062.099357638889,28.96845238095238
35,46,1,1,6,5,5,3,7062.099357638889,28.96845238095238
35,47,1,1,6,5,1,2,7081.32140625,29.082142857142856
35,48,8,4,1,5,1,7,7052.592083333333,28.583333333333332
35,49,1,1,6,5,1,2,7081.32140625,29.082142857142856
36,0,1,1,6,5,1,2,7081.32140625,29.082142857142856
36,1,1,1,6,5,1,2,7081.32140625,29.082142857142856
36,2,9,4,1,4,1,7,7052.592083333333,28.583333333333332
36,3,8,4,1,5,1,7,7052.592083333333,28.583333333333332
36,4,1,1,6,5,1,7,7062.099357638889,28.96845238095238
36,5,10,8,6,4,10,7,7055.326467013889,28.699404761904763
36,6,10,8,6,5,9,7,7055.326467013889,28.699404761904763
36,7,1,1,6,5,1,7,7062.099357638889,28.96845238095238
36,8,1,1,6,5,1,2,7081.32140625,29.082142857142856
36,9,1,1,6,5,1,2,7081.32140625,29.082142857142856
36,10,1,1,6,5,5,3,7062.099357638889,28.96845238095238
36,11,1,1,6,5,1,2,7081.32140625,29.082142857142856
36,12,1,1,6,5,1,2,7081.32140625,29.082142857142856
36,13,1,1,6,5,1,2,7081.32140625,29.082142857142856
36,14,1,1,6,5,1,2,7081.32140625,29.082142857142856
36,15,1,1,6,5,1,2,7081.32140625,29.082142857142856
36,16,1,1,6,5,1,2,7081.32140625,29.082142857142856
36,17,1,1,6,5,1,2,7081.32140625,29.082142857142856
36,18,1,1,6,5,1,7,7062.099357638889,28.96845238095238
36,19,1,1,6,5,1,2,7081.32140625,29.082142857142856
36,20,1,1,6,5,1,2,7081.32140625,29.082142857142856
36,21,1,1,6,5,1,2,7081.32140625,29.082142857142856
36,22,1,1,6,5,1,2,7081.32140625,29.082142857142856
36,23,1,1,6,5,1,2,7081.32140625,29.082142857142856
36,24,1,1,6,5,1,7,7062.099357638889,28.96845238095238
36,25,1,1,6,5,1,2,7081.32140625,29.082142857142856
36,26,1,1,6,5,1,2,7081.32140625,29.082142857142856
36,27,1,1,6,5,1,2,7081.32140625,29.082142857142856
36,28,1,1,6,5,1,2,7081.32140625,29.082142857142856
36,29,1,1,6,5,5,3,7062.099357638889,28.96845238095238
36,30,1,1,6,5,1,2,7081.32140625,29.082142857142856
36,31,1,1,6,5,1,2,7081.32140625,29.082142857142856
36,32,1,1,6,5,1,2,7081.32140625,29.082142857142856
36,33,1,1,6,5,1,2,7081.32140625,29.082142857142856
36,34,1,1,6,5,1,2,7081.32140625,29.082142857142856
36,35,1,1,6,5,1,2,7081.32140625,29.082142857142856
36,36,1,1,6,5,1,2,7081.32140625,29.082142857142856
36,37,1,1,6,5,1,2,7081.32140625,29.082142857142856
36,38,1,1,6,5,1,2,7081.32140625,29.082142857142856
36,39,1,1,6,5,1,2,7081.32140625,29.082142857142856
36,40,1,1,6,4,1,3,7081.32140625,29.082142857142856
36,41,1,1,6,5,1,2,7081.32140625,29.082142857142856
36,42,8,4,1,5,1,7,7052.592083333333,28.583333333333332
36,43,1,1,6,5,1,2,7081.32140625,29.082142857142856
36,44,1,1,6,5,1,2,7081.32140625,29.082142857142856
36,45,8,4,1,5,1,7,7052.592083333333,28.583333333333332
36,46,1,1,6,5,1,7,7062.099357638889,28.96845238095238
36,47,1,1,6,5,1,7,7062.099357638889,28.96845238095238
36,48,1,2,6,5,4,3,7062.099357638889,28.96845238095238
36,49,1,2,6,5,4,3,7062.099357638889,28.96845238095238
37,0,1,1,6,5,1,2,7081.32140625,29.082142857142856
37,1,8,4,1,5,1,7,7052.592083333333,28.583333333333332
37,2,1,1,6,5,1,2,7081.32140625,29.082142857142856
37,3,9,4,1,4,1,7,7052.592083333333,28.583333333333332
37,4,8,4,1,5,1,2,7062.099357638889,28.96845238095238
37,5,10,8,6,4,10,7,7055.326467013889,28.699404761904763
37,6,10,8,6,5,10,6,7055.326467013889,28.699404761904763
37,7,1,1,6,5,1,7,7062.099357638889,28.96845238095238
37,8,1,1,6,5,1,2,7081.32140625,29.082142857142856
37,9,8,4,1,5,1,7,7052.592083333333,28.583333333333332
37,10,1,1,6,5,1,2,7081.32140625,29.082142857142856
37,11,1,1,6,5,1,2,7081.32140625,29.082142857142856
37,12,1,1,6,5,1,2,7081.32140625,29.082142857142856
37,13,1,1,6,5,1,7,7062.099357638889,28.96845238095238
37,14,1,1,6,5,1,2,7081.32140625,29.082142857142856
37,15,1,1,6,5,1,2,7081.32140625,29.082142857142856
37,16,1,1,6,5,1,2,7081.32140625,29.082142857142856
37,17,1,1,6,5,1,2,7081.32140625,29.082142857142856
37,18,1,1,6,5,1,2,7081.32140625,29.082142857142856
37,19,1,1,6,5,1,2,7081.32140625,29.082142857142856
37,20,1,1,6,5,1,2,7081.32140625,29.082142857142856
37,21,1,1,6,5,1,7,7062.099357638889,28.96845238095238
37,22,1,1,6,5,1,7,7062.099357638889,28.96845238095238
37,23,8,4,1,5,1,2,7062.099357638889,28.96845238095238
37,24,10,8,6,5,9,7,7055.326467013889,28.699404761904763
37,25,8,4,1,5,1,7,7052.592083333333,28.583333333333332
37,26,1,1,6,5,1,2,7081.32140625,29.082142857142856
37,27,1,1,6,5,5,3,7062.099357638889,28.96845238095238
37,28,1,1,6,5,5,3,7062.099357638889,28.96845238095238
37,29,1,1,6,5,1,7,7062.099357638889,28.96845238095238
37,30,1,1,6,5,1,2,7081.32140625,29.082142857142856
37,31,1,1,6,5,1,2,7081.32140625,29.082142857142856
37,32,1,1,6,5,1,2,7081.32140625,29.082142857142856
37,33,1,1,6,5,1,2,7081.32140625,29.082142857142856
37,34,1,1,6,5,1,2,7081.32140625,29.082142857142856
37,35,1,1,6,5,1,2,7081.32140625,29.082142857142856
37,36,1,1,6,5,1,2,7081.32140625,29.082142857142856
37,37,1,1,6,5,1,2,7081.32140625,29.082142857142856
37,38,1,2,6,5,4,3,7062.099357638889,28.96845238095238
37,39,1,1,6,5,1,7,7062.099357638889,28.96845238095238
37,40,1,1,6,5,5,3,7062.099357638889,28.96845238095238
37,41,1,1,6,5,1,2,7081.32140625,29.082142857142856
37,42,1,1,6,5,1,2,7081.32140625,29.082142857142856
37,43,8,4,1,5,1,7,7052.592083333333,28.583333333333332
37,44,1,1,6,5,1,7,7062.099357638889,28.96845238095238
37,45,8,4,1,5,1,7,7052.592083333333,28.583333333333332
37,46,1,1,6,5,1,2,7081.32140625,29.082142857142856
37,47,1,1,6,5,1,7,7062.099357638889,28.96845238095238
37,48,1,1,6,5,1,2,7081.32140625,29.082142857142856
37,49,1,1,6,5,5,3,7062.099357638889,28.96845238095238
38,0,8,4,1,5,1,7,7052.592083333333,28.583333333333332
38,1,8,4,1,5,1,7,7052.592083333333,28.583333333333332
38,2,1,1,6,5,1,2,7081.32140625,29.082142857142856
38,3,1,1,6,5,1,2,7081.32140625,29.082142857142856
38,4,1,1,6,5,1,7,7062.099357638889,28.96845238095238
38,5,10,8,6,4,10,7,7055.326467013889,28.699404761904763
38,6,10,8,6,5,9,7,7055.326467013889,28.699404761904763
38,7,8,4,1,5,1,2,7062.099357638889,28.96845238095238
38,8,1,1,6,5,1,2,7081.32140625,29.082142857142856
38,9,1,1,6,5,1,7,7062.099357638889,28.96845238095238
38,10,1,1,6,5,1,2,7081.32140625,29.082142857142856
38,11,8,4,1,5,1,2,7062.099357638889,28.96845238095238
38,12,1,1,6,5,1,2,7081.32140625,29.082142857142856
38,13,1,2,6,5,4,3,7062.099357638889,28.96845238095238
38,14,10,8,6,5,9,7,7055.326467013889,28.699404761904763
38,15,1,1,6,5,1,7,7062.099357638889,28.96845238095238
38,16,1,1,6,5,5,3,7062.099357638889,28.96845238095238
38,17,1,1,6,5,1,2,7081.32140625,29.082142857142856
38,18,1,1,6,5,1,2,7081.32140625,29.082142857142856
38,19,1,1,6,5,1,7,7062.099357638889,28.96845238095238
38,20,8,4,1,5,1,7,7052.592083333333,28.583333333333332
38,21,1,1,6,5,1,7,7062.099357638889,28.96845238095238
38,22,1,1,6,5,1,2,7081.32140625,29.082142857142856
38,23,1,1,6,5,1,2,7081.32140625,29.082142857142856
38,24,1,1,6,5,5,3,7062.099357638889,28.96845238095238
38,25,1,1,6,5,1,2,7081.32140625,29.082142857142856
38,26,1,1,6,5,1,7,7062.099357638889,28.96845238095238
38,27,1,1,6,5,1,7,7062.099357638889,28.96845238095238
38,28,1,1,6,5,1,7,7062.099357638889,28.96845238095238
38,29,1,1,6,5,1,2,7081.32140625,29.082142857142856
38,30,1,1,6,5,1,2,7081.32140625,29.082142857142856
38,31,1,1,6,5,1,2,7081.32140625,29.082142857142856
38,32,1,1,6,5,1,2,7081.32140625,29.082142857142856
38,33,1,1,6,5,1,2,7081.32140625,29.082142857142856
38,34,10,8,6,5,10,6,7055.326467013889,28.699404761904763
38,35,1,1,6,5,5,3,7062.099357638889,28.96845238095238
38,36,9,4,1,4,1,7,7052.592083333333,28.583333333333332
38,37,1,1,6,5,1,2,7081.32140625,29.082142857142856
38,38,1,1,6,5,1,7,7062.099357638889,28.96845238095238
38,39,1,1,6,5,1,2,7081.32140625,29.082142857142856
38,40,1,1,6,5,1,2,7081.32140625,29.082142857142856
38,41,1,1,6,5,1,2,7081.32140625,29.082142857142856
38,42,1,1,6,5,1,2,7081.32140625,29.082142857142856
38,43,1,1,6,5,1,2,7081.32140625,29.082142857142856
38,44,1,1,6,5,1,2,7081.32140625,29.082142857142856
38,45,1,1,6,5,1,7,7062.099357638889,28.96845238095238
38,46,1,1,6,5,1,2,7081.32140625,29.082142857142856
38,47,1,1,6,5,1,2,7081.32140625,29.082142857142856
38,48,1,1,6,5,1,2,7081.32140625,29.082142857142856
38,49,1,1,6,5,5,3,7062.099357638889,28.96845238095238
39,0,1,1,6,5,1,2,7081.32140625,29.082142857142856
39,1,8,4,1,5,1,7,7052.592083333333,28.583333333333332
39,2,1,1,6,5,1,2,7081.32140625,29.082142857142856
39,3,8,4,1,5,1,7,7052.592083333333,28.583333333333332
39,4,1,1,6,5,1,7,7062.099357638889,28.96845238095238
39,5,10,8,6,4,10,7,7055.326467013889,28.699404761904763
39,6,10,8,6,5,10,6,7055.326467013889,28.699404761904763
39,7,1,1,6,5,1,7,7062.099357638889,28.96845238095238
39,8,1,1,6,5,1,2,7081.32140625,29.082142857142856
39,9,1,2,6,5,4,3,7062.099357638889,28.96845238095238
39,10,10,8,6,5,9,7,7055.326467013889,28.699404761904763
39,11,1,1,6,5,1,7,7062.099357638889,28.96845238095238
39,12,1,1,6,5,1,7,7062.099357638889,28.96845238095238
39,13,1,1,6,5,1,7,7062.099357638889,28.96845238095238
39,14,1,1,6,5,1,2,7081.32140625,29.082142857142856
39,15,1,1,6,5,1,2,7081.32140625,29.082142857142856
39,16,1,1,6,5,1,2,7081.32140625,29.082142857142856
39,17,1,1,6,5,1,7,7062.099357638889,28.96845238095238
39,18,1,1,6,5,1,2,7081.32140625,29.082142857142856
39,19,1,1,6,5,1,2,7081.32140625,29.082142857142856
39,20,8,4,1,5,1,2,7062.099357638889,28.96845238095238
39,21,8,4,1,5,1,7,7052.592083333333,28.583333333333332
39,22,1,1,6,5,1,2,7081.32140625,29.082142857142856
39,23,8,4,1,5,1,2,7062.099357638889,28.96845238095238
39,24,9,4,1,4,1,7,7052.592083333333,28.583333333333332
39,25,1,1,6,5,1,7,7062.099357638889,28.96845238095238
39,26,1,1,6,5,1,2,7081.32140625,29.082142857142856
39,27,1,1,6,5,1,2,7081.32140625,29.082142857142856
39,28,1,1,6,5,5,3,7062.099357638889,28.96845238095238
39,29,1,1,6,5,1,2,7081.32140625,29.082142857142856
39,30,1,1,6,5,5,3,7062.099357638889,28.96845238095238
39,31,1,1,6,5,1,2,7081.32140625,29.082142857142856
39,32,1,1,6,5,1,2,7081.32140625,29.082142857142856
39,33,1,1,6,5,1,2,7081.32140625,29.082142857142856
39,34,1,1,6,5,1,2,7081.32140625,29.082142857142856
39,35,1,1,6,5,1,2,7081.32140625,29.082142857142856
39,36,1,1,6,5,1,2,7081.32140625,29.082142857142856
39,37,1,1,6,5,1,2,7081.32140625,29.082142857142856
39,38,1,1,6,5,1,2,7081.32140625,29.082142857142856
39,39,8,4,1,5,1,7,7052.592083333333,28.583333333333332
39,40,1,1,6,5,1,2,7081.32140625,29.082142857142856
39,41,1,1,6,5,5,3,7062.099357638889,28.96845238095238
39,42,1,1,6,5,1,2,7081.32140625,29.082142857142856
39,43,1,1,6,5,1,2,7081.32140625,29.082142857142856
39,44,1,1,6,5,1,2,7081.32140625,29.082142857142856
39,45,1,1,6,5,1,2,7081.32140625,29.082142857142856
39,46,1,1,6,5,1,2,7081.32140625,29.082142857142856
39,47,1,1,6,5,1,7,7062.099357638889,28.96845238095238
39,48,1,1,6,5,1,2,7081.32140625,29.082142857142856
39,49,1,1,6,5,1,2,7081.32140625,29.082142857142856
40,0,1,1,6,5,1,2,7081.32140625,29.082142857142856
40,1,8,4,1,5,1,7,7052.592083333333,28.583333333333332
40,2,1,1,6,5,1,2,7081.32140625,29.082142857142856
40,3,8,4,1,5,1,7,7052.592083333333,28.583333333333332
40,4,1,1,6,5,1,7,7062.099357638889,28.96845238095238
40,5,10,8,6,4,10,7,7055.326467013889,28.699404761904763
40,6,10,8,6,5,9,7,7055.326467013889,28.699404761904763
40,7,1,1,6,5,1,7,7062.099357638889,28.96845238095238
40,8,1,1,6,5,1,7,7062.099357638889,28.96845238095238
40,9,1,1,6,5,5,3,7062.099357638889,28.96845238095238
40,10,1,1,6,5,1,7,7062.099357638889,28.96845238095238
40,11,1,1,6,5,1,2,7081.32140625,29.082142857142856
40,12,1,1,6,5,1,7,7062.099357638889,28.96845238095238
40,13,1,1,6,5,1,2,7081.32140625,29.082142857142856
40,14,1,1,6,5,1,2,7081.32140625,29.082142857142856
40,15,1,1,6,5,1,7,7062.099357638889,28.96845238095238
40,16,1,1,6,5,1,2,7081.32140625,29.082142857142856
40,17,1,1,6,5,1,2,7081.32140625,29.082142857142856
40,18,8,4,1,5,1,2,7062.099357638889,28.96845238095238
40,19,1,1,6,5,1,2,7081.32140625,29.082142857142856
40,20,1,1,6,5,1,2,7081.32140625,29.082142857142856
40,21,1,1,6,5,1,2,7081.32140625,29.082142857142856
40,22,1,1,6,5,1,7,7062.099357638889,28.96845238095238
40,23,1,1,6,5,1,2,7081.32140625,29.082142857142856
40,24,1,1,6,5,1,2,7081.32140625,29.082142857142856
40,25,10,8,6,5,10,6,7055.326467013889,28.699404761904763
40,26,9,4,1,4,1,7,7052.592083333333,28.583333333333332
40,27,1,1,6,5,1,2,7081.32140625,29.082142857142856
40,28,1,1,6,5,1,7,7062.099357638889,28.96845238095238
40,29,1,1,6,5,1,2,7081.32140625,29.082142857142856
40,30,1,1,6,5,1,2,7081.32140625,29.082142857142856
40,31,1,1,6,5,1,7,7062.099357638889,28.96845238095238
40,32,1,1,6,5,1,2,7081.32140625,29.082142857142856
40,33,1,1,6,5,1,2,7081.32140625,29.082142857142856
40,34,1,1,6,5,1,2,7081.32140625,29.082142857142856
40,35,1,1,6,5,1,2,7081.32140625,29.082142857142856
40,36,1,1,6,5,1,2,7081.32140625,29.082142857142856
40,37,1,1,6,5,1,7,7062.099357638889,28.96845238095238
40,38,1,1,6,5,5,3,7062.099357638889,28.96845238095238
40,39,10,8,6,5,9,7,7055.326467013889,28.699404761904763
40,40,1,1,6,5,1,2,7081.32140625,29.082142857142856
40,41,1,2,6,5,4,3,7062.099357638889,28.96845238095238
40,42,1,1,6,5,1,2,7081.32140625,29.082142857142856
40,43,1,1,6,5,1,2,7081.32140625,29.082142857142856
40,44,8,4,1,5,1,7,7052.592083333333,28.583333333333332
40,45,1,1,6,5,1,2,7081.32140625,29.082142857142856
40,46,1,1,6,5,1,2,7081.32140625,29.082142857142856
40,47,1,1,6,5,1,2,7081.32140625,29.082142857142856
40,48,1,1,6,5,1,2,7081.32140625,29.082142857142856
40,49,8,4,1,5,1,7,7052.592083333333,28.583333333333332
41,0,1,1,6,5,1,2,7081.32140625,29.082142857142856
41,1,2,2,6,5,9,2,7052.592083333333,28.583333333333332
41,2,1,1,6,5,1,2,7081.32140625,29.082142857142856
41,3,8,4,1,5,1,7,7052.592083333333,28.583333333333332
41,4,1,1,6,5,1,7,7062.099357638889,28.96845238095238
41,5,10,8,6,4,10,7,7055.326467013889,28.699404761904763
41,6,10,8,6,5,9,7,7055.326467013889,28.699404761904763
41,7,1,1,6,5,1,7,7062.099357638889,28.96845238095238
41,8,1,1,6,5,1,7,7062.099357638889,28.96845238095238
41,9,1,1,6,5,1,2,7081.32140625,29.082142857142856
41,10,1,1,6,5,1,2,7081.32140625,29.082142857142856
41,11,1,1,6,5,1,2,7081.32140625,29.082142857142856
41,12,1,1,6,5,5,3,7062.099357638889,28.96845238095238
41,13,1,1,6,5,1,2,7081.32140625,29.082142857142856
41,14,1,1,6,5,1,2,7081.32140625,29.082142857142856
41,15,1,1,6,5,1,2,7081.32140625,29.082142857142856
41,16,1,1,6,5,1,2,7081.32140625,29.082142857142856
41,17,1,1,6,5,1,2,7081.32140625,29.082142857142856
41,18,1,1,6,5,1,2,7081.32140625,29.082142857142856
41,19,1,1,6,5,1,2,7081.32140625,29.082142857142856
41,20,1,1,6,5,1,2,7081.32140625,29.082142857142856
41,21,1,1,6,5,1,2,7081.32140625,29.082142857142856
41,22,1,1,6,5,1,7,7062.099357638889,28.96845238095238
41,23,1,1,6,5,1,2,7081.32140625,29.082142857142856
41,24,1,1,6,5,1,2,7081.32140625,29.082142857142856
41,25,1,1,6,5,1,7,7062.099357638889,28.96845238095238
41,26,1,1,6,5,1,2,7081.32140625,29.082142857142856
41,27,1,1,6,5,1,7,7062.099357638889,28.96845238095238
41,28,1,1,6,5,1,2,7081.32140625,29.082142857142856
41,29,1,1,6,5,1,7,7062.099357638889,28.96845238095238
41,30,1,1,6,5,1,2,7081.32140625,29.082142857142856
41,31,1,1,6,5,1,7,7062.099357638889,28.96845238095238
41,32,1,1,6,5,1,2,7081.32140625,29.082142857142856
41,33,1,1,6,5,1,2,7081.32140625,29.082142857142856
41,34,9,4,1,4,1,7,7052.592083333333,28.583333333333332
41,35,1,1,6,5,1,7,7062.099357638889,28.96845238095238
41,36,8,4,1,5,1,7,7052.592083333333,28.583333333333332
41,37,1,1,6,5,1,7,7062.099357638889,28.96845238095238
41,38,1,1,6,5,1,2,7081.32140625,29.082142857142856
41,39,1,1,6,5,1,2,7081.32140625,29.082142857142856
41,40,1,1,6,5,1,2,7081.32140625,29.082142857142856
41,41,1,1,6,5,1,7,7062.099357638889,28.96845238095238
41,42,1,1,6,5,1,7,7062.099357638889,28.96845238095238
41,43,1,1,6,5,1,2,7081.32140625,29.082142857142856
41,44,1,1,6,5,1,2,7081.32140625,29.082142857142856
41,45,1,1,6,5,1,7,7062.099357638889,28.96845238095238
41,46,8,4,1,5,1,7,7052.592083333333,28.583333333333332
41,47,1,1,6,5,1,2,7081.32140625,29.082142857142856
41,48,1,2,6,5,4,3,7062.099357638889,28.96845238095238
41,49,1,1,6,5,1,2,7081.32140625,29.082142857142856
42,0,8,4,1,5,1,7,7052.592083333333,28.583333333333332
42,1,2,2,6,5,9,2,7052.592083333333,28.583333333333332
42,2,1,1,6,5,1,2,7081.32140625,29.082142857142856
42,3,1,1,6,5,1,2,7081.32140625,29.082142857142856
42,4,1,1,6,5,1,7,7062.099357638889,28.96845238095238
42,5,10,8,6,4,10,7,7055.326467013889,28.699404761904763
42,6,9,9,6,5,9,7,7055.326467013889,28.699404761904763
42,7,1,1,6,5,1,7,7062.099357638889,28.96845238095238
42,8,1,1,6,5,1,7,7062.099357638889,28.96845238095238
42,9,1,1,6,5,1,2,7081.32140625,29.082142857142856
42,10,1,1,6,5,1,2,7081.32140625,29.082142857142856
42,11,8,4,1,5,1,7,7052.592083333333,28.583333333333332
42,12,1,1,6,5,1,2,7081.32140625,29.082142857142856
42,13,1,1,6,5,1,7,7062.099357638889,28.96845238095238
42,14,1,1,6,5,1,7,7062.099357638889,28.96845238095238
42,15,1,1,6,5,1,2,7081.32140625,29.082142857142856
42,16,1,1,6,5,1,2,7081.32140625,29.082142857142856
42,17,1,1,6,5,1,7,7062.099357638889,28.96845238095238
42,18,1,1,6,5,1,2,7081.32140625,29.082142857142856
42,19,1,1,6,5,1,2,7081.32140625,29.082142857142856
42,20,1,1,6,5,5,3,7062.099357638889,28.96845238095238
42,21,1,1,6,5,1,7,7062.099357638889,28.96845238095238
42,22,10,8,6,5,9,7,7055.326467013889,28.699404761904763
42,23,1,1,6,5,1,2,7081.32140625,29.082142857142856
42,24,1,1,6,5,1,2,7081.32140625,29.082142857142856
42,25,1,1,6,5,1,2,7081.32140625,29.082142857142856
42,26,1,1,6,5,1,2,7081.32140625,29.082142857142856
42,27,1,1,6,5,1,7,7062.099357638889,28.96845238095238
42,28,1,1,6,5,1,7,7062.099357638889,28.96845238095238
42,29,1,1,6,5,1,2,7081.32140625,29.082142857142856
42,30,1,1,6,5,1,7,7062.099357638889,28.96845238095238
42,31,8,4,1,5,1,7,7052.592083333333,28.583333333333332
42,32,1,1,6,5,1,7,7062.099357638889,28.96845238095238
42,33,1,1,6,5,1,7,7062.099357638889,28.96845238095238
42,34,1,1,6,5,1,2,7081.32140625,29.082142857142856
42,35,1,1,6,5,1,2,7081.32140625,29.082142857142856
42,36,1,1,6,5,1,2,7081.32140625,29.082142857142856
42,37,1,1,6,5,1,2,7081.32140625,29.082142857142856
42,38,1,1,6,5,1,7,7062.099357638889,28.96845238095238
42,39,1,1,6,5,1,7,7062.099357638889,28.96845238095238
42,40,1,1,6,5,1,7,7062.099357638889,28.96845238095238
42,41,1,1,1,5,1,7,7081.32140625,29.082142857142856
42,42,1,1,6,5,1,7,7062.099357638889,28.96845238095238
42,43,1,1,6,5,1,2,7081.32140625,29.082142857142856
42,44,1,1,6,5,1,2,7081.32140625,29.082142857142856
42,45,1,1,6,5,1,2,7081.32140625,29.082142857142856
42,46,1,1,6,5,1,2,7081.32140625,29.082142857142856
42,47,1,1,6,5,1,2,7081.32140625,29.082142857142856
42,48,1,1,6,5,1,2,7081.32140625,29.082142857142856
42,49,1,1,6,5,1,2,7081.32140625,29.082142857142856
43,0,8,4,1,5,1,7,7052.592083333333,28.583333333333332
43,1,1,1,6,5,1,2,7081.32140625,29.082142857142856
43,2,1,1,6,5,1,2,7081.32140625,29.082142857142856
43,3,8,4,1,5,1,7,7052.592083333333,28.583333333333332
43,4,1,1,6,5,1,7,7062.099357638889,28.96845238095238
43,5,10,8,6,4,10,7,7055.326467013889,28.699404761904763
43,6,10,8,6,5,10,6,7055.326467013889,28.699404761904763
43,7,1,1,6,5,1,7,7062.099357638889,28.96845238095238
43,8,1,1,6,5,1,7,7062.099357638889,28.96845238095238
43,9,1,1,6,5,1,2,7081.32140625,29.082142857142856
43,10,1,1,6,5,1,7,7062.099357638889,28.96845238095238
43,11,1,1,6,5,1,7,7062.099357638889,28.96845238095238
43,12,1,1,6,5,1,2,7081.32140625,29.082142857142856
43,13,1,1,6,5,1,7,7062.099357638889,28.96845238095238
43,14,1,1,6,5,1,7,7062.099357638889,28.96845238095238
43,15,1,1,6,5,1,2,7081.32140625,29.082142857142856
43,16,1,1,6,5,1,2,7081.32140625,29.082142857142856
43,17,1,1,6,5,1,7,7062.099357638889,28.96845238095238
43,18,1,1,6,5,1,2,7081.32140625,29.082142857142856
43,19,1,1,6,5,1,2,7081.32140625,29.082142857142856
43,20,1,1,6,5,1,2,7081.32140625,29.082142857142856
43,21,1,1,6,5,1,2,7081.32140625,29.082142857142856
43,22,1,1,6,5,1,7,7062.099357638889,28.96845238095238
43,23,1,1,6,5,1,7,7062.099357638889,28.96845238095238
43,24,1,1,6,5,1,7,7062.099357638889,28.96845238095238
43,25,1,1,6,5,1,7,7062.099357638889,28.96845238095238
43,26,1,1,6,5,1,2,7081.32140625,29.082142857142856
43,27,1,1,6,5,1,2,7081.32140625,29.082142857142856
43,28,1,1,1,5,1,7,7081.32140625,29.082142857142856
43,29,1,1,6,5,1,2,7081.32140625,29.082142857142856
43,30,1,1,6,5,1,2,7081.32140625,29.082142857142856
43,31,1,1,6,5,1,2,7081.32140625,29.082142857142856
43,32,1,1,6,5,1,7,7062.099357638889,28.96845238095238
43,33,2,2,6,5,9,2,7052.592083333333,28.583333333333332
43,34,1,1,6,5,1,2,7081.32140625,29.082142857142856
43,35,1,1,6,5,1,2,7081.32140625,29.082142857142856
43,36,1,1,6,5,1,2,7081.32140625,29.082142857142856
43,37,1,1,6,5,1,7,7062.099357638889,28.96845238095238
43,38,1,1,6,5,1,7,7062.099357638889,28.96845238095238
43,39,1,1,6,5,1,7,7062.099357638889,28.96845238095238
43,40,1,1,6,5,1,2,7081.32140625,29.082142857142856
43,41,1,1,6,5,1,2,7081.32140625,29.082142857142856
43,42,1,1,6,5,1,7,7062.099357638889,28.96845238095238
43,43,1,1,6,4,2,2,7081.32140625,29.082142857142856
43,44,1,1,6,5,1,2,7081.32140625,29.082142857142856
43,45,1,1,6,5,1,2,7081.32140625,29.082142857142856
43,46,1,1,6,5,1,2,7081.32140625,29.082142857142856
43,47,1,1,6,5,1,7,7062.099357638889,28.96845238095238
43,48,1,1,6,5,1,2,7081.32140625,29.082142857142856
43,49,1,1,6,5,1,7,7062.099357638889,28.96845238095238
44,0,1,1,6,5,1,2,7081.32140625,29.082142857142856
44,1,1,1,6,5,1,2,7081.32140625,29.082142857142856
44,2,8,4,1,5,1,7,7052.592083333333,28.583333333333332
44,3,8,4,6,5,1,2,7052.592083333333,28.583333333333332
44,4,1,1,6,5,1,7,7062.099357638889,28.96845238095238
44,5,10,8,6,4,10,7,7055.326467013889,28.699404761904763
44,6,10,8,6,5,10,6,7055.326467013889,28.699404761904763
44,7,1,1,6,5,1,7,7062.099357638889,28.96845238095238
44,8,1,1,6,5,1,2,7081.32140625,29.082142857142856
44,9,1,1,6,5,1,2,7081.32140625,29.082142857142856
44,10,1,1,1,4,2,7,7081.32140625,29.082142857142856
44,11,1,1,6,5,1,2,7081.32140625,29.082142857142856
44,12,1,1,1,5,1,7,7081.32140625,29.082142857142856
44,13,1,1,6,5,1,7,7062.099357638889,28.96845238095238
44,14,1,1,6,5,1,2,7081.32140625,29.082142857142856
44,15,1,1,6,5,1,7,7062.099357638889,28.96845238095238
44,16,1,1,6,5,1,2,7081.32140625,29.082142857142856
44,17,1,1,6,5,1,7,7062.099357638889,28.96845238095238
44,18,1,1,6,5,1,7,7062.099357638889,28.96845238095238
44,19,1,1,6,5,1,7,7062.099357638889,28.96845238095238
44,20,1,1,6,5,1,2,7081.32140625,29.082142857142856
44,21,1,1,6,4,2,2,7081.32140625,29.082142857142856
44,22,1,1,6,5,1,7,7062.099357638889,28.96845238095238
44,23,1,1,6,5,1,2,7081.32140625,29.082142857142856
44,24,1,1,6,5,1,7,7062.099357638889,28.96845238095238
44,25,1,1,6,5,1,2,7081.32140625,29.082142857142856
44,26,1,1,6,5,1,2,7081.32140625,29.082142857142856
44,27,1,1,6,5,1,2,7081.32140625,29.082142857142856
44,28,1,1,6,5,1,2,7081.32140625,29.082142857142856
44,29,1,1,6,5,1,2,7081.32140625,29.082142857142856
44,30,1,1,6,5,1,7,7062.099357638889,28.96845238095238
44,31,1,1,6,5,1,2,7081.32140625,29.082142857142856
44,32,1,1,6,5,1,2,7081.32140625,29.082142857142856
44,33,1,1,6,5,1,2,7081.32140625,29.082142857142856
44,34,1,1,6,5,1,2,7081.32140625,29.082142857142856
44,35,1,1,6,5,1,7,7062.099357638889,28.96845238095238
44,36,1,1,6,5,1,2,7081.32140625,29.082142857142856
44,37,1,1,6,5,1,2,7081.32140625,29.082142857142856
44,38,1,1,6,5,1,7,7062.099357638889,28.96845238095238
44,39,1,1,6,5,1,2,7081.32140625,29.082142857142856
44,40,1,1,6,5,1,7,7062.099357638889,28.96845238095238
44,41,1,1,6,5,1,2,7081.32140625,29.082142857142856
44,42,1,1,1,5,1,7,7081.32140625,29.082142857142856
44,43,10,8,6,5,10,6,7055.326467013889,28.699404761904763
44,44,2,2,6,5,9,2,7052.592083333333,28.583333333333332
44,45,1,1,6,5,1,7,7062.099357638889,28.96845238095238
44,46,1,1,6,5,1,2,7081.32140625,29.082142857142856
44,47,1,1,6,5,1,7,7062.099357638889,28.96845238095238
44,48,1,1,6,5,1,7,7062.099357638889,28.96845238095238
44,49,1,1,6,4,2,2,7081.32140625,29.082142857142856
45,0,8,4,1,5,1,7,7052.592083333333,28.583333333333332
45,1,8,4,6,5,1,2,7052.592083333333,28.583333333333332
45,2,1,1,6,5,1,2,7081.32140625,29.082142857142856
45,3,1,1,6,5,1,2,7081.32140625,29.082142857142856
45,4,1,1,6,5,1,7,7062.099357638889,28.96845238095238
45,5,10,8,6,4,10,7,7055.326467013889,28.699404761904763
45,6,10,8,6,5,10,6,7055.326467013889,28.699404761904763
45,7,1,1,6,5,1,7,7062.099357638889,28.96845238095238
45,8,1,1,6,5,1,2,7081.32140625,29.082142857142856
45,9,1,1,6,5,1,7,7062.099357638889,28.96845238095238
45,10,8,4,1,5,1,7,7052.592083333333,28.583333333333332
45,11,1,1,6,5,1,2,7081.32140625,29.082142857142856
45,12,1,1,6,5,1,2,7081.32140625,29.082142857142856
45,13,1,1,6,5,1,7,7062.099357638889,28.96845238095238
45,14,1,1,6,5,1,2,7081.32140625,29.082142857142856
45,15,1,1,6,5,1,2,7081.32140625,29.082142857142856
45,16,1,1,6,5,1,2,7081.32140625,29.082142857142856
45,17,1,1,1,5,1,7,7081.32140625,29.082142857142856
45,18,1,1,6,5,1,2,7081.32140625,29.082142857142856
45,19,1,1,6,5,1,7,7062.099357638889,28.96845238095238
45,20,1,1,6,5,1,7,7062.099357638889,28.96845238095238
45,21,1,1,6,5,1,2,7081.32140625,29.082142857142856
45,22,1,1,6,5,1,7,7062.099357638889,28.96845238095238
45,23,1,1,6,4,2,2,7081.32140625,29.082142857142856
45,24,1,1,6,5,1,2,7081.32140625,29.082142857142856
45,25,1,1,6,5,1,2,7081.32140625,29.082142857142856
45,26,1,1,1,5,1,7,7081.32140625,29.082142857142856
45,27,1,1,6,5,1,2,7081.32140625,29.082142857142856
45,28,1,1,6,5,1,7,7062.099357638889,28.96845238095238
45,29,1,1,6,5,1,2,7081.32140625,29.082142857142856
45,30,1,1,1,5,1,7,7081.32140625,29.082142857142856
45,31,1,1,6,5,1,7,7062.099357638889,28.96845238095238
45,32,1,1,6,5,1,2,7081.32140625,29.082142857142856
45,33,1,1,6,5,1,7,7062.099357638889,28.96845238095238
45,34,1,1,6,5,1,7,7062.099357638889,28.96845238095238
45,35,1,1,6,5,1,2,7081.32140625,29.082142857142856
45,36,1,1,6,5,1,2,7081.32140625,29.082142857142856
45,37,1,1,6,5,1,7,7062.099357638889,28.96845238095238
45,38,1,1,1,4,2,7,7081.32140625,29.082142857142856
45,39,1,1,6,5,1,2,7081.32140625,29.082142857142856
45,40,1,1,6,5,1,2,7081.32140625,29.082142857142856
45,41,1,1,6,5,1,2,7081.32140625,29.082142857142856
45,42,1,1,6,5,1,7,7062.099357638889,28.96845238095238
45,43,1,1,6,5,1,7,7062.099357638889,28.96845238095238
45,44,1,1,1,4,2,7,7081.32140625,29.082142857142856
45,45,1,1,6,5,1,2,7081.32140625,29.082142857142856
45,46,1,1,6,4,2,2,7081.32140625,29.082142857142856
45,47,1,1,6,5,1,2,7081.32140625,29.082142857142856
45,48,1,1,6,5,1,2,7081.32140625,29.082142857142856
45,49,1,1,6,5,1,2,7081.32140625,29.082142857142856
46,0,8,4,1,5,1,7,7052.592083333333,28.583333333333332
46,1,1,1,6,5,1,2,7081.32140625,29.082142857142856
46,2,8,4,1,5,1,7,7052.592083333333,28.583333333333332
46,3,1,1,6,5,1,2,7081.32140625,29.082142857142856
46,4,1,1,6,5,1,7,7062.099357638889,28.96845238095238
46,5,10,8,6,4,10,7,7055.326467013889,28.699404761904763
46,6,10,8,6,5,9,7,7055.326467013889,28.699404761904763
46,7,1,1,6,5,1,7,7062.099357638889,28.96845238095238
46,8,1,1,6,5,1,2,7081.32140625,29.082142857142856
46,9,1,1,6,5,1,7,7062.099357638889,28.96845238095238
46,10,1,1,6,5,1,7,7062.099357638889,28.96845238095238
46,11,1,1,6,4,2,2,7081.32140625,29.082142857142856
46,12,1,1,6,5,1,7,7062.099357638889,28.96845238095238
46,13,1,1,6,5,1,2,7081.32140625,29.082142857142856
46,14,1,1,6,5,1,2,7081.32140625,29.082142857142856
46,15,1,1,6,5,1,7,7062.099357638889,28.96845238095238
46,16,1,1,6,5,1,2,7081.32140625,29.082142857142856
46,17,1,1,1,5,1,7,7081.32140625,29.082142857142856
46,18,1,1,6,5,1,2,7081.32140625,29.082142857142856
46,19,1,1,6,5,1,7,7062.099357638889,28.96845238095238
46,20,1,1,6,5,1,7,7062.099357638889,28.96845238095238
46,21,8,4,6,5,1,2,7052.592083333333,28.583333333333332
46,22,1,1,6,5,1,7,7062.099357638889,28.96845238095238
46,23,1,1,6,5,1,7,7062.099357638889,28.96845238095238
46,24,1,1,6,5,1,2,7081.32140625,29.082142857142856
46,25,8,4,6,5,1,2,7052.592083333333,28.583333333333332
46,26,1,1,6,5,1,2,7081.32140625,29.082142857142856
46,27,1,1,6,5,1,2,7081.32140625,29.082142857142856
46,28,8,4,1,5,1,7,7052.592083333333,28.583333333333332
46,29,1,1,6,5,1,2,7081.32140625,29.082142857142856
46,30,1,1,6,5,1,2,7081.32140625,29.082142857142856
46,31,1,1,6,5,1,2,7081.32140625,29.082142857142856
46,32,1,1,6,4,2,2,7081.32140625,29.082142857142856
46,33,1,1,6,5,1,2,7081.32140625,29.082142857142856
46,34,1,1,6,5,1,2,7081.32140625,29.082142857142856
46,35,1,1,6,5,1,7,7062.099357638889,28.96845238095238
46,36,1,1,6,5,1,2,7081.32140625,29.082142857142856
46,37,1,1,6,5,1,2,7081.32140625,29.082142857142856
46,38,1,1,6,5,1,2,7081.32140625,29.082142857142856
46,39,1,1,6,5,1,7,7062.099357638889,28.96845238095238
46,40,1,1,5,5,2,7,7062.099357638889,28.96845238095238
46,41,1,1,1,4,2,7,7081.32140625,29.082142857142856
46,42,1,1,6,5,1,2,7081.32140625,29.082142857142856
46,43,1,1,6,5,1,2,7081.32140625,29.082142857142856
46,44,1,1,6,5,1,7,7062.099357638889,28.96845238095238
46,45,1,1,1,4,2,7,7081.32140625,29.082142857142856
46,46,1,1,6,5,1,2,7081.32140625,29.082142857142856
46,47,1,1,6,4,2,2,7081.32140625,29.082142857142856
46,48,1,1,6,5,1,7,7062.099357638889,28.96845238095238
46,49,1,1,6,5,1,7,7062.099357638889,28.96845238095238
47,0,1,1,6,5,1,2,7081.32140625,29.082142857142856
47,1,8,4,1,5,1,7,7052.592083333333,28.583333333333332
47,2,8,4,1,5,1,7,7052.592083333333,28.583333333333332
47,3,1,1,6,5,1,2,7081.32140625,29.082142857142856
47,4,1,1,6,5,1,7,7062.099357638889,28.96845238095238
47,5,10,8,6,4,10,7,7055.326467013889,28.699404761904763
47,6,10,8,6,5,9,7,7055.326467013889,28.699404761904763
47,7,1,1,6,5,1,7,7062.099357638889,28.96845238095238
47,8,8,4,1,5,1,7,7052.592083333333,28.583333333333332
47,9,1,1,6,5,1,2,7081.32140625,29.082142857142856
47,10,1,1,6,5,1,7,7062.099357638889,28.96845238095238
47,11,1,1,6,5,1,2,7081.32140625,29.082142857142856
47,12,1,1,6,5,1,2,7081.32140625,29.082142857142856
47,13,8,4,1,5,1,7,7052.592083333333,28.583333333333332
47,14,1,1,6,5,1,7,7062.099357638889,28.96845238095238
47,15,8,4,1,5,1,7,7052.592083333333,28.583333333333332
47,16,1,1,6,5,1,2,7081.32140625,29.082142857142856
47,17,1,1,6,5,1,7,7062.099357638889,28.96845238095238
47,18,1,1,6,5,1,7,7062.099357638889,28.96845238095238
47,19,1,1,6,5,1,2,7081.32140625,29.082142857142856
47,20,1,1,6,5,1,7,7062.099357638889,28.96845238095238
47,21,1,1,6,5,1,2,7081.32140625,29.082142857142856
47,22,1,1,6,5,1,7,7062.099357638889,28.96845238095238
47,23,1,1,6,4,2,2,7081.32140625,29.082142857142856
47,24,1,1,6,4,2,2,7081.32140625,29.082142857142856
47,25,1,1,6,4,2,2,7081.32140625,29.082142857142856
47,26,1,1,6,5,1,2,7081.32140625,29.082142857142856
47,27,1,1,6,5,1,7,7062.099357638889,28.96845238095238
47,28,1,1,5,5,2,7,7062.099357638889,28.96845238095238
47,29,1,1,6,5,1,2,7081.32140625,29.082142857142856
47,30,1,1,6,5,1,7,7062.099357638889,28.96845238095238
47,31,1,1,6,5,1,7,7062.099357638889,28.96845238095238
47,32,1,1,6,5,1,2,7081.32140625,29.082142857142856
47,33,1,1,6,5,1,2,7081.32140625,29.082142857142856
47,34,1,1,6,5,1,2,7081.32140625,29.082142857142856
47,35,1,1,6,5,1,2,7081.32140625,29.082142857142856
47,36,1,1,6,5,1,2,7081.32140625,29.082142857142856
47,37,1,1,6,5,1,2,7081.32140625,29.082142857142856
47,38,1,1,6,5,1,7,7062.099357638889,28.96845238095238
47,39,1,1,6,4,2,2,7081.32140625,29.082142857142856
47,40,1,1,6,5,1,2,7081.32140625,29.082142857142856
47,41,1,1,6,5,1,7,7062.099357638889,28.96845238095238
47,42,1,1,6,5,1,7,7062.099357638889,28.96845238095238
47,43,1,1,6,4,2,2,7081.32140625,29.082142857142856
47,44,1,1,6,5,1,2,7081.32140625,29.082142857142856
47,45,1,1,6,5,1,2,7081.32140625,29.082142857142856
47,46,8,4,1,5,1,7,7052.592083333333,28.583333333333332
47,47,1,1,6,5,1,7,7062.099357638889,28.96845238095238
47,48,1,1,6,5,1,7,7062.099357638889,28.96845238095238
47,49,1,1,1,5,1,7,7081.32140625,29.082142857142856
48,0,1,1,6,5,1,2,7081.32140625,29.082142857142856
48,1,8,4,1,5,1,7,7052.592083333333,28.583333333333332
48,2,8,4,1,5,1,7,7052.592083333333,28.583333333333332
48,3,1,1,6,5,1,2,7081.32140625,29.082142857142856
48,4,1,1,6,5,1,7,7062.099357638889,28.96845238095238
48,5,10,8,6,4,10,7,7055.326467013889,28.699404761904763
48,6,10,8,6,5,9,7,7055.326467013889,28.699404761904763
48,7,1,1,6,5,1,7,7062.099357638889,28.96845238095238
48,8,8,4,1,5,1,7,7052.592083333333,28.583333333333332
48,9,1,1,6,5,1,7,7062.099357638889,28.96845238095238
48,10,1,1,1,5,1,7,7081.32140625,29.082142857142856
48,11,1,1,6,5,1,2,7081.32140625,29.082142857142856
48,12,1,1,6,5,1,7,7062.099357638889,28.96845238095238
48,13,1,1,6,5,1,2,7081.32140625,29.082142857142856
48,14,1,1,6,4,2,2,7081.32140625,29.082142857142856
48,15,1,1,6,5,1,7,7062.099357638889,28.96845238095238
48,16,1,1,6,5,1,2,7081.32140625,29.082142857142856
48,17,1,1,1,5,1,7,7081.32140625,29.082142857142856
48,18,1,1,6,5,1,2,7081.32140625,29.082142857142856
48,19,1,1,6,5,1,7,7062.099357638889,28.96845238095238
48,20,1,1,6,5,1,2,7081.32140625,29.082142857142856
48,21,1,1,6,5,1,7,7062.099357638889,28.96845238095238
48,22,8,4,1,5,1,7,7052.592083333333,28.583333333333332
48,23,1,1,6,5,1,2,7081.32140625,29.082142857142856
48,24,1,1,6,5,1,7,7062.099357638889,28.96845238095238
48,25,1,1,6,4,2,2,7081.32140625,29.082142857142856
48,26,1,1,6,5,1,7,7062.099357638889,28.96845238095238
48,27,8,4,1,5,1,7,7052.592083333333,28.583333333333332
48,28,1,1,6,5,1,7,7062.099357638889,28.96845238095238
48,29,1,1,6,5,1,2,7081.32140625,29.082142857142856
48,30,1,1,6,5,1,7,7062.099357638889,28.96845238095238
48,31,1,1,6,5,1,2,7081.32140625,29.082142857142856
48,32,8,4,1,5,1,7,7052.592083333333,28.583333333333332
48,33,1,1,6,5,1,2,7081.32140625,29.082142857142856
48,34,1,1,6,5,1,7,7062.099357638889,28.96845238095238
48,35,1,1,6,5,1,2,7081.32140625,29.082142857142856
48,36,1,1,6,5,1,7,7062.099357638889,28.96845238095238
48,37,1,1,6,5,1,2,7081.32140625,29.082142857142856
48,38,1,1,6,5,1,2,7081.32140625,29.082142857142856
48,39,1,1,6,5,1,7,7062.099357638889,28.96845238095238
48,40,8,4,6,5,1,2,7052.592083333333,28.583333333333332
48,41,1,1,6,4,2,2,7081.32140625,29.082142857142856
48,42,1,1,5,5,2,7,7062.099357638889,28.96845238095238
48,43,1,1,6,5,1,2,7081.32140625,29.082142857142856
48,44,1,1,6,5,1,2,7081.32140625,29.082142857142856
48,45,1,1,6,5,1,7,7062.099357638889,28.96845238095238
48,46,1,1,1,5,1,7,7081.32140625,29.082142857142856
48,47,1,1,6,5,1,7,7062.099357638889,28.96845238095238
48,48,1,1,6,5,1,7,7062.099357638889,28.96845238095238
48,49,1,1,6,5,1,2,7081.32140625,29.082142857142856
49,0,1,1,6,5,1,2,7081.32140625,29.082142857142856
49,1,1,1,6,5,1,2,7081.32140625,29.082142857142856
49,2,8,4,1,5,1,7,7052.592083333333,28.583333333333332
49,3,8,4,1,5,1,7,7052.592083333333,28.583333333333332
49,4,1,1,6,5,1,7,7062.099357638889,28.96845238095238
49,5,10,8,6,4,10,7,7055.326467013889,28.699404761904763
49,6,10,8,6,5,9,7,7055.326467013889,28.699404761904763
49,7,1,1,6,5,1,7,7062.099357638889,28.96845238095238
49,8,8,4,1,5,1,7,7052.592083333333,28.583333333333332
49,9,1,1,6,4,2,2,7081.32140625,29.082142857142856
49,10,1,1,6,5,1,2,7081.32140625,29.082142857142856
49,11,1,1,1,5,1,7,7081.32140625,29.082142857142856
49,12,1,1,6,5,1,7,7062.099357638889,28.96845238095238
49,13,1,1,6,5,1,2,7081.32140625,29.082142857142856
49,14,1,1,1,5,1,7,7081.32140625,29.082142857142856
49,15,1,1,6,5,1,7,7062.099357638889,28.96845238095238
49,16,1,1,6,5,1,7,7062.099357638889,28.96845238095238
49,17,1,1,1,5,1,7,7081.32140625,29.082142857142856
49,18,1,1,6,5,1,7,7062.099357638889,28.96845238095238
49,19,1,1,1,5,1,7,7081.32140625,29.082142857142856
49,20,1,1,6,5,1,7,7062.099357638889,28.96845238095238
49,21,8,4,1,5,1,7,7052.592083333333,28.583333333333332
49,22,1,1,6,5,1,2,7081.32140625,29.082142857142856
49,23,1,1,6,5,1,7,7062.099357638889,28.96845238095238
49,24,1,1,6,5,1,2,7081.32140625,29.082142857142856
49,25,1,1,6,5,1,2,7081.32140625,29.082142857142856
49,26,1,1,6,5,1,7,7062.099357638889,28.96845238095238
49,27,1,1,6,5,1,2,7081.32140625,29.082142857142856
49,28,1,1,6,5,1,7,7062.099357638889,28.96845238095238
49,29,1,1,6,5,1,7,7062.099357638889,28.96845238095238
49,30,1,1,6,5,1,2,7081.32140625,29.082142857142856
49,31,1,1,6,5,1,7,7062.099357638889,28.96845238095238
49,32,1,1,6,5,1,7,7062.099357638889,28.96845238095238
49,33,1,1,6,5,1,7,7062.099357638889,28.96845238095238
49,34,1,1,6,5,1,7,7062.099357638889,28.96845238095238
49,35,1,1,6,5,1,2,7081.32140625,29.082142857142856
49,36,1,1,6,5,1,2,7081.32140625,29.082142857142856
49,37,1,1,6,5,1,2,7081.32140625,29.082142857142856
49,38,1,1,6,5,1,7,7062.099357638889,28.96845238095238
49,39,1,1,6,5,1,7,7062.099357638889,28.96845238095238
49,40,1,1,6,5,1,2,7081.32140625,29.082142857142856
49,41,1,1,6,5,1,7,7062.099357638889,28.96845238095238
49,42,1,1,6,5,1,7,7062.099357638889,28.96845238095238
49,43,1,1,6,4,2,2,7081.32140625,29.082142857142856
49,44,8,4,1,5,1,7,7052.592083333333,28.583333333333332
49,45,1,1,6,5,1,2,7081.32140625,29.082142857142856
49,46,1,1,6,5,1,7,7062.099357638889,28.96845238095238
49,47,1,1,6,5,1,2,7081.32140625,29.082142857142856
49,48,8,4,1,5,1,7,7052.592083333333,28.583333333333332
49,49,1,1,6,5,1,2,7081.32140625,29.082142857142856
