generation_index,individual_index,cap_post_loading_buffer,cap_post_conveyor_buffer,cap_post_washing_buffer,cap_pre_press1_buffer,cap_pre_press2_buffer,cap_post_press12_buffer,wip,throughput
0,0,7,3,5,1,1,1,24.511309523809523,1.4583333333333333
0,1,4,2,1,4,3,10,29.778769841269842,1.3428571428571427
0,2,8,1,2,3,2,2,24.682539682539684,1.3107142857142857
0,3,3,2,10,2,1,8,32.204166666666666,1.3714285714285714
0,4,10,5,6,3,1,10,41.31051587301587,1.361904761904762
0,5,6,7,1,5,1,6,32.3109126984127,1.348809523809524
0,6,1,3,4,10,4,2,29.521031746031746,1.2904761904761906
0,7,2,1,4,10,2,1,26.334126984126986,1.2773809523809525
0,8,6,4,6,8,1,1,32.51904761904762,1.3535714285714286
0,9,5,2,1,2,7,8,31.44563492063492,1.3023809523809524
0,10,5,3,7,5,5,4,35.22380952380952,1.325
0,11,2,2,9,4,8,4,35.22380952380952,1.325
0,12,5,8,1,5,6,2,32.53055555555556,1.2845238095238094
0,13,10,9,1,4,10,6,46.50535714285714,1.3464285714285713
0,14,9,3,5,8,10,5,46.34742063492063,1.3404761904761904
0,15,3,4,2,8,2,8,33.04265873015873,1.2880952380952382
0,16,10,1,4,6,2,4,33.78293650793651,1.3166666666666667
0,17,1,9,1,3,9,4,33.6093253968254,1.2797619047619047
0,18,6,1,10,4,7,1,35.91468253968254,1.325
0,19,10,7,9,7,1,9,49.18055555555556,1.3440476190476192
0,20,9,4,7,5,3,1,35.91468253968254,1.325
0,21,2,10,1,10,2,5,35.99444444444445,1.2773809523809523
0,22,5,5,2,4,6,9,37.00297619047619,1.2988095238095239
0,23,9,4,8,1,4,7,39.27738095238095,1.3202380952380952
0,24,6,1,1,10,6,3,33.838095238095235,1.269047619047619
0,25,2,6,5,8,2,7,36.103968253968254,1.2488095238095238
0,26,6,6,9,3,5,1,35.95297619047619,1.2452380952380953
0,27,3,10,2,1,9,9,40.57083333333333,1.3107142857142857
0,28,4,10,3,7,4,3,37.43690476190476,1.2952380952380953
0,29,7,5,2,5,2,10,37.54781746031746,1.273809523809524
0,30,7,3,1,9,5,5,36.38809523809524,1.2452380952380953
0,31,10,7,5,10,1,6,45.134325396825396,1.2988095238095239
0,32,4,9,7,6,9,7,47.71031746031746,1.3
0,33,5,10,2,3,2,10,37.4156746031746,1.225
0,34,6,7,9,8,4,8,48.05396825396826,1.3
0,35,2,3,8,5,7,7,37.708531746031746,1.2476190476190476
0,36,4,7,10,10,3,5,45.36190476190476,1.2845238095238096
0,37,6,10,1,7,3,8,41.448214285714286,1.2619047619047619
0,38,8,9,5,10,7,3,48.449801587301586,1.3
0,39,5,1,1,9,8,9,39.040277777777774,1.2428571428571429
0,40,10,6,5,2,7,8,43.86765873015873,1.2511904761904762
0,41,10,8,9,3,3,4,43.60515873015873,1.2476190476190476
0,42,2,8,6,9,7,9,47.38630952380952,1.2726190476190475
0,43,8,8,9,7,7,2,47.66884920634921,1.2726190476190475
0,44,10,4,8,10,2,7,47.46388888888889,1.263095238095238
0,45,2,9,1,10,9,5,42.59107142857143,1.1988095238095238
0,46,9,5,9,6,7,9,51.382936507936506,1.2833333333333332
0,47,7,9,1,9,8,2,42.70376984126984,1.1988095238095238
0,48,8,10,4,6,6,10,50.55515873015873,1.2416666666666667
0,49,9,10,7,6,4,10,51.78035714285714,1.2702380952380952
1,0,7,3,5,1,1,1,24.511309523809523,1.4583333333333333
1,1,8,1,2,3,1,2,23.678373015873017,1.361904761904762
1,2,6,3,5,1,1,1,23.5109126984127,1.3547619047619048
1,3,4,1,1,4,2,1,19.912103174603175,1.325
1,4,7,3,1,1,5,5,28.551190476190477,1.3678571428571429
1,5,2,4,2,4,1,5,24.353373015873014,1.3571428571428572
1,6,8,1,2,2,2,2,23.86845238095238,1.305952380952381
1,7,9,5,8,1,1,10,39.890079365079366,1.4357142857142857
1,8,10,4,1,2,1,10,34.13988095238095,1.3785714285714286
1,9,3,9,1,1,7,3,29.67718253968254,1.3773809523809524
1,10,8,1,2,3,2,2,24.682539682539684,1.3107142857142857
1,11,9,4,9,1,1,7,37.446626984126986,1.3773809523809524
1,12,6,7,1,4,1,5,30.15575396825397,1.3738095238095238
1,13,6,3,7,5,1,1,29.71924603174603,1.3678571428571429
1,14,3,1,1,4,3,10,28.143650793650792,1.3142857142857143
1,15,4,2,1,4,3,10,29.778769841269842,1.3428571428571427
1,16,2,1,4,10,2,1,26.334126984126986,1.2773809523809525
1,17,1,3,3,10,4,1,28.899603174603175,1.3035714285714286
1,18,2,9,2,1,8,3,31.05238095238095,1.3738095238095238
1,19,5,1,1,3,8,4,28.602777777777778,1.2857142857142856
1,20,10,7,8,6,1,9,46.77738095238095,1.3761904761904762
1,21,3,2,10,2,1,8,32.204166666666666,1.3714285714285714
1,22,1,3,4,10,4,2,29.521031746031746,1.2904761904761906
1,23,7,3,5,8,1,1,30.940873015873017,1.332142857142857
1,24,9,3,7,7,1,7,39.868452380952384,1.3738095238095238
1,25,10,5,6,3,1,10,41.31051587301587,1.361904761904762
1,26,6,4,6,8,1,1,32.51904761904762,1.3535714285714286
1,27,5,2,1,2,7,8,31.44563492063492,1.3023809523809524
1,28,3,4,2,7,2,8,32.22837301587302,1.35
1,29,2,5,4,9,2,1,29.716468253968255,1.2892857142857141
1,30,6,7,1,5,1,6,32.3109126984127,1.348809523809524
1,31,10,4,8,9,2,7,46.272420634920636,1.355952380952381
1,32,9,7,9,1,4,9,44.6125,1.351190476190476
1,33,2,2,8,2,4,8,32.417857142857144,1.3488095238095237
1,34,5,8,1,5,6,2,32.53055555555556,1.2845238095238094
1,35,4,7,2,4,1,9,32.80099206349206,1.3464285714285715
1,36,6,10,1,6,1,8,38.2234126984127,1.3476190476190477
1,37,5,3,7,5,5,4,35.22380952380952,1.325
1,38,2,2,9,4,8,4,35.22380952380952,1.325
1,39,10,9,1,4,10,6,46.50535714285714,1.3464285714285713
1,40,3,4,2,8,2,8,33.04265873015873,1.2880952380952382
1,41,10,1,4,6,2,4,33.78293650793651,1.3166666666666667
1,42,9,1,4,6,3,4,33.58670634920635,1.3154761904761905
1,43,3,2,8,4,8,9,40.385714285714286,1.3369047619047618
1,44,8,5,9,7,4,7,46.06388888888889,1.3404761904761904
1,45,5,8,2,5,6,1,33.52301587301587,1.305952380952381
1,46,10,7,9,7,1,9,49.18055555555556,1.3440476190476192
1,47,1,9,1,3,9,4,33.6093253968254,1.2797619047619047
1,48,9,3,5,8,10,5,46.34742063492063,1.3404761904761904
1,49,2,2,8,9,6,2,35.68710317460317,1.325
2,0,7,3,5,1,1,1,24.511309523809523,1.4583333333333333
2,1,2,4,2,1,1,3,19.617857142857144,1.457142857142857
2,2,4,1,1,4,2,1,19.912103174603175,1.325
2,3,4,3,1,1,5,1,21.51964285714286,1.3904761904761904
2,4,3,4,2,1,1,8,24.984126984126984,1.4511904761904761
2,5,8,1,2,3,1,2,23.678373015873017,1.361904761904762
2,6,6,3,5,1,1,1,23.5109126984127,1.3547619047619048
2,7,2,9,1,1,1,5,25.333928571428572,1.444047619047619
2,8,1,3,9,1,1,7,27.840079365079365,1.4476190476190476
2,9,6,3,2,3,1,1,22.140873015873016,1.3547619047619046
2,10,6,3,5,1,1,1,23.5109126984127,1.3547619047619048
2,11,8,1,2,3,1,1,22.140873015873016,1.3547619047619046
2,12,2,4,2,4,1,5,24.353373015873014,1.3571428571428572
2,13,8,1,2,2,2,2,23.86845238095238,1.305952380952381
2,14,4,5,1,4,2,1,23.5390873015873,1.2940476190476191
2,15,9,4,5,1,1,1,27.512301587301586,1.4416666666666667
2,16,9,5,8,1,1,10,39.890079365079366,1.4357142857142857
2,17,7,4,1,1,1,10,30.28531746031746,1.4261904761904762
2,18,3,3,1,7,1,7,27.876984126984127,1.4190476190476191
2,19,10,3,1,2,1,1,24.53313492063492,1.3464285714285713
2,20,6,1,2,8,1,1,25.328373015873016,1.3511904761904763
2,21,7,3,1,1,5,5,28.551190476190477,1.3678571428571429
2,22,3,9,1,1,7,3,29.67718253968254,1.3773809523809524
2,23,8,1,2,3,2,2,24.682539682539684,1.3107142857142857
2,24,2,1,2,10,2,1,24.73035714285714,1.3261904761904761
2,25,6,3,7,5,1,2,30.471230158730158,1.3892857142857142
2,26,3,9,8,1,1,3,31.4156746031746,1.3964285714285714
2,27,8,1,4,3,1,2,25.67876984126984,1.3345238095238094
2,28,10,3,5,2,1,1,28.13670634920635,1.3369047619047618
2,29,6,4,5,1,1,10,33.10515873015873,1.4142857142857144
2,30,10,4,1,2,1,10,34.13988095238095,1.3785714285714286
2,31,6,7,1,4,1,5,30.15575396825397,1.3738095238095238
2,32,6,3,7,5,1,1,29.71924603174603,1.3678571428571429
2,33,2,1,4,10,2,1,26.334126984126986,1.2773809523809525
2,34,3,4,10,2,1,8,34.381547619047616,1.3797619047619047
2,35,7,1,1,4,2,5,26.562301587301587,1.3166666666666667
2,36,7,3,9,1,1,7,34.42043650793651,1.4095238095238096
2,37,3,1,1,4,3,10,28.143650793650792,1.3142857142857143
2,38,4,2,1,4,3,10,29.778769841269842,1.3428571428571427
2,39,2,9,2,1,8,3,31.05238095238095,1.3738095238095238
2,40,9,1,8,1,1,10,35.90714285714286,1.3869047619047619
2,41,9,4,9,1,1,7,37.446626984126986,1.3773809523809524
2,42,1,3,3,10,4,1,28.899603174603175,1.3035714285714286
2,43,5,1,1,3,8,4,28.602777777777778,1.2857142857142856
2,44,3,2,10,2,1,8,32.204166666666666,1.3714285714285714
2,45,7,3,5,8,1,1,30.940873015873017,1.332142857142857
2,46,3,2,2,7,2,8,30.249801587301587,1.3047619047619048
2,47,6,1,1,6,1,10,31.145238095238096,1.3464285714285715
2,48,8,4,6,2,2,2,30.668650793650794,1.3285714285714285
2,49,1,3,4,10,4,2,29.521031746031746,1.2904761904761906
3,0,7,3,5,1,1,1,24.511309523809523,1.4583333333333333
3,1,2,4,2,1,1,3,19.617857142857144,1.457142857142857
3,2,7,3,5,1,1,1,24.511309523809523,1.4583333333333333
3,3,2,4,2,1,1,3,19.617857142857144,1.457142857142857
3,4,3,1,2,1,2,2,16.911309523809525,1.3678571428571429
3,5,7,3,5,1,1,1,24.511309523809523,1.4583333333333333
3,6,4,1,1,4,2,1,19.912103174603175,1.325
3,7,3,4,2,1,1,8,24.984126984126984,1.4511904761904761
3,8,3,4,2,1,1,3,20.42638888888889,1.4321428571428572
3,9,4,1,1,4,2,1,19.912103174603175,1.325
3,10,4,1,1,4,2,1,19.912103174603175,1.325
3,11,3,3,5,1,1,1,20.32638888888889,1.4095238095238094
3,12,4,3,1,1,5,1,21.51964285714286,1.3904761904761904
3,13,2,9,1,1,1,5,25.333928571428572,1.444047619047619
3,14,1,3,9,1,1,7,27.840079365079365,1.4476190476190476
3,15,6,1,2,3,1,1,20.331944444444446,1.3845238095238095
3,16,4,3,1,1,5,1,21.51964285714286,1.3904761904761904
3,17,8,1,2,3,1,2,23.678373015873017,1.361904761904762
3,18,9,4,5,1,1,1,27.512301587301586,1.4416666666666667
3,19,4,1,2,4,2,1,20.341666666666665,1.2654761904761904
3,20,6,9,2,1,1,1,25.945238095238096,1.4273809523809524
3,21,2,5,1,4,2,1,21.340873015873015,1.3547619047619048
3,22,2,1,2,10,1,2,23.915079365079364,1.369047619047619
3,23,1,5,1,4,2,1,20.91626984126984,1.2964285714285715
3,24,6,3,5,1,1,1,23.5109126984127,1.3547619047619048
3,25,6,3,2,3,1,1,22.140873015873016,1.3547619047619046
3,26,6,3,5,1,1,1,23.5109126984127,1.3547619047619048
3,27,8,1,2,3,1,1,22.140873015873016,1.3547619047619046
3,28,2,4,2,4,1,5,24.353373015873014,1.3571428571428572
3,29,9,5,8,1,1,10,39.890079365079366,1.4357142857142857
3,30,7,4,1,1,1,10,30.28531746031746,1.4261904761904762
3,31,3,3,1,7,1,7,27.876984126984127,1.4190476190476191
3,32,8,1,2,3,1,1,22.140873015873016,1.3547619047619046
3,33,2,4,2,4,1,5,24.353373015873014,1.3571428571428572
3,34,8,1,2,3,1,1,22.140873015873016,1.3547619047619046
3,35,9,4,8,1,1,10,39.301785714285714,1.4285714285714286
3,36,7,9,1,1,1,10,35.50575396825397,1.4273809523809524
3,37,9,5,8,1,1,10,39.890079365079366,1.4357142857142857
3,38,6,3,2,3,1,1,22.140873015873016,1.3547619047619046
3,39,6,4,5,1,1,10,33.10515873015873,1.4142857142857144
3,40,6,4,5,1,1,10,33.10515873015873,1.4142857142857144
3,41,2,1,4,6,2,1,22.148809523809526,1.3142857142857143
3,42,6,1,2,8,1,1,25.328373015873016,1.3511904761904763
3,43,4,3,9,1,1,7,31.047420634920634,1.3964285714285714
3,44,3,9,1,1,7,3,29.67718253968254,1.3773809523809524
3,45,7,3,1,1,5,5,28.551190476190477,1.3678571428571429
3,46,10,3,1,2,1,1,24.53313492063492,1.3464285714285713
3,47,6,3,7,5,1,2,30.471230158730158,1.3892857142857142
3,48,7,3,1,1,5,5,28.551190476190477,1.3678571428571429
3,49,10,3,1,2,1,1,24.53313492063492,1.3464285714285713
4,0,7,3,5,1,1,1,24.511309523809523,1.4583333333333333
4,1,7,3,5,1,1,1,24.511309523809523,1.4583333333333333
4,2,7,3,5,1,1,1,24.511309523809523,1.4583333333333333
4,3,6,5,5,1,1,10,34.08452380952381,1.4607142857142856
4,4,7,3,5,1,1,1,24.511309523809523,1.4583333333333333
4,5,2,4,1,1,1,1,16.51607142857143,1.405952380952381
4,6,4,1,1,1,2,1,16.33809523809524,1.4047619047619047
4,7,2,3,2,1,1,3,18.236309523809524,1.4476190476190476
4,8,7,3,5,1,1,1,24.511309523809523,1.4583333333333333
4,9,7,3,5,1,1,1,24.511309523809523,1.4583333333333333
4,10,7,3,5,1,1,1,24.511309523809523,1.4583333333333333
4,11,3,4,2,1,1,2,19.47301587301587,1.457142857142857
4,12,2,4,2,1,1,3,19.617857142857144,1.457142857142857
4,13,2,4,2,1,1,3,19.617857142857144,1.457142857142857
4,14,3,1,2,1,2,2,16.911309523809525,1.3678571428571429
4,15,3,1,2,1,2,2,16.911309523809525,1.3678571428571429
4,16,3,1,2,1,2,2,16.911309523809525,1.3678571428571429
4,17,4,3,1,1,1,1,17.524603174603175,1.3761904761904762
4,18,3,4,2,1,1,8,24.984126984126984,1.4511904761904761
4,19,3,4,2,1,1,3,20.42638888888889,1.4321428571428572
4,20,3,3,5,1,1,1,20.32638888888889,1.4095238095238094
4,21,2,1,4,1,2,1,17.320238095238096,1.325
4,22,3,4,2,1,1,3,20.42638888888889,1.4321428571428572
4,23,4,5,1,1,2,1,20.14107142857143,1.405952380952381
4,24,7,1,5,1,1,1,22.322420634920636,1.4464285714285714
4,25,4,1,1,4,2,1,19.912103174603175,1.325
4,26,4,1,1,4,2,1,19.912103174603175,1.325
4,27,4,1,1,4,2,1,19.912103174603175,1.325
4,28,2,9,1,1,1,5,25.333928571428572,1.444047619047619
4,29,1,3,9,1,1,7,27.840079365079365,1.4476190476190476
4,30,6,1,2,3,1,1,20.331944444444446,1.3845238095238095
4,31,1,3,1,4,2,1,18.71964285714286,1.2714285714285714
4,32,4,1,1,4,2,1,19.912103174603175,1.325
4,33,6,1,2,3,1,1,20.331944444444446,1.3845238095238095
4,34,6,3,2,1,1,1,20.709126984126986,1.4321428571428572
4,35,4,1,8,1,1,1,22.703968253968252,1.436904761904762
4,36,4,1,1,4,2,1,19.912103174603175,1.325
4,37,4,3,1,1,5,1,21.51964285714286,1.3904761904761904
4,38,4,3,1,1,5,1,21.51964285714286,1.3904761904761904
4,39,9,4,5,1,1,1,27.512301587301586,1.4416666666666667
4,40,4,1,2,4,2,1,20.341666666666665,1.2654761904761904
4,41,6,9,2,1,1,1,25.945238095238096,1.4273809523809524
4,42,2,5,1,4,2,1,21.340873015873015,1.3547619047619048
4,43,1,5,1,4,2,1,20.91626984126984,1.2964285714285715
4,44,4,1,2,4,2,1,20.341666666666665,1.2654761904761904
4,45,6,5,2,3,1,1,24.708928571428572,1.3952380952380952
4,46,8,3,2,3,1,1,24.708928571428572,1.3952380952380952
4,47,9,5,8,1,1,10,39.890079365079366,1.4357142857142857
4,48,9,5,8,1,1,10,39.890079365079366,1.4357142857142857
4,49,6,3,2,3,1,1,22.140873015873016,1.3547619047619046
5,0,2,3,2,1,1,3,18.236309523809524,1.4476190476190476
5,1,6,6,5,1,1,10,34.89365079365079,1.4821428571428572
5,2,2,4,1,1,1,3,18.42361111111111,1.4678571428571427
5,3,2,3,2,1,1,3,18.236309523809524,1.4476190476190476
5,4,2,3,2,1,1,3,18.236309523809524,1.4476190476190476
5,5,1,3,1,1,1,1,14.515277777777778,1.4190476190476191
5,6,2,1,1,1,1,1,13.334126984126984,1.3761904761904762
5,7,7,3,5,1,1,1,24.511309523809523,1.4583333333333333
5,8,7,3,5,1,1,1,24.511309523809523,1.4583333333333333
5,9,7,3,5,1,1,1,24.511309523809523,1.4583333333333333
5,10,6,5,5,1,1,10,34.08452380952381,1.4607142857142856
5,11,7,3,5,1,1,1,24.511309523809523,1.4583333333333333
5,12,7,3,5,1,1,1,24.511309523809523,1.4583333333333333
5,13,7,3,5,1,1,1,24.511309523809523,1.4583333333333333
5,14,7,3,5,1,1,1,24.511309523809523,1.4583333333333333
5,15,3,4,2,1,1,2,19.47301587301587,1.457142857142857
5,16,7,3,5,1,1,1,24.511309523809523,1.4583333333333333
5,17,3,4,2,1,1,2,19.47301587301587,1.457142857142857
5,18,6,1,2,1,1,1,18.70575396825397,1.4476190476190476
5,19,7,3,5,1,1,1,24.511309523809523,1.4583333333333333
5,20,3,4,2,1,1,1,18.70575396825397,1.4476190476190476
5,21,6,5,9,1,1,7,35.431150793650794,1.4702380952380953
5,22,3,4,2,1,1,1,18.70575396825397,1.4476190476190476
5,23,3,1,2,1,2,1,16.335515873015872,1.4190476190476191
5,24,2,4,1,1,1,1,16.51607142857143,1.405952380952381
5,25,4,1,1,1,2,1,16.33809523809524,1.4047619047619047
5,26,2,4,2,1,1,3,19.617857142857144,1.457142857142857
5,27,2,4,2,1,1,3,19.617857142857144,1.457142857142857
5,28,4,1,1,1,2,1,16.33809523809524,1.4047619047619047
5,29,2,4,9,1,1,3,26.03531746031746,1.4583333333333333
5,30,4,1,1,1,2,1,16.33809523809524,1.4047619047619047
5,31,2,4,2,1,1,3,19.617857142857144,1.457142857142857
5,32,3,4,2,1,1,8,24.984126984126984,1.4511904761904761
5,33,3,4,2,1,1,8,24.984126984126984,1.4511904761904761
5,34,1,1,1,4,2,1,16.51607142857143,1.2857142857142856
5,35,2,4,2,1,1,1,17.327976190476193,1.3869047619047619
5,36,7,1,5,1,1,1,22.322420634920636,1.4464285714285714
5,37,3,1,2,1,2,2,16.911309523809525,1.3678571428571429
5,38,4,5,1,1,2,1,20.14107142857143,1.405952380952381
5,39,7,3,1,1,1,1,20.90575396825397,1.4345238095238095
5,40,3,4,2,1,1,3,20.42638888888889,1.4321428571428572
5,41,3,1,2,1,2,2,16.911309523809525,1.3678571428571429
5,42,3,3,5,1,1,1,20.32638888888889,1.4095238095238094
5,43,3,3,5,1,1,1,20.32638888888889,1.4095238095238094
5,44,3,4,2,1,1,3,20.42638888888889,1.4321428571428572
5,45,3,1,2,1,2,2,16.911309523809525,1.3678571428571429
5,46,3,3,5,1,1,1,20.32638888888889,1.4095238095238094
5,47,3,1,2,1,2,2,16.911309523809525,1.3678571428571429
5,48,3,1,2,1,2,2,16.911309523809525,1.3678571428571429
5,49,3,1,2,1,2,2,16.911309523809525,1.3678571428571429
6,0,6,6,5,1,1,10,34.89365079365079,1.4821428571428572
6,1,1,3,1,1,1,1,14.515277777777778,1.4190476190476191
6,2,2,1,1,1,1,1,13.334126984126984,1.3761904761904762
6,3,4,4,1,1,1,1,18.32638888888889,1.4678571428571427
6,4,2,1,1,1,1,1,13.334126984126984,1.3761904761904762
6,5,1,4,1,1,1,1,15.891666666666666,1.4523809523809523
6,6,6,4,1,1,1,3,22.04484126984127,1.4785714285714286
6,7,2,3,2,1,1,3,18.236309523809524,1.4476190476190476
6,8,2,4,1,1,1,3,18.42361111111111,1.4678571428571427
6,9,2,3,2,1,1,3,18.236309523809524,1.4476190476190476
6,10,2,3,2,1,1,3,18.236309523809524,1.4476190476190476
6,11,6,5,9,1,1,7,35.431150793650794,1.4702380952380953
6,12,3,1,2,1,2,1,16.335515873015872,1.4190476190476191
6,13,2,3,2,1,1,3,18.236309523809524,1.4476190476190476
6,14,6,5,9,1,1,7,35.431150793650794,1.4702380952380953
6,15,3,1,1,1,2,1,14.947817460317461,1.417857142857143
6,16,2,4,1,1,1,3,18.42361111111111,1.4678571428571427
6,17,2,3,2,1,1,3,18.236309523809524,1.4476190476190476
6,18,7,3,5,1,1,1,24.511309523809523,1.4583333333333333
6,19,7,3,5,1,1,1,24.511309523809523,1.4583333333333333
6,20,7,3,5,1,1,1,24.511309523809523,1.4583333333333333
6,21,6,5,5,1,1,10,34.08452380952381,1.4607142857142856
6,22,7,3,5,1,1,1,24.511309523809523,1.4583333333333333
6,23,7,3,5,1,1,1,24.511309523809523,1.4583333333333333
6,24,7,3,5,1,1,1,24.511309523809523,1.4583333333333333
6,25,7,3,5,1,1,1,24.511309523809523,1.4583333333333333
6,26,3,4,2,1,1,2,19.47301587301587,1.457142857142857
6,27,7,3,5,1,1,1,24.511309523809523,1.4583333333333333
6,28,3,4,2,1,1,2,19.47301587301587,1.457142857142857
6,29,6,1,2,1,1,1,18.70575396825397,1.4476190476190476
6,30,7,3,5,1,1,1,24.511309523809523,1.4583333333333333
6,31,3,4,2,1,1,1,18.70575396825397,1.4476190476190476
6,32,3,4,2,1,1,1,18.70575396825397,1.4476190476190476
6,33,2,4,1,1,1,1,16.51607142857143,1.405952380952381
6,34,4,1,1,1,2,1,16.33809523809524,1.4047619047619047
6,35,4,1,1,1,2,1,16.33809523809524,1.4047619047619047
6,36,4,1,1,1,2,1,16.33809523809524,1.4047619047619047
6,37,7,3,5,1,1,1,24.511309523809523,1.4583333333333333
6,38,3,4,2,1,1,1,18.70575396825397,1.4476190476190476
6,39,2,4,1,1,1,1,16.51607142857143,1.405952380952381
6,40,7,3,5,1,1,1,24.511309523809523,1.4583333333333333
6,41,2,1,2,1,2,1,15.715277777777779,1.3761904761904762
6,42,3,4,2,1,1,2,19.47301587301587,1.457142857142857
6,43,7,3,5,1,1,1,24.511309523809523,1.4583333333333333
6,44,2,1,2,1,1,3,16.623809523809523,1.4190476190476191
6,45,3,4,2,1,1,1,18.70575396825397,1.4476190476190476
6,46,2,4,9,1,1,3,26.03531746031746,1.4583333333333333
6,47,2,4,9,1,1,3,26.03531746031746,1.4583333333333333
6,48,1,1,1,4,2,1,16.51607142857143,1.2857142857142856
6,49,3,3,1,1,1,1,16.516468253968252,1.405952380952381
7,0,6,6,5,1,1,10,34.89365079365079,1.4821428571428572
7,1,6,4,1,1,1,3,22.04484126984127,1.4785714285714286
7,2,6,4,1,1,1,3,22.04484126984127,1.4785714285714286
7,3,6,6,5,1,1,10,34.89365079365079,1.4821428571428572
7,4,3,4,1,1,1,2,18.279166666666665,1.4678571428571427
7,5,1,1,1,1,1,1,12.332936507936509,1.4535714285714285
7,6,2,1,1,1,1,1,13.334126984126984,1.3761904761904762
7,7,4,4,1,1,1,1,18.32638888888889,1.4678571428571427
7,8,2,1,1,1,1,1,13.334126984126984,1.3761904761904762
7,9,1,4,1,1,1,1,15.891666666666666,1.4523809523809523
7,10,6,5,9,1,1,7,35.431150793650794,1.4702380952380953
7,11,6,5,9,1,1,7,35.431150793650794,1.4702380952380953
7,12,3,1,1,1,1,1,14.515079365079366,1.4190476190476191
7,13,2,1,1,1,1,1,13.334126984126984,1.3761904761904762
7,14,2,1,2,1,1,1,14.898809523809524,1.45
7,15,1,4,1,1,1,1,15.891666666666666,1.4523809523809523
7,16,2,1,1,1,1,1,13.334126984126984,1.3761904761904762
7,17,6,5,9,1,1,7,35.431150793650794,1.4702380952380953
7,18,4,1,1,1,1,1,15.891666666666666,1.4523809523809523
7,19,1,3,1,1,1,1,14.515277777777778,1.4190476190476191
7,20,2,3,2,1,1,3,18.236309523809524,1.4476190476190476
7,21,2,4,1,1,1,3,18.42361111111111,1.4678571428571427
7,22,2,3,2,1,1,3,18.236309523809524,1.4476190476190476
7,23,2,3,2,1,1,3,18.236309523809524,1.4476190476190476
7,24,2,3,2,1,1,3,18.236309523809524,1.4476190476190476
7,25,2,4,1,1,1,3,18.42361111111111,1.4678571428571427
7,26,2,3,2,1,1,3,18.236309523809524,1.4476190476190476
7,27,2,4,1,1,1,3,18.42361111111111,1.4678571428571427
7,28,2,4,1,1,1,3,18.42361111111111,1.4678571428571427
7,29,2,3,2,1,1,3,18.236309523809524,1.4476190476190476
7,30,2,4,1,1,1,3,18.42361111111111,1.4678571428571427
7,31,2,3,2,1,1,3,18.236309523809524,1.4476190476190476
7,32,3,1,2,1,2,1,16.335515873015872,1.4190476190476191
7,33,3,1,1,1,2,1,14.947817460317461,1.417857142857143
7,34,1,3,5,1,1,1,18.695833333333333,1.4666666666666668
7,35,3,1,1,1,2,1,14.947817460317461,1.417857142857143
7,36,3,1,2,1,2,1,16.335515873015872,1.4190476190476191
7,37,2,1,2,1,2,1,15.715277777777779,1.3761904761904762
7,38,2,1,2,1,2,1,15.715277777777779,1.3761904761904762
7,39,6,5,5,1,1,10,34.08452380952381,1.4607142857142856
7,40,7,3,5,1,1,1,24.511309523809523,1.4583333333333333
7,41,3,4,2,1,1,2,19.47301587301587,1.457142857142857
7,42,6,1,2,1,1,1,18.70575396825397,1.4476190476190476
7,43,4,1,1,1,2,1,16.33809523809524,1.4047619047619047
7,44,2,1,2,1,1,3,16.623809523809523,1.4190476190476191
7,45,7,3,5,1,1,1,24.511309523809523,1.4583333333333333
7,46,2,1,2,1,1,3,16.623809523809523,1.4190476190476191
7,47,6,1,2,1,1,1,18.70575396825397,1.4476190476190476
7,48,2,4,1,1,1,1,16.51607142857143,1.405952380952381
7,49,3,4,2,1,1,2,19.47301587301587,1.457142857142857
8,0,6,6,5,1,1,10,34.89365079365079,1.4821428571428572
8,1,6,4,1,1,1,3,22.04484126984127,1.4785714285714286
8,2,6,4,1,1,1,3,22.04484126984127,1.4785714285714286
8,3,6,6,5,1,1,10,34.89365079365079,1.4821428571428572
8,4,3,4,1,1,1,2,18.279166666666665,1.4678571428571427
8,5,1,1,1,1,1,1,12.332936507936509,1.4535714285714285
8,6,6,4,1,1,1,3,22.04484126984127,1.4785714285714286
8,7,6,6,5,1,1,10,34.89365079365079,1.4821428571428572
8,8,1,1,1,1,1,1,12.332936507936509,1.4535714285714285
8,9,6,4,1,1,1,3,22.04484126984127,1.4785714285714286
8,10,6,4,1,1,1,3,22.04484126984127,1.4785714285714286
8,11,6,4,1,1,1,3,22.04484126984127,1.4785714285714286
8,12,2,1,1,1,1,1,13.334126984126984,1.3761904761904762
8,13,4,4,1,1,1,1,18.32638888888889,1.4678571428571427
8,14,2,1,1,1,1,1,13.334126984126984,1.3761904761904762
8,15,6,5,9,1,1,7,35.431150793650794,1.4702380952380953
8,16,6,5,9,1,1,7,35.431150793650794,1.4702380952380953
8,17,3,1,1,1,1,1,14.515079365079366,1.4190476190476191
8,18,2,1,1,1,1,1,13.334126984126984,1.3761904761904762
8,19,2,1,2,1,1,1,14.898809523809524,1.45
8,20,2,1,1,1,1,1,13.334126984126984,1.3761904761904762
8,21,6,5,9,1,1,7,35.431150793650794,1.4702380952380953
8,22,3,1,1,1,1,2,15.275396825396825,1.4523809523809523
8,23,3,1,1,1,1,1,14.515079365079366,1.4190476190476191
8,24,3,1,1,1,1,1,14.515079365079366,1.4190476190476191
8,25,6,5,9,1,1,7,35.431150793650794,1.4702380952380953
8,26,2,1,1,1,1,1,13.334126984126984,1.3761904761904762
8,27,3,1,1,1,1,1,14.515079365079366,1.4190476190476191
8,28,2,1,1,1,1,1,13.334126984126984,1.3761904761904762
8,29,2,1,1,1,1,1,13.334126984126984,1.3761904761904762
8,30,2,1,1,1,1,1,13.334126984126984,1.3761904761904762
8,31,2,1,1,1,1,1,13.334126984126984,1.3761904761904762
8,32,2,1,1,1,1,1,13.334126984126984,1.3761904761904762
8,33,1,4,1,1,1,1,15.891666666666666,1.4523809523809523
8,34,1,4,1,1,1,1,15.891666666666666,1.4523809523809523
8,35,4,1,1,1,1,1,15.891666666666666,1.4523809523809523
8,36,1,3,1,1,1,1,14.515277777777778,1.4190476190476191
8,37,2,4,1,1,1,3,18.42361111111111,1.4678571428571427
8,38,2,4,1,1,1,3,18.42361111111111,1.4678571428571427
8,39,2,4,1,1,1,3,18.42361111111111,1.4678571428571427
8,40,2,4,1,1,1,3,18.42361111111111,1.4678571428571427
8,41,2,4,1,1,1,3,18.42361111111111,1.4678571428571427
8,42,1,3,1,1,1,1,14.515277777777778,1.4190476190476191
8,43,1,4,1,1,1,1,15.891666666666666,1.4523809523809523
8,44,2,4,1,1,1,3,18.42361111111111,1.4678571428571427
8,45,1,3,2,1,1,1,15.327777777777778,1.4488095238095238
8,46,4,1,1,1,1,1,15.891666666666666,1.4523809523809523
8,47,4,1,1,1,1,1,15.891666666666666,1.4523809523809523
8,48,2,4,1,1,1,3,18.42361111111111,1.4678571428571427
8,49,2,4,1,1,1,3,18.42361111111111,1.4678571428571427
9,0,6,6,5,1,1,10,34.89365079365079,1.4821428571428572
9,1,6,4,1,1,1,3,22.04484126984127,1.4785714285714286
9,2,6,4,1,1,1,3,22.04484126984127,1.4785714285714286
9,3,6,6,5,1,1,10,34.89365079365079,1.4821428571428572
9,4,3,4,1,1,1,2,18.279166666666665,1.4678571428571427
9,5,1,1,1,1,1,1,12.332936507936509,1.4535714285714285
9,6,6,4,1,1,1,3,22.04484126984127,1.4785714285714286
9,7,6,6,5,1,1,10,34.89365079365079,1.4821428571428572
9,8,1,1,1,1,1,1,12.332936507936509,1.4535714285714285
9,9,6,4,1,1,1,3,22.04484126984127,1.4785714285714286
9,10,6,4,1,1,1,3,22.04484126984127,1.4785714285714286
9,11,6,4,1,1,1,3,22.04484126984127,1.4785714285714286
9,12,6,4,1,1,1,3,22.04484126984127,1.4785714285714286
9,13,1,1,1,1,1,1,12.332936507936509,1.4535714285714285
9,14,1,1,1,1,1,1,12.332936507936509,1.4535714285714285
9,15,3,4,1,1,1,2,18.279166666666665,1.4678571428571427
9,16,6,6,5,1,1,10,34.89365079365079,1.4821428571428572
9,17,1,1,1,1,1,1,12.332936507936509,1.4535714285714285
9,18,3,4,1,1,1,2,18.279166666666665,1.4678571428571427
9,19,6,4,1,1,1,3,22.04484126984127,1.4785714285714286
9,20,2,1,1,1,1,1,13.334126984126984,1.3761904761904762
9,21,4,4,1,1,1,1,18.32638888888889,1.4678571428571427
9,22,2,1,1,1,1,1,13.334126984126984,1.3761904761904762
9,23,2,1,1,1,1,1,13.334126984126984,1.3761904761904762
9,24,2,1,2,1,1,1,14.898809523809524,1.45
9,25,2,1,1,1,1,1,13.334126984126984,1.3761904761904762
9,26,3,1,1,1,1,2,15.275396825396825,1.4523809523809523
9,27,2,1,1,1,1,1,13.334126984126984,1.3761904761904762
9,28,2,1,1,1,1,1,13.334126984126984,1.3761904761904762
9,29,2,1,1,1,1,1,13.334126984126984,1.3761904761904762
9,30,2,1,1,1,1,1,13.334126984126984,1.3761904761904762
9,31,2,1,1,1,1,1,13.334126984126984,1.3761904761904762
9,32,2,1,1,1,1,1,13.334126984126984,1.3761904761904762
9,33,1,1,1,1,1,3,14.425992063492064,1.4190476190476191
9,34,2,1,1,1,1,1,13.334126984126984,1.3761904761904762
9,35,3,1,1,1,1,2,15.275396825396825,1.4523809523809523
9,36,2,1,1,1,1,1,13.334126984126984,1.3761904761904762
9,37,2,1,2,1,1,1,14.898809523809524,1.45
9,38,6,6,1,1,1,1,22.51686507936508,1.4785714285714286
9,39,2,1,1,1,1,1,13.334126984126984,1.3761904761904762
9,40,4,4,1,1,1,1,18.32638888888889,1.4678571428571427
9,41,2,1,1,1,1,1,13.334126984126984,1.3761904761904762
9,42,2,1,1,1,1,1,13.334126984126984,1.3761904761904762
9,43,2,1,1,1,1,1,13.334126984126984,1.3761904761904762
9,44,6,5,9,1,1,7,35.431150793650794,1.4702380952380953
9,45,3,1,1,1,1,1,14.515079365079366,1.4190476190476191
9,46,6,5,9,1,1,7,35.431150793650794,1.4702380952380953
9,47,3,1,1,1,1,1,14.515079365079366,1.4190476190476191
9,48,2,6,1,1,1,10,26.912698412698415,1.469047619047619
9,49,2,4,1,1,1,3,18.42361111111111,1.4678571428571427
10,0,6,6,5,1,1,10,34.89365079365079,1.4821428571428572
10,1,6,4,1,1,1,3,22.04484126984127,1.4785714285714286
10,2,6,4,1,1,1,3,22.04484126984127,1.4785714285714286
10,3,6,6,5,1,1,10,34.89365079365079,1.4821428571428572
10,4,3,4,1,1,1,2,18.279166666666665,1.4678571428571427
10,5,1,1,1,1,1,1,12.332936507936509,1.4535714285714285
10,6,6,4,1,1,1,3,22.04484126984127,1.4785714285714286
10,7,6,6,5,1,1,10,34.89365079365079,1.4821428571428572
10,8,1,1,1,1,1,1,12.332936507936509,1.4535714285714285
10,9,6,4,1,1,1,3,22.04484126984127,1.4785714285714286
10,10,6,4,1,1,1,3,22.04484126984127,1.4785714285714286
10,11,6,4,1,1,1,3,22.04484126984127,1.4785714285714286
10,12,6,4,1,1,1,3,22.04484126984127,1.4785714285714286
10,13,1,1,1,1,1,1,12.332936507936509,1.4535714285714285
10,14,1,1,1,1,1,1,12.332936507936509,1.4535714285714285
10,15,3,4,1,1,1,2,18.279166666666665,1.4678571428571427
10,16,6,6,5,1,1,10,34.89365079365079,1.4821428571428572
10,17,1,1,1,1,1,1,12.332936507936509,1.4535714285714285
10,18,3,4,1,1,1,2,18.279166666666665,1.4678571428571427
10,19,6,4,1,1,1,3,22.04484126984127,1.4785714285714286
10,20,1,1,1,1,1,1,12.332936507936509,1.4535714285714285
10,21,6,4,1,1,1,3,22.04484126984127,1.4785714285714286
10,22,6,4,1,1,1,3,22.04484126984127,1.4785714285714286
10,23,6,4,1,1,1,3,22.04484126984127,1.4785714285714286
10,24,1,1,1,1,1,1,12.332936507936509,1.4535714285714285
10,25,1,1,1,1,1,1,12.332936507936509,1.4535714285714285
10,26,3,4,1,1,1,2,18.279166666666665,1.4678571428571427
10,27,3,4,1,1,1,2,18.279166666666665,1.4678571428571427
10,28,3,4,1,1,1,2,18.279166666666665,1.4678571428571427
10,29,3,4,1,1,1,2,18.279166666666665,1.4678571428571427
10,30,1,1,1,1,1,1,12.332936507936509,1.4535714285714285
10,31,1,1,1,1,1,1,12.332936507936509,1.4535714285714285
10,32,6,1,1,1,1,2,18.279166666666665,1.4678571428571427
10,33,1,1,1,1,1,1,12.332936507936509,1.4535714285714285
10,34,3,4,1,1,1,2,18.279166666666665,1.4678571428571427
10,35,6,4,1,1,1,3,22.04484126984127,1.4785714285714286
10,36,6,6,1,1,1,1,22.51686507936508,1.4785714285714286
10,37,6,6,1,1,1,1,22.51686507936508,1.4785714285714286
10,38,2,1,1,1,1,1,13.334126984126984,1.3761904761904762
10,39,2,1,1,1,1,1,13.334126984126984,1.3761904761904762
10,40,1,1,1,1,1,3,14.425992063492064,1.4190476190476191
10,41,4,4,1,1,1,1,18.32638888888889,1.4678571428571427
10,42,1,1,1,1,1,2,13.485714285714286,1.3916666666666666
10,43,4,4,1,1,1,1,18.32638888888889,1.4678571428571427
10,44,3,1,1,1,1,2,15.275396825396825,1.4523809523809523
10,45,2,1,2,1,1,1,14.898809523809524,1.45
10,46,3,1,1,1,1,2,15.275396825396825,1.4523809523809523
10,47,2,1,2,1,1,1,14.898809523809524,1.45
10,48,2,1,1,1,1,1,13.334126984126984,1.3761904761904762
10,49,2,1,1,1,1,1,13.334126984126984,1.3761904761904762
11,0,1,1,1,1,1,1,12.332936507936509,1.4535714285714285
11,1,1,1,1,1,1,1,12.332936507936509,1.4535714285714285
11,2,6,6,5,1,1,10,34.89365079365079,1.4821428571428572
11,3,6,6,5,1,1,10,34.89365079365079,1.4821428571428572
11,4,6,4,1,1,1,3,22.04484126984127,1.4785714285714286
11,5,3,4,1,1,1,2,18.279166666666665,1.4678571428571427
11,6,3,4,1,1,1,2,18.279166666666665,1.4678571428571427
11,7,6,4,1,1,1,3,22.04484126984127,1.4785714285714286
11,8,1,1,1,1,1,1,12.332936507936509,1.4535714285714285
11,9,1,1,1,1,1,1,12.332936507936509,1.4535714285714285
11,10,3,4,1,1,1,2,18.279166666666665,1.4678571428571427
11,11,1,1,1,1,1,1,12.332936507936509,1.4535714285714285
11,12,6,4,1,1,1,3,22.04484126984127,1.4785714285714286
11,13,1,1,1,1,1,1,12.332936507936509,1.4535714285714285
11,14,6,1,1,1,1,2,18.279166666666665,1.4678571428571427
11,15,1,1,1,1,1,1,12.332936507936509,1.4535714285714285
11,16,6,4,1,1,1,3,22.04484126984127,1.4785714285714286
11,17,1,1,1,1,1,1,12.332936507936509,1.4535714285714285
11,18,6,4,1,1,1,3,22.04484126984127,1.4785714285714286
11,19,3,4,1,1,1,2,18.279166666666665,1.4678571428571427
11,20,1,1,1,1,1,1,12.332936507936509,1.4535714285714285
11,21,6,1,1,1,1,2,18.279166666666665,1.4678571428571427
11,22,3,4,1,1,1,2,18.279166666666665,1.4678571428571427
11,23,1,1,1,1,1,1,12.332936507936509,1.4535714285714285
11,24,3,4,1,1,1,2,18.279166666666665,1.4678571428571427
11,25,6,4,1,1,1,3,22.04484126984127,1.4785714285714286
11,26,1,1,1,1,1,1,12.332936507936509,1.4535714285714285
11,27,1,1,1,1,1,1,12.332936507936509,1.4535714285714285
11,28,6,4,1,1,1,3,22.04484126984127,1.4785714285714286
11,29,1,1,1,1,1,1,12.332936507936509,1.4535714285714285
11,30,1,1,1,1,1,1,12.332936507936509,1.4535714285714285
11,31,3,4,1,1,1,2,18.279166666666665,1.4678571428571427
11,32,6,6,5,1,1,10,34.89365079365079,1.4821428571428572
11,33,6,4,1,1,1,3,22.04484126984127,1.4785714285714286
11,34,3,4,1,1,1,2,18.279166666666665,1.4678571428571427
11,35,6,4,1,1,1,3,22.04484126984127,1.4785714285714286
11,36,3,4,1,1,1,2,18.279166666666665,1.4678571428571427
11,37,6,4,1,1,1,3,22.04484126984127,1.4785714285714286
11,38,6,1,1,1,1,2,18.279166666666665,1.4678571428571427
11,39,3,4,1,1,1,2,18.279166666666665,1.4678571428571427
11,40,6,4,1,1,1,3,22.04484126984127,1.4785714285714286
11,41,6,1,1,1,1,2,18.279166666666665,1.4678571428571427
11,42,1,1,1,1,1,1,12.332936507936509,1.4535714285714285
11,43,1,1,1,1,1,1,12.332936507936509,1.4535714285714285
11,44,6,6,5,1,1,10,34.89365079365079,1.4821428571428572
11,45,6,6,5,1,1,10,34.89365079365079,1.4821428571428572
11,46,6,4,1,1,1,3,22.04484126984127,1.4785714285714286
11,47,6,4,1,1,1,3,22.04484126984127,1.4785714285714286
11,48,1,1,1,1,1,1,12.332936507936509,1.4535714285714285
11,49,6,6,5,1,1,10,34.89365079365079,1.4821428571428572
12,0,6,6,5,1,1,10,34.89365079365079,1.4821428571428572
12,1,6,6,5,1,1,10,34.89365079365079,1.4821428571428572
12,2,1,1,1,1,1,1,12.332936507936509,1.4535714285714285
12,3,1,1,1,1,1,1,12.332936507936509,1.4535714285714285
12,4,6,4,1,1,1,3,22.04484126984127,1.4785714285714286
12,5,3,4,1,1,1,2,18.279166666666665,1.4678571428571427
12,6,3,4,1,1,1,2,18.279166666666665,1.4678571428571427
12,7,6,4,1,1,1,3,22.04484126984127,1.4785714285714286
12,8,3,4,1,1,1,2,18.279166666666665,1.4678571428571427
12,9,1,1,1,1,1,1,12.332936507936509,1.4535714285714285
12,10,6,4,1,1,1,3,22.04484126984127,1.4785714285714286
12,11,6,1,1,1,1,2,18.279166666666665,1.4678571428571427
12,12,3,4,1,1,1,2,18.279166666666665,1.4678571428571427
12,13,6,6,5,1,1,10,34.89365079365079,1.4821428571428572
12,14,1,1,1,1,1,1,12.332936507936509,1.4535714285714285
12,15,6,4,1,1,1,3,22.04484126984127,1.4785714285714286
12,16,6,4,1,1,1,3,22.04484126984127,1.4785714285714286
12,17,6,6,5,1,1,10,34.89365079365079,1.4821428571428572
12,18,3,4,1,1,1,2,18.279166666666665,1.4678571428571427
12,19,1,1,1,1,1,1,12.332936507936509,1.4535714285714285
12,20,6,6,5,1,1,10,34.89365079365079,1.4821428571428572
12,21,1,1,1,1,1,1,12.332936507936509,1.4535714285714285
12,22,6,1,1,1,1,2,18.279166666666665,1.4678571428571427
12,23,6,6,5,1,1,10,34.89365079365079,1.4821428571428572
12,24,1,1,1,1,1,1,12.332936507936509,1.4535714285714285
12,25,3,4,1,1,1,2,18.279166666666665,1.4678571428571427
12,26,3,4,1,1,1,2,18.279166666666665,1.4678571428571427
12,27,6,4,1,1,1,3,22.04484126984127,1.4785714285714286
12,28,6,4,1,1,1,3,22.04484126984127,1.4785714285714286
12,29,1,1,1,1,1,1,12.332936507936509,1.4535714285714285
12,30,6,4,1,1,1,3,22.04484126984127,1.4785714285714286
12,31,6,4,1,1,1,3,22.04484126984127,1.4785714285714286
12,32,6,4,1,1,1,3,22.04484126984127,1.4785714285714286
12,33,3,4,1,1,1,2,18.279166666666665,1.4678571428571427
12,34,6,4,1,1,1,3,22.04484126984127,1.4785714285714286
12,35,3,4,1,1,1,2,18.279166666666665,1.4678571428571427
12,36,1,1,1,1,1,1,12.332936507936509,1.4535714285714285
12,37,3,4,1,1,1,2,18.279166666666665,1.4678571428571427
12,38,1,1,1,1,1,1,12.332936507936509,1.4535714285714285
12,39,1,1,1,1,1,1,12.332936507936509,1.4535714285714285
12,40,3,4,1,1,1,2,18.279166666666665,1.4678571428571427
12,41,1,1,1,1,1,1,12.332936507936509,1.4535714285714285
12,42,6,4,1,1,1,3,22.04484126984127,1.4785714285714286
12,43,6,4,1,1,1,3,22.04484126984127,1.4785714285714286
12,44,6,4,1,1,1,3,22.04484126984127,1.4785714285714286
12,45,6,4,1,1,1,3,22.04484126984127,1.4785714285714286
12,46,1,1,1,1,1,1,12.332936507936509,1.4535714285714285
12,47,1,1,1,1,1,1,12.332936507936509,1.4535714285714285
12,48,3,4,1,1,1,2,18.279166666666665,1.4678571428571427
12,49,1,1,1,1,1,1,12.332936507936509,1.4535714285714285
13,0,1,1,1,1,1,1,12.332936507936509,1.4535714285714285
13,1,6,6,5,1,1,10,34.89365079365079,1.4821428571428572
13,2,1,1,1,1,1,1,12.332936507936509,1.4535714285714285
13,3,6,6,5,1,1,10,34.89365079365079,1.4821428571428572
13,4,6,4,1,1,1,3,22.04484126984127,1.4785714285714286
13,5,3,4,1,1,1,2,18.279166666666665,1.4678571428571427
13,6,3,4,1,1,1,2,18.279166666666665,1.4678571428571427
13,7,6,4,1,1,1,3,22.04484126984127,1.4785714285714286
13,8,6,4,1,1,1,3,22.04484126984127,1.4785714285714286
13,9,3,4,1,1,1,2,18.279166666666665,1.4678571428571427
13,10,6,6,5,1,1,10,34.89365079365079,1.4821428571428572
13,11,3,4,1,1,1,2,18.279166666666665,1.4678571428571427
13,12,1,1,1,1,1,1,12.332936507936509,1.4535714285714285
13,13,6,6,5,1,1,10,34.89365079365079,1.4821428571428572
13,14,1,1,1,1,1,1,12.332936507936509,1.4535714285714285
13,15,3,4,1,1,1,2,18.279166666666665,1.4678571428571427
13,16,1,1,1,1,1,1,12.332936507936509,1.4535714285714285
13,17,1,1,1,1,1,1,12.332936507936509,1.4535714285714285
13,18,6,4,1,1,1,3,22.04484126984127,1.4785714285714286
13,19,1,1,1,1,1,1,12.332936507936509,1.4535714285714285
13,20,6,4,1,1,1,3,22.04484126984127,1.4785714285714286
13,21,6,4,1,1,1,3,22.04484126984127,1.4785714285714286
13,22,6,4,1,1,1,3,22.04484126984127,1.4785714285714286
13,23,6,4,1,1,1,3,22.04484126984127,1.4785714285714286
13,24,1,1,1,1,1,1,12.332936507936509,1.4535714285714285
13,25,3,4,1,1,1,2,18.279166666666665,1.4678571428571427
13,26,3,4,1,1,1,2,18.279166666666665,1.4678571428571427
13,27,6,6,5,1,1,10,34.89365079365079,1.4821428571428572
13,28,6,4,1,1,1,3,22.04484126984127,1.4785714285714286
13,29,6,4,1,1,1,3,22.04484126984127,1.4785714285714286
13,30,3,4,1,1,1,2,18.279166666666665,1.4678571428571427
13,31,1,1,1,1,1,1,12.332936507936509,1.4535714285714285
13,32,3,4,1,1,1,2,18.279166666666665,1.4678571428571427
13,33,1,1,1,1,1,1,12.332936507936509,1.4535714285714285
13,34,1,1,1,1,1,1,12.332936507936509,1.4535714285714285
13,35,3,4,1,1,1,2,18.279166666666665,1.4678571428571427
13,36,3,4,1,1,1,2,18.279166666666665,1.4678571428571427
13,37,3,4,1,1,1,2,18.279166666666665,1.4678571428571427
13,38,6,6,5,1,1,10,34.89365079365079,1.4821428571428572
13,39,1,1,1,1,1,1,12.332936507936509,1.4535714285714285
13,40,1,1,1,1,1,1,12.332936507936509,1.4535714285714285
13,41,6,4,1,1,1,3,22.04484126984127,1.4785714285714286
13,42,3,4,1,1,1,2,18.279166666666665,1.4678571428571427
13,43,6,4,1,1,1,3,22.04484126984127,1.4785714285714286
13,44,1,1,1,1,1,1,12.332936507936509,1.4535714285714285
13,45,1,1,1,1,1,1,12.332936507936509,1.4535714285714285
13,46,6,4,1,1,1,3,22.04484126984127,1.4785714285714286
13,47,3,4,1,1,1,2,18.279166666666665,1.4678571428571427
13,48,6,4,1,1,1,3,22.04484126984127,1.4785714285714286
13,49,1,1,1,1,1,1,12.332936507936509,1.4535714285714285
14,0,1,1,1,1,1,1,12.332936507936509,1.4535714285714285
14,1,1,1,1,1,1,1,12.332936507936509,1.4535714285714285
14,2,6,6,5,1,1,10,34.89365079365079,1.4821428571428572
14,3,6,6,5,1,1,10,34.89365079365079,1.4821428571428572
14,4,6,4,1,1,1,3,22.04484126984127,1.4785714285714286
14,5,3,4,1,1,1,2,18.279166666666665,1.4678571428571427
14,6,3,4,1,1,1,2,18.279166666666665,1.4678571428571427
14,7,6,4,1,1,1,3,22.04484126984127,1.4785714285714286
14,8,6,4,1,1,1,3,22.04484126984127,1.4785714285714286
14,9,6,4,1,1,1,3,22.04484126984127,1.4785714285714286
14,10,3,4,1,1,1,2,18.279166666666665,1.4678571428571427
14,11,6,4,1,1,1,3,22.04484126984127,1.4785714285714286
14,12,3,4,1,1,1,2,18.279166666666665,1.4678571428571427
14,13,3,4,1,1,1,2,18.279166666666665,1.4678571428571427
14,14,1,1,1,1,1,1,12.332936507936509,1.4535714285714285
14,15,6,4,1,1,1,3,22.04484126984127,1.4785714285714286
14,16,1,1,1,1,1,1,12.332936507936509,1.4535714285714285
14,17,3,4,1,1,1,2,18.279166666666665,1.4678571428571427
14,18,6,4,1,1,1,3,22.04484126984127,1.4785714285714286
14,19,1,1,1,1,1,1,12.332936507936509,1.4535714285714285
14,20,6,4,1,1,1,3,22.04484126984127,1.4785714285714286
14,21,6,4,1,1,1,3,22.04484126984127,1.4785714285714286
14,22,1,1,1,1,1,1,12.332936507936509,1.4535714285714285
14,23,1,1,1,1,1,1,12.332936507936509,1.4535714285714285
14,24,6,4,1,1,1,3,22.04484126984127,1.4785714285714286
14,25,6,6,5,1,1,10,34.89365079365079,1.4821428571428572
14,26,3,4,1,1,1,2,18.279166666666665,1.4678571428571427
14,27,3,4,1,1,1,2,18.279166666666665,1.4678571428571427
14,28,3,4,1,1,1,2,18.279166666666665,1.4678571428571427
14,29,3,4,1,1,1,2,18.279166666666665,1.4678571428571427
14,30,3,4,1,1,1,2,18.279166666666665,1.4678571428571427
14,31,3,4,1,1,1,2,18.279166666666665,1.4678571428571427
14,32,6,4,1,1,1,3,22.04484126984127,1.4785714285714286
14,33,1,1,1,1,1,1,12.332936507936509,1.4535714285714285
14,34,6,4,1,1,1,3,22.04484126984127,1.4785714285714286
14,35,3,4,1,1,1,2,18.279166666666665,1.4678571428571427
14,36,1,1,1,1,1,1,12.332936507936509,1.4535714285714285
14,37,6,4,1,1,1,3,22.04484126984127,1.4785714285714286
14,38,6,6,5,1,1,10,34.89365079365079,1.4821428571428572
14,39,3,4,1,1,1,2,18.279166666666665,1.4678571428571427
14,40,6,4,1,1,1,3,22.04484126984127,1.4785714285714286
14,41,6,4,1,1,1,3,22.04484126984127,1.4785714285714286
14,42,3,4,1,1,1,2,18.279166666666665,1.4678571428571427
14,43,1,1,1,1,1,1,12.332936507936509,1.4535714285714285
14,44,3,4,1,1,1,2,18.279166666666665,1.4678571428571427
14,45,6,4,1,1,1,3,22.04484126984127,1.4785714285714286
14,46,3,4,1,1,1,2,18.279166666666665,1.4678571428571427
14,47,1,1,1,1,1,1,12.332936507936509,1.4535714285714285
14,48,1,1,1,1,1,1,12.332936507936509,1.4535714285714285
14,49,1,1,1,1,1,1,12.332936507936509,1.4535714285714285
15,0,6,6,5,1,1,10,34.89365079365079,1.4821428571428572
15,1,1,1,1,1,1,1,12.332936507936509,1.4535714285714285
15,2,1,1,1,1,1,1,12.332936507936509,1.4535714285714285
15,3,6,6,5,1,1,10,34.89365079365079,1.4821428571428572
15,4,6,4,1,1,1,3,22.04484126984127,1.4785714285714286
15,5,3,4,1,1,1,2,18.279166666666665,1.4678571428571427
15,6,3,4,1,1,1,2,18.279166666666665,1.4678571428571427
15,7,6,4,1,1,1,3,22.04484126984127,1.4785714285714286
15,8,6,4,1,1,1,3,22.04484126984127,1.4785714285714286
15,9,1,1,1,1,1,1,12.332936507936509,1.4535714285714285
15,10,6,4,1,1,1,3,22.04484126984127,1.4785714285714286
15,11,1,1,1,1,1,1,12.332936507936509,1.4535714285714285
15,12,3,4,1,1,1,2,18.279166666666665,1.4678571428571427
15,13,6,4,1,1,1,3,22.04484126984127,1.4785714285714286
15,14,6,4,1,1,1,3,22.04484126984127,1.4785714285714286
15,15,1,1,1,1,1,1,12.332936507936509,1.4535714285714285
15,16,6,4,1,1,1,3,22.04484126984127,1.4785714285714286
15,17,3,4,1,1,1,2,18.279166666666665,1.4678571428571427
15,18,1,1,1,1,1,1,12.332936507936509,1.4535714285714285
15,19,3,4,1,1,1,2,18.279166666666665,1.4678571428571427
15,20,6,4,1,1,1,3,22.04484126984127,1.4785714285714286
15,21,3,4,1,1,1,2,18.279166666666665,1.4678571428571427
15,22,3,4,1,1,1,2,18.279166666666665,1.4678571428571427
15,23,3,4,1,1,1,2,18.279166666666665,1.4678571428571427
15,24,3,4,1,1,1,2,18.279166666666665,1.4678571428571427
15,25,1,1,1,1,1,1,12.332936507936509,1.4535714285714285
15,26,1,1,1,1,1,1,12.332936507936509,1.4535714285714285
15,27,3,4,1,1,1,2,18.279166666666665,1.4678571428571427
15,28,6,6,5,1,1,10,34.89365079365079,1.4821428571428572
15,29,3,4,1,1,1,2,18.279166666666665,1.4678571428571427
15,30,1,1,1,1,1,1,12.332936507936509,1.4535714285714285
15,31,6,6,5,1,1,10,34.89365079365079,1.4821428571428572
15,32,3,4,1,1,1,2,18.279166666666665,1.4678571428571427
15,33,6,6,5,1,1,10,34.89365079365079,1.4821428571428572
15,34,1,1,1,1,1,1,12.332936507936509,1.4535714285714285
15,35,1,1,1,1,1,1,12.332936507936509,1.4535714285714285
15,36,6,4,1,1,1,3,22.04484126984127,1.4785714285714286
15,37,3,4,1,1,1,2,18.279166666666665,1.4678571428571427
15,38,6,4,1,1,1,3,22.04484126984127,1.4785714285714286
15,39,6,4,1,1,1,3,22.04484126984127,1.4785714285714286
15,40,6,4,1,1,1,3,22.04484126984127,1.4785714285714286
15,41,3,4,1,1,1,2,18.279166666666665,1.4678571428571427
15,42,1,1,1,1,1,1,12.332936507936509,1.4535714285714285
15,43,6,4,1,1,1,3,22.04484126984127,1.4785714285714286
15,44,1,1,1,1,1,1,12.332936507936509,1.4535714285714285
15,45,3,4,1,1,1,2,18.279166666666665,1.4678571428571427
15,46,1,1,1,1,1,1,12.332936507936509,1.4535714285714285
15,47,3,4,1,1,1,2,18.279166666666665,1.4678571428571427
15,48,1,1,1,1,1,1,12.332936507936509,1.4535714285714285
15,49,3,4,1,1,1,2,18.279166666666665,1.4678571428571427
16,0,6,6,5,1,1,10,34.89365079365079,1.4821428571428572
16,1,1,1,1,1,1,1,12.332936507936509,1.4535714285714285
16,2,1,1,1,1,1,1,12.332936507936509,1.4535714285714285
16,3,6,6,5,1,1,10,34.89365079365079,1.4821428571428572
16,4,6,4,1,1,1,3,22.04484126984127,1.4785714285714286
16,5,3,4,1,1,1,2,18.279166666666665,1.4678571428571427
16,6,3,4,1,1,1,2,18.279166666666665,1.4678571428571427
16,7,6,4,1,1,1,3,22.04484126984127,1.4785714285714286
16,8,3,4,1,1,1,2,18.279166666666665,1.4678571428571427
16,9,6,4,1,1,1,3,22.04484126984127,1.4785714285714286
16,10,1,1,1,1,1,1,12.332936507936509,1.4535714285714285
16,11,1,1,1,1,1,1,12.332936507936509,1.4535714285714285
16,12,6,4,1,1,1,3,22.04484126984127,1.4785714285714286
16,13,1,1,1,1,1,1,12.332936507936509,1.4535714285714285
16,14,1,1,1,1,1,1,12.332936507936509,1.4535714285714285
16,15,3,4,1,1,1,2,18.279166666666665,1.4678571428571427
16,16,1,1,1,1,1,1,12.332936507936509,1.4535714285714285
16,17,1,1,1,1,1,1,12.332936507936509,1.4535714285714285
16,18,1,1,1,1,1,1,12.332936507936509,1.4535714285714285
16,19,3,4,1,1,1,2,18.279166666666665,1.4678571428571427
16,20,3,4,1,1,1,2,18.279166666666665,1.4678571428571427
16,21,6,4,1,1,1,3,22.04484126984127,1.4785714285714286
16,22,6,4,1,1,1,3,22.04484126984127,1.4785714285714286
16,23,3,4,1,1,1,2,18.279166666666665,1.4678571428571427
16,24,6,4,1,1,1,3,22.04484126984127,1.4785714285714286
16,25,3,4,1,1,1,2,18.279166666666665,1.4678571428571427
16,26,6,4,1,1,1,3,22.04484126984127,1.4785714285714286
16,27,1,1,1,1,1,1,12.332936507936509,1.4535714285714285
16,28,1,1,1,1,1,1,12.332936507936509,1.4535714285714285
16,29,6,4,1,1,1,3,22.04484126984127,1.4785714285714286
16,30,6,4,1,1,1,3,22.04484126984127,1.4785714285714286
16,31,1,1,1,1,1,1,12.332936507936509,1.4535714285714285
16,32,6,6,5,1,1,10,34.89365079365079,1.4821428571428572
16,33,3,4,1,1,1,2,18.279166666666665,1.4678571428571427
16,34,3,4,1,1,1,2,18.279166666666665,1.4678571428571427
16,35,6,4,1,1,1,3,22.04484126984127,1.4785714285714286
16,36,6,6,5,1,1,10,34.89365079365079,1.4821428571428572
16,37,6,4,1,1,1,3,22.04484126984127,1.4785714285714286
16,38,3,4,1,1,1,2,18.279166666666665,1.4678571428571427
16,39,6,4,1,1,1,3,22.04484126984127,1.4785714285714286
16,40,6,4,1,1,1,3,22.04484126984127,1.4785714285714286
16,41,1,1,1,1,1,1,12.332936507936509,1.4535714285714285
16,42,3,4,1,1,1,2,18.279166666666665,1.4678571428571427
16,43,6,4,1,1,1,3,22.04484126984127,1.4785714285714286
16,44,3,4,1,1,1,2,18.279166666666665,1.4678571428571427
16,45,6,4,1,1,1,3,22.04484126984127,1.4785714285714286
16,46,1,1,1,1,1,1,12.332936507936509,1.4535714285714285
16,47,1,1,1,1,1,1,12.332936507936509,1.4535714285714285
16,48,3,4,1,1,1,2,18.279166666666665,1.4678571428571427
16,49,6,6,5,1,1,10,34.89365079365079,1.4821428571428572
17,0,6,6,5,1,1,10,34.89365079365079,1.4821428571428572
17,1,6,6,5,1,1,10,34.89365079365079,1.4821428571428572
17,2,1,1,1,1,1,1,12.332936507936509,1.4535714285714285
17,3,1,1,1,1,1,1,12.332936507936509,1.4535714285714285
17,4,6,4,1,1,1,3,22.04484126984127,1.4785714285714286
17,5,3,4,1,1,1,2,18.279166666666665,1.4678571428571427
17,6,3,4,1,1,1,2,18.279166666666665,1.4678571428571427
17,7,6,4,1,1,1,3,22.04484126984127,1.4785714285714286
17,8,3,4,1,1,1,2,18.279166666666665,1.4678571428571427
17,9,3,4,1,1,1,2,18.279166666666665,1.4678571428571427
17,10,3,4,1,1,1,2,18.279166666666665,1.4678571428571427
17,11,3,4,1,1,1,2,18.279166666666665,1.4678571428571427
17,12,1,1,1,1,1,1,12.332936507936509,1.4535714285714285
17,13,6,4,1,1,1,3,22.04484126984127,1.4785714285714286
17,14,1,1,1,1,1,1,12.332936507936509,1.4535714285714285
17,15,6,4,1,1,1,3,22.04484126984127,1.4785714285714286
17,16,6,4,1,1,1,3,22.04484126984127,1.4785714285714286
17,17,3,4,1,1,1,2,18.279166666666665,1.4678571428571427
17,18,3,4,1,1,1,2,18.279166666666665,1.4678571428571427
17,19,1,1,1,1,1,1,12.332936507936509,1.4535714285714285
17,20,6,4,1,1,1,3,22.04484126984127,1.4785714285714286
17,21,6,4,1,1,1,3,22.04484126984127,1.4785714285714286
17,22,1,1,1,1,1,1,12.332936507936509,1.4535714285714285
17,23,3,4,1,1,1,2,18.279166666666665,1.4678571428571427
17,24,6,4,1,1,1,3,22.04484126984127,1.4785714285714286
17,25,1,1,1,1,1,1,12.332936507936509,1.4535714285714285
17,26,1,1,1,1,1,1,12.332936507936509,1.4535714285714285
17,27,6,4,1,1,1,3,22.04484126984127,1.4785714285714286
17,28,6,4,1,1,1,3,22.04484126984127,1.4785714285714286
17,29,3,4,1,1,1,2,18.279166666666665,1.4678571428571427
17,30,6,4,1,1,1,3,22.04484126984127,1.4785714285714286
17,31,3,4,1,1,1,2,18.279166666666665,1.4678571428571427
17,32,3,4,1,1,1,2,18.279166666666665,1.4678571428571427
17,33,1,1,1,1,1,1,12.332936507936509,1.4535714285714285
17,34,3,4,1,1,1,2,18.279166666666665,1.4678571428571427
17,35,6,4,1,1,1,3,22.04484126984127,1.4785714285714286
17,36,6,6,5,1,1,10,34.89365079365079,1.4821428571428572
17,37,3,4,1,1,1,2,18.279166666666665,1.4678571428571427
17,38,1,1,1,1,1,1,12.332936507936509,1.4535714285714285
17,39,6,6,5,1,1,10,34.89365079365079,1.4821428571428572
17,40,3,4,1,1,1,2,18.279166666666665,1.4678571428571427
17,41,6,4,1,1,1,3,22.04484126984127,1.4785714285714286
17,42,6,4,1,1,1,3,22.04484126984127,1.4785714285714286
17,43,3,4,1,1,1,2,18.279166666666665,1.4678571428571427
17,44,6,4,1,1,1,3,22.04484126984127,1.4785714285714286
17,45,1,1,1,1,1,1,12.332936507936509,1.4535714285714285
17,46,6,4,1,1,1,3,22.04484126984127,1.4785714285714286
17,47,1,1,1,1,1,1,12.332936507936509,1.4535714285714285
17,48,6,4,1,1,1,3,22.04484126984127,1.4785714285714286
17,49,6,4,1,1,1,3,22.04484126984127,1.4785714285714286
18,0,1,1,1,1,1,1,12.332936507936509,1.4535714285714285
18,1,6,6,5,1,1,10,34.89365079365079,1.4821428571428572
18,2,1,1,1,1,1,1,12.332936507936509,1.4535714285714285
18,3,6,6,5,1,1,10,34.89365079365079,1.4821428571428572
18,4,6,4,1,1,1,3,22.04484126984127,1.4785714285714286
18,5,3,4,1,1,1,2,18.279166666666665,1.4678571428571427
18,6,3,4,1,1,1,2,18.279166666666665,1.4678571428571427
18,7,6,4,1,1,1,3,22.04484126984127,1.4785714285714286
18,8,1,1,1,1,1,1,12.332936507936509,1.4535714285714285
18,9,1,1,1,1,1,1,12.332936507936509,1.4535714285714285
18,10,1,1,1,1,1,1,12.332936507936509,1.4535714285714285
18,11,1,1,1,1,1,1,12.332936507936509,1.4535714285714285
18,12,3,4,1,1,1,2,18.279166666666665,1.4678571428571427
18,13,1,1,1,1,1,1,12.332936507936509,1.4535714285714285
18,14,3,4,1,1,1,2,18.279166666666665,1.4678571428571427
18,15,1,1,1,1,1,1,12.332936507936509,1.4535714285714285
18,16,3,4,1,1,1,2,18.279166666666665,1.4678571428571427
18,17,6,4,1,1,1,3,22.04484126984127,1.4785714285714286
18,18,1,1,1,1,1,1,12.332936507936509,1.4535714285714285
18,19,1,1,1,1,1,1,12.332936507936509,1.4535714285714285
18,20,3,4,1,1,1,2,18.279166666666665,1.4678571428571427
18,21,6,4,1,1,1,3,22.04484126984127,1.4785714285714286
18,22,6,4,1,1,1,3,22.04484126984127,1.4785714285714286
18,23,1,1,1,1,1,1,12.332936507936509,1.4535714285714285
18,24,6,4,1,1,1,3,22.04484126984127,1.4785714285714286
18,25,6,4,1,1,1,3,22.04484126984127,1.4785714285714286
18,26,6,6,5,1,1,10,34.89365079365079,1.4821428571428572
18,27,3,4,1,1,1,2,18.279166666666665,1.4678571428571427
18,28,1,1,1,1,1,1,12.332936507936509,1.4535714285714285
18,29,3,4,1,1,1,2,18.279166666666665,1.4678571428571427
18,30,3,4,1,1,1,2,18.279166666666665,1.4678571428571427
18,31,6,4,1,1,1,3,22.04484126984127,1.4785714285714286
18,32,6,4,1,1,1,3,22.04484126984127,1.4785714285714286
18,33,6,4,1,1,1,3,22.04484126984127,1.4785714285714286
18,34,6,4,1,1,1,3,22.04484126984127,1.4785714285714286
18,35,1,1,1,1,1,1,12.332936507936509,1.4535714285714285
18,36,6,4,1,1,1,3,22.04484126984127,1.4785714285714286
18,37,6,4,1,1,1,3,22.04484126984127,1.4785714285714286
18,38,6,6,5,1,1,10,34.89365079365079,1.4821428571428572
18,39,1,1,1,1,1,1,12.332936507936509,1.4535714285714285
18,40,3,4,1,1,1,2,18.279166666666665,1.4678571428571427
18,41,3,4,1,1,1,2,18.279166666666665,1.4678571428571427
18,42,1,1,1,1,1,1,12.332936507936509,1.4535714285714285
18,43,1,1,1,1,1,1,12.332936507936509,1.4535714285714285
18,44,3,4,1,1,1,2,18.279166666666665,1.4678571428571427
18,45,1,1,1,1,1,1,12.332936507936509,1.4535714285714285
18,46,3,4,1,1,1,2,18.279166666666665,1.4678571428571427
18,47,6,4,1,1,1,3,22.04484126984127,1.4785714285714286
18,48,1,1,1,1,1,1,12.332936507936509,1.4535714285714285
18,49,6,4,1,1,1,3,22.04484126984127,1.4785714285714286
19,0,6,6,5,1,1,10,34.89365079365079,1.4821428571428572
19,1,1,1,1,1,1,1,12.332936507936509,1.4535714285714285
19,2,1,1,1,1,1,1,12.332936507936509,1.4535714285714285
19,3,6,6,5,1,1,10,34.89365079365079,1.4821428571428572
19,4,6,4,1,1,1,3,22.04484126984127,1.4785714285714286
19,5,3,4,1,1,1,2,18.279166666666665,1.4678571428571427
19,6,3,4,1,1,1,2,18.279166666666665,1.4678571428571427
19,7,6,4,1,1,1,3,22.04484126984127,1.4785714285714286
19,8,6,4,1,1,1,3,22.04484126984127,1.4785714285714286
19,9,3,4,1,1,1,2,18.279166666666665,1.4678571428571427
19,10,6,4,1,1,1,3,22.04484126984127,1.4785714285714286
19,11,6,4,1,1,1,3,22.04484126984127,1.4785714285714286
19,12,6,4,1,1,1,3,22.04484126984127,1.4785714285714286
19,13,6,4,1,1,1,3,22.04484126984127,1.4785714285714286
19,14,1,1,1,1,1,1,12.332936507936509,1.4535714285714285
19,15,1,1,1,1,1,1,12.332936507936509,1.4535714285714285
19,16,3,4,1,1,1,2,18.279166666666665,1.4678571428571427
19,17,3,4,1,1,1,2,18.279166666666665,1.4678571428571427
19,18,3,4,1,1,1,2,18.279166666666665,1.4678571428571427
19,19,1,1,1,1,1,1,12.332936507936509,1.4535714285714285
19,20,1,1,1,1,1,1,12.332936507936509,1.4535714285714285
19,21,3,4,1,1,1,2,18.279166666666665,1.4678571428571427
19,22,1,1,1,1,1,1,12.332936507936509,1.4535714285714285
19,23,6,4,1,1,1,3,22.04484126984127,1.4785714285714286
19,24,1,1,1,1,1,1,12.332936507936509,1.4535714285714285
19,25,6,6,5,1,1,10,34.89365079365079,1.4821428571428572
19,26,1,1,1,1,1,1,12.332936507936509,1.4535714285714285
19,27,3,4,1,1,1,2,18.279166666666665,1.4678571428571427
19,28,3,4,1,1,1,2,18.279166666666665,1.4678571428571427
19,29,6,4,1,1,1,3,22.04484126984127,1.4785714285714286
19,30,3,4,1,1,1,2,18.279166666666665,1.4678571428571427
19,31,3,4,1,1,1,2,18.279166666666665,1.4678571428571427
19,32,1,1,1,1,1,1,12.332936507936509,1.4535714285714285
19,33,3,4,1,1,1,2,18.279166666666665,1.4678571428571427
19,34,6,4,1,1,1,3,22.04484126984127,1.4785714285714286
19,35,1,1,1,1,1,1,12.332936507936509,1.4535714285714285
19,36,1,1,1,1,1,1,12.332936507936509,1.4535714285714285
19,37,3,4,1,1,1,2,18.279166666666665,1.4678571428571427
19,38,6,6,5,1,1,10,34.89365079365079,1.4821428571428572
19,39,1,1,1,1,1,1,12.332936507936509,1.4535714285714285
19,40,1,1,1,1,1,1,12.332936507936509,1.4535714285714285
19,41,3,4,1,1,1,2,18.279166666666665,1.4678571428571427
19,42,1,1,1,1,1,1,12.332936507936509,1.4535714285714285
19,43,3,4,1,1,1,2,18.279166666666665,1.4678571428571427
19,44,6,4,1,1,1,3,22.04484126984127,1.4785714285714286
19,45,3,4,1,1,1,2,18.279166666666665,1.4678571428571427
19,46,6,4,1,1,1,3,22.04484126984127,1.4785714285714286
19,47,1,1,1,1,1,1,12.332936507936509,1.4535714285714285
19,48,6,4,1,1,1,3,22.04484126984127,1.4785714285714286
19,49,6,6,5,1,1,10,34.89365079365079,1.4821428571428572
20,0,6,6,5,1,1,10,34.89365079365079,1.4821428571428572
20,1,6,6,5,1,1,10,34.89365079365079,1.4821428571428572
20,2,1,1,1,1,1,1,12.332936507936509,1.4535714285714285
20,3,1,1,1,1,1,1,12.332936507936509,1.4535714285714285
20,4,6,4,1,1,1,3,22.04484126984127,1.4785714285714286
20,5,3,4,1,1,1,2,18.279166666666665,1.4678571428571427
20,6,3,4,1,1,1,2,18.279166666666665,1.4678571428571427
20,7,6,4,1,1,1,3,22.04484126984127,1.4785714285714286
20,8,1,1,1,1,1,1,12.332936507936509,1.4535714285714285
20,9,3,4,1,1,1,2,18.279166666666665,1.4678571428571427
20,10,6,6,5,1,1,10,34.89365079365079,1.4821428571428572
20,11,3,4,1,1,1,2,18.279166666666665,1.4678571428571427
20,12,3,4,1,1,1,2,18.279166666666665,1.4678571428571427
20,13,3,4,1,1,1,2,18.279166666666665,1.4678571428571427
20,14,3,4,1,1,1,2,18.279166666666665,1.4678571428571427
20,15,1,1,1,1,1,1,12.332936507936509,1.4535714285714285
20,16,1,1,1,1,1,1,12.332936507936509,1.4535714285714285
20,17,3,4,1,1,1,2,18.279166666666665,1.4678571428571427
20,18,6,4,1,1,1,3,22.04484126984127,1.4785714285714286
20,19,6,4,1,1,1,3,22.04484126984127,1.4785714285714286
20,20,3,4,1,1,1,2,18.279166666666665,1.4678571428571427
20,21,1,1,1,1,1,1,12.332936507936509,1.4535714285714285
20,22,6,6,5,1,1,10,34.89365079365079,1.4821428571428572
20,23,6,4,1,1,1,3,22.04484126984127,1.4785714285714286
20,24,3,4,1,1,1,2,18.279166666666665,1.4678571428571427
20,25,3,4,1,1,1,2,18.279166666666665,1.4678571428571427
20,26,1,1,1,1,1,1,12.332936507936509,1.4535714285714285
20,27,6,4,1,1,1,3,22.04484126984127,1.4785714285714286
20,28,6,4,1,1,1,3,22.04484126984127,1.4785714285714286
20,29,1,1,1,1,1,1,12.332936507936509,1.4535714285714285
20,30,3,4,1,1,1,2,18.279166666666665,1.4678571428571427
20,31,3,4,1,1,1,2,18.279166666666665,1.4678571428571427
20,32,3,4,1,1,1,2,18.279166666666665,1.4678571428571427
20,33,6,4,1,1,1,3,22.04484126984127,1.4785714285714286
20,34,3,4,1,1,1,2,18.279166666666665,1.4678571428571427
20,35,1,1,1,1,1,1,12.332936507936509,1.4535714285714285
20,36,1,1,1,1,1,1,12.332936507936509,1.4535714285714285
20,37,1,1,1,1,1,1,12.332936507936509,1.4535714285714285
20,38,6,6,5,1,1,10,34.89365079365079,1.4821428571428572
20,39,1,1,1,1,1,1,12.332936507936509,1.4535714285714285
20,40,6,4,1,1,1,3,22.04484126984127,1.4785714285714286
20,41,1,1,1,1,1,1,12.332936507936509,1.4535714285714285
20,42,1,1,1,1,1,1,12.332936507936509,1.4535714285714285
20,43,1,1,1,1,1,1,12.332936507936509,1.4535714285714285
20,44,6,4,1,1,1,3,22.04484126984127,1.4785714285714286
20,45,6,4,1,1,1,3,22.04484126984127,1.4785714285714286
20,46,6,4,1,1,1,3,22.04484126984127,1.4785714285714286
20,47,6,6,5,1,1,10,34.89365079365079,1.4821428571428572
20,48,1,1,1,1,1,1,12.332936507936509,1.4535714285714285
20,49,6,4,1,1,1,3,22.04484126984127,1.4785714285714286
21,0,6,6,5,1,1,10,34.89365079365079,1.4821428571428572
21,1,1,1,1,1,1,1,12.332936507936509,1.4535714285714285
21,2,6,6,5,1,1,10,34.89365079365079,1.4821428571428572
21,3,1,1,1,1,1,1,12.332936507936509,1.4535714285714285
21,4,6,4,1,1,1,3,22.04484126984127,1.4785714285714286
21,5,3,4,1,1,1,2,18.279166666666665,1.4678571428571427
21,6,3,4,1,1,1,2,18.279166666666665,1.4678571428571427
21,7,6,4,1,1,1,3,22.04484126984127,1.4785714285714286
21,8,6,4,1,1,1,3,22.04484126984127,1.4785714285714286
21,9,1,1,1,1,1,1,12.332936507936509,1.4535714285714285
21,10,6,6,5,1,1,10,34.89365079365079,1.4821428571428572
21,11,1,1,1,1,1,1,12.332936507936509,1.4535714285714285
21,12,6,4,1,1,1,3,22.04484126984127,1.4785714285714286
21,13,3,4,1,1,1,2,18.279166666666665,1.4678571428571427
21,14,6,6,5,1,1,10,34.89365079365079,1.4821428571428572
21,15,1,1,1,1,1,1,12.332936507936509,1.4535714285714285
21,16,1,1,1,1,1,1,12.332936507936509,1.4535714285714285
21,17,1,1,1,1,1,1,12.332936507936509,1.4535714285714285
21,18,1,1,1,1,1,1,12.332936507936509,1.4535714285714285
21,19,6,6,5,1,1,10,34.89365079365079,1.4821428571428572
21,20,6,6,5,1,1,10,34.89365079365079,1.4821428571428572
21,21,1,1,1,1,1,1,12.332936507936509,1.4535714285714285
21,22,6,4,1,1,1,3,22.04484126984127,1.4785714285714286
21,23,3,4,1,1,1,2,18.279166666666665,1.4678571428571427
21,24,6,6,5,1,1,10,34.89365079365079,1.4821428571428572
21,25,1,1,1,1,1,1,12.332936507936509,1.4535714285714285
21,26,3,4,1,1,1,2,18.279166666666665,1.4678571428571427
21,27,6,6,5,1,1,10,34.89365079365079,1.4821428571428572
21,28,1,1,1,1,1,1,12.332936507936509,1.4535714285714285
21,29,1,1,1,1,1,1,12.332936507936509,1.4535714285714285
21,30,6,4,1,1,1,3,22.04484126984127,1.4785714285714286
21,31,6,4,1,1,1,3,22.04484126984127,1.4785714285714286
21,32,6,4,1,1,1,3,22.04484126984127,1.4785714285714286
21,33,6,4,1,1,1,3,22.04484126984127,1.4785714285714286
21,34,6,4,1,1,1,3,22.04484126984127,1.4785714285714286
21,35,3,4,1,1,1,2,18.279166666666665,1.4678571428571427
21,36,1,1,1,1,1,1,12.332936507936509,1.4535714285714285
21,37,3,4,1,1,1,2,18.279166666666665,1.4678571428571427
21,38,1,1,1,1,1,1,12.332936507936509,1.4535714285714285
21,39,6,4,1,1,1,3,22.04484126984127,1.4785714285714286
21,40,3,4,1,1,1,2,18.279166666666665,1.4678571428571427
21,41,3,4,1,1,1,2,18.279166666666665,1.4678571428571427
21,42,6,4,1,1,1,3,22.04484126984127,1.4785714285714286
21,43,1,1,1,1,1,1,12.332936507936509,1.4535714285714285
21,44,3,4,1,1,1,2,18.279166666666665,1.4678571428571427
21,45,6,6,5,1,1,10,34.89365079365079,1.4821428571428572
21,46,1,1,1,1,1,1,12.332936507936509,1.4535714285714285
21,47,1,1,1,1,1,1,12.332936507936509,1.4535714285714285
21,48,1,1,1,1,1,1,12.332936507936509,1.4535714285714285
21,49,1,1,1,1,1,1,12.332936507936509,1.4535714285714285
22,0,1,1,1,1,1,1,12.332936507936509,1.4535714285714285
22,1,1,1,1,1,1,1,12.332936507936509,1.4535714285714285
22,2,6,6,5,1,1,10,34.89365079365079,1.4821428571428572
22,3,6,6,5,1,1,10,34.89365079365079,1.4821428571428572
22,4,6,4,1,1,1,3,22.04484126984127,1.4785714285714286
22,5,6,1,1,1,1,2,18.279166666666665,1.4678571428571427
22,6,3,4,1,1,1,2,18.279166666666665,1.4678571428571427
22,7,6,4,1,1,1,3,22.04484126984127,1.4785714285714286
22,8,6,6,5,1,1,10,34.89365079365079,1.4821428571428572
22,9,1,1,1,1,1,1,12.332936507936509,1.4535714285714285
22,10,1,1,1,1,1,1,12.332936507936509,1.4535714285714285
22,11,6,4,1,1,1,3,22.04484126984127,1.4785714285714286
22,12,1,1,1,1,1,1,12.332936507936509,1.4535714285714285
22,13,6,4,1,1,1,3,22.04484126984127,1.4785714285714286
22,14,1,1,1,1,1,1,12.332936507936509,1.4535714285714285
22,15,6,4,1,1,1,3,22.04484126984127,1.4785714285714286
22,16,1,1,1,1,1,1,12.332936507936509,1.4535714285714285
22,17,6,4,1,1,1,3,22.04484126984127,1.4785714285714286
22,18,6,4,1,1,1,3,22.04484126984127,1.4785714285714286
22,19,3,4,1,1,1,2,18.279166666666665,1.4678571428571427
22,20,6,4,1,1,1,3,22.04484126984127,1.4785714285714286
22,21,6,4,1,1,1,3,22.04484126984127,1.4785714285714286
22,22,6,6,5,1,1,10,34.89365079365079,1.4821428571428572
22,23,6,4,1,1,1,3,22.04484126984127,1.4785714285714286
22,24,6,4,1,1,1,3,22.04484126984127,1.4785714285714286
22,25,6,6,5,1,1,10,34.89365079365079,1.4821428571428572
22,26,6,6,5,1,1,10,34.89365079365079,1.4821428571428572
22,27,3,4,1,1,1,2,18.279166666666665,1.4678571428571427
22,28,3,4,1,1,1,2,18.279166666666665,1.4678571428571427
22,29,6,4,1,1,1,3,22.04484126984127,1.4785714285714286
22,30,1,1,1,1,1,1,12.332936507936509,1.4535714285714285
22,31,6,4,1,1,1,3,22.04484126984127,1.4785714285714286
22,32,6,4,1,1,1,3,22.04484126984127,1.4785714285714286
22,33,6,4,1,1,1,3,22.04484126984127,1.4785714285714286
22,34,6,4,1,1,1,3,22.04484126984127,1.4785714285714286
22,35,6,6,5,1,1,10,34.89365079365079,1.4821428571428572
22,36,1,1,1,1,1,1,12.332936507936509,1.4535714285714285
22,37,6,4,1,1,1,3,22.04484126984127,1.4785714285714286
22,38,1,1,1,1,1,1,12.332936507936509,1.4535714285714285
22,39,1,1,1,1,1,1,12.332936507936509,1.4535714285714285
22,40,3,4,1,1,1,2,18.279166666666665,1.4678571428571427
22,41,1,1,1,1,1,1,12.332936507936509,1.4535714285714285
22,42,3,4,1,1,1,2,18.279166666666665,1.4678571428571427
22,43,6,4,1,1,1,3,22.04484126984127,1.4785714285714286
22,44,6,6,5,1,1,10,34.89365079365079,1.4821428571428572
22,45,3,4,1,1,1,2,18.279166666666665,1.4678571428571427
22,46,1,1,1,1,1,1,12.332936507936509,1.4535714285714285
22,47,1,1,1,1,1,1,12.332936507936509,1.4535714285714285
22,48,6,4,1,1,1,3,22.04484126984127,1.4785714285714286
22,49,6,4,1,1,1,3,22.04484126984127,1.4785714285714286
23,0,1,1,1,1,1,1,12.332936507936509,1.4535714285714285
23,1,1,1,1,1,1,1,12.332936507936509,1.4535714285714285
23,2,6,6,5,1,1,10,34.89365079365079,1.4821428571428572
23,3,6,6,5,1,1,10,34.89365079365079,1.4821428571428572
23,4,6,4,1,1,1,3,22.04484126984127,1.4785714285714286
23,5,3,4,1,1,1,2,18.279166666666665,1.4678571428571427
23,6,6,1,1,1,1,2,18.279166666666665,1.4678571428571427
23,7,6,4,1,1,1,3,22.04484126984127,1.4785714285714286
23,8,1,1,1,1,1,1,12.332936507936509,1.4535714285714285
23,9,6,4,1,1,1,3,22.04484126984127,1.4785714285714286
23,10,3,4,1,1,1,2,18.279166666666665,1.4678571428571427
23,11,6,4,1,1,1,3,22.04484126984127,1.4785714285714286
23,12,3,4,1,1,1,2,18.279166666666665,1.4678571428571427
23,13,1,1,1,1,1,1,12.332936507936509,1.4535714285714285
23,14,6,4,1,1,1,3,22.04484126984127,1.4785714285714286
23,15,3,4,1,1,1,2,18.279166666666665,1.4678571428571427
23,16,6,4,1,1,1,3,22.04484126984127,1.4785714285714286
23,17,6,4,1,1,1,3,22.04484126984127,1.4785714285714286
23,18,1,1,1,1,1,1,12.332936507936509,1.4535714285714285
23,19,6,4,1,1,1,3,22.04484126984127,1.4785714285714286
23,20,6,4,1,1,1,3,22.04484126984127,1.4785714285714286
23,21,1,1,1,1,1,1,12.332936507936509,1.4535714285714285
23,22,6,4,1,1,1,3,22.04484126984127,1.4785714285714286
23,23,3,4,1,1,1,2,18.279166666666665,1.4678571428571427
23,24,6,4,1,1,1,3,22.04484126984127,1.4785714285714286
23,25,1,1,1,1,1,1,12.332936507936509,1.4535714285714285
23,26,6,4,1,1,1,3,22.04484126984127,1.4785714285714286
23,27,6,6,5,1,1,10,34.89365079365079,1.4821428571428572
23,28,1,1,1,1,1,1,12.332936507936509,1.4535714285714285
23,29,1,1,1,1,1,1,12.332936507936509,1.4535714285714285
23,30,6,6,5,1,1,10,34.89365079365079,1.4821428571428572
23,31,1,1,1,1,1,1,12.332936507936509,1.4535714285714285
23,32,6,4,1,1,1,3,22.04484126984127,1.4785714285714286
23,33,3,4,1,1,1,2,18.279166666666665,1.4678571428571427
23,34,6,4,1,1,1,3,22.04484126984127,1.4785714285714286
23,35,6,6,5,1,1,10,34.89365079365079,1.4821428571428572
23,36,6,4,1,1,1,3,22.04484126984127,1.4785714285714286
23,37,6,4,1,1,1,3,22.04484126984127,1.4785714285714286
23,38,6,4,1,1,1,3,22.04484126984127,1.4785714285714286
23,39,6,4,1,1,1,3,22.04484126984127,1.4785714285714286
23,40,6,4,1,1,1,3,22.04484126984127,1.4785714285714286
23,41,6,4,1,1,1,3,22.04484126984127,1.4785714285714286
23,42,1,1,1,1,1,1,12.332936507936509,1.4535714285714285
23,43,6,4,1,1,1,3,22.04484126984127,1.4785714285714286
23,44,1,1,1,1,1,1,12.332936507936509,1.4535714285714285
23,45,6,4,1,1,1,3,22.04484126984127,1.4785714285714286
23,46,1,1,1,1,1,1,12.332936507936509,1.4535714285714285
23,47,6,4,1,1,1,3,22.04484126984127,1.4785714285714286
23,48,1,1,1,1,1,1,12.332936507936509,1.4535714285714285
23,49,1,1,1,1,1,1,12.332936507936509,1.4535714285714285
24,0,6,6,5,1,1,10,34.89365079365079,1.4821428571428572
24,1,6,6,5,1,1,10,34.89365079365079,1.4821428571428572
24,2,1,1,1,1,1,1,12.332936507936509,1.4535714285714285
24,3,1,1,1,1,1,1,12.332936507936509,1.4535714285714285
24,4,6,4,1,1,1,3,22.04484126984127,1.4785714285714286
24,5,3,4,1,1,1,2,18.279166666666665,1.4678571428571427
24,6,3,4,1,1,1,2,18.279166666666665,1.4678571428571427
24,7,6,4,1,1,1,3,22.04484126984127,1.4785714285714286
24,8,6,4,1,1,1,3,22.04484126984127,1.4785714285714286
24,9,6,4,1,1,1,3,22.04484126984127,1.4785714285714286
24,10,1,1,1,1,1,1,12.332936507936509,1.4535714285714285
24,11,1,1,1,1,1,1,12.332936507936509,1.4535714285714285
24,12,6,4,1,1,1,3,22.04484126984127,1.4785714285714286
24,13,6,4,1,1,1,3,22.04484126984127,1.4785714285714286
24,14,1,1,1,1,1,1,12.332936507936509,1.4535714285714285
24,15,6,4,1,1,1,3,22.04484126984127,1.4785714285714286
24,16,6,6,5,1,1,10,34.89365079365079,1.4821428571428572
24,17,3,4,1,1,1,2,18.279166666666665,1.4678571428571427
24,18,3,4,1,1,1,2,18.279166666666665,1.4678571428571427
24,19,6,4,1,1,1,3,22.04484126984127,1.4785714285714286
24,20,6,4,1,1,1,3,22.04484126984127,1.4785714285714286
24,21,6,4,1,1,1,3,22.04484126984127,1.4785714285714286
24,22,6,6,5,1,1,10,34.89365079365079,1.4821428571428572
24,23,6,4,1,1,1,3,22.04484126984127,1.4785714285714286
24,24,6,4,1,1,1,3,22.04484126984127,1.4785714285714286
24,25,1,1,1,1,1,1,12.332936507936509,1.4535714285714285
24,26,1,1,1,1,1,1,12.332936507936509,1.4535714285714285
24,27,3,4,1,1,1,2,18.279166666666665,1.4678571428571427
24,28,1,1,1,1,1,1,12.332936507936509,1.4535714285714285
24,29,1,1,1,1,1,1,12.332936507936509,1.4535714285714285
24,30,6,4,1,1,1,3,22.04484126984127,1.4785714285714286
24,31,1,1,1,1,1,1,12.332936507936509,1.4535714285714285
24,32,3,4,1,1,1,2,18.279166666666665,1.4678571428571427
24,33,6,6,5,1,1,10,34.89365079365079,1.4821428571428572
24,34,6,4,1,1,1,3,22.04484126984127,1.4785714285714286
24,35,6,4,1,1,1,3,22.04484126984127,1.4785714285714286
24,36,1,1,1,1,1,1,12.332936507936509,1.4535714285714285
24,37,1,1,1,1,1,1,12.332936507936509,1.4535714285714285
24,38,6,4,1,1,1,3,22.04484126984127,1.4785714285714286
24,39,6,4,1,1,1,3,22.04484126984127,1.4785714285714286
24,40,1,1,1,1,1,1,12.332936507936509,1.4535714285714285
24,41,6,4,1,1,1,3,22.04484126984127,1.4785714285714286
24,42,3,4,1,1,1,2,18.279166666666665,1.4678571428571427
24,43,6,4,1,1,1,3,22.04484126984127,1.4785714285714286
24,44,1,1,1,1,1,1,12.332936507936509,1.4535714285714285
24,45,1,1,1,1,1,1,12.332936507936509,1.4535714285714285
24,46,6,6,5,1,1,10,34.89365079365079,1.4821428571428572
24,47,1,1,1,1,1,1,12.332936507936509,1.4535714285714285
24,48,6,4,1,1,1,3,22.04484126984127,1.4785714285714286
24,49,6,4,1,1,1,3,22.04484126984127,1.4785714285714286
25,0,6,6,5,1,1,10,34.89365079365079,1.4821428571428572
25,1,1,1,1,1,1,1,12.332936507936509,1.4535714285714285
25,2,6,6,5,1,1,10,34.89365079365079,1.4821428571428572
25,3,1,1,1,1,1,1,12.332936507936509,1.4535714285714285
25,4,6,4,1,1,1,3,22.04484126984127,1.4785714285714286
25,5,3,4,1,1,1,2,18.279166666666665,1.4678571428571427
25,6,3,4,1,1,1,2,18.279166666666665,1.4678571428571427
25,7,6,4,1,1,1,3,22.04484126984127,1.4785714285714286
25,8,6,4,1,1,1,3,22.04484126984127,1.4785714285714286
25,9,1,1,1,1,1,1,12.332936507936509,1.4535714285714285
25,10,6,4,1,1,1,3,22.04484126984127,1.4785714285714286
25,11,6,6,5,1,1,10,34.89365079365079,1.4821428571428572
25,12,1,1,1,1,1,1,12.332936507936509,1.4535714285714285
25,13,6,4,1,1,1,3,22.04484126984127,1.4785714285714286
25,14,6,4,1,1,1,3,22.04484126984127,1.4785714285714286
25,15,6,4,1,1,1,3,22.04484126984127,1.4785714285714286
25,16,6,4,1,1,1,3,22.04484126984127,1.4785714285714286
25,17,1,1,1,1,1,1,12.332936507936509,1.4535714285714285
25,18,6,4,1,1,1,3,22.04484126984127,1.4785714285714286
25,19,6,4,1,1,1,3,22.04484126984127,1.4785714285714286
25,20,6,4,1,1,1,3,22.04484126984127,1.4785714285714286
25,21,6,4,1,1,1,3,22.04484126984127,1.4785714285714286
25,22,1,1,1,1,1,1,12.332936507936509,1.4535714285714285
25,23,6,4,1,1,1,3,22.04484126984127,1.4785714285714286
25,24,6,4,1,1,1,3,22.04484126984127,1.4785714285714286
25,25,1,1,1,1,1,1,12.332936507936509,1.4535714285714285
25,26,3,4,1,1,1,2,18.279166666666665,1.4678571428571427
25,27,1,1,1,1,1,1,12.332936507936509,1.4535714285714285
25,28,1,1,1,1,1,1,12.332936507936509,1.4535714285714285
25,29,1,1,1,1,1,1,12.332936507936509,1.4535714285714285
25,30,1,1,1,1,1,1,12.332936507936509,1.4535714285714285
25,31,6,4,1,1,1,3,22.04484126984127,1.4785714285714286
25,32,6,6,5,1,1,10,34.89365079365079,1.4821428571428572
25,33,3,4,1,1,1,2,18.279166666666665,1.4678571428571427
25,34,1,1,1,1,1,1,12.332936507936509,1.4535714285714285
25,35,3,4,1,1,1,2,18.279166666666665,1.4678571428571427
25,36,1,1,1,1,1,1,12.332936507936509,1.4535714285714285
25,37,1,1,1,1,1,1,12.332936507936509,1.4535714285714285
25,38,6,4,1,1,1,3,22.04484126984127,1.4785714285714286
25,39,3,4,1,1,1,2,18.279166666666665,1.4678571428571427
25,40,6,4,1,1,1,3,22.04484126984127,1.4785714285714286
25,41,6,4,1,1,1,3,22.04484126984127,1.4785714285714286
25,42,1,1,1,1,1,1,12.332936507936509,1.4535714285714285
25,43,6,4,1,1,1,3,22.04484126984127,1.4785714285714286
25,44,3,4,1,1,1,2,18.279166666666665,1.4678571428571427
25,45,6,6,5,1,1,10,34.89365079365079,1.4821428571428572
25,46,1,1,1,1,1,1,12.332936507936509,1.4535714285714285
25,47,1,1,1,1,1,1,12.332936507936509,1.4535714285714285
25,48,6,4,1,1,1,3,22.04484126984127,1.4785714285714286
25,49,6,4,1,1,1,3,22.04484126984127,1.4785714285714286
26,0,6,6,5,1,1,10,34.89365079365079,1.4821428571428572
26,1,1,1,1,1,1,1,12.332936507936509,1.4535714285714285
26,2,1,1,1,1,1,1,12.332936507936509,1.4535714285714285
26,3,6,6,5,1,1,10,34.89365079365079,1.4821428571428572
26,4,6,4,1,1,1,3,22.04484126984127,1.4785714285714286
26,5,3,4,1,1,1,2,18.279166666666665,1.4678571428571427
26,6,3,4,1,1,1,2,18.279166666666665,1.4678571428571427
26,7,6,4,1,1,1,3,22.04484126984127,1.4785714285714286
26,8,6,4,1,1,1,3,22.04484126984127,1.4785714285714286
26,9,1,1,1,1,1,1,12.332936507936509,1.4535714285714285
26,10,6,4,1,1,1,3,22.04484126984127,1.4785714285714286
26,11,6,4,1,1,1,3,22.04484126984127,1.4785714285714286
26,12,6,4,1,1,1,3,22.04484126984127,1.4785714285714286
26,13,6,4,1,1,1,3,22.04484126984127,1.4785714285714286
26,14,6,4,1,1,1,3,22.04484126984127,1.4785714285714286
26,15,6,4,1,1,1,3,22.04484126984127,1.4785714285714286
26,16,6,4,1,1,1,3,22.04484126984127,1.4785714285714286
26,17,6,4,1,1,1,3,22.04484126984127,1.4785714285714286
26,18,3,4,1,1,1,2,18.279166666666665,1.4678571428571427
26,19,1,1,1,1,1,1,12.332936507936509,1.4535714285714285
26,20,1,1,1,1,1,1,12.332936507936509,1.4535714285714285
26,21,1,1,1,1,1,1,12.332936507936509,1.4535714285714285
26,22,1,1,1,1,1,1,12.332936507936509,1.4535714285714285
26,23,1,1,1,1,1,1,12.332936507936509,1.4535714285714285
26,24,6,4,1,1,1,3,22.04484126984127,1.4785714285714286
26,25,3,4,1,1,1,2,18.279166666666665,1.4678571428571427
26,26,6,4,1,1,1,3,22.04484126984127,1.4785714285714286
26,27,1,1,1,1,1,1,12.332936507936509,1.4535714285714285
26,28,1,1,1,1,1,1,12.332936507936509,1.4535714285714285
26,29,6,4,1,1,1,3,22.04484126984127,1.4785714285714286
26,30,6,4,1,1,1,3,22.04484126984127,1.4785714285714286
26,31,6,4,1,1,1,3,22.04484126984127,1.4785714285714286
26,32,6,4,1,1,1,3,22.04484126984127,1.4785714285714286
26,33,6,4,1,1,1,3,22.04484126984127,1.4785714285714286
26,34,6,4,1,1,1,3,22.04484126984127,1.4785714285714286
26,35,1,1,1,1,1,1,12.332936507936509,1.4535714285714285
26,36,6,4,1,1,1,3,22.04484126984127,1.4785714285714286
26,37,6,6,5,1,1,10,34.89365079365079,1.4821428571428572
26,38,1,1,1,1,1,1,12.332936507936509,1.4535714285714285
26,39,1,1,1,1,1,1,12.332936507936509,1.4535714285714285
26,40,6,4,1,1,1,3,22.04484126984127,1.4785714285714286
26,41,6,4,1,1,1,3,22.04484126984127,1.4785714285714286
26,42,6,4,1,1,1,3,22.04484126984127,1.4785714285714286
26,43,3,4,1,1,1,2,18.279166666666665,1.4678571428571427
26,44,6,6,5,1,1,10,34.89365079365079,1.4821428571428572
26,45,1,1,1,1,1,1,12.332936507936509,1.4535714285714285
26,46,3,4,1,1,1,2,18.279166666666665,1.4678571428571427
26,47,6,6,5,1,1,10,34.89365079365079,1.4821428571428572
26,48,1,1,1,1,1,1,12.332936507936509,1.4535714285714285
26,49,6,6,5,1,1,10,34.89365079365079,1.4821428571428572
27,0,1,1,1,1,1,1,12.332936507936509,1.4535714285714285
27,1,6,6,5,1,1,10,34.89365079365079,1.4821428571428572
27,2,1,1,1,1,1,1,12.332936507936509,1.4535714285714285
27,3,6,6,5,1,1,10,34.89365079365079,1.4821428571428572
27,4,6,4,1,1,1,3,22.04484126984127,1.4785714285714286
27,5,3,4,1,1,1,2,18.279166666666665,1.4678571428571427
27,6,3,4,1,1,1,2,18.279166666666665,1.4678571428571427
27,7,6,4,1,1,1,3,22.04484126984127,1.4785714285714286
27,8,1,1,1,1,1,1,12.332936507936509,1.4535714285714285
27,9,6,4,1,1,1,3,22.04484126984127,1.4785714285714286
27,10,3,4,1,1,1,2,18.279166666666665,1.4678571428571427
27,11,6,4,1,1,1,3,22.04484126984127,1.4785714285714286
27,12,1,1,1,1,1,1,12.332936507936509,1.4535714285714285
27,13,6,4,1,1,1,3,22.04484126984127,1.4785714285714286
27,14,3,4,1,1,1,2,18.279166666666665,1.4678571428571427
27,15,6,4,1,1,1,3,22.04484126984127,1.4785714285714286
27,16,6,4,1,1,1,3,22.04484126984127,1.4785714285714286
27,17,3,4,1,1,1,2,18.279166666666665,1.4678571428571427
27,18,6,4,1,1,1,3,22.04484126984127,1.4785714285714286
27,19,1,1,1,1,1,1,12.332936507936509,1.4535714285714285
27,20,1,1,1,1,1,1,12.332936507936509,1.4535714285714285
27,21,1,1,1,1,1,1,12.332936507936509,1.4535714285714285
27,22,6,4,1,1,1,3,22.04484126984127,1.4785714285714286
27,23,1,1,1,1,1,1,12.332936507936509,1.4535714285714285
27,24,6,4,1,1,1,3,22.04484126984127,1.4785714285714286
27,25,6,4,1,1,1,3,22.04484126984127,1.4785714285714286
27,26,6,4,1,1,1,3,22.04484126984127,1.4785714285714286
27,27,6,4,1,1,1,3,22.04484126984127,1.4785714285714286
27,28,6,4,1,1,1,3,22.04484126984127,1.4785714285714286
27,29,6,6,5,1,1,10,34.89365079365079,1.4821428571428572
27,30,1,1,1,1,1,1,12.332936507936509,1.4535714285714285
27,31,1,1,1,1,1,1,12.332936507936509,1.4535714285714285
27,32,1,1,1,1,1,1,12.332936507936509,1.4535714285714285
27,33,6,4,1,1,1,3,22.04484126984127,1.4785714285714286
27,34,1,1,1,1,1,1,12.332936507936509,1.4535714285714285
27,35,6,4,1,1,1,3,22.04484126984127,1.4785714285714286
27,36,6,4,1,1,1,3,22.04484126984127,1.4785714285714286
27,37,1,1,1,1,1,1,12.332936507936509,1.4535714285714285
27,38,3,4,1,1,1,2,18.279166666666665,1.4678571428571427
27,39,1,1,1,1,1,1,12.332936507936509,1.4535714285714285
27,40,6,6,5,1,1,10,34.89365079365079,1.4821428571428572
27,41,6,4,1,1,1,3,22.04484126984127,1.4785714285714286
27,42,6,4,1,1,1,3,22.04484126984127,1.4785714285714286
27,43,1,1,1,1,1,1,12.332936507936509,1.4535714285714285
27,44,6,4,1,1,1,3,22.04484126984127,1.4785714285714286
27,45,3,4,1,1,1,2,18.279166666666665,1.4678571428571427
27,46,6,4,1,1,1,3,22.04484126984127,1.4785714285714286
27,47,6,4,1,1,1,3,22.04484126984127,1.4785714285714286
27,48,6,6,5,1,1,10,34.89365079365079,1.4821428571428572
27,49,6,4,1,1,1,3,22.04484126984127,1.4785714285714286
28,0,6,6,5,1,1,10,34.89365079365079,1.4821428571428572
28,1,6,6,5,1,1,10,34.89365079365079,1.4821428571428572
28,2,1,1,1,1,1,1,12.332936507936509,1.4535714285714285
28,3,1,1,1,1,1,1,12.332936507936509,1.4535714285714285
28,4,6,4,1,1,1,3,22.04484126984127,1.4785714285714286
28,5,3,4,1,1,1,2,18.279166666666665,1.4678571428571427
28,6,3,4,1,1,1,2,18.279166666666665,1.4678571428571427
28,7,6,4,1,1,1,3,22.04484126984127,1.4785714285714286
28,8,1,1,1,1,1,1,12.332936507936509,1.4535714285714285
28,9,3,4,1,1,1,2,18.279166666666665,1.4678571428571427
28,10,3,4,1,1,1,2,18.279166666666665,1.4678571428571427
28,11,6,4,1,1,1,3,22.04484126984127,1.4785714285714286
28,12,6,4,1,1,1,3,22.04484126984127,1.4785714285714286
28,13,1,1,1,1,1,1,12.332936507936509,1.4535714285714285
28,14,3,4,1,1,1,2,18.279166666666665,1.4678571428571427
28,15,6,4,1,1,1,3,22.04484126984127,1.4785714285714286
28,16,6,4,1,1,1,3,22.04484126984127,1.4785714285714286
28,17,6,4,1,1,1,3,22.04484126984127,1.4785714285714286
28,18,1,1,1,1,1,1,12.332936507936509,1.4535714285714285
28,19,1,1,1,1,1,1,12.332936507936509,1.4535714285714285
28,20,6,4,1,1,1,3,22.04484126984127,1.4785714285714286
28,21,6,6,5,1,1,10,34.89365079365079,1.4821428571428572
28,22,6,4,1,1,1,3,22.04484126984127,1.4785714285714286
28,23,1,1,1,1,1,1,12.332936507936509,1.4535714285714285
28,24,6,4,1,1,1,3,22.04484126984127,1.4785714285714286
28,25,1,1,1,1,1,1,12.332936507936509,1.4535714285714285
28,26,6,4,1,1,1,3,22.04484126984127,1.4785714285714286
28,27,6,4,1,1,1,3,22.04484126984127,1.4785714285714286
28,28,6,6,5,1,1,10,34.89365079365079,1.4821428571428572
28,29,3,4,1,1,1,2,18.279166666666665,1.4678571428571427
28,30,3,4,1,1,1,2,18.279166666666665,1.4678571428571427
28,31,1,1,1,1,1,1,12.332936507936509,1.4535714285714285
28,32,1,1,1,1,1,1,12.332936507936509,1.4535714285714285
28,33,3,4,1,1,1,2,18.279166666666665,1.4678571428571427
28,34,1,1,1,1,1,1,12.332936507936509,1.4535714285714285
28,35,6,4,1,1,1,3,22.04484126984127,1.4785714285714286
28,36,6,4,1,1,1,3,22.04484126984127,1.4785714285714286
28,37,6,4,1,1,1,3,22.04484126984127,1.4785714285714286
28,38,6,4,1,1,1,3,22.04484126984127,1.4785714285714286
28,39,1,1,1,1,1,1,12.332936507936509,1.4535714285714285
28,40,1,1,1,1,1,1,12.332936507936509,1.4535714285714285
28,41,6,4,1,1,1,3,22.04484126984127,1.4785714285714286
28,42,1,1,1,1,1,1,12.332936507936509,1.4535714285714285
28,43,6,4,1,1,1,3,22.04484126984127,1.4785714285714286
28,44,6,6,5,1,1,10,34.89365079365079,1.4821428571428572
28,45,6,4,1,1,1,3,22.04484126984127,1.4785714285714286
28,46,3,4,1,1,1,2,18.279166666666665,1.4678571428571427
28,47,6,6,5,1,1,10,34.89365079365079,1.4821428571428572
28,48,1,1,1,1,1,1,12.332936507936509,1.4535714285714285
28,49,1,1,1,1,1,1,12.332936507936509,1.4535714285714285
29,0,6,6,5,1,1,10,34.89365079365079,1.4821428571428572
29,1,6,6,5,1,1,10,34.89365079365079,1.4821428571428572
29,2,1,1,1,1,1,1,12.332936507936509,1.4535714285714285
29,3,1,1,1,1,1,1,12.332936507936509,1.4535714285714285
29,4,6,4,1,1,1,3,22.04484126984127,1.4785714285714286
29,5,3,4,1,1,1,2,18.279166666666665,1.4678571428571427
29,6,3,4,1,1,1,2,18.279166666666665,1.4678571428571427
29,7,6,4,1,1,1,3,22.04484126984127,1.4785714285714286
29,8,6,4,1,1,1,3,22.04484126984127,1.4785714285714286
29,9,6,4,1,1,1,3,22.04484126984127,1.4785714285714286
29,10,1,1,1,1,1,1,12.332936507936509,1.4535714285714285
29,11,6,6,5,1,1,10,34.89365079365079,1.4821428571428572
29,12,6,4,1,1,1,3,22.04484126984127,1.4785714285714286
29,13,3,4,1,1,1,2,18.279166666666665,1.4678571428571427
29,14,3,4,1,1,1,2,18.279166666666665,1.4678571428571427
29,15,6,4,1,1,1,3,22.04484126984127,1.4785714285714286
29,16,3,4,1,1,1,2,18.279166666666665,1.4678571428571427
29,17,6,4,1,1,1,3,22.04484126984127,1.4785714285714286
29,18,1,1,1,1,1,1,12.332936507936509,1.4535714285714285
29,19,1,1,1,1,1,1,12.332936507936509,1.4535714285714285
29,20,1,1,1,1,1,1,12.332936507936509,1.4535714285714285
29,21,6,4,1,1,1,3,22.04484126984127,1.4785714285714286
29,22,1,1,1,1,1,1,12.332936507936509,1.4535714285714285
29,23,1,1,1,1,1,1,12.332936507936509,1.4535714285714285
29,24,1,1,1,1,1,1,12.332936507936509,1.4535714285714285
29,25,6,4,1,1,1,3,22.04484126984127,1.4785714285714286
29,26,1,1,1,1,1,1,12.332936507936509,1.4535714285714285
29,27,6,4,1,1,1,3,22.04484126984127,1.4785714285714286
29,28,6,4,1,1,1,3,22.04484126984127,1.4785714285714286
29,29,3,4,1,1,1,2,18.279166666666665,1.4678571428571427
29,30,6,4,1,1,1,3,22.04484126984127,1.4785714285714286
29,31,6,4,1,1,1,3,22.04484126984127,1.4785714285714286
29,32,6,4,1,1,1,3,22.04484126984127,1.4785714285714286
29,33,6,4,1,1,1,3,22.04484126984127,1.4785714285714286
29,34,3,4,1,1,1,2,18.279166666666665,1.4678571428571427
29,35,6,6,5,1,1,10,34.89365079365079,1.4821428571428572
29,36,6,6,5,1,1,10,34.89365079365079,1.4821428571428572
29,37,6,4,1,1,1,3,22.04484126984127,1.4785714285714286
29,38,1,1,1,1,1,1,12.332936507936509,1.4535714285714285
29,39,6,6,5,1,1,10,34.89365079365079,1.4821428571428572
29,40,1,1,1,1,1,1,12.332936507936509,1.4535714285714285
29,41,3,4,1,1,1,2,18.279166666666665,1.4678571428571427
29,42,1,1,1,1,1,1,12.332936507936509,1.4535714285714285
29,43,6,4,1,1,1,3,22.04484126984127,1.4785714285714286
29,44,3,4,1,1,1,2,18.279166666666665,1.4678571428571427
29,45,6,1,1,1,1,2,18.279166666666665,1.4678571428571427
29,46,6,4,1,1,1,3,22.04484126984127,1.4785714285714286
29,47,6,4,1,1,1,3,22.04484126984127,1.4785714285714286
29,48,6,4,1,1,1,3,22.04484126984127,1.4785714285714286
29,49,6,4,1,1,1,3,22.04484126984127,1.4785714285714286
30,0,1,1,1,1,1,1,12.332936507936509,1.4535714285714285
30,1,6,6,5,1,1,10,34.89365079365079,1.4821428571428572
30,2,1,1,1,1,1,1,12.332936507936509,1.4535714285714285
30,3,6,6,5,1,1,10,34.89365079365079,1.4821428571428572
30,4,6,4,1,1,1,3,22.04484126984127,1.4785714285714286
30,5,3,4,1,1,1,2,18.279166666666665,1.4678571428571427
30,6,3,4,1,1,1,2,18.279166666666665,1.4678571428571427
30,7,6,4,1,1,1,3,22.04484126984127,1.4785714285714286
30,8,6,4,1,1,1,3,22.04484126984127,1.4785714285714286
30,9,3,4,1,1,1,2,18.279166666666665,1.4678571428571427
30,10,1,1,1,1,1,1,12.332936507936509,1.4535714285714285
30,11,3,4,1,1,1,2,18.279166666666665,1.4678571428571427
30,12,6,6,5,1,1,10,34.89365079365079,1.4821428571428572
30,13,6,4,1,1,1,3,22.04484126984127,1.4785714285714286
30,14,3,4,1,1,1,2,18.279166666666665,1.4678571428571427
30,15,6,4,1,1,1,3,22.04484126984127,1.4785714285714286
30,16,3,4,1,1,1,2,18.279166666666665,1.4678571428571427
30,17,3,4,1,1,1,2,18.279166666666665,1.4678571428571427
30,18,1,1,1,1,1,1,12.332936507936509,1.4535714285714285
30,19,6,4,1,1,1,3,22.04484126984127,1.4785714285714286
30,20,1,1,1,1,1,1,12.332936507936509,1.4535714285714285
30,21,6,4,1,1,1,3,22.04484126984127,1.4785714285714286
30,22,6,4,1,1,1,3,22.04484126984127,1.4785714285714286
30,23,6,4,1,1,1,3,22.04484126984127,1.4785714285714286
30,24,6,4,1,1,1,3,22.04484126984127,1.4785714285714286
30,25,6,4,1,1,1,3,22.04484126984127,1.4785714285714286
30,26,1,1,1,1,1,1,12.332936507936509,1.4535714285714285
30,27,6,6,5,1,1,10,34.89365079365079,1.4821428571428572
30,28,3,4,1,1,1,2,18.279166666666665,1.4678571428571427
30,29,3,4,1,1,1,2,18.279166666666665,1.4678571428571427
30,30,6,6,5,1,1,10,34.89365079365079,1.4821428571428572
30,31,6,4,1,1,1,3,22.04484126984127,1.4785714285714286
30,32,6,4,1,1,1,3,22.04484126984127,1.4785714285714286
30,33,1,1,1,1,1,1,12.332936507936509,1.4535714285714285
30,34,6,4,1,1,1,3,22.04484126984127,1.4785714285714286
30,35,6,4,1,1,1,3,22.04484126984127,1.4785714285714286
30,36,6,4,1,1,1,3,22.04484126984127,1.4785714285714286
30,37,6,4,1,1,1,3,22.04484126984127,1.4785714285714286
30,38,3,4,1,1,1,2,18.279166666666665,1.4678571428571427
30,39,6,4,1,1,1,3,22.04484126984127,1.4785714285714286
30,40,6,6,5,1,1,10,34.89365079365079,1.4821428571428572
30,41,6,4,1,1,1,3,22.04484126984127,1.4785714285714286
30,42,6,4,1,1,1,3,22.04484126984127,1.4785714285714286
30,43,6,6,5,1,1,10,34.89365079365079,1.4821428571428572
30,44,1,1,1,1,1,1,12.332936507936509,1.4535714285714285
30,45,6,4,1,1,1,3,22.04484126984127,1.4785714285714286
30,46,6,4,1,1,1,3,22.04484126984127,1.4785714285714286
30,47,6,4,1,1,1,3,22.04484126984127,1.4785714285714286
30,48,1,1,1,1,1,1,12.332936507936509,1.4535714285714285
30,49,6,6,5,1,1,10,34.89365079365079,1.4821428571428572
31,0,6,6,5,1,1,10,34.89365079365079,1.4821428571428572
31,1,1,1,1,1,1,1,12.332936507936509,1.4535714285714285
31,2,1,1,1,1,1,1,12.332936507936509,1.4535714285714285
31,3,6,6,5,1,1,10,34.89365079365079,1.4821428571428572
31,4,6,4,1,1,1,3,22.04484126984127,1.4785714285714286
31,5,3,4,1,1,1,2,18.279166666666665,1.4678571428571427
31,6,3,4,1,1,1,2,18.279166666666665,1.4678571428571427
31,7,6,4,1,1,1,3,22.04484126984127,1.4785714285714286
31,8,1,1,1,1,1,1,12.332936507936509,1.4535714285714285
31,9,6,6,5,1,1,10,34.89365079365079,1.4821428571428572
31,10,6,4,1,1,1,3,22.04484126984127,1.4785714285714286
31,11,3,4,1,1,1,2,18.279166666666665,1.4678571428571427
31,12,6,4,1,1,1,3,22.04484126984127,1.4785714285714286
31,13,1,1,1,1,1,1,12.332936507936509,1.4535714285714285
31,14,6,4,1,1,1,3,22.04484126984127,1.4785714285714286
31,15,6,4,1,1,1,3,22.04484126984127,1.4785714285714286
31,16,6,4,1,1,1,3,22.04484126984127,1.4785714285714286
31,17,6,4,1,1,1,3,22.04484126984127,1.4785714285714286
31,18,6,4,1,1,1,3,22.04484126984127,1.4785714285714286
31,19,6,4,1,1,1,3,22.04484126984127,1.4785714285714286
31,20,6,4,1,1,1,3,22.04484126984127,1.4785714285714286
31,21,3,4,1,1,1,2,18.279166666666665,1.4678571428571427
31,22,6,4,1,1,1,3,22.04484126984127,1.4785714285714286
31,23,6,4,1,1,1,3,22.04484126984127,1.4785714285714286
31,24,6,4,1,1,1,3,22.04484126984127,1.4785714285714286
31,25,6,4,1,1,1,3,22.04484126984127,1.4785714285714286
31,26,3,4,1,1,1,2,18.279166666666665,1.4678571428571427
31,27,6,4,1,1,1,3,22.04484126984127,1.4785714285714286
31,28,3,4,1,1,1,2,18.279166666666665,1.4678571428571427
31,29,1,1,1,1,1,1,12.332936507936509,1.4535714285714285
31,30,6,4,1,1,1,3,22.04484126984127,1.4785714285714286
31,31,3,4,1,1,1,2,18.279166666666665,1.4678571428571427
31,32,6,4,1,1,1,3,22.04484126984127,1.4785714285714286
31,33,3,4,1,1,1,2,18.279166666666665,1.4678571428571427
31,34,1,1,1,1,1,1,12.332936507936509,1.4535714285714285
31,35,6,6,5,1,1,10,34.89365079365079,1.4821428571428572
31,36,6,4,1,1,1,3,22.04484126984127,1.4785714285714286
31,37,6,6,5,1,1,10,34.89365079365079,1.4821428571428572
31,38,6,6,5,1,1,10,34.89365079365079,1.4821428571428572
31,39,6,6,5,1,1,10,34.89365079365079,1.4821428571428572
31,40,6,4,1,1,1,3,22.04484126984127,1.4785714285714286
31,41,6,4,1,1,1,3,22.04484126984127,1.4785714285714286
31,42,1,1,1,1,1,1,12.332936507936509,1.4535714285714285
31,43,6,6,5,1,1,10,34.89365079365079,1.4821428571428572
31,44,3,4,1,1,1,2,18.279166666666665,1.4678571428571427
31,45,6,4,1,1,1,3,22.04484126984127,1.4785714285714286
31,46,3,4,1,1,1,2,18.279166666666665,1.4678571428571427
31,47,3,4,1,1,1,2,18.279166666666665,1.4678571428571427
31,48,6,4,1,1,1,3,22.04484126984127,1.4785714285714286
31,49,6,4,1,1,1,3,22.04484126984127,1.4785714285714286
32,0,6,6,5,1,1,10,34.89365079365079,1.4821428571428572
32,1,1,1,1,1,1,1,12.332936507936509,1.4535714285714285
32,2,1,1,1,1,1,1,12.332936507936509,1.4535714285714285
32,3,6,6,5,1,1,10,34.89365079365079,1.4821428571428572
32,4,6,4,1,1,1,3,22.04484126984127,1.4785714285714286
32,5,3,4,1,1,1,2,18.279166666666665,1.4678571428571427
32,6,3,4,1,1,1,2,18.279166666666665,1.4678571428571427
32,7,6,4,1,1,1,3,22.04484126984127,1.4785714285714286
32,8,3,4,1,1,1,2,18.279166666666665,1.4678571428571427
32,9,6,4,1,1,1,3,22.04484126984127,1.4785714285714286
32,10,1,1,1,1,1,1,12.332936507936509,1.4535714285714285
32,11,6,4,1,1,1,3,22.04484126984127,1.4785714285714286
32,12,6,4,1,1,1,3,22.04484126984127,1.4785714285714286
32,13,3,4,1,1,1,2,18.279166666666665,1.4678571428571427
32,14,1,1,1,1,1,1,12.332936507936509,1.4535714285714285
32,15,6,4,1,1,1,3,22.04484126984127,1.4785714285714286
32,16,6,4,1,1,1,3,22.04484126984127,1.4785714285714286
32,17,3,4,1,1,1,2,18.279166666666665,1.4678571428571427
32,18,3,4,1,1,1,2,18.279166666666665,1.4678571428571427
32,19,3,4,1,1,1,2,18.279166666666665,1.4678571428571427
32,20,1,1,1,1,1,1,12.332936507936509,1.4535714285714285
32,21,6,4,1,1,1,3,22.04484126984127,1.4785714285714286
32,22,6,4,1,1,1,3,22.04484126984127,1.4785714285714286
32,23,3,4,1,1,1,2,18.279166666666665,1.4678571428571427
32,24,3,4,1,1,1,2,18.279166666666665,1.4678571428571427
32,25,3,4,1,1,1,2,18.279166666666665,1.4678571428571427
32,26,6,6,5,1,1,10,34.89365079365079,1.4821428571428572
32,27,6,6,5,1,1,10,34.89365079365079,1.4821428571428572
32,28,1,1,1,1,1,1,12.332936507936509,1.4535714285714285
32,29,3,4,1,1,1,2,18.279166666666665,1.4678571428571427
32,30,1,1,1,1,1,1,12.332936507936509,1.4535714285714285
32,31,6,4,1,1,1,3,22.04484126984127,1.4785714285714286
32,32,3,4,1,1,1,2,18.279166666666665,1.4678571428571427
32,33,6,4,1,1,1,3,22.04484126984127,1.4785714285714286
32,34,6,4,1,1,1,3,22.04484126984127,1.4785714285714286
32,35,6,4,1,1,1,3,22.04484126984127,1.4785714285714286
32,36,1,1,1,1,1,1,12.332936507936509,1.4535714285714285
32,37,6,4,1,1,1,3,22.04484126984127,1.4785714285714286
32,38,1,1,1,1,1,1,12.332936507936509,1.4535714285714285
32,39,6,4,1,1,1,3,22.04484126984127,1.4785714285714286
32,40,6,6,5,1,1,10,34.89365079365079,1.4821428571428572
32,41,6,4,1,1,1,3,22.04484126984127,1.4785714285714286
32,42,6,4,1,1,1,3,22.04484126984127,1.4785714285714286
32,43,6,4,1,1,1,3,22.04484126984127,1.4785714285714286
32,44,6,4,1,1,1,3,22.04484126984127,1.4785714285714286
32,45,6,4,1,1,1,3,22.04484126984127,1.4785714285714286
32,46,6,4,1,1,1,3,22.04484126984127,1.4785714285714286
32,47,1,1,1,1,1,1,12.332936507936509,1.4535714285714285
32,48,6,4,1,1,1,3,22.04484126984127,1.4785714285714286
32,49,3,4,1,1,1,2,18.279166666666665,1.4678571428571427
33,0,1,1,1,1,1,1,12.332936507936509,1.4535714285714285
33,1,1,1,1,1,1,1,12.332936507936509,1.4535714285714285
33,2,6,6,5,1,1,10,34.89365079365079,1.4821428571428572
33,3,6,6,5,1,1,10,34.89365079365079,1.4821428571428572
33,4,6,4,1,1,1,3,22.04484126984127,1.4785714285714286
33,5,3,4,1,1,1,2,18.279166666666665,1.4678571428571427
33,6,3,4,1,1,1,2,18.279166666666665,1.4678571428571427
33,7,6,4,1,1,1,3,22.04484126984127,1.4785714285714286
33,8,1,1,1,1,1,1,12.332936507936509,1.4535714285714285
33,9,6,6,5,1,1,10,34.89365079365079,1.4821428571428572
33,10,6,4,1,1,1,3,22.04484126984127,1.4785714285714286
33,11,6,4,1,1,1,3,22.04484126984127,1.4785714285714286
33,12,6,4,1,1,1,3,22.04484126984127,1.4785714285714286
33,13,6,4,1,1,1,3,22.04484126984127,1.4785714285714286
33,14,6,6,5,1,1,10,34.89365079365079,1.4821428571428572
33,15,6,4,1,1,1,3,22.04484126984127,1.4785714285714286
33,16,6,4,1,1,1,3,22.04484126984127,1.4785714285714286
33,17,3,4,1,1,1,2,18.279166666666665,1.4678571428571427
33,18,3,4,1,1,1,2,18.279166666666665,1.4678571428571427
33,19,6,4,1,1,1,3,22.04484126984127,1.4785714285714286
33,20,3,4,1,1,1,2,18.279166666666665,1.4678571428571427
33,21,6,4,1,1,1,3,22.04484126984127,1.4785714285714286
33,22,6,4,1,1,1,3,22.04484126984127,1.4785714285714286
33,23,6,4,1,1,1,3,22.04484126984127,1.4785714285714286
33,24,6,4,1,1,1,3,22.04484126984127,1.4785714285714286
33,25,1,1,1,1,1,1,12.332936507936509,1.4535714285714285
33,26,3,4,1,1,1,2,18.279166666666665,1.4678571428571427
33,27,6,4,1,1,1,3,22.04484126984127,1.4785714285714286
33,28,3,4,1,1,1,2,18.279166666666665,1.4678571428571427
33,29,1,1,1,1,1,1,12.332936507936509,1.4535714285714285
33,30,6,4,1,1,1,3,22.04484126984127,1.4785714285714286
33,31,1,1,1,1,1,1,12.332936507936509,1.4535714285714285
33,32,1,1,1,1,1,1,12.332936507936509,1.4535714285714285
33,33,6,4,1,1,1,3,22.04484126984127,1.4785714285714286
33,34,6,6,5,1,1,10,34.89365079365079,1.4821428571428572
33,35,6,6,5,1,1,10,34.89365079365079,1.4821428571428572
33,36,3,4,1,1,1,2,18.279166666666665,1.4678571428571427
33,37,3,4,1,1,1,2,18.279166666666665,1.4678571428571427
33,38,6,4,1,1,1,3,22.04484126984127,1.4785714285714286
33,39,6,4,1,1,1,3,22.04484126984127,1.4785714285714286
33,40,3,4,1,1,1,2,18.279166666666665,1.4678571428571427
33,41,6,4,1,1,1,3,22.04484126984127,1.4785714285714286
33,42,6,4,1,1,1,3,22.04484126984127,1.4785714285714286
33,43,6,4,1,1,1,3,22.04484126984127,1.4785714285714286
33,44,6,4,1,1,1,3,22.04484126984127,1.4785714285714286
33,45,3,4,1,1,1,2,18.279166666666665,1.4678571428571427
33,46,3,4,1,1,1,2,18.279166666666665,1.4678571428571427
33,47,3,4,1,1,1,2,18.279166666666665,1.4678571428571427
33,48,1,1,1,1,1,1,12.332936507936509,1.4535714285714285
33,49,6,4,1,1,1,3,22.04484126984127,1.4785714285714286
34,0,1,1,1,1,1,1,12.332936507936509,1.4535714285714285
34,1,6,6,5,1,1,10,34.89365079365079,1.4821428571428572
34,2,6,6,5,1,1,10,34.89365079365079,1.4821428571428572
34,3,1,1,1,1,1,1,12.332936507936509,1.4535714285714285
34,4,6,4,1,1,1,3,22.04484126984127,1.4785714285714286
34,5,3,4,1,1,1,2,18.279166666666665,1.4678571428571427
34,6,3,4,1,1,1,2,18.279166666666665,1.4678571428571427
34,7,6,4,1,1,1,3,22.04484126984127,1.4785714285714286
34,8,1,1,1,1,1,1,12.332936507936509,1.4535714285714285
34,9,6,6,5,1,1,10,34.89365079365079,1.4821428571428572
34,10,1,1,1,1,1,1,12.332936507936509,1.4535714285714285
34,11,3,4,1,1,1,2,18.279166666666665,1.4678571428571427
34,12,1,1,1,1,1,1,12.332936507936509,1.4535714285714285
34,13,6,6,5,1,1,10,34.89365079365079,1.4821428571428572
34,14,6,6,5,1,1,10,34.89365079365079,1.4821428571428572
34,15,6,4,1,1,1,3,22.04484126984127,1.4785714285714286
34,16,3,4,1,1,1,2,18.279166666666665,1.4678571428571427
34,17,6,4,1,1,1,3,22.04484126984127,1.4785714285714286
34,18,6,6,5,1,1,10,34.89365079365079,1.4821428571428572
34,19,3,4,1,1,1,2,18.279166666666665,1.4678571428571427
34,20,3,4,1,1,1,2,18.279166666666665,1.4678571428571427
34,21,6,6,5,1,1,10,34.89365079365079,1.4821428571428572
34,22,6,6,5,1,1,10,34.89365079365079,1.4821428571428572
34,23,6,4,1,1,1,3,22.04484126984127,1.4785714285714286
34,24,3,4,1,1,1,2,18.279166666666665,1.4678571428571427
34,25,1,1,1,1,1,1,12.332936507936509,1.4535714285714285
34,26,6,4,1,1,1,3,22.04484126984127,1.4785714285714286
34,27,6,4,1,1,1,3,22.04484126984127,1.4785714285714286
34,28,6,4,1,1,1,3,22.04484126984127,1.4785714285714286
34,29,1,1,1,1,1,1,12.332936507936509,1.4535714285714285
34,30,3,4,1,1,1,2,18.279166666666665,1.4678571428571427
34,31,6,4,1,1,1,3,22.04484126984127,1.4785714285714286
34,32,3,4,1,1,1,2,18.279166666666665,1.4678571428571427
34,33,6,4,1,1,1,3,22.04484126984127,1.4785714285714286
34,34,3,4,1,1,1,2,18.279166666666665,1.4678571428571427
34,35,6,4,1,1,1,3,22.04484126984127,1.4785714285714286
34,36,6,4,1,1,1,3,22.04484126984127,1.4785714285714286
34,37,3,4,1,1,1,2,18.279166666666665,1.4678571428571427
34,38,6,4,1,1,1,3,22.04484126984127,1.4785714285714286
34,39,6,4,1,1,1,3,22.04484126984127,1.4785714285714286
34,40,6,6,5,1,1,10,34.89365079365079,1.4821428571428572
34,41,6,4,1,1,1,3,22.04484126984127,1.4785714285714286
34,42,3,4,1,1,1,2,18.279166666666665,1.4678571428571427
34,43,6,4,1,1,1,3,22.04484126984127,1.4785714285714286
34,44,6,4,1,1,1,3,22.04484126984127,1.4785714285714286
34,45,6,4,1,1,1,3,22.04484126984127,1.4785714285714286
34,46,6,4,1,1,1,3,22.04484126984127,1.4785714285714286
34,47,1,1,1,1,1,1,12.332936507936509,1.4535714285714285
34,48,6,4,1,1,1,3,22.04484126984127,1.4785714285714286
34,49,6,4,1,1,1,3,22.04484126984127,1.4785714285714286
35,0,1,1,1,1,1,1,12.332936507936509,1.4535714285714285
35,1,1,1,1,1,1,1,12.332936507936509,1.4535714285714285
35,2,6,6,5,1,1,10,34.89365079365079,1.4821428571428572
35,3,6,6,5,1,1,10,34.89365079365079,1.4821428571428572
35,4,6,4,1,1,1,3,22.04484126984127,1.4785714285714286
35,5,3,4,1,1,1,2,18.279166666666665,1.4678571428571427
35,6,3,4,1,1,1,2,18.279166666666665,1.4678571428571427
35,7,6,4,1,1,1,3,22.04484126984127,1.4785714285714286
35,8,6,6,5,1,1,10,34.89365079365079,1.4821428571428572
35,9,6,4,1,1,1,3,22.04484126984127,1.4785714285714286
35,10,6,6,5,1,1,10,34.89365079365079,1.4821428571428572
35,11,3,4,1,1,1,2,18.279166666666665,1.4678571428571427
35,12,3,4,1,1,1,2,18.279166666666665,1.4678571428571427
35,13,6,4,1,1,1,3,22.04484126984127,1.4785714285714286
35,14,1,1,1,1,1,1,12.332936507936509,1.4535714285714285
35,15,3,4,1,1,1,2,18.279166666666665,1.4678571428571427
35,16,6,4,1,1,1,3,22.04484126984127,1.4785714285714286
35,17,3,4,1,1,1,2,18.279166666666665,1.4678571428571427
35,18,6,4,1,1,1,3,22.04484126984127,1.4785714285714286
35,19,6,6,5,1,1,10,34.89365079365079,1.4821428571428572
35,20,6,4,1,1,1,3,22.04484126984127,1.4785714285714286
35,21,3,4,1,1,1,2,18.279166666666665,1.4678571428571427
35,22,6,6,5,1,1,10,34.89365079365079,1.4821428571428572
35,23,3,4,1,1,1,2,18.279166666666665,1.4678571428571427
35,24,6,4,1,1,1,3,22.04484126984127,1.4785714285714286
35,25,3,4,1,1,1,2,18.279166666666665,1.4678571428571427
35,26,3,4,1,1,1,2,18.279166666666665,1.4678571428571427
35,27,6,6,5,1,1,10,34.89365079365079,1.4821428571428572
35,28,1,1,1,1,1,1,12.332936507936509,1.4535714285714285
35,29,3,4,1,1,1,2,18.279166666666665,1.4678571428571427
35,30,1,1,1,1,1,1,12.332936507936509,1.4535714285714285
35,31,3,4,1,1,1,2,18.279166666666665,1.4678571428571427
35,32,3,4,1,1,1,2,18.279166666666665,1.4678571428571427
35,33,6,4,1,1,1,3,22.04484126984127,1.4785714285714286
35,34,3,4,1,1,1,2,18.279166666666665,1.4678571428571427
35,35,6,4,1,1,1,3,22.04484126984127,1.4785714285714286
35,36,1,1,1,1,1,1,12.332936507936509,1.4535714285714285
35,37,3,4,1,1,1,2,18.279166666666665,1.4678571428571427
35,38,6,4,1,1,1,3,22.04484126984127,1.4785714285714286
35,39,6,4,1,1,1,3,22.04484126984127,1.4785714285714286
35,40,6,4,1,1,1,3,22.04484126984127,1.4785714285714286
35,41,6,4,1,1,1,3,22.04484126984127,1.4785714285714286
35,42,1,1,1,1,1,1,12.332936507936509,1.4535714285714285
35,43,3,4,1,1,1,2,18.279166666666665,1.4678571428571427
35,44,6,4,1,1,1,3,22.04484126984127,1.4785714285714286
35,45,3,4,1,1,1,2,18.279166666666665,1.4678571428571427
35,46,6,4,1,1,1,3,22.04484126984127,1.4785714285714286
35,47,3,4,1,1,1,2,18.279166666666665,1.4678571428571427
35,48,6,4,1,1,1,3,22.04484126984127,1.4785714285714286
35,49,6,4,1,1,1,3,22.04484126984127,1.4785714285714286
36,0,1,1,1,1,1,1,12.332936507936509,1.4535714285714285
36,1,6,6,5,1,1,10,34.89365079365079,1.4821428571428572
36,2,6,6,5,1,1,10,34.89365079365079,1.4821428571428572
36,3,1,1,1,1,1,1,12.332936507936509,1.4535714285714285
36,4,6,4,1,1,1,3,22.04484126984127,1.4785714285714286
36,5,3,4,1,1,1,2,18.279166666666665,1.4678571428571427
36,6,3,4,1,1,1,2,18.279166666666665,1.4678571428571427
36,7,6,4,1,1,1,3,22.04484126984127,1.4785714285714286
36,8,3,4,1,1,1,2,18.279166666666665,1.4678571428571427
36,9,6,4,1,1,1,3,22.04484126984127,1.4785714285714286
36,10,6,4,1,1,1,3,22.04484126984127,1.4785714285714286
36,11,3,4,1,1,1,2,18.279166666666665,1.4678571428571427
36,12,3,4,1,1,1,2,18.279166666666665,1.4678571428571427
36,13,6,6,5,1,1,10,34.89365079365079,1.4821428571428572
36,14,3,4,1,1,1,2,18.279166666666665,1.4678571428571427
36,15,6,6,5,1,1,10,34.89365079365079,1.4821428571428572
36,16,3,4,1,1,1,2,18.279166666666665,1.4678571428571427
36,17,6,4,1,1,1,3,22.04484126984127,1.4785714285714286
36,18,3,4,1,1,1,2,18.279166666666665,1.4678571428571427
36,19,6,6,5,1,1,10,34.89365079365079,1.4821428571428572
36,20,3,4,1,1,1,2,18.279166666666665,1.4678571428571427
36,21,3,4,1,1,1,2,18.279166666666665,1.4678571428571427
36,22,6,4,1,1,1,3,22.04484126984127,1.4785714285714286
36,23,3,4,1,1,1,2,18.279166666666665,1.4678571428571427
36,24,3,4,1,1,1,2,18.279166666666665,1.4678571428571427
36,25,6,6,5,1,1,10,34.89365079365079,1.4821428571428572
36,26,6,4,1,1,1,3,22.04484126984127,1.4785714285714286
36,27,6,4,1,1,1,3,22.04484126984127,1.4785714285714286
36,28,3,4,1,1,1,2,18.279166666666665,1.4678571428571427
36,29,3,4,1,1,1,2,18.279166666666665,1.4678571428571427
36,30,3,4,1,1,1,2,18.279166666666665,1.4678571428571427
36,31,6,4,1,1,1,3,22.04484126984127,1.4785714285714286
36,32,6,4,1,1,1,3,22.04484126984127,1.4785714285714286
36,33,6,6,5,1,1,10,34.89365079365079,1.4821428571428572
36,34,6,4,1,1,1,3,22.04484126984127,1.4785714285714286
36,35,3,4,1,1,1,2,18.279166666666665,1.4678571428571427
36,36,6,4,1,1,1,3,22.04484126984127,1.4785714285714286
36,37,3,4,1,1,1,2,18.279166666666665,1.4678571428571427
36,38,1,1,1,1,1,1,12.332936507936509,1.4535714285714285
36,39,3,4,1,1,1,2,18.279166666666665,1.4678571428571427
36,40,6,4,1,1,1,3,22.04484126984127,1.4785714285714286
36,41,3,4,1,1,1,2,18.279166666666665,1.4678571428571427
36,42,1,1,1,1,1,1,12.332936507936509,1.4535714285714285
36,43,6,4,1,1,1,3,22.04484126984127,1.4785714285714286
36,44,3,4,1,1,1,2,18.279166666666665,1.4678571428571427
36,45,6,4,1,1,1,3,22.04484126984127,1.4785714285714286
36,46,6,4,1,1,1,3,22.04484126984127,1.4785714285714286
36,47,6,6,5,1,1,10,34.89365079365079,1.4821428571428572
36,48,6,4,1,1,1,3,22.04484126984127,1.4785714285714286
36,49,1,1,1,1,1,1,12.332936507936509,1.4535714285714285
37,0,6,6,5,1,1,10,34.89365079365079,1.4821428571428572
37,1,6,6,5,1,1,10,34.89365079365079,1.4821428571428572
37,2,1,1,1,1,1,1,12.332936507936509,1.4535714285714285
37,3,1,1,1,1,1,1,12.332936507936509,1.4535714285714285
37,4,6,4,1,1,1,3,22.04484126984127,1.4785714285714286
37,5,3,4,1,1,1,2,18.279166666666665,1.4678571428571427
37,6,3,4,1,1,1,2,18.279166666666665,1.4678571428571427
37,7,6,4,1,1,1,3,22.04484126984127,1.4785714285714286
37,8,6,4,1,1,1,3,22.04484126984127,1.4785714285714286
37,9,6,6,5,1,1,10,34.89365079365079,1.4821428571428572
37,10,3,4,1,1,1,2,18.279166666666665,1.4678571428571427
37,11,6,4,1,1,1,3,22.04484126984127,1.4785714285714286
37,12,6,6,5,1,1,10,34.89365079365079,1.4821428571428572
37,13,6,4,1,1,1,3,22.04484126984127,1.4785714285714286
37,14,3,4,1,1,1,2,18.279166666666665,1.4678571428571427
37,15,3,4,1,1,1,2,18.279166666666665,1.4678571428571427
37,16,3,4,1,1,1,2,18.279166666666665,1.4678571428571427
37,17,3,4,1,1,1,2,18.279166666666665,1.4678571428571427
37,18,3,4,1,1,1,2,18.279166666666665,1.4678571428571427
37,19,6,4,1,1,1,3,22.04484126984127,1.4785714285714286
37,20,3,4,1,1,1,2,18.279166666666665,1.4678571428571427
37,21,1,1,1,1,1,1,12.332936507936509,1.4535714285714285
37,22,6,4,1,1,1,3,22.04484126984127,1.4785714285714286
37,23,3,4,1,1,1,2,18.279166666666665,1.4678571428571427
37,24,3,4,1,1,1,2,18.279166666666665,1.4678571428571427
37,25,6,4,1,1,1,3,22.04484126984127,1.4785714285714286
37,26,6,4,1,1,1,3,22.04484126984127,1.4785714285714286
37,27,3,4,1,1,1,2,18.279166666666665,1.4678571428571427
37,28,3,4,1,1,1,2,18.279166666666665,1.4678571428571427
37,29,6,4,1,1,1,3,22.04484126984127,1.4785714285714286
37,30,6,4,1,1,1,3,22.04484126984127,1.4785714285714286
37,31,6,4,1,1,1,3,22.04484126984127,1.4785714285714286
37,32,6,4,1,1,1,3,22.04484126984127,1.4785714285714286
37,33,6,4,1,1,1,3,22.04484126984127,1.4785714285714286
37,34,3,4,1,1,1,2,18.279166666666665,1.4678571428571427
37,35,6,4,1,1,1,3,22.04484126984127,1.4785714285714286
37,36,6,4,1,1,1,3,22.04484126984127,1.4785714285714286
37,37,3,4,1,1,1,2,18.279166666666665,1.4678571428571427
37,38,6,4,1,1,1,3,22.04484126984127,1.4785714285714286
37,39,3,4,1,1,1,2,18.279166666666665,1.4678571428571427
37,40,3,4,1,1,1,2,18.279166666666665,1.4678571428571427
37,41,3,4,1,1,1,2,18.279166666666665,1.4678571428571427
37,42,6,6,5,1,1,10,34.89365079365079,1.4821428571428572
37,43,3,4,1,1,1,2,18.279166666666665,1.4678571428571427
37,44,6,4,1,1,1,3,22.04484126984127,1.4785714285714286
37,45,1,1,1,1,1,1,12.332936507936509,1.4535714285714285
37,46,3,4,1,1,1,2,18.279166666666665,1.4678571428571427
37,47,3,4,1,1,1,2,18.279166666666665,1.4678571428571427
37,48,1,1,1,1,1,1,12.332936507936509,1.4535714285714285
37,49,3,4,1,1,1,2,18.279166666666665,1.4678571428571427
38,0,1,1,1,1,1,1,12.332936507936509,1.4535714285714285
38,1,6,6,5,1,1,10,34.89365079365079,1.4821428571428572
38,2,1,1,1,1,1,1,12.332936507936509,1.4535714285714285
38,3,6,6,5,1,1,10,34.89365079365079,1.4821428571428572
38,4,6,4,1,1,1,3,22.04484126984127,1.4785714285714286
38,5,3,4,1,1,1,2,18.279166666666665,1.4678571428571427
38,6,3,4,1,1,1,2,18.279166666666665,1.4678571428571427
38,7,6,4,1,1,1,3,22.04484126984127,1.4785714285714286
38,8,3,4,1,1,1,2,18.279166666666665,1.4678571428571427
38,9,3,4,1,1,1,2,18.279166666666665,1.4678571428571427
38,10,6,4,1,1,1,3,22.04484126984127,1.4785714285714286
38,11,6,4,1,1,1,3,22.04484126984127,1.4785714285714286
38,12,6,4,1,1,1,3,22.04484126984127,1.4785714285714286
38,13,6,4,1,1,1,3,22.04484126984127,1.4785714285714286
38,14,6,4,1,1,1,3,22.04484126984127,1.4785714285714286
38,15,6,6,5,1,1,10,34.89365079365079,1.4821428571428572
38,16,3,4,1,1,1,2,18.279166666666665,1.4678571428571427
38,17,6,4,1,1,1,3,22.04484126984127,1.4785714285714286
38,18,3,4,1,1,1,2,18.279166666666665,1.4678571428571427
38,19,3,4,1,1,1,2,18.279166666666665,1.4678571428571427
38,20,3,4,1,1,1,2,18.279166666666665,1.4678571428571427
38,21,3,4,1,1,1,2,18.279166666666665,1.4678571428571427
38,22,3,4,1,1,1,2,18.279166666666665,1.4678571428571427
38,23,3,4,1,1,1,2,18.279166666666665,1.4678571428571427
38,24,3,4,1,1,1,2,18.279166666666665,1.4678571428571427
38,25,3,4,1,1,1,2,18.279166666666665,1.4678571428571427
38,26,6,4,1,1,1,3,22.04484126984127,1.4785714285714286
38,27,6,4,1,1,1,3,22.04484126984127,1.4785714285714286
38,28,3,4,1,1,1,2,18.279166666666665,1.4678571428571427
38,29,6,4,1,1,1,3,22.04484126984127,1.4785714285714286
38,30,6,4,1,1,1,3,22.04484126984127,1.4785714285714286
38,31,1,1,1,1,1,1,12.332936507936509,1.4535714285714285
38,32,1,1,1,1,1,1,12.332936507936509,1.4535714285714285
38,33,6,4,1,1,1,3,22.04484126984127,1.4785714285714286
38,34,6,4,1,1,1,3,22.04484126984127,1.4785714285714286
38,35,3,4,1,1,1,2,18.279166666666665,1.4678571428571427
38,36,3,4,1,1,1,2,18.279166666666665,1.4678571428571427
38,37,3,4,1,1,1,2,18.279166666666665,1.4678571428571427
38,38,6,4,1,1,1,3,22.04484126984127,1.4785714285714286
38,39,1,1,1,1,1,1,12.332936507936509,1.4535714285714285
38,40,3,4,1,1,1,2,18.279166666666665,1.4678571428571427
38,41,3,4,1,1,1,2,18.279166666666665,1.4678571428571427
38,42,6,4,1,1,1,3,22.04484126984127,1.4785714285714286
38,43,3,4,1,1,1,2,18.279166666666665,1.4678571428571427
38,44,3,4,1,1,1,2,18.279166666666665,1.4678571428571427
38,45,6,6,5,1,1,10,34.89365079365079,1.4821428571428572
38,46,6,4,1,1,1,3,22.04484126984127,1.4785714285714286
38,47,6,6,5,1,1,10,34.89365079365079,1.4821428571428572
38,48,6,6,5,1,1,10,34.89365079365079,1.4821428571428572
38,49,6,4,1,1,1,3,22.04484126984127,1.4785714285714286
39,0,1,1,1,1,1,1,12.332936507936509,1.4535714285714285
39,1,6,6,5,1,1,10,34.89365079365079,1.4821428571428572
39,2,6,6,5,1,1,10,34.89365079365079,1.4821428571428572
39,3,1,1,1,1,1,1,12.332936507936509,1.4535714285714285
39,4,6,4,1,1,1,3,22.04484126984127,1.4785714285714286
39,5,3,4,1,1,1,2,18.279166666666665,1.4678571428571427
39,6,3,4,1,1,1,2,18.279166666666665,1.4678571428571427
39,7,6,4,1,1,1,3,22.04484126984127,1.4785714285714286
39,8,6,4,1,1,1,3,22.04484126984127,1.4785714285714286
39,9,3,4,1,1,1,2,18.279166666666665,1.4678571428571427
39,10,6,4,1,1,1,3,22.04484126984127,1.4785714285714286
39,11,6,6,5,1,1,10,34.89365079365079,1.4821428571428572
39,12,3,4,1,1,1,2,18.279166666666665,1.4678571428571427
39,13,3,4,1,1,1,2,18.279166666666665,1.4678571428571427
39,14,6,4,1,1,1,3,22.04484126984127,1.4785714285714286
39,15,1,1,1,1,1,1,12.332936507936509,1.4535714285714285
39,16,1,1,1,1,1,1,12.332936507936509,1.4535714285714285
39,17,3,4,1,1,1,2,18.279166666666665,1.4678571428571427
39,18,3,4,1,1,1,2,18.279166666666665,1.4678571428571427
39,19,6,4,1,1,1,3,22.04484126984127,1.4785714285714286
39,20,6,4,1,1,1,3,22.04484126984127,1.4785714285714286
39,21,6,4,1,1,1,3,22.04484126984127,1.4785714285714286
39,22,6,4,1,1,1,3,22.04484126984127,1.4785714285714286
39,23,3,4,1,1,1,2,18.279166666666665,1.4678571428571427
39,24,3,4,1,1,1,2,18.279166666666665,1.4678571428571427
39,25,3,4,1,1,1,2,18.279166666666665,1.4678571428571427
39,26,6,4,1,1,1,3,22.04484126984127,1.4785714285714286
39,27,6,4,1,1,1,3,22.04484126984127,1.4785714285714286
39,28,6,4,1,1,1,3,22.04484126984127,1.4785714285714286
39,29,3,4,1,1,1,2,18.279166666666665,1.4678571428571427
39,30,6,6,5,1,1,10,34.89365079365079,1.4821428571428572
39,31,6,4,1,1,1,3,22.04484126984127,1.4785714285714286
39,32,6,4,1,1,1,3,22.04484126984127,1.4785714285714286
39,33,3,4,1,1,1,2,18.279166666666665,1.4678571428571427
39,34,6,4,1,1,1,3,22.04484126984127,1.4785714285714286
39,35,6,6,5,1,1,10,34.89365079365079,1.4821428571428572
39,36,6,6,5,1,1,10,34.89365079365079,1.4821428571428572
39,37,3,4,1,1,1,2,18.279166666666665,1.4678571428571427
39,38,3,4,1,1,1,2,18.279166666666665,1.4678571428571427
39,39,6,4,1,1,1,3,22.04484126984127,1.4785714285714286
39,40,3,4,1,1,1,2,18.279166666666665,1.4678571428571427
39,41,1,1,1,1,1,1,12.332936507936509,1.4535714285714285
39,42,3,4,1,1,1,2,18.279166666666665,1.4678571428571427
39,43,6,4,1,1,1,3,22.04484126984127,1.4785714285714286
39,44,6,4,1,1,1,3,22.04484126984127,1.4785714285714286
39,45,6,6,5,1,1,10,34.89365079365079,1.4821428571428572
39,46,3,4,1,1,1,2,18.279166666666665,1.4678571428571427
39,47,3,4,1,1,1,2,18.279166666666665,1.4678571428571427
39,48,6,6,5,1,1,10,34.89365079365079,1.4821428571428572
39,49,3,4,1,1,1,2,18.279166666666665,1.4678571428571427
40,0,1,1,1,1,1,1,12.332936507936509,1.4535714285714285
40,1,6,6,5,1,1,10,34.89365079365079,1.4821428571428572
40,2,6,6,5,1,1,10,34.89365079365079,1.4821428571428572
40,3,1,1,1,1,1,1,12.332936507936509,1.4535714285714285
40,4,6,4,1,1,1,3,22.04484126984127,1.4785714285714286
40,5,3,4,1,1,1,2,18.279166666666665,1.4678571428571427
40,6,3,4,1,1,1,2,18.279166666666665,1.4678571428571427
40,7,6,4,1,1,1,3,22.04484126984127,1.4785714285714286
40,8,3,4,1,1,1,2,18.279166666666665,1.4678571428571427
40,9,6,6,5,1,1,10,34.89365079365079,1.4821428571428572
40,10,6,6,5,1,1,10,34.89365079365079,1.4821428571428572
40,11,3,4,1,1,1,2,18.279166666666665,1.4678571428571427
40,12,6,4,1,1,1,3,22.04484126984127,1.4785714285714286
40,13,6,4,1,1,1,3,22.04484126984127,1.4785714285714286
40,14,6,4,1,1,1,3,22.04484126984127,1.4785714285714286
40,15,6,4,1,1,1,3,22.04484126984127,1.4785714285714286
40,16,6,4,1,1,1,3,22.04484126984127,1.4785714285714286
40,17,6,4,1,1,1,3,22.04484126984127,1.4785714285714286
40,18,6,6,5,1,1,10,34.89365079365079,1.4821428571428572
40,19,6,6,5,1,1,10,34.89365079365079,1.4821428571428572
40,20,3,4,1,1,1,2,18.279166666666665,1.4678571428571427
40,21,3,4,1,1,1,2,18.279166666666665,1.4678571428571427
40,22,3,4,1,1,1,2,18.279166666666665,1.4678571428571427
40,23,6,4,1,1,1,3,22.04484126984127,1.4785714285714286
40,24,6,4,1,1,1,3,22.04484126984127,1.4785714285714286
40,25,3,4,1,1,1,2,18.279166666666665,1.4678571428571427
40,26,6,4,1,1,1,3,22.04484126984127,1.4785714285714286
40,27,6,4,1,1,1,3,22.04484126984127,1.4785714285714286
40,28,6,6,5,1,1,10,34.89365079365079,1.4821428571428572
40,29,1,1,1,1,1,1,12.332936507936509,1.4535714285714285
40,30,6,6,5,1,1,10,34.89365079365079,1.4821428571428572
40,31,6,4,1,1,1,3,22.04484126984127,1.4785714285714286
40,32,3,4,1,1,1,2,18.279166666666665,1.4678571428571427
40,33,6,4,1,1,1,3,22.04484126984127,1.4785714285714286
40,34,3,4,1,1,1,2,18.279166666666665,1.4678571428571427
40,35,3,4,1,1,1,2,18.279166666666665,1.4678571428571427
40,36,3,4,1,1,1,2,18.279166666666665,1.4678571428571427
40,37,6,4,1,1,1,3,22.04484126984127,1.4785714285714286
40,38,1,1,1,1,1,1,12.332936507936509,1.4535714285714285
40,39,3,4,1,1,1,2,18.279166666666665,1.4678571428571427
40,40,3,4,1,1,1,2,18.279166666666665,1.4678571428571427
40,41,6,4,1,1,1,3,22.04484126984127,1.4785714285714286
40,42,1,1,1,1,1,1,12.332936507936509,1.4535714285714285
40,43,6,4,1,1,1,3,22.04484126984127,1.4785714285714286
40,44,3,4,1,1,1,2,18.279166666666665,1.4678571428571427
40,45,3,4,1,1,1,2,18.279166666666665,1.4678571428571427
40,46,6,4,1,1,1,3,22.04484126984127,1.4785714285714286
40,47,6,6,5,1,1,10,34.89365079365079,1.4821428571428572
40,48,1,1,1,1,1,1,12.332936507936509,1.4535714285714285
40,49,3,4,1,1,1,2,18.279166666666665,1.4678571428571427
41,0,6,6,5,1,1,10,34.89365079365079,1.4821428571428572
41,1,1,1,1,1,1,1,12.332936507936509,1.4535714285714285
41,2,6,6,5,1,1,10,34.89365079365079,1.4821428571428572
41,3,1,1,1,1,1,1,12.332936507936509,1.4535714285714285
41,4,6,4,1,1,1,3,22.04484126984127,1.4785714285714286
41,5,3,4,1,1,1,2,18.279166666666665,1.4678571428571427
41,6,3,4,1,1,1,2,18.279166666666665,1.4678571428571427
41,7,6,4,1,1,1,3,22.04484126984127,1.4785714285714286
41,8,3,4,1,1,1,2,18.279166666666665,1.4678571428571427
41,9,6,6,5,1,1,10,34.89365079365079,1.4821428571428572
41,10,6,4,1,1,1,3,22.04484126984127,1.4785714285714286
41,11,3,4,1,1,1,2,18.279166666666665,1.4678571428571427
41,12,6,4,1,1,1,3,22.04484126984127,1.4785714285714286
41,13,3,4,1,1,1,2,18.279166666666665,1.4678571428571427
41,14,6,4,1,1,1,3,22.04484126984127,1.4785714285714286
41,15,6,4,1,1,1,3,22.04484126984127,1.4785714285714286
41,16,3,4,1,1,1,2,18.279166666666665,1.4678571428571427
41,17,6,4,1,1,1,3,22.04484126984127,1.4785714285714286
41,18,6,4,1,1,1,3,22.04484126984127,1.4785714285714286
41,19,6,6,5,1,1,10,34.89365079365079,1.4821428571428572
41,20,6,4,1,1,1,3,22.04484126984127,1.4785714285714286
41,21,6,4,1,1,1,3,22.04484126984127,1.4785714285714286
41,22,3,4,1,1,1,2,18.279166666666665,1.4678571428571427
41,23,6,4,1,1,1,3,22.04484126984127,1.4785714285714286
41,24,3,4,1,1,1,2,18.279166666666665,1.4678571428571427
41,25,6,4,1,1,1,3,22.04484126984127,1.4785714285714286
41,26,6,6,5,1,1,10,34.89365079365079,1.4821428571428572
41,27,6,4,1,1,1,3,22.04484126984127,1.4785714285714286
41,28,6,4,1,1,1,3,22.04484126984127,1.4785714285714286
41,29,6,4,1,1,1,3,22.04484126984127,1.4785714285714286
41,30,3,4,1,1,1,2,18.279166666666665,1.4678571428571427
41,31,3,4,1,1,1,2,18.279166666666665,1.4678571428571427
41,32,6,6,5,1,1,10,34.89365079365079,1.4821428571428572
41,33,3,4,1,1,1,2,18.279166666666665,1.4678571428571427
41,34,6,4,1,1,1,3,22.04484126984127,1.4785714285714286
41,35,6,4,1,1,1,3,22.04484126984127,1.4785714285714286
41,36,6,4,1,1,1,3,22.04484126984127,1.4785714285714286
41,37,3,4,1,1,1,2,18.279166666666665,1.4678571428571427
41,38,6,4,1,1,1,3,22.04484126984127,1.4785714285714286
41,39,3,4,1,1,1,2,18.279166666666665,1.4678571428571427
41,40,1,1,1,1,1,1,12.332936507936509,1.4535714285714285
41,41,6,4,1,1,1,3,22.04484126984127,1.4785714285714286
41,42,6,4,1,1,1,3,22.04484126984127,1.4785714285714286
41,43,3,4,1,1,1,2,18.279166666666665,1.4678571428571427
41,44,6,6,5,1,1,10,34.89365079365079,1.4821428571428572
41,45,6,4,1,1,1,3,22.04484126984127,1.4785714285714286
41,46,3,4,1,1,1,2,18.279166666666665,1.4678571428571427
41,47,6,4,1,1,1,3,22.04484126984127,1.4785714285714286
41,48,3,4,1,1,1,2,18.279166666666665,1.4678571428571427
41,49,6,4,1,1,1,3,22.04484126984127,1.4785714285714286
42,0,1,1,1,1,1,1,12.332936507936509,1.4535714285714285
42,1,6,6,5,1,1,10,34.89365079365079,1.4821428571428572
42,2,1,1,1,1,1,1,12.332936507936509,1.4535714285714285
42,3,6,6,5,1,1,10,34.89365079365079,1.4821428571428572
42,4,6,4,1,1,1,3,22.04484126984127,1.4785714285714286
42,5,3,4,1,1,1,2,18.279166666666665,1.4678571428571427
42,6,3,4,1,1,1,2,18.279166666666665,1.4678571428571427
42,7,6,4,1,1,1,3,22.04484126984127,1.4785714285714286
42,8,3,4,1,1,1,2,18.279166666666665,1.4678571428571427
42,9,6,4,1,1,1,3,22.04484126984127,1.4785714285714286
42,10,6,4,1,1,1,3,22.04484126984127,1.4785714285714286
42,11,6,4,1,1,1,3,22.04484126984127,1.4785714285714286
42,12,6,4,1,1,1,3,22.04484126984127,1.4785714285714286
42,13,1,1,1,1,1,1,12.332936507936509,1.4535714285714285
42,14,6,4,1,1,1,3,22.04484126984127,1.4785714285714286
42,15,6,4,1,1,1,3,22.04484126984127,1.4785714285714286
42,16,3,4,1,1,1,2,18.279166666666665,1.4678571428571427
42,17,6,4,1,1,1,3,22.04484126984127,1.4785714285714286
42,18,6,6,5,1,1,10,34.89365079365079,1.4821428571428572
42,19,1,1,1,1,1,1,12.332936507936509,1.4535714285714285
42,20,6,4,1,1,1,3,22.04484126984127,1.4785714285714286
42,21,6,4,1,1,1,3,22.04484126984127,1.4785714285714286
42,22,6,6,5,1,1,10,34.89365079365079,1.4821428571428572
42,23,6,4,1,1,1,3,22.04484126984127,1.4785714285714286
42,24,3,4,1,1,1,2,18.279166666666665,1.4678571428571427
42,25,6,4,1,1,1,3,22.04484126984127,1.4785714285714286
42,26,3,4,1,1,1,2,18.279166666666665,1.4678571428571427
42,27,6,4,1,1,1,3,22.04484126984127,1.4785714285714286
42,28,6,4,1,1,1,3,22.04484126984127,1.4785714285714286
42,29,6,4,1,1,1,3,22.04484126984127,1.4785714285714286
42,30,6,4,1,1,1,3,22.04484126984127,1.4785714285714286
42,31,3,4,1,1,1,2,18.279166666666665,1.4678571428571427
42,32,6,4,1,1,1,3,22.04484126984127,1.4785714285714286
42,33,6,4,1,1,1,3,22.04484126984127,1.4785714285714286
42,34,6,6,5,1,1,10,34.89365079365079,1.4821428571428572
42,35,6,4,1,1,1,3,22.04484126984127,1.4785714285714286
42,36,6,4,1,1,1,3,22.04484126984127,1.4785714285714286
42,37,6,4,1,1,1,3,22.04484126984127,1.4785714285714286
42,38,6,4,1,1,1,3,22.04484126984127,1.4785714285714286
42,39,6,4,1,1,1,3,22.04484126984127,1.4785714285714286
42,40,3,4,1,1,1,2,18.279166666666665,1.4678571428571427
42,41,3,4,1,1,1,2,18.279166666666665,1.4678571428571427
42,42,6,4,1,1,1,3,22.04484126984127,1.4785714285714286
42,43,6,6,5,1,1,10,34.89365079365079,1.4821428571428572
42,44,6,4,1,1,1,3,22.04484126984127,1.4785714285714286
42,45,6,4,1,1,1,3,22.04484126984127,1.4785714285714286
42,46,3,4,1,1,1,2,18.279166666666665,1.4678571428571427
42,47,6,4,1,1,1,3,22.04484126984127,1.4785714285714286
42,48,6,4,1,1,1,3,22.04484126984127,1.4785714285714286
42,49,3,4,1,1,1,2,18.279166666666665,1.4678571428571427
43,0,6,6,5,1,1,10,34.89365079365079,1.4821428571428572
43,1,1,1,1,1,1,1,12.332936507936509,1.4535714285714285
43,2,6,6,5,1,1,10,34.89365079365079,1.4821428571428572
43,3,1,1,1,1,1,1,12.332936507936509,1.4535714285714285
43,4,6,4,1,1,1,3,22.04484126984127,1.4785714285714286
43,5,3,4,1,1,1,2,18.279166666666665,1.4678571428571427
43,6,3,4,1,1,1,2,18.279166666666665,1.4678571428571427
43,7,6,4,1,1,1,3,22.04484126984127,1.4785714285714286
43,8,6,4,1,1,1,3,22.04484126984127,1.4785714285714286
43,9,6,4,1,1,1,3,22.04484126984127,1.4785714285714286
43,10,6,4,1,1,1,3,22.04484126984127,1.4785714285714286
43,11,6,4,1,1,1,3,22.04484126984127,1.4785714285714286
43,12,6,4,1,1,1,3,22.04484126984127,1.4785714285714286
43,13,6,4,1,1,1,3,22.04484126984127,1.4785714285714286
43,14,6,4,1,1,1,3,22.04484126984127,1.4785714285714286
43,15,3,4,1,1,1,2,18.279166666666665,1.4678571428571427
43,16,6,4,1,1,1,3,22.04484126984127,1.4785714285714286
43,17,6,6,5,1,1,10,34.89365079365079,1.4821428571428572
43,18,6,4,1,1,1,3,22.04484126984127,1.4785714285714286
43,19,3,4,1,1,1,2,18.279166666666665,1.4678571428571427
43,20,3,4,1,1,1,2,18.279166666666665,1.4678571428571427
43,21,6,6,5,1,1,10,34.89365079365079,1.4821428571428572
43,22,6,6,5,1,1,10,34.89365079365079,1.4821428571428572
43,23,6,4,1,1,1,3,22.04484126984127,1.4785714285714286
43,24,6,4,1,1,1,3,22.04484126984127,1.4785714285714286
43,25,6,4,1,1,1,3,22.04484126984127,1.4785714285714286
43,26,6,4,1,1,1,3,22.04484126984127,1.4785714285714286
43,27,6,4,1,1,1,3,22.04484126984127,1.4785714285714286
43,28,6,4,1,1,1,3,22.04484126984127,1.4785714285714286
43,29,6,4,1,1,1,3,22.04484126984127,1.4785714285714286
43,30,1,1,1,1,1,1,12.332936507936509,1.4535714285714285
43,31,6,4,1,1,1,3,22.04484126984127,1.4785714285714286
43,32,3,4,1,1,1,2,18.279166666666665,1.4678571428571427
43,33,3,4,1,1,1,2,18.279166666666665,1.4678571428571427
43,34,3,4,1,1,1,2,18.279166666666665,1.4678571428571427
43,35,6,4,1,1,1,3,22.04484126984127,1.4785714285714286
43,36,6,4,1,1,1,3,22.04484126984127,1.4785714285714286
43,37,6,4,1,1,1,3,22.04484126984127,1.4785714285714286
43,38,3,4,1,1,1,2,18.279166666666665,1.4678571428571427
43,39,6,4,1,1,1,3,22.04484126984127,1.4785714285714286
43,40,6,4,1,1,1,3,22.04484126984127,1.4785714285714286
43,41,6,4,1,1,1,3,22.04484126984127,1.4785714285714286
43,42,6,4,1,1,1,3,22.04484126984127,1.4785714285714286
43,43,3,4,1,1,1,2,18.279166666666665,1.4678571428571427
43,44,6,6,5,1,1,10,34.89365079365079,1.4821428571428572
43,45,3,4,1,1,1,2,18.279166666666665,1.4678571428571427
43,46,6,4,1,1,1,3,22.04484126984127,1.4785714285714286
43,47,6,4,1,1,1,3,22.04484126984127,1.4785714285714286
43,48,6,6,5,1,1,10,34.89365079365079,1.4821428571428572
43,49,3,4,1,1,1,2,18.279166666666665,1.4678571428571427
44,0,1,1,1,1,1,1,12.332936507936509,1.4535714285714285
44,1,1,1,1,1,1,1,12.332936507936509,1.4535714285714285
44,2,6,6,5,1,1,10,34.89365079365079,1.4821428571428572
44,3,6,6,5,1,1,10,34.89365079365079,1.4821428571428572
44,4,6,4,1,1,1,3,22.04484126984127,1.4785714285714286
44,5,3,4,1,1,1,2,18.279166666666665,1.4678571428571427
44,6,3,4,1,1,1,2,18.279166666666665,1.4678571428571427
44,7,6,4,1,1,1,3,22.04484126984127,1.4785714285714286
44,8,3,4,1,1,1,2,18.279166666666665,1.4678571428571427
44,9,6,4,1,1,1,3,22.04484126984127,1.4785714285714286
44,10,6,4,1,1,1,3,22.04484126984127,1.4785714285714286
44,11,6,6,5,1,1,10,34.89365079365079,1.4821428571428572
44,12,6,4,1,1,1,3,22.04484126984127,1.4785714285714286
44,13,6,4,1,1,1,3,22.04484126984127,1.4785714285714286
44,14,6,6,5,1,1,10,34.89365079365079,1.4821428571428572
44,15,6,4,1,1,1,3,22.04484126984127,1.4785714285714286
44,16,3,4,1,1,1,2,18.279166666666665,1.4678571428571427
44,17,6,4,1,1,1,3,22.04484126984127,1.4785714285714286
44,18,3,4,1,1,1,2,18.279166666666665,1.4678571428571427
44,19,3,4,1,1,1,2,18.279166666666665,1.4678571428571427
44,20,6,4,1,1,1,3,22.04484126984127,1.4785714285714286
44,21,6,4,1,1,1,3,22.04484126984127,1.4785714285714286
44,22,6,4,1,1,1,3,22.04484126984127,1.4785714285714286
44,23,6,4,1,1,1,3,22.04484126984127,1.4785714285714286
44,24,6,4,1,1,1,3,22.04484126984127,1.4785714285714286
44,25,6,4,1,1,1,3,22.04484126984127,1.4785714285714286
44,26,6,4,1,1,1,3,22.04484126984127,1.4785714285714286
44,27,6,4,1,1,1,3,22.04484126984127,1.4785714285714286
44,28,6,4,1,1,1,3,22.04484126984127,1.4785714285714286
44,29,6,4,1,1,1,3,22.04484126984127,1.4785714285714286
44,30,6,4,1,1,1,3,22.04484126984127,1.4785714285714286
44,31,6,4,1,1,1,3,22.04484126984127,1.4785714285714286
44,32,6,4,1,1,1,3,22.04484126984127,1.4785714285714286
44,33,3,4,1,1,1,2,18.279166666666665,1.4678571428571427
44,34,6,4,1,1,1,3,22.04484126984127,1.4785714285714286
44,35,6,4,1,1,1,3,22.04484126984127,1.4785714285714286
44,36,6,4,1,1,1,3,22.04484126984127,1.4785714285714286
44,37,6,6,5,1,1,10,34.89365079365079,1.4821428571428572
44,38,6,4,1,1,1,3,22.04484126984127,1.4785714285714286
44,39,3,4,1,1,1,2,18.279166666666665,1.4678571428571427
44,40,1,1,1,1,1,1,12.332936507936509,1.4535714285714285
44,41,3,4,1,1,1,2,18.279166666666665,1.4678571428571427
44,42,6,4,1,1,1,3,22.04484126984127,1.4785714285714286
44,43,6,4,1,1,1,3,22.04484126984127,1.4785714285714286
44,44,6,4,1,1,1,3,22.04484126984127,1.4785714285714286
44,45,6,4,1,1,1,3,22.04484126984127,1.4785714285714286
44,46,3,4,1,1,1,2,18.279166666666665,1.4678571428571427
44,47,6,4,1,1,1,3,22.04484126984127,1.4785714285714286
44,48,6,4,1,1,1,3,22.04484126984127,1.4785714285714286
44,49,6,4,1,1,1,3,22.04484126984127,1.4785714285714286
45,0,6,6,5,1,1,10,34.89365079365079,1.4821428571428572
45,1,6,6,5,1,1,10,34.89365079365079,1.4821428571428572
45,2,1,1,1,1,1,1,12.332936507936509,1.4535714285714285
45,3,1,1,1,1,1,1,12.332936507936509,1.4535714285714285
45,4,6,4,1,1,1,3,22.04484126984127,1.4785714285714286
45,5,3,4,1,1,1,2,18.279166666666665,1.4678571428571427
45,6,3,4,1,1,1,2,18.279166666666665,1.4678571428571427
45,7,6,4,1,1,1,3,22.04484126984127,1.4785714285714286
45,8,3,4,1,1,1,2,18.279166666666665,1.4678571428571427
45,9,6,4,1,1,1,3,22.04484126984127,1.4785714285714286
45,10,3,4,1,1,1,2,18.279166666666665,1.4678571428571427
45,11,3,4,1,1,1,2,18.279166666666665,1.4678571428571427
45,12,6,4,1,1,1,3,22.04484126984127,1.4785714285714286
45,13,6,4,1,1,1,3,22.04484126984127,1.4785714285714286
45,14,3,4,1,1,1,2,18.279166666666665,1.4678571428571427
45,15,6,4,1,1,1,3,22.04484126984127,1.4785714285714286
45,16,6,4,1,1,1,3,22.04484126984127,1.4785714285714286
45,17,6,4,1,1,1,3,22.04484126984127,1.4785714285714286
45,18,6,6,5,1,1,10,34.89365079365079,1.4821428571428572
45,19,3,4,1,1,1,2,18.279166666666665,1.4678571428571427
45,20,6,4,1,1,1,3,22.04484126984127,1.4785714285714286
45,21,6,4,1,1,1,3,22.04484126984127,1.4785714285714286
45,22,6,4,1,1,1,3,22.04484126984127,1.4785714285714286
45,23,3,4,1,1,1,2,18.279166666666665,1.4678571428571427
45,24,6,4,1,1,1,3,22.04484126984127,1.4785714285714286
45,25,6,4,1,1,1,3,22.04484126984127,1.4785714285714286
45,26,3,4,1,1,1,2,18.279166666666665,1.4678571428571427
45,27,6,4,1,1,1,3,22.04484126984127,1.4785714285714286
45,28,6,4,1,1,1,3,22.04484126984127,1.4785714285714286
45,29,6,4,1,1,1,3,22.04484126984127,1.4785714285714286
45,30,3,4,1,1,1,2,18.279166666666665,1.4678571428571427
45,31,6,4,1,1,1,3,22.04484126984127,1.4785714285714286
45,32,6,4,1,1,1,3,22.04484126984127,1.4785714285714286
45,33,6,4,1,1,1,3,22.04484126984127,1.4785714285714286
45,34,6,4,1,1,1,3,22.04484126984127,1.4785714285714286
45,35,6,4,1,1,1,3,22.04484126984127,1.4785714285714286
45,36,6,4,1,1,1,3,22.04484126984127,1.4785714285714286
45,37,6,6,5,1,1,10,34.89365079365079,1.4821428571428572
45,38,6,4,1,1,1,3,22.04484126984127,1.4785714285714286
45,39,6,4,1,1,1,3,22.04484126984127,1.4785714285714286
45,40,6,4,1,1,1,3,22.04484126984127,1.4785714285714286
45,41,3,4,1,1,1,2,18.279166666666665,1.4678571428571427
45,42,6,4,1,1,1,3,22.04484126984127,1.4785714285714286
45,43,6,4,1,1,1,3,22.04484126984127,1.4785714285714286
45,44,6,4,1,1,1,3,22.04484126984127,1.4785714285714286
45,45,6,4,1,1,1,3,22.04484126984127,1.4785714285714286
45,46,3,4,1,1,1,2,18.279166666666665,1.4678571428571427
45,47,6,4,1,1,1,3,22.04484126984127,1.4785714285714286
45,48,6,4,1,1,1,3,22.04484126984127,1.4785714285714286
45,49,3,4,1,1,1,2,18.279166666666665,1.4678571428571427
46,0,1,1,1,1,1,1,12.332936507936509,1.4535714285714285
46,1,1,1,1,1,1,1,12.332936507936509,1.4535714285714285
46,2,6,6,5,1,1,10,34.89365079365079,1.4821428571428572
46,3,6,6,5,1,1,10,34.89365079365079,1.4821428571428572
46,4,6,4,1,1,1,3,22.04484126984127,1.4785714285714286
46,5,3,4,1,1,1,2,18.279166666666665,1.4678571428571427
46,6,3,4,1,1,1,2,18.279166666666665,1.4678571428571427
46,7,6,4,1,1,1,3,22.04484126984127,1.4785714285714286
46,8,6,4,1,1,1,3,22.04484126984127,1.4785714285714286
46,9,3,4,1,1,1,2,18.279166666666665,1.4678571428571427
46,10,6,4,1,1,1,3,22.04484126984127,1.4785714285714286
46,11,3,4,1,1,1,2,18.279166666666665,1.4678571428571427
46,12,6,4,1,1,1,3,22.04484126984127,1.4785714285714286
46,13,6,4,1,1,1,3,22.04484126984127,1.4785714285714286
46,14,6,4,1,1,1,3,22.04484126984127,1.4785714285714286
46,15,6,4,1,1,1,3,22.04484126984127,1.4785714285714286
46,16,6,4,1,1,1,3,22.04484126984127,1.4785714285714286
46,17,6,4,1,1,1,3,22.04484126984127,1.4785714285714286
46,18,3,4,1,1,1,2,18.279166666666665,1.4678571428571427
46,19,6,6,5,1,1,10,34.89365079365079,1.4821428571428572
46,20,6,6,5,1,1,10,34.89365079365079,1.4821428571428572
46,21,3,4,1,1,1,2,18.279166666666665,1.4678571428571427
46,22,6,4,1,1,1,3,22.04484126984127,1.4785714285714286
46,23,6,4,1,1,1,3,22.04484126984127,1.4785714285714286
46,24,3,4,1,1,1,2,18.279166666666665,1.4678571428571427
46,25,3,4,1,1,1,2,18.279166666666665,1.4678571428571427
46,26,6,4,1,1,1,3,22.04484126984127,1.4785714285714286
46,27,6,4,1,1,1,3,22.04484126984127,1.4785714285714286
46,28,6,4,1,1,1,3,22.04484126984127,1.4785714285714286
46,29,6,4,1,1,1,3,22.04484126984127,1.4785714285714286
46,30,6,4,1,1,1,3,22.04484126984127,1.4785714285714286
46,31,6,4,1,1,1,3,22.04484126984127,1.4785714285714286
46,32,3,4,1,1,1,2,18.279166666666665,1.4678571428571427
46,33,3,4,1,1,1,2,18.279166666666665,1.4678571428571427
46,34,3,4,1,1,1,2,18.279166666666665,1.4678571428571427
46,35,3,4,1,1,1,2,18.279166666666665,1.4678571428571427
46,36,6,4,1,1,1,3,22.04484126984127,1.4785714285714286
46,37,6,4,1,1,1,3,22.04484126984127,1.4785714285714286
46,38,3,4,1,1,1,2,18.279166666666665,1.4678571428571427
46,39,6,4,1,1,1,3,22.04484126984127,1.4785714285714286
46,40,6,4,1,1,1,3,22.04484126984127,1.4785714285714286
46,41,6,4,1,1,1,3,22.04484126984127,1.4785714285714286
46,42,3,4,1,1,1,2,18.279166666666665,1.4678571428571427
46,43,6,4,1,1,1,3,22.04484126984127,1.4785714285714286
46,44,6,4,1,1,1,3,22.04484126984127,1.4785714285714286
46,45,6,4,1,1,1,3,22.04484126984127,1.4785714285714286
46,46,6,4,1,1,1,3,22.04484126984127,1.4785714285714286
46,47,6,6,5,1,1,10,34.89365079365079,1.4821428571428572
46,48,6,4,1,1,1,3,22.04484126984127,1.4785714285714286
46,49,6,4,1,1,1,3,22.04484126984127,1.4785714285714286
47,0,1,1,1,1,1,1,12.332936507936509,1.4535714285714285
47,1,6,6,5,1,1,10,34.89365079365079,1.4821428571428572
47,2,1,1,1,1,1,1,12.332936507936509,1.4535714285714285
47,3,6,6,5,1,1,10,34.89365079365079,1.4821428571428572
47,4,6,4,1,1,1,3,22.04484126984127,1.4785714285714286
47,5,3,4,1,1,1,2,18.279166666666665,1.4678571428571427
47,6,3,4,1,1,1,2,18.279166666666665,1.4678571428571427
47,7,6,4,1,1,1,3,22.04484126984127,1.4785714285714286
47,8,6,4,1,1,1,3,22.04484126984127,1.4785714285714286
47,9,6,4,1,1,1,3,22.04484126984127,1.4785714285714286
47,10,6,4,1,1,1,3,22.04484126984127,1.4785714285714286
47,11,3,4,1,1,1,2,18.279166666666665,1.4678571428571427
47,12,3,4,1,1,1,2,18.279166666666665,1.4678571428571427
47,13,6,4,1,1,1,3,22.04484126984127,1.4785714285714286
47,14,6,4,1,1,1,3,22.04484126984127,1.4785714285714286
47,15,6,4,1,1,1,3,22.04484126984127,1.4785714285714286
47,16,3,4,1,1,1,2,18.279166666666665,1.4678571428571427
47,17,3,4,1,1,1,2,18.279166666666665,1.4678571428571427
47,18,6,4,1,1,1,3,22.04484126984127,1.4785714285714286
47,19,6,4,1,1,1,3,22.04484126984127,1.4785714285714286
47,20,6,4,1,1,1,3,22.04484126984127,1.4785714285714286
47,21,6,4,1,1,1,3,22.04484126984127,1.4785714285714286
47,22,6,6,5,1,1,10,34.89365079365079,1.4821428571428572
47,23,1,1,1,1,1,1,12.332936507936509,1.4535714285714285
47,24,6,6,5,1,1,10,34.89365079365079,1.4821428571428572
47,25,6,4,1,1,1,3,22.04484126984127,1.4785714285714286
47,26,3,4,1,1,1,2,18.279166666666665,1.4678571428571427
47,27,6,4,1,1,1,3,22.04484126984127,1.4785714285714286
47,28,6,4,1,1,1,3,22.04484126984127,1.4785714285714286
47,29,3,4,1,1,1,2,18.279166666666665,1.4678571428571427
47,30,6,4,1,1,1,3,22.04484126984127,1.4785714285714286
47,31,6,4,1,1,1,3,22.04484126984127,1.4785714285714286
47,32,3,4,1,1,1,2,18.279166666666665,1.4678571428571427
47,33,3,4,1,1,1,2,18.279166666666665,1.4678571428571427
47,34,6,4,1,1,1,3,22.04484126984127,1.4785714285714286
47,35,6,4,1,1,1,3,22.04484126984127,1.4785714285714286
47,36,6,4,1,1,1,3,22.04484126984127,1.4785714285714286
47,37,6,4,1,1,1,3,22.04484126984127,1.4785714285714286
47,38,6,4,1,1,1,3,22.04484126984127,1.4785714285714286
47,39,3,4,1,1,1,2,18.279166666666665,1.4678571428571427
47,40,6,4,1,1,1,3,22.04484126984127,1.4785714285714286
47,41,3,4,1,1,1,2,18.279166666666665,1.4678571428571427
47,42,3,4,1,1,1,2,18.279166666666665,1.4678571428571427
47,43,6,4,1,1,1,3,22.04484126984127,1.4785714285714286
47,44,6,4,1,1,1,3,22.04484126984127,1.4785714285714286
47,45,6,4,1,1,1,3,22.04484126984127,1.4785714285714286
47,46,3,4,1,1,1,2,18.279166666666665,1.4678571428571427
47,47,6,4,1,1,1,3,22.04484126984127,1.4785714285714286
47,48,6,4,1,1,1,3,22.04484126984127,1.4785714285714286
47,49,3,4,1,1,1,2,18.279166666666665,1.4678571428571427
48,0,1,1,1,1,1,1,12.332936507936509,1.4535714285714285
48,1,6,6,5,1,1,10,34.89365079365079,1.4821428571428572
48,2,1,1,1,1,1,1,12.332936507936509,1.4535714285714285
48,3,6,6,5,1,1,10,34.89365079365079,1.4821428571428572
48,4,6,4,1,1,1,3,22.04484126984127,1.4785714285714286
48,5,3,4,1,1,1,2,18.279166666666665,1.4678571428571427
48,6,3,4,1,1,1,2,18.279166666666665,1.4678571428571427
48,7,6,4,1,1,1,3,22.04484126984127,1.4785714285714286
48,8,6,4,1,1,1,3,22.04484126984127,1.4785714285714286
48,9,6,4,1,1,1,3,22.04484126984127,1.4785714285714286
48,10,6,4,1,1,1,3,22.04484126984127,1.4785714285714286
48,11,6,6,5,1,1,10,34.89365079365079,1.4821428571428572
48,12,6,4,1,1,1,3,22.04484126984127,1.4785714285714286
48,13,6,4,1,1,1,3,22.04484126984127,1.4785714285714286
48,14,6,6,5,1,1,10,34.89365079365079,1.4821428571428572
48,15,3,4,1,1,1,2,18.279166666666665,1.4678571428571427
48,16,1,1,1,1,1,1,12.332936507936509,1.4535714285714285
48,17,6,4,1,1,1,3,22.04484126984127,1.4785714285714286
48,18,6,4,1,1,1,3,22.04484126984127,1.4785714285714286
48,19,6,4,1,1,1,3,22.04484126984127,1.4785714285714286
48,20,3,4,1,1,1,2,18.279166666666665,1.4678571428571427
48,21,6,4,1,1,1,3,22.04484126984127,1.4785714285714286
48,22,6,4,1,1,1,3,22.04484126984127,1.4785714285714286
48,23,6,4,1,1,1,3,22.04484126984127,1.4785714285714286
48,24,1,1,1,1,1,1,12.332936507936509,1.4535714285714285
48,25,6,4,1,1,1,3,22.04484126984127,1.4785714285714286
48,26,6,4,1,1,1,3,22.04484126984127,1.4785714285714286
48,27,3,4,1,1,1,2,18.279166666666665,1.4678571428571427
48,28,3,4,1,1,1,2,18.279166666666665,1.4678571428571427
48,29,6,4,1,1,1,3,22.04484126984127,1.4785714285714286
48,30,6,4,1,1,1,3,22.04484126984127,1.4785714285714286
48,31,1,1,1,1,1,1,12.332936507936509,1.4535714285714285
48,32,6,6,5,1,1,10,34.89365079365079,1.4821428571428572
48,33,3,4,1,1,1,2,18.279166666666665,1.4678571428571427
48,34,3,4,1,1,1,2,18.279166666666665,1.4678571428571427
48,35,6,4,1,1,1,3,22.04484126984127,1.4785714285714286
48,36,6,4,1,1,1,3,22.04484126984127,1.4785714285714286
48,37,6,4,1,1,1,3,22.04484126984127,1.4785714285714286
48,38,6,6,5,1,1,10,34.89365079365079,1.4821428571428572
48,39,3,4,1,1,1,2,18.279166666666665,1.4678571428571427
48,40,6,4,1,1,1,3,22.04484126984127,1.4785714285714286
48,41,6,4,1,1,1,3,22.04484126984127,1.4785714285714286
48,42,6,4,1,1,1,3,22.04484126984127,1.4785714285714286
48,43,6,4,1,1,1,3,22.04484126984127,1.4785714285714286
48,44,6,4,1,1,1,3,22.04484126984127,1.4785714285714286
48,45,6,4,1,1,1,3,22.04484126984127,1.4785714285714286
48,46,3,4,1,1,1,2,18.279166666666665,1.4678571428571427
48,47,3,4,1,1,1,2,18.279166666666665,1.4678571428571427
48,48,6,4,1,1,1,3,22.04484126984127,1.4785714285714286
48,49,3,4,1,1,1,2,18.279166666666665,1.4678571428571427
49,0,1,1,1,1,1,1,12.332936507936509,1.4535714285714285
49,1,6,6,5,1,1,10,34.89365079365079,1.4821428571428572
49,2,1,1,1,1,1,1,12.332936507936509,1.4535714285714285
49,3,6,6,5,1,1,10,34.89365079365079,1.4821428571428572
49,4,6,4,1,1,1,3,22.04484126984127,1.4785714285714286
49,5,3,4,1,1,1,2,18.279166666666665,1.4678571428571427
49,6,3,4,1,1,1,2,18.279166666666665,1.4678571428571427
49,7,6,4,1,1,1,3,22.04484126984127,1.4785714285714286
49,8,6,4,1,1,1,3,22.04484126984127,1.4785714285714286
49,9,3,4,1,1,1,2,18.279166666666665,1.4678571428571427
49,10,6,4,1,1,1,3,22.04484126984127,1.4785714285714286
49,11,6,4,1,1,1,3,22.04484126984127,1.4785714285714286
49,12,3,4,1,1,1,2,18.279166666666665,1.4678571428571427
49,13,6,4,1,1,1,3,22.04484126984127,1.4785714285714286
49,14,1,1,1,1,1,1,12.332936507936509,1.4535714285714285
49,15,6,6,5,1,1,10,34.89365079365079,1.4821428571428572
49,16,6,4,1,1,1,3,22.04484126984127,1.4785714285714286
49,17,6,4,1,1,1,3,22.04484126984127,1.4785714285714286
49,18,1,1,1,1,1,1,12.332936507936509,1.4535714285714285
49,19,6,4,1,1,1,3,22.04484126984127,1.4785714285714286
49,20,3,4,1,1,1,2,18.279166666666665,1.4678571428571427
49,21,6,4,1,1,1,3,22.04484126984127,1.4785714285714286
49,22,6,4,1,1,1,3,22.04484126984127,1.4785714285714286
49,23,6,6,5,1,1,10,34.89365079365079,1.4821428571428572
49,24,6,4,1,1,1,3,22.04484126984127,1.4785714285714286
49,25,6,4,1,1,1,3,22.04484126984127,1.4785714285714286
49,26,6,4,1,1,1,3,22.04484126984127,1.4785714285714286
49,27,6,4,1,1,1,3,22.04484126984127,1.4785714285714286
49,28,6,4,1,1,1,3,22.04484126984127,1.4785714285714286
49,29,3,4,1,1,1,2,18.279166666666665,1.4678571428571427
49,30,6,4,1,1,1,3,22.04484126984127,1.4785714285714286
49,31,3,4,1,1,1,2,18.279166666666665,1.4678571428571427
49,32,6,4,1,1,1,3,22.04484126984127,1.4785714285714286
49,33,6,6,5,1,1,10,34.89365079365079,1.4821428571428572
49,34,3,4,1,1,1,2,18.279166666666665,1.4678571428571427
49,35,6,6,5,1,1,10,34.89365079365079,1.4821428571428572
49,36,1,1,1,1,1,1,12.332936507936509,1.4535714285714285
49,37,6,4,1,1,1,3,22.04484126984127,1.4785714285714286
49,38,6,4,1,1,1,3,22.04484126984127,1.4785714285714286
49,39,6,4,1,1,1,3,22.04484126984127,1.4785714285714286
49,40,3,4,1,1,1,2,18.279166666666665,1.4678571428571427
49,41,3,4,1,1,1,2,18.279166666666665,1.4678571428571427
49,42,6,4,1,1,1,3,22.04484126984127,1.4785714285714286
49,43,1,1,1,1,1,1,12.332936507936509,1.4535714285714285
49,44,6,4,1,1,1,3,22.04484126984127,1.4785714285714286
49,45,6,4,1,1,1,3,22.04484126984127,1.4785714285714286
49,46,6,4,1,1,1,3,22.04484126984127,1.4785714285714286
49,47,3,4,1,1,1,2,18.279166666666665,1.4678571428571427
49,48,6,4,1,1,1,3,22.04484126984127,1.4785714285714286
49,49,6,4,1,1,1,3,22.04484126984127,1.4785714285714286
