generation,individual_index,post_loading_capacity,post_conveyor_capacity,post_washing_capacity,pre_press1_capacity,pre_press2_capacity,post_press_capacity,wip,throughput
0,0,5,6,9,7,4,2,15892.773411177695,13.695238095238095
0,1,5,1,2,7,8,2,15901.746473797602,13.74702380952381
0,2,5,4,6,1,8,1,15900.611970533699,13.742261904761905
0,3,4,5,7,8,1,3,15906.468529173464,13.705357142857142
0,4,7,8,5,4,5,1,15900.548395943179,13.6375
0,5,9,2,7,8,7,5,15908.754672352272,13.717261904761905
0,6,3,1,4,6,2,4,15903.042374103417,13.688690476190477
0,7,4,8,6,4,1,3,15905.635232453766,13.697619047619048
0,8,1,5,3,10,8,5,15904.484521758573,13.657738095238095
0,9,4,3,1,1,10,1,15906.392590385949,13.688690476190477
0,10,2,7,10,8,1,2,15907.80019662482,13.699404761904763
0,11,6,3,7,4,4,1,15905.50984083867,13.675595238095239
0,12,1,6,10,10,6,6,15910.45771105589,13.69047619047619
0,13,6,6,1,5,4,7,15905.942907569064,13.636309523809524
0,14,3,2,8,2,8,5,15907.283891075975,13.657142857142857
0,15,4,10,2,4,10,5,15911.106161757141,13.676190476190476
0,16,7,5,7,2,2,10,15908.076973908475,13.551190476190476
0,17,1,5,4,6,8,7,15908.18679947361,13.63154761904762
0,18,2,9,10,9,3,7,15912.084066824786,13.629761904761905
0,19,3,7,6,5,8,10,15912.37252951554,13.65
0,20,9,5,5,3,6,2,15911.484347729549,13.602976190476191
0,21,4,2,4,5,10,8,15910.931710387482,13.538690476190476
0,22,3,6,6,10,3,1,15920.174697461121,13.65297619047619
0,23,6,3,2,9,10,3,15909.287969696437,13.533333333333333
0,24,1,3,9,8,8,2,15911.642914583601,13.579761904761904
0,25,6,9,5,8,2,2,15918.464164463005,13.647023809523809
0,26,8,7,7,2,4,9,15913.157459117163,13.623809523809523
0,27,1,4,9,10,10,3,15913.936969718727,13.621428571428572
0,28,4,10,2,2,8,10,15914.974051969548,13.614285714285714
0,29,2,5,9,2,4,5,15920.064472185873,13.595833333333333
0,30,5,7,9,10,6,1,15919.482354218166,13.591071428571428
0,31,2,10,3,2,6,4,15920.064472185873,13.595833333333333
0,32,4,8,2,1,6,9,15915.280664460166,13.558928571428572
0,33,7,8,5,2,2,5,15916.090678467679,13.54702380952381
0,34,4,7,6,8,2,4,15917.757763658941,13.466666666666667
0,35,5,1,9,5,6,9,15918.055229081861,13.545833333333333
0,36,10,2,1,7,10,9,15924.052802667158,13.520238095238096
0,37,4,1,3,4,10,7,15924.152238328603,13.517261904761906
0,38,2,9,2,9,5,6,15927.176906909077,13.496428571428572
0,39,1,8,6,8,5,7,15931.379552932054,13.517261904761904
0,40,7,7,7,9,5,4,15927.982808788034,13.47202380952381
0,41,5,1,9,4,4,4,15931.191730757242,13.425595238095237
0,42,10,4,4,1,6,10,15933.518676605632,13.382142857142856
1,0,5,6,9,7,4,2,15892.773411177695,13.695238095238095
1,1,3,2,7,1,8,1,15893.604178221294,13.835119047619047
1,2,7,8,5,7,5,1,15899.440527916162,13.791071428571428
1,3,3,7,6,2,5,4,15897.74937085142,13.657142857142857
1,4,5,1,2,7,8,2,15901.746473797602,13.74702380952381
1,5,5,4,6,1,8,1,15900.611970533699,13.742261904761905
1,6,1,7,6,8,8,10,15900.330449357338,13.71547619047619
1,7,7,8,5,4,5,1,15900.548395943179,13.6375
1,8,5,4,9,1,8,1,15900.615529256358,13.723214285714286
1,9,9,2,7,8,7,5,15908.754672352272,13.717261904761905
1,10,3,1,4,6,2,4,15903.042374103417,13.688690476190477
1,11,1,7,5,7,1,1,15905.874364584997,13.716071428571428
1,12,4,9,9,1,9,1,15903.944355918065,13.704761904761906
1,13,4,5,7,8,1,3,15906.468529173464,13.705357142857142
1,14,4,8,6,4,1,3,15905.635232453766,13.697619047619048
1,15,6,3,7,4,4,1,15905.50984083867,13.675595238095239
1,16,5,9,5,4,2,2,15904.112629949905,13.663095238095238
1,17,1,5,3,3,8,2,15903.748618268313,13.610119047619047
1,18,6,5,6,3,4,1,15905.50984083867,13.675595238095239
1,19,1,5,3,10,8,5,15904.484521758573,13.657738095238095
1,20,4,3,1,1,10,1,15906.392590385949,13.688690476190477
1,21,2,7,10,8,1,2,15907.80019662482,13.699404761904763
1,22,1,6,10,10,6,6,15910.45771105589,13.69047619047619
1,23,6,6,1,5,4,7,15905.942907569064,13.636309523809524
1,24,3,2,8,2,8,5,15907.283891075975,13.657142857142857
1,25,1,9,10,9,3,7,15910.45771105589,13.69047619047619
1,26,4,7,6,9,1,5,15906.635988659797,13.649404761904762
1,27,4,10,2,4,10,5,15911.106161757141,13.676190476190476
1,28,1,5,4,6,8,7,15908.18679947361,13.63154761904762
1,29,8,1,2,8,7,5,15906.287119418854,13.581547619047619
1,30,3,7,6,8,2,4,15913.89588382223,13.685714285714285
1,31,3,6,10,4,10,4,15912.340964203113,13.680357142857144
1,32,4,5,7,8,1,2,15908.309539748818,13.639285714285714
1,33,1,5,2,10,7,5,15908.618101216709,13.647023809523809
1,34,7,5,7,2,2,10,15908.076973908475,13.551190476190476
1,35,3,7,6,5,8,10,15912.37252951554,13.65
1,36,3,6,6,10,3,1,15920.174697461121,13.65297619047619
1,37,2,7,9,8,9,1,15909.859091219272,13.630952380952381
1,38,2,1,7,2,4,9,15908.660493191886,13.582738095238096
1,39,3,3,9,4,8,2,15908.350761436323,13.580357142857142
1,40,2,9,10,9,3,7,15912.084066824786,13.629761904761905
1,41,9,5,5,3,6,2,15911.484347729549,13.602976190476191
1,42,6,3,2,9,10,3,15909.287969696437,13.533333333333333
1,43,6,9,5,8,2,2,15918.464164463005,13.647023809523809
1,44,4,1,8,8,8,4,15908.256326182393,13.528571428571428
1,45,1,2,9,8,4,2,15916.87713677856,13.63452380952381
1,46,5,9,4,8,2,2,15910.284778802437,13.599404761904761
1,47,9,2,5,7,5,1,15920.612409701385,13.635714285714286
1,48,4,2,4,5,10,8,15910.931710387482,13.538690476190476
1,49,1,3,9,8,8,2,15911.642914583601,13.579761904761904
2,0,5,6,9,7,4,2,15892.773411177695,13.695238095238095
2,1,3,2,7,1,8,1,15893.604178221294,13.835119047619047
2,2,3,2,7,1,8,1,15893.604178221294,13.835119047619047
2,3,3,7,7,5,8,10,15894.692033832645,13.79404761904762
2,4,3,7,5,8,7,10,15894.692033832645,13.79404761904762
2,5,7,8,5,7,5,1,15899.440527916162,13.791071428571428
2,6,3,4,6,10,7,1,15894.802524384982,13.745833333333334
2,7,9,1,7,8,7,5,15897.461758141995,13.748809523809523
2,8,5,1,2,7,8,2,15901.746473797602,13.74702380952381
2,9,5,4,6,1,8,1,15900.611970533699,13.742261904761905
2,10,1,7,6,8,8,10,15900.330449357338,13.71547619047619
2,11,3,1,7,1,8,1,15896.092086751185,13.692261904761905
2,12,3,7,6,2,5,4,15897.74937085142,13.657142857142857
2,13,5,4,9,1,8,1,15900.615529256358,13.723214285714286
2,14,7,8,5,4,5,1,15900.548395943179,13.6375
2,15,9,2,7,8,7,5,15908.754672352272,13.717261904761905
2,16,3,1,4,6,2,4,15903.042374103417,13.688690476190477
2,17,1,7,5,7,1,1,15905.874364584997,13.716071428571428
2,18,4,9,9,1,9,1,15903.944355918065,13.704761904761906
2,19,4,9,9,1,9,1,15903.944355918065,13.704761904761906
2,20,6,3,7,4,9,1,15900.548395943179,13.6375
2,21,6,3,4,4,1,1,15904.170025243628,13.710714285714285
2,22,2,7,3,9,8,2,15902.834745117849,13.675595238095237
2,23,4,5,7,8,1,3,15906.468529173464,13.705357142857142
2,24,4,8,6,4,1,3,15905.635232453766,13.697619047619048
2,25,6,3,7,4,4,1,15905.50984083867,13.675595238095239
2,26,5,9,5,4,2,2,15904.112629949905,13.663095238095238
2,27,1,5,3,3,8,2,15903.748618268313,13.610119047619047
2,28,6,5,6,3,4,1,15905.50984083867,13.675595238095239
2,29,4,2,1,1,10,1,15906.144848178894,13.701190476190476
2,30,4,5,5,8,1,3,15905.635232453766,13.697619047619048
2,31,1,5,3,10,8,5,15904.484521758573,13.657738095238095
2,32,4,3,1,1,10,1,15906.392590385949,13.688690476190477
2,33,2,7,10,8,1,2,15907.80019662482,13.699404761904763
2,34,1,6,10,10,6,6,15910.45771105589,13.69047619047619
2,35,6,6,1,5,4,7,15905.942907569064,13.636309523809524
2,36,3,2,8,2,8,5,15907.283891075975,13.657142857142857
2,37,1,9,10,9,3,7,15910.45771105589,13.69047619047619
2,38,4,7,6,9,1,5,15906.635988659797,13.649404761904762
2,39,5,4,7,8,1,1,15905.202440524132,13.6125
2,40,2,9,6,9,4,6,15908.97857301445,13.67202380952381
2,41,4,10,2,4,10,5,15911.106161757141,13.676190476190476
2,42,1,5,4,6,8,7,15908.18679947361,13.63154761904762
2,43,8,1,2,8,7,5,15906.287119418854,13.581547619047619
2,44,3,7,6,8,2,4,15913.89588382223,13.685714285714285
2,45,3,6,10,4,10,4,15912.340964203113,13.680357142857144
2,46,4,5,7,8,1,2,15908.309539748818,13.639285714285714
2,47,1,5,2,10,7,5,15908.618101216709,13.647023809523809
2,48,3,4,9,1,8,1,15907.950699675217,13.62797619047619
2,49,5,6,9,7,8,2,15908.699896232574,13.649404761904762
3,0,3,2,7,1,8,1,15893.604178221294,13.835119047619047
3,1,3,2,7,1,8,1,15893.604178221294,13.835119047619047
3,2,3,8,9,1,9,1,15889.395787132858,13.751190476190477
3,3,3,2,7,1,8,1,15893.604178221294,13.835119047619047
3,4,5,6,9,7,4,2,15892.773411177695,13.695238095238095
3,5,3,7,7,5,8,10,15894.692033832645,13.79404761904762
3,6,3,7,5,8,7,10,15894.692033832645,13.79404761904762
3,7,7,8,5,7,5,1,15899.440527916162,13.791071428571428
3,8,3,4,6,10,7,1,15894.802524384982,13.745833333333334
3,9,9,1,7,8,7,5,15897.461758141995,13.748809523809523
3,10,9,1,7,8,7,5,15897.461758141995,13.748809523809523
3,11,3,4,6,10,7,1,15894.802524384982,13.745833333333334
3,12,7,8,8,4,5,1,15899.440527916162,13.791071428571428
3,13,3,8,5,6,8,1,15894.802524384982,13.745833333333334
3,14,5,1,2,7,8,2,15901.746473797602,13.74702380952381
3,15,2,2,3,10,8,5,15894.922396237063,13.744047619047619
3,16,5,4,6,1,8,1,15900.611970533699,13.742261904761905
3,17,1,7,6,8,8,10,15900.330449357338,13.71547619047619
3,18,3,1,7,1,8,1,15896.092086751185,13.692261904761905
3,19,3,7,6,2,5,4,15897.74937085142,13.657142857142857
3,20,5,4,9,1,8,1,15900.615529256358,13.723214285714286
3,21,5,4,9,1,8,1,15900.615529256358,13.723214285714286
3,22,7,8,5,4,5,1,15900.548395943179,13.6375
3,23,6,3,7,4,9,1,15900.548395943179,13.6375
3,24,6,3,4,4,1,1,15904.170025243628,13.710714285714285
3,25,1,4,7,1,8,1,15905.492024983707,13.720833333333333
3,26,6,4,9,1,4,1,15901.630412405411,13.706547619047619
3,27,4,8,9,3,1,1,15900.771783015462,13.651785714285715
3,28,9,2,7,8,7,5,15908.754672352272,13.717261904761905
3,29,3,1,4,6,2,4,15903.042374103417,13.688690476190477
3,30,1,7,5,7,1,1,15905.874364584997,13.716071428571428
3,31,4,9,9,1,9,1,15903.944355918065,13.704761904761906
3,32,4,9,9,1,9,1,15903.944355918065,13.704761904761906
3,33,2,7,3,9,8,2,15902.834745117849,13.675595238095237
3,34,1,7,5,7,1,1,15905.874364584997,13.716071428571428
3,35,4,5,7,8,1,3,15906.468529173464,13.705357142857142
3,36,4,8,6,4,1,3,15905.635232453766,13.697619047619048
3,37,6,3,7,4,4,1,15905.50984083867,13.675595238095239
3,38,6,5,6,3,4,1,15905.50984083867,13.675595238095239
3,39,4,2,1,1,10,1,15906.144848178894,13.701190476190476
3,40,4,5,5,8,1,3,15905.635232453766,13.697619047619048
3,41,1,4,7,2,9,1,15903.739988652103,13.673809523809524
3,42,4,7,5,6,1,3,15905.635232453766,13.697619047619048
3,43,5,9,5,4,2,2,15904.112629949905,13.663095238095238
3,44,1,5,3,3,8,2,15903.748618268313,13.610119047619047
3,45,4,3,1,1,10,1,15906.392590385949,13.688690476190477
3,46,2,7,10,8,1,2,15907.80019662482,13.699404761904763
3,47,5,8,9,1,8,1,15905.9486380637,13.67142857142857
3,48,5,6,9,7,4,1,15905.9486380637,13.67142857142857
3,49,3,6,5,9,5,6,15904.472270940201,13.6625
4,0,3,2,7,1,8,1,15893.604178221294,13.835119047619047
4,1,3,2,7,1,8,1,15893.604178221294,13.835119047619047
4,2,3,8,9,1,9,1,15889.395787132858,13.751190476190477
4,3,3,2,7,1,8,1,15893.604178221294,13.835119047619047
4,4,3,8,9,1,9,1,15889.395787132858,13.751190476190477
4,5,3,8,4,7,4,1,15893.021159988455,13.808928571428572
4,6,3,2,7,1,8,1,15893.604178221294,13.835119047619047
4,7,3,7,7,5,8,10,15894.692033832645,13.79404761904762
4,8,3,7,5,8,7,10,15894.692033832645,13.79404761904762
4,9,3,7,5,8,7,10,15894.692033832645,13.79404761904762
4,10,3,7,5,8,7,10,15894.692033832645,13.79404761904762
4,11,7,5,7,8,1,3,15891.796467177053,13.722619047619048
4,12,5,6,9,7,4,2,15892.773411177695,13.695238095238095
4,13,7,8,5,7,5,1,15899.440527916162,13.791071428571428
4,14,3,4,6,10,7,1,15894.802524384982,13.745833333333334
4,15,9,1,7,8,7,5,15897.461758141995,13.748809523809523
4,16,9,1,7,8,7,5,15897.461758141995,13.748809523809523
4,17,3,4,6,10,7,1,15894.802524384982,13.745833333333334
4,18,7,8,8,4,5,1,15899.440527916162,13.791071428571428
4,19,3,8,5,6,8,1,15894.802524384982,13.745833333333334
4,20,2,7,6,9,7,1,15897.624840415265,13.755952380952381
4,21,3,4,6,10,7,1,15894.802524384982,13.745833333333334
4,22,3,5,6,9,7,1,15894.802524384982,13.745833333333334
4,23,2,2,3,10,8,5,15894.922396237063,13.744047619047619
4,24,3,4,5,9,8,1,15897.764149401435,13.750595238095238
4,25,3,7,7,4,8,1,15897.764149401435,13.750595238095238
4,26,5,1,2,7,8,2,15901.746473797602,13.74702380952381
4,27,5,4,6,1,8,1,15900.611970533699,13.742261904761905
4,28,1,7,6,8,8,10,15900.330449357338,13.71547619047619
4,29,3,1,7,1,8,1,15896.092086751185,13.692261904761905
4,30,2,2,1,1,10,1,15900.010592896817,13.695238095238095
4,31,3,7,6,2,5,4,15897.74937085142,13.657142857142857
4,32,5,4,9,1,8,1,15900.615529256358,13.723214285714286
4,33,5,4,9,1,8,1,15900.615529256358,13.723214285714286
4,34,4,4,5,6,1,3,15900.408941073709,13.688690476190477
4,35,6,7,8,1,5,1,15900.615529256358,13.723214285714286
4,36,8,4,6,1,8,1,15900.615529256358,13.723214285714286
4,37,7,8,5,4,5,1,15900.548395943179,13.6375
4,38,6,3,7,4,9,1,15900.548395943179,13.6375
4,39,6,3,4,4,1,1,15904.170025243628,13.710714285714285
4,40,1,4,7,1,8,1,15905.492024983707,13.720833333333333
4,41,6,4,9,1,4,1,15901.630412405411,13.706547619047619
4,42,4,8,9,3,1,1,15900.771783015462,13.651785714285715
4,43,2,7,3,9,8,2,15902.834745117849,13.675595238095237
4,44,9,2,7,8,7,5,15908.754672352272,13.717261904761905
4,45,9,2,7,8,7,5,15908.754672352272,13.717261904761905
4,46,3,1,4,6,2,4,15903.042374103417,13.688690476190477
4,47,1,7,5,7,1,1,15905.874364584997,13.716071428571428
4,48,4,9,9,1,9,1,15903.944355918065,13.704761904761906
4,49,4,9,9,1,9,1,15903.944355918065,13.704761904761906
5,0,3,2,7,1,8,1,15893.604178221294,13.835119047619047
5,1,3,2,7,1,8,1,15893.604178221294,13.835119047619047
5,2,3,8,9,1,9,1,15889.395787132858,13.751190476190477
5,3,3,2,7,1,8,1,15893.604178221294,13.835119047619047
5,4,3,8,9,1,9,1,15889.395787132858,13.751190476190477
5,5,3,8,4,7,4,1,15893.021159988455,13.808928571428572
5,6,3,2,7,1,8,1,15893.604178221294,13.835119047619047
5,7,3,2,7,1,8,1,15893.604178221294,13.835119047619047
5,8,3,2,7,1,8,1,15893.604178221294,13.835119047619047
5,9,3,2,7,1,8,1,15893.604178221294,13.835119047619047
5,10,3,7,7,5,8,10,15894.692033832645,13.79404761904762
5,11,3,7,5,8,7,10,15894.692033832645,13.79404761904762
5,12,3,7,5,8,7,10,15894.692033832645,13.79404761904762
5,13,3,7,5,8,7,10,15894.692033832645,13.79404761904762
5,14,7,5,7,8,1,3,15891.796467177053,13.722619047619048
5,15,3,7,5,8,7,10,15894.692033832645,13.79404761904762
5,16,3,1,8,1,8,1,15900.073108104438,13.825595238095238
5,17,5,6,9,7,4,2,15892.773411177695,13.695238095238095
5,18,7,8,5,7,5,1,15899.440527916162,13.791071428571428
5,19,3,4,6,10,7,1,15894.802524384982,13.745833333333334
5,20,9,1,7,8,7,5,15897.461758141995,13.748809523809523
5,21,9,1,7,8,7,5,15897.461758141995,13.748809523809523
5,22,3,4,6,10,7,1,15894.802524384982,13.745833333333334
5,23,7,8,8,4,5,1,15899.440527916162,13.791071428571428
5,24,3,8,5,6,8,1,15894.802524384982,13.745833333333334
5,25,2,7,6,9,7,1,15897.624840415265,13.755952380952381
5,26,3,4,6,10,7,1,15894.802524384982,13.745833333333334
5,27,3,5,6,9,7,1,15894.802524384982,13.745833333333334
5,28,3,7,7,4,9,1,15894.802524384982,13.745833333333334
5,29,2,8,5,9,5,1,15900.134875923335,13.801785714285714
5,30,2,2,3,10,8,5,15894.922396237063,13.744047619047619
5,31,3,4,5,9,8,1,15897.764149401435,13.750595238095238
5,32,3,7,7,4,8,1,15897.764149401435,13.750595238095238
5,33,5,1,2,7,8,2,15901.746473797602,13.74702380952381
5,34,3,1,7,1,8,1,15896.092086751185,13.692261904761905
5,35,5,4,5,6,7,1,15899.227637388296,13.745833333333334
5,36,5,4,6,1,8,1,15900.611970533699,13.742261904761905
5,37,1,7,6,8,8,10,15900.330449357338,13.71547619047619
5,38,2,2,1,1,10,1,15900.010592896817,13.695238095238095
5,39,3,7,6,2,5,4,15897.74937085142,13.657142857142857
5,40,7,1,2,6,8,1,15900.266921619505,13.70357142857143
5,41,5,4,9,1,8,1,15900.615529256358,13.723214285714286
5,42,5,4,9,1,8,1,15900.615529256358,13.723214285714286
5,43,4,4,5,6,1,3,15900.408941073709,13.688690476190477
5,44,6,7,8,1,5,1,15900.615529256358,13.723214285714286
5,45,8,4,6,1,8,1,15900.615529256358,13.723214285714286
5,46,8,4,6,1,8,1,15900.615529256358,13.723214285714286
5,47,3,8,8,9,8,1,15903.267995941957,13.73154761904762
5,48,3,8,9,1,8,1,15903.692568730909,13.722619047619048
5,49,5,4,9,7,4,1,15900.548395943179,13.6375
6,0,3,2,7,1,8,1,15893.604178221294,13.835119047619047
6,1,3,2,7,1,8,1,15893.604178221294,13.835119047619047
6,2,3,8,9,1,9,1,15889.395787132858,13.751190476190477
6,3,3,2,7,1,8,1,15893.604178221294,13.835119047619047
6,4,3,8,9,1,9,1,15889.395787132858,13.751190476190477
6,5,3,8,4,7,4,1,15893.021159988455,13.808928571428572
6,6,3,2,7,1,8,1,15893.604178221294,13.835119047619047
6,7,3,2,7,1,8,1,15893.604178221294,13.835119047619047
6,8,3,2,7,1,8,1,15893.604178221294,13.835119047619047
6,9,3,2,7,1,8,1,15893.604178221294,13.835119047619047
6,10,3,2,7,1,8,1,15893.604178221294,13.835119047619047
6,11,3,2,6,1,9,1,15893.604178221294,13.835119047619047
6,12,3,2,7,1,8,1,15893.604178221294,13.835119047619047
6,13,3,4,6,1,7,1,15893.604178221294,13.835119047619047
6,14,3,2,7,1,8,1,15893.604178221294,13.835119047619047
6,15,3,2,7,1,8,1,15893.604178221294,13.835119047619047
6,16,7,5,7,8,1,3,15891.796467177053,13.722619047619048
6,17,3,1,8,1,8,1,15900.073108104438,13.825595238095238
6,18,3,8,9,1,5,1,15894.149869402956,13.813095238095238
6,19,3,7,7,1,8,1,15894.149869402956,13.813095238095238
6,20,3,7,7,5,8,10,15894.692033832645,13.79404761904762
6,21,3,7,5,8,7,10,15894.692033832645,13.79404761904762
6,22,3,7,5,8,7,10,15894.692033832645,13.79404761904762
6,23,3,7,5,8,7,10,15894.692033832645,13.79404761904762
6,24,3,7,5,8,7,10,15894.692033832645,13.79404761904762
6,25,5,6,9,7,4,2,15892.773411177695,13.695238095238095
6,26,3,7,5,8,7,10,15894.692033832645,13.79404761904762
6,27,2,2,6,1,8,1,15898.158140490494,13.808928571428572
6,28,3,7,6,8,7,9,15894.692033832645,13.79404761904762
6,29,7,8,5,7,5,1,15899.440527916162,13.791071428571428
6,30,3,4,6,10,7,1,15894.802524384982,13.745833333333334
6,31,9,1,7,8,7,5,15897.461758141995,13.748809523809523
6,32,9,1,7,8,7,5,15897.461758141995,13.748809523809523
6,33,3,4,6,10,7,1,15894.802524384982,13.745833333333334
6,34,7,8,8,4,5,1,15899.440527916162,13.791071428571428
6,35,3,8,5,6,8,1,15894.802524384982,13.745833333333334
6,36,2,7,6,9,7,1,15897.624840415265,13.755952380952381
6,37,3,4,6,10,7,1,15894.802524384982,13.745833333333334
6,38,3,5,6,9,7,1,15894.802524384982,13.745833333333334
6,39,3,7,7,4,9,1,15894.802524384982,13.745833333333334
6,40,2,8,5,9,5,1,15900.134875923335,13.801785714285714
6,41,9,1,7,7,8,5,15897.461758141995,13.748809523809523
6,42,3,7,5,8,7,1,15894.802524384982,13.745833333333334
6,43,2,2,3,10,8,5,15894.922396237063,13.744047619047619
6,44,3,4,5,9,8,1,15897.764149401435,13.750595238095238
6,45,3,7,7,4,8,1,15897.764149401435,13.750595238095238
6,46,3,4,6,9,7,1,15897.764149401435,13.750595238095238
6,47,3,4,6,9,7,1,15897.764149401435,13.750595238095238
6,48,3,7,6,4,9,1,15897.764149401435,13.750595238095238
6,49,2,2,3,10,8,5,15894.922396237063,13.744047619047619
7,0,3,2,7,1,8,1,15893.604178221294,13.835119047619047
7,1,3,2,7,1,8,1,15893.604178221294,13.835119047619047
7,2,3,8,9,1,9,1,15889.395787132858,13.751190476190477
7,3,3,2,7,1,8,1,15893.604178221294,13.835119047619047
7,4,3,8,9,1,9,1,15889.395787132858,13.751190476190477
7,5,3,8,4,7,4,1,15893.021159988455,13.808928571428572
7,6,3,2,7,1,8,1,15893.604178221294,13.835119047619047
7,7,3,2,7,1,8,1,15893.604178221294,13.835119047619047
7,8,3,2,7,1,8,1,15893.604178221294,13.835119047619047
7,9,3,2,7,1,8,1,15893.604178221294,13.835119047619047
7,10,3,2,7,1,8,1,15893.604178221294,13.835119047619047
7,11,3,2,6,1,9,1,15893.604178221294,13.835119047619047
7,12,3,2,7,1,8,1,15893.604178221294,13.835119047619047
7,13,3,4,6,1,7,1,15893.604178221294,13.835119047619047
7,14,3,2,7,1,8,1,15893.604178221294,13.835119047619047
7,15,3,2,7,1,8,1,15893.604178221294,13.835119047619047
7,16,3,2,7,1,8,1,15893.604178221294,13.835119047619047
7,17,3,2,7,1,8,1,15893.604178221294,13.835119047619047
7,18,3,4,6,1,7,1,15893.604178221294,13.835119047619047
7,19,3,2,7,1,8,1,15893.604178221294,13.835119047619047
7,20,3,4,6,1,7,1,15893.604178221294,13.835119047619047
7,21,3,2,7,1,8,1,15893.604178221294,13.835119047619047
7,22,3,2,7,1,8,1,15893.604178221294,13.835119047619047
7,23,3,2,6,1,9,1,15893.604178221294,13.835119047619047
7,24,7,5,7,8,1,3,15891.796467177053,13.722619047619048
7,25,3,1,8,1,8,1,15900.073108104438,13.825595238095238
7,26,3,8,9,1,5,1,15894.149869402956,13.813095238095238
7,27,3,7,7,1,8,1,15894.149869402956,13.813095238095238
7,28,3,7,7,1,8,1,15894.149869402956,13.813095238095238
7,29,3,7,7,1,8,1,15894.149869402956,13.813095238095238
7,30,3,7,7,5,8,10,15894.692033832645,13.79404761904762
7,31,3,7,5,8,7,10,15894.692033832645,13.79404761904762
7,32,3,7,5,8,7,10,15894.692033832645,13.79404761904762
7,33,3,7,5,8,7,10,15894.692033832645,13.79404761904762
7,34,3,7,5,8,7,10,15894.692033832645,13.79404761904762
7,35,5,6,9,7,4,2,15892.773411177695,13.695238095238095
7,36,3,7,5,8,7,10,15894.692033832645,13.79404761904762
7,37,2,2,6,1,8,1,15898.158140490494,13.808928571428572
7,38,3,7,6,8,7,9,15894.692033832645,13.79404761904762
7,39,3,4,6,10,7,1,15894.802524384982,13.745833333333334
7,40,2,8,5,9,5,1,15900.134875923335,13.801785714285714
7,41,3,7,5,8,7,1,15894.802524384982,13.745833333333334
7,42,2,7,6,9,7,1,15897.624840415265,13.755952380952381
7,43,7,8,8,4,5,1,15899.440527916162,13.791071428571428
7,44,9,1,7,8,7,5,15897.461758141995,13.748809523809523
7,45,7,8,5,7,5,1,15899.440527916162,13.791071428571428
7,46,9,1,7,7,8,5,15897.461758141995,13.748809523809523
7,47,3,7,7,4,9,1,15894.802524384982,13.745833333333334
7,48,3,7,5,8,7,1,15894.802524384982,13.745833333333334
7,49,3,8,5,6,8,1,15894.802524384982,13.745833333333334
8,0,3,2,7,1,8,1,15893.604178221294,13.835119047619047
8,1,3,2,7,1,8,1,15893.604178221294,13.835119047619047
8,2,3,8,9,1,9,1,15889.395787132858,13.751190476190477
8,3,3,2,7,1,8,1,15893.604178221294,13.835119047619047
8,4,3,8,9,1,9,1,15889.395787132858,13.751190476190477
8,5,3,8,4,7,4,1,15893.021159988455,13.808928571428572
8,6,3,2,7,1,8,1,15893.604178221294,13.835119047619047
8,7,3,2,7,1,8,1,15893.604178221294,13.835119047619047
8,8,3,2,7,1,8,1,15893.604178221294,13.835119047619047
8,9,3,2,7,1,8,1,15893.604178221294,13.835119047619047
8,10,3,2,7,1,8,1,15893.604178221294,13.835119047619047
8,11,3,2,6,1,9,1,15893.604178221294,13.835119047619047
8,12,3,2,7,1,8,1,15893.604178221294,13.835119047619047
8,13,3,4,6,1,7,1,15893.604178221294,13.835119047619047
8,14,3,2,7,1,8,1,15893.604178221294,13.835119047619047
8,15,3,2,7,1,8,1,15893.604178221294,13.835119047619047
8,16,3,2,7,1,8,1,15893.604178221294,13.835119047619047
8,17,3,2,7,1,8,1,15893.604178221294,13.835119047619047
8,18,3,4,6,1,7,1,15893.604178221294,13.835119047619047
8,19,3,2,7,1,8,1,15893.604178221294,13.835119047619047
8,20,3,4,6,1,7,1,15893.604178221294,13.835119047619047
8,21,3,2,7,1,8,1,15893.604178221294,13.835119047619047
8,22,3,2,7,1,8,1,15893.604178221294,13.835119047619047
8,23,3,2,6,1,9,1,15893.604178221294,13.835119047619047
8,24,3,4,6,1,7,1,15893.604178221294,13.835119047619047
8,25,3,2,7,1,8,1,15893.604178221294,13.835119047619047
8,26,3,2,7,1,8,1,15893.604178221294,13.835119047619047
8,27,3,2,7,1,8,1,15893.604178221294,13.835119047619047
8,28,3,2,7,1,8,1,15893.604178221294,13.835119047619047
8,29,3,2,7,1,8,1,15893.604178221294,13.835119047619047
8,30,3,2,7,1,8,1,15893.604178221294,13.835119047619047
8,31,3,4,6,1,7,1,15893.604178221294,13.835119047619047
8,32,3,8,9,1,9,1,15889.395787132858,13.751190476190477
8,33,3,2,7,1,8,1,15893.604178221294,13.835119047619047
8,34,3,8,9,1,9,1,15889.395787132858,13.751190476190477
8,35,3,2,7,1,8,1,15893.604178221294,13.835119047619047
8,36,3,2,6,1,9,1,15893.604178221294,13.835119047619047
8,37,3,4,6,1,7,1,15893.604178221294,13.835119047619047
8,38,3,4,6,1,7,1,15893.604178221294,13.835119047619047
8,39,3,2,7,1,8,1,15893.604178221294,13.835119047619047
8,40,7,5,7,8,1,3,15891.796467177053,13.722619047619048
8,41,3,1,8,1,8,1,15900.073108104438,13.825595238095238
8,42,3,8,9,1,5,1,15894.149869402956,13.813095238095238
8,43,3,7,7,1,8,1,15894.149869402956,13.813095238095238
8,44,3,7,7,1,8,1,15894.149869402956,13.813095238095238
8,45,3,7,7,1,8,1,15894.149869402956,13.813095238095238
8,46,3,1,7,1,9,1,15900.073108104438,13.825595238095238
8,47,3,1,8,1,8,1,15900.073108104438,13.825595238095238
8,48,7,5,7,8,1,3,15891.796467177053,13.722619047619048
8,49,5,6,9,7,4,2,15892.773411177695,13.695238095238095
9,0,3,2,7,1,8,1,15893.604178221294,13.835119047619047
9,1,3,8,9,1,9,1,15889.395787132858,13.751190476190477
9,2,3,2,7,1,8,1,15893.604178221294,13.835119047619047
9,3,3,8,9,1,9,1,15889.395787132858,13.751190476190477
9,4,3,8,4,7,4,1,15893.021159988455,13.808928571428572
9,5,3,2,7,1,8,1,15893.604178221294,13.835119047619047
9,6,3,2,7,1,8,1,15893.604178221294,13.835119047619047
9,7,3,2,7,1,8,1,15893.604178221294,13.835119047619047
9,8,3,2,7,1,8,1,15893.604178221294,13.835119047619047
9,9,3,2,6,1,9,1,15893.604178221294,13.835119047619047
9,10,3,2,6,1,9,1,15893.604178221294,13.835119047619047
9,11,3,2,7,1,8,1,15893.604178221294,13.835119047619047
9,12,3,2,7,1,8,1,15893.604178221294,13.835119047619047
9,13,3,2,7,1,8,1,15893.604178221294,13.835119047619047
9,14,3,4,6,1,7,1,15893.604178221294,13.835119047619047
9,15,3,2,6,1,9,1,15893.604178221294,13.835119047619047
9,16,3,2,7,1,8,1,15893.604178221294,13.835119047619047
9,17,3,2,7,1,8,1,15893.604178221294,13.835119047619047
9,18,3,8,9,1,9,1,15889.395787132858,13.751190476190477
9,19,3,2,7,1,8,1,15893.604178221294,13.835119047619047
9,20,3,2,7,1,8,1,15893.604178221294,13.835119047619047
9,21,3,2,7,1,8,1,15893.604178221294,13.835119047619047
9,22,3,2,7,1,8,1,15893.604178221294,13.835119047619047
9,23,3,2,7,1,8,1,15893.604178221294,13.835119047619047
9,24,3,2,7,1,8,1,15893.604178221294,13.835119047619047
9,25,3,2,7,1,8,1,15893.604178221294,13.835119047619047
9,26,3,2,7,1,8,1,15893.604178221294,13.835119047619047
9,27,3,2,6,1,9,1,15893.604178221294,13.835119047619047
9,28,3,4,6,1,7,1,15893.604178221294,13.835119047619047
9,29,3,4,6,1,7,1,15893.604178221294,13.835119047619047
9,30,3,2,7,1,8,1,15893.604178221294,13.835119047619047
9,31,3,2,7,1,8,1,15893.604178221294,13.835119047619047
9,32,3,2,7,1,8,1,15893.604178221294,13.835119047619047
9,33,3,8,9,1,9,1,15889.395787132858,13.751190476190477
9,34,3,2,7,1,8,1,15893.604178221294,13.835119047619047
9,35,3,2,7,1,8,1,15893.604178221294,13.835119047619047
9,36,3,2,7,1,8,1,15893.604178221294,13.835119047619047
9,37,3,8,9,1,9,1,15889.395787132858,13.751190476190477
9,38,3,2,7,1,8,1,15893.604178221294,13.835119047619047
9,39,3,2,7,1,8,1,15893.604178221294,13.835119047619047
9,40,3,2,7,1,8,1,15893.604178221294,13.835119047619047
9,41,3,4,6,1,7,1,15893.604178221294,13.835119047619047
9,42,3,4,6,1,7,1,15893.604178221294,13.835119047619047
9,43,3,4,6,1,7,1,15893.604178221294,13.835119047619047
9,44,3,2,7,1,8,1,15893.604178221294,13.835119047619047
9,45,3,2,7,1,8,1,15893.604178221294,13.835119047619047
9,46,3,2,7,1,8,1,15893.604178221294,13.835119047619047
9,47,3,2,7,1,8,1,15893.604178221294,13.835119047619047
9,48,3,2,7,1,8,1,15893.604178221294,13.835119047619047
9,49,3,2,7,1,8,1,15893.604178221294,13.835119047619047
10,0,3,8,9,1,9,1,15889.395787132858,13.751190476190477
10,1,3,8,9,1,9,1,15889.395787132858,13.751190476190477
10,2,3,2,7,1,8,1,15893.604178221294,13.835119047619047
10,3,3,2,7,1,8,1,15893.604178221294,13.835119047619047
10,4,3,8,4,7,4,1,15893.021159988455,13.808928571428572
10,5,3,8,4,7,4,1,15893.021159988455,13.808928571428572
10,6,3,2,7,1,8,1,15893.604178221294,13.835119047619047
10,7,3,2,7,1,8,1,15893.604178221294,13.835119047619047
10,8,3,2,7,1,8,1,15893.604178221294,13.835119047619047
10,9,3,2,7,1,8,1,15893.604178221294,13.835119047619047
10,10,3,2,7,1,8,1,15893.604178221294,13.835119047619047
10,11,3,2,7,1,8,1,15893.604178221294,13.835119047619047
10,12,3,8,9,1,9,1,15889.395787132858,13.751190476190477
10,13,3,2,7,1,8,1,15893.604178221294,13.835119047619047
10,14,3,2,7,1,8,1,15893.604178221294,13.835119047619047
10,15,3,2,7,1,8,1,15893.604178221294,13.835119047619047
10,16,3,2,7,1,8,1,15893.604178221294,13.835119047619047
10,17,3,2,7,1,8,1,15893.604178221294,13.835119047619047
10,18,3,2,7,1,8,1,15893.604178221294,13.835119047619047
10,19,3,2,7,1,8,1,15893.604178221294,13.835119047619047
10,20,3,2,7,1,8,1,15893.604178221294,13.835119047619047
10,21,3,2,7,1,8,1,15893.604178221294,13.835119047619047
10,22,3,8,9,1,9,1,15889.395787132858,13.751190476190477
10,23,3,2,7,1,8,1,15893.604178221294,13.835119047619047
10,24,3,2,6,1,9,1,15893.604178221294,13.835119047619047
10,25,3,2,7,1,8,1,15893.604178221294,13.835119047619047
10,26,3,2,7,1,8,1,15893.604178221294,13.835119047619047
10,27,3,2,7,1,8,1,15893.604178221294,13.835119047619047
10,28,3,2,7,1,8,1,15893.604178221294,13.835119047619047
10,29,3,2,7,1,8,1,15893.604178221294,13.835119047619047
10,30,3,2,6,1,9,1,15893.604178221294,13.835119047619047
10,31,3,4,6,1,7,1,15893.604178221294,13.835119047619047
10,32,3,2,7,1,8,1,15893.604178221294,13.835119047619047
10,33,3,2,7,1,8,1,15893.604178221294,13.835119047619047
10,34,3,2,7,1,8,1,15893.604178221294,13.835119047619047
10,35,3,2,7,1,8,1,15893.604178221294,13.835119047619047
10,36,3,2,7,1,8,1,15893.604178221294,13.835119047619047
10,37,3,2,7,1,8,1,15893.604178221294,13.835119047619047
10,38,3,2,7,1,8,1,15893.604178221294,13.835119047619047
10,39,3,4,6,1,7,1,15893.604178221294,13.835119047619047
10,40,3,2,7,1,8,1,15893.604178221294,13.835119047619047
10,41,3,2,7,1,8,1,15893.604178221294,13.835119047619047
10,42,3,2,7,1,8,1,15893.604178221294,13.835119047619047
10,43,3,2,7,1,8,1,15893.604178221294,13.835119047619047
10,44,3,2,7,1,8,1,15893.604178221294,13.835119047619047
10,45,3,2,7,1,8,1,15893.604178221294,13.835119047619047
10,46,3,8,9,1,9,1,15889.395787132858,13.751190476190477
10,47,3,2,6,1,9,1,15893.604178221294,13.835119047619047
10,48,3,2,7,1,8,1,15893.604178221294,13.835119047619047
10,49,3,2,7,1,8,1,15893.604178221294,13.835119047619047
11,0,3,2,7,1,8,1,15893.604178221294,13.835119047619047
11,1,3,2,7,1,8,1,15893.604178221294,13.835119047619047
11,2,3,8,9,1,9,1,15889.395787132858,13.751190476190477
11,3,3,8,9,1,9,1,15889.395787132858,13.751190476190477
11,4,3,8,4,7,4,1,15893.021159988455,13.808928571428572
11,5,3,8,4,7,4,1,15893.021159988455,13.808928571428572
11,6,3,2,7,1,8,1,15893.604178221294,13.835119047619047
11,7,3,2,7,1,8,1,15893.604178221294,13.835119047619047
11,8,3,2,7,1,8,1,15893.604178221294,13.835119047619047
11,9,3,2,7,1,8,1,15893.604178221294,13.835119047619047
11,10,3,2,7,1,8,1,15893.604178221294,13.835119047619047
11,11,3,2,7,1,8,1,15893.604178221294,13.835119047619047
11,12,3,2,7,1,8,1,15893.604178221294,13.835119047619047
11,13,3,2,7,1,8,1,15893.604178221294,13.835119047619047
11,14,3,2,7,1,8,1,15893.604178221294,13.835119047619047
11,15,3,2,7,1,8,1,15893.604178221294,13.835119047619047
11,16,3,2,7,1,8,1,15893.604178221294,13.835119047619047
11,17,3,2,7,1,8,1,15893.604178221294,13.835119047619047
11,18,3,2,7,1,8,1,15893.604178221294,13.835119047619047
11,19,3,2,7,1,8,1,15893.604178221294,13.835119047619047
11,20,3,2,7,1,8,1,15893.604178221294,13.835119047619047
11,21,3,2,7,1,8,1,15893.604178221294,13.835119047619047
11,22,3,2,7,1,8,1,15893.604178221294,13.835119047619047
11,23,3,2,7,1,8,1,15893.604178221294,13.835119047619047
11,24,3,2,7,1,8,1,15893.604178221294,13.835119047619047
11,25,3,2,7,1,8,1,15893.604178221294,13.835119047619047
11,26,3,2,7,1,8,1,15893.604178221294,13.835119047619047
11,27,3,2,7,1,8,1,15893.604178221294,13.835119047619047
11,28,3,2,7,1,8,1,15893.604178221294,13.835119047619047
11,29,3,2,7,1,8,1,15893.604178221294,13.835119047619047
11,30,3,2,7,1,8,1,15893.604178221294,13.835119047619047
11,31,3,2,7,1,8,1,15893.604178221294,13.835119047619047
11,32,3,2,7,1,8,1,15893.604178221294,13.835119047619047
11,33,3,2,7,1,8,1,15893.604178221294,13.835119047619047
11,34,3,2,7,1,8,1,15893.604178221294,13.835119047619047
11,35,3,2,7,1,8,1,15893.604178221294,13.835119047619047
11,36,3,2,7,1,8,1,15893.604178221294,13.835119047619047
11,37,3,2,7,1,8,1,15893.604178221294,13.835119047619047
11,38,3,2,7,1,8,1,15893.604178221294,13.835119047619047
11,39,3,2,7,1,8,1,15893.604178221294,13.835119047619047
11,40,3,2,7,1,8,1,15893.604178221294,13.835119047619047
11,41,3,2,7,1,8,1,15893.604178221294,13.835119047619047
11,42,3,2,7,1,8,1,15893.604178221294,13.835119047619047
11,43,3,2,7,1,8,1,15893.604178221294,13.835119047619047
11,44,3,4,6,1,7,1,15893.604178221294,13.835119047619047
11,45,3,2,7,1,8,1,15893.604178221294,13.835119047619047
11,46,3,2,6,1,9,1,15893.604178221294,13.835119047619047
11,47,3,2,7,1,8,1,15893.604178221294,13.835119047619047
11,48,3,2,7,1,8,1,15893.604178221294,13.835119047619047
11,49,3,2,7,1,8,1,15893.604178221294,13.835119047619047
12,0,3,2,6,1,9,1,15893.604178221294,13.835119047619047
12,1,3,9,9,1,8,1,15889.395787132858,13.751190476190477
12,2,3,2,7,1,8,1,15893.604178221294,13.835119047619047
12,3,3,8,9,1,9,1,15889.395787132858,13.751190476190477
12,4,3,8,4,7,4,1,15893.021159988455,13.808928571428572
12,5,3,8,4,7,4,1,15893.021159988455,13.808928571428572
12,6,3,4,6,1,7,1,15893.604178221294,13.835119047619047
12,7,3,2,7,1,8,1,15893.604178221294,13.835119047619047
12,8,3,2,7,1,8,1,15893.604178221294,13.835119047619047
12,9,3,2,7,1,8,1,15893.604178221294,13.835119047619047
12,10,3,2,7,1,8,1,15893.604178221294,13.835119047619047
12,11,3,2,7,1,8,1,15893.604178221294,13.835119047619047
12,12,3,2,7,1,8,1,15893.604178221294,13.835119047619047
12,13,3,2,7,1,8,1,15893.604178221294,13.835119047619047
12,14,3,2,7,1,8,1,15893.604178221294,13.835119047619047
12,15,3,2,7,1,8,1,15893.604178221294,13.835119047619047
12,16,3,2,7,1,8,1,15893.604178221294,13.835119047619047
12,17,3,2,7,1,8,1,15893.604178221294,13.835119047619047
12,18,3,2,7,1,8,1,15893.604178221294,13.835119047619047
12,19,3,2,7,1,8,1,15893.604178221294,13.835119047619047
12,20,3,2,7,1,8,1,15893.604178221294,13.835119047619047
12,21,3,2,7,1,8,1,15893.604178221294,13.835119047619047
12,22,3,2,7,1,8,1,15893.604178221294,13.835119047619047
12,23,3,2,7,1,8,1,15893.604178221294,13.835119047619047
12,24,3,2,7,1,8,1,15893.604178221294,13.835119047619047
12,25,3,2,7,1,8,1,15893.604178221294,13.835119047619047
12,26,3,2,7,1,8,1,15893.604178221294,13.835119047619047
12,27,3,2,7,1,8,1,15893.604178221294,13.835119047619047
12,28,3,2,7,1,8,1,15893.604178221294,13.835119047619047
12,29,3,2,7,1,8,1,15893.604178221294,13.835119047619047
12,30,3,2,7,1,8,1,15893.604178221294,13.835119047619047
12,31,3,2,7,1,8,1,15893.604178221294,13.835119047619047
12,32,3,2,7,1,8,1,15893.604178221294,13.835119047619047
12,33,3,2,7,1,8,1,15893.604178221294,13.835119047619047
12,34,3,2,7,1,8,1,15893.604178221294,13.835119047619047
12,35,3,2,7,1,8,1,15893.604178221294,13.835119047619047
12,36,3,2,7,1,8,1,15893.604178221294,13.835119047619047
12,37,3,2,7,1,8,1,15893.604178221294,13.835119047619047
12,38,3,2,7,1,8,1,15893.604178221294,13.835119047619047
12,39,3,2,6,1,9,1,15893.604178221294,13.835119047619047
12,40,3,2,7,1,8,1,15893.604178221294,13.835119047619047
12,41,3,2,7,1,8,1,15893.604178221294,13.835119047619047
12,42,3,2,7,1,8,1,15893.604178221294,13.835119047619047
12,43,3,2,7,1,8,1,15893.604178221294,13.835119047619047
12,44,3,2,7,1,8,1,15893.604178221294,13.835119047619047
12,45,3,2,7,1,8,1,15893.604178221294,13.835119047619047
12,46,3,2,7,1,8,1,15893.604178221294,13.835119047619047
12,47,3,2,7,1,8,1,15893.604178221294,13.835119047619047
12,48,3,2,7,1,8,1,15893.604178221294,13.835119047619047
12,49,3,2,7,1,8,1,15893.604178221294,13.835119047619047
13,0,3,2,7,1,8,1,15893.604178221294,13.835119047619047
13,1,3,9,9,1,8,1,15889.395787132858,13.751190476190477
13,2,3,9,9,1,8,1,15889.395787132858,13.751190476190477
13,3,3,2,6,1,9,1,15893.604178221294,13.835119047619047
13,4,3,8,4,7,4,1,15893.021159988455,13.808928571428572
13,5,3,8,4,7,4,1,15893.021159988455,13.808928571428572
13,6,3,2,6,1,9,1,15893.604178221294,13.835119047619047
13,7,3,2,7,1,8,1,15893.604178221294,13.835119047619047
13,8,3,2,7,1,8,1,15893.604178221294,13.835119047619047
13,9,3,2,7,1,8,1,15893.604178221294,13.835119047619047
13,10,3,2,7,1,8,1,15893.604178221294,13.835119047619047
13,11,3,2,7,1,8,1,15893.604178221294,13.835119047619047
13,12,3,2,7,1,8,1,15893.604178221294,13.835119047619047
13,13,3,2,7,1,8,1,15893.604178221294,13.835119047619047
13,14,3,8,9,1,9,1,15889.395787132858,13.751190476190477
13,15,3,2,7,1,8,1,15893.604178221294,13.835119047619047
13,16,3,2,7,1,8,1,15893.604178221294,13.835119047619047
13,17,3,2,6,1,9,1,15893.604178221294,13.835119047619047
13,18,3,2,7,1,8,1,15893.604178221294,13.835119047619047
13,19,3,2,7,1,8,1,15893.604178221294,13.835119047619047
13,20,3,2,7,1,8,1,15893.604178221294,13.835119047619047
13,21,3,2,7,1,8,1,15893.604178221294,13.835119047619047
13,22,3,2,7,1,8,1,15893.604178221294,13.835119047619047
13,23,3,2,7,1,8,1,15893.604178221294,13.835119047619047
13,24,3,2,7,1,8,1,15893.604178221294,13.835119047619047
13,25,3,2,7,1,8,1,15893.604178221294,13.835119047619047
13,26,3,2,7,1,8,1,15893.604178221294,13.835119047619047
13,27,3,2,7,1,8,1,15893.604178221294,13.835119047619047
13,28,3,2,7,1,8,1,15893.604178221294,13.835119047619047
13,29,3,2,7,1,8,1,15893.604178221294,13.835119047619047
13,30,3,2,7,1,8,1,15893.604178221294,13.835119047619047
13,31,3,2,7,1,8,1,15893.604178221294,13.835119047619047
13,32,3,2,7,1,8,1,15893.604178221294,13.835119047619047
13,33,3,2,7,1,8,1,15893.604178221294,13.835119047619047
13,34,3,2,7,1,8,1,15893.604178221294,13.835119047619047
13,35,3,2,7,1,8,1,15893.604178221294,13.835119047619047
13,36,3,2,7,1,8,1,15893.604178221294,13.835119047619047
13,37,3,2,7,1,8,1,15893.604178221294,13.835119047619047
13,38,3,2,7,1,8,1,15893.604178221294,13.835119047619047
13,39,3,2,7,1,8,1,15893.604178221294,13.835119047619047
13,40,3,2,7,1,8,1,15893.604178221294,13.835119047619047
13,41,3,2,7,1,8,1,15893.604178221294,13.835119047619047
13,42,3,2,7,1,8,1,15893.604178221294,13.835119047619047
13,43,3,2,7,1,8,1,15893.604178221294,13.835119047619047
13,44,3,2,7,1,8,1,15893.604178221294,13.835119047619047
13,45,3,2,7,1,8,1,15893.604178221294,13.835119047619047
13,46,3,2,7,1,8,1,15893.604178221294,13.835119047619047
13,47,3,2,7,1,8,1,15893.604178221294,13.835119047619047
13,48,3,2,7,1,8,1,15893.604178221294,13.835119047619047
13,49,3,2,7,1,8,1,15893.604178221294,13.835119047619047
14,0,3,2,7,1,8,1,15893.604178221294,13.835119047619047
14,1,3,9,9,1,8,1,15889.395787132858,13.751190476190477
14,2,3,2,7,1,8,1,15893.604178221294,13.835119047619047
14,3,3,9,9,1,8,1,15889.395787132858,13.751190476190477
14,4,3,8,4,7,4,1,15893.021159988455,13.808928571428572
14,5,3,8,4,7,4,1,15893.021159988455,13.808928571428572
14,6,3,2,7,1,8,1,15893.604178221294,13.835119047619047
14,7,3,2,7,1,8,1,15893.604178221294,13.835119047619047
14,8,3,2,7,1,8,1,15893.604178221294,13.835119047619047
14,9,3,2,7,1,8,1,15893.604178221294,13.835119047619047
14,10,3,2,7,1,8,1,15893.604178221294,13.835119047619047
14,11,3,2,6,1,9,1,15893.604178221294,13.835119047619047
14,12,3,2,7,1,8,1,15893.604178221294,13.835119047619047
14,13,3,2,7,1,8,1,15893.604178221294,13.835119047619047
14,14,3,2,7,1,8,1,15893.604178221294,13.835119047619047
14,15,3,2,6,1,9,1,15893.604178221294,13.835119047619047
14,16,3,2,7,1,8,1,15893.604178221294,13.835119047619047
14,17,3,2,7,1,8,1,15893.604178221294,13.835119047619047
14,18,3,2,7,1,8,1,15893.604178221294,13.835119047619047
14,19,3,2,7,1,8,1,15893.604178221294,13.835119047619047
14,20,3,2,7,1,8,1,15893.604178221294,13.835119047619047
14,21,3,2,7,1,8,1,15893.604178221294,13.835119047619047
14,22,3,2,7,1,8,1,15893.604178221294,13.835119047619047
14,23,3,2,7,1,8,1,15893.604178221294,13.835119047619047
14,24,3,2,7,1,8,1,15893.604178221294,13.835119047619047
14,25,3,2,7,1,8,1,15893.604178221294,13.835119047619047
14,26,3,2,7,1,8,1,15893.604178221294,13.835119047619047
14,27,3,8,4,7,4,1,15893.021159988455,13.808928571428572
14,28,3,2,7,1,8,1,15893.604178221294,13.835119047619047
14,29,3,2,5,7,4,1,15893.604178221294,13.835119047619047
14,30,3,2,7,1,8,1,15893.604178221294,13.835119047619047
14,31,3,2,7,1,8,1,15893.604178221294,13.835119047619047
14,32,3,2,7,1,8,1,15893.604178221294,13.835119047619047
14,33,3,2,7,1,8,1,15893.604178221294,13.835119047619047
14,34,3,2,7,1,8,1,15893.604178221294,13.835119047619047
14,35,3,2,7,1,8,1,15893.604178221294,13.835119047619047
14,36,3,2,7,1,8,1,15893.604178221294,13.835119047619047
14,37,3,2,7,1,8,1,15893.604178221294,13.835119047619047
14,38,3,2,7,1,8,1,15893.604178221294,13.835119047619047
14,39,3,2,7,1,8,1,15893.604178221294,13.835119047619047
14,40,3,2,7,1,8,1,15893.604178221294,13.835119047619047
14,41,3,2,7,1,8,1,15893.604178221294,13.835119047619047
14,42,3,2,7,1,8,1,15893.604178221294,13.835119047619047
14,43,3,2,7,1,8,1,15893.604178221294,13.835119047619047
14,44,3,2,6,1,9,1,15893.604178221294,13.835119047619047
14,45,3,2,7,1,8,1,15893.604178221294,13.835119047619047
14,46,3,2,7,1,8,1,15893.604178221294,13.835119047619047
14,47,3,2,7,1,8,1,15893.604178221294,13.835119047619047
14,48,3,2,7,1,8,1,15893.604178221294,13.835119047619047
14,49,3,2,7,1,8,1,15893.604178221294,13.835119047619047
15,0,3,2,7,1,8,1,15893.604178221294,13.835119047619047
15,1,3,9,9,1,8,1,15889.395787132858,13.751190476190477
15,2,3,2,7,1,8,1,15893.604178221294,13.835119047619047
15,3,3,9,9,1,8,1,15889.395787132858,13.751190476190477
15,4,3,8,4,7,4,1,15893.021159988455,13.808928571428572
15,5,3,8,4,7,4,1,15893.021159988455,13.808928571428572
15,6,3,2,7,1,8,1,15893.604178221294,13.835119047619047
15,7,3,2,7,1,8,1,15893.604178221294,13.835119047619047
15,8,3,2,7,1,8,1,15893.604178221294,13.835119047619047
15,9,3,2,7,1,8,1,15893.604178221294,13.835119047619047
15,10,3,2,7,1,8,1,15893.604178221294,13.835119047619047
15,11,3,2,7,1,8,1,15893.604178221294,13.835119047619047
15,12,3,2,7,1,8,1,15893.604178221294,13.835119047619047
15,13,3,2,5,7,4,1,15893.604178221294,13.835119047619047
15,14,3,2,7,1,8,1,15893.604178221294,13.835119047619047
15,15,3,2,7,1,8,1,15893.604178221294,13.835119047619047
15,16,3,2,7,1,8,1,15893.604178221294,13.835119047619047
15,17,3,2,7,1,8,1,15893.604178221294,13.835119047619047
15,18,3,2,7,1,8,1,15893.604178221294,13.835119047619047
15,19,3,2,6,1,9,1,15893.604178221294,13.835119047619047
15,20,3,2,7,1,8,1,15893.604178221294,13.835119047619047
15,21,3,2,7,1,8,1,15893.604178221294,13.835119047619047
15,22,3,2,7,1,8,1,15893.604178221294,13.835119047619047
15,23,3,2,6,1,9,1,15893.604178221294,13.835119047619047
15,24,3,3,5,1,9,1,15893.604178221294,13.835119047619047
15,25,3,2,7,1,8,1,15893.604178221294,13.835119047619047
15,26,3,8,4,7,4,1,15893.021159988455,13.808928571428572
15,27,3,2,7,1,8,1,15893.604178221294,13.835119047619047
15,28,3,2,7,1,8,1,15893.604178221294,13.835119047619047
15,29,3,2,7,1,8,1,15893.604178221294,13.835119047619047
15,30,3,2,7,1,8,1,15893.604178221294,13.835119047619047
15,31,3,2,6,1,9,1,15893.604178221294,13.835119047619047
15,32,3,2,7,1,8,1,15893.604178221294,13.835119047619047
15,33,3,2,7,1,8,1,15893.604178221294,13.835119047619047
15,34,3,2,7,1,8,1,15893.604178221294,13.835119047619047
15,35,3,2,7,1,8,1,15893.604178221294,13.835119047619047
15,36,3,2,7,1,8,1,15893.604178221294,13.835119047619047
15,37,3,2,7,1,8,1,15893.604178221294,13.835119047619047
15,38,3,2,7,1,8,1,15893.604178221294,13.835119047619047
15,39,3,2,7,1,8,1,15893.604178221294,13.835119047619047
15,40,3,2,7,1,8,1,15893.604178221294,13.835119047619047
15,41,3,2,7,1,8,1,15893.604178221294,13.835119047619047
15,42,3,2,7,1,8,1,15893.604178221294,13.835119047619047
15,43,3,2,6,1,9,1,15893.604178221294,13.835119047619047
15,44,3,2,7,1,8,1,15893.604178221294,13.835119047619047
15,45,3,2,7,1,8,1,15893.604178221294,13.835119047619047
15,46,3,2,7,1,8,1,15893.604178221294,13.835119047619047
15,47,3,2,7,1,8,1,15893.604178221294,13.835119047619047
15,48,3,2,7,1,8,1,15893.604178221294,13.835119047619047
15,49,3,2,7,1,8,1,15893.604178221294,13.835119047619047
16,0,3,9,9,1,8,1,15889.395787132858,13.751190476190477
16,1,3,9,9,1,8,1,15889.395787132858,13.751190476190477
16,2,3,2,7,1,8,1,15893.604178221294,13.835119047619047
16,3,3,2,7,1,8,1,15893.604178221294,13.835119047619047
16,4,3,8,4,7,4,1,15893.021159988455,13.808928571428572
16,5,3,8,4,7,4,1,15893.021159988455,13.808928571428572
16,6,3,2,7,1,8,1,15893.604178221294,13.835119047619047
16,7,3,2,7,1,8,1,15893.604178221294,13.835119047619047
16,8,3,2,7,1,8,1,15893.604178221294,13.835119047619047
16,9,3,2,7,1,8,1,15893.604178221294,13.835119047619047
16,10,3,2,7,1,8,1,15893.604178221294,13.835119047619047
16,11,3,2,6,1,9,1,15893.604178221294,13.835119047619047
16,12,3,2,7,1,8,1,15893.604178221294,13.835119047619047
16,13,3,2,7,1,8,1,15893.604178221294,13.835119047619047
16,14,3,2,7,1,8,1,15893.604178221294,13.835119047619047
16,15,3,2,7,1,8,1,15893.604178221294,13.835119047619047
16,16,3,2,7,1,8,1,15893.604178221294,13.835119047619047
16,17,3,2,7,1,8,1,15893.604178221294,13.835119047619047
16,18,3,2,7,1,8,1,15893.604178221294,13.835119047619047
16,19,3,2,7,1,8,1,15893.604178221294,13.835119047619047
16,20,3,2,7,1,8,1,15893.604178221294,13.835119047619047
16,21,3,2,6,1,9,1,15893.604178221294,13.835119047619047
16,22,3,2,7,1,8,1,15893.604178221294,13.835119047619047
16,23,3,2,7,1,8,1,15893.604178221294,13.835119047619047
16,24,3,2,7,1,8,1,15893.604178221294,13.835119047619047
16,25,3,8,4,7,4,1,15893.021159988455,13.808928571428572
16,26,3,2,7,1,8,1,15893.604178221294,13.835119047619047
16,27,3,2,7,1,8,1,15893.604178221294,13.835119047619047
16,28,3,2,7,1,8,1,15893.604178221294,13.835119047619047
16,29,3,2,6,1,9,1,15893.604178221294,13.835119047619047
16,30,3,2,7,1,8,1,15893.604178221294,13.835119047619047
16,31,3,2,5,7,4,1,15893.604178221294,13.835119047619047
16,32,3,2,7,1,8,1,15893.604178221294,13.835119047619047
16,33,3,2,7,1,8,1,15893.604178221294,13.835119047619047
16,34,3,2,7,1,8,1,15893.604178221294,13.835119047619047
16,35,3,2,7,1,8,1,15893.604178221294,13.835119047619047
16,36,3,2,7,1,8,1,15893.604178221294,13.835119047619047
16,37,3,2,7,1,8,1,15893.604178221294,13.835119047619047
16,38,3,2,7,1,8,1,15893.604178221294,13.835119047619047
16,39,3,2,7,1,8,1,15893.604178221294,13.835119047619047
16,40,3,2,7,1,8,1,15893.604178221294,13.835119047619047
16,41,3,2,7,1,8,1,15893.604178221294,13.835119047619047
16,42,3,2,7,1,8,1,15893.604178221294,13.835119047619047
16,43,3,2,7,1,8,1,15893.604178221294,13.835119047619047
16,44,3,2,7,1,8,1,15893.604178221294,13.835119047619047
16,45,3,2,7,1,8,1,15893.604178221294,13.835119047619047
16,46,3,2,7,1,8,1,15893.604178221294,13.835119047619047
16,47,3,2,7,1,8,1,15893.604178221294,13.835119047619047
16,48,3,2,7,1,8,1,15893.604178221294,13.835119047619047
16,49,3,2,7,1,8,1,15893.604178221294,13.835119047619047
17,0,3,2,7,1,8,1,15893.604178221294,13.835119047619047
17,1,3,2,7,1,8,1,15893.604178221294,13.835119047619047
17,2,3,9,9,1,8,1,15889.395787132858,13.751190476190477
17,3,3,9,9,1,8,1,15889.395787132858,13.751190476190477
17,4,3,8,4,7,4,1,15893.021159988455,13.808928571428572
17,5,3,8,4,7,4,1,15893.021159988455,13.808928571428572
17,6,3,2,7,1,8,1,15893.604178221294,13.835119047619047
17,7,3,2,7,1,8,1,15893.604178221294,13.835119047619047
17,8,3,2,7,1,8,1,15893.604178221294,13.835119047619047
17,9,3,9,9,1,8,1,15889.395787132858,13.751190476190477
17,10,3,2,7,1,8,1,15893.604178221294,13.835119047619047
17,11,3,2,7,1,8,1,15893.604178221294,13.835119047619047
17,12,3,8,4,7,4,1,15893.021159988455,13.808928571428572
17,13,3,2,7,1,8,1,15893.604178221294,13.835119047619047
17,14,3,2,7,1,8,1,15893.604178221294,13.835119047619047
17,15,3,2,7,1,8,1,15893.604178221294,13.835119047619047
17,16,3,2,7,1,8,1,15893.604178221294,13.835119047619047
17,17,3,2,7,1,8,1,15893.604178221294,13.835119047619047
17,18,3,2,7,1,8,1,15893.604178221294,13.835119047619047
17,19,3,2,7,1,8,1,15893.604178221294,13.835119047619047
17,20,3,2,7,1,8,1,15893.604178221294,13.835119047619047
17,21,3,2,7,1,8,1,15893.604178221294,13.835119047619047
17,22,3,2,5,7,4,1,15893.604178221294,13.835119047619047
17,23,3,2,6,1,9,1,15893.604178221294,13.835119047619047
17,24,3,2,6,1,9,1,15893.604178221294,13.835119047619047
17,25,3,2,7,1,8,1,15893.604178221294,13.835119047619047
17,26,3,2,7,1,8,1,15893.604178221294,13.835119047619047
17,27,3,2,6,1,9,1,15893.604178221294,13.835119047619047
17,28,3,2,7,1,8,1,15893.604178221294,13.835119047619047
17,29,3,2,7,1,8,1,15893.604178221294,13.835119047619047
17,30,3,2,7,1,8,1,15893.604178221294,13.835119047619047
17,31,3,2,7,1,8,1,15893.604178221294,13.835119047619047
17,32,3,2,7,1,8,1,15893.604178221294,13.835119047619047
17,33,3,2,7,1,8,1,15893.604178221294,13.835119047619047
17,34,3,2,7,1,8,1,15893.604178221294,13.835119047619047
17,35,3,2,7,1,8,1,15893.604178221294,13.835119047619047
17,36,3,2,7,1,8,1,15893.604178221294,13.835119047619047
17,37,3,2,7,1,8,1,15893.604178221294,13.835119047619047
17,38,3,2,7,1,8,1,15893.604178221294,13.835119047619047
17,39,3,2,7,1,8,1,15893.604178221294,13.835119047619047
17,40,3,2,7,1,8,1,15893.604178221294,13.835119047619047
17,41,3,2,7,1,8,1,15893.604178221294,13.835119047619047
17,42,3,8,4,7,4,1,15893.021159988455,13.808928571428572
17,43,3,2,7,1,8,1,15893.604178221294,13.835119047619047
17,44,3,2,7,1,8,1,15893.604178221294,13.835119047619047
17,45,3,2,7,1,8,1,15893.604178221294,13.835119047619047
17,46,3,2,7,1,8,1,15893.604178221294,13.835119047619047
17,47,3,2,7,1,8,1,15893.604178221294,13.835119047619047
17,48,3,2,7,1,8,1,15893.604178221294,13.835119047619047
17,49,3,2,7,1,8,1,15893.604178221294,13.835119047619047
18,0,3,2,7,1,8,1,15893.604178221294,13.835119047619047
18,1,3,2,7,1,8,1,15893.604178221294,13.835119047619047
18,2,3,9,9,1,8,1,15889.395787132858,13.751190476190477
18,3,3,9,9,1,8,1,15889.395787132858,13.751190476190477
18,4,3,8,4,7,4,1,15893.021159988455,13.808928571428572
18,5,3,8,4,7,4,1,15893.021159988455,13.808928571428572
18,6,3,8,4,7,4,1,15893.021159988455,13.808928571428572
18,7,3,2,7,1,8,1,15893.604178221294,13.835119047619047
18,8,3,2,7,1,8,1,15893.604178221294,13.835119047619047
18,9,3,2,6,1,9,1,15893.604178221294,13.835119047619047
18,10,3,2,7,1,8,1,15893.604178221294,13.835119047619047
18,11,3,2,7,1,8,1,15893.604178221294,13.835119047619047
18,12,3,2,7,1,8,1,15893.604178221294,13.835119047619047
18,13,3,2,7,1,8,1,15893.604178221294,13.835119047619047
18,14,3,2,7,1,8,1,15893.604178221294,13.835119047619047
18,15,3,2,7,1,8,1,15893.604178221294,13.835119047619047
18,16,3,2,7,1,8,1,15893.604178221294,13.835119047619047
18,17,3,2,7,1,8,1,15893.604178221294,13.835119047619047
18,18,3,2,7,1,8,1,15893.604178221294,13.835119047619047
18,19,3,2,7,1,8,1,15893.604178221294,13.835119047619047
18,20,3,8,4,7,4,1,15893.021159988455,13.808928571428572
18,21,3,2,7,1,8,1,15893.604178221294,13.835119047619047
18,22,3,2,7,1,8,1,15893.604178221294,13.835119047619047
18,23,3,2,7,1,8,1,15893.604178221294,13.835119047619047
18,24,3,2,7,1,8,1,15893.604178221294,13.835119047619047
18,25,3,2,7,1,8,1,15893.604178221294,13.835119047619047
18,26,3,8,4,7,4,1,15893.021159988455,13.808928571428572
18,27,3,2,7,1,8,1,15893.604178221294,13.835119047619047
18,28,3,2,7,1,8,1,15893.604178221294,13.835119047619047
18,29,3,2,7,1,8,1,15893.604178221294,13.835119047619047
18,30,3,2,7,1,8,1,15893.604178221294,13.835119047619047
18,31,3,2,6,1,9,1,15893.604178221294,13.835119047619047
18,32,3,2,7,1,8,1,15893.604178221294,13.835119047619047
18,33,3,2,7,1,8,1,15893.604178221294,13.835119047619047
18,34,3,2,7,1,8,1,15893.604178221294,13.835119047619047
18,35,3,2,7,1,8,1,15893.604178221294,13.835119047619047
18,36,3,2,7,1,8,1,15893.604178221294,13.835119047619047
18,37,3,2,7,1,8,1,15893.604178221294,13.835119047619047
18,38,3,2,7,1,8,1,15893.604178221294,13.835119047619047
18,39,3,2,5,7,4,1,15893.604178221294,13.835119047619047
18,40,3,2,7,1,8,1,15893.604178221294,13.835119047619047
18,41,3,2,7,1,8,1,15893.604178221294,13.835119047619047
18,42,3,2,7,1,8,1,15893.604178221294,13.835119047619047
18,43,3,2,7,1,8,1,15893.604178221294,13.835119047619047
18,44,3,2,7,1,8,1,15893.604178221294,13.835119047619047
18,45,3,2,7,1,8,1,15893.604178221294,13.835119047619047
18,46,3,2,7,1,8,1,15893.604178221294,13.835119047619047
18,47,3,2,7,1,8,1,15893.604178221294,13.835119047619047
18,48,3,2,7,1,8,1,15893.604178221294,13.835119047619047
18,49,3,2,7,1,8,1,15893.604178221294,13.835119047619047
19,0,3,9,9,1,8,1,15889.395787132858,13.751190476190477
19,1,3,2,7,1,8,1,15893.604178221294,13.835119047619047
19,2,3,2,7,1,8,1,15893.604178221294,13.835119047619047
19,3,3,9,9,1,8,1,15889.395787132858,13.751190476190477
19,4,3,8,4,7,4,1,15893.021159988455,13.808928571428572
19,5,3,8,4,7,4,1,15893.021159988455,13.808928571428572
19,6,3,2,7,1,8,1,15893.604178221294,13.835119047619047
19,7,3,2,7,1,8,1,15893.604178221294,13.835119047619047
19,8,3,2,7,1,8,1,15893.604178221294,13.835119047619047
19,9,3,2,7,1,8,1,15893.604178221294,13.835119047619047
19,10,3,2,7,1,8,1,15893.604178221294,13.835119047619047
19,11,3,2,7,1,8,1,15893.604178221294,13.835119047619047
19,12,3,2,7,1,8,1,15893.604178221294,13.835119047619047
19,13,3,2,6,1,9,1,15893.604178221294,13.835119047619047
19,14,3,2,7,1,8,1,15893.604178221294,13.835119047619047
19,15,3,2,7,1,8,1,15893.604178221294,13.835119047619047
19,16,3,2,7,1,8,1,15893.604178221294,13.835119047619047
19,17,3,8,4,7,4,1,15893.021159988455,13.808928571428572
19,18,3,2,7,1,8,1,15893.604178221294,13.835119047619047
19,19,3,2,7,1,8,1,15893.604178221294,13.835119047619047
19,20,3,2,7,1,8,1,15893.604178221294,13.835119047619047
19,21,3,9,9,1,8,1,15889.395787132858,13.751190476190477
19,22,3,2,7,1,8,1,15893.604178221294,13.835119047619047
19,23,3,2,7,1,8,1,15893.604178221294,13.835119047619047
19,24,3,2,7,1,8,1,15893.604178221294,13.835119047619047
19,25,3,2,7,1,8,1,15893.604178221294,13.835119047619047
19,26,3,2,7,1,8,1,15893.604178221294,13.835119047619047
19,27,3,2,7,1,8,1,15893.604178221294,13.835119047619047
19,28,3,2,7,1,8,1,15893.604178221294,13.835119047619047
19,29,3,8,4,7,4,1,15893.021159988455,13.808928571428572
19,30,3,2,7,1,8,1,15893.604178221294,13.835119047619047
19,31,3,2,7,1,8,1,15893.604178221294,13.835119047619047
19,32,3,2,7,1,8,1,15893.604178221294,13.835119047619047
19,33,3,2,5,7,4,1,15893.604178221294,13.835119047619047
19,34,3,2,7,1,8,1,15893.604178221294,13.835119047619047
19,35,3,2,7,1,8,1,15893.604178221294,13.835119047619047
19,36,3,2,7,1,8,1,15893.604178221294,13.835119047619047
19,37,3,2,7,1,8,1,15893.604178221294,13.835119047619047
19,38,3,2,7,1,8,1,15893.604178221294,13.835119047619047
19,39,3,2,7,1,8,1,15893.604178221294,13.835119047619047
19,40,3,2,7,1,8,1,15893.604178221294,13.835119047619047
19,41,3,2,7,1,8,1,15893.604178221294,13.835119047619047
19,42,3,2,7,1,8,1,15893.604178221294,13.835119047619047
19,43,3,2,7,1,8,1,15893.604178221294,13.835119047619047
19,44,3,2,7,1,8,1,15893.604178221294,13.835119047619047
19,45,3,2,7,1,8,1,15893.604178221294,13.835119047619047
19,46,3,2,7,1,8,1,15893.604178221294,13.835119047619047
19,47,3,2,7,1,8,1,15893.604178221294,13.835119047619047
19,48,3,2,7,1,8,1,15893.604178221294,13.835119047619047
19,49,3,2,7,1,8,1,15893.604178221294,13.835119047619047
20,0,3,9,4,1,4,1,15893.604178221294,13.835119047619047
20,1,3,2,7,1,8,1,15893.604178221294,13.835119047619047
20,2,3,9,9,1,8,1,15889.395787132858,13.751190476190477
20,3,3,9,9,1,8,1,15889.395787132858,13.751190476190477
20,4,3,8,4,7,4,1,15893.021159988455,13.808928571428572
20,5,3,8,4,7,4,1,15893.021159988455,13.808928571428572
20,6,3,2,6,1,9,1,15893.604178221294,13.835119047619047
20,7,3,2,7,1,8,1,15893.604178221294,13.835119047619047
20,8,3,2,7,1,8,1,15893.604178221294,13.835119047619047
20,9,3,8,4,7,4,1,15893.021159988455,13.808928571428572
20,10,3,2,6,1,9,1,15893.604178221294,13.835119047619047
20,11,3,2,7,1,8,1,15893.604178221294,13.835119047619047
20,12,3,2,7,1,8,1,15893.604178221294,13.835119047619047
20,13,3,2,7,1,8,1,15893.604178221294,13.835119047619047
20,14,3,2,7,1,8,1,15893.604178221294,13.835119047619047
20,15,3,2,7,1,8,1,15893.604178221294,13.835119047619047
20,16,3,2,7,1,8,1,15893.604178221294,13.835119047619047
20,17,3,2,7,1,8,1,15893.604178221294,13.835119047619047
20,18,3,2,7,1,8,1,15893.604178221294,13.835119047619047
20,19,3,2,7,1,8,1,15893.604178221294,13.835119047619047
20,20,3,2,7,1,8,1,15893.604178221294,13.835119047619047
20,21,3,2,7,1,8,1,15893.604178221294,13.835119047619047
20,22,3,2,7,1,8,1,15893.604178221294,13.835119047619047
20,23,3,2,7,1,8,1,15893.604178221294,13.835119047619047
20,24,3,2,7,1,8,1,15893.604178221294,13.835119047619047
20,25,3,2,7,1,8,1,15893.604178221294,13.835119047619047
20,26,3,2,7,1,8,1,15893.604178221294,13.835119047619047
20,27,3,2,7,1,8,1,15893.604178221294,13.835119047619047
20,28,3,2,7,1,8,1,15893.604178221294,13.835119047619047
20,29,3,2,7,1,8,1,15893.604178221294,13.835119047619047
20,30,3,2,7,1,8,1,15893.604178221294,13.835119047619047
20,31,3,2,5,7,4,1,15893.604178221294,13.835119047619047
20,32,3,2,7,1,8,1,15893.604178221294,13.835119047619047
20,33,3,2,7,1,8,1,15893.604178221294,13.835119047619047
20,34,3,2,7,1,8,1,15893.604178221294,13.835119047619047
20,35,3,2,7,1,8,1,15893.604178221294,13.835119047619047
20,36,3,2,7,1,8,1,15893.604178221294,13.835119047619047
20,37,3,2,7,1,8,1,15893.604178221294,13.835119047619047
20,38,3,2,7,1,8,1,15893.604178221294,13.835119047619047
20,39,3,2,7,1,8,1,15893.604178221294,13.835119047619047
20,40,3,2,7,1,8,1,15893.604178221294,13.835119047619047
20,41,3,2,7,1,8,1,15893.604178221294,13.835119047619047
20,42,3,2,7,1,8,1,15893.604178221294,13.835119047619047
20,43,3,2,7,1,8,1,15893.604178221294,13.835119047619047
20,44,3,9,9,1,8,1,15889.395787132858,13.751190476190477
20,45,3,2,7,1,8,1,15893.604178221294,13.835119047619047
20,46,3,2,7,1,8,1,15893.604178221294,13.835119047619047
20,47,3,2,7,1,8,1,15893.604178221294,13.835119047619047
20,48,3,2,7,1,8,1,15893.604178221294,13.835119047619047
20,49,3,9,9,1,8,1,15889.395787132858,13.751190476190477
21,0,3,2,7,1,8,1,15893.604178221294,13.835119047619047
21,1,3,9,9,1,8,1,15889.395787132858,13.751190476190477
21,2,3,9,9,1,8,1,15889.395787132858,13.751190476190477
21,3,3,9,4,1,4,1,15893.604178221294,13.835119047619047
21,4,3,8,4,7,4,1,15893.021159988455,13.808928571428572
21,5,3,8,4,7,4,1,15893.021159988455,13.808928571428572
21,6,3,2,7,1,8,1,15893.604178221294,13.835119047619047
21,7,3,9,9,1,8,1,15889.395787132858,13.751190476190477
21,8,3,2,7,1,8,1,15893.604178221294,13.835119047619047
21,9,3,2,7,1,8,1,15893.604178221294,13.835119047619047
21,10,3,2,7,1,8,1,15893.604178221294,13.835119047619047
21,11,3,2,7,1,8,1,15893.604178221294,13.835119047619047
21,12,3,2,5,7,4,1,15893.604178221294,13.835119047619047
21,13,3,2,7,1,8,1,15893.604178221294,13.835119047619047
21,14,3,2,7,1,8,1,15893.604178221294,13.835119047619047
21,15,3,2,7,1,8,1,15893.604178221294,13.835119047619047
21,16,3,2,7,1,8,1,15893.604178221294,13.835119047619047
21,17,3,2,7,1,8,1,15893.604178221294,13.835119047619047
21,18,3,2,7,1,8,1,15893.604178221294,13.835119047619047
21,19,3,2,7,1,8,1,15893.604178221294,13.835119047619047
21,20,3,2,7,1,8,1,15893.604178221294,13.835119047619047
21,21,3,2,7,1,8,1,15893.604178221294,13.835119047619047
21,22,3,2,7,1,8,1,15893.604178221294,13.835119047619047
21,23,3,2,6,1,9,1,15893.604178221294,13.835119047619047
21,24,3,9,9,1,8,1,15889.395787132858,13.751190476190477
21,25,3,2,7,1,8,1,15893.604178221294,13.835119047619047
21,26,3,9,9,1,8,1,15889.395787132858,13.751190476190477
21,27,3,9,9,1,8,1,15889.395787132858,13.751190476190477
21,28,3,2,7,1,8,1,15893.604178221294,13.835119047619047
21,29,3,2,7,1,8,1,15893.604178221294,13.835119047619047
21,30,3,9,9,1,8,1,15889.395787132858,13.751190476190477
21,31,3,8,5,1,4,1,15893.604178221294,13.835119047619047
21,32,3,2,7,1,8,1,15893.604178221294,13.835119047619047
21,33,3,2,7,1,8,1,15893.604178221294,13.835119047619047
21,34,3,2,6,1,9,1,15893.604178221294,13.835119047619047
21,35,3,2,7,1,8,1,15893.604178221294,13.835119047619047
21,36,3,2,7,1,8,1,15893.604178221294,13.835119047619047
21,37,3,2,7,1,8,1,15893.604178221294,13.835119047619047
21,38,3,2,7,1,8,1,15893.604178221294,13.835119047619047
21,39,3,2,7,1,8,1,15893.604178221294,13.835119047619047
21,40,3,2,7,1,8,1,15893.604178221294,13.835119047619047
21,41,3,2,7,1,8,1,15893.604178221294,13.835119047619047
21,42,3,2,7,1,8,1,15893.604178221294,13.835119047619047
21,43,3,2,7,1,8,1,15893.604178221294,13.835119047619047
21,44,3,2,7,1,8,1,15893.604178221294,13.835119047619047
21,45,3,2,6,1,9,1,15893.604178221294,13.835119047619047
21,46,3,2,7,1,8,1,15893.604178221294,13.835119047619047
21,47,3,2,7,1,8,1,15893.604178221294,13.835119047619047
21,48,3,2,7,1,8,1,15893.604178221294,13.835119047619047
21,49,3,2,7,1,8,1,15893.604178221294,13.835119047619047
22,0,3,2,7,1,8,1,15893.604178221294,13.835119047619047
22,1,3,9,9,1,8,1,15889.395787132858,13.751190476190477
22,2,3,9,9,1,8,1,15889.395787132858,13.751190476190477
22,3,3,2,7,1,8,1,15893.604178221294,13.835119047619047
22,4,3,8,4,7,4,1,15893.021159988455,13.808928571428572
22,5,3,8,4,7,4,1,15893.021159988455,13.808928571428572
22,6,3,2,7,1,8,1,15893.604178221294,13.835119047619047
22,7,3,2,7,1,8,1,15893.604178221294,13.835119047619047
22,8,3,2,7,1,8,1,15893.604178221294,13.835119047619047
22,9,3,9,4,1,4,1,15893.604178221294,13.835119047619047
22,10,3,2,7,1,8,1,15893.604178221294,13.835119047619047
22,11,3,2,7,1,8,1,15893.604178221294,13.835119047619047
22,12,3,2,7,1,8,1,15893.604178221294,13.835119047619047
22,13,3,2,7,1,8,1,15893.604178221294,13.835119047619047
22,14,3,8,4,7,4,1,15893.021159988455,13.808928571428572
22,15,3,2,7,1,8,1,15893.604178221294,13.835119047619047
22,16,3,2,7,1,8,1,15893.604178221294,13.835119047619047
22,17,3,2,7,1,8,1,15893.604178221294,13.835119047619047
22,18,3,2,7,1,8,1,15893.604178221294,13.835119047619047
22,19,3,2,7,1,8,1,15893.604178221294,13.835119047619047
22,20,3,9,9,1,8,1,15889.395787132858,13.751190476190477
22,21,3,2,6,1,9,1,15893.604178221294,13.835119047619047
22,22,3,2,7,1,8,1,15893.604178221294,13.835119047619047
22,23,3,2,7,1,8,1,15893.604178221294,13.835119047619047
22,24,3,2,7,1,8,1,15893.604178221294,13.835119047619047
22,25,3,2,7,1,8,1,15893.604178221294,13.835119047619047
22,26,3,2,7,1,8,1,15893.604178221294,13.835119047619047
22,27,3,8,5,1,4,1,15893.604178221294,13.835119047619047
22,28,3,2,7,1,8,1,15893.604178221294,13.835119047619047
22,29,3,2,7,1,8,1,15893.604178221294,13.835119047619047
22,30,3,2,7,1,8,1,15893.604178221294,13.835119047619047
22,31,3,9,9,1,8,1,15889.395787132858,13.751190476190477
22,32,3,2,7,1,8,1,15893.604178221294,13.835119047619047
22,33,3,2,7,1,8,1,15893.604178221294,13.835119047619047
22,34,3,2,7,1,8,1,15893.604178221294,13.835119047619047
22,35,3,2,7,1,8,1,15893.604178221294,13.835119047619047
22,36,3,2,7,1,8,1,15893.604178221294,13.835119047619047
22,37,3,9,9,1,8,1,15889.395787132858,13.751190476190477
22,38,3,2,5,7,4,1,15893.604178221294,13.835119047619047
22,39,3,2,7,1,8,1,15893.604178221294,13.835119047619047
22,40,3,2,7,1,8,1,15893.604178221294,13.835119047619047
22,41,3,2,7,1,8,1,15893.604178221294,13.835119047619047
22,42,3,2,7,1,8,1,15893.604178221294,13.835119047619047
22,43,3,2,7,1,8,1,15893.604178221294,13.835119047619047
22,44,3,2,7,1,8,1,15893.604178221294,13.835119047619047
22,45,3,2,7,1,8,1,15893.604178221294,13.835119047619047
22,46,3,2,7,1,8,1,15893.604178221294,13.835119047619047
22,47,3,2,7,1,8,1,15893.604178221294,13.835119047619047
22,48,3,2,7,1,8,1,15893.604178221294,13.835119047619047
22,49,3,2,7,1,8,1,15893.604178221294,13.835119047619047
23,0,3,2,7,1,8,1,15893.604178221294,13.835119047619047
23,1,3,9,9,1,8,1,15889.395787132858,13.751190476190477
23,2,3,9,9,1,8,1,15889.395787132858,13.751190476190477
23,3,3,2,7,1,8,1,15893.604178221294,13.835119047619047
23,4,3,8,4,7,4,1,15893.021159988455,13.808928571428572
23,5,3,8,4,7,4,1,15893.021159988455,13.808928571428572
23,6,3,9,9,1,8,1,15889.395787132858,13.751190476190477
23,7,3,2,7,1,8,1,15893.604178221294,13.835119047619047
23,8,3,2,5,7,4,1,15893.604178221294,13.835119047619047
23,9,3,2,7,1,8,1,15893.604178221294,13.835119047619047
23,10,3,8,5,1,4,1,15893.604178221294,13.835119047619047
23,11,3,2,7,1,8,1,15893.604178221294,13.835119047619047
23,12,3,9,9,1,8,1,15889.395787132858,13.751190476190477
23,13,3,2,7,1,8,1,15893.604178221294,13.835119047619047
23,14,3,9,9,1,8,1,15889.395787132858,13.751190476190477
23,15,3,9,9,1,8,1,15889.395787132858,13.751190476190477
23,16,3,2,7,1,8,1,15893.604178221294,13.835119047619047
23,17,3,2,7,1,8,1,15893.604178221294,13.835119047619047
23,18,3,2,7,1,8,1,15893.604178221294,13.835119047619047
23,19,3,2,7,1,8,1,15893.604178221294,13.835119047619047
23,20,3,2,7,1,8,1,15893.604178221294,13.835119047619047
23,21,3,2,7,1,8,1,15893.604178221294,13.835119047619047
23,22,3,2,7,1,8,1,15893.604178221294,13.835119047619047
23,23,3,9,9,1,8,1,15889.395787132858,13.751190476190477
23,24,3,2,7,1,8,1,15893.604178221294,13.835119047619047
23,25,3,8,4,7,4,1,15893.021159988455,13.808928571428572
23,26,3,2,7,1,8,1,15893.604178221294,13.835119047619047
23,27,3,2,5,7,4,1,15893.604178221294,13.835119047619047
23,28,3,2,5,7,4,1,15893.604178221294,13.835119047619047
23,29,3,2,7,1,8,1,15893.604178221294,13.835119047619047
23,30,3,8,5,1,4,1,15893.604178221294,13.835119047619047
23,31,3,2,7,1,8,1,15893.604178221294,13.835119047619047
23,32,3,2,7,1,8,1,15893.604178221294,13.835119047619047
23,33,3,2,7,1,8,1,15893.604178221294,13.835119047619047
23,34,3,2,7,1,8,1,15893.604178221294,13.835119047619047
23,35,3,2,7,1,8,1,15893.604178221294,13.835119047619047
23,36,3,9,9,1,8,1,15889.395787132858,13.751190476190477
23,37,3,2,7,1,8,1,15893.604178221294,13.835119047619047
23,38,3,2,7,1,8,1,15893.604178221294,13.835119047619047
23,39,3,2,7,1,8,1,15893.604178221294,13.835119047619047
23,40,3,2,7,1,8,1,15893.604178221294,13.835119047619047
23,41,3,2,7,1,8,1,15893.604178221294,13.835119047619047
23,42,3,2,7,1,8,1,15893.604178221294,13.835119047619047
23,43,3,2,7,1,8,1,15893.604178221294,13.835119047619047
23,44,3,2,7,1,8,1,15893.604178221294,13.835119047619047
23,45,3,8,4,7,4,1,15893.021159988455,13.808928571428572
23,46,3,2,7,1,8,1,15893.604178221294,13.835119047619047
23,47,3,2,7,1,8,1,15893.604178221294,13.835119047619047
23,48,3,2,7,1,8,1,15893.604178221294,13.835119047619047
23,49,3,2,7,1,8,1,15893.604178221294,13.835119047619047
24,0,3,2,7,1,8,1,15893.604178221294,13.835119047619047
24,1,3,2,7,1,8,1,15893.604178221294,13.835119047619047
24,2,3,9,9,1,8,1,15889.395787132858,13.751190476190477
24,3,3,9,9,1,8,1,15889.395787132858,13.751190476190477
24,4,3,8,4,7,4,1,15893.021159988455,13.808928571428572
24,5,3,8,4,7,4,1,15893.021159988455,13.808928571428572
24,6,3,2,7,1,8,1,15893.604178221294,13.835119047619047
24,7,3,2,7,1,8,1,15893.604178221294,13.835119047619047
24,8,3,2,7,1,8,1,15893.604178221294,13.835119047619047
24,9,3,2,7,1,8,1,15893.604178221294,13.835119047619047
24,10,3,2,7,1,8,1,15893.604178221294,13.835119047619047
24,11,3,2,7,1,8,1,15893.604178221294,13.835119047619047
24,12,3,2,7,1,8,1,15893.604178221294,13.835119047619047
24,13,3,2,7,1,8,1,15893.604178221294,13.835119047619047
24,14,3,9,9,1,8,1,15889.395787132858,13.751190476190477
24,15,3,9,9,1,8,1,15889.395787132858,13.751190476190477
24,16,3,2,5,7,4,1,15893.604178221294,13.835119047619047
24,17,3,8,4,7,4,1,15893.021159988455,13.808928571428572
24,18,3,2,7,1,8,1,15893.604178221294,13.835119047619047
24,19,3,8,5,1,4,1,15893.604178221294,13.835119047619047
24,20,3,2,5,7,4,1,15893.604178221294,13.835119047619047
24,21,3,2,7,1,8,1,15893.604178221294,13.835119047619047
24,22,3,9,9,1,8,1,15889.395787132858,13.751190476190477
24,23,3,2,7,1,8,1,15893.604178221294,13.835119047619047
24,24,3,2,7,1,8,1,15893.604178221294,13.835119047619047
24,25,3,2,7,1,8,1,15893.604178221294,13.835119047619047
24,26,3,9,9,1,8,1,15889.395787132858,13.751190476190477
24,27,3,2,7,1,8,1,15893.604178221294,13.835119047619047
24,28,3,2,7,1,8,1,15893.604178221294,13.835119047619047
24,29,3,2,7,1,8,1,15893.604178221294,13.835119047619047
24,30,3,2,7,1,8,1,15893.604178221294,13.835119047619047
24,31,3,2,7,1,8,1,15893.604178221294,13.835119047619047
24,32,3,2,7,1,8,1,15893.604178221294,13.835119047619047
24,33,3,2,7,1,8,1,15893.604178221294,13.835119047619047
24,34,3,9,9,1,8,1,15889.395787132858,13.751190476190477
24,35,3,9,9,1,8,1,15889.395787132858,13.751190476190477
24,36,3,2,7,1,8,1,15893.604178221294,13.835119047619047
24,37,3,9,9,1,8,1,15889.395787132858,13.751190476190477
24,38,3,8,4,7,4,1,15893.021159988455,13.808928571428572
24,39,3,2,7,1,8,1,15893.604178221294,13.835119047619047
24,40,3,2,7,1,8,1,15893.604178221294,13.835119047619047
24,41,3,8,4,7,4,1,15893.021159988455,13.808928571428572
24,42,3,9,9,1,8,1,15889.395787132858,13.751190476190477
24,43,3,8,5,1,4,1,15893.604178221294,13.835119047619047
24,44,3,9,9,1,8,1,15889.395787132858,13.751190476190477
24,45,3,2,7,1,8,1,15893.604178221294,13.835119047619047
24,46,3,2,7,1,8,1,15893.604178221294,13.835119047619047
24,47,3,2,7,1,8,1,15893.604178221294,13.835119047619047
24,48,3,8,4,7,4,1,15893.021159988455,13.808928571428572
24,49,3,2,7,1,8,1,15893.604178221294,13.835119047619047
25,0,3,2,7,1,8,1,15893.604178221294,13.835119047619047
25,1,3,9,9,1,8,1,15889.395787132858,13.751190476190477
25,2,3,9,9,1,8,1,15889.395787132858,13.751190476190477
25,3,3,2,7,1,8,1,15893.604178221294,13.835119047619047
25,4,3,8,4,7,4,1,15893.021159988455,13.808928571428572
25,5,3,8,4,7,4,1,15893.021159988455,13.808928571428572
25,6,3,8,4,7,4,1,15893.021159988455,13.808928571428572
25,7,3,2,7,1,8,1,15893.604178221294,13.835119047619047
25,8,3,2,7,1,8,1,15893.604178221294,13.835119047619047
25,9,3,2,7,1,8,1,15893.604178221294,13.835119047619047
25,10,3,9,9,1,8,1,15889.395787132858,13.751190476190477
25,11,3,2,7,1,8,1,15893.604178221294,13.835119047619047
25,12,3,8,5,1,4,1,15893.604178221294,13.835119047619047
25,13,3,8,4,7,4,1,15893.021159988455,13.808928571428572
25,14,3,2,7,1,8,1,15893.604178221294,13.835119047619047
25,15,3,8,4,7,4,1,15893.021159988455,13.808928571428572
25,16,3,2,7,1,8,1,15893.604178221294,13.835119047619047
25,17,3,9,9,1,8,1,15889.395787132858,13.751190476190477
25,18,3,9,9,1,8,1,15889.395787132858,13.751190476190477
25,19,3,2,7,1,8,1,15893.604178221294,13.835119047619047
25,20,3,9,9,1,8,1,15889.395787132858,13.751190476190477
25,21,3,2,7,1,8,1,15893.604178221294,13.835119047619047
25,22,3,9,9,1,8,1,15889.395787132858,13.751190476190477
25,23,3,8,4,7,4,1,15893.021159988455,13.808928571428572
25,24,3,2,7,1,8,1,15893.604178221294,13.835119047619047
25,25,3,2,7,1,8,1,15893.604178221294,13.835119047619047
25,26,3,2,7,1,8,1,15893.604178221294,13.835119047619047
25,27,3,2,7,1,8,1,15893.604178221294,13.835119047619047
25,28,3,8,5,1,4,1,15893.604178221294,13.835119047619047
25,29,3,2,7,1,8,1,15893.604178221294,13.835119047619047
25,30,3,2,7,1,8,1,15893.604178221294,13.835119047619047
25,31,3,2,7,1,8,1,15893.604178221294,13.835119047619047
25,32,3,2,7,1,8,1,15893.604178221294,13.835119047619047
25,33,3,2,7,1,8,1,15893.604178221294,13.835119047619047
25,34,3,9,9,1,8,1,15889.395787132858,13.751190476190477
25,35,3,2,7,1,8,1,15893.604178221294,13.835119047619047
25,36,3,8,5,1,4,1,15893.604178221294,13.835119047619047
25,37,3,2,7,1,8,1,15893.604178221294,13.835119047619047
25,38,3,2,5,7,4,1,15893.604178221294,13.835119047619047
25,39,3,2,7,1,8,1,15893.604178221294,13.835119047619047
25,40,3,9,9,1,8,1,15889.395787132858,13.751190476190477
25,41,3,2,7,1,8,1,15893.604178221294,13.835119047619047
25,42,3,2,7,1,8,1,15893.604178221294,13.835119047619047
25,43,3,8,4,7,4,1,15893.021159988455,13.808928571428572
25,44,3,2,7,1,8,1,15893.604178221294,13.835119047619047
25,45,3,8,4,7,4,1,15893.021159988455,13.808928571428572
25,46,3,2,7,1,8,1,15893.604178221294,13.835119047619047
25,47,3,2,7,1,8,1,15893.604178221294,13.835119047619047
25,48,3,2,7,1,8,1,15893.604178221294,13.835119047619047
25,49,3,2,7,1,8,1,15893.604178221294,13.835119047619047
26,0,3,9,9,1,8,1,15889.395787132858,13.751190476190477
26,1,3,2,7,1,8,1,15893.604178221294,13.835119047619047
26,2,3,9,9,1,8,1,15889.395787132858,13.751190476190477
26,3,3,2,7,1,8,1,15893.604178221294,13.835119047619047
26,4,3,8,4,7,4,1,15893.021159988455,13.808928571428572
26,5,3,8,4,7,4,1,15893.021159988455,13.808928571428572
26,6,3,2,7,1,8,1,15893.604178221294,13.835119047619047
26,7,3,2,7,1,8,1,15893.604178221294,13.835119047619047
26,8,3,8,4,7,4,1,15893.021159988455,13.808928571428572
26,9,3,8,5,1,4,1,15893.604178221294,13.835119047619047
26,10,3,2,7,1,8,1,15893.604178221294,13.835119047619047
26,11,3,2,7,1,8,1,15893.604178221294,13.835119047619047
26,12,3,8,4,7,4,1,15893.021159988455,13.808928571428572
26,13,3,8,4,7,4,1,15893.021159988455,13.808928571428572
26,14,3,8,5,1,4,1,15893.604178221294,13.835119047619047
26,15,3,2,7,1,8,1,15893.604178221294,13.835119047619047
26,16,3,2,7,1,8,1,15893.604178221294,13.835119047619047
26,17,3,2,7,1,8,1,15893.604178221294,13.835119047619047
26,18,3,2,7,1,8,1,15893.604178221294,13.835119047619047
26,19,3,2,7,1,8,1,15893.604178221294,13.835119047619047
26,20,3,2,7,1,8,1,15893.604178221294,13.835119047619047
26,21,3,2,7,1,8,1,15893.604178221294,13.835119047619047
26,22,3,2,7,1,8,1,15893.604178221294,13.835119047619047
26,23,3,2,7,1,8,1,15893.604178221294,13.835119047619047
26,24,3,8,5,1,4,1,15893.604178221294,13.835119047619047
26,25,3,9,9,1,8,1,15889.395787132858,13.751190476190477
26,26,3,2,7,1,8,1,15893.604178221294,13.835119047619047
26,27,3,8,5,1,4,1,15893.604178221294,13.835119047619047
26,28,3,9,9,1,8,1,15889.395787132858,13.751190476190477
26,29,3,2,7,1,8,1,15893.604178221294,13.835119047619047
26,30,3,2,7,1,8,1,15893.604178221294,13.835119047619047
26,31,3,2,7,1,8,1,15893.604178221294,13.835119047619047
26,32,3,2,7,1,8,1,15893.604178221294,13.835119047619047
26,33,3,2,7,1,8,1,15893.604178221294,13.835119047619047
26,34,3,9,9,1,8,1,15889.395787132858,13.751190476190477
26,35,3,2,5,7,4,1,15893.604178221294,13.835119047619047
26,36,3,8,5,1,4,1,15893.604178221294,13.835119047619047
26,37,3,9,9,1,8,1,15889.395787132858,13.751190476190477
26,38,3,2,7,1,8,1,15893.604178221294,13.835119047619047
26,39,3,2,7,1,8,1,15893.604178221294,13.835119047619047
26,40,3,2,7,1,8,1,15893.604178221294,13.835119047619047
26,41,3,8,4,7,4,1,15893.021159988455,13.808928571428572
26,42,3,2,7,1,8,1,15893.604178221294,13.835119047619047
26,43,3,2,7,1,8,1,15893.604178221294,13.835119047619047
26,44,3,2,7,1,8,1,15893.604178221294,13.835119047619047
26,45,3,9,9,1,8,1,15889.395787132858,13.751190476190477
26,46,3,2,7,1,8,1,15893.604178221294,13.835119047619047
26,47,3,8,4,7,4,1,15893.021159988455,13.808928571428572
26,48,3,2,7,1,8,1,15893.604178221294,13.835119047619047
26,49,3,2,7,1,8,1,15893.604178221294,13.835119047619047
27,0,3,2,7,6,8,1,15882.666298344715,13.894047619047619
27,1,3,2,7,1,8,1,15893.604178221294,13.835119047619047
27,2,3,9,9,1,8,1,15889.395787132858,13.751190476190477
27,3,3,2,7,1,8,1,15893.604178221294,13.835119047619047
27,4,3,9,9,1,8,1,15889.395787132858,13.751190476190477
27,5,3,8,4,7,4,1,15893.021159988455,13.808928571428572
27,6,3,8,4,7,4,1,15893.021159988455,13.808928571428572
27,7,3,2,7,1,8,1,15893.604178221294,13.835119047619047
27,8,3,9,9,1,8,1,15889.395787132858,13.751190476190477
27,9,3,8,4,7,4,1,15893.021159988455,13.808928571428572
27,10,3,2,7,1,8,1,15893.604178221294,13.835119047619047
27,11,3,2,7,1,8,1,15893.604178221294,13.835119047619047
27,12,3,2,7,1,8,1,15893.604178221294,13.835119047619047
27,13,3,8,4,7,4,1,15893.021159988455,13.808928571428572
27,14,3,2,7,1,8,1,15893.604178221294,13.835119047619047
27,15,3,2,7,1,8,1,15893.604178221294,13.835119047619047
27,16,3,2,7,1,8,1,15893.604178221294,13.835119047619047
27,17,3,2,7,1,8,1,15893.604178221294,13.835119047619047
27,18,3,8,5,1,4,1,15893.604178221294,13.835119047619047
27,19,3,8,5,1,4,1,15893.604178221294,13.835119047619047
27,20,3,2,7,1,8,1,15893.604178221294,13.835119047619047
27,21,3,9,9,1,8,1,15889.395787132858,13.751190476190477
27,22,3,2,7,1,8,1,15893.604178221294,13.835119047619047
27,23,3,2,7,1,8,1,15893.604178221294,13.835119047619047
27,24,3,2,7,1,8,1,15893.604178221294,13.835119047619047
27,25,3,2,7,1,8,1,15893.604178221294,13.835119047619047
27,26,3,9,9,1,8,1,15889.395787132858,13.751190476190477
27,27,3,2,7,1,8,1,15893.604178221294,13.835119047619047
27,28,3,2,7,1,8,1,15893.604178221294,13.835119047619047
27,29,3,2,7,1,8,1,15893.604178221294,13.835119047619047
27,30,3,2,7,1,8,1,15893.604178221294,13.835119047619047
27,31,3,9,9,1,8,1,15889.395787132858,13.751190476190477
27,32,3,2,7,1,8,1,15893.604178221294,13.835119047619047
27,33,3,2,7,1,8,1,15893.604178221294,13.835119047619047
27,34,3,9,9,1,8,1,15889.395787132858,13.751190476190477
27,35,3,2,7,1,8,1,15893.604178221294,13.835119047619047
27,36,3,2,7,1,8,1,15893.604178221294,13.835119047619047
27,37,3,2,7,1,8,1,15893.604178221294,13.835119047619047
27,38,3,2,7,1,8,1,15893.604178221294,13.835119047619047
27,39,3,8,4,7,4,1,15893.021159988455,13.808928571428572
27,40,3,2,7,1,8,1,15893.604178221294,13.835119047619047
27,41,3,2,7,1,8,1,15893.604178221294,13.835119047619047
27,42,3,9,9,1,8,1,15889.395787132858,13.751190476190477
27,43,3,8,5,1,4,1,15893.604178221294,13.835119047619047
27,44,3,2,7,1,8,1,15893.604178221294,13.835119047619047
27,45,3,2,7,1,8,1,15893.604178221294,13.835119047619047
27,46,3,8,5,1,4,1,15893.604178221294,13.835119047619047
27,47,3,9,9,1,8,1,15889.395787132858,13.751190476190477
27,48,3,2,7,1,8,1,15893.604178221294,13.835119047619047
27,49,3,2,7,1,8,1,15893.604178221294,13.835119047619047
28,0,3,2,7,6,8,1,15882.666298344715,13.894047619047619
28,1,3,2,7,6,8,1,15882.666298344715,13.894047619047619
28,2,3,9,9,1,8,1,15889.395787132858,13.751190476190477
28,3,3,2,7,1,8,1,15893.604178221294,13.835119047619047
28,4,3,9,9,1,8,1,15889.395787132858,13.751190476190477
28,5,3,2,7,1,8,1,15893.604178221294,13.835119047619047
28,6,3,8,4,7,4,1,15893.021159988455,13.808928571428572
28,7,3,8,4,7,4,1,15893.021159988455,13.808928571428572
28,8,3,8,5,1,4,1,15893.604178221294,13.835119047619047
28,9,3,2,7,1,8,1,15893.604178221294,13.835119047619047
28,10,3,2,7,1,8,1,15893.604178221294,13.835119047619047
28,11,3,2,7,1,8,1,15893.604178221294,13.835119047619047
28,12,3,9,9,1,8,1,15889.395787132858,13.751190476190477
28,13,3,2,7,1,8,1,15893.604178221294,13.835119047619047
28,14,3,2,7,1,8,1,15893.604178221294,13.835119047619047
28,15,3,2,7,1,8,1,15893.604178221294,13.835119047619047
28,16,3,2,7,1,8,1,15893.604178221294,13.835119047619047
28,17,3,2,7,1,8,1,15893.604178221294,13.835119047619047
28,18,3,2,7,1,8,1,15893.604178221294,13.835119047619047
28,19,3,2,7,1,8,1,15893.604178221294,13.835119047619047
28,20,3,2,7,1,8,1,15893.604178221294,13.835119047619047
28,21,3,9,9,1,8,1,15889.395787132858,13.751190476190477
28,22,3,2,7,1,8,1,15893.604178221294,13.835119047619047
28,23,3,9,9,1,8,1,15889.395787132858,13.751190476190477
28,24,3,2,7,1,8,1,15893.604178221294,13.835119047619047
28,25,3,9,9,1,8,1,15889.395787132858,13.751190476190477
28,26,3,8,4,7,4,1,15893.021159988455,13.808928571428572
28,27,3,2,7,1,8,1,15893.604178221294,13.835119047619047
28,28,3,2,7,1,8,1,15893.604178221294,13.835119047619047
28,29,3,2,7,1,8,1,15893.604178221294,13.835119047619047
28,30,3,9,9,1,8,1,15889.395787132858,13.751190476190477
28,31,3,2,7,1,8,1,15893.604178221294,13.835119047619047
28,32,3,2,7,1,8,1,15893.604178221294,13.835119047619047
28,33,3,9,9,1,8,1,15889.395787132858,13.751190476190477
28,34,3,8,5,1,4,1,15893.604178221294,13.835119047619047
28,35,3,2,7,1,8,1,15893.604178221294,13.835119047619047
28,36,3,2,7,1,8,1,15893.604178221294,13.835119047619047
28,37,3,8,5,1,4,1,15893.604178221294,13.835119047619047
28,38,3,2,7,1,8,1,15893.604178221294,13.835119047619047
28,39,3,2,7,1,8,1,15893.604178221294,13.835119047619047
28,40,3,2,7,1,8,1,15893.604178221294,13.835119047619047
28,41,3,9,9,1,8,1,15889.395787132858,13.751190476190477
28,42,3,2,7,1,8,1,15893.604178221294,13.835119047619047
28,43,3,2,7,1,8,1,15893.604178221294,13.835119047619047
28,44,3,2,7,1,8,1,15893.604178221294,13.835119047619047
28,45,3,9,9,1,8,1,15889.395787132858,13.751190476190477
28,46,3,2,7,1,8,1,15893.604178221294,13.835119047619047
28,47,3,9,9,1,8,1,15889.395787132858,13.751190476190477
28,48,3,2,7,1,8,1,15893.604178221294,13.835119047619047
28,49,3,2,7,1,8,1,15893.604178221294,13.835119047619047
29,0,3,2,7,6,8,1,15882.666298344715,13.894047619047619
29,1,3,2,7,6,8,1,15882.666298344715,13.894047619047619
29,2,3,2,7,6,8,1,15882.666298344715,13.894047619047619
29,3,3,2,7,6,8,1,15882.666298344715,13.894047619047619
29,4,3,2,7,6,8,1,15882.666298344715,13.894047619047619
29,5,3,9,9,1,8,1,15889.395787132858,13.751190476190477
29,6,3,9,9,1,8,1,15889.395787132858,13.751190476190477
29,7,3,2,7,1,8,1,15893.604178221294,13.835119047619047
29,8,3,2,7,1,8,1,15893.604178221294,13.835119047619047
29,9,3,8,4,7,4,1,15893.021159988455,13.808928571428572
29,10,3,8,4,7,4,1,15893.021159988455,13.808928571428572
29,11,3,2,7,1,8,1,15893.604178221294,13.835119047619047
29,12,3,8,4,7,4,1,15893.021159988455,13.808928571428572
29,13,3,2,7,1,8,1,15893.604178221294,13.835119047619047
29,14,3,8,5,1,4,1,15893.604178221294,13.835119047619047
29,15,3,9,9,1,8,1,15889.395787132858,13.751190476190477
29,16,3,9,9,1,8,1,15889.395787132858,13.751190476190477
29,17,3,2,7,1,8,1,15893.604178221294,13.835119047619047
29,18,3,2,7,1,8,1,15893.604178221294,13.835119047619047
29,19,3,2,7,1,8,1,15893.604178221294,13.835119047619047
29,20,3,8,4,7,4,1,15893.021159988455,13.808928571428572
29,21,3,2,7,1,8,1,15893.604178221294,13.835119047619047
29,22,3,2,7,1,8,1,15893.604178221294,13.835119047619047
29,23,3,2,7,1,8,1,15893.604178221294,13.835119047619047
29,24,3,9,9,1,8,1,15889.395787132858,13.751190476190477
29,25,3,2,7,1,8,1,15893.604178221294,13.835119047619047
29,26,3,2,7,1,8,1,15893.604178221294,13.835119047619047
29,27,3,2,7,1,8,1,15893.604178221294,13.835119047619047
29,28,3,9,9,1,8,1,15889.395787132858,13.751190476190477
29,29,3,9,9,1,8,1,15889.395787132858,13.751190476190477
29,30,3,2,7,1,8,1,15893.604178221294,13.835119047619047
29,31,3,8,5,1,4,1,15893.604178221294,13.835119047619047
29,32,3,2,7,1,8,1,15893.604178221294,13.835119047619047
29,33,3,2,7,1,8,1,15893.604178221294,13.835119047619047
29,34,3,2,7,1,8,1,15893.604178221294,13.835119047619047
29,35,3,2,7,1,8,1,15893.604178221294,13.835119047619047
29,36,3,2,7,1,8,1,15893.604178221294,13.835119047619047
29,37,3,9,9,1,8,1,15889.395787132858,13.751190476190477
29,38,3,2,7,1,8,1,15893.604178221294,13.835119047619047
29,39,3,8,5,1,4,1,15893.604178221294,13.835119047619047
29,40,3,9,9,1,8,1,15889.395787132858,13.751190476190477
29,41,3,2,7,1,8,1,15893.604178221294,13.835119047619047
29,42,3,2,7,1,8,1,15893.604178221294,13.835119047619047
29,43,3,9,9,1,8,1,15889.395787132858,13.751190476190477
29,44,3,9,9,1,8,1,15889.395787132858,13.751190476190477
29,45,3,2,7,1,8,1,15893.604178221294,13.835119047619047
29,46,3,2,7,1,8,1,15893.604178221294,13.835119047619047
29,47,3,2,7,1,8,1,15893.604178221294,13.835119047619047
29,48,3,2,7,1,8,1,15893.604178221294,13.835119047619047
29,49,3,8,4,6,5,1,15893.021159988455,13.808928571428572
30,0,3,2,7,6,8,1,15882.666298344715,13.894047619047619
30,1,3,2,7,6,8,1,15882.666298344715,13.894047619047619
30,2,3,2,7,6,8,1,15882.666298344715,13.894047619047619
30,3,3,2,7,6,8,1,15882.666298344715,13.894047619047619
30,4,3,2,7,6,8,1,15882.666298344715,13.894047619047619
30,5,3,2,7,6,8,1,15882.666298344715,13.894047619047619
30,6,3,2,7,6,8,1,15882.666298344715,13.894047619047619
30,7,3,2,7,6,8,1,15882.666298344715,13.894047619047619
30,8,3,2,7,6,8,1,15882.666298344715,13.894047619047619
30,9,3,2,7,6,8,1,15882.666298344715,13.894047619047619
30,10,3,2,7,6,8,1,15882.666298344715,13.894047619047619
30,11,3,2,7,1,8,1,15893.604178221294,13.835119047619047
30,12,3,9,9,1,8,1,15889.395787132858,13.751190476190477
30,13,3,9,9,1,8,1,15889.395787132858,13.751190476190477
30,14,3,2,7,1,8,1,15893.604178221294,13.835119047619047
30,15,3,8,4,7,4,1,15893.021159988455,13.808928571428572
30,16,3,8,4,6,5,1,15893.021159988455,13.808928571428572
30,17,3,2,7,1,8,1,15893.604178221294,13.835119047619047
30,18,3,2,7,1,8,1,15893.604178221294,13.835119047619047
30,19,3,8,5,1,4,1,15893.604178221294,13.835119047619047
30,20,3,8,4,7,4,1,15893.021159988455,13.808928571428572
30,21,3,2,7,1,8,1,15893.604178221294,13.835119047619047
30,22,3,2,7,1,8,1,15893.604178221294,13.835119047619047
30,23,3,2,7,1,8,1,15893.604178221294,13.835119047619047
30,24,3,2,7,1,8,1,15893.604178221294,13.835119047619047
30,25,3,9,9,1,8,1,15889.395787132858,13.751190476190477
30,26,3,2,7,1,8,1,15893.604178221294,13.835119047619047
30,27,3,9,9,1,8,1,15889.395787132858,13.751190476190477
30,28,3,8,5,1,4,1,15893.604178221294,13.835119047619047
30,29,3,2,7,1,8,1,15893.604178221294,13.835119047619047
30,30,3,2,7,1,8,1,15893.604178221294,13.835119047619047
30,31,3,2,7,1,8,1,15893.604178221294,13.835119047619047
30,32,3,9,9,1,8,1,15889.395787132858,13.751190476190477
30,33,3,9,9,1,8,1,15889.395787132858,13.751190476190477
30,34,3,2,7,1,8,1,15893.604178221294,13.835119047619047
30,35,3,9,9,1,8,1,15889.395787132858,13.751190476190477
30,36,3,2,7,1,8,1,15893.604178221294,13.835119047619047
30,37,3,9,9,1,8,1,15889.395787132858,13.751190476190477
30,38,3,9,9,1,8,1,15889.395787132858,13.751190476190477
30,39,3,8,5,1,4,1,15893.604178221294,13.835119047619047
30,40,3,2,7,1,8,1,15893.604178221294,13.835119047619047
30,41,3,2,7,1,8,1,15893.604178221294,13.835119047619047
30,42,3,9,9,1,8,1,15889.395787132858,13.751190476190477
30,43,3,9,9,1,8,1,15889.395787132858,13.751190476190477
30,44,3,8,5,1,4,1,15893.604178221294,13.835119047619047
30,45,3,2,7,1,8,1,15893.604178221294,13.835119047619047
30,46,3,2,7,1,8,1,15893.604178221294,13.835119047619047
30,47,3,2,7,1,8,1,15893.604178221294,13.835119047619047
30,48,3,2,7,1,8,1,15893.604178221294,13.835119047619047
30,49,3,2,7,1,8,1,15893.604178221294,13.835119047619047
31,0,3,2,7,6,8,1,15882.666298344715,13.894047619047619
31,1,3,2,7,6,8,1,15882.666298344715,13.894047619047619
31,2,3,2,7,6,8,1,15882.666298344715,13.894047619047619
31,3,3,2,7,6,8,1,15882.666298344715,13.894047619047619
31,4,3,2,7,6,8,1,15882.666298344715,13.894047619047619
31,5,3,2,7,6,8,1,15882.666298344715,13.894047619047619
31,6,3,2,7,6,8,1,15882.666298344715,13.894047619047619
31,7,3,2,7,6,8,1,15882.666298344715,13.894047619047619
31,8,3,2,7,6,8,1,15882.666298344715,13.894047619047619
31,9,3,2,7,6,8,1,15882.666298344715,13.894047619047619
31,10,3,2,7,6,8,1,15882.666298344715,13.894047619047619
31,11,3,2,7,6,8,1,15882.666298344715,13.894047619047619
31,12,3,2,7,6,8,1,15882.666298344715,13.894047619047619
31,13,3,2,7,6,8,1,15882.666298344715,13.894047619047619
31,14,3,2,7,6,8,1,15882.666298344715,13.894047619047619
31,15,3,2,7,6,8,1,15882.666298344715,13.894047619047619
31,16,3,2,7,6,8,1,15882.666298344715,13.894047619047619
31,17,3,2,7,6,8,1,15882.666298344715,13.894047619047619
31,18,3,2,7,6,8,1,15882.666298344715,13.894047619047619
31,19,3,2,7,6,8,1,15882.666298344715,13.894047619047619
31,20,3,2,7,6,8,1,15882.666298344715,13.894047619047619
31,21,3,2,7,7,7,1,15882.666298344715,13.894047619047619
31,22,3,2,7,6,8,1,15882.666298344715,13.894047619047619
31,23,3,2,7,6,8,1,15882.666298344715,13.894047619047619
31,24,3,2,7,6,8,1,15882.666298344715,13.894047619047619
31,25,3,2,7,1,8,1,15893.604178221294,13.835119047619047
31,26,3,2,7,1,8,1,15893.604178221294,13.835119047619047
31,27,3,9,9,1,8,1,15889.395787132858,13.751190476190477
31,28,3,9,9,1,8,1,15889.395787132858,13.751190476190477
31,29,3,8,4,7,4,1,15893.021159988455,13.808928571428572
31,30,3,8,4,7,4,1,15893.021159988455,13.808928571428572
31,31,3,8,5,1,4,1,15893.604178221294,13.835119047619047
31,32,3,2,7,1,8,1,15893.604178221294,13.835119047619047
31,33,3,2,7,1,8,1,15893.604178221294,13.835119047619047
31,34,3,2,7,1,8,1,15893.604178221294,13.835119047619047
31,35,3,2,7,1,8,1,15893.604178221294,13.835119047619047
31,36,3,9,9,1,8,1,15889.395787132858,13.751190476190477
31,37,3,2,7,1,8,1,15893.604178221294,13.835119047619047
31,38,3,9,9,1,8,1,15889.395787132858,13.751190476190477
31,39,3,2,7,1,8,1,15893.604178221294,13.835119047619047
31,40,3,2,7,1,8,1,15893.604178221294,13.835119047619047
31,41,3,2,7,1,8,1,15893.604178221294,13.835119047619047
31,42,3,8,4,6,5,1,15893.021159988455,13.808928571428572
31,43,3,2,7,1,8,1,15893.604178221294,13.835119047619047
31,44,3,9,9,1,8,1,15889.395787132858,13.751190476190477
31,45,3,2,7,1,8,1,15893.604178221294,13.835119047619047
31,46,3,2,7,1,8,1,15893.604178221294,13.835119047619047
31,47,3,2,7,1,8,1,15893.604178221294,13.835119047619047
31,48,3,2,7,1,8,1,15893.604178221294,13.835119047619047
31,49,3,2,7,1,8,1,15893.604178221294,13.835119047619047
32,0,3,2,7,6,8,1,15882.666298344715,13.894047619047619
32,1,3,2,7,6,8,1,15882.666298344715,13.894047619047619
32,2,3,2,7,6,8,1,15882.666298344715,13.894047619047619
32,3,3,2,7,6,8,1,15882.666298344715,13.894047619047619
32,4,3,2,7,6,8,1,15882.666298344715,13.894047619047619
32,5,3,2,7,6,8,1,15882.666298344715,13.894047619047619
32,6,3,2,7,6,8,1,15882.666298344715,13.894047619047619
32,7,3,2,7,6,8,1,15882.666298344715,13.894047619047619
32,8,3,2,7,6,8,1,15882.666298344715,13.894047619047619
32,9,3,2,7,6,8,1,15882.666298344715,13.894047619047619
32,10,3,2,7,6,8,1,15882.666298344715,13.894047619047619
32,11,3,2,7,6,8,1,15882.666298344715,13.894047619047619
32,12,3,2,7,6,8,1,15882.666298344715,13.894047619047619
32,13,3,2,7,6,8,1,15882.666298344715,13.894047619047619
32,14,3,2,7,6,8,1,15882.666298344715,13.894047619047619
32,15,3,2,7,7,7,1,15882.666298344715,13.894047619047619
32,16,3,2,7,6,8,1,15882.666298344715,13.894047619047619
32,17,3,2,7,6,8,1,15882.666298344715,13.894047619047619
32,18,3,2,7,6,8,1,15882.666298344715,13.894047619047619
32,19,3,2,7,6,8,1,15882.666298344715,13.894047619047619
32,20,3,2,7,6,8,1,15882.666298344715,13.894047619047619
32,21,3,2,7,6,8,1,15882.666298344715,13.894047619047619
32,22,3,2,7,6,8,1,15882.666298344715,13.894047619047619
32,23,3,2,7,6,8,1,15882.666298344715,13.894047619047619
32,24,3,2,7,6,8,1,15882.666298344715,13.894047619047619
32,25,3,2,7,6,8,1,15882.666298344715,13.894047619047619
32,26,3,2,7,6,8,1,15882.666298344715,13.894047619047619
32,27,3,2,7,6,8,1,15882.666298344715,13.894047619047619
32,28,3,2,7,6,8,1,15882.666298344715,13.894047619047619
32,29,3,2,7,6,8,1,15882.666298344715,13.894047619047619
32,30,3,2,7,6,8,1,15882.666298344715,13.894047619047619
32,31,3,2,7,6,8,1,15882.666298344715,13.894047619047619
32,32,3,2,7,6,8,1,15882.666298344715,13.894047619047619
32,33,3,2,7,6,8,1,15882.666298344715,13.894047619047619
32,34,3,2,7,6,8,1,15882.666298344715,13.894047619047619
32,35,3,2,7,6,8,1,15882.666298344715,13.894047619047619
32,36,3,2,7,6,8,1,15882.666298344715,13.894047619047619
32,37,3,2,7,6,8,1,15882.666298344715,13.894047619047619
32,38,3,2,7,6,8,1,15882.666298344715,13.894047619047619
32,39,3,2,7,6,8,1,15882.666298344715,13.894047619047619
32,40,3,2,7,6,8,1,15882.666298344715,13.894047619047619
32,41,3,2,7,6,8,1,15882.666298344715,13.894047619047619
32,42,3,2,7,6,8,1,15882.666298344715,13.894047619047619
32,43,3,2,7,6,8,1,15882.666298344715,13.894047619047619
32,44,3,2,7,6,8,1,15882.666298344715,13.894047619047619
32,45,3,2,7,7,7,1,15882.666298344715,13.894047619047619
32,46,3,2,7,6,8,1,15882.666298344715,13.894047619047619
32,47,3,2,7,6,8,1,15882.666298344715,13.894047619047619
32,48,3,2,7,6,8,1,15882.666298344715,13.894047619047619
32,49,3,2,7,6,8,1,15882.666298344715,13.894047619047619
33,0,3,2,7,6,8,1,15882.666298344715,13.894047619047619
33,1,3,2,7,6,8,1,15882.666298344715,13.894047619047619
33,2,3,2,7,6,8,1,15882.666298344715,13.894047619047619
33,3,3,2,7,6,8,1,15882.666298344715,13.894047619047619
33,4,3,2,7,6,8,1,15882.666298344715,13.894047619047619
33,5,3,2,7,6,8,1,15882.666298344715,13.894047619047619
33,6,3,2,7,6,8,1,15882.666298344715,13.894047619047619
33,7,3,2,7,6,8,1,15882.666298344715,13.894047619047619
33,8,3,2,7,6,8,1,15882.666298344715,13.894047619047619
33,9,3,2,7,6,8,1,15882.666298344715,13.894047619047619
33,10,3,2,7,6,8,1,15882.666298344715,13.894047619047619
33,11,3,2,7,6,8,1,15882.666298344715,13.894047619047619
33,12,3,2,7,6,8,1,15882.666298344715,13.894047619047619
33,13,3,2,7,6,8,1,15882.666298344715,13.894047619047619
33,14,3,2,7,6,8,1,15882.666298344715,13.894047619047619
33,15,3,2,7,6,8,1,15882.666298344715,13.894047619047619
33,16,3,2,7,6,8,1,15882.666298344715,13.894047619047619
33,17,3,2,7,7,7,1,15882.666298344715,13.894047619047619
33,18,3,2,7,6,8,1,15882.666298344715,13.894047619047619
33,19,3,2,7,6,8,1,15882.666298344715,13.894047619047619
33,20,3,2,7,6,8,1,15882.666298344715,13.894047619047619
33,21,3,2,7,6,8,1,15882.666298344715,13.894047619047619
33,22,3,2,7,6,8,1,15882.666298344715,13.894047619047619
33,23,3,2,7,6,8,1,15882.666298344715,13.894047619047619
33,24,3,2,7,6,8,1,15882.666298344715,13.894047619047619
33,25,3,2,7,6,8,1,15882.666298344715,13.894047619047619
33,26,3,2,7,6,8,1,15882.666298344715,13.894047619047619
33,27,3,2,7,6,8,1,15882.666298344715,13.894047619047619
33,28,3,2,7,6,8,1,15882.666298344715,13.894047619047619
33,29,3,2,7,6,8,1,15882.666298344715,13.894047619047619
33,30,3,2,7,7,7,1,15882.666298344715,13.894047619047619
33,31,3,2,7,6,8,1,15882.666298344715,13.894047619047619
33,32,3,2,7,6,8,1,15882.666298344715,13.894047619047619
33,33,3,2,7,6,8,1,15882.666298344715,13.894047619047619
33,34,3,2,7,6,8,1,15882.666298344715,13.894047619047619
33,35,3,2,7,6,8,1,15882.666298344715,13.894047619047619
33,36,3,2,7,6,8,1,15882.666298344715,13.894047619047619
33,37,3,2,7,6,8,1,15882.666298344715,13.894047619047619
33,38,3,2,7,6,8,1,15882.666298344715,13.894047619047619
33,39,3,2,7,6,8,1,15882.666298344715,13.894047619047619
33,40,3,2,7,6,8,1,15882.666298344715,13.894047619047619
33,41,3,2,7,6,8,1,15882.666298344715,13.894047619047619
33,42,3,2,7,6,8,1,15882.666298344715,13.894047619047619
33,43,3,2,7,6,8,1,15882.666298344715,13.894047619047619
33,44,3,2,7,6,8,1,15882.666298344715,13.894047619047619
33,45,3,2,7,6,8,1,15882.666298344715,13.894047619047619
33,46,3,2,7,6,8,1,15882.666298344715,13.894047619047619
33,47,3,2,7,6,8,1,15882.666298344715,13.894047619047619
33,48,3,2,7,6,8,1,15882.666298344715,13.894047619047619
33,49,3,2,7,6,8,1,15882.666298344715,13.894047619047619
34,0,3,2,7,6,8,1,15882.666298344715,13.894047619047619
34,1,3,2,7,6,8,1,15882.666298344715,13.894047619047619
34,2,3,2,7,6,8,1,15882.666298344715,13.894047619047619
34,3,3,2,7,6,8,1,15882.666298344715,13.894047619047619
34,4,3,2,7,6,8,1,15882.666298344715,13.894047619047619
34,5,3,2,7,7,7,1,15882.666298344715,13.894047619047619
34,6,3,2,7,6,8,1,15882.666298344715,13.894047619047619
34,7,3,2,7,6,8,1,15882.666298344715,13.894047619047619
34,8,3,2,7,6,8,1,15882.666298344715,13.894047619047619
34,9,3,2,7,6,8,1,15882.666298344715,13.894047619047619
34,10,3,2,7,6,8,1,15882.666298344715,13.894047619047619
34,11,3,2,7,6,8,1,15882.666298344715,13.894047619047619
34,12,3,2,7,6,8,1,15882.666298344715,13.894047619047619
34,13,3,2,7,6,8,1,15882.666298344715,13.894047619047619
34,14,3,2,7,6,8,1,15882.666298344715,13.894047619047619
34,15,3,2,7,6,8,1,15882.666298344715,13.894047619047619
34,16,3,2,7,6,8,1,15882.666298344715,13.894047619047619
34,17,3,2,7,6,8,1,15882.666298344715,13.894047619047619
34,18,3,2,7,6,8,1,15882.666298344715,13.894047619047619
34,19,3,2,7,6,8,1,15882.666298344715,13.894047619047619
34,20,3,2,7,6,8,1,15882.666298344715,13.894047619047619
34,21,3,2,7,6,8,1,15882.666298344715,13.894047619047619
34,22,3,2,7,6,8,1,15882.666298344715,13.894047619047619
34,23,3,2,7,6,8,1,15882.666298344715,13.894047619047619
34,24,3,2,7,6,8,1,15882.666298344715,13.894047619047619
34,25,3,2,7,7,7,1,15882.666298344715,13.894047619047619
34,26,3,2,7,6,8,1,15882.666298344715,13.894047619047619
34,27,3,2,7,6,8,1,15882.666298344715,13.894047619047619
34,28,3,2,7,6,8,1,15882.666298344715,13.894047619047619
34,29,3,2,7,6,8,1,15882.666298344715,13.894047619047619
34,30,3,2,7,6,8,1,15882.666298344715,13.894047619047619
34,31,3,2,7,6,8,1,15882.666298344715,13.894047619047619
34,32,3,2,7,6,8,1,15882.666298344715,13.894047619047619
34,33,3,2,7,6,8,1,15882.666298344715,13.894047619047619
34,34,3,2,7,6,8,1,15882.666298344715,13.894047619047619
34,35,3,2,7,6,8,1,15882.666298344715,13.894047619047619
34,36,3,2,7,6,8,1,15882.666298344715,13.894047619047619
34,37,3,2,7,6,8,1,15882.666298344715,13.894047619047619
34,38,3,2,7,6,8,1,15882.666298344715,13.894047619047619
34,39,3,2,7,6,8,1,15882.666298344715,13.894047619047619
34,40,3,2,7,6,8,1,15882.666298344715,13.894047619047619
34,41,3,2,7,6,8,1,15882.666298344715,13.894047619047619
34,42,3,2,7,6,8,1,15882.666298344715,13.894047619047619
34,43,3,2,7,6,8,1,15882.666298344715,13.894047619047619
34,44,3,2,7,6,8,1,15882.666298344715,13.894047619047619
34,45,3,2,7,6,8,1,15882.666298344715,13.894047619047619
34,46,3,2,7,6,8,1,15882.666298344715,13.894047619047619
34,47,3,2,7,6,8,1,15882.666298344715,13.894047619047619
34,48,3,2,7,6,8,1,15882.666298344715,13.894047619047619
34,49,3,2,7,6,8,1,15882.666298344715,13.894047619047619
35,0,3,2,7,6,8,1,15882.666298344715,13.894047619047619
35,1,3,2,7,6,8,1,15882.666298344715,13.894047619047619
35,2,3,2,7,6,8,1,15882.666298344715,13.894047619047619
35,3,3,2,7,6,8,1,15882.666298344715,13.894047619047619
35,4,3,2,7,6,8,1,15882.666298344715,13.894047619047619
35,5,3,2,7,6,8,1,15882.666298344715,13.894047619047619
35,6,3,2,7,6,8,1,15882.666298344715,13.894047619047619
35,7,3,2,7,6,8,1,15882.666298344715,13.894047619047619
35,8,3,2,7,6,8,1,15882.666298344715,13.894047619047619
35,9,3,2,7,6,8,1,15882.666298344715,13.894047619047619
35,10,3,2,7,6,8,1,15882.666298344715,13.894047619047619
35,11,3,2,7,6,8,1,15882.666298344715,13.894047619047619
35,12,3,2,7,6,8,1,15882.666298344715,13.894047619047619
35,13,3,2,7,6,8,1,15882.666298344715,13.894047619047619
35,14,3,2,7,6,8,1,15882.666298344715,13.894047619047619
35,15,3,2,7,6,8,1,15882.666298344715,13.894047619047619
35,16,3,2,7,6,8,1,15882.666298344715,13.894047619047619
35,17,3,2,7,6,8,1,15882.666298344715,13.894047619047619
35,18,3,2,7,6,8,1,15882.666298344715,13.894047619047619
35,19,3,2,7,7,7,1,15882.666298344715,13.894047619047619
35,20,3,2,7,6,8,1,15882.666298344715,13.894047619047619
35,21,3,2,7,6,8,1,15882.666298344715,13.894047619047619
35,22,3,2,7,6,8,1,15882.666298344715,13.894047619047619
35,23,3,2,7,7,7,1,15882.666298344715,13.894047619047619
35,24,3,2,7,6,8,1,15882.666298344715,13.894047619047619
35,25,3,2,7,6,8,1,15882.666298344715,13.894047619047619
35,26,3,2,7,6,8,1,15882.666298344715,13.894047619047619
35,27,3,2,7,7,7,1,15882.666298344715,13.894047619047619
35,28,3,2,7,6,8,1,15882.666298344715,13.894047619047619
35,29,3,2,7,6,8,1,15882.666298344715,13.894047619047619
35,30,3,2,7,6,8,1,15882.666298344715,13.894047619047619
35,31,3,2,7,6,8,1,15882.666298344715,13.894047619047619
35,32,3,2,7,6,8,1,15882.666298344715,13.894047619047619
35,33,3,2,7,6,8,1,15882.666298344715,13.894047619047619
35,34,3,2,7,6,8,1,15882.666298344715,13.894047619047619
35,35,3,2,7,6,8,1,15882.666298344715,13.894047619047619
35,36,3,2,7,6,8,1,15882.666298344715,13.894047619047619
35,37,3,2,7,6,8,1,15882.666298344715,13.894047619047619
35,38,3,2,7,6,8,1,15882.666298344715,13.894047619047619
35,39,3,2,7,6,8,1,15882.666298344715,13.894047619047619
35,40,3,2,7,6,8,1,15882.666298344715,13.894047619047619
35,41,3,2,7,6,8,1,15882.666298344715,13.894047619047619
35,42,3,2,7,6,8,1,15882.666298344715,13.894047619047619
35,43,3,2,7,6,8,1,15882.666298344715,13.894047619047619
35,44,3,2,7,6,8,1,15882.666298344715,13.894047619047619
35,45,3,2,7,6,8,1,15882.666298344715,13.894047619047619
35,46,3,2,7,6,8,1,15882.666298344715,13.894047619047619
35,47,3,2,7,6,8,1,15882.666298344715,13.894047619047619
35,48,3,2,7,6,8,1,15882.666298344715,13.894047619047619
35,49,3,2,7,6,8,1,15882.666298344715,13.894047619047619
36,0,3,2,7,6,8,1,15882.666298344715,13.894047619047619
36,1,3,2,7,6,8,1,15882.666298344715,13.894047619047619
36,2,3,2,7,6,8,1,15882.666298344715,13.894047619047619
36,3,3,2,7,6,8,1,15882.666298344715,13.894047619047619
36,4,3,2,7,6,8,1,15882.666298344715,13.894047619047619
36,5,3,2,7,6,8,1,15882.666298344715,13.894047619047619
36,6,3,2,7,6,8,1,15882.666298344715,13.894047619047619
36,7,3,2,7,6,8,1,15882.666298344715,13.894047619047619
36,8,3,2,7,6,8,1,15882.666298344715,13.894047619047619
36,9,3,2,7,6,8,1,15882.666298344715,13.894047619047619
36,10,3,2,7,7,7,1,15882.666298344715,13.894047619047619
36,11,3,2,7,6,8,1,15882.666298344715,13.894047619047619
36,12,3,2,7,6,8,1,15882.666298344715,13.894047619047619
36,13,3,2,7,6,8,1,15882.666298344715,13.894047619047619
36,14,3,2,7,6,8,1,15882.666298344715,13.894047619047619
36,15,3,2,7,6,8,1,15882.666298344715,13.894047619047619
36,16,3,2,7,6,8,1,15882.666298344715,13.894047619047619
36,17,3,2,7,6,8,1,15882.666298344715,13.894047619047619
36,18,3,2,7,6,8,1,15882.666298344715,13.894047619047619
36,19,3,2,7,6,8,1,15882.666298344715,13.894047619047619
36,20,3,2,7,6,8,1,15882.666298344715,13.894047619047619
36,21,3,2,7,6,8,1,15882.666298344715,13.894047619047619
36,22,3,2,7,6,8,1,15882.666298344715,13.894047619047619
36,23,3,2,7,6,8,1,15882.666298344715,13.894047619047619
36,24,3,2,7,7,7,1,15882.666298344715,13.894047619047619
36,25,3,2,7,6,8,1,15882.666298344715,13.894047619047619
36,26,3,2,7,6,8,1,15882.666298344715,13.894047619047619
36,27,3,2,7,6,8,1,15882.666298344715,13.894047619047619
36,28,3,2,7,6,8,1,15882.666298344715,13.894047619047619
36,29,3,2,7,6,8,1,15882.666298344715,13.894047619047619
36,30,3,2,7,6,8,1,15882.666298344715,13.894047619047619
36,31,3,2,7,6,8,1,15882.666298344715,13.894047619047619
36,32,3,2,7,6,8,1,15882.666298344715,13.894047619047619
36,33,3,2,7,6,8,1,15882.666298344715,13.894047619047619
36,34,3,2,7,6,8,1,15882.666298344715,13.894047619047619
36,35,3,2,7,6,8,1,15882.666298344715,13.894047619047619
36,36,3,2,7,6,8,1,15882.666298344715,13.894047619047619
36,37,3,2,7,6,8,1,15882.666298344715,13.894047619047619
36,38,3,2,7,6,8,1,15882.666298344715,13.894047619047619
36,39,3,2,7,6,8,1,15882.666298344715,13.894047619047619
36,40,3,2,7,7,7,1,15882.666298344715,13.894047619047619
36,41,3,2,7,6,8,1,15882.666298344715,13.894047619047619
36,42,3,2,7,6,8,1,15882.666298344715,13.894047619047619
36,43,3,2,7,6,8,1,15882.666298344715,13.894047619047619
36,44,3,2,7,6,8,1,15882.666298344715,13.894047619047619
36,45,3,2,7,6,8,1,15882.666298344715,13.894047619047619
36,46,3,2,7,6,8,1,15882.666298344715,13.894047619047619
36,47,3,2,7,6,8,1,15882.666298344715,13.894047619047619
36,48,3,2,7,6,8,1,15882.666298344715,13.894047619047619
36,49,3,2,7,6,8,1,15882.666298344715,13.894047619047619
37,0,3,2,7,6,8,1,15882.666298344715,13.894047619047619
37,1,3,2,7,6,8,1,15882.666298344715,13.894047619047619
37,2,3,2,7,6,8,1,15882.666298344715,13.894047619047619
37,3,3,2,7,6,8,1,15882.666298344715,13.894047619047619
37,4,3,2,7,6,8,1,15882.666298344715,13.894047619047619
37,5,3,2,7,6,8,1,15882.666298344715,13.894047619047619
37,6,3,2,7,6,8,1,15882.666298344715,13.894047619047619
37,7,3,2,7,6,8,1,15882.666298344715,13.894047619047619
37,8,3,2,7,6,8,1,15882.666298344715,13.894047619047619
37,9,3,2,7,6,8,1,15882.666298344715,13.894047619047619
37,10,3,2,7,6,8,1,15882.666298344715,13.894047619047619
37,11,3,2,7,6,8,1,15882.666298344715,13.894047619047619
37,12,3,2,7,6,8,1,15882.666298344715,13.894047619047619
37,13,3,2,7,6,8,1,15882.666298344715,13.894047619047619
37,14,3,2,7,6,8,1,15882.666298344715,13.894047619047619
37,15,3,2,7,7,7,1,15882.666298344715,13.894047619047619
37,16,3,2,7,6,8,1,15882.666298344715,13.894047619047619
37,17,3,2,7,6,8,1,15882.666298344715,13.894047619047619
37,18,3,2,7,6,8,1,15882.666298344715,13.894047619047619
37,19,3,2,7,6,8,1,15882.666298344715,13.894047619047619
37,20,3,2,7,6,8,1,15882.666298344715,13.894047619047619
37,21,3,2,7,6,8,1,15882.666298344715,13.894047619047619
37,22,3,2,7,6,8,1,15882.666298344715,13.894047619047619
37,23,3,2,7,6,8,1,15882.666298344715,13.894047619047619
37,24,3,2,7,6,8,1,15882.666298344715,13.894047619047619
37,25,3,2,7,6,8,1,15882.666298344715,13.894047619047619
37,26,3,2,7,6,8,1,15882.666298344715,13.894047619047619
37,27,3,2,7,6,8,1,15882.666298344715,13.894047619047619
37,28,3,2,7,6,8,1,15882.666298344715,13.894047619047619
37,29,3,2,7,6,8,1,15882.666298344715,13.894047619047619
37,30,3,2,7,6,8,1,15882.666298344715,13.894047619047619
37,31,3,2,7,6,8,1,15882.666298344715,13.894047619047619
37,32,3,2,7,6,8,1,15882.666298344715,13.894047619047619
37,33,3,2,7,6,8,1,15882.666298344715,13.894047619047619
37,34,3,2,7,6,8,1,15882.666298344715,13.894047619047619
37,35,3,2,7,6,8,1,15882.666298344715,13.894047619047619
37,36,3,2,7,6,8,1,15882.666298344715,13.894047619047619
37,37,3,2,7,6,8,1,15882.666298344715,13.894047619047619
37,38,3,2,7,6,8,1,15882.666298344715,13.894047619047619
37,39,3,2,7,6,8,1,15882.666298344715,13.894047619047619
37,40,3,2,7,6,8,1,15882.666298344715,13.894047619047619
37,41,3,2,7,6,8,1,15882.666298344715,13.894047619047619
37,42,3,2,7,6,8,1,15882.666298344715,13.894047619047619
37,43,3,2,7,6,8,1,15882.666298344715,13.894047619047619
37,44,3,2,7,6,8,1,15882.666298344715,13.894047619047619
37,45,3,2,7,6,8,1,15882.666298344715,13.894047619047619
37,46,3,2,7,6,8,1,15882.666298344715,13.894047619047619
37,47,3,2,7,6,8,1,15882.666298344715,13.894047619047619
37,48,3,2,7,6,8,1,15882.666298344715,13.894047619047619
37,49,3,2,7,6,8,1,15882.666298344715,13.894047619047619
38,0,3,2,7,6,8,1,15882.666298344715,13.894047619047619
38,1,3,2,7,6,8,1,15882.666298344715,13.894047619047619
38,2,3,2,7,6,8,1,15882.666298344715,13.894047619047619
38,3,3,2,7,6,8,1,15882.666298344715,13.894047619047619
38,4,3,2,7,6,8,1,15882.666298344715,13.894047619047619
38,5,3,2,7,6,8,1,15882.666298344715,13.894047619047619
38,6,3,2,7,6,8,1,15882.666298344715,13.894047619047619
38,7,3,2,7,6,8,1,15882.666298344715,13.894047619047619
38,8,3,2,7,6,8,1,15882.666298344715,13.894047619047619
38,9,3,2,7,6,8,1,15882.666298344715,13.894047619047619
38,10,3,2,7,6,8,1,15882.666298344715,13.894047619047619
38,11,3,2,7,6,8,1,15882.666298344715,13.894047619047619
38,12,3,2,7,6,8,1,15882.666298344715,13.894047619047619
38,13,3,2,7,6,8,1,15882.666298344715,13.894047619047619
38,14,3,2,7,6,8,1,15882.666298344715,13.894047619047619
38,15,3,2,7,6,8,1,15882.666298344715,13.894047619047619
38,16,3,2,7,6,8,1,15882.666298344715,13.894047619047619
38,17,3,2,7,6,8,1,15882.666298344715,13.894047619047619
38,18,3,2,7,6,8,1,15882.666298344715,13.894047619047619
38,19,3,2,7,6,8,1,15882.666298344715,13.894047619047619
38,20,3,2,7,6,8,1,15882.666298344715,13.894047619047619
38,21,3,2,7,6,8,1,15882.666298344715,13.894047619047619
38,22,3,2,7,6,8,1,15882.666298344715,13.894047619047619
38,23,3,2,7,6,8,1,15882.666298344715,13.894047619047619
38,24,3,2,7,6,8,1,15882.666298344715,13.894047619047619
38,25,3,2,7,6,8,1,15882.666298344715,13.894047619047619
38,26,3,2,7,6,8,1,15882.666298344715,13.894047619047619
38,27,3,2,7,6,8,1,15882.666298344715,13.894047619047619
38,28,3,2,7,6,8,1,15882.666298344715,13.894047619047619
38,29,3,2,7,6,8,1,15882.666298344715,13.894047619047619
38,30,3,2,7,6,8,1,15882.666298344715,13.894047619047619
38,31,3,2,7,6,8,1,15882.666298344715,13.894047619047619
38,32,3,2,7,6,8,1,15882.666298344715,13.894047619047619
38,33,3,2,7,6,8,1,15882.666298344715,13.894047619047619
38,34,3,2,7,6,8,1,15882.666298344715,13.894047619047619
38,35,3,2,7,6,8,1,15882.666298344715,13.894047619047619
38,36,3,2,7,6,8,1,15882.666298344715,13.894047619047619
38,37,3,2,7,6,8,1,15882.666298344715,13.894047619047619
38,38,3,2,7,6,8,1,15882.666298344715,13.894047619047619
38,39,3,2,7,6,8,1,15882.666298344715,13.894047619047619
38,40,3,2,7,6,8,1,15882.666298344715,13.894047619047619
38,41,3,2,7,6,8,1,15882.666298344715,13.894047619047619
38,42,3,2,7,6,8,1,15882.666298344715,13.894047619047619
38,43,3,2,7,6,8,1,15882.666298344715,13.894047619047619
38,44,3,2,7,6,8,1,15882.666298344715,13.894047619047619
38,45,3,2,7,6,8,1,15882.666298344715,13.894047619047619
38,46,3,2,7,6,8,1,15882.666298344715,13.894047619047619
38,47,3,2,7,6,8,1,15882.666298344715,13.894047619047619
38,48,3,2,7,6,8,1,15882.666298344715,13.894047619047619
38,49,3,2,7,6,8,1,15882.666298344715,13.894047619047619
39,0,3,2,7,6,8,1,15882.666298344715,13.894047619047619
39,1,3,2,7,6,8,1,15882.666298344715,13.894047619047619
39,2,3,2,7,6,8,1,15882.666298344715,13.894047619047619
39,3,3,2,7,6,8,1,15882.666298344715,13.894047619047619
39,4,3,2,7,6,8,1,15882.666298344715,13.894047619047619
39,5,3,2,7,6,8,1,15882.666298344715,13.894047619047619
39,6,3,2,7,6,8,1,15882.666298344715,13.894047619047619
39,7,3,2,7,6,8,1,15882.666298344715,13.894047619047619
39,8,3,2,7,6,8,1,15882.666298344715,13.894047619047619
39,9,3,2,7,6,8,1,15882.666298344715,13.894047619047619
39,10,3,2,7,6,8,1,15882.666298344715,13.894047619047619
39,11,3,2,7,6,8,1,15882.666298344715,13.894047619047619
39,12,3,2,7,6,8,1,15882.666298344715,13.894047619047619
39,13,3,2,7,6,8,1,15882.666298344715,13.894047619047619
39,14,3,2,7,6,8,1,15882.666298344715,13.894047619047619
39,15,3,2,7,6,8,1,15882.666298344715,13.894047619047619
39,16,3,2,7,6,8,1,15882.666298344715,13.894047619047619
39,17,3,2,7,6,8,1,15882.666298344715,13.894047619047619
39,18,3,2,7,6,8,1,15882.666298344715,13.894047619047619
39,19,3,2,7,6,8,1,15882.666298344715,13.894047619047619
39,20,3,2,7,6,8,1,15882.666298344715,13.894047619047619
39,21,3,2,7,6,8,1,15882.666298344715,13.894047619047619
39,22,3,2,7,6,8,1,15882.666298344715,13.894047619047619
39,23,3,2,7,6,8,1,15882.666298344715,13.894047619047619
39,24,3,2,7,6,8,1,15882.666298344715,13.894047619047619
39,25,3,2,7,6,8,1,15882.666298344715,13.894047619047619
39,26,3,2,7,6,8,1,15882.666298344715,13.894047619047619
39,27,3,2,7,6,8,1,15882.666298344715,13.894047619047619
39,28,3,2,7,6,8,1,15882.666298344715,13.894047619047619
39,29,3,2,7,6,8,1,15882.666298344715,13.894047619047619
39,30,3,2,7,6,8,1,15882.666298344715,13.894047619047619
39,31,3,2,7,6,8,1,15882.666298344715,13.894047619047619
39,32,3,2,7,6,8,1,15882.666298344715,13.894047619047619
39,33,3,2,7,6,8,1,15882.666298344715,13.894047619047619
39,34,3,2,7,6,8,1,15882.666298344715,13.894047619047619
39,35,3,2,7,6,8,1,15882.666298344715,13.894047619047619
39,36,3,2,7,6,8,1,15882.666298344715,13.894047619047619
39,37,3,2,7,6,8,1,15882.666298344715,13.894047619047619
39,38,3,2,7,6,8,1,15882.666298344715,13.894047619047619
39,39,3,2,7,6,8,1,15882.666298344715,13.894047619047619
39,40,3,2,7,6,8,1,15882.666298344715,13.894047619047619
39,41,3,2,7,6,8,1,15882.666298344715,13.894047619047619
39,42,3,2,7,6,8,1,15882.666298344715,13.894047619047619
39,43,3,2,7,6,8,1,15882.666298344715,13.894047619047619
39,44,3,2,7,6,8,1,15882.666298344715,13.894047619047619
39,45,3,2,7,6,8,1,15882.666298344715,13.894047619047619
39,46,3,2,7,6,8,1,15882.666298344715,13.894047619047619
39,47,3,2,7,6,8,1,15882.666298344715,13.894047619047619
39,48,3,2,7,6,8,1,15882.666298344715,13.894047619047619
39,49,3,2,7,6,8,1,15882.666298344715,13.894047619047619
40,0,3,2,7,6,8,1,15882.666298344715,13.894047619047619
40,1,3,2,7,6,8,1,15882.666298344715,13.894047619047619
40,2,3,2,7,6,8,1,15882.666298344715,13.894047619047619
40,3,3,2,7,6,8,1,15882.666298344715,13.894047619047619
40,4,3,2,7,6,8,1,15882.666298344715,13.894047619047619
40,5,3,2,7,6,8,1,15882.666298344715,13.894047619047619
40,6,3,2,7,6,8,1,15882.666298344715,13.894047619047619
40,7,3,2,7,6,8,1,15882.666298344715,13.894047619047619
40,8,3,2,7,6,8,1,15882.666298344715,13.894047619047619
40,9,3,2,7,6,8,1,15882.666298344715,13.894047619047619
40,10,3,2,7,6,8,1,15882.666298344715,13.894047619047619
40,11,3,2,7,6,8,1,15882.666298344715,13.894047619047619
40,12,3,2,7,6,8,1,15882.666298344715,13.894047619047619
40,13,3,2,7,6,8,1,15882.666298344715,13.894047619047619
40,14,3,2,7,6,8,1,15882.666298344715,13.894047619047619
40,15,3,2,7,6,8,1,15882.666298344715,13.894047619047619
40,16,3,2,7,6,8,1,15882.666298344715,13.894047619047619
40,17,3,2,7,6,8,1,15882.666298344715,13.894047619047619
40,18,3,2,7,6,8,1,15882.666298344715,13.894047619047619
40,19,3,2,7,6,8,1,15882.666298344715,13.894047619047619
40,20,3,2,7,6,8,1,15882.666298344715,13.894047619047619
40,21,3,2,7,6,8,1,15882.666298344715,13.894047619047619
40,22,3,2,7,6,8,1,15882.666298344715,13.894047619047619
40,23,3,2,7,6,8,1,15882.666298344715,13.894047619047619
40,24,3,2,7,6,8,1,15882.666298344715,13.894047619047619
40,25,3,2,7,6,8,1,15882.666298344715,13.894047619047619
40,26,3,2,7,6,8,1,15882.666298344715,13.894047619047619
40,27,3,2,7,6,8,1,15882.666298344715,13.894047619047619
40,28,3,2,7,6,8,1,15882.666298344715,13.894047619047619
40,29,3,2,7,6,8,1,15882.666298344715,13.894047619047619
40,30,3,2,7,6,8,1,15882.666298344715,13.894047619047619
40,31,3,2,7,6,8,1,15882.666298344715,13.894047619047619
40,32,3,2,7,6,8,1,15882.666298344715,13.894047619047619
40,33,3,2,7,6,8,1,15882.666298344715,13.894047619047619
40,34,3,2,7,6,8,1,15882.666298344715,13.894047619047619
40,35,3,2,7,6,8,1,15882.666298344715,13.894047619047619
40,36,3,2,7,6,8,1,15882.666298344715,13.894047619047619
40,37,3,2,7,6,8,1,15882.666298344715,13.894047619047619
40,38,3,2,7,6,8,1,15882.666298344715,13.894047619047619
40,39,3,2,7,6,8,1,15882.666298344715,13.894047619047619
40,40,3,2,7,6,8,1,15882.666298344715,13.894047619047619
40,41,3,2,7,6,8,1,15882.666298344715,13.894047619047619
40,42,3,2,7,6,8,1,15882.666298344715,13.894047619047619
40,43,3,2,7,6,8,1,15882.666298344715,13.894047619047619
40,44,3,2,7,6,8,1,15882.666298344715,13.894047619047619
40,45,3,2,7,6,8,1,15882.666298344715,13.894047619047619
40,46,3,2,7,6,8,1,15882.666298344715,13.894047619047619
40,47,3,2,7,6,8,1,15882.666298344715,13.894047619047619
40,48,3,2,7,6,8,1,15882.666298344715,13.894047619047619
40,49,3,2,7,6,8,1,15882.666298344715,13.894047619047619
41,0,3,2,7,6,8,1,15882.666298344715,13.894047619047619
41,1,3,2,7,6,8,1,15882.666298344715,13.894047619047619
41,2,3,2,7,6,8,1,15882.666298344715,13.894047619047619
41,3,3,2,7,6,8,1,15882.666298344715,13.894047619047619
41,4,3,2,7,6,8,1,15882.666298344715,13.894047619047619
41,5,3,2,7,6,8,1,15882.666298344715,13.894047619047619
41,6,3,2,7,6,8,1,15882.666298344715,13.894047619047619
41,7,3,2,7,6,8,1,15882.666298344715,13.894047619047619
41,8,3,2,7,6,8,1,15882.666298344715,13.894047619047619
41,9,3,2,7,6,8,1,15882.666298344715,13.894047619047619
41,10,3,2,7,6,8,1,15882.666298344715,13.894047619047619
41,11,3,2,7,6,8,1,15882.666298344715,13.894047619047619
41,12,3,2,7,6,8,1,15882.666298344715,13.894047619047619
41,13,3,2,7,6,8,1,15882.666298344715,13.894047619047619
41,14,3,2,7,6,8,1,15882.666298344715,13.894047619047619
41,15,3,2,7,6,8,1,15882.666298344715,13.894047619047619
41,16,3,2,7,6,8,1,15882.666298344715,13.894047619047619
41,17,3,2,7,6,8,1,15882.666298344715,13.894047619047619
41,18,3,2,7,6,8,1,15882.666298344715,13.894047619047619
41,19,3,2,7,6,8,1,15882.666298344715,13.894047619047619
41,20,3,2,7,6,8,1,15882.666298344715,13.894047619047619
41,21,3,2,7,6,8,1,15882.666298344715,13.894047619047619
41,22,3,2,7,6,8,1,15882.666298344715,13.894047619047619
41,23,3,2,7,6,8,1,15882.666298344715,13.894047619047619
41,24,3,2,7,6,8,1,15882.666298344715,13.894047619047619
41,25,3,2,7,6,8,1,15882.666298344715,13.894047619047619
41,26,3,2,7,6,8,1,15882.666298344715,13.894047619047619
41,27,3,2,7,6,8,1,15882.666298344715,13.894047619047619
41,28,3,2,7,6,8,1,15882.666298344715,13.894047619047619
41,29,3,2,7,6,8,1,15882.666298344715,13.894047619047619
41,30,3,2,7,6,8,1,15882.666298344715,13.894047619047619
41,31,3,2,7,6,8,1,15882.666298344715,13.894047619047619
41,32,3,2,7,6,8,1,15882.666298344715,13.894047619047619
41,33,3,2,7,6,8,1,15882.666298344715,13.894047619047619
41,34,3,2,7,6,8,1,15882.666298344715,13.894047619047619
41,35,3,2,7,6,8,1,15882.666298344715,13.894047619047619
41,36,3,2,7,6,8,1,15882.666298344715,13.894047619047619
41,37,3,2,7,6,8,1,15882.666298344715,13.894047619047619
41,38,3,2,7,6,8,1,15882.666298344715,13.894047619047619
41,39,3,2,7,6,8,1,15882.666298344715,13.894047619047619
41,40,3,2,7,6,8,1,15882.666298344715,13.894047619047619
41,41,3,2,7,6,8,1,15882.666298344715,13.894047619047619
41,42,3,2,7,6,8,1,15882.666298344715,13.894047619047619
41,43,3,2,7,6,8,1,15882.666298344715,13.894047619047619
41,44,3,2,7,6,8,1,15882.666298344715,13.894047619047619
41,45,3,2,7,6,8,1,15882.666298344715,13.894047619047619
41,46,3,2,7,6,8,1,15882.666298344715,13.894047619047619
41,47,3,2,7,6,8,1,15882.666298344715,13.894047619047619
41,48,3,2,7,6,8,1,15882.666298344715,13.894047619047619
41,49,3,2,7,6,8,1,15882.666298344715,13.894047619047619
42,0,3,2,7,6,8,1,15882.666298344715,13.894047619047619
42,1,3,2,7,6,8,1,15882.666298344715,13.894047619047619
42,2,3,2,7,6,8,1,15882.666298344715,13.894047619047619
42,3,3,2,7,6,8,1,15882.666298344715,13.894047619047619
42,4,3,2,7,6,8,1,15882.666298344715,13.894047619047619
42,5,3,2,7,6,8,1,15882.666298344715,13.894047619047619
42,6,3,2,7,6,8,1,15882.666298344715,13.894047619047619
42,7,3,2,7,6,8,1,15882.666298344715,13.894047619047619
42,8,3,2,7,6,8,1,15882.666298344715,13.894047619047619
42,9,3,2,7,6,8,1,15882.666298344715,13.894047619047619
42,10,3,2,7,6,8,1,15882.666298344715,13.894047619047619
42,11,3,2,7,6,8,1,15882.666298344715,13.894047619047619
42,12,3,2,7,6,8,1,15882.666298344715,13.894047619047619
42,13,3,2,7,6,8,1,15882.666298344715,13.894047619047619
42,14,3,2,7,6,8,1,15882.666298344715,13.894047619047619
42,15,3,2,7,6,8,1,15882.666298344715,13.894047619047619
42,16,3,2,7,6,8,1,15882.666298344715,13.894047619047619
42,17,3,2,7,6,8,1,15882.666298344715,13.894047619047619
42,18,3,2,7,6,8,1,15882.666298344715,13.894047619047619
42,19,3,2,7,6,8,1,15882.666298344715,13.894047619047619
42,20,3,2,7,6,8,1,15882.666298344715,13.894047619047619
42,21,3,2,7,6,8,1,15882.666298344715,13.894047619047619
42,22,3,2,7,6,8,1,15882.666298344715,13.894047619047619
42,23,3,2,7,6,8,1,15882.666298344715,13.894047619047619
42,24,3,2,7,6,8,1,15882.666298344715,13.894047619047619
42,25,3,2,7,6,8,1,15882.666298344715,13.894047619047619
42,26,3,2,7,6,8,1,15882.666298344715,13.894047619047619
42,27,3,2,7,6,8,1,15882.666298344715,13.894047619047619
42,28,3,2,7,6,8,1,15882.666298344715,13.894047619047619
42,29,3,2,7,6,8,1,15882.666298344715,13.894047619047619
42,30,3,2,7,6,8,1,15882.666298344715,13.894047619047619
42,31,3,2,7,6,8,1,15882.666298344715,13.894047619047619
42,32,3,2,7,6,8,1,15882.666298344715,13.894047619047619
42,33,3,2,7,6,8,1,15882.666298344715,13.894047619047619
42,34,3,2,7,6,8,1,15882.666298344715,13.894047619047619
42,35,3,2,7,6,8,1,15882.666298344715,13.894047619047619
42,36,3,2,7,6,8,1,15882.666298344715,13.894047619047619
42,37,3,2,7,6,8,1,15882.666298344715,13.894047619047619
42,38,3,2,7,6,8,1,15882.666298344715,13.894047619047619
42,39,3,2,7,6,8,1,15882.666298344715,13.894047619047619
42,40,3,2,7,6,8,1,15882.666298344715,13.894047619047619
42,41,3,2,7,6,8,1,15882.666298344715,13.894047619047619
42,42,3,2,7,6,8,1,15882.666298344715,13.894047619047619
42,43,3,2,7,6,8,1,15882.666298344715,13.894047619047619
42,44,3,2,7,6,8,1,15882.666298344715,13.894047619047619
42,45,3,2,7,6,8,1,15882.666298344715,13.894047619047619
42,46,3,2,7,6,8,1,15882.666298344715,13.894047619047619
42,47,3,2,7,6,8,1,15882.666298344715,13.894047619047619
42,48,3,2,7,6,8,1,15882.666298344715,13.894047619047619
42,49,3,2,7,6,8,1,15882.666298344715,13.894047619047619
43,0,3,2,7,6,8,1,15882.666298344715,13.894047619047619
43,1,3,2,7,6,8,1,15882.666298344715,13.894047619047619
43,2,3,2,7,6,8,1,15882.666298344715,13.894047619047619
43,3,3,2,7,6,8,1,15882.666298344715,13.894047619047619
43,4,3,2,7,6,8,1,15882.666298344715,13.894047619047619
43,5,3,2,7,6,8,1,15882.666298344715,13.894047619047619
43,6,3,2,7,6,8,1,15882.666298344715,13.894047619047619
43,7,3,2,7,6,8,1,15882.666298344715,13.894047619047619
43,8,3,2,7,6,8,1,15882.666298344715,13.894047619047619
43,9,3,2,7,6,8,1,15882.666298344715,13.894047619047619
43,10,3,2,7,6,8,1,15882.666298344715,13.894047619047619
43,11,3,2,7,6,8,1,15882.666298344715,13.894047619047619
43,12,3,2,7,6,8,1,15882.666298344715,13.894047619047619
43,13,3,2,7,6,8,1,15882.666298344715,13.894047619047619
43,14,3,2,7,6,8,1,15882.666298344715,13.894047619047619
43,15,3,2,7,6,8,1,15882.666298344715,13.894047619047619
43,16,3,2,7,6,8,1,15882.666298344715,13.894047619047619
43,17,3,2,7,6,8,1,15882.666298344715,13.894047619047619
43,18,3,2,7,6,8,1,15882.666298344715,13.894047619047619
43,19,3,2,7,6,8,1,15882.666298344715,13.894047619047619
43,20,3,2,7,6,8,1,15882.666298344715,13.894047619047619
43,21,3,2,7,6,8,1,15882.666298344715,13.894047619047619
43,22,3,2,7,6,8,1,15882.666298344715,13.894047619047619
43,23,3,2,7,6,8,1,15882.666298344715,13.894047619047619
43,24,3,2,7,6,8,1,15882.666298344715,13.894047619047619
43,25,3,2,7,6,8,1,15882.666298344715,13.894047619047619
43,26,3,2,7,6,8,1,15882.666298344715,13.894047619047619
43,27,3,2,7,6,8,1,15882.666298344715,13.894047619047619
43,28,3,2,7,6,8,1,15882.666298344715,13.894047619047619
43,29,3,2,7,6,8,1,15882.666298344715,13.894047619047619
43,30,3,2,7,6,8,1,15882.666298344715,13.894047619047619
43,31,3,2,7,6,8,1,15882.666298344715,13.894047619047619
43,32,3,2,7,6,8,1,15882.666298344715,13.894047619047619
43,33,3,2,7,6,8,1,15882.666298344715,13.894047619047619
43,34,3,2,7,6,8,1,15882.666298344715,13.894047619047619
43,35,3,2,7,6,8,1,15882.666298344715,13.894047619047619
43,36,3,2,7,6,8,1,15882.666298344715,13.894047619047619
43,37,3,2,7,6,8,1,15882.666298344715,13.894047619047619
43,38,3,2,7,6,8,1,15882.666298344715,13.894047619047619
43,39,3,2,7,6,8,1,15882.666298344715,13.894047619047619
43,40,3,2,7,6,8,1,15882.666298344715,13.894047619047619
43,41,3,2,7,6,8,1,15882.666298344715,13.894047619047619
43,42,3,2,7,6,8,1,15882.666298344715,13.894047619047619
43,43,3,2,7,6,8,1,15882.666298344715,13.894047619047619
43,44,3,2,7,6,8,1,15882.666298344715,13.894047619047619
43,45,3,2,7,6,8,1,15882.666298344715,13.894047619047619
43,46,3,2,7,6,8,1,15882.666298344715,13.894047619047619
43,47,3,2,7,6,8,1,15882.666298344715,13.894047619047619
43,48,3,2,7,6,8,1,15882.666298344715,13.894047619047619
43,49,3,2,7,6,8,1,15882.666298344715,13.894047619047619
44,0,3,2,7,6,8,1,15882.666298344715,13.894047619047619
44,1,3,2,7,6,8,1,15882.666298344715,13.894047619047619
44,2,3,2,7,6,8,1,15882.666298344715,13.894047619047619
44,3,3,2,7,6,8,1,15882.666298344715,13.894047619047619
44,4,3,2,7,6,8,1,15882.666298344715,13.894047619047619
44,5,3,2,7,6,8,1,15882.666298344715,13.894047619047619
44,6,3,2,7,6,8,1,15882.666298344715,13.894047619047619
44,7,3,2,7,6,8,1,15882.666298344715,13.894047619047619
44,8,3,2,7,6,8,1,15882.666298344715,13.894047619047619
44,9,3,2,7,6,8,1,15882.666298344715,13.894047619047619
44,10,3,2,7,6,8,1,15882.666298344715,13.894047619047619
44,11,3,2,7,6,8,1,15882.666298344715,13.894047619047619
44,12,3,2,7,6,8,1,15882.666298344715,13.894047619047619
44,13,3,2,7,6,8,1,15882.666298344715,13.894047619047619
44,14,3,2,7,6,8,1,15882.666298344715,13.894047619047619
44,15,3,2,7,6,8,1,15882.666298344715,13.894047619047619
44,16,3,2,7,6,8,1,15882.666298344715,13.894047619047619
44,17,3,2,7,6,8,1,15882.666298344715,13.894047619047619
44,18,3,2,7,6,8,1,15882.666298344715,13.894047619047619
44,19,3,2,7,6,8,1,15882.666298344715,13.894047619047619
44,20,3,2,7,6,8,1,15882.666298344715,13.894047619047619
44,21,3,2,7,6,8,1,15882.666298344715,13.894047619047619
44,22,3,2,7,6,8,1,15882.666298344715,13.894047619047619
44,23,3,2,7,6,8,1,15882.666298344715,13.894047619047619
44,24,3,2,7,6,8,1,15882.666298344715,13.894047619047619
44,25,3,2,7,6,8,1,15882.666298344715,13.894047619047619
44,26,3,2,7,6,8,1,15882.666298344715,13.894047619047619
44,27,3,2,7,6,8,1,15882.666298344715,13.894047619047619
44,28,3,2,7,6,8,1,15882.666298344715,13.894047619047619
44,29,3,2,7,6,8,1,15882.666298344715,13.894047619047619
44,30,3,2,7,6,8,1,15882.666298344715,13.894047619047619
44,31,3,2,7,6,8,1,15882.666298344715,13.894047619047619
44,32,3,2,7,6,8,1,15882.666298344715,13.894047619047619
44,33,3,2,7,6,8,1,15882.666298344715,13.894047619047619
44,34,3,2,7,6,8,1,15882.666298344715,13.894047619047619
44,35,3,2,7,6,8,1,15882.666298344715,13.894047619047619
44,36,3,2,7,6,8,1,15882.666298344715,13.894047619047619
44,37,3,2,7,6,8,1,15882.666298344715,13.894047619047619
44,38,3,2,7,6,8,1,15882.666298344715,13.894047619047619
44,39,3,2,7,6,8,1,15882.666298344715,13.894047619047619
44,40,3,2,7,6,8,1,15882.666298344715,13.894047619047619
44,41,3,2,7,6,8,1,15882.666298344715,13.894047619047619
44,42,3,2,7,6,8,1,15882.666298344715,13.894047619047619
44,43,3,2,7,6,8,1,15882.666298344715,13.894047619047619
44,44,3,2,7,6,8,1,15882.666298344715,13.894047619047619
44,45,3,2,7,6,8,1,15882.666298344715,13.894047619047619
44,46,3,2,7,6,8,1,15882.666298344715,13.894047619047619
44,47,3,2,7,6,8,1,15882.666298344715,13.894047619047619
44,48,3,2,7,6,8,1,15882.666298344715,13.894047619047619
44,49,3,2,7,6,8,1,15882.666298344715,13.894047619047619
45,0,3,2,7,6,8,1,15882.666298344715,13.894047619047619
45,1,3,2,7,6,8,1,15882.666298344715,13.894047619047619
45,2,3,2,7,6,8,1,15882.666298344715,13.894047619047619
45,3,3,2,7,6,8,1,15882.666298344715,13.894047619047619
45,4,3,2,7,6,8,1,15882.666298344715,13.894047619047619
45,5,3,2,7,6,8,1,15882.666298344715,13.894047619047619
45,6,3,2,7,6,8,1,15882.666298344715,13.894047619047619
45,7,3,2,7,6,8,1,15882.666298344715,13.894047619047619
45,8,3,2,7,6,8,1,15882.666298344715,13.894047619047619
45,9,3,2,7,6,8,1,15882.666298344715,13.894047619047619
45,10,3,2,7,6,8,1,15882.666298344715,13.894047619047619
45,11,3,2,7,6,8,1,15882.666298344715,13.894047619047619
45,12,3,2,7,6,8,1,15882.666298344715,13.894047619047619
45,13,3,2,7,6,8,1,15882.666298344715,13.894047619047619
45,14,3,2,7,6,8,1,15882.666298344715,13.894047619047619
45,15,3,2,7,6,8,1,15882.666298344715,13.894047619047619
45,16,3,2,7,6,8,1,15882.666298344715,13.894047619047619
45,17,3,2,7,6,8,1,15882.666298344715,13.894047619047619
45,18,3,2,7,6,8,1,15882.666298344715,13.894047619047619
45,19,3,2,7,6,8,1,15882.666298344715,13.894047619047619
45,20,3,2,7,6,8,1,15882.666298344715,13.894047619047619
45,21,3,2,7,6,8,1,15882.666298344715,13.894047619047619
45,22,3,2,7,6,8,1,15882.666298344715,13.894047619047619
45,23,3,2,7,6,8,1,15882.666298344715,13.894047619047619
45,24,3,2,7,6,8,1,15882.666298344715,13.894047619047619
45,25,3,2,7,6,8,1,15882.666298344715,13.894047619047619
45,26,3,2,7,6,8,1,15882.666298344715,13.894047619047619
45,27,3,2,7,6,8,1,15882.666298344715,13.894047619047619
45,28,3,2,7,6,8,1,15882.666298344715,13.894047619047619
45,29,3,2,7,6,8,1,15882.666298344715,13.894047619047619
45,30,3,2,7,6,8,1,15882.666298344715,13.894047619047619
45,31,3,2,7,6,8,1,15882.666298344715,13.894047619047619
45,32,3,2,7,6,8,1,15882.666298344715,13.894047619047619
45,33,3,2,7,6,8,1,15882.666298344715,13.894047619047619
45,34,3,2,7,6,8,1,15882.666298344715,13.894047619047619
45,35,3,2,7,6,8,1,15882.666298344715,13.894047619047619
45,36,3,2,7,6,8,1,15882.666298344715,13.894047619047619
45,37,3,2,7,6,8,1,15882.666298344715,13.894047619047619
45,38,3,2,7,6,8,1,15882.666298344715,13.894047619047619
45,39,3,2,7,6,8,1,15882.666298344715,13.894047619047619
45,40,3,2,7,6,8,1,15882.666298344715,13.894047619047619
45,41,3,2,7,6,8,1,15882.666298344715,13.894047619047619
45,42,3,2,7,6,8,1,15882.666298344715,13.894047619047619
45,43,3,2,7,6,8,1,15882.666298344715,13.894047619047619
45,44,3,2,7,6,8,1,15882.666298344715,13.894047619047619
45,45,3,2,7,6,8,1,15882.666298344715,13.894047619047619
45,46,3,2,7,6,8,1,15882.666298344715,13.894047619047619
45,47,3,2,7,6,8,1,15882.666298344715,13.894047619047619
45,48,3,2,7,6,8,1,15882.666298344715,13.894047619047619
45,49,3,2,7,6,8,1,15882.666298344715,13.894047619047619
46,0,3,2,7,6,8,1,15882.666298344715,13.894047619047619
46,1,3,2,7,6,8,1,15882.666298344715,13.894047619047619
46,2,3,2,7,6,8,1,15882.666298344715,13.894047619047619
46,3,3,2,7,6,8,1,15882.666298344715,13.894047619047619
46,4,3,2,7,6,8,1,15882.666298344715,13.894047619047619
46,5,3,2,7,6,8,1,15882.666298344715,13.894047619047619
46,6,3,2,7,6,8,1,15882.666298344715,13.894047619047619
46,7,3,2,7,6,8,1,15882.666298344715,13.894047619047619
46,8,3,2,7,6,8,1,15882.666298344715,13.894047619047619
46,9,3,2,7,6,8,1,15882.666298344715,13.894047619047619
46,10,3,2,7,6,8,1,15882.666298344715,13.894047619047619
46,11,3,2,7,6,8,1,15882.666298344715,13.894047619047619
46,12,3,2,7,6,8,1,15882.666298344715,13.894047619047619
46,13,3,2,7,6,8,1,15882.666298344715,13.894047619047619
46,14,3,2,7,6,8,1,15882.666298344715,13.894047619047619
46,15,3,2,7,6,8,1,15882.666298344715,13.894047619047619
46,16,3,2,7,6,8,1,15882.666298344715,13.894047619047619
46,17,3,2,7,6,8,1,15882.666298344715,13.894047619047619
46,18,3,2,7,6,8,1,15882.666298344715,13.894047619047619
46,19,3,2,7,6,8,1,15882.666298344715,13.894047619047619
46,20,3,2,7,6,8,1,15882.666298344715,13.894047619047619
46,21,3,2,7,6,8,1,15882.666298344715,13.894047619047619
46,22,3,2,7,6,8,1,15882.666298344715,13.894047619047619
46,23,3,2,7,6,8,1,15882.666298344715,13.894047619047619
46,24,3,2,7,6,8,1,15882.666298344715,13.894047619047619
46,25,3,2,7,6,8,1,15882.666298344715,13.894047619047619
46,26,3,2,7,6,8,1,15882.666298344715,13.894047619047619
46,27,3,2,7,6,8,1,15882.666298344715,13.894047619047619
46,28,3,2,7,6,8,1,15882.666298344715,13.894047619047619
46,29,3,2,7,6,8,1,15882.666298344715,13.894047619047619
46,30,3,2,7,6,8,1,15882.666298344715,13.894047619047619
46,31,3,2,7,6,8,1,15882.666298344715,13.894047619047619
46,32,3,2,7,6,8,1,15882.666298344715,13.894047619047619
46,33,3,2,7,6,8,1,15882.666298344715,13.894047619047619
46,34,3,2,7,6,8,1,15882.666298344715,13.894047619047619
46,35,3,2,7,6,8,1,15882.666298344715,13.894047619047619
46,36,3,2,7,6,8,1,15882.666298344715,13.894047619047619
46,37,3,2,7,6,8,1,15882.666298344715,13.894047619047619
46,38,3,2,7,6,8,1,15882.666298344715,13.894047619047619
46,39,3,2,7,6,8,1,15882.666298344715,13.894047619047619
46,40,3,2,7,6,8,1,15882.666298344715,13.894047619047619
46,41,3,2,7,6,8,1,15882.666298344715,13.894047619047619
46,42,3,2,7,6,8,1,15882.666298344715,13.894047619047619
46,43,3,2,7,6,8,1,15882.666298344715,13.894047619047619
46,44,3,2,7,6,8,1,15882.666298344715,13.894047619047619
46,45,3,2,7,6,8,1,15882.666298344715,13.894047619047619
46,46,3,2,7,6,8,1,15882.666298344715,13.894047619047619
46,47,3,2,7,6,8,1,15882.666298344715,13.894047619047619
46,48,3,2,7,6,8,1,15882.666298344715,13.894047619047619
46,49,3,2,7,6,8,1,15882.666298344715,13.894047619047619
47,0,3,2,7,6,8,1,15882.666298344715,13.894047619047619
47,1,3,2,7,6,8,1,15882.666298344715,13.894047619047619
47,2,3,2,7,6,8,1,15882.666298344715,13.894047619047619
47,3,3,2,7,6,8,1,15882.666298344715,13.894047619047619
47,4,3,2,7,6,8,1,15882.666298344715,13.894047619047619
47,5,3,2,7,6,8,1,15882.666298344715,13.894047619047619
47,6,3,2,7,6,8,1,15882.666298344715,13.894047619047619
47,7,3,2,7,6,8,1,15882.666298344715,13.894047619047619
47,8,3,2,7,6,8,1,15882.666298344715,13.894047619047619
47,9,3,2,7,6,8,1,15882.666298344715,13.894047619047619
47,10,3,2,7,6,8,1,15882.666298344715,13.894047619047619
47,11,3,2,7,6,8,1,15882.666298344715,13.894047619047619
47,12,3,2,7,6,8,1,15882.666298344715,13.894047619047619
47,13,3,2,7,6,8,1,15882.666298344715,13.894047619047619
47,14,3,2,7,6,8,1,15882.666298344715,13.894047619047619
47,15,3,2,7,6,8,1,15882.666298344715,13.894047619047619
47,16,3,2,7,6,8,1,15882.666298344715,13.894047619047619
47,17,3,2,7,6,8,1,15882.666298344715,13.894047619047619
47,18,3,2,7,6,8,1,15882.666298344715,13.894047619047619
47,19,3,2,7,6,8,1,15882.666298344715,13.894047619047619
47,20,3,2,7,6,8,1,15882.666298344715,13.894047619047619
47,21,3,2,7,6,8,1,15882.666298344715,13.894047619047619
47,22,3,2,7,6,8,1,15882.666298344715,13.894047619047619
47,23,3,2,7,6,8,1,15882.666298344715,13.894047619047619
47,24,3,2,7,6,8,1,15882.666298344715,13.894047619047619
47,25,3,2,7,6,8,1,15882.666298344715,13.894047619047619
47,26,3,2,7,6,8,1,15882.666298344715,13.894047619047619
47,27,3,2,7,6,8,1,15882.666298344715,13.894047619047619
47,28,3,2,7,6,8,1,15882.666298344715,13.894047619047619
47,29,3,2,7,6,8,1,15882.666298344715,13.894047619047619
47,30,3,2,7,6,8,1,15882.666298344715,13.894047619047619
47,31,3,2,7,6,8,1,15882.666298344715,13.894047619047619
47,32,3,2,7,6,8,1,15882.666298344715,13.894047619047619
47,33,3,2,7,6,8,1,15882.666298344715,13.894047619047619
47,34,3,2,7,6,8,1,15882.666298344715,13.894047619047619
47,35,3,2,7,6,8,1,15882.666298344715,13.894047619047619
47,36,3,2,7,6,8,1,15882.666298344715,13.894047619047619
47,37,3,2,7,6,8,1,15882.666298344715,13.894047619047619
47,38,3,2,7,6,8,1,15882.666298344715,13.894047619047619
47,39,3,2,7,6,8,1,15882.666298344715,13.894047619047619
47,40,3,2,7,6,8,1,15882.666298344715,13.894047619047619
47,41,3,2,7,6,8,1,15882.666298344715,13.894047619047619
47,42,3,2,7,6,8,1,15882.666298344715,13.894047619047619
47,43,3,2,7,6,8,1,15882.666298344715,13.894047619047619
47,44,3,2,7,6,8,1,15882.666298344715,13.894047619047619
47,45,3,2,7,6,8,1,15882.666298344715,13.894047619047619
47,46,3,2,7,6,8,1,15882.666298344715,13.894047619047619
47,47,3,2,7,6,8,1,15882.666298344715,13.894047619047619
47,48,3,2,7,6,8,1,15882.666298344715,13.894047619047619
47,49,3,2,7,6,8,1,15882.666298344715,13.894047619047619
48,0,3,2,7,6,8,1,15882.666298344715,13.894047619047619
48,1,3,2,7,6,8,1,15882.666298344715,13.894047619047619
48,2,3,2,7,6,8,1,15882.666298344715,13.894047619047619
48,3,3,2,7,6,8,1,15882.666298344715,13.894047619047619
48,4,3,2,7,6,8,1,15882.666298344715,13.894047619047619
48,5,3,2,7,6,8,1,15882.666298344715,13.894047619047619
48,6,3,2,7,6,8,1,15882.666298344715,13.894047619047619
48,7,3,2,7,6,8,1,15882.666298344715,13.894047619047619
48,8,3,2,7,6,8,1,15882.666298344715,13.894047619047619
48,9,3,2,7,6,8,1,15882.666298344715,13.894047619047619
48,10,3,2,7,6,8,1,15882.666298344715,13.894047619047619
48,11,3,2,7,6,8,1,15882.666298344715,13.894047619047619
48,12,3,2,7,6,8,1,15882.666298344715,13.894047619047619
48,13,3,2,7,6,8,1,15882.666298344715,13.894047619047619
48,14,3,2,7,6,8,1,15882.666298344715,13.894047619047619
48,15,3,2,7,6,8,1,15882.666298344715,13.894047619047619
48,16,3,2,7,6,8,1,15882.666298344715,13.894047619047619
48,17,3,2,7,6,8,1,15882.666298344715,13.894047619047619
48,18,3,2,7,6,8,1,15882.666298344715,13.894047619047619
48,19,3,2,7,6,8,1,15882.666298344715,13.894047619047619
48,20,3,2,7,6,8,1,15882.666298344715,13.894047619047619
48,21,3,2,7,6,8,1,15882.666298344715,13.894047619047619
48,22,3,2,7,6,8,1,15882.666298344715,13.894047619047619
48,23,3,2,7,6,8,1,15882.666298344715,13.894047619047619
48,24,3,2,7,6,8,1,15882.666298344715,13.894047619047619
48,25,3,2,7,6,8,1,15882.666298344715,13.894047619047619
48,26,3,2,7,6,8,1,15882.666298344715,13.894047619047619
48,27,3,2,7,6,8,1,15882.666298344715,13.894047619047619
48,28,3,2,7,6,8,1,15882.666298344715,13.894047619047619
48,29,3,2,7,6,8,1,15882.666298344715,13.894047619047619
48,30,3,2,7,6,8,1,15882.666298344715,13.894047619047619
48,31,3,2,7,6,8,1,15882.666298344715,13.894047619047619
48,32,3,2,7,6,8,1,15882.666298344715,13.894047619047619
48,33,3,2,7,6,8,1,15882.666298344715,13.894047619047619
48,34,3,2,7,6,8,1,15882.666298344715,13.894047619047619
48,35,3,2,7,6,8,1,15882.666298344715,13.894047619047619
48,36,3,2,7,6,8,1,15882.666298344715,13.894047619047619
48,37,3,2,7,6,8,1,15882.666298344715,13.894047619047619
48,38,3,2,7,6,8,1,15882.666298344715,13.894047619047619
48,39,3,2,7,6,8,1,15882.666298344715,13.894047619047619
48,40,3,2,7,6,8,1,15882.666298344715,13.894047619047619
48,41,3,2,7,6,8,1,15882.666298344715,13.894047619047619
48,42,3,2,7,6,8,1,15882.666298344715,13.894047619047619
48,43,3,2,7,6,8,1,15882.666298344715,13.894047619047619
48,44,3,2,7,6,8,1,15882.666298344715,13.894047619047619
48,45,3,2,7,6,8,1,15882.666298344715,13.894047619047619
48,46,3,2,7,6,8,1,15882.666298344715,13.894047619047619
48,47,3,2,7,6,8,1,15882.666298344715,13.894047619047619
48,48,3,2,7,6,8,1,15882.666298344715,13.894047619047619
48,49,3,2,7,6,8,1,15882.666298344715,13.894047619047619
49,0,3,2,7,6,8,1,15882.666298344715,13.894047619047619
49,1,3,2,7,6,8,1,15882.666298344715,13.894047619047619
49,2,3,2,7,6,8,1,15882.666298344715,13.894047619047619
49,3,3,2,7,6,8,1,15882.666298344715,13.894047619047619
49,4,3,2,7,6,8,1,15882.666298344715,13.894047619047619
49,5,3,2,7,6,8,1,15882.666298344715,13.894047619047619
49,6,3,2,7,6,8,1,15882.666298344715,13.894047619047619
49,7,3,2,7,6,8,1,15882.666298344715,13.894047619047619
49,8,3,2,7,6,8,1,15882.666298344715,13.894047619047619
49,9,3,2,7,6,8,1,15882.666298344715,13.894047619047619
49,10,3,2,7,6,8,1,15882.666298344715,13.894047619047619
49,11,3,2,7,6,8,1,15882.666298344715,13.894047619047619
49,12,3,2,7,6,8,1,15882.666298344715,13.894047619047619
49,13,3,2,7,6,8,1,15882.666298344715,13.894047619047619
49,14,3,2,7,6,8,1,15882.666298344715,13.894047619047619
49,15,3,2,7,6,8,1,15882.666298344715,13.894047619047619
49,16,3,2,7,6,8,1,15882.666298344715,13.894047619047619
49,17,3,2,7,6,8,1,15882.666298344715,13.894047619047619
49,18,3,2,7,6,8,1,15882.666298344715,13.894047619047619
49,19,3,2,7,6,8,1,15882.666298344715,13.894047619047619
49,20,3,2,7,6,8,1,15882.666298344715,13.894047619047619
49,21,3,2,7,6,8,1,15882.666298344715,13.894047619047619
49,22,3,2,7,6,8,1,15882.666298344715,13.894047619047619
49,23,3,2,7,6,8,1,15882.666298344715,13.894047619047619
49,24,3,2,7,6,8,1,15882.666298344715,13.894047619047619
49,25,3,2,7,6,8,1,15882.666298344715,13.894047619047619
49,26,3,2,7,6,8,1,15882.666298344715,13.894047619047619
49,27,3,2,7,6,8,1,15882.666298344715,13.894047619047619
49,28,3,2,7,6,8,1,15882.666298344715,13.894047619047619
49,29,3,2,7,6,8,1,15882.666298344715,13.894047619047619
49,30,3,2,7,6,8,1,15882.666298344715,13.894047619047619
49,31,3,2,7,6,8,1,15882.666298344715,13.894047619047619
49,32,3,2,7,6,8,1,15882.666298344715,13.894047619047619
49,33,3,2,7,6,8,1,15882.666298344715,13.894047619047619
49,34,3,2,7,6,8,1,15882.666298344715,13.894047619047619
49,35,3,2,7,6,8,1,15882.666298344715,13.894047619047619
49,36,3,2,7,6,8,1,15882.666298344715,13.894047619047619
49,37,3,2,7,6,8,1,15882.666298344715,13.894047619047619
49,38,3,2,7,6,8,1,15882.666298344715,13.894047619047619
49,39,3,2,7,6,8,1,15882.666298344715,13.894047619047619
49,40,3,2,7,6,8,1,15882.666298344715,13.894047619047619
49,41,3,2,7,6,8,1,15882.666298344715,13.894047619047619
49,42,3,2,7,6,8,1,15882.666298344715,13.894047619047619
49,43,3,2,7,6,8,1,15882.666298344715,13.894047619047619
49,44,3,2,7,6,8,1,15882.666298344715,13.894047619047619
49,45,3,2,7,6,8,1,15882.666298344715,13.894047619047619
49,46,3,2,7,6,8,1,15882.666298344715,13.894047619047619
49,47,3,2,7,6,8,1,15882.666298344715,13.894047619047619
49,48,3,2,7,6,8,1,15882.666298344715,13.894047619047619
49,49,3,2,7,6,8,1,15882.666298344715,13.894047619047619
