raw_input_capacity,post_loading_buffer_capacity,post_conveyor_buffer_capacity,post_washing_buffer_capacity,pre_press1_buffer_capacity,pre_press2_buffer_capacity,post_press12_buffer_capacity,pre_press_split_buffer_capacity,press1_out_buffer_capacity,press2_out_buffer_capacity,wip,throughput
8,2,1,2,10,1,2,2,6,4,22.02708333333333,26.83154761904762
1,1,1,6,10,8,10,8,3,2,32.010714285714286,27.37916666666667
3,2,1,9,8,4,2,9,8,2,29.928968253968254,27.38095238095238
6,5,4,4,8,9,1,9,2,1,35.8577380952381,27.307142857142857
6,3,8,7,3,1,2,10,8,3,27.977876984126983,26.97083333333333
2,9,4,3,1,6,2,9,3,5,29.069146825396825,26.933928571428574
8,1,7,5,1,3,5,3,5,3,22.854464285714286,26.78333333333333
1,8,10,3,8,9,8,5,5,2,44.09880952380952,27.37916666666667
3,7,7,2,9,2,8,7,5,4,33.236507936507934,27.34642857142857
6,2,3,10,5,3,6,8,2,2,28.989781746031746,27.343452380952378
7,4,1,5,1,4,9,2,6,5,21.025992063492062,26.880357142857143
8,2,10,5,2,7,4,2,7,4,31.98462301587302,27.327380952380953
5,1,6,9,3,8,9,8,6,3,33.00873015873016,27.35297619047619
3,1,10,3,3,9,2,6,3,1,32.130158730158726,27.31845238095238
1,2,3,4,1,7,7,6,4,7,23.054464285714285,26.96190476190476
5,10,7,1,6,8,4,8,3,7,38.313988095238095,27.355357142857144
5,1,2,8,7,5,7,8,3,7,28.971527777777776,27.382738095238096
10,8,8,1,8,2,1,6,8,2,33.14613095238095,27.297023809523807
4,5,6,3,1,7,1,1,4,3,27.86200396825397,26.73095238095238
4,6,9,2,1,10,6,10,4,3,34.12083333333333,26.972619047619048
1,1,8,2,5,7,6,3,8,4,29.14246031746032,27.31309523809524
1,6,10,6,7,3,2,1,4,4,37.93154761904762,27.402380952380952
6,10,6,5,7,7,6,4,5,1,41.02361111111111,27.382142857142856
3,1,9,7,4,4,8,5,3,6,30.999107142857145,27.327976190476193
2,9,9,3,5,4,2,6,7,5,36.073214285714286,27.35178571428571
9,2,9,8,2,2,4,3,10,6,29.024801587301585,27.301190476190477
3,7,5,4,5,1,3,6,10,2,28.052281746031746,27.03988095238095
1,1,5,7,6,6,5,10,7,10,30.993849206349203,27.37916666666667
3,3,7,3,1,4,10,9,6,9,24.112103174603174,26.919642857142854
4,7,8,1,9,7,2,2,2,4,38.16636904761905,27.367261904761904
2,5,1,9,3,3,3,7,7,3,26.974305555555553,27.267261904761902
9,3,5,2,8,9,6,10,3,5,33.20892857142857,27.37916666666667
7,8,5,6,3,2,8,4,8,4,29.964980158730157,27.251190476190477
2,5,3,9,5,3,7,4,4,9,31.044444444444444,27.378571428571426
9,3,4,6,10,7,1,9,6,4,35.847023809523805,27.37916666666667
4,9,1,1,6,8,4,1,7,7,30.982440476190476,27.297023809523807
5,8,10,1,1,5,10,2,8,10,31.06875,26.676190476190477
4,7,7,4,1,7,7,2,7,3,31.94325396825397,26.80238095238095
3,10,2,6,3,4,2,9,7,1,30.956646825396824,27.326785714285716
3,5,9,1,6,9,1,5,9,1,36.02876984126984,27.339880952380952
1,7,8,1,5,3,4,10,8,10,30.29136904761905,27.364285714285717
1,5,4,8,8,3,5,3,7,5,34.03650793650793,27.367261904761904
9,1,5,6,10,4,3,1,5,10,32.01587301587302,27.301190476190477
8,1,7,3,7,6,10,5,2,2,30.087599206349203,27.34642857142857
9,2,7,2,6,9,3,2,6,10,32.05525793650794,27.344642857142855
8,5,2,2,10,8,10,1,6,1,32.981944444444444,27.386309523809523
6,4,2,9,4,2,5,1,2,2,26.945535714285718,27.28392857142857
8,2,4,2,6,6,6,7,6,2,26.215376984126983,27.354166666666668
1,3,3,8,6,3,2,1,5,10,28.972817460317458,27.339880952380952
7,5,10,5,5,3,6,3,5,10,33.960119047619045,27.338690476190475
7,6,6,2,1,10,6,10,6,5,31.25446428571429,26.94345238095238
7,4,1,5,1,4,9,2,4,3,20.8844246031746,26.914285714285718
2,5,3,10,5,3,2,9,7,1,31.91378968253968,27.377380952380953
3,10,2,6,3,4,7,4,4,9,31.010416666666668,27.26904761904762
3,7,7,2,9,2,4,8,3,7,33.24246031746032,27.310119047619047
1,7,3,8,6,3,2,1,5,10,32.89821428571428,27.405952380952378
1,3,3,1,3,3,4,10,8,10,19.26378968253968,27.315476190476193
2,5,1,9,1,3,5,3,1,3,24.99434523809524,26.82857142857143
8,1,7,5,3,3,3,7,7,3,24.813988095238095,27.314880952380953
3,10,2,5,3,4,2,9,8,2,29.92311507936508,27.214880952380952
3,2,1,4,8,4,2,9,7,1,25.073511904761904,27.365476190476194
3,9,1,9,8,4,2,9,8,2,36.894146825396824,27.45357142857143
3,1,10,7,4,4,8,5,7,6,31.90724206349206,27.401190476190475
7,2,4,2,6,9,2,6,10,1,29.20575396825397,27.40178571428571
3,4,10,2,3,6,6,7,6,3,31.230257936507932,27.254761904761903
6,2,2,9,4,2,5,1,2,2,24.796924603174602,27.288690476190474
1,6,7,6,7,3,2,1,4,4,34.63164682539683,27.313690476190477
5,8,10,1,1,2,10,4,6,4,28.257738095238096,26.654761904761905
9,3,4,6,5,3,6,8,5,10,27.013392857142854,27.35595238095238
5,1,6,9,3,8,9,8,6,5,32.824603174603176,27.215476190476192
6,2,3,10,5,3,6,4,10,7,28.984027777777776,27.35595238095238
5,1,2,8,7,5,7,8,3,2,28.987896825396824,27.458333333333332
2,5,3,9,5,9,2,6,3,1,37.039880952380955,27.409523809523808
3,1,10,3,3,3,7,4,4,9,25.91636904761905,27.22738095238095
9,2,9,8,2,2,4,5,3,6,28.855158730158728,27.20952380952381
3,1,5,7,4,4,1,5,10,6,26.756646825396825,27.401190476190475
9,2,7,2,7,9,2,10,8,3,33.205357142857146,27.45416666666667
6,3,8,7,3,1,3,2,6,10,28.017063492063492,27.008333333333333
8,6,1,2,8,4,2,9,8,2,27.15,27.414285714285718
4,2,1,3,8,1,2,2,6,4,21.020436507936505,26.84107142857143
4,7,7,4,6,7,5,2,7,3,37.10337301587302,27.445833333333333
1,1,5,7,6,6,5,10,7,10,31.005853174603175,27.454761904761902
1,8,10,3,8,1,3,6,10,2,36.04255952380952,26.989285714285717
3,7,5,4,6,9,8,10,5,2,37.09474206349206,27.457738095238096
4,1,1,6,10,8,10,9,3,2,32.02847222222222,27.435119047619047
1,7,8,1,9,7,2,2,2,4,38.169444444444444,27.451190476190476
4,7,7,4,1,7,7,2,3,10,31.87728174603175,26.784523809523808
1,3,3,8,6,3,2,1,5,3,28.89761904761905,27.405952380952378
1,1,5,7,6,6,5,10,7,4,31.005853174603175,27.454761904761902
3,7,7,2,9,2,8,5,5,10,33.08978174603175,27.251785714285717
9,3,5,2,8,9,6,10,3,5,33.22291666666667,27.451190476190476
1,7,8,1,5,3,4,8,8,10,30.32003968253968,27.344642857142855
9,2,9,8,2,2,4,3,10,6,28.95128968253968,27.19404761904762
9,2,7,2,6,9,3,2,6,10,32.19166666666666,27.39107142857143
1,1,8,8,1,3,5,3,5,3,27.000992063492067,26.98154761904762
8,1,7,2,5,7,8,3,8,4,28.157440476190477,27.40833333333333
6,5,4,4,9,5,7,8,3,7,33.09275793650794,27.452976190476193
5,1,2,8,8,9,1,9,2,1,33.84186507936508,27.38095238095238
9,3,5,2,8,9,6,10,3,4,33.22291666666667,27.451190476190476
7,8,5,6,3,2,8,1,7,7,29.956944444444446,27.213095238095242
4,7,7,4,6,7,5,2,7,3,37.02708333333334,27.347619047619048
9,3,5,1,8,7,6,10,3,4,30.41279761904762,27.326785714285716
3,1,10,3,1,3,5,4,4,2,24.131845238095238,26.866666666666667
7,4,1,5,1,4,9,2,3,2,20.98690476190476,26.913690476190474
5,1,2,8,7,5,7,8,4,3,29.126488095238095,27.36309523809524
1,3,2,8,7,5,7,8,3,5,31.127777777777776,27.36309523809524
5,1,3,8,6,3,2,6,1,10,26.993849206349203,27.380357142857143
8,1,7,5,1,2,5,3,8,10,21.90436507936508,26.865476190476194
1,8,3,1,3,3,4,10,5,3,24.301190476190477,27.3125
5,1,2,7,6,6,5,10,7,4,28.136210317460318,27.36309523809524
1,1,5,8,7,5,7,8,3,7,32.128273809523805,27.36309523809524
4,1,1,10,10,4,4,9,8,2,32.03085317460317,27.288690476190474
6,4,2,9,4,2,5,1,2,2,27.007936507936506,27.284523809523808
6,2,2,8,4,2,5,1,2,4,23.99265873015873,27.232738095238098
1,3,3,8,4,3,2,1,2,3,27.057242063492065,27.372619047619047
7,4,1,5,1,4,9,2,4,3,20.98690476190476,26.913690476190474
4,1,1,6,3,3,3,7,7,3,19.931150793650794,27.357142857142854
3,1,10,3,3,3,7,4,2,4,26.13700396825397,27.297619047619047
1,7,8,1,8,7,2,2,4,9,37.15625,27.292261904761904
4,5,6,3,7,3,2,1,5,10,30.100892857142856,27.20357142857143
4,7,3,8,1,6,1,7,4,3,30.869146825396825,26.926190476190477
3,3,7,3,1,4,10,9,6,7,24.024007936507935,26.938690476190477
1,2,3,4,1,7,2,6,4,9,23.070238095238096,27.05833333333333
9,2,9,8,2,2,4,3,10,2,29.036309523809525,27.24345238095238
6,2,2,9,4,2,5,1,2,2,25.00793650793651,27.284523809523808
6,2,4,10,5,3,6,4,10,7,30.048015873015874,27.313690476190477
3,9,1,1,3,10,2,10,8,3,30.213095238095242,27.360714285714288
5,3,8,9,8,4,1,9,8,2,37.7545634920635,27.277976190476192
5,1,2,8,7,5,2,2,8,2,29.044444444444444,27.3375
8,6,3,2,8,4,7,8,3,2,29.272916666666667,27.29583333333333
7,4,5,2,8,9,6,10,3,4,34.31458333333333,27.33154761904762
9,3,5,6,1,4,9,2,6,2,24.915376984126986,26.979761904761904
6,3,8,7,3,1,3,2,8,2,27.90396825396825,26.877380952380953
3,2,1,9,8,4,2,9,6,10,29.991964285714282,27.288690476190474
1,3,3,8,6,3,2,1,8,2,29.012103174603176,27.33511904761905
3,2,1,9,8,4,2,9,5,10,29.991964285714282,27.288690476190474
3,2,1,7,4,4,1,5,10,6,23.915972222222223,27.291071428571428
3,1,5,9,1,4,2,9,8,2,25.978075396825396,26.89940476190476
3,1,10,9,8,4,2,9,7,2,37.993948412698415,27.288690476190474
3,2,5,7,4,4,8,5,7,6,28.119444444444447,27.291071428571428
7,4,1,4,5,10,3,6,10,2,30.174404761904764,27.336309523809526
3,7,5,5,1,4,9,2,6,5,27.98690476190476,26.913690476190474
1,1,5,9,6,6,2,1,5,10,33.03938492063492,27.332142857142856
6,3,7,7,3,1,3,10,3,4,27.048214285714288,26.972023809523808
2,5,1,9,3,3,3,1,7,6,26.84275793650794,27.35833333333333
9,2,9,8,2,2,4,5,3,3,28.987400793650796,27.280952380952378
1,2,3,4,5,3,2,1,4,4,22.90138888888889,27.2875
3,7,5,4,5,1,3,6,10,2,27.9469246031746,26.911904761904758
7,4,1,5,1,4,9,2,4,3,20.98690476190476,26.913690476190474
10,3,4,6,5,3,6,8,5,10,27.090476190476192,27.313690476190477
4,1,2,7,6,6,5,10,7,4,27.916071428571428,27.33095238095238
5,1,1,6,7,6,3,7,7,1,26.90545634920635,27.335714285714282
1,1,5,7,6,6,5,10,5,10,30.916269841269845,27.33095238095238
1,1,5,7,1,6,5,2,4,3,25.937797619047622,26.97738095238095
7,4,1,5,1,4,9,10,7,4,20.923015873015874,26.926190476190477
3,5,4,4,3,5,7,8,3,7,27.067559523809525,27.285119047619048
6,1,5,7,4,4,5,5,10,6,27.037103174603175,27.252380952380953
5,1,2,8,7,5,5,8,2,4,28.93105158730159,27.30238095238095
6,2,2,8,4,2,7,8,3,7,24.12847222222222,27.29345238095238
1,6,1,7,4,10,1,5,10,6,33.82420634920635,27.3125
1,8,3,1,3,3,4,10,5,3,24.343452380952378,27.335714285714282
1,3,3,1,3,3,4,10,8,3,19.343849206349205,27.335714285714282
7,4,5,4,1,7,7,6,9,7,27.050099206349206,26.90416666666667
1,2,4,2,6,9,2,6,10,1,29.074603174603176,27.29404761904762
7,4,1,5,8,9,6,10,3,4,32.96785714285714,27.33095238095238
9,3,5,2,1,4,9,2,4,3,21.165376984126986,26.748214285714283
7,4,1,5,1,1,9,2,2,2,18.02113095238095,26.423809523809524
6,2,2,9,4,2,5,1,6,5,24.901488095238097,27.27678571428571
6,2,3,9,4,2,5,1,5,10,25.901686507936507,27.27678571428571
10,3,4,6,5,3,6,8,2,2,26.93700396825397,27.307738095238097
3,1,3,8,6,3,2,1,5,3,26.901190476190475,27.3125
1,3,10,3,3,3,7,4,4,9,28.076388888888893,27.195238095238096
7,4,1,5,1,4,7,10,3,2,20.923015873015874,26.926190476190477
3,3,7,3,1,4,10,2,4,3,24.11498015873016,26.835714285714282
7,4,1,5,1,4,9,9,6,9,20.935119047619047,26.940476190476193
1,10,5,7,4,4,4,5,10,6,36.037103174603175,27.252380952380953
3,1,3,1,3,3,4,10,8,10,17.344146825396827,27.335714285714282
3,3,4,6,5,3,6,8,5,10,26.93700396825397,27.307738095238097
10,3,7,3,1,2,10,9,6,7,22.163690476190474,26.934523809523807
7,4,1,10,10,3,4,10,5,3,33.9186507936508,27.32440476190476
1,8,3,6,1,4,9,2,6,5,27.957738095238096,26.82440476190476
7,2,3,8,1,7,2,6,4,2,26.910714285714285,26.976785714285718
1,2,4,2,6,9,2,6,10,1,29.074603174603176,27.29404761904762
8,4,7,2,5,7,9,2,6,2,31.159027777777776,27.286309523809525
9,3,5,6,1,4,8,3,8,4,25.08125,26.919642857142854
7,2,4,6,9,5,7,2,3,6,31.91547619047619,27.303571428571427
6,5,4,2,6,9,10,6,10,1,32.00109126984127,27.33452380952381
3,1,10,1,3,3,4,10,5,3,24.343650793650795,27.335714285714282
1,8,3,3,3,3,7,4,2,4,26.076587301587303,27.195238095238096
7,4,1,5,1,4,9,2,7,4,21.011111111111113,26.813690476190477
1,1,5,7,6,6,5,10,3,2,30.916269841269845,27.33095238095238
3,1,5,7,4,4,7,6,4,7,27.0390873015873,27.247023809523807
1,2,3,4,5,7,2,5,10,6,26.96220238095238,27.286904761904758
3,4,7,7,4,4,1,5,10,6,31.889682539682543,27.252380952380953
3,1,5,3,1,2,10,9,6,9,18.164384920634923,26.934523809523807
1,1,5,5,1,4,9,2,4,3,22.011805555555554,26.813690476190477
8,1,3,2,5,3,2,1,2,3,20.041170634920636,27.2625
1,3,3,7,6,6,3,10,7,4,30.911904761904758,27.33095238095238
5,1,2,4,1,7,7,6,4,7,21.008829365079364,26.87559523809524
3,3,7,4,1,7,7,6,4,7,28.049900793650796,26.90416666666667
1,1,5,8,4,2,1,1,2,4,25.831448412698414,27.189880952380953
8,6,1,2,8,4,2,9,8,2,27.183234126984125,27.35297619047619
8,6,1,2,8,4,2,9,8,2,27.183234126984125,27.35297619047619
1,2,4,2,6,3,6,7,6,2,23.133928571428573,27.273214285714282
1,1,9,8,6,3,2,6,1,10,32.95734126984127,27.359523809523807
3,2,1,4,8,4,2,9,7,1,24.9578373015873,27.360714285714284
1,3,3,7,3,3,4,10,8,3,24.960714285714285,27.27321428571429
8,4,1,5,4,4,9,2,3,10,24.00644841269841,27.279761904761905
1,7,3,8,6,3,2,3,5,2,32.97291666666667,27.32261904761905
6,5,2,8,4,2,5,1,2,10,26.974900793650797,27.175
9,3,4,6,5,3,6,8,5,4,27.06378968253968,27.275
3,1,3,1,3,3,4,2,2,4,17.063194444444445,27.223214285714285
2,1,5,7,6,6,5,10,7,4,31.075694444444444,27.319642857142856
1,1,2,8,7,5,7,8,3,7,29.06269841269841,27.345238095238095
3,9,1,9,8,4,2,2,8,4,36.95912698412698,27.35297619047619
8,1,7,2,5,7,8,1,8,2,28.04454365079365,27.27261904761905
1,2,3,4,5,4,2,9,7,1,23.957738095238096,27.360714285714284
3,2,1,4,1,7,2,6,4,9,20.999107142857145,26.941071428571426
3,1,5,7,6,6,5,10,7,4,31.075694444444444,27.319642857142856
8,1,3,1,3,3,4,10,8,10,17.230853174603176,27.29047619047619
6,1,5,7,6,6,2,6,4,9,31.004464285714285,27.317857142857143
1,2,3,4,1,7,9,10,7,10,23.078075396825398,26.895833333333332
9,1,7,9,1,1,9,2,2,2,25.043650793650794,26.56666666666667
7,4,7,2,7,9,2,3,8,3,35.146924603174604,27.297023809523807
7,4,1,5,1,4,2,9,8,2,21.054464285714285,26.916666666666668
3,9,2,9,8,4,7,10,3,2,38.01190476190476,27.353571428571428
8,1,7,2,5,1,8,3,8,2,22.02688492063492,26.826785714285716
7,4,1,5,1,1,9,2,2,4,17.925595238095237,26.42083333333333
6,5,4,4,3,5,9,9,6,8,26.94970238095238,27.27857142857143
7,4,1,5,4,4,7,8,3,7,24.025793650793652,27.366666666666667
6,5,4,4,6,4,2,1,2,10,28.990476190476194,27.37559523809524
1,7,3,8,9,5,7,8,3,7,38.06319444444445,27.345238095238095
6,8,3,1,3,3,4,10,6,9,24.230753968253968,27.29047619047619
3,1,5,3,10,8,10,2,5,3,33.131349206349206,27.3125
3,2,1,4,8,4,2,9,7,1,24.9578373015873,27.360714285714284
7,8,8,5,1,7,9,2,4,3,34.93720238095238,26.866666666666667
7,5,2,9,4,2,5,1,2,2,27.960615079365077,27.280357142857145
6,2,1,5,1,4,9,2,4,3,19.051884920634922,26.836309523809526
6,2,2,8,4,2,1,8,8,2,23.841865079365082,27.289285714285718
7,4,1,5,1,1,9,2,3,7,17.925595238095237,26.42083333333333
3,1,10,7,4,4,10,9,3,2,31.99345238095238,27.372023809523807
1,3,3,8,4,2,5,1,2,2,25.974900793650797,27.175
6,2,2,9,4,2,2,1,5,3,24.929166666666667,27.280357142857145
1,8,3,5,1,4,9,10,6,9,26.99791666666667,26.961309523809526
7,4,1,1,3,3,4,10,5,3,18.231051587301586,27.29047619047619
6,5,4,4,5,7,8,3,8,4,31.103075396825396,27.310714285714283
3,1,7,2,9,5,7,8,3,7,30.234920634920634,27.338095238095242
1,3,1,1,3,3,4,10,8,2,17.231051587301586,27.29047619047619
3,10,2,8,4,2,7,8,3,3,31.998511904761905,27.289285714285718
1,8,3,1,3,3,4,10,8,1,24.230753968253968,27.29047619047619
1,2,3,4,5,4,2,9,7,1,23.912599206349206,27.286309523809525
3,8,1,5,8,4,2,2,7,1,31.85029761904762,27.29642857142857
3,1,3,6,3,3,3,7,7,3,21.981646825396826,27.366071428571427
4,1,1,1,3,3,4,10,8,10,15.231150793650794,27.405357142857145
7,2,1,5,1,1,6,8,5,10,15.993055555555554,26.513095238095236
9,3,4,6,5,3,9,2,3,7,26.845436507936505,27.326785714285712
6,8,3,1,9,3,4,2,2,4,30.095436507936505,27.270833333333332
3,1,3,1,8,3,4,10,6,9,22.268551587301587,27.417261904761904
6,2,2,8,5,7,2,3,8,4,29.722817460317458,27.333333333333332
8,1,7,2,4,2,1,8,8,2,22.047619047619047,27.32559523809524
8,2,4,2,6,6,6,7,6,2,26.059523809523807,27.333333333333332
7,4,1,5,1,1,9,2,8,4,17.948809523809523,26.508333333333333
1,1,5,2,6,6,6,7,6,2,26.059325396825397,27.333333333333332
4,1,1,6,3,3,4,10,8,2,19.947916666666668,27.351190476190474
1,3,1,1,3,3,3,7,7,1,17.222420634920635,27.407142857142855
4,3,3,8,4,4,8,10,5,2,27.87996031746032,27.347023809523808
3,7,5,4,6,3,2,1,2,3,31.034623015873017,27.348214285714285
3,7,5,4,6,3,2,1,5,3,31.034623015873017,27.348214285714285
4,1,1,6,5,3,6,8,5,10,21.959821428571427,27.419642857142854
1,3,3,8,1,1,8,2,2,2,21.920039682539684,26.629761904761903
7,4,1,5,6,3,2,1,5,3,24.977876984126986,27.332738095238096
4,1,1,6,3,3,3,7,2,7,19.982539682539684,27.372023809523807
10,3,3,5,4,4,7,8,3,3,24.96795634920635,27.348214285714285
6,5,4,4,6,6,5,10,7,4,30.88938492063492,27.333333333333332
5,1,2,7,9,5,7,8,3,7,29.74980158730159,27.333333333333332
7,4,1,5,8,4,2,9,8,2,27.849206349206348,27.32857142857143
8,6,1,2,1,1,9,2,2,2,17.084126984126986,26.257142857142856
1,8,3,1,3,3,4,10,5,2,24.22906746031746,27.423809523809524
7,4,1,1,3,3,4,10,5,3,18.2296626984127,27.423809523809524
3,1,5,7,1,2,5,7,1,2,21.96081349206349,26.98988095238095
4,3,3,1,3,3,4,10,8,10,19.228968253968254,27.423809523809524
1,3,1,4,8,4,2,9,7,1,25.91279761904762,27.286309523809525
3,2,7,4,8,4,2,9,8,2,30.914980158730156,27.32857142857143
8,9,1,2,8,4,2,9,7,1,30.10813492063492,27.30595238095238
1,3,3,8,6,3,3,1,8,10,28.94037698412698,27.36488095238095
8,1,3,1,3,3,4,10,5,6,17.230654761904763,27.423809523809524
1,7,1,5,4,4,7,8,3,7,26.96795634920635,27.348214285714285
7,4,3,8,4,3,2,1,5,10,27.98462301587302,27.37440476190476
1,3,1,5,1,1,2,2,2,2,16.886805555555554,26.4875
7,4,3,8,4,3,2,1,2,3,27.982638888888893,27.36428571428571
7,4,1,5,1,1,8,3,8,4,17.962003968253967,26.480357142857144
8,1,7,2,5,7,10,2,2,2,28.061309523809523,27.373809523809523
3,2,1,4,8,4,2,5,7,5,24.975099206349206,27.282142857142855
3,5,1,4,2,4,2,9,7,9,22.09295634920635,27.274404761904766
1,1,3,4,9,3,4,10,8,10,25.999603174603173,27.36904761904762
8,2,3,8,4,3,2,1,2,3,25.982440476190476,27.36428571428571
9,3,5,2,8,9,6,10,3,5,33.09424603174603,27.333333333333332
3,9,1,9,8,4,2,9,3,2,36.76388888888889,27.32857142857143
1,3,1,1,3,3,4,10,8,4,17.229960317460318,27.423809523809524
4,1,7,2,2,7,8,3,8,2,25.163789682539683,27.27857142857143
8,1,3,1,6,9,8,10,5,2,26.348412698412698,27.34642857142857
3,7,5,4,6,3,4,10,5,6,31.075,27.369642857142857
1,3,1,5,1,1,4,10,5,6,17.0609126984127,26.594642857142855
8,1,3,1,3,8,2,2,2,2,22.15357142857143,27.28928571428571
7,4,1,5,1,1,2,2,2,2,18.018948412698414,26.425
1,3,1,5,9,10,7,5,3,7,34.07956349206349,27.34642857142857
3,9,1,2,8,4,2,9,9,2,30.217261904761905,27.33690476190476
1,3,3,1,3,3,4,10,8,10,19.25793650793651,27.305357142857144
4,1,5,1,3,3,4,10,8,10,19.2578373015873,27.305357142857144
3,1,3,6,3,3,3,10,8,3,22.05386904761905,27.291666666666668
7,4,1,1,3,3,4,10,5,3,18.257738095238096,27.305357142857144
7,2,1,5,1,1,2,8,5,10,16.044940476190476,26.54583333333333
1,3,3,1,3,3,4,10,8,10,19.25793650793651,27.305357142857144
4,3,1,1,3,10,4,10,8,2,24.297420634920634,27.286309523809525
1,3,1,1,3,3,4,10,8,2,17.249107142857145,27.29642857142857
1,3,1,1,3,3,3,7,7,1,17.157142857142855,27.345238095238095
1,2,7,2,7,9,2,10,8,3,33.24176587301587,27.34642857142857
3,9,1,9,10,4,2,9,8,2,38.96765873015873,27.330357142857146
7,4,1,1,3,3,4,10,3,4,18.257738095238096,27.305357142857144
9,3,5,2,8,9,6,10,5,3,33.26428571428572,27.34642857142857
5,4,1,1,3,3,1,8,3,7,18.129761904761903,27.282142857142855
7,4,1,5,4,4,7,10,1,3,24.047123015873016,27.34166666666667
9,2,7,2,6,9,2,10,3,7,32.24176587301587,27.34642857142857
6,5,8,4,4,6,7,3,8,3,32.98740079365079,27.285714285714285
3,1,1,1,3,3,4,2,8,10,15.219940476190477,27.189285714285717
4,1,3,6,3,3,3,7,5,3,22.0,27.286904761904758
4,3,4,1,1,1,9,2,2,2,16.180853174603175,26.190476190476193
7,4,1,5,3,8,2,4,8,8,26.796825396825398,27.379761904761903
6,7,1,5,1,4,9,8,3,7,24.05902777777778,27.007738095238096
9,4,2,5,4,4,7,2,4,3,25.02202380952381,27.32261904761905
7,1,1,2,8,4,2,9,3,8,22.203968253968252,27.336309523809526
8,4,1,5,4,4,8,8,3,7,24.098214285714285,27.31904761904762
2,3,3,1,3,3,2,10,8,1,19.21378968253968,27.29642857142857
1,6,1,1,3,3,3,7,7,10,20.142857142857142,27.344642857142855
7,4,1,5,1,1,9,2,8,4,18.012301587301586,26.46666666666667
3,1,5,7,1,2,5,7,1,2,22.081349206349206,26.940476190476193
8,1,3,1,3,3,4,5,8,10,17.265674603174602,27.276785714285715
8,6,1,2,8,7,2,9,8,2,30.22986111111111,27.34642857142857
1,3,1,5,9,4,7,8,3,7,28.116765873015872,27.36190476190476
7,4,1,1,8,3,3,7,7,1,23.192757936507938,27.310119047619047
1,3,3,1,3,3,4,10,8,4,19.25793650793651,27.305357142857144
1,1,5,7,6,6,5,10,7,3,31.058928571428574,27.34642857142857
3,7,3,8,3,3,4,10,5,6,29.999107142857145,27.34107142857143
8,1,5,4,6,9,8,10,5,2,31.14325396825397,27.34642857142857
8,1,5,7,1,2,5,7,7,3,22.081349206349206,26.940476190476193
4,1,1,6,3,3,3,7,1,2,19.998313492063495,27.261309523809523
8,1,7,2,5,7,8,3,8,4,28.078075396825398,27.29345238095238
4,1,1,1,3,3,4,10,8,10,15.303174603174602,27.28988095238095
7,4,1,5,1,1,9,2,2,4,18.012301587301586,26.46666666666667
3,1,3,1,8,8,4,10,6,9,27.34742063492063,27.34642857142857
9,3,5,2,8,3,4,10,8,4,27.17886904761905,27.390476190476193
1,3,1,8,3,3,6,9,3,5,23.821527777777778,27.28809523809524
1,3,3,1,9,5,7,8,3,7,27.326190476190476,27.35
4,7,1,1,3,7,8,10,5,2,25.24563492063492,27.317261904761903
7,4,1,1,3,3,3,7,7,1,18.235714285714288,27.258928571428573
1,3,9,1,3,3,4,10,5,3,25.30545634920635,27.315476190476193
1,3,1,1,3,3,10,9,5,9,17.268650793650796,27.276785714285715
3,1,8,3,1,2,10,10,8,2,21.189980158730158,26.951190476190476
3,3,8,1,3,3,4,10,8,10,24.30535714285714,27.315476190476193
4,1,3,1,3,3,4,10,8,10,17.306448412698412,27.315476190476193
7,4,1,1,3,3,1,8,3,10,18.096924603174603,27.286904761904765
5,6,1,5,1,1,2,8,5,10,20.0094246031746,26.575
7,2,8,5,1,1,2,8,5,10,23.008134920634923,26.575
9,2,7,2,7,9,2,10,8,2,33.21498015873016,27.333333333333332
6,5,4,4,9,5,7,8,3,7,33.13373015873016,27.339285714285715
9,3,1,2,8,9,6,10,3,5,29.237400793650796,27.357142857142854
4,1,3,6,3,3,4,10,8,7,21.884325396825396,27.28809523809524
4,1,1,4,3,3,3,7,2,2,18.001984126984127,27.315476190476193
1,3,4,1,1,1,9,2,2,5,16.177480158730155,26.242857142857144
4,3,1,1,3,3,3,7,7,1,17.236011904761902,27.258928571428573
1,1,5,7,6,6,5,10,7,2,31.044146825396826,27.357142857142854
3,2,1,5,1,1,2,8,5,10,15.94375,26.56666666666667
7,1,5,3,1,9,10,9,6,9,25.153769841269842,26.952976190476193
7,4,1,5,1,1,3,2,3,7,17.88720238095238,26.511904761904766
8,1,3,1,3,3,10,10,8,7,17.307142857142857,27.315476190476193
5,4,1,1,3,3,1,8,8,3,18.096924603174603,27.286904761904765
1,3,2,1,3,3,4,10,3,7,18.30605158730159,27.315476190476193
7,2,1,5,1,1,6,10,3,5,15.973115079365078,26.598809523809525
4,1,1,6,3,3,4,10,5,6,19.883333333333333,27.28809523809524
8,1,3,1,3,3,3,7,7,3,17.235218253968252,27.258928571428573
6,5,4,1,9,5,7,8,3,6,30.325099206349204,27.35
6,5,4,4,9,3,4,8,8,2,31.054365079365077,27.390476190476193
1,3,10,1,3,5,7,8,3,7,28.25347222222222,27.286904761904758
10,3,3,6,3,3,7,7,7,3,23.884722222222223,27.28809523809524
3,1,1,1,3,3,3,7,7,1,15.273412698412699,27.258333333333333
9,3,5,2,8,1,9,2,2,4,25.061507936507937,26.932738095238097
7,4,1,5,1,9,6,10,3,5,25.870337301587302,26.973809523809525
4,4,1,4,3,3,4,10,7,4,20.987896825396824,27.28809523809524
1,1,5,7,6,6,5,10,3,4,31.044146825396826,27.357142857142854
5,4,1,1,3,3,1,8,3,2,18.096924603174603,27.286904761904765
5,1,2,8,7,5,7,8,3,7,29.039484126984128,27.345238095238095
8,1,3,1,3,3,4,10,5,1,17.306448412698412,27.315476190476193
1,3,1,1,3,3,3,1,7,6,17.075992063492063,27.052976190476194
3,1,3,1,3,3,3,7,7,1,17.235218253968252,27.258928571428573
1,1,1,1,3,3,4,10,8,10,15.309126984126985,27.315476190476193
1,3,3,1,3,3,4,10,5,2,19.305853174603175,27.315476190476193
1,8,1,1,3,3,4,10,8,2,22.305059523809526,27.315476190476193
10,4,1,1,3,3,4,10,5,3,18.30595238095238,27.315476190476193
7,4,1,1,3,3,4,10,1,9,18.30595238095238,27.315476190476193
1,1,1,6,3,3,3,7,7,3,19.872123015873015,27.28809523809524
4,9,1,4,3,3,4,10,8,10,26.051686507936505,27.286904761904765
1,9,1,1,4,3,3,7,2,2,24.311309523809523,27.218452380952378
1,3,1,1,3,3,6,10,3,5,17.212896825396825,27.277976190476192
7,2,1,5,1,1,4,10,8,2,16.13452380952381,26.479761904761904
1,1,5,7,3,3,4,10,8,10,24.956051587301587,27.286309523809525
1,1,1,1,6,6,5,10,7,4,21.228075396825396,27.31904761904762
1,3,1,1,3,8,5,10,7,10,22.307738095238097,27.351785714285718
1,1,5,7,6,6,3,7,7,1,30.911507936507938,27.31845238095238
3,1,3,1,8,2,4,10,6,9,21.261011904761904,27.25
3,1,1,2,3,3,4,2,8,10,16.025099206349203,27.20357142857143
1,1,1,1,3,6,4,10,8,3,18.308531746031747,27.351785714285718
4,3,3,1,3,3,4,10,8,3,19.22063492063492,27.277976190476192
7,1,10,1,3,10,3,7,7,1,31.173214285714284,27.39166666666667
3,2,1,5,1,1,4,10,3,5,16.13452380952381,26.479761904761904
4,1,3,1,3,9,2,10,8,3,23.28531746031746,27.351785714285718
1,3,9,1,3,3,4,10,8,10,25.22063492063492,27.277976190476192
4,1,1,1,3,3,4,10,6,3,15.214682539682538,27.273809523809526
4,1,1,4,3,3,10,10,5,4,18.050892857142856,27.286904761904765
7,4,1,1,3,3,3,8,2,2,18.2781746031746,27.301785714285717
8,1,3,1,3,3,4,10,5,1,17.215079365079365,27.284523809523808
1,3,7,1,3,3,4,10,8,4,23.22063492063492,27.277976190476192
8,3,1,5,1,1,2,2,2,2,16.911706349206348,26.414285714285718
7,1,3,1,3,3,4,3,5,6,17.196626984126986,27.23392857142857
3,1,1,5,1,1,6,10,3,5,15.135317460317461,26.479761904761904
7,2,3,1,5,3,3,7,7,1,20.311904761904763,27.29583333333333
6,5,4,4,1,5,4,10,8,10,25.079761904761902,26.954761904761902
4,3,8,6,3,3,7,8,3,7,28.981646825396826,27.286904761904765
1,1,5,9,3,3,4,10,8,10,26.88204365079365,27.276785714285715
4,1,3,7,2,6,5,10,8,10,25.012698412698413,27.251190476190477
4,3,4,1,3,3,10,10,8,7,20.221329365079363,27.277976190476192
8,1,2,1,1,10,9,2,2,2,21.01001984126984,26.67738095238095
8,1,3,1,3,7,4,10,8,10,21.30684523809524,27.351785714285718
5,1,3,1,3,3,10,10,8,7,17.21309523809524,27.277976190476192
8,3,1,5,1,1,4,10,5,6,17.135515873015873,26.479761904761904
1,1,3,1,3,3,4,5,8,10,17.269642857142856,27.23988095238095
3,1,3,1,3,3,4,5,8,10,17.269642857142856,27.23988095238095
8,2,9,5,1,1,2,8,5,10,23.98611111111111,26.42559523809524
10,4,3,1,7,3,4,1,8,10,23.982936507936508,27.232738095238098
3,9,1,9,8,3,2,5,8,2,36.01954365079365,27.329761904761902
3,1,3,1,3,3,4,2,2,4,17.171329365079366,27.259523809523806
2,1,3,10,3,3,10,10,5,1,25.87638888888889,27.276785714285715
3,1,1,1,3,3,3,7,7,4,15.337301587301587,27.292857142857144
1,3,1,1,3,3,4,10,8,1,17.214880952380952,27.284523809523808
10,5,1,1,3,3,4,10,9,10,19.22063492063492,27.277976190476192
1,1,7,2,10,9,8,10,8,3,35.11210317460318,27.326785714285716
4,1,1,1,3,3,3,7,7,1,15.35793650793651,27.298809523809524
4,3,1,1,3,3,6,10,8,10,17.212896825396825,27.277976190476192
1,3,1,7,3,3,4,10,5,6,22.95515873015873,27.286309523809525
8,1,3,1,3,3,4,10,8,4,17.212400793650794,27.277976190476192
1,3,1,1,3,3,4,10,8,3,17.21220238095238,27.277976190476192
4,1,3,1,6,6,5,10,7,4,23.366468253968254,27.34166666666667
6,1,5,7,3,3,4,10,8,10,24.938492063492063,27.343452380952378
4,1,3,1,3,3,7,8,5,7,17.28263888888889,27.189285714285717
4,9,5,1,3,3,4,10,5,3,27.30882936507937,27.304166666666667
7,4,1,1,4,3,4,10,6,3,19.29861111111111,27.35
1,3,3,5,3,3,4,10,8,10,22.925198412698414,27.301190476190477
3,9,1,1,3,3,3,7,7,1,23.287301587301588,27.244642857142857
1,3,1,1,1,3,4,10,2,2,15.257043650793651,26.97738095238095
3,1,3,1,3,4,2,9,8,2,18.273511904761904,27.348809523809525
3,9,3,9,8,3,4,2,2,4,37.972023809523805,27.2625
9,3,1,1,3,3,3,7,7,10,17.293154761904763,27.225
3,1,4,2,8,9,6,10,3,5,30.268353174603174,27.34166666666667
4,1,1,4,7,3,3,7,3,2,22.093452380952378,27.224404761904758
4,1,1,6,10,8,10,10,2,2,32.09236111111111,27.34166666666667
3,1,1,5,1,1,6,10,10,5,14.910416666666666,26.53809523809524
3,1,9,2,3,3,4,2,8,10,24.14623015873016,27.163095238095234
3,2,1,5,1,1,2,3,8,2,15.831349206349207,26.430357142857144
3,9,1,9,8,3,2,8,5,10,35.89910714285715,27.321428571428573
3,1,1,5,3,3,4,10,8,10,18.926785714285714,27.301190476190477
4,8,3,1,1,1,6,10,3,5,20.179265873015872,26.525
3,1,3,9,3,6,5,10,7,4,28.0094246031746,27.347619047619048
1,1,5,7,3,3,4,2,2,4,24.83015873015873,27.20059523809524
3,1,3,1,3,3,4,10,5,2,17.3109126984127,27.304166666666667
1,8,3,1,3,3,4,2,2,4,24.144345238095237,27.13571428571429
3,1,1,1,3,3,4,5,8,10,15.305853174603175,27.24345238095238
4,3,3,1,3,3,4,2,8,10,19.144345238095237,27.13571428571429
7,1,3,1,3,3,4,2,2,4,17.143849206349206,27.12559523809524
3,1,3,3,3,3,4,3,5,6,19.14920634920635,27.24345238095238
1,3,8,1,3,3,10,10,8,7,24.308928571428574,27.304166666666667
8,1,3,1,3,3,8,7,7,1,17.29702380952381,27.225
1,1,5,7,6,6,5,10,7,10,31.07916666666667,27.34166666666667
10,3,1,1,3,3,4,10,8,10,17.310515873015873,27.304166666666667
4,3,2,1,3,3,4,9,8,2,18.323710317460318,27.314880952380953
1,3,1,1,3,6,6,10,8,1,20.3515873015873,27.326190476190476
8,1,5,1,3,3,4,10,8,10,19.309722222222224,27.304166666666667
4,5,4,8,9,5,7,8,3,7,37.06904761904762,27.34166666666667
6,7,1,1,3,3,4,10,6,3,21.30922619047619,27.304166666666667
1,3,1,1,3,4,4,10,8,10,18.34751984126984,27.34583333333333
7,2,1,1,3,3,4,10,8,2,16.310714285714287,27.304166666666667
4,1,1,6,5,5,3,7,7,1,24.079166666666666,27.30654761904762
1,3,1,1,3,3,6,8,5,10,17.282738095238095,27.189285714285717
4,1,3,1,3,5,4,8,3,2,19.308234126984125,27.309523809523807
4,1,10,1,3,3,4,10,8,10,24.309126984126983,27.304166666666667
4,1,3,1,3,3,3,7,7,1,17.28799603174603,27.244642857142857
1,9,1,9,8,4,2,9,2,2,37.03402777777778,27.35059523809524
3,3,1,1,3,3,4,10,8,4,17.310515873015873,27.304166666666667
4,1,6,10,3,3,4,10,8,10,28.900595238095242,27.35297619047619
4,1,1,1,3,3,3,7,2,2,15.263690476190476,27.222023809523808
1,3,1,1,6,9,8,10,2,6,26.366765873015872,27.34166666666667
3,7,5,4,3,3,4,10,8,2,28.015773809523807,27.305357142857144
3,1,3,1,3,3,4,10,8,10,17.28501984126984,27.274404761904766
8,1,3,1,3,6,4,10,8,10,20.130059523809525,27.363690476190477
4,1,2,1,3,3,3,7,7,1,16.270039682539682,27.307142857142857
3,1,1,1,3,3,3,7,2,2,15.280059523809523,27.297023809523807
4,1,1,1,3,4,1,10,8,10,16.05297619047619,27.276785714285715
3,9,1,9,8,4,2,7,8,2,36.90367063492063,27.26607142857143
1,1,5,7,6,6,5,8,3,7,30.938392857142855,27.30238095238095
1,1,1,1,3,3,4,10,2,4,15.303968253968254,27.274404761904766
3,1,3,8,3,3,4,2,10,10,23.903373015873015,27.32916666666667
4,1,3,1,3,5,2,9,8,2,19.1890873015873,27.338690476190475
3,1,3,2,3,3,4,10,3,10,18.144642857142856,27.309523809523807
3,1,3,1,9,3,4,10,8,8,23.28859126984127,27.32261904761905
3,1,3,1,3,3,4,2,2,4,17.29484126984127,27.152976190476192
3,1,1,5,1,1,6,10,10,5,14.891369047619047,26.48333333333333
3,1,1,5,1,1,6,6,10,5,15.004761904761903,26.554166666666667
7,2,1,5,1,1,6,8,5,10,15.93779761904762,26.484523809523807
7,2,1,5,1,1,6,10,3,5,15.891666666666666,26.48333333333333
4,10,1,1,3,3,3,7,7,1,24.244940476190475,27.317261904761903
1,7,1,1,3,3,3,2,7,7,21.267063492063492,27.123214285714283
1,3,1,1,3,3,4,10,8,10,17.28561507936508,27.274404761904766
4,1,1,1,3,3,3,10,8,2,15.301984126984127,27.274404761904766
7,2,1,5,3,3,4,10,8,4,20.050396825396824,27.35
1,3,1,9,2,1,6,8,5,10,21.99861111111111,26.955357142857146
8,1,3,1,3,3,4,10,8,10,17.28501984126984,27.274404761904766
4,1,1,1,3,4,4,10,5,1,16.16061507936508,27.28333333333333
1,1,1,7,3,3,6,10,3,5,20.926190476190477,27.32916666666667
3,1,1,5,1,1,4,10,8,10,14.890277777777778,26.48333333333333
3,1,1,6,3,3,3,7,7,4,19.991964285714285,27.327380952380953
3,5,1,1,10,3,4,2,8,10,26.12728174603175,27.267261904761902
1,3,1,1,3,3,1,3,10,2,16.993353174603175,27.257142857142856
3,2,1,5,1,1,4,10,9,3,15.890575396825398,26.48333333333333
8,1,3,1,3,3,3,7,7,1,17.268948412698414,27.307142857142857
3,1,1,1,3,3,4,10,9,9,15.303968253968254,27.274404761904766
1,6,5,1,3,3,4,2,10,4,24.27777777777778,27.123214285714283
3,1,3,7,6,6,5,7,7,4,28.928968253968254,27.30238095238095
3,9,1,2,3,3,8,2,8,10,24.01378968253968,27.31845238095238
3,1,1,9,8,4,2,9,1,2,28.841170634920637,27.274404761904766
1,5,5,7,6,6,5,10,7,3,34.93938492063492,27.30238095238095
4,1,1,1,3,3,4,10,6,4,15.303968253968254,27.274404761904766
3,1,1,1,3,3,3,7,7,1,15.277579365079365,27.31309523809524
2,1,1,6,3,3,4,10,2,10,20.005059523809525,27.332738095238096
1,1,5,7,6,6,6,10,10,4,30.938492063492067,27.30238095238095
4,1,1,1,3,3,4,10,8,10,15.303968253968254,27.274404761904766
3,1,1,1,3,3,4,2,8,2,15.3265873015873,27.159523809523808
4,1,1,1,3,3,3,7,2,10,15.280059523809523,27.297023809523807
1,1,5,7,6,9,5,5,7,10,33.9359126984127,27.30238095238095
3,1,1,5,1,1,6,10,10,5,14.891369047619047,26.48333333333333
8,1,3,1,3,3,3,7,7,1,17.268948412698414,27.307142857142857
1,3,1,1,3,3,4,10,10,6,17.28561507936508,27.274404761904766
3,1,1,7,6,6,5,10,7,10,26.918650793650794,27.30238095238095
4,1,2,1,3,3,3,7,7,1,16.245238095238097,27.40892857142857
8,1,3,1,3,3,4,10,5,6,17.2515873015873,27.365476190476194
8,1,3,1,3,3,4,10,5,1,17.2515873015873,27.365476190476194
8,1,3,1,3,3,3,7,7,1,17.23640873015873,27.40892857142857
1,1,1,1,3,3,3,8,10,1,15.260119047619048,27.35892857142857
9,3,1,1,3,8,10,9,3,2,22.237400793650796,27.30238095238095
4,1,1,6,10,3,3,7,7,1,26.983730158730157,27.339880952380952
3,1,1,1,3,10,3,7,7,4,22.286507936507938,27.320238095238096
1,1,5,7,6,6,1,10,7,1,30.84146825396825,27.330357142857146
3,9,1,9,8,3,3,7,2,2,35.92857142857143,27.317261904761903
3,1,1,1,3,4,2,9,8,2,16.24136904761905,27.317261904761903
3,1,1,5,1,1,4,10,8,3,14.994444444444445,26.610119047619047
3,1,1,5,1,1,7,8,10,5,14.979265873015873,26.61190476190476
3,1,1,5,1,1,6,10,4,9,14.995138888888889,26.610119047619047
3,1,8,8,3,3,10,9,3,2,28.8546626984127,27.389880952380953
4,1,1,6,10,8,3,7,7,1,32.023313492063494,27.248809523809523
1,3,1,1,3,3,7,10,5,1,17.25138888888889,27.365476190476194
8,1,3,1,3,3,4,10,8,4,17.2515873015873,27.365476190476194
1,3,1,1,3,3,8,10,8,2,17.25138888888889,27.365476190476194
4,1,1,1,3,3,4,10,8,4,15.270535714285714,27.365476190476194
3,1,1,5,1,1,7,10,8,10,14.995138888888889,26.610119047619047
4,3,3,1,3,3,4,10,8,10,19.258035714285715,27.365476190476194
9,1,5,2,8,9,6,10,3,5,31.235515873015874,27.25654761904762
1,1,1,1,3,3,1,1,8,10,14.806051587301587,27.129761904761903
3,7,5,4,6,9,7,8,3,2,37.113392857142856,27.271428571428572
5,1,2,8,7,5,8,10,5,2,29.04732142857143,27.25654761904762
3,1,1,1,3,3,3,7,7,1,15.2375,27.40892857142857
8,1,3,8,4,3,3,7,2,2,24.932242063492062,27.329761904761902
3,1,3,1,3,6,4,10,8,10,20.219047619047622,27.314285714285717
8,1,3,1,3,6,4,10,5,10,20.219047619047622,27.314285714285717
4,1,3,1,3,3,3,7,7,1,17.23640873015873,27.40892857142857
8,1,3,1,3,3,4,10,8,6,17.2515873015873,27.365476190476194
3,1,1,5,3,3,3,7,2,10,18.892757936507937,27.36190476190476
4,4,1,1,1,1,6,10,4,5,14.262400793650793,26.638690476190476
10,1,1,1,8,3,3,7,7,2,20.304761904761904,27.3
7,2,1,1,3,6,4,10,8,1,19.21964285714286,27.314285714285717
4,7,3,1,3,3,4,10,10,5,23.258134920634923,27.365476190476194
3,1,1,5,10,1,6,5,8,10,23.931547619047617,26.947023809523806
9,3,5,2,3,6,4,10,8,10,25.109623015873016,27.311309523809523
8,1,1,1,8,9,6,10,3,5,26.322222222222223,27.25654761904762
4,1,1,1,3,3,3,7,2,4,15.2375,27.40892857142857
1,1,1,7,3,3,4,10,8,10,20.82748015873016,27.389880952380953
1,1,9,7,3,3,3,7,7,9,28.94484126984127,27.357738095238098
1,3,1,1,3,6,4,10,8,3,20.219047619047622,27.314285714285717
1,1,5,7,6,6,3,7,7,1,31.00436507936508,27.242261904761904
4,1,2,1,3,3,5,10,7,4,16.261111111111113,27.365476190476194
3,9,1,1,3,3,4,10,8,4,23.258134920634923,27.365476190476194
1,3,4,5,1,1,6,6,10,5,20.01081349206349,26.638690476190476
3,1,3,1,3,3,4,10,10,5,17.2515873015873,27.365476190476194
3,1,1,5,1,1,6,6,8,10,15.003571428571428,26.61190476190476
9,3,5,2,8,9,4,10,5,3,33.1125,27.254761904761903
8,4,1,1,3,3,6,10,3,5,18.18700396825397,27.225
3,1,5,4,6,9,8,10,5,2,30.97003968253968,27.254761904761903
6,7,1,9,8,4,2,9,8,2,34.79384920634921,27.186309523809523
4,1,1,6,10,8,10,9,3,2,31.897222222222222,27.254761904761903
4,1,1,1,3,3,3,7,2,10,15.169345238095238,27.25059523809524
4,1,1,1,3,3,3,8,7,1,15.312003968253967,27.185714285714283
3,1,1,1,6,3,3,4,7,1,18.2218253968254,27.218452380952378
10,1,1,1,3,3,4,10,8,10,15.187698412698413,27.225
4,2,7,2,7,9,2,10,8,3,33.063988095238095,27.254761904761903
8,1,2,1,3,3,5,10,10,4,16.18779761904762,27.225
4,1,2,8,7,5,7,6,7,2,28.76686507936508,27.258928571428573
4,1,1,1,3,3,4,8,5,6,15.283630952380951,27.230357142857144
8,4,1,1,1,1,6,10,4,5,14.273115079365079,26.535714285714285
1,1,1,1,3,3,7,10,8,10,15.18968253968254,27.225
3,1,1,5,1,1,3,8,10,1,14.97827380952381,26.567857142857143
1,1,5,7,6,2,5,10,3,5,26.952480158730157,27.332142857142856
3,1,1,1,3,4,3,7,2,1,16.119246031746034,27.197023809523806
3,1,10,1,3,3,2,9,8,2,24.12281746031746,27.226785714285718
9,1,1,5,1,1,4,9,8,3,14.881646825396825,26.536904761904758
3,3,5,2,8,9,6,10,3,4,33.11378968253968,27.254761904761903
6,5,4,4,9,5,7,8,8,4,32.97688492063492,27.261309523809523
4,7,1,2,3,3,4,10,3,7,22.12420634920635,27.303571428571427
1,1,1,6,6,9,8,10,5,2,28.90625,27.254761904761903
3,7,5,9,3,3,1,8,8,10,32.75555555555555,27.258333333333333
9,2,7,1,3,3,4,10,8,10,22.184623015873015,27.225
4,1,4,2,7,4,2,10,8,3,24.085218253968254,27.21607142857143
3,1,1,1,3,3,3,7,7,1,15.147123015873015,27.265476190476193
4,1,1,5,1,1,2,10,10,5,14.948809523809524,26.54345238095238
1,1,5,1,8,3,4,10,8,10,24.18045634920635,27.252976190476193
1,7,1,7,6,6,5,10,7,4,32.88670634920635,27.254761904761903
3,10,1,5,1,8,10,10,8,2,30.965575396825397,26.775595238095242
1,3,1,5,3,1,6,10,10,5,19.021230158730155,26.961309523809526
6,1,1,1,3,3,3,7,7,1,15.147123015873015,27.265476190476193
3,5,4,4,9,5,7,7,3,7,32.965873015873015,27.261309523809523
3,1,1,1,3,3,4,10,8,10,15.187698412698413,27.225
4,1,1,5,1,5,4,9,8,10,18.988988095238096,26.922619047619047
4,1,2,1,3,3,4,10,6,3,16.18611111111111,27.225
4,1,1,1,3,3,6,10,7,4,15.18968253968254,27.225
5,1,1,1,3,3,2,10,8,2,15.155753968253967,27.225
1,3,6,1,3,3,4,10,8,10,22.185019841269842,27.225
1,4,1,1,3,3,4,10,5,3,18.185019841269842,27.225
7,1,1,1,3,3,6,8,10,1,15.284920634920635,27.230357142857144
7,4,1,5,1,1,4,10,8,3,17.98531746031746,26.54345238095238
8,1,1,2,3,3,4,10,5,3,16.12708333333333,27.303571428571427
4,1,1,5,1,1,4,10,8,10,14.983035714285714,26.54345238095238
7,1,1,1,3,3,4,10,8,4,15.187698412698413,27.225
4,1,2,1,3,3,3,10,8,10,16.18263888888889,27.225
3,1,1,5,1,1,7,7,7,1,15.041369047619048,26.557738095238097
8,10,3,1,4,3,3,7,2,4,27.17559523809524,27.230357142857144
1,3,1,1,3,3,3,7,8,2,17.25496031746032,27.34166666666667
5,1,1,1,3,3,2,10,10,1,15.318353174603175,27.357738095238098
5,1,2,9,1,1,7,8,10,5,20.028769841269842,26.6625
3,1,1,8,7,5,7,8,3,2,27.917063492063495,27.335714285714282
3,1,1,1,4,4,3,5,7,1,17.25188492063492,27.305357142857144
3,1,1,1,3,3,3,4,3,1,15.089682539682538,27.26607142857143
6,1,1,8,7,5,7,8,3,2,27.917063492063495,27.335714285714282
5,1,2,1,6,3,3,7,7,8,19.310813492063495,27.32261904761905
4,4,1,8,7,5,7,8,7,2,30.921031746031748,27.335714285714282
5,1,2,1,1,1,6,10,4,5,12.21765873015873,26.61309523809524
2,1,1,1,3,3,3,3,8,1,15.111408730158729,27.3
6,1,1,1,3,3,4,10,8,4,15.338492063492064,27.359523809523807
4,1,1,8,1,1,6,10,10,5,18.023809523809526,26.63690476190476
3,1,1,5,3,3,4,10,7,4,18.83452380952381,27.398809523809526
4,1,9,5,1,1,4,10,8,10,23.029166666666665,26.626785714285717
3,1,1,6,10,8,10,9,3,1,31.946626984126983,27.323214285714283
1,1,1,1,3,3,4,10,5,6,15.338492063492064,27.359523809523807
3,1,3,1,3,3,3,1,8,10,17.07123015873016,27.270238095238096
1,10,1,1,3,3,4,10,7,4,24.329464285714288,27.359523809523807
6,1,3,1,3,3,3,7,8,10,17.25863095238095,27.34166666666667
3,1,1,5,1,1,7,10,10,5,15.030257936507937,26.626785714285717
3,1,1,5,1,1,6,8,10,9,14.968055555555555,26.707142857142856
3,1,10,5,1,1,3,8,10,1,23.977579365079364,26.704761904761902
8,1,3,1,3,3,9,7,7,1,17.262301587301586,27.34166666666667
3,1,1,1,3,3,3,2,7,1,15.196428571428573,27.18095238095238
3,1,1,1,3,4,1,9,8,4,16.123511904761905,27.342261904761905
4,1,1,1,3,3,4,8,3,7,15.321825396825398,27.33511904761905
3,9,1,1,3,3,3,7,7,1,23.261309523809523,27.333928571428572
3,1,1,5,1,1,6,10,10,5,15.030257936507937,26.626785714285717
1,1,1,1,3,3,3,7,7,1,15.228472222222223,27.310119047619047
6,1,9,1,3,3,1,1,8,10,22.92956349206349,27.218452380952378
4,4,1,1,1,6,6,10,4,10,19.3531746031746,27.019642857142856
4,3,2,1,3,3,4,10,8,5,18.329563492063492,27.359523809523807
3,4,1,1,3,3,4,10,5,9,18.329662698412697,27.359523809523807
7,1,1,1,3,4,2,4,8,2,16.16547619047619,27.380357142857143
1,6,1,1,3,3,4,7,7,1,20.261904761904763,27.345238095238095
3,1,1,1,3,3,3,10,8,10,15.336309523809524,27.359523809523807
1,1,3,1,3,3,4,10,5,6,17.32857142857143,27.359523809523807
8,4,1,1,3,3,4,10,8,10,18.329662698412697,27.359523809523807
3,3,1,5,1,1,2,2,10,5,16.946626984126986,26.45952380952381
4,1,1,1,9,3,3,7,7,1,21.34890873015873,27.339880952380952
8,1,3,1,3,3,2,10,8,2,17.308531746031747,27.359523809523807
5,1,1,1,8,3,3,7,7,1,20.337599206349203,27.349404761904758
2,10,1,1,9,5,7,8,6,7,32.22787698412698,27.332142857142856
6,5,4,4,5,2,3,7,7,1,26.15257936507937,27.304761904761904
8,1,3,1,3,4,2,9,8,2,18.240972222222222,27.342261904761905
3,1,1,1,3,3,4,10,5,6,15.338492063492064,27.359523809523807
3,1,1,1,3,3,3,7,7,4,15.225297619047618,27.317857142857143
4,1,2,1,3,3,5,10,7,1,16.337698412698412,27.359523809523807
7,4,1,1,3,3,4,10,8,9,18.329662698412697,27.359523809523807
3,1,1,1,3,3,4,9,8,3,15.379166666666666,27.28809523809524
9,1,1,5,1,1,3,7,7,4,15.136111111111111,26.497619047619047
4,1,1,5,1,1,2,4,10,5,15.048908730158729,26.495238095238097
4,1,1,1,3,3,4,6,8,10,15.236408730158729,27.27440476190476
2,1,4,1,3,3,4,10,5,6,18.416964285714286,27.294642857142854
7,4,1,1,3,3,3,6,8,1,18.269146825396824,27.257738095238096
5,1,1,1,3,3,4,10,8,1,15.407142857142858,27.26607142857143
8,1,3,1,3,3,3,7,7,10,17.18333333333333,27.21190476190476
5,1,1,1,3,3,4,10,6,3,15.421031746031748,27.291666666666668
7,4,1,1,3,3,2,10,10,1,18.32490079365079,27.302976190476194
1,1,1,1,3,3,1,1,8,10,14.989285714285714,27.04345238095238
1,1,1,7,3,3,1,1,8,10,20.578472222222224,27.23392857142857
3,3,1,5,1,1,7,8,3,3,17.067956349206348,26.492857142857144
3,6,1,5,1,5,7,10,10,5,24.16636904761905,26.889880952380953
3,1,1,5,1,1,10,10,10,5,15.032341269841272,26.548214285714284
3,1,1,1,3,3,3,7,7,1,15.149603174603175,27.23392857142857
4,1,1,1,3,3,4,10,6,2,15.421031746031748,27.291666666666668
3,1,1,5,1,1,4,10,8,10,15.030357142857142,26.548214285714284
4,1,1,1,3,3,3,7,2,10,15.149603174603175,27.23392857142857
6,5,4,4,6,8,7,8,3,7,33.13422619047619,27.30654761904762
3,1,1,1,3,3,3,7,7,4,15.149603174603175,27.23392857142857
3,7,5,4,4,3,3,3,6,1,29.18025793650794,27.36488095238095
4,1,3,1,3,9,8,10,5,9,23.315277777777776,27.247023809523807
1,3,1,1,9,3,4,7,8,4,23.305654761904762,27.360119047619047
4,1,1,1,3,3,3,7,7,6,15.149603174603175,27.23392857142857
1,1,1,6,10,8,10,9,3,2,32.06785714285714,27.30654761904762
4,1,1,1,3,3,9,7,7,1,15.16001984126984,27.23392857142857
3,1,1,5,1,1,10,10,3,2,15.032341269841272,26.548214285714284
4,1,1,6,10,8,6,5,10,5,32.061904761904756,27.30654761904762
8,1,3,1,4,3,4,10,3,2,18.3,27.342857142857145
5,1,2,8,7,5,9,8,5,6,29.036805555555553,27.31845238095238
3,9,1,9,1,1,6,10,4,1,26.93154761904762,26.56428571428571
5,1,2,7,8,4,3,9,8,2,28.0703373015873,27.321428571428573
6,1,1,1,6,3,4,6,3,1,18.311309523809523,27.372619047619047
3,1,1,1,3,3,3,4,6,3,15.230059523809524,27.198214285714283
3,1,1,1,3,3,3,7,7,1,15.149603174603175,27.23392857142857
4,1,2,1,3,3,3,9,7,1,16.36855158730159,27.26904761904762
3,3,1,1,3,3,1,7,7,1,17.04781746031746,27.20595238095238
7,2,1,1,3,3,3,7,7,4,16.17718253968254,27.252380952380953
3,1,1,1,3,3,3,7,7,1,15.149603174603175,27.23392857142857
2,1,1,1,3,3,3,5,7,1,15.153670634920635,27.31190476190476
8,4,1,1,1,1,3,10,8,10,14.24454365079365,26.51309523809524
4,1,1,1,3,6,2,10,4,5,18.288690476190474,27.247023809523807
8,3,3,1,3,3,4,2,10,5,19.19464285714286,27.189285714285717
3,1,1,5,1,1,6,10,5,6,15.03204365079365,26.548214285714284
3,1,1,1,3,3,3,7,7,1,15.149603174603175,27.23392857142857
8,1,3,1,3,3,3,7,7,1,17.18333333333333,27.21190476190476
3,1,1,1,3,3,3,7,7,10,15.149603174603175,27.23392857142857
4,1,1,1,2,3,4,10,4,1,14.274007936507937,27.320833333333333
4,1,1,1,3,3,3,8,9,1,15.392261904761904,27.273214285714282
4,1,2,1,3,3,3,7,5,2,16.23095238095238,27.18333333333333
3,7,1,4,9,9,8,10,7,1,36.1110119047619,27.388690476190476
2,6,1,1,3,3,4,10,5,3,20.28799603174603,27.275595238095235
7,4,1,1,3,3,8,10,8,10,18.28878968253968,27.275595238095235
1,1,5,8,6,3,4,10,8,10,28.87390873015873,27.31904761904762
4,1,1,1,3,6,7,10,7,10,18.268353174603174,27.29583333333333
8,4,1,1,1,1,3,10,7,1,14.234920634920636,26.639880952380953
8,1,3,1,3,8,3,7,8,10,22.166865079365078,27.323214285714283
1,1,1,4,3,3,4,10,6,3,17.993253968253967,27.258333333333333
3,7,1,5,1,1,7,10,8,10,21.065277777777776,26.640476190476193
8,4,1,1,10,1,3,10,10,5,23.27559523809524,26.95059523809524
9,2,7,2,7,9,2,10,10,1,33.23015873015873,27.376785714285717
7,6,1,1,3,2,2,10,8,3,19.29295634920635,27.292261904761904
3,1,1,1,3,8,3,7,7,1,20.176884920634922,27.355357142857144
1,1,1,10,1,1,7,9,10,5,19.951190476190476,26.68095238095238
2,1,1,1,3,3,1,1,8,10,14.957638888888889,27.16845238095238
1,1,1,1,3,3,3,3,8,1,15.1046626984127,27.267857142857146
8,1,3,1,3,3,3,7,7,1,17.24652777777778,27.198214285714283
3,1,1,1,3,3,4,10,5,6,15.290079365079364,27.275595238095235
1,1,1,1,3,3,1,1,8,10,14.957638888888889,27.16845238095238
1,9,1,1,3,4,3,7,7,4,24.21825396825397,27.27857142857143
8,1,3,1,3,3,1,1,8,10,16.93561507936508,27.184523809523807
1,1,1,1,3,3,4,10,5,6,15.290079365079364,27.275595238095235
3,1,1,5,2,3,4,10,4,1,18.08065476190476,27.314285714285717
9,1,1,1,1,1,4,10,8,10,11.225892857142856,26.642857142857146
1,1,1,1,7,9,2,10,8,3,25.278769841269842,27.388690476190476
6,2,7,2,3,3,4,10,8,10,23.182142857142857,27.246428571428574
3,1,1,1,3,3,3,5,3,7,15.151488095238097,27.244642857142857
6,5,4,4,9,5,7,4,3,1,33.04295634920635,27.35892857142857
6,1,2,1,3,3,3,7,7,1,16.247619047619047,27.198214285714283
4,1,1,1,7,3,3,7,7,1,19.268353174603174,27.315476190476193
2,2,7,2,7,9,2,10,8,3,33.187400793650795,27.388690476190476
9,4,1,1,3,3,5,3,8,1,18.099900793650793,27.27261904761905
8,1,3,1,4,4,4,10,3,2,19.28611111111111,27.373809523809523
4,1,3,1,3,3,3,7,7,1,17.24652777777778,27.198214285714283
4,1,3,2,3,3,3,7,7,1,18.10763888888889,27.24583333333333
1,1,5,7,6,6,5,10,7,7,31.040079365079368,27.388690476190476
4,1,6,1,1,1,6,10,4,5,16.217559523809523,26.60892857142857
8,4,1,1,3,2,5,10,7,4,17.320734126984128,27.292261904761904
7,1,1,1,3,3,3,7,7,1,15.251190476190477,27.202380952380953
3,1,1,5,1,1,6,8,10,9,14.903174603174602,26.692261904761903
6,1,4,1,1,1,6,10,4,9,14.242460317460317,26.627380952380953
4,4,1,1,6,3,4,6,3,1,21.285912698412698,27.366666666666667
1,3,1,1,3,9,4,10,8,4,23.263690476190476,27.277380952380952
4,1,5,1,3,3,4,7,7,1,19.23204365079365,27.18333333333333
8,1,3,1,3,3,4,8,8,2,17.226289682539683,27.24345238095238
7,1,1,1,3,4,2,4,5,6,16.1890873015873,27.25595238095238
1,8,5,1,1,1,6,10,4,5,22.21825396825397,26.60892857142857
5,1,2,7,6,6,5,10,7,4,28.039781746031746,27.388690476190476
1,1,5,7,1,1,6,8,10,9,21.02172619047619,26.640476190476193
3,1,1,1,3,3,3,7,7,1,15.308531746031747,27.35892857142857
3,9,1,1,3,3,4,7,7,1,23.34156746031746,27.344642857142855
1,1,5,7,6,6,5,10,7,1,30.978670634920633,27.301190476190477
3,1,1,1,3,3,3,7,7,4,15.347222222222223,27.373214285714283
9,2,7,2,3,3,3,7,7,1,23.160218253968253,27.36190476190476
3,1,4,1,7,9,2,8,8,3,28.22797619047619,27.314880952380953
3,1,1,5,1,1,6,8,10,9,15.036507936507936,26.577976190476193
3,1,1,1,3,3,3,7,7,1,15.308531746031747,27.35892857142857
9,1,1,1,8,3,2,7,7,1,20.256051587301588,27.37440476190476
6,9,7,1,1,1,4,10,8,10,25.248710317460315,26.54047619047619
8,1,3,1,3,3,4,10,10,9,17.365376984126986,27.39107142857143
3,1,1,5,1,1,6,8,5,6,15.036507936507936,26.577976190476193
3,1,2,1,3,3,3,8,8,1,16.237103174603174,27.32857142857143
3,1,1,9,8,4,2,9,8,2,28.89246031746032,27.301190476190477
4,6,1,1,3,3,4,10,6,6,20.364781746031746,27.39107142857143
1,1,1,1,3,3,2,10,4,9,15.345138888888888,27.39107142857143
6,1,4,1,1,1,6,1,8,5,14.269444444444446,26.023809523809526
2,1,1,1,3,1,6,8,5,9,13.353571428571428,27.00416666666667
3,1,5,3,1,3,3,5,6,1,19.051289682539682,26.839880952380952
3,9,1,5,8,4,2,9,8,10,32.93779761904762,27.314880952380953
1,1,1,1,1,3,1,1,8,10,12.974305555555555,26.572023809523806
3,1,9,5,1,10,7,10,7,4,31.94613095238095,26.92440476190476
4,1,2,1,3,3,5,10,10,5,16.36706349206349,27.39107142857143
3,1,1,1,3,3,3,10,8,10,15.364682539682539,27.39107142857143
3,1,1,1,3,3,3,10,8,10,15.364682539682539,27.39107142857143
1,1,1,3,3,3,3,7,7,1,17.158730158730158,27.313095238095237
3,1,1,1,3,3,3,7,7,1,15.308531746031747,27.35892857142857
1,1,1,1,3,3,2,10,8,3,15.345138888888888,27.39107142857143
9,2,7,2,7,9,1,1,8,10,32.84861111111111,27.29642857142857
4,1,1,1,3,3,4,10,8,3,15.367658730158729,27.39107142857143
1,1,1,1,7,9,2,10,8,10,25.23779761904762,27.314880952380953
8,4,1,1,1,1,3,3,8,1,14.061309523809523,26.166666666666668
2,1,1,1,3,8,3,10,3,1,20.30595238095238,27.35
1,3,1,9,2,3,3,6,8,3,23.974305555555553,27.35
4,1,1,1,3,6,5,10,7,10,18.275198412698412,27.345238095238095
1,1,5,7,6,3,3,7,2,4,27.898511904761904,27.363690476190477
1,1,5,7,6,6,5,10,6,5,30.942857142857143,27.314880952380953
4,4,1,1,1,1,6,10,7,4,14.250595238095238,26.54047619047619
7,1,9,1,3,4,2,4,8,2,24.163392857142856,27.33690476190476
2,1,1,1,3,3,3,3,8,1,15.183630952380952,27.14345238095238
1,1,1,1,3,3,8,3,8,1,15.232738095238096,27.1875
2,1,1,1,3,3,1,1,8,10,14.919047619047621,27.097023809523808
3,1,1,5,1,1,7,3,8,2,15.034027777777776,26.598214285714285
8,4,1,1,1,1,3,8,10,5,14.110416666666666,26.461309523809526
3,1,1,5,1,1,6,8,10,9,15.036507936507936,26.577976190476193
3,1,1,5,1,1,6,8,10,9,15.036507936507936,26.577976190476193
10,1,1,5,1,1,7,10,10,5,14.99047619047619,26.566071428571426
4,1,1,1,3,3,7,10,7,1,15.368650793650792,27.39107142857143
1,5,3,3,3,3,4,10,5,6,23.197718253968254,27.42142857142857
8,1,1,1,3,3,3,7,7,1,15.308531746031747,27.35892857142857
3,1,1,1,3,5,1,8,8,10,17.173412698412697,27.304166666666667
2,1,1,1,3,3,3,7,2,4,15.205753968253967,27.297023809523807
3,1,1,1,3,3,1,10,8,3,15.155555555555555,27.295238095238098
9,2,7,2,7,9,2,3,7,7,33.117757936507935,27.375
1,1,1,1,4,3,1,1,8,10,15.90109126984127,27.185714285714283
6,1,1,8,3,3,3,7,7,1,22.04156746031746,27.31666666666667
3,1,1,1,3,3,1,10,2,1,15.180059523809524,27.258928571428573
6,1,1,1,3,3,3,6,7,6,15.215575396825397,27.321428571428573
3,1,1,1,6,3,3,8,7,4,18.339285714285715,27.315476190476193
3,1,1,1,3,3,3,7,7,1,15.220734126984127,27.301190476190477
1,1,1,1,3,3,1,1,8,10,14.90376984126984,27.08690476190476
1,1,1,1,3,3,3,8,10,1,15.280357142857142,27.258333333333333
6,1,5,7,6,6,5,10,5,2,31.00267857142857,27.376190476190477
1,3,1,1,3,3,4,10,5,3,17.30248015873016,27.295238095238098
7,4,1,1,3,8,3,6,7,1,23.31468253968254,27.326190476190476
9,2,7,1,3,3,3,8,10,5,22.2796626984127,27.22738095238095
1,1,1,2,7,9,2,6,8,3,26.166865079365078,27.376190476190477
1,10,1,1,3,3,7,10,8,2,24.303472222222222,27.295238095238098
1,1,1,1,3,3,2,10,8,3,15.281845238095238,27.295238095238098
1,1,5,1,3,3,2,10,4,9,19.280952380952378,27.295238095238098
1,1,1,7,6,6,5,10,7,4,27.00109126984127,27.376190476190477
3,1,4,4,9,5,7,8,3,7,29.083333333333332,27.376190476190477
1,5,1,1,3,10,5,7,7,1,26.291468253968254,27.311904761904763
4,7,1,1,9,3,4,10,6,3,27.333234126984127,27.386309523809523
2,1,1,1,3,3,3,5,7,1,15.168353174603174,27.307738095238097
4,4,1,1,2,3,3,3,8,1,17.18561507936508,27.179761904761904
1,1,1,1,3,1,6,10,4,5,13.251488095238097,26.892261904761902
4,1,1,1,3,8,3,7,7,4,20.28998015873016,27.311904761904763
3,1,1,1,3,3,3,10,8,10,15.300595238095237,27.295238095238098
4,1,1,1,2,2,3,10,8,10,13.304662698412699,27.242857142857144
9,1,1,1,1,1,4,10,8,10,11.221230158730158,26.542261904761904
8,1,3,1,3,3,3,7,2,4,17.221527777777776,27.297023809523807
4,1,1,1,3,3,4,10,2,6,15.303075396825397,27.295238095238098
4,1,2,1,3,3,3,7,5,9,16.213492063492062,27.297023809523807
2,1,1,1,3,1,8,8,4,1,13.19702380952381,26.929761904761904
3,1,1,1,3,3,3,6,8,3,15.215575396825397,27.321428571428573
5,1,1,1,3,3,2,7,7,1,15.154960317460317,27.27916666666667
1,1,1,1,8,3,3,3,7,1,20.204265873015874,27.265476190476193
8,1,3,1,3,3,3,7,8,1,17.236011904761902,27.301190476190477
1,3,4,1,8,3,3,7,7,1,25.30625,27.366666666666667
3,1,1,6,3,3,3,2,7,10,19.979265873015873,27.294642857142854
3,1,5,4,4,9,8,10,5,2,29.08045634920635,27.35833333333333
3,7,1,5,1,1,6,8,10,9,21.060119047619047,26.622023809523807
9,2,1,1,3,3,3,7,6,1,16.228373015873014,27.301190476190477
3,1,7,2,7,9,2,7,8,3,32.16359126984127,27.376190476190477
1,10,1,1,3,6,7,1,5,10,26.94781746031746,27.247023809523807
2,1,1,1,3,3,2,10,8,3,15.281845238095238,27.295238095238098
3,1,1,1,3,3,8,7,3,2,15.20922619047619,27.297023809523807
1,1,1,6,10,8,10,10,7,1,32.01775793650794,27.376190476190477
3,1,1,1,3,3,3,4,3,6,15.241170634920636,27.19821428571429
6,1,1,1,3,5,7,8,3,7,17.225694444444446,27.370238095238097
6,5,4,4,9,3,4,1,8,10,30.910515873015875,27.422619047619047
2,3,1,1,3,3,3,5,7,1,17.244940476190475,27.267857142857146
2,1,1,7,3,3,3,5,7,1,20.9875,27.40357142857143
3,1,1,1,3,3,3,4,3,1,15.291071428571428,27.323809523809523
5,1,2,1,1,1,6,10,4,5,12.300198412698412,26.63095238095238
2,1,1,1,3,3,2,10,8,3,15.27797619047619,27.37083333333333
1,1,2,1,3,3,9,7,7,1,16.299801587301587,27.277976190476192
3,7,5,4,3,1,6,8,1,9,26.142162698412697,26.970238095238095
2,1,9,1,6,8,8,10,2,2,31.229365079365078,27.317857142857143
8,1,4,7,7,3,3,7,7,1,27.963392857142857,27.43154761904762
4,1,5,1,2,3,1,10,5,1,18.172222222222224,27.37559523809524
1,1,2,1,3,7,4,10,8,10,20.334424603174604,27.369642857142857
4,1,1,1,3,3,1,8,8,10,15.146230158730159,27.383333333333333
8,1,3,1,3,3,4,10,5,6,17.37093253968254,27.36845238095238
1,1,1,1,9,3,1,1,8,10,20.857936507936508,27.245238095238097
1,1,8,1,3,1,6,10,8,4,20.229166666666664,26.979166666666668
4,1,1,1,3,3,4,10,4,5,15.307638888888889,27.37083333333333
2,1,1,1,3,3,3,3,8,3,15.249305555555555,27.289285714285718
5,1,1,1,7,3,2,7,7,1,19.2906746031746,27.359523809523807
2,1,1,1,3,3,3,10,8,1,15.304365079365079,27.398214285714282
3,1,1,1,9,5,3,6,3,1,23.29454365079365,27.33690476190476
4,1,1,1,3,3,3,7,7,1,15.247222222222224,27.297023809523807
3,1,1,6,10,8,10,9,3,2,31.903075396825397,27.347023809523808
8,4,1,1,5,1,3,10,7,1,18.226884920634923,26.973809523809525
3,1,1,1,3,3,3,7,7,1,15.247222222222224,27.297023809523807
9,1,1,1,1,4,1,1,8,4,13.96795634920635,26.60238095238095
1,1,1,1,3,3,4,10,8,10,15.307638888888889,27.37083333333333
8,1,3,1,3,3,3,7,7,1,17.24325396825397,27.3125
2,1,3,1,3,5,1,1,8,10,18.791964285714286,27.202380952380953
3,1,1,1,10,9,2,10,8,3,28.19375,27.347023809523808
9,2,7,2,7,10,3,7,7,1,34.08412698412698,27.332738095238096
10,9,1,5,2,1,7,10,5,3,23.92470238095238,26.970238095238095
7,4,1,1,3,3,6,8,10,9,18.269146825396824,27.385714285714283
3,1,1,1,3,10,3,7,4,4,22.18888888888889,27.3625
3,1,1,1,8,3,3,10,8,10,20.281448412698413,27.32857142857143
1,1,1,1,3,3,3,7,7,1,15.247222222222224,27.297023809523807
3,1,1,1,3,3,9,1,8,10,15.234722222222222,27.20416666666667
4,1,2,7,2,1,6,10,4,5,18.87093253968254,27.054166666666667
5,1,1,1,2,3,3,8,2,4,14.301785714285714,27.28988095238095
3,1,1,1,3,3,3,7,7,1,15.247222222222224,27.297023809523807
4,1,1,6,10,8,10,9,3,2,31.903075396825397,27.347023809523808
5,1,2,8,7,5,3,6,9,3,28.8546626984127,27.347023809523808
3,1,1,1,3,3,7,8,3,2,15.302876984126986,27.383333333333333
1,1,1,1,3,3,1,10,8,3,15.142956349206349,27.37083333333333
3,1,1,1,3,3,2,10,8,3,15.27797619047619,27.37083333333333
6,5,3,4,9,5,7,8,3,7,31.964087301587302,27.3375
3,1,4,9,3,3,3,9,8,10,25.950892857142854,27.379761904761903
1,1,2,1,3,1,6,10,4,5,14.23125,26.979166666666668
1,1,2,1,3,3,6,3,8,1,16.261111111111113,27.289285714285718
1,1,1,4,3,3,1,10,8,1,17.982738095238098,27.29345238095238
4,1,1,2,8,3,4,10,4,3,21.20873015873016,27.360714285714284
3,1,1,1,3,3,2,10,8,3,15.326091269841271,27.32440476190476
1,1,6,1,3,3,2,10,8,3,20.3219246031746,27.320238095238096
4,3,1,1,9,1,1,8,8,3,21.05922619047619,26.955357142857146
4,4,1,1,3,3,4,10,5,10,18.36031746031746,27.320238095238096
4,1,1,1,3,3,3,3,8,1,15.257539682539683,27.226190476190474
2,1,1,1,2,2,3,10,8,6,13.19404761904762,27.267261904761902
4,1,1,1,3,3,3,7,2,4,15.30109126984127,27.379761904761903
9,1,1,1,1,10,4,8,8,10,20.26547619047619,27.004761904761903
4,1,1,1,2,3,4,10,4,5,14.188095238095238,27.29404761904762
1,1,1,1,3,1,6,10,4,1,13.292063492063491,27.04345238095238
1,1,1,1,6,3,3,7,3,4,18.258432539682538,27.345238095238095
4,1,1,1,3,1,6,10,4,5,13.292063492063491,27.04345238095238
3,1,1,5,3,3,1,5,8,10,18.87797619047619,27.3
2,1,1,1,3,3,3,4,3,4,15.24454365079365,27.286904761904765
3,5,1,4,6,9,8,10,5,2,31.03492063492063,27.332142857142856
2,7,5,1,3,3,3,7,7,1,25.28095238095238,27.307738095238097
8,1,3,1,3,9,2,10,8,3,23.31438492063492,27.417261904761904
9,2,7,6,7,3,4,10,2,6,30.979166666666668,27.372619047619047
2,1,1,1,3,9,3,5,7,1,21.337599206349203,27.276190476190475
2,1,1,1,3,3,8,3,8,10,15.26656746031746,27.23988095238095
4,1,1,1,3,3,4,10,8,1,15.370932539682538,27.32440476190476
3,1,1,1,3,3,3,7,7,4,15.30109126984127,27.379761904761903
1,3,1,1,3,3,1,10,8,3,17.19077380952381,27.320238095238096
8,1,1,10,3,3,4,10,3,4,24.108035714285712,27.32559523809524
2,1,1,1,1,4,1,1,8,4,13.949603174603174,26.646428571428572
9,1,1,1,3,3,3,3,8,1,15.257539682539683,27.226190476190474
8,1,10,1,1,1,4,10,8,10,20.28501984126984,26.570238095238096
9,1,3,1,3,3,3,7,7,1,17.28045634920635,27.307738095238097
3,1,1,1,3,3,6,8,5,9,15.359920634920636,27.320833333333333
2,1,1,1,3,1,3,4,3,1,13.181349206349205,26.847023809523808
5,1,2,1,1,1,3,8,10,3,12.158730158730158,26.446428571428573
4,5,1,1,3,3,8,10,4,5,19.36190476190476,27.320238095238096
1,1,1,1,3,3,4,10,8,4,15.370932539682538,27.32440476190476
1,1,5,7,6,6,5,10,7,10,30.8640873015873,27.371428571428574
2,1,1,1,3,3,1,1,8,10,14.828373015873016,27.05059523809524
2,1,1,1,3,3,3,3,8,1,15.257539682539683,27.226190476190474
1,1,2,1,3,1,6,10,4,10,14.28640873015873,27.04404761904762
1,1,1,1,3,3,1,1,8,5,14.828373015873016,27.05059523809524
1,1,2,1,3,1,6,2,4,5,14.134821428571428,26.760714285714283
4,1,2,1,3,3,3,7,8,1,16.281448412698413,27.307738095238097
4,1,1,1,3,1,6,10,4,8,13.292063492063491,27.04345238095238
1,1,2,1,3,3,4,10,8,10,16.360416666666666,27.320238095238096
3,1,1,1,3,1,6,5,5,9,13.231547619047621,26.888690476190476
2,5,1,1,3,1,7,8,3,2,17.27906746031746,26.95952380952381
9,1,1,1,3,3,1,1,8,10,14.828373015873016,27.05059523809524
4,1,2,1,3,1,6,10,6,5,14.28640873015873,27.04404761904762
3,7,1,1,3,3,3,9,10,1,21.267162698412697,27.32261904761905
1,1,1,1,3,3,1,8,8,10,15.197916666666666,27.320833333333333
1,1,9,7,3,3,3,3,7,1,29.017063492063492,27.22738095238095
2,1,1,1,6,8,5,10,7,4,23.275,27.28392857142857
2,1,1,1,3,3,2,10,8,3,15.309027777777777,27.157142857142855
3,1,1,1,3,1,3,4,3,1,13.160615079365078,26.830357142857146
4,1,1,6,3,5,3,7,2,4,22.086210317460317,27.238690476190477
1,1,5,6,6,6,5,10,7,4,30.006944444444446,27.28392857142857
1,1,1,2,3,3,3,7,7,1,16.21765873015873,27.208928571428572
2,3,1,1,3,3,1,8,6,10,17.160515873015875,27.222023809523808
1,1,1,1,1,3,1,1,8,4,12.951289682539684,26.589880952380952
4,1,1,1,2,1,6,5,8,3,12.229464285714286,26.808928571428574
3,1,1,1,3,3,2,10,5,9,15.309027777777777,27.157142857142855
1,1,1,1,3,3,1,8,8,10,15.160714285714286,27.222023809523808
7,1,5,7,6,6,5,10,7,4,30.993353174603175,27.28392857142857
4,1,1,1,2,3,4,8,3,2,14.299404761904762,27.219642857142855
3,1,1,1,3,3,7,10,4,1,15.346924603174603,27.157142857142855
3,10,1,1,3,2,4,10,8,4,23.356150793650794,27.239285714285717
6,1,1,1,3,3,3,7,7,4,15.277380952380952,27.14107142857143
1,1,1,1,1,3,1,1,8,9,12.951289682539684,26.589880952380952
1,3,8,1,3,3,4,10,6,10,24.34563492063492,27.157142857142855
4,1,1,6,10,8,6,9,8,2,32.00337301587302,27.28392857142857
2,1,1,2,3,3,3,10,8,1,16.263789682539684,27.163690476190474
3,1,1,1,3,1,6,1,8,10,13.073809523809524,26.625
1,1,1,1,3,3,3,6,8,3,15.38293650793651,27.25178571428571
4,1,4,7,7,3,3,7,7,1,28.11220238095238,27.28988095238095
8,1,2,1,3,3,3,7,7,1,16.2843253968254,27.18095238095238
3,1,1,1,3,3,2,10,8,3,15.309027777777777,27.157142857142855
3,1,1,1,3,3,3,4,3,1,15.213492063492064,27.246428571428574
7,1,4,1,3,9,4,10,4,4,24.33015873015873,27.245238095238097
4,1,1,7,7,3,3,7,7,2,25.108829365079366,27.28988095238095
1,1,1,1,3,3,1,1,8,10,14.883531746031746,27.073809523809523
2,1,1,5,3,3,7,5,7,1,19.071031746031746,27.22738095238095
1,1,5,7,6,6,5,10,7,4,30.993353174603175,27.28392857142857
4,1,1,3,3,3,3,7,2,4,17.16577380952381,27.22738095238095
3,7,5,4,9,9,1,10,4,2,39.92559523809524,27.28392857142857
3,1,1,1,6,3,2,10,8,3,18.34146825396825,27.27261904761905
3,1,1,1,3,2,7,8,3,8,14.270734126984127,27.224404761904758
8,1,4,7,7,3,3,4,7,1,28.12291666666667,27.27261904761905
1,1,1,1,3,3,1,10,7,10,15.177380952380952,27.157142857142855
1,1,5,10,6,6,5,5,8,3,33.97212301587302,27.28392857142857
3,1,6,6,8,8,10,9,3,2,35.00694444444444,27.28392857142857
4,1,1,1,3,3,3,6,8,3,15.38293650793651,27.25178571428571
1,1,1,1,3,3,1,8,8,10,15.160714285714286,27.222023809523808
4,1,1,1,3,6,1,8,8,10,18.2125,27.217261904761905
6,1,8,1,2,3,4,6,5,9,21.23333333333333,27.217261904761905
2,1,1,1,3,1,6,8,4,1,13.227678571428573,26.860119047619047
2,1,1,1,2,3,4,10,7,1,14.32668650793651,27.184523809523807
2,1,1,1,3,5,3,5,4,3,17.211111111111112,27.24345238095238
5,1,2,8,7,5,2,10,8,3,28.959722222222222,27.28392857142857
9,2,7,2,7,9,7,8,8,1,33.16190476190476,27.28392857142857
2,1,1,1,7,1,3,7,7,1,17.21875,26.926190476190477
2,1,1,1,3,1,8,8,4,1,13.2390873015873,26.95654761904762
5,1,2,1,1,1,3,8,9,3,12.273710317460317,26.594642857142855
8,1,2,1,1,1,6,10,4,5,12.291269841269841,26.51666666666667
5,1,3,1,3,3,4,10,5,6,17.345039682539685,27.345238095238095
1,1,1,1,1,3,1,4,8,5,13.0125,26.802976190476194
3,1,1,1,3,3,3,6,8,4,15.287896825396825,27.372619047619047
5,6,2,8,7,1,6,10,4,5,30.048015873015874,27.02440476190476
4,1,1,1,3,5,7,8,9,2,17.270535714285714,27.241071428571427
3,1,1,7,3,1,7,4,3,1,19.01240079365079,27.032142857142855
2,1,1,1,9,10,3,7,7,3,28.238194444444446,27.365476190476194
3,1,1,1,1,1,3,8,10,3,11.263988095238094,26.60833333333333
5,1,2,1,3,3,4,7,7,4,16.16498015873016,27.410714285714285
4,1,1,1,3,3,3,10,8,1,15.373809523809523,27.344642857142855
10,1,1,1,3,3,4,2,8,10,15.233134920634921,27.280357142857145
4,1,1,1,2,3,4,10,2,1,14.268055555555554,27.34107142857143
3,1,1,1,3,3,3,9,4,5,15.331646825396826,27.326190476190476
3,3,4,1,3,1,6,10,4,5,18.238392857142856,27.027380952380952
5,1,2,1,1,3,7,8,3,2,14.345634920634922,26.991666666666667
3,7,5,4,3,3,3,7,7,1,28.16934523809524,27.344642857142855
4,5,2,1,6,9,8,10,2,2,29.247023809523807,27.365476190476194
4,1,1,1,2,2,3,3,5,10,13.24206349206349,27.098809523809525
4,1,1,1,3,3,1,9,8,10,15.21279761904762,27.326190476190476
3,1,1,1,3,1,3,4,3,4,13.255654761904761,26.786904761904758
1,1,5,7,6,6,5,10,7,1,30.962103174603175,27.365476190476194
3,1,1,1,3,3,2,2,8,3,15.195833333333335,27.280357142857145
1,1,1,1,3,1,6,10,3,1,13.245436507936509,27.06309523809524
2,1,2,1,3,3,3,7,7,1,16.162103174603175,27.410714285714285
4,1,1,1,3,5,3,10,8,1,17.26577380952381,27.303571428571427
2,1,1,1,2,2,3,4,8,6,13.320138888888888,27.115476190476194
4,1,1,5,2,1,6,5,8,3,15.833333333333334,26.904761904761905
2,1,1,1,3,3,3,5,7,1,15.377281746031747,27.351785714285718
1,1,4,7,7,3,3,7,7,10,27.984920634920634,27.35297619047619
7,4,7,1,3,3,4,10,7,10,24.344940476190477,27.345238095238095
4,1,5,7,6,7,5,5,10,3,31.965972222222224,27.365476190476194
3,7,1,1,3,1,8,8,4,1,19.22529761904762,26.961309523809526
2,1,1,1,3,1,3,4,3,9,13.255654761904761,26.786904761904758
4,1,1,1,3,3,3,7,2,4,15.130357142857141,27.434523809523807
4,1,1,1,3,3,3,7,2,4,15.130357142857141,27.434523809523807
5,5,7,1,1,1,6,8,4,5,21.275297619047617,26.594642857142855
8,1,1,1,3,3,3,10,8,1,15.373809523809523,27.344642857142855
4,1,1,1,3,3,3,7,2,4,15.130357142857141,27.434523809523807
2,1,1,1,3,5,3,3,8,1,17.192261904761903,27.294642857142854
3,7,5,1,3,1,8,8,4,1,23.22519841269841,26.961309523809526
2,1,1,4,6,9,8,10,5,2,27.03859126984127,27.365476190476194
1,1,1,1,1,3,1,8,8,10,13.196825396825398,27.01666666666667
4,1,1,1,3,3,1,1,8,9,14.861408730158729,27.129761904761903
1,1,1,4,3,3,3,8,10,1,18.063988095238095,27.30654761904762
4,1,1,1,3,1,6,10,4,5,13.245436507936509,27.06309523809524
3,1,1,10,3,3,3,10,8,10,23.96607142857143,27.339880952380952
9,1,1,1,1,1,4,7,2,4,11.269742063492064,26.338690476190475
1,1,1,1,1,1,4,10,8,10,11.231845238095238,26.565476190476193
9,1,1,6,10,3,1,10,8,3,26.816765873015875,27.302976190476194
8,1,4,7,7,3,4,10,8,7,27.900396825396825,27.29345238095238
3,1,1,1,3,3,3,7,5,1,15.20456349206349,27.291666666666668
9,6,1,1,7,5,7,8,3,2,26.28065476190476,27.277380952380952
5,1,2,8,1,1,1,10,3,10,18.771031746031746,26.529761904761905
1,1,1,1,3,1,8,8,4,1,13.218154761904762,26.85595238095238
2,1,1,1,4,3,1,8,8,10,16.1328373015873,27.267857142857146
4,1,1,1,3,2,3,10,8,6,14.243353174603175,27.277976190476192
3,1,1,1,2,3,4,10,8,10,14.302182539682539,27.28988095238095
4,1,1,1,3,1,3,4,3,1,13.313690476190477,26.973809523809525
2,1,1,1,3,3,2,8,8,10,15.307242063492064,27.32559523809524
4,1,1,1,3,3,1,7,2,4,15.093253968253967,27.284523809523808
7,1,1,1,2,2,3,3,5,10,13.271329365079364,27.152380952380952
1,1,5,7,3,3,4,10,5,6,25.020039682539682,27.307738095238097
8,1,3,1,6,6,5,10,6,10,23.253373015873017,27.252380952380953
5,1,8,1,3,1,3,4,3,1,20.324900793650794,26.86488095238095
3,1,1,1,10,1,3,8,9,3,20.235218253968252,26.87083333333333
9,1,1,1,1,6,5,10,7,4,16.280853174603173,26.872023809523807
1,7,5,7,6,1,4,10,8,6,31.716170634920633,26.91904761904762
1,1,1,10,9,3,4,10,4,5,29.876488095238095,27.282738095238095
4,1,1,1,3,3,3,8,5,1,15.230257936507936,27.304166666666667
5,6,1,1,3,3,3,7,2,3,20.19464285714286,27.27440476190476
4,1,2,1,1,1,3,8,9,3,12.26954365079365,26.492261904761904
5,1,2,1,1,1,2,10,8,3,12.211706349206349,26.565476190476193
2,1,1,1,9,1,8,8,4,10,19.2078373015873,26.909523809523808
1,1,5,7,6,10,5,10,7,1,34.87132936507937,27.26607142857143
6,1,1,1,3,3,4,10,4,4,15.366468253968254,27.280952380952378
1,3,1,1,10,1,3,4,3,1,22.264484126984126,26.873809523809523
2,3,1,1,3,1,8,8,4,4,15.254861111111111,26.873214285714283
10,1,1,1,2,3,3,8,4,1,14.238095238095237,27.195833333333333
4,1,1,1,3,3,3,5,7,1,15.301190476190476,27.2875
2,1,1,1,2,3,4,10,4,5,14.302182539682539,27.28988095238095
4,1,1,1,1,1,3,8,5,3,11.273611111111112,26.500595238095237
5,1,2,1,3,3,3,7,2,4,16.195238095238096,27.27440476190476
2,6,1,1,3,9,2,10,8,3,26.311309523809523,27.304166666666667
9,1,1,1,2,2,3,10,8,4,13.295833333333334,27.17142857142857
9,1,1,1,7,1,4,7,2,10,17.260218253968254,26.948214285714283
10,1,1,1,3,5,3,10,8,6,17.359424603174602,27.326190476190476
2,1,1,1,2,2,3,7,2,4,13.29295634920635,27.217857142857145
5,1,2,1,1,1,3,2,8,3,12.268948412698412,26.1625
2,1,2,1,2,4,4,10,4,1,16.287400793650797,27.235119047619047
4,1,1,1,3,3,3,7,7,1,15.20456349206349,27.291666666666668
2,1,1,1,2,2,3,5,8,3,13.302579365079364,27.099404761904758
4,1,1,1,2,1,6,4,8,6,12.259126984126985,26.72083333333333
3,1,5,1,6,6,5,10,7,10,25.25218253968254,27.252380952380953
10,1,5,7,3,3,1,8,8,10,24.91626984126984,27.307738095238097
3,1,1,1,3,1,3,4,3,1,13.313690476190477,26.973809523809525
3,1,1,1,3,1,3,4,3,1,13.313690476190477,26.973809523809525
8,6,7,7,7,3,3,8,3,2,35.88700396825397,27.3
2,1,2,1,1,1,2,10,8,3,12.242857142857144,26.63511904761905
5,1,7,1,2,2,3,10,4,6,19.309126984126983,27.182738095238097
4,1,1,1,2,3,3,7,2,4,14.24156746031746,27.311904761904763
4,1,1,10,3,4,4,10,4,1,24.924007936507937,27.34107142857143
9,1,1,2,2,2,3,3,5,10,14.07718253968254,27.19940476190476
7,1,1,1,3,2,3,10,8,9,14.248511904761903,27.40892857142857
4,1,1,1,2,3,4,10,8,1,14.240178571428572,27.29404761904762
4,9,1,1,1,2,3,10,8,10,20.33204365079365,26.910119047619048
3,1,3,1,3,3,3,5,7,6,17.311210317460315,27.34166666666667
4,1,1,1,2,1,6,4,8,1,12.25357142857143,26.823214285714283
1,1,1,1,1,3,3,8,4,4,13.268353174603174,26.93095238095238
10,1,1,1,1,3,1,3,3,10,13.092261904761903,26.752976190476193
4,9,1,1,3,3,4,10,8,5,23.328769841269843,27.35892857142857
4,1,1,8,3,3,4,10,8,10,21.863591269841272,27.367261904761904
2,1,1,9,2,3,4,10,2,1,22.144345238095237,27.313690476190477
4,1,2,1,3,3,3,7,7,1,16.258234126984128,27.307142857142857
4,1,1,1,3,3,3,7,2,4,15.25843253968254,27.31666666666667
4,1,1,1,3,1,3,7,2,4,13.290079365079364,26.92738095238095
9,1,1,1,1,1,4,10,8,10,11.251190476190477,26.554761904761904
9,1,8,1,4,1,4,10,8,10,21.329960317460316,26.978571428571428
1,1,10,7,6,6,3,10,8,4,36.093650793650795,27.32559523809524
9,1,1,1,2,2,5,10,7,10,13.300992063492064,27.126785714285717
5,1,1,1,2,3,3,7,7,1,14.24156746031746,27.311904761904763
3,2,1,6,3,5,3,8,2,4,23.014087301587303,27.372619047619047
2,1,1,1,3,3,3,7,2,1,15.258928571428573,27.307142857142857
4,1,4,1,3,1,8,8,4,1,16.317956349206348,27.007738095238096
4,1,1,1,2,1,3,4,3,1,12.241170634920636,26.82559523809524
2,1,1,1,3,1,6,5,8,3,13.248908730158728,26.988690476190477
5,1,2,1,3,1,6,3,8,10,14.06795634920635,26.68928571428571
9,1,1,1,1,1,4,10,4,5,11.251190476190477,26.554761904761904
3,7,5,4,6,9,8,10,5,2,37.15228174603175,27.3625
3,1,1,1,1,2,3,8,10,3,12.221230158730158,26.879761904761903
9,1,1,1,8,1,6,10,4,10,18.246626984126983,26.998809523809523
4,1,1,4,3,1,4,10,5,10,16.031944444444445,26.93095238095238
2,1,1,1,2,2,3,10,8,4,13.289484126984126,27.126785714285717
9,1,1,1,2,2,3,10,8,6,13.289484126984126,27.126785714285717
1,1,1,1,3,1,8,8,4,1,13.342460317460317,27.002380952380953
2,1,1,1,3,1,6,10,6,1,13.31577380952381,26.963095238095235
1,1,1,1,2,1,6,5,8,3,12.239484126984127,26.95654761904762
4,1,1,1,2,1,6,5,8,3,12.239484126984127,26.95654761904762
5,1,1,1,2,3,3,8,2,4,14.369146825396825,27.354761904761904
8,1,1,6,6,10,4,10,4,1,30.12936507936508,27.338690476190475
4,1,1,1,2,3,4,10,5,6,14.240178571428572,27.29404761904762
1,1,1,1,1,1,4,6,2,4,11.257242063492063,26.53333333333333
2,1,1,1,1,1,4,7,8,1,11.27281746031746,26.439880952380953
4,1,1,6,1,1,4,9,3,10,15.925297619047617,26.560119047619047
9,1,1,1,3,3,3,7,2,4,15.25843253968254,27.31666666666667
7,2,1,1,3,3,1,8,8,10,16.12936507936508,27.305357142857144
4,1,8,1,2,3,4,10,4,1,21.24355158730159,27.29404761904762
5,1,2,1,3,3,4,7,7,4,16.26011904761905,27.31666666666667
6,1,5,7,6,6,5,10,7,3,30.91507936507936,27.319642857142856
1,1,1,1,3,3,1,10,8,4,15.250595238095238,27.26845238095238
1,1,1,8,1,1,6,5,8,3,17.89980158730159,26.56904761904762
1,1,1,1,2,3,1,8,8,10,14.196527777777778,27.342857142857145
5,1,2,1,1,3,4,10,4,5,14.266369047619047,26.938690476190477
4,10,1,5,2,3,3,7,7,1,26.989384920634922,27.284523809523808
1,1,1,1,10,3,1,1,4,5,22.018253968253966,27.27202380952381
4,1,1,1,2,3,4,10,8,3,14.2703373015873,27.321428571428573
3,7,1,1,5,3,4,10,2,1,23.213988095238097,27.273809523809526
4,1,5,4,6,9,8,10,5,2,31.016170634920634,27.319642857142856
5,1,1,1,2,3,4,10,8,4,14.2703373015873,27.321428571428573
1,3,1,1,3,3,4,10,8,2,17.37787698412698,27.26845238095238
3,7,5,7,7,3,4,7,7,1,34.94553571428571,27.307142857142857
4,1,1,1,2,2,3,3,5,10,13.198511904761904,27.042857142857144
1,1,1,1,3,3,5,7,2,4,15.209623015873015,27.379761904761903
1,1,8,1,1,3,1,2,5,6,20.00109126984127,26.692857142857143
8,1,9,6,8,3,4,8,8,3,32.9703373015873,27.307142857142857
5,1,1,1,3,3,3,7,2,4,15.206746031746032,27.379761904761903
4,1,2,1,3,6,4,7,7,4,19.288690476190474,27.357738095238098
2,1,1,1,3,1,3,4,8,3,13.250892857142858,26.811309523809523
1,1,1,1,2,1,6,5,3,1,12.22093253968254,26.797023809523807
1,10,1,1,3,5,7,8,3,2,26.28809523809524,27.333333333333332
4,1,1,1,3,3,1,7,2,4,15.083333333333334,27.342857142857145
4,1,1,1,2,3,4,10,2,1,14.2703373015873,27.321428571428573
1,2,1,1,8,3,3,7,2,4,21.179960317460317,27.285714285714285
4,1,1,8,3,3,4,10,8,4,22.071428571428573,27.3125
4,1,1,1,2,3,3,7,2,1,14.3234126984127,27.2125
4,1,1,1,2,3,4,10,8,4,14.2703373015873,27.321428571428573
4,1,1,1,3,5,3,8,3,2,17.277083333333334,27.333333333333332
5,1,7,8,7,5,7,7,2,4,33.89652777777778,27.319642857142856
4,1,1,6,3,3,3,6,2,4,20.164285714285715,27.32857142857143
4,1,1,5,10,8,2,9,3,2,30.943353174603175,27.319642857142856
4,6,5,1,6,3,3,7,2,4,27.255456349206348,27.323214285714283
4,1,1,1,3,3,3,5,2,4,15.33125,27.35297619047619
5,1,2,1,2,2,3,7,2,4,14.186408730158728,27.175
2,1,1,1,3,3,4,7,7,4,15.209027777777777,27.379761904761903
4,1,1,1,1,1,4,10,8,10,11.182539682539682,26.626785714285717
1,1,1,1,2,3,4,10,1,5,14.2703373015873,27.321428571428573
3,1,1,1,1,1,3,8,8,10,11.304464285714285,26.468452380952378
9,1,1,1,1,1,6,10,10,3,11.183432539682538,26.626785714285717
4,1,1,1,2,3,3,10,2,4,14.26736111111111,27.321428571428573
4,1,1,1,3,1,6,5,8,3,13.220039682539683,26.914285714285718
4,3,1,1,3,3,4,10,8,8,17.37787698412698,27.26845238095238
2,1,1,1,3,3,3,7,2,4,15.206746031746032,27.379761904761903
9,1,1,1,1,1,4,10,8,3,11.182539682539682,26.626785714285717
1,1,1,1,3,3,1,10,4,5,15.250595238095238,27.26845238095238
4,1,1,1,2,3,4,4,8,1,14.248511904761903,27.211309523809526
4,1,1,1,5,3,4,10,2,1,17.218353174603173,27.280952380952378
3,7,5,4,6,9,4,10,5,6,37.015277777777776,27.319642857142856
8,1,3,7,3,3,8,10,5,2,23.033035714285713,27.279761904761905
8,1,1,1,3,3,8,10,5,6,15.203571428571427,27.420238095238098
8,1,3,1,2,2,3,10,4,6,15.192361111111111,27.24404761904762
8,1,5,1,1,1,4,1,8,10,15.069940476190476,25.990476190476194
3,1,3,1,3,3,4,10,5,6,17.199305555555554,27.420238095238098
3,7,5,4,6,9,8,10,5,2,37.08402777777778,27.304166666666667
7,7,3,4,6,9,8,5,5,2,35.04672619047619,27.30059523809524
5,1,2,1,2,3,4,10,8,1,15.407440476190477,27.26011904761905
4,1,4,1,2,2,3,7,2,4,16.26924603174603,27.230357142857144
5,1,1,1,2,3,3,3,5,10,14.172718253968252,27.094642857142855
4,1,1,1,2,2,3,8,2,4,13.29047619047619,27.267857142857146
4,1,1,1,7,3,3,7,7,1,19.25009920634921,27.185714285714283
8,1,4,7,2,8,4,10,4,5,27.889186507936508,27.26607142857143
8,2,3,1,2,1,6,6,8,3,15.242361111111112,26.85892857142857
4,1,1,1,3,7,4,10,5,6,19.229761904761904,27.3
4,1,1,1,3,3,3,7,7,1,15.271825396825397,27.332142857142856
2,1,2,1,3,3,3,10,8,10,16.195932539682538,27.420238095238098
3,1,1,1,3,1,4,10,8,4,13.300396825396826,26.93154761904762
1,3,1,1,3,3,9,4,3,1,17.24375,27.291071428571428
5,1,1,1,3,10,6,5,8,3,22.230853174603176,27.202380952380953
6,1,1,1,2,3,4,10,5,6,14.407936507936508,27.26011904761905
4,1,1,1,5,1,10,4,3,1,15.196428571428573,26.794642857142854
2,1,1,1,3,3,3,7,2,4,15.251785714285713,27.320833333333333
6,1,2,1,3,3,3,7,7,1,16.270833333333336,27.332142857142856
5,1,1,8,3,3,3,7,3,1,21.94623015873016,27.372023809523807
4,1,1,1,2,3,4,10,4,5,14.407936507936508,27.26011904761905
4,6,1,1,2,2,3,3,5,10,18.247123015873015,27.098809523809525
4,1,1,1,3,3,1,10,8,3,15.086111111111112,27.42142857142857
1,1,2,1,1,1,6,5,8,3,12.28998015873016,26.442261904761903
5,1,1,1,2,3,6,9,8,3,14.336111111111112,27.35297619047619
1,1,1,1,2,1,3,8,2,4,12.295238095238094,26.906547619047622
4,1,1,1,2,2,3,3,5,8,13.249007936507937,27.13809523809524
7,1,1,1,2,1,6,5,8,3,12.260416666666666,26.9625
9,1,1,1,1,3,1,8,8,10,13.062599206349205,26.8875
1,1,1,7,5,1,6,10,10,3,20.85833333333333,26.98809523809524
4,1,1,1,3,2,3,7,2,4,14.289285714285715,27.238690476190477
4,1,1,1,2,3,3,2,8,9,14.12123015873016,27.069642857142856
4,1,1,1,4,1,6,5,6,3,14.25515873015873,26.84583333333333
4,1,1,1,3,3,3,7,2,4,15.251785714285713,27.320833333333333
1,8,1,1,2,3,3,7,2,4,21.244940476190475,27.251190476190477
4,9,1,1,3,3,1,8,8,2,23.16061507936508,27.288690476190474
5,1,2,1,2,2,3,3,5,10,14.271825396825397,27.155952380952378
4,1,2,1,5,2,3,7,2,4,17.291865079365078,27.201785714285716
10,1,1,1,2,2,3,10,8,4,13.241468253968254,27.241666666666667
1,3,1,1,3,3,4,10,8,10,17.198908730158728,27.420238095238098
4,1,1,1,1,1,4,10,2,4,11.236210317460316,26.50059523809524
5,1,1,1,2,3,3,8,8,10,14.250992063492063,27.252976190476193
7,1,1,1,3,1,3,10,8,9,13.28998015873016,26.93154761904762
2,1,1,1,2,1,6,5,3,1,12.260416666666666,26.9625
3,1,1,1,2,10,4,10,4,5,21.266369047619047,27.284523809523808
4,1,1,1,3,8,3,7,7,1,20.331349206349206,27.314285714285717
4,1,1,1,2,1,6,5,8,3,12.147718253968254,26.889880952380953
7,1,9,1,2,3,3,7,2,4,22.182142857142857,27.195833333333333
4,5,1,5,2,2,3,3,9,10,21.112400793650796,27.291666666666668
4,1,1,1,2,3,4,10,8,1,14.304265873015874,27.258928571428573
4,1,1,1,2,3,8,4,3,1,14.198710317460316,27.251190476190477
2,1,1,7,2,1,3,7,7,1,17.968055555555555,26.930357142857144
4,1,1,1,3,3,3,10,8,1,15.282242063492063,27.280357142857145
4,1,2,1,2,3,4,3,2,4,15.200694444444446,27.10833333333333
1,3,1,1,3,3,4,1,8,3,17.06875,27.086309523809526
4,1,1,1,3,9,6,5,8,4,21.185515873015873,27.260714285714283
9,1,1,1,2,2,3,10,8,4,13.210515873015874,27.217857142857145
10,3,1,1,1,1,4,10,8,10,13.203968253968252,26.467261904761905
9,2,7,6,7,1,4,5,8,3,28.96686507936508,27.002380952380953
6,1,1,1,2,9,2,10,8,3,20.283730158730158,27.332142857142856
1,1,1,1,7,1,6,5,8,3,17.24920634920635,26.877380952380953
4,1,8,1,3,3,1,10,8,1,22.138492063492063,27.303571428571427
5,1,7,1,2,3,3,8,5,2,20.216269841269842,27.15833333333333
8,1,1,1,8,3,8,10,10,4,20.255357142857143,27.234523809523807
1,1,5,7,6,6,5,10,7,4,30.983531746031748,27.23809523809524
7,1,1,1,2,3,4,8,8,1,14.284623015873015,27.10654761904762
4,1,1,1,3,3,3,7,2,4,15.259126984126985,27.249404761904763
4,6,1,1,3,3,3,7,2,6,20.25674603174603,27.249404761904763
1,1,1,1,3,5,1,10,3,10,17.107142857142858,27.297023809523807
5,2,7,2,7,9,2,10,8,7,33.15376984126984,27.225
9,1,1,1,2,3,3,7,7,1,14.1875,27.20952380952381
4,1,1,1,1,1,4,10,8,10,11.19811507936508,26.469642857142855
9,1,1,1,2,3,3,10,2,4,14.290575396825398,27.235119047619047
1,1,8,7,6,6,5,10,7,4,33.983333333333334,27.23809523809524
4,1,1,1,3,3,3,7,2,4,15.259126984126985,27.249404761904763
2,1,1,1,2,1,6,5,3,10,12.147718253968254,26.889880952380953
7,1,1,1,1,3,1,8,10,1,13.15595238095238,26.823809523809523
9,1,1,1,2,3,4,10,4,5,14.292857142857144,27.235119047619047
4,1,1,1,1,3,1,8,8,10,13.10595238095238,26.869642857142857
8,1,3,1,3,3,6,1,5,3,17.069742063492065,27.086309523809526
5,1,1,1,2,3,6,9,8,9,14.20168650793651,27.18154761904762
1,1,1,1,3,3,1,8,8,10,15.163492063492063,27.321428571428573
4,1,1,1,3,3,1,10,8,3,15.154464285714287,27.280357142857145
3,1,1,2,6,9,8,10,5,2,25.1844246031746,27.246428571428574
3,7,5,1,1,2,3,8,10,3,22.219940476190477,26.758333333333333
4,1,1,1,1,1,6,5,8,3,11.285515873015873,26.458928571428572
4,1,1,1,2,1,4,10,8,10,12.30515873015873,26.92083333333333
4,1,1,1,2,3,10,8,8,10,14.314384920634922,27.157142857142855
4,1,1,1,3,2,3,10,8,10,14.297619047619047,27.235714285714288
4,1,1,1,2,10,4,10,5,6,21.355555555555554,27.34642857142857
4,7,1,1,2,3,4,8,5,6,20.24375,27.152976190476192
8,1,3,1,3,3,4,10,8,4,17.282242063492063,27.280357142857145
1,3,1,1,1,3,8,10,5,6,15.357539682539684,26.758928571428573
5,4,1,1,1,1,6,7,10,3,14.251289682539683,26.39940476190476
9,1,2,8,7,5,7,8,3,2,28.964880952380952,27.23809523809524
4,1,1,1,1,1,6,10,10,3,11.199107142857143,26.469642857142855
8,1,1,1,1,3,1,8,8,10,13.153174603174602,26.938690476190477
1,6,1,1,3,3,8,10,5,6,20.394146825396824,27.354761904761904
4,1,1,1,2,1,6,5,8,3,12.135317460317461,26.853571428571428
4,1,1,1,1,1,4,10,8,10,11.283928571428572,26.597023809523808
4,1,1,1,3,3,1,10,8,3,15.229563492063491,27.359523809523807
10,1,1,1,2,1,6,5,8,3,12.135317460317461,26.853571428571428
2,1,1,1,2,2,3,10,8,6,13.2703373015873,27.16428571428571
4,1,1,1,1,1,4,10,8,10,11.283928571428572,26.597023809523808
4,1,1,1,2,3,1,10,8,3,14.154464285714287,27.263690476190476
1,1,1,1,3,3,8,4,3,1,15.162301587301588,27.316071428571426
4,9,1,4,1,9,2,10,8,3,29.928968253968254,26.997023809523807
9,2,7,1,7,1,4,10,8,9,24.316765873015875,26.967857142857145
4,1,1,1,9,2,3,8,2,4,20.248214285714287,27.365476190476194
5,1,1,1,2,3,4,10,5,6,14.282242063492063,27.263690476190476
4,1,6,1,2,2,3,1,8,9,18.17311507936508,26.876785714285717
7,1,1,1,3,2,3,8,2,4,14.283928571428572,27.248214285714283
2,1,1,1,2,1,6,5,3,1,12.135317460317461,26.853571428571428
1,1,1,1,2,3,1,8,8,10,14.087003968253967,27.286309523809525
8,1,9,1,3,3,8,10,5,6,23.39424603174603,27.354761904761904
1,1,5,7,6,6,5,10,7,10,30.96795634920635,27.27440476190476
4,1,1,1,2,7,3,8,5,4,18.233630952380953,27.298214285714284
1,1,1,1,2,3,4,10,8,1,14.266071428571427,27.26845238095238
3,7,5,4,6,3,4,10,8,10,31.0343253968254,27.230357142857144
4,8,1,1,1,1,8,10,5,2,18.281051587301587,26.597023809523808
6,1,1,1,2,3,4,10,4,5,14.282242063492063,27.263690476190476
4,1,1,2,2,1,6,5,3,10,13.21359126984127,26.833333333333332
4,1,1,1,7,3,3,7,2,4,19.311507936507937,27.276190476190475
4,1,1,1,2,3,3,10,2,4,14.271428571428572,27.263690476190476
9,1,1,1,2,9,4,10,5,6,20.31319444444444,27.291071428571428
4,1,1,1,1,1,6,10,10,5,11.285218253968255,26.597023809523808
4,1,1,1,2,3,4,10,8,1,14.266071428571427,27.26845238095238
4,1,1,1,3,3,3,7,2,4,15.225,27.327976190476193
9,1,1,1,1,1,9,10,8,10,11.285218253968255,26.597023809523808
1,1,1,1,1,3,1,8,10,2,13.085416666666665,26.938690476190477
2,1,3,1,3,3,4,10,5,6,17.393948412698414,27.354761904761904
8,1,1,1,2,2,3,8,8,6,13.241964285714285,27.223214285714285
9,1,1,1,1,1,4,10,8,3,11.283928571428572,26.597023809523808
7,1,1,1,2,1,6,5,8,3,12.135317460317461,26.853571428571428
4,1,1,1,2,2,3,10,8,8,13.2703373015873,27.16428571428571
4,1,1,1,1,1,4,10,8,9,11.283928571428572,26.597023809523808
7,1,1,1,3,2,8,10,8,1,14.267261904761904,27.25416666666667
4,1,1,1,2,3,8,10,5,6,14.283333333333335,27.263690476190476
8,1,1,1,3,3,4,10,2,1,15.38452380952381,27.35654761904762
3,1,1,1,2,1,4,10,6,10,12.242261904761905,26.942261904761903
1,1,4,4,6,9,8,10,5,3,30.054761904761904,27.27440476190476
3,1,1,1,1,2,3,8,2,4,12.318452380952381,26.917261904761904
4,1,1,1,2,9,3,8,10,3,20.26964285714286,27.277380952380952
4,1,1,1,1,1,4,10,8,4,11.283928571428572,26.597023809523808
1,3,1,1,3,3,4,10,8,10,17.393849206349206,27.354761904761904
8,2,3,5,3,3,6,10,10,8,22.1625,27.348809523809525
7,1,1,10,2,2,3,10,8,4,21.918948412698413,27.304166666666667
10,1,1,1,8,1,6,5,8,3,18.227182539682538,26.867261904761904
2,1,1,1,2,3,6,9,8,5,14.295634920634921,27.286904761904758
5,1,3,1,2,1,10,5,3,10,14.275,26.804166666666667
5,1,1,1,2,3,3,10,8,10,14.341071428571428,27.22559523809524
9,1,1,1,1,1,4,1,7,1,11.04970238095238,25.854166666666668
4,1,1,1,3,3,3,7,2,4,15.236607142857142,27.303571428571427
4,8,1,1,3,3,1,10,8,3,22.16934523809524,27.329761904761902
4,1,1,1,2,3,4,10,4,6,14.351686507936506,27.22559523809524
4,1,1,1,3,3,8,10,5,5,15.362599206349207,27.329761904761902
10,1,1,1,2,3,3,7,4,1,14.22718253968254,27.232142857142854
5,1,1,1,2,1,6,5,8,7,12.280059523809523,26.804761904761904
2,1,1,1,2,1,6,5,8,3,12.280059523809523,26.804761904761904
10,1,1,1,2,1,6,5,3,1,12.280059523809523,26.804761904761904
7,1,1,1,3,2,6,5,8,3,14.275992063492064,27.230357142857144
7,1,1,1,2,1,3,10,8,9,12.243154761904762,26.91904761904762
4,1,1,1,2,3,10,10,8,1,14.360515873015874,27.22559523809524
4,1,1,3,2,3,4,7,1,2,16.12589285714286,27.280952380952378
4,1,1,1,2,6,4,10,7,1,17.35049603174603,27.207142857142856
1,1,1,1,2,1,6,5,3,5,12.280059523809523,26.804761904761904
7,1,1,1,2,1,6,7,8,3,12.325793650793651,26.79404761904762
7,1,1,1,2,1,6,5,8,3,12.280059523809523,26.804761904761904
7,1,1,1,3,2,3,10,8,9,14.295039682539684,27.219642857142855
4,3,2,1,4,3,3,7,2,4,19.335218253968254,27.32559523809524
4,1,1,1,1,2,3,2,1,3,12.172023809523811,26.45416666666667
3,1,1,1,1,1,4,10,8,10,11.240972222222222,26.48809523809524
1,1,1,1,2,1,6,5,8,4,12.280059523809523,26.804761904761904
1,3,1,1,3,3,4,10,8,3,17.360813492063492,27.329761904761902
4,1,1,1,4,3,3,1,5,6,16.089087301587302,27.126190476190477
4,1,7,1,2,3,4,7,2,4,20.227678571428573,27.232142857142854
4,1,1,1,6,3,3,7,2,4,18.296825396825398,27.327380952380953
3,1,1,1,1,2,3,8,10,3,12.2875,26.810119047619047
1,1,5,7,6,6,5,10,7,4,31.06924603174603,27.376190476190477
1,1,5,7,6,6,5,10,7,10,31.06924603174603,27.376190476190477
1,1,1,1,3,2,3,10,8,6,14.295039682539684,27.219642857142855
2,1,1,1,2,9,1,10,8,3,20.142063492063492,27.19166666666667
2,1,1,1,3,3,1,10,8,3,15.1703373015873,27.329761904761902
1,1,1,1,2,1,6,5,3,1,12.280059523809523,26.804761904761904
4,1,1,1,2,2,4,10,10,1,13.207738095238096,27.29642857142857
4,1,1,1,2,3,3,8,2,4,14.23611111111111,27.150595238095242
4,1,1,1,2,3,1,10,9,1,14.168849206349204,27.282738095238095
5,1,10,5,2,3,3,7,7,3,27.048611111111107,27.196428571428573
1,3,1,1,3,3,1,10,8,3,17.16924603174603,27.329761904761902
1,1,1,1,3,3,4,10,8,4,15.361904761904762,27.329761904761902
2,4,1,1,2,1,6,5,8,3,15.271924603174602,26.792857142857144
7,1,1,1,2,1,6,5,5,1,12.280059523809523,26.804761904761904
4,1,1,1,2,1,6,5,3,6,12.280059523809523,26.804761904761904
2,1,1,1,2,2,3,10,8,10,13.205357142857142,27.29642857142857
5,1,2,8,7,5,7,10,7,3,29.056150793650794,27.376190476190477
1,1,5,2,6,6,5,8,3,2,26.24375,27.369642857142857
3,7,5,4,2,3,4,10,9,1,27.04474206349206,27.230357142857144
4,1,1,1,6,2,8,10,5,7,17.2734126984127,27.327380952380953
1,1,1,1,2,3,4,10,8,4,14.325297619047621,27.35297619047619
1,3,1,1,3,1,6,5,8,3,15.342559523809523,26.83154761904762
9,1,1,1,1,1,4,10,8,3,11.282738095238095,26.531547619047622
2,1,1,1,3,3,1,1,6,9,15.01388888888889,27.250595238095237
4,1,2,8,7,5,7,10,7,3,28.878174603174603,27.30595238095238
5,1,1,1,3,3,1,10,8,3,15.18670634920635,27.34107142857143
3,9,1,10,1,1,4,10,5,2,27.821527777777778,26.597023809523808
8,1,4,7,7,3,3,7,3,1,28.15674603174603,27.33154761904762
1,1,1,1,2,1,6,5,7,1,12.263293650793651,26.857738095238098
1,1,1,1,2,9,5,10,7,10,20.274900793650794,27.31904761904762
1,1,5,7,6,6,6,5,8,3,30.870535714285715,27.321428571428573
9,7,1,1,1,1,5,8,3,9,17.282242063492063,26.48988095238095
1,1,5,2,6,6,4,1,7,1,26.029761904761905,27.33154761904762
3,1,1,1,2,1,6,5,3,1,12.263293650793651,26.857738095238098
2,1,1,9,2,1,6,5,3,10,19.78313492063492,26.994642857142857
1,1,1,1,1,1,4,10,8,6,11.282738095238095,26.531547619047622
4,1,1,1,2,8,1,8,8,10,19.12668650793651,27.2625
1,1,1,1,3,3,1,10,8,8,15.18670634920635,27.34107142857143
1,1,1,1,2,1,6,5,8,3,12.263293650793651,26.857738095238098
10,1,1,1,2,1,6,5,6,1,12.263293650793651,26.857738095238098
7,1,1,9,2,1,6,5,8,3,19.78313492063492,26.994642857142857
4,1,1,1,2,1,6,5,8,3,12.263293650793651,26.857738095238098
4,1,1,1,2,1,3,10,8,9,12.233928571428573,26.85595238095238
7,3,1,1,3,3,4,10,8,9,17.33363095238095,27.357738095238098
4,1,1,1,6,9,8,10,5,10,24.19424603174603,27.31845238095238
3,10,5,4,3,3,3,7,2,4,31.11894841269841,27.357738095238098
1,1,1,1,2,1,6,5,9,3,12.263293650793651,26.857738095238098
7,1,1,1,2,1,6,5,3,1,12.263293650793651,26.857738095238098
3,1,1,1,1,2,3,8,3,3,12.266468253968254,26.933928571428574
9,9,1,1,1,1,4,10,8,10,19.28422619047619,26.53392857142857
7,1,4,5,2,1,3,7,2,4,18.951289682539684,26.885714285714283
4,1,1,1,3,3,6,5,8,3,15.208035714285714,27.26071428571429
5,2,1,1,3,5,3,10,8,9,18.320734126984128,27.326785714285716
7,1,1,4,2,3,6,9,8,3,16.994246031746034,27.26904761904762
1,8,1,1,1,1,4,10,8,10,18.284126984126985,26.53392857142857
9,1,1,1,3,3,4,10,8,4,15.321626984126985,27.34107142857143
2,1,1,1,2,3,3,7,7,1,14.292857142857144,27.321428571428573
5,1,1,1,2,1,6,5,3,1,12.263293650793651,26.857738095238098
7,1,1,1,2,3,3,8,2,4,14.274603174603175,27.307738095238097
1,4,1,1,3,2,3,10,8,9,17.36706349206349,27.285119047619048
3,1,1,1,2,1,4,10,6,10,12.23611111111111,26.85595238095238
3,1,1,1,2,1,4,10,6,10,12.23611111111111,26.85595238095238
2,5,1,1,2,1,6,5,7,6,16.341765873015873,26.847023809523808
9,10,1,1,1,1,4,1,1,1,20.092559523809523,25.963095238095242
4,6,1,1,2,2,3,3,5,2,18.16845238095238,27.083333333333332
9,1,1,1,2,1,3,5,8,9,12.251785714285713,26.857738095238098
7,1,8,1,1,1,6,10,10,3,18.28452380952381,26.53392857142857
8,1,4,7,7,3,3,9,8,3,28.14265873015873,27.347619047619048
2,1,6,8,7,5,7,10,7,3,33.03144841269841,27.228571428571428
5,1,2,1,2,2,3,10,8,3,14.31299603174603,27.303571428571427
4,1,1,1,2,1,6,5,3,2,12.328670634920636,26.933928571428574
1,1,5,2,10,6,5,8,8,3,30.231646825396826,27.226785714285718
4,1,1,8,2,1,6,5,4,3,18.942658730158733,26.91845238095238
5,1,2,8,7,10,7,8,3,2,34.02599206349206,27.222023809523808
4,1,1,1,2,6,1,5,8,3,17.056349206349203,27.24940476190476
4,1,1,1,9,8,3,3,5,10,26.192956349206348,27.226190476190474
4,1,1,1,9,2,5,8,8,10,20.289186507936506,27.292857142857144
4,1,1,1,3,10,4,10,10,1,22.38888888888889,27.373214285714283
7,8,1,2,2,3,9,7,2,4,22.172718253968252,27.321428571428573
4,1,1,1,2,1,6,5,8,3,12.328670634920636,26.933928571428574
3,1,1,1,2,2,4,10,2,1,13.299007936507937,27.304166666666667
4,1,1,1,1,1,4,10,8,10,11.27063492063492,26.53333333333333
5,1,1,1,2,1,3,10,8,9,12.275992063492064,26.907142857142855
4,1,1,1,2,1,6,5,8,3,12.328670634920636,26.933928571428574
2,1,1,1,2,3,4,10,8,9,14.303571428571427,27.35833333333333
7,3,1,9,3,1,6,5,3,10,22.79861111111111,27.02916666666667
2,1,1,1,1,1,4,10,8,10,11.27063492063492,26.53333333333333
4,1,1,1,1,1,7,5,3,10,11.250198412698413,26.413690476190474
4,1,1,1,2,3,3,8,2,4,14.295039682539684,27.305357142857144
5,1,1,1,3,3,1,8,9,6,15.160218253968253,27.326785714285716
5,1,2,8,7,5,7,7,2,4,29.022321428571427,27.23690476190476
4,1,1,1,2,3,3,10,7,3,14.30079365079365,27.35833333333333
4,1,1,1,3,2,3,8,3,2,14.208333333333334,27.24940476190476
1,1,1,1,1,3,1,8,8,10,13.227380952380951,26.982142857142854
1,1,5,7,6,6,5,10,7,4,31.04007936507936,27.222023809523808
4,1,1,1,7,5,6,8,3,2,21.29781746031746,27.236309523809524
5,1,2,8,6,1,6,5,8,3,23.94920634920635,27.071428571428573
1,3,1,1,3,3,4,10,8,3,17.364781746031746,27.297023809523807
3,1,1,1,1,5,3,1,10,4,15.223115079365078,26.592857142857145
2,1,1,1,3,3,1,10,1,3,15.161210317460316,27.33095238095238
4,5,1,1,2,1,6,5,3,1,16.313492063492063,26.982142857142854
9,1,1,1,1,2,4,10,10,1,12.259821428571428,26.923214285714284
4,1,1,1,2,1,6,10,10,3,12.287599206349206,26.907142857142855
5,1,1,1,2,3,1,10,8,9,14.156944444444445,27.35833333333333
7,1,1,1,3,2,3,8,2,4,14.180853174603175,27.275
1,1,5,4,6,6,5,10,7,4,28.118055555555554,27.229166666666668
1,3,1,1,3,3,4,10,8,4,17.364781746031746,27.297023809523807
1,1,1,5,2,2,3,10,8,4,17.0015873015873,27.30833333333333
9,1,1,1,2,3,1,8,8,10,14.152777777777777,27.311309523809523
1,3,4,1,2,1,6,5,1,3,17.31140873015873,26.979166666666668
4,1,1,7,9,4,5,4,10,10,27.970535714285717,27.241666666666667
9,1,1,1,1,1,9,10,10,8,11.271031746031746,26.53333333333333
9,1,4,1,1,1,4,10,8,3,14.31299603174603,26.535119047619048
1,1,1,1,3,3,3,7,7,1,15.173809523809524,27.263690476190476
3,1,1,1,2,3,1,10,8,3,14.156944444444445,27.35833333333333
7,1,1,1,2,1,6,9,2,4,12.263789682539683,26.976190476190474
4,1,1,1,3,3,3,7,7,3,15.16001984126984,27.333333333333332
2,1,1,1,2,1,6,7,2,4,12.28859126984127,26.925595238095234
4,1,1,1,3,3,1,8,6,10,15.157242063492063,27.28988095238095
4,1,1,1,2,1,6,5,8,3,12.242857142857144,26.776190476190475
7,1,1,1,1,1,4,1,7,1,11.028174603174602,25.939880952380953
9,1,1,1,2,2,3,10,8,4,13.251289682539682,27.157738095238095
1,1,5,1,2,1,6,5,4,3,16.302579365079364,26.805357142857144
5,1,2,8,7,5,7,5,3,1,28.87132936507937,27.369642857142857
2,1,1,1,2,1,6,8,3,10,12.225198412698413,26.888095238095236
4,1,1,1,2,1,6,5,4,3,12.242857142857144,26.776190476190475
10,1,1,1,3,3,3,9,2,5,15.27470238095238,27.291071428571428
4,1,1,1,2,1,6,5,8,3,12.242857142857144,26.776190476190475
3,1,1,7,2,3,1,10,8,6,19.81984126984127,27.297619047619047
4,1,1,1,2,6,5,10,7,10,17.24513888888889,27.253571428571426
1,6,5,7,6,1,6,5,8,3,30.833333333333332,27.066071428571426
2,1,9,1,2,1,7,10,6,10,20.268452380952382,26.91904761904762
3,1,1,1,1,1,6,10,1,3,11.234623015873016,26.67678571428571
4,1,1,4,3,3,3,7,2,4,18.024404761904762,27.36190476190476
4,1,1,1,3,3,1,10,8,3,15.139583333333334,27.36190476190476
3,1,1,1,2,3,1,10,8,3,14.19295634920635,27.25059523809524
7,1,1,1,2,1,6,5,8,3,12.242857142857144,26.776190476190475
7,1,1,1,5,1,6,5,8,3,15.266468253968252,26.89702380952381
7,1,1,1,2,1,6,5,8,3,12.242857142857144,26.776190476190475
1,1,1,1,1,1,4,1,7,1,11.028174603174602,25.939880952380953
9,1,1,1,1,3,1,8,8,10,13.06031746031746,26.979761904761904
1,1,1,1,2,3,1,8,8,3,14.115674603174602,27.248809523809523
4,1,1,2,2,1,6,8,8,10,13.107043650793651,26.994642857142857
8,1,1,1,3,10,7,10,10,1,22.22579365079365,27.351785714285718
4,1,4,1,7,3,3,7,10,1,22.189980158730158,27.333333333333332
9,1,1,1,1,1,6,10,10,3,11.234623015873016,26.67678571428571
9,1,1,1,2,3,1,8,8,10,14.115674603174602,27.248809523809523
1,1,2,1,2,1,6,5,8,3,13.246527777777777,26.78988095238095
4,1,1,1,1,3,1,8,4,10,13.06031746031746,26.979761904761904
4,1,1,1,10,3,3,7,2,4,22.241468253968254,27.360119047619047
1,1,5,7,4,10,5,10,7,10,32.96964285714286,27.359523809523807
8,4,1,1,3,3,8,10,5,10,18.266468253968252,27.36190476190476
1,1,5,7,6,6,5,10,7,6,30.88015873015873,27.361309523809524
1,3,1,1,3,3,4,10,2,3,17.274603174603175,27.36190476190476
4,3,1,1,2,1,6,5,8,4,14.266468253968252,26.775595238095242
4,1,1,1,4,3,6,5,8,3,16.116071428571427,27.39345238095238
4,1,1,1,2,6,1,10,8,3,17.07420634920635,27.253571428571426
1,1,1,1,2,1,6,5,8,3,12.242857142857144,26.776190476190475
1,1,1,1,3,3,1,10,8,3,15.139583333333334,27.36190476190476
4,1,1,1,2,2,10,10,8,7,13.257638888888888,27.157738095238095
2,1,1,1,2,2,4,10,10,1,13.25327380952381,27.152976190476192
2,3,1,1,7,10,7,10,7,3,28.323710317460318,27.382738095238096
4,1,1,1,2,1,6,3,3,10,12.191071428571428,26.692857142857143
1,1,5,7,6,6,5,10,8,3,30.88015873015873,27.361309523809524
3,1,1,1,2,3,1,10,7,4,14.19295634920635,27.25059523809524
8,1,1,1,3,3,8,10,5,2,15.283630952380951,27.36190476190476
4,1,5,1,2,1,6,5,3,2,16.302579365079364,26.805357142857144
1,1,2,8,7,5,7,8,8,3,28.89702380952381,27.37440476190476
8,1,1,1,2,1,4,10,6,10,12.291071428571428,27.004761904761903
3,1,1,1,1,1,3,10,10,3,11.199801587301588,26.652380952380952
4,1,1,1,3,3,3,1,2,1,15.038095238095238,27.072023809523806
2,1,1,1,2,1,6,5,3,4,12.255357142857143,26.867261904761904
4,1,3,2,2,1,4,8,8,10,15.07172619047619,26.94940476190476
1,1,3,1,7,8,3,8,8,10,26.219940476190477,27.2875
4,1,1,1,2,6,4,10,10,1,17.387003968253968,27.378571428571426
4,1,1,1,2,1,6,5,2,3,12.255357142857143,26.867261904761904
4,1,1,1,3,3,6,5,3,1,15.205555555555554,27.339880952380952
2,1,1,1,2,1,3,7,2,4,12.29751984126984,26.964880952380952
5,1,1,1,1,1,4,1,7,1,11.016765873015874,25.916666666666668
1,1,1,1,2,3,1,10,8,9,14.112103174603174,27.284523809523808
4,1,1,1,2,4,6,3,3,6,15.137896825396826,27.110714285714284
7,1,1,1,10,6,8,2,8,3,25.122222222222224,27.360119047619047
9,3,1,1,1,1,6,5,3,1,13.279464285714287,26.405952380952378
2,1,1,8,2,1,6,10,10,3,18.95654761904762,26.95416666666667
7,1,1,1,1,7,4,10,8,10,17.23313492063492,26.973214285714285
9,1,1,1,2,1,6,9,2,4,12.146626984126984,26.925
4,1,1,1,2,1,6,5,8,3,12.255357142857143,26.867261904761904
2,1,1,1,2,1,6,5,3,10,12.255357142857143,26.867261904761904
4,1,1,1,2,2,3,10,8,10,13.388492063492063,27.307142857142857
2,1,9,10,2,2,4,10,10,1,30.01765873015873,27.288690476190474
4,1,5,4,6,9,8,2,5,2,30.92996031746032,27.314880952380953
3,7,5,1,2,2,4,10,10,1,23.37708333333333,27.295238095238098
4,1,1,1,2,3,3,7,2,4,14.33452380952381,27.25416666666667
4,1,1,1,2,1,6,5,1,3,12.255357142857143,26.867261904761904
1,1,1,1,2,1,4,4,2,1,12.156150793650793,26.742261904761904
3,1,1,1,2,2,6,5,3,1,13.291666666666666,27.22738095238095
1,1,5,6,6,6,5,10,8,10,29.96875,27.30595238095238
5,1,1,1,2,3,1,8,7,4,14.087400793650792,27.150595238095242
2,1,1,1,2,1,6,5,3,5,12.255357142857143,26.867261904761904
2,1,1,1,2,1,6,5,3,1,12.255357142857143,26.867261904761904
3,7,5,4,6,9,8,10,5,2,37.0469246031746,27.30595238095238
4,1,1,1,2,2,4,10,10,1,13.39236111111111,27.307142857142857
5,1,2,8,7,5,1,10,8,3,28.7594246031746,27.30595238095238
4,1,4,1,3,3,7,8,3,2,18.37152777777778,27.336904761904766
9,1,1,1,2,1,6,5,3,1,12.255357142857143,26.867261904761904
2,1,1,1,1,1,6,8,10,3,11.303869047619049,26.52202380952381
9,10,1,1,2,3,6,5,3,1,23.291071428571428,27.23154761904762
2,9,1,1,1,1,4,10,8,4,19.198611111111113,26.652380952380952
2,1,1,1,1,1,4,8,8,10,11.302480158730159,26.52202380952381
9,3,1,1,2,2,3,10,8,9,15.373115079365078,27.295238095238098
3,1,10,1,1,2,3,8,5,10,21.252380952380953,26.8875
6,1,1,1,2,2,3,3,6,3,13.146527777777777,27.123214285714283
4,1,9,1,2,1,6,5,3,10,20.233234126984126,26.872619047619047
2,1,1,1,2,1,10,5,8,3,12.25545634920635,26.867261904761904
10,1,1,1,2,1,6,5,3,10,12.255357142857143,26.867261904761904
2,1,1,1,2,1,6,5,8,3,12.255357142857143,26.867261904761904
4,7,1,7,1,3,1,8,8,10,24.771527777777777,26.98392857142857
1,2,1,1,3,3,3,7,2,4,16.202380952380953,27.34166666666667
8,1,4,7,7,6,3,10,5,6,30.966567460317457,27.410119047619048
8,1,1,1,3,3,8,7,7,1,15.293055555555554,27.32261904761905
4,1,5,3,6,9,8,6,5,2,30.083333333333332,27.410119047619048
3,7,1,1,2,1,6,5,8,3,18.19315476190476,26.715476190476192
7,1,1,1,1,1,4,10,8,3,11.221924603174603,26.499404761904763
3,1,4,1,1,1,3,10,8,5,14.217857142857142,26.499404761904763
3,1,1,1,2,6,5,10,7,6,17.22906746031746,27.23392857142857
1,1,5,7,6,5,4,10,2,8,29.969047619047622,27.410119047619048
4,1,1,7,2,1,6,10,7,3,17.89246031746032,26.96607142857143
4,1,1,1,2,3,3,5,8,3,14.133630952380951,27.252976190476193
3,1,1,1,1,1,4,1,7,1,11.136408730158731,25.816071428571426
5,1,1,1,2,6,4,10,2,1,17.228472222222223,27.23392857142857
6,1,1,1,2,2,4,1,7,1,13.049107142857142,26.809523809523807
3,1,1,1,1,1,3,3,6,3,11.085218253968254,26.277976190476192
1,9,1,1,2,3,3,7,2,4,22.299107142857146,27.21190476190476
4,1,1,1,3,3,1,8,9,10,15.172123015873016,27.37321428571429
4,1,1,1,2,3,1,10,8,3,14.088095238095239,27.288690476190474
4,1,1,1,2,1,6,5,8,3,12.235416666666667,26.747619047619047
4,1,1,1,2,1,6,5,8,3,12.235416666666667,26.747619047619047
10,2,1,1,2,10,6,7,9,3,22.104365079365078,27.241666666666667
9,1,1,1,8,3,9,7,8,9,20.283630952380953,27.41488095238095
7,1,1,1,1,1,4,1,8,10,11.136408730158731,25.816071428571426
4,1,1,1,2,2,4,10,1,1,13.338789682539684,27.230357142857144
3,1,1,1,1,9,4,10,8,10,19.351488095238096,26.939285714285717
5,7,5,4,2,5,6,9,2,4,29.089682539682542,27.313690476190477
9,1,1,1,7,9,8,10,5,2,25.302777777777777,27.410119047619048
9,1,1,1,2,1,3,3,5,10,12.125099206349207,26.694642857142856
4,1,1,1,2,2,6,9,2,4,13.295039682539684,27.23392857142857
9,1,5,4,6,9,8,10,5,2,31.050694444444446,27.410119047619048
3,6,1,1,1,1,4,10,3,10,16.218948412698413,26.499404761904763
4,1,1,1,2,2,3,3,5,10,13.245535714285714,27.097023809523808
4,1,1,1,2,1,6,5,1,3,12.235416666666667,26.747619047619047
9,1,1,8,1,1,6,5,8,3,17.90843253968254,26.622023809523807
7,1,1,1,2,1,6,10,10,3,12.312301587301587,26.880357142857143
7,1,1,1,2,1,6,9,8,10,12.248710317460318,26.90178571428571
4,1,6,1,2,7,3,9,2,4,23.24265873015873,27.185714285714283
7,1,1,1,3,1,6,5,3,1,13.245634920634922,26.781547619047622
2,1,1,1,2,2,3,10,8,9,13.3375,27.229166666666668
7,1,1,2,2,2,3,10,8,6,14.208928571428572,27.148809523809526
2,1,1,1,3,2,3,8,8,9,14.306845238095239,27.270833333333332
8,10,1,1,9,2,3,10,10,6,29.265972222222224,27.33452380952381
2,1,1,1,3,3,8,10,10,6,15.347420634920635,27.31666666666667
9,9,1,1,3,2,3,10,8,4,22.25704365079365,27.37916666666667
7,1,5,1,2,1,2,9,2,4,16.21230158730159,26.88154761904762
4,1,1,1,2,2,3,10,5,6,13.3375,27.229166666666668
8,1,1,1,3,4,8,10,8,10,16.28531746031746,27.367857142857144
1,1,1,1,1,1,6,10,10,3,11.222916666666666,26.499404761904763
9,9,1,1,1,1,5,1,7,1,19.077083333333334,25.910119047619048
6,1,1,6,1,9,6,10,7,3,24.00436507936508,26.952380952380953
9,1,1,1,2,2,3,10,8,10,13.3375,27.229166666666668
4,1,1,1,2,2,3,10,8,10,13.242261904761904,27.179761904761904
4,1,1,1,2,2,4,10,10,1,13.244642857142859,27.179761904761904
4,4,1,1,3,3,1,5,3,4,18.110416666666666,27.30059523809524
4,1,1,1,2,1,4,8,9,1,12.239583333333332,26.907142857142855
4,1,1,1,2,1,6,7,2,4,12.351686507936508,26.952380952380953
4,1,1,1,3,3,3,5,8,3,15.228571428571428,27.376190476190477
3,1,1,1,1,1,3,10,10,1,11.267559523809524,26.582142857142856
4,1,1,1,2,2,4,10,2,3,13.244642857142859,27.179761904761904
3,1,1,1,2,6,1,10,8,3,17.14236111111111,27.325
5,1,1,1,1,1,4,1,7,1,11.123412698412698,26.01904761904762
8,1,1,1,3,3,8,3,6,1,15.280257936507937,27.252976190476193
6,10,1,1,2,2,3,10,5,6,22.238095238095237,27.179761904761904
9,1,1,1,3,3,1,10,8,9,15.112301587301587,27.351190476190474
5,1,1,1,2,1,4,10,8,3,12.276587301587302,27.013690476190476
7,1,1,1,2,1,6,5,8,3,12.223611111111111,26.804166666666667
7,1,1,1,3,2,3,10,8,9,14.322916666666666,27.282142857142855
6,1,1,2,5,1,4,10,6,10,16.08045634920635,27.077380952380953
8,1,1,1,1,5,4,10,8,10,15.271924603174602,27.05654761904762
3,1,1,1,1,1,6,10,8,4,11.269940476190476,26.582142857142856
1,3,1,1,3,3,4,10,1,6,17.261011904761904,27.367857142857144
5,1,2,8,7,1,4,1,8,10,25.03234126984127,27.067261904761903
3,1,1,1,1,5,7,8,3,2,15.16845238095238,26.944642857142856
8,1,1,1,3,3,8,10,10,1,15.254365079365078,27.351190476190474
4,1,1,1,2,2,4,10,5,6,13.244642857142859,27.179761904761904
6,1,5,1,7,2,4,1,7,1,22.144444444444446,27.104166666666668
7,1,1,6,1,1,3,3,6,3,16.09781746031746,26.56190476190476
2,1,1,1,2,1,3,7,2,3,12.339980158730159,26.952380952380953
4,8,1,1,2,1,6,5,8,4,19.22668650793651,26.82916666666667
3,1,1,1,1,8,6,5,8,3,18.24295634920635,26.901785714285715
4,1,1,1,2,1,6,10,5,3,12.277777777777777,27.013690476190476
4,1,1,1,2,2,1,10,8,3,13.115972222222222,27.179761904761904
4,1,1,1,3,3,4,7,10,1,15.237996031746032,27.3125
9,1,1,1,2,1,4,10,8,6,12.276587301587302,27.013690476190476
2,1,1,6,2,2,3,9,2,4,18.001785714285713,27.269642857142856
4,1,1,1,3,2,6,9,2,9,14.274305555555554,27.35892857142857
9,2,1,1,2,5,4,10,10,3,17.25674603174603,27.30059523809524
1,1,5,7,6,1,6,9,2,4,26.0030753968254,27.025595238095242
7,1,1,1,2,6,5,10,7,4,17.28531746031746,27.325
4,1,1,1,3,3,4,10,8,4,15.25327380952381,27.351190476190474
1,3,1,1,2,1,6,5,8,3,14.227380952380951,26.82916666666667
4,1,1,1,3,3,4,10,10,4,15.25327380952381,27.351190476190474
1,3,1,1,3,3,3,7,2,4,17.24702380952381,27.314285714285717
5,1,2,1,2,1,4,10,8,3,13.28373015873016,26.98988095238095
8,1,1,6,1,3,1,10,8,9,17.95376984126984,26.99345238095238
4,1,1,1,2,2,3,10,8,1,13.242261904761904,27.179761904761904
9,8,1,1,1,1,6,10,10,10,18.267857142857146,26.582142857142856
1,1,1,1,3,3,8,1,7,1,15.049305555555554,27.104166666666668
9,1,1,1,1,1,4,10,3,6,11.269246031746032,26.582142857142856
2,1,1,10,2,1,6,10,8,10,20.955555555555556,27.03988095238095
4,1,1,1,2,2,3,5,3,1,13.200198412698413,27.19761904761905
9,1,1,1,6,10,4,10,5,10,25.304464285714285,27.302976190476194
4,1,1,1,2,1,5,5,8,3,12.155853174603175,26.80595238095238
4,1,1,1,2,2,3,5,10,3,13.255753968253966,27.155357142857145
9,1,1,1,3,1,6,10,3,1,13.314880952380951,26.930357142857144
5,1,1,1,1,1,2,5,3,1,11.183928571428572,26.48988095238095
6,1,1,1,2,1,4,1,7,1,12.131150793650793,26.382738095238096
9,1,1,1,1,10,4,10,8,3,20.33779761904762,26.934523809523807
3,1,1,1,2,3,1,10,8,3,14.18075396825397,27.275595238095242
2,1,1,1,3,3,3,7,2,4,15.26170634920635,27.28988095238095
4,1,1,1,2,1,6,5,3,1,12.155952380952382,26.80595238095238
1,1,1,1,1,1,3,10,10,3,11.269642857142857,26.582738095238096
3,3,1,1,3,3,4,10,8,4,17.32688492063492,27.320833333333333
4,1,1,1,2,2,3,10,8,4,13.19404761904762,27.226785714285718
9,1,1,1,2,6,6,9,2,10,17.308531746031747,27.33571428571429
3,1,1,1,2,3,1,10,8,3,14.18075396825397,27.275595238095242
9,1,1,5,1,1,4,10,8,3,15.005654761904761,26.64702380952381
4,1,1,1,2,3,3,7,2,4,14.25545634920635,27.257142857142856
4,1,1,10,3,1,6,5,8,3,22.01279761904762,26.986309523809524
4,5,1,1,3,3,4,10,8,3,19.326289682539684,27.320833333333333
4,1,1,1,3,3,1,10,8,3,15.159424603174603,27.320833333333333
1,1,1,1,1,1,4,1,7,1,11.184027777777779,26.035714285714285
5,3,1,1,8,3,4,10,8,4,22.20188492063492,27.30178571428571
7,1,10,1,2,1,6,9,2,4,21.27390873015873,26.867261904761904
3,1,1,1,2,2,4,10,2,1,13.196626984126985,27.226785714285718
3,1,5,1,1,1,3,10,3,1,15.278869047619049,26.571428571428573
2,1,1,3,2,1,1,5,10,3,13.897123015873015,26.859523809523807
9,1,1,1,1,1,6,10,7,4,11.280952380952382,26.582738095238096
1,1,10,7,6,6,5,10,10,3,36.007936507936506,27.302976190476194
5,1,2,8,7,5,7,1,7,1,28.990079365079367,27.345238095238095
7,1,1,2,1,1,4,8,3,2,12.195337301587301,26.583333333333332
4,1,1,1,2,2,3,9,2,4,13.262301587301588,27.185119047619047
7,1,1,1,2,1,6,10,8,10,12.231845238095238,26.905357142857145
4,1,1,1,2,1,6,10,7,3,12.231845238095238,26.905357142857145
3,1,1,1,2,2,1,10,8,3,13.069444444444446,27.226785714285718
9,4,1,1,1,1,3,10,10,3,14.283531746031747,26.567261904761903
5,7,1,1,1,1,6,10,10,3,17.28561507936508,26.567261904761903
5,1,1,1,8,1,6,5,3,1,18.20436507936508,26.90833333333333
2,1,1,1,2,3,4,1,7,1,14.19970238095238,27.047023809523807
3,7,5,4,6,1,4,1,7,1,29.08174603174603,26.886904761904766
5,1,9,1,1,9,8,10,5,2,27.32420634920635,26.942261904761903
4,1,1,1,2,3,4,1,7,10,14.202976190476189,27.039285714285718
9,1,1,1,1,2,1,10,4,3,12.124900793650793,26.954761904761902
7,1,1,1,3,3,3,7,2,4,15.26170634920635,27.28988095238095
4,1,1,1,2,5,6,5,8,3,16.172718253968252,27.26666666666667
9,1,1,1,2,1,4,10,8,3,12.230952380952381,26.905357142857145
5,1,1,1,1,1,4,1,7,1,11.184027777777779,26.035714285714285
2,1,1,1,2,2,3,10,3,10,13.19404761904762,27.226785714285718
2,1,1,1,2,1,6,5,3,1,12.155952380952382,26.80595238095238
3,1,1,1,2,3,1,10,7,1,14.109126984126984,27.222619047619048
5,1,1,1,1,1,4,1,8,3,11.184027777777779,26.035714285714285
3,1,1,1,1,1,3,3,4,3,11.2078373015873,26.222619047619048
9,1,1,1,9,2,1,10,1,3,20.214285714285715,27.3125
3,7,5,4,6,9,8,5,2,4,37.11954365079365,27.285119047619048
4,1,1,1,3,3,3,10,7,8,15.32043650793651,27.332738095238096
9,4,1,1,1,1,6,10,8,3,14.255059523809525,26.642857142857146
4,1,1,1,2,1,6,5,1,2,12.184821428571428,26.882142857142856
4,1,7,1,6,6,5,10,7,4,27.320436507936506,27.27261904761905
1,1,5,7,2,2,3,10,8,10,22.995337301587302,27.30059523809524
5,1,1,1,2,1,6,5,8,3,12.184821428571428,26.882142857142856
4,1,1,1,2,3,1,10,8,9,14.110714285714286,27.25654761904762
1,3,1,1,3,2,4,10,8,4,16.26279761904762,27.258928571428573
3,1,10,1,1,1,6,10,6,3,20.255257936507938,26.642857142857146
4,1,1,1,2,1,6,5,8,3,12.184821428571428,26.882142857142856
7,1,9,1,3,3,9,10,8,3,23.340376984126983,27.332738095238096
4,1,1,1,3,3,1,10,8,9,15.159920634920635,27.332738095238096
5,1,1,1,2,3,6,9,8,3,14.32638888888889,27.213095238095242
3,1,7,1,1,1,3,10,10,3,17.2530753968254,26.642857142857146
5,1,1,6,2,1,4,10,8,3,17.088492063492062,27.007142857142856
9,1,1,1,1,1,6,10,10,3,11.25873015873016,26.642857142857146
9,1,1,1,2,3,1,8,8,10,14.117162698412699,27.148809523809526
3,1,1,1,2,2,1,8,5,10,13.149305555555554,27.247023809523807
9,1,1,1,4,3,6,8,8,3,16.268055555555556,27.305357142857144
9,1,1,1,2,1,6,5,3,1,12.184821428571428,26.882142857142856
2,1,1,1,1,9,1,10,4,3,19.101984126984128,26.936309523809523
9,1,1,1,2,7,3,10,8,10,18.290376984126986,27.242261904761904
4,1,1,1,1,2,1,10,3,3,12.156944444444445,26.944642857142856
2,1,1,1,2,1,4,1,7,1,12.10545634920635,26.489285714285717
7,1,1,1,1,1,6,5,3,1,11.25545634920635,26.46190476190476
2,1,1,1,1,1,3,3,7,3,11.2078373015873,26.222619047619048
3,1,1,1,2,3,1,5,3,1,14.15595238095238,27.28333333333333
3,7,5,8,6,1,3,3,6,3,32.89543650793651,26.98809523809524
3,1,1,1,1,9,8,10,5,5,19.24047619047619,26.936309523809523
5,1,1,1,2,3,1,8,8,10,14.117162698412699,27.148809523809526
9,1,1,1,2,1,4,10,8,3,12.259821428571428,26.95059523809524
2,1,1,1,2,2,1,10,8,9,13.18125,27.28333333333333
5,1,1,1,2,3,3,10,8,10,14.236309523809524,27.25654761904762
3,9,1,1,1,1,6,10,8,10,19.254662698412698,26.642857142857146
4,10,1,8,2,2,3,10,8,3,29.007440476190474,27.303571428571427
5,1,1,1,2,1,6,1,1,3,12.105654761904763,26.489285714285717
2,1,1,1,1,9,4,10,8,3,19.23918650793651,26.936309523809523
9,1,1,1,3,3,1,10,8,3,15.159920634920635,27.332738095238096
4,1,1,1,1,1,6,10,6,3,11.25873015873016,26.642857142857146
3,1,1,1,1,1,4,10,8,6,11.258333333333335,26.642857142857146
9,1,1,1,2,1,6,10,1,3,12.26061507936508,26.95059523809524
1,3,1,1,3,3,4,10,8,4,17.338194444444444,27.332738095238096
3,1,1,1,1,1,3,3,6,3,11.2078373015873,26.222619047619048
8,1,6,7,1,1,6,10,10,3,21.830059523809524,26.615476190476194
2,7,1,1,2,1,1,10,8,3,18.099305555555553,26.958333333333332
3,1,1,1,2,3,6,5,3,1,14.288492063492063,27.229761904761904
4,1,10,1,2,1,6,5,8,3,21.237103174603174,26.855357142857144
3,1,1,1,1,1,3,3,6,3,11.159226190476192,26.269642857142856
1,1,1,1,1,1,7,3,6,3,11.186507936507937,26.269642857142856
7,1,1,1,2,2,1,10,8,9,13.13968253968254,27.327976190476193
2,1,1,1,3,2,3,10,5,9,14.287996031746033,27.392261904761902
1,1,1,1,1,1,1,8,8,10,11.157638888888888,26.617857142857144
9,1,1,1,2,3,6,10,10,3,14.258134920634921,27.339880952380952
4,1,1,1,2,2,1,10,8,3,13.13968253968254,27.327976190476193
4,1,1,1,3,4,1,10,8,3,16.134027777777778,27.372619047619047
4,6,1,1,2,2,1,10,8,3,18.137599206349208,27.327976190476193
4,1,1,1,3,3,3,7,2,4,15.301884920634922,27.329761904761902
5,1,1,1,2,1,4,10,8,10,12.257242063492063,26.94404761904762
4,2,1,1,2,2,3,10,8,3,14.298511904761904,27.327976190476193
2,1,1,1,3,10,3,7,2,4,22.267857142857146,27.39702380952381
4,1,1,1,2,2,3,7,8,10,13.306051587301587,27.320238095238096
9,1,1,1,1,4,6,8,8,10,14.225396825396825,27.001190476190477
9,1,1,1,2,3,1,10,10,3,14.110615079365079,27.339880952380952
4,1,1,1,3,3,5,7,8,3,15.305456349206349,27.329761904761902
4,3,1,1,3,3,1,10,2,1,17.083134920634922,27.42738095238095
4,1,1,1,2,1,6,9,2,4,12.298214285714286,27.032738095238095
3,6,1,1,2,1,6,5,8,3,17.239285714285714,26.88154761904762
9,2,1,1,2,1,6,5,8,3,13.245337301587302,26.884523809523806
7,1,1,1,2,1,3,3,5,8,12.148611111111112,26.70357142857143
5,1,7,1,1,1,4,1,7,1,17.140575396825398,26.048214285714284
5,1,1,1,1,1,4,1,7,1,11.090674603174602,26.122023809523807
4,1,1,1,2,1,7,10,5,3,12.258333333333333,26.94404761904762
4,1,1,1,2,1,6,10,5,3,12.258234126984126,26.94404761904762
7,1,1,1,1,1,4,1,7,1,11.090674603174602,26.122023809523807
5,1,1,1,4,1,6,5,6,3,14.315178571428572,26.905357142857145
2,1,1,1,2,2,10,10,8,10,13.30406746031746,27.327976190476193
2,1,1,1,2,2,1,10,8,9,13.13968253968254,27.327976190476193
7,1,1,1,1,1,4,1,2,4,11.095138888888888,26.132738095238096
4,1,9,1,3,3,3,7,7,1,23.37202380952381,27.28988095238095
4,1,1,1,2,2,3,10,8,10,13.299801587301587,27.327976190476193
9,1,2,1,1,1,6,10,10,3,12.209821428571427,26.673809523809524
3,1,1,1,5,6,1,10,8,10,20.186904761904763,27.427976190476194
4,1,1,1,2,8,3,8,5,10,19.433730158730157,27.307142857142857
7,1,1,1,3,2,3,10,4,4,14.287996031746033,27.392261904761902
9,1,1,1,1,1,3,3,6,3,11.159226190476192,26.269642857142856
3,1,1,1,1,1,6,6,10,3,11.333730158730159,26.539285714285718
3,1,1,1,2,1,6,5,3,1,12.22857142857143,26.871428571428574
2,9,1,1,2,5,1,8,5,10,24.23313492063492,27.33095238095238
2,1,1,1,2,8,6,1,2,3,19.195039682539683,27.14107142857143
5,1,1,1,9,2,3,10,8,10,20.25128968253968,27.430357142857144
3,1,1,1,2,9,4,10,2,1,20.260714285714286,27.326190476190476
7,1,1,1,1,1,10,1,7,1,11.096825396825398,26.132738095238096
9,1,1,1,1,1,7,1,1,7,11.09672619047619,26.132738095238096
2,1,1,1,2,2,7,10,8,6,13.30406746031746,27.327976190476193
3,1,5,4,6,9,1,8,8,10,30.98888888888889,27.451785714285716
9,1,4,1,2,3,8,10,5,2,17.254960317460316,27.339880952380952
5,1,1,1,1,1,6,10,10,3,11.211706349206349,26.673809523809524
7,2,1,1,1,3,7,1,7,3,14.215575396825397,26.563690476190477
3,1,1,1,1,1,6,10,1,9,11.351984126984126,26.634523809523806
8,1,1,1,3,4,9,7,2,8,16.401785714285715,27.376785714285717
4,1,1,1,3,3,8,10,5,6,15.379662698412698,27.316071428571426
7,9,1,1,7,1,3,5,5,10,25.18105158730159,26.974404761904758
4,1,1,1,2,6,6,9,2,10,17.293948412698413,27.342261904761905
5,1,1,1,9,2,3,7,7,1,20.27609126984127,27.222023809523808
8,1,4,7,7,3,5,10,8,5,28.062103174603173,27.348809523809525
3,9,1,1,1,1,3,1,7,1,19.010615079365078,26.00595238095238
9,1,1,1,1,2,4,3,6,3,12.07609126984127,26.723809523809525
9,8,1,1,3,3,3,7,2,4,22.30168650793651,27.315476190476193
4,1,1,1,2,3,5,10,10,3,14.280654761904762,27.301190476190477
5,1,8,1,1,1,3,10,10,3,18.340178571428574,26.640476190476193
3,1,1,1,1,1,6,10,10,3,11.351984126984126,26.634523809523806
1,1,1,1,3,5,1,10,8,3,17.13938492063492,27.396428571428572
4,1,1,1,2,1,6,5,10,3,12.335912698412699,26.890476190476193
3,1,1,1,2,2,9,10,8,3,13.284722222222223,27.247023809523807
4,1,9,1,6,3,1,10,8,10,26.1905753968254,27.284523809523808
9,9,1,1,2,1,6,5,8,3,20.35019841269841,26.86309523809524
7,1,1,1,2,1,4,10,8,6,12.209821428571429,26.867857142857144
1,1,1,1,2,2,1,2,8,3,12.964285714285714,27.069642857142856
1,1,1,1,10,1,1,8,8,10,20.109920634920634,26.97559523809524
4,1,1,1,3,3,3,7,2,4,15.30376984126984,27.315476190476193
4,1,1,1,3,3,3,7,2,4,15.30376984126984,27.315476190476193
1,3,1,1,3,3,7,10,5,6,17.376884920634918,27.31666666666667
8,1,1,1,3,3,1,10,2,7,15.243154761904762,27.332142857142856
3,1,5,4,6,9,1,8,8,10,30.908234126984127,27.373809523809523
2,1,1,1,2,2,1,10,8,9,13.105853174603174,27.247023809523807
4,1,1,1,2,2,1,8,8,3,13.169047619047621,27.155952380952378
4,1,1,1,3,3,3,7,4,4,15.30376984126984,27.315476190476193
5,1,2,8,2,1,6,5,8,10,19.893849206349206,26.909523809523808
1,1,1,1,7,5,7,8,3,2,21.37936507936508,27.33154761904762
4,1,1,1,2,6,1,10,8,10,17.201785714285712,27.2625
3,1,1,1,5,3,1,7,10,3,17.13859126984127,27.378571428571426
7,1,1,1,2,3,9,10,10,3,14.28075396825397,27.301190476190477
9,1,1,1,7,1,4,1,2,4,17.24702380952381,26.66309523809524
5,1,1,1,1,1,3,3,6,3,11.141170634920634,26.281547619047622
5,1,1,1,1,1,4,1,7,1,11.150297619047619,25.94940476190476
9,1,1,1,5,6,1,10,8,10,20.128571428571426,27.367857142857144
3,1,1,7,2,7,4,10,8,6,23.868452380952384,27.295238095238098
9,1,1,1,1,2,1,10,4,3,12.105952380952381,26.86190476190476
4,1,1,1,2,1,6,10,5,3,12.210714285714285,26.867857142857144
9,1,1,6,2,2,1,10,8,3,17.823809523809523,27.196428571428573
4,1,1,1,1,2,1,10,4,3,12.105952380952381,26.86190476190476
5,1,1,1,8,1,4,1,7,4,18.14186507936508,26.67559523809524
1,8,1,1,1,1,1,8,8,10,18.123214285714287,26.520238095238096
3,1,5,4,6,9,1,7,7,1,30.958829365079367,27.326785714285716
8,1,4,8,7,3,3,8,8,10,29.047420634920634,27.348809523809525
7,1,7,1,2,3,1,10,10,3,20.113988095238096,27.31666666666667
9,1,1,1,2,1,6,5,8,3,12.335912698412699,26.890476190476193
7,1,1,1,1,2,3,10,2,9,12.256646825396825,26.9875
7,1,1,1,9,1,4,5,2,1,19.23392857142857,26.81845238095238
1,1,1,1,4,1,6,5,7,4,14.22172619047619,26.916666666666668
1,1,5,2,6,6,5,10,8,3,26.188194444444445,27.361309523809524
9,10,1,1,1,2,4,10,8,6,21.223015873015875,26.9875
9,1,1,1,2,1,1,10,4,3,12.14970238095238,26.941071428571426
4,1,1,1,3,3,3,10,8,9,15.32906746031746,27.270833333333332
2,1,1,1,2,2,1,4,2,4,13.029166666666665,27.12559523809524
7,1,1,1,3,3,1,10,8,3,15.169146825396826,27.270833333333332
4,1,1,1,1,1,6,5,8,3,11.23938492063492,26.379761904761903
7,1,8,1,2,1,6,5,8,3,19.24206349206349,26.80654761904762
4,1,1,1,2,1,6,9,2,4,12.21577380952381,26.91547619047619
4,1,1,1,1,2,4,3,6,3,12.06140873015873,26.654761904761905
9,1,1,1,2,1,6,5,8,3,12.258730158730158,26.803571428571427
4,1,1,9,3,3,1,10,5,2,22.926785714285714,27.225
2,1,1,1,2,2,1,10,5,2,13.200099206349204,27.235119047619047
8,1,4,1,1,1,6,10,10,3,14.318055555555555,26.575
9,1,1,7,7,9,3,7,7,1,30.991170634920632,27.342857142857145
7,3,1,1,1,2,1,10,4,3,14.090376984126985,26.9875
9,1,1,1,1,1,4,1,7,1,11.082440476190476,25.919642857142854
5,1,1,1,2,5,6,5,8,3,16.287103174603175,27.304166666666667
4,5,1,1,9,2,3,10,8,10,24.23640873015873,27.338095238095242
5,1,1,1,2,1,6,10,5,3,12.265476190476189,26.941071428571426
4,9,1,1,1,1,6,6,10,3,19.177876984126986,26.469047619047622
9,3,1,1,1,1,6,10,5,3,13.318650793650795,26.575
4,1,1,1,1,1,6,10,10,3,11.281944444444445,26.577976190476193
9,1,1,8,1,5,7,8,3,2,21.926289682539682,26.93809523809524
5,1,5,1,1,1,6,10,5,3,15.317460317460316,26.575
9,1,1,1,1,1,4,10,8,10,11.281150793650793,26.577976190476193
4,1,1,1,1,1,6,10,10,3,11.281944444444445,26.577976190476193
4,1,1,1,2,1,4,10,8,7,12.264583333333333,26.941071428571426
5,1,1,1,2,1,6,5,8,3,12.258730158730158,26.803571428571427
9,1,1,1,1,3,1,10,10,3,13.169146825396826,26.96607142857143
9,1,1,1,2,8,1,10,4,3,19.14186507936508,27.235119047619047
8,1,1,1,1,1,4,1,7,1,11.082440476190476,25.919642857142854
7,1,1,1,3,7,8,10,5,6,19.268253968253966,27.242261904761904
4,1,1,1,1,2,1,10,4,10,12.108630952380953,26.9875
5,1,1,1,9,2,3,10,8,3,20.231944444444444,27.33154761904762
8,3,4,1,2,1,4,10,8,3,17.27996031746032,26.94404761904762
5,1,1,7,7,3,3,7,7,7,25.021626984126986,27.313690476190477
5,1,9,1,1,1,4,10,8,3,19.315674603174603,26.575
9,1,1,1,1,1,6,5,8,3,11.23938492063492,26.379761904761903
4,1,1,1,1,1,10,3,6,3,11.175892857142857,26.367261904761904
3,1,1,1,2,2,6,10,8,3,13.392956349206349,27.247023809523807
1,1,1,1,1,1,6,3,10,3,11.175892857142857,26.367261904761904
9,1,1,1,1,1,4,1,7,1,11.082440476190476,25.919642857142854
4,1,1,1,1,1,1,10,8,9,11.178968253968254,26.577976190476193
2,1,1,1,2,2,9,10,8,10,13.393253968253969,27.247023809523807
9,1,1,1,1,1,4,10,8,3,11.281150793650793,26.577976190476193
3,1,1,1,2,3,1,1,10,1,13.856150793650794,27.025595238095242
9,1,1,1,10,2,1,10,4,3,21.13065476190476,27.285119047619048
9,1,1,1,1,1,4,1,7,1,11.061904761904762,25.952976190476193
5,1,1,1,1,10,1,10,4,3,20.15545634920635,26.945238095238096
9,1,2,8,2,5,7,8,3,2,23.98115079365079,27.335714285714282
10,1,1,1,2,2,1,10,10,10,13.186607142857142,27.344047619047622
4,1,1,1,1,2,1,10,8,9,12.10109126984127,26.870238095238097
4,1,1,1,1,2,3,3,6,3,12.196130952380951,26.722619047619048
3,1,1,1,10,1,4,3,6,3,20.167261904761904,26.876190476190477
7,1,1,1,3,3,7,8,3,2,15.24702380952381,27.270238095238096
5,5,2,8,7,5,1,10,8,3,32.87628968253968,27.27857142857143
3,1,1,1,1,1,3,3,6,3,11.162996031746031,26.27202380952381
10,1,1,1,1,1,3,10,10,3,11.249801587301587,26.599404761904758
5,1,1,1,1,1,3,3,5,3,11.162996031746031,26.27202380952381
3,6,1,1,1,1,6,10,9,3,16.2296626984127,26.570238095238096
4,1,1,1,3,3,1,10,2,1,15.12718253968254,27.315476190476193
4,3,1,1,2,4,4,10,8,10,17.29702380952381,27.333928571428572
4,1,1,1,3,3,3,7,2,4,15.287003968253966,27.317261904761903
4,1,1,1,3,3,3,7,2,4,15.287003968253966,27.317261904761903
4,1,1,4,6,6,7,10,7,4,24.130853174603175,27.27857142857143
1,1,5,1,1,2,4,7,6,3,16.334623015873014,26.867261904761904
1,1,5,7,6,6,5,10,3,4,31.04950396825397,27.27857142857143
4,1,10,1,3,3,3,7,7,4,24.258333333333333,27.316071428571426
3,1,8,1,2,2,1,2,8,3,20.096130952380953,26.951785714285716
1,1,4,1,1,1,3,3,6,3,14.225396825396825,26.207142857142856
2,1,1,1,2,2,3,3,6,3,13.323214285714286,27.03392857142857
7,1,1,7,1,1,4,10,8,9,16.94156746031746,26.544642857142854
1,7,5,7,6,1,9,10,8,6,31.856448412698416,27.05833333333333
9,1,1,1,2,6,5,10,7,4,17.267658730158733,27.320238095238096
1,1,5,7,1,1,4,1,7,1,20.874603174603173,26.43333333333333
5,5,5,1,6,6,5,10,7,4,29.299305555555556,27.28988095238095
8,1,1,1,2,2,1,10,7,3,13.17906746031746,27.339880952380952
3,1,1,1,2,2,1,10,4,9,13.186607142857142,27.344047619047622
3,1,4,7,7,3,3,7,7,1,27.963888888888892,27.2625
8,1,1,1,2,3,1,10,8,3,14.055257936507937,27.28809523809524
9,1,1,1,1,2,1,10,4,3,12.10109126984127,26.870238095238097
8,1,1,1,2,2,1,10,8,9,13.186607142857142,27.344047619047622
4,1,2,1,2,2,1,10,8,5,14.184623015873015,27.344047619047622
7,1,1,1,1,2,9,3,6,3,12.198908730158731,26.722619047619048
9,1,1,1,1,2,4,4,5,2,12.1140873015873,26.780952380952378
8,1,1,1,3,3,8,10,10,3,15.31845238095238,27.29404761904762
5,1,1,1,1,1,6,10,5,6,11.253472222222223,26.599404761904758
3,5,1,1,1,1,3,10,1,4,15.230357142857141,26.575
6,1,1,3,3,3,3,7,10,3,17.118055555555554,27.26666666666667
2,1,1,1,1,1,4,1,7,1,11.061904761904762,25.952976190476193
9,1,1,1,2,2,1,10,8,9,13.186607142857142,27.344047619047622
4,1,1,8,7,5,7,8,3,2,28.031944444444445,27.276785714285715
5,1,1,1,1,1,1,6,8,9,11.090079365079365,26.523809523809526
4,1,1,1,2,1,10,9,2,4,12.22688492063492,26.923809523809524
4,1,1,5,1,1,4,10,8,10,14.968055555555555,26.51845238095238
9,1,1,1,1,1,4,3,6,3,11.166170634920636,26.27202380952381
4,1,1,1,2,2,1,10,8,3,13.218650793650795,27.17440476190476
3,1,1,1,2,3,1,5,8,3,14.188988095238097,27.202976190476193
3,1,1,1,3,3,3,7,2,4,15.31170634920635,27.214880952380952
4,1,1,1,8,1,6,10,1,3,18.28125,27.01666666666667
2,1,1,1,2,3,3,7,2,4,14.19077380952381,27.275595238095242
4,1,1,1,3,2,1,10,8,9,14.093253968253967,27.258333333333333
9,1,1,1,2,1,4,10,8,9,12.313194444444445,26.92559523809524
5,1,7,1,1,7,1,6,8,6,23.07559523809524,26.984523809523807
5,1,1,1,2,3,1,10,8,9,14.180753968253967,27.2875
9,1,8,1,1,2,4,3,6,3,19.09107142857143,26.673809523809524
9,1,1,1,8,1,6,10,9,3,18.28125,27.01666666666667
5,1,1,1,1,1,4,1,7,1,11.162202380952381,25.98333333333333
9,1,1,3,1,1,4,10,6,2,13.089285714285714,26.634523809523806
3,7,5,4,6,9,8,6,5,3,37.127876984126985,27.389880952380953
5,1,1,1,1,1,3,7,2,4,11.290079365079364,26.539285714285718
4,1,1,1,3,3,4,10,10,3,15.325297619047621,27.286904761904758
9,1,1,4,1,1,4,1,8,8,14.05079365079365,26.373214285714283
1,1,1,1,6,1,1,8,7,1,16.157341269841268,26.91547619047619
9,1,1,1,1,1,4,1,2,4,11.162202380952381,25.98333333333333
2,1,1,1,2,2,1,4,7,1,13.030158730158728,27.113690476190477
5,1,1,1,1,1,3,3,6,3,11.188392857142857,26.229761904761904
5,1,1,1,9,2,3,10,8,10,20.258134920634923,27.265476190476193
3,1,8,1,2,1,4,10,2,3,19.287301587301588,26.923809523809524
5,1,1,1,2,5,1,10,8,3,16.197420634920636,27.260714285714283
4,1,1,8,1,1,1,8,8,10,17.859722222222224,26.625
8,1,1,1,2,2,2,10,8,9,13.336607142857142,27.17440476190476
3,2,2,1,9,1,6,10,1,6,21.275694444444447,26.992857142857144
3,1,1,1,1,1,6,10,1,3,11.172519841269843,26.520238095238096
9,1,1,1,1,2,1,10,4,3,12.149404761904762,26.911904761904758
9,1,1,1,1,2,1,10,4,3,12.149404761904762,26.911904761904758
10,1,1,1,1,1,4,8,8,10,11.192261904761905,26.551785714285717
1,1,1,5,1,1,9,10,10,3,15.163293650793651,26.60297619047619
4,1,1,1,2,2,1,10,8,3,13.218650793650795,27.17440476190476
4,1,1,1,3,2,3,10,8,9,14.220436507936508,27.258333333333333
2,1,1,1,2,2,1,6,6,9,13.197916666666666,27.164285714285718
3,1,1,1,2,2,1,4,2,4,13.156051587301587,27.06666666666667
4,1,1,1,1,1,4,10,8,10,11.171626984126984,26.520238095238096
2,2,1,1,2,2,1,10,8,9,14.16875,27.2
5,1,1,4,1,1,1,10,8,9,13.895238095238096,26.557738095238097
7,1,1,1,2,2,3,6,6,3,13.353373015873014,27.164285714285718
5,1,1,1,2,3,1,10,8,9,14.180753968253967,27.2875
5,1,1,1,1,1,6,10,10,3,11.172519841269843,26.520238095238096
7,1,1,1,6,2,8,10,5,2,17.21359126984127,27.29047619047619
1,1,1,1,1,1,1,10,4,3,11.047619047619047,26.520238095238096
9,1,1,1,1,6,2,8,8,10,16.227876984126986,26.980357142857144
1,1,1,1,5,1,3,10,10,3,15.311408730158728,26.986309523809524
3,1,1,1,1,1,1,8,8,10,11.067162698412698,26.551785714285717
5,1,1,1,2,2,4,10,8,5,13.358630952380953,27.17440476190476
2,1,1,6,1,10,7,3,6,3,24.99345238095238,26.905357142857145
1,4,5,7,6,6,1,10,4,9,33.946825396825396,27.389880952380953
8,1,1,1,3,3,1,10,8,3,15.13125,27.285119047619048
3,1,3,1,2,3,6,10,8,3,16.310416666666665,27.282142857142855
3,1,1,1,1,1,1,10,4,3,11.014980158730157,26.572023809523806
9,6,1,5,1,5,1,8,8,10,23.841369047619047,26.97142857142857
3,7,5,1,1,7,1,10,4,10,27.051884920634922,26.88154761904762
4,1,1,4,6,9,8,10,5,2,26.94553571428571,27.30833333333333
3,1,7,1,6,3,1,10,8,3,24.128174603174603,27.30059523809524
4,1,10,1,9,2,1,10,8,3,29.1031746031746,27.222023809523808
7,1,1,1,2,9,1,10,8,9,20.12688492063492,27.376785714285717
9,1,1,1,2,1,4,10,8,3,12.243849206349207,26.901190476190475
1,1,1,1,2,2,1,10,7,4,13.108134920634921,27.21607142857143
1,1,5,7,6,6,2,10,8,9,30.85545634920635,27.30833333333333
1,1,1,2,2,2,1,2,8,3,14.046726190476189,27.083928571428572
6,1,1,1,1,1,1,10,10,3,11.014980158730157,26.572023809523806
3,1,1,1,1,6,4,1,7,1,16.09027777777778,26.588095238095242
7,6,1,1,1,1,1,10,10,3,16.008432539682538,26.572023809523806
5,1,1,1,1,2,1,10,8,9,12.158928571428572,26.902380952380952
7,1,1,1,1,1,9,10,10,3,11.140873015873016,26.572023809523806
8,1,1,1,2,8,1,5,7,3,19.120535714285715,27.32559523809524
9,1,1,1,1,1,8,10,8,3,11.140873015873016,26.572023809523806
9,1,1,1,1,3,5,10,8,2,13.302380952380952,26.907738095238095
4,1,1,1,3,2,1,10,4,3,14.09375,27.223809523809525
9,1,1,1,1,7,3,7,2,4,17.194940476190474,26.922023809523807
4,1,1,4,3,1,1,10,4,3,15.936011904761903,27.01011904761905
5,1,1,1,1,2,1,10,4,3,12.158928571428572,26.902380952380952
1,1,1,1,1,1,6,6,8,9,11.247519841269842,26.43095238095238
5,1,2,8,7,5,7,3,8,3,28.83263888888889,27.30833333333333
3,1,1,1,2,2,1,8,1,8,13.19047619047619,27.223214285714285
9,1,1,1,1,1,3,10,8,10,11.137301587301588,26.572023809523806
5,1,1,1,9,2,4,10,8,3,20.229960317460318,27.222023809523808
4,1,1,1,2,1,1,6,8,7,12.063095238095238,26.849404761904758
5,1,1,1,6,1,6,9,2,4,16.312896825396827,26.958333333333332
5,1,1,1,9,2,3,10,8,10,20.227777777777778,27.222023809523808
5,1,1,1,1,1,1,6,8,9,11.097222222222223,26.43095238095238
1,1,1,3,6,1,1,10,8,3,17.933928571428574,27.017857142857146
5,1,1,1,7,1,4,10,4,3,17.190674603174603,26.905357142857145
4,1,1,1,4,3,1,10,2,4,16.146428571428572,27.291666666666668
4,1,1,1,3,8,3,7,8,3,20.265575396825398,27.26607142857143
5,1,1,1,3,2,3,6,5,9,14.277083333333334,27.21428571428571
7,1,1,1,2,3,1,10,8,7,14.183531746031747,27.295238095238098
8,1,1,1,6,6,5,10,7,4,21.22043650793651,27.30833333333333
1,1,5,7,2,10,1,10,8,9,30.831150793650796,27.35654761904762
5,1,1,1,1,1,6,10,10,3,11.140674603174602,26.572023809523806
3,1,9,1,2,3,1,8,8,2,22.18878968253968,27.314880952380953
9,1,1,1,2,3,1,10,8,5,14.183531746031747,27.295238095238098
7,1,1,1,1,1,4,1,7,1,11.082539682539682,26.008928571428573
4,1,1,1,2,2,1,10,8,9,13.108134920634921,27.21607142857143
8,1,1,1,3,3,3,7,2,10,15.288690476190476,27.39404761904762
8,1,4,1,2,2,1,10,7,3,16.10684523809524,27.21011904761905
5,2,2,8,1,9,7,5,3,2,27.910515873015875,26.904761904761905
2,1,1,1,3,5,3,7,4,4,17.28531746031746,27.38690476190476
4,1,1,1,2,2,1,4,2,4,13.154563492063492,27.173809523809524
2,1,1,1,2,2,1,10,8,3,13.091765873015873,27.298809523809524
3,1,1,1,1,1,3,10,10,9,11.192460317460318,26.60833333333333
3,1,1,1,2,2,1,10,8,3,13.091765873015873,27.298809523809524
8,1,1,1,3,3,3,7,2,8,15.247123015873015,27.330357142857146
4,1,1,1,2,1,4,10,8,6,12.283730158730158,26.902380952380952
9,1,1,1,3,9,5,7,2,4,21.301488095238096,27.410714285714285
7,1,1,1,2,2,1,10,3,9,13.091765873015873,27.298809523809524
4,1,1,1,1,1,1,10,8,9,11.06577380952381,26.60833333333333
8,1,1,1,2,2,6,10,4,3,13.231646825396826,27.298809523809524
4,1,1,1,3,2,1,4,8,9,14.104067460317461,27.1875
3,1,6,1,1,2,1,10,8,9,17.082738095238096,26.939880952380953
2,1,1,1,2,2,1,10,8,3,13.091765873015873,27.298809523809524
3,7,5,4,1,1,1,10,4,3,23.864980158730155,26.594642857142855
3,1,1,1,10,9,8,10,5,2,28.299007936507934,27.377976190476193
4,1,9,5,2,2,1,10,7,3,24.891170634920634,27.3375
8,1,1,1,3,7,3,10,3,3,19.270039682539682,27.394642857142856
4,1,1,1,3,3,3,9,5,9,15.33531746031746,27.44345238095238
4,1,1,1,1,2,1,10,8,3,12.087698412698412,26.936309523809523
4,1,1,8,1,1,1,10,8,9,17.79325396825397,26.579761904761902
2,7,1,1,2,2,1,10,7,9,19.084424603174604,27.28988095238095
4,1,3,1,3,3,3,7,2,8,17.24295634920635,27.33154761904762
3,1,1,1,4,3,3,7,2,4,16.32390873015873,27.3125
4,4,1,1,2,1,6,9,2,10,15.2953373015873,26.902976190476192
8,1,1,1,3,3,8,7,2,4,15.249603174603175,27.330357142857146
8,1,4,7,7,3,1,10,10,3,27.75079365079365,27.332738095238096
6,1,1,1,1,1,3,7,7,1,11.288492063492063,26.47738095238095
9,1,1,1,1,2,1,10,4,2,12.094642857142857,26.952976190476193
3,1,1,1,2,2,1,10,8,3,13.091765873015873,27.298809523809524
8,1,4,7,3,3,6,10,1,3,23.77986111111111,27.373809523809523
3,1,1,4,1,1,3,7,7,1,13.978869047619048,26.561309523809523
1,1,1,1,1,2,1,10,5,3,12.087698412698412,26.936309523809523
4,1,1,1,1,2,1,10,4,10,12.087698412698412,26.936309523809523
2,1,1,1,10,2,8,10,8,9,21.177876984126986,27.307142857142857
4,1,7,1,2,2,1,10,8,9,19.084126984126986,27.28988095238095
8,1,1,1,3,3,3,7,8,9,15.247123015873015,27.330357142857146
9,1,1,1,2,2,1,10,2,10,13.10763888888889,27.267261904761902
5,1,1,1,2,1,4,10,8,10,12.283730158730158,26.902380952380952
5,1,1,1,9,2,3,10,8,10,20.246329365079365,27.285714285714285
9,7,1,1,2,1,3,10,8,6,18.288095238095238,26.89345238095238
5,1,1,1,9,2,4,10,8,6,20.24861111111111,27.285714285714285
5,1,1,1,1,1,6,10,8,10,11.203075396825396,26.60833333333333
4,1,1,1,1,1,4,10,10,3,11.202777777777778,26.60833333333333
3,1,1,1,1,1,6,10,10,4,11.203075396825396,26.60833333333333
5,1,1,1,1,6,1,10,5,3,16.145535714285714,26.948809523809523
3,1,1,1,2,1,4,10,8,3,12.283730158730158,26.902380952380952
5,1,1,1,1,1,6,10,1,4,11.203075396825396,26.60833333333333
4,1,1,4,3,2,5,10,8,9,17.15436507936508,27.23095238095238
9,1,1,1,2,3,3,7,2,4,14.230555555555554,27.285119047619048
4,1,1,1,3,3,4,7,4,10,15.251091269841272,27.26190476190476
7,1,1,1,1,2,1,10,2,4,12.099503968253968,26.877976190476193
2,1,1,1,2,2,1,10,8,3,13.060813492063492,27.188690476190477
3,1,1,1,2,2,1,10,8,9,13.060813492063492,27.188690476190477
1,1,1,9,1,2,1,10,8,5,19.826587301587303,26.844047619047622
3,9,1,1,2,2,1,10,5,3,21.072123015873014,27.236309523809524
8,1,1,1,2,2,1,10,8,9,13.060813492063492,27.188690476190477
9,1,1,1,2,1,4,10,8,6,12.24751984126984,26.92440476190476
3,1,1,1,1,2,1,10,8,3,12.099503968253968,26.877976190476193
4,4,1,1,2,2,1,4,2,4,16.08720238095238,27.182738095238097
5,1,1,1,1,1,6,10,8,9,11.293353174603174,26.498809523809523
5,1,1,1,4,1,4,10,6,3,14.305059523809524,27.00654761904762
3,1,1,3,1,1,3,10,10,3,13.0453373015873,26.601190476190474
1,8,1,1,1,1,1,8,8,10,18.096230158730158,26.498214285714283
8,6,1,1,2,4,9,10,7,4,20.2093253968254,27.349404761904758
2,1,5,7,6,6,5,8,8,9,31.072023809523806,27.27440476190476
4,1,1,1,3,2,1,10,4,10,14.185813492063492,27.292857142857144
4,1,1,1,1,3,3,9,5,9,13.299305555555554,26.942261904761903
2,1,1,1,2,2,1,10,8,9,13.060813492063492,27.188690476190477
8,1,1,1,2,2,1,10,8,9,13.060813492063492,27.188690476190477
4,1,1,1,1,6,8,10,5,2,16.295337301587303,26.97738095238095
7,1,1,1,2,2,1,2,8,3,12.932539682539684,26.9375
1,1,1,1,3,2,3,10,8,9,14.379761904761903,27.292857142857144
8,2,1,1,2,2,1,10,4,10,14.067063492063491,27.220238095238095
4,1,1,1,1,2,1,10,8,9,12.099503968253968,26.877976190476193
4,1,1,1,3,3,3,6,10,3,15.2015873015873,27.265476190476193
10,1,1,1,1,1,1,9,1,9,11.07986111111111,26.485119047619047
4,1,1,1,1,10,1,10,1,3,20.170238095238098,26.91547619047619
3,1,1,2,1,2,1,4,4,10,12.923710317460316,26.747023809523807
4,1,2,1,2,1,6,9,4,1,13.224603174603175,26.964880952380952
1,1,1,1,1,1,4,1,2,5,11.190873015873015,25.94404761904762
4,1,1,1,1,1,4,10,8,10,11.292658730158731,26.498809523809523
4,1,1,1,3,3,3,7,2,4,15.249305555555555,27.26190476190476
4,1,1,1,1,2,1,9,10,3,12.157837301587302,26.79642857142857
3,1,1,1,8,1,3,10,8,3,18.285119047619048,26.99345238095238
10,1,1,1,2,2,1,10,10,8,13.060813492063492,27.188690476190477
3,1,1,1,2,5,1,10,4,10,16.113591269841272,27.332738095238096
1,1,1,1,2,2,1,10,8,9,13.060813492063492,27.188690476190477
4,1,1,1,1,1,1,2,8,3,11.059027777777777,26.107738095238098
4,1,1,1,2,3,1,10,8,3,14.146527777777777,27.28928571428571
3,1,1,1,1,2,1,10,4,10,12.099503968253968,26.877976190476193
5,1,1,2,2,4,6,10,10,3,16.219345238095237,27.35595238095238
5,1,1,2,8,1,4,10,8,3,19.217559523809523,26.970238095238095
4,1,1,1,2,2,3,9,5,9,13.22718253968254,27.23154761904762
4,1,1,1,3,3,1,10,8,3,15.157837301587302,27.28333333333333
1,1,5,7,6,6,5,10,7,4,31.07420634920635,27.27440476190476
1,1,1,1,1,9,1,10,4,9,19.140972222222224,26.901190476190475
1,1,5,7,6,9,5,10,3,2,34.07420634920635,27.27440476190476
5,1,2,8,4,5,7,8,7,4,26.02093253968254,27.234523809523807
7,1,9,1,2,2,1,10,8,3,21.072222222222223,27.236309523809524
5,1,1,1,2,1,4,10,8,3,12.189484126984127,26.90416666666667
5,1,1,1,2,1,4,10,8,3,12.189484126984127,26.90416666666667
5,1,1,1,2,1,5,10,4,2,12.190079365079365,26.90416666666667
1,1,1,1,1,2,1,10,8,3,12.113988095238096,26.93095238095238
4,1,1,1,3,3,8,10,8,10,15.269444444444446,27.394642857142856
4,1,1,1,1,1,4,7,2,6,11.196428571428571,26.52202380952381
1,1,2,1,2,2,1,10,8,1,14.169543650793651,27.22797619047619
3,1,1,1,1,2,1,7,5,3,12.106845238095238,26.99404761904762
3,1,1,1,1,1,6,10,8,9,11.294940476190476,26.60654761904762
3,1,1,1,2,2,1,10,1,3,13.138194444444446,27.257738095238096
4,1,1,1,2,1,9,9,8,6,12.200099206349206,26.923809523809524
9,1,1,1,8,1,4,10,2,4,18.171626984126984,26.929166666666667
3,1,1,1,1,1,8,7,2,4,11.196924603174603,26.52202380952381
4,1,1,1,3,3,6,10,1,3,15.269345238095237,27.394642857142856
3,1,4,1,2,2,1,10,4,9,16.1593253968254,27.211309523809526
9,1,1,1,2,2,2,10,8,9,13.303373015873015,27.202976190476193
4,1,9,1,1,1,1,10,4,3,19.15575396825397,26.603571428571428
3,1,1,1,1,6,1,10,4,10,16.12609126984127,26.992857142857144
10,1,1,1,3,3,3,7,2,4,15.31299603174603,27.405357142857145
4,1,1,1,2,2,8,10,8,3,13.351587301587301,27.202976190476193
4,1,1,1,3,3,1,10,8,3,15.091964285714287,27.394642857142856
3,1,1,1,2,2,1,10,8,3,13.18501984126984,27.202976190476193
7,1,1,1,2,2,1,10,5,3,13.18501984126984,27.202976190476193
1,3,1,1,1,2,1,10,8,3,14.1125,26.93095238095238
4,1,1,1,3,3,3,9,4,9,15.26954365079365,27.360119047619047
9,1,1,1,2,2,1,10,5,9,13.18501984126984,27.202976190476193
4,1,1,1,7,1,1,6,8,7,17.064484126984127,26.939285714285717
9,1,1,1,1,2,1,10,4,2,12.113988095238096,26.93095238095238
4,1,1,1,3,3,3,9,5,10,15.26954365079365,27.360119047619047
4,1,1,1,2,1,1,6,8,9,12.115674603174602,26.85178571428571
4,1,3,1,3,3,3,9,5,9,17.266765873015874,27.36190476190476
3,1,1,1,3,2,1,10,8,3,14.096031746031747,27.288095238095234
4,1,1,1,1,2,1,10,9,9,12.113988095238096,26.93095238095238
3,1,1,1,2,2,1,10,4,10,13.18501984126984,27.202976190476193
2,1,1,1,2,1,6,9,2,4,12.200099206349206,26.923809523809524
4,1,1,1,2,2,6,10,7,4,13.351587301587301,27.202976190476193
1,1,1,1,1,10,4,10,8,3,20.207341269841272,26.960714285714282
5,1,1,1,2,1,1,8,7,10,12.132043650793651,26.94345238095238
3,1,1,1,1,1,3,10,10,3,11.29295634920635,26.60654761904762
6,1,1,1,1,1,1,10,10,3,11.157539682539682,26.60654761904762
6,1,1,1,1,1,1,10,8,7,11.157539682539682,26.60654761904762
4,1,1,1,1,2,1,10,10,3,12.113988095238096,26.93095238095238
3,5,1,1,2,3,1,10,8,9,18.171626984126984,27.336309523809526
5,1,1,1,2,2,1,10,8,9,13.18501984126984,27.202976190476193
3,1,1,5,5,1,6,10,3,9,18.98561507936508,27.042261904761904
7,1,1,1,2,2,1,10,1,3,13.138194444444446,27.257738095238096
9,1,1,1,2,2,1,10,8,4,13.18501984126984,27.202976190476193
4,1,1,1,1,1,4,1,8,3,11.201785714285714,26.027976190476192
3,1,1,1,1,2,1,7,8,3,12.106845238095238,26.99404761904762
4,1,1,1,1,1,1,10,4,3,11.157539682539682,26.60654761904762
6,1,1,1,2,2,1,10,8,9,13.20704365079365,27.099404761904758
3,1,1,1,2,1,1,2,8,3,11.978968253968253,26.458333333333332
10,1,1,1,2,2,1,10,5,7,13.20704365079365,27.099404761904758
3,10,10,1,1,2,1,7,10,10,30.146329365079367,26.81666666666667
8,1,1,1,2,2,1,10,8,7,13.20704365079365,27.099404761904758
2,5,3,1,2,1,1,6,5,9,18.154761904761905,26.807142857142857
4,1,6,1,3,3,7,10,5,3,20.30873015873016,27.292261904761904
1,1,1,1,4,2,1,2,8,3,15.081746031746032,27.09166666666667
9,1,1,1,8,2,1,10,3,9,19.114484126984127,27.241071428571427
7,1,1,1,2,2,1,10,8,9,13.20704365079365,27.099404761904758
10,1,1,1,2,3,1,10,8,9,14.206051587301587,27.242261904761904
5,1,1,1,1,1,1,10,4,3,11.10029761904762,26.47142857142857
4,1,1,1,3,3,7,7,2,7,15.170535714285714,27.2875
4,1,1,1,2,1,1,6,8,4,12.170238095238094,26.832142857142856
3,1,1,1,2,9,1,10,8,9,20.17876984126984,27.238690476190477
2,1,1,1,6,1,1,10,4,3,16.12956349206349,26.944642857142856
7,1,1,1,1,1,6,10,1,3,11.202876984126984,26.47142857142857
3,1,1,1,2,2,1,10,3,9,13.20704365079365,27.099404761904758
3,1,1,1,2,4,1,10,8,3,15.20248015873016,27.24821428571429
2,8,1,1,2,3,1,10,8,3,21.204265873015874,27.25
3,1,1,1,2,2,1,10,4,9,13.20704365079365,27.099404761904758
3,1,3,1,5,2,1,10,4,9,18.082242063492064,27.182142857142857
3,1,1,7,2,2,1,10,10,3,18.9125,27.191071428571426
5,1,1,1,1,1,2,10,8,3,11.183531746031745,26.47142857142857
2,1,1,1,2,3,1,10,8,9,14.206051587301587,27.242261904761904
5,1,1,1,2,2,6,4,2,4,13.254563492063493,27.076785714285716
9,2,1,1,2,5,1,10,8,9,17.201785714285712,27.269642857142856
8,1,1,1,5,1,6,10,10,3,15.305853174603175,26.964880952380952
3,1,1,1,1,1,1,10,8,9,11.10029761904762,26.47142857142857
8,1,1,5,2,2,1,10,4,3,16.976984126984128,27.119642857142857
9,1,1,1,1,3,1,10,8,3,13.145833333333334,26.854761904761904
3,1,1,1,2,2,1,10,4,2,13.189484126984127,27.185119047619047
4,1,1,1,3,3,3,7,2,4,15.172420634920636,27.28988095238095
4,1,1,1,3,3,1,7,2,4,15.052083333333334,27.285714285714285
5,1,1,1,1,1,6,10,10,3,11.202876984126984,26.47142857142857
3,1,10,1,1,2,1,7,5,3,21.14623015873016,26.81666666666667
5,1,2,8,7,5,3,7,8,7,28.978670634920633,27.339285714285715
4,1,1,6,2,1,1,6,1,2,16.863789682539682,26.802976190476194
9,1,1,1,2,2,1,10,8,9,13.20704365079365,27.099404761904758
5,1,1,8,9,5,7,8,3,2,29.981349206349204,27.339285714285715
5,1,7,1,2,1,4,10,8,3,18.324007936507936,26.791071428571428
7,1,1,1,9,2,1,3,3,9,20.114484126984127,27.211309523809526
9,1,1,1,1,1,6,10,10,3,11.202876984126984,26.47142857142857
9,1,1,1,1,2,1,7,9,3,12.178174603174602,26.808928571428574
3,1,1,1,2,1,4,10,8,6,12.316765873015873,26.78392857142857
3,1,1,1,1,2,1,10,4,3,12.118948412698412,26.872023809523807
3,1,1,1,2,3,5,10,8,3,14.384126984126985,27.242261904761904
8,1,1,1,2,2,1,10,10,3,13.20704365079365,27.099404761904758
6,1,5,1,7,1,1,10,8,9,21.089087301587302,26.906547619047622
2,1,1,1,1,2,1,10,5,3,12.118948412698412,26.872023809523807
5,1,1,1,3,3,3,9,5,9,15.28343253968254,27.417857142857144
4,5,1,8,7,5,7,2,3,2,32.10287698412698,27.536904761904758
6,1,1,1,9,3,3,10,8,6,21.325992063492063,27.41488095238095
9,1,1,1,2,1,4,7,2,4,12.324900793650794,26.955357142857146
5,9,1,1,7,3,1,10,8,9,27.180853174603175,27.407738095238095
4,1,1,1,1,5,1,10,8,9,15.164484126984126,27.101190476190474
9,1,1,1,1,2,1,10,4,2,12.09156746031746,27.04404761904762
5,1,1,1,2,2,1,10,8,9,13.163690476190476,27.36904761904762
4,1,1,5,3,3,3,10,4,2,19.02123015873016,27.394642857142856
9,9,1,2,9,2,1,7,10,4,28.97003968253968,27.361309523809524
7,1,1,1,3,3,1,10,10,3,15.17956349206349,27.3625
3,10,1,1,2,2,3,3,2,4,22.18293650793651,27.19404761904762
3,1,1,1,1,2,1,4,2,4,12.139781746031746,26.726190476190474
2,1,1,1,2,1,6,10,1,3,12.301984126984127,27.00595238095238
4,1,1,1,2,1,6,9,2,4,12.27767857142857,27.008333333333333
4,1,1,1,2,2,1,10,1,3,13.158134920634922,27.366666666666667
2,1,1,1,3,3,1,9,5,9,15.151686507936509,27.417857142857144
9,1,1,1,2,2,1,10,8,9,13.163690476190476,27.36904761904762
4,2,1,1,2,1,6,10,10,3,13.302281746031747,26.998809523809523
5,1,1,1,1,1,6,9,2,4,11.195436507936508,26.623214285714283
8,1,1,1,2,2,1,10,7,3,13.189583333333335,27.355357142857144
3,1,4,1,1,2,1,7,5,3,15.166865079365078,26.92738095238095
2,1,1,1,3,2,1,10,10,10,14.106845238095238,27.276190476190475
10,7,1,1,2,3,3,7,2,4,20.241071428571427,27.264285714285712
3,1,1,1,1,2,1,7,8,2,12.181646825396825,26.92142857142857
8,1,1,1,2,2,1,10,8,3,13.189583333333335,27.355357142857144
1,1,1,1,2,1,4,10,8,3,12.301388888888889,27.00595238095238
5,1,1,1,1,10,1,8,8,10,20.082936507936505,26.889285714285712
3,1,1,1,2,2,1,10,5,3,13.189583333333335,27.355357142857144
8,1,3,1,2,2,1,10,8,3,15.187599206349205,27.355357142857144
4,1,1,1,3,3,3,7,8,3,15.251091269841272,27.29583333333333
3,1,1,1,2,3,1,1,2,4,13.903571428571428,27.099404761904758
1,1,1,1,1,2,1,4,2,4,12.139781746031746,26.726190476190474
2,1,1,1,2,2,1,10,5,3,13.189583333333335,27.355357142857144
2,1,1,1,1,2,10,10,5,3,12.241071428571427,27.04404761904762
1,1,1,1,2,2,1,4,2,4,13.043551587301588,27.107738095238098
3,1,1,1,2,1,1,6,8,7,12.07093253968254,26.822023809523806
4,1,1,1,2,2,1,4,2,4,13.043551587301588,27.107738095238098
4,1,1,1,2,8,1,10,8,3,19.073214285714286,27.34107142857143
3,1,1,3,6,3,3,7,2,4,20.178472222222222,27.407738095238095
4,1,6,1,2,2,1,10,7,3,18.186805555555555,27.355357142857144
8,1,1,1,3,3,3,7,2,4,15.251091269841272,27.29583333333333
5,1,2,8,7,5,7,8,3,2,29.070634920634923,27.507738095238096
2,1,1,1,4,2,1,10,8,9,15.195634920634921,27.298809523809524
1,1,1,1,3,3,3,7,2,4,15.251091269841272,27.29583333333333
4,1,1,1,2,2,1,2,8,3,13.065079365079365,27.036309523809525
3,1,1,1,1,2,1,10,5,3,12.09156746031746,27.04404761904762
1,1,1,1,10,3,1,9,8,3,22.17668650793651,27.40892857142857
2,1,1,1,2,2,1,7,8,3,13.127083333333335,27.204761904761902
3,9,1,1,1,2,1,4,2,4,20.11765873015873,26.74583333333333
10,1,2,1,1,1,4,10,8,3,12.16577380952381,26.521428571428572
9,5,1,8,7,5,7,10,6,2,31.991269841269844,27.396428571428572
5,1,1,9,1,1,6,10,10,3,18.99593253968254,26.564285714285717
10,1,1,1,1,1,6,5,10,3,11.241964285714285,26.359523809523807
3,1,1,6,2,2,1,10,8,2,17.83214285714286,27.259523809523806
7,1,1,1,2,2,1,10,8,3,13.057440476190475,27.270833333333332
2,1,1,1,5,2,1,2,8,3,15.961706349206349,27.159523809523808
1,1,1,1,2,2,1,10,8,3,13.057440476190475,27.270833333333332
1,1,1,1,3,2,1,10,8,9,14.218849206349205,27.307142857142857
9,1,5,1,2,2,1,10,5,3,17.05327380952381,27.270833333333332
1,1,1,1,1,2,1,10,4,10,12.121924603174604,26.89404761904762
4,1,1,1,1,1,6,1,8,10,11.19375,25.92440476190476
4,1,9,8,2,2,1,10,8,9,27.823710317460318,27.242857142857144
8,1,1,1,7,5,7,8,3,2,21.33293650793651,27.405952380952378
2,9,1,1,1,1,1,1,8,9,18.997222222222224,25.91845238095238
9,1,1,1,2,2,1,4,2,4,13.023115079365079,27.136309523809523
2,1,1,1,2,2,1,7,8,9,13.108928571428573,27.19940476190476
5,1,2,1,2,2,1,10,8,3,14.056051587301587,27.270833333333332
4,1,1,1,1,2,1,10,8,9,12.121924603174604,26.89404761904762
8,1,1,1,2,1,1,6,8,9,12.12172619047619,26.83154761904762
4,1,1,1,1,1,9,8,8,10,11.211111111111112,26.521428571428572
1,1,1,1,3,3,3,7,2,4,15.273412698412699,27.389285714285716
1,1,1,1,1,1,1,9,4,10,11.053373015873017,26.491666666666667
5,1,1,1,1,2,1,8,8,10,12.110218253968254,26.823809523809523
8,1,1,1,7,2,1,10,7,4,18.1484126984127,27.244642857142857
2,1,1,1,2,2,1,4,8,9,13.024206349206349,27.14702380952381
2,1,1,1,2,2,1,10,8,9,13.057440476190475,27.270833333333332
7,1,1,1,2,2,1,10,8,9,13.057440476190475,27.270833333333332
5,1,2,1,2,2,1,10,8,9,14.056051587301587,27.270833333333332
8,1,1,8,7,1,7,8,3,2,24.119444444444447,27.01904761904762
5,1,1,1,3,3,1,10,8,3,15.117261904761904,27.359523809523807
4,2,2,8,7,5,7,1,3,2,29.98829365079365,27.405952380952378
4,8,1,1,3,3,3,7,2,4,22.26924603174603,27.389285714285716
4,1,1,1,4,3,1,10,8,3,16.146527777777777,27.388690476190476
5,1,2,8,7,5,8,8,3,3,28.991468253968254,27.40357142857143
2,1,1,1,2,2,1,10,8,2,13.083134920634922,27.27857142857143
2,4,9,1,1,1,4,10,8,3,22.134722222222223,26.51904761904762
9,1,1,1,2,2,1,10,8,9,13.057440476190475,27.270833333333332
4,1,1,1,3,3,3,8,10,3,15.225793650793651,27.307738095238097
3,1,1,1,1,1,4,10,2,4,11.159623015873017,26.542261904761904
4,1,1,1,2,1,1,6,8,7,12.12172619047619,26.83154761904762
4,1,1,1,2,2,1,10,8,3,13.057440476190475,27.270833333333332
6,1,1,8,7,6,7,8,3,2,28.988690476190477,27.405357142857145
5,1,2,1,2,2,1,10,1,1,14.141964285714286,27.224404761904758
3,1,1,1,2,2,1,10,8,9,13.057440476190475,27.270833333333332
2,1,1,1,2,2,1,10,8,3,13.057440476190475,27.270833333333332
7,1,6,1,2,2,1,10,8,9,18.05297619047619,27.270833333333332
9,1,1,1,1,1,6,10,10,3,11.160416666666666,26.542261904761904
8,1,1,1,2,2,1,10,4,9,13.057440476190475,27.270833333333332
3,1,1,1,2,1,1,6,8,7,12.12172619047619,26.83154761904762
1,2,1,1,1,6,1,8,8,3,17.20357142857143,26.94345238095238
3,1,1,1,2,2,1,10,5,10,13.149107142857142,27.1875
2,1,1,1,2,2,7,10,8,3,13.27876984126984,27.1875
2,1,1,1,2,7,1,6,8,3,18.09206349206349,27.179166666666667
4,1,1,1,3,3,3,7,4,2,15.265277777777778,27.248214285714283
3,1,1,1,1,2,1,10,2,4,12.14454365079365,26.842261904761905
1,1,1,1,1,1,6,10,10,3,11.28422619047619,26.51190476190476
5,1,1,1,1,4,1,8,3,10,14.125496031746033,26.88154761904762
1,1,1,1,1,1,1,9,4,10,11.110019841269843,26.50416666666667
3,1,1,1,1,2,1,10,5,3,12.14454365079365,26.842261904761905
1,1,1,1,5,2,1,8,8,10,16.15853174603175,27.297023809523807
1,1,1,1,1,1,1,2,8,3,11.05625,26.18690476190476
4,1,1,1,3,3,3,7,5,4,15.265277777777778,27.248214285714283
3,1,1,1,3,3,3,7,2,4,15.265277777777778,27.248214285714283
4,1,1,1,2,2,1,10,1,3,13.146626984126986,27.29940476190476
9,1,1,1,1,4,1,10,8,3,14.185813492063492,26.925595238095234
2,1,1,1,2,2,7,10,5,3,13.27876984126984,27.1875
3,1,1,1,7,1,1,10,4,3,17.213591269841267,26.928571428571427
5,1,2,8,7,5,7,8,3,2,28.88720238095238,27.31190476190476
5,1,2,3,7,5,7,8,3,2,24.06875,27.31845238095238
8,1,1,6,2,2,1,10,8,9,17.856944444444444,27.222619047619048
5,1,1,1,2,2,1,10,4,9,13.149107142857142,27.1875
9,1,1,6,1,3,1,10,10,7,17.847718253968253,26.93690476190476
6,1,1,1,1,2,1,10,4,2,12.149206349206349,26.823809523809523
7,1,1,1,1,1,1,10,10,3,11.142063492063492,26.51190476190476
6,1,1,1,2,2,1,10,7,9,13.149107142857142,27.1875
9,1,1,1,1,1,6,10,8,8,11.28422619047619,26.51190476190476
3,1,1,1,2,2,1,10,10,3,13.149107142857142,27.1875
2,1,1,1,7,2,1,10,8,10,18.17063492063492,27.376785714285717
4,3,1,1,1,1,6,10,8,9,13.272916666666665,26.509523809523806
7,1,1,1,2,2,1,10,3,9,13.149107142857142,27.1875
7,1,1,10,2,2,1,10,8,3,21.846626984126985,27.222619047619048
7,1,1,1,1,1,1,10,8,4,11.142063492063492,26.51190476190476
4,8,1,1,2,2,1,10,8,3,20.16706349206349,27.20416666666667
1,1,9,1,2,2,1,10,8,2,21.166964285714286,27.20416666666667
2,1,1,1,2,2,1,10,8,3,13.149107142857142,27.1875
3,1,1,1,1,1,1,10,4,3,11.142063492063492,26.51190476190476
3,1,1,1,1,2,1,10,5,3,12.14454365079365,26.842261904761905
5,1,1,1,2,2,7,8,3,2,13.274900793650795,27.202976190476193
5,1,2,8,7,6,1,10,8,9,29.721329365079367,27.320238095238096
2,1,1,1,2,2,1,1,4,3,12.901984126984127,26.92083333333333
2,1,1,1,7,2,1,10,8,2,18.17956349206349,27.348809523809525
2,1,1,1,2,2,1,10,10,3,13.149107142857142,27.1875
3,1,9,1,1,1,3,6,8,9,19.24593253968254,26.4625
1,1,1,1,2,2,1,10,5,9,13.149107142857142,27.1875
7,1,1,1,2,2,1,10,8,3,13.149107142857142,27.1875
1,1,1,1,1,1,1,8,8,10,11.147321428571427,26.54345238095238
2,1,1,1,2,2,6,10,6,2,13.27876984126984,27.1875
2,1,1,1,2,2,1,10,8,3,13.149107142857142,27.1875
3,1,1,1,1,2,1,9,5,3,12.131944444444445,26.942857142857143
5,1,1,1,2,2,1,10,5,3,13.206150793650796,27.213690476190475
1,1,1,6,1,2,1,10,8,9,16.87638888888889,26.91309523809524
4,1,1,1,3,3,1,10,8,3,15.136309523809524,27.230357142857144
2,1,1,1,2,2,1,10,8,8,13.206150793650796,27.213690476190475
4,1,1,1,2,2,1,10,4,9,13.206150793650796,27.213690476190475
8,1,1,1,2,1,1,6,8,7,12.112103174603174,26.80595238095238
7,1,1,1,6,1,4,10,8,3,16.293353174603176,26.94940476190476
9,1,1,1,2,2,1,10,8,3,13.206150793650796,27.213690476190475
2,1,1,1,2,2,1,4,3,2,13.008928571428573,27.1125
7,1,1,1,2,5,1,10,8,9,16.216765873015873,27.269642857142856
9,1,1,1,1,1,6,10,10,3,11.22202380952381,26.48988095238095
4,1,1,1,3,3,3,7,2,4,15.268353174603174,27.3
3,1,1,1,1,1,6,10,1,3,11.22202380952381,26.48988095238095
2,1,1,1,8,2,1,10,8,3,19.13422619047619,27.258333333333333
7,1,3,1,2,2,1,10,8,3,15.226884920634921,27.22559523809524
7,1,1,1,10,2,1,10,8,9,21.13015873015873,27.282738095238095
5,1,1,1,2,2,1,10,8,1,13.138591269841271,27.26904761904762
4,5,5,8,7,4,7,2,3,2,34.979265873015876,27.307142857142857
7,1,1,1,2,2,1,4,8,9,13.008928571428573,27.1125
2,1,1,1,2,2,1,10,8,3,13.206150793650796,27.213690476190475
2,1,2,8,7,5,7,10,8,3,28.995932539682542,27.270238095238096
4,1,1,1,1,2,1,8,8,2,12.118055555555555,26.808928571428574
4,1,1,1,2,1,1,6,8,7,12.112103174603174,26.80595238095238
2,1,1,1,2,2,1,10,8,9,13.206150793650796,27.213690476190475
5,1,1,1,2,2,1,10,8,3,13.206150793650796,27.213690476190475
7,1,1,1,2,2,5,10,8,9,13.333829365079364,27.213690476190475
7,1,1,1,2,2,1,1,5,8,12.927579365079364,26.945833333333333
1,1,1,1,1,2,1,10,3,9,12.127678571428572,26.957738095238096
4,1,1,5,3,10,3,7,2,4,26.09236111111111,27.294642857142854
10,1,1,1,3,3,5,7,2,4,15.272321428571427,27.3
4,1,1,1,4,2,5,6,8,3,15.273214285714285,27.214880952380952
3,1,1,1,2,2,1,10,8,3,13.206150793650796,27.213690476190475
5,1,1,1,1,2,1,10,8,9,12.127678571428572,26.957738095238096
4,3,2,8,7,5,7,8,3,2,30.99811507936508,27.270238095238096
5,1,1,3,3,3,1,10,8,3,16.975992063492065,27.258333333333333
8,1,1,1,3,3,1,10,8,7,15.136309523809524,27.230357142857144
4,1,1,1,2,2,1,10,4,9,13.206150793650796,27.213690476190475
2,1,1,8,1,1,1,9,4,3,17.924007936507937,26.519642857142856
1,1,1,1,2,2,1,10,8,3,13.206150793650796,27.213690476190475
4,1,1,1,1,2,6,9,4,10,12.340972222222224,26.84642857142857
3,1,1,1,1,1,1,10,4,10,11.090972222222224,26.48988095238095
5,1,9,1,2,2,1,10,1,3,21.20218253968254,27.301190476190477
4,1,7,4,2,2,1,10,8,9,21.897916666666667,27.242261904761904
4,1,1,1,3,3,3,7,3,9,15.268353174603174,27.3
7,1,1,1,2,2,1,10,2,4,13.206150793650796,27.213690476190475
2,1,1,1,2,2,1,10,8,3,13.206150793650796,27.213690476190475
1,1,1,1,2,2,1,10,8,4,13.206150793650796,27.213690476190475
9,1,1,1,2,2,1,10,8,3,13.206150793650796,27.213690476190475
4,1,1,1,2,2,1,4,2,4,12.993154761904762,27.09107142857143
5,1,2,7,6,5,7,8,9,3,27.01765873015873,27.270238095238096
2,1,1,1,8,2,1,10,8,3,19.087599206349203,27.259523809523806
3,1,5,1,2,8,1,4,3,2,23.080257936507937,27.148809523809526
9,1,1,1,2,2,1,4,2,4,13.06845238095238,27.089285714285715
3,1,1,1,2,2,1,10,8,3,13.158928571428572,27.169642857142854
6,1,1,1,9,2,1,10,4,1,20.049503968253966,27.273809523809526
4,1,1,1,1,1,1,10,10,3,11.11111111111111,26.601190476190474
4,1,1,1,2,2,1,10,8,3,13.158928571428572,27.169642857142854
6,1,1,1,3,3,1,10,8,3,15.183829365079365,27.281547619047622
5,1,1,1,2,2,1,10,8,6,13.158928571428572,27.169642857142854
1,3,1,1,5,2,1,10,4,4,18.131646825396825,27.295238095238098
3,1,1,1,1,1,1,10,10,3,11.11111111111111,26.601190476190474
6,1,9,1,2,2,1,10,8,3,21.156646825396827,27.172023809523807
7,1,1,3,2,2,1,10,8,9,15.025,27.232738095238098
5,1,1,1,2,2,1,10,8,4,13.158928571428572,27.169642857142854
8,1,1,1,2,2,1,4,2,4,13.06845238095238,27.089285714285715
9,1,1,1,2,9,1,10,4,9,20.14980158730159,27.232142857142854
4,1,1,1,1,1,1,10,8,2,11.11111111111111,26.601190476190474
2,1,1,1,2,2,1,4,3,9,13.06845238095238,27.089285714285715
9,1,1,1,2,2,1,2,8,3,12.84126984126984,26.94166666666667
1,1,1,1,2,2,1,2,8,6,12.84126984126984,26.94166666666667
9,6,1,1,2,2,3,7,5,4,18.28640873015873,27.188095238095237
4,1,4,1,3,3,1,1,8,9,17.979166666666668,27.12916666666667
4,1,1,10,2,3,1,2,8,3,22.746428571428574,27.223809523809525
1,1,1,1,2,2,1,10,8,3,13.158928571428572,27.169642857142854
5,1,1,1,2,2,1,4,8,9,13.06845238095238,27.089285714285715
7,1,1,1,2,2,1,10,8,9,13.158928571428572,27.169642857142854
7,1,1,1,3,2,8,10,8,9,14.223809523809525,27.297023809523807
2,1,6,1,2,8,1,4,8,9,24.0655753968254,27.152380952380952
7,1,1,1,3,3,1,2,8,3,15.049503968253969,27.215476190476192
4,1,1,1,2,2,1,10,8,9,13.158928571428572,27.169642857142854
4,1,1,1,2,2,1,10,8,4,13.158928571428572,27.169642857142854
4,1,1,1,3,3,3,7,2,3,15.341468253968253,27.311309523809523
2,1,1,1,2,2,1,10,8,9,13.158928571428572,27.169642857142854
7,1,1,1,2,2,1,9,8,3,13.109722222222222,27.110119047619047
2,1,1,1,2,2,1,10,8,3,13.158928571428572,27.169642857142854
4,1,1,1,3,3,5,10,8,2,15.359027777777778,27.281547619047622
7,10,1,1,3,3,4,7,2,4,24.340178571428574,27.311309523809523
4,3,1,1,1,4,1,8,3,10,16.0953373015873,26.88511904761905
5,1,8,8,7,2,1,6,3,2,31.855158730158728,27.270833333333332
2,4,1,1,2,5,7,8,3,2,19.254166666666666,27.30833333333333
7,1,1,9,2,2,2,4,8,8,21.016369047619047,27.232738095238098
6,1,1,1,1,8,1,10,10,3,18.144940476190477,26.892261904761902
1,1,1,1,2,9,5,10,8,3,20.345833333333335,27.232142857142854
2,1,1,1,4,2,9,10,4,1,15.254464285714286,27.30238095238095
5,1,2,5,2,2,1,10,8,3,17.949900793650794,27.2125
7,1,1,8,7,5,7,8,3,2,27.99246031746032,27.382142857142856
3,1,1,5,1,1,4,10,8,10,15.056944444444445,26.560119047619047
3,1,1,1,2,2,1,10,4,3,13.158928571428572,27.169642857142854
4,5,1,8,7,5,7,2,3,3,31.992559523809526,27.376785714285717
3,5,10,7,2,2,1,10,8,2,31.923809523809524,27.223809523809525
4,1,1,1,2,8,2,10,8,9,19.262103174603176,27.379761904761903
3,1,1,1,1,1,1,10,8,9,11.108829365079364,26.588095238095242
2,1,1,1,3,3,3,7,7,4,15.306150793650795,27.257738095238096
4,1,8,1,2,2,1,2,8,2,19.985813492063492,27.030952380952378
5,1,1,1,1,2,1,10,8,9,12.175396825396826,26.898809523809526
7,10,1,1,4,1,6,10,10,3,23.20793650793651,27.052976190476194
7,1,1,1,2,2,8,10,3,7,13.301190476190476,27.30833333333333
2,1,1,1,2,2,1,4,8,9,13.105853174603174,27.10654761904762
6,1,1,1,2,2,1,10,1,3,13.109821428571427,27.322023809523806
4,1,9,1,2,2,1,2,8,3,20.985813492063492,27.031547619047622
9,1,1,1,2,2,1,10,8,3,13.14404761904762,27.30833333333333
4,1,1,1,1,1,4,10,10,3,11.264484126984126,26.588095238095242
4,1,1,4,2,2,3,7,2,4,16.08422619047619,27.30833333333333
4,1,1,1,3,3,1,4,2,8,15.086607142857142,27.355357142857144
6,1,5,1,3,2,3,10,8,7,18.323710317460318,27.339285714285715
4,1,1,1,2,1,1,6,8,4,12.083531746031747,26.935119047619047
7,1,1,1,5,2,1,10,8,9,16.07748015873016,27.34583333333333
7,1,1,1,3,2,3,10,3,9,14.32748015873016,27.3375
7,1,1,4,2,2,1,4,2,4,15.8625,27.280952380952378
4,9,1,1,2,2,1,10,8,9,21.144146825396824,27.28809523809524
1,7,4,1,2,2,1,10,8,3,22.14404761904762,27.28809523809524
4,1,1,1,1,2,1,10,5,3,12.175396825396826,26.898809523809526
7,1,1,1,4,1,1,7,4,10,14.08859126984127,26.970238095238095
4,1,1,1,1,2,1,10,8,4,12.175396825396826,26.898809523809526
8,1,1,1,2,2,1,10,4,9,13.14404761904762,27.30833333333333
3,1,2,8,7,5,7,8,3,2,29.017361111111107,27.41904761904762
9,1,1,1,1,1,6,10,10,3,11.273412698412699,26.588095238095242
5,1,8,1,1,1,3,10,10,3,18.247519841269842,26.594642857142855
8,1,1,1,2,1,4,10,8,3,12.261309523809524,27.067857142857143
9,1,1,1,1,5,1,10,4,9,15.191666666666666,26.95357142857143
7,1,1,1,2,2,1,10,8,9,13.14404761904762,27.30833333333333
7,1,1,1,2,2,1,10,3,9,13.14404761904762,27.30833333333333
4,1,1,1,1,1,1,10,8,6,11.108829365079364,26.588095238095242
3,1,1,1,1,1,1,10,4,9,11.108829365079364,26.588095238095242
4,1,1,1,1,6,3,10,10,3,16.28998015873016,26.947023809523806
3,1,1,1,2,9,1,6,8,7,20.119146825396825,27.22738095238095
2,1,1,1,2,1,3,10,10,3,12.259424603174603,27.067857142857143
3,1,1,1,1,2,1,10,8,6,12.175396825396826,26.898809523809526
4,1,1,1,3,9,3,7,8,9,21.30297619047619,27.34642857142857
7,1,1,1,2,6,1,4,2,4,17.10535714285714,27.30833333333333
7,1,2,8,7,5,7,8,3,2,29.017361111111107,27.41904761904762
5,1,1,1,2,2,1,6,3,9,13.178968253968254,27.270238095238096
4,1,5,1,2,9,5,10,8,3,24.27251984126984,27.379761904761903
4,1,1,1,3,3,3,7,7,4,15.306150793650795,27.257738095238096
4,1,1,10,3,1,6,10,1,3,21.93859126984127,26.89166666666667
3,1,1,1,1,1,3,7,2,4,11.274007936507937,26.49583333333333
7,9,1,1,2,2,1,10,8,9,21.144146825396824,27.28809523809524
5,1,1,1,1,1,1,10,8,9,11.108829365079364,26.588095238095242
5,1,1,1,2,2,1,10,8,9,13.14404761904762,27.30833333333333
7,1,5,1,3,2,3,10,8,9,18.323710317460318,27.339285714285715
7,1,1,1,3,1,1,6,8,4,13.141666666666666,26.84583333333333
4,1,1,1,2,2,6,10,8,9,13.334027777777777,27.351190476190474
2,3,1,1,2,3,3,10,10,9,16.30248015873016,27.333333333333332
2,1,1,1,2,2,3,10,8,3,13.331051587301587,27.351190476190474
5,1,2,8,7,5,6,7,2,4,28.99136904761905,27.377976190476193
4,1,7,1,3,3,7,8,3,2,21.308035714285715,27.248809523809523
4,10,10,1,2,2,1,10,8,3,31.156448412698417,27.357738095238098
9,1,1,8,2,2,1,4,2,4,19.855257936507936,27.380357142857143
4,1,1,1,1,2,1,10,8,3,12.095436507936508,26.95357142857143
3,1,1,1,2,1,1,10,8,9,12.121329365079365,26.91547619047619
7,4,1,1,2,7,1,10,8,4,21.108531746031748,27.29583333333333
4,1,2,8,7,5,7,8,3,2,28.99136904761905,27.377976190476193
5,1,1,1,3,3,3,7,2,4,15.327579365079364,27.354761904761904
2,1,1,1,2,2,1,10,8,3,13.147916666666665,27.351190476190474
3,1,1,1,2,2,1,10,8,3,13.147916666666665,27.351190476190474
8,1,1,1,2,2,1,10,5,3,13.147916666666665,27.351190476190474
6,1,1,1,2,2,1,10,1,3,13.115079365079364,27.288690476190474
1,1,1,1,4,1,8,10,10,3,14.297718253968252,26.916071428571428
2,1,1,5,2,1,1,10,8,3,15.776388888888889,26.90892857142857
1,1,1,1,1,2,1,10,5,3,12.095436507936508,26.95357142857143
5,5,8,1,1,1,6,10,10,3,22.19702380952381,26.4875
4,1,1,1,2,1,1,6,8,4,12.186309523809523,26.89107142857143
2,6,1,1,9,2,1,9,8,9,25.160119047619048,27.383333333333333
9,1,1,1,2,2,1,5,8,3,13.142559523809524,27.25059523809524
1,1,1,1,1,1,4,10,8,3,11.2296626984127,26.48690476190476
2,1,7,1,2,8,1,10,8,3,25.122420634920637,27.286309523809525
4,1,1,1,2,1,3,3,10,3,12.110813492063492,26.695238095238096
3,5,1,1,1,3,3,7,2,2,17.228373015873014,26.89761904761905
4,1,1,1,2,4,1,10,7,3,15.118650793650795,27.336309523809526
3,1,1,1,1,1,1,10,4,3,11.105059523809524,26.48690476190476
3,1,1,1,2,2,1,10,7,3,13.147916666666665,27.351190476190474
3,1,1,1,1,7,1,10,5,9,17.043154761904763,26.947023809523806
7,1,1,1,3,2,3,10,8,3,14.223313492063491,27.25
5,1,2,8,8,5,7,10,8,2,30.005456349206348,27.395833333333332
2,1,1,2,2,2,1,8,3,2,14.05922619047619,27.303571428571427
2,1,1,1,2,2,1,4,3,9,13.115178571428572,27.14940476190476
8,1,1,1,2,2,1,10,1,2,13.1046626984127,27.26011904761905
4,1,1,1,2,1,1,6,8,10,12.186309523809523,26.89107142857143
4,1,1,8,1,2,1,10,4,7,18.828075396825398,26.9625
3,1,1,1,2,2,1,10,8,2,13.147916666666665,27.351190476190474
4,1,1,1,1,2,1,10,5,3,12.095436507936508,26.95357142857143
6,1,1,1,2,6,1,10,8,3,17.113095238095237,27.276190476190475
2,1,1,1,2,2,1,10,1,3,13.115079365079364,27.288690476190474
7,1,1,1,2,2,1,10,4,2,13.147916666666665,27.351190476190474
9,1,1,1,1,2,1,10,8,3,12.095436507936508,26.95357142857143
1,1,1,1,2,2,1,10,8,3,13.147916666666665,27.351190476190474
3,1,1,1,3,3,1,10,8,3,15.152579365079365,27.285119047619048
2,1,1,1,2,2,1,10,8,5,13.147916666666665,27.351190476190474
3,1,8,1,2,2,1,5,8,3,20.14156746031746,27.25654761904762
3,1,1,10,2,3,1,10,8,10,22.866468253968254,27.4375
3,1,1,1,1,1,1,10,8,9,11.1125,26.617857142857144
4,1,1,1,1,1,6,10,1,7,11.278373015873015,26.617857142857144
4,1,1,1,2,2,1,10,8,3,13.104067460317461,27.224404761904758
4,1,1,1,3,3,8,7,2,4,15.313591269841272,27.264285714285716
1,1,1,1,2,2,1,10,8,9,13.104067460317461,27.224404761904758
5,1,1,1,2,2,1,6,8,3,13.039285714285715,27.222619047619048
3,1,1,1,2,2,1,10,1,3,13.172321428571427,27.360714285714288
4,1,1,1,2,1,1,6,8,4,12.072321428571428,26.742857142857144
9,2,1,1,2,8,1,3,8,5,20.036607142857143,27.226785714285718
9,1,1,3,2,2,1,10,4,9,15.018353174603174,27.22738095238095
3,1,1,1,1,1,7,10,4,2,11.278472222222224,26.617857142857144
9,1,1,1,1,2,1,10,4,3,12.142460317460317,26.88511904761905
2,1,1,1,2,2,1,10,2,4,13.090575396825397,27.214285714285715
4,1,1,10,3,3,3,7,8,9,23.991071428571427,27.422619047619047
9,1,1,1,1,1,1,10,10,3,11.1125,26.617857142857144
6,4,1,1,3,1,3,10,10,3,16.28859126984127,26.9375
2,1,1,1,2,9,1,8,10,2,20.199404761904763,27.289285714285718
4,1,2,8,7,2,7,7,3,2,25.995436507936507,27.28988095238095
2,1,1,1,2,1,1,6,8,4,12.072321428571428,26.742857142857144
4,1,1,1,2,2,2,10,8,3,13.257837301587301,27.224404761904758
9,1,1,1,1,1,1,10,4,3,11.1125,26.617857142857144
3,1,1,1,1,1,6,10,10,3,11.278373015873015,26.617857142857144
6,1,1,1,2,2,1,10,5,3,13.104067460317461,27.224404761904758
1,1,1,1,1,2,1,10,9,3,12.142460317460317,26.88511904761905
4,1,1,1,2,2,1,4,7,9,13.13452380952381,27.12083333333333
2,9,1,1,3,3,1,10,8,3,23.20138888888889,27.388690476190476
4,1,1,1,2,2,1,4,8,3,13.13452380952381,27.12083333333333
1,1,1,1,2,2,1,2,2,4,13.138392857142856,27.061904761904763
7,1,1,1,1,1,1,8,8,10,11.13561507936508,26.561309523809523
1,1,10,1,2,2,1,10,8,9,22.115277777777777,27.24583333333333
1,1,1,1,2,3,3,7,2,4,14.208333333333334,27.344047619047622
4,1,1,1,4,2,1,2,8,3,14.978571428571428,27.157142857142855
4,1,1,1,2,2,1,2,8,3,13.082242063492064,27.059523809523807
9,1,1,1,2,2,1,4,2,4,13.114583333333334,27.12559523809524
9,1,1,1,2,2,6,4,2,5,13.278968253968253,27.12083333333333
6,1,1,1,6,2,1,10,8,4,17.186507936507937,27.28333333333333
4,5,1,1,1,1,1,10,4,2,15.119146825396825,26.6125
3,1,1,8,7,5,7,2,3,2,27.96279761904762,27.366071428571427
2,1,1,1,2,2,1,10,7,3,13.104067460317461,27.224404761904758
4,1,7,1,2,2,8,10,8,3,19.31736111111111,27.24583333333333
3,1,1,1,2,2,1,10,8,2,13.10545634920635,27.241071428571427
2,1,1,1,1,1,6,10,1,3,11.278373015873015,26.617857142857144
4,1,1,5,1,1,1,8,8,10,14.904960317460318,26.736309523809524
10,1,1,1,3,3,3,9,5,9,15.372321428571428,27.41547619047619
3,1,1,1,2,2,9,10,8,3,13.31220238095238,27.224404761904758
7,1,1,1,1,1,3,10,10,9,11.266170634920636,26.617857142857144
3,1,1,1,2,2,1,10,8,9,13.104067460317461,27.224404761904758
8,1,1,1,2,2,1,10,4,3,13.104067460317461,27.224404761904758
4,1,1,1,3,1,3,10,10,3,13.332936507936509,26.946428571428573
2,1,10,1,2,2,3,7,3,4,22.25654761904762,27.152380952380952
4,5,1,1,2,2,1,10,3,9,17.1280753968254,27.25416666666667
7,1,1,8,7,5,7,2,3,2,28.06845238095238,27.299404761904764
5,1,2,8,7,1,4,10,8,3,24.99265873015873,26.933928571428574
9,1,1,1,1,5,7,8,3,2,15.312400793650795,26.940476190476193
4,1,1,1,2,10,4,10,8,3,21.319345238095238,27.220238095238095
9,1,1,1,1,1,1,10,8,2,11.138988095238094,26.547023809523807
5,1,2,8,7,5,7,8,5,9,29.091269841269842,27.311309523809523
2,8,1,1,2,2,1,10,8,10,20.127876984126985,27.25416666666667
4,1,1,7,2,2,8,4,4,2,18.974900793650793,27.25416666666667
9,1,1,1,1,2,1,10,8,3,12.106051587301588,26.86428571428571
4,8,1,1,3,3,3,10,8,3,22.284027777777776,27.29047619047619
4,2,10,1,2,2,8,2,9,4,23.005853174603175,27.0125
4,2,1,1,2,1,4,10,8,3,13.341170634920635,26.873214285714283
9,1,1,1,10,1,1,6,8,4,20.133134920634923,26.859523809523807
2,4,1,1,2,2,1,10,8,9,16.128174603174603,27.25416666666667
7,1,9,1,3,2,3,10,8,9,22.356349206349208,27.314880952380953
5,1,1,1,3,3,1,10,8,3,15.109325396825398,27.340476190476192
9,1,1,1,1,1,4,10,10,3,11.270634920634922,26.551785714285717
4,1,1,5,3,2,1,10,3,9,17.84186507936508,27.275595238095242
7,1,1,1,2,2,1,10,1,3,13.154365079365078,27.236309523809524
2,1,1,1,2,2,1,2,10,3,12.950992063492063,26.973214285714285
1,1,1,1,2,2,1,4,8,9,13.141964285714286,27.129761904761903
7,1,1,1,3,3,3,7,2,4,15.247718253968253,27.317857142857143
4,3,1,1,2,2,1,10,1,9,15.151686507936509,27.236309523809524
8,1,7,1,3,3,3,7,2,4,21.245039682539684,27.317857142857143
4,1,1,1,2,2,1,10,4,9,13.130357142857141,27.25416666666667
3,1,4,1,1,1,1,10,8,3,14.135119047619048,26.56309523809524
4,6,1,1,2,2,5,8,8,9,18.205753968253966,27.232738095238098
4,1,1,1,10,2,1,10,8,9,21.177281746031746,27.33511904761905
2,1,1,1,2,2,1,10,8,3,13.130357142857141,27.25416666666667
4,1,1,1,3,3,3,1,2,4,15.05,27.16488095238095
4,1,1,1,2,2,1,10,8,3,13.130357142857141,27.25416666666667
9,3,1,1,1,1,6,2,1,3,13.275198412698412,26.214285714285715
3,1,1,1,1,1,6,10,10,3,11.271527777777779,26.551785714285717
4,1,1,1,3,3,1,9,8,3,15.219146825396825,27.288690476190474
4,1,1,1,1,1,4,10,8,10,11.270634920634922,26.551785714285717
2,1,1,1,3,3,1,6,8,4,15.09156746031746,27.219047619047622
4,1,1,1,3,3,3,7,2,3,15.247718253968253,27.317857142857143
2,1,9,3,1,2,1,10,5,3,21.936210317460315,26.875
1,1,1,1,2,2,1,10,8,5,13.130357142857141,27.25416666666667
4,1,1,1,10,2,1,8,3,3,21.18174603174603,27.31904761904762
5,1,2,8,7,5,7,10,4,10,29.09236111111111,27.311309523809523
9,1,1,1,1,1,1,10,1,3,11.133730158730158,26.502380952380953
3,1,1,1,1,1,6,10,4,3,11.271527777777779,26.551785714285717
2,1,1,1,2,2,1,10,4,9,13.130357142857141,27.25416666666667
8,1,1,1,2,2,1,4,3,2,13.141964285714286,27.129761904761903
4,1,1,1,3,3,3,7,2,4,15.247718253968253,27.317857142857143
4,8,1,9,7,5,7,2,3,2,36.065376984126985,27.301785714285717
2,1,1,1,2,7,1,10,8,3,18.18422619047619,27.222619047619048
4,1,1,1,2,9,4,10,8,5,20.322916666666664,27.205357142857146
6,1,1,1,2,10,1,10,8,3,21.178571428571427,27.32261904761905
2,1,10,1,1,1,5,10,10,3,20.22886904761905,26.589285714285715
4,1,1,1,1,2,1,10,5,3,12.13343253968254,26.88809523809524
1,1,1,1,3,3,3,7,9,4,15.170039682539684,27.359523809523807
5,1,1,1,1,2,7,10,5,3,12.255654761904761,26.88809523809524
1,1,1,1,1,1,6,10,10,3,11.232440476190476,26.589285714285715
9,1,1,8,7,5,7,8,3,2,27.81517857142857,27.339880952380952
5,1,2,1,1,1,5,10,8,3,12.231349206349206,26.589285714285715
7,1,1,1,1,1,7,8,3,2,11.305654761904762,26.48154761904762
5,1,4,8,7,5,1,10,10,3,30.67232142857143,27.327976190476193
8,1,1,1,2,2,1,10,10,3,13.188789682539683,27.251190476190477
6,1,1,1,1,1,6,10,8,9,11.232440476190476,26.589285714285715
4,1,1,1,1,1,1,10,10,3,11.074801587301588,26.589285714285715
6,1,1,1,3,3,3,4,2,2,15.18670634920635,27.2875
2,1,2,1,2,2,1,4,8,9,14.003174603174603,27.107142857142854
7,1,1,1,2,2,1,4,8,2,13.002777777777776,27.183928571428574
9,1,1,1,1,1,6,6,8,3,11.250694444444445,26.511309523809523
4,1,1,1,2,2,1,10,10,3,13.188789682539683,27.251190476190477
4,1,1,1,1,1,1,10,8,9,11.074801587301588,26.589285714285715
4,1,1,1,1,1,1,10,8,9,11.074801587301588,26.589285714285715
9,1,1,1,1,1,10,10,10,3,11.232539682539683,26.589285714285715
9,5,1,1,2,2,1,10,8,9,17.19345238095238,27.235119047619047
4,1,1,1,1,4,6,10,1,4,14.283234126984127,27.019642857142856
4,6,1,1,3,3,3,7,2,4,20.168055555555554,27.359523809523807
1,2,1,1,2,2,1,10,8,3,14.194841269841271,27.235119047619047
3,1,1,1,9,1,1,10,4,3,19.078075396825398,26.967261904761905
10,1,5,1,3,2,3,10,2,6,18.25595238095238,27.244642857142857
4,3,1,1,5,3,3,7,8,9,19.259920634920636,27.44166666666667
1,1,1,1,1,2,1,2,5,3,11.806845238095239,26.5875
5,1,1,1,2,2,1,6,8,3,13.078968253968252,27.239285714285717
5,1,1,1,2,2,1,10,3,9,13.188789682539683,27.251190476190477
5,1,1,1,8,2,6,10,3,3,19.324503968253968,27.33095238095238
4,1,1,1,9,2,1,10,5,3,20.147321428571427,27.327976190476193
3,1,1,1,2,2,1,10,8,7,13.188789682539683,27.251190476190477
4,5,1,1,1,1,1,10,7,9,15.071428571428573,26.589285714285715
3,1,1,8,7,5,7,2,9,2,27.78859126984127,27.32857142857143
4,1,1,1,2,2,1,10,8,3,13.188789682539683,27.251190476190477
6,1,1,1,2,1,1,6,1,3,12.123710317460318,26.849404761904758
4,10,1,1,2,2,1,10,8,3,22.19325396825397,27.235119047619047
4,1,1,1,2,2,1,10,1,3,13.13968253968254,27.205357142857146
2,1,1,1,2,10,1,4,8,9,21.06339285714286,27.189285714285717
2,1,1,1,3,2,3,10,3,2,14.275,27.235119047619047
4,1,1,1,3,2,1,10,1,3,14.172718253968252,27.25416666666667
6,1,1,1,2,3,3,7,2,4,14.193948412698413,27.226190476190474
4,1,1,1,1,1,4,10,8,10,11.231150793650794,26.589285714285715
2,1,1,1,2,2,1,10,8,5,13.188789682539683,27.251190476190477
9,1,1,1,1,2,1,10,4,2,12.13343253968254,26.88809523809524
7,6,2,8,7,5,7,8,3,2,33.81656746031746,27.339880952380952
4,1,1,1,8,4,1,10,8,9,21.046527777777776,27.321428571428573
7,1,1,1,2,2,1,10,3,9,13.188789682539683,27.251190476190477
3,1,1,1,1,1,1,4,8,2,11.046924603174604,26.378571428571426
7,1,1,1,2,2,6,10,1,3,13.22202380952381,27.235119047619047
4,3,1,1,5,2,1,10,4,2,18.193650793650797,27.282142857142855
9,1,7,1,1,3,3,7,8,9,19.270535714285714,27.02261904761905
7,1,1,1,2,2,1,10,8,9,13.084722222222222,27.235119047619047
3,1,1,1,1,1,1,10,8,9,11.17013888888889,26.592261904761905
9,1,1,1,1,1,4,10,1,3,11.315674603174603,26.58690476190476
6,1,1,1,2,2,6,10,8,3,13.22202380952381,27.235119047619047
4,1,1,1,1,1,1,10,8,3,11.17013888888889,26.592261904761905
2,1,1,1,2,2,1,10,8,9,13.084722222222222,27.235119047619047
2,1,1,1,2,2,1,10,8,3,13.084722222222222,27.235119047619047
4,1,1,1,3,4,7,10,8,4,16.30009920634921,27.333928571428572
1,7,1,1,4,2,1,10,8,5,21.148313492063494,27.29047619047619
4,1,1,1,2,2,1,10,8,3,13.084722222222222,27.235119047619047
2,1,1,1,2,1,1,6,8,7,12.13561507936508,26.89107142857143
4,1,1,3,2,1,7,10,10,3,14.1078373015873,26.998809523809523
4,1,6,1,2,1,3,7,2,4,17.241666666666667,26.840476190476192
4,2,1,1,1,3,1,6,8,2,14.078968253968252,26.952380952380953
5,1,2,8,2,2,1,10,8,3,20.741567460317462,27.280357142857145
4,1,1,1,7,5,7,8,4,2,21.276984126984125,27.365476190476194
7,1,1,1,3,3,1,10,8,3,15.080357142857142,27.31309523809524
4,1,4,1,2,10,1,4,5,2,24.104861111111113,27.267261904761902
4,1,1,1,2,2,1,10,8,8,13.084722222222222,27.235119047619047
2,1,1,1,2,2,1,10,8,9,13.084722222222222,27.235119047619047
9,1,1,1,1,3,1,6,8,4,13.080059523809524,26.94821428571429
4,1,1,1,2,1,1,10,4,3,12.13888888888889,26.89940476190476
3,1,1,1,1,1,6,10,1,3,11.326785714285714,26.592261904761905
3,1,1,1,1,1,6,6,1,3,11.24811507936508,26.51190476190476
2,7,1,1,2,2,1,4,8,4,19.086904761904762,27.179761904761904
7,1,8,1,9,1,3,9,10,1,26.14900793650794,26.97738095238095
5,2,2,1,1,2,1,10,4,2,14.17331349206349,26.964285714285715
9,1,1,8,7,5,7,8,3,2,27.89107142857143,27.367857142857144
3,2,1,1,1,1,3,10,10,3,12.357738095238094,26.57916666666667
4,1,1,1,3,3,1,7,8,4,15.135119047619048,27.428571428571427
2,1,1,1,1,1,6,10,1,3,11.326785714285714,26.592261904761905
10,3,1,1,2,9,3,10,10,3,22.255555555555553,27.29583333333333
1,1,1,1,1,2,1,10,2,4,12.200892857142858,26.974404761904758
4,1,1,1,3,3,3,7,5,3,15.249900793650792,27.428571428571427
10,1,1,1,3,2,1,10,8,9,14.081448412698412,27.27202380952381
3,1,1,1,1,1,3,10,8,9,11.307142857142857,26.592261904761905
4,1,1,1,3,3,3,10,1,3,15.214484126984127,27.31309523809524
6,1,1,1,2,2,1,7,2,4,13.176785714285714,27.22083333333333
8,1,6,1,1,2,1,10,5,3,17.187599206349205,26.98333333333333
2,1,1,1,2,2,1,10,4,9,13.084722222222222,27.235119047619047
2,5,1,8,7,5,7,2,3,2,31.838690476190475,27.377976190476193
4,9,1,1,2,2,1,10,8,3,21.07529761904762,27.245238095238097
4,1,1,1,3,3,3,10,4,8,15.214484126984127,27.31309523809524
8,4,10,1,2,2,1,9,5,9,25.037599206349206,27.267261904761902
2,1,1,1,2,2,5,9,9,8,13.194345238095238,27.281547619047622
5,1,1,1,2,2,1,10,8,3,13.084722222222222,27.235119047619047
2,1,1,3,4,2,1,10,4,2,17.03313492063492,27.321428571428573
9,1,5,1,2,2,1,10,4,4,17.193253968253966,27.349404761904758
4,1,1,1,2,1,3,3,10,3,12.112797619047619,26.70059523809524
2,1,10,9,2,1,1,6,8,4,28.906944444444445,26.92440476190476
2,1,1,1,1,2,1,8,4,7,12.13779761904762,26.98392857142857
4,1,1,1,2,1,1,7,8,10,12.126785714285713,26.929761904761904
2,8,6,1,2,10,1,10,8,3,33.13918650793651,27.363690476190477
4,1,1,1,7,2,1,10,1,5,18.177777777777777,27.348214285714285
2,3,1,1,5,3,5,7,8,9,19.285416666666666,27.3625
3,1,1,1,2,2,1,10,8,3,13.183333333333334,27.338690476190475
6,1,1,1,1,1,6,10,10,3,11.193551587301588,26.652976190476192
9,1,8,1,2,1,1,1,8,4,18.92390873015873,26.50416666666667
4,2,1,1,4,2,1,6,8,3,16.254464285714285,27.197023809523806
5,1,1,1,2,1,1,10,8,9,12.167063492063493,27.055357142857144
4,1,1,1,2,6,1,6,8,7,17.158035714285713,27.24583333333333
4,1,1,1,1,7,4,10,8,10,17.207440476190477,26.92142857142857
2,1,1,1,2,2,1,10,8,3,13.183333333333334,27.338690476190475
9,1,1,1,1,1,4,2,8,2,11.258928571428571,26.22797619047619
3,1,1,1,2,2,1,10,8,9,13.162003968253966,27.31666666666667
2,1,1,1,1,1,1,10,8,9,11.091468253968255,26.652976190476192
2,1,1,1,2,1,3,10,8,2,12.315873015873017,27.055357142857144
2,1,1,1,2,2,1,10,10,9,13.162003968253966,27.31666666666667
4,1,1,1,3,1,6,10,1,3,13.28045634920635,26.95595238095238
3,8,1,1,1,3,3,7,2,4,20.28720238095238,27.041666666666668
1,1,1,1,1,2,1,10,5,2,12.133829365079364,26.826785714285716
4,5,1,8,7,5,7,2,3,3,31.959722222222222,27.309523809523807
8,8,2,8,7,5,7,8,3,2,35.97251984126984,27.325
5,1,1,1,3,3,3,7,2,4,15.317162698412698,27.317261904761903
9,1,1,1,2,1,1,6,8,4,12.115575396825397,26.92559523809524
4,1,9,1,1,1,1,10,4,3,19.083333333333336,26.64345238095238
4,9,1,1,3,3,3,7,8,3,23.31378968253968,27.317261904761903
4,1,1,1,3,3,1,10,2,4,15.135714285714286,27.364285714285717
7,1,1,3,2,2,1,4,8,3,14.965674603174602,27.20654761904762
2,1,1,1,2,2,1,10,8,2,13.159325396825398,27.361309523809524
4,1,1,1,2,2,1,10,4,3,13.183333333333334,27.338690476190475
9,1,1,1,1,1,1,10,7,3,11.091468253968255,26.652976190476192
6,3,9,1,3,3,3,7,8,4,25.313690476190477,27.317261904761903
4,1,1,1,10,3,1,7,8,4,22.124305555555555,27.343452380952378
6,1,1,1,2,2,3,10,8,9,13.338492063492064,27.31666666666667
4,1,1,1,3,3,3,7,2,4,15.317162698412698,27.317261904761903
5,1,2,9,7,5,7,8,3,2,29.955059523809524,27.325
1,1,1,1,2,2,1,10,10,3,13.183333333333334,27.338690476190475
2,4,1,1,2,2,1,10,8,9,16.171130952380953,27.323214285714283
7,1,1,1,2,9,1,10,3,2,20.144841269841272,27.326785714285716
4,1,1,1,2,2,1,10,3,9,13.180257936507937,27.304166666666667
7,1,1,1,1,1,4,10,8,9,11.192757936507936,26.652976190476192
9,1,1,1,1,1,1,4,8,2,11.068650793650793,26.375
3,1,1,1,1,1,1,10,8,9,11.091468253968255,26.652976190476192
3,1,1,1,1,1,6,10,8,3,11.193551587301588,26.652976190476192
1,1,1,5,2,2,1,2,1,3,17.00376984126984,27.129761904761903
5,1,2,1,2,2,1,2,8,3,14.110119047619047,27.072023809523806
1,1,1,5,7,5,7,8,7,2,25.086507936507935,27.33511904761905
4,8,1,1,2,2,1,10,8,3,20.07172619047619,27.2875
4,1,1,1,2,2,2,4,2,4,13.205853174603174,27.145238095238096
4,1,1,1,7,3,3,7,2,4,19.324404761904763,27.371428571428574
4,1,1,1,2,7,1,7,8,3,18.145734126984127,27.314880952380953
4,1,1,3,1,2,1,10,8,2,13.91845238095238,26.93095238095238
2,1,1,1,2,2,3,9,4,10,13.344841269841272,27.27261904761905
7,5,1,8,7,5,7,2,3,3,32.065773809523805,27.363690476190477
4,1,1,1,2,2,1,10,1,2,13.074007936507936,27.254761904761903
4,1,1,1,3,3,1,10,4,3,15.18204365079365,27.383333333333333
3,1,1,1,1,1,3,5,2,4,11.09672619047619,26.45595238095238
1,1,1,1,2,2,1,6,8,3,13.148015873015874,27.197023809523806
5,1,1,1,2,2,1,10,8,3,13.068154761904761,27.264880952380953
4,5,1,8,7,5,7,2,6,9,32.065773809523805,27.363690476190477
4,1,1,1,3,3,3,9,5,2,15.245833333333334,27.310714285714283
2,1,1,1,2,2,1,10,8,3,13.068154761904761,27.264880952380953
4,1,1,1,2,2,1,10,8,3,13.068154761904761,27.264880952380953
10,1,4,1,1,2,1,10,4,10,15.109027777777778,26.95952380952381
4,9,1,1,3,3,3,7,2,4,23.25863095238095,27.247619047619047
9,1,1,1,3,3,1,10,6,3,15.18204365079365,27.383333333333333
4,2,7,1,1,1,1,10,7,3,18.081448412698414,26.611309523809524
9,1,1,1,2,2,1,10,8,9,13.068154761904761,27.264880952380953
2,1,5,1,2,2,1,10,8,9,17.071428571428573,27.2875
9,1,1,1,2,1,1,10,8,9,12.136111111111111,26.942857142857143
5,1,1,1,2,2,1,10,8,9,13.068154761904761,27.264880952380953
9,1,1,1,2,2,1,10,8,9,13.068154761904761,27.264880952380953
1,1,1,1,2,2,1,10,8,3,13.068154761904761,27.264880952380953
3,1,2,8,7,5,7,8,3,2,29.10138888888889,27.36904761904762
5,9,1,1,1,1,9,10,1,6,19.18333333333333,26.599404761904758
5,1,1,1,3,3,1,10,8,10,15.18204365079365,27.383333333333333
4,1,1,1,2,1,1,10,8,9,12.136111111111111,26.942857142857143
5,1,1,1,2,2,1,2,8,3,13.099007936507936,27.08928571428571
2,1,8,1,2,1,1,10,8,9,19.13501984126984,26.942857142857143
4,9,1,1,7,3,3,9,9,9,27.310317460317457,27.34166666666667
4,1,1,1,2,2,1,10,1,3,13.074007936507936,27.254761904761903
2,1,1,1,2,2,1,10,7,9,13.068154761904761,27.264880952380953
2,1,1,1,2,2,1,10,8,9,13.068154761904761,27.264880952380953
1,1,1,1,7,5,7,10,3,2,21.40396825396825,27.407142857142855
5,1,2,8,1,4,1,10,8,9,21.90813492063492,26.928571428571427
9,1,1,1,2,2,1,10,8,4,13.068154761904761,27.264880952380953
4,8,1,1,3,3,3,7,2,9,22.25863095238095,27.247619047619047
7,1,9,1,3,1,6,2,10,3,21.219047619047622,26.836309523809526
9,1,1,1,1,2,3,10,3,9,12.264781746031748,26.940476190476193
2,1,1,1,2,2,1,10,8,3,13.068154761904761,27.264880952380953
1,1,1,1,2,2,1,10,8,2,13.068154761904761,27.264880952380953
5,1,1,1,2,1,1,6,8,7,12.068253968253968,26.886309523809523
4,9,1,1,2,1,1,10,8,9,20.1344246031746,26.942857142857143
4,1,1,1,2,2,1,10,3,7,13.068154761904761,27.264880952380953
7,1,1,1,1,8,1,10,4,10,18.10168650793651,26.892261904761902
3,1,1,1,1,1,6,6,1,8,11.30188492063492,26.402976190476192
4,3,1,1,3,3,3,7,8,3,17.27956349206349,27.263690476190476
6,1,2,1,2,2,8,10,8,3,14.294841269841271,27.288690476190474
4,1,1,1,1,1,1,10,10,3,11.126785714285713,26.567857142857143
4,1,1,1,2,2,1,4,4,1,13.095238095238097,27.041666666666668
4,1,1,7,5,2,1,10,2,4,21.899702380952384,27.35654761904762
4,1,1,1,2,1,1,6,8,3,12.151289682539682,26.847023809523808
5,1,1,1,1,2,3,10,4,10,12.28422619047619,26.936309523809523
5,1,1,1,1,1,6,10,1,3,11.281944444444445,26.567857142857143
9,1,1,1,2,2,1,10,8,9,13.153472222222224,27.288690476190474
4,1,1,1,2,1,1,4,2,9,12.123611111111112,26.740476190476194
10,5,1,1,2,2,1,10,3,4,17.15,27.288690476190474
4,1,4,1,2,1,1,10,2,9,15.104365079365078,26.819642857142856
1,1,1,1,3,3,3,7,2,4,15.280059523809523,27.263690476190476
5,3,1,1,2,2,1,8,8,3,15.17043650793651,27.2375
5,1,1,1,2,1,1,10,8,9,12.099007936507936,26.80238095238095
5,1,1,1,2,2,1,10,8,5,13.153472222222224,27.288690476190474
2,1,1,1,2,2,1,10,8,9,13.153472222222224,27.288690476190474
5,7,1,1,2,6,1,9,8,3,23.04861111111111,27.276190476190475
4,2,1,1,3,3,3,9,5,9,16.23343253968254,27.31845238095238
1,1,1,1,2,2,1,10,8,9,13.153472222222224,27.288690476190474
7,1,1,1,3,2,3,2,8,3,14.174305555555554,27.205357142857146
5,1,1,1,2,1,1,6,8,7,12.151289682539682,26.847023809523808
5,1,1,1,2,2,1,6,8,3,13.11954365079365,27.18154761904762
4,1,1,1,2,2,1,10,8,9,13.153472222222224,27.288690476190474
2,9,1,1,2,2,1,10,8,3,21.15029761904762,27.288690476190474
5,1,1,1,3,3,1,7,8,4,15.12827380952381,27.263690476190476
4,1,3,1,2,1,2,6,8,7,14.25376984126984,26.845238095238095
8,1,1,1,2,2,1,9,4,3,13.178571428571427,27.205357142857146
1,1,1,7,1,2,1,10,5,9,17.7265873015873,26.972023809523808
6,1,6,1,1,1,1,10,8,9,16.13174603174603,26.560119047619047
7,1,1,1,2,2,1,10,10,3,13.153472222222224,27.288690476190474
7,1,1,1,3,2,3,10,8,3,14.32390873015873,27.267857142857146
1,1,1,1,1,5,1,10,5,9,15.096527777777776,26.907738095238095
1,8,1,1,2,2,3,2,8,3,20.28045634920635,26.985714285714288
4,1,1,1,2,2,1,10,4,3,13.153472222222224,27.288690476190474
4,5,1,8,7,5,7,2,3,2,31.88730158730159,27.410119047619048
9,1,1,1,1,2,8,10,4,2,12.30406746031746,26.936309523809523
1,1,1,1,1,9,1,10,4,9,19.10089285714286,26.911309523809525
4,1,1,1,2,2,1,2,8,3,13.118154761904762,26.964285714285715
2,1,1,1,2,2,1,10,10,3,13.153472222222224,27.288690476190474
4,1,1,1,2,2,1,10,8,3,13.153472222222224,27.288690476190474
5,1,1,1,7,1,1,10,1,3,17.141765873015874,27.017857142857146
6,1,8,1,2,2,6,10,10,3,20.292857142857144,27.288690476190474
4,1,1,1,2,1,1,9,4,3,12.14702380952381,26.92083333333333
9,1,1,1,1,1,1,6,8,4,11.153571428571428,26.402976190476192
2,1,1,1,2,3,3,7,2,4,14.289781746031746,27.275
4,1,6,1,3,2,1,10,8,5,19.17440476190476,27.267857142857146
4,1,1,1,3,3,1,10,5,3,15.114980158730159,27.294642857142854
3,1,1,1,1,2,1,10,8,3,12.13779761904762,26.936309523809523
4,5,1,1,5,3,4,7,8,9,21.244940476190475,27.197023809523806
1,3,7,8,7,5,7,2,3,2,35.92460317460318,27.178571428571427
4,1,1,1,1,2,1,6,8,7,12.078869047619047,26.811904761904763
5,1,8,1,2,1,1,8,4,10,19.158829365079363,26.8
5,1,1,1,2,2,1,10,8,3,13.195039682539683,27.190476190476193
2,1,1,1,2,2,1,6,5,3,13.1046626984127,27.189880952380953
2,1,1,1,2,2,1,10,8,3,13.195039682539683,27.190476190476193
4,1,1,1,2,2,1,10,8,3,13.195039682539683,27.190476190476193
10,1,2,8,7,5,1,10,5,3,28.812698412698417,27.246428571428574
3,1,1,1,1,2,7,7,3,2,12.24920634920635,26.779761904761905
1,1,1,1,2,3,3,9,5,9,14.275892857142855,27.151190476190475
4,1,1,1,3,2,1,10,8,3,14.07876984126984,27.244642857142857
5,1,4,1,2,2,1,10,8,3,16.193551587301588,27.190476190476193
4,1,7,1,1,4,6,10,10,3,20.180257936507935,26.898214285714282
8,1,1,1,2,2,3,7,2,4,13.308234126984127,27.18333333333333
4,1,1,3,3,3,1,4,2,4,16.9765873015873,27.167857142857144
4,1,1,1,2,2,1,10,8,3,13.195039682539683,27.190476190476193
4,1,1,1,2,2,1,10,1,3,13.187896825396825,27.13511904761905
4,5,1,1,1,1,6,10,10,3,15.211805555555554,26.530952380952378
9,1,1,8,7,5,7,2,3,2,27.91468253968254,27.178571428571427
2,1,1,10,7,5,7,8,3,2,29.93690476190476,27.246428571428574
10,1,2,1,2,2,1,10,8,3,14.190674603174603,27.1875
10,8,1,1,1,1,1,10,8,9,18.098809523809525,26.530952380952378
2,1,1,1,2,2,1,10,3,9,13.195039682539683,27.190476190476193
6,1,1,1,2,2,1,10,1,7,13.183531746031747,27.146428571428572
4,1,1,1,2,1,1,6,8,3,12.140674603174602,26.82559523809524
3,5,1,1,1,2,1,10,8,4,16.040972222222223,26.872619047619047
4,1,1,1,3,3,1,7,8,9,15.17956349206349,27.24404761904762
9,1,1,1,1,1,1,10,8,5,11.103869047619048,26.530952380952378
2,1,1,1,2,2,10,3,7,3,13.297619047619047,26.969047619047622
9,1,1,1,1,2,1,10,4,2,12.098809523809525,26.817857142857143
4,1,1,1,3,3,4,9,5,7,15.323511904761904,27.215476190476192
3,9,1,1,2,2,1,10,8,3,21.193353174603175,27.190476190476193
4,1,1,1,1,2,1,10,5,3,12.099603174603175,26.82916666666667
7,1,1,1,2,2,1,10,4,9,13.195039682539683,27.190476190476193
3,1,1,1,3,2,3,10,8,9,14.200099206349208,27.244642857142857
7,1,1,1,2,7,1,10,3,9,18.175,27.077976190476193
3,1,1,1,1,1,1,10,8,9,11.103869047619048,26.530952380952378
3,1,1,1,8,2,1,10,1,3,19.09890873015873,27.20416666666667
4,1,1,1,2,2,1,10,5,3,13.195039682539683,27.190476190476193
4,1,1,1,2,1,1,3,2,4,12.059126984126983,26.59107142857143
8,1,1,1,2,2,1,6,8,4,13.1046626984127,27.189880952380953
3,1,1,1,1,1,1,4,8,4,11.03938492063492,26.35297619047619
4,1,1,1,3,3,1,7,8,2,15.158531746031747,27.261309523809523
4,1,1,1,2,2,1,10,10,3,13.195039682539683,27.190476190476193
6,1,1,1,1,1,1,10,8,3,11.103869047619048,26.530952380952378
2,1,1,1,1,3,3,7,2,4,13.206944444444446,26.857738095238098
4,1,1,1,3,2,1,10,5,3,14.07876984126984,27.244642857142857
2,1,1,1,2,2,1,10,8,9,13.195039682539683,27.190476190476193
2,1,1,1,2,2,1,10,8,5,13.195039682539683,27.190476190476193
4,1,1,1,1,1,6,10,10,3,11.25625,26.56845238095238
9,1,1,1,1,2,7,10,4,10,12.295436507936508,26.92083333333333
6,1,1,1,2,2,1,10,8,3,13.133928571428573,27.252380952380953
2,1,1,1,1,1,1,10,10,3,11.162301587301588,26.56845238095238
5,1,1,1,2,2,6,10,4,2,13.265773809523811,27.252380952380953
9,1,1,1,1,1,1,10,8,9,11.162301587301588,26.56845238095238
9,1,1,1,1,3,1,10,6,3,13.129265873015873,26.98392857142857
5,1,1,1,1,1,6,10,4,2,11.25625,26.56845238095238
1,1,7,1,3,3,3,10,2,4,21.323015873015873,27.31904761904762
4,8,1,1,2,2,1,2,8,3,20.054861111111112,26.99345238095238
2,1,1,1,3,3,1,7,8,4,15.13640873015873,27.31904761904762
2,1,1,1,2,2,1,5,9,3,13.038690476190476,27.166666666666668
2,1,1,1,1,1,6,10,1,3,11.25625,26.56845238095238
3,1,1,1,2,2,1,9,8,9,13.105654761904763,27.335714285714282
4,1,1,1,3,2,1,10,1,3,14.199503968253968,27.345238095238095
4,1,1,1,2,3,1,10,8,3,14.097619047619048,27.377380952380953
5,1,2,10,7,5,7,8,3,2,31.06746031746032,27.34166666666667
3,1,1,1,1,1,1,10,4,3,11.162301587301588,26.56845238095238
6,1,1,1,2,2,1,10,8,3,13.133928571428573,27.252380952380953
4,1,1,1,2,2,1,10,8,3,13.133928571428573,27.252380952380953
4,1,1,1,5,8,1,10,8,9,22.192559523809525,27.317261904761903
10,1,1,1,2,1,1,10,8,3,12.131646825396825,26.90892857142857
4,1,1,1,2,2,2,3,1,3,13.21498015873016,27.258928571428573
4,1,1,1,3,3,1,9,8,3,15.17361111111111,27.40833333333333
1,1,1,1,8,2,1,10,5,3,19.21299603174603,27.333333333333332
7,1,1,1,2,1,3,6,8,4,12.271329365079364,26.875
5,1,1,1,1,1,6,10,10,3,11.25625,26.56845238095238
5,1,1,1,1,1,1,10,10,3,11.162301587301588,26.56845238095238
2,1,10,1,2,1,1,10,8,9,21.12490079365079,26.898809523809526
2,1,1,1,1,2,2,10,8,9,12.23938492063492,26.92083333333333
4,1,1,1,3,3,3,7,2,4,15.307837301587302,27.31904761904762
8,1,1,1,2,2,1,10,4,9,13.133928571428573,27.252380952380953
7,1,1,1,3,2,3,10,8,9,14.29623015873016,27.349404761904758
10,4,1,1,2,6,1,10,8,9,20.09642857142857,27.361309523809524
3,4,1,8,7,2,1,10,1,3,27.79434523809524,27.359523809523807
4,9,1,1,2,5,7,2,3,2,24.212103174603175,27.234523809523807
9,1,1,1,7,1,1,6,8,7,17.063194444444445,26.866666666666667
4,1,1,5,2,2,10,10,2,2,17.114781746031746,27.24345238095238
9,1,1,1,2,1,1,6,8,7,12.083035714285714,26.875
8,1,4,1,2,2,1,6,1,3,16.14126984126984,27.282142857142855
4,1,1,1,3,3,3,7,8,3,15.307837301587302,27.31904761904762
5,1,1,1,2,2,1,6,2,10,13.088988095238097,27.219642857142855
3,1,1,1,1,1,1,4,5,7,11.137202380952381,26.402380952380952
5,6,1,1,2,1,2,6,8,4,17.22549603174603,26.901785714285715
9,1,1,1,5,3,1,10,8,3,17.21438492063492,27.39166666666667
4,1,1,1,2,2,1,10,8,9,13.133928571428573,27.252380952380953
5,1,1,5,2,2,3,10,10,3,17.11001984126984,27.24345238095238
2,6,1,1,2,1,1,10,8,9,17.125198412698413,26.898809523809526
5,1,1,1,2,2,1,10,7,9,13.133928571428573,27.252380952380953
5,1,1,1,2,3,1,10,8,9,14.097619047619048,27.377380952380953
7,1,1,1,2,2,1,10,3,9,13.137599206349204,27.302976190476194
4,3,10,1,5,3,3,7,8,9,28.152976190476192,27.37559523809524
2,1,1,1,1,1,1,6,8,4,11.034424603174603,26.417261904761904
4,1,1,1,2,1,1,10,6,9,12.186507936507937,26.894642857142856
5,1,1,1,2,2,5,10,3,8,13.28998015873016,27.302976190476194
4,1,2,8,7,5,7,8,3,2,28.85079365079365,27.319642857142856
6,1,1,1,1,1,3,10,10,3,11.272619047619049,26.565476190476193
3,1,1,1,1,1,1,10,10,5,11.127083333333333,26.565476190476193
5,1,1,1,2,3,7,10,8,9,14.284424603174603,27.284523809523808
4,3,1,1,5,3,3,7,10,9,19.16934523809524,27.37559523809524
2,1,1,1,2,2,1,10,8,3,13.137599206349204,27.302976190476194
2,1,1,1,2,1,3,10,10,3,12.312301587301587,26.894642857142856
4,5,1,1,2,1,1,6,8,7,16.180357142857144,26.910714285714285
4,1,1,8,7,5,7,2,3,2,27.975694444444446,27.333333333333332
2,7,1,1,1,1,1,10,9,9,17.110714285714288,26.565476190476193
10,1,1,1,2,3,1,6,8,7,14.185218253968253,27.207738095238096
2,1,1,9,2,2,1,10,4,2,20.86547619047619,27.320833333333333
9,1,1,1,1,2,1,10,8,3,12.13313492063492,26.9375
3,1,8,1,1,2,1,6,8,7,19.094345238095237,26.823809523809523
5,7,1,1,7,1,1,10,2,3,23.184325396825397,26.978571428571428
4,1,1,1,9,3,3,7,2,4,21.272420634920636,27.406547619047622
7,1,1,1,3,2,3,10,8,9,14.333035714285714,27.304761904761904
4,1,1,1,2,2,1,10,4,9,13.137599206349204,27.302976190476194
8,1,1,1,5,3,1,10,4,4,17.160515873015875,27.34642857142857
8,1,1,9,5,1,1,10,8,9,22.723809523809525,26.99583333333333
4,1,1,1,6,2,1,10,4,9,17.189583333333335,27.36309523809524
2,1,1,7,3,3,1,7,8,4,20.861011904761902,27.336309523809526
4,1,1,1,2,1,3,10,10,3,12.312301587301587,26.894642857142856
3,4,1,1,1,1,6,10,10,3,14.23015873015873,26.565476190476193
5,1,1,1,1,1,6,10,1,3,11.275694444444444,26.565476190476193
4,1,1,1,2,3,1,10,8,3,14.153571428571428,27.284523809523808
4,7,1,8,7,5,7,2,3,6,33.97867063492063,27.333333333333332
6,1,1,1,2,2,1,10,4,2,13.137003968253968,27.29940476190476
9,1,7,1,2,3,1,10,8,3,20.151785714285715,27.284523809523808
2,1,1,1,2,2,1,10,8,3,13.137599206349204,27.302976190476194
5,1,1,7,2,2,1,6,8,3,18.82123015873016,27.245238095238097
9,1,1,1,2,1,1,10,8,9,12.186507936507937,26.894642857142856
5,2,1,1,1,1,9,10,10,3,12.232043650793651,26.565476190476193
9,1,1,1,8,2,1,6,8,9,19.0906746031746,27.31190476190476
5,1,1,1,2,2,1,10,8,9,13.137599206349204,27.302976190476194
2,1,2,1,2,2,1,10,8,4,14.143253968253967,27.31904761904762
4,1,9,1,2,2,1,4,2,3,21.09365079365079,27.136309523809523
3,5,9,1,3,3,3,7,2,4,27.282142857142855,27.310714285714283
4,6,1,1,2,2,1,9,8,2,18.15704365079365,27.275595238095242
4,6,1,4,1,1,1,6,8,3,18.86468253968254,26.519642857142856
2,1,1,9,2,2,1,10,7,3,20.88015873015873,27.33511904761905
9,1,1,1,2,2,3,7,2,4,13.330257936507937,27.224404761904758
4,1,1,1,3,3,1,10,8,3,15.242559523809524,27.376785714285717
4,4,1,1,2,1,1,6,8,7,15.180456349206349,26.910714285714285
4,1,1,1,2,1,1,6,8,7,12.113095238095237,26.900595238095242
9,1,1,1,7,2,1,10,8,3,18.249007936507937,27.295238095238098
5,1,1,1,2,2,1,6,5,9,13.112599206349206,27.152380952380952
4,5,1,8,7,5,7,2,3,2,31.8453373015873,27.29583333333333
4,1,1,1,2,2,1,10,10,3,13.15079365079365,27.138690476190476
2,1,1,6,3,10,3,7,9,4,27.01378968253968,27.27678571428571
4,1,10,1,1,1,1,6,8,4,20.099503968253966,26.332142857142856
3,1,1,6,2,2,1,2,8,3,17.87827380952381,27.22797619047619
2,1,1,1,2,2,1,9,8,9,13.215178571428572,27.2125
5,1,1,1,1,2,1,10,4,2,12.102579365079364,26.917261904761904
9,1,2,8,3,5,7,8,3,2,24.950694444444444,27.264285714285712
4,1,1,1,2,2,1,4,2,9,12.987599206349206,27.0875
5,1,1,1,2,2,1,10,2,4,13.156646825396825,27.18928571428571
3,1,1,1,1,2,1,6,8,7,12.174107142857142,26.884523809523806
5,1,7,1,2,1,1,10,5,3,18.183333333333334,26.864285714285717
4,3,1,1,7,5,7,8,3,2,23.28472222222222,27.265476190476193
5,1,8,8,5,3,3,7,8,9,30.93561507936508,27.202380952380953
1,3,1,1,7,5,7,8,3,2,23.28472222222222,27.265476190476193
5,1,2,8,10,2,1,10,8,3,28.902480158730157,27.260714285714283
5,1,1,1,2,3,1,2,8,9,13.951488095238096,27.05238095238095
4,5,1,8,7,5,7,2,3,2,31.8453373015873,27.29583333333333
5,1,1,1,2,2,2,10,8,3,13.291865079365078,27.138690476190476
1,1,1,1,2,2,1,2,8,9,13.183531746031747,27.034523809523808
4,1,1,5,2,2,1,6,1,3,16.82906746031746,27.195833333333333
2,1,1,1,2,2,3,10,1,3,13.339186507936509,27.18928571428571
4,7,1,1,3,3,3,7,2,4,21.213194444444447,27.17440476190476
8,1,1,1,2,1,2,6,8,4,12.24484126984127,26.872023809523807
3,1,1,1,2,1,10,10,8,9,12.358829365079364,26.892261904761902
4,1,1,1,1,1,1,10,8,9,11.100694444444445,26.60833333333333
4,1,1,1,2,2,1,9,8,9,13.215178571428572,27.2125
6,1,1,1,10,3,3,2,2,4,22.182341269841267,27.23333333333333
4,1,1,1,1,2,1,10,4,2,12.102579365079364,26.917261904761904
9,1,1,1,2,2,1,10,8,3,13.15079365079365,27.138690476190476
1,1,1,1,2,3,1,10,8,9,14.246626984126985,27.30595238095238
2,1,1,1,2,2,1,10,8,3,13.15079365079365,27.138690476190476
1,1,1,1,2,2,8,9,5,9,13.432242063492064,27.2125
8,1,1,1,3,3,3,10,8,8,15.251289682539682,27.27261904761905
1,1,1,1,2,2,1,10,10,3,13.15079365079365,27.138690476190476
6,1,1,4,1,1,6,10,10,4,14.01924603174603,26.59107142857143
2,6,1,1,2,1,3,10,10,3,17.348809523809525,26.864285714285717
2,1,1,1,4,5,3,6,10,3,18.218551587301587,27.326785714285716
4,1,1,5,2,2,1,10,8,9,16.917361111111113,27.160714285714285
5,1,1,6,2,2,9,10,8,3,18.054166666666667,27.1625
7,1,10,1,2,2,1,4,8,10,21.99563492063492,27.03392857142857
4,1,3,1,9,2,1,9,8,2,22.170039682539684,27.333928571428572
5,1,10,1,1,1,10,10,10,3,20.188789682539685,26.610119047619047
3,1,3,1,1,8,1,10,4,3,20.15218253968254,26.809523809523807
3,1,1,1,1,2,1,10,4,10,12.120337301587302,26.958333333333332
4,1,1,1,1,2,1,10,5,3,12.120337301587302,26.958333333333332
4,1,1,1,1,1,8,2,7,1,11.196626984126983,26.132142857142856
9,1,9,1,2,9,1,10,5,6,28.09107142857143,27.257142857142856
1,1,1,1,4,2,1,10,6,3,15.144444444444446,27.34107142857143
1,9,1,1,2,10,6,10,6,3,29.25059523809524,27.320833333333333
4,1,1,6,1,2,1,1,8,5,16.862698412698414,26.85892857142857
2,1,1,1,2,2,1,10,4,10,13.215972222222224,27.338095238095242
3,1,1,1,1,1,6,10,10,3,11.181150793650794,26.571428571428573
9,1,1,1,1,2,1,10,10,3,12.084523809523809,26.867261904761904
4,7,1,1,2,2,1,2,8,3,19.07876984126984,27.042857142857144
1,1,1,1,1,2,1,10,4,10,12.084523809523809,26.867261904761904
5,1,1,1,2,1,1,10,8,9,12.159722222222223,26.9875
5,1,1,1,5,3,1,10,8,9,17.219742063492063,27.409523809523808
2,1,1,1,2,2,1,10,8,3,13.224900793650795,27.3375
2,3,1,1,2,8,1,10,8,3,21.137301587301586,27.36309523809524
2,1,1,1,2,2,1,10,4,2,13.206051587301587,27.342857142857145
9,1,1,1,1,1,3,10,10,3,11.177777777777777,26.571428571428573
5,1,1,8,7,5,7,8,3,3,28.16855158730159,27.332738095238096
2,1,1,1,2,1,3,10,10,2,12.340277777777777,26.9875
7,1,1,1,2,2,1,10,3,9,13.215972222222224,27.338095238095242
5,1,1,1,2,1,1,10,8,9,12.159722222222223,26.9875
9,1,1,1,1,2,1,6,5,3,12.12748015873016,26.884523809523806
2,1,1,1,2,2,1,2,4,2,13.04345238095238,27.066071428571426
5,1,1,1,2,1,1,10,8,6,12.159722222222223,26.9875
3,1,1,1,1,1,1,10,6,5,11.045734126984126,26.571428571428573
2,1,1,1,2,2,9,4,8,2,13.275892857142859,27.14761904761905
7,1,1,3,2,2,1,10,8,3,14.988789682539684,27.291071428571428
4,1,1,1,2,1,1,6,8,7,12.082936507936509,26.875
9,1,1,1,1,2,5,10,4,2,12.202380952380953,26.867261904761904
5,1,3,1,2,1,3,2,10,3,14.099801587301588,26.617261904761904
2,1,1,1,1,2,7,10,10,3,12.20267857142857,26.867261904761904
2,1,1,1,10,3,3,9,5,9,22.36785714285714,27.383928571428573
8,1,1,1,1,1,1,10,8,9,11.045734126984126,26.571428571428573
4,1,1,1,3,3,1,10,1,3,15.166369047619048,27.304166666666667
4,1,3,1,2,2,10,10,8,3,15.360218253968252,27.338095238095242
4,1,1,1,2,5,1,10,5,7,16.125198412698413,27.2875
5,1,1,8,2,3,1,10,8,6,20.818849206349206,27.29583333333333
2,1,1,1,2,1,6,6,5,7,12.240972222222222,26.875
4,1,1,1,1,1,6,10,8,9,11.181150793650794,26.571428571428573
4,1,1,1,3,3,3,7,2,4,15.221031746031747,27.33452380952381
4,1,9,1,3,3,1,10,8,3,23.133432539682538,27.297619047619047
2,1,1,1,2,2,3,10,8,9,13.353670634920636,27.338095238095242
7,1,1,1,3,2,1,10,8,3,14.152083333333334,27.310714285714283
8,1,1,1,2,2,1,2,8,3,13.04265873015873,27.042857142857144
6,1,1,1,1,1,1,10,10,3,11.044642857142858,26.561309523809523
4,1,1,1,3,1,6,10,1,3,13.231746031746033,26.98095238095238
3,1,1,3,1,3,3,7,2,4,15.017956349206349,26.994642857142857
3,1,1,1,1,2,1,4,8,2,12.079563492063492,26.76845238095238
7,1,1,1,2,1,1,10,8,9,12.159722222222223,26.9875
2,1,1,10,2,2,4,10,8,9,21.854761904761904,27.310119047619047
5,1,1,1,3,1,1,10,8,3,13.113392857142856,26.98095238095238
4,1,1,6,2,2,1,4,2,4,17.89761904761905,27.210714285714282
4,1,1,1,7,1,1,6,8,4,17.117559523809526,26.91845238095238
2,1,1,1,4,2,1,10,10,4,15.130555555555555,27.280952380952378
4,1,1,1,2,2,1,4,8,3,13.097321428571428,27.151190476190475
8,1,1,7,1,1,1,1,8,9,16.88015873015873,26.497619047619047
3,1,1,1,2,2,1,2,4,9,13.009424603174603,26.923809523809524
5,1,1,2,2,1,1,6,8,3,12.98075396825397,26.872619047619047
5,8,1,1,7,2,1,6,8,7,25.09047619047619,27.320238095238096
5,1,1,1,2,1,8,6,8,7,12.303769841269842,26.92083333333333
4,1,1,1,3,3,1,10,8,4,15.204265873015874,27.35059523809524
4,1,1,1,1,10,1,6,8,4,20.07906746031746,26.92142857142857
2,1,1,2,3,3,3,7,8,1,16.19464285714286,27.252976190476193
2,1,1,1,2,4,1,4,8,2,15.091369047619049,27.254761904761903
2,1,1,1,2,2,1,10,2,9,13.21299603174603,27.222023809523808
2,1,1,1,2,2,1,10,8,3,13.205257936507937,27.235119047619047
7,1,1,1,2,2,1,10,8,2,13.180257936507937,27.228571428571428
3,1,1,1,1,2,1,3,1,3,12.058630952380952,26.616071428571427
4,1,1,1,2,2,1,10,4,2,13.180257936507937,27.228571428571428
2,8,6,1,2,1,1,5,6,3,24.112003968253966,26.85654761904762
4,1,1,1,2,2,1,10,10,3,13.205257936507937,27.235119047619047
4,1,1,1,3,3,1,7,2,9,15.101289682539683,27.26666666666667
4,1,1,1,2,2,1,4,8,4,13.097321428571428,27.151190476190475
3,1,1,1,1,2,8,10,8,9,12.14017857142857,26.85833333333333
7,1,1,1,1,1,1,10,5,3,11.079563492063492,26.58928571428571
5,1,1,1,2,2,1,10,8,9,13.205257936507937,27.235119047619047
3,1,1,1,1,2,1,10,5,3,12.029265873015873,26.85833333333333
5,1,1,1,2,1,1,10,3,9,12.16468253968254,26.807738095238097
7,1,1,1,2,2,1,10,8,9,13.205257936507937,27.235119047619047
2,1,1,1,2,3,1,3,8,3,14.120833333333334,27.219642857142855
4,1,1,1,2,2,1,10,8,5,13.205257936507937,27.235119047619047
2,1,7,1,2,2,10,10,2,4,19.366567460317462,27.238690476190477
3,1,6,1,2,2,1,4,8,5,18.09861111111111,27.155357142857145
2,1,1,1,2,2,1,10,8,3,13.205257936507937,27.235119047619047
2,1,1,1,2,2,1,10,8,3,13.205257936507937,27.235119047619047
4,1,1,1,2,2,1,10,8,9,13.205257936507937,27.235119047619047
5,1,5,1,2,3,1,10,8,5,18.1484126984127,27.232738095238098
4,1,9,1,3,3,1,7,8,9,23.1265873015873,27.24583333333333
7,1,1,4,3,2,3,10,9,4,17.075694444444444,27.314285714285717
2,1,1,1,2,1,1,6,8,7,12.130654761904761,26.92083333333333
4,10,1,1,2,1,3,10,10,3,21.34375,26.817857142857143
4,1,1,1,2,9,7,2,3,4,20.165972222222223,27.192857142857143
4,4,1,8,7,2,1,10,8,3,27.80386904761905,27.286904761904758
9,1,1,1,1,2,1,10,4,2,12.071527777777778,26.836309523809526
6,1,1,1,2,2,1,10,8,9,13.205257936507937,27.235119047619047
9,1,1,1,2,2,1,10,1,9,13.169047619047621,27.197023809523806
2,1,1,1,1,1,1,10,8,9,11.088789682539682,26.572023809523806
2,1,1,1,2,1,1,6,8,9,12.130654761904761,26.92083333333333
4,1,1,1,2,2,1,4,5,5,13.097321428571428,27.151190476190475
8,1,1,1,2,2,1,10,8,9,13.205257936507937,27.235119047619047
9,1,1,1,2,2,1,7,8,9,13.108234126984126,27.196428571428573
5,1,1,1,2,2,1,10,8,2,13.180257936507937,27.228571428571428
2,1,1,1,1,1,6,10,10,3,11.253968253968255,26.572023809523806
4,9,1,1,3,2,3,10,8,9,22.226388888888888,27.26904761904762
7,1,1,1,3,3,1,10,3,3,15.21547619047619,27.355357142857144
5,1,1,1,2,2,1,10,3,9,13.113095238095237,27.19940476190476
7,1,1,1,2,1,1,10,8,9,12.124801587301587,26.985714285714284
5,1,1,1,2,3,1,10,8,5,14.103174603174603,27.344047619047622
5,1,1,1,1,1,6,10,10,3,11.197321428571428,26.64166666666667
4,1,1,1,2,3,5,6,1,7,14.368154761904762,27.270833333333332
5,1,1,9,3,3,3,7,2,4,23.073015873015873,27.39345238095238
9,1,1,1,1,9,1,10,8,9,19.107738095238098,26.994642857142857
2,1,1,6,1,1,1,10,4,2,15.898809523809524,26.557738095238097
4,1,1,9,3,3,3,7,2,7,23.073015873015873,27.39345238095238
5,1,1,1,2,3,1,5,8,4,14.103769841269841,27.252976190476193
9,1,1,1,2,2,1,10,8,9,13.113095238095237,27.19940476190476
9,1,1,1,1,1,1,10,7,4,11.087896825396825,26.64166666666667
9,1,1,1,2,3,1,10,8,3,14.103174603174603,27.344047619047622
5,1,1,1,2,2,1,6,8,9,13.104067460317461,27.20952380952381
2,1,7,1,1,2,1,10,1,3,18.147817460317462,26.96011904761905
4,1,1,1,9,2,7,10,5,3,20.35763888888889,27.208333333333332
4,1,1,4,2,2,1,10,1,2,15.854761904761904,27.23333333333333
2,1,1,1,2,2,1,10,8,3,13.113095238095237,27.19940476190476
2,1,1,8,2,1,3,10,10,3,19.05843253968254,26.972023809523808
2,1,1,1,2,2,1,10,4,3,13.113095238095237,27.19940476190476
5,1,1,1,10,3,2,1,8,7,22.12906746031746,27.242261904761904
4,1,1,1,2,2,1,6,8,3,13.104365079365078,27.207738095238096
4,1,1,1,2,5,1,10,8,5,16.1859126984127,27.307142857142857
5,1,1,1,2,1,1,6,4,4,11.987896825396826,26.875
5,1,2,1,2,8,1,10,8,3,20.16061507936508,27.339880952380952
2,1,1,8,7,5,7,8,3,2,27.972519841269843,27.39166666666667
1,5,1,1,1,2,1,4,2,9,16.136111111111113,26.84583333333333
4,1,1,1,2,2,1,10,5,3,13.113095238095237,27.19940476190476
7,1,1,1,2,2,1,10,5,3,13.113095238095237,27.19940476190476
1,1,1,1,1,7,1,4,8,2,16.966765873015873,26.8125
4,1,7,1,3,1,1,6,8,9,19.12708333333333,26.98988095238095
8,1,1,1,2,2,5,10,4,4,13.322619047619048,27.19940476190476
2,1,1,1,2,2,1,10,2,9,13.113095238095237,27.19940476190476
4,1,1,1,2,2,1,4,8,3,13.075595238095238,27.192261904761903
4,1,1,1,2,2,1,4,8,2,13.075595238095238,27.192261904761903
2,1,1,1,2,2,1,10,3,4,13.113095238095237,27.19940476190476
5,1,1,1,2,3,1,10,2,4,14.103174603174603,27.344047619047622
4,4,1,1,3,3,3,7,8,9,18.205257936507937,27.3875
1,1,1,1,2,2,1,10,8,9,13.113095238095237,27.19940476190476
6,1,1,1,2,2,1,2,8,3,12.9796626984127,27.095238095238095
2,1,1,1,4,1,1,10,8,9,14.165277777777778,27.116666666666667
3,1,1,1,2,2,1,10,8,5,13.113095238095237,27.19940476190476
4,1,1,1,2,3,1,2,8,4,13.862103174603174,27.133928571428573
4,1,1,1,3,2,1,10,8,3,14.078373015873016,27.248809523809523
4,1,1,1,5,3,3,7,8,9,17.2375,27.401190476190475
4,3,8,1,7,2,1,4,2,9,27.013194444444444,27.371428571428574
9,1,7,1,2,1,1,6,8,4,18.047123015873016,26.901785714285715
4,1,1,1,1,1,6,1,10,3,10.995138888888889,25.99345238095238
2,1,1,1,4,2,1,10,8,3,15.117757936507937,27.285119047619048
4,6,6,1,2,2,1,10,8,2,23.08422619047619,27.270238095238096
4,10,9,1,2,2,1,2,6,2,29.935019841269842,27.00654761904762
4,5,1,8,7,5,7,10,1,3,31.864682539682537,27.30238095238095
2,1,1,1,1,9,3,7,2,4,19.2594246031746,26.90357142857143
4,1,1,1,3,1,1,10,9,9,13.065079365079365,26.936309523809523
5,1,2,8,7,5,7,1,10,3,29.01220238095238,27.320238095238096
4,1,1,1,1,1,7,8,3,2,11.283630952380951,26.538690476190474
2,8,1,1,3,2,3,1,8,6,21.077876984126984,26.923214285714284
7,1,8,1,2,9,3,10,10,3,27.26458333333333,27.229166666666668
9,1,1,1,1,1,1,10,7,4,11.114285714285714,26.52857142857143
9,1,1,1,2,2,1,10,8,9,13.124900793650792,27.23809523809524
5,1,1,1,2,3,1,7,2,4,14.134722222222223,27.20357142857143
4,1,1,1,2,1,3,10,8,9,12.275198412698412,26.87916666666667
2,1,7,1,2,2,1,10,8,3,19.08363095238095,27.270238095238096
2,1,1,1,1,1,1,10,8,9,11.114285714285714,26.52857142857143
9,1,1,1,2,2,1,10,7,3,13.124900793650792,27.23809523809524
9,1,1,1,1,1,1,10,4,9,11.114285714285714,26.52857142857143
6,1,1,5,2,2,1,4,8,2,16.8343253968254,27.188690476190477
9,1,1,1,1,2,1,10,4,2,12.121924603174602,26.814285714285717
4,5,1,1,3,3,3,7,2,4,19.22222222222222,27.27916666666667
4,1,1,8,7,5,7,2,3,2,27.955853174603174,27.282142857142855
7,10,1,1,1,1,6,10,10,3,20.13065476190476,26.499404761904763
5,5,1,1,2,7,1,4,8,2,22.10873015873016,27.16547619047619
7,1,3,1,2,2,1,2,8,3,15.040873015873014,27.004761904761903
6,10,1,1,3,2,8,10,8,9,23.24265873015873,27.201190476190476
8,1,1,1,2,2,1,8,3,2,13.123115079365078,27.235119047619047
5,1,10,4,7,5,7,10,4,5,33.02371031746032,27.30238095238095
4,1,1,1,2,2,1,10,4,3,13.124900793650792,27.23809523809524
8,1,1,1,2,3,1,10,8,3,14.183234126984127,27.285119047619048
4,1,9,1,5,3,3,7,8,9,25.338293650793652,27.21666666666667
4,3,1,1,3,3,3,9,5,9,17.24543650793651,27.22559523809524
4,1,1,8,2,2,1,10,9,3,19.939880952380953,27.259523809523806
4,1,1,1,1,2,1,10,4,10,12.121924603174602,26.814285714285717
4,1,1,1,3,3,3,7,2,4,15.217757936507937,27.289285714285718
4,1,1,1,5,3,3,7,2,4,17.297619047619047,27.219047619047622
2,5,1,1,1,4,1,9,2,3,18.0703373015873,26.90892857142857
2,1,1,1,2,1,1,6,8,4,12.13452380952381,26.85833333333333
4,1,1,1,1,1,1,10,1,3,11.10297619047619,26.54404761904762
3,1,1,1,1,1,6,10,8,9,11.20813492063492,26.52857142857143
4,1,1,1,9,3,1,10,2,3,21.130753968253966,27.2375
4,1,1,1,1,1,6,7,10,3,11.234424603174604,26.58511904761905
5,2,1,1,2,2,1,10,8,9,14.127777777777776,27.280952380952378
4,1,1,1,1,1,1,10,8,6,11.114285714285714,26.52857142857143
4,1,1,1,2,3,3,7,2,4,14.269742063492064,27.22797619047619
4,1,1,1,3,2,1,10,1,3,14.144642857142859,27.247619047619047
7,1,1,1,1,2,2,9,8,3,12.223412698412698,26.95059523809524
3,7,1,1,2,1,1,10,7,3,18.139186507936508,26.895238095238096
2,1,1,1,6,2,7,10,8,5,17.251785714285713,27.27440476190476
2,1,1,1,2,2,1,10,8,5,13.124900793650792,27.23809523809524
4,1,1,1,2,1,1,10,8,9,12.130059523809525,26.9125
5,1,1,1,3,3,3,7,2,4,15.21845238095238,27.327976190476193
5,1,1,1,5,1,1,6,8,9,15.071031746031746,27.03988095238095
1,1,1,1,1,1,1,10,8,7,11.109424603174602,26.569642857142856
3,6,1,1,9,2,1,10,5,3,25.121626984126983,27.255357142857143
4,1,1,8,7,2,1,10,1,3,24.83888888888889,27.289285714285718
4,3,1,1,5,3,3,10,8,9,19.34107142857143,27.267261904761902
5,1,1,1,2,2,7,7,8,9,13.303174603174602,27.23690476190476
1,1,1,1,2,2,1,10,8,4,13.092559523809523,27.21666666666667
2,1,1,4,2,2,1,10,8,4,15.993849206349205,27.18690476190476
7,1,1,1,3,2,3,10,4,3,14.26656746031746,27.372023809523807
3,1,1,1,1,1,1,10,8,9,11.109424603174602,26.569642857142856
9,1,1,1,2,2,1,10,8,10,13.092559523809523,27.21666666666667
2,1,1,1,1,1,1,10,7,6,11.109424603174602,26.569642857142856
9,1,1,1,1,2,3,7,2,4,12.259623015873014,26.89404761904762
5,1,1,1,7,3,1,10,4,2,19.138492063492063,27.26190476190476
4,1,1,1,2,2,1,10,8,3,13.092559523809523,27.21666666666667
2,1,1,1,2,3,1,10,8,3,14.137896825396826,27.317261904761903
9,1,1,1,1,3,3,9,5,9,13.250694444444445,26.974404761904758
4,7,1,1,3,1,1,10,7,4,19.09454365079365,27.02857142857143
6,4,1,1,1,1,1,10,8,3,14.084821428571427,26.585714285714282
4,1,1,1,3,3,1,10,10,3,15.14404761904762,27.273809523809526
3,1,1,1,1,1,1,10,4,3,11.109424603174602,26.569642857142856
7,1,1,1,4,1,8,10,7,4,14.255357142857141,26.998809523809523
4,1,5,1,3,3,3,2,8,3,19.17013888888889,27.267261904761902
1,1,3,1,2,2,1,9,5,9,15.184821428571428,27.23928571428571
2,1,1,1,8,2,1,10,8,5,19.125396825396827,27.255357142857143
3,4,1,1,1,1,6,10,1,3,14.218154761904762,26.585714285714282
6,1,1,1,1,1,1,10,8,3,11.109424603174602,26.569642857142856
1,1,1,1,2,2,1,10,10,3,13.092559523809523,27.21666666666667
7,1,1,1,2,1,1,6,4,6,12.094246031746032,26.926190476190477
5,1,1,1,2,2,1,10,8,9,13.092559523809523,27.21666666666667
1,1,1,1,1,2,1,10,5,3,12.14811507936508,26.895833333333332
3,1,1,7,1,2,1,10,5,3,17.842261904761905,26.968452380952378
1,1,1,1,1,2,1,10,8,5,12.14811507936508,26.895833333333332
9,1,1,1,2,2,1,10,5,3,13.092559523809523,27.21666666666667
9,1,1,1,2,2,1,3,8,9,13.129166666666666,27.072023809523806
5,1,1,1,5,6,1,10,7,4,20.186507936507937,27.35595238095238
5,1,2,8,7,5,7,8,3,2,28.99871031746032,27.35595238095238
4,1,1,1,1,1,6,1,10,3,11.054861111111112,25.89404761904762
1,1,1,1,1,1,6,10,10,3,11.240575396825397,26.569642857142856
5,1,1,1,2,2,1,10,8,3,13.092559523809523,27.21666666666667
5,1,2,8,7,5,7,8,2,4,28.99871031746032,27.35595238095238
4,1,1,1,2,3,3,7,3,2,14.27609126984127,27.370238095238097
2,1,1,1,2,2,1,2,3,2,12.834821428571427,27.09166666666667
4,5,1,8,7,5,7,10,8,3,31.999107142857145,27.35595238095238
2,10,1,1,3,3,1,10,8,3,24.116567460317462,27.273809523809526
4,1,1,1,6,3,1,10,8,3,18.12718253968254,27.282738095238095
4,1,1,1,1,2,1,10,4,10,12.14811507936508,26.895833333333332
4,1,1,1,1,1,4,1,10,6,11.05406746031746,25.89404761904762
2,1,1,1,1,2,1,10,5,3,12.136011904761904,26.87916666666667
3,1,1,1,2,2,1,10,8,3,13.089285714285714,27.2125
1,1,1,1,1,1,1,10,8,7,11.131349206349206,26.60297619047619
4,1,1,10,1,2,1,10,5,3,20.8734126984127,26.87916666666667
5,1,1,1,2,3,1,10,8,9,14.086904761904762,27.195238095238096
4,1,1,1,2,4,1,10,1,3,15.157638888888888,27.229761904761904
4,5,1,8,7,4,7,2,9,2,30.931646825396825,27.383928571428573
4,1,1,1,3,3,3,7,3,2,15.30376984126984,27.192261904761903
2,3,1,1,2,2,1,10,4,8,15.085416666666665,27.2125
3,1,1,1,1,1,1,10,8,3,11.131349206349206,26.60297619047619
3,1,1,1,1,1,1,10,3,9,11.131349206349206,26.60297619047619
7,1,1,1,5,2,1,10,8,9,16.097619047619048,27.26607142857143
2,1,1,1,2,2,1,9,8,9,13.095634920634922,27.263690476190476
3,1,1,1,2,1,3,10,10,3,12.379265873015873,26.873214285714283
4,1,9,1,3,3,3,10,4,9,23.208035714285714,27.30178571428571
7,1,1,1,2,2,1,7,9,4,13.039781746031746,27.213690476190475
2,1,1,1,2,9,3,7,2,4,20.23174603174603,27.1375
4,1,1,1,3,3,1,9,8,2,15.158234126984127,27.319642857142856
5,1,7,1,2,3,3,10,8,7,20.237103174603174,27.172619047619047
5,1,1,1,7,2,6,6,8,9,18.27549603174603,27.26011904761905
5,1,1,1,1,1,6,6,8,4,11.17361111111111,26.420238095238098
2,1,1,1,2,3,8,10,8,9,14.24156746031746,27.195238095238096
5,1,1,1,2,1,1,3,1,3,11.983630952380953,26.73988095238095
3,1,1,1,1,5,1,10,8,9,15.159821428571428,26.963690476190475
2,1,1,1,2,2,1,10,10,3,13.089285714285714,27.2125
10,1,1,1,1,1,9,10,8,3,11.28561507936508,26.60297619047619
5,10,1,1,2,1,1,10,1,3,21.151190476190475,26.854761904761904
4,1,1,1,2,2,1,6,4,4,13.059126984126985,27.258928571428573
4,1,1,1,2,2,1,10,3,9,13.089285714285714,27.2125
3,7,1,1,2,2,2,9,8,9,19.166170634920636,27.277380952380952
3,1,1,1,2,10,1,2,8,3,20.974801587301588,27.19821428571429
6,1,5,1,2,2,1,2,3,2,16.9093253968254,27.030357142857145
4,1,4,1,1,10,1,10,7,3,23.100694444444446,26.889285714285716
9,6,1,1,4,3,3,7,2,4,21.24593253968254,27.354761904761904
6,1,5,2,1,3,1,6,8,3,17.93263888888889,26.93690476190476
4,1,1,4,3,1,1,10,10,3,15.908333333333335,26.944642857142856
5,1,5,1,1,2,1,10,5,3,16.13174603174603,26.866666666666667
1,1,1,1,2,3,1,10,8,9,14.086904761904762,27.195238095238096
2,1,1,1,1,3,3,7,2,4,13.138789682539684,26.934523809523807
4,1,1,1,2,2,1,2,3,2,13.00952380952381,27.07559523809524
4,1,1,1,2,3,1,10,8,9,14.086904761904762,27.195238095238096
4,1,1,1,3,3,3,9,5,3,15.330853174603174,27.30833333333333
4,1,1,1,3,1,1,6,8,4,13.198015873015873,26.978571428571428
2,1,1,1,1,3,3,7,2,4,13.138789682539684,26.934523809523807
2,1,1,1,2,2,1,10,8,2,13.133928571428573,27.176785714285717
4,5,1,8,7,5,7,2,3,3,31.872420634920633,27.367857142857144
4,1,1,1,1,1,6,1,10,2,11.03204365079365,25.88154761904762
9,1,1,1,1,2,1,10,4,3,12.136011904761904,26.87916666666667
1,1,1,1,3,3,3,7,2,4,15.30376984126984,27.192261904761903
4,1,1,1,2,2,1,10,8,3,13.089285714285714,27.2125
7,1,1,7,1,1,1,10,10,3,16.79375,26.52202380952381
6,1,1,1,3,2,3,10,8,9,14.219642857142858,27.311309523809523
2,1,10,1,2,2,1,10,5,3,22.08373015873016,27.18690476190476
7,1,1,1,3,2,1,10,8,9,14.089087301587302,27.311309523809523
8,1,1,1,3,2,3,10,8,9,14.219642857142858,27.311309523809523
9,1,1,1,2,2,1,10,4,9,13.086805555555554,27.196428571428573
2,1,1,1,2,1,3,10,10,3,12.199702380952381,26.857738095238098
2,1,1,1,2,2,1,10,8,5,13.086805555555554,27.196428571428573
9,1,5,1,5,3,3,7,8,9,21.29325396825397,27.35238095238095
4,3,1,1,1,1,6,10,10,4,13.24404761904762,26.56309523809524
2,1,1,1,7,3,3,7,8,9,19.267261904761902,27.35595238095238
4,3,1,1,2,1,1,6,8,7,14.095634920634922,26.823809523809523
5,1,1,1,2,8,1,3,1,3,19.04156746031746,27.155952380952378
5,1,1,1,2,2,1,6,8,7,13.115079365079364,27.120238095238097
10,1,1,1,2,1,1,10,8,9,12.095535714285713,26.857738095238098
5,8,1,1,2,3,1,3,1,3,21.009027777777778,27.123809523809523
4,1,1,9,2,3,1,10,8,9,21.731051587301586,27.27857142857143
5,1,1,1,3,3,3,7,2,4,15.238392857142859,27.242857142857144
9,1,1,1,2,2,1,10,1,3,13.124404761904762,27.21011904761905
4,1,1,1,1,2,1,10,4,2,12.122718253968253,26.963095238095242
4,3,1,1,5,3,3,7,8,9,19.267063492063492,27.32857142857143
7,1,1,1,3,2,1,10,8,9,14.089087301587302,27.311309523809523
6,1,1,1,1,1,1,10,1,3,11.085218253968254,26.577380952380953
4,1,7,1,2,2,1,10,7,4,19.08363095238095,27.18690476190476
5,1,1,1,2,10,1,10,8,9,21.15248015873016,27.22678571428571
9,1,1,1,5,2,1,6,8,3,16.03472222222222,27.20654761904762
1,1,1,1,1,9,6,1,8,3,18.929067460317462,26.558928571428574
2,1,1,1,2,2,1,10,10,3,13.086805555555554,27.196428571428573
9,1,1,1,1,1,1,10,8,9,11.114285714285714,26.585714285714282
3,6,1,1,1,2,7,10,4,2,17.29295634920635,26.961309523809526
4,3,1,1,1,1,7,1,10,10,13.168353174603174,25.910714285714285
4,1,1,1,5,3,3,7,8,9,17.2625,27.33095238095238
6,1,1,1,3,3,3,7,2,4,15.238392857142859,27.242857142857144
4,1,1,1,1,1,1,10,10,3,11.077083333333333,26.594642857142855
4,1,1,1,3,3,1,10,8,3,15.123511904761903,27.310119047619047
7,1,1,1,3,3,3,7,2,4,15.238392857142859,27.242857142857144
1,1,1,1,1,1,6,1,10,3,11.162599206349206,26.03333333333333
4,1,1,1,1,2,1,10,5,3,12.099404761904761,26.967857142857145
4,4,1,1,3,3,9,9,8,3,18.291170634920636,27.245238095238097
3,1,1,1,7,1,6,10,5,9,17.245535714285715,26.964880952380952
3,1,1,1,1,1,1,10,8,9,11.114285714285714,26.585714285714282
4,1,1,1,1,1,6,10,1,3,11.25545634920635,26.585714285714282
6,1,1,1,2,2,1,2,8,3,13.037996031746033,27.02857142857143
6,1,1,1,4,2,10,2,8,3,15.049305555555554,27.088690476190475
5,1,1,1,5,3,10,7,8,9,17.26517857142857,27.33095238095238
4,3,1,1,1,1,6,10,9,3,13.24404761904762,26.56309523809524
3,1,1,8,2,2,1,10,8,9,19.906845238095237,27.202976190476193
2,1,1,1,2,2,1,9,8,9,13.160912698412698,27.24821428571429
2,1,1,1,2,2,1,8,3,2,13.161805555555555,27.24345238095238
5,1,2,8,7,5,7,10,8,1,28.969444444444445,27.364285714285717
4,1,1,1,2,1,1,6,2,3,12.126388888888888,26.906547619047622
2,1,1,1,2,2,1,10,8,1,13.152083333333334,27.217857142857145
9,1,1,1,1,1,6,10,6,3,11.158630952380951,26.558928571428574
5,1,1,1,1,1,1,10,7,3,11.082341269841269,26.558928571428574
2,6,4,1,2,2,8,10,4,9,21.220734126984127,27.347023809523808
8,1,1,1,2,2,1,10,8,2,13.123710317460317,27.33154761904762
4,1,1,1,3,1,6,10,10,3,13.23829365079365,26.976785714285718
9,1,1,1,1,3,1,10,8,3,13.098214285714286,26.926190476190477
4,1,1,1,1,5,6,1,8,7,15.086607142857142,26.53333333333333
5,1,1,4,2,6,1,6,5,3,19.946626984126986,27.313690476190477
1,2,1,1,3,2,1,4,1,3,15.136805555555554,27.24404761904762
1,9,1,1,1,2,1,10,5,3,20.134920634920636,26.849404761904758
9,1,1,1,2,2,1,9,8,9,13.133134920634921,27.307738095238097
3,1,1,1,1,1,6,10,10,3,11.158630952380951,26.558928571428574
5,1,1,1,2,1,1,6,4,4,12.122718253968253,26.930357142857144
5,1,1,1,9,1,1,3,1,3,19.081646825396824,26.875
4,1,1,1,1,1,1,10,8,4,11.082341269841269,26.558928571428574
9,1,1,1,1,1,1,10,7,9,11.082341269841269,26.558928571428574
3,6,1,1,3,3,3,7,10,8,20.32767857142857,27.251785714285717
4,1,1,1,1,1,6,10,1,3,11.158630952380951,26.558928571428574
6,1,1,1,2,2,1,2,3,2,13.012599206349208,26.89345238095238
2,1,1,1,2,4,1,2,8,2,14.974007936507936,27.15
2,1,1,1,2,2,1,6,4,4,13.142956349206349,27.289285714285718
5,1,1,1,2,1,1,10,8,2,12.167857142857143,26.864285714285717
4,1,1,1,2,2,1,10,3,3,13.12718253968254,27.35892857142857
4,1,1,1,2,1,1,6,10,4,12.122718253968253,26.930357142857144
9,1,1,1,2,2,3,7,2,4,13.37202380952381,27.215476190476192
4,1,1,1,3,3,1,10,8,9,15.161011904761903,27.30833333333333
7,1,1,1,2,1,1,6,8,7,12.122718253968253,26.930357142857144
5,1,1,1,2,2,1,5,8,2,13.156646825396825,27.298214285714284
3,1,1,1,2,2,1,10,8,3,13.12718253968254,27.35892857142857
4,1,1,1,1,1,1,10,8,9,11.082341269841269,26.558928571428574
4,2,4,1,10,3,1,1,8,4,25.902678571428574,27.240476190476194
4,1,1,1,1,1,1,10,8,9,11.082341269841269,26.558928571428574
6,1,1,1,1,1,1,10,10,3,11.082341269841269,26.558928571428574
9,10,7,1,1,1,6,10,10,3,26.156150793650795,26.558928571428574
5,1,2,8,7,5,7,8,3,2,29.034623015873017,27.265476190476193
6,1,1,1,1,2,1,10,10,3,12.160218253968253,26.803571428571427
2,1,1,1,2,1,1,8,8,7,12.183432539682538,26.876785714285717
5,1,1,1,2,10,1,8,3,1,21.139285714285712,27.24345238095238
9,1,1,1,2,1,2,10,2,3,12.270932539682539,26.872023809523807
2,1,6,1,1,2,1,10,4,2,17.138988095238098,26.883333333333333
5,1,1,1,1,1,1,10,7,3,11.082341269841269,26.558928571428574
9,9,1,1,1,1,9,10,10,3,19.15615079365079,26.558928571428574
4,1,1,1,2,3,3,7,8,9,14.27450396825397,27.3375
4,3,1,1,5,3,1,3,8,3,19.03611111111111,27.2625
1,1,1,1,2,2,1,10,8,9,13.12718253968254,27.35892857142857
2,1,1,1,1,2,1,10,5,3,12.160218253968253,26.803571428571427
4,1,1,1,2,2,1,10,8,2,13.123710317460317,27.33154761904762
9,1,3,1,6,2,1,10,4,3,19.129761904761903,27.275595238095235
9,1,1,1,1,1,1,10,3,2,11.069345238095238,26.570833333333333
9,1,1,1,1,9,1,10,4,2,19.0719246031746,26.96666666666667
4,1,1,1,3,3,3,7,2,4,15.282837301587302,27.284523809523808
5,3,1,1,2,2,1,6,8,3,15.099503968253966,27.099404761904758
6,1,1,1,2,2,8,10,8,3,13.341765873015873,27.25
2,1,1,1,9,2,1,2,8,3,20.07986111111111,27.117857142857144
5,1,1,1,2,2,1,10,8,3,13.132539682539683,27.25
3,1,1,1,2,2,1,10,7,9,13.132539682539683,27.25
4,1,1,1,1,1,1,6,7,4,11.076289682539683,26.425
9,1,1,1,3,3,3,7,2,4,15.282837301587302,27.284523809523808
9,1,1,1,1,9,1,10,4,9,19.0719246031746,26.96666666666667
8,1,1,1,2,2,1,10,4,2,13.139880952380953,27.29345238095238
5,1,1,1,1,1,3,10,3,9,11.178174603174602,26.570833333333333
7,1,1,1,2,1,3,10,10,3,12.255952380952381,26.86904761904762
4,1,1,7,3,2,3,10,8,9,19.965575396825397,27.322023809523806
7,1,1,1,3,3,3,9,5,9,15.214682539682538,27.292261904761904
2,1,1,5,2,2,1,10,8,3,16.947321428571428,27.211309523809526
1,1,1,1,2,2,1,10,8,3,13.132539682539683,27.25
5,1,1,1,2,1,1,2,6,9,12.022916666666667,26.62083333333333
4,1,1,1,1,1,1,10,8,3,11.069345238095238,26.570833333333333
1,1,3,4,2,2,3,3,5,9,18.07986111111111,27.083928571428572
7,1,10,1,3,10,1,10,8,3,31.192857142857143,27.386309523809523
5,1,1,6,7,5,7,5,3,7,26.047718253968252,27.36190476190476
4,5,10,1,2,2,1,6,8,3,26.098313492063493,27.08452380952381
2,1,1,1,2,2,1,10,1,3,13.162599206349205,27.223214285714285
4,1,1,1,2,2,1,10,8,3,13.132539682539683,27.25
7,4,1,1,2,4,1,10,8,9,18.13531746031746,27.347619047619048
9,7,1,1,2,2,1,10,3,9,19.130357142857143,27.25
1,1,1,10,2,2,6,10,9,9,21.953075396825398,27.284523809523808
7,1,1,1,2,2,1,10,8,3,13.132539682539683,27.25
1,1,1,8,7,5,7,8,3,2,28.0218253968254,27.367857142857144
5,1,1,1,10,4,1,10,1,3,23.107242063492063,27.33452380952381
2,5,1,1,3,3,3,7,10,3,19.285218253968253,27.291666666666668
9,1,1,1,1,1,6,10,2,4,11.180555555555555,26.570833333333333
3,1,1,1,2,2,1,8,3,9,13.162698412698413,27.298214285714288
7,7,4,1,2,2,1,9,8,9,22.12281746031746,27.22797619047619
5,1,1,1,2,1,1,6,8,3,11.983829365079364,26.75
5,9,1,1,2,1,1,3,1,7,20.156150793650795,26.719047619047622
5,1,1,1,2,2,1,10,8,9,13.132539682539683,27.25
5,1,1,1,2,2,1,6,8,3,13.09375,27.09583333333333
5,1,1,1,2,1,1,10,4,3,12.166765873015873,26.86904761904762
3,1,1,1,1,1,6,3,1,6,11.221527777777776,26.35833333333333
4,5,1,1,2,2,1,1,8,6,16.972420634920635,26.929166666666667
5,8,1,8,7,5,7,2,3,2,35.0218253968254,27.36190476190476
2,4,1,1,2,2,1,8,8,2,16.161011904761903,27.298214285714288
2,1,1,1,2,2,1,6,8,3,13.09375,27.09583333333333
3,1,1,1,1,1,1,10,4,9,11.069345238095238,26.570833333333333
5,1,1,1,2,2,1,10,8,3,13.132539682539683,27.25
2,1,1,1,1,1,1,6,8,3,11.076289682539683,26.425
5,1,1,1,2,2,1,4,8,9,13.105257936507936,27.1375
5,1,1,8,2,2,1,9,5,9,19.751785714285713,27.24583333333333
4,1,8,1,3,3,3,5,8,9,22.313095238095237,27.314880952380953
5,1,1,1,2,2,1,10,7,10,13.21279761904762,27.16845238095238
9,1,1,1,1,8,4,10,8,9,18.30089285714286,26.942857142857143
9,1,1,1,3,1,1,10,8,9,13.135813492063491,26.902380952380952
9,10,1,1,1,1,3,10,7,4,20.182837301587302,26.523809523809526
5,1,1,1,9,3,1,4,8,6,21.106150793650794,27.288095238095234
7,1,1,1,2,2,1,10,8,9,13.21279761904762,27.16845238095238
2,1,1,1,2,2,1,2,2,9,13.011607142857141,27.04940476190476
7,1,1,1,6,1,1,10,3,2,16.18313492063492,26.89404761904762
4,1,9,4,1,10,8,10,10,3,31.139285714285716,26.951190476190476
2,1,1,1,2,1,3,10,4,10,12.332936507936507,26.97559523809524
4,1,1,1,2,1,1,6,8,3,12.093154761904762,26.882142857142856
5,7,1,1,2,1,1,6,3,9,18.094642857142855,26.923214285714284
4,1,1,1,3,3,1,10,4,3,15.106944444444446,27.340476190476192
3,1,1,6,1,1,1,10,8,3,15.877777777777776,26.64702380952381
8,1,1,4,2,2,1,2,3,2,15.914285714285715,27.126190476190477
5,1,1,1,2,2,1,10,4,9,13.21279761904762,27.16845238095238
2,1,1,1,2,4,10,10,8,9,15.313690476190477,27.222023809523808
1,1,1,1,2,2,4,10,8,3,13.361309523809524,27.16845238095238
4,1,1,1,2,1,1,10,1,3,12.11706349206349,26.976785714285718
4,1,1,1,4,2,1,10,8,3,15.199007936507936,27.32261904761905
9,1,1,1,1,1,6,1,8,9,11.202480158730157,25.935714285714283
7,1,1,1,3,2,3,10,2,3,14.25218253968254,27.284523809523808
2,1,1,1,1,1,1,10,8,3,11.067757936507936,26.523809523809526
2,1,1,1,2,1,3,10,10,9,12.332936507936507,26.97559523809524
3,1,1,1,1,1,1,10,4,2,11.036507936507936,26.573214285714283
9,6,1,1,1,2,1,4,8,9,17.05,26.825
7,1,1,1,2,2,1,4,8,2,13.074007936507936,27.125595238095237
5,1,1,1,2,3,1,10,8,9,14.136210317460316,27.179166666666667
4,1,1,1,3,9,1,6,8,7,21.140376984126984,27.317857142857143
5,1,1,1,2,1,3,7,2,4,12.174404761904762,26.867261904761904
4,1,1,1,2,3,1,10,8,3,14.136210317460316,27.179166666666667
2,1,1,1,3,9,3,7,4,4,21.255753968253966,27.324404761904766
5,1,1,1,2,1,1,9,4,4,12.188690476190477,27.011309523809523
5,1,1,1,2,1,1,6,8,7,12.093154761904762,26.882142857142856
5,1,1,1,2,7,1,6,4,3,18.161309523809525,27.254761904761903
4,1,1,1,3,1,1,10,8,4,13.135813492063491,26.902380952380952
8,1,1,1,2,2,1,10,8,3,13.21279761904762,27.16845238095238
2,1,1,6,2,2,1,10,4,9,17.844345238095237,27.265476190476193
4,5,1,8,7,5,7,2,8,5,31.87628968253968,27.269642857142856
2,1,1,1,2,2,1,10,3,2,13.188789682539683,27.142261904761902
4,1,1,6,3,3,6,10,3,9,20.000396825396827,27.347619047619048
7,1,1,1,2,2,1,10,8,3,13.21279761904762,27.16845238095238
5,1,2,8,7,5,7,8,8,3,28.88184523809524,27.269642857142856
4,1,1,1,2,2,1,10,3,2,13.188789682539683,27.142261904761902
4,5,1,1,2,1,1,6,4,4,16.094444444444445,26.923214285714284
5,1,1,8,7,5,7,2,3,2,27.87291666666667,27.269642857142856
4,1,1,1,3,3,1,7,2,4,15.056646825396825,27.26904761904762
8,1,1,1,2,2,1,10,1,3,13.16140873015873,27.22142857142857
5,1,1,1,2,1,1,6,7,2,12.112103174603174,26.82440476190476
7,2,1,1,2,2,1,4,8,3,14.103472222222223,27.122619047619047
2,1,1,1,1,1,1,3,1,3,11.155654761904762,26.422023809523807
5,1,5,7,2,1,1,10,8,9,21.753571428571426,26.89940476190476
9,1,1,1,2,2,1,10,2,4,13.113888888888889,27.196428571428573
4,1,1,6,3,3,3,7,2,9,20.032738095238095,27.369642857142857
6,8,1,1,1,1,9,10,8,9,18.170436507936508,26.553571428571427
2,2,1,1,3,2,1,2,8,10,15.096130952380951,27.08928571428571
6,1,1,1,1,1,1,10,4,3,11.065079365079365,26.553571428571427
3,1,1,1,4,1,6,1,10,3,14.127777777777776,26.660714285714285
3,1,2,8,7,5,1,10,9,2,28.83690476190476,27.339880952380952
3,1,1,1,1,1,7,8,3,2,11.254166666666666,26.508928571428573
2,1,1,1,1,2,9,10,8,3,12.24454365079365,26.929166666666667
2,2,1,1,1,1,1,10,8,9,12.064087301587302,26.553571428571427
5,1,1,1,2,1,1,6,8,4,12.112103174603174,26.82440476190476
4,1,2,1,2,1,1,6,8,7,13.14126984126984,26.795238095238098
4,1,1,10,2,2,1,10,3,9,21.784821428571426,27.277380952380952
3,1,1,1,2,2,1,9,8,9,13.205753968253967,27.261309523809523
5,1,1,1,7,1,1,3,8,3,17.038194444444446,26.79940476190476
6,1,1,1,2,2,1,2,1,3,13.038789682539683,27.041666666666668
7,1,1,1,1,1,6,10,10,3,11.1734126984127,26.553571428571427
5,1,1,1,3,2,3,10,8,9,14.272321428571427,27.281547619047622
3,1,1,1,1,1,6,10,4,5,11.1734126984127,26.553571428571427
9,1,1,1,1,2,1,10,1,3,12.158035714285713,26.867261904761904
2,1,1,7,2,2,10,2,3,2,18.976884920634923,27.201190476190476
9,1,1,1,2,2,1,10,8,9,13.133829365079364,27.24345238095238
5,1,6,1,2,1,1,6,3,3,17.143353174603174,26.810714285714283
4,1,1,1,2,9,1,10,4,4,20.155853174603173,27.325
4,1,1,1,1,1,1,10,7,4,11.065079365079365,26.553571428571427
9,1,1,4,3,3,1,10,8,9,17.924603174603174,27.38690476190476
5,1,4,1,1,1,1,10,4,10,14.06279761904762,26.553571428571427
4,1,1,1,1,2,1,10,8,9,12.128373015873015,26.929166666666667
8,1,1,1,1,1,10,10,7,3,11.1734126984127,26.553571428571427
9,1,1,2,3,3,3,7,2,4,16.263789682539684,27.34166666666667
5,1,1,1,1,2,1,10,4,9,12.128373015873015,26.929166666666667
5,1,1,1,2,3,1,10,8,10,14.213392857142859,27.25416666666667
3,1,1,1,2,1,1,6,7,4,12.112103174603174,26.82440476190476
5,1,1,1,1,1,10,10,4,2,11.1734126984127,26.553571428571427
6,1,1,1,8,2,1,10,10,9,19.161507936507938,27.285714285714285
6,1,1,1,2,4,8,2,8,3,15.118849206349205,27.099404761904765
5,1,1,1,2,2,1,10,3,9,13.133829365079364,27.24345238095238
4,1,1,1,2,9,1,10,8,9,20.153769841269842,27.307142857142857
9,7,1,1,2,2,1,2,8,3,19.022321428571427,26.96011904761905
4,1,1,1,1,2,1,10,4,10,12.128373015873015,26.929166666666667
10,1,1,1,1,1,1,10,7,3,11.065079365079365,26.553571428571427
6,1,8,8,7,5,7,8,3,2,34.96666666666667,27.321428571428573
4,1,1,1,2,6,1,10,8,7,17.179365079365077,27.304166666666667
5,1,3,1,2,1,1,6,3,3,14.144345238095237,26.810714285714283
3,1,1,1,10,3,2,7,9,4,22.20376984126984,27.311309523809523
4,1,1,1,2,8,1,6,8,1,19.020238095238096,27.186309523809523
9,1,1,1,1,2,1,10,4,10,12.108829365079364,26.839285714285715
4,1,1,1,1,8,1,10,1,4,18.15109126984127,26.98809523809524
3,1,1,1,1,1,1,10,8,3,11.078670634920636,26.619642857142857
2,1,1,1,2,2,1,10,4,2,13.226984126984126,27.286309523809525
4,9,1,10,2,1,5,6,8,9,28.930853174603175,26.97678571428571
3,1,1,1,1,1,1,10,8,9,11.078670634920636,26.619642857142857
5,1,1,1,2,2,7,6,8,3,13.251587301587302,27.183928571428574
5,1,1,1,1,1,6,10,10,3,11.207142857142857,26.619642857142857
2,1,1,1,3,3,3,9,2,4,15.224900793650795,27.30595238095238
4,1,1,1,2,2,1,2,3,2,12.927182539682539,26.97321428571429
9,1,1,1,2,2,1,4,8,2,13.10763888888889,27.139285714285716
7,1,1,1,1,1,1,10,7,4,11.078670634920636,26.619642857142857
5,1,1,1,2,2,7,8,9,2,13.330952380952379,27.161904761904758
5,1,2,8,7,5,1,10,8,9,28.82400793650794,27.2875
3,1,1,1,1,1,1,10,8,3,11.078670634920636,26.619642857142857
4,1,1,1,3,3,1,10,8,9,15.032638888888888,27.30833333333333
4,1,1,1,3,3,1,7,2,4,15.179365079365079,27.291071428571428
4,1,1,1,3,3,3,10,8,3,15.194345238095238,27.30833333333333
4,1,1,1,1,6,1,10,8,2,16.082341269841272,26.922023809523807
4,1,9,1,2,2,3,10,8,3,21.33730158730159,27.309523809523807
3,1,1,1,1,2,1,10,8,9,12.108829365079364,26.839285714285715
4,7,1,1,1,1,1,10,5,3,17.101785714285715,26.616666666666667
3,1,1,1,7,1,1,10,4,2,17.155853174603173,26.964285714285715
1,1,1,1,2,2,1,10,8,9,13.208333333333334,27.323214285714283
4,1,1,1,3,3,3,7,8,1,15.340972222222224,27.30833333333333
3,1,1,1,9,1,1,10,2,4,19.141765873015874,26.883928571428573
5,1,1,1,1,1,1,10,7,4,11.078670634920636,26.619642857142857
9,1,1,1,1,1,6,10,10,3,11.207142857142857,26.619642857142857
3,1,1,1,5,1,1,10,4,3,15.149404761904762,27.014880952380953
3,1,1,1,2,2,1,9,8,9,13.195634920634921,27.279761904761905
6,1,1,1,5,1,1,10,8,9,15.149404761904762,27.014880952380953
3,1,3,1,7,1,1,10,10,3,19.15704365079365,26.9375
5,1,1,1,2,1,7,2,3,2,12.163888888888888,26.530952380952378
4,5,1,8,5,5,1,3,1,6,29.689186507936505,27.30654761904762
2,1,2,1,2,2,1,10,8,3,14.202380952380953,27.301785714285717
1,1,1,1,2,2,1,10,8,3,13.208333333333334,27.323214285714283
2,1,9,1,2,2,1,10,8,3,21.21646825396825,27.309523809523807
4,1,1,1,3,3,1,10,8,3,15.032638888888888,27.30833333333333
2,1,1,1,2,2,1,4,8,2,13.10763888888889,27.139285714285716
4,1,3,1,2,1,6,10,10,3,14.2390873015873,26.916071428571428
2,1,1,1,2,2,1,10,8,3,13.208333333333334,27.323214285714283
1,1,1,1,2,2,1,10,9,3,13.208333333333334,27.323214285714283
7,1,9,1,2,2,1,10,4,2,21.224603174603175,27.286309523809525
9,1,1,1,1,2,1,4,8,2,12.096031746031745,26.655357142857145
5,1,2,8,2,3,1,10,8,3,21.858234126984126,27.327976190476193
4,1,1,1,7,5,7,8,5,2,21.20545634920635,27.303571428571427
5,10,1,1,2,1,1,6,4,3,21.148611111111112,26.723214285714285
4,1,1,1,1,1,6,4,10,4,11.192857142857143,26.32440476190476
6,1,1,1,2,1,1,6,8,3,12.11954365079365,26.74940476190476
5,1,1,1,2,2,1,2,8,3,12.936607142857142,26.969642857142855
3,1,7,1,1,2,5,10,5,4,18.233234126984126,26.876785714285717
4,1,1,1,3,3,3,7,2,3,15.260119047619048,27.284523809523808
3,1,1,1,1,1,1,10,5,3,11.160119047619048,26.636309523809523
1,1,1,1,2,2,1,9,8,9,13.092857142857142,27.18095238095238
4,1,7,1,6,1,10,6,4,4,22.24890873015873,26.961309523809526
5,1,1,1,2,3,1,10,8,3,14.123710317460317,27.28333333333333
5,1,1,1,1,1,1,10,8,3,11.160119047619048,26.636309523809523
4,1,1,1,2,3,1,10,8,9,14.123710317460317,27.28333333333333
5,5,3,1,2,2,1,10,8,9,19.116071428571427,27.26607142857143
9,1,1,1,2,3,1,6,8,3,14.145932539682539,27.20595238095238
5,1,1,1,2,1,1,6,8,7,12.105158730158731,26.835714285714282
5,1,8,1,1,1,6,10,10,3,18.30734126984127,26.67738095238095
4,1,1,2,2,1,3,10,10,3,13.18154761904762,26.81190476190476
2,1,1,1,1,1,2,1,10,3,11.094642857142857,25.907142857142855
5,1,1,1,6,4,1,10,9,10,19.181448412698412,27.42440476190476
7,5,1,1,2,7,1,10,8,3,22.18521825396825,27.267857142857146
1,1,1,1,1,1,1,10,8,9,11.160119047619048,26.636309523809523
3,1,1,1,2,1,10,10,8,9,12.3015873015873,26.89404761904762
1,1,1,5,2,2,1,10,8,1,16.899900793650794,27.23809523809524
2,1,1,3,1,2,1,10,5,3,13.953968253968252,26.838095238095242
10,1,1,1,1,2,1,10,4,2,12.119345238095239,26.869642857142857
9,1,1,1,1,1,6,1,10,10,11.09126984126984,25.933928571428574
4,1,1,1,3,6,1,10,3,2,18.142460317460316,27.36309523809524
7,9,1,1,2,2,3,10,8,3,21.284623015873017,27.26607142857143
6,1,8,1,3,2,3,10,5,3,21.235416666666666,27.326785714285716
6,1,2,1,1,5,1,9,5,9,16.14265873015873,27.036904761904758
9,1,1,1,2,2,1,10,3,9,13.118849206349207,27.26904761904762
7,1,1,1,2,2,1,10,3,9,13.118849206349207,27.26904761904762
7,1,1,1,1,1,4,1,10,3,11.089880952380952,25.933928571428574
4,1,1,1,2,2,1,4,8,2,13.055555555555554,27.10595238095238
2,1,1,1,6,2,1,10,4,10,17.099107142857143,27.347023809523808
4,1,1,1,1,2,1,10,8,5,12.08204365079365,26.876785714285717
5,1,1,1,2,2,1,9,5,9,13.092857142857142,27.18095238095238
4,1,1,8,8,3,3,6,8,3,27.044742063492066,27.367261904761904
5,1,1,1,2,2,1,6,8,3,13.074801587301588,27.303571428571427
4,6,1,8,7,5,7,2,3,2,32.946329365079364,27.407738095238095
5,1,1,1,1,1,7,10,10,3,11.314285714285713,26.636309523809523
6,1,1,1,2,1,1,6,4,4,12.105158730158731,26.835714285714282
4,1,1,1,7,5,7,8,3,2,21.261011904761904,27.401190476190475
5,1,2,8,2,3,1,10,8,3,21.80079365079365,27.298214285714284
3,1,1,1,1,3,3,7,2,4,13.2953373015873,27.00595238095238
4,1,1,1,1,1,1,10,8,3,11.160119047619048,26.636309523809523
3,2,1,1,1,1,6,1,10,3,12.115376984126984,25.975
4,1,1,1,2,2,1,1,8,2,12.813492063492063,26.90892857142857
9,1,1,1,6,1,1,10,8,3,16.121329365079365,26.859523809523807
3,1,1,1,1,1,1,10,7,4,11.160119047619048,26.636309523809523
5,1,1,1,1,1,1,3,5,3,11.086210317460317,26.2
3,1,1,1,1,2,1,10,7,4,12.08204365079365,26.876785714285717
4,1,1,1,1,1,1,10,8,9,11.160119047619048,26.636309523809523
2,1,1,1,3,1,1,10,8,9,13.13452380952381,26.952976190476193
4,1,1,1,3,3,8,10,8,9,15.323710317460316,27.273809523809526
2,1,1,1,2,2,7,10,8,3,13.248214285714287,27.270238095238096
5,1,1,1,2,2,1,4,8,2,13.045833333333334,27.145238095238096
7,1,1,1,1,1,1,3,5,3,11.101785714285715,26.225
2,1,1,1,1,1,1,10,8,3,11.1359126984127,26.577976190476193
1,1,1,1,2,4,1,6,8,3,15.104563492063491,27.295238095238098
4,1,1,1,2,1,1,10,8,9,12.136408730158731,26.925
2,1,1,1,1,1,1,6,8,5,11.113492063492064,26.488690476190477
3,1,1,1,2,1,1,6,8,7,12.131349206349206,26.85
4,1,5,1,1,1,1,10,4,2,15.115674603174602,26.554761904761904
4,1,1,1,1,1,1,10,8,9,11.1359126984127,26.577976190476193
2,1,1,1,1,6,1,10,4,10,16.175694444444446,26.996428571428574
1,1,1,1,7,1,1,10,4,3,17.15535714285714,26.934523809523807
3,1,1,1,2,2,1,10,8,3,13.069444444444446,27.270238095238096
5,1,1,1,5,2,8,10,8,9,16.304960317460317,27.254761904761903
1,1,1,4,2,1,1,6,8,3,14.912896825396825,26.945238095238096
7,1,1,1,1,1,1,10,8,9,11.1359126984127,26.577976190476193
4,1,1,1,3,2,3,10,8,9,14.345436507936508,27.252976190476193
6,7,1,1,2,2,1,2,8,3,19.04871031746032,26.94404761904762
4,1,1,1,3,10,1,10,8,3,22.077579365079366,27.280357142857145
5,1,1,1,2,1,1,10,8,9,12.136408730158731,26.925
2,1,1,1,1,2,1,6,8,3,12.099007936507936,26.901785714285715
3,1,1,1,9,1,1,10,4,2,19.184623015873015,26.92559523809524
3,1,1,1,2,9,1,9,3,9,20.184126984126983,27.25595238095238
3,1,1,1,2,3,1,10,8,3,14.110416666666666,27.23333333333333
4,9,1,9,1,1,1,10,8,9,26.7125,26.560119047619047
4,1,1,1,3,3,3,10,5,9,15.277678571428572,27.273809523809526
5,1,1,1,2,3,1,7,2,4,14.148511904761904,27.19345238095238
7,1,4,1,1,1,1,10,8,9,14.132242063492063,26.577976190476193
2,4,2,3,6,2,1,10,4,10,23.005555555555553,27.295238095238098
1,1,1,1,9,1,3,10,10,3,19.368055555555554,26.93095238095238
5,1,1,1,2,1,1,6,4,4,12.131349206349206,26.85
4,1,1,1,3,10,3,7,8,3,22.293253968253968,27.242857142857144
4,1,1,1,3,3,1,10,2,4,15.087896825396825,27.291666666666668
2,1,1,8,7,5,5,8,3,2,28.039781746031746,27.276785714285715
5,1,2,1,2,2,1,2,3,2,13.968055555555555,26.9
1,2,1,1,1,2,1,10,10,3,13.14702380952381,26.844642857142855
6,1,2,1,1,1,1,10,5,3,12.134126984126985,26.577976190476193
5,1,5,1,6,2,1,10,1,3,21.10892857142857,27.267261904761902
4,1,7,1,2,4,1,10,9,10,21.102579365079364,27.229761904761904
7,1,2,6,7,5,7,8,3,9,27.066964285714285,27.276785714285715
2,1,1,1,1,1,1,5,8,2,11.151190476190475,26.354166666666668
4,1,1,1,1,1,1,10,8,9,11.1359126984127,26.577976190476193
2,1,1,1,1,1,6,1,10,3,11.182242063492064,25.96666666666667
5,1,1,1,2,2,1,3,1,3,13.045833333333334,27.160714285714285
5,1,1,1,2,1,1,2,8,7,12.121329365079365,26.573214285714283
3,1,1,1,1,3,8,9,8,3,13.194047619047618,27.015476190476193
6,1,1,1,1,1,1,10,8,3,11.1359126984127,26.577976190476193
5,1,1,1,2,3,1,10,8,3,14.110416666666666,27.23333333333333
4,1,1,1,2,1,1,10,8,9,12.136408730158731,26.925
3,10,1,1,2,2,1,9,8,9,22.10952380952381,27.155357142857145
4,1,1,1,1,7,1,10,8,9,17.11111111111111,26.930357142857144
2,1,1,1,6,2,1,10,3,2,17.208035714285714,27.41845238095238
4,1,2,8,7,5,7,8,4,10,28.97063492063492,27.30595238095238
3,1,1,1,1,1,1,10,4,3,11.137599206349206,26.42142857142857
4,1,8,1,2,3,1,10,8,3,21.051488095238096,27.249404761904763
4,1,10,1,7,1,1,10,6,9,26.09970238095238,26.94345238095238
3,1,1,1,1,1,6,10,8,3,11.304166666666665,26.42142857142857
4,1,1,1,3,3,3,9,5,9,15.337698412698412,27.317857142857143
8,1,1,1,3,3,3,7,2,4,15.204464285714286,27.304761904761904
4,1,1,1,1,1,6,1,8,9,11.082539682539682,26.007142857142856
5,1,1,5,2,6,10,10,5,3,20.9593253968254,27.325
5,1,1,1,2,1,2,10,10,8,12.24265873015873,26.933928571428574
6,1,1,1,1,1,1,3,8,7,11.031944444444445,26.14702380952381
5,1,1,1,2,1,1,6,8,3,12.117162698412699,26.803571428571427
5,1,1,1,1,3,1,3,5,3,13.07172619047619,26.758333333333333
3,1,1,1,2,2,1,2,3,2,12.959027777777777,27.010714285714283
2,1,1,1,2,2,1,9,8,9,13.133928571428573,27.179166666666667
10,1,1,1,1,2,1,10,5,3,12.133035714285715,26.876190476190477
1,1,1,1,1,1,1,10,4,3,11.137599206349206,26.42142857142857
5,3,1,1,2,3,1,10,1,3,16.038988095238096,27.295238095238098
4,1,1,1,2,2,1,10,7,9,13.146924603174602,27.201785714285716
5,9,1,1,9,2,1,10,3,3,28.13105158730159,27.37083333333333
4,1,1,1,2,1,1,3,7,3,12.107242063492063,26.628571428571426
5,1,1,1,5,4,1,6,8,3,18.074503968253968,27.3
5,1,1,1,1,1,1,3,5,3,11.031944444444445,26.14702380952381
3,1,1,5,3,1,4,10,8,9,16.984027777777776,27.077976190476193
5,1,1,1,2,1,1,6,8,7,12.097916666666666,26.767857142857146
6,1,1,1,1,1,1,10,10,3,11.137599206349206,26.42142857142857
2,2,1,1,2,1,3,10,10,3,13.279365079365078,26.936309523809523
4,1,1,1,8,1,1,10,3,2,18.121329365079365,26.96607142857143
3,1,1,1,1,3,1,10,6,3,13.13045634920635,26.97142857142857
5,1,1,1,1,7,1,10,7,4,17.11111111111111,26.930357142857144
5,1,1,5,8,1,6,10,1,8,22.092857142857145,27.011309523809523
9,1,1,1,1,1,1,10,8,3,11.137599206349206,26.42142857142857
3,1,1,1,1,1,6,10,8,3,11.304166666666665,26.42142857142857
4,4,1,1,2,2,1,6,8,9,16.079761904761902,27.185119047619047
1,1,1,1,4,3,3,9,5,9,16.266468253968252,27.21607142857143
7,1,4,1,2,1,3,10,5,3,15.278670634920635,26.941071428571426
2,1,1,1,2,4,2,4,8,10,15.148611111111112,27.23928571428571
3,1,1,7,1,1,1,10,8,9,16.814484126984127,26.595238095238095
2,1,1,1,6,1,1,10,4,3,16.113194444444446,26.948809523809523
9,1,1,1,2,2,1,10,8,9,13.146924603174602,27.201785714285716
6,1,1,1,1,1,1,10,10,3,11.137599206349206,26.42142857142857
4,8,1,1,2,2,1,10,5,3,20.134722222222223,27.201785714285716
1,1,1,1,1,1,7,10,3,5,11.304365079365079,26.42142857142857
1,1,1,1,1,2,1,8,8,2,12.040178571428573,26.927976190476194
5,1,1,1,1,1,1,3,5,3,11.031944444444445,26.14702380952381
5,1,3,10,2,3,1,10,8,9,24.869146825396825,27.38690476190476
2,1,1,1,6,2,1,10,4,10,17.183630952380952,27.42738095238095
4,7,1,8,7,5,9,2,3,2,34.128571428571426,27.354761904761904
4,1,1,1,2,4,1,10,8,2,15.168551587301588,27.24404761904762
2,1,1,1,1,1,1,10,8,2,11.169345238095238,26.633333333333333
5,1,2,8,7,5,7,8,3,9,29.12450396825397,27.364285714285717
4,5,1,8,7,3,1,8,8,3,29.872619047619047,27.32559523809524
4,1,1,1,2,5,7,2,3,2,16.20545634920635,27.239285714285717
5,1,9,1,2,2,1,5,8,2,21.134821428571428,27.104166666666668
5,1,1,1,1,1,1,10,7,4,11.150099206349207,26.6
9,1,1,1,10,1,1,10,7,4,20.10892857142857,26.935119047619047
9,1,1,1,3,3,3,6,5,9,15.218849206349205,27.357738095238098
5,1,2,10,7,5,7,8,3,2,31.111309523809524,27.364285714285717
8,1,1,1,2,2,1,6,8,3,13.07906746031746,27.222023809523808
5,9,1,1,2,1,3,10,10,3,20.292460317460318,26.8875
2,1,1,1,1,1,6,10,10,3,11.260416666666668,26.6
5,1,1,1,10,2,1,10,5,3,21.19950396825397,27.321428571428573
1,1,1,1,2,1,1,6,8,1,12.126686507936508,26.798809523809524
5,1,1,1,2,2,1,10,8,9,13.240178571428572,27.239285714285717
4,1,1,1,1,1,1,6,8,3,11.15079365079365,26.525
4,1,1,10,1,1,8,1,10,2,19.815674603174603,26.601190476190474
4,5,1,8,7,5,7,2,3,3,32.128273809523805,27.354761904761904
5,1,1,1,2,3,1,4,3,2,14.092063492063492,27.214880952380952
5,1,2,8,7,5,7,8,8,9,29.12450396825397,27.364285714285717
1,1,1,1,2,2,1,10,8,2,13.268551587301587,27.251785714285717
6,1,2,8,7,5,7,8,3,7,29.12450396825397,27.364285714285717
3,1,1,1,7,8,1,10,8,9,24.132440476190474,27.30833333333333
5,1,1,1,1,1,1,10,4,1,11.065376984126985,26.547023809523807
4,1,4,10,1,2,1,10,1,3,23.89017857142857,26.935119047619047
4,1,1,1,2,1,1,10,8,9,12.13482142857143,26.884523809523806
1,9,1,1,1,2,1,10,4,10,20.14315476190476,26.93690476190476
4,1,1,2,1,2,1,8,8,2,13.041369047619048,26.85833333333333
8,1,1,3,1,1,1,10,8,9,12.844841269841272,26.583928571428572
4,1,1,1,1,1,1,10,4,2,11.169345238095238,26.633333333333333
8,1,1,7,1,1,1,10,7,4,16.958134920634922,26.51666666666667
5,1,1,1,1,1,1,3,8,7,10.97797619047619,26.354166666666668
5,1,1,1,1,2,1,10,5,3,12.131845238095238,26.93333333333333
3,1,1,1,3,3,3,7,2,6,15.272718253968254,27.30833333333333
2,8,1,1,2,8,1,10,8,3,26.1219246031746,27.207738095238096
4,1,1,2,1,1,1,10,8,9,11.936111111111112,26.545238095238098
3,1,1,1,1,1,1,4,4,3,11.022023809523809,26.394642857142856
1,1,1,1,2,2,1,10,8,3,13.240178571428572,27.239285714285717
4,1,1,1,1,1,1,7,2,8,11.084821428571427,26.491666666666667
4,1,1,1,3,3,5,2,8,8,15.139583333333334,27.32440476190476
3,1,1,1,1,7,1,10,4,2,17.072222222222223,26.906547619047622
3,2,1,10,1,1,1,10,5,3,20.943551587301588,26.55833333333333
6,1,1,1,2,2,1,2,8,2,13.025496031746034,26.928571428571427
4,1,1,1,2,2,1,4,8,3,13.1078373015873,27.031547619047622
10,1,1,9,3,3,3,7,2,4,23.00714285714286,27.42738095238095
6,1,1,1,2,1,3,10,10,3,12.293154761904763,26.884523809523806
3,1,1,1,3,2,3,10,8,9,14.292361111111111,27.308928571428574
7,1,1,1,1,1,1,10,8,3,11.150099206349207,26.6
5,4,1,1,1,1,1,3,8,7,14.071626984126985,26.173214285714284
5,1,1,1,2,1,1,2,4,4,11.983829365079364,26.575595238095236
9,1,1,1,2,2,1,10,8,3,13.154761904761903,27.195238095238096
5,1,1,1,2,2,1,10,8,9,13.146130952380952,27.204761904761902
3,1,1,2,1,1,6,10,10,3,12.161011904761905,26.527380952380952
1,1,1,1,1,1,1,8,4,3,11.10972222222222,26.490476190476194
1,1,10,6,2,2,1,10,8,2,26.875694444444445,27.223809523809525
1,1,1,1,1,2,5,8,8,9,12.308035714285714,26.81904761904762
7,1,1,1,2,2,1,8,8,2,13.097321428571428,27.185119047619047
1,1,1,1,1,2,1,4,8,2,12.028769841269842,26.73809523809524
7,1,1,1,3,3,1,10,8,2,15.146329365079364,27.255357142857143
5,1,1,1,1,2,1,3,4,3,11.984523809523811,26.62559523809524
3,1,1,1,10,2,1,10,8,3,21.150992063492062,27.29047619047619
4,1,1,1,1,1,6,10,1,3,11.176388888888889,26.588690476190475
9,1,1,1,2,1,1,6,8,3,12.12718253968254,26.777976190476192
5,5,1,1,1,2,1,10,4,2,16.151984126984125,26.9125
5,1,1,8,1,1,1,6,7,3,17.812202380952378,26.480357142857144
5,1,1,1,2,2,1,10,7,4,13.146130952380952,27.204761904761902
3,1,1,1,1,2,1,2,8,3,12.06765873015873,26.657142857142855
6,1,1,1,2,1,1,10,5,2,12.185515873015873,26.838690476190475
5,1,1,1,2,2,9,10,8,9,13.313194444444445,27.204761904761902
2,1,1,1,1,6,1,6,8,3,16.08660714285714,26.82440476190476
4,1,1,1,3,3,1,9,8,3,15.093154761904762,27.285714285714285
4,1,1,1,3,3,3,9,5,9,15.19345238095238,27.270833333333332
9,1,1,1,1,2,1,8,8,2,12.149107142857144,26.801785714285717
7,1,1,1,4,2,6,10,4,10,15.339384920634922,27.280952380952378
5,1,1,1,1,1,7,8,3,2,11.224305555555556,26.490476190476194
5,1,2,8,7,5,6,10,10,3,28.89920634920635,27.25595238095238
5,1,1,1,2,1,1,6,4,4,12.12718253968254,26.777976190476192
4,1,1,1,2,2,1,2,1,3,12.985515873015874,26.974404761904758
5,1,1,1,1,3,3,9,5,9,13.256845238095238,26.907738095238095
4,1,1,1,3,1,1,3,8,7,13.068551587301588,26.773214285714282
1,1,1,1,6,3,3,9,5,9,18.34722222222222,27.301190476190477
4,1,1,1,2,2,1,10,8,9,13.146130952380952,27.204761904761902
2,1,1,1,10,2,1,10,4,9,21.158730158730158,27.29642857142857
3,1,2,1,2,2,1,9,8,10,14.131150793650795,27.173809523809524
5,1,1,1,2,1,1,10,8,2,12.185515873015873,26.838690476190475
2,1,1,1,2,2,3,2,8,9,13.099801587301588,26.91904761904762
4,1,1,1,2,2,1,6,1,3,13.125694444444445,27.16547619047619
5,1,10,1,2,1,1,3,3,3,20.99652777777778,26.708333333333332
5,1,1,5,5,1,1,10,8,9,18.908234126984127,26.922619047619047
2,1,1,1,1,1,1,6,8,3,11.038095238095238,26.47142857142857
1,1,1,1,1,2,1,5,5,3,12.139186507936508,26.713095238095242
9,1,1,1,2,2,1,2,10,3,12.937698412698413,26.91904761904762
4,1,1,1,2,2,1,10,8,8,13.146130952380952,27.204761904761902
10,1,1,8,2,2,1,3,2,3,19.913888888888888,27.179761904761904
2,1,1,1,6,1,1,10,7,4,16.11984126984127,26.878571428571426
5,1,1,1,1,2,3,10,4,10,12.275496031746032,26.9
2,1,1,1,2,1,5,10,1,3,12.268154761904762,26.821428571428573
4,1,1,1,2,2,1,10,10,3,13.154761904761903,27.195238095238096
4,9,6,1,1,1,6,1,10,3,24.176388888888887,26.057142857142857
4,1,1,1,3,3,3,4,2,4,15.161111111111111,27.326785714285712
3,1,1,1,3,2,3,10,8,9,14.219940476190477,27.310119047619047
7,1,1,1,2,1,1,10,8,3,12.178174603174602,26.860119047619047
3,1,1,1,3,3,3,7,2,1,15.286210317460316,27.280952380952378
4,1,1,1,1,1,1,10,4,2,11.110019841269843,26.531547619047622
3,1,1,1,7,2,1,9,8,9,18.18799603174603,27.263690476190476
5,1,1,1,7,1,1,6,8,3,17.16924603174603,26.978571428571428
2,1,1,1,2,1,6,10,10,4,12.349801587301588,26.860119047619047
4,1,1,1,3,3,3,7,2,3,15.283531746031747,27.298809523809524
10,1,1,1,2,2,1,2,8,3,13.07668650793651,26.94940476190476
3,1,1,1,4,1,1,10,8,3,14.118948412698412,27.09107142857143
5,1,1,1,2,3,1,10,8,9,14.136309523809524,27.340476190476192
4,1,1,9,2,1,1,6,10,4,19.7375,26.93809523809524
5,1,2,8,7,5,7,10,1,3,29.004265873015875,27.36190476190476
1,1,5,1,1,1,6,8,3,2,15.204265873015874,26.445238095238096
5,1,1,9,2,2,1,10,1,3,20.88938492063492,27.33095238095238
4,1,1,1,2,1,1,3,1,3,12.027083333333334,26.73095238095238
4,1,1,1,3,3,1,10,9,9,15.217361111111112,27.333928571428572
2,1,1,1,1,1,3,7,2,4,11.23263888888889,26.463095238095242
3,1,1,8,7,5,10,2,6,6,27.98799603174603,27.38511904761905
4,5,1,1,1,1,1,10,4,3,15.125496031746033,26.53988095238095
3,8,1,1,1,1,1,10,8,3,18.125,26.53988095238095
3,1,1,1,1,1,1,10,8,3,11.111210317460317,26.530952380952378
3,1,1,1,7,5,7,8,3,2,21.299503968253966,27.366666666666667
5,6,2,8,1,1,6,10,1,3,24.049107142857146,26.595238095238095
2,1,1,4,2,2,1,2,2,4,15.75793650793651,27.267857142857146
4,1,1,9,3,3,3,7,3,2,22.9344246031746,27.319642857142856
5,1,1,1,2,2,1,6,8,3,13.181150793650795,27.13690476190476
5,1,1,1,2,2,1,6,8,3,13.181150793650795,27.13690476190476
4,1,1,1,8,6,1,10,10,3,23.168551587301586,27.388095238095236
6,5,1,9,7,2,7,2,3,2,30.08878968253968,27.29583333333333
3,1,1,1,2,2,1,10,8,9,13.162400793650793,27.27261904761905
1,1,1,8,1,1,1,10,4,2,17.862103174603174,26.595238095238095
1,1,1,1,7,5,7,2,5,2,21.173511904761902,27.31666666666667
4,5,1,8,1,2,1,8,8,2,22.874900793650795,26.916071428571428
2,1,1,1,1,1,6,10,1,3,11.235218253968254,26.530952380952378
3,1,1,1,2,1,3,10,10,3,12.345734126984127,26.860119047619047
8,1,6,1,1,2,1,10,4,2,17.159126984126985,26.817261904761903
9,1,1,1,3,5,3,10,8,9,17.249702380952378,27.33690476190476
2,1,1,1,1,2,1,2,5,3,11.987599206349206,26.586309523809526
9,1,1,1,6,2,1,10,4,10,17.17083333333333,27.260714285714283
4,1,1,1,1,1,6,10,1,3,11.235218253968254,26.530952380952378
3,1,1,1,3,3,1,9,8,3,15.18720238095238,27.322023809523806
1,1,1,1,2,2,1,10,8,9,13.162400793650793,27.27261904761905
1,1,6,1,2,2,1,10,8,3,18.16111111111111,27.27261904761905
6,1,1,1,2,3,1,10,8,3,14.136309523809524,27.340476190476192
4,1,1,1,6,2,1,2,8,3,16.98482142857143,27.20595238095238
8,1,1,5,1,2,1,1,4,2,15.882440476190476,26.816071428571426
5,1,2,8,7,5,6,8,4,2,29.003769841269843,27.36190476190476
3,8,1,1,1,1,1,6,5,4,18.1219246031746,26.42559523809524
5,1,1,1,2,1,5,10,1,3,12.327976190476189,26.843452380952378
7,1,1,1,2,2,1,4,8,2,13.11954365079365,27.06904761904762
4,1,1,1,3,3,1,10,8,3,15.112996031746032,27.307738095238097
2,1,1,1,1,1,5,10,10,3,11.343055555555555,26.565476190476193
2,1,1,1,2,1,3,10,8,9,12.316269841269841,26.843452380952378
4,1,1,1,2,2,1,2,3,9,13.01875,26.958333333333332
5,1,1,1,2,2,1,10,8,2,13.159821428571428,27.25
9,1,1,1,1,9,1,10,8,3,19.065376984126985,26.994642857142857
3,1,1,1,2,2,3,10,8,9,13.326884920634921,27.27916666666667
7,1,9,1,6,2,1,10,4,10,25.15704365079365,27.229761904761904
2,1,1,1,1,1,6,10,10,3,11.343055555555555,26.565476190476193
5,1,1,1,1,1,10,2,10,2,11.172916666666667,26.04047619047619
8,1,1,1,2,1,1,6,8,4,12.097718253968255,26.840476190476192
4,6,1,1,2,1,1,6,8,8,17.0515873015873,26.814285714285717
5,1,1,1,2,2,1,6,8,3,13.079960317460316,27.204761904761902
5,1,2,8,7,5,7,8,3,2,29.001488095238095,27.31190476190476
4,1,1,1,2,1,1,6,8,4,12.097718253968255,26.840476190476192
5,1,1,1,2,3,1,10,8,3,14.197619047619048,27.310119047619047
9,1,1,1,1,1,1,10,10,3,11.187896825396825,26.565476190476193
6,1,1,1,1,1,6,10,10,3,11.343055555555555,26.565476190476193
1,1,1,1,1,2,3,8,8,9,12.24890873015873,26.94166666666667
3,1,1,1,1,1,1,10,8,2,11.187896825396825,26.565476190476193
4,1,1,1,1,1,3,10,7,4,11.323710317460318,26.565476190476193
5,1,1,1,1,1,1,10,4,2,11.187896825396825,26.565476190476193
5,1,1,1,1,2,1,10,5,3,12.10654761904762,26.913690476190474
1,1,1,7,1,1,1,10,7,4,16.74771825396825,26.58154761904762
5,1,1,1,2,1,1,3,8,9,12.139384920634921,26.70059523809524
7,1,1,1,3,2,5,10,1,3,14.239484126984127,27.228571428571428
4,1,5,1,2,2,5,10,5,3,17.32787698412698,27.27916666666667
8,1,1,1,1,1,1,10,4,2,11.187896825396825,26.565476190476193
3,5,1,1,1,1,1,10,7,4,15.18422619047619,26.565476190476193
5,2,1,1,1,2,1,10,5,3,13.092658730158728,26.907142857142855
4,1,1,1,1,1,1,5,8,4,10.987400793650794,26.51011904761905
4,1,10,1,1,1,1,6,4,2,20.090575396825397,26.448214285714283
1,1,1,1,3,3,3,7,2,4,15.265972222222222,27.297619047619047
4,10,1,1,2,2,1,10,8,3,22.20515873015873,27.27916666666667
4,4,1,1,3,3,3,9,7,4,18.22202380952381,27.382738095238096
9,1,1,1,1,1,1,10,5,9,11.187896825396825,26.565476190476193
5,1,1,1,2,4,1,10,8,9,15.171031746031748,27.26309523809524
5,1,2,8,7,5,7,8,3,2,29.001488095238095,27.31190476190476
3,1,1,1,1,1,6,1,1,3,11.069444444444445,25.906547619047622
10,1,1,1,2,8,1,6,8,4,19.16924603174603,27.211309523809526
6,1,1,1,5,8,1,3,1,7,22.02113095238095,27.34642857142857
5,1,1,1,2,1,1,10,10,3,12.15406746031746,26.843452380952378
6,1,1,1,1,1,6,10,8,9,11.343055555555555,26.565476190476193
1,1,1,1,2,2,1,10,10,3,13.209126984126986,27.27916666666667
1,1,1,1,1,2,1,2,8,3,11.985813492063492,26.625
3,1,1,1,1,1,1,3,2,2,11.098611111111111,26.34583333333333
5,1,2,8,7,1,1,3,1,3,24.820734126984128,26.98392857142857
1,1,1,1,2,2,1,10,8,1,13.19593253968254,27.19404761904762
3,1,1,1,7,1,1,10,8,3,17.055357142857144,27.00059523809524
3,1,1,1,1,2,3,10,5,3,12.306349206349207,26.902976190476192
1,1,1,1,2,2,1,10,8,3,13.19702380952381,27.23690476190476
4,1,10,1,2,1,1,6,8,3,21.09970238095238,26.821428571428573
5,1,1,1,3,3,3,9,5,9,15.343154761904762,27.28988095238095
4,1,1,1,5,1,1,6,8,4,15.14404761904762,26.935119047619047
2,1,5,1,2,2,1,2,3,2,16.966666666666665,26.998809523809523
3,1,1,1,2,2,1,10,8,9,13.19702380952381,27.23690476190476
1,1,1,1,1,2,1,10,5,3,12.128472222222223,26.902976190476192
5,1,1,3,2,5,1,2,3,2,17.87549603174603,27.254761904761903
2,1,1,1,2,2,4,6,8,3,13.305357142857142,27.15416666666667
4,1,1,1,3,3,3,10,8,9,15.32906746031746,27.26190476190476
5,1,1,1,2,5,1,9,5,10,16.117757936507935,27.360119047619047
2,1,1,1,6,2,1,10,8,3,17.101884920634923,27.31309523809524
4,1,1,1,2,2,1,10,4,10,13.19702380952381,27.23690476190476
3,1,1,1,3,3,3,5,2,1,15.362797619047617,27.265476190476193
4,1,1,1,2,2,1,9,8,9,13.110119047619047,27.27440476190476
3,1,1,1,1,2,1,10,5,3,12.128472222222223,26.902976190476192
5,1,1,1,2,1,1,6,8,3,12.06795634920635,26.795238095238098
3,1,1,1,1,1,1,10,8,5,11.043452380952381,26.589285714285715
3,1,1,1,1,1,1,10,8,3,11.043452380952381,26.589285714285715
4,1,1,6,2,2,1,6,5,3,17.8140873015873,27.255357142857143
5,1,1,1,2,3,1,10,8,3,14.171626984126984,27.31845238095238
9,1,1,7,2,6,1,6,8,3,22.662599206349206,27.323809523809523
5,1,1,1,1,1,1,4,7,4,11.036904761904761,26.275595238095242
5,1,1,1,2,1,1,10,8,3,12.13125,26.958333333333332
3,1,1,1,1,2,1,6,8,3,12.164186507936508,26.86845238095238
3,1,1,1,1,2,1,2,8,3,12.067162698412698,26.61190476190476
6,1,1,1,2,2,2,10,5,3,13.32202380952381,27.23690476190476
3,1,1,10,1,1,1,10,5,3,19.809920634920637,26.494642857142857
1,1,1,1,6,2,1,10,8,3,17.101884920634923,27.31309523809524
3,1,1,1,3,3,3,9,5,9,15.343154761904762,27.28988095238095
4,1,1,1,1,1,1,10,8,9,11.043452380952381,26.589285714285715
5,1,2,1,2,3,1,1,10,3,14.926488095238096,26.99404761904762
4,1,1,6,1,1,6,10,8,9,16.012599206349208,26.519642857142856
1,7,1,1,1,1,5,10,7,4,17.198611111111113,26.542261904761904
5,1,1,1,2,2,9,10,8,9,13.378075396825398,27.23690476190476
5,1,1,4,1,1,6,10,4,3,14.081944444444446,26.5375
9,1,1,1,2,3,1,9,8,9,14.163194444444446,27.28392857142857
4,1,1,1,3,3,1,10,8,9,15.180059523809524,27.26190476190476
5,1,1,1,2,3,1,10,8,5,14.171626984126984,27.31845238095238
5,1,10,1,2,2,1,8,8,9,22.14047619047619,27.207142857142856
1,1,8,1,2,1,1,6,4,4,19.099900793650793,26.821428571428573
3,1,1,1,10,2,1,4,5,3,21.086507936507935,27.16309523809524
3,1,1,1,1,2,6,6,5,3,12.28779761904762,26.86845238095238
1,1,1,1,1,1,1,10,8,9,11.043452380952381,26.589285714285715
3,1,1,1,2,2,3,4,8,8,13.27281746031746,27.140476190476193
4,1,1,1,3,2,3,10,8,9,14.243055555555554,27.241666666666667
7,1,1,1,1,1,1,10,8,9,11.043452380952381,26.589285714285715
5,1,1,1,1,2,1,10,5,9,12.064781746031745,26.771428571428572
3,1,2,8,7,5,7,8,3,2,28.979563492063495,27.30833333333333
9,1,2,1,2,2,1,4,8,2,13.991765873015874,27.22083333333333
7,1,1,1,1,1,1,10,7,4,11.065674603174603,26.492261904761904
9,1,1,1,1,1,6,7,2,4,11.166567460317461,26.507738095238096
4,3,1,1,3,3,3,6,10,3,17.261210317460318,27.27916666666667
5,1,1,1,2,2,1,2,8,3,13.04375,26.942261904761903
6,1,1,1,2,2,1,10,8,9,13.14484126984127,27.347619047619048
7,1,1,1,3,2,3,10,8,9,14.294543650793651,27.31666666666667
3,1,1,1,1,1,1,10,8,3,11.065674603174603,26.492261904761904
4,1,1,1,1,1,1,10,8,9,11.065674603174603,26.492261904761904
7,1,1,1,3,3,4,4,5,9,15.226884920634921,27.302976190476194
4,1,3,1,3,3,7,9,5,9,17.260813492063495,27.267857142857146
4,1,1,1,2,1,1,6,8,4,12.110615079365079,26.7875
6,1,1,1,1,3,1,10,8,3,13.102777777777778,26.9
4,1,1,1,2,1,1,10,9,3,12.089781746031747,26.9
3,1,1,1,1,1,2,8,2,4,11.133531746031746,26.54642857142857
10,1,1,1,3,3,3,10,8,9,15.28918650793651,27.27440476190476
3,1,1,1,1,1,6,10,1,9,11.194444444444445,26.492261904761904
3,1,1,1,2,2,1,9,8,3,13.114682539682539,27.195238095238096
5,1,1,1,2,2,1,6,8,3,13.15595238095238,27.154761904761905
5,1,1,9,4,2,1,6,8,3,22.587698412698412,27.25595238095238
7,1,1,1,2,2,1,10,3,3,13.14484126984127,27.347619047619048
4,9,2,1,2,2,1,4,8,2,21.991170634920636,27.22083333333333
5,1,1,1,2,3,1,10,8,9,14.202281746031748,27.34107142857143
3,1,9,1,2,9,1,9,8,9,28.177678571428572,27.16428571428571
7,4,1,1,1,1,1,10,7,9,14.063392857142858,26.490476190476194
7,1,1,10,2,2,1,4,8,2,21.820734126984128,27.19940476190476
1,1,1,1,1,2,1,10,4,10,12.064781746031745,26.771428571428572
3,1,1,1,1,2,1,8,8,2,12.150496031746032,26.838095238095242
5,1,2,8,7,5,7,8,3,2,28.979563492063495,27.30833333333333
7,1,1,1,1,1,1,10,8,9,11.065674603174603,26.492261904761904
6,1,1,7,1,5,1,10,7,4,20.79484126984127,26.929761904761904
9,1,1,1,1,1,1,10,10,3,11.065674603174603,26.492261904761904
4,1,2,5,7,5,8,8,3,2,26.03045634920635,27.30833333333333
5,1,1,4,2,2,1,10,8,3,15.90128968253968,27.19940476190476
5,1,1,1,2,2,1,10,1,3,13.114980158730159,27.22738095238095
4,1,1,5,3,2,1,10,8,9,17.941170634920635,27.308928571428574
4,1,1,1,3,5,7,8,3,2,17.283035714285713,27.338690476190475
5,1,2,8,7,3,1,10,8,6,26.68253968253968,27.3375
7,9,1,1,3,2,3,10,8,9,22.289781746031746,27.31666666666667
4,1,1,1,2,2,1,10,1,3,13.114980158730159,27.22738095238095
9,1,1,1,1,1,1,10,8,3,11.065674603174603,26.492261904761904
1,1,1,1,2,2,1,10,7,4,13.14484126984127,27.347619047619048
4,1,1,1,2,1,1,6,8,4,12.110615079365079,26.7875
9,1,1,1,1,1,1,10,7,4,11.065674603174603,26.492261904761904
4,1,7,1,2,1,3,10,10,3,18.20059523809524,26.9
2,1,1,1,3,3,3,9,5,9,15.259325396825398,27.267857142857146
1,1,1,1,1,2,1,5,5,9,12.011011904761904,26.744642857142857
4,1,1,1,1,1,1,10,8,3,11.065674603174603,26.492261904761904
4,1,1,1,3,1,1,10,10,3,13.106646825396826,26.823214285714283
6,1,1,1,1,3,1,6,8,3,13.114880952380952,26.815476190476193
4,5,1,1,1,2,1,9,5,3,16.163492063492065,26.816071428571426
3,1,1,8,7,3,7,3,9,2,25.992261904761904,27.330357142857146
2,3,1,1,2,2,1,2,8,9,15.03968253968254,26.95952380952381
3,1,1,1,2,2,1,3,3,2,13.040972222222223,27.025
4,1,1,1,3,3,1,10,5,3,15.149007936507937,27.326190476190476
3,1,1,1,1,2,3,9,5,9,12.262599206349206,26.820238095238096
5,1,1,1,2,2,1,10,3,3,13.129067460317462,27.18333333333333
8,1,1,1,5,1,1,10,7,2,15.155555555555555,26.952976190476193
4,3,9,1,1,1,1,6,8,3,21.092559523809523,26.450595238095236
5,1,1,1,1,2,1,10,10,3,12.100099206349206,26.83511904761905
3,1,1,1,1,5,1,10,8,9,15.070734126984126,26.970238095238095
5,1,7,2,4,1,6,1,1,3,21.018055555555556,26.685119047619047
4,1,1,1,2,2,1,9,8,9,13.141765873015874,27.229761904761904
3,1,1,9,3,3,3,7,2,1,22.863492063492064,27.333333333333332
4,1,1,1,3,3,3,9,5,9,15.323015873015873,27.322023809523806
4,1,1,1,1,1,1,5,8,4,11.112003968253969,26.41488095238095
2,1,1,1,5,1,1,10,8,9,15.155555555555555,26.952976190476193
4,1,1,1,2,2,1,10,3,3,13.129067460317462,27.18333333333333
4,1,1,1,3,3,1,5,8,9,15.13720238095238,27.234523809523807
5,1,1,1,2,2,1,9,8,3,13.136210317460316,27.239285714285717
6,1,1,1,1,1,1,7,10,3,11.102777777777778,26.422023809523807
3,1,1,1,1,1,5,10,8,10,11.294742063492063,26.497023809523807
6,1,1,1,2,3,1,5,8,9,14.102876984126985,27.270238095238096
5,1,1,4,2,2,1,10,3,3,15.839285714285714,27.219642857142855
2,1,1,1,2,1,1,10,8,9,12.099503968253968,26.91547619047619
5,1,1,1,2,2,1,2,3,2,13.11329365079365,27.03928571428571
1,1,1,1,1,2,1,9,2,4,12.181349206349207,26.83571428571429
4,1,4,1,3,6,3,8,8,2,21.33938492063492,27.297619047619047
9,1,1,1,2,1,1,7,4,3,12.141269841269843,26.75
3,1,1,1,2,2,1,10,8,1,13.191071428571428,27.21011904761905
3,1,1,1,2,2,1,10,8,9,13.174503968253969,27.17142857142857
1,1,1,1,1,1,5,10,1,3,11.294742063492063,26.497023809523807
6,1,5,1,2,2,1,2,8,3,17.060515873015873,27.00595238095238
4,1,1,1,2,5,1,10,8,3,16.17123015873016,27.23809523809524
5,1,1,1,2,2,1,4,8,2,13.180555555555554,27.020238095238096
7,1,1,4,1,1,1,10,7,4,13.95168650793651,26.560119047619047
3,1,1,1,1,1,1,6,8,4,11.104464285714286,26.44940476190476
5,1,6,1,2,1,1,10,4,2,17.108035714285712,26.951190476190476
7,1,1,1,3,2,3,10,7,4,14.25922619047619,27.25059523809524
5,1,1,1,1,1,1,4,8,9,11.022619047619049,26.37440476190476
5,1,7,1,4,1,1,9,8,9,20.15327380952381,26.83928571428571
3,1,1,1,2,2,1,3,1,3,13.046726190476193,27.052976190476194
9,1,1,5,2,7,1,10,8,9,21.92748015873016,27.286309523809525
5,1,1,1,1,1,6,10,10,5,11.29484126984127,26.497023809523807
3,1,4,1,1,1,1,10,8,3,14.126984126984127,26.497023809523807
9,1,1,1,1,1,1,10,7,4,11.130357142857143,26.497023809523807
6,1,1,1,2,2,1,9,8,9,13.141765873015874,27.229761904761904
3,1,1,1,2,1,1,8,3,4,12.128075396825396,26.77261904761905
7,1,1,1,1,1,1,9,8,9,11.12202380952381,26.49345238095238
5,1,1,1,2,1,1,6,4,4,12.013194444444444,26.888690476190476
2,1,1,5,1,1,1,10,7,4,14.829960317460316,26.610714285714288
9,1,1,1,1,1,1,10,8,9,11.125297619047618,26.61904761904762
9,1,1,1,1,2,1,10,5,3,12.125099206349207,26.904761904761905
6,1,1,6,1,2,1,10,5,3,17.00515873015873,26.808928571428574
5,1,1,1,1,1,6,8,8,4,11.179861111111112,26.54940476190476
4,1,1,1,1,1,1,10,10,10,11.125297619047618,26.61904761904762
6,1,1,1,1,1,6,10,1,3,11.274305555555555,26.61904761904762
3,1,1,1,1,1,1,10,10,3,11.125297619047618,26.61904761904762
4,1,1,1,2,1,1,10,7,4,12.139484126984126,26.967857142857145
5,1,1,1,1,1,1,6,8,4,11.051984126984127,26.473214285714285
7,1,1,1,7,3,3,7,9,9,19.32688492063492,27.367857142857144
5,10,6,1,2,2,8,10,8,6,27.31924603174603,27.18690476190476
4,1,1,1,2,2,3,10,8,9,13.318154761904761,27.204761904761902
7,5,1,1,3,2,1,10,8,3,18.135714285714286,27.252976190476193
9,1,1,1,1,2,1,10,4,2,12.109126984126984,26.92440476190476
9,3,1,1,1,2,1,10,4,2,14.108035714285714,26.926785714285717
3,1,1,1,3,3,5,9,5,9,15.212301587301587,27.27916666666667
4,1,9,1,1,1,2,10,1,3,19.215376984126983,26.604166666666668
1,1,1,1,2,2,1,10,3,9,13.200793650793651,27.204761904761902
5,9,5,3,5,2,1,8,8,2,29.920337301587303,27.225
5,1,1,1,2,3,3,10,5,9,14.330853174603174,27.332142857142856
4,1,4,1,3,1,1,5,8,4,16.129166666666666,26.791071428571428
5,4,1,1,8,2,1,9,5,3,22.18482142857143,27.307142857142857
3,1,1,1,1,2,1,10,8,9,12.125099206349207,26.904761904761905
1,1,1,1,5,1,1,10,10,3,15.060615079365078,26.89702380952381
6,1,1,10,2,2,1,9,8,7,21.91875,27.229761904761904
9,1,7,2,1,2,3,9,5,1,19.179265873015872,26.907142857142855
4,1,1,1,3,3,3,4,4,2,15.19265873015873,27.160714285714285
4,1,1,1,1,8,1,10,8,9,18.15853174603175,26.95357142857143
1,1,6,1,2,2,1,5,8,4,18.152579365079365,27.128571428571426
2,1,7,1,8,1,1,10,8,9,24.049801587301587,26.889880952380953
5,1,1,1,2,1,3,10,10,3,12.245039682539682,26.967857142857145
5,1,1,1,1,1,6,6,4,4,11.193154761904761,26.473214285714285
5,1,1,1,2,1,1,10,10,3,12.139484126984126,26.967857142857145
1,1,1,1,1,1,1,6,8,4,11.051984126984127,26.473214285714285
4,1,1,1,2,2,1,8,8,3,13.183829365079365,27.159523809523808
3,1,1,1,1,1,6,10,10,3,11.274305555555555,26.61904761904762
5,4,1,1,1,1,1,10,8,2,14.107539682539684,26.63690476190476
1,1,1,1,1,1,1,10,8,3,11.125297619047618,26.61904761904762
3,1,1,1,2,2,1,10,2,9,13.202281746031748,27.241666666666667
1,1,1,1,2,2,1,10,7,4,13.200793650793651,27.204761904761902
5,1,1,1,2,2,1,10,8,9,13.200793650793651,27.204761904761902
7,1,1,1,2,2,1,6,8,3,13.12123015873016,27.15357142857143
10,1,1,1,7,2,1,4,8,2,18.05654761904762,27.205357142857146
4,5,1,8,7,5,7,10,8,3,31.94097222222222,27.365476190476194
1,1,1,1,2,2,1,2,3,2,13.094146825396825,26.96011904761905
5,4,1,1,1,1,1,5,8,4,14.075992063492063,26.463690476190475
4,1,1,1,2,1,1,6,4,4,12.013194444444444,26.888690476190476
4,1,1,1,2,5,1,6,8,3,16.1031746031746,27.332738095238096
5,1,1,1,2,2,1,4,3,3,13.13422619047619,27.207738095238096
3,1,1,1,8,1,1,10,8,3,18.120734126984125,26.986309523809524
3,1,1,1,2,5,1,2,8,9,16.033234126984127,27.23392857142857
2,1,1,1,1,1,1,10,5,3,11.174503968253969,26.683928571428574
3,1,1,1,1,2,6,10,8,9,12.205555555555556,26.938690476190477
3,1,1,1,2,1,1,10,8,9,12.165972222222223,26.976785714285718
5,1,1,2,1,2,1,10,5,1,12.982539682539684,26.96190476190476
5,1,4,1,2,3,1,8,3,2,17.14077380952381,27.376785714285717
2,1,1,1,2,2,1,10,8,9,13.169246031746031,27.255357142857143
1,1,1,1,1,1,1,7,1,9,11.07172619047619,26.47797619047619
3,1,9,1,1,1,6,10,4,4,19.277083333333334,26.673214285714288
5,1,1,1,2,1,1,6,1,3,12.172222222222222,26.872023809523807
4,5,1,8,3,2,10,10,4,2,24.979960317460318,27.338095238095242
9,1,1,1,1,5,7,2,3,2,15.194444444444446,26.808928571428574
4,1,1,1,3,3,2,9,8,3,15.320039682539683,27.30238095238095
5,1,1,1,2,2,1,6,5,9,13.115376984126986,27.238690476190477
5,1,1,1,7,3,3,7,3,4,19.239583333333336,27.335714285714282
4,1,1,1,2,3,1,10,1,6,14.156051587301587,27.313690476190477
5,1,1,1,1,1,1,10,8,9,11.174503968253969,26.683928571428574
3,2,1,1,2,2,1,6,8,3,14.096031746031747,27.223809523809525
4,1,1,1,2,1,1,6,8,3,12.127876984126983,26.93333333333333
3,1,1,1,1,1,1,10,4,4,11.174503968253969,26.683928571428574
9,1,1,1,1,2,1,10,7,4,12.081150793650794,26.938690476190477
6,1,1,1,2,2,1,2,8,3,13.143948412698412,27.01666666666667
1,1,1,1,2,1,1,10,4,4,12.165972222222223,26.976785714285718
5,1,1,1,1,5,1,8,1,2,15.082142857142856,26.885714285714283
3,1,1,1,2,1,1,2,4,4,12.012400793650794,26.690476190476193
5,1,1,1,1,1,1,5,4,2,11.09295634920635,26.446428571428573
4,1,1,5,2,2,1,10,1,3,16.764285714285712,27.31428571428571
5,1,9,1,2,3,1,10,8,9,22.161706349206348,27.27916666666667
9,1,1,1,3,2,3,10,8,9,14.241964285714285,27.355357142857144
7,1,1,1,5,2,1,10,4,2,16.19077380952381,27.417261904761904
5,9,1,1,1,1,1,3,7,4,19.01468253968254,26.40892857142857
6,1,1,1,1,1,1,10,7,4,11.174503968253969,26.683928571428574
1,2,1,1,8,2,9,6,8,3,20.297916666666666,27.28988095238095
5,1,1,2,5,2,1,10,8,9,17.011904761904763,27.363690476190477
5,1,1,1,2,1,1,3,1,3,12.060912698412698,26.817857142857143
5,1,1,1,2,1,1,10,8,9,12.165972222222223,26.976785714285718
5,1,1,1,1,1,1,3,7,9,11.07986111111111,26.389880952380953
5,1,1,1,2,1,4,10,8,3,12.273511904761905,26.976785714285718
5,1,1,4,1,2,1,7,8,2,14.844444444444445,26.939285714285717
1,1,2,8,7,5,7,8,3,2,29.005257936507935,27.44761904761905
1,1,1,1,2,2,1,10,8,9,13.169246031746031,27.255357142857143
7,1,1,1,3,3,1,10,8,3,15.140277777777778,27.333333333333332
9,1,1,1,9,2,1,10,6,3,20.12767857142857,27.39702380952381
3,1,1,1,2,2,8,10,8,9,13.332738095238096,27.255357142857143
3,1,1,1,1,1,1,10,4,4,11.174503968253969,26.683928571428574
4,1,1,1,2,1,1,6,4,9,12.127480158730158,26.935714285714283
6,1,1,1,2,7,1,2,8,3,17.897123015873014,27.31666666666667
5,2,10,1,2,3,2,5,8,9,24.108234126984126,27.20654761904762
4,1,1,1,3,3,7,7,2,4,15.268154761904762,27.22142857142857
5,1,1,1,2,2,1,3,8,7,13.030357142857142,27.044642857142854
5,1,1,1,1,1,1,4,8,3,11.009126984126985,26.308928571428574
2,1,1,6,2,2,1,4,8,4,17.88511904761905,27.222619047619048
7,1,1,1,2,2,1,2,3,2,13.062103174603175,27.007738095238096
4,1,1,1,2,2,1,5,8,4,13.049305555555554,27.123809523809523
4,1,1,1,1,1,1,10,1,3,11.142261904761906,26.491071428571427
5,1,1,1,1,1,1,10,8,9,11.150694444444444,26.440476190476193
2,1,1,1,2,2,10,6,8,3,13.307142857142859,27.196428571428573
2,1,1,1,1,1,1,3,8,7,11.132638888888888,26.184523809523807
5,1,1,1,1,1,1,1,8,6,11.062301587301587,25.963095238095235
3,1,1,1,1,1,1,6,4,4,11.044742063492063,26.44345238095238
4,1,1,1,2,2,1,10,5,3,13.121626984126985,27.23690476190476
4,1,1,1,1,2,1,10,5,3,12.129662698412698,26.942857142857143
3,1,1,1,2,1,1,10,8,4,12.021031746031746,26.992261904761904
2,5,1,1,2,2,1,9,8,5,17.15109126984127,27.20654761904762
4,1,1,1,2,2,1,2,3,2,13.062103174603175,27.007738095238096
3,1,1,1,2,1,1,10,8,3,12.021031746031746,26.992261904761904
1,1,1,1,2,2,1,10,8,5,13.121626984126985,27.23690476190476
5,1,1,1,2,1,7,10,3,9,12.15,26.992261904761904
3,1,1,1,3,2,1,6,4,4,14.204365079365079,27.23392857142857
4,1,1,4,10,2,1,10,8,3,23.88154761904762,27.25595238095238
4,1,1,1,3,3,3,9,5,9,15.26626984126984,27.254761904761903
9,1,1,1,2,1,2,6,4,4,12.181646825396825,26.928571428571427
5,1,1,1,1,2,1,10,4,2,12.09920634920635,26.94404761904762
4,1,1,1,3,3,1,10,8,3,15.108630952380953,27.213095238095242
1,1,1,1,2,3,3,7,2,4,14.262103174603174,27.19345238095238
3,1,4,1,2,1,5,10,4,4,15.130753968253966,26.992261904761904
4,1,1,1,1,1,1,5,8,4,11.099900793650793,26.333333333333332
3,1,1,1,1,2,3,10,8,9,12.269642857142857,26.942857142857143
7,1,1,1,1,1,1,10,7,4,11.150694444444444,26.440476190476193
4,1,6,1,3,3,1,10,8,9,20.136309523809523,27.281547619047622
5,1,1,10,2,2,3,9,5,9,22.05793650793651,27.292261904761904
8,1,1,1,1,1,1,4,4,4,11.009126984126985,26.308928571428574
3,6,1,1,1,1,1,4,4,2,15.948809523809524,26.292857142857144
5,1,1,1,1,2,1,8,8,2,12.164484126984126,26.876190476190477
1,1,1,1,2,1,1,10,8,9,12.021031746031746,26.992261904761904
5,1,10,1,1,1,1,6,8,9,20.044444444444444,26.455357142857146
4,1,1,1,9,1,1,6,8,3,18.95922619047619,26.867261904761904
5,1,1,8,2,1,1,10,7,4,18.839781746031747,27.002976190476193
9,1,1,1,1,1,1,6,4,4,11.044742063492063,26.44345238095238
5,1,1,1,1,1,1,10,4,4,11.150694444444444,26.440476190476193
5,1,1,1,2,1,1,6,7,4,12.086011904761905,26.928571428571427
4,1,1,1,2,2,1,10,8,2,13.120932539682538,27.235714285714284
5,1,2,8,7,10,7,8,3,3,33.94047619047619,27.367857142857144
6,1,1,1,2,2,1,2,8,3,13.05406746031746,27.020238095238096
6,1,1,1,6,1,1,10,8,9,16.165079365079368,26.961309523809526
5,1,1,1,2,3,3,9,5,1,14.315277777777776,27.298809523809524
4,1,1,1,3,1,1,6,4,4,13.072718253968253,26.926785714285717
6,1,5,8,7,1,1,10,8,9,27.864980158730155,26.894642857142856
2,1,1,1,1,5,6,8,4,2,15.211309523809524,26.91547619047619
4,1,6,1,3,3,3,7,2,4,20.27172619047619,27.22321428571429
4,1,1,1,3,3,3,7,5,4,15.275496031746034,27.25595238095238
9,1,1,1,1,1,1,10,8,5,11.12420634920635,26.464880952380952
3,1,1,1,2,2,1,10,8,9,13.129166666666666,27.24404761904762
6,1,1,1,2,2,1,10,8,3,13.129166666666666,27.24404761904762
1,1,1,1,1,1,1,10,10,3,11.12420634920635,26.464880952380952
5,1,1,1,2,3,10,10,8,9,14.268551587301587,27.320833333333333
7,1,1,1,1,1,10,10,8,9,11.244642857142857,26.464880952380952
4,1,1,1,1,1,6,10,4,4,11.244642857142857,26.464880952380952
3,1,1,1,2,2,1,10,8,3,13.129166666666666,27.24404761904762
3,1,1,1,1,1,1,10,4,4,11.12420634920635,26.464880952380952
3,1,4,1,1,1,1,10,8,5,14.12251984126984,26.464880952380952
4,1,1,1,2,2,1,10,8,9,13.129166666666666,27.24404761904762
7,1,1,1,1,1,1,10,8,3,11.12420634920635,26.464880952380952
2,1,1,1,1,1,1,10,4,2,11.12420634920635,26.464880952380952
3,1,1,1,1,1,1,10,5,9,11.12420634920635,26.464880952380952
4,1,1,1,3,7,1,10,8,9,19.164484126984128,27.297619047619047
5,7,1,1,1,3,6,9,5,9,19.252380952380953,26.84583333333333
5,9,1,1,1,1,5,3,8,7,19.232539682539684,26.217857142857145
5,1,1,1,1,1,1,1,2,9,10.931448412698412,25.982738095238098
5,1,1,1,2,2,5,6,8,2,13.374900793650795,27.183928571428574
7,1,1,1,2,2,1,4,7,3,13.122916666666665,27.186309523809523
1,7,1,1,2,2,1,4,3,2,19.1328373015873,27.183928571428574
5,1,2,8,7,5,7,8,3,2,28.920138888888893,27.33154761904762
4,1,1,1,2,1,1,6,4,4,12.146924603174602,26.795238095238098
5,1,1,1,2,3,1,10,8,3,14.125694444444445,27.320833333333333
10,1,2,8,7,5,7,8,3,2,28.920138888888893,27.33154761904762
4,1,1,1,1,2,3,10,4,2,12.239980158730159,26.860714285714288
9,1,1,1,2,2,1,10,3,3,13.129166666666666,27.24404761904762
5,10,1,1,2,3,3,7,2,4,23.258928571428573,27.32916666666667
4,1,1,1,3,1,1,6,4,4,13.090972222222224,26.844642857142855
5,1,2,8,9,3,3,7,2,4,28.969146825396827,27.3
4,1,1,1,3,5,7,8,3,2,17.31468253968254,27.327380952380953
9,8,1,4,7,5,7,8,3,2,31.02529761904762,27.33154761904762
5,1,2,1,2,2,1,10,8,8,14.122420634920635,27.238690476190477
4,1,2,8,7,5,7,8,8,9,28.920138888888893,27.33154761904762
5,1,1,1,1,1,1,10,3,2,11.12420634920635,26.464880952380952
5,1,1,1,2,3,1,10,8,9,14.125694444444445,27.320833333333333
9,1,6,1,2,2,1,10,8,9,18.119742063492062,27.238690476190477
5,1,1,1,2,2,1,6,8,3,13.200694444444446,27.183928571428574
4,1,1,1,2,2,1,10,1,9,13.11547619047619,27.222619047619048
3,1,1,1,7,2,1,10,7,4,18.124603174603173,27.19166666666667
10,1,1,1,1,1,1,10,5,3,11.12420634920635,26.464880952380952
2,1,1,4,9,2,1,1,8,3,22.904761904761905,27.263690476190476
6,1,1,1,2,2,1,2,3,2,12.953273809523811,26.946428571428573
4,1,1,2,2,2,1,10,5,3,13.991765873015874,27.26904761904762
2,1,1,1,1,6,1,10,6,3,16.15843253968254,26.913690476190474
4,4,6,1,1,1,1,10,2,9,19.108531746031748,26.467261904761905
4,1,1,1,3,3,1,10,8,3,15.087202380952382,27.367857142857144
2,1,1,1,1,1,1,10,8,10,10.97123015873016,26.588095238095242
4,1,1,1,2,2,9,4,8,2,13.193452380952383,27.15892857142857
7,1,1,1,2,1,1,6,4,4,12.152380952380952,26.810119047619047
5,1,1,1,2,3,1,10,8,9,14.132043650793651,27.297023809523807
5,1,1,1,2,2,1,6,8,3,13.112400793650796,27.201785714285712
5,4,1,1,2,8,1,6,4,4,22.133829365079364,27.23095238095238
4,1,1,1,2,1,1,6,4,4,12.152380952380952,26.810119047619047
3,1,1,1,2,1,1,10,8,4,12.081547619047619,26.980357142857144
4,1,1,1,2,10,1,10,1,3,21.16299603174603,27.269642857142856
6,1,1,1,1,1,1,10,3,3,10.97123015873016,26.588095238095242
4,1,10,1,2,2,1,3,10,3,22.030853174603173,27.10892857142857
5,1,1,1,3,1,1,6,8,8,13.166765873015873,26.849404761904758
5,1,1,1,2,2,1,10,7,4,13.151884920634922,27.265476190476193
5,1,2,8,1,1,1,10,8,9,18.838690476190475,26.563095238095237
7,1,1,1,7,5,7,8,3,2,21.32559523809524,27.339880952380952
4,1,1,8,2,1,10,6,8,3,18.941269841269843,26.904761904761905
5,1,1,6,2,1,1,6,4,4,16.69672619047619,26.9625
4,5,1,8,7,5,7,8,3,2,32.02271825396825,27.3
5,1,2,8,7,5,7,8,3,2,29.020833333333332,27.3
4,1,1,8,7,5,7,10,3,2,27.996031746031747,27.30238095238095
4,1,1,1,3,3,1,10,8,3,15.087202380952382,27.367857142857144
5,1,1,1,2,1,1,5,8,9,12.09890873015873,26.797023809523807
2,9,1,1,1,1,1,6,4,4,19.092261904761905,26.476190476190474
4,1,1,9,1,1,1,10,4,2,18.807837301587302,26.564880952380953
3,9,4,1,1,1,1,10,8,9,21.967559523809523,26.588095238095242
5,1,1,8,1,2,5,10,1,3,18.977876984126986,26.900595238095242
10,1,1,1,2,1,1,1,10,9,11.987797619047619,26.402976190476192
5,1,1,1,2,7,1,10,8,3,18.124603174603173,27.29940476190476
4,1,6,1,3,1,1,10,8,9,18.16200396825397,27.008928571428573
4,1,1,1,2,1,1,6,4,4,12.152380952380952,26.810119047619047
3,1,1,1,1,2,1,10,5,3,12.180853174603175,26.892857142857146
2,1,1,1,8,1,1,6,8,3,18.08422619047619,26.879761904761903
5,1,1,1,2,7,3,10,10,3,18.257242063492065,27.29940476190476
5,1,1,3,2,1,1,10,8,9,13.872222222222224,26.866666666666667
5,1,1,1,2,3,1,3,1,3,14.058234126984127,27.20357142857143
4,1,1,8,2,2,1,4,8,7,19.901686507936507,27.23154761904762
7,1,1,1,3,2,1,10,8,3,14.18253968253968,27.38511904761905
4,5,1,1,5,3,7,2,3,2,21.137996031746034,27.225595238095234
4,5,1,8,7,5,3,2,1,4,31.963988095238097,27.314285714285717
6,1,1,1,2,1,1,10,7,4,12.081547619047619,26.980357142857144
9,1,1,1,1,1,1,3,1,1,11.090376984126985,26.314285714285717
2,1,1,1,2,2,1,2,2,4,12.880357142857141,27.047023809523807
4,1,1,1,5,3,3,7,3,2,17.280853174603173,27.284523809523808
4,1,1,1,3,3,3,7,2,4,15.247619047619049,27.419642857142854
9,1,1,1,2,2,1,10,8,9,13.151884920634922,27.265476190476193
4,1,1,1,2,5,1,10,3,3,16.14017857142857,27.314880952380953
4,1,1,2,2,2,1,10,8,3,14.065674603174603,27.225
3,1,3,1,1,1,1,10,10,3,12.968948412698413,26.588095238095242
6,1,1,1,2,1,1,10,8,4,12.081547619047619,26.980357142857144
3,1,7,1,1,1,1,10,8,9,17.153670634920637,26.564285714285717
5,1,2,1,1,1,1,10,10,4,12.153373015873017,26.564285714285717
5,1,1,1,9,1,1,6,9,4,19.073015873015873,26.942857142857143
7,8,2,8,7,5,7,8,3,2,35.946329365079364,27.281547619047622
5,1,1,1,3,2,1,2,3,2,13.967162698412698,27.04047619047619
2,1,1,1,2,2,1,6,1,3,13.057440476190475,27.219047619047622
4,1,1,1,3,3,3,8,2,4,15.357043650793651,27.384523809523806
4,1,1,1,1,1,1,10,8,9,11.154166666666667,26.564285714285717
6,2,1,3,2,3,1,10,8,3,17.039583333333333,27.320238095238096
4,1,8,1,2,2,1,2,8,3,20.127579365079363,27.034523809523808
1,1,6,1,1,1,1,10,7,4,16.153670634920637,26.564285714285717
9,1,1,3,2,1,1,10,8,9,13.840079365079365,26.911904761904765
3,1,1,1,1,1,1,10,4,4,11.154166666666667,26.564285714285717
3,1,1,1,1,9,1,10,4,4,19.185515873015873,26.94166666666667
4,1,1,1,1,1,1,10,4,3,11.154166666666667,26.564285714285717
1,1,1,1,1,1,1,10,8,10,11.154166666666667,26.564285714285717
3,1,1,6,1,1,6,10,8,9,15.947619047619048,26.634523809523806
3,1,1,2,1,9,1,10,4,4,20.047916666666666,26.92083333333333
4,1,9,3,2,2,1,6,8,3,22.942757936507938,27.235119047619047
5,1,1,1,3,3,3,7,8,4,15.266071428571427,27.27440476190476
6,6,1,1,3,2,1,2,8,9,19.032936507936505,27.10833333333333
5,1,3,1,1,1,1,10,8,3,13.153670634920635,26.564285714285717
4,5,1,8,7,5,7,3,3,2,31.942857142857143,27.281547619047622
4,1,1,1,2,3,1,10,8,3,14.233829365079364,27.311309523809523
7,1,1,10,2,2,2,4,2,4,21.882936507936506,27.265476190476193
4,1,1,1,3,3,3,7,8,2,15.266071428571427,27.27440476190476
6,5,1,1,1,1,1,10,8,9,15.153571428571428,26.564285714285717
7,1,1,1,2,2,1,2,8,3,13.06031746031746,26.985714285714284
9,1,1,6,2,2,1,10,8,3,17.839087301587302,27.250595238095237
1,1,1,3,3,3,1,1,8,9,16.96438492063492,27.26666666666667
5,1,1,1,1,1,1,10,7,4,11.154166666666667,26.564285714285717
9,1,1,1,2,8,1,6,8,3,19.11170634920635,27.239285714285717
7,1,1,1,3,2,3,10,8,2,14.291369047619048,27.1375
2,1,7,1,1,1,1,10,8,9,17.153670634920637,26.564285714285717
4,5,1,8,7,5,7,2,3,2,31.968154761904763,27.275595238095242
4,1,1,1,1,1,1,10,8,9,11.154166666666667,26.564285714285717
4,1,1,1,3,3,3,7,2,4,15.266071428571427,27.27440476190476
4,1,7,1,3,3,5,10,8,3,21.316468253968253,27.280952380952378
4,9,1,1,2,2,3,8,8,3,21.299603174603174,27.235119047619047
1,1,1,1,2,2,1,10,1,3,13.13125,27.344642857142855
5,1,1,1,2,1,1,10,4,4,12.092261904761905,26.88511904761905
3,1,1,1,1,1,1,6,8,3,11.072718253968254,26.400595238095242
4,1,1,1,3,2,3,10,8,9,14.291369047619048,27.1375
7,1,1,1,3,2,1,10,1,9,14.158134920634922,27.267857142857146
5,1,1,1,2,9,1,6,4,2,20.07767857142857,27.24821428571429
7,1,1,4,2,2,1,4,3,4,15.946230158730156,27.282738095238095
7,1,1,1,1,3,1,10,8,9,13.13720238095238,26.97738095238095
5,5,1,1,2,1,1,10,8,10,16.07936507936508,26.867857142857144
4,1,1,1,3,3,3,9,5,9,15.27331349206349,27.27857142857143
1,2,4,1,2,2,1,10,8,9,17.182738095238097,27.332142857142856
2,1,3,1,1,1,1,10,8,9,13.149801587301587,26.542261904761904
1,1,7,1,2,1,1,10,8,9,18.140575396825398,27.047619047619047
7,1,7,1,1,1,1,10,4,4,17.148809523809526,26.542261904761904
3,1,1,1,2,2,2,4,8,5,13.211309523809524,27.146428571428572
3,1,1,1,1,1,1,10,8,9,11.151785714285714,26.542261904761904
5,1,1,1,7,1,1,5,8,5,17.133035714285715,26.911904761904758
4,1,1,1,2,2,1,7,2,9,13.132539682539683,27.204761904761902
5,1,1,7,1,8,1,10,8,2,23.896527777777777,26.91428571428571
5,1,2,8,7,5,5,8,3,2,28.81855158730159,27.280952380952378
5,1,6,1,2,1,1,6,4,4,17.076488095238098,26.89761904761905
4,1,1,10,3,3,1,10,8,9,23.828968253968252,27.28809523809524
4,1,1,1,1,1,1,10,8,3,11.151785714285714,26.542261904761904
3,1,1,1,2,5,10,8,3,2,16.248214285714287,27.282142857142855
5,1,2,8,7,1,1,10,8,4,24.733730158730157,26.988690476190477
5,1,2,8,7,3,7,3,1,3,26.979960317460318,27.307142857142857
5,1,1,1,2,1,1,3,3,5,12.092857142857143,26.748809523809523
5,1,1,1,2,2,1,6,8,2,13.156150793650792,27.16845238095238
7,1,1,1,10,2,1,4,8,3,21.0625,27.326190476190476
4,1,1,1,2,2,1,6,4,4,13.156150793650792,27.16845238095238
5,1,1,10,2,1,1,10,8,3,20.729761904761904,27.036904761904758
2,1,1,1,3,3,3,9,10,9,15.250496031746033,27.270238095238096
4,1,1,1,1,1,1,10,8,10,11.151785714285714,26.542261904761904
5,1,1,1,2,2,1,9,8,3,13.137996031746033,27.244642857142857
6,1,1,1,2,1,1,10,8,9,12.143948412698412,27.047619047619047
3,1,9,1,3,3,1,10,8,3,23.120734126984125,27.26904761904762
4,1,1,1,1,2,1,10,5,3,12.115873015873015,26.906547619047622
2,1,1,1,2,3,2,10,8,9,14.236408730158729,27.320833333333333
5,1,1,1,2,2,1,4,8,2,13.085218253968254,27.146428571428572
2,1,1,1,1,1,1,10,1,9,11.115277777777777,26.547619047619047
7,1,2,1,1,1,1,10,8,10,12.150496031746032,26.542261904761904
6,1,1,7,3,1,1,10,8,3,18.935119047619047,27.005357142857143
3,4,1,1,4,1,1,10,3,3,17.13829365079365,26.85833333333333
5,1,1,1,1,1,7,4,3,2,11.175198412698412,26.310119047619047
4,5,1,8,1,3,1,6,8,9,23.816666666666666,26.89404761904762
4,1,1,1,2,2,1,2,3,2,13.111805555555554,27.034523809523808
2,1,1,1,2,9,1,10,1,3,20.115376984126986,27.310714285714283
3,1,1,1,1,1,1,10,4,4,11.151785714285714,26.542261904761904
5,1,1,1,1,1,1,1,2,9,10.878174603174603,26.032738095238095
3,1,1,1,1,1,7,10,8,9,11.279960317460318,26.542261904761904
3,1,1,1,1,5,1,10,4,4,15.09375,26.967857142857145
5,1,1,1,1,1,1,1,2,9,10.878174603174603,26.032738095238095
5,1,1,1,2,2,1,10,8,9,13.165376984126985,27.27916666666667
4,1,1,1,2,1,1,6,4,4,12.079960317460316,26.898809523809526
9,1,1,1,2,1,1,6,4,4,12.079960317460316,26.898809523809526
5,1,1,1,1,1,1,10,8,9,11.151785714285714,26.542261904761904
5,1,5,1,1,1,1,1,2,9,14.987896825396826,26.019642857142856
2,9,1,1,1,2,1,10,3,9,20.113492063492064,26.906547619047622
7,3,1,1,1,8,1,8,5,3,20.162103174603175,26.95416666666667
3,1,1,1,1,2,1,10,4,2,12.113194444444444,26.919642857142854
9,1,1,6,1,1,1,10,4,4,15.968055555555555,26.661904761904765
3,1,10,1,1,1,1,10,8,9,20.097916666666666,26.517261904761902
5,1,1,1,2,3,1,10,8,9,14.146329365079364,27.31904761904762
6,1,1,1,2,2,1,4,8,2,13.092757936507937,27.160119047619048
3,1,1,1,2,2,1,2,8,3,13.132837301587301,27.055357142857144
4,1,1,1,2,2,1,1,2,9,12.93422619047619,26.88154761904762
5,1,1,1,1,1,1,7,8,3,11.16468253968254,26.5125
5,1,1,1,2,2,1,9,8,9,13.097619047619048,27.273214285714282
3,1,1,1,2,2,1,10,8,9,13.16577380952381,27.223809523809525
3,1,1,1,1,1,1,10,8,4,11.099702380952381,26.51904761904762
3,1,1,1,1,1,1,10,8,3,11.099702380952381,26.51904761904762
9,1,1,1,4,1,1,10,8,4,14.119642857142859,27.042857142857144
2,5,1,1,1,1,1,10,7,4,15.097718253968253,26.517261904761902
5,1,1,1,2,3,1,10,8,3,14.169146825396826,27.333333333333332
4,1,1,5,2,2,1,6,8,3,16.933531746031747,27.223809523809525
4,1,1,1,2,2,1,10,8,9,13.16577380952381,27.223809523809525
2,1,1,2,1,1,1,10,3,3,12.057638888888889,26.51309523809524
4,1,1,1,2,1,1,10,8,3,12.138293650793651,26.939285714285717
7,1,1,1,3,4,1,6,4,4,16.10654761904762,27.247023809523807
5,1,8,1,2,1,1,6,8,3,19.11418650793651,26.894642857142856
5,8,1,1,2,1,1,10,7,9,19.135714285714286,26.945238095238096
2,1,1,1,1,1,1,10,8,6,11.099702380952381,26.51904761904762
7,1,1,1,2,1,3,10,10,3,12.279265873015873,26.939285714285717
4,1,3,1,1,1,1,10,7,4,13.098313492063491,26.517261904761902
5,1,1,1,2,2,1,6,4,4,13.100099206349205,27.20357142857143
10,5,1,1,1,1,1,10,7,4,15.097718253968253,26.517261904761902
9,1,1,8,7,8,7,2,3,2,30.827579365079366,27.247023809523807
3,1,1,1,1,1,1,10,8,9,11.099702380952381,26.51904761904762
3,1,1,1,1,1,1,10,8,9,11.099702380952381,26.51904761904762
3,1,1,1,1,1,6,10,8,9,11.234027777777778,26.51904761904762
7,1,1,1,3,4,3,10,8,5,16.33065476190476,27.230357142857144
3,1,1,1,2,1,1,9,5,9,12.123611111111112,26.882738095238096
4,1,1,1,3,3,3,10,8,4,15.229166666666666,27.222023809523808
2,1,1,1,1,1,3,10,8,9,11.23154761904762,26.51904761904762
7,1,1,4,1,2,1,10,8,9,15.019345238095237,26.875
6,1,1,1,1,9,1,10,8,9,19.175595238095237,26.892857142857146
2,1,10,1,2,2,1,10,8,2,22.150099206349203,27.190476190476193
3,1,1,1,1,1,1,9,4,4,11.170535714285714,26.60238095238095
3,1,1,1,1,1,1,10,8,9,11.099702380952381,26.51904761904762
4,1,1,1,1,6,1,10,4,4,16.185714285714287,26.927976190476194
3,1,1,1,3,9,3,9,5,9,21.293154761904763,27.232738095238098
7,1,1,1,8,2,1,10,3,3,19.13779761904762,27.382142857142856
4,1,1,1,2,2,7,4,8,7,13.24126984126984,27.160119047619048
1,1,1,7,2,2,1,10,5,3,18.87906746031746,27.226190476190474
3,1,1,1,7,2,1,10,8,3,18.131746031746033,27.34642857142857
5,1,1,1,1,2,1,10,4,2,12.126190476190477,26.973214285714285
10,1,1,5,1,1,1,10,8,9,14.98075396825397,26.651190476190475
3,1,1,1,2,2,1,2,8,3,13.132837301587301,27.055357142857144
6,1,1,1,4,1,1,10,8,3,14.119642857142859,27.042857142857144
3,1,1,1,1,1,1,1,2,9,10.987896825396826,25.98154761904762
5,6,1,1,2,1,1,10,8,4,17.13501984126984,26.952976190476193
8,1,1,1,2,2,1,10,8,10,13.06875,27.173809523809524
8,1,1,1,1,1,1,10,8,9,11.159821428571428,26.588095238095242
5,1,1,1,2,2,1,6,8,9,13.13640873015873,27.160714285714285
1,1,1,1,2,2,1,10,3,3,13.06875,27.173809523809524
4,1,2,1,2,1,1,7,7,4,13.159623015873015,26.882142857142856
4,1,1,1,2,2,1,10,8,3,13.06875,27.173809523809524
3,1,1,1,2,1,1,10,8,9,12.152380952380952,26.922023809523807
10,1,1,4,2,1,1,10,8,4,14.915178571428573,26.864285714285717
4,1,1,1,2,2,7,10,8,9,13.1875,27.173809523809524
1,1,1,1,3,3,3,7,2,4,15.166369047619048,27.33154761904762
1,1,1,1,2,2,1,10,2,3,13.072321428571428,27.196428571428573
4,1,1,1,2,2,1,10,8,3,13.06875,27.173809523809524
2,1,1,1,2,3,1,10,8,3,14.186904761904762,27.232142857142854
5,1,2,8,7,5,7,8,3,2,28.9625,27.332142857142856
3,1,1,1,2,1,1,6,4,3,12.126388888888888,26.93809523809524
2,1,1,1,1,1,1,10,8,4,11.159821428571428,26.588095238095242
4,1,1,1,2,4,1,10,5,3,15.189781746031747,27.27440476190476
3,1,1,1,1,2,1,10,1,3,12.176686507936507,26.86309523809524
9,1,1,1,8,1,1,10,7,4,18.09365079365079,26.914285714285718
5,1,1,1,1,1,1,10,7,4,11.159821428571428,26.588095238095242
6,1,1,1,2,2,1,10,8,9,13.06875,27.173809523809524
7,1,1,1,3,2,3,2,8,3,14.144345238095237,27.126785714285717
4,4,1,1,7,5,7,2,9,2,24.14186507936508,27.307738095238097
4,5,1,8,1,1,8,10,8,9,21.917261904761908,26.605357142857144
3,1,2,1,2,1,1,10,8,9,13.181150793650795,26.94940476190476
5,1,1,1,1,1,1,10,8,9,11.159821428571428,26.588095238095242
1,1,1,1,3,1,4,8,5,9,13.193948412698413,26.932142857142857
4,1,1,1,2,1,1,10,8,8,12.152380952380952,26.922023809523807
1,1,1,1,2,2,1,2,3,2,13.059821428571428,26.91845238095238
2,1,1,1,2,2,1,10,8,3,13.06875,27.173809523809524
1,1,1,1,2,1,1,10,8,10,12.152380952380952,26.922023809523807
4,1,1,1,1,1,9,4,8,9,11.204464285714286,26.3
4,1,1,1,3,3,3,9,9,9,15.151190476190475,27.295238095238098
4,1,1,1,3,3,1,1,8,3,14.963690476190475,27.12083333333333
7,1,1,1,2,2,6,2,8,3,13.246428571428572,26.91845238095238
6,1,1,1,2,2,1,4,8,2,13.112698412698412,27.123809523809523
6,1,1,1,3,3,1,6,8,3,15.044742063492063,27.298809523809524
5,1,1,1,2,2,1,10,8,3,13.06875,27.173809523809524
5,1,1,1,2,2,1,5,8,3,13.142559523809524,27.063690476190477
5,1,1,8,2,2,1,10,8,9,19.824107142857144,27.251190476190477
5,1,1,1,2,1,1,6,4,4,12.126388888888888,26.93809523809524
5,1,1,1,2,1,1,4,4,4,12.083630952380952,26.78333333333333
1,1,1,1,2,1,1,10,8,9,12.152380952380952,26.922023809523807
2,1,1,1,1,1,1,10,8,9,11.159821428571428,26.588095238095242
2,8,1,1,1,3,1,10,8,3,20.218849206349205,26.888690476190476
4,1,1,1,2,1,1,10,8,9,12.152380952380952,26.922023809523807
4,1,1,1,1,1,1,10,8,9,11.159821428571428,26.588095238095242
9,6,1,1,2,2,1,10,8,9,18.058531746031747,27.163690476190474
5,1,1,1,2,1,1,6,4,4,12.126388888888888,26.93809523809524
8,1,2,1,1,1,1,10,7,4,12.157738095238095,26.592261904761905
5,1,1,1,1,1,10,1,2,9,11.137698412698413,25.917261904761904
7,1,1,1,3,2,3,10,8,9,14.328075396825398,27.327380952380953
2,1,1,1,1,1,1,1,2,9,11.02797619047619,25.917261904761904
5,1,1,1,2,2,1,10,6,3,13.102777777777778,27.33095238095238
4,2,1,1,2,2,1,10,5,3,14.093849206349208,27.354761904761904
1,1,1,1,1,2,1,10,3,3,12.170535714285714,26.99821428571429
5,1,1,1,2,3,3,7,2,4,14.294543650793651,27.248214285714283
9,1,1,1,3,1,1,6,4,4,13.130654761904761,27.023809523809526
2,1,1,1,1,1,1,10,8,9,11.041567460317461,26.583928571428572
7,1,1,1,3,2,3,10,8,10,14.328075396825398,27.327380952380953
9,1,1,1,2,2,1,10,8,9,13.102777777777778,27.33095238095238
9,6,1,6,10,1,1,10,7,4,29.932837301587302,27.048214285714284
3,1,1,1,2,6,1,10,1,3,17.125992063492063,27.156547619047622
4,1,1,1,2,1,1,10,8,4,12.1703373015873,26.970238095238095
5,1,1,1,1,1,1,10,8,9,11.041567460317461,26.583928571428572
2,1,1,1,2,2,1,2,3,2,12.996329365079365,26.816071428571426
5,1,1,1,3,1,6,2,1,3,13.130853174603175,26.656547619047622
2,8,2,8,7,5,7,8,3,2,35.97916666666667,27.411904761904758
6,1,6,1,1,1,3,4,3,3,16.238888888888887,26.298809523809524
5,1,1,1,1,1,1,10,8,9,11.041567460317461,26.583928571428572
3,1,1,1,3,3,1,10,8,4,15.11706349206349,27.35
4,1,1,1,1,1,1,10,8,3,11.041567460317461,26.583928571428572
4,1,1,1,2,2,1,2,8,3,12.996329365079365,26.816071428571426
6,1,1,1,3,3,3,7,6,4,15.346130952380951,27.414285714285718
6,1,5,1,1,1,1,10,8,9,15.034424603174603,26.5875
5,1,1,1,2,1,1,10,3,3,12.1703373015873,26.970238095238095
1,1,1,1,1,1,1,10,8,5,11.041567460317461,26.583928571428572
3,1,1,1,2,1,1,8,8,9,12.191567460317462,26.838690476190475
5,1,1,1,2,8,1,2,8,3,19.045833333333334,27.186309523809523
5,1,1,1,2,2,1,6,3,3,13.120337301587302,27.190476190476193
5,1,1,6,2,2,1,10,8,3,17.87986111111111,27.263690476190476
4,1,1,1,2,3,1,10,8,9,14.17013888888889,27.301785714285717
5,1,1,2,2,1,8,10,8,5,13.223313492063491,26.958333333333332
2,1,1,1,1,5,1,10,8,9,15.166666666666666,27.01190476190476
5,1,2,8,7,5,7,8,5,2,28.978571428571428,27.411904761904758
7,1,1,1,1,1,1,8,3,2,11.153769841269842,26.642261904761902
5,1,1,1,2,1,1,10,8,4,12.1703373015873,26.970238095238095
5,1,1,1,1,1,1,10,7,9,11.041567460317461,26.583928571428572
4,4,1,1,1,1,1,9,4,4,14.108928571428573,26.582142857142856
5,10,1,1,3,3,3,9,5,9,24.33799603174603,27.36488095238095
3,1,1,1,1,1,1,10,7,4,11.041567460317461,26.583928571428572
5,1,1,1,4,3,1,10,4,5,16.147222222222222,27.317857142857143
4,1,1,1,3,3,3,9,5,4,15.340277777777777,27.36488095238095
4,1,1,1,3,3,3,7,2,9,15.377579365079365,27.432738095238097
7,1,1,1,3,1,1,10,8,10,13.083630952380952,26.898809523809526
3,1,1,4,1,1,9,10,8,5,13.871428571428572,26.679761904761904
7,1,1,1,7,5,5,2,3,2,21.071428571428573,27.323809523809523
4,5,1,8,3,2,3,10,4,9,24.977579365079364,27.321428571428573
3,1,1,1,5,1,1,1,8,9,14.909126984126985,26.61488095238095
5,1,1,1,2,1,1,10,8,9,12.1703373015873,26.970238095238095
5,2,2,8,7,5,7,8,3,8,29.923412698412697,27.40357142857143
10,3,2,8,7,5,7,8,3,2,30.923809523809524,27.40357142857143
3,1,1,1,2,2,1,10,8,9,13.156448412698413,27.182142857142857
5,1,1,6,2,2,1,9,8,9,17.862103174603174,27.20595238095238
5,1,1,1,2,1,1,6,4,6,12.188392857142857,26.826190476190476
4,1,1,1,2,1,1,6,4,4,12.188392857142857,26.826190476190476
4,1,1,2,2,2,1,10,8,3,14.101984126984126,27.152976190476192
4,9,1,1,1,9,4,10,8,9,27.265575396825398,26.865476190476194
9,1,1,1,1,1,1,10,8,9,11.156944444444445,26.496428571428574
5,8,1,1,1,1,1,1,6,10,18.059920634920637,25.94166666666667
4,1,1,8,7,5,7,2,3,2,27.925892857142856,27.417857142857144
4,5,1,1,2,1,1,6,4,4,16.143055555555556,26.84583333333333
5,1,1,1,3,3,3,7,2,4,15.274404761904762,27.24345238095238
4,1,1,1,2,1,1,3,1,3,12.01954365079365,26.583333333333332
4,1,9,10,2,2,1,10,8,5,29.75605158730159,27.23690476190476
5,1,1,1,2,2,1,10,3,3,13.156448412698413,27.182142857142857
4,1,1,1,3,3,3,7,2,4,15.274404761904762,27.24345238095238
5,1,1,1,2,2,1,10,1,3,13.178571428571427,27.161904761904758
4,1,2,1,3,3,3,9,5,9,16.243353174603175,27.207738095238096
4,1,1,1,10,3,3,7,2,4,22.249702380952378,27.406547619047622
6,9,1,3,1,1,1,10,3,4,20.89593253968254,26.575595238095236
5,1,1,1,2,1,1,6,4,3,12.188392857142857,26.826190476190476
4,1,1,1,2,2,1,10,3,3,13.156448412698413,27.182142857142857
4,1,1,1,1,2,1,10,8,3,12.19186507936508,26.90416666666667
9,1,1,1,2,1,1,10,8,9,12.157936507936508,26.89404761904762
5,1,9,1,2,2,1,10,8,9,21.129464285714285,27.190476190476193
5,1,1,1,1,1,1,1,2,9,11.057837301587302,26.00059523809524
2,3,1,1,2,1,3,10,10,3,14.304464285714285,26.89404761904762
4,10,3,1,2,3,1,10,6,3,25.15545634920635,27.182142857142857
3,1,1,7,1,1,1,10,8,3,16.644642857142856,26.56190476190476
5,1,1,1,2,1,1,6,4,5,12.188392857142857,26.826190476190476
5,1,1,1,1,1,1,10,7,4,11.156944444444445,26.496428571428574
5,1,1,1,1,1,1,10,8,9,11.156944444444445,26.496428571428574
3,1,1,1,2,1,1,7,1,3,12.080059523809524,26.797619047619047
5,1,1,1,2,2,1,1,2,9,13.073809523809524,26.8625
5,1,1,1,1,1,1,10,8,9,11.156944444444445,26.496428571428574
9,1,1,1,2,2,1,10,10,9,13.156448412698413,27.182142857142857
3,1,1,1,4,1,1,10,8,9,14.090376984126985,26.843452380952378
5,1,1,1,2,3,1,10,8,3,14.15704365079365,27.182142857142857
4,5,1,1,2,2,1,10,3,9,17.12876984126984,27.190476190476193
5,1,1,1,1,1,1,10,8,2,11.156944444444445,26.496428571428574
3,1,1,8,1,1,1,1,2,9,17.69345238095238,26.557142857142857
6,1,7,1,3,2,1,10,8,3,20.13204365079365,27.29404761904762
7,1,1,1,2,1,1,10,8,3,12.157936507936508,26.89404761904762
5,1,1,1,3,2,1,10,8,9,14.134027777777778,27.29404761904762
1,1,1,1,2,1,7,10,8,9,12.310515873015873,26.89404761904762
5,1,1,1,1,1,1,1,8,9,11.057837301587302,26.00059523809524
5,1,8,1,2,1,1,10,2,9,19.12936507936508,26.901190476190475
4,1,1,1,2,2,1,10,8,9,13.156448412698413,27.182142857142857
1,1,1,1,2,2,1,10,8,3,13.156448412698413,27.182142857142857
5,1,1,4,2,3,1,6,8,3,16.971329365079363,27.327976190476193
5,1,1,1,2,2,1,10,8,9,13.205555555555554,27.241071428571427
5,1,1,1,2,1,1,6,4,1,12.10545634920635,26.873809523809523
5,1,1,1,1,1,1,1,2,9,11.019642857142857,26.04583333333333
5,1,1,1,2,1,5,3,1,4,12.196924603174603,26.701785714285712
9,1,1,1,1,1,1,10,2,3,11.13859126984127,26.507142857142856
5,1,1,1,2,2,1,10,8,3,13.204761904761904,27.246428571428574
1,1,9,8,6,5,7,8,3,2,35.02867063492064,27.390476190476193
5,1,2,8,7,5,7,8,3,2,29.02857142857143,27.390476190476193
4,5,1,8,7,9,7,2,3,2,36.01259920634921,27.390476190476193
5,1,1,1,1,1,1,1,7,3,11.034027777777778,26.05238095238095
3,1,1,9,1,5,1,10,5,9,22.87013888888889,27.110119047619047
6,1,1,1,1,6,1,10,3,9,16.09295634920635,27.04583333333333
1,1,1,1,2,2,1,10,8,3,13.204761904761904,27.246428571428574
9,1,1,2,2,1,1,6,4,4,13.011507936507936,26.820833333333333
5,2,10,1,2,1,1,10,8,4,22.105158730158728,26.948214285714283
9,1,1,1,2,1,3,8,6,3,12.20515873015873,26.97738095238095
2,1,1,1,1,8,1,10,7,4,18.145833333333336,27.001785714285717
3,1,1,1,3,3,1,7,2,4,15.107242063492063,27.326190476190476
4,1,1,1,1,1,1,10,8,9,11.145932539682539,26.53809523809524
5,1,1,1,1,1,1,10,8,9,11.145932539682539,26.53809523809524
1,1,1,1,2,2,1,1,2,9,13.073809523809524,26.979166666666668
7,1,1,1,2,2,1,7,2,4,13.081944444444446,27.22797619047619
4,1,1,1,3,3,3,4,8,2,15.319146825396825,27.22738095238095
3,1,1,1,1,1,1,10,8,3,11.145932539682539,26.53809523809524
3,1,1,1,1,1,1,10,8,9,11.145932539682539,26.53809523809524
1,7,1,1,2,2,1,4,8,2,19.09890873015873,27.10654761904762
7,1,1,1,2,9,1,10,8,3,20.21140873015873,27.332738095238096
1,6,1,1,2,1,10,10,8,9,17.312301587301587,26.98154761904762
1,1,1,1,2,2,1,10,8,9,13.205555555555554,27.241071428571427
3,1,1,1,2,3,8,10,8,9,14.349801587301588,27.297619047619047
5,1,1,1,2,1,1,10,8,4,12.110515873015874,26.94940476190476
4,1,1,1,2,2,1,2,3,3,13.07043650793651,26.97083333333333
6,1,1,1,3,3,1,10,3,3,15.113888888888889,27.384523809523806
4,1,1,1,2,2,1,10,8,9,13.205555555555554,27.241071428571427
5,1,1,1,3,3,3,7,2,4,15.254761904761903,27.320238095238096
5,1,10,1,2,3,1,10,1,9,23.133234126984128,27.16845238095238
5,1,1,1,2,2,1,10,3,6,13.201884920634921,27.24583333333333
9,1,1,1,1,3,1,8,3,2,13.208531746031747,26.997619047619047
5,1,2,8,7,5,7,10,4,2,29.028472222222224,27.390476190476193
7,1,1,1,2,2,1,10,3,3,13.20486111111111,27.248214285714283
4,1,1,1,2,2,1,4,5,4,13.051190476190476,27.107738095238098
1,2,1,1,1,1,1,10,8,9,12.1453373015873,26.53809523809524
3,7,1,1,2,2,1,10,8,9,19.205059523809524,27.23392857142857
6,6,1,1,1,1,1,3,1,3,15.992162698412699,26.385714285714283
5,1,1,10,2,4,1,10,3,3,23.904166666666665,27.28809523809524
4,1,8,1,2,2,1,2,8,3,20.036507936507938,26.95
6,10,1,1,3,3,3,5,2,4,24.224206349206348,27.322023809523806
5,1,1,1,2,2,1,10,3,3,13.20486111111111,27.248214285714283
4,1,1,1,1,1,1,10,4,4,11.145932539682539,26.53809523809524
7,1,1,1,3,10,1,10,8,9,22.186607142857145,27.42440476190476
1,1,1,1,2,2,9,10,8,3,13.320634920634921,27.257142857142856
1,1,1,1,2,2,1,10,4,9,13.18452380952381,27.257142857142856
9,5,1,1,7,1,1,10,5,9,21.129265873015875,26.927976190476194
5,1,1,1,2,2,1,10,1,3,13.127579365079365,27.217857142857145
4,1,2,8,1,5,7,8,3,2,22.93759920634921,26.932142857142857
4,1,1,9,2,10,1,10,8,3,28.75208333333333,27.294642857142854
5,1,1,1,2,1,1,6,8,3,12.067460317460318,26.84821428571429
5,1,2,1,1,1,1,10,8,3,12.067162698412698,26.48392857142857
3,6,1,8,7,5,7,8,3,2,33.062599206349205,27.31845238095238
4,1,1,1,3,10,3,7,2,4,22.242559523809526,27.348214285714285
4,1,1,1,3,3,3,1,5,9,15.116666666666665,27.14702380952381
4,1,1,10,1,1,5,1,8,5,19.914980158730156,26.520238095238096
3,1,1,1,2,1,1,6,4,4,12.067460317460318,26.84821428571429
6,1,1,1,2,2,1,10,8,9,13.18452380952381,27.257142857142856
5,1,1,1,1,1,1,2,8,3,11.083333333333332,26.149404761904766
4,1,1,1,2,2,1,2,8,3,12.998511904761903,27.009523809523806
6,1,1,1,2,2,1,10,3,3,13.18452380952381,27.257142857142856
3,1,1,1,2,1,1,10,8,5,12.10109126984127,26.945238095238096
6,1,1,1,2,1,1,10,8,4,12.10109126984127,26.945238095238096
4,1,1,1,2,3,1,10,8,9,14.19265873015873,27.236309523809524
5,1,1,1,1,1,1,10,8,9,11.069444444444445,26.458928571428572
6,1,5,1,9,1,3,10,8,9,23.326785714285712,26.972023809523808
4,1,1,1,1,1,1,10,3,3,11.069444444444445,26.458928571428572
5,1,1,1,1,1,1,1,2,9,11.003670634920635,25.98154761904762
4,1,1,1,3,3,3,9,5,9,15.319444444444446,27.357738095238098
9,1,10,1,2,1,1,2,3,2,21.023611111111112,26.54642857142857
2,1,1,1,2,2,1,2,3,2,12.998511904761903,27.009523809523806
6,5,1,1,2,5,7,8,3,2,20.19623015873016,27.282142857142855
5,1,2,8,7,2,1,2,8,3,25.92371031746032,27.30595238095238
1,1,1,1,2,2,1,1,3,2,12.884126984126985,26.95059523809524
2,4,1,1,2,2,1,10,8,3,16.182440476190475,27.257142857142856
6,1,1,1,2,2,1,10,7,4,13.18452380952381,27.257142857142856
9,5,1,3,5,1,7,2,8,3,21.029265873015873,26.91428571428571
6,1,2,1,2,1,1,6,8,9,13.06875,26.8375
4,1,1,1,3,3,3,7,6,4,15.246329365079365,27.325595238095236
10,1,1,1,3,3,3,7,2,4,15.246329365079365,27.325595238095236
4,1,1,1,1,1,1,10,8,9,11.069444444444445,26.458928571428572
4,1,1,1,2,2,1,6,8,3,13.104365079365078,27.123809523809523
5,1,1,1,2,1,1,6,4,4,12.067460317460318,26.84821428571429
5,1,2,8,7,5,9,8,3,4,29.062896825396827,27.31845238095238
3,1,1,1,1,1,1,10,4,2,11.079265873015874,26.445238095238096
2,1,1,1,1,1,1,10,8,3,11.069444444444445,26.458928571428572
3,1,9,6,2,2,1,7,3,9,25.7828373015873,27.150595238095235
3,6,1,1,2,8,1,6,8,3,24.0906746031746,27.31904761904762
4,2,1,1,2,3,7,10,8,4,15.337103174603175,27.236309523809524
7,1,1,1,2,2,1,10,8,2,13.18452380952381,27.257142857142856
4,1,1,1,1,1,1,10,8,9,11.069444444444445,26.458928571428572
4,10,1,1,2,7,1,6,4,3,27.08184523809524,27.26607142857143
4,1,3,1,2,2,1,10,1,4,15.122321428571428,27.217261904761905
4,1,1,1,2,8,1,10,2,3,19.205555555555556,27.32261904761905
1,1,1,1,2,3,1,10,8,3,14.205853174603174,27.392857142857146
4,1,1,1,2,1,1,6,7,9,12.169246031746031,26.832142857142856
4,1,1,1,1,1,1,2,6,4,11.067162698412698,26.271428571428572
5,1,1,8,2,1,1,10,8,9,18.960714285714285,26.861309523809524
5,1,1,1,2,5,1,6,8,3,16.08422619047619,27.333928571428572
6,1,1,1,2,2,1,10,3,3,13.143253968253967,27.247023809523807
4,1,1,1,1,1,1,10,3,3,11.154960317460318,26.58154761904762
2,1,1,1,1,1,1,10,5,9,11.14454365079365,26.564880952380953
3,1,1,1,2,2,1,9,8,10,13.103075396825398,27.2875
4,1,8,10,2,1,1,6,4,4,27.84454365079365,26.81428571428571
4,1,1,1,3,3,1,10,8,3,15.14672619047619,27.329761904761902
7,1,1,1,2,1,3,10,10,3,12.196130952380951,26.857738095238098
2,8,1,1,2,2,1,4,8,2,20.09265873015873,27.14404761904762
2,1,1,1,2,1,1,10,7,4,12.068253968253968,26.857738095238098
9,1,1,1,1,1,3,10,10,3,11.279563492063492,26.564880952380953
3,1,1,1,2,2,1,9,8,9,13.103075396825398,27.2875
3,1,1,1,2,2,1,9,8,9,13.103075396825398,27.2875
4,1,1,1,2,1,1,6,4,9,12.167361111111111,26.817857142857143
2,1,1,1,1,1,1,10,8,4,11.14454365079365,26.564880952380953
3,1,1,4,1,1,1,1,2,9,13.828174603174602,26.348214285714285
5,1,1,1,1,1,1,10,4,4,11.14454365079365,26.564880952380953
4,1,1,1,1,2,8,10,6,2,12.3015873015873,26.848809523809525
9,1,1,1,3,3,3,7,2,4,15.364384920634922,27.372619047619047
2,1,1,1,2,2,10,2,3,2,13.123611111111112,26.992857142857144
9,1,1,1,2,2,1,8,8,9,13.162996031746033,27.259523809523806
4,1,1,1,1,1,1,10,8,9,11.14454365079365,26.564880952380953
4,1,10,1,3,3,3,7,2,4,24.343551587301587,27.35595238095238
9,1,2,8,3,3,1,10,8,3,22.815873015873017,27.401190476190475
8,1,1,6,7,5,7,8,3,2,25.931150793650794,27.26011904761905
3,1,1,1,2,1,3,9,10,3,12.260515873015873,26.904761904761905
2,1,3,1,1,1,1,10,8,3,13.143452380952379,26.564880952380953
3,1,1,1,9,1,1,10,8,9,19.04484126984127,26.997619047619047
5,1,1,1,1,1,1,10,8,9,11.14454365079365,26.564880952380953
2,1,1,1,2,2,1,10,8,9,13.143253968253967,27.247023809523807
5,7,1,1,2,2,1,2,3,2,18.985515873015874,27.038690476190474
5,1,2,1,2,1,1,5,4,4,13.144345238095237,26.817261904761903
5,1,1,8,2,7,1,7,8,9,24.941468253968253,27.26190476190476
4,1,1,1,2,2,1,10,1,3,13.185714285714287,27.198809523809523
5,1,1,1,1,1,1,10,7,4,11.14454365079365,26.564880952380953
2,1,1,1,1,10,1,10,7,4,20.119742063492062,26.92440476190476
5,1,1,1,1,1,1,10,8,9,11.14454365079365,26.564880952380953
5,1,1,1,2,1,1,6,4,4,12.167361111111111,26.817857142857143
4,1,1,1,1,9,1,1,2,9,18.93561507936508,26.607142857142854
4,1,1,1,2,1,1,10,8,5,12.068253968253968,26.857738095238098
5,1,3,7,2,2,1,10,3,3,20.886111111111113,27.269642857142856
5,1,2,1,2,3,1,10,8,9,15.204265873015874,27.392857142857146
3,1,1,1,3,3,3,9,5,3,15.31626984126984,27.325
4,1,5,1,2,2,1,10,8,9,17.143055555555556,27.241071428571427
5,1,1,1,1,1,1,9,1,3,11.046924603174604,26.541666666666668
