generation,individual_index,post_loading_buffer_capacity,post_conveyor_buffer_capacity,post_washing_buffer_capacity,pre_press1_buffer_capacity,pre_press2_buffer_capacity,post_press12_buffer_capacity,wip,throughput
0,0,5,3,7,5,5,4,31.034126984126985,27.457142857142856
0,1,2,2,9,4,8,4,31.05,27.461904761904762
0,2,4,2,1,4,3,10,20.175992063492064,27.38809523809524
0,3,2,3,8,5,7,7,30.984920634920634,27.410714285714285
0,4,6,1,10,4,7,1,33.9,27.45714285714286
0,5,8,1,2,3,2,2,22.156150793650795,27.173809523809524
0,6,5,5,2,4,6,9,27.982936507936508,27.347619047619048
0,7,9,4,7,5,3,1,33.862698412698414,27.375
0,8,5,2,1,2,7,8,23.22579365079365,27.273809523809522
0,9,5,10,2,3,2,10,27.99186507936508,27.28333333333333
0,10,1,3,4,10,4,2,28.16111111111111,27.28452380952381
0,11,2,1,4,10,2,1,24.995039682539684,27.261904761904763
0,12,8,10,4,6,6,10,40.047420634920634,27.402380952380952
0,13,10,9,1,4,10,6,40.16706349206349,27.40595238095238
0,14,7,3,5,1,1,1,22.95793650793651,26.36547619047619
0,15,3,2,10,2,1,8,24.02956349206349,26.87142857142857
0,16,7,3,1,9,5,5,31.141666666666666,27.295238095238094
0,17,10,8,9,3,3,4,39.019642857142856,27.398809523809522
0,18,6,10,1,7,3,8,33.134325396825396,27.34166666666667
0,19,6,1,1,10,6,3,30.254563492063493,27.288095238095238
0,20,6,6,9,3,5,1,34.870039682539684,27.30238095238095
0,21,1,9,1,3,9,4,29.164285714285715,27.27857142857143
0,22,7,5,2,5,2,10,26.98174603174603,27.252380952380953
0,23,6,7,9,8,4,8,39.82420634920635,27.34404761904762
0,24,9,10,7,6,4,10,42.0015873015873,27.35
0,25,3,4,2,8,2,8,25.297619047619047,27.18452380952381
0,26,2,6,5,8,2,7,28.95277777777778,27.114285714285714
0,27,6,7,1,5,1,6,26.26984126984127,26.808333333333334
0,28,9,3,5,8,10,5,40.99742063492064,27.317857142857143
0,29,2,9,1,10,9,5,37.15972222222222,27.252380952380953
0,30,5,1,1,9,8,9,30.278769841269842,27.23095238095238
0,31,4,7,10,10,3,5,39.94444444444444,27.298809523809524
0,32,2,8,6,9,7,9,38.09603174603175,27.25952380952381
0,33,10,1,4,6,2,4,28.955555555555556,27.226190476190478
0,34,4,10,3,7,4,3,33.96051587301587,27.24642857142857
0,35,2,10,1,10,2,5,31.164682539682538,27.220238095238095
0,36,10,5,6,3,1,10,30.921031746031748,27.09404761904762
0,37,10,6,5,2,7,8,35.99285714285714,27.242857142857144
0,38,4,9,7,6,9,7,40.76190476190476,27.29642857142857
0,39,5,8,1,5,6,2,31.213690476190475,27.172619047619047
0,40,10,4,8,10,2,7,39.97063492063492,27.22738095238095
0,41,6,4,6,8,1,1,30.928571428571427,26.973809523809525
0,42,9,5,9,6,7,9,42.035912698412695,27.289285714285715
0,43,7,9,1,9,8,2,40.131547619047616,27.21904761904762
0,44,8,9,5,10,7,3,44.855357142857144,27.273809523809526
0,45,3,10,2,1,9,9,31.048412698412697,26.825
0,46,9,4,8,1,4,7,31.997420634920637,26.95
0,47,8,8,9,7,7,2,45.037103174603175,27.239285714285714
0,48,10,7,5,10,1,6,39.00277777777778,26.880952380952383
0,49,10,7,9,7,1,9,39.88373015873016,26.936904761904763
1,0,4,2,1,4,3,10,20.175992063492064,27.38809523809524
1,1,3,2,1,4,3,10,19.19781746031746,27.298809523809524
1,2,2,1,1,4,1,1,14.990674603174602,26.664285714285715
1,3,2,1,7,4,8,1,27.845833333333335,27.479761904761904
1,4,2,2,9,4,8,4,31.05,27.461904761904762
1,5,5,5,2,4,6,9,27.982936507936508,27.347619047619048
1,6,4,1,3,7,4,3,24.988492063492064,27.325
1,7,3,4,2,3,2,8,20.062103174603173,27.29642857142857
1,8,4,2,1,9,6,10,28.309325396825397,27.45714285714286
1,9,1,6,4,2,7,8,26.254960317460316,27.34642857142857
1,10,5,3,7,5,5,4,31.034126984126985,27.457142857142856
1,11,6,1,10,4,7,1,33.9,27.45714285714286
1,12,8,1,2,3,2,2,22.156150793650795,27.173809523809524
1,13,5,2,1,2,7,8,23.22579365079365,27.273809523809522
1,14,5,10,2,3,2,10,27.99186507936508,27.28333333333333
1,15,1,3,4,10,4,2,28.16111111111111,27.28452380952381
1,16,3,4,2,8,7,8,30.165873015873014,27.455952380952382
1,17,6,3,5,1,1,1,21.926190476190477,26.447619047619046
1,18,2,3,8,5,6,7,29.978373015873014,27.340476190476192
1,19,2,6,4,7,4,2,28.999801587301587,27.339285714285715
1,20,2,3,8,5,7,7,30.984920634920634,27.410714285714285
1,21,2,1,4,10,2,1,24.995039682539684,27.261904761904763
1,22,3,2,10,2,1,8,24.02956349206349,26.87142857142857
1,23,6,1,1,10,6,3,30.254563492063493,27.288095238095238
1,24,1,9,1,3,9,4,29.164285714285715,27.27857142857143
1,25,7,1,6,1,1,7,22.130555555555556,26.375
1,26,1,1,9,9,7,1,32.94722222222222,27.433333333333334
1,27,9,3,2,3,4,1,27.015674603174602,27.271428571428572
1,28,3,2,8,5,1,8,24.83670634920635,26.95952380952381
1,29,9,4,7,5,3,1,33.862698412698414,27.375
1,30,7,3,5,1,1,1,22.95793650793651,26.36547619047619
1,31,9,4,8,5,2,3,34.031349206349205,27.419047619047618
1,32,10,1,4,2,2,4,25.03313492063492,27.260714285714286
1,33,5,6,5,3,6,8,31.096230158730158,27.347619047619048
1,34,6,6,1,4,1,6,24.109325396825398,26.80357142857143
1,35,7,3,1,9,5,5,31.141666666666666,27.295238095238094
1,36,7,5,2,5,2,10,26.98174603174603,27.252380952380953
1,37,3,4,2,8,2,8,25.297619047619047,27.18452380952381
1,38,9,3,1,8,10,1,37.00218253968254,27.410714285714285
1,39,1,9,1,3,6,4,26.014285714285712,27.210714285714285
1,40,1,3,4,10,9,4,32.99027777777778,27.345238095238095
1,41,5,10,2,7,2,10,32.13392857142857,27.34404761904762
1,42,8,9,5,3,3,3,34.00992063492063,27.375
1,43,6,6,1,3,4,1,26.085714285714285,27.16547619047619
1,44,10,9,1,4,10,6,40.16706349206349,27.40595238095238
1,45,1,3,8,8,7,7,32.900396825396825,27.307142857142857
1,46,5,1,1,9,8,9,30.278769841269842,27.23095238095238
1,47,10,1,4,6,2,4,28.955555555555556,27.226190476190478
1,48,1,9,9,4,8,4,36.91269841269841,27.358333333333334
1,49,9,1,3,6,2,9,27.042261904761904,27.176190476190477
2,0,4,2,1,4,3,10,20.175992063492064,27.38809523809524
2,1,3,2,1,4,3,10,19.19781746031746,27.298809523809524
2,2,2,1,1,4,1,1,14.990674603174602,26.664285714285715
2,3,2,1,7,4,8,1,27.845833333333335,27.479761904761904
2,4,3,2,1,3,3,10,18.087698412698412,27.215476190476192
2,5,2,1,2,4,1,8,16.207738095238096,26.983333333333334
2,6,10,1,2,2,5,9,26.195833333333333,27.398809523809522
2,7,2,2,9,4,8,4,31.05,27.461904761904762
2,8,3,4,2,3,2,8,20.062103174603173,27.29642857142857
2,9,4,2,1,9,6,10,28.309325396825397,27.45714285714286
2,10,1,6,4,2,7,8,26.254960317460316,27.34642857142857
2,11,4,1,1,9,6,10,27.196825396825396,27.35238095238095
2,12,9,1,6,4,8,1,33.88194444444444,27.46785714285714
2,13,1,9,1,4,7,9,28.104761904761904,27.364285714285714
2,14,6,1,2,3,2,1,20.01547619047619,27.16190476190476
2,15,3,1,1,4,6,10,21.332936507936505,27.333333333333332
2,16,5,5,2,4,6,9,27.982936507936508,27.347619047619048
2,17,4,1,3,7,4,3,24.988492063492064,27.325
2,18,5,3,7,5,5,4,31.034126984126985,27.457142857142856
2,19,5,2,1,2,7,8,23.22579365079365,27.273809523809522
2,20,3,4,2,8,7,8,30.165873015873014,27.455952380952382
2,21,3,2,1,3,5,4,20.105555555555554,27.253571428571426
2,22,4,1,3,7,4,3,24.988492063492064,27.325
2,23,3,1,9,4,6,9,28.943650793650793,27.363095238095237
2,24,7,3,1,8,6,7,31.309325396825397,27.45714285714286
2,25,6,1,10,4,7,1,33.9,27.45714285714286
2,26,2,3,8,5,6,7,29.978373015873014,27.340476190476192
2,27,2,6,4,7,4,2,28.999801587301587,27.339285714285715
2,28,2,3,8,5,7,7,30.984920634920634,27.410714285714285
2,29,2,1,4,10,2,1,24.995039682539684,27.261904761904763
2,30,1,1,9,9,7,1,32.94722222222222,27.433333333333334
2,31,3,4,7,3,2,2,24.67638888888889,27.226190476190478
2,32,6,1,10,4,7,1,33.9,27.45714285714286
2,33,2,1,4,6,2,4,20.87857142857143,27.17142857142857
2,34,3,2,8,3,3,4,25.117857142857144,27.292857142857144
2,35,1,1,7,3,8,7,26.03769841269841,27.314285714285713
2,36,1,2,1,8,3,1,21.124007936507937,27.22142857142857
2,37,8,1,2,3,2,2,22.156150793650795,27.173809523809524
2,38,6,1,1,10,6,3,30.254563492063493,27.288095238095238
2,39,9,3,2,3,4,1,27.015674603174602,27.271428571428572
2,40,9,4,7,5,3,1,33.862698412698414,27.375
2,41,9,4,8,5,2,3,34.031349206349205,27.419047619047618
2,42,10,1,4,2,2,4,25.03313492063492,27.260714285714286
2,43,5,6,5,3,6,8,31.096230158730158,27.347619047619048
2,44,6,2,5,1,1,7,20.965476190476192,26.589285714285715
2,45,5,5,3,3,2,3,24.04781746031746,27.185714285714287
2,46,10,1,4,2,2,4,25.03313492063492,27.260714285714286
2,47,4,2,1,2,6,1,21.07718253968254,27.076190476190476
2,48,8,1,2,3,7,2,27.081746031746032,27.285714285714285
2,49,3,1,3,8,4,8,25.17579365079365,27.26309523809524
3,0,4,2,1,4,3,10,20.175992063492064,27.38809523809524
3,1,3,2,1,4,3,10,19.19781746031746,27.298809523809524
3,2,2,1,7,4,8,1,27.845833333333335,27.479761904761904
3,3,2,1,2,4,1,8,16.207738095238096,26.983333333333334
3,4,10,1,2,2,5,9,26.195833333333333,27.398809523809522
3,5,2,1,1,2,1,1,13.084920634920636,26.75357142857143
3,6,5,5,1,4,6,8,27.157539682539685,27.42142857142857
3,7,2,1,2,4,1,8,16.207738095238096,26.983333333333334
3,8,2,1,7,4,7,1,26.876785714285713,27.41190476190476
3,9,2,1,7,4,8,1,27.845833333333335,27.479761904761904
3,10,2,2,2,3,3,10,18.070039682539683,27.220238095238095
3,11,2,1,1,4,1,1,14.990674603174602,26.664285714285715
3,12,3,2,1,3,3,10,18.087698412698412,27.215476190476192
3,13,3,4,2,3,2,8,20.062103174603173,27.29642857142857
3,14,4,2,1,9,6,10,28.309325396825397,27.45714285714286
3,15,9,1,6,4,8,1,33.88194444444444,27.46785714285714
3,16,4,1,3,7,4,1,24.964285714285715,27.358333333333334
3,17,2,1,1,4,1,1,14.990674603174602,26.664285714285715
3,18,9,1,6,4,8,1,33.88194444444444,27.46785714285714
3,19,2,1,2,4,1,9,16.214880952380952,26.90595238095238
3,20,9,1,6,4,5,4,31.02261904761905,27.466666666666665
3,21,8,1,1,4,7,2,27.011309523809523,27.363095238095237
3,22,2,1,7,3,2,2,20.988492063492064,27.34404761904762
3,23,5,1,4,9,2,4,27.09702380952381,27.385714285714286
3,24,2,2,9,4,8,4,31.05,27.461904761904762
3,25,1,6,4,2,7,8,26.254960317460316,27.34642857142857
3,26,1,9,1,4,7,9,28.104761904761904,27.364285714285714
3,27,3,1,1,4,6,10,21.332936507936505,27.333333333333332
3,28,5,3,7,5,5,4,31.034126984126985,27.457142857142856
3,29,3,4,2,8,7,8,30.165873015873014,27.455952380952382
3,30,3,2,1,3,5,4,20.105555555555554,27.253571428571426
3,31,3,1,1,4,6,10,21.332936507936505,27.333333333333332
3,32,4,5,2,4,6,9,27.062698412698413,27.361904761904764
3,33,2,2,9,4,8,4,31.05,27.461904761904762
3,34,1,1,1,4,6,9,19.01309523809524,27.198809523809523
3,35,6,1,1,9,6,3,29.31984126984127,27.370238095238097
3,36,2,1,3,6,6,1,23.78611111111111,27.33452380952381
3,37,7,3,1,8,6,7,31.309325396825397,27.45714285714286
3,38,6,1,1,3,2,1,19.045436507936508,27.19642857142857
3,39,7,3,1,8,6,7,31.309325396825397,27.45714285714286
3,40,5,2,1,2,7,8,23.22579365079365,27.273809523809522
3,41,2,3,8,5,7,7,30.984920634920634,27.410714285714285
3,42,3,1,9,4,6,9,28.943650793650793,27.363095238095237
3,43,4,1,3,7,4,3,24.988492063492064,27.325
3,44,1,2,1,8,3,7,21.192460317460316,27.247619047619047
3,45,1,1,1,4,7,7,20.288492063492065,27.21904761904762
3,46,4,1,3,7,4,3,24.988492063492064,27.325
3,47,4,1,1,9,6,10,27.196825396825396,27.35238095238095
3,48,4,1,1,9,6,10,27.196825396825396,27.35238095238095
3,49,1,2,1,8,3,1,21.124007936507937,27.22142857142857
4,0,2,1,7,4,8,1,27.845833333333335,27.479761904761904
4,1,2,1,2,4,1,8,16.207738095238096,26.983333333333334
4,2,2,1,1,2,1,1,13.084920634920636,26.75357142857143
4,3,2,1,2,4,1,8,16.207738095238096,26.983333333333334
4,4,2,1,7,4,8,1,27.845833333333335,27.479761904761904
4,5,2,1,2,4,1,8,16.207738095238096,26.983333333333334
4,6,1,1,2,3,6,9,19.17936507936508,27.448809523809523
4,7,3,1,1,4,1,9,16.18313492063492,26.90595238095238
4,8,1,1,8,4,8,1,27.899007936507935,27.504761904761903
4,9,2,1,2,4,1,8,16.207738095238096,26.983333333333334
4,10,2,1,2,4,1,8,16.207738095238096,26.983333333333334
4,11,4,1,1,3,1,1,16.055357142857144,26.870238095238097
4,12,2,1,1,3,4,1,17.088690476190475,27.288095238095238
4,13,4,2,1,4,3,10,20.175992063492064,27.38809523809524
4,14,3,2,1,4,3,10,19.19781746031746,27.298809523809524
4,15,10,1,2,2,5,9,26.195833333333333,27.398809523809522
4,16,2,1,1,4,1,1,14.990674603174602,26.664285714285715
4,17,4,2,1,9,6,10,28.309325396825397,27.45714285714286
4,18,9,1,6,4,8,1,33.88194444444444,27.46785714285714
4,19,2,1,1,4,1,1,14.990674603174602,26.664285714285715
4,20,9,1,6,4,8,1,33.88194444444444,27.46785714285714
4,21,2,1,2,4,1,9,16.214880952380952,26.90595238095238
4,22,9,1,6,4,5,4,31.02261904761905,27.466666666666665
4,23,3,1,1,3,5,4,19.138492063492063,27.270238095238096
4,24,2,1,1,4,1,1,14.990674603174602,26.664285714285715
4,25,2,1,1,2,5,1,17.09722222222222,27.10952380952381
4,26,1,2,1,7,3,1,20.09563492063492,27.347619047619048
4,27,2,1,6,6,6,1,26.8515873015873,27.42142857142857
4,28,9,1,6,4,5,4,31.02261904761905,27.466666666666665
4,29,2,1,1,4,3,9,17.18154761904762,27.245238095238097
4,30,2,1,1,4,1,1,14.990674603174602,26.664285714285715
4,31,3,2,1,9,6,2,27.20714285714286,27.442857142857143
4,32,5,5,1,4,6,8,27.157539682539685,27.42142857142857
4,33,2,1,7,4,7,1,26.876785714285713,27.41190476190476
4,34,2,2,2,3,3,10,18.070039682539683,27.220238095238095
4,35,3,4,2,3,2,8,20.062103174603173,27.29642857142857
4,36,2,3,9,4,7,4,31.049801587301587,27.461904761904762
4,37,1,1,2,1,7,8,18.006746031746033,26.758333333333333
4,38,6,1,1,9,6,9,29.309126984126983,27.45714285714286
4,39,2,1,7,4,7,1,26.876785714285713,27.41190476190476
4,40,3,2,1,4,3,9,19.154761904761905,27.25357142857143
4,41,2,2,2,3,3,10,18.070039682539683,27.220238095238095
4,42,4,1,2,4,4,2,20.95793650793651,27.358333333333334
4,43,3,2,1,3,3,10,18.087698412698412,27.215476190476192
4,44,2,2,9,4,8,4,31.05,27.461904761904762
4,45,2,2,9,4,8,4,31.05,27.461904761904762
4,46,3,2,1,3,5,4,20.105555555555554,27.253571428571426
4,47,2,1,7,3,2,2,20.988492063492064,27.34404761904762
4,48,5,1,4,9,2,4,27.09702380952381,27.385714285714286
4,49,3,4,2,8,7,8,30.165873015873014,27.455952380952382
5,0,2,1,7,4,8,1,27.845833333333335,27.479761904761904
5,1,2,1,1,2,1,1,13.084920634920636,26.75357142857143
5,2,2,1,7,4,8,1,27.845833333333335,27.479761904761904
5,3,1,1,2,3,6,9,19.17936507936508,27.448809523809523
5,4,1,1,8,4,8,1,27.899007936507935,27.504761904761903
5,5,2,1,1,3,4,1,17.088690476190475,27.288095238095238
5,6,1,1,1,3,2,2,14.137301587301588,27.142857142857142
5,7,2,1,1,2,1,1,13.084920634920636,26.75357142857143
5,8,1,2,1,5,3,1,17.99781746031746,27.33214285714286
5,9,1,1,1,4,1,1,14.034920634920635,26.784523809523808
5,10,1,1,1,3,4,1,16.13373015873016,27.284523809523808
5,11,2,1,2,4,1,8,16.207738095238096,26.983333333333334
5,12,2,1,2,4,1,8,16.207738095238096,26.983333333333334
5,13,2,1,2,4,1,8,16.207738095238096,26.983333333333334
5,14,2,1,2,4,1,8,16.207738095238096,26.983333333333334
5,15,2,1,2,4,1,8,16.207738095238096,26.983333333333334
5,16,4,2,1,4,3,10,20.175992063492064,27.38809523809524
5,17,4,2,1,9,6,10,28.309325396825397,27.45714285714286
5,18,9,1,6,4,8,1,33.88194444444444,27.46785714285714
5,19,9,1,6,4,8,1,33.88194444444444,27.46785714285714
5,20,9,1,6,4,5,4,31.02261904761905,27.466666666666665
5,21,2,1,1,2,5,1,17.09722222222222,27.10952380952381
5,22,1,2,1,7,3,1,20.09563492063492,27.347619047619048
5,23,2,1,6,6,6,1,26.8515873015873,27.42142857142857
5,24,9,1,6,4,5,4,31.02261904761905,27.466666666666665
5,25,2,1,1,4,3,9,17.18154761904762,27.245238095238097
5,26,3,2,1,9,6,2,27.20714285714286,27.442857142857143
5,27,4,1,1,4,6,10,22.326984126984126,27.404761904761905
5,28,2,1,2,3,1,8,15.245039682539682,26.95
5,29,2,1,6,7,6,1,27.95357142857143,27.45595238095238
5,30,9,1,6,4,8,1,33.88194444444444,27.46785714285714
5,31,2,1,1,2,5,1,17.09722222222222,27.10952380952381
5,32,2,1,1,4,3,1,17.11388888888889,27.159523809523808
5,33,2,1,1,3,5,1,18.122420634920633,27.302380952380954
5,34,1,1,2,3,1,9,14.257936507936508,26.933333333333334
5,35,9,1,6,4,5,4,31.02261904761905,27.466666666666665
5,36,2,1,1,4,1,1,14.990674603174602,26.664285714285715
5,37,2,3,9,4,7,4,31.049801587301587,27.461904761904762
5,38,2,1,1,4,1,1,14.990674603174602,26.664285714285715
5,39,1,2,1,4,3,10,17.34503968253968,27.09404761904762
5,40,1,4,2,4,7,8,24.150198412698412,27.37142857142857
5,41,3,1,1,4,1,9,16.18313492063492,26.90595238095238
5,42,2,1,1,4,1,7,15.182142857142857,26.723809523809525
5,43,6,1,1,9,6,9,29.309126984126983,27.45714285714286
5,44,4,1,1,3,1,1,16.055357142857144,26.870238095238097
5,45,4,1,2,4,4,2,20.95793650793651,27.358333333333334
5,46,2,2,2,3,3,10,18.070039682539683,27.220238095238095
5,47,10,1,2,2,5,9,26.195833333333333,27.398809523809522
5,48,5,5,1,4,6,8,27.157539682539685,27.42142857142857
5,49,3,2,1,5,3,10,20.26527777777778,27.336904761904762
6,0,2,1,1,2,1,1,13.084920634920636,26.75357142857143
6,1,1,1,2,3,6,9,19.17936507936508,27.448809523809523
6,2,2,1,1,3,4,1,17.088690476190475,27.288095238095238
6,3,1,1,1,3,2,2,14.137301587301588,27.142857142857142
6,4,2,1,1,2,1,1,13.084920634920636,26.75357142857143
6,5,1,1,1,4,1,1,14.034920634920635,26.784523809523808
6,6,1,1,1,3,4,1,16.13373015873016,27.284523809523808
6,7,1,1,1,2,1,1,12.066269841269841,26.714285714285715
6,8,1,1,2,3,6,9,19.17936507936508,27.448809523809523
6,9,1,1,1,3,1,1,13.060515873015873,26.729761904761904
6,10,1,1,1,3,1,1,13.060515873015873,26.729761904761904
6,11,2,1,6,4,6,4,25.064285714285713,27.514285714285712
6,12,1,1,2,3,1,8,14.082142857142857,26.78690476190476
6,13,1,1,1,5,3,2,17.13511904761905,27.33214285714286
6,14,1,1,2,3,6,9,19.17936507936508,27.448809523809523
6,15,2,1,1,2,1,1,13.084920634920636,26.75357142857143
6,16,2,1,1,3,4,1,17.088690476190475,27.288095238095238
6,17,1,1,1,3,1,9,13.22063492063492,26.773809523809522
6,18,2,1,1,2,1,1,13.084920634920636,26.75357142857143
6,19,1,1,1,2,3,10,14.260912698412698,27.195238095238096
6,20,2,1,7,4,8,1,27.845833333333335,27.479761904761904
6,21,2,1,7,4,8,1,27.845833333333335,27.479761904761904
6,22,1,1,8,4,8,1,27.899007936507935,27.504761904761903
6,23,1,2,1,5,3,1,17.99781746031746,27.33214285714286
6,24,4,2,1,4,3,10,20.175992063492064,27.38809523809524
6,25,2,1,6,6,6,1,26.8515873015873,27.42142857142857
6,26,2,1,1,4,3,9,17.18154761904762,27.245238095238097
6,27,3,2,1,9,6,2,27.20714285714286,27.442857142857143
6,28,4,1,1,4,6,10,22.326984126984126,27.404761904761905
6,29,1,1,2,3,1,9,14.257936507936508,26.933333333333334
6,30,4,1,1,4,6,10,22.326984126984126,27.404761904761905
6,31,2,1,2,4,2,1,17.03392857142857,27.20952380952381
6,32,2,1,1,3,1,1,14.133928571428571,26.75
6,33,1,1,2,3,1,9,14.257936507936508,26.933333333333334
6,34,1,1,8,4,8,1,27.899007936507935,27.504761904761903
6,35,2,1,7,4,8,1,27.845833333333335,27.479761904761904
6,36,2,1,1,3,1,1,14.133928571428571,26.75
6,37,1,1,8,4,8,1,27.899007936507935,27.504761904761903
6,38,1,2,1,3,2,1,15.035912698412698,27.142857142857142
6,39,2,1,1,3,7,1,20.05515873015873,27.351190476190478
6,40,2,1,1,4,1,1,14.990674603174602,26.664285714285715
6,41,2,1,1,4,1,1,14.990674603174602,26.664285714285715
6,42,9,1,6,4,8,1,33.88194444444444,27.46785714285714
6,43,9,1,6,4,8,1,33.88194444444444,27.46785714285714
6,44,2,1,1,4,1,8,15.106349206349206,26.84166666666667
6,45,1,4,2,4,7,8,24.150198412698412,27.37142857142857
6,46,1,2,1,4,2,10,16.197420634920636,27.023809523809526
6,47,2,1,2,3,1,8,15.245039682539682,26.95
6,48,2,1,1,4,3,1,17.11388888888889,27.159523809523808
6,49,4,1,2,4,4,2,20.95793650793651,27.358333333333334
7,0,2,1,1,2,1,1,13.084920634920636,26.75357142857143
7,1,1,1,2,3,6,9,19.17936507936508,27.448809523809523
7,2,1,1,1,3,2,2,14.137301587301588,27.142857142857142
7,3,2,1,1,2,1,1,13.084920634920636,26.75357142857143
7,4,1,1,1,2,1,1,12.066269841269841,26.714285714285715
7,5,1,1,2,3,6,9,19.17936507936508,27.448809523809523
7,6,1,1,1,3,1,1,13.060515873015873,26.729761904761904
7,7,1,1,1,3,1,1,13.060515873015873,26.729761904761904
7,8,2,1,6,4,6,4,25.064285714285713,27.514285714285712
7,9,1,1,1,5,3,2,17.13511904761905,27.33214285714286
7,10,1,1,2,3,6,9,19.17936507936508,27.448809523809523
7,11,2,1,1,2,1,1,13.084920634920636,26.75357142857143
7,12,1,1,1,3,1,9,13.22063492063492,26.773809523809522
7,13,2,1,1,2,1,1,13.084920634920636,26.75357142857143
7,14,1,1,1,2,3,10,14.260912698412698,27.195238095238096
7,15,1,1,1,3,1,1,13.060515873015873,26.729761904761904
7,16,1,1,2,3,6,9,19.17936507936508,27.448809523809523
7,17,2,1,1,2,1,1,13.084920634920636,26.75357142857143
7,18,1,1,1,3,1,1,13.060515873015873,26.729761904761904
7,19,2,1,1,2,1,1,13.084920634920636,26.75357142857143
7,20,1,1,2,4,2,1,16.041468253968254,27.270238095238096
7,21,1,1,1,5,2,9,16.11607142857143,27.321428571428573
7,22,1,1,1,3,1,1,13.060515873015873,26.729761904761904
7,23,1,1,1,3,1,8,13.105158730158731,26.760714285714286
7,24,1,1,2,3,1,1,13.997619047619047,26.817857142857143
7,25,1,1,1,4,1,1,14.034920634920635,26.784523809523808
7,26,1,1,1,4,1,1,14.034920634920635,26.784523809523808
7,27,1,1,8,4,8,1,27.899007936507935,27.504761904761903
7,28,1,1,8,4,8,1,27.899007936507935,27.504761904761903
7,29,2,1,6,6,6,1,26.8515873015873,27.42142857142857
7,30,1,2,1,3,2,1,15.035912698412698,27.142857142857142
7,31,4,1,1,4,6,10,22.326984126984126,27.404761904761905
7,32,1,1,2,3,1,9,14.257936507936508,26.933333333333334
7,33,1,2,1,5,3,1,17.99781746031746,27.33214285714286
7,34,1,1,2,3,1,9,14.257936507936508,26.933333333333334
7,35,2,1,2,2,3,9,16.06468253968254,27.226190476190474
7,36,4,2,1,4,3,10,20.175992063492064,27.38809523809524
7,37,2,1,1,3,7,1,20.05515873015873,27.351190476190478
7,38,1,1,2,3,1,8,14.082142857142857,26.78690476190476
7,39,4,1,1,4,6,10,22.326984126984126,27.404761904761905
7,40,1,2,1,3,2,1,15.035912698412698,27.142857142857142
7,41,3,2,1,9,6,2,27.20714285714286,27.442857142857143
7,42,2,1,1,3,4,1,17.088690476190475,27.288095238095238
7,43,1,1,1,3,4,1,16.13373015873016,27.284523809523808
7,44,1,1,2,4,2,9,16.081746031746032,27.26309523809524
7,45,2,1,7,4,8,1,27.845833333333335,27.479761904761904
7,46,2,1,1,3,4,1,17.088690476190475,27.288095238095238
7,47,2,1,7,4,8,1,27.845833333333335,27.479761904761904
7,48,1,1,1,3,4,1,16.13373015873016,27.284523809523808
7,49,2,1,7,4,8,1,27.845833333333335,27.479761904761904
8,0,2,1,1,2,1,1,13.084920634920636,26.75357142857143
8,1,1,1,2,3,6,9,19.17936507936508,27.448809523809523
8,2,2,1,1,2,1,1,13.084920634920636,26.75357142857143
8,3,1,1,1,2,1,1,12.066269841269841,26.714285714285715
8,4,1,1,2,3,6,9,19.17936507936508,27.448809523809523
8,5,1,1,1,3,1,1,13.060515873015873,26.729761904761904
8,6,1,1,1,3,1,1,13.060515873015873,26.729761904761904
8,7,2,1,6,4,6,4,25.064285714285713,27.514285714285712
8,8,1,1,1,5,3,2,17.13511904761905,27.33214285714286
8,9,1,1,2,3,6,9,19.17936507936508,27.448809523809523
8,10,2,1,1,2,1,1,13.084920634920636,26.75357142857143
8,11,1,1,1,3,1,9,13.22063492063492,26.773809523809522
8,12,2,1,1,2,1,1,13.084920634920636,26.75357142857143
8,13,1,1,1,3,1,1,13.060515873015873,26.729761904761904
8,14,1,1,2,3,6,9,19.17936507936508,27.448809523809523
8,15,2,1,1,2,1,1,13.084920634920636,26.75357142857143
8,16,1,1,1,3,1,1,13.060515873015873,26.729761904761904
8,17,2,1,1,2,1,1,13.084920634920636,26.75357142857143
8,18,1,1,1,5,2,9,16.11607142857143,27.321428571428573
8,19,1,1,1,3,1,1,13.060515873015873,26.729761904761904
8,20,1,1,1,3,1,8,13.105158730158731,26.760714285714286
8,21,1,1,2,3,1,1,13.997619047619047,26.817857142857143
8,22,1,1,2,3,6,9,19.17936507936508,27.448809523809523
8,23,1,1,1,3,1,1,13.060515873015873,26.729761904761904
8,24,1,1,1,3,1,9,13.22063492063492,26.773809523809522
8,25,1,1,1,2,3,9,14.248015873015873,27.202380952380953
8,26,1,1,1,2,1,1,12.066269841269841,26.714285714285715
8,27,2,1,1,2,1,1,13.084920634920636,26.75357142857143
8,28,1,2,1,3,2,2,15.130753968253968,27.314285714285713
8,29,1,1,2,3,6,9,19.17936507936508,27.448809523809523
8,30,1,1,1,2,1,1,12.066269841269841,26.714285714285715
8,31,1,1,2,3,6,9,19.17936507936508,27.448809523809523
8,32,1,1,1,3,1,1,13.060515873015873,26.729761904761904
8,33,1,1,2,3,1,1,13.997619047619047,26.817857142857143
8,34,1,1,1,3,2,1,14.114682539682539,27.172619047619047
8,35,1,1,2,4,5,1,18.933531746031747,27.39404761904762
8,36,1,1,1,4,1,1,14.034920634920635,26.784523809523808
8,37,2,2,6,4,8,1,27.93234126984127,27.514285714285712
8,38,1,1,1,4,1,1,14.034920634920635,26.784523809523808
8,39,1,1,1,3,2,2,14.137301587301588,27.142857142857142
8,40,1,1,2,3,1,8,14.082142857142857,26.78690476190476
8,41,4,1,1,5,6,9,23.266468253968252,27.439285714285713
8,42,3,2,1,9,6,2,27.20714285714286,27.442857142857143
8,43,1,1,2,4,2,1,16.041468253968254,27.270238095238096
8,44,4,2,1,4,3,10,20.175992063492064,27.38809523809524
8,45,1,2,1,5,3,1,17.99781746031746,27.33214285714286
8,46,4,1,1,4,6,10,22.326984126984126,27.404761904761905
8,47,1,1,1,2,3,10,14.260912698412698,27.195238095238096
8,48,2,1,1,3,6,1,19.088293650793652,27.349999999999998
8,49,2,1,1,3,4,1,17.088690476190475,27.288095238095238
9,0,1,1,2,3,6,9,19.17936507936508,27.448809523809523
9,1,1,1,1,2,1,1,12.066269841269841,26.714285714285715
9,2,1,1,2,3,6,9,19.17936507936508,27.448809523809523
9,3,2,1,6,4,6,4,25.064285714285713,27.514285714285712
9,4,1,1,1,5,3,2,17.13511904761905,27.33214285714286
9,5,1,1,2,3,6,9,19.17936507936508,27.448809523809523
9,6,1,1,2,3,6,9,19.17936507936508,27.448809523809523
9,7,1,1,2,3,6,9,19.17936507936508,27.448809523809523
9,8,1,1,1,2,1,1,12.066269841269841,26.714285714285715
9,9,1,2,1,3,2,2,15.130753968253968,27.314285714285713
9,10,1,1,2,3,6,9,19.17936507936508,27.448809523809523
9,11,1,1,1,2,1,1,12.066269841269841,26.714285714285715
9,12,1,1,2,3,6,9,19.17936507936508,27.448809523809523
9,13,1,1,2,4,5,1,18.933531746031747,27.39404761904762
9,14,1,1,2,3,6,9,19.17936507936508,27.448809523809523
9,15,1,1,1,2,1,2,12.223809523809523,26.761904761904763
9,16,1,1,1,3,6,2,18.204166666666666,27.349999999999998
9,17,1,1,1,2,2,1,13.151388888888889,27.21904761904762
9,18,1,1,2,3,6,9,19.17936507936508,27.448809523809523
9,19,1,1,2,3,2,2,15.185912698412698,27.32857142857143
9,20,1,2,1,4,2,3,16.295238095238098,27.330952380952382
9,21,1,1,1,2,1,1,12.066269841269841,26.714285714285715
9,22,1,1,1,5,3,2,17.13511904761905,27.33214285714286
9,23,1,1,1,2,1,1,12.066269841269841,26.714285714285715
9,24,1,1,1,2,1,1,12.066269841269841,26.714285714285715
9,25,2,2,6,4,8,1,27.93234126984127,27.514285714285712
9,26,1,1,1,2,1,4,12.301388888888889,26.632142857142856
9,27,1,1,2,3,1,1,13.997619047619047,26.817857142857143
9,28,1,1,1,3,2,1,14.114682539682539,27.172619047619047
9,29,3,1,1,9,6,3,26.232936507936508,27.442857142857143
9,30,4,1,1,5,6,9,23.266468253968252,27.439285714285713
9,31,4,1,1,4,6,10,22.326984126984126,27.404761904761905
9,32,1,1,2,4,2,1,16.041468253968254,27.270238095238096
9,33,1,2,1,5,3,1,17.99781746031746,27.33214285714286
9,34,1,1,1,5,2,9,16.11607142857143,27.321428571428573
9,35,4,2,1,4,3,10,20.175992063492064,27.38809523809524
9,36,2,1,1,3,6,1,19.088293650793652,27.349999999999998
9,37,1,1,1,2,3,9,14.248015873015873,27.202380952380953
9,38,1,1,1,3,1,1,13.060515873015873,26.729761904761904
9,39,1,1,1,2,3,9,14.248015873015873,27.202380952380953
9,40,1,1,1,4,7,1,20.117063492063494,27.35238095238095
9,41,1,1,1,3,1,1,13.060515873015873,26.729761904761904
9,42,1,1,1,3,1,9,13.22063492063492,26.773809523809522
9,43,1,1,2,3,1,1,13.997619047619047,26.817857142857143
9,44,1,1,1,3,1,9,13.22063492063492,26.773809523809522
9,45,1,1,1,5,6,9,20.14126984126984,27.363095238095237
9,46,1,1,1,3,2,1,14.114682539682539,27.172619047619047
9,47,1,1,1,3,1,8,13.105158730158731,26.760714285714286
9,48,2,1,1,2,1,1,13.084920634920636,26.75357142857143
9,49,2,1,1,2,1,1,13.084920634920636,26.75357142857143
10,0,1,1,2,3,6,9,19.17936507936508,27.448809523809523
10,1,1,1,1,2,1,1,12.066269841269841,26.714285714285715
10,2,1,1,2,3,6,9,19.17936507936508,27.448809523809523
10,3,2,1,6,4,6,4,25.064285714285713,27.514285714285712
10,4,1,1,1,5,3,2,17.13511904761905,27.33214285714286
10,5,1,1,2,3,6,9,19.17936507936508,27.448809523809523
10,6,1,1,2,3,6,9,19.17936507936508,27.448809523809523
10,7,1,1,2,3,6,9,19.17936507936508,27.448809523809523
10,8,1,1,1,2,1,1,12.066269841269841,26.714285714285715
10,9,1,2,1,3,2,2,15.130753968253968,27.314285714285713
10,10,1,1,2,3,6,9,19.17936507936508,27.448809523809523
10,11,1,1,1,2,1,1,12.066269841269841,26.714285714285715
10,12,1,1,2,3,6,9,19.17936507936508,27.448809523809523
10,13,1,1,2,4,5,1,18.933531746031747,27.39404761904762
10,14,1,1,2,3,6,9,19.17936507936508,27.448809523809523
10,15,1,1,1,2,1,2,12.223809523809523,26.761904761904763
10,16,1,1,1,3,6,2,18.204166666666666,27.349999999999998
10,17,1,1,1,2,2,1,13.151388888888889,27.21904761904762
10,18,1,1,2,3,6,9,19.17936507936508,27.448809523809523
10,19,1,1,2,3,2,2,15.185912698412698,27.32857142857143
10,20,1,2,1,4,2,3,16.295238095238098,27.330952380952382
10,21,1,1,1,2,1,1,12.066269841269841,26.714285714285715
10,22,1,1,1,5,3,2,17.13511904761905,27.33214285714286
10,23,1,1,1,2,1,1,12.066269841269841,26.714285714285715
10,24,1,1,1,2,1,1,12.066269841269841,26.714285714285715
10,25,1,1,1,2,1,1,12.066269841269841,26.714285714285715
10,26,1,1,2,2,1,1,13.099603174603175,26.78095238095238
10,27,1,1,2,3,6,9,19.17936507936508,27.448809523809523
10,28,1,1,2,3,6,9,19.17936507936508,27.448809523809523
10,29,1,1,1,2,2,9,13.106746031746031,26.926190476190477
10,30,1,1,1,2,2,1,13.151388888888889,27.21904761904762
10,31,1,1,1,2,1,1,12.066269841269841,26.714285714285715
10,32,1,1,2,4,5,1,18.933531746031747,27.39404761904762
10,33,1,1,1,2,1,1,12.066269841269841,26.714285714285715
10,34,1,1,1,2,2,1,13.151388888888889,27.21904761904762
10,35,2,1,1,3,6,9,19.36468253968254,27.508333333333333
10,36,1,1,1,2,1,1,12.066269841269841,26.714285714285715
10,37,1,1,1,2,1,3,12.233531746031746,26.739285714285714
10,38,2,2,6,4,8,1,27.93234126984127,27.514285714285712
10,39,2,2,6,4,8,1,27.93234126984127,27.514285714285712
10,40,1,1,1,2,2,2,13.162301587301588,27.034523809523808
10,41,1,1,1,3,1,8,13.105158730158731,26.760714285714286
10,42,3,1,1,9,6,3,26.232936507936508,27.442857142857143
10,43,4,1,1,4,6,10,22.326984126984126,27.404761904761905
10,44,4,1,1,5,6,9,23.266468253968252,27.439285714285713
10,45,1,2,1,5,3,1,17.99781746031746,27.33214285714286
10,46,1,1,2,4,2,1,16.041468253968254,27.270238095238096
10,47,3,1,2,9,6,2,27.242460317460317,27.50595238095238
10,48,4,2,1,4,3,10,20.175992063492064,27.38809523809524
10,49,1,1,1,5,2,9,16.11607142857143,27.321428571428573
11,0,2,1,6,4,6,4,25.064285714285713,27.514285714285712
11,1,1,1,1,2,1,1,12.066269841269841,26.714285714285715
11,2,1,1,1,2,1,1,12.066269841269841,26.714285714285715
11,3,1,1,1,2,2,9,13.106746031746031,26.926190476190477
11,4,2,1,1,3,6,9,19.36468253968254,27.508333333333333
11,5,1,1,1,2,2,1,13.151388888888889,27.21904761904762
11,6,1,1,2,2,1,1,13.099603174603175,26.78095238095238
11,7,2,1,1,2,2,9,14.203968253968254,27.258333333333333
11,8,1,1,2,5,3,1,17.99345238095238,27.379761904761903
11,9,1,1,2,4,5,1,18.933531746031747,27.39404761904762
11,10,1,1,1,2,1,2,12.223809523809523,26.761904761904763
11,11,1,1,1,5,3,2,17.13511904761905,27.33214285714286
11,12,1,1,2,3,2,2,15.185912698412698,27.32857142857143
11,13,1,1,2,3,6,9,19.17936507936508,27.448809523809523
11,14,1,1,2,2,6,1,18.10892857142857,27.382142857142856
11,15,1,2,1,3,2,2,15.130753968253968,27.314285714285713
11,16,1,2,1,4,2,3,16.295238095238098,27.330952380952382
11,17,1,1,2,3,6,9,19.17936507936508,27.448809523809523
11,18,1,2,1,3,2,2,15.130753968253968,27.314285714285713
11,19,1,2,1,4,2,3,16.295238095238098,27.330952380952382
11,20,1,1,1,5,3,2,17.13511904761905,27.33214285714286
11,21,1,1,1,2,2,1,13.151388888888889,27.21904761904762
11,22,1,1,1,2,1,2,12.223809523809523,26.761904761904763
11,23,1,1,2,4,5,1,18.933531746031747,27.39404761904762
11,24,2,1,1,3,6,9,19.36468253968254,27.508333333333333
11,25,1,1,2,3,6,9,19.17936507936508,27.448809523809523
11,26,1,1,2,3,6,9,19.17936507936508,27.448809523809523
11,27,1,1,1,2,1,1,12.066269841269841,26.714285714285715
11,28,1,1,1,2,1,1,12.066269841269841,26.714285714285715
11,29,1,1,1,2,2,1,13.151388888888889,27.21904761904762
11,30,1,1,2,3,6,9,19.17936507936508,27.448809523809523
11,31,1,1,1,2,1,1,12.066269841269841,26.714285714285715
11,32,1,1,1,2,1,1,12.066269841269841,26.714285714285715
11,33,1,1,2,3,6,9,19.17936507936508,27.448809523809523
11,34,1,1,2,4,5,1,18.933531746031747,27.39404761904762
11,35,1,1,1,2,2,1,13.151388888888889,27.21904761904762
11,36,1,1,1,2,2,1,13.151388888888889,27.21904761904762
11,37,1,1,2,3,6,9,19.17936507936508,27.448809523809523
11,38,1,1,2,3,6,9,19.17936507936508,27.448809523809523
11,39,1,1,1,2,1,1,12.066269841269841,26.714285714285715
11,40,1,1,2,3,6,9,19.17936507936508,27.448809523809523
11,41,1,1,2,3,6,9,19.17936507936508,27.448809523809523
11,42,1,1,1,2,1,1,12.066269841269841,26.714285714285715
11,43,1,1,2,3,6,9,19.17936507936508,27.448809523809523
11,44,1,1,1,2,1,1,12.066269841269841,26.714285714285715
11,45,1,1,1,2,1,1,12.066269841269841,26.714285714285715
11,46,1,1,1,2,2,1,13.151388888888889,27.21904761904762
11,47,1,1,1,5,3,2,17.13511904761905,27.33214285714286
11,48,1,1,1,5,3,2,17.13511904761905,27.33214285714286
11,49,1,1,2,3,6,9,19.17936507936508,27.448809523809523
12,0,1,1,1,2,1,1,12.066269841269841,26.714285714285715
12,1,2,1,6,4,6,4,25.064285714285713,27.514285714285712
12,2,1,1,1,2,1,1,12.066269841269841,26.714285714285715
12,3,2,1,1,3,6,9,19.36468253968254,27.508333333333333
12,4,1,1,1,2,2,1,13.151388888888889,27.21904761904762
12,5,1,1,1,2,2,9,13.106746031746031,26.926190476190477
12,6,1,1,2,2,1,1,13.099603174603175,26.78095238095238
12,7,1,1,1,2,2,9,13.106746031746031,26.926190476190477
12,8,2,1,1,2,2,9,14.203968253968254,27.258333333333333
12,9,1,1,1,2,3,3,14.262698412698413,27.311904761904763
12,10,1,1,2,5,3,1,17.99345238095238,27.379761904761903
12,11,1,1,2,4,5,1,18.933531746031747,27.39404761904762
12,12,1,1,1,2,1,2,12.223809523809523,26.761904761904763
12,13,1,1,1,5,3,2,17.13511904761905,27.33214285714286
12,14,1,1,2,3,2,2,15.185912698412698,27.32857142857143
12,15,1,1,2,3,6,9,19.17936507936508,27.448809523809523
12,16,1,1,2,2,6,1,18.10892857142857,27.382142857142856
12,17,1,2,1,4,2,3,16.295238095238098,27.330952380952382
12,18,1,2,1,3,2,2,15.130753968253968,27.314285714285713
12,19,1,1,2,3,6,9,19.17936507936508,27.448809523809523
12,20,1,2,1,4,2,3,16.295238095238098,27.330952380952382
12,21,1,1,1,5,3,2,17.13511904761905,27.33214285714286
12,22,2,1,1,2,2,9,14.203968253968254,27.258333333333333
12,23,1,1,1,2,2,1,13.151388888888889,27.21904761904762
12,24,1,1,1,2,1,2,12.223809523809523,26.761904761904763
12,25,1,1,2,4,5,1,18.933531746031747,27.39404761904762
12,26,2,1,1,3,6,9,19.36468253968254,27.508333333333333
12,27,1,2,1,3,2,2,15.130753968253968,27.314285714285713
12,28,1,1,1,2,2,1,13.151388888888889,27.21904761904762
12,29,1,1,1,2,2,1,13.151388888888889,27.21904761904762
12,30,1,1,2,4,5,1,18.933531746031747,27.39404761904762
12,31,1,1,1,2,1,2,12.223809523809523,26.761904761904763
12,32,1,1,1,2,1,1,12.066269841269841,26.714285714285715
12,33,1,1,2,3,6,9,19.17936507936508,27.448809523809523
12,34,1,1,1,2,2,1,13.151388888888889,27.21904761904762
12,35,2,1,1,3,6,9,19.36468253968254,27.508333333333333
12,36,1,1,2,3,6,9,19.17936507936508,27.448809523809523
12,37,1,1,1,2,1,1,12.066269841269841,26.714285714285715
12,38,1,1,1,2,1,1,12.066269841269841,26.714285714285715
12,39,1,1,2,3,6,9,19.17936507936508,27.448809523809523
12,40,1,1,1,2,1,1,12.066269841269841,26.714285714285715
12,41,1,1,2,3,6,9,19.17936507936508,27.448809523809523
12,42,1,1,1,2,2,1,13.151388888888889,27.21904761904762
12,43,1,1,1,2,1,2,12.223809523809523,26.761904761904763
12,44,1,2,1,3,2,2,15.130753968253968,27.314285714285713
12,45,1,1,1,2,1,1,12.066269841269841,26.714285714285715
12,46,1,1,1,5,3,2,17.13511904761905,27.33214285714286
12,47,1,1,2,3,6,9,19.17936507936508,27.448809523809523
12,48,1,1,1,2,1,1,12.066269841269841,26.714285714285715
12,49,1,2,1,4,2,3,16.295238095238098,27.330952380952382
13,0,1,1,1,2,1,1,12.066269841269841,26.714285714285715
13,1,2,1,6,4,6,4,25.064285714285713,27.514285714285712
13,2,1,1,1,2,1,1,12.066269841269841,26.714285714285715
13,3,2,1,1,3,6,9,19.36468253968254,27.508333333333333
13,4,1,1,1,2,2,1,13.151388888888889,27.21904761904762
13,5,1,1,1,2,2,9,13.106746031746031,26.926190476190477
13,6,1,1,2,2,1,1,13.099603174603175,26.78095238095238
13,7,1,1,1,2,2,9,13.106746031746031,26.926190476190477
13,8,1,1,1,4,5,1,18.118849206349207,27.40357142857143
13,9,1,1,2,3,6,9,19.17936507936508,27.448809523809523
13,10,2,1,1,2,2,9,14.203968253968254,27.258333333333333
13,11,1,1,2,5,3,1,17.99345238095238,27.379761904761903
13,12,1,1,1,2,3,3,14.262698412698413,27.311904761904763
13,13,1,1,1,2,1,2,12.223809523809523,26.761904761904763
13,14,1,1,1,5,3,2,17.13511904761905,27.33214285714286
13,15,1,1,2,3,2,2,15.185912698412698,27.32857142857143
13,16,1,2,1,4,2,3,16.295238095238098,27.330952380952382
13,17,1,2,1,3,2,2,15.130753968253968,27.314285714285713
13,18,1,1,2,3,6,9,19.17936507936508,27.448809523809523
13,19,1,2,1,4,2,3,16.295238095238098,27.330952380952382
13,20,1,1,1,5,3,2,17.13511904761905,27.33214285714286
13,21,2,1,1,2,2,9,14.203968253968254,27.258333333333333
13,22,1,1,1,2,2,1,13.151388888888889,27.21904761904762
13,23,1,1,1,2,1,2,12.223809523809523,26.761904761904763
13,24,1,1,2,2,6,1,18.10892857142857,27.382142857142856
13,25,1,1,2,2,1,1,13.099603174603175,26.78095238095238
13,26,2,1,1,3,6,9,19.36468253968254,27.508333333333333
13,27,1,1,1,2,3,3,14.262698412698413,27.311904761904763
13,28,1,2,1,3,2,2,15.130753968253968,27.314285714285713
13,29,1,1,2,2,6,1,18.10892857142857,27.382142857142856
13,30,2,1,1,3,6,9,19.36468253968254,27.508333333333333
13,31,1,1,2,2,1,1,13.099603174603175,26.78095238095238
13,32,1,1,2,2,1,1,13.099603174603175,26.78095238095238
13,33,1,2,1,3,2,2,15.130753968253968,27.314285714285713
13,34,1,1,2,3,6,9,19.17936507936508,27.448809523809523
13,35,1,1,1,5,3,2,17.13511904761905,27.33214285714286
13,36,1,1,1,2,1,1,12.066269841269841,26.714285714285715
13,37,1,1,1,2,1,1,12.066269841269841,26.714285714285715
13,38,1,1,1,2,1,1,12.066269841269841,26.714285714285715
13,39,1,1,1,2,2,9,13.106746031746031,26.926190476190477
13,40,1,1,1,2,1,1,12.066269841269841,26.714285714285715
13,41,1,1,1,2,1,1,12.066269841269841,26.714285714285715
13,42,1,1,1,2,2,1,13.151388888888889,27.21904761904762
13,43,1,1,1,2,1,2,12.223809523809523,26.761904761904763
13,44,1,1,1,2,1,1,12.066269841269841,26.714285714285715
13,45,1,1,2,3,6,9,19.17936507936508,27.448809523809523
13,46,1,1,2,3,6,9,19.17936507936508,27.448809523809523
13,47,1,1,2,3,6,9,19.17936507936508,27.448809523809523
13,48,1,1,1,2,1,1,12.066269841269841,26.714285714285715
13,49,2,1,1,3,6,9,19.36468253968254,27.508333333333333
14,0,1,1,1,2,1,1,12.066269841269841,26.714285714285715
14,1,2,1,6,4,6,4,25.064285714285713,27.514285714285712
14,2,1,1,1,2,1,1,12.066269841269841,26.714285714285715
14,3,2,1,6,4,6,4,25.064285714285713,27.514285714285712
14,4,2,1,1,3,6,9,19.36468253968254,27.508333333333333
14,5,1,1,1,2,2,1,13.151388888888889,27.21904761904762
14,6,1,1,1,2,2,9,13.106746031746031,26.926190476190477
14,7,2,1,2,4,2,2,17.150396825396825,27.442857142857143
14,8,1,1,2,2,1,1,13.099603174603175,26.78095238095238
14,9,1,1,2,3,6,9,19.17936507936508,27.448809523809523
14,10,1,1,1,5,3,2,17.13511904761905,27.33214285714286
14,11,1,1,1,2,2,9,13.106746031746031,26.926190476190477
14,12,2,1,1,2,2,9,14.203968253968254,27.258333333333333
14,13,1,1,1,2,3,3,14.262698412698413,27.311904761904763
14,14,1,1,1,2,1,2,12.223809523809523,26.761904761904763
14,15,1,1,2,3,2,2,15.185912698412698,27.32857142857143
14,16,1,2,1,4,2,3,16.295238095238098,27.330952380952382
14,17,1,2,1,3,2,2,15.130753968253968,27.314285714285713
14,18,1,2,1,4,2,3,16.295238095238098,27.330952380952382
14,19,2,1,1,2,2,9,14.203968253968254,27.258333333333333
14,20,1,1,1,2,2,1,13.151388888888889,27.21904761904762
14,21,1,1,1,2,1,2,12.223809523809523,26.761904761904763
14,22,1,1,2,2,1,1,13.099603174603175,26.78095238095238
14,23,1,1,2,3,6,9,19.17936507936508,27.448809523809523
14,24,2,1,1,3,6,9,19.36468253968254,27.508333333333333
14,25,1,1,1,2,3,3,14.262698412698413,27.311904761904763
14,26,1,2,1,3,2,2,15.130753968253968,27.314285714285713
14,27,1,1,1,5,3,2,17.13511904761905,27.33214285714286
14,28,1,1,2,3,6,9,19.17936507936508,27.448809523809523
14,29,1,1,1,2,1,1,12.066269841269841,26.714285714285715
14,30,2,1,1,3,6,9,19.36468253968254,27.508333333333333
14,31,1,1,1,2,1,1,12.066269841269841,26.714285714285715
14,32,1,1,2,3,6,9,19.17936507936508,27.448809523809523
14,33,1,1,1,2,1,1,12.066269841269841,26.714285714285715
14,34,1,1,1,2,2,1,13.151388888888889,27.21904761904762
14,35,1,1,1,2,1,1,12.066269841269841,26.714285714285715
14,36,1,1,1,2,1,1,12.066269841269841,26.714285714285715
14,37,1,1,1,2,2,9,13.106746031746031,26.926190476190477
14,38,1,1,1,2,2,1,13.151388888888889,27.21904761904762
14,39,1,2,1,3,2,2,15.130753968253968,27.314285714285713
14,40,1,1,1,2,1,1,12.066269841269841,26.714285714285715
14,41,1,1,2,3,6,9,19.17936507936508,27.448809523809523
14,42,1,1,1,2,1,1,12.066269841269841,26.714285714285715
14,43,1,1,1,5,3,2,17.13511904761905,27.33214285714286
14,44,1,1,2,3,6,9,19.17936507936508,27.448809523809523
14,45,1,1,2,2,1,1,13.099603174603175,26.78095238095238
14,46,1,1,1,2,1,1,12.066269841269841,26.714285714285715
14,47,1,1,2,3,6,9,19.17936507936508,27.448809523809523
14,48,1,1,1,2,1,1,12.066269841269841,26.714285714285715
14,49,1,1,1,2,2,9,13.106746031746031,26.926190476190477
15,0,2,1,6,4,6,4,25.064285714285713,27.514285714285712
15,1,2,1,6,4,6,4,25.064285714285713,27.514285714285712
15,2,1,1,1,2,1,1,12.066269841269841,26.714285714285715
15,3,1,1,1,2,1,1,12.066269841269841,26.714285714285715
15,4,1,1,2,2,1,4,13.063690476190477,26.939285714285713
15,5,2,1,1,3,6,9,19.36468253968254,27.508333333333333
15,6,1,1,1,2,2,1,13.151388888888889,27.21904761904762
15,7,2,1,2,4,2,2,17.150396825396825,27.442857142857143
15,8,1,1,1,2,1,2,12.223809523809523,26.761904761904763
15,9,1,1,2,3,6,9,19.17936507936508,27.448809523809523
15,10,1,1,1,5,3,2,17.13511904761905,27.33214285714286
15,11,2,1,1,2,2,9,14.203968253968254,27.258333333333333
15,12,1,1,1,2,1,2,12.223809523809523,26.761904761904763
15,13,1,1,2,3,2,2,15.185912698412698,27.32857142857143
15,14,1,2,1,4,2,3,16.295238095238098,27.330952380952382
15,15,1,2,1,3,2,2,15.130753968253968,27.314285714285713
15,16,1,1,1,3,2,3,14.232936507936508,27.308333333333334
15,17,1,1,1,2,3,3,14.262698412698413,27.311904761904763
15,18,1,2,1,4,2,3,16.295238095238098,27.330952380952382
15,19,1,1,1,2,2,1,13.151388888888889,27.21904761904762
15,20,2,1,1,2,2,9,14.203968253968254,27.258333333333333
15,21,2,1,1,3,6,9,19.36468253968254,27.508333333333333
15,22,1,1,2,3,6,9,19.17936507936508,27.448809523809523
15,23,1,1,2,3,2,2,15.185912698412698,27.32857142857143
15,24,1,2,1,3,2,2,15.130753968253968,27.314285714285713
15,25,1,1,1,2,3,3,14.262698412698413,27.311904761904763
15,26,1,1,1,5,3,2,17.13511904761905,27.33214285714286
15,27,2,1,6,4,6,4,25.064285714285713,27.514285714285712
15,28,1,2,1,3,2,2,15.130753968253968,27.314285714285713
15,29,1,1,2,3,6,9,19.17936507936508,27.448809523809523
15,30,2,1,1,3,6,9,19.36468253968254,27.508333333333333
15,31,1,1,1,2,3,3,14.262698412698413,27.311904761904763
15,32,1,1,1,2,2,1,13.151388888888889,27.21904761904762
15,33,1,1,1,2,1,1,12.066269841269841,26.714285714285715
15,34,1,1,2,3,6,9,19.17936507936508,27.448809523809523
15,35,2,1,1,3,6,9,19.36468253968254,27.508333333333333
15,36,1,1,2,3,6,9,19.17936507936508,27.448809523809523
15,37,1,1,1,2,1,1,12.066269841269841,26.714285714285715
15,38,1,1,1,2,2,1,13.151388888888889,27.21904761904762
15,39,1,1,2,3,6,9,19.17936507936508,27.448809523809523
15,40,1,1,1,2,2,1,13.151388888888889,27.21904761904762
15,41,1,1,2,3,6,9,19.17936507936508,27.448809523809523
15,42,1,1,1,2,1,1,12.066269841269841,26.714285714285715
15,43,1,1,2,3,6,9,19.17936507936508,27.448809523809523
15,44,1,1,1,2,1,1,12.066269841269841,26.714285714285715
15,45,1,1,2,3,6,9,19.17936507936508,27.448809523809523
15,46,1,1,1,2,2,1,13.151388888888889,27.21904761904762
15,47,1,1,1,2,2,1,13.151388888888889,27.21904761904762
15,48,1,1,1,2,1,2,12.223809523809523,26.761904761904763
15,49,1,2,1,3,2,2,15.130753968253968,27.314285714285713
16,0,1,1,1,2,1,1,12.066269841269841,26.714285714285715
16,1,2,1,6,4,6,4,25.064285714285713,27.514285714285712
16,2,1,1,1,2,1,1,12.066269841269841,26.714285714285715
16,3,2,1,6,4,6,4,25.064285714285713,27.514285714285712
16,4,2,1,1,3,6,9,19.36468253968254,27.508333333333333
16,5,1,1,1,2,2,1,13.151388888888889,27.21904761904762
16,6,1,1,2,2,1,4,13.063690476190477,26.939285714285713
16,7,2,1,2,4,2,2,17.150396825396825,27.442857142857143
16,8,1,1,1,2,1,2,12.223809523809523,26.761904761904763
16,9,1,1,2,3,6,9,19.17936507936508,27.448809523809523
16,10,1,1,2,2,1,4,13.063690476190477,26.939285714285713
16,11,1,1,1,5,3,2,17.13511904761905,27.33214285714286
16,12,2,1,1,2,2,9,14.203968253968254,27.258333333333333
16,13,1,1,1,2,1,2,12.223809523809523,26.761904761904763
16,14,1,1,2,3,2,2,15.185912698412698,27.32857142857143
16,15,1,2,1,4,2,3,16.295238095238098,27.330952380952382
16,16,1,2,1,3,2,2,15.130753968253968,27.314285714285713
16,17,1,1,1,2,3,3,14.262698412698413,27.311904761904763
16,18,1,2,1,4,2,3,16.295238095238098,27.330952380952382
16,19,1,1,1,3,2,3,14.232936507936508,27.308333333333334
16,20,1,1,1,2,2,1,13.151388888888889,27.21904761904762
16,21,2,1,1,2,2,9,14.203968253968254,27.258333333333333
16,22,2,1,1,3,6,9,19.36468253968254,27.508333333333333
16,23,1,1,2,3,6,9,19.17936507936508,27.448809523809523
16,24,1,1,2,3,2,2,15.185912698412698,27.32857142857143
16,25,1,2,1,3,2,2,15.130753968253968,27.314285714285713
16,26,1,1,1,3,2,3,14.232936507936508,27.308333333333334
16,27,1,1,1,2,3,3,14.262698412698413,27.311904761904763
16,28,1,1,1,5,3,2,17.13511904761905,27.33214285714286
16,29,1,1,2,3,6,9,19.17936507936508,27.448809523809523
16,30,1,2,1,3,2,2,15.130753968253968,27.314285714285713
16,31,1,1,1,2,2,1,13.151388888888889,27.21904761904762
16,32,2,1,1,3,6,9,19.36468253968254,27.508333333333333
16,33,1,1,1,2,3,3,14.262698412698413,27.311904761904763
16,34,2,1,1,3,6,9,19.36468253968254,27.508333333333333
16,35,2,1,6,4,6,4,25.064285714285713,27.514285714285712
16,36,2,1,1,3,6,9,19.36468253968254,27.508333333333333
16,37,1,1,1,2,2,1,13.151388888888889,27.21904761904762
16,38,1,1,1,2,2,1,13.151388888888889,27.21904761904762
16,39,1,1,2,3,6,9,19.17936507936508,27.448809523809523
16,40,1,1,1,2,1,1,12.066269841269841,26.714285714285715
16,41,1,1,1,2,2,1,13.151388888888889,27.21904761904762
16,42,1,1,1,2,3,3,14.262698412698413,27.311904761904763
16,43,1,1,2,3,6,9,19.17936507936508,27.448809523809523
16,44,2,1,1,2,2,9,14.203968253968254,27.258333333333333
16,45,1,1,2,2,1,4,13.063690476190477,26.939285714285713
16,46,1,1,1,2,1,1,12.066269841269841,26.714285714285715
16,47,1,2,1,4,2,3,16.295238095238098,27.330952380952382
16,48,1,1,1,2,1,1,12.066269841269841,26.714285714285715
16,49,1,1,1,2,1,1,12.066269841269841,26.714285714285715
17,0,2,1,6,4,6,4,25.064285714285713,27.514285714285712
17,1,1,1,1,2,1,1,12.066269841269841,26.714285714285715
17,2,2,1,6,4,6,4,25.064285714285713,27.514285714285712
17,3,1,1,1,2,1,1,12.066269841269841,26.714285714285715
17,4,2,1,1,3,6,9,19.36468253968254,27.508333333333333
17,5,1,1,1,2,2,1,13.151388888888889,27.21904761904762
17,6,1,1,2,2,1,4,13.063690476190477,26.939285714285713
17,7,2,1,2,4,2,2,17.150396825396825,27.442857142857143
17,8,1,1,1,2,1,2,12.223809523809523,26.761904761904763
17,9,1,1,2,3,6,9,19.17936507936508,27.448809523809523
17,10,1,1,2,2,1,4,13.063690476190477,26.939285714285713
17,11,1,1,1,5,3,2,17.13511904761905,27.33214285714286
17,12,2,1,1,2,2,9,14.203968253968254,27.258333333333333
17,13,1,1,1,2,1,2,12.223809523809523,26.761904761904763
17,14,1,1,2,3,2,2,15.185912698412698,27.32857142857143
17,15,1,2,1,4,2,3,16.295238095238098,27.330952380952382
17,16,1,2,1,3,2,2,15.130753968253968,27.314285714285713
17,17,1,1,1,2,3,3,14.262698412698413,27.311904761904763
17,18,1,2,1,4,2,3,16.295238095238098,27.330952380952382
17,19,1,1,1,3,2,3,14.232936507936508,27.308333333333334
17,20,1,1,1,2,2,1,13.151388888888889,27.21904761904762
17,21,2,1,1,2,2,9,14.203968253968254,27.258333333333333
17,22,2,1,1,3,6,9,19.36468253968254,27.508333333333333
17,23,1,1,2,3,6,9,19.17936507936508,27.448809523809523
17,24,1,1,2,3,2,2,15.185912698412698,27.32857142857143
17,25,1,2,1,3,2,2,15.130753968253968,27.314285714285713
17,26,1,1,1,3,2,3,14.232936507936508,27.308333333333334
17,27,1,1,1,2,3,3,14.262698412698413,27.311904761904763
17,28,1,1,1,5,3,2,17.13511904761905,27.33214285714286
17,29,2,1,1,3,6,9,19.36468253968254,27.508333333333333
17,30,1,1,1,2,3,3,14.262698412698413,27.311904761904763
17,31,2,1,1,3,6,9,19.36468253968254,27.508333333333333
17,32,1,1,1,2,3,3,14.262698412698413,27.311904761904763
17,33,1,1,1,2,1,1,12.066269841269841,26.714285714285715
17,34,1,1,2,3,2,2,15.185912698412698,27.32857142857143
17,35,2,1,6,4,6,4,25.064285714285713,27.514285714285712
17,36,1,1,1,2,2,1,13.151388888888889,27.21904761904762
17,37,2,1,1,3,6,9,19.36468253968254,27.508333333333333
17,38,2,1,1,2,2,9,14.203968253968254,27.258333333333333
17,39,1,1,1,2,3,3,14.262698412698413,27.311904761904763
17,40,1,1,1,2,1,1,12.066269841269841,26.714285714285715
17,41,1,1,2,3,2,2,15.185912698412698,27.32857142857143
17,42,1,1,2,3,6,9,19.17936507936508,27.448809523809523
17,43,1,1,1,2,2,1,13.151388888888889,27.21904761904762
17,44,1,2,1,3,2,2,15.130753968253968,27.314285714285713
17,45,1,1,1,2,1,1,12.066269841269841,26.714285714285715
17,46,1,1,1,2,2,1,13.151388888888889,27.21904761904762
17,47,1,1,1,2,2,1,13.151388888888889,27.21904761904762
17,48,2,1,1,3,6,9,19.36468253968254,27.508333333333333
17,49,1,1,2,2,1,4,13.063690476190477,26.939285714285713
18,0,2,1,6,4,6,4,25.064285714285713,27.514285714285712
18,1,1,1,1,2,1,1,12.066269841269841,26.714285714285715
18,2,2,1,6,4,6,4,25.064285714285713,27.514285714285712
18,3,1,1,1,2,1,1,12.066269841269841,26.714285714285715
18,4,2,1,1,3,6,9,19.36468253968254,27.508333333333333
18,5,1,1,1,2,2,1,13.151388888888889,27.21904761904762
18,6,1,1,2,2,1,4,13.063690476190477,26.939285714285713
18,7,2,1,2,4,2,2,17.150396825396825,27.442857142857143
18,8,1,1,1,2,1,2,12.223809523809523,26.761904761904763
18,9,1,1,2,3,6,9,19.17936507936508,27.448809523809523
18,10,1,1,2,2,1,4,13.063690476190477,26.939285714285713
18,11,1,1,1,5,3,2,17.13511904761905,27.33214285714286
18,12,2,1,1,2,2,9,14.203968253968254,27.258333333333333
18,13,1,1,1,2,1,2,12.223809523809523,26.761904761904763
18,14,1,1,2,3,2,2,15.185912698412698,27.32857142857143
18,15,1,2,1,4,2,3,16.295238095238098,27.330952380952382
18,16,1,2,1,3,2,2,15.130753968253968,27.314285714285713
18,17,1,1,1,2,3,3,14.262698412698413,27.311904761904763
18,18,1,2,1,4,2,3,16.295238095238098,27.330952380952382
18,19,1,1,1,3,2,3,14.232936507936508,27.308333333333334
18,20,1,1,1,2,2,1,13.151388888888889,27.21904761904762
18,21,2,1,1,2,2,9,14.203968253968254,27.258333333333333
18,22,2,1,1,3,6,9,19.36468253968254,27.508333333333333
18,23,1,1,2,3,6,9,19.17936507936508,27.448809523809523
18,24,1,1,2,3,2,2,15.185912698412698,27.32857142857143
18,25,1,2,1,3,2,2,15.130753968253968,27.314285714285713
18,26,1,1,1,3,2,3,14.232936507936508,27.308333333333334
18,27,1,1,1,2,3,3,14.262698412698413,27.311904761904763
18,28,1,1,1,5,3,2,17.13511904761905,27.33214285714286
18,29,1,1,1,3,2,3,14.232936507936508,27.308333333333334
18,30,1,1,2,3,2,2,15.185912698412698,27.32857142857143
18,31,1,1,1,2,2,1,13.151388888888889,27.21904761904762
18,32,1,1,1,2,2,1,13.151388888888889,27.21904761904762
18,33,2,1,1,3,6,9,19.36468253968254,27.508333333333333
18,34,1,1,1,2,1,2,12.223809523809523,26.761904761904763
18,35,1,1,1,5,3,2,17.13511904761905,27.33214285714286
18,36,1,1,2,3,6,9,19.17936507936508,27.448809523809523
18,37,1,1,2,2,1,4,13.063690476190477,26.939285714285713
18,38,1,1,1,2,3,3,14.262698412698413,27.311904761904763
18,39,1,1,1,2,1,1,12.066269841269841,26.714285714285715
18,40,2,1,6,4,6,4,25.064285714285713,27.514285714285712
18,41,2,1,6,4,6,4,25.064285714285713,27.514285714285712
18,42,2,1,1,3,6,9,19.36468253968254,27.508333333333333
18,43,1,1,1,2,2,1,13.151388888888889,27.21904761904762
18,44,1,1,1,2,1,1,12.066269841269841,26.714285714285715
18,45,1,1,2,3,6,9,19.17936507936508,27.448809523809523
18,46,1,1,1,3,2,3,14.232936507936508,27.308333333333334
18,47,1,1,1,2,1,2,12.223809523809523,26.761904761904763
18,48,1,1,1,2,3,3,14.262698412698413,27.311904761904763
18,49,1,1,1,2,1,1,12.066269841269841,26.714285714285715
19,0,2,1,6,4,6,4,25.064285714285713,27.514285714285712
19,1,2,1,6,4,6,4,25.064285714285713,27.514285714285712
19,2,1,1,1,2,1,1,12.066269841269841,26.714285714285715
19,3,1,1,1,2,1,1,12.066269841269841,26.714285714285715
19,4,2,1,1,3,6,9,19.36468253968254,27.508333333333333
19,5,1,1,1,2,2,1,13.151388888888889,27.21904761904762
19,6,1,1,2,2,1,4,13.063690476190477,26.939285714285713
19,7,2,1,2,4,2,2,17.150396825396825,27.442857142857143
19,8,1,1,1,2,1,2,12.223809523809523,26.761904761904763
19,9,1,1,2,3,6,9,19.17936507936508,27.448809523809523
19,10,1,1,2,2,1,4,13.063690476190477,26.939285714285713
19,11,1,1,1,5,3,2,17.13511904761905,27.33214285714286
19,12,2,1,1,2,2,9,14.203968253968254,27.258333333333333
19,13,1,1,1,2,1,2,12.223809523809523,26.761904761904763
19,14,1,1,2,3,2,2,15.185912698412698,27.32857142857143
19,15,1,2,1,4,2,3,16.295238095238098,27.330952380952382
19,16,1,2,1,3,2,2,15.130753968253968,27.314285714285713
19,17,1,1,1,2,3,3,14.262698412698413,27.311904761904763
19,18,1,2,1,4,2,3,16.295238095238098,27.330952380952382
19,19,1,1,1,3,2,3,14.232936507936508,27.308333333333334
19,20,1,1,1,2,2,1,13.151388888888889,27.21904761904762
19,21,2,1,1,2,2,9,14.203968253968254,27.258333333333333
19,22,2,1,1,3,6,9,19.36468253968254,27.508333333333333
19,23,1,1,2,3,6,9,19.17936507936508,27.448809523809523
19,24,1,1,2,3,2,2,15.185912698412698,27.32857142857143
19,25,1,2,1,3,2,2,15.130753968253968,27.314285714285713
19,26,1,1,1,3,2,3,14.232936507936508,27.308333333333334
19,27,1,1,1,2,3,3,14.262698412698413,27.311904761904763
19,28,1,1,1,5,3,2,17.13511904761905,27.33214285714286
19,29,1,1,2,3,6,9,19.17936507936508,27.448809523809523
19,30,1,1,1,2,1,2,12.223809523809523,26.761904761904763
19,31,1,1,1,2,1,1,12.066269841269841,26.714285714285715
19,32,1,1,2,2,1,4,13.063690476190477,26.939285714285713
19,33,2,1,6,4,6,4,25.064285714285713,27.514285714285712
19,34,1,1,1,2,1,1,12.066269841269841,26.714285714285715
19,35,1,1,1,2,2,1,13.151388888888889,27.21904761904762
19,36,1,1,2,3,2,2,15.185912698412698,27.32857142857143
19,37,2,1,1,2,2,9,14.203968253968254,27.258333333333333
19,38,2,1,1,3,6,9,19.36468253968254,27.508333333333333
19,39,1,1,1,2,1,2,12.223809523809523,26.761904761904763
19,40,1,1,1,2,2,1,13.151388888888889,27.21904761904762
19,41,1,1,1,2,1,2,12.223809523809523,26.761904761904763
19,42,1,1,1,2,2,1,13.151388888888889,27.21904761904762
19,43,1,1,1,2,2,1,13.151388888888889,27.21904761904762
19,44,1,1,1,2,2,1,13.151388888888889,27.21904761904762
19,45,1,1,1,3,2,3,14.232936507936508,27.308333333333334
19,46,1,1,1,2,1,1,12.066269841269841,26.714285714285715
19,47,1,1,1,3,2,3,14.232936507936508,27.308333333333334
19,48,1,1,2,2,1,4,13.063690476190477,26.939285714285713
19,49,1,1,1,2,1,1,12.066269841269841,26.714285714285715
20,0,2,1,6,4,6,4,25.064285714285713,27.514285714285712
20,1,1,1,1,2,1,1,12.066269841269841,26.714285714285715
20,2,1,1,1,2,1,1,12.066269841269841,26.714285714285715
20,3,2,1,6,4,6,4,25.064285714285713,27.514285714285712
20,4,2,1,1,3,6,9,19.36468253968254,27.508333333333333
20,5,1,1,1,2,2,1,13.151388888888889,27.21904761904762
20,6,1,1,2,2,1,4,13.063690476190477,26.939285714285713
20,7,2,1,2,4,2,2,17.150396825396825,27.442857142857143
20,8,1,1,1,2,1,2,12.223809523809523,26.761904761904763
20,9,1,1,2,3,6,9,19.17936507936508,27.448809523809523
20,10,1,1,2,2,1,4,13.063690476190477,26.939285714285713
20,11,1,1,1,5,3,2,17.13511904761905,27.33214285714286
20,12,2,1,1,2,2,9,14.203968253968254,27.258333333333333
20,13,1,1,1,2,1,2,12.223809523809523,26.761904761904763
20,14,1,1,2,3,2,2,15.185912698412698,27.32857142857143
20,15,1,2,1,4,2,3,16.295238095238098,27.330952380952382
20,16,1,2,1,4,2,3,16.295238095238098,27.330952380952382
20,17,1,1,1,3,2,3,14.232936507936508,27.308333333333334
20,18,1,1,1,2,3,3,14.262698412698413,27.311904761904763
20,19,1,1,1,3,3,2,15.035912698412698,27.313095238095237
20,20,1,1,1,2,2,1,13.151388888888889,27.21904761904762
20,21,2,1,1,2,2,9,14.203968253968254,27.258333333333333
20,22,1,2,1,3,2,2,15.130753968253968,27.314285714285713
20,23,1,1,2,3,6,9,19.17936507936508,27.448809523809523
20,24,2,1,1,3,6,9,19.36468253968254,27.508333333333333
20,25,1,1,1,3,3,2,15.035912698412698,27.313095238095237
20,26,2,1,2,4,2,2,17.150396825396825,27.442857142857143
20,27,1,1,2,3,2,2,15.185912698412698,27.32857142857143
20,28,1,1,1,3,2,3,14.232936507936508,27.308333333333334
20,29,1,2,1,3,2,2,15.130753968253968,27.314285714285713
20,30,1,1,1,2,3,3,14.262698412698413,27.311904761904763
20,31,1,1,1,5,3,2,17.13511904761905,27.33214285714286
20,32,1,1,1,2,2,1,13.151388888888889,27.21904761904762
20,33,1,1,1,2,1,2,12.223809523809523,26.761904761904763
20,34,1,1,1,3,2,3,14.232936507936508,27.308333333333334
20,35,1,1,1,3,2,3,14.232936507936508,27.308333333333334
20,36,1,1,1,2,1,1,12.066269841269841,26.714285714285715
20,37,1,1,2,3,6,9,19.17936507936508,27.448809523809523
20,38,1,1,2,2,1,4,13.063690476190477,26.939285714285713
20,39,1,1,1,2,2,1,13.151388888888889,27.21904761904762
20,40,1,1,1,2,3,3,14.262698412698413,27.311904761904763
20,41,1,1,1,2,1,1,12.066269841269841,26.714285714285715
20,42,2,1,1,2,2,9,14.203968253968254,27.258333333333333
20,43,1,2,1,3,2,2,15.130753968253968,27.314285714285713
20,44,1,1,1,2,1,2,12.223809523809523,26.761904761904763
20,45,2,1,6,4,6,4,25.064285714285713,27.514285714285712
20,46,1,1,1,2,1,2,12.223809523809523,26.761904761904763
20,47,1,1,1,2,1,1,12.066269841269841,26.714285714285715
20,48,1,1,1,2,3,3,14.262698412698413,27.311904761904763
20,49,1,1,1,2,2,1,13.151388888888889,27.21904761904762
21,0,2,1,6,4,6,4,25.064285714285713,27.514285714285712
21,1,1,1,1,2,1,1,12.066269841269841,26.714285714285715
21,2,1,1,1,2,1,1,12.066269841269841,26.714285714285715
21,3,2,1,6,4,6,4,25.064285714285713,27.514285714285712
21,4,2,1,1,3,6,9,19.36468253968254,27.508333333333333
21,5,1,1,1,2,2,1,13.151388888888889,27.21904761904762
21,6,1,1,2,2,1,4,13.063690476190477,26.939285714285713
21,7,2,1,2,4,2,2,17.150396825396825,27.442857142857143
21,8,1,1,1,2,1,2,12.223809523809523,26.761904761904763
21,9,1,1,2,3,6,9,19.17936507936508,27.448809523809523
21,10,1,1,2,2,1,4,13.063690476190477,26.939285714285713
21,11,1,1,1,5,3,2,17.13511904761905,27.33214285714286
21,12,2,1,1,2,2,9,14.203968253968254,27.258333333333333
21,13,1,1,1,2,1,2,12.223809523809523,26.761904761904763
21,14,1,1,2,3,2,2,15.185912698412698,27.32857142857143
21,15,1,2,1,4,2,3,16.295238095238098,27.330952380952382
21,16,1,2,1,4,2,3,16.295238095238098,27.330952380952382
21,17,1,1,1,3,2,3,14.232936507936508,27.308333333333334
21,18,1,1,1,2,3,3,14.262698412698413,27.311904761904763
21,19,1,1,1,3,3,2,15.035912698412698,27.313095238095237
21,20,1,1,1,2,2,1,13.151388888888889,27.21904761904762
21,21,2,1,1,2,2,9,14.203968253968254,27.258333333333333
21,22,1,2,1,3,2,2,15.130753968253968,27.314285714285713
21,23,2,1,1,3,6,9,19.36468253968254,27.508333333333333
21,24,1,1,2,3,6,9,19.17936507936508,27.448809523809523
21,25,1,1,1,3,3,2,15.035912698412698,27.313095238095237
21,26,2,1,2,4,2,2,17.150396825396825,27.442857142857143
21,27,1,1,2,3,2,2,15.185912698412698,27.32857142857143
21,28,1,1,1,3,2,3,14.232936507936508,27.308333333333334
21,29,1,2,1,3,2,2,15.130753968253968,27.314285714285713
21,30,1,1,1,2,3,3,14.262698412698413,27.311904761904763
21,31,1,1,1,5,3,2,17.13511904761905,27.33214285714286
21,32,1,2,1,3,2,2,15.130753968253968,27.314285714285713
21,33,1,1,1,2,1,1,12.066269841269841,26.714285714285715
21,34,1,1,1,3,3,2,15.035912698412698,27.313095238095237
21,35,1,1,1,2,1,1,12.066269841269841,26.714285714285715
21,36,1,1,1,2,2,1,13.151388888888889,27.21904761904762
21,37,1,1,1,2,2,1,13.151388888888889,27.21904761904762
21,38,1,1,1,2,1,2,12.223809523809523,26.761904761904763
21,39,1,1,1,2,1,1,12.066269841269841,26.714285714285715
21,40,2,1,6,4,6,4,25.064285714285713,27.514285714285712
21,41,1,1,2,3,6,9,19.17936507936508,27.448809523809523
21,42,1,1,1,2,2,1,13.151388888888889,27.21904761904762
21,43,1,1,2,3,6,9,19.17936507936508,27.448809523809523
21,44,1,1,1,2,2,1,13.151388888888889,27.21904761904762
21,45,1,1,1,3,2,3,14.232936507936508,27.308333333333334
21,46,1,1,1,2,1,1,12.066269841269841,26.714285714285715
21,47,1,1,1,2,2,1,13.151388888888889,27.21904761904762
21,48,1,1,1,5,3,2,17.13511904761905,27.33214285714286
21,49,1,1,1,5,3,2,17.13511904761905,27.33214285714286
22,0,2,1,6,4,6,4,25.064285714285713,27.514285714285712
22,1,1,1,1,2,1,1,12.066269841269841,26.714285714285715
22,2,1,1,1,2,1,1,12.066269841269841,26.714285714285715
22,3,2,1,6,4,6,4,25.064285714285713,27.514285714285712
22,4,2,1,1,3,6,9,19.36468253968254,27.508333333333333
22,5,1,1,1,2,2,1,13.151388888888889,27.21904761904762
22,6,1,1,2,2,1,4,13.063690476190477,26.939285714285713
22,7,2,1,2,4,2,2,17.150396825396825,27.442857142857143
22,8,1,1,1,2,1,2,12.223809523809523,26.761904761904763
22,9,1,1,2,3,6,9,19.17936507936508,27.448809523809523
22,10,1,1,2,2,1,4,13.063690476190477,26.939285714285713
22,11,1,1,1,5,3,2,17.13511904761905,27.33214285714286
22,12,2,1,1,2,2,9,14.203968253968254,27.258333333333333
22,13,1,1,1,2,1,2,12.223809523809523,26.761904761904763
22,14,1,1,2,3,2,2,15.185912698412698,27.32857142857143
22,15,1,2,1,4,2,3,16.295238095238098,27.330952380952382
22,16,1,2,1,4,2,3,16.295238095238098,27.330952380952382
22,17,1,1,1,3,2,3,14.232936507936508,27.308333333333334
22,18,1,1,1,2,3,3,14.262698412698413,27.311904761904763
22,19,1,1,1,3,3,2,15.035912698412698,27.313095238095237
22,20,1,1,1,2,2,1,13.151388888888889,27.21904761904762
22,21,2,1,1,2,2,9,14.203968253968254,27.258333333333333
22,22,1,2,1,3,2,2,15.130753968253968,27.314285714285713
22,23,1,1,2,3,6,9,19.17936507936508,27.448809523809523
22,24,2,1,1,3,6,9,19.36468253968254,27.508333333333333
22,25,1,1,1,3,3,2,15.035912698412698,27.313095238095237
22,26,2,1,2,4,2,2,17.150396825396825,27.442857142857143
22,27,1,1,2,3,2,2,15.185912698412698,27.32857142857143
22,28,1,1,1,3,2,3,14.232936507936508,27.308333333333334
22,29,1,2,1,3,2,2,15.130753968253968,27.314285714285713
22,30,1,1,1,2,3,3,14.262698412698413,27.311904761904763
22,31,1,1,1,5,3,2,17.13511904761905,27.33214285714286
22,32,1,2,1,4,2,3,16.295238095238098,27.330952380952382
22,33,1,1,1,3,3,2,15.035912698412698,27.313095238095237
22,34,1,1,1,2,2,1,13.151388888888889,27.21904761904762
22,35,1,1,1,5,3,2,17.13511904761905,27.33214285714286
22,36,1,1,2,3,2,2,15.185912698412698,27.32857142857143
22,37,1,1,1,2,1,2,12.223809523809523,26.761904761904763
22,38,1,1,2,3,6,9,19.17936507936508,27.448809523809523
22,39,1,1,1,5,3,2,17.13511904761905,27.33214285714286
22,40,1,1,1,5,3,2,17.13511904761905,27.33214285714286
22,41,1,1,1,2,2,1,13.151388888888889,27.21904761904762
22,42,2,1,2,4,2,2,17.150396825396825,27.442857142857143
22,43,1,1,2,2,1,4,13.063690476190477,26.939285714285713
22,44,2,1,2,4,2,2,17.150396825396825,27.442857142857143
22,45,1,1,1,5,3,2,17.13511904761905,27.33214285714286
22,46,1,1,1,3,3,2,15.035912698412698,27.313095238095237
22,47,1,2,1,3,2,2,15.130753968253968,27.314285714285713
22,48,1,1,1,2,2,1,13.151388888888889,27.21904761904762
22,49,1,1,2,2,1,4,13.063690476190477,26.939285714285713
23,0,1,1,1,2,1,1,12.066269841269841,26.714285714285715
23,1,1,1,1,2,1,1,12.066269841269841,26.714285714285715
23,2,2,1,6,4,6,4,25.064285714285713,27.514285714285712
23,3,2,1,6,4,6,4,25.064285714285713,27.514285714285712
23,4,2,1,1,3,6,9,19.36468253968254,27.508333333333333
23,5,1,1,1,2,2,1,13.151388888888889,27.21904761904762
23,6,1,1,2,2,1,4,13.063690476190477,26.939285714285713
23,7,1,2,2,3,2,3,15.970238095238095,27.34047619047619
23,8,2,1,2,4,2,2,17.150396825396825,27.442857142857143
23,9,1,1,1,2,1,2,12.223809523809523,26.761904761904763
23,10,1,1,2,3,6,9,19.17936507936508,27.448809523809523
23,11,1,1,2,2,1,4,13.063690476190477,26.939285714285713
23,12,2,1,1,2,2,9,14.203968253968254,27.258333333333333
23,13,1,1,1,2,1,2,12.223809523809523,26.761904761904763
23,14,2,1,2,4,2,2,17.150396825396825,27.442857142857143
23,15,1,1,2,3,2,2,15.185912698412698,27.32857142857143
23,16,1,1,1,3,2,3,14.232936507936508,27.308333333333334
23,17,1,1,1,2,3,3,14.262698412698413,27.311904761904763
23,18,1,1,1,3,3,2,15.035912698412698,27.313095238095237
23,19,1,1,1,2,2,1,13.151388888888889,27.21904761904762
23,20,2,1,1,2,2,9,14.203968253968254,27.258333333333333
23,21,1,2,1,3,2,2,15.130753968253968,27.314285714285713
23,22,2,1,1,3,6,9,19.36468253968254,27.508333333333333
23,23,1,1,2,3,6,9,19.17936507936508,27.448809523809523
23,24,1,1,2,3,2,2,15.185912698412698,27.32857142857143
23,25,1,1,1,3,3,2,15.035912698412698,27.313095238095237
23,26,1,1,1,3,2,3,14.232936507936508,27.308333333333334
23,27,1,2,1,3,2,2,15.130753968253968,27.314285714285713
23,28,1,1,1,2,3,3,14.262698412698413,27.311904761904763
23,29,2,1,1,3,6,9,19.36468253968254,27.508333333333333
23,30,1,1,1,2,2,1,13.151388888888889,27.21904761904762
23,31,2,1,2,4,2,2,17.150396825396825,27.442857142857143
23,32,1,1,2,2,1,4,13.063690476190477,26.939285714285713
23,33,1,1,2,3,2,2,15.185912698412698,27.32857142857143
23,34,1,2,1,3,2,2,15.130753968253968,27.314285714285713
23,35,1,1,1,3,2,3,14.232936507936508,27.308333333333334
23,36,1,2,1,3,2,2,15.130753968253968,27.314285714285713
23,37,1,1,1,3,3,2,15.035912698412698,27.313095238095237
23,38,1,1,1,3,3,2,15.035912698412698,27.313095238095237
23,39,1,1,2,3,2,2,15.185912698412698,27.32857142857143
23,40,1,1,2,2,1,4,13.063690476190477,26.939285714285713
23,41,2,1,1,2,2,9,14.203968253968254,27.258333333333333
23,42,2,1,6,4,6,4,25.064285714285713,27.514285714285712
23,43,1,1,2,3,6,9,19.17936507936508,27.448809523809523
23,44,2,1,2,4,2,2,17.150396825396825,27.442857142857143
23,45,1,1,1,3,2,3,14.232936507936508,27.308333333333334
23,46,1,1,2,3,6,9,19.17936507936508,27.448809523809523
23,47,1,1,1,2,1,1,12.066269841269841,26.714285714285715
23,48,1,1,1,2,2,1,13.151388888888889,27.21904761904762
23,49,1,1,1,2,1,2,12.223809523809523,26.761904761904763
24,0,1,1,6,4,7,4,25.0625,27.514285714285712
24,1,1,1,1,2,1,1,12.066269841269841,26.714285714285715
24,2,1,1,1,2,1,1,12.066269841269841,26.714285714285715
24,3,2,1,1,3,6,9,19.36468253968254,27.508333333333333
24,4,1,1,1,2,2,1,13.151388888888889,27.21904761904762
24,5,1,1,2,2,1,4,13.063690476190477,26.939285714285713
24,6,2,1,2,4,2,2,17.150396825396825,27.442857142857143
24,7,1,1,1,2,1,2,12.223809523809523,26.761904761904763
24,8,1,1,2,3,6,9,19.17936507936508,27.448809523809523
24,9,1,1,2,2,1,4,13.063690476190477,26.939285714285713
24,10,1,2,2,3,2,3,15.970238095238095,27.34047619047619
24,11,2,1,1,2,2,9,14.203968253968254,27.258333333333333
24,12,1,1,1,2,1,2,12.223809523809523,26.761904761904763
24,13,1,2,2,3,2,3,15.970238095238095,27.34047619047619
24,14,2,1,2,4,2,2,17.150396825396825,27.442857142857143
24,15,1,1,2,3,2,2,15.185912698412698,27.32857142857143
24,16,1,1,1,3,2,3,14.232936507936508,27.308333333333334
24,17,1,1,1,2,3,3,14.262698412698413,27.311904761904763
24,18,1,1,1,3,3,2,15.035912698412698,27.313095238095237
24,19,1,1,1,2,2,1,13.151388888888889,27.21904761904762
24,20,2,1,1,2,2,9,14.203968253968254,27.258333333333333
24,21,1,2,1,3,2,2,15.130753968253968,27.314285714285713
24,22,1,1,2,3,6,9,19.17936507936508,27.448809523809523
24,23,2,1,1,3,6,9,19.36468253968254,27.508333333333333
24,24,1,1,2,3,2,2,15.185912698412698,27.32857142857143
24,25,1,1,1,3,3,2,15.035912698412698,27.313095238095237
24,26,1,1,1,3,2,3,14.232936507936508,27.308333333333334
24,27,1,2,1,3,2,2,15.130753968253968,27.314285714285713
24,28,1,1,1,2,3,3,14.262698412698413,27.311904761904763
24,29,1,1,2,3,6,9,19.17936507936508,27.448809523809523
24,30,1,2,1,3,2,2,15.130753968253968,27.314285714285713
24,31,1,1,1,2,1,1,12.066269841269841,26.714285714285715
24,32,1,1,1,3,3,2,15.035912698412698,27.313095238095237
24,33,1,1,2,3,6,9,19.17936507936508,27.448809523809523
24,34,1,1,2,3,2,2,15.185912698412698,27.32857142857143
24,35,1,1,1,2,2,1,13.151388888888889,27.21904761904762
24,36,1,1,1,2,2,1,13.151388888888889,27.21904761904762
24,37,1,1,2,3,6,9,19.17936507936508,27.448809523809523
24,38,1,1,1,2,1,1,12.066269841269841,26.714285714285715
24,39,1,1,1,3,2,3,14.232936507936508,27.308333333333334
24,40,1,1,2,3,2,2,15.185912698412698,27.32857142857143
24,41,1,1,2,3,2,2,15.185912698412698,27.32857142857143
24,42,1,1,2,3,6,9,19.17936507936508,27.448809523809523
24,43,1,2,1,3,2,2,15.130753968253968,27.314285714285713
24,44,1,1,2,2,1,4,13.063690476190477,26.939285714285713
24,45,1,1,1,3,2,3,14.232936507936508,27.308333333333334
24,46,2,1,2,4,2,2,17.150396825396825,27.442857142857143
24,47,1,1,1,3,3,2,15.035912698412698,27.313095238095237
24,48,2,1,1,2,2,9,14.203968253968254,27.258333333333333
24,49,1,1,1,2,2,1,13.151388888888889,27.21904761904762
25,0,1,1,1,2,1,1,12.066269841269841,26.714285714285715
25,1,1,1,1,2,1,1,12.066269841269841,26.714285714285715
25,2,1,1,6,4,7,4,25.0625,27.514285714285712
25,3,2,1,1,3,6,9,19.36468253968254,27.508333333333333
25,4,1,1,1,2,2,1,13.151388888888889,27.21904761904762
25,5,1,1,2,2,1,4,13.063690476190477,26.939285714285713
25,6,2,1,2,4,2,2,17.150396825396825,27.442857142857143
25,7,1,1,1,2,1,2,12.223809523809523,26.761904761904763
25,8,1,1,2,3,6,9,19.17936507936508,27.448809523809523
25,9,1,1,2,2,1,4,13.063690476190477,26.939285714285713
25,10,1,2,2,3,2,3,15.970238095238095,27.34047619047619
25,11,2,1,1,2,2,9,14.203968253968254,27.258333333333333
25,12,1,1,1,2,1,2,12.223809523809523,26.761904761904763
25,13,1,2,2,3,2,3,15.970238095238095,27.34047619047619
25,14,2,1,2,4,2,2,17.150396825396825,27.442857142857143
25,15,1,1,2,3,2,2,15.185912698412698,27.32857142857143
25,16,1,1,1,3,2,3,14.232936507936508,27.308333333333334
25,17,1,1,1,2,3,3,14.262698412698413,27.311904761904763
25,18,1,1,1,3,3,2,15.035912698412698,27.313095238095237
25,19,1,1,1,2,2,1,13.151388888888889,27.21904761904762
25,20,2,1,1,2,2,9,14.203968253968254,27.258333333333333
25,21,1,2,1,3,2,2,15.130753968253968,27.314285714285713
25,22,1,1,2,3,6,9,19.17936507936508,27.448809523809523
25,23,2,1,1,3,6,9,19.36468253968254,27.508333333333333
25,24,1,1,2,3,2,2,15.185912698412698,27.32857142857143
25,25,1,1,1,3,3,2,15.035912698412698,27.313095238095237
25,26,1,1,1,3,2,3,14.232936507936508,27.308333333333334
25,27,1,2,1,3,2,2,15.130753968253968,27.314285714285713
25,28,1,1,1,2,3,3,14.262698412698413,27.311904761904763
25,29,1,1,2,3,6,9,19.17936507936508,27.448809523809523
25,30,1,1,1,3,2,3,14.232936507936508,27.308333333333334
25,31,1,1,2,3,6,9,19.17936507936508,27.448809523809523
25,32,1,1,1,2,2,1,13.151388888888889,27.21904761904762
25,33,1,1,2,3,6,9,19.17936507936508,27.448809523809523
25,34,1,1,2,3,2,2,15.185912698412698,27.32857142857143
25,35,1,1,1,2,1,1,12.066269841269841,26.714285714285715
25,36,1,1,2,3,6,9,19.17936507936508,27.448809523809523
25,37,1,1,1,3,2,3,14.232936507936508,27.308333333333334
25,38,1,1,1,3,3,2,15.035912698412698,27.313095238095237
25,39,1,1,2,3,6,9,19.17936507936508,27.448809523809523
25,40,1,1,1,3,2,3,14.232936507936508,27.308333333333334
25,41,1,1,1,2,1,1,12.066269841269841,26.714285714285715
25,42,2,1,1,2,2,9,14.203968253968254,27.258333333333333
25,43,1,1,1,2,3,3,14.262698412698413,27.311904761904763
25,44,1,1,1,3,3,2,15.035912698412698,27.313095238095237
25,45,1,1,1,2,1,2,12.223809523809523,26.761904761904763
25,46,1,1,2,3,2,2,15.185912698412698,27.32857142857143
25,47,1,1,1,2,1,1,12.066269841269841,26.714285714285715
25,48,2,1,2,4,2,2,17.150396825396825,27.442857142857143
25,49,1,1,2,3,2,2,15.185912698412698,27.32857142857143
26,0,1,1,6,4,7,4,25.0625,27.514285714285712
26,1,1,1,6,4,7,4,25.0625,27.514285714285712
26,2,1,1,1,2,1,1,12.066269841269841,26.714285714285715
26,3,1,1,1,2,1,1,12.066269841269841,26.714285714285715
26,4,2,1,1,3,6,9,19.36468253968254,27.508333333333333
26,5,1,1,2,2,1,4,13.063690476190477,26.939285714285713
26,6,1,1,1,2,2,1,13.151388888888889,27.21904761904762
26,7,2,1,2,4,2,2,17.150396825396825,27.442857142857143
26,8,1,1,1,2,1,2,12.223809523809523,26.761904761904763
26,9,1,1,2,3,6,9,19.17936507936508,27.448809523809523
26,10,1,1,2,2,1,4,13.063690476190477,26.939285714285713
26,11,1,1,2,2,2,1,13.954166666666667,27.258333333333333
26,12,1,2,2,3,2,3,15.970238095238095,27.34047619047619
26,13,1,1,1,2,1,2,12.223809523809523,26.761904761904763
26,14,1,2,2,3,2,3,15.970238095238095,27.34047619047619
26,15,2,1,2,4,2,2,17.150396825396825,27.442857142857143
26,16,1,1,2,3,2,2,15.185912698412698,27.32857142857143
26,17,1,1,1,3,2,3,14.232936507936508,27.308333333333334
26,18,1,1,1,2,3,3,14.262698412698413,27.311904761904763
26,19,1,1,1,3,3,2,15.035912698412698,27.313095238095237
26,20,1,1,1,2,2,1,13.151388888888889,27.21904761904762
26,21,1,1,1,3,2,3,14.232936507936508,27.308333333333334
26,22,1,2,1,3,2,2,15.130753968253968,27.314285714285713
26,23,2,1,1,3,6,9,19.36468253968254,27.508333333333333
26,24,1,1,2,3,6,9,19.17936507936508,27.448809523809523
26,25,1,1,2,3,2,2,15.185912698412698,27.32857142857143
26,26,1,1,1,3,3,2,15.035912698412698,27.313095238095237
26,27,1,2,1,3,2,2,15.130753968253968,27.314285714285713
26,28,1,1,1,2,3,3,14.262698412698413,27.311904761904763
26,29,1,1,1,2,3,3,14.262698412698413,27.311904761904763
26,30,1,1,1,3,2,3,14.232936507936508,27.308333333333334
26,31,2,1,2,4,2,2,17.150396825396825,27.442857142857143
26,32,1,1,1,3,3,2,15.035912698412698,27.313095238095237
26,33,1,1,1,2,1,2,12.223809523809523,26.761904761904763
26,34,1,1,1,3,2,3,14.232936507936508,27.308333333333334
26,35,1,1,1,2,1,2,12.223809523809523,26.761904761904763
26,36,1,2,2,3,2,3,15.970238095238095,27.34047619047619
26,37,1,1,1,3,2,3,14.232936507936508,27.308333333333334
26,38,1,1,1,3,2,3,14.232936507936508,27.308333333333334
26,39,1,1,2,3,6,9,19.17936507936508,27.448809523809523
26,40,1,1,2,3,2,2,15.185912698412698,27.32857142857143
26,41,1,2,1,3,2,2,15.130753968253968,27.314285714285713
26,42,1,1,2,3,2,2,15.185912698412698,27.32857142857143
26,43,1,1,1,2,1,2,12.223809523809523,26.761904761904763
26,44,1,1,1,2,3,3,14.262698412698413,27.311904761904763
26,45,1,1,1,3,3,2,15.035912698412698,27.313095238095237
26,46,1,1,1,2,1,1,12.066269841269841,26.714285714285715
26,47,1,1,1,2,1,2,12.223809523809523,26.761904761904763
26,48,1,1,2,3,6,9,19.17936507936508,27.448809523809523
26,49,1,1,2,3,2,2,15.185912698412698,27.32857142857143
27,0,1,1,1,2,1,1,12.066269841269841,26.714285714285715
27,1,1,1,1,2,1,1,12.066269841269841,26.714285714285715
27,2,1,1,6,4,7,4,25.0625,27.514285714285712
27,3,1,1,6,4,7,4,25.0625,27.514285714285712
27,4,2,1,1,3,6,9,19.36468253968254,27.508333333333333
27,5,1,1,2,2,1,4,13.063690476190477,26.939285714285713
27,6,1,1,1,2,2,1,13.151388888888889,27.21904761904762
27,7,2,1,2,4,2,2,17.150396825396825,27.442857142857143
27,8,1,1,1,2,1,2,12.223809523809523,26.761904761904763
27,9,1,1,2,3,6,9,19.17936507936508,27.448809523809523
27,10,1,1,2,2,1,4,13.063690476190477,26.939285714285713
27,11,1,2,2,3,2,3,15.970238095238095,27.34047619047619
27,12,1,1,2,2,2,1,13.954166666666667,27.258333333333333
27,13,1,1,1,2,1,2,12.223809523809523,26.761904761904763
27,14,1,2,2,3,2,3,15.970238095238095,27.34047619047619
27,15,2,1,2,4,2,2,17.150396825396825,27.442857142857143
27,16,1,1,2,3,2,2,15.185912698412698,27.32857142857143
27,17,1,1,2,2,2,1,13.954166666666667,27.258333333333333
27,18,1,1,1,3,2,3,14.232936507936508,27.308333333333334
27,19,1,1,1,2,3,3,14.262698412698413,27.311904761904763
27,20,1,1,1,3,3,2,15.035912698412698,27.313095238095237
27,21,1,1,1,2,2,1,13.151388888888889,27.21904761904762
27,22,1,1,1,3,2,3,14.232936507936508,27.308333333333334
27,23,1,2,1,3,2,2,15.130753968253968,27.314285714285713
27,24,1,1,2,3,6,9,19.17936507936508,27.448809523809523
27,25,2,1,1,3,6,9,19.36468253968254,27.508333333333333
27,26,1,1,2,3,2,2,15.185912698412698,27.32857142857143
27,27,1,1,1,3,3,2,15.035912698412698,27.313095238095237
27,28,1,2,1,3,2,2,15.130753968253968,27.314285714285713
27,29,1,1,1,2,3,3,14.262698412698413,27.311904761904763
27,30,1,1,1,3,2,3,14.232936507936508,27.308333333333334
27,31,1,1,1,3,3,2,15.035912698412698,27.313095238095237
27,32,1,1,1,2,1,2,12.223809523809523,26.761904761904763
27,33,1,2,1,3,2,2,15.130753968253968,27.314285714285713
27,34,1,1,1,2,1,2,12.223809523809523,26.761904761904763
27,35,1,2,1,3,2,2,15.130753968253968,27.314285714285713
27,36,1,1,1,2,1,1,12.066269841269841,26.714285714285715
27,37,1,1,1,3,3,2,15.035912698412698,27.313095238095237
27,38,1,1,1,2,2,1,13.151388888888889,27.21904761904762
27,39,1,1,1,2,2,1,13.151388888888889,27.21904761904762
27,40,1,1,1,2,1,1,12.066269841269841,26.714285714285715
27,41,1,1,1,2,1,2,12.223809523809523,26.761904761904763
27,42,1,1,2,3,2,2,15.185912698412698,27.32857142857143
27,43,1,1,1,2,1,1,12.066269841269841,26.714285714285715
27,44,1,1,2,3,2,2,15.185912698412698,27.32857142857143
27,45,1,1,1,2,3,3,14.262698412698413,27.311904761904763
27,46,1,1,2,3,2,2,15.185912698412698,27.32857142857143
27,47,1,1,1,3,2,3,14.232936507936508,27.308333333333334
27,48,1,1,1,2,1,2,12.223809523809523,26.761904761904763
27,49,1,1,2,3,6,9,19.17936507936508,27.448809523809523
28,0,1,1,1,2,1,1,12.066269841269841,26.714285714285715
28,1,1,1,6,4,7,4,25.0625,27.514285714285712
28,2,1,1,1,2,1,1,12.066269841269841,26.714285714285715
28,3,1,1,6,4,7,4,25.0625,27.514285714285712
28,4,2,1,1,3,6,9,19.36468253968254,27.508333333333333
28,5,1,1,2,2,1,4,13.063690476190477,26.939285714285713
28,6,1,1,1,2,2,1,13.151388888888889,27.21904761904762
28,7,1,1,1,4,2,4,15.330555555555556,27.363095238095237
28,8,2,1,2,4,2,2,17.150396825396825,27.442857142857143
28,9,1,1,1,2,1,2,12.223809523809523,26.761904761904763
28,10,1,1,2,3,6,9,19.17936507936508,27.448809523809523
28,11,1,1,2,2,1,4,13.063690476190477,26.939285714285713
28,12,2,1,2,4,2,2,17.150396825396825,27.442857142857143
28,13,1,1,2,2,2,1,13.954166666666667,27.258333333333333
28,14,1,1,1,2,1,2,12.223809523809523,26.761904761904763
28,15,1,1,2,2,2,1,13.954166666666667,27.258333333333333
28,16,1,1,1,3,2,3,14.232936507936508,27.308333333333334
28,17,1,1,1,2,3,3,14.262698412698413,27.311904761904763
28,18,1,1,1,3,3,2,15.035912698412698,27.313095238095237
28,19,1,1,1,2,2,1,13.151388888888889,27.21904761904762
28,20,1,1,2,3,2,2,15.185912698412698,27.32857142857143
28,21,1,1,2,3,2,2,15.185912698412698,27.32857142857143
28,22,1,1,1,3,2,3,14.232936507936508,27.308333333333334
28,23,1,2,1,3,2,2,15.130753968253968,27.314285714285713
28,24,1,1,2,3,6,9,19.17936507936508,27.448809523809523
28,25,2,1,1,3,6,9,19.36468253968254,27.508333333333333
28,26,1,1,1,3,3,2,15.035912698412698,27.313095238095237
28,27,1,2,1,3,2,2,15.130753968253968,27.314285714285713
28,28,1,1,1,2,3,3,14.262698412698413,27.311904761904763
28,29,1,1,1,2,1,1,12.066269841269841,26.714285714285715
28,30,1,1,1,2,1,1,12.066269841269841,26.714285714285715
28,31,1,1,1,2,1,2,12.223809523809523,26.761904761904763
28,32,1,1,1,2,2,1,13.151388888888889,27.21904761904762
28,33,1,1,1,2,2,1,13.151388888888889,27.21904761904762
28,34,1,1,2,3,2,2,15.185912698412698,27.32857142857143
28,35,1,2,1,3,2,2,15.130753968253968,27.314285714285713
28,36,1,1,2,3,2,2,15.185912698412698,27.32857142857143
28,37,1,1,1,2,1,1,12.066269841269841,26.714285714285715
28,38,1,1,1,2,2,1,13.151388888888889,27.21904761904762
28,39,1,1,1,2,1,2,12.223809523809523,26.761904761904763
28,40,2,1,2,4,2,2,17.150396825396825,27.442857142857143
28,41,1,1,1,3,2,3,14.232936507936508,27.308333333333334
28,42,1,1,1,3,2,3,14.232936507936508,27.308333333333334
28,43,1,1,2,3,2,2,15.185912698412698,27.32857142857143
28,44,1,1,1,2,1,2,12.223809523809523,26.761904761904763
28,45,1,1,1,2,1,2,12.223809523809523,26.761904761904763
28,46,1,1,1,2,1,2,12.223809523809523,26.761904761904763
28,47,1,1,1,2,1,1,12.066269841269841,26.714285714285715
28,48,1,1,1,2,1,1,12.066269841269841,26.714285714285715
28,49,1,1,2,3,6,9,19.17936507936508,27.448809523809523
29,0,1,1,6,4,7,4,25.0625,27.514285714285712
29,1,1,1,1,2,1,1,12.066269841269841,26.714285714285715
29,2,1,1,1,2,1,1,12.066269841269841,26.714285714285715
29,3,1,1,6,4,7,4,25.0625,27.514285714285712
29,4,2,1,1,3,6,9,19.36468253968254,27.508333333333333
29,5,1,1,2,2,1,4,13.063690476190477,26.939285714285713
29,6,1,1,1,2,2,1,13.151388888888889,27.21904761904762
29,7,2,1,2,4,2,2,17.150396825396825,27.442857142857143
29,8,1,1,1,2,1,2,12.223809523809523,26.761904761904763
29,9,1,1,2,3,6,9,19.17936507936508,27.448809523809523
29,10,1,1,2,2,1,4,13.063690476190477,26.939285714285713
29,11,1,1,1,4,2,4,15.330555555555556,27.363095238095237
29,12,2,1,2,4,2,2,17.150396825396825,27.442857142857143
29,13,1,1,2,2,2,1,13.954166666666667,27.258333333333333
29,14,1,1,1,2,1,2,12.223809523809523,26.761904761904763
29,15,1,1,1,4,2,4,15.330555555555556,27.363095238095237
29,16,1,1,2,2,2,1,13.954166666666667,27.258333333333333
29,17,1,1,1,3,2,3,14.232936507936508,27.308333333333334
29,18,1,1,1,2,3,3,14.262698412698413,27.311904761904763
29,19,1,1,1,3,3,2,15.035912698412698,27.313095238095237
29,20,1,1,1,2,2,1,13.151388888888889,27.21904761904762
29,21,1,1,2,3,2,2,15.185912698412698,27.32857142857143
29,22,1,1,2,3,2,2,15.185912698412698,27.32857142857143
29,23,1,1,1,3,2,3,14.232936507936508,27.308333333333334
29,24,1,2,1,3,2,2,15.130753968253968,27.314285714285713
29,25,1,1,2,3,6,9,19.17936507936508,27.448809523809523
29,26,2,1,1,3,6,9,19.36468253968254,27.508333333333333
29,27,1,1,1,3,3,2,15.035912698412698,27.313095238095237
29,28,1,2,1,3,2,2,15.130753968253968,27.314285714285713
29,29,1,1,1,2,3,3,14.262698412698413,27.311904761904763
29,30,1,1,1,2,1,2,12.223809523809523,26.761904761904763
29,31,1,1,1,2,1,2,12.223809523809523,26.761904761904763
29,32,1,1,1,2,1,2,12.223809523809523,26.761904761904763
29,33,1,1,1,2,1,1,12.066269841269841,26.714285714285715
29,34,2,1,2,4,2,2,17.150396825396825,27.442857142857143
29,35,1,1,1,2,2,1,13.151388888888889,27.21904761904762
29,36,1,1,1,2,1,2,12.223809523809523,26.761904761904763
29,37,1,1,2,3,6,9,19.17936507936508,27.448809523809523
29,38,1,1,1,2,1,1,12.066269841269841,26.714285714285715
29,39,1,1,2,3,2,2,15.185912698412698,27.32857142857143
29,40,1,1,1,2,1,2,12.223809523809523,26.761904761904763
29,41,1,1,2,2,2,1,13.954166666666667,27.258333333333333
29,42,1,1,1,3,2,3,14.232936507936508,27.308333333333334
29,43,1,1,1,2,1,1,12.066269841269841,26.714285714285715
29,44,1,1,2,3,6,9,19.17936507936508,27.448809523809523
29,45,1,1,1,3,2,3,14.232936507936508,27.308333333333334
29,46,1,1,6,4,7,4,25.0625,27.514285714285712
29,47,1,1,1,2,1,1,12.066269841269841,26.714285714285715
29,48,1,1,1,3,2,3,14.232936507936508,27.308333333333334
29,49,1,1,1,2,1,2,12.223809523809523,26.761904761904763
30,0,1,1,6,4,7,4,25.0625,27.514285714285712
30,1,1,1,1,2,1,1,12.066269841269841,26.714285714285715
30,2,1,1,6,4,7,4,25.0625,27.514285714285712
30,3,1,1,1,2,1,1,12.066269841269841,26.714285714285715
30,4,2,1,1,3,6,9,19.36468253968254,27.508333333333333
30,5,1,1,2,2,1,4,13.063690476190477,26.939285714285713
30,6,1,1,1,2,2,1,13.151388888888889,27.21904761904762
30,7,2,1,2,4,2,2,17.150396825396825,27.442857142857143
30,8,1,1,1,2,1,2,12.223809523809523,26.761904761904763
30,9,1,1,2,3,6,9,19.17936507936508,27.448809523809523
30,10,1,1,2,2,1,4,13.063690476190477,26.939285714285713
30,11,1,1,1,4,2,4,15.330555555555556,27.363095238095237
30,12,2,1,2,4,2,2,17.150396825396825,27.442857142857143
30,13,1,1,2,2,2,1,13.954166666666667,27.258333333333333
30,14,1,1,1,2,1,2,12.223809523809523,26.761904761904763
30,15,1,1,1,4,2,4,15.330555555555556,27.363095238095237
30,16,1,1,2,2,2,1,13.954166666666667,27.258333333333333
30,17,1,1,1,3,2,3,14.232936507936508,27.308333333333334
30,18,1,1,1,2,3,3,14.262698412698413,27.311904761904763
30,19,1,1,1,3,3,2,15.035912698412698,27.313095238095237
30,20,1,1,1,2,2,1,13.151388888888889,27.21904761904762
30,21,1,1,2,3,2,2,15.185912698412698,27.32857142857143
30,22,1,1,2,3,2,2,15.185912698412698,27.32857142857143
30,23,1,1,1,3,2,3,14.232936507936508,27.308333333333334
30,24,1,2,1,3,2,2,15.130753968253968,27.314285714285713
30,25,2,1,1,3,6,9,19.36468253968254,27.508333333333333
30,26,1,1,2,3,6,9,19.17936507936508,27.448809523809523
30,27,1,1,1,3,3,2,15.035912698412698,27.313095238095237
30,28,1,2,1,3,2,2,15.130753968253968,27.314285714285713
30,29,1,1,1,2,3,3,14.262698412698413,27.311904761904763
30,30,1,1,1,2,1,1,12.066269841269841,26.714285714285715
30,31,1,1,1,2,1,1,12.066269841269841,26.714285714285715
30,32,1,1,2,3,6,9,19.17936507936508,27.448809523809523
30,33,2,1,2,4,2,2,17.150396825396825,27.442857142857143
30,34,1,1,1,2,2,1,13.151388888888889,27.21904761904762
30,35,1,1,1,3,2,3,14.232936507936508,27.308333333333334
30,36,1,1,1,2,2,1,13.151388888888889,27.21904761904762
30,37,2,1,1,3,6,9,19.36468253968254,27.508333333333333
30,38,1,1,1,2,1,1,12.066269841269841,26.714285714285715
30,39,2,1,2,4,2,2,17.150396825396825,27.442857142857143
30,40,2,1,1,3,6,9,19.36468253968254,27.508333333333333
30,41,1,1,2,3,6,9,19.17936507936508,27.448809523809523
30,42,1,1,2,2,2,1,13.954166666666667,27.258333333333333
30,43,1,1,1,3,2,3,14.232936507936508,27.308333333333334
30,44,1,1,1,2,1,2,12.223809523809523,26.761904761904763
30,45,1,1,1,2,1,1,12.066269841269841,26.714285714285715
30,46,1,1,1,2,1,1,12.066269841269841,26.714285714285715
30,47,1,1,1,2,2,1,13.151388888888889,27.21904761904762
30,48,1,1,2,3,2,2,15.185912698412698,27.32857142857143
30,49,1,1,1,2,1,1,12.066269841269841,26.714285714285715
31,0,1,1,6,4,7,4,25.0625,27.514285714285712
31,1,1,1,6,4,7,4,25.0625,27.514285714285712
31,2,1,1,1,2,1,1,12.066269841269841,26.714285714285715
31,3,1,1,1,2,1,1,12.066269841269841,26.714285714285715
31,4,2,1,1,3,6,9,19.36468253968254,27.508333333333333
31,5,1,1,2,2,1,4,13.063690476190477,26.939285714285713
31,6,1,1,1,2,2,1,13.151388888888889,27.21904761904762
31,7,2,1,2,4,2,2,17.150396825396825,27.442857142857143
31,8,1,1,1,2,1,2,12.223809523809523,26.761904761904763
31,9,1,1,2,3,6,9,19.17936507936508,27.448809523809523
31,10,1,1,2,2,1,4,13.063690476190477,26.939285714285713
31,11,1,1,1,4,2,4,15.330555555555556,27.363095238095237
31,12,2,1,2,4,2,2,17.150396825396825,27.442857142857143
31,13,1,1,2,2,2,1,13.954166666666667,27.258333333333333
31,14,1,1,1,2,1,2,12.223809523809523,26.761904761904763
31,15,1,1,1,4,2,4,15.330555555555556,27.363095238095237
31,16,1,1,2,2,2,1,13.954166666666667,27.258333333333333
31,17,1,1,1,3,2,3,14.232936507936508,27.308333333333334
31,18,1,1,1,2,3,3,14.262698412698413,27.311904761904763
31,19,1,1,1,3,3,2,15.035912698412698,27.313095238095237
31,20,1,1,1,2,2,1,13.151388888888889,27.21904761904762
31,21,1,1,2,3,2,2,15.185912698412698,27.32857142857143
31,22,1,1,2,3,2,2,15.185912698412698,27.32857142857143
31,23,1,1,1,3,2,3,14.232936507936508,27.308333333333334
31,24,1,2,1,3,2,2,15.130753968253968,27.314285714285713
31,25,1,1,2,3,6,9,19.17936507936508,27.448809523809523
31,26,2,1,1,3,6,9,19.36468253968254,27.508333333333333
31,27,1,1,1,3,3,2,15.035912698412698,27.313095238095237
31,28,1,2,1,3,2,2,15.130753968253968,27.314285714285713
31,29,1,1,1,2,3,3,14.262698412698413,27.311904761904763
31,30,1,1,1,3,3,2,15.035912698412698,27.313095238095237
31,31,1,1,1,2,2,1,13.151388888888889,27.21904761904762
31,32,1,1,1,2,2,1,13.151388888888889,27.21904761904762
31,33,1,1,1,2,1,1,12.066269841269841,26.714285714285715
31,34,1,1,2,3,2,2,15.185912698412698,27.32857142857143
31,35,1,1,1,2,1,1,12.066269841269841,26.714285714285715
31,36,1,1,1,2,1,2,12.223809523809523,26.761904761904763
31,37,1,1,1,3,3,2,15.035912698412698,27.313095238095237
31,38,2,1,2,4,2,2,17.150396825396825,27.442857142857143
31,39,2,1,1,3,6,9,19.36468253968254,27.508333333333333
31,40,1,1,1,2,1,1,12.066269841269841,26.714285714285715
31,41,1,1,1,4,2,4,15.330555555555556,27.363095238095237
31,42,1,1,1,3,2,3,14.232936507936508,27.308333333333334
31,43,1,1,2,2,2,1,13.954166666666667,27.258333333333333
31,44,1,1,1,3,2,3,14.232936507936508,27.308333333333334
31,45,2,1,1,3,6,9,19.36468253968254,27.508333333333333
31,46,1,1,1,3,2,3,14.232936507936508,27.308333333333334
31,47,1,1,2,3,6,9,19.17936507936508,27.448809523809523
31,48,1,1,1,2,1,1,12.066269841269841,26.714285714285715
31,49,1,1,2,3,6,9,19.17936507936508,27.448809523809523
32,0,1,1,1,2,1,1,12.066269841269841,26.714285714285715
32,1,1,1,6,4,7,4,25.0625,27.514285714285712
32,2,1,1,1,2,1,1,12.066269841269841,26.714285714285715
32,3,1,1,6,4,7,4,25.0625,27.514285714285712
32,4,2,1,1,3,6,9,19.36468253968254,27.508333333333333
32,5,1,1,2,2,1,4,13.063690476190477,26.939285714285713
32,6,1,1,1,2,2,1,13.151388888888889,27.21904761904762
32,7,2,1,2,4,2,2,17.150396825396825,27.442857142857143
32,8,1,1,1,2,1,2,12.223809523809523,26.761904761904763
32,9,1,1,2,3,6,9,19.17936507936508,27.448809523809523
32,10,1,1,2,2,1,4,13.063690476190477,26.939285714285713
32,11,1,1,1,4,2,4,15.330555555555556,27.363095238095237
32,12,2,1,2,4,2,2,17.150396825396825,27.442857142857143
32,13,1,1,2,2,2,1,13.954166666666667,27.258333333333333
32,14,1,1,1,2,1,2,12.223809523809523,26.761904761904763
32,15,1,1,1,4,2,4,15.330555555555556,27.363095238095237
32,16,1,1,2,3,2,4,14.968650793650793,27.314285714285713
32,17,1,1,2,2,2,1,13.954166666666667,27.258333333333333
32,18,1,1,1,3,2,3,14.232936507936508,27.308333333333334
32,19,1,1,2,3,2,2,15.185912698412698,27.32857142857143
32,20,1,1,1,2,3,3,14.262698412698413,27.311904761904763
32,21,1,1,1,2,2,1,13.151388888888889,27.21904761904762
32,22,1,1,2,3,2,2,15.185912698412698,27.32857142857143
32,23,1,1,1,3,2,3,14.232936507936508,27.308333333333334
32,24,2,1,1,3,6,9,19.36468253968254,27.508333333333333
32,25,1,1,2,3,6,9,19.17936507936508,27.448809523809523
32,26,1,1,1,2,3,3,14.262698412698413,27.311904761904763
32,27,1,1,2,2,2,1,13.954166666666667,27.258333333333333
32,28,1,1,1,3,2,3,14.232936507936508,27.308333333333334
32,29,1,1,1,2,1,2,12.223809523809523,26.761904761904763
32,30,1,1,2,3,6,9,19.17936507936508,27.448809523809523
32,31,1,1,2,2,1,4,13.063690476190477,26.939285714285713
32,32,1,1,1,2,2,1,13.151388888888889,27.21904761904762
32,33,1,1,1,2,1,2,12.223809523809523,26.761904761904763
32,34,1,1,1,4,2,4,15.330555555555556,27.363095238095237
32,35,1,1,1,2,1,1,12.066269841269841,26.714285714285715
32,36,1,1,2,3,2,2,15.185912698412698,27.32857142857143
32,37,2,1,2,4,2,2,17.150396825396825,27.442857142857143
32,38,1,1,2,3,2,2,15.185912698412698,27.32857142857143
32,39,2,1,2,4,2,2,17.150396825396825,27.442857142857143
32,40,1,1,1,2,2,1,13.151388888888889,27.21904761904762
32,41,1,1,1,2,1,2,12.223809523809523,26.761904761904763
32,42,1,1,1,3,2,3,14.232936507936508,27.308333333333334
32,43,2,1,1,3,6,9,19.36468253968254,27.508333333333333
32,44,1,1,1,3,2,3,14.232936507936508,27.308333333333334
32,45,1,1,1,2,2,1,13.151388888888889,27.21904761904762
32,46,2,1,2,4,2,2,17.150396825396825,27.442857142857143
32,47,1,1,2,3,6,9,19.17936507936508,27.448809523809523
32,48,1,1,2,2,2,1,13.954166666666667,27.258333333333333
32,49,1,1,1,2,1,1,12.066269841269841,26.714285714285715
33,0,1,1,1,2,1,1,12.066269841269841,26.714285714285715
33,1,1,1,6,4,7,4,25.0625,27.514285714285712
33,2,1,1,1,2,1,1,12.066269841269841,26.714285714285715
33,3,1,1,6,4,7,4,25.0625,27.514285714285712
33,4,2,1,1,3,6,9,19.36468253968254,27.508333333333333
33,5,1,1,2,2,1,4,13.063690476190477,26.939285714285713
33,6,1,1,1,2,2,1,13.151388888888889,27.21904761904762
33,7,2,1,2,4,2,2,17.150396825396825,27.442857142857143
33,8,1,1,1,2,1,2,12.223809523809523,26.761904761904763
33,9,1,1,2,3,6,9,19.17936507936508,27.448809523809523
33,10,1,1,2,2,1,4,13.063690476190477,26.939285714285713
33,11,1,1,1,4,2,4,15.330555555555556,27.363095238095237
33,12,2,1,2,4,2,2,17.150396825396825,27.442857142857143
33,13,1,1,2,2,2,1,13.954166666666667,27.258333333333333
33,14,1,1,1,2,1,2,12.223809523809523,26.761904761904763
33,15,1,1,1,4,2,4,15.330555555555556,27.363095238095237
33,16,1,1,2,3,2,4,14.968650793650793,27.314285714285713
33,17,1,1,2,2,2,1,13.954166666666667,27.258333333333333
33,18,1,1,1,3,2,3,14.232936507936508,27.308333333333334
33,19,1,1,2,3,2,2,15.185912698412698,27.32857142857143
33,20,1,1,1,2,3,3,14.262698412698413,27.311904761904763
33,21,1,1,1,2,2,1,13.151388888888889,27.21904761904762
33,22,1,1,2,3,2,2,15.185912698412698,27.32857142857143
33,23,1,1,1,3,2,3,14.232936507936508,27.308333333333334
33,24,1,1,2,3,6,9,19.17936507936508,27.448809523809523
33,25,2,1,1,3,6,9,19.36468253968254,27.508333333333333
33,26,1,1,2,3,2,4,14.968650793650793,27.314285714285713
33,27,1,1,1,2,3,3,14.262698412698413,27.311904761904763
33,28,1,1,1,2,2,1,13.151388888888889,27.21904761904762
33,29,1,1,1,3,2,3,14.232936507936508,27.308333333333334
33,30,1,1,1,3,2,3,14.232936507936508,27.308333333333334
33,31,1,1,2,2,1,4,13.063690476190477,26.939285714285713
33,32,1,1,2,3,6,9,19.17936507936508,27.448809523809523
33,33,1,1,1,2,2,1,13.151388888888889,27.21904761904762
33,34,2,1,1,3,6,9,19.36468253968254,27.508333333333333
33,35,1,1,2,3,6,9,19.17936507936508,27.448809523809523
33,36,2,1,2,4,2,2,17.150396825396825,27.442857142857143
33,37,1,1,1,2,1,2,12.223809523809523,26.761904761904763
33,38,1,1,1,2,2,1,13.151388888888889,27.21904761904762
33,39,1,1,1,2,2,1,13.151388888888889,27.21904761904762
33,40,2,1,1,3,6,9,19.36468253968254,27.508333333333333
33,41,2,1,1,3,6,9,19.36468253968254,27.508333333333333
33,42,1,1,1,3,2,3,14.232936507936508,27.308333333333334
33,43,1,1,1,2,1,1,12.066269841269841,26.714285714285715
33,44,1,1,1,2,2,1,13.151388888888889,27.21904761904762
33,45,1,1,1,2,2,1,13.151388888888889,27.21904761904762
33,46,2,1,1,3,6,9,19.36468253968254,27.508333333333333
33,47,1,1,1,2,1,1,12.066269841269841,26.714285714285715
33,48,1,1,2,3,6,9,19.17936507936508,27.448809523809523
33,49,1,1,2,2,1,4,13.063690476190477,26.939285714285713
34,0,1,1,6,4,7,4,25.0625,27.514285714285712
34,1,1,1,6,4,7,4,25.0625,27.514285714285712
34,2,2,1,1,1,1,1,12.018650793650794,26.132142857142856
34,3,2,1,1,3,6,9,19.36468253968254,27.508333333333333
34,4,1,1,1,2,1,1,12.066269841269841,26.714285714285715
34,5,1,1,2,2,1,4,13.063690476190477,26.939285714285713
34,6,1,1,1,2,2,1,13.151388888888889,27.21904761904762
34,7,2,1,2,4,2,2,17.150396825396825,27.442857142857143
34,8,1,1,2,3,6,9,19.17936507936508,27.448809523809523
34,9,1,1,1,4,2,4,15.330555555555556,27.363095238095237
34,10,2,1,2,4,2,2,17.150396825396825,27.442857142857143
34,11,1,1,1,2,1,2,12.223809523809523,26.761904761904763
34,12,1,1,2,2,1,4,13.063690476190477,26.939285714285713
34,13,1,1,1,2,1,2,12.223809523809523,26.761904761904763
34,14,1,1,2,2,2,1,13.954166666666667,27.258333333333333
34,15,1,1,1,4,2,4,15.330555555555556,27.363095238095237
34,16,1,1,2,3,2,4,14.968650793650793,27.314285714285713
34,17,1,1,1,2,3,3,14.262698412698413,27.311904761904763
34,18,1,1,2,2,2,1,13.954166666666667,27.258333333333333
34,19,1,1,2,3,2,2,15.185912698412698,27.32857142857143
34,20,1,1,1,3,2,3,14.232936507936508,27.308333333333334
34,21,1,1,1,2,1,1,12.066269841269841,26.714285714285715
34,22,1,1,1,2,2,1,13.151388888888889,27.21904761904762
34,23,1,1,1,3,2,3,14.232936507936508,27.308333333333334
34,24,1,1,2,3,2,2,15.185912698412698,27.32857142857143
34,25,2,1,1,3,6,9,19.36468253968254,27.508333333333333
34,26,1,1,2,3,6,9,19.17936507936508,27.448809523809523
34,27,1,1,2,3,2,4,14.968650793650793,27.314285714285713
34,28,1,1,1,2,3,3,14.262698412698413,27.311904761904763
34,29,1,1,6,4,7,4,25.0625,27.514285714285712
34,30,1,1,1,3,2,3,14.232936507936508,27.308333333333334
34,31,1,1,1,2,2,1,13.151388888888889,27.21904761904762
34,32,1,1,1,2,2,1,13.151388888888889,27.21904761904762
34,33,1,1,1,2,2,1,13.151388888888889,27.21904761904762
34,34,1,1,1,2,2,1,13.151388888888889,27.21904761904762
34,35,1,1,6,4,7,4,25.0625,27.514285714285712
34,36,2,1,1,3,6,9,19.36468253968254,27.508333333333333
34,37,2,1,1,3,6,9,19.36468253968254,27.508333333333333
34,38,1,1,1,3,2,3,14.232936507936508,27.308333333333334
34,39,1,1,2,2,1,4,13.063690476190477,26.939285714285713
34,40,1,1,2,3,2,4,14.968650793650793,27.314285714285713
34,41,2,1,1,3,6,9,19.36468253968254,27.508333333333333
34,42,1,1,2,3,6,9,19.17936507936508,27.448809523809523
34,43,2,1,2,4,2,2,17.150396825396825,27.442857142857143
34,44,1,1,1,2,1,2,12.223809523809523,26.761904761904763
34,45,1,1,1,2,1,1,12.066269841269841,26.714285714285715
34,46,1,1,1,4,2,4,15.330555555555556,27.363095238095237
34,47,1,1,1,2,2,1,13.151388888888889,27.21904761904762
34,48,1,1,2,3,6,9,19.17936507936508,27.448809523809523
34,49,1,1,2,2,2,1,13.954166666666667,27.258333333333333
35,0,1,1,6,4,7,4,25.0625,27.514285714285712
35,1,1,1,6,4,7,4,25.0625,27.514285714285712
35,2,2,1,1,1,1,1,12.018650793650794,26.132142857142856
35,3,2,1,1,3,6,9,19.36468253968254,27.508333333333333
35,4,1,1,1,2,1,1,12.066269841269841,26.714285714285715
35,5,1,1,2,2,1,4,13.063690476190477,26.939285714285713
35,6,1,1,1,2,2,1,13.151388888888889,27.21904761904762
35,7,2,1,2,4,2,2,17.150396825396825,27.442857142857143
35,8,1,1,2,3,6,9,19.17936507936508,27.448809523809523
35,9,1,1,1,4,2,4,15.330555555555556,27.363095238095237
35,10,2,1,2,4,2,2,17.150396825396825,27.442857142857143
35,11,1,1,1,2,1,2,12.223809523809523,26.761904761904763
35,12,1,1,2,2,1,4,13.063690476190477,26.939285714285713
35,13,1,1,1,2,1,2,12.223809523809523,26.761904761904763
35,14,1,1,2,2,2,1,13.954166666666667,27.258333333333333
35,15,1,1,1,4,2,4,15.330555555555556,27.363095238095237
35,16,1,1,2,3,2,4,14.968650793650793,27.314285714285713
35,17,1,1,1,2,3,3,14.262698412698413,27.311904761904763
35,18,1,1,2,2,2,1,13.954166666666667,27.258333333333333
35,19,1,1,2,3,2,2,15.185912698412698,27.32857142857143
35,20,1,1,1,3,2,3,14.232936507936508,27.308333333333334
35,21,1,1,1,2,1,1,12.066269841269841,26.714285714285715
35,22,1,1,1,2,2,1,13.151388888888889,27.21904761904762
35,23,1,1,1,3,2,3,14.232936507936508,27.308333333333334
35,24,1,1,2,3,2,2,15.185912698412698,27.32857142857143
35,25,2,1,1,3,6,9,19.36468253968254,27.508333333333333
35,26,1,1,2,3,6,9,19.17936507936508,27.448809523809523
35,27,1,1,2,3,2,4,14.968650793650793,27.314285714285713
35,28,1,1,1,2,3,3,14.262698412698413,27.311904761904763
35,29,1,1,1,2,1,2,12.223809523809523,26.761904761904763
35,30,1,1,2,2,2,1,13.954166666666667,27.258333333333333
35,31,1,1,1,2,1,1,12.066269841269841,26.714285714285715
35,32,1,1,6,4,7,4,25.0625,27.514285714285712
35,33,1,1,2,3,2,4,14.968650793650793,27.314285714285713
35,34,1,1,6,4,7,4,25.0625,27.514285714285712
35,35,1,1,1,2,1,2,12.223809523809523,26.761904761904763
35,36,2,1,2,4,2,2,17.150396825396825,27.442857142857143
35,37,1,1,2,2,1,4,13.063690476190477,26.939285714285713
35,38,1,1,1,2,2,1,13.151388888888889,27.21904761904762
35,39,1,1,1,2,1,2,12.223809523809523,26.761904761904763
35,40,1,1,2,3,2,4,14.968650793650793,27.314285714285713
35,41,2,1,1,3,6,9,19.36468253968254,27.508333333333333
35,42,1,1,1,2,2,1,13.151388888888889,27.21904761904762
35,43,1,1,1,2,2,1,13.151388888888889,27.21904761904762
35,44,1,1,2,2,1,4,13.063690476190477,26.939285714285713
35,45,2,1,2,4,2,2,17.150396825396825,27.442857142857143
35,46,1,1,2,3,6,9,19.17936507936508,27.448809523809523
35,47,1,1,1,2,2,1,13.151388888888889,27.21904761904762
35,48,1,1,1,2,2,1,13.151388888888889,27.21904761904762
35,49,1,1,2,2,2,1,13.954166666666667,27.258333333333333
36,0,1,1,6,4,7,4,25.0625,27.514285714285712
36,1,2,1,1,1,1,1,12.018650793650794,26.132142857142856
36,2,2,1,1,1,1,1,12.018650793650794,26.132142857142856
36,3,1,1,6,4,7,4,25.0625,27.514285714285712
36,4,2,1,1,3,6,9,19.36468253968254,27.508333333333333
36,5,1,1,1,2,1,1,12.066269841269841,26.714285714285715
36,6,1,1,2,2,1,4,13.063690476190477,26.939285714285713
36,7,1,1,1,2,2,1,13.151388888888889,27.21904761904762
36,8,2,1,2,4,2,2,17.150396825396825,27.442857142857143
36,9,1,1,2,3,6,9,19.17936507936508,27.448809523809523
36,10,1,1,1,4,2,4,15.330555555555556,27.363095238095237
36,11,2,1,2,4,2,2,17.150396825396825,27.442857142857143
36,12,1,1,1,2,1,2,12.223809523809523,26.761904761904763
36,13,1,1,2,2,1,4,13.063690476190477,26.939285714285713
36,14,1,1,1,2,1,2,12.223809523809523,26.761904761904763
36,15,1,1,2,2,2,1,13.954166666666667,27.258333333333333
36,16,1,1,1,4,2,4,15.330555555555556,27.363095238095237
36,17,1,1,2,3,2,4,14.968650793650793,27.314285714285713
36,18,1,1,1,2,3,3,14.262698412698413,27.311904761904763
36,19,1,1,2,2,2,1,13.954166666666667,27.258333333333333
36,20,1,1,2,3,2,2,15.185912698412698,27.32857142857143
36,21,1,1,1,3,2,3,14.232936507936508,27.308333333333334
36,22,1,1,1,2,1,1,12.066269841269841,26.714285714285715
36,23,1,1,1,2,2,1,13.151388888888889,27.21904761904762
36,24,1,1,1,3,2,3,14.232936507936508,27.308333333333334
36,25,1,1,2,3,2,2,15.185912698412698,27.32857142857143
36,26,2,1,1,3,6,9,19.36468253968254,27.508333333333333
36,27,1,1,2,3,6,9,19.17936507936508,27.448809523809523
36,28,1,1,2,3,2,4,14.968650793650793,27.314285714285713
36,29,1,1,1,2,3,3,14.262698412698413,27.311904761904763
36,30,1,1,2,3,2,4,14.968650793650793,27.314285714285713
36,31,2,1,2,4,2,2,17.150396825396825,27.442857142857143
36,32,1,1,6,4,7,4,25.0625,27.514285714285712
36,33,2,1,2,4,2,2,17.150396825396825,27.442857142857143
36,34,1,1,2,2,2,1,13.954166666666667,27.258333333333333
36,35,1,1,1,2,1,2,12.223809523809523,26.761904761904763
36,36,1,1,2,3,6,9,19.17936507936508,27.448809523809523
36,37,2,1,2,4,2,2,17.150396825396825,27.442857142857143
36,38,1,1,2,3,6,9,19.17936507936508,27.448809523809523
36,39,1,1,2,2,1,4,13.063690476190477,26.939285714285713
36,40,1,1,1,2,1,1,12.066269841269841,26.714285714285715
36,41,1,1,2,2,1,4,13.063690476190477,26.939285714285713
36,42,1,1,1,2,1,2,12.223809523809523,26.761904761904763
36,43,1,1,1,2,1,1,12.066269841269841,26.714285714285715
36,44,1,1,1,2,2,1,13.151388888888889,27.21904761904762
36,45,1,1,2,3,6,9,19.17936507936508,27.448809523809523
36,46,1,1,2,3,6,9,19.17936507936508,27.448809523809523
36,47,1,1,1,2,2,1,13.151388888888889,27.21904761904762
36,48,1,1,2,2,2,1,13.954166666666667,27.258333333333333
36,49,1,1,2,2,1,4,13.063690476190477,26.939285714285713
37,0,1,1,6,4,7,4,25.0625,27.514285714285712
37,1,1,1,6,4,7,4,25.0625,27.514285714285712
37,2,1,1,1,1,1,9,11.198611111111111,26.373809523809523
37,3,2,1,1,3,6,9,19.36468253968254,27.508333333333333
37,4,1,1,1,2,1,1,12.066269841269841,26.714285714285715
37,5,1,1,2,2,1,4,13.063690476190477,26.939285714285713
37,6,1,1,1,2,2,1,13.151388888888889,27.21904761904762
37,7,2,1,2,4,2,2,17.150396825396825,27.442857142857143
37,8,1,1,2,3,6,9,19.17936507936508,27.448809523809523
37,9,1,1,1,2,1,2,12.223809523809523,26.761904761904763
37,10,1,1,2,2,1,4,13.063690476190477,26.939285714285713
37,11,1,1,1,4,2,4,15.330555555555556,27.363095238095237
37,12,2,1,2,4,2,2,17.150396825396825,27.442857142857143
37,13,1,1,1,2,1,1,12.066269841269841,26.714285714285715
37,14,1,1,1,2,1,2,12.223809523809523,26.761904761904763
37,15,1,1,2,2,2,1,13.954166666666667,27.258333333333333
37,16,1,1,1,4,2,4,15.330555555555556,27.363095238095237
37,17,1,1,1,3,3,8,15.182936507936507,27.32857142857143
37,18,1,1,2,3,2,4,14.968650793650793,27.314285714285713
37,19,1,1,2,2,2,1,13.954166666666667,27.258333333333333
37,20,1,1,1,2,3,3,14.262698412698413,27.311904761904763
37,21,1,1,1,3,2,3,14.232936507936508,27.308333333333334
37,22,1,1,1,2,2,1,13.151388888888889,27.21904761904762
37,23,1,1,1,3,2,3,14.232936507936508,27.308333333333334
37,24,2,1,1,3,6,9,19.36468253968254,27.508333333333333
37,25,1,1,2,3,6,9,19.17936507936508,27.448809523809523
37,26,1,1,2,3,2,4,14.968650793650793,27.314285714285713
37,27,1,1,1,2,3,3,14.262698412698413,27.311904761904763
37,28,1,1,1,2,1,2,12.223809523809523,26.761904761904763
37,29,1,1,1,2,2,1,13.151388888888889,27.21904761904762
37,30,1,1,2,2,2,1,13.954166666666667,27.258333333333333
37,31,1,1,2,3,6,9,19.17936507936508,27.448809523809523
37,32,2,1,2,4,2,2,17.150396825396825,27.442857142857143
37,33,1,1,2,3,6,9,19.17936507936508,27.448809523809523
37,34,2,1,2,4,2,2,17.150396825396825,27.442857142857143
37,35,1,1,1,2,2,1,13.151388888888889,27.21904761904762
37,36,1,1,6,4,7,4,25.0625,27.514285714285712
37,37,2,1,2,4,2,2,17.150396825396825,27.442857142857143
37,38,1,1,2,2,1,4,13.063690476190477,26.939285714285713
37,39,1,1,2,3,6,9,19.17936507936508,27.448809523809523
37,40,1,1,2,3,6,9,19.17936507936508,27.448809523809523
37,41,1,1,2,3,2,4,14.968650793650793,27.314285714285713
37,42,1,1,1,4,2,4,15.330555555555556,27.363095238095237
37,43,1,1,2,2,1,4,13.063690476190477,26.939285714285713
37,44,1,1,2,2,2,1,13.954166666666667,27.258333333333333
37,45,1,1,1,2,1,2,12.223809523809523,26.761904761904763
37,46,2,1,1,3,6,9,19.36468253968254,27.508333333333333
37,47,1,1,2,3,6,9,19.17936507936508,27.448809523809523
37,48,1,1,1,2,1,1,12.066269841269841,26.714285714285715
37,49,1,1,1,2,2,1,13.151388888888889,27.21904761904762
38,0,1,1,1,1,1,9,11.198611111111111,26.373809523809523
38,1,1,1,1,1,1,9,11.198611111111111,26.373809523809523
38,2,1,1,6,4,7,4,25.0625,27.514285714285712
38,3,1,1,6,4,7,4,25.0625,27.514285714285712
38,4,2,1,1,3,6,9,19.36468253968254,27.508333333333333
38,5,1,1,1,2,1,1,12.066269841269841,26.714285714285715
38,6,1,1,2,2,1,4,13.063690476190477,26.939285714285713
38,7,1,1,1,2,2,1,13.151388888888889,27.21904761904762
38,8,2,1,2,4,2,2,17.150396825396825,27.442857142857143
38,9,1,1,2,3,6,9,19.17936507936508,27.448809523809523
38,10,1,1,1,2,1,2,12.223809523809523,26.761904761904763
38,11,1,1,2,2,1,4,13.063690476190477,26.939285714285713
38,12,1,1,1,4,2,4,15.330555555555556,27.363095238095237
38,13,2,1,2,4,2,2,17.150396825396825,27.442857142857143
38,14,1,1,1,2,1,1,12.066269841269841,26.714285714285715
38,15,1,1,1,2,1,2,12.223809523809523,26.761904761904763
38,16,1,1,2,2,2,1,13.954166666666667,27.258333333333333
38,17,1,1,1,4,2,4,15.330555555555556,27.363095238095237
38,18,1,1,2,3,2,4,14.968650793650793,27.314285714285713
38,19,1,1,2,2,2,1,13.954166666666667,27.258333333333333
38,20,1,1,1,2,3,3,14.262698412698413,27.311904761904763
38,21,1,1,1,3,2,3,14.232936507936508,27.308333333333334
38,22,1,1,1,3,3,8,15.182936507936507,27.32857142857143
38,23,1,1,1,2,2,1,13.151388888888889,27.21904761904762
38,24,1,1,1,3,2,3,14.232936507936508,27.308333333333334
38,25,1,1,1,3,3,8,15.182936507936507,27.32857142857143
38,26,1,1,2,3,6,9,19.17936507936508,27.448809523809523
38,27,2,1,1,3,6,9,19.36468253968254,27.508333333333333
38,28,1,1,2,3,2,4,14.968650793650793,27.314285714285713
38,29,1,1,1,2,3,3,14.262698412698413,27.311904761904763
38,30,1,1,2,3,6,9,19.17936507936508,27.448809523809523
38,31,2,1,1,3,6,9,19.36468253968254,27.508333333333333
38,32,1,1,1,2,1,1,12.066269841269841,26.714285714285715
38,33,1,1,2,3,6,9,19.17936507936508,27.448809523809523
38,34,1,1,1,2,1,2,12.223809523809523,26.761904761904763
38,35,1,1,1,2,1,1,12.066269841269841,26.714285714285715
38,36,1,1,2,3,6,9,19.17936507936508,27.448809523809523
38,37,1,1,2,3,2,4,14.968650793650793,27.314285714285713
38,38,1,1,1,2,1,2,12.223809523809523,26.761904761904763
38,39,1,1,6,4,7,4,25.0625,27.514285714285712
38,40,1,1,1,2,1,1,12.066269841269841,26.714285714285715
38,41,1,1,2,3,6,9,19.17936507936508,27.448809523809523
38,42,1,1,1,2,2,1,13.151388888888889,27.21904761904762
38,43,1,1,2,3,6,9,19.17936507936508,27.448809523809523
38,44,2,1,2,4,2,2,17.150396825396825,27.442857142857143
38,45,2,1,1,3,6,9,19.36468253968254,27.508333333333333
38,46,1,1,2,2,1,4,13.063690476190477,26.939285714285713
38,47,1,1,2,3,2,4,14.968650793650793,27.314285714285713
38,48,1,1,1,2,1,2,12.223809523809523,26.761904761904763
38,49,1,1,2,3,6,9,19.17936507936508,27.448809523809523
39,0,1,1,1,1,1,9,11.198611111111111,26.373809523809523
39,1,1,1,6,4,7,4,25.0625,27.514285714285712
39,2,1,1,6,4,7,4,25.0625,27.514285714285712
39,3,1,1,1,1,1,9,11.198611111111111,26.373809523809523
39,4,2,1,1,3,6,9,19.36468253968254,27.508333333333333
39,5,1,1,1,2,1,1,12.066269841269841,26.714285714285715
39,6,1,1,2,2,1,4,13.063690476190477,26.939285714285713
39,7,1,1,1,2,2,1,13.151388888888889,27.21904761904762
39,8,2,1,2,4,2,2,17.150396825396825,27.442857142857143
39,9,1,1,2,3,6,9,19.17936507936508,27.448809523809523
39,10,1,1,1,2,1,2,12.223809523809523,26.761904761904763
39,11,1,1,2,2,1,4,13.063690476190477,26.939285714285713
39,12,1,1,1,4,2,4,15.330555555555556,27.363095238095237
39,13,2,1,2,4,2,2,17.150396825396825,27.442857142857143
39,14,1,1,1,2,1,1,12.066269841269841,26.714285714285715
39,15,1,1,1,2,1,2,12.223809523809523,26.761904761904763
39,16,1,1,2,2,2,1,13.954166666666667,27.258333333333333
39,17,1,1,1,4,2,4,15.330555555555556,27.363095238095237
39,18,1,1,2,3,2,4,14.968650793650793,27.314285714285713
39,19,1,1,2,2,2,1,13.954166666666667,27.258333333333333
39,20,1,1,1,2,3,3,14.262698412698413,27.311904761904763
39,21,1,1,1,3,2,3,14.232936507936508,27.308333333333334
39,22,1,1,1,3,3,8,15.182936507936507,27.32857142857143
39,23,1,1,1,2,2,1,13.151388888888889,27.21904761904762
39,24,1,1,1,3,2,3,14.232936507936508,27.308333333333334
39,25,1,1,1,3,3,8,15.182936507936507,27.32857142857143
39,26,1,1,2,3,6,9,19.17936507936508,27.448809523809523
39,27,2,1,1,3,6,9,19.36468253968254,27.508333333333333
39,28,1,1,2,3,2,4,14.968650793650793,27.314285714285713
39,29,1,1,1,2,3,3,14.262698412698413,27.311904761904763
39,30,1,1,6,4,7,4,25.0625,27.514285714285712
39,31,2,1,2,4,2,2,17.150396825396825,27.442857142857143
39,32,1,1,1,2,1,1,12.066269841269841,26.714285714285715
39,33,1,1,1,2,1,2,12.223809523809523,26.761904761904763
39,34,1,1,1,2,1,1,12.066269841269841,26.714285714285715
39,35,1,1,1,1,1,9,11.198611111111111,26.373809523809523
39,36,1,1,1,2,1,1,12.066269841269841,26.714285714285715
39,37,1,1,1,2,1,2,12.223809523809523,26.761904761904763
39,38,2,1,1,3,6,9,19.36468253968254,27.508333333333333
39,39,1,1,2,3,6,9,19.17936507936508,27.448809523809523
39,40,1,1,1,3,2,3,14.232936507936508,27.308333333333334
39,41,1,1,1,3,2,3,14.232936507936508,27.308333333333334
39,42,1,1,1,2,2,1,13.151388888888889,27.21904761904762
39,43,1,1,1,2,1,2,12.223809523809523,26.761904761904763
39,44,1,1,6,4,7,4,25.0625,27.514285714285712
39,45,1,1,1,2,2,1,13.151388888888889,27.21904761904762
39,46,1,1,1,2,3,3,14.262698412698413,27.311904761904763
39,47,1,1,2,3,6,9,19.17936507936508,27.448809523809523
39,48,1,1,1,4,2,4,15.330555555555556,27.363095238095237
39,49,1,1,1,2,1,2,12.223809523809523,26.761904761904763
40,0,1,1,6,4,7,4,25.0625,27.514285714285712
40,1,1,1,6,4,7,4,25.0625,27.514285714285712
40,2,1,1,1,1,1,3,11.101190476190476,26.23095238095238
40,3,2,1,1,3,6,9,19.36468253968254,27.508333333333333
40,4,1,1,2,4,2,3,16.120436507936507,27.46904761904762
40,5,1,1,2,2,1,4,13.063690476190477,26.939285714285713
40,6,1,1,1,2,1,1,12.066269841269841,26.714285714285715
40,7,1,1,1,2,2,1,13.151388888888889,27.21904761904762
40,8,1,1,1,1,1,9,11.198611111111111,26.373809523809523
40,9,2,1,1,3,6,9,19.36468253968254,27.508333333333333
40,10,1,1,1,1,1,9,11.198611111111111,26.373809523809523
40,11,1,1,1,2,1,2,12.223809523809523,26.761904761904763
40,12,1,1,2,2,1,4,13.063690476190477,26.939285714285713
40,13,1,1,1,2,1,1,12.066269841269841,26.714285714285715
40,14,1,1,1,2,1,2,12.223809523809523,26.761904761904763
40,15,1,1,2,2,2,1,13.954166666666667,27.258333333333333
40,16,1,1,1,4,2,4,15.330555555555556,27.363095238095237
40,17,1,1,1,4,2,4,15.330555555555556,27.363095238095237
40,18,1,1,2,3,2,4,14.968650793650793,27.314285714285713
40,19,1,1,1,2,3,3,14.262698412698413,27.311904761904763
40,20,1,1,2,2,2,1,13.954166666666667,27.258333333333333
40,21,1,1,1,3,3,8,15.182936507936507,27.32857142857143
40,22,1,1,1,3,2,3,14.232936507936508,27.308333333333334
40,23,1,1,1,2,2,1,13.151388888888889,27.21904761904762
40,24,1,1,1,3,2,3,14.232936507936508,27.308333333333334
40,25,1,1,1,3,3,8,15.182936507936507,27.32857142857143
40,26,1,1,2,3,2,4,14.968650793650793,27.314285714285713
40,27,1,1,1,2,3,3,14.262698412698413,27.311904761904763
40,28,1,1,6,4,7,4,25.0625,27.514285714285712
40,29,1,1,1,2,1,1,12.066269841269841,26.714285714285715
40,30,1,1,6,4,7,4,25.0625,27.514285714285712
40,31,1,1,2,3,2,4,14.968650793650793,27.314285714285713
40,32,1,1,1,1,1,9,11.198611111111111,26.373809523809523
40,33,1,1,1,2,1,2,12.223809523809523,26.761904761904763
40,34,2,1,1,3,6,9,19.36468253968254,27.508333333333333
40,35,1,1,6,4,7,4,25.0625,27.514285714285712
40,36,1,1,1,2,1,1,12.066269841269841,26.714285714285715
40,37,1,1,6,4,7,4,25.0625,27.514285714285712
40,38,1,1,1,2,1,1,12.066269841269841,26.714285714285715
40,39,1,1,1,3,2,3,14.232936507936508,27.308333333333334
40,40,1,1,1,1,1,9,11.198611111111111,26.373809523809523
40,41,1,1,1,2,2,1,13.151388888888889,27.21904761904762
40,42,1,1,1,2,1,2,12.223809523809523,26.761904761904763
40,43,1,1,1,2,1,2,12.223809523809523,26.761904761904763
40,44,1,1,1,4,2,4,15.330555555555556,27.363095238095237
40,45,1,1,1,3,2,3,14.232936507936508,27.308333333333334
40,46,1,1,2,2,1,4,13.063690476190477,26.939285714285713
40,47,1,1,1,2,2,1,13.151388888888889,27.21904761904762
40,48,1,1,1,2,2,1,13.151388888888889,27.21904761904762
40,49,1,1,1,2,1,1,12.066269841269841,26.714285714285715
41,0,1,1,1,1,1,3,11.101190476190476,26.23095238095238
41,1,1,1,6,4,7,4,25.0625,27.514285714285712
41,2,1,1,1,1,1,3,11.101190476190476,26.23095238095238
41,3,1,1,6,4,7,4,25.0625,27.514285714285712
41,4,2,1,1,3,6,9,19.36468253968254,27.508333333333333
41,5,1,1,2,4,2,3,16.120436507936507,27.46904761904762
41,6,1,1,2,2,1,4,13.063690476190477,26.939285714285713
41,7,1,1,1,2,1,1,12.066269841269841,26.714285714285715
41,8,1,1,1,2,2,1,13.151388888888889,27.21904761904762
41,9,1,1,1,1,1,9,11.198611111111111,26.373809523809523
41,10,2,1,1,3,6,9,19.36468253968254,27.508333333333333
41,11,1,1,1,1,1,9,11.198611111111111,26.373809523809523
41,12,1,1,1,2,1,2,12.223809523809523,26.761904761904763
41,13,1,1,2,2,1,4,13.063690476190477,26.939285714285713
41,14,1,1,1,2,1,1,12.066269841269841,26.714285714285715
41,15,1,1,1,2,1,2,12.223809523809523,26.761904761904763
41,16,1,1,2,2,2,1,13.954166666666667,27.258333333333333
41,17,1,1,1,4,2,4,15.330555555555556,27.363095238095237
41,18,1,1,1,4,2,4,15.330555555555556,27.363095238095237
41,19,1,1,2,3,2,4,14.968650793650793,27.314285714285713
41,20,1,1,1,2,3,3,14.262698412698413,27.311904761904763
41,21,1,1,2,2,2,1,13.954166666666667,27.258333333333333
41,22,1,1,1,3,3,8,15.182936507936507,27.32857142857143
41,23,1,1,1,3,2,3,14.232936507936508,27.308333333333334
41,24,1,1,1,2,2,1,13.151388888888889,27.21904761904762
41,25,1,1,1,3,2,3,14.232936507936508,27.308333333333334
41,26,1,1,1,3,3,8,15.182936507936507,27.32857142857143
41,27,1,1,2,3,2,4,14.968650793650793,27.314285714285713
41,28,1,1,1,2,3,3,14.262698412698413,27.311904761904763
41,29,1,1,1,2,1,1,12.066269841269841,26.714285714285715
41,30,1,1,1,2,1,2,12.223809523809523,26.761904761904763
41,31,1,1,6,4,7,4,25.0625,27.514285714285712
41,32,1,1,1,1,1,9,11.198611111111111,26.373809523809523
41,33,1,1,1,2,1,1,12.066269841269841,26.714285714285715
41,34,1,1,1,3,2,3,14.232936507936508,27.308333333333334
41,35,1,1,1,2,2,1,13.151388888888889,27.21904761904762
41,36,1,1,1,2,3,3,14.262698412698413,27.311904761904763
41,37,1,1,1,3,2,3,14.232936507936508,27.308333333333334
41,38,1,1,1,2,1,1,12.066269841269841,26.714285714285715
41,39,1,1,2,2,1,4,13.063690476190477,26.939285714285713
41,40,1,1,2,2,2,1,13.954166666666667,27.258333333333333
41,41,1,1,1,2,1,2,12.223809523809523,26.761904761904763
41,42,1,1,1,2,2,1,13.151388888888889,27.21904761904762
41,43,1,1,6,4,7,4,25.0625,27.514285714285712
41,44,1,1,1,2,1,2,12.223809523809523,26.761904761904763
41,45,1,1,1,2,3,3,14.262698412698413,27.311904761904763
41,46,1,1,1,2,2,1,13.151388888888889,27.21904761904762
41,47,1,1,1,2,2,1,13.151388888888889,27.21904761904762
41,48,1,1,6,4,7,4,25.0625,27.514285714285712
41,49,1,1,1,2,1,1,12.066269841269841,26.714285714285715
42,0,1,1,6,4,7,4,25.0625,27.514285714285712
42,1,1,1,1,1,1,3,11.101190476190476,26.23095238095238
42,2,1,1,1,1,1,3,11.101190476190476,26.23095238095238
42,3,1,1,6,4,7,4,25.0625,27.514285714285712
42,4,2,1,1,3,6,9,19.36468253968254,27.508333333333333
42,5,1,1,2,4,2,3,16.120436507936507,27.46904761904762
42,6,1,1,2,2,1,4,13.063690476190477,26.939285714285713
42,7,1,1,1,2,1,1,12.066269841269841,26.714285714285715
42,8,1,1,1,2,2,1,13.151388888888889,27.21904761904762
42,9,1,1,1,1,1,9,11.198611111111111,26.373809523809523
42,10,2,1,1,3,6,9,19.36468253968254,27.508333333333333
42,11,1,1,1,1,1,9,11.198611111111111,26.373809523809523
42,12,1,1,1,2,1,2,12.223809523809523,26.761904761904763
42,13,1,1,2,2,1,4,13.063690476190477,26.939285714285713
42,14,1,1,1,2,1,1,12.066269841269841,26.714285714285715
42,15,1,1,1,2,1,2,12.223809523809523,26.761904761904763
42,16,1,1,2,2,2,1,13.954166666666667,27.258333333333333
42,17,1,1,1,4,2,4,15.330555555555556,27.363095238095237
42,18,1,1,1,4,2,4,15.330555555555556,27.363095238095237
42,19,1,1,2,3,2,4,14.968650793650793,27.314285714285713
42,20,1,1,1,2,3,3,14.262698412698413,27.311904761904763
42,21,1,1,2,2,2,1,13.954166666666667,27.258333333333333
42,22,1,1,1,3,3,8,15.182936507936507,27.32857142857143
42,23,1,1,1,3,2,3,14.232936507936508,27.308333333333334
42,24,1,1,1,2,2,1,13.151388888888889,27.21904761904762
42,25,1,1,1,3,2,3,14.232936507936508,27.308333333333334
42,26,1,1,1,3,3,8,15.182936507936507,27.32857142857143
42,27,1,1,2,3,2,4,14.968650793650793,27.314285714285713
42,28,1,1,1,2,3,3,14.262698412698413,27.311904761904763
42,29,1,1,1,3,2,3,14.232936507936508,27.308333333333334
42,30,1,1,1,1,1,3,11.101190476190476,26.23095238095238
42,31,1,1,1,1,1,9,11.198611111111111,26.373809523809523
42,32,1,1,1,2,2,1,13.151388888888889,27.21904761904762
42,33,1,1,1,2,3,3,14.262698412698413,27.311904761904763
42,34,1,1,1,2,1,2,12.223809523809523,26.761904761904763
42,35,1,1,1,2,3,3,14.262698412698413,27.311904761904763
42,36,1,1,1,2,1,1,12.066269841269841,26.714285714285715
42,37,1,1,1,2,2,1,13.151388888888889,27.21904761904762
42,38,1,1,1,2,1,2,12.223809523809523,26.761904761904763
42,39,1,1,1,3,2,3,14.232936507936508,27.308333333333334
42,40,1,1,2,2,2,1,13.954166666666667,27.258333333333333
42,41,1,1,1,2,3,3,14.262698412698413,27.311904761904763
42,42,2,1,1,3,6,9,19.36468253968254,27.508333333333333
42,43,1,1,1,2,1,1,12.066269841269841,26.714285714285715
42,44,1,1,1,2,1,1,12.066269841269841,26.714285714285715
42,45,1,1,1,2,1,1,12.066269841269841,26.714285714285715
42,46,1,1,1,3,3,8,15.182936507936507,27.32857142857143
42,47,1,1,1,1,1,9,11.198611111111111,26.373809523809523
42,48,1,1,1,2,1,1,12.066269841269841,26.714285714285715
42,49,1,1,6,4,7,4,25.0625,27.514285714285712
43,0,1,1,6,4,7,4,25.0625,27.514285714285712
43,1,1,1,1,1,1,1,10.971626984126985,26.195238095238096
43,2,1,1,6,4,7,4,25.0625,27.514285714285712
43,3,2,1,1,3,6,9,19.36468253968254,27.508333333333333
43,4,1,1,2,4,2,3,16.120436507936507,27.46904761904762
43,5,1,1,2,2,1,4,13.063690476190477,26.939285714285713
43,6,1,1,1,2,1,1,12.066269841269841,26.714285714285715
43,7,1,1,1,2,2,1,13.151388888888889,27.21904761904762
43,8,1,1,1,1,1,9,11.198611111111111,26.373809523809523
43,9,2,1,1,3,6,9,19.36468253968254,27.508333333333333
43,10,1,1,1,1,1,9,11.198611111111111,26.373809523809523
43,11,1,1,1,2,1,2,12.223809523809523,26.761904761904763
43,12,1,1,2,2,1,4,13.063690476190477,26.939285714285713
43,13,1,1,1,1,1,3,11.101190476190476,26.23095238095238
43,14,1,1,1,2,1,1,12.066269841269841,26.714285714285715
43,15,1,1,1,2,1,2,12.223809523809523,26.761904761904763
43,16,1,1,2,2,2,1,13.954166666666667,27.258333333333333
43,17,1,1,1,4,2,4,15.330555555555556,27.363095238095237
43,18,1,1,2,4,2,3,16.120436507936507,27.46904761904762
43,19,1,1,1,4,2,4,15.330555555555556,27.363095238095237
43,20,1,1,2,3,2,4,14.968650793650793,27.314285714285713
43,21,1,1,1,2,3,3,14.262698412698413,27.311904761904763
43,22,1,1,2,2,2,1,13.954166666666667,27.258333333333333
43,23,1,1,1,3,3,8,15.182936507936507,27.32857142857143
43,24,1,1,1,3,2,3,14.232936507936508,27.308333333333334
43,25,1,1,1,2,2,1,13.151388888888889,27.21904761904762
43,26,1,1,1,1,1,3,11.101190476190476,26.23095238095238
43,27,1,1,1,3,2,3,14.232936507936508,27.308333333333334
43,28,1,1,1,3,3,8,15.182936507936507,27.32857142857143
43,29,1,1,2,3,2,4,14.968650793650793,27.314285714285713
43,30,1,1,1,2,3,3,14.262698412698413,27.311904761904763
43,31,1,1,1,2,1,2,12.223809523809523,26.761904761904763
43,32,1,1,1,2,2,1,13.151388888888889,27.21904761904762
43,33,1,1,1,3,3,8,15.182936507936507,27.32857142857143
43,34,1,1,1,3,2,3,14.232936507936508,27.308333333333334
43,35,1,1,1,2,2,1,13.151388888888889,27.21904761904762
43,36,1,1,1,2,1,1,12.066269841269841,26.714285714285715
43,37,1,1,1,1,1,3,11.101190476190476,26.23095238095238
43,38,2,1,1,3,6,9,19.36468253968254,27.508333333333333
43,39,1,1,1,2,1,1,12.066269841269841,26.714285714285715
43,40,1,1,1,2,2,1,13.151388888888889,27.21904761904762
43,41,1,1,1,2,1,1,12.066269841269841,26.714285714285715
43,42,1,1,6,4,7,4,25.0625,27.514285714285712
43,43,1,1,1,1,1,3,11.101190476190476,26.23095238095238
43,44,1,1,1,2,1,1,12.066269841269841,26.714285714285715
43,45,1,1,1,4,2,4,15.330555555555556,27.363095238095237
43,46,1,1,1,1,1,3,11.101190476190476,26.23095238095238
43,47,1,1,1,2,3,3,14.262698412698413,27.311904761904763
43,48,1,1,1,2,1,1,12.066269841269841,26.714285714285715
43,49,1,1,1,2,3,3,14.262698412698413,27.311904761904763
44,0,1,1,1,1,1,1,10.971626984126985,26.195238095238096
44,1,1,1,6,4,7,4,25.0625,27.514285714285712
44,2,1,1,6,4,7,4,25.0625,27.514285714285712
44,3,1,1,1,1,1,1,10.971626984126985,26.195238095238096
44,4,2,1,1,3,6,9,19.36468253968254,27.508333333333333
44,5,1,1,2,4,2,3,16.120436507936507,27.46904761904762
44,6,1,1,2,2,1,4,13.063690476190477,26.939285714285713
44,7,1,1,1,2,1,1,12.066269841269841,26.714285714285715
44,8,1,1,1,2,2,1,13.151388888888889,27.21904761904762
44,9,1,1,1,1,1,9,11.198611111111111,26.373809523809523
44,10,2,1,1,3,6,9,19.36468253968254,27.508333333333333
44,11,1,1,1,1,1,9,11.198611111111111,26.373809523809523
44,12,1,1,1,2,1,2,12.223809523809523,26.761904761904763
44,13,1,1,2,2,1,4,13.063690476190477,26.939285714285713
44,14,1,1,1,1,1,3,11.101190476190476,26.23095238095238
44,15,1,1,1,2,1,1,12.066269841269841,26.714285714285715
44,16,1,1,1,2,1,2,12.223809523809523,26.761904761904763
44,17,1,1,2,2,2,1,13.954166666666667,27.258333333333333
44,18,1,1,1,4,2,4,15.330555555555556,27.363095238095237
44,19,1,1,2,4,2,3,16.120436507936507,27.46904761904762
44,20,1,1,1,4,2,4,15.330555555555556,27.363095238095237
44,21,1,1,2,3,2,4,14.968650793650793,27.314285714285713
44,22,1,1,1,2,3,3,14.262698412698413,27.311904761904763
44,23,1,1,2,2,2,1,13.954166666666667,27.258333333333333
44,24,1,1,1,3,3,8,15.182936507936507,27.32857142857143
44,25,1,1,1,3,2,3,14.232936507936508,27.308333333333334
44,26,1,1,1,2,2,1,13.151388888888889,27.21904761904762
44,27,1,1,1,1,1,3,11.101190476190476,26.23095238095238
44,28,1,1,1,3,2,3,14.232936507936508,27.308333333333334
44,29,1,1,1,3,3,8,15.182936507936507,27.32857142857143
44,30,1,1,2,3,2,4,14.968650793650793,27.314285714285713
44,31,1,1,1,2,3,3,14.262698412698413,27.311904761904763
44,32,1,1,1,2,2,1,13.151388888888889,27.21904761904762
44,33,1,1,1,2,1,2,12.223809523809523,26.761904761904763
44,34,1,1,1,1,1,9,11.198611111111111,26.373809523809523
44,35,1,1,1,1,1,3,11.101190476190476,26.23095238095238
44,36,1,1,1,1,1,9,11.198611111111111,26.373809523809523
44,37,1,1,1,2,1,2,12.223809523809523,26.761904761904763
44,38,1,1,1,1,1,9,11.198611111111111,26.373809523809523
44,39,1,1,1,2,1,1,12.066269841269841,26.714285714285715
44,40,1,1,1,2,1,1,12.066269841269841,26.714285714285715
44,41,1,1,1,2,2,1,13.151388888888889,27.21904761904762
44,42,1,1,1,1,1,9,11.198611111111111,26.373809523809523
44,43,1,1,1,1,1,3,11.101190476190476,26.23095238095238
44,44,1,1,1,1,1,3,11.101190476190476,26.23095238095238
44,45,1,1,1,4,2,4,15.330555555555556,27.363095238095237
44,46,1,1,1,2,2,1,13.151388888888889,27.21904761904762
44,47,1,1,1,2,1,1,12.066269841269841,26.714285714285715
44,48,1,1,1,1,1,3,11.101190476190476,26.23095238095238
44,49,1,1,1,2,3,3,14.262698412698413,27.311904761904763
45,0,1,1,1,1,1,1,10.971626984126985,26.195238095238096
45,1,1,1,1,1,1,1,10.971626984126985,26.195238095238096
45,2,1,1,6,4,7,4,25.0625,27.514285714285712
45,3,1,1,6,4,7,4,25.0625,27.514285714285712
45,4,2,1,1,3,6,9,19.36468253968254,27.508333333333333
45,5,1,1,2,4,2,3,16.120436507936507,27.46904761904762
45,6,1,1,2,2,1,4,13.063690476190477,26.939285714285713
45,7,1,1,1,2,1,1,12.066269841269841,26.714285714285715
45,8,1,1,1,2,2,1,13.151388888888889,27.21904761904762
45,9,1,1,1,1,1,9,11.198611111111111,26.373809523809523
45,10,2,1,1,3,6,9,19.36468253968254,27.508333333333333
45,11,1,1,1,1,1,9,11.198611111111111,26.373809523809523
45,12,1,1,1,2,1,2,12.223809523809523,26.761904761904763
45,13,1,1,2,2,1,4,13.063690476190477,26.939285714285713
45,14,1,1,1,1,1,3,11.101190476190476,26.23095238095238
45,15,1,1,1,2,1,1,12.066269841269841,26.714285714285715
45,16,1,1,1,2,1,2,12.223809523809523,26.761904761904763
45,17,1,1,2,2,2,1,13.954166666666667,27.258333333333333
45,18,1,1,1,4,2,4,15.330555555555556,27.363095238095237
45,19,1,1,2,4,2,3,16.120436507936507,27.46904761904762
45,20,1,1,1,4,2,4,15.330555555555556,27.363095238095237
45,21,1,1,2,3,2,4,14.968650793650793,27.314285714285713
45,22,1,1,1,2,3,3,14.262698412698413,27.311904761904763
45,23,1,1,2,2,2,1,13.954166666666667,27.258333333333333
45,24,1,1,1,3,3,8,15.182936507936507,27.32857142857143
45,25,1,1,1,3,2,3,14.232936507936508,27.308333333333334
45,26,1,1,1,2,2,1,13.151388888888889,27.21904761904762
45,27,1,1,1,1,1,3,11.101190476190476,26.23095238095238
45,28,1,1,1,3,2,3,14.232936507936508,27.308333333333334
45,29,1,1,1,3,3,8,15.182936507936507,27.32857142857143
45,30,1,1,2,3,2,4,14.968650793650793,27.314285714285713
45,31,1,1,1,2,3,3,14.262698412698413,27.311904761904763
45,32,1,1,6,4,7,4,25.0625,27.514285714285712
45,33,1,1,1,1,1,1,10.971626984126985,26.195238095238096
45,34,1,1,2,2,1,4,13.063690476190477,26.939285714285713
45,35,1,1,1,2,3,3,14.262698412698413,27.311904761904763
45,36,1,1,1,1,1,3,11.101190476190476,26.23095238095238
45,37,1,1,1,4,2,4,15.330555555555556,27.363095238095237
45,38,1,1,1,2,2,1,13.151388888888889,27.21904761904762
45,39,1,1,1,2,1,2,12.223809523809523,26.761904761904763
45,40,1,1,1,2,1,1,12.066269841269841,26.714285714285715
45,41,1,1,1,1,1,9,11.198611111111111,26.373809523809523
45,42,1,1,1,1,1,9,11.198611111111111,26.373809523809523
45,43,1,1,1,2,2,1,13.151388888888889,27.21904761904762
45,44,1,1,1,2,1,1,12.066269841269841,26.714285714285715
45,45,1,1,1,1,1,9,11.198611111111111,26.373809523809523
45,46,1,1,1,4,2,4,15.330555555555556,27.363095238095237
45,47,1,1,1,2,1,1,12.066269841269841,26.714285714285715
45,48,1,1,1,2,2,1,13.151388888888889,27.21904761904762
45,49,1,1,2,2,2,1,13.954166666666667,27.258333333333333
46,0,1,1,1,1,1,1,10.971626984126985,26.195238095238096
46,1,1,1,6,4,7,4,25.0625,27.514285714285712
46,2,1,1,1,1,1,1,10.971626984126985,26.195238095238096
46,3,1,1,6,4,7,4,25.0625,27.514285714285712
46,4,2,1,1,3,6,9,19.36468253968254,27.508333333333333
46,5,1,1,2,4,2,3,16.120436507936507,27.46904761904762
46,6,1,1,2,2,1,4,13.063690476190477,26.939285714285713
46,7,1,1,1,2,2,1,13.151388888888889,27.21904761904762
46,8,1,1,1,1,1,9,11.198611111111111,26.373809523809523
46,9,1,1,1,2,1,1,12.066269841269841,26.714285714285715
46,10,2,1,1,3,6,9,19.36468253968254,27.508333333333333
46,11,1,1,1,1,1,9,11.198611111111111,26.373809523809523
46,12,1,1,2,2,1,4,13.063690476190477,26.939285714285713
46,13,1,1,1,2,1,2,12.223809523809523,26.761904761904763
46,14,1,1,1,1,1,3,11.101190476190476,26.23095238095238
46,15,1,1,2,2,2,1,13.954166666666667,27.258333333333333
46,16,1,1,1,2,1,2,12.223809523809523,26.761904761904763
46,17,1,1,1,4,2,4,15.330555555555556,27.363095238095237
46,18,1,1,2,4,2,3,16.120436507936507,27.46904761904762
46,19,1,1,1,4,2,4,15.330555555555556,27.363095238095237
46,20,1,1,1,2,1,1,12.066269841269841,26.714285714285715
46,21,1,1,2,3,2,4,14.968650793650793,27.314285714285713
46,22,1,1,1,2,3,3,14.262698412698413,27.311904761904763
46,23,1,1,2,2,2,1,13.954166666666667,27.258333333333333
46,24,1,1,1,1,2,9,12.145436507936507,26.715476190476192
46,25,1,1,1,3,3,8,15.182936507936507,27.32857142857143
46,26,1,1,1,3,2,3,14.232936507936508,27.308333333333334
46,27,1,1,1,2,2,1,13.151388888888889,27.21904761904762
46,28,1,1,1,1,1,3,11.101190476190476,26.23095238095238
46,29,1,1,1,3,2,3,14.232936507936508,27.308333333333334
46,30,1,1,1,3,3,8,15.182936507936507,27.32857142857143
46,31,1,1,2,3,2,4,14.968650793650793,27.314285714285713
46,32,1,1,1,2,3,3,14.262698412698413,27.311904761904763
46,33,1,1,1,2,2,1,13.151388888888889,27.21904761904762
46,34,1,1,1,2,3,3,14.262698412698413,27.311904761904763
46,35,1,1,2,2,1,4,13.063690476190477,26.939285714285713
46,36,1,1,1,2,3,3,14.262698412698413,27.311904761904763
46,37,1,1,1,1,1,3,11.101190476190476,26.23095238095238
46,38,1,1,2,2,1,4,13.063690476190477,26.939285714285713
46,39,1,1,2,3,2,4,14.968650793650793,27.314285714285713
46,40,1,1,2,3,2,4,14.968650793650793,27.314285714285713
46,41,1,1,1,3,3,8,15.182936507936507,27.32857142857143
46,42,1,1,1,1,1,9,11.198611111111111,26.373809523809523
46,43,1,1,1,2,1,2,12.223809523809523,26.761904761904763
46,44,1,1,1,2,1,1,12.066269841269841,26.714285714285715
46,45,1,1,1,4,2,4,15.330555555555556,27.363095238095237
46,46,1,1,1,1,1,9,11.198611111111111,26.373809523809523
46,47,1,1,2,2,1,4,13.063690476190477,26.939285714285713
46,48,1,1,1,1,1,9,11.198611111111111,26.373809523809523
46,49,1,1,1,2,1,1,12.066269841269841,26.714285714285715
47,0,1,1,6,4,7,4,25.0625,27.514285714285712
47,1,1,1,1,1,1,1,10.971626984126985,26.195238095238096
47,2,1,1,6,4,7,4,25.0625,27.514285714285712
47,3,1,1,1,1,1,1,10.971626984126985,26.195238095238096
47,4,2,1,1,3,6,9,19.36468253968254,27.508333333333333
47,5,1,1,2,1,2,4,13.056150793650794,26.94404761904762
47,6,1,1,2,4,2,3,16.120436507936507,27.46904761904762
47,7,1,1,1,2,2,1,13.151388888888889,27.21904761904762
47,8,1,1,1,1,1,9,11.198611111111111,26.373809523809523
47,9,1,1,1,2,1,1,12.066269841269841,26.714285714285715
47,10,2,1,1,3,6,9,19.36468253968254,27.508333333333333
47,11,1,1,1,1,1,9,11.198611111111111,26.373809523809523
47,12,1,1,1,2,1,2,12.223809523809523,26.761904761904763
47,13,1,1,1,1,1,3,11.101190476190476,26.23095238095238
47,14,1,1,2,2,2,1,13.954166666666667,27.258333333333333
47,15,1,1,1,2,1,2,12.223809523809523,26.761904761904763
47,16,1,1,1,4,2,4,15.330555555555556,27.363095238095237
47,17,1,1,2,4,2,3,16.120436507936507,27.46904761904762
47,18,1,1,1,4,2,4,15.330555555555556,27.363095238095237
47,19,1,1,1,2,1,1,12.066269841269841,26.714285714285715
47,20,1,1,2,3,2,4,14.968650793650793,27.314285714285713
47,21,1,1,1,2,3,3,14.262698412698413,27.311904761904763
47,22,1,1,2,2,2,1,13.954166666666667,27.258333333333333
47,23,1,1,1,3,3,8,15.182936507936507,27.32857142857143
47,24,1,1,1,1,2,9,12.145436507936507,26.715476190476192
47,25,1,1,1,3,2,3,14.232936507936508,27.308333333333334
47,26,1,1,1,2,2,1,13.151388888888889,27.21904761904762
47,27,1,1,1,1,1,3,11.101190476190476,26.23095238095238
47,28,1,1,1,3,2,3,14.232936507936508,27.308333333333334
47,29,1,1,1,3,3,8,15.182936507936507,27.32857142857143
47,30,1,1,2,3,2,4,14.968650793650793,27.314285714285713
47,31,1,1,1,1,2,9,12.145436507936507,26.715476190476192
47,32,1,1,1,2,3,3,14.262698412698413,27.311904761904763
47,33,1,1,1,1,1,1,10.971626984126985,26.195238095238096
47,34,1,1,1,2,1,1,12.066269841269841,26.714285714285715
47,35,1,1,1,1,1,1,10.971626984126985,26.195238095238096
47,36,1,1,1,4,2,4,15.330555555555556,27.363095238095237
47,37,1,1,2,3,2,4,14.968650793650793,27.314285714285713
47,38,1,1,1,1,1,9,11.198611111111111,26.373809523809523
47,39,1,1,1,2,1,2,12.223809523809523,26.761904761904763
47,40,1,1,1,3,3,8,15.182936507936507,27.32857142857143
47,41,1,1,1,1,1,3,11.101190476190476,26.23095238095238
47,42,1,1,1,2,3,3,14.262698412698413,27.311904761904763
47,43,1,1,1,2,1,1,12.066269841269841,26.714285714285715
47,44,1,1,1,1,1,9,11.198611111111111,26.373809523809523
47,45,1,1,1,4,2,4,15.330555555555556,27.363095238095237
47,46,1,1,1,1,1,9,11.198611111111111,26.373809523809523
47,47,1,1,1,2,1,2,12.223809523809523,26.761904761904763
47,48,1,1,1,1,1,3,11.101190476190476,26.23095238095238
47,49,1,1,1,2,1,2,12.223809523809523,26.761904761904763
48,0,1,1,6,4,7,4,25.0625,27.514285714285712
48,1,1,1,1,1,1,1,10.971626984126985,26.195238095238096
48,2,1,1,1,1,1,1,10.971626984126985,26.195238095238096
48,3,1,1,6,4,7,4,25.0625,27.514285714285712
48,4,2,1,1,3,6,9,19.36468253968254,27.508333333333333
48,5,1,1,2,4,2,3,16.120436507936507,27.46904761904762
48,6,1,1,2,1,2,4,13.056150793650794,26.94404761904762
48,7,1,1,1,2,2,1,13.151388888888889,27.21904761904762
48,8,1,1,1,1,1,9,11.198611111111111,26.373809523809523
48,9,1,1,1,2,1,1,12.066269841269841,26.714285714285715
48,10,2,1,1,3,6,9,19.36468253968254,27.508333333333333
48,11,1,1,1,1,1,9,11.198611111111111,26.373809523809523
48,12,1,1,2,1,2,4,13.056150793650794,26.94404761904762
48,13,1,1,1,2,1,2,12.223809523809523,26.761904761904763
48,14,1,1,1,1,1,3,11.101190476190476,26.23095238095238
48,15,1,1,2,2,2,1,13.954166666666667,27.258333333333333
48,16,1,1,1,2,1,2,12.223809523809523,26.761904761904763
48,17,1,1,1,4,2,4,15.330555555555556,27.363095238095237
48,18,1,1,2,4,2,3,16.120436507936507,27.46904761904762
48,19,1,1,1,4,2,4,15.330555555555556,27.363095238095237
48,20,1,1,1,2,1,1,12.066269841269841,26.714285714285715
48,21,1,1,2,3,2,4,14.968650793650793,27.314285714285713
48,22,1,1,1,2,3,3,14.262698412698413,27.311904761904763
48,23,1,1,2,2,2,1,13.954166666666667,27.258333333333333
48,24,1,1,1,3,3,8,15.182936507936507,27.32857142857143
48,25,1,1,1,1,2,9,12.145436507936507,26.715476190476192
48,26,1,1,1,3,2,3,14.232936507936508,27.308333333333334
48,27,1,1,1,2,2,1,13.151388888888889,27.21904761904762
48,28,1,1,1,1,1,3,11.101190476190476,26.23095238095238
48,29,1,1,1,3,2,3,14.232936507936508,27.308333333333334
48,30,1,1,1,3,3,8,15.182936507936507,27.32857142857143
48,31,1,1,2,3,2,4,14.968650793650793,27.314285714285713
48,32,1,1,1,1,2,9,12.145436507936507,26.715476190476192
48,33,1,1,1,2,3,3,14.262698412698413,27.311904761904763
48,34,1,1,1,2,3,3,14.262698412698413,27.311904761904763
48,35,1,1,1,2,1,1,12.066269841269841,26.714285714285715
48,36,1,1,1,2,2,1,13.151388888888889,27.21904761904762
48,37,2,1,1,3,6,9,19.36468253968254,27.508333333333333
48,38,1,1,1,2,1,2,12.223809523809523,26.761904761904763
48,39,1,1,1,3,3,8,15.182936507936507,27.32857142857143
48,40,1,1,1,4,2,4,15.330555555555556,27.363095238095237
48,41,1,1,1,1,1,9,11.198611111111111,26.373809523809523
48,42,1,1,1,1,1,9,11.198611111111111,26.373809523809523
48,43,1,1,1,1,1,1,10.971626984126985,26.195238095238096
48,44,1,1,1,2,2,1,13.151388888888889,27.21904761904762
48,45,1,1,1,1,1,9,11.198611111111111,26.373809523809523
48,46,1,1,2,4,2,3,16.120436507936507,27.46904761904762
48,47,1,1,1,2,1,1,12.066269841269841,26.714285714285715
48,48,1,1,1,4,2,4,15.330555555555556,27.363095238095237
48,49,1,1,1,2,1,1,12.066269841269841,26.714285714285715
49,0,1,1,6,4,7,4,25.0625,27.514285714285712
49,1,1,1,6,4,7,4,25.0625,27.514285714285712
49,2,1,1,1,1,1,1,10.971626984126985,26.195238095238096
49,3,1,1,1,1,1,1,10.971626984126985,26.195238095238096
49,4,2,1,1,3,6,9,19.36468253968254,27.508333333333333
49,5,1,1,2,4,2,3,16.120436507936507,27.46904761904762
49,6,1,1,2,1,2,4,13.056150793650794,26.94404761904762
49,7,1,1,1,2,2,1,13.151388888888889,27.21904761904762
49,8,1,1,1,1,1,9,11.198611111111111,26.373809523809523
49,9,1,1,1,2,1,1,12.066269841269841,26.714285714285715
49,10,2,1,1,3,6,9,19.36468253968254,27.508333333333333
49,11,1,1,1,1,1,9,11.198611111111111,26.373809523809523
49,12,1,1,2,1,2,4,13.056150793650794,26.94404761904762
49,13,1,1,1,2,1,2,12.223809523809523,26.761904761904763
49,14,1,1,1,1,1,3,11.101190476190476,26.23095238095238
49,15,1,1,2,2,2,1,13.954166666666667,27.258333333333333
49,16,1,1,1,2,1,2,12.223809523809523,26.761904761904763
49,17,1,1,1,4,2,4,15.330555555555556,27.363095238095237
49,18,1,1,2,4,2,3,16.120436507936507,27.46904761904762
49,19,1,1,1,4,2,4,15.330555555555556,27.363095238095237
49,20,1,1,1,2,1,1,12.066269841269841,26.714285714285715
49,21,1,1,2,3,2,4,14.968650793650793,27.314285714285713
49,22,1,1,1,2,3,3,14.262698412698413,27.311904761904763
49,23,1,1,2,2,2,1,13.954166666666667,27.258333333333333
49,24,1,1,1,3,3,8,15.182936507936507,27.32857142857143
49,25,1,1,1,1,2,9,12.145436507936507,26.715476190476192
49,26,1,1,1,3,2,3,14.232936507936508,27.308333333333334
49,27,1,1,1,2,2,1,13.151388888888889,27.21904761904762
49,28,1,1,1,1,1,3,11.101190476190476,26.23095238095238
49,29,1,1,1,3,2,3,14.232936507936508,27.308333333333334
49,30,1,1,1,3,3,8,15.182936507936507,27.32857142857143
49,31,1,1,2,3,2,4,14.968650793650793,27.314285714285713
49,32,1,1,1,1,2,9,12.145436507936507,26.715476190476192
49,33,1,1,1,2,3,3,14.262698412698413,27.311904761904763
49,34,1,1,1,1,1,9,11.198611111111111,26.373809523809523
49,35,1,1,2,2,2,1,13.954166666666667,27.258333333333333
49,36,1,1,2,3,2,4,14.968650793650793,27.314285714285713
49,37,2,1,1,3,6,9,19.36468253968254,27.508333333333333
49,38,1,1,1,4,2,4,15.330555555555556,27.363095238095237
49,39,1,1,1,2,3,3,14.262698412698413,27.311904761904763
49,40,1,1,1,2,2,1,13.151388888888889,27.21904761904762
49,41,1,1,1,2,1,1,12.066269841269841,26.714285714285715
49,42,1,1,1,1,1,9,11.198611111111111,26.373809523809523
49,43,1,1,1,3,3,8,15.182936507936507,27.32857142857143
49,44,1,1,1,1,1,9,11.198611111111111,26.373809523809523
49,45,1,1,2,1,2,4,13.056150793650794,26.94404761904762
49,46,1,1,1,2,2,1,13.151388888888889,27.21904761904762
49,47,1,1,1,2,1,1,12.066269841269841,26.714285714285715
49,48,1,1,2,4,2,3,16.120436507936507,27.46904761904762
49,49,1,1,2,1,2,4,13.056150793650794,26.94404761904762
