gen,ind,buffer1_cap,buffer2_cap,buffer3_cap,wip,throughput
0,0,1,6,3,5.921309523809524,85.49761904761905
0,1,8,8,9,13.304583333333333,86.84404761904761
0,2,8,5,10,13.515734126984126,86.87261904761905
0,3,7,8,7,12.587638888888888,86.72619047619048
0,4,5,9,10,10.645357142857142,86.66428571428571
0,5,9,5,10,15.120753968253968,86.92261904761905
0,6,2,10,1,6.582023809523809,85.88333333333334
0,7,4,8,8,9.317499999999999,86.44047619047619
0,8,2,5,10,7.466805555555556,86.18928571428572
0,9,10,10,3,15.150496031746032,86.6952380952381
0,10,4,7,2,8.738789682539682,86.06190476190476
0,11,3,7,4,8.285853174603174,85.91309523809524
0,12,2,1,10,7.213849206349206,85.79404761904762
0,13,1,8,6,6.162619047619048,85.4
0,14,5,7,9,10.685257936507936,86.56071428571428
0,15,4,5,8,9.32515873015873,86.33452380952382
0,16,4,1,10,9.339543650793651,86.01190476190476
0,17,4,5,5,9.120238095238095,85.9
0,18,4,8,1,8.464305555555555,85.86547619047619
0,19,2,7,6,7.518670634920635,85.64761904761905
0,20,1,9,9,6.715773809523809,85.24761904761905
0,21,7,9,3,12.047619047619047,86.5297619047619
0,22,2,5,8,7.615079365079365,85.74285714285715
0,23,2,2,10,7.3445238095238095,85.31190476190476
0,24,6,4,10,11.539503968253968,86.39047619047619
0,25,7,4,10,12.441825396825397,86.15238095238095
0,26,6,1,8,11.549444444444445,85.9654761904762
0,27,8,10,2,12.840892857142856,86.21071428571429
0,28,3,4,5,8.35279761904762,85.73690476190475
0,29,4,4,2,8.57422619047619,85.85000000000001
0,30,8,9,7,13.527539682539683,86.52738095238095
0,31,3,1,3,7.6124206349206345,85.58333333333333
0,32,4,2,7,9.546011904761905,85.95
0,33,2,1,4,7.012420634920635,85.13809523809523
0,34,4,1,3,8.706210317460318,85.68928571428572
0,35,4,3,2,8.5775,85.57857142857142
0,36,3,1,8,8.206428571428571,85.56428571428572
0,37,8,3,9,13.367460317460317,86.09523809523809
0,38,9,10,1,13.657103174603174,86.48452380952381
0,39,2,2,8,7.645277777777777,85.4154761904762
0,40,7,3,8,12.464484126984127,86.04166666666667
0,41,9,5,8,14.66811507936508,86.46309523809524
0,42,8,7,5,13.38954365079365,86.00714285714285
0,43,9,1,2,13.43811507936508,85.26904761904763
0,44,10,4,7,15.179424603174603,86.06190476190476
0,45,10,5,6,15.573333333333334,86.43928571428572
0,46,10,3,7,15.35452380952381,86.3202380952381
1,0,1,6,3,5.921309523809524,85.49761904761905
1,1,8,8,9,13.304583333333333,86.84404761904761
1,2,8,5,10,13.515734126984126,86.87261904761905
1,3,7,8,7,12.587638888888888,86.72619047619048
1,4,5,9,10,10.645357142857142,86.66428571428571
1,5,9,5,10,15.120753968253968,86.92261904761905
1,6,4,8,8,9.317499999999999,86.44047619047619
1,7,1,4,3,5.670912698412699,85.19642857142857
1,8,2,9,1,6.471626984126984,86.02619047619048
1,9,1,9,2,5.896230158730159,85.3202380952381
1,10,2,7,8,7.921666666666667,86.2452380952381
1,11,5,9,3,10.181607142857143,86.47619047619047
1,12,2,8,7,7.437777777777778,86.18928571428572
1,13,3,5,8,8.59781746031746,86.42857142857143
1,14,2,10,1,6.582023809523809,85.88333333333334
1,15,2,5,10,7.466805555555556,86.18928571428572
1,16,1,8,6,6.162619047619048,85.4
1,17,5,7,9,10.685257936507936,86.56071428571428
1,18,4,5,8,9.32515873015873,86.33452380952382
1,19,4,9,8,9.537956349206349,86.41071428571429
1,20,1,8,3,6.205,85.48452380952381
1,21,8,9,1,12.731964285714286,86.59285714285714
1,22,8,7,6,13.529980158730158,86.8
1,23,1,4,7,6.030912698412698,85.175
1,24,1,8,6,6.162619047619048,85.4
1,25,10,10,3,15.150496031746032,86.6952380952381
1,26,4,7,2,8.738789682539682,86.06190476190476
1,27,3,7,4,8.285853174603174,85.91309523809524
1,28,7,9,3,12.047619047619047,86.5297619047619
1,29,6,4,10,11.539503968253968,86.39047619047619
1,30,4,8,10,9.6421626984127,86.34761904761905
1,31,1,1,6,6.052857142857143,85.13809523809525
1,32,4,7,3,8.912162698412699,86.12261904761905
1,33,7,7,5,12.268928571428571,86.54166666666667
1,34,1,5,9,6.407599206349206,85.22857142857143
1,35,4,7,3,8.912162698412699,86.12261904761905
1,36,2,6,6,7.074702380952381,85.84761904761905
1,37,8,9,6,13.188888888888888,86.58214285714286
1,38,2,5,7,7.420912698412699,85.87619047619047
1,39,1,4,8,6.24186507936508,85.20833333333333
1,40,1,2,10,6.505337301587302,85.45595238095238
1,41,1,2,6,6.612678571428572,85.0952380952381
1,42,9,4,9,14.43327380952381,86.58095238095238
1,43,1,8,8,6.712956349206349,85.41190476190476
1,44,2,1,10,7.213849206349206,85.79404761904762
1,45,7,5,8,12.317400793650794,86.5047619047619
1,46,6,6,4,11.067420634920635,86.22261904761905
1,47,4,7,5,9.203888888888889,86.08333333333333
1,48,5,4,8,10.518313492063491,86.13452380952381
1,49,4,8,1,8.464305555555555,85.86547619047619
2,0,8,8,9,13.304583333333333,86.84404761904761
2,1,8,5,10,13.515734126984126,86.87261904761905
2,2,7,8,7,12.587638888888888,86.72619047619048
2,3,5,9,10,10.645357142857142,86.66428571428571
2,4,9,5,10,15.120753968253968,86.92261904761905
2,5,4,8,8,9.317499999999999,86.44047619047619
2,6,2,9,1,6.471626984126984,86.02619047619048
2,7,2,7,8,7.921666666666667,86.2452380952381
2,8,5,9,3,10.181607142857143,86.47619047619047
2,9,2,8,7,7.437777777777778,86.18928571428572
2,10,3,5,8,8.59781746031746,86.42857142857143
2,11,8,8,9,13.304583333333333,86.84404761904761
2,12,8,5,10,13.515734126984126,86.87261904761905
2,13,2,9,1,6.471626984126984,86.02619047619048
2,14,9,5,10,15.120753968253968,86.92261904761905
2,15,1,8,1,5.5714484126984125,85.5
2,16,1,4,6,6.308234126984127,85.60952380952381
2,17,4,8,7,9.539781746031746,86.44404761904762
2,18,1,6,3,5.921309523809524,85.49761904761905
2,19,1,4,3,5.670912698412699,85.19642857142857
2,20,1,9,2,5.896230158730159,85.3202380952381
2,21,2,10,1,6.582023809523809,85.88333333333334
2,22,2,5,10,7.466805555555556,86.18928571428572
2,23,5,7,9,10.685257936507936,86.56071428571428
2,24,4,5,8,9.32515873015873,86.33452380952382
2,25,4,9,8,9.537956349206349,86.41071428571429
2,26,8,9,1,12.731964285714286,86.59285714285714
2,27,8,7,6,13.529980158730158,86.8
2,28,5,7,9,10.685257936507936,86.56071428571428
2,29,4,9,8,9.537956349206349,86.41071428571429
2,30,5,7,9,10.685257936507936,86.56071428571428
2,31,4,5,8,9.32515873015873,86.33452380952382
2,32,1,1,3,5.669305555555556,85.01190476190476
2,33,1,6,3,5.921309523809524,85.49761904761905
2,34,3,8,10,8.717718253968254,86.32857142857142
2,35,10,10,3,15.150496031746032,86.6952380952381
2,36,1,4,7,6.030912698412698,85.175
2,37,8,9,6,13.188888888888888,86.58214285714286
2,38,4,9,3,8.887261904761905,86.26666666666667
2,39,4,8,10,9.6421626984127,86.34761904761905
2,40,1,4,9,6.635515873015873,85.76190476190476
2,41,3,8,3,7.917539682539683,86.09642857142858
2,42,6,3,8,11.436964285714286,86.36904761904762
2,43,1,6,9,6.3966666666666665,85.49761904761905
2,44,2,5,7,7.420912698412699,85.87619047619047
2,45,2,4,10,7.526666666666666,86.09166666666667
2,46,2,6,6,7.074702380952381,85.84761904761905
2,47,7,7,5,12.268928571428571,86.54166666666667
2,48,1,8,6,6.162619047619048,85.4
2,49,6,3,10,11.574107142857143,86.44761904761904
3,0,8,8,9,13.304583333333333,86.84404761904761
3,1,8,5,10,13.515734126984126,86.87261904761905
3,2,7,8,7,12.587638888888888,86.72619047619048
3,3,5,9,10,10.645357142857142,86.66428571428571
3,4,4,8,8,9.317499999999999,86.44047619047619
3,5,2,9,1,6.471626984126984,86.02619047619048
3,6,2,7,8,7.921666666666667,86.2452380952381
3,7,5,9,3,10.181607142857143,86.47619047619047
3,8,2,8,7,7.437777777777778,86.18928571428572
3,9,3,5,8,8.59781746031746,86.42857142857143
3,10,8,8,9,13.304583333333333,86.84404761904761
3,11,8,5,10,13.515734126984126,86.87261904761905
3,12,2,9,1,6.471626984126984,86.02619047619048
3,13,1,8,1,5.5714484126984125,85.5
3,14,1,4,6,6.308234126984127,85.60952380952381
3,15,8,7,10,13.519642857142857,86.9452380952381
3,16,1,5,1,5.463115079365079,85.02619047619048
3,17,1,1,1,5.264642857142857,84.23809523809524
3,18,4,9,6,9.532400793650794,86.47261904761905
3,19,1,4,6,6.308234126984127,85.60952380952381
3,20,1,6,6,6.218333333333333,85.56904761904762
3,21,9,5,10,15.120753968253968,86.92261904761905
3,22,9,5,10,15.120753968253968,86.92261904761905
3,23,4,8,7,9.539781746031746,86.44404761904762
3,24,1,6,3,5.921309523809524,85.49761904761905
3,25,2,10,1,6.582023809523809,85.88333333333334
3,26,2,5,10,7.466805555555556,86.18928571428572
3,27,5,7,9,10.685257936507936,86.56071428571428
3,28,4,9,8,9.537956349206349,86.41071428571429
3,29,8,9,1,12.731964285714286,86.59285714285714
3,30,8,7,6,13.529980158730158,86.8
3,31,5,7,9,10.685257936507936,86.56071428571428
3,32,4,9,8,9.537956349206349,86.41071428571429
3,33,5,7,9,10.685257936507936,86.56071428571428
3,34,1,6,3,5.921309523809524,85.49761904761905
3,35,4,9,8,9.537956349206349,86.41071428571429
3,36,2,10,3,6.985654761904762,85.99642857142857
3,37,2,10,1,6.582023809523809,85.88333333333334
3,38,1,9,1,5.607420634920635,85.44761904761904
3,39,3,5,9,8.658492063492064,86.33333333333333
3,40,8,8,8,13.435436507936508,86.66309523809524
3,41,1,4,2,5.552420634920635,84.89761904761905
3,42,4,9,7,9.31017857142857,86.38214285714285
3,43,2,4,1,6.325357142857143,85.59404761904761
3,44,1,7,1,5.586309523809524,84.84880952380952
3,45,10,10,3,15.150496031746032,86.6952380952381
3,46,8,9,6,13.188888888888888,86.58214285714286
3,47,3,8,10,8.717718253968254,86.32857142857142
3,48,5,7,6,10.347777777777777,86.44404761904762
3,49,1,4,9,6.635515873015873,85.76190476190476
4,0,8,8,9,13.304583333333333,86.84404761904761
4,1,8,5,10,13.515734126984126,86.87261904761905
4,2,7,8,7,12.587638888888888,86.72619047619048
4,3,5,9,10,10.645357142857142,86.66428571428571
4,4,4,8,8,9.317499999999999,86.44047619047619
4,5,2,9,1,6.471626984126984,86.02619047619048
4,6,2,7,8,7.921666666666667,86.2452380952381
4,7,5,9,3,10.181607142857143,86.47619047619047
4,8,2,8,7,7.437777777777778,86.18928571428572
4,9,3,5,8,8.59781746031746,86.42857142857143
4,10,8,8,9,13.304583333333333,86.84404761904761
4,11,8,5,10,13.515734126984126,86.87261904761905
4,12,2,9,1,6.471626984126984,86.02619047619048
4,13,1,8,1,5.5714484126984125,85.5
4,14,1,4,6,6.308234126984127,85.60952380952381
4,15,8,7,10,13.519642857142857,86.9452380952381
4,16,1,5,1,5.463115079365079,85.02619047619048
4,17,1,1,1,5.264642857142857,84.23809523809524
4,18,4,9,6,9.532400793650794,86.47261904761905
4,19,1,4,6,6.308234126984127,85.60952380952381
4,20,1,6,6,6.218333333333333,85.56904761904762
4,21,4,8,8,9.317499999999999,86.44047619047619
4,22,2,9,1,6.471626984126984,86.02619047619048
4,23,2,8,7,7.437777777777778,86.18928571428572
4,24,1,8,1,5.5714484126984125,85.5
4,25,8,7,10,13.519642857142857,86.9452380952381
4,26,1,5,2,5.654027777777777,85.52619047619048
4,27,8,8,9,13.304583333333333,86.84404761904761
4,28,5,9,10,10.645357142857142,86.66428571428571
4,29,1,10,1,5.476805555555555,85.25238095238096
4,30,9,5,10,15.120753968253968,86.92261904761905
4,31,1,4,2,5.552420634920635,84.89761904761905
4,32,1,4,2,5.552420634920635,84.89761904761905
4,33,9,5,10,15.120753968253968,86.92261904761905
4,34,1,9,1,5.607420634920635,85.44761904761904
4,35,8,7,6,13.529980158730158,86.8
4,36,5,7,9,10.685257936507936,86.56071428571428
4,37,2,10,3,6.985654761904762,85.99642857142857
4,38,7,5,7,12.584761904761905,86.59285714285714
4,39,2,5,10,7.466805555555556,86.18928571428572
4,40,2,4,1,6.325357142857143,85.59404761904761
4,41,8,8,8,13.435436507936508,86.66309523809524
4,42,4,8,7,9.539781746031746,86.44404761904762
4,43,2,8,1,6.495297619047619,85.79642857142856
4,44,3,5,9,8.658492063492064,86.33333333333333
4,45,3,5,9,8.658492063492064,86.33333333333333
4,46,5,7,9,10.685257936507936,86.56071428571428
4,47,4,9,7,9.31017857142857,86.38214285714285
4,48,2,5,10,7.466805555555556,86.18928571428572
4,49,7,5,7,12.584761904761905,86.59285714285714
5,0,8,8,9,13.304583333333333,86.84404761904761
5,1,8,5,10,13.515734126984126,86.87261904761905
5,2,7,8,7,12.587638888888888,86.72619047619048
5,3,5,9,10,10.645357142857142,86.66428571428571
5,4,4,8,8,9.317499999999999,86.44047619047619
5,5,2,9,1,6.471626984126984,86.02619047619048
5,6,2,7,8,7.921666666666667,86.2452380952381
5,7,5,9,3,10.181607142857143,86.47619047619047
5,8,2,8,7,7.437777777777778,86.18928571428572
5,9,3,5,8,8.59781746031746,86.42857142857143
5,10,8,8,9,13.304583333333333,86.84404761904761
5,11,8,5,10,13.515734126984126,86.87261904761905
5,12,2,9,1,6.471626984126984,86.02619047619048
5,13,1,8,1,5.5714484126984125,85.5
5,14,1,4,6,6.308234126984127,85.60952380952381
5,15,8,7,10,13.519642857142857,86.9452380952381
5,16,1,1,1,5.264642857142857,84.23809523809524
5,17,4,9,6,9.532400793650794,86.47261904761905
5,18,1,4,6,6.308234126984127,85.60952380952381
5,19,1,6,6,6.218333333333333,85.56904761904762
5,20,4,8,8,9.317499999999999,86.44047619047619
5,21,2,9,1,6.471626984126984,86.02619047619048
5,22,2,8,7,7.437777777777778,86.18928571428572
5,23,1,8,1,5.5714484126984125,85.5
5,24,8,7,10,13.519642857142857,86.9452380952381
5,25,1,5,2,5.654027777777777,85.52619047619048
5,26,8,8,9,13.304583333333333,86.84404761904761
5,27,5,9,10,10.645357142857142,86.66428571428571
5,28,1,10,1,5.476805555555555,85.25238095238096
5,29,1,1,1,5.264642857142857,84.23809523809524
5,30,7,8,7,12.587638888888888,86.72619047619048
5,31,2,8,7,7.437777777777778,86.18928571428572
5,32,2,8,7,7.437777777777778,86.18928571428572
5,33,4,9,6,9.532400793650794,86.47261904761905
5,34,1,4,1,5.33063492063492,85.23095238095239
5,35,1,1,1,5.264642857142857,84.23809523809524
5,36,5,9,3,10.181607142857143,86.47619047619047
5,37,2,9,1,6.471626984126984,86.02619047619048
5,38,1,5,2,5.654027777777777,85.52619047619048
5,39,7,8,7,12.587638888888888,86.72619047619048
5,40,2,9,1,6.471626984126984,86.02619047619048
5,41,2,8,7,7.437777777777778,86.18928571428572
5,42,9,5,10,15.120753968253968,86.92261904761905
5,43,9,5,10,15.120753968253968,86.92261904761905
5,44,1,5,1,5.463115079365079,85.02619047619048
5,45,8,7,6,13.529980158730158,86.8
5,46,2,10,3,6.985654761904762,85.99642857142857
5,47,1,9,1,5.607420634920635,85.44761904761904
5,48,5,7,9,10.685257936507936,86.56071428571428
5,49,7,5,7,12.584761904761905,86.59285714285714
6,0,1,1,1,5.264642857142857,84.23809523809524
6,1,8,7,10,13.519642857142857,86.9452380952381
6,2,8,7,10,13.519642857142857,86.9452380952381
6,3,1,1,1,5.264642857142857,84.23809523809524
6,4,1,4,1,5.33063492063492,85.23095238095239
6,5,5,9,10,10.645357142857142,86.66428571428571
6,6,7,8,7,12.587638888888888,86.72619047619048
6,7,2,9,1,6.471626984126984,86.02619047619048
6,8,3,5,8,8.59781746031746,86.42857142857143
6,9,2,7,8,7.921666666666667,86.2452380952381
6,10,1,4,6,6.308234126984127,85.60952380952381
6,11,5,9,3,10.181607142857143,86.47619047619047
6,12,2,8,7,7.437777777777778,86.18928571428572
6,13,1,6,1,5.43734126984127,85.26547619047619
6,14,2,8,7,7.437777777777778,86.18928571428572
6,15,7,8,7,12.587638888888888,86.72619047619048
6,16,4,8,8,9.317499999999999,86.44047619047619
6,17,8,8,9,13.304583333333333,86.84404761904761
6,18,1,8,1,5.5714484126984125,85.5
6,19,4,9,6,9.532400793650794,86.47261904761905
6,20,1,6,6,6.218333333333333,85.56904761904762
6,21,2,9,1,6.471626984126984,86.02619047619048
6,22,5,9,10,10.645357142857142,86.66428571428571
6,23,1,5,2,5.654027777777777,85.52619047619048
6,24,8,8,9,13.304583333333333,86.84404761904761
6,25,5,9,3,10.181607142857143,86.47619047619047
6,26,8,5,10,13.515734126984126,86.87261904761905
6,27,1,4,6,6.308234126984127,85.60952380952381
6,28,4,8,8,9.317499999999999,86.44047619047619
6,29,4,9,6,9.532400793650794,86.47261904761905
6,30,1,6,6,6.218333333333333,85.56904761904762
6,31,1,8,1,5.5714484126984125,85.5
6,32,1,5,2,5.654027777777777,85.52619047619048
6,33,1,4,1,5.33063492063492,85.23095238095239
6,34,8,5,10,13.515734126984126,86.87261904761905
6,35,7,8,7,12.587638888888888,86.72619047619048
6,36,2,8,7,7.437777777777778,86.18928571428572
6,37,8,8,9,13.304583333333333,86.84404761904761
6,38,8,7,10,13.519642857142857,86.9452380952381
6,39,7,8,7,12.587638888888888,86.72619047619048
6,40,2,9,1,6.471626984126984,86.02619047619048
6,41,8,5,10,13.515734126984126,86.87261904761905
6,42,1,1,1,5.264642857142857,84.23809523809524
6,43,1,1,1,5.264642857142857,84.23809523809524
6,44,1,4,1,5.33063492063492,85.23095238095239
6,45,1,1,1,5.264642857142857,84.23809523809524
6,46,5,9,10,10.645357142857142,86.66428571428571
6,47,2,9,1,6.471626984126984,86.02619047619048
6,48,5,9,10,10.645357142857142,86.66428571428571
6,49,2,8,7,7.437777777777778,86.18928571428572
7,0,1,1,1,5.264642857142857,84.23809523809524
7,1,1,1,1,5.264642857142857,84.23809523809524
7,2,8,7,10,13.519642857142857,86.9452380952381
7,3,8,7,10,13.519642857142857,86.9452380952381
7,4,5,9,1,9.543492063492064,86.73571428571428
7,5,8,8,9,13.304583333333333,86.84404761904761
7,6,1,4,1,5.33063492063492,85.23095238095239
7,7,2,9,1,6.471626984126984,86.02619047619048
7,8,2,7,8,7.921666666666667,86.2452380952381
7,9,1,4,6,6.308234126984127,85.60952380952381
7,10,3,5,8,8.59781746031746,86.42857142857143
7,11,2,8,7,7.437777777777778,86.18928571428572
7,12,4,9,6,9.532400793650794,86.47261904761905
7,13,2,8,7,7.437777777777778,86.18928571428572
7,14,1,6,1,5.43734126984127,85.26547619047619
7,15,4,8,8,9.317499999999999,86.44047619047619
7,16,1,8,1,5.5714484126984125,85.5
7,17,3,5,8,8.59781746031746,86.42857142857143
7,18,1,6,6,6.218333333333333,85.56904761904762
7,19,2,9,1,6.471626984126984,86.02619047619048
7,20,1,5,2,5.654027777777777,85.52619047619048
7,21,8,8,9,13.304583333333333,86.84404761904761
7,22,8,5,10,13.515734126984126,86.87261904761905
7,23,1,4,6,6.308234126984127,85.60952380952381
7,24,4,8,8,9.317499999999999,86.44047619047619
7,25,1,6,1,5.43734126984127,85.26547619047619
7,26,1,6,6,6.218333333333333,85.56904761904762
7,27,1,8,1,5.5714484126984125,85.5
7,28,1,5,2,5.654027777777777,85.52619047619048
7,29,1,4,1,5.33063492063492,85.23095238095239
7,30,4,9,6,9.532400793650794,86.47261904761905
7,31,8,5,10,13.515734126984126,86.87261904761905
7,32,2,8,7,7.437777777777778,86.18928571428572
7,33,1,1,1,5.264642857142857,84.23809523809524
7,34,1,4,6,6.308234126984127,85.60952380952381
7,35,2,9,1,6.471626984126984,86.02619047619048
7,36,2,8,7,7.437777777777778,86.18928571428572
7,37,1,4,6,6.308234126984127,85.60952380952381
7,38,2,8,7,7.437777777777778,86.18928571428572
7,39,1,1,1,5.264642857142857,84.23809523809524
7,40,8,7,10,13.519642857142857,86.9452380952381
7,41,8,8,9,13.304583333333333,86.84404761904761
7,42,2,9,1,6.471626984126984,86.02619047619048
7,43,1,8,1,5.5714484126984125,85.5
7,44,1,5,2,5.654027777777777,85.52619047619048
7,45,1,1,1,5.264642857142857,84.23809523809524
7,46,1,6,6,6.218333333333333,85.56904761904762
7,47,8,5,10,13.515734126984126,86.87261904761905
7,48,1,4,1,5.33063492063492,85.23095238095239
7,49,2,9,1,6.471626984126984,86.02619047619048
8,0,1,1,1,5.264642857142857,84.23809523809524
8,1,8,7,10,13.519642857142857,86.9452380952381
8,2,1,1,1,5.264642857142857,84.23809523809524
8,3,8,7,10,13.519642857142857,86.9452380952381
8,4,5,9,1,9.543492063492064,86.73571428571428
8,5,8,8,9,13.304583333333333,86.84404761904761
8,6,1,4,1,5.33063492063492,85.23095238095239
8,7,2,9,1,6.471626984126984,86.02619047619048
8,8,1,4,6,6.308234126984127,85.60952380952381
8,9,2,7,8,7.921666666666667,86.2452380952381
8,10,3,7,6,8.240992063492063,86.37261904761905
8,11,2,8,7,7.437777777777778,86.18928571428572
8,12,5,8,1,9.453075396825398,86.54166666666667
8,13,4,8,8,9.317499999999999,86.44047619047619
8,14,2,8,7,7.437777777777778,86.18928571428572
8,15,1,7,6,6.088928571428571,85.59404761904761
8,16,3,5,8,8.59781746031746,86.42857142857143
8,17,1,6,1,5.43734126984127,85.26547619047619
8,18,1,8,1,5.5714484126984125,85.5
8,19,2,9,1,6.471626984126984,86.02619047619048
8,20,8,8,9,13.304583333333333,86.84404761904761
8,21,1,5,2,5.654027777777777,85.52619047619048
8,22,8,5,10,13.515734126984126,86.87261904761905
8,23,3,5,8,8.59781746031746,86.42857142857143
8,24,1,5,2,5.654027777777777,85.52619047619048
8,25,1,6,1,5.43734126984127,85.26547619047619
8,26,1,8,1,5.5714484126984125,85.5
8,27,1,4,6,6.308234126984127,85.60952380952381
8,28,4,8,8,9.317499999999999,86.44047619047619
8,29,1,4,1,5.33063492063492,85.23095238095239
8,30,8,5,10,13.515734126984126,86.87261904761905
8,31,1,4,6,6.308234126984127,85.60952380952381
8,32,2,8,7,7.437777777777778,86.18928571428572
8,33,1,1,1,5.264642857142857,84.23809523809524
8,34,1,4,6,6.308234126984127,85.60952380952381
8,35,1,6,1,5.43734126984127,85.26547619047619
8,36,8,5,10,13.515734126984126,86.87261904761905
8,37,2,8,7,7.437777777777778,86.18928571428572
8,38,2,8,7,7.437777777777778,86.18928571428572
8,39,1,1,1,5.264642857142857,84.23809523809524
8,40,2,9,1,6.471626984126984,86.02619047619048
8,41,2,8,7,7.437777777777778,86.18928571428572
8,42,1,1,1,5.264642857142857,84.23809523809524
8,43,1,1,1,5.264642857142857,84.23809523809524
8,44,1,8,1,5.5714484126984125,85.5
8,45,2,8,7,7.437777777777778,86.18928571428572
8,46,1,4,6,6.308234126984127,85.60952380952381
8,47,8,7,10,13.519642857142857,86.9452380952381
8,48,8,5,10,13.515734126984126,86.87261904761905
8,49,1,8,1,5.5714484126984125,85.5
9,0,8,7,10,13.519642857142857,86.9452380952381
9,1,1,3,1,5.234623015873016,85.01785714285714
9,2,8,7,10,13.519642857142857,86.9452380952381
9,3,5,9,1,9.543492063492064,86.73571428571428
9,4,8,8,9,13.304583333333333,86.84404761904761
9,5,2,9,1,6.471626984126984,86.02619047619048
9,6,1,4,6,6.308234126984127,85.60952380952381
9,7,2,7,8,7.921666666666667,86.2452380952381
9,8,2,8,7,7.437777777777778,86.18928571428572
9,9,2,8,7,7.437777777777778,86.18928571428572
9,10,4,8,8,9.317499999999999,86.44047619047619
9,11,1,6,1,5.43734126984127,85.26547619047619
9,12,1,8,1,5.5714484126984125,85.5
9,13,1,4,1,5.33063492063492,85.23095238095239
9,14,1,7,6,6.088928571428571,85.59404761904761
9,15,5,8,1,9.453075396825398,86.54166666666667
9,16,3,5,8,8.59781746031746,86.42857142857143
9,17,3,8,6,8.198829365079366,86.32380952380952
9,18,2,9,1,6.471626984126984,86.02619047619048
9,19,3,7,6,8.240992063492063,86.37261904761905
9,20,8,8,9,13.304583333333333,86.84404761904761
9,21,1,5,2,5.654027777777777,85.52619047619048
9,22,5,8,1,9.453075396825398,86.54166666666667
9,23,8,5,10,13.515734126984126,86.87261904761905
9,24,3,5,8,8.59781746031746,86.42857142857143
9,25,1,5,2,5.654027777777777,85.52619047619048
9,26,1,6,1,5.43734126984127,85.26547619047619
9,27,1,8,1,5.5714484126984125,85.5
9,28,1,4,1,5.33063492063492,85.23095238095239
9,29,1,4,6,6.308234126984127,85.60952380952381
9,30,4,8,8,9.317499999999999,86.44047619047619
9,31,8,5,10,13.515734126984126,86.87261904761905
9,32,1,4,1,5.33063492063492,85.23095238095239
9,33,8,8,9,13.304583333333333,86.84404761904761
9,34,2,8,7,7.437777777777778,86.18928571428572
9,35,8,7,10,13.519642857142857,86.9452380952381
9,36,1,4,1,5.33063492063492,85.23095238095239
9,37,1,6,1,5.43734126984127,85.26547619047619
9,38,1,4,6,6.308234126984127,85.60952380952381
9,39,2,8,7,7.437777777777778,86.18928571428572
9,40,2,8,7,7.437777777777778,86.18928571428572
9,41,2,8,7,7.437777777777778,86.18928571428572
9,42,1,8,1,5.5714484126984125,85.5
9,43,3,5,8,8.59781746031746,86.42857142857143
9,44,1,8,1,5.5714484126984125,85.5
9,45,2,8,7,7.437777777777778,86.18928571428572
9,46,2,8,7,7.437777777777778,86.18928571428572
9,47,8,5,10,13.515734126984126,86.87261904761905
9,48,2,8,7,7.437777777777778,86.18928571428572
9,49,2,9,1,6.471626984126984,86.02619047619048
10,0,8,7,10,13.519642857142857,86.9452380952381
10,1,1,3,1,5.234623015873016,85.01785714285714
10,2,8,7,10,13.519642857142857,86.9452380952381
10,3,1,3,1,5.234623015873016,85.01785714285714
10,4,5,9,1,9.543492063492064,86.73571428571428
10,5,8,8,9,13.304583333333333,86.84404761904761
10,6,2,9,1,6.471626984126984,86.02619047619048
10,7,1,4,6,6.308234126984127,85.60952380952381
10,8,2,7,8,7.921666666666667,86.2452380952381
10,9,2,8,7,7.437777777777778,86.18928571428572
10,10,2,8,7,7.437777777777778,86.18928571428572
10,11,4,8,8,9.317499999999999,86.44047619047619
10,12,1,6,1,5.43734126984127,85.26547619047619
10,13,1,8,1,5.5714484126984125,85.5
10,14,1,4,1,5.33063492063492,85.23095238095239
10,15,5,8,1,9.453075396825398,86.54166666666667
10,16,3,5,8,8.59781746031746,86.42857142857143
10,17,2,9,1,6.471626984126984,86.02619047619048
10,18,3,7,6,8.240992063492063,86.37261904761905
10,19,8,8,9,13.304583333333333,86.84404761904761
10,20,1,5,2,5.654027777777777,85.52619047619048
10,21,5,8,1,9.453075396825398,86.54166666666667
10,22,8,5,10,13.515734126984126,86.87261904761905
10,23,1,7,6,6.088928571428571,85.59404761904761
10,24,1,7,6,6.088928571428571,85.59404761904761
10,25,3,8,6,8.198829365079366,86.32380952380952
10,26,3,5,8,8.59781746031746,86.42857142857143
10,27,3,8,6,8.198829365079366,86.32380952380952
10,28,1,5,2,5.654027777777777,85.52619047619048
10,29,1,6,1,5.43734126984127,85.26547619047619
10,30,1,8,1,5.5714484126984125,85.5
10,31,1,4,1,5.33063492063492,85.23095238095239
10,32,1,4,6,6.308234126984127,85.60952380952381
10,33,4,8,8,9.317499999999999,86.44047619047619
10,34,8,5,10,13.515734126984126,86.87261904761905
10,35,2,8,7,7.437777777777778,86.18928571428572
10,36,2,8,7,7.437777777777778,86.18928571428572
10,37,1,6,1,5.43734126984127,85.26547619047619
10,38,1,5,2,5.654027777777777,85.52619047619048
10,39,1,4,1,5.33063492063492,85.23095238095239
10,40,1,4,1,5.33063492063492,85.23095238095239
10,41,2,8,7,7.437777777777778,86.18928571428572
10,42,1,5,2,5.654027777777777,85.52619047619048
10,43,2,9,1,6.471626984126984,86.02619047619048
10,44,1,8,1,5.5714484126984125,85.5
10,45,1,6,1,5.43734126984127,85.26547619047619
10,46,8,7,10,13.519642857142857,86.9452380952381
10,47,1,4,1,5.33063492063492,85.23095238095239
10,48,1,6,1,5.43734126984127,85.26547619047619
10,49,2,8,7,7.437777777777778,86.18928571428572
11,0,8,7,10,13.519642857142857,86.9452380952381
11,1,1,3,1,5.234623015873016,85.01785714285714
11,2,8,7,10,13.519642857142857,86.9452380952381
11,3,1,3,1,5.234623015873016,85.01785714285714
11,4,5,9,1,9.543492063492064,86.73571428571428
11,5,8,8,9,13.304583333333333,86.84404761904761
11,6,2,9,1,6.471626984126984,86.02619047619048
11,7,1,4,6,6.308234126984127,85.60952380952381
11,8,2,7,8,7.921666666666667,86.2452380952381
11,9,2,8,7,7.437777777777778,86.18928571428572
11,10,2,8,7,7.437777777777778,86.18928571428572
11,11,4,8,8,9.317499999999999,86.44047619047619
11,12,1,6,1,5.43734126984127,85.26547619047619
11,13,1,8,1,5.5714484126984125,85.5
11,14,1,4,1,5.33063492063492,85.23095238095239
11,15,5,8,1,9.453075396825398,86.54166666666667
11,16,3,5,8,8.59781746031746,86.42857142857143
11,17,2,9,1,6.471626984126984,86.02619047619048
11,18,3,7,6,8.240992063492063,86.37261904761905
11,19,8,8,9,13.304583333333333,86.84404761904761
11,20,1,5,2,5.654027777777777,85.52619047619048
11,21,5,8,1,9.453075396825398,86.54166666666667
11,22,8,5,10,13.515734126984126,86.87261904761905
11,23,1,7,6,6.088928571428571,85.59404761904761
11,24,1,7,6,6.088928571428571,85.59404761904761
11,25,3,8,6,8.198829365079366,86.32380952380952
11,26,3,5,8,8.59781746031746,86.42857142857143
11,27,3,8,6,8.198829365079366,86.32380952380952
11,28,1,5,2,5.654027777777777,85.52619047619048
11,29,1,6,1,5.43734126984127,85.26547619047619
11,30,1,8,1,5.5714484126984125,85.5
11,31,1,4,1,5.33063492063492,85.23095238095239
11,32,1,4,6,6.308234126984127,85.60952380952381
11,33,4,8,8,9.317499999999999,86.44047619047619
11,34,8,5,10,13.515734126984126,86.87261904761905
11,35,1,6,1,5.43734126984127,85.26547619047619
11,36,1,6,1,5.43734126984127,85.26547619047619
11,37,1,5,2,5.654027777777777,85.52619047619048
11,38,5,8,1,9.453075396825398,86.54166666666667
11,39,1,8,1,5.5714484126984125,85.5
11,40,1,4,1,5.33063492063492,85.23095238095239
11,41,2,8,7,7.437777777777778,86.18928571428572
11,42,1,4,1,5.33063492063492,85.23095238095239
11,43,1,4,6,6.308234126984127,85.60952380952381
11,44,2,8,7,7.437777777777778,86.18928571428572
11,45,1,3,1,5.234623015873016,85.01785714285714
11,46,8,7,10,13.519642857142857,86.9452380952381
11,47,2,8,7,7.437777777777778,86.18928571428572
11,48,1,8,1,5.5714484126984125,85.5
11,49,8,8,9,13.304583333333333,86.84404761904761
12,0,8,7,10,13.519642857142857,86.9452380952381
12,1,1,3,1,5.234623015873016,85.01785714285714
12,2,8,7,10,13.519642857142857,86.9452380952381
12,3,1,3,1,5.234623015873016,85.01785714285714
12,4,5,9,1,9.543492063492064,86.73571428571428
12,5,8,8,9,13.304583333333333,86.84404761904761
12,6,2,9,1,6.471626984126984,86.02619047619048
12,7,1,4,6,6.308234126984127,85.60952380952381
12,8,2,7,8,7.921666666666667,86.2452380952381
12,9,2,8,7,7.437777777777778,86.18928571428572
12,10,2,8,7,7.437777777777778,86.18928571428572
12,11,4,8,8,9.317499999999999,86.44047619047619
12,12,1,6,1,5.43734126984127,85.26547619047619
12,13,1,8,1,5.5714484126984125,85.5
12,14,1,4,1,5.33063492063492,85.23095238095239
12,15,5,8,1,9.453075396825398,86.54166666666667
12,16,3,5,8,8.59781746031746,86.42857142857143
12,17,2,9,1,6.471626984126984,86.02619047619048
12,18,3,7,6,8.240992063492063,86.37261904761905
12,19,8,8,9,13.304583333333333,86.84404761904761
12,20,5,9,1,9.543492063492064,86.73571428571428
12,21,1,5,2,5.654027777777777,85.52619047619048
12,22,5,8,1,9.453075396825398,86.54166666666667
12,23,8,5,10,13.515734126984126,86.87261904761905
12,24,1,7,6,6.088928571428571,85.59404761904761
12,25,1,7,6,6.088928571428571,85.59404761904761
12,26,3,8,6,8.198829365079366,86.32380952380952
12,27,3,5,8,8.59781746031746,86.42857142857143
12,28,3,8,6,8.198829365079366,86.32380952380952
12,29,1,5,2,5.654027777777777,85.52619047619048
12,30,1,6,1,5.43734126984127,85.26547619047619
12,31,1,8,1,5.5714484126984125,85.5
12,32,1,4,1,5.33063492063492,85.23095238095239
12,33,1,4,6,6.308234126984127,85.60952380952381
12,34,4,8,8,9.317499999999999,86.44047619047619
12,35,8,5,10,13.515734126984126,86.87261904761905
12,36,1,6,1,5.43734126984127,85.26547619047619
12,37,3,5,8,8.59781746031746,86.42857142857143
12,38,8,7,10,13.519642857142857,86.9452380952381
12,39,1,8,1,5.5714484126984125,85.5
12,40,8,7,10,13.519642857142857,86.9452380952381
12,41,1,4,1,5.33063492063492,85.23095238095239
12,42,8,8,9,13.304583333333333,86.84404761904761
12,43,2,8,7,7.437777777777778,86.18928571428572
12,44,1,4,1,5.33063492063492,85.23095238095239
12,45,5,8,1,9.453075396825398,86.54166666666667
12,46,1,8,1,5.5714484126984125,85.5
12,47,1,3,1,5.234623015873016,85.01785714285714
12,48,1,3,1,5.234623015873016,85.01785714285714
12,49,8,7,10,13.519642857142857,86.9452380952381
13,0,8,7,10,13.519642857142857,86.9452380952381
13,1,1,3,1,5.234623015873016,85.01785714285714
13,2,8,7,10,13.519642857142857,86.9452380952381
13,3,1,3,1,5.234623015873016,85.01785714285714
13,4,5,9,1,9.543492063492064,86.73571428571428
13,5,8,8,9,13.304583333333333,86.84404761904761
13,6,2,9,1,6.471626984126984,86.02619047619048
13,7,1,4,6,6.308234126984127,85.60952380952381
13,8,2,8,7,7.437777777777778,86.18928571428572
13,9,2,8,7,7.437777777777778,86.18928571428572
13,10,4,8,8,9.317499999999999,86.44047619047619
13,11,1,6,1,5.43734126984127,85.26547619047619
13,12,1,8,1,5.5714484126984125,85.5
13,13,1,4,1,5.33063492063492,85.23095238095239
13,14,5,8,1,9.453075396825398,86.54166666666667
13,15,3,5,8,8.59781746031746,86.42857142857143
13,16,2,9,1,6.471626984126984,86.02619047619048
13,17,3,7,6,8.240992063492063,86.37261904761905
13,18,2,7,8,7.921666666666667,86.2452380952381
13,19,8,8,9,13.304583333333333,86.84404761904761
13,20,5,9,1,9.543492063492064,86.73571428571428
13,21,1,5,2,5.654027777777777,85.52619047619048
13,22,5,8,1,9.453075396825398,86.54166666666667
13,23,8,5,10,13.515734126984126,86.87261904761905
13,24,2,7,8,7.921666666666667,86.2452380952381
13,25,1,7,6,6.088928571428571,85.59404761904761
13,26,1,7,6,6.088928571428571,85.59404761904761
13,27,3,8,6,8.198829365079366,86.32380952380952
13,28,3,5,8,8.59781746031746,86.42857142857143
13,29,3,8,6,8.198829365079366,86.32380952380952
13,30,1,5,2,5.654027777777777,85.52619047619048
13,31,1,6,1,5.43734126984127,85.26547619047619
13,32,1,8,1,5.5714484126984125,85.5
13,33,1,4,1,5.33063492063492,85.23095238095239
13,34,1,4,6,6.308234126984127,85.60952380952381
13,35,4,8,8,9.317499999999999,86.44047619047619
13,36,8,5,10,13.515734126984126,86.87261904761905
13,37,1,8,1,5.5714484126984125,85.5
13,38,1,3,1,5.234623015873016,85.01785714285714
13,39,2,9,1,6.471626984126984,86.02619047619048
13,40,1,8,1,5.5714484126984125,85.5
13,41,1,8,1,5.5714484126984125,85.5
13,42,8,8,9,13.304583333333333,86.84404761904761
13,43,1,4,6,6.308234126984127,85.60952380952381
13,44,1,3,1,5.234623015873016,85.01785714285714
13,45,1,8,1,5.5714484126984125,85.5
13,46,3,5,8,8.59781746031746,86.42857142857143
13,47,1,8,1,5.5714484126984125,85.5
13,48,5,8,1,9.453075396825398,86.54166666666667
13,49,8,7,10,13.519642857142857,86.9452380952381
14,0,8,7,10,13.519642857142857,86.9452380952381
14,1,1,3,1,5.234623015873016,85.01785714285714
14,2,8,7,10,13.519642857142857,86.9452380952381
14,3,1,3,1,5.234623015873016,85.01785714285714
14,4,5,9,1,9.543492063492064,86.73571428571428
14,5,8,8,9,13.304583333333333,86.84404761904761
14,6,2,9,1,6.471626984126984,86.02619047619048
14,7,1,4,6,6.308234126984127,85.60952380952381
14,8,2,8,7,7.437777777777778,86.18928571428572
14,9,2,8,7,7.437777777777778,86.18928571428572
14,10,4,8,8,9.317499999999999,86.44047619047619
14,11,1,6,1,5.43734126984127,85.26547619047619
14,12,1,8,1,5.5714484126984125,85.5
14,13,1,4,1,5.33063492063492,85.23095238095239
14,14,5,8,1,9.453075396825398,86.54166666666667
14,15,3,5,8,8.59781746031746,86.42857142857143
14,16,2,9,1,6.471626984126984,86.02619047619048
14,17,2,7,8,7.921666666666667,86.2452380952381
14,18,8,8,9,13.304583333333333,86.84404761904761
14,19,3,7,6,8.240992063492063,86.37261904761905
14,20,5,9,1,9.543492063492064,86.73571428571428
14,21,1,5,2,5.654027777777777,85.52619047619048
14,22,5,8,1,9.453075396825398,86.54166666666667
14,23,8,5,10,13.515734126984126,86.87261904761905
14,24,2,7,8,7.921666666666667,86.2452380952381
14,25,1,7,6,6.088928571428571,85.59404761904761
14,26,1,7,6,6.088928571428571,85.59404761904761
14,27,3,8,6,8.198829365079366,86.32380952380952
14,28,3,5,8,8.59781746031746,86.42857142857143
14,29,3,8,6,8.198829365079366,86.32380952380952
14,30,1,5,2,5.654027777777777,85.52619047619048
14,31,3,7,6,8.240992063492063,86.37261904761905
14,32,1,6,1,5.43734126984127,85.26547619047619
14,33,1,8,1,5.5714484126984125,85.5
14,34,1,4,1,5.33063492063492,85.23095238095239
14,35,1,4,6,6.308234126984127,85.60952380952381
14,36,4,8,8,9.317499999999999,86.44047619047619
14,37,8,5,10,13.515734126984126,86.87261904761905
14,38,1,5,2,5.654027777777777,85.52619047619048
14,39,1,8,1,5.5714484126984125,85.5
14,40,1,5,2,5.654027777777777,85.52619047619048
14,41,2,8,7,7.437777777777778,86.18928571428572
14,42,1,4,1,5.33063492063492,85.23095238095239
14,43,1,8,1,5.5714484126984125,85.5
14,44,1,4,6,6.308234126984127,85.60952380952381
14,45,1,4,1,5.33063492063492,85.23095238095239
14,46,3,7,6,8.240992063492063,86.37261904761905
14,47,1,8,1,5.5714484126984125,85.5
14,48,2,8,7,7.437777777777778,86.18928571428572
14,49,1,4,6,6.308234126984127,85.60952380952381
15,0,1,3,1,5.234623015873016,85.01785714285714
15,1,8,7,10,13.519642857142857,86.9452380952381
15,2,1,3,1,5.234623015873016,85.01785714285714
15,3,8,7,10,13.519642857142857,86.9452380952381
15,4,5,9,1,9.543492063492064,86.73571428571428
15,5,8,8,9,13.304583333333333,86.84404761904761
15,6,2,9,1,6.471626984126984,86.02619047619048
15,7,1,4,6,6.308234126984127,85.60952380952381
15,8,2,8,7,7.437777777777778,86.18928571428572
15,9,2,8,7,7.437777777777778,86.18928571428572
15,10,4,8,8,9.317499999999999,86.44047619047619
15,11,1,6,1,5.43734126984127,85.26547619047619
15,12,1,8,1,5.5714484126984125,85.5
15,13,1,4,1,5.33063492063492,85.23095238095239
15,14,5,8,1,9.453075396825398,86.54166666666667
15,15,3,5,8,8.59781746031746,86.42857142857143
15,16,2,9,1,6.471626984126984,86.02619047619048
15,17,2,7,8,7.921666666666667,86.2452380952381
15,18,8,8,9,13.304583333333333,86.84404761904761
15,19,3,7,6,8.240992063492063,86.37261904761905
15,20,5,9,1,9.543492063492064,86.73571428571428
15,21,1,5,2,5.654027777777777,85.52619047619048
15,22,5,8,1,9.453075396825398,86.54166666666667
15,23,8,5,10,13.515734126984126,86.87261904761905
15,24,2,7,8,7.921666666666667,86.2452380952381
15,25,1,7,6,6.088928571428571,85.59404761904761
15,26,1,7,6,6.088928571428571,85.59404761904761
15,27,3,8,6,8.198829365079366,86.32380952380952
15,28,3,5,8,8.59781746031746,86.42857142857143
15,29,3,8,6,8.198829365079366,86.32380952380952
15,30,1,5,2,5.654027777777777,85.52619047619048
15,31,3,7,6,8.240992063492063,86.37261904761905
15,32,1,6,1,5.43734126984127,85.26547619047619
15,33,1,8,1,5.5714484126984125,85.5
15,34,1,4,1,5.33063492063492,85.23095238095239
15,35,1,4,6,6.308234126984127,85.60952380952381
15,36,4,8,8,9.317499999999999,86.44047619047619
15,37,8,5,10,13.515734126984126,86.87261904761905
15,38,1,4,6,6.308234126984127,85.60952380952381
15,39,1,5,2,5.654027777777777,85.52619047619048
15,40,1,5,2,5.654027777777777,85.52619047619048
15,41,2,7,8,7.921666666666667,86.2452380952381
15,42,1,6,1,5.43734126984127,85.26547619047619
15,43,1,7,6,6.088928571428571,85.59404761904761
15,44,1,4,6,6.308234126984127,85.60952380952381
15,45,1,4,6,6.308234126984127,85.60952380952381
15,46,1,4,6,6.308234126984127,85.60952380952381
15,47,1,8,1,5.5714484126984125,85.5
15,48,1,6,1,5.43734126984127,85.26547619047619
15,49,1,4,1,5.33063492063492,85.23095238095239
16,0,8,7,10,13.519642857142857,86.9452380952381
16,1,1,3,1,5.234623015873016,85.01785714285714
16,2,1,3,1,5.234623015873016,85.01785714285714
16,3,8,7,10,13.519642857142857,86.9452380952381
16,4,5,9,1,9.543492063492064,86.73571428571428
16,5,8,8,9,13.304583333333333,86.84404761904761
16,6,2,9,1,6.471626984126984,86.02619047619048
16,7,1,4,6,6.308234126984127,85.60952380952381
16,8,2,8,7,7.437777777777778,86.18928571428572
16,9,2,8,7,7.437777777777778,86.18928571428572
16,10,4,8,8,9.317499999999999,86.44047619047619
16,11,1,6,1,5.43734126984127,85.26547619047619
16,12,1,8,1,5.5714484126984125,85.5
16,13,1,4,1,5.33063492063492,85.23095238095239
16,14,5,8,1,9.453075396825398,86.54166666666667
16,15,3,5,8,8.59781746031746,86.42857142857143
16,16,2,9,1,6.471626984126984,86.02619047619048
16,17,2,7,8,7.921666666666667,86.2452380952381
16,18,8,8,9,13.304583333333333,86.84404761904761
16,19,3,7,6,8.240992063492063,86.37261904761905
16,20,5,9,1,9.543492063492064,86.73571428571428
16,21,1,5,2,5.654027777777777,85.52619047619048
16,22,5,8,1,9.453075396825398,86.54166666666667
16,23,8,5,10,13.515734126984126,86.87261904761905
16,24,2,7,8,7.921666666666667,86.2452380952381
16,25,1,7,6,6.088928571428571,85.59404761904761
16,26,1,7,6,6.088928571428571,85.59404761904761
16,27,3,8,6,8.198829365079366,86.32380952380952
16,28,3,5,8,8.59781746031746,86.42857142857143
16,29,3,8,6,8.198829365079366,86.32380952380952
16,30,1,5,2,5.654027777777777,85.52619047619048
16,31,3,7,6,8.240992063492063,86.37261904761905
16,32,1,6,1,5.43734126984127,85.26547619047619
16,33,1,8,1,5.5714484126984125,85.5
16,34,1,4,1,5.33063492063492,85.23095238095239
16,35,1,4,6,6.308234126984127,85.60952380952381
16,36,4,8,8,9.317499999999999,86.44047619047619
16,37,8,5,10,13.515734126984126,86.87261904761905
16,38,1,5,2,5.654027777777777,85.52619047619048
16,39,1,6,1,5.43734126984127,85.26547619047619
16,40,8,5,10,13.515734126984126,86.87261904761905
16,41,1,4,6,6.308234126984127,85.60952380952381
16,42,1,6,1,5.43734126984127,85.26547619047619
16,43,1,4,6,6.308234126984127,85.60952380952381
16,44,1,4,6,6.308234126984127,85.60952380952381
16,45,8,8,9,13.304583333333333,86.84404761904761
16,46,1,3,1,5.234623015873016,85.01785714285714
16,47,3,7,6,8.240992063492063,86.37261904761905
16,48,1,3,1,5.234623015873016,85.01785714285714
16,49,1,4,6,6.308234126984127,85.60952380952381
17,0,1,3,1,5.234623015873016,85.01785714285714
17,1,1,3,1,5.234623015873016,85.01785714285714
17,2,8,7,10,13.519642857142857,86.9452380952381
17,3,8,7,10,13.519642857142857,86.9452380952381
17,4,5,9,1,9.543492063492064,86.73571428571428
17,5,8,8,9,13.304583333333333,86.84404761904761
17,6,2,9,1,6.471626984126984,86.02619047619048
17,7,1,4,6,6.308234126984127,85.60952380952381
17,8,2,8,7,7.437777777777778,86.18928571428572
17,9,2,8,7,7.437777777777778,86.18928571428572
17,10,4,8,8,9.317499999999999,86.44047619047619
17,11,1,6,1,5.43734126984127,85.26547619047619
17,12,1,8,1,5.5714484126984125,85.5
17,13,1,4,1,5.33063492063492,85.23095238095239
17,14,5,8,1,9.453075396825398,86.54166666666667
17,15,3,5,8,8.59781746031746,86.42857142857143
17,16,2,9,1,6.471626984126984,86.02619047619048
17,17,2,7,8,7.921666666666667,86.2452380952381
17,18,8,8,9,13.304583333333333,86.84404761904761
17,19,3,7,6,8.240992063492063,86.37261904761905
17,20,5,9,1,9.543492063492064,86.73571428571428
17,21,1,5,2,5.654027777777777,85.52619047619048
17,22,5,8,1,9.453075396825398,86.54166666666667
17,23,8,5,10,13.515734126984126,86.87261904761905
17,24,2,7,8,7.921666666666667,86.2452380952381
17,25,1,7,6,6.088928571428571,85.59404761904761
17,26,1,7,6,6.088928571428571,85.59404761904761
17,27,3,8,6,8.198829365079366,86.32380952380952
17,28,3,5,8,8.59781746031746,86.42857142857143
17,29,3,8,6,8.198829365079366,86.32380952380952
17,30,1,5,2,5.654027777777777,85.52619047619048
17,31,3,7,6,8.240992063492063,86.37261904761905
17,32,1,6,1,5.43734126984127,85.26547619047619
17,33,1,8,1,5.5714484126984125,85.5
17,34,1,4,1,5.33063492063492,85.23095238095239
17,35,1,4,6,6.308234126984127,85.60952380952381
17,36,4,8,8,9.317499999999999,86.44047619047619
17,37,8,5,10,13.515734126984126,86.87261904761905
17,38,1,4,6,6.308234126984127,85.60952380952381
17,39,3,7,6,8.240992063492063,86.37261904761905
17,40,1,8,1,5.5714484126984125,85.5
17,41,1,7,6,6.088928571428571,85.59404761904761
17,42,1,5,2,5.654027777777777,85.52619047619048
17,43,1,3,1,5.234623015873016,85.01785714285714
17,44,4,8,8,9.317499999999999,86.44047619047619
17,45,1,8,1,5.5714484126984125,85.5
17,46,1,4,6,6.308234126984127,85.60952380952381
17,47,1,6,1,5.43734126984127,85.26547619047619
17,48,1,4,6,6.308234126984127,85.60952380952381
17,49,1,8,1,5.5714484126984125,85.5
18,0,8,7,10,13.519642857142857,86.9452380952381
18,1,1,3,1,5.234623015873016,85.01785714285714
18,2,1,3,1,5.234623015873016,85.01785714285714
18,3,8,7,10,13.519642857142857,86.9452380952381
18,4,5,9,1,9.543492063492064,86.73571428571428
18,5,8,8,9,13.304583333333333,86.84404761904761
18,6,2,3,1,6.298650793650793,85.78690476190476
18,7,2,9,1,6.471626984126984,86.02619047619048
18,8,1,7,6,6.088928571428571,85.59404761904761
18,9,2,8,7,7.437777777777778,86.18928571428572
18,10,2,8,7,7.437777777777778,86.18928571428572
18,11,4,8,8,9.317499999999999,86.44047619047619
18,12,1,6,1,5.43734126984127,85.26547619047619
18,13,1,8,1,5.5714484126984125,85.5
18,14,1,4,1,5.33063492063492,85.23095238095239
18,15,5,8,1,9.453075396825398,86.54166666666667
18,16,3,5,8,8.59781746031746,86.42857142857143
18,17,2,9,1,6.471626984126984,86.02619047619048
18,18,2,7,8,7.921666666666667,86.2452380952381
18,19,8,8,9,13.304583333333333,86.84404761904761
18,20,3,7,6,8.240992063492063,86.37261904761905
18,21,5,9,1,9.543492063492064,86.73571428571428
18,22,1,5,2,5.654027777777777,85.52619047619048
18,23,5,8,1,9.453075396825398,86.54166666666667
18,24,8,5,10,13.515734126984126,86.87261904761905
18,25,2,7,8,7.921666666666667,86.2452380952381
18,26,1,7,6,6.088928571428571,85.59404761904761
18,27,3,8,6,8.198829365079366,86.32380952380952
18,28,3,5,8,8.59781746031746,86.42857142857143
18,29,3,8,6,8.198829365079366,86.32380952380952
18,30,1,5,2,5.654027777777777,85.52619047619048
18,31,3,7,6,8.240992063492063,86.37261904761905
18,32,1,6,1,5.43734126984127,85.26547619047619
18,33,1,8,1,5.5714484126984125,85.5
18,34,1,4,1,5.33063492063492,85.23095238095239
18,35,4,8,8,9.317499999999999,86.44047619047619
18,36,8,5,10,13.515734126984126,86.87261904761905
18,37,1,5,2,5.654027777777777,85.52619047619048
18,38,5,8,1,9.453075396825398,86.54166666666667
18,39,1,5,2,5.654027777777777,85.52619047619048
18,40,1,7,6,6.088928571428571,85.59404761904761
18,41,1,8,1,5.5714484126984125,85.5
18,42,8,7,10,13.519642857142857,86.9452380952381
18,43,1,6,1,5.43734126984127,85.26547619047619
18,44,3,7,6,8.240992063492063,86.37261904761905
18,45,1,8,1,5.5714484126984125,85.5
18,46,1,4,1,5.33063492063492,85.23095238095239
18,47,1,8,1,5.5714484126984125,85.5
18,48,8,8,9,13.304583333333333,86.84404761904761
18,49,1,8,1,5.5714484126984125,85.5
19,0,8,7,10,13.519642857142857,86.9452380952381
19,1,8,7,10,13.519642857142857,86.9452380952381
19,2,1,3,1,5.234623015873016,85.01785714285714
19,3,1,3,1,5.234623015873016,85.01785714285714
19,4,5,9,1,9.543492063492064,86.73571428571428
19,5,8,8,9,13.304583333333333,86.84404761904761
19,6,2,9,1,6.471626984126984,86.02619047619048
19,7,1,7,6,6.088928571428571,85.59404761904761
19,8,2,3,1,6.298650793650793,85.78690476190476
19,9,2,8,7,7.437777777777778,86.18928571428572
19,10,2,8,7,7.437777777777778,86.18928571428572
19,11,4,8,8,9.317499999999999,86.44047619047619
19,12,1,6,1,5.43734126984127,85.26547619047619
19,13,1,8,1,5.5714484126984125,85.5
19,14,1,4,1,5.33063492063492,85.23095238095239
19,15,2,3,1,6.298650793650793,85.78690476190476
19,16,5,8,1,9.453075396825398,86.54166666666667
19,17,3,5,8,8.59781746031746,86.42857142857143
19,18,2,9,1,6.471626984126984,86.02619047619048
19,19,2,7,8,7.921666666666667,86.2452380952381
19,20,8,8,9,13.304583333333333,86.84404761904761
19,21,3,7,6,8.240992063492063,86.37261904761905
19,22,5,9,1,9.543492063492064,86.73571428571428
19,23,1,5,2,5.654027777777777,85.52619047619048
19,24,5,8,1,9.453075396825398,86.54166666666667
19,25,8,5,10,13.515734126984126,86.87261904761905
19,26,2,7,8,7.921666666666667,86.2452380952381
19,27,1,7,6,6.088928571428571,85.59404761904761
19,28,3,8,6,8.198829365079366,86.32380952380952
19,29,3,5,8,8.59781746031746,86.42857142857143
19,30,3,8,6,8.198829365079366,86.32380952380952
19,31,1,5,2,5.654027777777777,85.52619047619048
19,32,3,7,6,8.240992063492063,86.37261904761905
19,33,1,6,1,5.43734126984127,85.26547619047619
19,34,1,8,1,5.5714484126984125,85.5
19,35,1,4,1,5.33063492063492,85.23095238095239
19,36,4,8,8,9.317499999999999,86.44047619047619
19,37,8,5,10,13.515734126984126,86.87261904761905
19,38,4,8,8,9.317499999999999,86.44047619047619
19,39,1,3,1,5.234623015873016,85.01785714285714
19,40,1,5,2,5.654027777777777,85.52619047619048
19,41,3,7,6,8.240992063492063,86.37261904761905
19,42,1,4,1,5.33063492063492,85.23095238095239
19,43,1,3,1,5.234623015873016,85.01785714285714
19,44,3,5,8,8.59781746031746,86.42857142857143
19,45,1,7,6,6.088928571428571,85.59404761904761
19,46,1,7,6,6.088928571428571,85.59404761904761
19,47,1,8,1,5.5714484126984125,85.5
19,48,2,3,1,6.298650793650793,85.78690476190476
19,49,1,5,2,5.654027777777777,85.52619047619048
20,0,8,7,10,13.519642857142857,86.9452380952381
20,1,1,3,1,5.234623015873016,85.01785714285714
20,2,1,3,1,5.234623015873016,85.01785714285714
20,3,8,7,10,13.519642857142857,86.9452380952381
20,4,5,9,1,9.543492063492064,86.73571428571428
20,5,8,8,9,13.304583333333333,86.84404761904761
20,6,2,9,1,6.471626984126984,86.02619047619048
20,7,1,7,6,6.088928571428571,85.59404761904761
20,8,2,3,1,6.298650793650793,85.78690476190476
20,9,2,8,7,7.437777777777778,86.18928571428572
20,10,2,8,7,7.437777777777778,86.18928571428572
20,11,4,8,8,9.317499999999999,86.44047619047619
20,12,1,6,1,5.43734126984127,85.26547619047619
20,13,1,8,1,5.5714484126984125,85.5
20,14,1,4,1,5.33063492063492,85.23095238095239
20,15,2,3,1,6.298650793650793,85.78690476190476
20,16,5,8,1,9.453075396825398,86.54166666666667
20,17,3,5,8,8.59781746031746,86.42857142857143
20,18,2,9,1,6.471626984126984,86.02619047619048
20,19,2,7,8,7.921666666666667,86.2452380952381
20,20,8,8,9,13.304583333333333,86.84404761904761
20,21,3,7,6,8.240992063492063,86.37261904761905
20,22,5,9,1,9.543492063492064,86.73571428571428
20,23,1,5,2,5.654027777777777,85.52619047619048
20,24,5,8,1,9.453075396825398,86.54166666666667
20,25,8,5,10,13.515734126984126,86.87261904761905
20,26,2,7,8,7.921666666666667,86.2452380952381
20,27,1,7,6,6.088928571428571,85.59404761904761
20,28,3,8,6,8.198829365079366,86.32380952380952
20,29,3,5,8,8.59781746031746,86.42857142857143
20,30,3,8,6,8.198829365079366,86.32380952380952
20,31,1,5,2,5.654027777777777,85.52619047619048
20,32,3,7,6,8.240992063492063,86.37261904761905
20,33,1,6,1,5.43734126984127,85.26547619047619
20,34,1,8,1,5.5714484126984125,85.5
20,35,1,4,1,5.33063492063492,85.23095238095239
20,36,4,8,8,9.317499999999999,86.44047619047619
20,37,8,5,10,13.515734126984126,86.87261904761905
20,38,5,9,1,9.543492063492064,86.73571428571428
20,39,1,4,1,5.33063492063492,85.23095238095239
20,40,1,6,1,5.43734126984127,85.26547619047619
20,41,1,7,6,6.088928571428571,85.59404761904761
20,42,1,6,1,5.43734126984127,85.26547619047619
20,43,1,7,6,6.088928571428571,85.59404761904761
20,44,1,5,2,5.654027777777777,85.52619047619048
20,45,8,5,10,13.515734126984126,86.87261904761905
20,46,1,8,1,5.5714484126984125,85.5
20,47,2,3,1,6.298650793650793,85.78690476190476
20,48,2,8,7,7.437777777777778,86.18928571428572
20,49,8,7,10,13.519642857142857,86.9452380952381
21,0,8,7,10,13.519642857142857,86.9452380952381
21,1,8,7,10,13.519642857142857,86.9452380952381
21,2,1,3,1,5.234623015873016,85.01785714285714
21,3,1,3,1,5.234623015873016,85.01785714285714
21,4,5,9,1,9.543492063492064,86.73571428571428
21,5,8,8,9,13.304583333333333,86.84404761904761
21,6,2,8,2,6.749861111111111,86.11904761904762
21,7,3,8,2,7.827142857142857,86.28690476190476
21,8,2,9,1,6.471626984126984,86.02619047619048
21,9,1,7,6,6.088928571428571,85.59404761904761
21,10,2,3,1,6.298650793650793,85.78690476190476
21,11,4,8,8,9.317499999999999,86.44047619047619
21,12,1,6,1,5.43734126984127,85.26547619047619
21,13,2,8,7,7.437777777777778,86.18928571428572
21,14,1,8,1,5.5714484126984125,85.5
21,15,1,4,1,5.33063492063492,85.23095238095239
21,16,2,3,1,6.298650793650793,85.78690476190476
21,17,5,8,1,9.453075396825398,86.54166666666667
21,18,3,5,8,8.59781746031746,86.42857142857143
21,19,2,8,7,7.437777777777778,86.18928571428572
21,20,8,8,9,13.304583333333333,86.84404761904761
21,21,3,8,6,8.198829365079366,86.32380952380952
21,22,2,9,1,6.471626984126984,86.02619047619048
21,23,3,7,6,8.240992063492063,86.37261904761905
21,24,5,9,1,9.543492063492064,86.73571428571428
21,25,1,5,2,5.654027777777777,85.52619047619048
21,26,5,8,1,9.453075396825398,86.54166666666667
21,27,8,5,10,13.515734126984126,86.87261904761905
21,28,1,7,6,6.088928571428571,85.59404761904761
21,29,3,5,8,8.59781746031746,86.42857142857143
21,30,1,5,2,5.654027777777777,85.52619047619048
21,31,3,7,6,8.240992063492063,86.37261904761905
21,32,1,6,1,5.43734126984127,85.26547619047619
21,33,1,8,1,5.5714484126984125,85.5
21,34,1,4,1,5.33063492063492,85.23095238095239
21,35,3,8,6,8.198829365079366,86.32380952380952
21,36,4,8,8,9.317499999999999,86.44047619047619
21,37,8,5,10,13.515734126984126,86.87261904761905
21,38,8,7,10,13.519642857142857,86.9452380952381
21,39,5,8,1,9.453075396825398,86.54166666666667
21,40,1,8,1,5.5714484126984125,85.5
21,41,8,7,10,13.519642857142857,86.9452380952381
21,42,2,3,1,6.298650793650793,85.78690476190476
21,43,8,5,10,13.515734126984126,86.87261904761905
21,44,8,8,9,13.304583333333333,86.84404761904761
21,45,5,9,1,9.543492063492064,86.73571428571428
21,46,1,7,6,6.088928571428571,85.59404761904761
21,47,2,8,7,7.437777777777778,86.18928571428572
21,48,1,8,1,5.5714484126984125,85.5
21,49,1,5,2,5.654027777777777,85.52619047619048
22,0,8,7,10,13.519642857142857,86.9452380952381
22,1,1,3,1,5.234623015873016,85.01785714285714
22,2,1,3,1,5.234623015873016,85.01785714285714
22,3,8,7,10,13.519642857142857,86.9452380952381
22,4,5,9,1,9.543492063492064,86.73571428571428
22,5,8,8,9,13.304583333333333,86.84404761904761
22,6,2,8,2,6.749861111111111,86.11904761904762
22,7,2,9,1,6.471626984126984,86.02619047619048
22,8,2,3,1,6.298650793650793,85.78690476190476
22,9,4,8,8,9.317499999999999,86.44047619047619
22,10,1,6,1,5.43734126984127,85.26547619047619
22,11,2,8,7,7.437777777777778,86.18928571428572
22,12,1,8,1,5.5714484126984125,85.5
22,13,1,4,1,5.33063492063492,85.23095238095239
22,14,2,3,1,6.298650793650793,85.78690476190476
22,15,5,8,1,9.453075396825398,86.54166666666667
22,16,3,5,8,8.59781746031746,86.42857142857143
22,17,1,7,6,6.088928571428571,85.59404761904761
22,18,3,8,2,7.827142857142857,86.28690476190476
22,19,1,5,4,6.049246031746032,85.57738095238095
22,20,2,8,7,7.437777777777778,86.18928571428572
22,21,8,8,9,13.304583333333333,86.84404761904761
22,22,3,8,6,8.198829365079366,86.32380952380952
22,23,2,9,1,6.471626984126984,86.02619047619048
22,24,3,7,6,8.240992063492063,86.37261904761905
22,25,5,9,1,9.543492063492064,86.73571428571428
22,26,3,8,2,7.827142857142857,86.28690476190476
22,27,5,8,1,9.453075396825398,86.54166666666667
22,28,8,5,10,13.515734126984126,86.87261904761905
22,29,1,5,2,5.654027777777777,85.52619047619048
22,30,3,5,8,8.59781746031746,86.42857142857143
22,31,1,5,2,5.654027777777777,85.52619047619048
22,32,3,7,6,8.240992063492063,86.37261904761905
22,33,1,6,1,5.43734126984127,85.26547619047619
22,34,1,7,6,6.088928571428571,85.59404761904761
22,35,1,8,1,5.5714484126984125,85.5
22,36,1,4,1,5.33063492063492,85.23095238095239
22,37,3,8,6,8.198829365079366,86.32380952380952
22,38,4,8,8,9.317499999999999,86.44047619047619
22,39,8,5,10,13.515734126984126,86.87261904761905
22,40,3,8,2,7.827142857142857,86.28690476190476
22,41,1,8,1,5.5714484126984125,85.5
22,42,2,3,1,6.298650793650793,85.78690476190476
22,43,3,7,6,8.240992063492063,86.37261904761905
22,44,2,8,7,7.437777777777778,86.18928571428572
22,45,5,9,1,9.543492063492064,86.73571428571428
22,46,8,5,10,13.515734126984126,86.87261904761905
22,47,1,7,6,6.088928571428571,85.59404761904761
22,48,8,5,10,13.515734126984126,86.87261904761905
22,49,1,8,1,5.5714484126984125,85.5
23,0,8,7,10,13.519642857142857,86.9452380952381
23,1,1,3,1,5.234623015873016,85.01785714285714
23,2,1,3,1,5.234623015873016,85.01785714285714
23,3,8,7,10,13.519642857142857,86.9452380952381
23,4,5,9,1,9.543492063492064,86.73571428571428
23,5,8,8,9,13.304583333333333,86.84404761904761
23,6,2,9,1,6.471626984126984,86.02619047619048
23,7,2,3,1,6.298650793650793,85.78690476190476
23,8,4,8,8,9.317499999999999,86.44047619047619
23,9,1,6,1,5.43734126984127,85.26547619047619
23,10,2,8,7,7.437777777777778,86.18928571428572
23,11,1,8,1,5.5714484126984125,85.5
23,12,2,8,2,6.749861111111111,86.11904761904762
23,13,1,4,1,5.33063492063492,85.23095238095239
23,14,2,3,1,6.298650793650793,85.78690476190476
23,15,5,8,1,9.453075396825398,86.54166666666667
23,16,3,5,8,8.59781746031746,86.42857142857143
23,17,1,7,6,6.088928571428571,85.59404761904761
23,18,3,8,2,7.827142857142857,86.28690476190476
23,19,2,8,7,7.437777777777778,86.18928571428572
23,20,8,8,9,13.304583333333333,86.84404761904761
23,21,3,8,6,8.198829365079366,86.32380952380952
23,22,2,8,2,6.749861111111111,86.11904761904762
23,23,2,9,1,6.471626984126984,86.02619047619048
23,24,3,7,6,8.240992063492063,86.37261904761905
23,25,5,9,1,9.543492063492064,86.73571428571428
23,26,3,8,2,7.827142857142857,86.28690476190476
23,27,5,8,1,9.453075396825398,86.54166666666667
23,28,8,5,10,13.515734126984126,86.87261904761905
23,29,1,5,2,5.654027777777777,85.52619047619048
23,30,1,5,4,6.049246031746032,85.57738095238095
23,31,3,5,8,8.59781746031746,86.42857142857143
23,32,1,5,2,5.654027777777777,85.52619047619048
23,33,3,7,6,8.240992063492063,86.37261904761905
23,34,1,6,1,5.43734126984127,85.26547619047619
23,35,1,7,6,6.088928571428571,85.59404761904761
23,36,1,5,4,6.049246031746032,85.57738095238095
23,37,1,8,1,5.5714484126984125,85.5
23,38,1,4,1,5.33063492063492,85.23095238095239
23,39,3,8,6,8.198829365079366,86.32380952380952
23,40,4,8,8,9.317499999999999,86.44047619047619
23,41,8,5,10,13.515734126984126,86.87261904761905
23,42,1,6,1,5.43734126984127,85.26547619047619
23,43,8,5,10,13.515734126984126,86.87261904761905
23,44,8,5,10,13.515734126984126,86.87261904761905
23,45,5,9,1,9.543492063492064,86.73571428571428
23,46,2,8,7,7.437777777777778,86.18928571428572
23,47,5,8,1,9.453075396825398,86.54166666666667
23,48,1,8,1,5.5714484126984125,85.5
23,49,2,3,1,6.298650793650793,85.78690476190476
24,0,8,7,10,13.519642857142857,86.9452380952381
24,1,1,3,1,5.234623015873016,85.01785714285714
24,2,1,3,1,5.234623015873016,85.01785714285714
24,3,8,7,10,13.519642857142857,86.9452380952381
24,4,5,9,1,9.543492063492064,86.73571428571428
24,5,8,8,9,13.304583333333333,86.84404761904761
24,6,2,9,1,6.471626984126984,86.02619047619048
24,7,2,3,1,6.298650793650793,85.78690476190476
24,8,4,8,8,9.317499999999999,86.44047619047619
24,9,1,6,1,5.43734126984127,85.26547619047619
24,10,2,8,7,7.437777777777778,86.18928571428572
24,11,1,8,1,5.5714484126984125,85.5
24,12,2,8,2,6.749861111111111,86.11904761904762
24,13,1,4,1,5.33063492063492,85.23095238095239
24,14,2,3,1,6.298650793650793,85.78690476190476
24,15,5,8,1,9.453075396825398,86.54166666666667
24,16,3,5,8,8.59781746031746,86.42857142857143
24,17,1,7,6,6.088928571428571,85.59404761904761
24,18,3,8,2,7.827142857142857,86.28690476190476
24,19,2,8,7,7.437777777777778,86.18928571428572
24,20,8,8,9,13.304583333333333,86.84404761904761
24,21,3,8,6,8.198829365079366,86.32380952380952
24,22,2,8,2,6.749861111111111,86.11904761904762
24,23,2,9,1,6.471626984126984,86.02619047619048
24,24,3,7,6,8.240992063492063,86.37261904761905
24,25,5,9,1,9.543492063492064,86.73571428571428
24,26,3,8,2,7.827142857142857,86.28690476190476
24,27,5,8,1,9.453075396825398,86.54166666666667
24,28,8,5,10,13.515734126984126,86.87261904761905
24,29,1,5,2,5.654027777777777,85.52619047619048
24,30,1,5,4,6.049246031746032,85.57738095238095
24,31,3,5,8,8.59781746031746,86.42857142857143
24,32,1,5,2,5.654027777777777,85.52619047619048
24,33,3,7,6,8.240992063492063,86.37261904761905
24,34,1,6,1,5.43734126984127,85.26547619047619
24,35,1,7,6,6.088928571428571,85.59404761904761
24,36,1,5,4,6.049246031746032,85.57738095238095
24,37,1,8,1,5.5714484126984125,85.5
24,38,1,4,1,5.33063492063492,85.23095238095239
24,39,3,8,6,8.198829365079366,86.32380952380952
24,40,4,8,8,9.317499999999999,86.44047619047619
24,41,8,5,10,13.515734126984126,86.87261904761905
24,42,2,8,2,6.749861111111111,86.11904761904762
24,43,5,8,1,9.453075396825398,86.54166666666667
24,44,5,8,1,9.453075396825398,86.54166666666667
24,45,1,6,1,5.43734126984127,85.26547619047619
24,46,5,9,1,9.543492063492064,86.73571428571428
24,47,2,9,1,6.471626984126984,86.02619047619048
24,48,1,6,1,5.43734126984127,85.26547619047619
24,49,2,8,7,7.437777777777778,86.18928571428572
25,0,8,7,10,13.519642857142857,86.9452380952381
25,1,1,3,1,5.234623015873016,85.01785714285714
25,2,1,3,1,5.234623015873016,85.01785714285714
25,3,8,7,10,13.519642857142857,86.9452380952381
25,4,5,9,1,9.543492063492064,86.73571428571428
25,5,8,8,9,13.304583333333333,86.84404761904761
25,6,2,9,1,6.471626984126984,86.02619047619048
25,7,2,3,1,6.298650793650793,85.78690476190476
25,8,4,8,8,9.317499999999999,86.44047619047619
25,9,1,6,1,5.43734126984127,85.26547619047619
25,10,2,8,7,7.437777777777778,86.18928571428572
25,11,1,8,1,5.5714484126984125,85.5
25,12,2,8,2,6.749861111111111,86.11904761904762
25,13,1,4,1,5.33063492063492,85.23095238095239
25,14,2,3,1,6.298650793650793,85.78690476190476
25,15,5,8,1,9.453075396825398,86.54166666666667
25,16,3,5,8,8.59781746031746,86.42857142857143
25,17,1,7,6,6.088928571428571,85.59404761904761
25,18,3,8,2,7.827142857142857,86.28690476190476
25,19,2,8,7,7.437777777777778,86.18928571428572
25,20,8,8,9,13.304583333333333,86.84404761904761
25,21,3,8,6,8.198829365079366,86.32380952380952
25,22,2,8,2,6.749861111111111,86.11904761904762
25,23,2,9,1,6.471626984126984,86.02619047619048
25,24,3,7,6,8.240992063492063,86.37261904761905
25,25,5,9,1,9.543492063492064,86.73571428571428
25,26,3,8,2,7.827142857142857,86.28690476190476
25,27,5,8,1,9.453075396825398,86.54166666666667
25,28,8,5,10,13.515734126984126,86.87261904761905
25,29,1,5,2,5.654027777777777,85.52619047619048
25,30,1,5,4,6.049246031746032,85.57738095238095
25,31,3,5,8,8.59781746031746,86.42857142857143
25,32,1,5,2,5.654027777777777,85.52619047619048
25,33,3,7,6,8.240992063492063,86.37261904761905
25,34,1,6,1,5.43734126984127,85.26547619047619
25,35,1,7,6,6.088928571428571,85.59404761904761
25,36,1,5,4,6.049246031746032,85.57738095238095
25,37,1,8,1,5.5714484126984125,85.5
25,38,1,4,1,5.33063492063492,85.23095238095239
25,39,3,8,6,8.198829365079366,86.32380952380952
25,40,4,8,8,9.317499999999999,86.44047619047619
25,41,8,5,10,13.515734126984126,86.87261904761905
25,42,2,3,1,6.298650793650793,85.78690476190476
25,43,8,7,10,13.519642857142857,86.9452380952381
25,44,5,9,1,9.543492063492064,86.73571428571428
25,45,5,9,1,9.543492063492064,86.73571428571428
25,46,1,4,1,5.33063492063492,85.23095238095239
25,47,5,8,1,9.453075396825398,86.54166666666667
25,48,2,8,7,7.437777777777778,86.18928571428572
25,49,2,9,1,6.471626984126984,86.02619047619048
26,0,1,3,1,5.234623015873016,85.01785714285714
26,1,1,3,1,5.234623015873016,85.01785714285714
26,2,8,7,10,13.519642857142857,86.9452380952381
26,3,8,7,10,13.519642857142857,86.9452380952381
26,4,5,9,1,9.543492063492064,86.73571428571428
26,5,8,8,9,13.304583333333333,86.84404761904761
26,6,2,9,1,6.471626984126984,86.02619047619048
26,7,2,3,1,6.298650793650793,85.78690476190476
26,8,4,8,8,9.317499999999999,86.44047619047619
26,9,1,6,1,5.43734126984127,85.26547619047619
26,10,2,8,7,7.437777777777778,86.18928571428572
26,11,1,8,1,5.5714484126984125,85.5
26,12,2,8,2,6.749861111111111,86.11904761904762
26,13,1,4,1,5.33063492063492,85.23095238095239
26,14,2,3,1,6.298650793650793,85.78690476190476
26,15,5,8,1,9.453075396825398,86.54166666666667
26,16,3,5,8,8.59781746031746,86.42857142857143
26,17,1,7,6,6.088928571428571,85.59404761904761
26,18,3,8,2,7.827142857142857,86.28690476190476
26,19,2,8,7,7.437777777777778,86.18928571428572
26,20,8,8,9,13.304583333333333,86.84404761904761
26,21,3,8,6,8.198829365079366,86.32380952380952
26,22,2,8,2,6.749861111111111,86.11904761904762
26,23,2,9,1,6.471626984126984,86.02619047619048
26,24,3,7,6,8.240992063492063,86.37261904761905
26,25,5,9,1,9.543492063492064,86.73571428571428
26,26,3,8,2,7.827142857142857,86.28690476190476
26,27,5,8,1,9.453075396825398,86.54166666666667
26,28,8,5,10,13.515734126984126,86.87261904761905
26,29,1,5,2,5.654027777777777,85.52619047619048
26,30,1,5,4,6.049246031746032,85.57738095238095
26,31,3,5,8,8.59781746031746,86.42857142857143
26,32,1,5,2,5.654027777777777,85.52619047619048
26,33,3,7,6,8.240992063492063,86.37261904761905
26,34,1,6,1,5.43734126984127,85.26547619047619
26,35,1,7,6,6.088928571428571,85.59404761904761
26,36,1,5,4,6.049246031746032,85.57738095238095
26,37,1,8,1,5.5714484126984125,85.5
26,38,1,4,1,5.33063492063492,85.23095238095239
26,39,3,8,6,8.198829365079366,86.32380952380952
26,40,4,8,8,9.317499999999999,86.44047619047619
26,41,8,5,10,13.515734126984126,86.87261904761905
26,42,2,3,1,6.298650793650793,85.78690476190476
26,43,1,8,1,5.5714484126984125,85.5
26,44,1,3,1,5.234623015873016,85.01785714285714
26,45,8,8,9,13.304583333333333,86.84404761904761
26,46,1,5,4,6.049246031746032,85.57738095238095
26,47,1,8,1,5.5714484126984125,85.5
26,48,8,8,9,13.304583333333333,86.84404761904761
26,49,2,3,1,6.298650793650793,85.78690476190476
27,0,1,3,1,5.234623015873016,85.01785714285714
27,1,8,7,10,13.519642857142857,86.9452380952381
27,2,8,7,10,13.519642857142857,86.9452380952381
27,3,1,3,1,5.234623015873016,85.01785714285714
27,4,5,9,1,9.543492063492064,86.73571428571428
27,5,8,8,9,13.304583333333333,86.84404761904761
27,6,2,9,1,6.471626984126984,86.02619047619048
27,7,2,3,1,6.298650793650793,85.78690476190476
27,8,4,8,8,9.317499999999999,86.44047619047619
27,9,1,6,1,5.43734126984127,85.26547619047619
27,10,2,8,7,7.437777777777778,86.18928571428572
27,11,2,8,2,6.749861111111111,86.11904761904762
27,12,1,8,1,5.5714484126984125,85.5
27,13,1,4,1,5.33063492063492,85.23095238095239
27,14,2,3,1,6.298650793650793,85.78690476190476
27,15,5,8,1,9.453075396825398,86.54166666666667
27,16,3,5,8,8.59781746031746,86.42857142857143
27,17,1,7,6,6.088928571428571,85.59404761904761
27,18,3,8,2,7.827142857142857,86.28690476190476
27,19,2,8,7,7.437777777777778,86.18928571428572
27,20,8,8,9,13.304583333333333,86.84404761904761
27,21,3,8,6,8.198829365079366,86.32380952380952
27,22,2,8,2,6.749861111111111,86.11904761904762
27,23,2,9,1,6.471626984126984,86.02619047619048
27,24,3,7,6,8.240992063492063,86.37261904761905
27,25,5,9,1,9.543492063492064,86.73571428571428
27,26,3,8,2,7.827142857142857,86.28690476190476
27,27,5,8,1,9.453075396825398,86.54166666666667
27,28,8,5,10,13.515734126984126,86.87261904761905
27,29,1,5,4,6.049246031746032,85.57738095238095
27,30,1,5,2,5.654027777777777,85.52619047619048
27,31,3,5,8,8.59781746031746,86.42857142857143
27,32,3,7,6,8.240992063492063,86.37261904761905
27,33,1,6,1,5.43734126984127,85.26547619047619
27,34,1,7,6,6.088928571428571,85.59404761904761
27,35,1,5,2,5.654027777777777,85.52619047619048
27,36,1,5,4,6.049246031746032,85.57738095238095
27,37,1,4,1,5.33063492063492,85.23095238095239
27,38,3,8,6,8.198829365079366,86.32380952380952
27,39,1,3,2,5.608730158730158,85.51309523809523
27,40,1,8,1,5.5714484126984125,85.5
27,41,4,8,8,9.317499999999999,86.44047619047619
27,42,8,5,10,13.515734126984126,86.87261904761905
27,43,1,8,1,5.5714484126984125,85.5
27,44,3,5,8,8.59781746031746,86.42857142857143
27,45,8,7,10,13.519642857142857,86.9452380952381
27,46,1,3,1,5.234623015873016,85.01785714285714
27,47,1,5,4,6.049246031746032,85.57738095238095
27,48,8,7,10,13.519642857142857,86.9452380952381
27,49,2,9,1,6.471626984126984,86.02619047619048
28,0,8,7,10,13.519642857142857,86.9452380952381
28,1,8,7,10,13.519642857142857,86.9452380952381
28,2,1,3,1,5.234623015873016,85.01785714285714
28,3,1,3,1,5.234623015873016,85.01785714285714
28,4,5,9,1,9.543492063492064,86.73571428571428
28,5,8,8,9,13.304583333333333,86.84404761904761
28,6,2,9,1,6.471626984126984,86.02619047619048
28,7,2,3,1,6.298650793650793,85.78690476190476
28,8,4,8,8,9.317499999999999,86.44047619047619
28,9,1,6,1,5.43734126984127,85.26547619047619
28,10,2,8,7,7.437777777777778,86.18928571428572
28,11,2,8,2,6.749861111111111,86.11904761904762
28,12,1,8,1,5.5714484126984125,85.5
28,13,1,4,1,5.33063492063492,85.23095238095239
28,14,2,3,1,6.298650793650793,85.78690476190476
28,15,5,8,1,9.453075396825398,86.54166666666667
28,16,3,5,8,8.59781746031746,86.42857142857143
28,17,1,7,6,6.088928571428571,85.59404761904761
28,18,3,8,2,7.827142857142857,86.28690476190476
28,19,2,8,7,7.437777777777778,86.18928571428572
28,20,8,8,9,13.304583333333333,86.84404761904761
28,21,3,8,6,8.198829365079366,86.32380952380952
28,22,2,8,2,6.749861111111111,86.11904761904762
28,23,2,9,1,6.471626984126984,86.02619047619048
28,24,3,7,6,8.240992063492063,86.37261904761905
28,25,5,9,1,9.543492063492064,86.73571428571428
28,26,3,8,2,7.827142857142857,86.28690476190476
28,27,5,8,1,9.453075396825398,86.54166666666667
28,28,8,5,10,13.515734126984126,86.87261904761905
28,29,1,5,4,6.049246031746032,85.57738095238095
28,30,1,5,2,5.654027777777777,85.52619047619048
28,31,3,5,8,8.59781746031746,86.42857142857143
28,32,3,7,6,8.240992063492063,86.37261904761905
28,33,1,6,1,5.43734126984127,85.26547619047619
28,34,1,7,6,6.088928571428571,85.59404761904761
28,35,1,5,2,5.654027777777777,85.52619047619048
28,36,1,5,4,6.049246031746032,85.57738095238095
28,37,1,4,1,5.33063492063492,85.23095238095239
28,38,3,8,6,8.198829365079366,86.32380952380952
28,39,1,3,2,5.608730158730158,85.51309523809523
28,40,1,8,1,5.5714484126984125,85.5
28,41,4,8,8,9.317499999999999,86.44047619047619
28,42,8,5,10,13.515734126984126,86.87261904761905
28,43,3,7,6,8.240992063492063,86.37261904761905
28,44,8,7,10,13.519642857142857,86.9452380952381
28,45,3,8,2,7.827142857142857,86.28690476190476
28,46,1,6,1,5.43734126984127,85.26547619047619
28,47,8,7,10,13.519642857142857,86.9452380952381
28,48,2,3,1,6.298650793650793,85.78690476190476
28,49,3,8,6,8.198829365079366,86.32380952380952
29,0,1,3,1,5.234623015873016,85.01785714285714
29,1,1,3,1,5.234623015873016,85.01785714285714
29,2,8,7,10,13.519642857142857,86.9452380952381
29,3,8,7,10,13.519642857142857,86.9452380952381
29,4,5,9,1,9.543492063492064,86.73571428571428
29,5,8,8,9,13.304583333333333,86.84404761904761
29,6,2,9,1,6.471626984126984,86.02619047619048
29,7,2,3,1,6.298650793650793,85.78690476190476
29,8,4,8,8,9.317499999999999,86.44047619047619
29,9,1,6,1,5.43734126984127,85.26547619047619
29,10,2,8,7,7.437777777777778,86.18928571428572
29,11,2,8,2,6.749861111111111,86.11904761904762
29,12,1,8,1,5.5714484126984125,85.5
29,13,1,4,1,5.33063492063492,85.23095238095239
29,14,2,3,1,6.298650793650793,85.78690476190476
29,15,5,8,1,9.453075396825398,86.54166666666667
29,16,3,5,8,8.59781746031746,86.42857142857143
29,17,1,7,6,6.088928571428571,85.59404761904761
29,18,3,8,2,7.827142857142857,86.28690476190476
29,19,2,8,7,7.437777777777778,86.18928571428572
29,20,8,8,9,13.304583333333333,86.84404761904761
29,21,3,8,6,8.198829365079366,86.32380952380952
29,22,2,8,2,6.749861111111111,86.11904761904762
29,23,2,9,1,6.471626984126984,86.02619047619048
29,24,3,7,6,8.240992063492063,86.37261904761905
29,25,5,9,1,9.543492063492064,86.73571428571428
29,26,3,8,2,7.827142857142857,86.28690476190476
29,27,5,8,1,9.453075396825398,86.54166666666667
29,28,8,5,10,13.515734126984126,86.87261904761905
29,29,1,5,4,6.049246031746032,85.57738095238095
29,30,1,5,2,5.654027777777777,85.52619047619048
29,31,3,5,8,8.59781746031746,86.42857142857143
29,32,3,7,6,8.240992063492063,86.37261904761905
29,33,1,6,1,5.43734126984127,85.26547619047619
29,34,1,7,6,6.088928571428571,85.59404761904761
29,35,1,5,2,5.654027777777777,85.52619047619048
29,36,1,5,4,6.049246031746032,85.57738095238095
29,37,1,4,1,5.33063492063492,85.23095238095239
29,38,3,8,6,8.198829365079366,86.32380952380952
29,39,1,8,1,5.5714484126984125,85.5
29,40,4,8,8,9.317499999999999,86.44047619047619
29,41,8,5,10,13.515734126984126,86.87261904761905
29,42,1,3,2,5.608730158730158,85.51309523809523
29,43,1,3,2,5.608730158730158,85.51309523809523
29,44,3,8,6,8.198829365079366,86.32380952380952
29,45,3,7,6,8.240992063492063,86.37261904761905
29,46,1,3,1,5.234623015873016,85.01785714285714
29,47,3,8,2,7.827142857142857,86.28690476190476
29,48,2,9,1,6.471626984126984,86.02619047619048
29,49,1,4,1,5.33063492063492,85.23095238095239
30,0,8,7,10,13.519642857142857,86.9452380952381
30,1,8,7,10,13.519642857142857,86.9452380952381
30,2,1,3,1,5.234623015873016,85.01785714285714
30,3,1,3,1,5.234623015873016,85.01785714285714
30,4,5,9,1,9.543492063492064,86.73571428571428
30,5,8,8,9,13.304583333333333,86.84404761904761
30,6,2,9,1,6.471626984126984,86.02619047619048
30,7,2,3,1,6.298650793650793,85.78690476190476
30,8,4,8,8,9.317499999999999,86.44047619047619
30,9,1,6,1,5.43734126984127,85.26547619047619
30,10,2,8,7,7.437777777777778,86.18928571428572
30,11,2,8,2,6.749861111111111,86.11904761904762
30,12,1,8,1,5.5714484126984125,85.5
30,13,1,4,1,5.33063492063492,85.23095238095239
30,14,2,3,1,6.298650793650793,85.78690476190476
30,15,5,8,1,9.453075396825398,86.54166666666667
30,16,3,5,8,8.59781746031746,86.42857142857143
30,17,1,7,6,6.088928571428571,85.59404761904761
30,18,3,8,2,7.827142857142857,86.28690476190476
30,19,2,8,7,7.437777777777778,86.18928571428572
30,20,8,8,9,13.304583333333333,86.84404761904761
30,21,3,8,6,8.198829365079366,86.32380952380952
30,22,2,8,2,6.749861111111111,86.11904761904762
30,23,2,9,1,6.471626984126984,86.02619047619048
30,24,3,7,6,8.240992063492063,86.37261904761905
30,25,5,9,1,9.543492063492064,86.73571428571428
30,26,3,8,2,7.827142857142857,86.28690476190476
30,27,5,8,1,9.453075396825398,86.54166666666667
30,28,8,5,10,13.515734126984126,86.87261904761905
30,29,1,5,4,6.049246031746032,85.57738095238095
30,30,1,5,2,5.654027777777777,85.52619047619048
30,31,3,5,8,8.59781746031746,86.42857142857143
30,32,3,7,6,8.240992063492063,86.37261904761905
30,33,1,6,1,5.43734126984127,85.26547619047619
30,34,1,7,6,6.088928571428571,85.59404761904761
30,35,1,5,2,5.654027777777777,85.52619047619048
30,36,1,5,4,6.049246031746032,85.57738095238095
30,37,1,4,1,5.33063492063492,85.23095238095239
30,38,3,8,6,8.198829365079366,86.32380952380952
30,39,1,8,1,5.5714484126984125,85.5
30,40,4,8,8,9.317499999999999,86.44047619047619
30,41,8,5,10,13.515734126984126,86.87261904761905
30,42,1,3,2,5.608730158730158,85.51309523809523
30,43,1,3,2,5.608730158730158,85.51309523809523
30,44,2,9,1,6.471626984126984,86.02619047619048
30,45,2,3,1,6.298650793650793,85.78690476190476
30,46,1,4,1,5.33063492063492,85.23095238095239
30,47,8,5,10,13.515734126984126,86.87261904761905
30,48,3,8,6,8.198829365079366,86.32380952380952
30,49,3,7,6,8.240992063492063,86.37261904761905
31,0,8,7,10,13.519642857142857,86.9452380952381
31,1,1,3,1,5.234623015873016,85.01785714285714
31,2,8,7,10,13.519642857142857,86.9452380952381
31,3,1,3,1,5.234623015873016,85.01785714285714
31,4,5,9,1,9.543492063492064,86.73571428571428
31,5,8,8,9,13.304583333333333,86.84404761904761
31,6,2,9,1,6.471626984126984,86.02619047619048
31,7,2,3,1,6.298650793650793,85.78690476190476
31,8,4,8,8,9.317499999999999,86.44047619047619
31,9,1,6,1,5.43734126984127,85.26547619047619
31,10,2,8,7,7.437777777777778,86.18928571428572
31,11,2,8,2,6.749861111111111,86.11904761904762
31,12,1,8,1,5.5714484126984125,85.5
31,13,1,4,1,5.33063492063492,85.23095238095239
31,14,2,3,1,6.298650793650793,85.78690476190476
31,15,5,8,1,9.453075396825398,86.54166666666667
31,16,3,5,8,8.59781746031746,86.42857142857143
31,17,1,7,6,6.088928571428571,85.59404761904761
31,18,3,8,2,7.827142857142857,86.28690476190476
31,19,2,8,7,7.437777777777778,86.18928571428572
31,20,8,8,9,13.304583333333333,86.84404761904761
31,21,3,8,6,8.198829365079366,86.32380952380952
31,22,2,8,2,6.749861111111111,86.11904761904762
31,23,2,9,1,6.471626984126984,86.02619047619048
31,24,3,7,6,8.240992063492063,86.37261904761905
31,25,5,9,1,9.543492063492064,86.73571428571428
31,26,3,8,2,7.827142857142857,86.28690476190476
31,27,5,8,1,9.453075396825398,86.54166666666667
31,28,8,5,10,13.515734126984126,86.87261904761905
31,29,1,5,4,6.049246031746032,85.57738095238095
31,30,1,5,2,5.654027777777777,85.52619047619048
31,31,3,5,8,8.59781746031746,86.42857142857143
31,32,3,7,6,8.240992063492063,86.37261904761905
31,33,1,6,1,5.43734126984127,85.26547619047619
31,34,1,7,6,6.088928571428571,85.59404761904761
31,35,1,5,2,5.654027777777777,85.52619047619048
31,36,1,5,4,6.049246031746032,85.57738095238095
31,37,1,4,1,5.33063492063492,85.23095238095239
31,38,3,8,6,8.198829365079366,86.32380952380952
31,39,1,8,1,5.5714484126984125,85.5
31,40,4,8,8,9.317499999999999,86.44047619047619
31,41,8,5,10,13.515734126984126,86.87261904761905
31,42,1,3,2,5.608730158730158,85.51309523809523
31,43,1,3,2,5.608730158730158,85.51309523809523
31,44,2,8,2,6.749861111111111,86.11904761904762
31,45,3,7,6,8.240992063492063,86.37261904761905
31,46,3,8,6,8.198829365079366,86.32380952380952
31,47,1,6,1,5.43734126984127,85.26547619047619
31,48,1,6,1,5.43734126984127,85.26547619047619
31,49,3,7,6,8.240992063492063,86.37261904761905
32,0,8,7,10,13.519642857142857,86.9452380952381
32,1,8,7,10,13.519642857142857,86.9452380952381
32,2,1,3,1,5.234623015873016,85.01785714285714
32,3,1,3,1,5.234623015873016,85.01785714285714
32,4,5,9,1,9.543492063492064,86.73571428571428
32,5,8,8,9,13.304583333333333,86.84404761904761
32,6,2,9,1,6.471626984126984,86.02619047619048
32,7,2,3,1,6.298650793650793,85.78690476190476
32,8,4,8,8,9.317499999999999,86.44047619047619
32,9,1,6,1,5.43734126984127,85.26547619047619
32,10,2,8,7,7.437777777777778,86.18928571428572
32,11,2,8,2,6.749861111111111,86.11904761904762
32,12,1,8,1,5.5714484126984125,85.5
32,13,1,4,1,5.33063492063492,85.23095238095239
32,14,2,3,1,6.298650793650793,85.78690476190476
32,15,5,8,1,9.453075396825398,86.54166666666667
32,16,3,5,8,8.59781746031746,86.42857142857143
32,17,1,7,6,6.088928571428571,85.59404761904761
32,18,3,8,2,7.827142857142857,86.28690476190476
32,19,2,8,7,7.437777777777778,86.18928571428572
32,20,8,8,9,13.304583333333333,86.84404761904761
32,21,3,8,6,8.198829365079366,86.32380952380952
32,22,2,8,2,6.749861111111111,86.11904761904762
32,23,2,9,1,6.471626984126984,86.02619047619048
32,24,3,7,6,8.240992063492063,86.37261904761905
32,25,5,9,1,9.543492063492064,86.73571428571428
32,26,3,8,2,7.827142857142857,86.28690476190476
32,27,5,8,1,9.453075396825398,86.54166666666667
32,28,8,5,10,13.515734126984126,86.87261904761905
32,29,1,5,4,6.049246031746032,85.57738095238095
32,30,1,5,2,5.654027777777777,85.52619047619048
32,31,3,5,8,8.59781746031746,86.42857142857143
32,32,3,7,6,8.240992063492063,86.37261904761905
32,33,1,6,1,5.43734126984127,85.26547619047619
32,34,1,7,6,6.088928571428571,85.59404761904761
32,35,1,5,2,5.654027777777777,85.52619047619048
32,36,1,5,4,6.049246031746032,85.57738095238095
32,37,1,4,1,5.33063492063492,85.23095238095239
32,38,3,8,6,8.198829365079366,86.32380952380952
32,39,1,8,1,5.5714484126984125,85.5
32,40,4,8,8,9.317499999999999,86.44047619047619
32,41,8,5,10,13.515734126984126,86.87261904761905
32,42,1,3,2,5.608730158730158,85.51309523809523
32,43,1,3,2,5.608730158730158,85.51309523809523
32,44,2,8,2,6.749861111111111,86.11904761904762
32,45,1,6,1,5.43734126984127,85.26547619047619
32,46,2,3,1,6.298650793650793,85.78690476190476
32,47,3,8,6,8.198829365079366,86.32380952380952
32,48,1,8,1,5.5714484126984125,85.5
32,49,5,9,1,9.543492063492064,86.73571428571428
33,0,8,7,10,13.519642857142857,86.9452380952381
33,1,1,3,1,5.234623015873016,85.01785714285714
33,2,1,3,1,5.234623015873016,85.01785714285714
33,3,8,7,10,13.519642857142857,86.9452380952381
33,4,5,9,1,9.543492063492064,86.73571428571428
33,5,8,8,9,13.304583333333333,86.84404761904761
33,6,2,9,1,6.471626984126984,86.02619047619048
33,7,2,3,1,6.298650793650793,85.78690476190476
33,8,4,8,8,9.317499999999999,86.44047619047619
33,9,1,6,1,5.43734126984127,85.26547619047619
33,10,2,8,7,7.437777777777778,86.18928571428572
33,11,2,8,2,6.749861111111111,86.11904761904762
33,12,1,8,1,5.5714484126984125,85.5
33,13,1,4,1,5.33063492063492,85.23095238095239
33,14,2,3,1,6.298650793650793,85.78690476190476
33,15,5,8,1,9.453075396825398,86.54166666666667
33,16,3,5,8,8.59781746031746,86.42857142857143
33,17,1,7,6,6.088928571428571,85.59404761904761
33,18,3,8,2,7.827142857142857,86.28690476190476
33,19,2,8,7,7.437777777777778,86.18928571428572
33,20,8,8,9,13.304583333333333,86.84404761904761
33,21,3,8,6,8.198829365079366,86.32380952380952
33,22,2,8,2,6.749861111111111,86.11904761904762
33,23,2,9,1,6.471626984126984,86.02619047619048
33,24,3,7,6,8.240992063492063,86.37261904761905
33,25,5,9,1,9.543492063492064,86.73571428571428
33,26,3,8,2,7.827142857142857,86.28690476190476
33,27,5,8,1,9.453075396825398,86.54166666666667
33,28,8,5,10,13.515734126984126,86.87261904761905
33,29,1,5,4,6.049246031746032,85.57738095238095
33,30,1,5,2,5.654027777777777,85.52619047619048
33,31,3,5,8,8.59781746031746,86.42857142857143
33,32,3,7,6,8.240992063492063,86.37261904761905
33,33,1,6,1,5.43734126984127,85.26547619047619
33,34,1,7,6,6.088928571428571,85.59404761904761
33,35,1,5,2,5.654027777777777,85.52619047619048
33,36,1,5,4,6.049246031746032,85.57738095238095
33,37,1,4,1,5.33063492063492,85.23095238095239
33,38,3,8,6,8.198829365079366,86.32380952380952
33,39,1,8,1,5.5714484126984125,85.5
33,40,4,8,8,9.317499999999999,86.44047619047619
33,41,8,5,10,13.515734126984126,86.87261904761905
33,42,1,3,2,5.608730158730158,85.51309523809523
33,43,1,3,2,5.608730158730158,85.51309523809523
33,44,5,9,1,9.543492063492064,86.73571428571428
33,45,2,3,1,6.298650793650793,85.78690476190476
33,46,3,5,8,8.59781746031746,86.42857142857143
33,47,1,4,1,5.33063492063492,85.23095238095239
33,48,2,3,1,6.298650793650793,85.78690476190476
33,49,5,9,1,9.543492063492064,86.73571428571428
34,0,8,7,10,13.519642857142857,86.9452380952381
34,1,1,3,1,5.234623015873016,85.01785714285714
34,2,1,3,1,5.234623015873016,85.01785714285714
34,3,8,7,10,13.519642857142857,86.9452380952381
34,4,5,9,1,9.543492063492064,86.73571428571428
34,5,8,8,9,13.304583333333333,86.84404761904761
34,6,2,9,1,6.471626984126984,86.02619047619048
34,7,2,3,1,6.298650793650793,85.78690476190476
34,8,4,8,8,9.317499999999999,86.44047619047619
34,9,1,6,1,5.43734126984127,85.26547619047619
34,10,2,8,7,7.437777777777778,86.18928571428572
34,11,2,8,2,6.749861111111111,86.11904761904762
34,12,1,8,1,5.5714484126984125,85.5
34,13,1,4,1,5.33063492063492,85.23095238095239
34,14,2,3,1,6.298650793650793,85.78690476190476
34,15,5,8,1,9.453075396825398,86.54166666666667
34,16,3,5,8,8.59781746031746,86.42857142857143
34,17,1,7,6,6.088928571428571,85.59404761904761
34,18,3,8,2,7.827142857142857,86.28690476190476
34,19,2,8,7,7.437777777777778,86.18928571428572
34,20,8,8,9,13.304583333333333,86.84404761904761
34,21,3,8,6,8.198829365079366,86.32380952380952
34,22,2,8,2,6.749861111111111,86.11904761904762
34,23,2,9,1,6.471626984126984,86.02619047619048
34,24,3,7,6,8.240992063492063,86.37261904761905
34,25,5,9,1,9.543492063492064,86.73571428571428
34,26,3,8,2,7.827142857142857,86.28690476190476
34,27,5,8,1,9.453075396825398,86.54166666666667
34,28,8,5,10,13.515734126984126,86.87261904761905
34,29,1,5,4,6.049246031746032,85.57738095238095
34,30,1,5,2,5.654027777777777,85.52619047619048
34,31,3,5,8,8.59781746031746,86.42857142857143
34,32,3,7,6,8.240992063492063,86.37261904761905
34,33,1,6,1,5.43734126984127,85.26547619047619
34,34,1,7,6,6.088928571428571,85.59404761904761
34,35,1,5,2,5.654027777777777,85.52619047619048
34,36,1,5,4,6.049246031746032,85.57738095238095
34,37,1,4,1,5.33063492063492,85.23095238095239
34,38,3,8,6,8.198829365079366,86.32380952380952
34,39,1,8,1,5.5714484126984125,85.5
34,40,4,8,8,9.317499999999999,86.44047619047619
34,41,8,5,10,13.515734126984126,86.87261904761905
34,42,1,3,2,5.608730158730158,85.51309523809523
34,43,1,3,2,5.608730158730158,85.51309523809523
34,44,1,4,1,5.33063492063492,85.23095238095239
34,45,2,9,1,6.471626984126984,86.02619047619048
34,46,5,9,1,9.543492063492064,86.73571428571428
34,47,3,8,2,7.827142857142857,86.28690476190476
34,48,2,3,1,6.298650793650793,85.78690476190476
34,49,5,9,1,9.543492063492064,86.73571428571428
35,0,8,7,10,13.519642857142857,86.9452380952381
35,1,1,3,1,5.234623015873016,85.01785714285714
35,2,8,7,10,13.519642857142857,86.9452380952381
35,3,1,3,1,5.234623015873016,85.01785714285714
35,4,5,9,1,9.543492063492064,86.73571428571428
35,5,8,8,9,13.304583333333333,86.84404761904761
35,6,2,9,1,6.471626984126984,86.02619047619048
35,7,2,3,1,6.298650793650793,85.78690476190476
35,8,4,8,8,9.317499999999999,86.44047619047619
35,9,1,6,1,5.43734126984127,85.26547619047619
35,10,2,8,7,7.437777777777778,86.18928571428572
35,11,2,8,2,6.749861111111111,86.11904761904762
35,12,1,8,1,5.5714484126984125,85.5
35,13,1,4,1,5.33063492063492,85.23095238095239
35,14,2,3,1,6.298650793650793,85.78690476190476
35,15,5,8,1,9.453075396825398,86.54166666666667
35,16,3,5,8,8.59781746031746,86.42857142857143
35,17,1,7,6,6.088928571428571,85.59404761904761
35,18,3,8,2,7.827142857142857,86.28690476190476
35,19,2,8,7,7.437777777777778,86.18928571428572
35,20,8,8,9,13.304583333333333,86.84404761904761
35,21,3,8,6,8.198829365079366,86.32380952380952
35,22,2,8,2,6.749861111111111,86.11904761904762
35,23,2,9,1,6.471626984126984,86.02619047619048
35,24,3,7,6,8.240992063492063,86.37261904761905
35,25,5,9,1,9.543492063492064,86.73571428571428
35,26,3,8,2,7.827142857142857,86.28690476190476
35,27,5,8,1,9.453075396825398,86.54166666666667
35,28,8,5,10,13.515734126984126,86.87261904761905
35,29,1,5,4,6.049246031746032,85.57738095238095
35,30,1,5,2,5.654027777777777,85.52619047619048
35,31,3,5,8,8.59781746031746,86.42857142857143
35,32,3,7,6,8.240992063492063,86.37261904761905
35,33,1,6,1,5.43734126984127,85.26547619047619
35,34,1,7,6,6.088928571428571,85.59404761904761
35,35,1,5,2,5.654027777777777,85.52619047619048
35,36,1,5,4,6.049246031746032,85.57738095238095
35,37,1,4,1,5.33063492063492,85.23095238095239
35,38,3,8,6,8.198829365079366,86.32380952380952
35,39,1,8,1,5.5714484126984125,85.5
35,40,4,8,8,9.317499999999999,86.44047619047619
35,41,8,5,10,13.515734126984126,86.87261904761905
35,42,1,3,2,5.608730158730158,85.51309523809523
35,43,1,3,2,5.608730158730158,85.51309523809523
35,44,1,6,1,5.43734126984127,85.26547619047619
35,45,2,9,1,6.471626984126984,86.02619047619048
35,46,2,8,2,6.749861111111111,86.11904761904762
35,47,2,8,7,7.437777777777778,86.18928571428572
35,48,1,4,1,5.33063492063492,85.23095238095239
35,49,3,8,2,7.827142857142857,86.28690476190476
36,0,1,3,1,5.234623015873016,85.01785714285714
36,1,8,7,10,13.519642857142857,86.9452380952381
36,2,1,3,1,5.234623015873016,85.01785714285714
36,3,8,7,10,13.519642857142857,86.9452380952381
36,4,5,9,1,9.543492063492064,86.73571428571428
36,5,8,8,9,13.304583333333333,86.84404761904761
36,6,2,9,1,6.471626984126984,86.02619047619048
36,7,2,3,1,6.298650793650793,85.78690476190476
36,8,4,8,8,9.317499999999999,86.44047619047619
36,9,1,6,1,5.43734126984127,85.26547619047619
36,10,2,8,7,7.437777777777778,86.18928571428572
36,11,2,8,2,6.749861111111111,86.11904761904762
36,12,1,8,1,5.5714484126984125,85.5
36,13,1,4,1,5.33063492063492,85.23095238095239
36,14,2,3,1,6.298650793650793,85.78690476190476
36,15,5,8,1,9.453075396825398,86.54166666666667
36,16,3,5,8,8.59781746031746,86.42857142857143
36,17,1,7,6,6.088928571428571,85.59404761904761
36,18,3,8,2,7.827142857142857,86.28690476190476
36,19,2,8,7,7.437777777777778,86.18928571428572
36,20,8,8,9,13.304583333333333,86.84404761904761
36,21,3,8,6,8.198829365079366,86.32380952380952
36,22,2,8,2,6.749861111111111,86.11904761904762
36,23,2,9,1,6.471626984126984,86.02619047619048
36,24,3,7,6,8.240992063492063,86.37261904761905
36,25,5,9,1,9.543492063492064,86.73571428571428
36,26,3,8,2,7.827142857142857,86.28690476190476
36,27,5,8,1,9.453075396825398,86.54166666666667
36,28,8,5,10,13.515734126984126,86.87261904761905
36,29,1,5,4,6.049246031746032,85.57738095238095
36,30,1,5,2,5.654027777777777,85.52619047619048
36,31,3,5,8,8.59781746031746,86.42857142857143
36,32,3,7,6,8.240992063492063,86.37261904761905
36,33,1,6,1,5.43734126984127,85.26547619047619
36,34,1,7,6,6.088928571428571,85.59404761904761
36,35,1,5,2,5.654027777777777,85.52619047619048
36,36,1,5,4,6.049246031746032,85.57738095238095
36,37,1,4,1,5.33063492063492,85.23095238095239
36,38,3,8,6,8.198829365079366,86.32380952380952
36,39,1,8,1,5.5714484126984125,85.5
36,40,4,8,8,9.317499999999999,86.44047619047619
36,41,8,5,10,13.515734126984126,86.87261904761905
36,42,1,3,2,5.608730158730158,85.51309523809523
36,43,1,3,2,5.608730158730158,85.51309523809523
36,44,3,8,2,7.827142857142857,86.28690476190476
36,45,1,4,1,5.33063492063492,85.23095238095239
36,46,1,6,1,5.43734126984127,85.26547619047619
36,47,3,5,8,8.59781746031746,86.42857142857143
36,48,2,9,1,6.471626984126984,86.02619047619048
36,49,8,7,10,13.519642857142857,86.9452380952381
37,0,8,7,10,13.519642857142857,86.9452380952381
37,1,1,3,1,5.234623015873016,85.01785714285714
37,2,8,7,10,13.519642857142857,86.9452380952381
37,3,1,3,1,5.234623015873016,85.01785714285714
37,4,5,9,1,9.543492063492064,86.73571428571428
37,5,8,8,9,13.304583333333333,86.84404761904761
37,6,2,9,1,6.471626984126984,86.02619047619048
37,7,2,3,1,6.298650793650793,85.78690476190476
37,8,4,8,8,9.317499999999999,86.44047619047619
37,9,1,6,1,5.43734126984127,85.26547619047619
37,10,2,8,7,7.437777777777778,86.18928571428572
37,11,2,8,2,6.749861111111111,86.11904761904762
37,12,1,8,1,5.5714484126984125,85.5
37,13,1,4,1,5.33063492063492,85.23095238095239
37,14,2,3,1,6.298650793650793,85.78690476190476
37,15,5,8,1,9.453075396825398,86.54166666666667
37,16,3,5,8,8.59781746031746,86.42857142857143
37,17,1,7,6,6.088928571428571,85.59404761904761
37,18,3,8,2,7.827142857142857,86.28690476190476
37,19,2,8,7,7.437777777777778,86.18928571428572
37,20,8,8,9,13.304583333333333,86.84404761904761
37,21,3,8,6,8.198829365079366,86.32380952380952
37,22,2,8,2,6.749861111111111,86.11904761904762
37,23,2,9,1,6.471626984126984,86.02619047619048
37,24,3,7,6,8.240992063492063,86.37261904761905
37,25,5,9,1,9.543492063492064,86.73571428571428
37,26,3,8,2,7.827142857142857,86.28690476190476
37,27,5,8,1,9.453075396825398,86.54166666666667
37,28,8,5,10,13.515734126984126,86.87261904761905
37,29,1,5,4,6.049246031746032,85.57738095238095
37,30,1,5,2,5.654027777777777,85.52619047619048
37,31,3,5,8,8.59781746031746,86.42857142857143
37,32,3,7,6,8.240992063492063,86.37261904761905
37,33,1,6,1,5.43734126984127,85.26547619047619
37,34,1,7,6,6.088928571428571,85.59404761904761
37,35,1,5,2,5.654027777777777,85.52619047619048
37,36,1,5,4,6.049246031746032,85.57738095238095
37,37,1,4,1,5.33063492063492,85.23095238095239
37,38,3,8,6,8.198829365079366,86.32380952380952
37,39,1,8,1,5.5714484126984125,85.5
37,40,4,8,8,9.317499999999999,86.44047619047619
37,41,8,5,10,13.515734126984126,86.87261904761905
37,42,1,3,2,5.608730158730158,85.51309523809523
37,43,1,3,2,5.608730158730158,85.51309523809523
37,44,2,8,2,6.749861111111111,86.11904761904762
37,45,2,3,1,6.298650793650793,85.78690476190476
37,46,8,8,9,13.304583333333333,86.84404761904761
37,47,2,9,1,6.471626984126984,86.02619047619048
37,48,5,8,1,9.453075396825398,86.54166666666667
37,49,5,9,1,9.543492063492064,86.73571428571428
38,0,1,3,1,5.234623015873016,85.01785714285714
38,1,8,7,10,13.519642857142857,86.9452380952381
38,2,1,3,1,5.234623015873016,85.01785714285714
38,3,8,7,10,13.519642857142857,86.9452380952381
38,4,5,9,1,9.543492063492064,86.73571428571428
38,5,8,8,9,13.304583333333333,86.84404761904761
38,6,2,9,1,6.471626984126984,86.02619047619048
38,7,2,3,1,6.298650793650793,85.78690476190476
38,8,4,8,8,9.317499999999999,86.44047619047619
38,9,1,6,1,5.43734126984127,85.26547619047619
38,10,2,8,7,7.437777777777778,86.18928571428572
38,11,2,8,2,6.749861111111111,86.11904761904762
38,12,1,8,1,5.5714484126984125,85.5
38,13,1,4,1,5.33063492063492,85.23095238095239
38,14,2,3,1,6.298650793650793,85.78690476190476
38,15,5,8,1,9.453075396825398,86.54166666666667
38,16,3,5,8,8.59781746031746,86.42857142857143
38,17,1,7,6,6.088928571428571,85.59404761904761
38,18,3,8,2,7.827142857142857,86.28690476190476
38,19,2,8,7,7.437777777777778,86.18928571428572
38,20,8,8,9,13.304583333333333,86.84404761904761
38,21,3,8,6,8.198829365079366,86.32380952380952
38,22,2,8,2,6.749861111111111,86.11904761904762
38,23,2,9,1,6.471626984126984,86.02619047619048
38,24,3,7,6,8.240992063492063,86.37261904761905
38,25,5,9,1,9.543492063492064,86.73571428571428
38,26,3,8,2,7.827142857142857,86.28690476190476
38,27,5,8,1,9.453075396825398,86.54166666666667
38,28,8,5,10,13.515734126984126,86.87261904761905
38,29,1,5,4,6.049246031746032,85.57738095238095
38,30,1,5,2,5.654027777777777,85.52619047619048
38,31,3,5,8,8.59781746031746,86.42857142857143
38,32,3,7,6,8.240992063492063,86.37261904761905
38,33,1,6,1,5.43734126984127,85.26547619047619
38,34,1,7,6,6.088928571428571,85.59404761904761
38,35,1,5,2,5.654027777777777,85.52619047619048
38,36,1,5,4,6.049246031746032,85.57738095238095
38,37,1,4,1,5.33063492063492,85.23095238095239
38,38,3,8,6,8.198829365079366,86.32380952380952
38,39,1,8,1,5.5714484126984125,85.5
38,40,4,8,8,9.317499999999999,86.44047619047619
38,41,8,5,10,13.515734126984126,86.87261904761905
38,42,1,3,2,5.608730158730158,85.51309523809523
38,43,1,3,2,5.608730158730158,85.51309523809523
38,44,2,9,1,6.471626984126984,86.02619047619048
38,45,2,8,2,6.749861111111111,86.11904761904762
38,46,5,9,1,9.543492063492064,86.73571428571428
38,47,1,8,1,5.5714484126984125,85.5
38,48,2,3,1,6.298650793650793,85.78690476190476
38,49,5,8,1,9.453075396825398,86.54166666666667
39,0,8,7,10,13.519642857142857,86.9452380952381
39,1,1,3,1,5.234623015873016,85.01785714285714
39,2,1,3,1,5.234623015873016,85.01785714285714
39,3,8,7,10,13.519642857142857,86.9452380952381
39,4,5,9,1,9.543492063492064,86.73571428571428
39,5,8,8,9,13.304583333333333,86.84404761904761
39,6,2,9,1,6.471626984126984,86.02619047619048
39,7,2,3,1,6.298650793650793,85.78690476190476
39,8,4,8,8,9.317499999999999,86.44047619047619
39,9,1,6,1,5.43734126984127,85.26547619047619
39,10,2,8,7,7.437777777777778,86.18928571428572
39,11,2,8,2,6.749861111111111,86.11904761904762
39,12,1,8,1,5.5714484126984125,85.5
39,13,1,4,1,5.33063492063492,85.23095238095239
39,14,2,3,1,6.298650793650793,85.78690476190476
39,15,5,8,1,9.453075396825398,86.54166666666667
39,16,3,5,8,8.59781746031746,86.42857142857143
39,17,1,7,6,6.088928571428571,85.59404761904761
39,18,3,8,2,7.827142857142857,86.28690476190476
39,19,2,8,7,7.437777777777778,86.18928571428572
39,20,8,8,9,13.304583333333333,86.84404761904761
39,21,3,8,6,8.198829365079366,86.32380952380952
39,22,2,8,2,6.749861111111111,86.11904761904762
39,23,2,9,1,6.471626984126984,86.02619047619048
39,24,3,7,6,8.240992063492063,86.37261904761905
39,25,5,9,1,9.543492063492064,86.73571428571428
39,26,3,8,2,7.827142857142857,86.28690476190476
39,27,5,8,1,9.453075396825398,86.54166666666667
39,28,8,5,10,13.515734126984126,86.87261904761905
39,29,1,5,4,6.049246031746032,85.57738095238095
39,30,1,5,2,5.654027777777777,85.52619047619048
39,31,3,5,8,8.59781746031746,86.42857142857143
39,32,3,7,6,8.240992063492063,86.37261904761905
39,33,1,6,1,5.43734126984127,85.26547619047619
39,34,1,7,6,6.088928571428571,85.59404761904761
39,35,1,5,2,5.654027777777777,85.52619047619048
39,36,1,5,4,6.049246031746032,85.57738095238095
39,37,1,4,1,5.33063492063492,85.23095238095239
39,38,3,8,6,8.198829365079366,86.32380952380952
39,39,1,8,1,5.5714484126984125,85.5
39,40,4,8,8,9.317499999999999,86.44047619047619
39,41,8,5,10,13.515734126984126,86.87261904761905
39,42,1,3,2,5.608730158730158,85.51309523809523
39,43,1,3,2,5.608730158730158,85.51309523809523
39,44,2,8,2,6.749861111111111,86.11904761904762
39,45,2,3,1,6.298650793650793,85.78690476190476
39,46,3,8,2,7.827142857142857,86.28690476190476
39,47,2,3,1,6.298650793650793,85.78690476190476
39,48,1,3,1,5.234623015873016,85.01785714285714
39,49,3,8,6,8.198829365079366,86.32380952380952
40,0,8,7,10,13.519642857142857,86.9452380952381
40,1,8,7,10,13.519642857142857,86.9452380952381
40,2,1,3,1,5.234623015873016,85.01785714285714
40,3,1,3,1,5.234623015873016,85.01785714285714
40,4,5,9,1,9.543492063492064,86.73571428571428
40,5,8,8,9,13.304583333333333,86.84404761904761
40,6,2,9,1,6.471626984126984,86.02619047619048
40,7,2,3,1,6.298650793650793,85.78690476190476
40,8,4,8,8,9.317499999999999,86.44047619047619
40,9,1,6,1,5.43734126984127,85.26547619047619
40,10,2,8,7,7.437777777777778,86.18928571428572
40,11,2,8,2,6.749861111111111,86.11904761904762
40,12,1,8,1,5.5714484126984125,85.5
40,13,1,4,1,5.33063492063492,85.23095238095239
40,14,2,3,1,6.298650793650793,85.78690476190476
40,15,5,8,1,9.453075396825398,86.54166666666667
40,16,3,5,8,8.59781746031746,86.42857142857143
40,17,1,7,6,6.088928571428571,85.59404761904761
40,18,3,8,2,7.827142857142857,86.28690476190476
40,19,2,8,7,7.437777777777778,86.18928571428572
40,20,8,8,9,13.304583333333333,86.84404761904761
40,21,3,8,6,8.198829365079366,86.32380952380952
40,22,2,8,2,6.749861111111111,86.11904761904762
40,23,2,9,1,6.471626984126984,86.02619047619048
40,24,3,7,6,8.240992063492063,86.37261904761905
40,25,5,9,1,9.543492063492064,86.73571428571428
40,26,3,8,2,7.827142857142857,86.28690476190476
40,27,5,8,1,9.453075396825398,86.54166666666667
40,28,8,5,10,13.515734126984126,86.87261904761905
40,29,1,5,4,6.049246031746032,85.57738095238095
40,30,1,5,2,5.654027777777777,85.52619047619048
40,31,3,5,8,8.59781746031746,86.42857142857143
40,32,3,7,6,8.240992063492063,86.37261904761905
40,33,1,6,1,5.43734126984127,85.26547619047619
40,34,1,7,6,6.088928571428571,85.59404761904761
40,35,1,5,2,5.654027777777777,85.52619047619048
40,36,1,5,4,6.049246031746032,85.57738095238095
40,37,1,4,1,5.33063492063492,85.23095238095239
40,38,3,8,6,8.198829365079366,86.32380952380952
40,39,1,8,1,5.5714484126984125,85.5
40,40,4,8,8,9.317499999999999,86.44047619047619
40,41,8,5,10,13.515734126984126,86.87261904761905
40,42,1,3,2,5.608730158730158,85.51309523809523
40,43,1,3,2,5.608730158730158,85.51309523809523
40,44,8,7,10,13.519642857142857,86.9452380952381
40,45,2,8,7,7.437777777777778,86.18928571428572
40,46,1,8,1,5.5714484126984125,85.5
40,47,3,8,2,7.827142857142857,86.28690476190476
40,48,3,8,2,7.827142857142857,86.28690476190476
40,49,5,8,1,9.453075396825398,86.54166666666667
41,0,8,7,10,13.519642857142857,86.9452380952381
41,1,1,3,1,5.234623015873016,85.01785714285714
41,2,8,7,10,13.519642857142857,86.9452380952381
41,3,1,3,1,5.234623015873016,85.01785714285714
41,4,5,9,1,9.543492063492064,86.73571428571428
41,5,8,8,9,13.304583333333333,86.84404761904761
41,6,2,9,1,6.471626984126984,86.02619047619048
41,7,2,3,1,6.298650793650793,85.78690476190476
41,8,4,8,8,9.317499999999999,86.44047619047619
41,9,1,6,1,5.43734126984127,85.26547619047619
41,10,2,8,7,7.437777777777778,86.18928571428572
41,11,2,8,2,6.749861111111111,86.11904761904762
41,12,1,8,1,5.5714484126984125,85.5
41,13,1,4,1,5.33063492063492,85.23095238095239
41,14,2,3,1,6.298650793650793,85.78690476190476
41,15,5,8,1,9.453075396825398,86.54166666666667
41,16,3,5,8,8.59781746031746,86.42857142857143
41,17,1,7,6,6.088928571428571,85.59404761904761
41,18,3,8,2,7.827142857142857,86.28690476190476
41,19,2,8,7,7.437777777777778,86.18928571428572
41,20,8,8,9,13.304583333333333,86.84404761904761
41,21,3,8,6,8.198829365079366,86.32380952380952
41,22,2,8,2,6.749861111111111,86.11904761904762
41,23,2,9,1,6.471626984126984,86.02619047619048
41,24,3,7,6,8.240992063492063,86.37261904761905
41,25,5,9,1,9.543492063492064,86.73571428571428
41,26,3,8,2,7.827142857142857,86.28690476190476
41,27,5,8,1,9.453075396825398,86.54166666666667
41,28,8,5,10,13.515734126984126,86.87261904761905
41,29,1,5,4,6.049246031746032,85.57738095238095
41,30,1,5,2,5.654027777777777,85.52619047619048
41,31,3,5,8,8.59781746031746,86.42857142857143
41,32,3,7,6,8.240992063492063,86.37261904761905
41,33,1,6,1,5.43734126984127,85.26547619047619
41,34,1,7,6,6.088928571428571,85.59404761904761
41,35,1,5,2,5.654027777777777,85.52619047619048
41,36,1,5,4,6.049246031746032,85.57738095238095
41,37,1,4,1,5.33063492063492,85.23095238095239
41,38,3,8,6,8.198829365079366,86.32380952380952
41,39,1,8,1,5.5714484126984125,85.5
41,40,4,8,8,9.317499999999999,86.44047619047619
41,41,8,5,10,13.515734126984126,86.87261904761905
41,42,1,3,2,5.608730158730158,85.51309523809523
41,43,1,3,2,5.608730158730158,85.51309523809523
41,44,1,5,4,6.049246031746032,85.57738095238095
41,45,1,3,1,5.234623015873016,85.01785714285714
41,46,3,8,2,7.827142857142857,86.28690476190476
41,47,5,9,1,9.543492063492064,86.73571428571428
41,48,8,7,10,13.519642857142857,86.9452380952381
41,49,3,8,6,8.198829365079366,86.32380952380952
42,0,1,3,1,5.234623015873016,85.01785714285714
42,1,8,7,10,13.519642857142857,86.9452380952381
42,2,1,3,1,5.234623015873016,85.01785714285714
42,3,8,7,10,13.519642857142857,86.9452380952381
42,4,5,9,1,9.543492063492064,86.73571428571428
42,5,8,8,9,13.304583333333333,86.84404761904761
42,6,2,9,1,6.471626984126984,86.02619047619048
42,7,2,3,1,6.298650793650793,85.78690476190476
42,8,4,8,8,9.317499999999999,86.44047619047619
42,9,1,6,1,5.43734126984127,85.26547619047619
42,10,2,8,7,7.437777777777778,86.18928571428572
42,11,2,8,2,6.749861111111111,86.11904761904762
42,12,1,8,1,5.5714484126984125,85.5
42,13,1,4,1,5.33063492063492,85.23095238095239
42,14,2,3,1,6.298650793650793,85.78690476190476
42,15,5,8,1,9.453075396825398,86.54166666666667
42,16,3,5,8,8.59781746031746,86.42857142857143
42,17,1,7,6,6.088928571428571,85.59404761904761
42,18,3,8,2,7.827142857142857,86.28690476190476
42,19,2,8,7,7.437777777777778,86.18928571428572
42,20,8,8,9,13.304583333333333,86.84404761904761
42,21,3,8,6,8.198829365079366,86.32380952380952
42,22,2,8,2,6.749861111111111,86.11904761904762
42,23,2,9,1,6.471626984126984,86.02619047619048
42,24,3,7,6,8.240992063492063,86.37261904761905
42,25,5,9,1,9.543492063492064,86.73571428571428
42,26,3,8,2,7.827142857142857,86.28690476190476
42,27,5,8,1,9.453075396825398,86.54166666666667
42,28,8,5,10,13.515734126984126,86.87261904761905
42,29,1,5,4,6.049246031746032,85.57738095238095
42,30,1,5,2,5.654027777777777,85.52619047619048
42,31,3,5,8,8.59781746031746,86.42857142857143
42,32,3,7,6,8.240992063492063,86.37261904761905
42,33,1,6,1,5.43734126984127,85.26547619047619
42,34,1,7,6,6.088928571428571,85.59404761904761
42,35,1,5,2,5.654027777777777,85.52619047619048
42,36,1,5,4,6.049246031746032,85.57738095238095
42,37,1,4,1,5.33063492063492,85.23095238095239
42,38,3,8,6,8.198829365079366,86.32380952380952
42,39,1,8,1,5.5714484126984125,85.5
42,40,4,8,8,9.317499999999999,86.44047619047619
42,41,8,5,10,13.515734126984126,86.87261904761905
42,42,1,3,2,5.608730158730158,85.51309523809523
42,43,1,3,2,5.608730158730158,85.51309523809523
42,44,5,9,1,9.543492063492064,86.73571428571428
42,45,8,7,10,13.519642857142857,86.9452380952381
42,46,4,8,8,9.317499999999999,86.44047619047619
42,47,1,8,1,5.5714484126984125,85.5
42,48,5,9,1,9.543492063492064,86.73571428571428
42,49,2,9,1,6.471626984126984,86.02619047619048
43,0,1,3,1,5.234623015873016,85.01785714285714
43,1,8,7,10,13.519642857142857,86.9452380952381
43,2,1,3,1,5.234623015873016,85.01785714285714
43,3,8,7,10,13.519642857142857,86.9452380952381
43,4,5,9,1,9.543492063492064,86.73571428571428
43,5,8,8,9,13.304583333333333,86.84404761904761
43,6,2,9,1,6.471626984126984,86.02619047619048
43,7,2,3,1,6.298650793650793,85.78690476190476
43,8,4,8,8,9.317499999999999,86.44047619047619
43,9,1,6,1,5.43734126984127,85.26547619047619
43,10,2,8,7,7.437777777777778,86.18928571428572
43,11,2,8,2,6.749861111111111,86.11904761904762
43,12,1,8,1,5.5714484126984125,85.5
43,13,1,4,1,5.33063492063492,85.23095238095239
43,14,2,3,1,6.298650793650793,85.78690476190476
43,15,5,8,1,9.453075396825398,86.54166666666667
43,16,3,5,8,8.59781746031746,86.42857142857143
43,17,1,7,6,6.088928571428571,85.59404761904761
43,18,3,8,2,7.827142857142857,86.28690476190476
43,19,2,8,7,7.437777777777778,86.18928571428572
43,20,8,8,9,13.304583333333333,86.84404761904761
43,21,3,8,6,8.198829365079366,86.32380952380952
43,22,2,8,2,6.749861111111111,86.11904761904762
43,23,2,9,1,6.471626984126984,86.02619047619048
43,24,3,7,6,8.240992063492063,86.37261904761905
43,25,5,9,1,9.543492063492064,86.73571428571428
43,26,3,8,2,7.827142857142857,86.28690476190476
43,27,5,8,1,9.453075396825398,86.54166666666667
43,28,8,5,10,13.515734126984126,86.87261904761905
43,29,1,5,4,6.049246031746032,85.57738095238095
43,30,1,5,2,5.654027777777777,85.52619047619048
43,31,3,5,8,8.59781746031746,86.42857142857143
43,32,3,7,6,8.240992063492063,86.37261904761905
43,33,1,6,1,5.43734126984127,85.26547619047619
43,34,1,7,6,6.088928571428571,85.59404761904761
43,35,1,5,2,5.654027777777777,85.52619047619048
43,36,1,5,4,6.049246031746032,85.57738095238095
43,37,1,4,1,5.33063492063492,85.23095238095239
43,38,3,8,6,8.198829365079366,86.32380952380952
43,39,1,8,1,5.5714484126984125,85.5
43,40,4,8,8,9.317499999999999,86.44047619047619
43,41,8,5,10,13.515734126984126,86.87261904761905
43,42,1,3,2,5.608730158730158,85.51309523809523
43,43,1,3,2,5.608730158730158,85.51309523809523
43,44,1,7,6,6.088928571428571,85.59404761904761
43,45,1,3,1,5.234623015873016,85.01785714285714
43,46,2,9,1,6.471626984126984,86.02619047619048
43,47,8,7,10,13.519642857142857,86.9452380952381
43,48,1,3,1,5.234623015873016,85.01785714285714
43,49,2,8,2,6.749861111111111,86.11904761904762
44,0,1,3,1,5.234623015873016,85.01785714285714
44,1,1,3,1,5.234623015873016,85.01785714285714
44,2,8,7,10,13.519642857142857,86.9452380952381
44,3,8,7,10,13.519642857142857,86.9452380952381
44,4,5,9,1,9.543492063492064,86.73571428571428
44,5,8,8,9,13.304583333333333,86.84404761904761
44,6,2,9,1,6.471626984126984,86.02619047619048
44,7,2,3,1,6.298650793650793,85.78690476190476
44,8,4,8,8,9.317499999999999,86.44047619047619
44,9,1,6,1,5.43734126984127,85.26547619047619
44,10,2,8,7,7.437777777777778,86.18928571428572
44,11,2,8,2,6.749861111111111,86.11904761904762
44,12,1,8,1,5.5714484126984125,85.5
44,13,1,4,1,5.33063492063492,85.23095238095239
44,14,2,3,1,6.298650793650793,85.78690476190476
44,15,5,8,1,9.453075396825398,86.54166666666667
44,16,3,5,8,8.59781746031746,86.42857142857143
44,17,1,7,6,6.088928571428571,85.59404761904761
44,18,3,8,2,7.827142857142857,86.28690476190476
44,19,2,8,7,7.437777777777778,86.18928571428572
44,20,8,8,9,13.304583333333333,86.84404761904761
44,21,3,8,6,8.198829365079366,86.32380952380952
44,22,2,8,2,6.749861111111111,86.11904761904762
44,23,2,9,1,6.471626984126984,86.02619047619048
44,24,3,7,6,8.240992063492063,86.37261904761905
44,25,5,9,1,9.543492063492064,86.73571428571428
44,26,3,8,2,7.827142857142857,86.28690476190476
44,27,5,8,1,9.453075396825398,86.54166666666667
44,28,8,5,10,13.515734126984126,86.87261904761905
44,29,1,5,4,6.049246031746032,85.57738095238095
44,30,1,5,2,5.654027777777777,85.52619047619048
44,31,3,5,8,8.59781746031746,86.42857142857143
44,32,3,7,6,8.240992063492063,86.37261904761905
44,33,1,6,1,5.43734126984127,85.26547619047619
44,34,1,7,6,6.088928571428571,85.59404761904761
44,35,1,5,2,5.654027777777777,85.52619047619048
44,36,1,5,4,6.049246031746032,85.57738095238095
44,37,1,4,1,5.33063492063492,85.23095238095239
44,38,3,8,6,8.198829365079366,86.32380952380952
44,39,1,8,1,5.5714484126984125,85.5
44,40,4,8,8,9.317499999999999,86.44047619047619
44,41,8,5,10,13.515734126984126,86.87261904761905
44,42,1,3,2,5.608730158730158,85.51309523809523
44,43,1,3,2,5.608730158730158,85.51309523809523
44,44,1,8,1,5.5714484126984125,85.5
44,45,1,8,1,5.5714484126984125,85.5
44,46,1,5,2,5.654027777777777,85.52619047619048
44,47,8,7,10,13.519642857142857,86.9452380952381
44,48,1,7,6,6.088928571428571,85.59404761904761
44,49,1,6,1,5.43734126984127,85.26547619047619
45,0,1,3,1,5.234623015873016,85.01785714285714
45,1,1,3,1,5.234623015873016,85.01785714285714
45,2,8,7,10,13.519642857142857,86.9452380952381
45,3,8,7,10,13.519642857142857,86.9452380952381
45,4,5,9,1,9.543492063492064,86.73571428571428
45,5,8,8,9,13.304583333333333,86.84404761904761
45,6,2,9,1,6.471626984126984,86.02619047619048
45,7,2,3,1,6.298650793650793,85.78690476190476
45,8,4,8,8,9.317499999999999,86.44047619047619
45,9,1,6,1,5.43734126984127,85.26547619047619
45,10,2,8,7,7.437777777777778,86.18928571428572
45,11,2,8,2,6.749861111111111,86.11904761904762
45,12,1,8,1,5.5714484126984125,85.5
45,13,1,4,1,5.33063492063492,85.23095238095239
45,14,2,3,1,6.298650793650793,85.78690476190476
45,15,5,8,1,9.453075396825398,86.54166666666667
45,16,3,5,8,8.59781746031746,86.42857142857143
45,17,1,7,6,6.088928571428571,85.59404761904761
45,18,3,8,2,7.827142857142857,86.28690476190476
45,19,2,8,7,7.437777777777778,86.18928571428572
45,20,8,8,9,13.304583333333333,86.84404761904761
45,21,3,8,6,8.198829365079366,86.32380952380952
45,22,2,8,2,6.749861111111111,86.11904761904762
45,23,2,9,1,6.471626984126984,86.02619047619048
45,24,3,7,6,8.240992063492063,86.37261904761905
45,25,5,9,1,9.543492063492064,86.73571428571428
45,26,3,8,2,7.827142857142857,86.28690476190476
45,27,5,8,1,9.453075396825398,86.54166666666667
45,28,8,5,10,13.515734126984126,86.87261904761905
45,29,1,5,4,6.049246031746032,85.57738095238095
45,30,1,5,2,5.654027777777777,85.52619047619048
45,31,3,5,8,8.59781746031746,86.42857142857143
45,32,3,7,6,8.240992063492063,86.37261904761905
45,33,1,6,1,5.43734126984127,85.26547619047619
45,34,1,7,6,6.088928571428571,85.59404761904761
45,35,1,5,2,5.654027777777777,85.52619047619048
45,36,1,5,4,6.049246031746032,85.57738095238095
45,37,1,4,1,5.33063492063492,85.23095238095239
45,38,3,8,6,8.198829365079366,86.32380952380952
45,39,1,8,1,5.5714484126984125,85.5
45,40,4,8,8,9.317499999999999,86.44047619047619
45,41,8,5,10,13.515734126984126,86.87261904761905
45,42,1,3,2,5.608730158730158,85.51309523809523
45,43,1,3,2,5.608730158730158,85.51309523809523
45,44,8,7,10,13.519642857142857,86.9452380952381
45,45,2,8,2,6.749861111111111,86.11904761904762
45,46,4,8,8,9.317499999999999,86.44047619047619
45,47,3,7,6,8.240992063492063,86.37261904761905
45,48,1,8,1,5.5714484126984125,85.5
45,49,1,3,1,5.234623015873016,85.01785714285714
46,0,8,7,10,13.519642857142857,86.9452380952381
46,1,1,3,1,5.234623015873016,85.01785714285714
46,2,1,3,1,5.234623015873016,85.01785714285714
46,3,8,7,10,13.519642857142857,86.9452380952381
46,4,5,9,1,9.543492063492064,86.73571428571428
46,5,8,8,9,13.304583333333333,86.84404761904761
46,6,2,9,1,6.471626984126984,86.02619047619048
46,7,2,3,1,6.298650793650793,85.78690476190476
46,8,4,8,8,9.317499999999999,86.44047619047619
46,9,1,6,1,5.43734126984127,85.26547619047619
46,10,2,8,7,7.437777777777778,86.18928571428572
46,11,2,8,2,6.749861111111111,86.11904761904762
46,12,1,8,1,5.5714484126984125,85.5
46,13,1,4,1,5.33063492063492,85.23095238095239
46,14,2,3,1,6.298650793650793,85.78690476190476
46,15,5,8,1,9.453075396825398,86.54166666666667
46,16,3,5,8,8.59781746031746,86.42857142857143
46,17,1,7,6,6.088928571428571,85.59404761904761
46,18,3,8,2,7.827142857142857,86.28690476190476
46,19,2,8,7,7.437777777777778,86.18928571428572
46,20,8,8,9,13.304583333333333,86.84404761904761
46,21,3,8,6,8.198829365079366,86.32380952380952
46,22,2,8,2,6.749861111111111,86.11904761904762
46,23,2,9,1,6.471626984126984,86.02619047619048
46,24,3,7,6,8.240992063492063,86.37261904761905
46,25,5,9,1,9.543492063492064,86.73571428571428
46,26,3,8,2,7.827142857142857,86.28690476190476
46,27,5,8,1,9.453075396825398,86.54166666666667
46,28,8,5,10,13.515734126984126,86.87261904761905
46,29,1,5,4,6.049246031746032,85.57738095238095
46,30,1,5,2,5.654027777777777,85.52619047619048
46,31,3,5,8,8.59781746031746,86.42857142857143
46,32,3,7,6,8.240992063492063,86.37261904761905
46,33,1,6,1,5.43734126984127,85.26547619047619
46,34,1,7,6,6.088928571428571,85.59404761904761
46,35,1,5,2,5.654027777777777,85.52619047619048
46,36,1,5,4,6.049246031746032,85.57738095238095
46,37,1,4,1,5.33063492063492,85.23095238095239
46,38,3,8,6,8.198829365079366,86.32380952380952
46,39,1,8,1,5.5714484126984125,85.5
46,40,4,8,8,9.317499999999999,86.44047619047619
46,41,8,5,10,13.515734126984126,86.87261904761905
46,42,1,3,2,5.608730158730158,85.51309523809523
46,43,1,3,2,5.608730158730158,85.51309523809523
46,44,1,3,1,5.234623015873016,85.01785714285714
46,45,4,8,8,9.317499999999999,86.44047619047619
46,46,8,8,9,13.304583333333333,86.84404761904761
46,47,1,3,1,5.234623015873016,85.01785714285714
46,48,2,3,1,6.298650793650793,85.78690476190476
46,49,2,3,1,6.298650793650793,85.78690476190476
47,0,1,3,1,5.234623015873016,85.01785714285714
47,1,1,3,1,5.234623015873016,85.01785714285714
47,2,8,7,10,13.519642857142857,86.9452380952381
47,3,8,7,10,13.519642857142857,86.9452380952381
47,4,5,9,1,9.543492063492064,86.73571428571428
47,5,8,8,9,13.304583333333333,86.84404761904761
47,6,2,9,1,6.471626984126984,86.02619047619048
47,7,2,3,1,6.298650793650793,85.78690476190476
47,8,4,8,8,9.317499999999999,86.44047619047619
47,9,1,6,1,5.43734126984127,85.26547619047619
47,10,2,8,7,7.437777777777778,86.18928571428572
47,11,2,8,2,6.749861111111111,86.11904761904762
47,12,1,8,1,5.5714484126984125,85.5
47,13,1,4,1,5.33063492063492,85.23095238095239
47,14,2,3,1,6.298650793650793,85.78690476190476
47,15,5,8,1,9.453075396825398,86.54166666666667
47,16,3,5,8,8.59781746031746,86.42857142857143
47,17,1,7,6,6.088928571428571,85.59404761904761
47,18,3,8,2,7.827142857142857,86.28690476190476
47,19,2,8,7,7.437777777777778,86.18928571428572
47,20,8,8,9,13.304583333333333,86.84404761904761
47,21,3,8,6,8.198829365079366,86.32380952380952
47,22,2,8,2,6.749861111111111,86.11904761904762
47,23,2,9,1,6.471626984126984,86.02619047619048
47,24,3,7,6,8.240992063492063,86.37261904761905
47,25,5,9,1,9.543492063492064,86.73571428571428
47,26,3,8,2,7.827142857142857,86.28690476190476
47,27,5,8,1,9.453075396825398,86.54166666666667
47,28,8,5,10,13.515734126984126,86.87261904761905
47,29,1,5,4,6.049246031746032,85.57738095238095
47,30,1,5,2,5.654027777777777,85.52619047619048
47,31,3,5,8,8.59781746031746,86.42857142857143
47,32,3,7,6,8.240992063492063,86.37261904761905
47,33,1,6,1,5.43734126984127,85.26547619047619
47,34,1,7,6,6.088928571428571,85.59404761904761
47,35,1,5,2,5.654027777777777,85.52619047619048
47,36,1,5,4,6.049246031746032,85.57738095238095
47,37,1,4,1,5.33063492063492,85.23095238095239
47,38,3,8,6,8.198829365079366,86.32380952380952
47,39,1,8,1,5.5714484126984125,85.5
47,40,4,8,8,9.317499999999999,86.44047619047619
47,41,8,5,10,13.515734126984126,86.87261904761905
47,42,1,3,2,5.608730158730158,85.51309523809523
47,43,1,3,2,5.608730158730158,85.51309523809523
47,44,2,8,7,7.437777777777778,86.18928571428572
47,45,3,8,2,7.827142857142857,86.28690476190476
47,46,1,8,1,5.5714484126984125,85.5
47,47,4,8,8,9.317499999999999,86.44047619047619
47,48,1,8,1,5.5714484126984125,85.5
47,49,3,8,2,7.827142857142857,86.28690476190476
48,0,8,7,10,13.519642857142857,86.9452380952381
48,1,1,3,1,5.234623015873016,85.01785714285714
48,2,1,3,1,5.234623015873016,85.01785714285714
48,3,8,7,10,13.519642857142857,86.9452380952381
48,4,5,9,1,9.543492063492064,86.73571428571428
48,5,8,8,9,13.304583333333333,86.84404761904761
48,6,2,9,1,6.471626984126984,86.02619047619048
48,7,4,8,8,9.317499999999999,86.44047619047619
48,8,2,3,1,6.298650793650793,85.78690476190476
48,9,1,6,1,5.43734126984127,85.26547619047619
48,10,2,8,7,7.437777777777778,86.18928571428572
48,11,2,8,2,6.749861111111111,86.11904761904762
48,12,1,8,1,5.5714484126984125,85.5
48,13,1,4,5,6.206011904761905,85.66071428571429
48,14,1,4,1,5.33063492063492,85.23095238095239
48,15,5,8,1,9.453075396825398,86.54166666666667
48,16,3,5,8,8.59781746031746,86.42857142857143
48,17,3,8,2,7.827142857142857,86.28690476190476
48,18,2,3,1,6.298650793650793,85.78690476190476
48,19,2,8,7,7.437777777777778,86.18928571428572
48,20,8,8,9,13.304583333333333,86.84404761904761
48,21,3,8,6,8.198829365079366,86.32380952380952
48,22,2,8,2,6.749861111111111,86.11904761904762
48,23,2,9,1,6.471626984126984,86.02619047619048
48,24,3,7,6,8.240992063492063,86.37261904761905
48,25,5,9,1,9.543492063492064,86.73571428571428
48,26,3,8,2,7.827142857142857,86.28690476190476
48,27,5,8,1,9.453075396825398,86.54166666666667
48,28,8,5,10,13.515734126984126,86.87261904761905
48,29,1,5,4,6.049246031746032,85.57738095238095
48,30,1,5,2,5.654027777777777,85.52619047619048
48,31,3,5,8,8.59781746031746,86.42857142857143
48,32,1,7,6,6.088928571428571,85.59404761904761
48,33,3,7,6,8.240992063492063,86.37261904761905
48,34,1,6,1,5.43734126984127,85.26547619047619
48,35,1,5,2,5.654027777777777,85.52619047619048
48,36,1,5,4,6.049246031746032,85.57738095238095
48,37,1,4,1,5.33063492063492,85.23095238095239
48,38,3,8,6,8.198829365079366,86.32380952380952
48,39,1,8,1,5.5714484126984125,85.5
48,40,1,7,6,6.088928571428571,85.59404761904761
48,41,4,8,8,9.317499999999999,86.44047619047619
48,42,8,5,10,13.515734126984126,86.87261904761905
48,43,1,3,2,5.608730158730158,85.51309523809523
48,44,1,3,2,5.608730158730158,85.51309523809523
48,45,1,5,2,5.654027777777777,85.52619047619048
48,46,5,9,1,9.543492063492064,86.73571428571428
48,47,1,6,1,5.43734126984127,85.26547619047619
48,48,1,3,1,5.234623015873016,85.01785714285714
48,49,1,7,6,6.088928571428571,85.59404761904761
49,0,1,3,1,5.234623015873016,85.01785714285714
49,1,1,3,1,5.234623015873016,85.01785714285714
49,2,8,7,10,13.519642857142857,86.9452380952381
49,3,8,7,10,13.519642857142857,86.9452380952381
49,4,5,9,1,9.543492063492064,86.73571428571428
49,5,8,8,9,13.304583333333333,86.84404761904761
49,6,2,9,1,6.471626984126984,86.02619047619048
49,7,4,8,8,9.317499999999999,86.44047619047619
49,8,2,3,1,6.298650793650793,85.78690476190476
49,9,1,6,1,5.43734126984127,85.26547619047619
49,10,2,8,7,7.437777777777778,86.18928571428572
49,11,2,8,2,6.749861111111111,86.11904761904762
49,12,1,8,1,5.5714484126984125,85.5
49,13,1,4,5,6.206011904761905,85.66071428571429
49,14,1,4,1,5.33063492063492,85.23095238095239
49,15,5,8,1,9.453075396825398,86.54166666666667
49,16,3,5,8,8.59781746031746,86.42857142857143
49,17,3,8,2,7.827142857142857,86.28690476190476
49,18,2,3,1,6.298650793650793,85.78690476190476
49,19,2,8,7,7.437777777777778,86.18928571428572
49,20,8,8,9,13.304583333333333,86.84404761904761
49,21,3,8,6,8.198829365079366,86.32380952380952
49,22,2,8,2,6.749861111111111,86.11904761904762
49,23,2,9,1,6.471626984126984,86.02619047619048
49,24,3,7,6,8.240992063492063,86.37261904761905
49,25,5,9,1,9.543492063492064,86.73571428571428
49,26,3,8,2,7.827142857142857,86.28690476190476
49,27,5,8,1,9.453075396825398,86.54166666666667
49,28,8,5,10,13.515734126984126,86.87261904761905
49,29,1,5,4,6.049246031746032,85.57738095238095
49,30,1,5,2,5.654027777777777,85.52619047619048
49,31,3,5,8,8.59781746031746,86.42857142857143
49,32,1,7,6,6.088928571428571,85.59404761904761
49,33,3,7,6,8.240992063492063,86.37261904761905
49,34,1,6,1,5.43734126984127,85.26547619047619
49,35,1,5,2,5.654027777777777,85.52619047619048
49,36,1,5,4,6.049246031746032,85.57738095238095
49,37,1,4,1,5.33063492063492,85.23095238095239
49,38,3,8,6,8.198829365079366,86.32380952380952
49,39,1,8,1,5.5714484126984125,85.5
49,40,1,7,6,6.088928571428571,85.59404761904761
49,41,4,8,8,9.317499999999999,86.44047619047619
49,42,8,5,10,13.515734126984126,86.87261904761905
49,43,1,3,2,5.608730158730158,85.51309523809523
49,44,1,3,2,5.608730158730158,85.51309523809523
49,45,2,8,7,7.437777777777778,86.18928571428572
49,46,1,3,1,5.234623015873016,85.01785714285714
49,47,5,8,1,9.453075396825398,86.54166666666667
49,48,1,5,4,6.049246031746032,85.57738095238095
49,49,8,8,9,13.304583333333333,86.84404761904761
