Iteration;max_TH;min_WIP;Buffer5_Capacity;Buffer6_Capacity;Buffer3_Capacity;Buffer1_Capacity;Buffer2_Capacity;Buffer4_Capacity;WIP;Sink1_Throughput;Sink1_NumberofEntries;HanteringCell_TotalEnergyConsumption;Qualitystation_TotalEnergyConsumption;Loading_TotalEnergyConsumption;Wasching_TotalEnergyConsumption;Operation1_TotalEnergyConsumption;Operation2_TotalEnergyConsumption;SEC;Replications;ConstraintViolation;Iteration;
0;27,3369047619047;56,3645770164036;10;10;10;10;10;10;56,3645770164036;27,3369047619047;4592,6;332686,120066052;404589,689230782;179669,27809103;4776441,75408148;769347,214134869;764818,744228048;0,437159440784178;5;0;0;
1;27,3523809523809;43,4715452977953;9;4;8;8;2;10;43,4715452977953;27,3523809523809;4595,2;332665,926171336;404557,052320884;179652,672;4775343,75255077;769276,066712721;764853,572103836;0,436832633765365;5;0;1;
2;27,3226190476191;31,4649791722644;2;10;1;7;8;7;31,4649791722644;27,3226190476191;4590,2;332608,919215178;404457,859607313;179595,505545264;4770777,22383273;769177,436647346;764887,361146704;0,437017796819712;5;0;2;
3;27,4142857142857;41,4910257948751;9;6;8;1;8;9;41,4910257948751;27,4142857142857;4605,6;332631,44027657;404498,404168544;179615,448;4772301,408;769273,126812621;764836,916539464;0,435654899849043;5;0;3;
4;27,3642857142857;34,4037752698889;6;4;2;6;6;8;34,4037752698889;27,3642857142857;4597,2;332696,216797027;404607,304692339;179678,645861394;4777157,90303988;769321,691951752;764841,95696792;0,436782255876693;5;0;4;
5;26,5964285714286;37,3798995169157;2;1;4;9;10;6;37,3798995169157;26,5964285714286;4468,2;331823,655585467;403067,145626164;178854,823600183;4713832,16817052;768902,41043968;764612,971443785;0,445205657107077;5;0;5;
6;27,1916666666667;39,4625925878124;6;3;9;5;4;9;39,4625925878124;27,1916666666667;4568,2;332568,59288891;404389,920634996;179556,285343266;4767921,24933511;769231,443194131;764827,670472246;0,438943618788024;5;0;6;
7;26,5488095238095;39,3583928716183;3;1;1;10;9;10;39,3583928716183;26,5488095238095;4460,2;331754,255969322;402932,620841063;178795,392;4709279,232;768835,879719474;764612,702092877;0,445709624247048;5;0;7;
8;27,2142857142857;34,4077926952034;8;7;2;8;8;2;34,4077926952034;27,2142857142857;4572;332543,270187506;404338,871087862;179533,72933312;4766039,94540378;769227,216601775;764815,595812146;0,438456100872251;5;0;8;
9;27,4130952380952;30,33725996141;5;9;5;8;1;5;30,33725996141;27,4130952380952;4605,4;332698,298671821;404615,208646782;179688,479186061;4777818,03114989;769337,826835295;764831,957310104;0,436035065662784;5;0;9;
10;27,3785714285714;37,459328554615;1;3;6;9;8;7;37,459328554615;27,3785714285714;4599,6;332683,655897496;404586,825354348;179663,762271769;4775929,80615741;769294,597646142;764852,986540901;0,436455728972476;5;0;10;
11;27,2047619047619;27,4195065794275;7;8;1;5;6;2;27,4195065794275;27,2047619047619;4570,4;332531,198938146;404312,029044246;179525,092164309;4765346,35363193;769330,155095554;764738,231689071;0,438570422364263;5;0;11;
12;27,2392857142857;24,3970095270031;2;10;3;3;8;2;24,3970095270031;27,2392857142857;4576,2;332610,550734095;404456,616599732;179593,55412596;4770745,25012815;769287,497864409;764814,2023119;0,438359261772275;5;0;12;
13;26,5940476190476;33,3317224986327;6;1;9;1;9;2;33,3317224986327;26,5940476190476;4467,8;331809,002779847;403029,171414725;178843,896;4713016,4626003;768910,388264037;764596,596246337;0,445175550618667;5;0;13;
14;27,3083333333334;29,4349669733478;4;8;4;8;3;4;29,4349669733478;27,3083333333334;4587,8;332617,304603476;404472,589342984;179597,900027806;4770924,83580576;769238,138562054;764851,221925152;0,437254779053773;5;0;14;
15;27,4142857142857;31,4700294802733;2;7;5;3;6;9;31,4700294802733;27,4142857142857;4605,6;332672,375671409;404568,966240083;179652,911742943;4775297,95520854;769272,464698774;764860,988269404;0,435856437134444;5;0;15;
16;27,3952380952381;37,3145816448355;9;3;1;7;10;4;37,3145816448355;27,3952380952381;4602,4;332669,063006692;404556,73050226;179652,179055322;4775248,11938836;769335,097399292;764815,756074867;0,436155946759256;5;0;16;
17;27,3321428571429;34,4656451653979;6;10;10;4;1;7;34,4656451653979;27,3321428571429;4591,8;332666,965795024;404554,171364122;179656,079462645;4775436,10553935;769283,633623497;764849,811002411;0,437168025251018;5;0;17;
18;27,3154761904762;32,418026463448;6;10;9;3;5;3;32,418026463448;27,3154761904762;4589;332693,718931177;404607,284806635;179677,347299962;4776971,33187122;769295,748740278;764857,565925806;0,43753628214927;5;0;18;
19;27,3916666666666;36,414044676674;2;6;10;5;6;7;36,414044676674;27,3916666666666;4601,8;332725,152874731;404659,01449826;179705,62722654;4779230,36884028;769276,143082333;764889,443798946;0,4364655455478;5;0;19;
20;27,3178571428571;28,3940367915516;6;8;8;3;2;3;28,3940367915516;27,3178571428571;4589,4;332590,062604488;404418,895750066;179579,297287393;4769511,40395249;769234,873681597;764838,147368455;0,437013824149139;5;0;20;
21;27,3761904761905;36,4424336670796;5;5;9;2;9;5;36,4424336670796;27,3761904761905;4599,2;332622,978260147;404479,717463008;179603,673618382;4771473,93742615;769295,466949778;764816,876505153;0,436219327936938;5;0;21;
22;27,3011904761905;31,4183924291741;6;6;7;3;3;6;31,4183924291741;27,3011904761905;4586,6;332608,540272391;404456,4958633;179592,888;4770511,36346624;769230,26549437;764852,107718143;0,437351532517554;5;0;22;
23;27,3630952380952;40,4001604457489;10;8;7;8;5;4;40,4001604457489;27,3630952380952;4597;332672,329632866;404573,031880592;179658,074506241;4775397,35172183;769298,839192653;764843,765198521;0,436672313509747;5;0;23;
24;27,2964285714286;40,4439480970364;6;10;10;7;2;9;40,4439480970364;27,2964285714286;4585,8;332643,686739307;404514,496203827;179618,244675582;4772512,01349968;769275,30307821;764840,999247257;0,437567247285067;5;0;24;
25;26,6107142857143;38,3096393005401;10;1;9;6;1;6;38,3096393005401;26,6107142857143;4470,6;331756,767802574;402937,23748844;178788,578294655;4708698,75046961;768840,552459644;764613,68587381;0,444619847526197;5;0;25;
26;26,652380952381;33,3383795333958;8;1;6;8;4;1;33,3383795333958;26,652380952381;4477,6;331857,714244317;403121,12378273;178884,787101035;4716126,2563559;768940,918314386;764605,602748073;0,444411997698557;5;0;26;
27;27,3214285714286;34,5063960214418;7;10;4;5;4;8;34,5063960214418;27,3214285714286;4590;332651,863821098;404533,870682519;179642,52;4774381,92;769293,702996317;764835,10216107;0,43727024864043;5;0;27;
28;27,2357142857143;26,3910176007125;5;7;7;4;2;2;26,3910176007125;27,2357142857143;4575,6;332558,983201313;404366,324492533;179551,018074212;4767344,74881126;769214,55955568;764832,955684971;0,438195842049217;5;0;28;
29;27,4821428571429;37,3727055747906;1;4;10;2;9;9;37,3727055747906;27,4821428571429;4617;332784,773007297;404773,254105338;179768,674158678;4784188,89394326;769311,793080881;764900,757958948;0,435335745027508;5;0;29;
30;27,302380952381;37,4251394863926;8;10;10;8;4;1;37,4251394863926;27,302380952381;4586,8;332633,747549812;404496,300399287;179625,523944485;4772847,70433657;769291,611770252;764824,560576464;0,437480416368851;5;0;30;
31;26,6952380952381;43,3397642234484;10;1;5;10;8;4;43,3397642234484;26,6952380952381;4484,8;331905,583903533;403199,340607097;178935,232477752;4720022,98800584;768982,950407456;764603,664594593;0,443963813419834;5;0;31;
32;26,6559523809524;29,3892530932409;2;1;3;6;3;9;29,3892530932409;26,6559523809524;4478,2;331830,202931329;403073,066717314;178862,341407186;4714420,00214145;768906,681400524;764610,362355317;0,444247044401022;5;0;32;
33;27,3511904761905;41,3596033802003;10;4;1;7;10;7;41,3596033802003;27,3511904761905;4595;332631,724684687;404499,492043865;179617,461927774;4772458,83813593;769244,963075566;764855,271817259;0,436672402687285;5;0;33;
34;27,3357142857143;48,4005463707411;10;3;7;7;10;8;48,4005463707411;27,3357142857143;4592,4;332636,4;404500,150122738;179622,216;4772821,536;769283,634650022;764831,454014276;0,436941716653838;5;0;34;
35;27,4428571428571;33,2680003448198;2;6;8;4;7;6;33,2680003448198;27,4428571428571;4610,4;332729,910543265;404666,450061119;179716,395871994;4779904,64858923;769316,215981271;764865,565560555;0,435702627842575;5;0;35;
36;27,2488095238095;46,4592542916721;10;7;7;8;10;5;46,4592542916721;27,2488095238095;4577,8;332636,449329242;404496,582366249;179627,952603098;4773205,25135586;769276,788719831;764835,266945896;0,438359104231752;5;0;36;
37;27,3202380952381;37,3717738747689;2;7;5;6;9;9;37,3717738747689;27,3202380952381;4589,8;332623,923183588;404486,329090154;179607,063731767;4771662,42862877;769233,74364156;764858,239321402;0,437127081652895;5;0;37;
38;27,325;37,1611515498709;7;7;3;4;8;9;37,1611515498709;27,325;4590,6;332640,327009905;404514,210812248;179627,856;4773254,976;769218,953972986;764878,338003051;0,437140722692855;5;0;38;
39;27,3869047619048;42,3140410920734;6;2;2;8;10;10;42,3140410920734;27,3869047619048;4601;332656,182300537;404547,282598869;179641,794525065;4774334,13126811;769281,346189665;764846,31227289;0,436218944573737;5;0;39;
40;27,35;46,44393499195;8;9;4;10;10;8;46,44393499195;27,35;4594,8;332626,905281371;404480,270331433;179622,422176017;4772848,68385266;769251,081823123;764847,52036105;0,43671298652195;5;0;40;
41;27,2404761904762;34,4843065439028;6;2;2;9;7;4;34,4843065439028;27,2404761904762;4576,4;332576,677190726;404392,838509279;179563,677819536;4768333,90504858;769228,593931903;764832,953210574;0,438181704582305;5;0;41;
42;27,3619047619048;32,3990372779626;8;6;2;3;9;4;32,3990372779626;27,3619047619048;4596,8;332700,415529559;404615,042534815;179686,712353829;4777589,376;769289,5500183;764865,438238316;0,436845840866637;5;0;42;
43;27,3488095238095;38,3452882822619;2;2;9;5;7;9;38,3452882822619;27,3488095238095;4594,6;332560,980799097;404372,25918576;179558,274064897;4767900,43845225;769208,00144521;764838,089655314;0,436415122385282;5;0;43;
44;27,225;27,3815013349514;2;4;1;6;7;5;27,3815013349514;27,225;4573,8;332552,645644684;404348,1175826;179544,384;4766840,064;769170,811125189;764857,410629986;0,438331624009384;5;0;44;
45;27,2880952380952;40,3070904322306;4;6;4;6;10;10;40,3070904322306;27,2880952380952;4584,4;332589,504720888;404418,70795445;179575,250489335;4769207,67989319;769222,476545231;764845,236617782;0,437474186157838;5;0;45;
46;27,3571428571429;38,5389334235037;6;8;2;10;5;9;38,5389334235037;27,3571428571429;4596;332655,010177971;404529,689233493;179638,008;4774035,168;769274,629221387;764848,727697982;0,436692601277705;5;0;46;
47;27,2095238095238;38,4009545152028;10;5;7;10;4;1;38,4009545152028;27,2095238095238;4571,2;332600,454031886;404439,620456734;179588,98684649;4770237,60163909;769319,592036285;764787,894163522;0,438802080267581;5;0;47;
48;27,2940476190476;33,3588135743491;6;2;5;7;2;7;33,3588135743491;27,2940476190476;4585,4;332577,193114427;404403,211553857;179567,434707273;4768590,70167116;769217,865480496;764842,003243649;0,437338775110025;5;0;48;
49;27,2321428571429;37,3177638905473;1;2;10;9;2;9;37,3177638905473;27,2321428571429;4575;332547,985192678;404350,420692186;179541,754335662;4766629,68985551;769235,524414249;764812,529304105;0,438212243068417;5;0;49;
50;27,225;27,3815013349514;2;4;1;6;7;5;27,3815013349514;27,225;4573,8;332552,645644684;404348,1175826;179544,384;4766840,064;769170,811125189;764857,410629986;0,438331624009384;5;0;50;
51;27,35;46,44393499195;8;9;4;10;10;8;46,44393499195;27,35;4594,8;332626,905281371;404480,270331433;179622,422176017;4772848,68385266;769251,081823123;764847,52036105;0,43671298652195;5;0;51;
52;27,1869047619048;30,4044432653116;4;7;2;8;8;2;30,4044432653116;27,1869047619048;4567,4;332429,739419915;404143,478836814;179429,192980096;4757976,60992293;769221,007611686;764753,660257884;0,438397924917322;5;0;52;
53;27,3619047619048;45,4846163412745;10;7;7;7;10;5;45,4846163412745;27,3619047619048;4596,8;332677,96293485;404575,725005198;179661,058844201;4775855,616;769288,769748489;764852,47810081;0,436719732492821;5;0;53;
54;27,3380952380952;34,3758563918668;8;7;2;5;9;4;34,3758563918668;27,3380952380952;4592,8;332652,956148257;404533,889982245;179639,380184896;4774190,69916355;769263,891485247;764855,149321931;0,436996326650713;5;0;54;
55;27,4821428571429;37,3727055747906;1;4;10;2;9;9;37,3727055747906;27,4821428571429;4617;332784,773007297;404773,254105338;179768,674158678;4784188,89394326;769311,793080881;764900,757958948;0,435335745027508;5;0;55;
56;27,3869047619048;42,3140410920734;6;2;2;8;10;10;42,3140410920734;27,3869047619048;4601;332656,182300537;404547,282598869;179641,794525065;4774334,13126811;769281,346189665;764846,31227289;0,436218944573737;5;0;56;
57;27,2357142857143;26,3910176007125;5;7;7;4;2;2;26,3910176007125;27,2357142857143;4575,6;332558,983201313;404366,324492533;179551,018074212;4767344,74881126;769214,55955568;764832,955684971;0,438195842049217;5;0;57;
58;27,325;37,1611515498709;7;7;3;4;8;9;37,1611515498709;27,325;4590,6;332640,327009905;404514,210812248;179627,856;4773254,976;769218,953972986;764878,338003051;0,437140722692855;5;0;58;
59;27,3095238095238;28,4819488811033;5;4;7;4;4;2;28,4819488811033;27,3095238095238;4588;332681,556145844;404580,686862305;179665,177230811;4775796,4407103;769308,825617825;764842,013925263;0,437551371964361;5;0;59;
60;27,3297619047619;36,363274714072;1;4;10;1;9;9;36,363274714072;27,3297619047619;4591,4;332682;404586,408898411;179659,051314871;4775855,616;769326,324193047;764830,776891962;0,43724071667851;5;0;60;
61;27,4130952380952;30,33725996141;5;5;5;8;1;5;30,33725996141;27,4130952380952;4605,4;332698,298671821;404615,208646782;179688,479186061;4777818,03114989;769337,826835295;764831,957310104;0,436035065662784;5;0;61;
62;27,4142857142857;41,4910257948751;9;6;8;1;8;9;41,4910257948751;27,4142857142857;4605,6;332631,44027657;404498,404168544;179615,448;4772301,408;769273,126812621;764836,916539464;0,435654899849043;5;0;62;
63;27,4130952380952;37,4346524216559;9;4;8;8;2;4;37,4346524216559;27,4130952380952;4605,4;332677,58008602;404579,615336856;179664,407449608;4776078,02309662;769271,375590989;764866,054184269;0,435920315992452;5;0;63;
64;27,2666666666667;39,487105470722;1;2;10;9;4;9;39,487105470722;27,2666666666667;4580,8;332594,590482277;404424,260568001;179588,749027792;4770007,47641441;769278,285463651;764810,351645421;0,437884128541611;5;0;64;
65;26,5202380952381;28,442253309185;2;1;2;6;3;9;28,442253309185;26,5202380952381;4455,4;331751,340835002;402933,393510312;178792,008;4709019,168;768817,913915716;764624,770723569;0,44615037529938;5;0;65;
66;27,3571428571429;38,5389334235037;6;8;2;10;5;9;38,5389334235037;27,3571428571429;4596;332655,010177971;404529,689233493;179638,008;4774035,168;769274,629221387;764848,727697982;0,436692601277705;5;0;66;
67;27,3083333333334;29,4349669733478;4;8;4;8;3;4;29,4349669733478;27,3083333333334;4587,8;332617,304603476;404472,589342984;179597,900027806;4770924,83580576;769238,138562054;764851,221925152;0,437254779053773;5;0;67;
68;27,2916666666667;33,3892700073868;8;9;5;8;1;5;33,3892700073868;27,2916666666667;4585;332640,312839441;404509,47133564;179625,24642339;4773066,99399196;769305,209659831;764820,952868511;0,437660606046052;5;0;68;
69;26,5333333333333;35,4396393134604;8;1;6;10;4;1;35,4396393134604;26,5333333333333;4457,6;331805,96028244;403025,495069369;178839,553985268;4712777,7142109;768929,928477229;764581,325652642;0,446197955809771;5;0;69;
70;27,2202380952381;29,3769464392061;6;10;6;3;5;3;29,3769464392061;27,2202380952381;4573;332582,929718498;404405,227720226;179572,493365391;4768988,90968621;769240,821863613;764829,322184279;0,438546285416939;5;0;70;
71;27,35;46,44393499195;8;9;4;10;10;8;46,44393499195;27,35;4594,8;332626,905281371;404480,270331433;179622,422176017;4772848,68385266;769251,081823123;764847,52036105;0,43671298652195;5;0;71;
72;27,2404761904762;36,4905587782339;7;7;2;4;8;9;36,4905587782339;27,2404761904762;4576,4;332650,506615476;404514,435574417;179635,087724256;4773818,03460208;769270,500942712;764845,859068069;0,43855171797497;5;0;72;
73;27,225;27,3815013349514;2;4;1;6;7;5;27,3815013349514;27,225;4573,8;332552,645644684;404348,1175826;179544,384;4766840,064;769170,811125189;764857,410629986;0,438331624009384;5;0;73;
74;26,575;30,404296085363;2;1;4;6;3;9;30,404296085363;26,575;4464,6;331813,659096515;403038,233223268;178846,71799498;4713108,53099115;768916,357359795;764594,87288283;0,445509714955127;5;0;74;
75;27,3321428571429;34,4656451653979;6;10;10;4;1;7;34,4656451653979;27,3321428571429;4591,8;332666,965795024;404554,171364122;179656,079462645;4775436,10553935;769283,633623497;764849,811002411;0,437168025251018;5;0;75;
76;27,2488095238095;46,4592542916721;10;7;7;8;10;5;46,4592542916721;27,2488095238095;4577,8;332636,449329242;404496,582366249;179627,952603098;4773205,25135586;769276,788719831;764835,266945896;0,438359104231752;5;0;76;
77;27,3226190476191;31,4649791722644;2;10;1;7;8;7;31,4649791722644;27,3226190476191;4590,2;332608,919215178;404457,859607313;179595,505545264;4770777,22383273;769177,436647346;764887,361146704;0,437017796819712;5;0;77;
78;27,3642857142857;34,4037752698889;6;4;2;6;6;8;34,4037752698889;27,3642857142857;4597,2;332696,216797027;404607,304692339;179678,645861394;4777157,90303988;769321,691951752;764841,95696792;0,436782255876693;5;0;78;
79;26,6488095238095;29,4211386394152;2;1;9;1;9;2;29,4211386394152;26,6488095238095;4477;331860,818252534;403127,420310372;178893,516881286;4716858,53057682;768895,483517483;764637,559184239;0,444519560167982;5;0;79;
80;27,2047619047619;27,4195065794275;7;8;1;5;6;2;27,4195065794275;27,2047619047619;4570,4;332531,198938146;404312,029044246;179525,092164309;4765346,35363193;769330,155095554;764738,231689071;0,438570422364263;5;0;80;
81;27,327380952381;35,4092997120469;2;8;5;4;9;9;35,4092997120469;27,327380952381;4591;332647,640492404;404527,661720955;179631,121580887;4773517,35278411;769285,221916403;764837,792912819;0,437121105571047;5;0;81;
82;27,3357142857143;48,4005463707411;10;3;7;7;10;8;48,4005463707411;27,3357142857143;4592,4;332636,4;404500,150122738;179622,216;4772821,536;769283,634650022;764831,454014276;0,436941716653838;5;0;82;
83;27,3154761904762;32,418026463448;6;10;9;3;5;3;32,418026463448;27,3154761904762;4589;332693,718931177;404607,284806635;179677,347299962;4776971,33187122;769295,748740278;764857,565925806;0,43753628214927;5;0;83;
84;26,652380952381;33,3383795333958;8;1;6;8;4;1;33,3383795333958;26,652380952381;4477,6;331857,714244317;403121,12378273;178884,787101035;4716126,2563559;768940,918314386;764605,602748073;0,444411997698557;5;0;84;
85;27,2392857142857;24,3970095270031;2;10;3;3;8;2;24,3970095270031;27,2392857142857;4576,2;332610,550734095;404456,616599732;179593,55412596;4770745,25012815;769287,497864409;764814,2023119;0,438359261772275;5;0;85;
86;27,3952380952381;37,3145816448355;9;3;1;7;10;4;37,3145816448355;27,3952380952381;4602,4;332669,063006692;404556,73050226;179652,179055322;4775248,11938836;769335,097399292;764815,756074867;0,436155946759256;5;0;86;
87;27,35;34,4071727223626;6;2;6;7;2;7;34,4071727223626;27,35;4594,8;332686,57987268;404587,598510637;179673,560419388;4776852,00291004;769276,293850409;764866,302136945;0,436967363248076;5;0;87;
88;27,2047619047619;27,4195065794275;7;8;1;5;6;2;27,4195065794275;27,2047619047619;4570,4;332531,198938146;404312,029044246;179525,092164309;4765346,35363193;769330,155095554;764738,231689071;0,438570422364263;5;0;88;
89;27,3761904761905;36,4424336670796;5;5;9;2;9;5;36,4424336670796;27,3761904761905;4599,2;332622,978260147;404479,717463008;179603,673618382;4771473,93742615;769295,466949778;764816,876505153;0,436219327936938;5;0;89;
90;26,6559523809524;29,3892530932409;2;1;3;6;3;9;29,3892530932409;26,6559523809524;4478,2;331830,202931329;403073,066717314;178862,341407186;4714420,00214145;768906,681400524;764610,362355317;0,444247044401022;5;0;90;
91;27,402380952381;27,3718821252028;4;10;4;3;8;2;27,3718821252028;27,402380952381;4603,6;332596,8;404445,45791206;179587,248;4770159,64183569;769289,887058579;764808,532007819;0,435716538418739;5;0;91;
92;27,2178571428571;29,4003375030201;2;9;1;7;7;6;29,4003375030201;27,2178571428571;4572,6;332533,309656826;404316,960875567;179524,663976071;4765350,62247802;769156,57360585;764854,937060235;0,438354374422625;5;0;92;
93;26,6083333333333;37,2802160186395;3;1;1;10;9;8;37,2802160186395;26,6083333333333;4470,2;331893,6;403192,477651932;178923,984;4719070,82531037;768893,522119505;764659,379171166;0,445335152800098;5;0;93;
94;27,3785714285714;52,5057130608593;10;10;9;10;7;10;52,5057130608593;27,3785714285714;4599,6;332666,063203574;404566,60252085;179648,307813549;4774845,27441453;769282,655832646;764850,697228918;0,436390609765588;5;0;94;
95;27,2357142857143;26,3910176007125;5;7;7;4;2;2;26,3910176007125;27,2357142857143;4575,6;332558,983201313;404366,324492533;179551,018074212;4767344,74881126;769214,55955568;764832,955684971;0,438195842049217;5;0;95;
96;27,3738095238095;28,3356937299062;4;8;3;8;3;4;28,3356937299062;27,3738095238095;4598,8;332655,81850388;404540,544208185;179636,475704127;4774229,07235133;769343,466290133;764803,477532269;0,436422313636334;5;0;96;
97;27,3583333333333;32,1014799338377;7;4;5;8;1;5;32,1014799338377;27,3583333333333;4596,2;332607,582546829;404451,321839926;179595,356215487;4770680,69913078;769265,047292008;764827,061475252;0,436438015732078;5;0;97;
98;27,3309523809524;43,4259113703226;3;3;7;9;10;8;43,4259113703226;27,3309523809524;4591,6;332684,444775967;404593,922842969;179670,292794888;4776520,97899944;769306,920181834;764845,904372513;0,437286139575592;5;0;98;
99;27,3809523809524;42,5092091624893;9;3;8;8;1;10;42,5092091624893;27,3809523809524;4600;332620,817498253;404477,580000718;179606,200456896;4771580,79469256;769312,682813652;764803,824836561;0,436141448863096;5;0;99;
100;27,4142857142857;31,4700294802733;2;7;5;3;6;9;31,4700294802733;27,4142857142857;4605,6;332672,375671409;404568,966240083;179652,911742943;4775297,95520854;769272,464698774;764860,988269404;0,435856437134444;5;0;100;
101;27,3226190476191;32,4907616758825;2;7;5;3;6;10;32,4907616758825;27,3226190476191;4590,2;332654,4;404535,829539273;179639,311618707;4774022,96799558;769292,965841199;764837,281412191;0,437233212332487;5;0;101;
102;27,3;37,4653852317019;2;6;10;5;7;7;37,4653852317019;27,3;4586,4;332578,204862913;404402,024864595;179570,162238948;4768651,85131575;769197,986484006;764855,859871591;0,437248035200504;5;0;102;
103;27,402380952381;27,3718821252028;4;10;4;3;8;2;27,3718821252028;27,402380952381;4603,6;332596,8;404445,45791206;179587,248;4770159,64183569;769289,887058579;764808,532007819;0,435716538418739;5;0;103;
104;27,3821428571429;42,487155609272;10;8;7;8;5;6;42,487155609272;27,3821428571429;4600,2;332674,341132453;404572,872000244;179662,865384388;4775945,03008647;769307,305451338;764839,693064996;0,436404413745751;5;0;104;
105;27,4821428571429;37,3727055747906;1;4;10;2;9;9;37,3727055747906;27,4821428571429;4617;332784,773007297;404773,254105338;179768,674158678;4784188,89394326;769311,793080881;764900,757958948;0,435335745027508;5;0;105;
106;27,3809523809524;42,5092091624893;9;3;8;8;1;10;42,5092091624893;27,3809523809524;4600;332620,817498253;404477,580000718;179606,200456896;4771580,79469256;769312,682813652;764803,824836561;0,436141448863096;5;0;106;
107;27,3154761904762;32,418026463448;6;10;9;3;5;3;32,418026463448;27,3154761904762;4589;332693,718931177;404607,284806635;179677,347299962;4776971,33187122;769295,748740278;764857,565925806;0,43753628214927;5;0;107;
108;27,3964285714286;30,3795294600217;4;8;5;8;3;4;30,3795294600217;27,3964285714286;4602,6;332737,864426742;404675,617473872;179713,584;4779843,264;769329,188675117;764858,518480529;0,436446438846223;5;0;108;
109;27,2392857142857;24,3970095270031;2;10;3;3;8;2;24,3970095270031;27,2392857142857;4576,2;332610,550734095;404456,616599732;179593,55412596;4770745,25012815;769287,497864409;764814,2023119;0,438359261772275;5;0;109;
110;27,1535714285714;23,1714058399593;2;10;2;3;8;2;23,1714058399593;27,1535714285714;4561,8;332530,980782224;404316,66424263;179520,532109517;4765008,82015031;769216,681043382;764814,911040768;0,43937283998267;5;0;110;
111;26,6833333333333;37,2777785503049;9;1;6;7;2;7;37,2777785503049;26,6833333333333;4482,8;331826,122055947;403060,988035116;178859,702956209;4714279,54945234;768891,184356489;764618,860852961;0,443779444426755;5;0;111;
112;27,3761904761905;31,5068828400235;6;4;5;8;1;5;31,5068828400235;27,3761904761905;4599,2;332710,172935005;404633,629658393;179686,512;4777762,752;769290,129916417;764870,548555459;0,436622947599292;5;0;112;
113;27,4142857142857;41,4910257948751;9;6;8;1;8;9;41,4910257948751;27,4142857142857;4605,6;332631,44027657;404498,404168544;179615,448;4772301,408;769273,126812621;764836,916539464;0,435654899849043;5;0;113;
114;27,1428571428571;38,4676078670013;1;2;6;10;8;7;38,4676078670013;27,1428571428571;4560;332516,694266472;404286,640333279;179509,332056756;4764134,82246206;769210,737931173;764809,66253148;0,43949360335506;5;0;114;
115;27,3630952380952;40,4001604457489;10;7;7;8;5;4;40,4001604457489;27,3630952380952;4597;332672,329632866;404573,031880592;179658,074506241;4775397,35172183;769298,839192653;764843,765198521;0,436672313509747;5;0;115;
116;27,3488095238095;31,415217820985;6;8;9;5;2;3;31,415217820985;27,3488095238095;4594,6;332617,398722738;404473,211991761;179612,453165361;4771911,91247805;769266,620700612;764834,028772717;0,43668836525887;5;0;116;
117;27,247619047619;26,4848942910904;5;7;5;6;2;2;26,4848942910904;27,247619047619;4577,6;332604,919418828;404447,459280787;179592,615418975;4770549,69244996;769285,207603995;764812,193545129;0,438211038446812;5;0;117;
118;27,2392857142857;24,3970095270031;2;10;3;3;8;2;24,3970095270031;27,2392857142857;4576,2;332610,550734095;404456,616599732;179593,55412596;4770745,25012815;769287,497864409;764814,2023119;0,438359261772275;5;0;118;
119;27,3952380952381;37,3145816448355;9;3;1;7;10;4;37,3145816448355;27,3952380952381;4602,4;332669,063006692;404556,73050226;179652,179055322;4775248,11938836;769335,097399292;764815,756074867;0,436155946759256;5;0;119;
120;27,2357142857143;26,3910176007125;5;7;7;4;2;2;26,3910176007125;27,2357142857143;4575,6;332558,983201313;404366,324492533;179551,018074212;4767344,74881126;769214,55955568;764832,955684971;0,438195842049217;5;0;120;
121;27,297619047619;28,4191257011;4;8;3;8;2;5;28,4191257011;27,297619047619;4586;332709,310864388;404628,237685705;179691,720203487;4778167,74855312;769324,041650585;764847,703829874;0,437913715123409;5;0;121;
122;27,2142857142857;25,3860133661059;2;4;1;6;7;3;25,3860133661059;27,2142857142857;4572;332407,505468889;404091,864233211;179408,879042699;4756427,95532334;769133,139198543;764795,979519357;0,437831807311263;5;0;122;
123;27,3142857142857;33,4718893968359;8;6;2;4;9;4;33,4718893968359;27,3142857142857;4588,8;332579,674141377;404401,491936841;179567,809860197;4768643,24423766;769238,794986176;764827,860884299;0,437021325811918;5;0;123;
124;27,225;27,3815013349514;2;4;1;6;7;5;27,3815013349514;27,225;4573,8;332552,645644684;404348,1175826;179544,384;4766840,064;769170,811125189;764857,410629986;0,438331624009384;5;0;124;
125;27,2392857142857;24,3970095270031;2;10;3;3;8;2;24,3970095270031;27,2392857142857;4576,2;332610,550734095;404456,616599732;179593,55412596;4770745,25012815;769287,497864409;764814,2023119;0,438359261772275;5;0;125;
126;27,3738095238095;28,3356937299062;4;8;3;8;3;4;28,3356937299062;27,3738095238095;4598,8;332655,81850388;404540,544208185;179636,475704127;4774229,07235133;769343,466290133;764803,477532269;0,436422313636334;5;0;126;
127;27,4142857142857;31,4700294802733;2;7;5;3;6;9;31,4700294802733;27,4142857142857;4605,6;332672,375671409;404568,966240083;179652,911742943;4775297,95520854;769272,464698774;764860,988269404;0,435856437134444;5;0;127;
128;27,2738095238095;36,3092932863673;1;3;6;8;8;7;36,3092932863673;27,2738095238095;4582;332627,301678354;404482,482859709;179606,328214062;4771431,13250762;769285,990676771;764825,47006738;0,437844195528119;5;0;128;
129;27,2392857142857;24,3970095270031;2;10;3;3;8;2;24,3970095270031;27,2392857142857;4576,2;332610,550734095;404456,616599732;179593,55412596;4770745,25012815;769287,497864409;764814,2023119;0,438359261772275;5;0;129;
130;27,3904761904762;28,339472854216;3;10;4;3;8;4;28,339472854216;27,3904761904762;4601,6;332606,623434356;404455,690368162;179593,507741046;4770654,336;769266,45657497;764824,873072041;0,435943967109546;5;0;130;
131;27,2238095238095;26,3851883446755;4;10;3;3;8;2;26,3851883446755;27,2238095238095;4573,6;332576,23662451;404399,039223026;179562,432;4768069,55611015;769272,915790208;764803,756427815;0,438430650286998;5;0;131;
132;27,0166666666667;26,4314414359732;7;8;1;5;6;1;26,4314414359732;27,0166666666667;4538,8;332246,934804966;403813,01829293;179256,358045474;4744709,20027205;769235,63129904;764636,973981358;0,440290701667591;5;0;132;
133;27,4130952380952;30,33725996141;5;9;5;8;1;5;30,33725996141;27,4130952380952;4605,4;332698,298671821;404615,208646782;179688,479186061;4777818,03114989;769337,826835295;764831,957310104;0,436035065662784;5;0;133;
134;27,3095238095238;28,4819488811033;5;4;7;4;4;2;28,4819488811033;27,3095238095238;4588;332681,556145844;404580,686862305;179665,177230811;4775796,4407103;769308,825617825;764842,013925263;0,437551371964361;5;0;134;
135;27,3297619047619;26,4851488691201;3;10;6;3;5;3;26,4851488691201;27,3297619047619;4591,4;332642,919803051;404515,934090102;179633,496;4773688,416;769302,096880658;764825,148255667;0,437091322666352;5;0;135;
136;27,3738095238095;28,3356937299062;4;8;3;8;3;4;28,3356937299062;27,3738095238095;4598,8;332655,81850388;404540,544208185;179636,475704127;4774229,07235133;769343,466290133;764803,477532269;0,436422313636334;5;0;136;
137;27,4559523809524;47,173811510823;10;7;9;7;10;5;47,173811510823;27,4559523809524;4612,6;332652,220667036;404541,838347374;179645,91786126;4774642,89707366;769272,698845326;764849,418739145;0,435145601554544;5;0;137;
138;27,2190476190476;23,4504947779547;1;8;3;3;8;2;23,4504947779547;27,2190476190476;4572,8;332498,535469979;404260,646097845;179492,110921311;4762858,36817801;769156,766637442;764837,061121834;0,438183551735595;5;0;138;
139;27,2666666666667;25,3321979326523;2;10;3;2;8;4;25,3321979326523;27,2666666666667;4580,8;332518,664067043;404303,662936014;179505,765797958;4763875,1366485;769209,024118412;764815,238662153;0,437483183533478;5;0;139;
140;27,2761904761905;28,4032463274389;2;8;3;3;8;6;28,4032463274389;27,2761904761905;4582,4;332508,948554528;404274,739859251;179500,452403474;4763571,06212674;769172,107862835;764831,857973912;0,437295351139537;5;0;140;
141;27,2202380952381;29,3769464392061;6;10;6;3;5;3;29,3769464392061;27,2202380952381;4573;332582,929718498;404405,227720226;179572,493365391;4768988,90968621;769240,821863613;764829,322184279;0,438546285416939;5;0;141;
142;27,4142857142857;41,4910257948751;9;6;8;1;8;9;41,4910257948751;27,4142857142857;4605,6;332631,44027657;404498,404168544;179615,448;4772301,408;769273,126812621;764836,916539464;0,435654899849043;5;0;142;
143;27,3928571428572;30,3776667984827;6;4;1;6;7;4;30,3776667984827;27,3928571428572;4602;332660,474418449;404538,490739201;179645,270877754;4774666,10226366;769291,246045137;764839,557856856;0,436148660196601;5;0;143;
144;27,3988095238095;29,448361992771;5;4;7;4;5;2;29,448361992771;27,3988095238095;4603;332694,13883482;404608,241711645;179667,168208959;4776234,50810445;769247,238969692;764891,535723299;0,436169805560984;5;0;144;
145;27,1761904761905;24,2919645974163;2;4;1;6;5;4;24,2919645974163;27,1761904761905;4565,6;332427,388280133;404128,124325844;179429,285202619;4757908,38083637;769080,424541595;764844,514016;0,438537375475472;5;0;145;
146;27,4619047619048;37,4958400592258;1;9;10;2;9;9;37,4958400592258;27,4619047619048;4613,6;332768,4;404742,373760418;179756,448;4783259,68825675;769312,913249157;764890,87303474;0,435602547686733;5;0;146;
147;27,2357142857143;26,3910176007125;5;7;7;4;2;2;26,3910176007125;27,2357142857143;4575,6;332558,983201313;404366,324492533;179551,018074212;4767344,74881126;769214,55955568;764832,955684971;0,438195842049217;5;0;147;
148;27,3190476190476;31,4455827416149;6;8;8;4;2;5;31,4455827416149;27,3190476190476;4589,6;332639,624094763;404508,861258578;179623,14074668;4772969,13922812;769262,069562236;764848,607789314;0,437220174689819;5;0;148;
149;27,2369047619048;39,4890444331736;6;2;2;8;7;10;39,4890444331736;27,2369047619048;4575,8;332574,724914567;404391,196868738;179560,286415646;4768024,98656338;769248,698911178;764819,79547873;0,43822631322254;5;0;149;
150;27,3654761904762;27,4807233966214;5;4;1;6;5;4;27,4807233966214;27,3654761904762;4597,4;332653,277957936;404531,569355341;179635,865310525;4774028,09910225;769275,597275144;764846,625182063;0,436542160833975;5;0;150;
151;27,3238095238095;30,360524181017;7;10;6;3;5;3;30,360524181017;27,3238095238095;4590,4;332621,603409866;404481,306709362;179606,959428199;4771796,87698181;769287,287045294;764822,375839479;0,437069661527199;5;0;151;
152;27,4821428571429;37,3727055747906;1;4;10;2;9;9;37,3727055747906;27,4821428571429;4617;332784,773007297;404773,254105338;179768,674158678;4784188,89394326;769311,793080881;764900,757958948;0,435335745027508;5;0;152;
153;27,2321428571429;28,1531161316908;2;4;2;6;7;5;28,1531161316908;27,2321428571429;4575;332488,019498022;404235,861973149;179481,757099892;4762120,25151628;769190,136700624;764805,570610117;0,437922607123338;5;0;153;
154;27,3857142857143;27,3916339335512;3;8;3;8;3;4;27,3916339335512;27,3857142857143;4600,8;332694,910144362;404598,972890392;179683,499345831;4777464,77781808;769307,416138055;764848,8097402;0,436442726739412;5;0;154;
155;27,3083333333334;29,4349669733478;4;8;4;8;3;4;29,4349669733478;27,3083333333334;4587,8;332617,304603476;404472,589342984;179597,900027806;4770924,83580576;769238,138562054;764851,221925152;0,437254779053773;5;0;155;
156;27,4130952380952;37,4346524216559;9;4;8;8;2;4;37,4346524216559;27,4130952380952;4605,4;332677,58008602;404579,615336856;179664,407449608;4776078,02309662;769271,375590989;764866,054184269;0,435920315992452;5;0;156;
157;27,4071428571429;32,4339885608537;9;9;5;6;1;5;32,4339885608537;27,4071428571429;4604,4;332739,471316187;404680,460774567;179719,780243598;4780354,96895724;769312,767345284;764872,572696573;0,436287147852381;5;0;157;
158;27,4428571428571;33,2680003448198;2;6;8;4;7;6;33,2680003448198;27,4428571428571;4610,4;332729,910543265;404666,450061119;179716,395871994;4779904,64858923;769316,215981271;764865,565560555;0,435702627842575;5;0;158;
159;27,2095238095238;25,4228234267344;4;8;3;8;3;1;25,4228234267344;27,2095238095238;4571,2;332520,71779572;404294,244845928;179511,174821925;4764280,9777166;769232,485914775;764798,472282954;0,438421101003693;5;0;159;
160;27,4380952380952;28,3123150490692;4;4;7;4;5;2;28,3123150490692;27,4380952380952;4609,6;332741,613163941;404693,633768759;179717,282070898;4780536,48399519;769314,864828183;764874,702507618;0,435801089634787;5;0;160;
161;27,3738095238095;28,3356937299062;4;8;3;8;3;4;28,3356937299062;27,3738095238095;4598,8;332655,81850388;404540,544208185;179636,475704127;4774229,07235133;769343,466290133;764803,477532269;0,436422313636334;5;0;161;
162;27,402380952381;27,3718821252028;4;10;4;3;8;2;27,3718821252028;27,402380952381;4603,6;332596,8;404445,45791206;179587,248;4770159,64183569;769289,887058579;764808,532007819;0,435716538418739;5;0;162;
163;27,4559523809524;47,173811510823;10;7;9;7;10;5;47,173811510823;27,4559523809524;4612,6;332652,220667036;404541,838347374;179645,91786126;4774642,89707366;769272,698845326;764849,418739145;0,435145601554544;5;0;163;
164;27,3714285714286;25,3377523172798;5;3;7;4;2;1;25,3377523172798;27,3714285714286;4598,4;332643,495831187;404517,464556717;179626,998840399;4773276,5759251;769286,847740947;764833,982600428;0,436410069771953;5;0;164;
165;27,4821428571429;37,3727055747906;1;4;10;2;9;9;37,3727055747906;27,4821428571429;4617;332784,773007297;404773,254105338;179768,674158678;4784188,89394326;769311,793080881;764900,757958948;0,435335745027508;5;0;165;
166;27,2392857142857;24,3970095270031;2;10;3;3;8;2;24,3970095270031;27,2392857142857;4576,2;332610,550734095;404456,616599732;179593,55412596;4770745,25012815;769287,497864409;764814,2023119;0,438359261772275;5;0;166;
167;27,3904761904762;28,339472854216;3;10;4;3;8;4;28,339472854216;27,3904761904762;4601,6;332606,623434356;404455,690368162;179593,507741046;4770654,336;769266,45657497;764824,873072041;0,435943967109546;5;0;167;
168;26,9142857142857;26,4372576879298;1;7;1;6;7;5;26,4372576879298;26,9142857142857;4521,6;332220,564071176;403769,747788644;179230,134232192;4742696,94431633;768908,320626417;764839,699340822;0,441814025952488;5;0;168;
169;27,4535714285714;36,5448787455222;1;9;9;2;9;9;36,5448787455222;27,4535714285714;4612,2;332757,602142148;404716,973841545;179735,081827447;4781509,18833716;769342,801637837;764863,384813148;0,435632082176791;5;0;169;
170;27,4083333333333;25,3632095676729;5;7;5;6;1;2;25,3632095676729;27,4083333333333;4604,6;332657,619231663;404540,003720397;179650,750321486;4775023,14253873;769321,758571425;764819,360146598;0,435922720279097;5;0;170;
171;27,4428571428571;33,2680003448198;2;6;8;4;7;6;33,2680003448198;27,4428571428571;4610,4;332729,910543265;404666,450061119;179716,395871994;4779904,64858923;769316,215981271;764865,565560555;0,435702627842575;5;0;171;
172;27,327380952381;29,4213901932306;2;4;5;6;7;3;29,4213901932306;27,327380952381;4591;332650,661045674;404523,563456382;179641,774100992;4774432,7103751;769222,12433382;764880,92481793;0,43717898108924;5;0;172;
173;27,2392857142857;24,3970095270031;2;10;3;3;8;2;24,3970095270031;27,2392857142857;4576,2;332610,550734095;404456,616599732;179593,55412596;4770745,25012815;769287,497864409;764814,2023119;0,438359261772275;5;0;173;
174;27,4142857142857;41,4910257948751;9;6;8;1;8;9;41,4910257948751;27,4142857142857;4605,6;332631,44027657;404498,404168544;179615,448;4772301,408;769273,126812621;764836,916539464;0,435654899849043;5;0;174;
175;27,4821428571429;37,3727055747906;1;4;10;2;9;9;37,3727055747906;27,4821428571429;4617;332784,773007297;404773,254105338;179768,674158678;4784188,89394326;769311,793080881;764900,757958948;0,435335745027508;5;0;175;
176;27,3928571428572;30,3776667984827;6;4;1;6;7;4;30,3776667984827;27,3928571428572;4602;332660,474418449;404538,490739201;179645,270877754;4774666,10226366;769291,246045137;764839,557856856;0,436148660196601;5;0;176;
177;27,3904761904762;28,339472854216;3;10;4;3;8;4;28,339472854216;27,3904761904762;4601,6;332606,623434356;404455,690368162;179593,507741046;4770654,336;769266,45657497;764824,873072041;0,435943967109546;5;0;177;
178;27,4047619047619;35,4338070172079;4;8;10;8;3;4;35,4338070172079;27,4047619047619;4604;332634,971499642;404503,561425871;179625,6;4773081,6;769257,504522401;764848,305478196;0,435866840619462;5;0;178;
179;27,3178571428571;28,3940367915516;6;8;8;3;2;3;28,3940367915516;27,3178571428571;4589,4;332590,062604488;404418,895750066;179579,297287393;4769511,40395249;769234,873681597;764838,147368455;0,437013824149139;5;0;179;
180;27,447619047619;30,3533431381602;9;7;7;4;2;2;30,3533431381602;27,447619047619;4611,2;332679,534190636;404581,114592745;179674,708438623;4776973,03395646;769317,790971169;764834,852208543;0,435419899581446;5;0;180;
181;27,2797619047619;27,3868631529416;5;7;8;4;2;2;27,3868631529416;27,2797619047619;4583;332577,437510867;404396,116957311;179566,981740672;4768588,69406638;769250,890256658;764819,510507941;0,437573142074699;5;0;181;
182;27,3285714285714;40,3666580225905;3;9;10;3;9;9;40,3666580225905;27,3285714285714;4591,2;332651,492361561;404532,076203699;179638,642386223;4774064,57250524;769257,610863283;764859,305511296;0,437130794502253;5;0;182;
183;27,4142857142857;31,4700294802733;2;7;5;3;6;9;31,4700294802733;27,4142857142857;4605,6;332672,375671409;404568,966240083;179652,911742943;4775297,95520854;769272,464698774;764860,988269404;0,435856437134444;5;0;183;
184;27,225;27,3815013349514;2;4;1;6;7;5;27,3815013349514;27,225;4573,8;332552,645644684;404348,1175826;179544,384;4766840,064;769170,811125189;764857,410629986;0,438331624009384;5;0;184;
185;26,7392857142857;21,4025595011967;2;4;1;6;5;1;21,4025595011967;26,7392857142857;4492,2;331990,71802257;403368,194945926;179012,935460867;4725983,68224409;769153,376025049;764543,848114535;0,443637964730532;5;0;185;
186;27,2142857142857;25,3860133661059;2;4;1;6;7;3;25,3860133661059;27,2142857142857;4572;332407,505468889;404091,864233211;179408,879042699;4756427,95532334;769133,139198543;764795,979519357;0,437831807311263;5;0;186;
187;27,2392857142857;24,3970095270031;2;10;3;3;8;2;24,3970095270031;27,2392857142857;4576,2;332610,550734095;404456,616599732;179593,55412596;4770745,25012815;769287,497864409;764814,2023119;0,438359261772275;5;0;187;
188;27,3178571428571;28,3940367915516;6;8;8;3;2;3;28,3940367915516;27,3178571428571;4589,4;332590,062604488;404418,895750066;179579,297287393;4769511,40395249;769234,873681597;764838,147368455;0,437013824149139;5;0;188;
189;27,247619047619;26,4848942910904;5;8;5;6;2;2;26,4848942910904;27,247619047619;4577,6;332604,919418828;404447,459280787;179592,615418975;4770549,69244996;769285,207603995;764812,193545129;0,438211038446812;5;0;189;
190;27,3297619047619;26,4851488691201;3;10;6;3;5;3;26,4851488691201;27,3297619047619;4591,4;332642,919803051;404515,934090102;179633,496;4773688,416;769302,096880658;764825,148255667;0,437091322666352;5;0;190;
191;27,2940476190476;20,4397928678201;2;8;3;3;4;2;20,4397928678201;27,2940476190476;4585,4;332631,784071998;404494,732817941;179616,856251944;4772376,85887115;769269,245795303;764838,854925632;0,437598170487069;5;0;191;
192;27,2083333333333;29,5715095486747;2;4;3;6;7;5;29,5715095486747;27,2083333333333;4571;332566,741355846;404374,991773346;179556,131884307;4767730,5299599;769243,584288655;764816,553756772;0,438665668250382;5;0;192;
193;27,2392857142857;24,3970095270031;2;10;3;3;8;2;24,3970095270031;27,2392857142857;4576,2;332610,550734095;404456,616599732;179593,55412596;4770745,25012815;769287,497864409;764814,2023119;0,438359261772275;5;0;193;
194;27,2107142857143;25,302116498993;2;4;1;6;5;5;25,302116498993;27,2107142857143;4571,4;332442,503385716;404149,642935535;179438,885377128;4758738,91079972;769156,711716355;764801,62636961;0,438044155000039;5;0;194;
195;27,402380952381;27,3718821252028;4;10;4;3;8;2;27,3718821252028;27,402380952381;4603,6;332596,8;404445,45791206;179587,248;4770159,64183569;769289,887058579;764808,532007819;0,435716538418739;5;0;195;
196;27,2380952380952;27,4478208316858;6;7;7;4;2;2;27,4478208316858;27,2380952380952;4576;332673,165481448;404573,593203953;179657,461067836;4775539,49910681;769288,806049816;764850,182108106;0,438705095117895;5;0;196;
197;27,3154761904762;29,4417022440039;2;6;8;4;3;6;29,4417022440039;27,3154761904762;4589;332506,812305876;404276,086313731;179499,334356142;4763492,98959527;769200,173248668;764812,607537911;0,43666774675203;5;0;197;
198;27,1761904761905;24,2919645974163;2;4;1;6;5;4;24,2919645974163;27,1761904761905;4565,6;332427,388280133;404128,124325844;179429,285202619;4757908,38083637;769080,424541595;764844,514016;0,438537375475472;5;0;198;
199;27,0940476190476;27,4619594379557;1;4;1;7;7;5;27,4619594379557;27,0940476190476;4551,8;332312,320087606;403919,396957897;179319,835421607;4749703,2846194;768964,977703593;764854,491492399;0,439340524896158;5;0;199;
200;27,1761904761905;24,2919645974163;2;4;1;6;5;4;24,2919645974163;27,1761904761905;4565,6;332427,388280133;404128,124325844;179429,285202619;4757908,38083637;769080,424541595;764844,514016;0,438537375475472;5;0;200;
201;27,3440476190476;39,3762637917457;1;8;10;4;9;9;39,3762637917457;27,3440476190476;4593,8;332626,266035743;404479,678386163;179612,146319997;4772059,15061085;769297,086926758;764816,527254953;0,436765566140593;5;0;201;
202;27,4130952380952;30,33725996141;5;9;5;8;1;5;30,33725996141;27,4130952380952;4605,4;332698,298671821;404615,208646782;179688,479186061;4777818,03114989;769337,826835295;764831,957310104;0,436035065662784;5;0;202;
203;27,4083333333333;25,3632095676729;5;7;5;6;1;2;25,3632095676729;27,4083333333333;4604,6;332657,619231663;404540,003720397;179650,750321486;4775023,14253873;769321,758571425;764819,360146598;0,435922720279097;5;0;203;
204;27,4821428571429;37,3727055747906;1;4;10;2;9;9;37,3727055747906;27,4821428571429;4617;332784,773007297;404773,254105338;179768,674158678;4784188,89394326;769311,793080881;764900,757958948;0,435335745027508;5;0;204;
205;27,3857142857143;27,3916339335512;3;8;3;8;3;4;27,3916339335512;27,3857142857143;4600,8;332694,910144362;404598,972890392;179683,499345831;4777464,77781808;769307,416138055;764848,8097402;0,436442726739412;5;0;205;
206;27,377380952381;38,4669133583333;1;9;9;4;9;9;38,4669133583333;27,377380952381;4599,4;332622,065359582;404481,716777839;179608,893138075;4771789,78810501;769257,298554523;764842,042042651;0,436222364346947;5;0;206;
207;27,4142857142857;31,4700294802733;2;7;5;3;6;9;31,4700294802733;27,4142857142857;4605,6;332672,375671409;404568,966240083;179652,911742943;4775297,95520854;769272,464698774;764860,988269404;0,435856437134444;5;0;207;
208;27,2940476190476;20,4397928678201;2;8;3;3;4;2;20,4397928678201;27,2940476190476;4585,4;332631,784071998;404494,732817941;179616,856251944;4772376,85887115;769269,245795303;764838,854925632;0,437598170487069;5;0;208;
209;27,4107142857143;40,473158642537;9;6;8;1;7;9;40,473158642537;27,4107142857143;4605;332681,665874644;404583,908679166;179657,944912721;4775571,37110182;769282,566463966;764860,032990505;0,435925152155;5;0;209;
210;27,2392857142857;24,3970095270031;2;10;3;3;8;2;24,3970095270031;27,2392857142857;4576,2;332610,550734095;404456,616599732;179593,55412596;4770745,25012815;769287,497864409;764814,2023119;0,438359261772275;5;0;210;
211;27,4285714285714;29,3606973258913;4;4;8;4;5;2;29,3606973258913;27,4285714285714;4608;332639,800850795;404508,943356065;179624,451486676;4773016,06945199;769318,234822461;764811,314067648;0,435484569342314;5;0;211;
212;27,3142857142857;33,4281753285954;1;6;9;2;9;6;33,4281753285954;27,3142857142857;4588,8;332715,955477628;404639,79810151;179693,349096781;4778287,43156669;769293,421512132;764871,105984285;0,437640282568575;5;0;212;
213;27,3761904761905;28,4283649548571;4;4;2;6;5;5;28,4283649548571;27,3761904761905;4599,2;332670,567473416;404562,168636593;179655,193302106;4775365,34807065;769307,984215978;764835,964210722;0,436461918521891;5;0;213;
214;27,325;29,4536149307836;2;9;2;3;8;8;29,4536149307836;27,325;4590,6;332567,505892284;404381,595876669;179561,752877698;4767967,008;769242,525175362;764818,948917445;0,436803848056641;5;0;214;
215;27,1761904761905;24,2919645974163;2;4;1;6;5;4;24,2919645974163;27,1761904761905;4565,6;332427,388280133;404128,124325844;179429,285202619;4757908,38083637;769080,424541595;764844,514016;0,438537375475472;5;0;215;
216;27,1773809523809;26,341605484568;2;10;3;2;9;4;26,341605484568;27,1773809523809;4565,8;332485,934404097;404238,656792348;179474,706359537;4761494,81074739;769224,049302539;764783,879021691;0,438764440403407;5;0;216;
217;27,3035714285714;23,4158412795091;2;10;3;2;8;2;23,4158412795091;27,3035714285714;4587;332628,273015861;404488,314889849;179608,22091803;4771738,65519619;769236,71902294;764859,393968911;0,437403592523834;5;0;217;
218;27,4619047619048;37,4958400592258;1;9;10;2;9;9;37,4958400592258;27,4619047619048;4613,6;332768,4;404742,373760418;179756,448;4783259,68825675;769312,913249157;764890,87303474;0,435602547686733;5;0;218;
219;27,4071428571429;32,4339885608537;9;9;5;6;1;5;32,4339885608537;27,4071428571429;4604,4;332739,471316187;404680,460774567;179719,780243598;4780354,96895724;769312,767345284;764872,572696573;0,436287147852381;5;0;219;
220;27,1535714285714;23,1714058399593;2;10;2;3;8;2;23,1714058399593;27,1535714285714;4561,8;332530,980782224;404316,66424263;179520,532109517;4765008,82015031;769216,681043382;764814,911040768;0,43937283998267;5;0;220;
221;27,402380952381;27,3718821252028;4;10;4;3;8;2;27,3718821252028;27,402380952381;4603,6;332596,8;404445,45791206;179587,248;4770159,64183569;769289,887058579;764808,532007819;0,435716538418739;5;0;221;
222;27,3440476190476;31,2374112264169;5;9;5;9;1;5;31,2374112264169;27,3440476190476;4593,8;332603,475154463;404451,579625593;179587,17647617;4769984,33218549;769286,468948458;764812,372250646;0,436629364042008;5;0;222;
223;27,2392857142857;24,3970095270031;2;8;3;3;8;2;24,3970095270031;27,2392857142857;4576,2;332610,550734095;404456,616599732;179593,55412596;4770745,25012815;769287,497864409;764814,2023119;0,438359261772275;5;0;223;
224;27,2940476190476;20,4397928678201;2;8;3;3;4;2;20,4397928678201;27,2940476190476;4585,4;332631,784071998;404494,732817941;179616,856251944;4772376,85887115;769269,245795303;764838,854925632;0,437598170487069;5;0;224;
225;27,447619047619;30,3533431381602;9;7;7;4;2;2;30,3533431381602;27,447619047619;4611,2;332679,534190636;404581,114592745;179674,708438623;4776973,03395646;769317,790971169;764834,852208543;0,435419899581446;5;0;225;
226;27,2666666666667;25,3321979326523;2;10;3;2;8;4;25,3321979326523;27,2666666666667;4580,8;332518,664067043;404303,662936014;179505,765797958;4763875,1366485;769209,024118412;764815,238662153;0,437483183533478;5;0;226;
227;27,3904761904762;30,3420126241603;2;7;5;1;6;10;30,3420126241603;27,3904761904762;4601,6;332693,566150508;404609,222873749;179678,030418353;4776969,39750302;769264,963950532;764878,141681427;0,436335668378261;5;0;227;
228;27,1535714285714;23,1714058399593;2;10;2;3;8;2;23,1714058399593;27,1535714285714;4561,8;332530,980782224;404316,66424263;179520,532109517;4765008,82015031;769216,681043382;764814,911040768;0,43937283998267;5;0;228;
229;27,3714285714286;25,3377523172798;5;3;7;4;2;1;25,3377523172798;27,3714285714286;4598,4;332643,495831187;404517,464556717;179626,998840399;4773276,5759251;769286,847740947;764833,982600428;0,436410069771953;5;0;229;
230;27,402380952381;27,3718821252028;4;10;4;3;8;2;27,3718821252028;27,402380952381;4603,6;332596,8;404445,45791206;179587,248;4770159,64183569;769289,887058579;764808,532007819;0,435716538418739;5;0;230;
231;27,2666666666667;25,3321979326523;2;10;3;2;8;4;25,3321979326523;27,2666666666667;4580,8;332518,664067043;404303,662936014;179505,765797958;4763875,1366485;769209,024118412;764815,238662153;0,437483183533478;5;0;231;
232;27,2190476190476;23,4504947779547;1;8;3;3;8;2;23,4504947779547;27,2190476190476;4572,8;332498,535469979;404260,646097845;179492,110921311;4762858,36817801;769156,766637442;764837,061121834;0,438183551735595;5;0;232;
233;27,447619047619;30,3533431381602;9;7;7;4;2;2;30,3533431381602;27,447619047619;4611,2;332679,534190636;404581,114592745;179674,708438623;4776973,03395646;769317,790971169;764834,852208543;0,435419899581446;5;0;233;
234;26,9845238095238;28,4669730507191;9;4;1;6;5;1;28,4669730507191;26,9845238095238;4533,4;332299,171630355;403888,631914001;179305,788618956;4748462,208;769276,848908728;764634,677556402;0,441051254004991;5;0;234;
235;27,1535714285714;23,1714058399593;2;10;2;3;8;2;23,1714058399593;27,1535714285714;4561,8;332530,980782224;404316,66424263;179520,532109517;4765008,82015031;769216,681043382;764814,911040768;0,43937283998267;5;0;235;
236;27,325;38,3273619396761;2;6;9;4;7;10;38,3273619396761;27,325;4590,6;332661,092303369;404554,688066426;179642,89300213;4774301,68962957;769268,209620582;764858,767037025;0,437215862962744;5;0;236;
237;27,2392857142857;24,3970095270031;2;10;3;3;8;2;24,3970095270031;27,2392857142857;4576,2;332610,550734095;404456,616599732;179593,55412596;4770745,25012815;769287,497864409;764814,2023119;0,438359261772275;5;0;237;
238;27,4321428571428;33,4562297330481;4;4;7;5;5;6;33,4562297330481;27,4321428571428;4608,6;332672,137386377;404568,041821441;179656,207119233;4775543,23681168;769270,510015331;764861,868530726;0,435584564713824;5;0;238;
239;27,2178571428571;25,3541371611253;2;8;3;3;9;2;25,3541371611253;27,2178571428571;4572,6;332556,79920119;404361,058108291;179547,291179204;4767068,71869824;769227,810541173;764822,691711511;0,438462451044927;5;0;239;
240;27,2797619047619;27,3868631529416;5;7;8;4;2;2;27,3868631529416;27,2797619047619;4583;332577,437510867;404396,116957311;179566,981740672;4768588,69406638;769250,890256658;764819,510507941;0,437573142074699;5;0;240;
241;27,447619047619;30,3533431381602;9;7;7;4;2;2;30,3533431381602;27,447619047619;4611,2;332679,534190636;404581,114592745;179674,708438623;4776973,03395646;769317,790971169;764834,852208543;0,435419899581446;5;0;241;
242;27,402380952381;27,3718821252028;4;10;4;3;8;2;27,3718821252028;27,402380952381;4603,6;332596,8;404445,45791206;179587,248;4770159,64183569;769289,887058579;764808,532007819;0,435716538418739;5;0;242;
243;27,1916666666666;27,4132685942077;3;10;6;3;6;3;27,4132685942077;27,1916666666666;4568,2;332611,50778433;404462,936995268;179597,908744313;4770972,68017858;769258,398639212;764834,879554838;0,43913737306196;5;0;243;
244;27,3714285714286;25,3377523172798;5;3;7;4;2;1;25,3377523172798;27,3714285714286;4598,4;332643,495831187;404517,464556717;179626,998840399;4773276,5759251;769286,847740947;764833,982600428;0,436410069771953;5;0;244;
245;27,4130952380952;30,33725996141;5;9;5;8;1;5;30,33725996141;27,4130952380952;4605,4;332698,298671821;404615,208646782;179688,479186061;4777818,03114989;769337,826835295;764831,957310104;0,436035065662784;5;0;245;
246;27,3297619047619;26,4851488691201;3;10;6;3;5;3;26,4851488691201;27,3297619047619;4591,4;332642,919803051;404515,934090102;179633,496;4773688,416;769302,096880658;764825,148255667;0,437091322666352;5;0;246;
247;27,4130952380952;30,33725996141;5;9;5;8;1;5;30,33725996141;27,4130952380952;4605,4;332698,298671821;404615,208646782;179688,479186061;4777818,03114989;769337,826835295;764831,957310104;0,436035065662784;5;0;247;
248;27,2928571428571;42,4868528289929;10;7;9;3;10;4;42,4868528289929;27,2928571428571;4585,2;332639,136639403;404505,297650872;179630,771252164;4773471,77848297;769262,720336286;764848,574786144;0,437669501831492;5;0;248;
249;27,4083333333333;25,3632095676729;5;7;5;6;1;2;25,3632095676729;27,4083333333333;4604,6;332657,619231663;404540,003720397;179650,750321486;4775023,14253873;769321,758571425;764819,360146598;0,435922720279097;5;0;249;
250;27,2940476190476;20,4397928678201;2;8;3;3;4;2;20,4397928678201;27,2940476190476;4585,4;332631,784071998;404494,732817941;179616,856251944;4772376,85887115;769269,245795303;764838,854925632;0,437598170487069;5;0;250;
251;27,422619047619;41,4508808210329;5;4;10;2;9;9;41,4508808210329;27,422619047619;4607;332773,760390065;404747,564382573;179752,173414047;4782760,2628792;769340,111999602;764874,349808689;0,436199931727513;5;0;251;
252;27,447619047619;30,3533431381602;9;7;7;4;2;2;30,3533431381602;27,447619047619;4611,2;332679,534190636;404581,114592745;179674,708438623;4776973,03395646;769317,790971169;764834,852208543;0,435419899581446;5;0;252;
253;27,2035714285714;35,2885173298357;9;7;7;9;2;2;35,2885173298357;27,2035714285714;4570,2;332586,716712352;404422,372408939;179580,083626762;4769465,04789347;769262,820270491;764817,747301782;0,4388553498339;5;0;253;
254;27,3309523809524;32,3428991710899;1;6;8;4;7;6;32,3428991710899;27,3309523809524;4591,6;332633,891983072;404498,944828771;179616,576;4772648,16;769284,624532417;764830,247200987;0,437001688932262;5;0;254;
255;27,4821428571429;37,3727055747906;1;4;10;2;9;9;37,3727055747906;27,4821428571429;4617;332784,773007297;404773,254105338;179768,674158678;4784188,89394326;769311,793080881;764900,757958948;0,435335745027508;5;0;255;
256;27,4285714285714;29,3606973258913;4;4;8;4;5;2;29,3606973258913;27,4285714285714;4608;332639,800850795;404508,943356065;179624,451486676;4773016,06945199;769318,234822461;764811,314067648;0,435484569342314;5;0;256;
257;27,402380952381;27,3718821252028;4;10;4;3;8;2;27,3718821252028;27,402380952381;4603,6;332596,8;404445,45791206;179587,248;4770159,64183569;769289,887058579;764808,532007819;0,435716538418739;5;0;257;
258;27,2178571428571;25,3541371611253;2;10;3;2;10;2;25,3541371611253;27,2178571428571;4572,6;332556,79920119;404361,058108291;179547,291179204;4767068,71869824;769227,810541173;764822,691711511;0,438462451044927;5;0;258;
259;27,4821428571429;37,3727055747906;1;4;10;2;9;9;37,3727055747906;27,4821428571429;4617;332784,773007297;404773,254105338;179768,674158678;4784188,89394326;769311,793080881;764900,757958948;0,435335745027508;5;0;259;
260;27,3297619047619;36,363274714072;1;4;10;2;8;9;36,363274714072;27,3297619047619;4591,4;332682;404586,408898411;179659,051314871;4775855,616;769326,324193047;764830,776891962;0,43724071667851;5;0;260;
261;27,2392857142857;24,3970095270031;2;10;3;3;8;2;24,3970095270031;27,2392857142857;4576,2;332610,550734095;404456,616599732;179593,55412596;4770745,25012815;769287,497864409;764814,2023119;0,438359261772275;5;0;261;
262;27,3214285714286;25,4345671502313;2;10;4;3;8;2;25,4345671502313;27,3214285714286;4590;332579,716793674;404402,834715132;179570,609555463;4768901,32751372;769292,455622343;764792,744862935;0,436918263195716;5;0;262;
263;27,3511904761905;25,3568241012277;4;10;2;3;8;2;25,3568241012277;27,3511904761905;4595;332639,243896863;404503,844052859;179625,148070763;4773094,75433899;769302,269800218;764818,993597693;0,436719050482087;5;0;263;
264;27,4619047619048;37,4958400592258;1;9;10;2;9;9;37,4958400592258;27,4619047619048;4613,6;332768,4;404742,373760418;179756,448;4783259,68825675;769312,913249157;764890,87303474;0,435602547686733;5;0;264;
265;27,3142857142857;33,4281753285954;1;9;9;2;9;6;33,4281753285954;27,3142857142857;4588,8;332715,955477628;404639,79810151;179693,349096781;4778287,43156669;769293,421512132;764871,105984285;0,437640282568575;5;0;265;
266;27,3309523809524;32,3428991710899;1;6;8;4;7;6;32,3428991710899;27,3309523809524;4591,6;332633,891983072;404498,944828771;179616,576;4772648,16;769284,624532417;764830,247200987;0,437001688932262;5;0;266;
267;27,4821428571429;37,3727055747906;1;4;10;2;9;9;37,3727055747906;27,4821428571429;4617;332784,773007297;404773,254105338;179768,674158678;4784188,89394326;769311,793080881;764900,757958948;0,435335745027508;5;0;267;
268;27,3261904761905;24,369448828155;2;10;3;2;7;4;24,369448828155;27,3261904761905;4590,8;332587,99588145;404419,671506023;179577,096;4769125,92716431;769227,204410436;764841,841504433;0,436863423416795;5;0;268;
269;27,3321428571429;17,3603875218681;2;9;3;3;1;2;17,3603875218681;27,3321428571429;4591,8;332595,874222948;404441,178132963;179584,334571872;4769874,49862281;769248,330634086;764834,940826591;0,43681460667475;5;0;269;
270;27,3928571428571;27,5223219683732;3;10;7;3;5;3;27,5223219683732;27,3928571428571;4602;332694,20996515;404609,68090093;179676,128772797;4776967,32852295;769234,379403925;764899,136696087;0,436299132464482;5;0;270;
271;27,2666666666667;25,3321979326523;2;10;3;2;8;4;25,3321979326523;27,2666666666667;4580,8;332518,664067043;404303,662936014;179505,765797958;4763875,1366485;769209,024118412;764815,238662153;0,437483183533478;5;0;271;
272;27,3559523809524;29,4581466363668;9;7;6;4;2;2;29,4581466363668;27,3559523809524;4595,8;332644,8;404518,413886701;179632,120378601;4773585,41659891;769279,598703111;764839,99018269;0,436676191769962;5;0;272;
273;26,75;21,4161644526965;2;2;1;6;5;1;21,4161644526965;26,75;4494;332003,185939565;403388,090178562;179027,76;4727136,96;769114,09010994;764578,362827872;0,443529622461965;5;0;273;
274;27,3773809523809;38,4159819455211;1;4;9;3;9;10;38,4159819455211;27,3773809523809;4599,4;332616,601655521;404469,297627077;179609,047638512;4771772,20556219;769248,798681334;764843,745214456;0,436204873816777;5;0;274;
275;27,2940476190476;20,4397928678201;2;8;3;3;4;2;20,4397928678201;27,2940476190476;4585,4;332631,784071998;404494,732817941;179616,856251944;4772376,85887115;769269,245795303;764838,854925632;0,437598170487069;5;0;275;
276;27,4428571428571;33,2680003448198;2;6;8;4;7;6;33,2680003448198;27,4428571428571;4610,4;332729,910543265;404666,450061119;179716,395871994;4779904,64858923;769316,215981271;764865,565560555;0,435702627842575;5;0;276;
277;27,2285714285714;30,4598923664306;9;2;7;4;2;2;30,4598923664306;27,2285714285714;4574,4;332471,379036426;404215,646686875;179462,821550987;4760439,86552367;769246,221689608;764762,370757667;0,437867452878708;5;0;277;
278;27,0595238095238;22,4511920782011;1;10;2;3;8;2;22,4511920782011;27,0595238095238;4546;332285,508545398;403873,50858886;179291,867648649;4747444,58894079;769049,429765887;764782,339537774;0,43977024084421;5;0;278;
279;27,35;25,400311896583;5;5;7;4;2;1;25,400311896583;27,35;4594,8;332645,77730519;404525,258816318;179617,289328253;4772323,44382995;769290,084004987;764833,277410786;0,436690243088255;5;0;279;
280;27,4380952380952;28,3123150490692;4;4;7;4;5;2;28,3123150490692;27,4380952380952;4609,6;332741,613163941;404693,633768759;179717,282070898;4780536,48399519;769314,864828183;764874,702507618;0,435801089634787;5;0;280;
281;27,4619047619048;37,4958400592258;1;9;10;2;9;9;37,4958400592258;27,4619047619048;4613,6;332768,4;404742,373760418;179756,448;4783259,68825675;769312,913249157;764890,87303474;0,435602547686733;5;0;281;
282;27,4083333333333;25,3632095676729;5;7;5;6;1;2;25,3632095676729;27,4083333333333;4604,6;332657,619231663;404540,003720397;179650,750321486;4775023,14253873;769321,758571425;764819,360146598;0,435922720279097;5;0;282;
283;27,3309523809524;31,4055559832713;9;9;6;7;2;1;31,4055559832713;27,3309523809524;4591,6;332635,607543048;404509,769426572;179621,673380104;4772751,57962177;769288,284739533;764828,676400162;0,437023356203126;5;0;283;
284;27,2666666666667;31,3803361101681;9;7;7;3;2;4;31,3803361101681;27,2666666666667;4580,8;332595,087026166;404443,235362565;179586,020071288;4769916,30237931;769221,099153617;764851,129738985;0,437874521141722;5;0;284;
285;27,3392857142857;28,4617512616617;8;7;5;6;1;2;28,4617512616617;27,3392857142857;4593;332654,4;404535,249817884;179646,766958249;4774641,984;769323,352532312;764815,623522875;0,436996983178734;5;0;285;
286;27,247619047619;37,4416119261253;2;4;10;1;9;9;37,4416119261253;27,247619047619;4577,6;332650,428360583;404529,447750804;179634,66348963;4773790,08927436;769262,345386697;764854,829875702;0,438418666665517;5;0;286;
287;27,447619047619;30,3533431381602;9;7;7;4;2;2;30,3533431381602;27,447619047619;4611,2;332679,534190636;404581,114592745;179674,708438623;4776973,03395646;769317,790971169;764834,852208543;0,435419899581446;5;0;287;
288;27,2845238095238;27,2746579748785;4;10;5;3;7;2;27,2746579748785;27,2845238095238;4583,8;332642,4;404512,981171604;179626,365366548;4773197,16821533;769295,330839789;764828,13333067;0,43778768750893;5;0;288;
289;26,8380952380952;19,3259993645444;2;4;1;6;3;1;19,3259993645444;26,8380952380952;4508,8;332042,422283916;403439,253883245;179061,6;4729845,89204246;769108,516029771;764599,965632843;0,44223120212547;5;0;289;
290;27,4535714285714;36,5448787455222;1;9;9;2;9;9;36,5448787455222;27,4535714285714;4612,2;332757,602142148;404716,973841545;179735,081827447;4781509,18833716;769342,801637837;764863,384813148;0,435632082176791;5;0;290;
291;27,4821428571429;37,3727055747906;1;4;10;2;9;9;37,3727055747906;27,4821428571429;4617;332784,773007297;404773,254105338;179768,674158678;4784188,89394326;769311,793080881;764900,757958948;0,435335745027508;5;0;291;
292;27,2666666666667;25,3321979326523;2;10;3;2;8;4;25,3321979326523;27,2666666666667;4580,8;332518,664067043;404303,662936014;179505,765797958;4763875,1366485;769209,024118412;764815,238662153;0,437483183533478;5;0;292;
293;27,3476190476191;28,4466759261806;8;10;4;3;5;2;28,4466759261806;27,3476190476191;4594,4;332665,550616204;404556,970443232;179649,288;4774910,53735993;769285,43673441;764847,947870542;0,436887117601677;5;0;293;
294;26,8964285714286;23,3975628450025;2;4;1;8;5;1;23,3975628450025;26,8964285714286;4518,6;332163,92486799;403669,556236429;179177,698018067;4738660,80016884;769182,51205665;764622,424619315;0,441855266859284;5;0;294;
295;27,2940476190476;20,4397928678201;2;8;3;3;4;2;20,4397928678201;27,2940476190476;4585,4;332631,784071998;404494,732817941;179616,856251944;4772376,85887115;769269,245795303;764838,854925632;0,437598170487069;5;0;295;
296;27,3369047619048;24,3552347721053;3;10;2;3;8;2;24,3552347721053;27,3369047619048;4592,6;332628,399869834;404487,489344421;179612,267454692;4772421,21335237;769314,781179191;764806,117155509;0,436919541254122;5;0;296;
297;27,447619047619;30,3533431381602;9;7;7;4;2;2;30,3533431381602;27,447619047619;4611,2;332679,534190636;404581,114592745;179674,708438623;4776973,03395646;769317,790971169;764834,852208543;0,435419899581446;5;0;297;
298;27,3392857142857;42,4466892469454;7;4;10;1;9;9;42,4466892469454;27,3392857142857;4593;332668,695465791;404564,860123802;179650,292300748;4774980,58764079;769254,389828659;764869,644695562;0,437021402732717;5;0;298;
299;27,4083333333333;25,3632095676729;5;7;5;6;1;2;25,3632095676729;27,4083333333333;4604,6;332657,619231663;404540,003720397;179650,750321486;4775023,14253873;769321,758571425;764819,360146598;0,435922720279097;5;0;299;
300;27,3261904761905;24,369448828155;2;10;3;2;7;4;24,369448828155;27,3261904761905;4590,8;332587,99588145;404419,671506023;179577,096;4769125,92716431;769227,204410436;764841,841504433;0,436863423416795;5;0;300;
301;27,4535714285714;36,5448787455222;1;9;9;2;9;9;36,5448787455222;27,4535714285714;4612,2;332757,602142148;404716,973841545;179735,081827447;4781509,18833716;769342,801637837;764863,384813148;0,435632082176791;5;0;301;
302;27,2940476190476;20,4397928678201;2;9;3;3;4;2;20,4397928678201;27,2940476190476;4585,4;332631,784071998;404494,732817941;179616,856251944;4772376,85887115;769269,245795303;764838,854925632;0,437598170487069;5;0;302;
303;27,4988095238095;30,498869282535;5;4;8;4;5;2;30,498869282535;27,4988095238095;4619,8;332654,165194615;404538,08297392;179640,800658949;4774357,18816455;769263,544355047;764856,704412586;0,434450448146444;5;0;303;
304;27,4083333333333;25,3632095676729;5;7;5;6;1;2;25,3632095676729;27,4083333333333;4604,6;332657,619231663;404540,003720397;179650,750321486;4775023,14253873;769321,758571425;764819,360146598;0,435922720279097;5;0;304;
305;27,1416666666667;22,3856766480697;2;4;1;6;3;4;22,3856766480697;27,1416666666667;4559,8;332451,848479726;404192,780446799;179446,215430665;4759302,58529954;769126,473897605;764833,519896322;0,439193949403764;5;0;305;
306;27,447619047619;30,3533431381602;9;7;7;4;2;2;30,3533431381602;27,447619047619;4611,2;332679,534190636;404581,114592745;179674,708438623;4776973,03395646;769317,790971169;764834,852208543;0,435419899581446;5;0;306;
307;27,4380952380952;28,3123150490692;4;4;7;4;5;2;28,3123150490692;27,4380952380952;4609,6;332741,613163941;404693,633768759;179717,282070898;4780536,48399519;769314,864828183;764874,702507618;0,435801089634787;5;0;307;
308;27,3809523809524;26,363528999512;4;10;4;2;8;2;26,363528999512;27,3809523809524;4600;332599,2;404440,903887202;179590,632;4770394,272;769228,068079455;764847,459334949;0,436072584637551;5;0;308;
309;27,222619047619;20,3197141298705;2;8;1;2;4;5;20,3197141298705;27,222619047619;4573,4;332534,270338073;404321,17976511;179529,416930492;4765384,74813275;769147,452070867;764863,181845747;0,438302874602681;5;0;309;
310;27,3702380952381;25,4862352569772;4;10;4;1;8;2;25,4862352569772;27,3702380952381;4598,2;332660,203137784;404548,503334561;179644,369954786;4774528,54885144;769286,092762265;764844,962351972;0,436509660862398;5;0;310;
311;27,3904761904762;23,4873871389533;3;7;5;6;1;2;23,4873871389533;27,3904761904762;4601,6;332696,010462716;404615,689936568;179677,065854015;4776959,73930081;769262,04292967;764882,973191636;0,43632962965894;5;0;311;
312;27,3321428571429;17,3603875218681;2;9;3;3;1;2;17,3603875218681;27,3321428571429;4591,8;332595,874222948;404441,178132963;179584,334571872;4769874,49862281;769248,330634086;764834,940826591;0,43681460667475;5;0;312;
313;27,4130952380952;29,3860011141095;9;7;7;4;2;1;29,3860011141095;27,4130952380952;4605,4;332714,285589231;404638,78573215;179707,062877932;4779343,6846479;769316,942058948;764855,82147408;0,436120718826313;5;0;313;
314;27,2940476190476;20,4397928678201;2;8;3;3;4;2;20,4397928678201;27,2940476190476;4585,4;332631,784071998;404494,732817941;179616,856251944;4772376,85887115;769269,245795303;764838,854925632;0,437598170487069;5;0;314;
315;27,3714285714286;25,3377523172798;5;3;7;4;2;1;25,3377523172798;27,3714285714286;4598,4;332643,495831187;404517,464556717;179626,998840399;4773276,5759251;769286,847740947;764833,982600428;0,436410069771953;5;0;315;
316;27,4428571428571;33,2680003448198;2;6;8;4;7;6;33,2680003448198;27,4428571428571;4610,4;332729,910543265;404666,450061119;179716,395871994;4779904,64858923;769316,215981271;764865,565560555;0,435702627842575;5;0;316;
317;27,4380952380952;28,3123150490692;4;4;7;4;5;2;28,3123150490692;27,4380952380952;4609,6;332741,613163941;404693,633768759;179717,282070898;4780536,48399519;769314,864828183;764874,702507618;0,435801089634787;5;0;317;
318;27,3714285714286;25,3377523172798;5;3;7;4;2;1;25,3377523172798;27,3714285714286;4598,4;332643,495831187;404517,464556717;179626,998840399;4773276,5759251;769286,847740947;764833,982600428;0,436410069771953;5;0;318;
319;27,2559523809524;37,5003772440812;2;9;10;2;8;9;37,5003772440812;27,2559523809524;4579;332615,585510182;404465,589643097;179601,95148963;4771276,13727436;769278,262470935;764824,212214496;0,438116550762855;5;0;319;
320;27,3011904761905;38,3736872995208;1;4;10;2;9;10;38,3736872995208;27,3011904761905;4586,6;332608,471584402;404457,91797119;179600,634853807;4771255,51491129;769268,87805655;764825,617617047;0,43738680897495;5;0;320;
321;27,3714285714286;28,2758977896337;4;9;7;4;5;2;28,2758977896337;27,3714285714286;4598,4;332677,161951182;404578,656612803;179660,482977537;4775822,11523305;769274,81567634;764862,961907359;0,436568859345154;5;0;321;
322;27,247619047619;23,4592425575734;4;7;5;6;1;1;23,4592425575734;27,247619047619;4577,6;332555,363742813;404357,694654077;179545,149571048;4766915,26195668;769246,996564001;764809,564174609;0,437972032545228;5;0;322;
323;27,3476190476191;29,4762238527399;9;7;7;3;2;2;29,4762238527399;27,3476190476191;4594,4;332609,667806297;404455,701082641;179598,528;4771001,088;769264,544289949;764829,82584729;0,436640292495387;5;0;323;
324;27,447619047619;30,3533431381602;9;7;7;4;2;2;30,3533431381602;27,447619047619;4611,2;332679,534190636;404581,114592745;179674,708438623;4776973,03395646;769317,790971169;764834,852208543;0,435419899581446;5;0;324;
325;27,4083333333333;25,3632095676729;5;7;5;6;1;2;25,3632095676729;27,4083333333333;4604,6;332657,619231663;404540,003720397;179650,750321486;4775023,14253873;769321,758571425;764819,360146598;0,435922720279097;5;0;325;
326;26,5869047619048;14,4855635646416;1;4;1;2;3;1;14,4855635646416;26,5869047619048;4466,6;331907,712555473;403204,673219799;178938,085087801;4720251,52765603;768944,916481777;764630,166961142;0,445792153133349;5;0;326;
327;27,3714285714286;25,3377523172798;5;3;7;4;2;1;25,3377523172798;27,3714285714286;4598,4;332643,495831187;404517,464556717;179626,998840399;4773276,5759251;769286,847740947;764833,982600428;0,436410069771953;5;0;327;
328;27,4380952380952;28,3123150490692;4;4;7;4;5;2;28,3123150490692;27,4380952380952;4609,6;332741,613163941;404693,633768759;179717,282070898;4780536,48399519;769314,864828183;764874,702507618;0,435801089634787;5;0;328;
329;27,247619047619;26,4848942910904;5;7;5;6;2;2;26,4848942910904;27,247619047619;4577,6;332604,919418828;404447,459280787;179592,615418975;4770549,69244996;769285,207603995;764812,193545129;0,438211038446812;5;0;329;
330;27,2571428571429;21,4743237280239;1;10;3;1;8;2;21,4743237280239;27,2571428571429;4579,2;332563,081295817;404375,925935387;179552,614873259;4767468,93888535;769246,118291627;764814,485478761;0,437867529503729;5;0;330;
331;26,8380952380952;19,3259993645444;2;4;1;6;3;1;19,3259993645444;26,8380952380952;4508,8;332042,422283916;403439,253883245;179061,6;4729845,89204246;769108,516029771;764599,965632843;0,44223120212547;5;0;331;
332;27,4821428571429;37,3727055747906;1;4;10;2;9;9;37,3727055747906;27,4821428571429;4617;332784,773007297;404773,254105338;179768,674158678;4784188,89394326;769311,793080881;764900,757958948;0,435335745027508;5;0;332;
333;27,2726190476191;34,3975119914796;1;2;7;2;9;9;34,3975119914796;27,2726190476191;4581,8;332575,091749176;404393,831723277;179570,233555471;4768829,37210656;769214,204071762;764843,115537288;0,437693488974973;5;0;333;
334;27,4428571428571;33,2680003448198;2;6;8;4;7;6;33,2680003448198;27,4428571428571;4610,4;332729,910543265;404666,450061119;179716,395871994;4779904,64858923;769316,215981271;764865,565560555;0,435702627842575;5;0;334;
335;26,6833333333333;37,4103527405697;1;1;10;2;9;9;37,4103527405697;26,6833333333333;4482,8;331788,278516181;402999,60630636;178825,26542752;4711655,73658729;768907,034362309;764587,114466305;0,443603669751754;5;0;335;
336;27,2904761904762;18,5477075103881;2;7;3;3;2;2;18,5477075103881;27,2904761904762;4584,8;332548,411200746;404350,025104883;179541,528308813;4766540,49693797;769223,53971503;764820,537374706;0,437278118405994;5;0;336;
337;27,3714285714286;25,3377523172798;5;3;7;4;2;1;25,3377523172798;27,3714285714286;4598,4;332643,495831187;404517,464556717;179626,998840399;4773276,5759251;769286,847740947;764833,982600428;0,436410069771953;5;0;337;
338;26,8380952380952;19,3259993645444;2;4;1;6;3;1;19,3259993645444;26,8380952380952;4508,8;332042,422283916;403439,253883245;179061,6;4729845,89204246;769108,516029771;764599,965632843;0,44223120212547;5;0;338;
339;27,4821428571429;37,3727055747906;1;4;10;2;9;9;37,3727055747906;27,4821428571429;4617;332784,773007297;404773,254105338;179768,674158678;4784188,89394326;769311,793080881;764900,757958948;0,435335745027508;5;0;339;
340;27,2940476190476;20,4397928678201;2;8;3;3;4;2;20,4397928678201;27,2940476190476;4585,4;332631,784071998;404494,732817941;179616,856251944;4772376,85887115;769269,245795303;764838,854925632;0,437598170487069;5;0;340;
341;27,4619047619048;37,4958400592258;1;9;10;2;9;9;37,4958400592258;27,4619047619048;4613,6;332768,4;404742,373760418;179756,448;4783259,68825675;769312,913249157;764890,87303474;0,435602547686733;5;0;341;
342;27,45;37,4742434904971;1;5;10;2;9;9;37,4742434904971;27,45;4611,6;332749,634799188;404708,261760418;179739,251481743;4781928,769352;769309,418225891;764881,966446992;0,435704633936866;5;0;342;
343;27,2773809523809;29,5016323316956;9;7;5;6;1;2;29,5016323316956;27,2773809523809;4582,6;332590,788054782;404419,148929961;179575,968;4769180,64;769237,3553212;764835,637161001;0,437652201092426;5;0;343;
344;27,4619047619048;37,4958400592258;1;9;10;2;9;9;37,4958400592258;27,4619047619048;4613,6;332768,4;404742,373760418;179756,448;4783259,68825675;769312,913249157;764890,87303474;0,435602547686733;5;0;344;
345;27,4535714285714;36,5448787455222;1;9;9;2;9;9;36,5448787455222;27,4535714285714;4612,2;332757,602142148;404716,973841545;179735,081827447;4781509,18833716;769342,801637837;764863,384813148;0,435632082176791;5;0;345;
346;27,3261904761905;24,369448828155;2;10;3;2;7;4;24,369448828155;27,3261904761905;4590,8;332587,99588145;404419,671506023;179577,096;4769125,92716431;769227,204410436;764841,841504433;0,436863423416795;5;0;346;
347;27,4285714285714;29,3606973258913;4;4;8;4;5;2;29,3606973258913;27,4285714285714;4608;332639,800850795;404508,943356065;179624,451486676;4773016,06945199;769318,234822461;764811,314067648;0,435484569342314;5;0;347;
348;27,3547619047619;21,4176861747104;2;9;7;3;1;2;21,4176861747104;27,3547619047619;4595,6;332658,120097697;404545,237313932;179642,52;4774381,92;769336,014524367;764810,734403395;0,436749983135046;5;0;348;
349;27,4285714285714;29,3606973258913;4;4;8;4;5;2;29,3606973258913;27,4285714285714;4608;332639,800850795;404508,943356065;179624,451486676;4773016,06945199;769318,234822461;764811,314067648;0,435484569342314;5;0;349;
350;27,4988095238095;30,498869282535;5;4;8;4;5;2;30,498869282535;27,4988095238095;4619,8;332654,165194615;404538,08297392;179640,800658949;4774357,18816455;769263,544355047;764856,704412586;0,434450448146444;5;0;350;
351;27,4619047619048;37,4958400592258;1;6;10;2;9;9;37,4958400592258;27,4619047619048;4613,6;332768,4;404742,373760418;179756,448;4783259,68825675;769312,913249157;764890,87303474;0,435602547686733;5;0;351;
352;27,3214285714286;16,4585439856738;2;9;2;3;1;2;16,4585439856738;27,3214285714286;4590;332591,342251334;404423,069336272;179578,280403059;4769456,80340152;769257,83134861;764823,030814302;0,43695284027961;5;0;352;
353;27,3714285714286;25,3377523172798;5;3;7;4;2;1;25,3377523172798;27,3714285714286;4598,4;332643,495831187;404517,464556717;179626,998840399;4773276,5759251;769286,847740947;764833,982600428;0,436410069771953;5;0;353;
354;27,4178571428571;35,3824181451887;9;7;7;4;2;7;35,3824181451887;27,4178571428571;4606,2;332670,586497689;404566,626400255;179649,980565573;4774864,56606881;769263,518776093;764865,725358475;0,435773757754936;5;0;354;
355;27,447619047619;30,3533431381602;9;7;7;5;1;2;30,3533431381602;27,447619047619;4611,2;332679,534190636;404581,114592745;179674,708438623;4776973,03395646;769317,790971169;764834,852208543;0,435419899581446;5;0;355;
356;27,4988095238095;30,498869282535;5;4;8;4;5;2;30,498869282535;27,4988095238095;4619,8;332654,165194615;404538,08297392;179640,800658949;4774357,18816455;769263,544355047;764856,704412586;0,434450448146444;5;0;356;
357;27,447619047619;30,3533431381602;9;7;7;4;2;2;30,3533431381602;27,447619047619;4611,2;332679,534190636;404581,114592745;179674,708438623;4776973,03395646;769317,790971169;764834,852208543;0,435419899581446;5;0;357;
358;27,3559523809524;30,3730283755451;4;10;8;2;8;2;30,3730283755451;27,3559523809524;4595,8;332673,871553845;404580,996991663;179668,464;4776375,744;769280,620701611;764857,464438929;0,436843574015532;5;0;358;
359;27,4380952380952;28,3123150490692;4;4;7;4;5;2;28,3123150490692;27,4380952380952;4609,6;332741,613163941;404693,633768759;179717,282070898;4780536,48399519;769314,864828183;764874,702507618;0,435801089634787;5;0;359;
360;27,2940476190476;20,4397928678201;2;8;3;3;4;2;20,4397928678201;27,2940476190476;4585,4;332631,784071998;404494,732817941;179616,856251944;4772376,85887115;769269,245795303;764838,854925632;0,437598170487069;5;0;360;
361;27,2476190476191;32,3674536453526;9;6;7;4;2;4;32,3674536453526;27,2476190476191;4577,6;332626,223314856;404482,411864815;179609,808;4771793,57561647;769273,601207221;764832,226467418;0,438288642825653;5;0;361;
362;27,3321428571429;17,3603875218681;2;9;3;3;1;2;17,3603875218681;27,3321428571429;4591,8;332595,874222948;404441,178132963;179584,334571872;4769874,49862281;769248,330634086;764834,940826591;0,43681460667475;5;0;362;
363;27,2416666666667;23,5486525833711;5;3;7;2;2;1;23,5486525833711;27,2416666666667;4576,6;332570,81577458;404394,218184572;179565,40822522;4768472,65892089;769236,279272905;764826,182357527;0,438166863245974;5;0;363;
364;27,447619047619;30,3533431381602;9;7;7;4;2;2;30,3533431381602;27,447619047619;4611,2;332679,534190636;404581,114592745;179674,708438623;4776973,03395646;769317,790971169;764834,852208543;0,435419899581446;5;0;364;
365;27,2904761904762;18,5477075103881;2;7;3;3;2;2;18,5477075103881;27,2904761904762;4584,8;332548,411200746;404350,025104883;179541,528308813;4766540,49693797;769223,53971503;764820,537374706;0,437278118405994;5;0;365;
366;27,2583333333333;28,5077082995039;7;7;7;4;2;2;28,5077082995039;27,2583333333333;4579,4;332638,912266977;404514,841842989;179628,755898221;4772995,77034884;769318,605308014;764811,719803397;0,438200406528111;5;0;366;
367;27,4285714285714;29,3606973258913;4;4;8;4;5;2;29,3606973258913;27,4285714285714;4608;332639,800850795;404508,943356065;179624,451486676;4773016,06945199;769318,234822461;764811,314067648;0,435484569342314;5;0;367;
368;27,2904761904762;18,5477075103881;2;7;3;3;2;2;18,5477075103881;27,2904761904762;4584,8;332548,411200746;404350,025104883;179541,528308813;4766540,49693797;769223,53971503;764820,537374706;0,437278118405994;5;0;368;
369;27,4083333333333;25,3632095676729;5;7;5;6;1;2;25,3632095676729;27,4083333333333;4604,6;332657,619231663;404540,003720397;179650,750321486;4775023,14253873;769321,758571425;764819,360146598;0,435922720279097;5;0;369;
370;27,3285714285714;26,5033245233426;5;3;7;4;2;2;26,5033245233426;27,3285714285714;4591,2;332654,044261915;404536,880193469;179639,221781179;4774053,20260703;769293,631548804;764835,853138079;0,437138834980621;5;0;370;
371;27,2678571428571;33,3957761605214;1;4;6;2;9;9;33,3957761605214;27,2678571428571;4581;332614,050277035;404465,819363073;179599,087952791;4771037,9734009;769232,032019949;764854,64764658;0,437924988773361;5;0;371;
372;27,2940476190476;20,4397928678201;2;7;3;5;2;2;20,4397928678201;27,2940476190476;4585,4;332631,784071998;404494,732817941;179616,856251944;4772376,85887115;769269,245795303;764838,854925632;0,437598170487069;5;0;372;
373;27,2904761904762;18,5477075103881;2;7;3;3;2;2;18,5477075103881;27,2904761904762;4584,8;332548,411200746;404350,025104883;179541,528308813;4766540,49693797;769223,53971503;764820,537374706;0,437278118405994;5;0;373;
374;27,4190476190476;19,2899804345984;1;9;7;2;1;2;19,2899804345984;27,4190476190476;4606,4;332697,918067395;404612,982295474;179679,311101872;4777198,41481627;769276,540016701;764872,388207924;0,43589762933148;5;0;374;
375;27,3321428571429;17,3603875218681;2;9;3;3;1;2;17,3603875218681;27,3321428571429;4591,8;332595,874222948;404441,178132963;179584,334571872;4769874,49862281;769248,330634086;764834,940826591;0,43681460667475;5;0;375;
376;27,4083333333333;25,3632095676729;5;7;5;6;1;2;25,3632095676729;27,4083333333333;4604,6;332657,619231663;404540,003720397;179650,750321486;4775023,14253873;769321,758571425;764819,360146598;0,435922720279097;5;0;376;
377;27,2928571428572;34,3470549656168;1;4;7;2;9;9;34,3470549656168;27,2928571428572;4585,2;332583,997283943;404408,840116628;179568,055897936;4768659,45131935;769202,739484187;764854,429729297;0,437360141972068;5;0;377;
378;27,3904761904762;37,4795736280661;1;3;10;2;9;9;37,4795736280661;27,3904761904762;4601,6;332680,310294296;404576,929960892;179660,654888817;4775773,86796423;769268,280500474;764868,076122794;0,436257939472626;5;0;378;
379;27,4285714285714;29,3606973258913;4;4;8;4;5;2;29,3606973258913;27,4285714285714;4608;332639,800850795;404508,943356065;179624,451486676;4773016,06945199;769318,234822461;764811,314067648;0,435484569342314;5;0;379;
380;27,3642857142857;28,3238513061886;5;3;4;7;2;4;28,3238513061886;27,3642857142857;4597,2;332683,92586936;404586,569121006;179666,407494163;4776227,89314744;769314,244885699;764839,32288831;0,436717513195979;5;0;380;
381;27,347619047619;34,4407622729115;1;9;10;2;9;6;34,4407622729115;27,347619047619;4594,4;332718,186526229;404650,026906041;179695,95837998;4778527,79127444;769319,732597638;764855,772430037;0,437116519422399;5;0;381;
382;27,4083333333333;25,3632095676729;5;7;5;6;1;2;25,3632095676729;27,4083333333333;4604,6;332657,619231663;404540,003720397;179650,750321486;4775023,14253873;769321,758571425;764819,360146598;0,435922720279097;5;0;382;
383;27,3321428571429;17,3603875218681;2;9;3;3;1;2;17,3603875218681;27,3321428571429;4591,8;332595,874222948;404441,178132963;179584,334571872;4769874,49862281;769248,330634086;764834,940826591;0,43681460667475;5;0;383;
384;27,2940476190476;20,4397928678201;2;7;3;3;4;2;20,4397928678201;27,2940476190476;4585,4;332631,784071998;404494,732817941;179616,856251944;4772376,85887115;769269,245795303;764838,854925632;0,437598170487069;5;0;384;
385;27,447619047619;30,3533431381602;9;7;7;4;2;2;30,3533431381602;27,447619047619;4611,2;332679,534190636;404581,114592745;179674,708438623;4776973,03395646;769317,790971169;764834,852208543;0,435419899581446;5;0;385;
386;27,1404761904762;29,3763186257882;1;4;2;2;9;9;29,3763186257882;27,1404761904762;4559,6;332421,134623903;404120,807669737;179418,048;4757133,18088883;769078,097446378;764843,661579337;0,439073106592482;5;0;386;
387;27,4035714285714;38,4085494298177;2;4;10;2;9;9;38,4085494298177;27,4035714285714;4603,8;332638,60643237;404515,237433267;179624,143324857;4772969,94177575;769307,758354739;764818,514526598;0,43587145122374;5;0;387;
388;27,3904761904762;23,4873871389533;3;7;5;6;1;2;23,4873871389533;27,3904761904762;4601,6;332696,010462716;404615,689936568;179677,065854015;4776959,73930081;769262,04292967;764882,973191636;0,43632962965894;5;0;388;
389;27,4428571428571;33,2680003448198;2;6;8;4;7;6;33,2680003448198;27,4428571428571;4610,4;332729,910543265;404666,450061119;179716,395871994;4779904,64858923;769316,215981271;764865,565560555;0,435702627842575;5;0;389;
390;27,3714285714286;25,3377523172798;5;3;7;4;2;1;25,3377523172798;27,3714285714286;4598,4;332643,495831187;404517,464556717;179626,998840399;4773276,5759251;769286,847740947;764833,982600428;0,436410069771953;5;0;390;
391;27,4380952380952;28,3123150490692;4;4;7;4;5;2;28,3123150490692;27,4380952380952;4609,6;332741,613163941;404693,633768759;179717,282070898;4780536,48399519;769314,864828183;764874,702507618;0,435801089634787;5;0;391;
392;27,3178571428571;34,460432307967;1;4;10;2;9;6;34,460432307967;27,3178571428571;4589,4;332634,231068356;404497,288663281;179620,42463912;4772678,76686632;769295,211771877;764823,169553969;0,437228570241446;5;0;392;
393;27,4821428571429;37,3727055747906;1;4;10;2;9;9;37,3727055747906;27,4821428571429;4617;332784,773007297;404773,254105338;179768,674158678;4784188,89394326;769311,793080881;764900,757958948;0,435335745027508;5;0;393;
394;27,3166666666667;34,3417278140397;5;6;9;4;5;5;34,3417278140397;27,3166666666667;4589,2;332585,244878284;404405,122131484;179578,224;4769430,05704689;769285,459060154;764800,206260572;0,437027368942341;5;0;394;
395;26,4869047619048;22,3693503990371;4;1;3;2;5;2;22,3693503990371;26,4869047619048;4449,8;331751,656252053;402921,994183402;178796,974826937;4709408,2645148;768912,681176364;764560,600529001;0,446734394834417;5;0;395;
396;27,4988095238095;30,498869282535;5;4;8;4;5;2;30,498869282535;27,4988095238095;4619,8;332654,165194615;404538,08297392;179640,800658949;4774357,18816455;769263,544355047;764856,704412586;0,434450448146444;5;0;396;
397;27,4821428571429;37,3727055747906;1;4;10;2;9;9;37,3727055747906;27,4821428571429;4617;332784,773007297;404773,254105338;179768,674158678;4784188,89394326;769311,793080881;764900,757958948;0,435335745027508;5;0;397;
398;27,3321428571429;17,3603875218681;2;9;3;3;1;2;17,3603875218681;27,3321428571429;4591,8;332595,874222948;404441,178132963;179584,334571872;4769874,49862281;769248,330634086;764834,940826591;0,43681460667475;5;0;398;
399;27,025;18,3809237735155;2;8;1;3;4;2;18,3809237735155;27,025;4540,2;332327,846922713;403953,188524335;179333,448;4750629,408;769135,916067892;764749,993143643;0,440542732673709;5;0;399;
400;27,352380952381;41,3972698280753;3;9;9;5;9;9;41,3972698280753;27,352380952381;4595,2;332685,583138812;404594,453373847;179670,686980174;4776546,94490678;769275,503325213;764866,459063701;0,436913454787091;5;0;400;
401;27,4190476190476;19,2899804345984;1;9;7;2;1;2;19,2899804345984;27,4190476190476;4606,4;332697,918067395;404612,982295474;179679,311101872;4777198,41481627;769276,540016701;764872,388207924;0,43589762933148;5;0;401;
402;27,3797619047619;35,3843740264298;2;9;9;2;7;9;35,3843740264298;27,3797619047619;4599,8;332670,563482251;404561,815082846;179649,372950881;4774942,23535843;769271,771438536;764859,024298549;0,436386740069374;5;0;402;
403;27,227380952381;31,3812498365733;10;7;7;4;2;2;31,3812498365733;27,227380952381;4574,2;332560,199888131;404368,02194173;179545,512;4766917,44956896;769238,938515678;764818,989142267;0,438298253687389;5;0;403;
404;27,2380952380952;27,4478208316858;6;7;7;4;2;2;27,4478208316858;27,2380952380952;4576;332673,165481448;404573,593203953;179657,461067836;4775539,49910681;769288,806049816;764850,182108106;0,438705095117895;5;0;404;
405;27,4285714285714;29,3606973258913;4;4;8;4;5;2;29,3606973258913;27,4285714285714;4608;332639,800850795;404508,943356065;179624,451486676;4773016,06945199;769318,234822461;764811,314067648;0,435484569342314;5;0;405;
406;27,427380952381;32,5530564210295;4;4;9;6;5;2;32,5530564210295;27,427380952381;4607,8;332695,242444839;404611,633624612;179674,104;4776809,184;769304,753108738;764854,168072589;0,435744382745757;5;0;406;
407;27,3380952380952;24,4951719512535;4;7;5;6;1;2;24,4951719512535;27,3380952380952;4592,8;332633,768278102;404499,440178069;179621,088;4772734,848;769334,842776833;764795,468588805;0,436901851840576;5;0;407;
408;27,4988095238095;30,498869282535;5;4;8;4;5;2;30,498869282535;27,4988095238095;4619,8;332654,165194615;404538,08297392;179640,800658949;4774357,18816455;769263,544355047;764856,704412586;0,434450448146444;5;0;408;
409;27,2964285714286;22,2481430284442;3;7;5;5;1;2;22,2481430284442;27,2964285714286;4585,8;332673,487008562;404561,868674657;179657,51889686;4775543,30843999;769262,07676369;764866,680089551;0,437751407677873;5;0;409;
410;27,3666666666666;40,2941265768052;4;4;10;2;9;9;40,2941265768052;27,3666666666666;4597,6;332642,4;404524,285552471;179632,368;4773762,09052422;769270,204308552;764845,583387219;0,436507155325667;5;0;410;
411;27,4535714285714;36,5448787455222;1;9;9;2;9;9;36,5448787455222;27,4535714285714;4612,2;332757,602142148;404716,973841545;179735,081827447;4781509,18833716;769342,801637837;764863,384813148;0,435632082176791;5;0;411;
412;27,2928571428572;30,4297946243471;9;4;7;4;2;2;30,4297946243471;27,2928571428572;4585,2;332676,713522363;404572,467958327;179660,398956816;4775757,79272987;769269,992646826;764864,279179729;0,43781328726944;5;0;412;
413;27,3321428571429;17,3603875218681;2;9;3;3;1;2;17,3603875218681;27,3321428571429;4591,8;332595,874222948;404441,178132963;179584,334571872;4769874,49862281;769248,330634086;764834,940826591;0,43681460667475;5;0;413;
414;27,152380952381;33,3612874056413;5;4;8;7;5;2;33,3612874056413;27,152380952381;4561,6;332545,079227332;404343,667364082;179533,312549501;4765986,92164372;769245,687556605;764803,678743227;0,439463160411195;5;0;414;
415;27,2833333333333;26,4892036889179;2;4;7;4;5;2;26,4892036889179;27,2833333333333;4583,6;332554,989265591;404359,911775406;179545,186779603;4766894,82581235;769232,763162994;764819,835637234;0,437394296849625;5;0;415;
416;27,327380952381;17,4734983889491;1;7;3;3;2;2;17,4734983889491;27,327380952381;4591;332649,008081324;404517,752937548;179638,008;4774121,856;769229,16437145;764873,787013199;0,437152834713217;5;0;416;
417;27,447619047619;30,3533431381602;9;7;7;4;2;2;30,3533431381602;27,447619047619;4611,2;332679,534190636;404581,114592745;179674,708438623;4776973,03395646;769317,790971169;764834,852208543;0,435419899581446;5;0;417;
418;27,2107142857143;21,4778231553096;2;7;3;6;2;2;21,4778231553096;27,2107142857143;4571,4;332543,903558857;404339,488549111;179536,057025734;4766192,47471643;769226,72991981;764815,248797116;0,438525943186813;5;0;418;
419;27,4380952380952;28,3123150490692;4;4;7;4;5;2;28,3123150490692;27,4380952380952;4609,6;332741,613163941;404693,633768759;179717,282070898;4780536,48399519;769314,864828183;764874,702507618;0,435801089634787;5;0;419;
420;27,2821428571429;26,3028394034697;1;3;8;4;5;2;26,3028394034697;27,2821428571429;4583,4;332627,475507801;404486,033123465;179614,217478894;4772214,72;769261,105521213;764842,79745638;0,437761406835883;5;0;420;
421;27,025;18,3809237735155;2;8;1;3;4;2;18,3809237735155;27,025;4540,2;332327,846922713;403953,188524335;179333,448;4750629,408;769135,916067892;764749,993143643;0,440542732673709;5;0;421;
422;27,025;18,3809237735155;2;9;1;3;4;2;18,3809237735155;27,025;4540,2;332327,846922713;403953,188524335;179333,448;4750629,408;769135,916067892;764749,993143643;0,440542732673709;5;0;422;
423;27,3011904761905;31,4183924291741;9;7;7;4;2;3;31,4183924291741;27,3011904761905;4586,6;332608,540272391;404456,4958633;179592,888;4770511,36346624;769230,26549437;764852,107718143;0,437351532517554;5;0;423;
424;27,4988095238095;30,498869282535;5;4;8;4;5;2;30,498869282535;27,4988095238095;4619,8;332654,165194615;404538,08297392;179640,800658949;4774357,18816455;769263,544355047;764856,704412586;0,434450448146444;5;0;424;
425;27,4285714285714;29,3606973258913;4;4;8;4;5;2;29,3606973258913;27,4285714285714;4608;332639,800850795;404508,943356065;179624,451486676;4773016,06945199;769318,234822461;764811,314067648;0,435484569342314;5;0;425;
426;27,3214285714286;16,4585439856738;2;9;2;3;1;2;16,4585439856738;27,3214285714286;4590;332591,342251334;404423,069336272;179578,280403059;4769456,80340152;769257,83134861;764823,030814302;0,43695284027961;5;0;426;
427;27,3;27,450141560037;4;4;7;4;5;1;27,450141560037;27,3;4586,4;332624,307328304;404484,330050832;179609,061852085;4771948,48240152;769298,319478691;764815,27442268;0,437453402174743;5;0;427;
428;27,3642857142857;32,3125391239573;2;3;7;4;7;6;32,3125391239573;27,3642857142857;4597,2;332664;404550,501829845;179649,288;4774902,048;769256,439049987;764866,407640702;0,436618215260111;5;0;428;
429;27,4535714285714;36,5448787455222;1;9;9;2;9;9;36,5448787455222;27,4535714285714;4612,2;332757,602142148;404716,973841545;179735,081827447;4781509,18833716;769342,801637837;764863,384813148;0,435632082176791;5;0;429;
430;27,2202380952381;23,2019286773747;4;7;3;6;2;2;23,2019286773747;27,2202380952381;4573;332600,544771429;404445,617847728;179587,359149068;4770178,41260127;769262,714257971;764825,906354635;0,438627715111668;5;0;430;
431;27,4428571428571;33,2680003448198;2;6;8;4;7;6;33,2680003448198;27,4428571428571;4610,4;332729,910543265;404666,450061119;179716,395871994;4779904,64858923;769316,215981271;764865,565560555;0,435702627842575;5;0;431;
432;27,4380952380952;28,3123150490692;4;4;7;4;5;2;28,3123150490692;27,4380952380952;4609,6;332741,613163941;404693,633768759;179717,282070898;4780536,48399519;769314,864828183;764874,702507618;0,435801089634787;5;0;432;
433;27,2797619047619;16,409532828202;2;9;3;2;1;2;16,409532828202;27,2797619047619;4583;332605,625519787;404450,428909379;179590,632;4770394,272;769277,89910017;764817,331851733;0,437685022566015;5;0;433;
434;27,4380952380952;28,3123150490692;4;4;7;4;5;2;28,3123150490692;27,4380952380952;4609,6;332741,613163941;404693,633768759;179717,282070898;4780536,48399519;769314,864828183;764874,702507618;0,435801089634787;5;0;434;
435;26,5023809523809;17,4149173949266;1;4;1;5;3;1;17,4149173949266;26,5023809523809;4452,4;331673,074108451;402794,550583749;178718,688;4703337,4788332;768817,021762187;764580,06753764;0,446087944222138;5;0;435;
436;27,4535714285714;36,5448787455222;1;8;9;2;9;9;36,5448787455222;27,4535714285714;4612,2;332757,602142148;404716,973841545;179735,081827447;4781509,18833716;769342,801637837;764863,384813148;0,435632082176791;5;0;436;
437;27,4988095238095;30,498869282535;5;4;8;4;5;2;30,498869282535;27,4988095238095;4619,8;332654,165194615;404538,08297392;179640,800658949;4774357,18816455;769263,544355047;764856,704412586;0,434450448146444;5;0;437;
438;27,3214285714286;16,4585439856738;2;9;2;3;1;2;16,4585439856738;27,3214285714286;4590;332591,342251334;404423,069336272;179578,280403059;4769456,80340152;769257,83134861;764823,030814302;0,43695284027961;5;0;438;
439;27,2678571428571;24,4109490305515;5;7;5;6;1;1;24,4109490305515;27,2678571428571;4581;332557,480686848;404361,201499623;179549,92643279;4767267,0770195;769273,962623359;764792,978429854;0,437670356820589;5;0;439;
440;27,2464285714286;29,390190411107;5;4;8;4;4;2;29,390190411107;27,2464285714286;4577,4;332561,391364789;404369,166302706;179554,105649538;4767579,52380784;769228,765305672;764825,508983784;0,438030401418018;5;0;440;
441;27,025;18,3809237735155;2;8;1;3;4;2;18,3809237735155;27,025;4540,2;332327,846922713;403953,188524335;179333,448;4750629,408;769135,916067892;764749,993143643;0,440542732673709;5;0;441;
442;27,2964285714286;27,4488193912528;9;7;5;3;2;2;27,4488193912528;27,2964285714286;4585,8;332707,680535686;404624,543128059;179684,749080652;4777635,45687568;769292,38790807;764867,809108528;0,437881469910802;5;0;442;
443;27,3011904761905;21,312449627821;4;7;3;3;2;3;21,312449627821;27,3011904761905;4586,6;332648,716314161;404521,841613246;179636,004091109;4773876,28044138;769282,764215215;764838,765860451;0,43756409417912;5;0;443;
444;26,5869047619048;14,4855635646416;1;4;1;2;3;1;14,4855635646416;26,5869047619048;4466,6;331907,712555473;403204,673219799;178938,085087801;4720251,52765603;768944,916481777;764630,166961142;0,445792153133349;5;0;444;
445;27,4190476190476;19,2899804345984;1;10;7;2;1;2;19,2899804345984;27,4190476190476;4606,4;332697,918067395;404612,982295474;179679,311101872;4777198,41481627;769276,540016701;764872,388207924;0,43589762933148;5;0;445;
446;27,3321428571429;17,3603875218681;2;9;3;3;1;2;17,3603875218681;27,3321428571429;4591,8;332595,874222948;404441,178132963;179584,334571872;4769874,49862281;769248,330634086;764834,940826591;0,43681460667475;5;0;446;
447;27,3714285714286;28,2758977896337;4;7;7;4;5;2;28,2758977896337;27,3714285714286;4598,4;332677,161951182;404578,656612803;179660,482977537;4775822,11523305;769274,81567634;764862,961907359;0,436568859345154;5;0;447;
448;27,4988095238095;30,498869282535;5;4;8;4;5;2;30,498869282535;27,4988095238095;4619,8;332654,165194615;404538,08297392;179640,800658949;4774357,18816455;769263,544355047;764856,704412586;0,434450448146444;5;0;448;
449;27,4035714285714;38,4085494298177;2;4;10;2;9;9;38,4085494298177;27,4035714285714;4603,8;332638,60643237;404515,237433267;179624,143324857;4772969,94177575;769307,758354739;764818,514526598;0,43587145122374;5;0;449;
450;27,4678571428571;30,3971407307003;7;4;6;4;5;2;30,3971407307003;27,4678571428571;4614,6;332671,100209623;404558,809139953;179654,448188865;4775149,23904141;769281,650588993;764853,514738776;0,434988127264302;5;0;450;
451;27,4988095238095;30,498869282535;5;4;8;4;5;2;30,498869282535;27,4988095238095;4619,8;332654,165194615;404538,08297392;179640,800658949;4774357,18816455;769263,544355047;764856,704412586;0,434450448146444;5;0;451;
452;27,4392857142857;29,3049402897199;4;5;7;4;6;2;29,3049402897199;27,4392857142857;4609,8;332619,612998778;404473,563180865;179603,06545594;4771349,51684236;769271,676855242;764829,952558567;0,43520315173587;5;0;452;
453;27,3214285714286;16,4585439856738;2;9;2;3;1;2;16,4585439856738;27,3214285714286;4590;332591,342251334;404423,069336272;179578,280403059;4769456,80340152;769257,83134861;764823,030814302;0,43695284027961;5;0;453;
454;27,3119047619047;29,3568971168339;5;3;8;4;5;1;29,3568971168339;27,3119047619047;4588,4;332595,336640964;404435,303940973;179582,451639099;4769785,97464504;769267,715716023;764819,303852907;0,437127733719629;5;0;454;
455;27,4988095238095;30,498869282535;5;4;8;4;5;2;30,498869282535;27,4988095238095;4619,8;332654,165194615;404538,08297392;179640,800658949;4774357,18816455;769263,544355047;764856,704412586;0,434450448146444;5;0;455;
456;27,3404761904762;20,2408439851613;2;9;3;2;1;6;20,2408439851613;27,3404761904762;4593,2;332601,667130677;404436,973124674;179593,89251525;4770646,20177051;769219,607409517;764852,425350829;0,436722984073823;5;0;456;
457;26,65;17,3843111650902;1;3;1;5;3;1;17,3843111650902;26,65;4477,2;331895,046797881;403189,491575886;178925,112;4719161,664;768962,595452138;764613,018332357;0,444651799234278;5;0;457;
458;27,2428571428572;21,3235631700969;7;9;2;3;1;2;21,3235631700969;27,2428571428572;4576,8;332583,6;404410,276620871;179574,84;4769180,64;769305,923254868;764784,856541716;0,438202810652403;5;0;458;
459;27,2904761904762;18,5477075103881;2;9;3;3;2;2;18,5477075103881;27,2904761904762;4584,8;332548,411200746;404350,025104883;179541,528308813;4766540,49693797;769223,53971503;764820,537374706;0,437278118405994;5;0;459;
460;27,4380952380952;28,3123150490692;4;4;7;4;5;2;28,3123150490692;27,4380952380952;4609,6;332741,613163941;404693,633768759;179717,282070898;4780536,48399519;769314,864828183;764874,702507618;0,435801089634787;5;0;460;
461;27,2464285714286;29,390190411107;5;4;8;4;4;2;29,390190411107;27,2464285714286;4577,4;332561,391364789;404369,166302706;179554,105649538;4767579,52380784;769228,765305672;764825,508983784;0,438030401418018;5;0;461;
462;27,3773809523809;32,4413614833122;9;7;9;5;1;2;32,4413614833122;27,3773809523809;4599,4;332666,934012609;404563,599871741;179650,500599585;4774994,30877264;769262,531577958;764865,807689779;0,436410755583804;5;0;462;
463;27,3321428571429;17,3603875218681;2;9;3;3;1;2;17,3603875218681;27,3321428571429;4591,8;332595,874222948;404441,178132963;179584,334571872;4769874,49862281;769248,330634086;764834,940826591;0,43681460667475;5;0;463;
464;27,4988095238095;30,498869282535;5;4;8;4;5;2;30,498869282535;27,4988095238095;4619,8;332654,165194615;404538,08297392;179640,800658949;4774357,18816455;769263,544355047;764856,704412586;0,434450448146444;5;0;464;
465;27,2333333333333;21,4965430547744;3;4;3;2;5;2;21,4965430547744;27,2333333333333;4575,2;332615,291161087;404467,75674996;179598,456290124;4770996,36430261;769338,116093003;764783,652093595;0,438468466466599;5;0;465;
466;27,4238095238095;31,5003437773084;4;4;7;6;6;2;31,5003437773084;27,4238095238095;4607,2;332642,385835807;404518,980530382;179631,737610927;4773560,20279639;769301,83642767;764824,1509313;0,43558245862051;5;0;466;
467;27,447619047619;30,3533431381602;9;7;7;4;2;2;30,3533431381602;27,447619047619;4611,2;332679,534190636;404581,114592745;179674,708438623;4776973,03395646;769317,790971169;764834,852208543;0,435419899581446;5;0;467;
468;27,447619047619;30,3533431381602;9;7;7;4;2;2;30,3533431381602;27,447619047619;4611,2;332679,534190636;404581,114592745;179674,708438623;4776973,03395646;769317,790971169;764834,852208543;0,435419899581446;5;0;468;
469;27,4380952380952;28,3123150490692;4;4;7;4;5;2;28,3123150490692;27,4380952380952;4609,6;332741,613163941;404693,633768759;179717,282070898;4780536,48399519;769314,864828183;764874,702507618;0,435801089634787;5;0;469;
470;27,4988095238095;30,498869282535;5;4;8;4;5;2;30,498869282535;27,4988095238095;4619,8;332654,165194615;404538,08297392;179640,800658949;4774357,18816455;769263,544355047;764856,704412586;0,434450448146444;5;0;470;
471;27,2738095238095;14,4855156077895;2;9;2;1;1;2;14,4855156077895;27,2738095238095;4582;332532,796999198;404326,064309347;179524,418790097;4765314,38089657;769194,510838109;764831,13917572;0,437450724732907;5;0;471;
472;27,4071428571428;28,3918486350285;5;4;8;4;3;2;28,3918486350285;27,4071428571428;4604,4;332651,549743103;404531,865339752;179640,185195158;4774061,72940057;769303,670666983;764828,239849924;0,43590110431159;5;0;472;
473;27,2595238095238;18,4144867409551;1;9;7;2;1;1;18,4144867409551;27,2595238095238;4579,6;332573,297645795;404388,703222785;179564,779666016;4768278,40320353;769241,398686745;764823,671206815;0,43790925894046;5;0;473;
474;27,277380952381;32,4586108268626;5;4;8;4;5;4;32,4586108268626;27,277380952381;4582,6;332615,563566369;404461,070129262;179599,897117568;4771087,776;769289,367907411;764816,011149542;0,437767585554034;5;0;474;
475;27,2297619047619;17,3402965764395;2;3;3;3;1;2;17,3402965764395;27,2297619047619;4574,6;332598,412891813;404430,499016925;179588,75247303;4770152,1315892;769257,418057806;764825,834747625;0,438471457479439;5;0;475;
476;26,6583333333333;26,2902786817279;3;1;7;3;5;2;26,2902786817279;26,6583333333333;4478,6;331820,892130364;403054,267384316;178861,6758298;4714380,17788486;768937,773841975;764585,657916947;0,44420277819272;5;0;476;
477;27,4380952380952;28,3123150490692;4;4;7;4;5;2;28,3123150490692;27,4380952380952;4609,6;332741,613163941;404693,633768759;179717,282070898;4780536,48399519;769314,864828183;764874,702507618;0,435801089634787;5;0;477;
478;27,3845238095238;29,432090417034;4;4;7;5;5;2;29,432090417034;27,3845238095238;4600,6;332699,305249861;404620,83493365;179679,818045807;4777201,7015723;769297,98292417;764860,907249817;0,436444451034875;5;0;478;
479;27,3083333333333;31,4941555319297;9;7;7;5;2;2;31,4941555319297;27,3083333333333;4587,8;332639,199264898;404513,097241401;179616,5804023;4773001,85919353;769238,005971196;764864,819483462;0,437394569717516;5;0;479;
480;27,3321428571429;17,3603875218681;2;9;3;3;1;2;17,3603875218681;27,3321428571429;4591,8;332595,874222948;404441,178132963;179584,334571872;4769874,49862281;769248,330634086;764834,940826591;0,43681460667475;5;0;480;
481;27,152380952381;33,3612874056413;5;4;8;4;8;2;33,3612874056413;27,152380952381;4561,6;332545,079227332;404343,667364082;179533,312549501;4765986,92164372;769245,687556605;764803,678743227;0,439463160411195;5;0;481;
482;27,3321428571429;17,3603875218681;2;9;3;3;1;2;17,3603875218681;27,3321428571429;4591,8;332595,874222948;404441,178132963;179584,334571872;4769874,49862281;769248,330634086;764834,940826591;0,43681460667475;5;0;482;
483;27,3785714285714;24,5317485646801;3;7;7;4;2;2;24,5317485646801;27,3785714285714;4599,6;332699,525020374;404615,426632791;179682,291831565;4777422,83962817;769346,882386132;764827,335123386;0,436566541798241;5;0;483;
484;27,447619047619;30,3533431381602;9;7;7;4;2;2;30,3533431381602;27,447619047619;4611,2;332679,534190636;404581,114592745;179674,708438623;4776973,03395646;769317,790971169;764834,852208543;0,435419899581446;5;0;484;
485;27,4071428571428;28,3918486350285;5;4;8;4;3;2;28,3918486350285;27,4071428571428;4604,4;332651,549743103;404531,865339752;179640,185195158;4774061,72940057;769303,670666983;764828,239849924;0,43590110431159;5;0;485;
486;27,3261904761905;22,5182610610141;2;9;6;2;4;2;22,5182610610141;27,3261904761905;4590,8;332614,061252585;404461,931962504;179607,227749356;4771667,40558345;769258,954494114;764835,890265072;0,437013955283268;5;0;486;
487;26,5869047619048;14,4855635646416;1;4;1;2;3;1;14,4855635646416;26,5869047619048;4466,6;331907,712555473;403204,673219799;178938,085087801;4720251,52765603;768944,916481777;764630,166961142;0,445792153133349;5;0;487;
488;27,2988095238095;28,4870290342625;6;4;5;4;5;2;28,4870290342625;27,2988095238095;4586,2;332584,697768484;404409,795247109;179573,886518963;4769191,3457532;769235,690336734;764833,17074486;0,437297655342823;5;0;488;
489;27,3214285714286;16,4585439856738;2;9;2;3;1;2;16,4585439856738;27,3214285714286;4590;332591,342251334;404423,069336272;179578,280403059;4769456,80340152;769257,83134861;764823,030814302;0,43695284027961;5;0;489;
490;27,3404761904762;30,4041182923665;4;4;7;6;5;2;30,4041182923665;27,3404761904762;4593,2;332735,126514658;404685,203983273;179715,350528873;4780025,96305799;769359,011419075;764840,558804463;0,437329855203883;5;0;490;
491;27,0916666666667;15,4023188257302;1;9;3;2;1;2;15,4023188257302;27,0916666666667;4551,4;332437,967773553;404153,603466959;179437,492130232;4758660,78009418;769142,009359826;764810,230843225;0,439957188166688;5;0;491;
492;27,3321428571429;17,3603875218681;2;9;3;3;1;2;17,3603875218681;27,3321428571429;4591,8;332595,874222948;404441,178132963;179584,334571872;4769874,49862281;769248,330634086;764834,940826591;0,43681460667475;5;0;492;
493;27,2738095238095;26,3590960258639;9;8;3;4;2;2;26,3590960258639;27,2738095238095;4582;332549,100758152;404351,980644565;179538,744;4766363,46691916;769206,255365418;764833,965523887;0,437523966221624;5;0;493;
494;27,3321428571429;17,3603875218681;2;9;3;3;1;2;17,3603875218681;27,3321428571429;4591,8;332595,874222948;404441,178132963;179584,334571872;4769874,49862281;769248,330634086;764834,940826591;0,43681460667475;5;0;494;
495;27,447619047619;30,3533431381602;9;7;7;4;2;2;30,3533431381602;27,447619047619;4611,2;332679,534190636;404581,114592745;179674,708438623;4776973,03395646;769317,790971169;764834,852208543;0,435419899581446;5;0;495;
496;27,3214285714286;16,4585439856738;2;9;2;3;1;2;16,4585439856738;27,3214285714286;4590;332591,342251334;404423,069336272;179578,280403059;4769456,80340152;769257,83134861;764823,030814302;0,43695284027961;5;0;496;
497;27,3202380952381;28,4672895184102;9;7;7;3;1;2;28,4672895184102;27,3202380952381;4589,8;332677,276211571;404573,062070367;179659,682579603;4775623,9152862;769278,82875348;764859,485039905;0,437387033830223;5;0;497;
498;27,3321428571429;17,3603875218681;2;9;3;3;1;2;17,3603875218681;27,3321428571429;4591,8;332595,874222948;404441,178132963;179584,334571872;4769874,49862281;769248,330634086;764834,940826591;0,43681460667475;5;0;498;
499;26,5023809523809;17,4149173949266;1;4;1;5;3;1;17,4149173949266;26,5023809523809;4452,4;331673,074108451;402794,550583749;178718,688;4703337,4788332;768817,021762187;764580,06753764;0,446087944222138;5;0;499;
500;27,3321428571429;17,3603875218681;2;9;3;3;1;2;17,3603875218681;27,3321428571429;4591,8;332595,874222948;404441,178132963;179584,334571872;4769874,49862281;769248,330634086;764834,940826591;0,43681460667475;5;0;500;
501;27,4190476190476;19,2899804345984;1;9;7;2;1;2;19,2899804345984;27,4190476190476;4606,4;332697,918067395;404612,982295474;179679,311101872;4777198,41481627;769276,540016701;764872,388207924;0,43589762933148;5;0;501;
502;27,447619047619;30,3533431381602;9;5;7;4;2;2;30,3533431381602;27,447619047619;4611,2;332679,534190636;404581,114592745;179674,708438623;4776973,03395646;769317,790971169;764834,852208543;0,435419899581446;5;0;502;
503;27,4988095238095;30,498869282535;5;4;8;4;5;2;30,498869282535;27,4988095238095;4619,8;332654,165194615;404538,08297392;179640,800658949;4774357,18816455;769263,544355047;764856,704412586;0,434450448146444;5;0;503;
504;27,2607142857143;20,2855727752474;1;10;8;2;1;2;20,2855727752474;27,2607142857143;4579,8;332673,815040234;404574,392063853;179656,660910208;4775474,40685118;769268,462394276;764862,928427505;0,438322871900591;5;0;504;
505;27,1654761904762;19,4027344165585;2;10;3;5;1;2;19,4027344165585;27,1654761904762;4563,8;332575,521764389;404396,211478152;179567,000719473;4768589,94424443;769240,857093443;764825,650359115;0,439410451020984;5;0;505;
506;27,2607142857143;20,2855727752474;1;10;8;2;1;2;20,2855727752474;27,2607142857143;4579,8;332673,815040234;404574,392063853;179656,660910208;4775474,40685118;769268,462394276;764862,928427505;0,438322871900591;5;0;506;
507;27,4380952380952;28,3123150490692;4;4;7;4;5;2;28,3123150490692;27,4380952380952;4609,6;332741,613163941;404693,633768759;179717,282070898;4780536,48399519;769314,864828183;764874,702507618;0,435801089634787;5;0;507;
508;27,3214285714286;16,4585439856738;2;9;2;3;1;2;16,4585439856738;27,3214285714286;4590;332591,342251334;404423,069336272;179578,280403059;4769456,80340152;769257,83134861;764823,030814302;0,43695284027961;5;0;508;
509;27,447619047619;30,3533431381602;9;7;7;4;2;2;30,3533431381602;27,447619047619;4611,2;332679,534190636;404581,114592745;179674,708438623;4776973,03395646;769317,790971169;764834,852208543;0,435419899581446;5;0;509;
510;27,4190476190476;19,2899804345984;1;9;7;2;1;2;19,2899804345984;27,4190476190476;4606,4;332697,918067395;404612,982295474;179679,311101872;4777198,41481627;769276,540016701;764872,388207924;0,43589762933148;5;0;510;
511;27,3214285714286;16,4585439856738;2;9;2;3;1;2;16,4585439856738;27,3214285714286;4590;332591,342251334;404423,069336272;179578,280403059;4769456,80340152;769257,83134861;764823,030814302;0,43695284027961;5;0;511;
512;27,4380952380952;28,3123150490692;4;4;7;4;5;2;28,3123150490692;27,4380952380952;4609,6;332741,613163941;404693,633768759;179717,282070898;4780536,48399519;769314,864828183;764874,702507618;0,435801089634787;5;0;512;
513;27,3583333333333;27,4494048213784;4;4;7;4;2;4;27,4494048213784;27,3583333333333;4596,2;332673,443177027;404570,379674023;179656,056;4775423,79354627;769287,518424514;764851,736884565;0,436747255538202;5;0;513;
514;27,447619047619;30,3533431381602;9;7;7;4;2;2;30,3533431381602;27,447619047619;4611,2;332679,534190636;404581,114592745;179674,708438623;4776973,03395646;769317,790971169;764834,852208543;0,435419899581446;5;0;514;
515;27,2630952380952;21,2865056329238;6;9;3;3;1;2;21,2865056329238;27,2630952380952;4580,2;332576,564036558;404390,225645392;179568,261530855;4768586,30884103;769260,804482309;764812,827638354;0,437863008405802;5;0;515;
516;27,3785714285714;31,446751066197;4;5;7;4;8;2;31,446751066197;27,3785714285714;4599,6;332688,147898174;404599,667048492;179670,587220326;4776478,20977692;769276,133893072;764869,018447103;0,436497383428693;5;0;516;
517;27,2023809523809;18,5113383488022;1;9;3;1;1;6;18,5113383488022;27,2023809523809;4570;332435,165939059;404139,457104985;179431,923822905;4758347,50813837;769114,035044446;764827,784716866;0,438157630761693;5;0;517;
518;27,2940476190476;20,4397928678201;2;9;3;5;2;2;20,4397928678201;27,2940476190476;4585,4;332631,784071998;404494,732817941;179616,856251944;4772376,85887115;769269,245795303;764838,854925632;0,437598170487069;5;0;518;
519;27,4678571428571;30,3971407307003;7;4;6;4;5;2;30,3971407307003;27,4678571428571;4614,6;332671,100209623;404558,809139953;179654,448188865;4775149,23904141;769281,650588993;764853,514738776;0,434988127264302;5;0;519;
520;27,1654761904762;19,4027344165585;2;9;3;3;3;2;19,4027344165585;27,1654761904762;4563,8;332575,521764389;404396,211478152;179567,000719473;4768589,94424443;769240,857093443;764825,650359115;0,439410451020984;5;0;520;
521;27,05;21,496409889397;3;9;3;3;4;2;21,496409889397;27,05;4544,4;332474,141589309;404209,650103599;179466,234378725;4760825,28554325;769268,854399396;764747,112719207;0,440788727840836;5;0;521;
522;27,3714285714286;28,2758977896337;4;6;7;4;5;2;28,2758977896337;27,3714285714286;4598,4;332677,161951182;404578,656612803;179660,482977537;4775822,11523305;769274,81567634;764862,961907359;0,436568859345154;5;0;522;
523;27,3107142857143;15,3437699051233;2;9;2;2;1;2;15,3437699051233;27,3107142857143;4588,2;332573,446398048;404397,084642222;179560,160249121;4767890,2771785;769258,536718652;764813,002762608;0,437030366200286;5;0;523;
524;27,2797619047619;16,409532828202;2;9;3;2;1;2;16,409532828202;27,2797619047619;4583;332605,625519787;404450,428909379;179590,632;4770394,272;769277,89910017;764817,331851733;0,437685022566015;5;0;524;
525;27,4285714285714;29,3606973258913;4;4;8;4;5;2;29,3606973258913;27,4285714285714;4608;332639,800850795;404508,943356065;179624,451486676;4773016,06945199;769318,234822461;764811,314067648;0,435484569342314;5;0;525;
526;27,3547619047619;28,4514648099009;7;4;4;4;5;2;28,4514648099009;27,3547619047619;4595,6;332652,238772179;404532,789389222;179639,580570886;4774138,75692476;769284,531023946;764840,605309907;0,436723373930681;5;0;526;
527;27,3488095238095;33,5547523574214;9;3;7;4;2;5;33,5547523574214;27,3488095238095;4594,6;332601,210909486;404445,225365132;179586,667945387;4770155,57643752;769268,972907126;764823,029272795;0,436557611523688;5;0;527;
528;27,4380952380952;28,3123150490692;4;4;7;4;5;2;28,3123150490692;27,4380952380952;4609,6;332741,613163941;404693,633768759;179717,282070898;4780536,48399519;769314,864828183;764874,702507618;0,435801089634787;5;0;528;
529;27,4190476190476;19,2899804345984;1;9;7;2;1;2;19,2899804345984;27,4190476190476;4606,4;332697,918067395;404612,982295474;179679,311101872;4777198,41481627;769276,540016701;764872,388207924;0,43589762933148;5;0;529;
530;27,2464285714286;27,3705777661732;4;4;7;3;5;2;27,3705777661732;27,2464285714286;4577,4;332581,984741658;404414,815149655;179572,406818452;4768757,4833239;769284,383953504;764801,26130778;0,438109866658138;5;0;530;
531;27,3321428571429;17,3603875218681;2;9;3;3;1;2;17,3603875218681;27,3321428571429;4591,8;332595,874222948;404441,178132963;179584,334571872;4769874,49862281;769248,330634086;764834,940826591;0,43681460667475;5;0;531;
532;27,3321428571429;17,3603875218681;2;8;3;3;1;2;17,3603875218681;27,3321428571429;4591,8;332595,874222948;404441,178132963;179584,334571872;4769874,49862281;769248,330634086;764834,940826591;0,43681460667475;5;0;532;
533;27,4190476190476;19,2899804345984;1;10;7;2;1;2;19,2899804345984;27,4190476190476;4606,4;332697,918067395;404612,982295474;179679,311101872;4777198,41481627;769276,540016701;764872,388207924;0,43589762933148;5;0;533;
534;27,2845238095238;23,458663107293;3;4;5;4;3;2;23,458663107293;27,2845238095238;4583,8;332544,859796179;404340,591250124;179537,031166658;4766222,23149491;769228,023785538;764814,968905901;0,437345557943589;5;0;534;
535;27,2714285714286;16,3472879366687;1;7;3;3;1;2;16,3472879366687;27,2714285714286;4581,6;332489,87340857;404250,027298352;179481,46530979;4762172,13737996;769209,094755687;764796,829012455;0,43729752986291;5;0;535;
536;27,4380952380952;28,3123150490692;4;4;7;4;5;2;28,3123150490692;27,4380952380952;4609,6;332741,613163941;404693,633768759;179717,282070898;4780536,48399519;769314,864828183;764874,702507618;0,435801089634787;5;0;536;
537;27,2809523809524;30,3482709026853;7;4;5;4;6;2;30,3482709026853;27,2809523809524;4583,2;332589,178983564;404420,11032352;179578,138290196;4769410,29009463;769274,640246419;764810,349453538;0,437595434692506;5;0;537;
538;27,1178571428572;18,3856800750389;2;9;2;5;1;2;18,3856800750389;27,1178571428572;4555,8;332509,490554887;404280,380036266;179502,743510096;4763638,39810996;769210,158349324;764807,422010013;0,439859540501344;5;0;538;
539;27,3321428571429;17,3603875218681;2;9;3;3;1;2;17,3603875218681;27,3321428571429;4591,8;332595,874222948;404441,178132963;179584,334571872;4769874,49862281;769248,330634086;764834,940826591;0,43681460667475;5;0;539;
540;27,4678571428571;30,3971407307003;7;4;6;4;5;2;30,3971407307003;27,4678571428571;4614,6;332671,100209623;404558,809139953;179654,448188865;4775149,23904141;769281,650588993;764853,514738776;0,434988127264302;5;0;540;
541;27,1178571428572;18,3856800750389;2;9;2;3;3;2;18,3856800750389;27,1178571428572;4555,8;332509,490554887;404280,380036266;179502,743510096;4763638,39810996;769210,158349324;764807,422010013;0,439859540501344;5;0;541;
542;27,3321428571429;17,3603875218681;2;9;3;3;1;2;17,3603875218681;27,3321428571429;4591,8;332595,874222948;404441,178132963;179584,334571872;4769874,49862281;769248,330634086;764834,940826591;0,43681460667475;5;0;542;
543;27,4380952380952;28,3123150490692;4;4;7;4;5;2;28,3123150490692;27,4380952380952;4609,6;332741,613163941;404693,633768759;179717,282070898;4780536,48399519;769314,864828183;764874,702507618;0,435801089634787;5;0;543;
544;27,3321428571429;17,3603875218681;2;9;3;3;1;2;17,3603875218681;27,3321428571429;4591,8;332595,874222948;404441,178132963;179584,334571872;4769874,49862281;769248,330634086;764834,940826591;0,43681460667475;5;0;544;
545;27,3214285714286;16,4585439856738;2;9;2;3;1;2;16,4585439856738;27,3214285714286;4590;332591,342251334;404423,069336272;179578,280403059;4769456,80340152;769257,83134861;764823,030814302;0,43695284027961;5;0;545;
546;27,4380952380952;28,3123150490692;4;4;7;4;5;2;28,3123150490692;27,4380952380952;4609,6;332741,613163941;404693,633768759;179717,282070898;4780536,48399519;769314,864828183;764874,702507618;0,435801089634787;5;0;546;
547;27,3916666666667;31,4382116387941;7;4;6;5;5;2;31,4382116387941;27,3916666666667;4601,8;332727,705488441;404664,089534473;179709,072;4779496,512;769311,195370556;764866,680018964;0,436479712456472;5;0;547;
548;27,447619047619;30,3533431381602;9;7;7;4;2;2;30,3533431381602;27,447619047619;4611,2;332679,534190636;404581,114592745;179674,708438623;4776973,03395646;769317,790971169;764834,852208543;0,435419899581446;5;0;548;
549;27,4190476190476;19,2899804345984;1;9;7;2;1;2;19,2899804345984;27,4190476190476;4606,4;332697,918067395;404612,982295474;179679,311101872;4777198,41481627;769276,540016701;764872,388207924;0,43589762933148;5;0;549;
550;27,3321428571429;17,3603875218681;2;9;3;3;1;2;17,3603875218681;27,3321428571429;4591,8;332595,874222948;404441,178132963;179584,334571872;4769874,49862281;769248,330634086;764834,940826591;0,43681460667475;5;0;550;
551;27,4190476190476;19,2899804345984;1;10;7;2;1;2;19,2899804345984;27,4190476190476;4606,4;332697,918067395;404612,982295474;179679,311101872;4777198,41481627;769276,540016701;764872,388207924;0,43589762933148;5;0;551;
552;27,247619047619;20,4512206846574;2;9;3;1;1;7;20,4512206846574;27,247619047619;4577,6;332550,349583455;404351,764705945;179543,256;4766753,376;769198,404225967;764839,74238958;0,437972241428113;5;0;552;
553;27,3119047619047;23,3784602686064;1;9;7;2;1;6;23,3784602686064;27,3119047619047;4588,4;332627,768182103;404482,699085659;179613,571834739;4772169,44175681;769267,777400214;764836,680394066;0,437296865400881;5;0;553;
554;27,3321428571429;17,3603875218681;2;9;3;3;1;2;17,3603875218681;27,3321428571429;4591,8;332595,874222948;404441,178132963;179584,334571872;4769874,49862281;769248,330634086;764834,940826591;0,43681460667475;5;0;554;
555;27,447619047619;30,3533431381602;9;7;7;4;2;2;30,3533431381602;27,447619047619;4611,2;332679,534190636;404581,114592745;179674,708438623;4776973,03395646;769317,790971169;764834,852208543;0,435419899581446;5;0;555;
556;27,2297619047619;17,2441233329979;3;9;2;3;1;2;17,2441233329979;27,2297619047619;4574,6;332516,945722205;404299,709292693;179509,062110596;4764141,80847671;769265,116710534;764774,971966929;0,438114358949123;5;0;556;
557;27,2166666666667;20,4060242644269;2;9;2;3;1;6;20,4060242644269;27,2166666666667;4572,4;332496,508407807;404274,409955897;179486,688599809;4762332,288;769192,576815221;764816,86930523;0,438184338501537;5;0;557;
558;27,3321428571429;17,3603875218681;2;9;3;3;1;2;17,3603875218681;27,3321428571429;4591,8;332595,874222948;404441,178132963;179584,334571872;4769874,49862281;769248,330634086;764834,940826591;0,43681460667475;5;0;558;
559;27,2738095238095;14,4855156077895;2;8;2;1;1;2;14,4855156077895;27,2738095238095;4582;332532,796999198;404326,064309347;179524,418790097;4765314,38089657;769194,510838109;764831,13917572;0,437450724732907;5;0;559;
560;27,3440476190476;20,3448419292222;1;6;7;2;2;2;20,3448419292222;27,3440476190476;4593,8;332626,018811371;404487,713287376;179612,999975673;4772115,38290814;769242,656012865;764853,924838465;0,436768000617949;5;0;560;
561;27,4988095238095;30,498869282535;5;4;8;4;5;2;30,498869282535;27,4988095238095;4619,8;332654,165194615;404538,08297392;179640,800658949;4774357,18816455;769263,544355047;764856,704412586;0,434450448146444;5;0;561;
562;27,1642857142857;19,4602615707702;1;9;3;3;1;5;19,4602615707702;27,1642857142857;4563,6;332498,641607497;404260,68646003;179497,008;4763199,168;769163,664823519;764832,393083242;0,439075728452003;5;0;562;
563;27,4380952380952;28,3123150490692;4;4;7;4;5;2;28,3123150490692;27,4380952380952;4609,6;332741,613163941;404693,633768759;179717,282070898;4780536,48399519;769314,864828183;764874,702507618;0,435801089634787;5;0;563;
564;27,2619047619048;19,6011991210727;5;9;2;3;1;2;19,6011991210727;27,2619047619048;4580;332592,294612247;404426,823638316;179581,503074056;4769625,48969236;769281,515387613;764808,000813181;0,437927376894539;5;0;564;
565;27,3321428571429;17,3603875218681;2;9;3;3;1;2;17,3603875218681;27,3321428571429;4591,8;332595,874222948;404441,178132963;179584,334571872;4769874,49862281;769248,330634086;764834,940826591;0,43681460667475;5;0;565;
566;27,3321428571429;17,3603875218681;2;9;3;3;1;2;17,3603875218681;27,3321428571429;4591,8;332595,874222948;404441,178132963;179584,334571872;4769874,49862281;769248,330634086;764834,940826591;0,43681460667475;5;0;566;
567;27,4130952380952;29,3860011141095;9;7;7;4;2;1;29,3860011141095;27,4130952380952;4605,4;332714,285589231;404638,78573215;179707,062877932;4779343,6846479;769316,942058948;764855,82147408;0,436120718826313;5;0;567;
568;27,2714285714286;30,3601871464766;7;7;6;4;5;2;30,3601871464766;27,2714285714286;4581,6;332566,245668325;404377,060383512;179553,598635253;4767446,88;769276,877788006;764794,799295453;0,437621148973625;5;0;568;
569;27,3595238095238;32,383609503817;7;4;6;4;7;2;32,383609503817;27,3595238095238;4596,4;332603,648053568;404445,133419345;179588,598273195;4770235,65791624;769255,191770893;764833,366143116;0,436407686457753;5;0;569;
570;27,2392857142857;17,444981441622;2;9;2;2;3;2;17,444981441622;27,2392857142857;4576,2;332485,383617918;404247,29664091;179474,652883143;4761552,096;769224,570613959;764785,516529955;0,437767148879451;5;0;570;
571;27,4678571428571;30,3971407307003;7;4;6;4;5;2;30,3971407307003;27,4678571428571;4614,6;332671,100209623;404558,809139953;179654,448188865;4775149,23904141;769281,650588993;764853,514738776;0,434988127264302;5;0;571;
572;27,3321428571429;17,3603875218681;2;9;3;3;1;2;17,3603875218681;27,3321428571429;4591,8;332595,874222948;404441,178132963;179584,334571872;4769874,49862281;769248,330634086;764834,940826591;0,43681460667475;5;0;572;
573;27,3214285714286;16,4585439856738;2;9;2;3;1;2;16,4585439856738;27,3214285714286;4590;332591,342251334;404423,069336272;179578,280403059;4769456,80340152;769257,83134861;764823,030814302;0,43695284027961;5;0;573;
574;27,1047619047619;20,2811198346915;2;8;2;3;5;2;20,2811198346915;27,1047619047619;4553,6;332416,717165875;404108,754618721;179417,147576543;4757133,61499953;769210,21648437;764753,052686334;0,439659922540984;5;0;574;
575;27,2630952380953;19,073822473664;2;9;2;3;1;5;19,073822473664;27,2630952380953;4580,2;332514,495766409;404294,039465204;179506,394708907;4763968,1615628;769198,662419414;764820,045496327;0,437539819852425;5;0;575;
576;27,4178571428571;27,3288002738595;3;6;7;4;5;2;27,3288002738595;27,4178571428571;4606,2;332688,506657003;404594,787382332;179668,328203298;4776354,41475343;769319,544731948;764837,88118954;0,435857800238201;5;0;576;
577;27,3321428571429;17,3603875218681;2;9;3;3;1;2;17,3603875218681;27,3321428571429;4591,8;332595,874222948;404441,178132963;179584,334571872;4769874,49862281;769248,330634086;764834,940826591;0,43681460667475;5;0;577;
578;27,3309523809524;18,4590927397747;2;10;4;3;1;2;18,4590927397747;27,3309523809524;4591,6;332682,747865636;404588,763748854;179663,45242025;4776008,46751263;769301,395401032;764849,004834904;0,437223614198653;5;0;578;
579;27,3642857142857;19,2797327087547;2;9;6;2;1;2;19,2797327087547;27,3642857142857;4597,2;332707,007246159;404628,334135242;179682;4777416;769277,945354153;764877,827361514;0,436778725975384;5;0;579;
580;27,4190476190476;19,2899804345984;1;9;7;2;1;2;19,2899804345984;27,4190476190476;4606,4;332697,918067395;404612,982295474;179679,311101872;4777198,41481627;769276,540016701;764872,388207924;0,43589762933148;5;0;580;
581;27,4392857142857;29,3049402897199;4;5;7;4;6;2;29,3049402897199;27,4392857142857;4609,8;332619,612998778;404473,563180865;179603,06545594;4771349,51684236;769271,676855242;764829,952558567;0,43520315173587;5;0;581;
582;27,3380952380952;21,3173433374601;1;10;7;2;3;2;21,3173433374601;27,3380952380952;4592,8;332660,848877687;404544,096173829;179637,686228602;4774006,38522164;769282,015155497;764845,889684246;0,436982988920973;5;0;582;
583;27,3214285714286;16,4585439856738;2;9;2;3;1;2;16,4585439856738;27,3214285714286;4590;332591,342251334;404423,069336272;179578,280403059;4769456,80340152;769257,83134861;764823,030814302;0,43695284027961;5;0;583;
584;27,3321428571429;17,3603875218681;2;9;3;3;1;2;17,3603875218681;27,3321428571429;4591,8;332595,874222948;404441,178132963;179584,334571872;4769874,49862281;769248,330634086;764834,940826591;0,43681460667475;5;0;584;
585;27,3321428571429;17,3603875218681;2;10;3;3;1;2;17,3603875218681;27,3321428571429;4591,8;332595,874222948;404441,178132963;179584,334571872;4769874,49862281;769248,330634086;764834,940826591;0,43681460667475;5;0;585;
586;27,4190476190476;19,2899804345984;1;10;7;2;1;2;19,2899804345984;27,4190476190476;4606,4;332697,918067395;404612,982295474;179679,311101872;4777198,41481627;769276,540016701;764872,388207924;0,43589762933148;5;0;586;
587;27,3214285714286;16,4585439856738;2;9;2;3;1;2;16,4585439856738;27,3214285714286;4590;332591,342251334;404423,069336272;179578,280403059;4769456,80340152;769257,83134861;764823,030814302;0,43695284027961;5;0;587;
588;27,4678571428571;30,3971407307003;7;4;6;4;5;2;30,3971407307003;27,4678571428571;4614,6;332671,100209623;404558,809139953;179654,448188865;4775149,23904141;769281,650588993;764853,514738776;0,434988127264302;5;0;588;
589;27,3321428571429;17,3603875218681;2;10;3;3;1;2;17,3603875218681;27,3321428571429;4591,8;332595,874222948;404441,178132963;179584,334571872;4769874,49862281;769248,330634086;764834,940826591;0,43681460667475;5;0;589;
590;27,4190476190476;19,2899804345984;1;10;7;2;1;2;19,2899804345984;27,4190476190476;4606,4;332697,918067395;404612,982295474;179679,311101872;4777198,41481627;769276,540016701;764872,388207924;0,43589762933148;5;0;590;
591;27,3154761904762;18,4079365253722;1;10;6;2;1;2;18,4079365253722;27,3154761904762;4589;332587,909676904;404420,803464291;179573,837716136;4769285,1873858;769231,91460751;764839,442217835;0,437037244872193;5;0;591;
592;27,3321428571429;17,3603875218681;2;9;3;3;1;2;17,3603875218681;27,3321428571429;4591,8;332595,874222948;404441,178132963;179584,334571872;4769874,49862281;769248,330634086;764834,940826591;0,43681460667475;5;0;592;
593;27,4190476190476;19,2899804345984;1;9;7;2;1;2;19,2899804345984;27,4190476190476;4606,4;332697,918067395;404612,982295474;179679,311101872;4777198,41481627;769276,540016701;764872,388207924;0,43589762933148;5;0;593;
594;27,252380952381;20,3841236955768;2;9;7;2;1;2;20,3841236955768;27,252380952381;4578,4;332522,478858566;404300,713619438;179518,453060358;4764886,67355243;769218,028085246;764809,481868325;0,437776643681116;5;0;594;
595;27,3;27,450141560037;4;4;7;4;5;1;27,450141560037;27,3;4586,4;332624,307328304;404484,330050832;179609,061852085;4771948,48240152;769298,319478691;764815,27442268;0,437453402174743;5;0;595;
596;27,2464285714286;27,3705777661732;4;4;7;3;5;2;27,3705777661732;27,2464285714286;4577,4;332581,984741658;404414,815149655;179572,406818452;4768757,4833239;769284,383953504;764801,26130778;0,438109866658138;5;0;596;
597;27,447619047619;30,3533431381602;9;7;7;4;2;2;30,3533431381602;27,447619047619;4611,2;332679,534190636;404581,114592745;179674,708438623;4776973,03395646;769317,790971169;764834,852208543;0,435419899581446;5;0;597;
598;27,3321428571429;17,3603875218681;2;9;3;3;1;2;17,3603875218681;27,3321428571429;4591,8;332595,874222948;404441,178132963;179584,334571872;4769874,49862281;769248,330634086;764834,940826591;0,43681460667475;5;0;598;
599;27,3190476190476;15,4834728035158;2;8;3;1;1;2;15,4834728035158;27,3190476190476;4589,6;332569,292174648;404383,444000506;179557,92;4767880,32;769266,476419975;764803,370123659;0,436893770761286;5;0;599;
600;27,3321428571429;17,3603875218681;2;9;3;3;1;2;17,3603875218681;27,3321428571429;4591,8;332595,874222948;404441,178132963;179584,334571872;4769874,49862281;769248,330634086;764834,940826591;0,43681460667475;5;0;600;
601;27,4190476190476;19,2899804345984;1;9;7;2;1;2;19,2899804345984;27,4190476190476;4606,4;332697,918067395;404612,982295474;179679,311101872;4777198,41481627;769276,540016701;764872,388207924;0,43589762933148;5;0;601;
602;27,3214285714286;16,4585439856738;2;9;2;3;1;2;16,4585439856738;27,3214285714286;4590;332591,342251334;404423,069336272;179578,280403059;4769456,80340152;769257,83134861;764823,030814302;0,43695284027961;5;0;602;
603;27,3214285714286;16,4585439856738;2;9;2;3;1;2;16,4585439856738;27,3214285714286;4590;332591,342251334;404423,069336272;179578,280403059;4769456,80340152;769257,83134861;764823,030814302;0,43695284027961;5;0;603;
604;27,4988095238095;30,498869282535;5;4;8;4;5;2;30,498869282535;27,4988095238095;4619,8;332654,165194615;404538,08297392;179640,800658949;4774357,18816455;769263,544355047;764856,704412586;0,434450448146444;5;0;604;
605;27,4380952380952;28,3123150490692;4;4;7;4;5;2;28,3123150490692;27,4380952380952;4609,6;332741,613163941;404693,633768759;179717,282070898;4780536,48399519;769314,864828183;764874,702507618;0,435801089634787;5;0;605;
606;27,4190476190476;19,2899804345984;1;9;7;2;1;2;19,2899804345984;27,4190476190476;4606,4;332697,918067395;404612,982295474;179679,311101872;4777198,41481627;769276,540016701;764872,388207924;0,43589762933148;5;0;606;
607;27,3011904761905;30,4533545359779;8;4;6;4;5;1;30,4533545359779;27,3011904761905;4586,6;332627,989819023;404485,514408117;179607,975353442;4771809,16728207;769292,544085009;764821,550752682;0,437426175551672;5;0;607;
608;27,2738095238095;14,4855156077895;2;9;2;1;1;2;14,4855156077895;27,2738095238095;4582;332532,796999198;404326,064309347;179524,418790097;4765314,38089657;769194,510838109;764831,13917572;0,437450724732907;5;0;608;
609;27,3321428571429;17,3603875218681;2;9;3;3;1;2;17,3603875218681;27,3321428571429;4591,8;332595,874222948;404441,178132963;179584,334571872;4769874,49862281;769248,330634086;764834,940826591;0,43681460667475;5;0;609;
610;27,4380952380952;28,3123150490692;4;4;7;4;5;2;28,3123150490692;27,4380952380952;4609,6;332741,613163941;404693,633768759;179717,282070898;4780536,48399519;769314,864828183;764874,702507618;0,435801089634787;5;0;610;
611;27,4190476190476;19,2899804345984;1;9;7;2;1;2;19,2899804345984;27,4190476190476;4606,4;332697,918067395;404612,982295474;179679,311101872;4777198,41481627;769276,540016701;764872,388207924;0,43589762933148;5;0;611;
612;27,1607142857143;15,4044907940511;2;8;2;1;1;3;15,4044907940511;27,1607142857143;4563;332527,988266654;404309,05495139;179518,682662007;4764861,23839839;769224,145263804;764808,236782097;0,439245982405141;5;0;612;
613;27,2738095238095;14,4855156077895;2;8;2;1;1;2;14,4855156077895;27,2738095238095;4582;332532,796999198;404326,064309347;179524,418790097;4765314,38089657;769194,510838109;764831,13917572;0,437450724732907;5;0;613;
614;27,4380952380952;28,3123150490692;4;4;7;4;5;2;28,3123150490692;27,4380952380952;4609,6;332741,613163941;404693,633768759;179717,282070898;4780536,48399519;769314,864828183;764874,702507618;0,435801089634787;5;0;614;
615;27,4380952380952;28,3123150490692;4;4;7;4;5;2;28,3123150490692;27,4380952380952;4609,6;332741,613163941;404693,633768759;179717,282070898;4780536,48399519;769314,864828183;764874,702507618;0,435801089634787;5;0;615;
616;27,2595238095238;18,4144867409551;1;9;7;2;1;1;18,4144867409551;27,2595238095238;4579,6;332573,297645795;404388,703222785;179564,779666016;4768278,40320353;769241,398686745;764823,671206815;0,43790925894046;5;0;616;
617;27,4190476190476;19,2899804345984;1;9;7;2;1;2;19,2899804345984;27,4190476190476;4606,4;332697,918067395;404612,982295474;179679,311101872;4777198,41481627;769276,540016701;764872,388207924;0,43589762933148;5;0;617;
618;27,3321428571429;17,3603875218681;2;9;3;3;1;2;17,3603875218681;27,3321428571429;4591,8;332595,874222948;404441,178132963;179584,334571872;4769874,49862281;769248,330634086;764834,940826591;0,43681460667475;5;0;618;
619;27,3321428571429;17,3603875218681;2;9;3;3;1;2;17,3603875218681;27,3321428571429;4591,8;332595,874222948;404441,178132963;179584,334571872;4769874,49862281;769248,330634086;764834,940826591;0,43681460667475;5;0;619;
620;27,2833333333333;26,4892036889179;2;4;7;4;5;2;26,4892036889179;27,2833333333333;4583,6;332554,989265591;404359,911775406;179545,186779603;4766894,82581235;769232,763162994;764819,835637234;0,437394296849625;5;0;620;
621;27,2797619047619;16,409532828202;2;9;3;2;1;2;16,409532828202;27,2797619047619;4583;332605,625519787;404450,428909379;179590,632;4770394,272;769277,89910017;764817,331851733;0,437685022566015;5;0;621;
622;27,4988095238095;30,498869282535;5;4;8;4;5;2;30,498869282535;27,4988095238095;4619,8;332654,165194615;404538,08297392;179640,800658949;4774357,18816455;769263,544355047;764856,704412586;0,434450448146444;5;0;622;
623;27,3440476190476;18,5495852951042;2;9;5;2;1;2;18,5495852951042;27,3440476190476;4593,8;332660,660514546;404558,350329038;179640,11117728;4774312,41726017;769269,474646686;764860,118606259;0,43691471708325;5;0;623;
624;27,2845238095238;23,4296079661318;2;9;4;3;6;2;23,4296079661318;27,2845238095238;4583,8;332623,721315302;404486,94027716;179613,034559409;4772145,10247029;769306,933772435;764809,514418498;0,437714034632414;5;0;624;
625;27,4190476190476;19,2899804345984;1;9;7;2;1;2;19,2899804345984;27,4190476190476;4606,4;332697,918067395;404612,982295474;179679,311101872;4777198,41481627;769276,540016701;764872,388207924;0,43589762933148;5;0;625;
626;27,3690476190476;28,4909214469345;4;3;7;4;5;2;28,4909214469345;27,3690476190476;4598;332654,805499622;404528,757680689;179637,067043214;4774121,79297425;769326,613264663;764812,70667352;0,43649717402431;5;0;626;
627;27,4380952380952;28,3123150490692;4;4;7;4;5;2;28,3123150490692;27,4380952380952;4609,6;332741,613163941;404693,633768759;179717,282070898;4780536,48399519;769314,864828183;764874,702507618;0,435801089634787;5;0;627;
628;27,4988095238095;30,498869282535;5;4;8;4;5;2;30,498869282535;27,4988095238095;4619,8;332654,165194615;404538,08297392;179640,800658949;4774357,18816455;769263,544355047;764856,704412586;0,434450448146444;5;0;628;
629;27,0845238095238;15,3837678867305;1;9;2;3;1;2;15,3837678867305;27,0845238095238;4550,2;332356,659556939;404003,552273306;179359,61446963;4752611,23430415;769072,851126267;764809,33441611;0,439681546130816;5;0;629;
630;27,3321428571429;17,3603875218681;2;9;3;3;1;2;17,3603875218681;27,3321428571429;4591,8;332595,874222948;404441,178132963;179584,334571872;4769874,49862281;769248,330634086;764834,940826591;0,43681460667475;5;0;630;
631;27,2738095238095;14,4855156077895;2;9;2;1;1;2;14,4855156077895;27,2738095238095;4582;332532,796999198;404326,064309347;179524,418790097;4765314,38089657;769194,510838109;764831,13917572;0,437450724732907;5;0;631;
632;27,302380952381;17,4450853953332;2;4;3;3;1;2;17,4450853953332;27,302380952381;4586,8;332591,997645575;404431,316700061;179582,736;4769753,77226015;769230,460091611;764842,72778593;0,437291285395239;5;0;632;
633;27,3321428571429;17,3603875218681;2;10;3;3;1;2;17,3603875218681;27,3321428571429;4591,8;332595,874222948;404441,178132963;179584,334571872;4769874,49862281;769248,330634086;764834,940826591;0,43681460667475;5;0;633;
634;27,3678571428571;36,4509699815741;9;7;7;4;2;8;36,4509699815741;27,3678571428571;4597,8;332625,2672442;404490,906387152;179610,936;4771961,60856241;769266,726077075;764838,570758436;0,43638005121457;5;0;634;
635;27,3190476190476;15,4834728035158;2;8;3;1;1;2;15,4834728035158;27,3190476190476;4589,6;332569,292174648;404383,444000506;179557,92;4767880,32;769266,476419975;764803,370123659;0,436893770761286;5;0;635;
636;27,3214285714286;16,4585439856738;2;9;2;3;1;2;16,4585439856738;27,3214285714286;4590;332591,342251334;404423,069336272;179578,280403059;4769456,80340152;769257,83134861;764823,030814302;0,43695284027961;5;0;636;
637;27,297619047619;24,4009992307476;2;9;6;3;5;2;24,4009992307476;27,297619047619;4586;332657,881530999;404543,551772463;179643,648;4774381,92;769289,221300502;764841,78527333;0,437651543438223;5;0;637;
638;27,447619047619;30,3533431381602;9;7;7;4;2;2;30,3533431381602;27,447619047619;4611,2;332679,534190636;404581,114592745;179674,708438623;4776973,03395646;769317,790971169;764834,852208543;0,435419899581446;5;0;638;
639;27,4988095238095;30,498869282535;5;4;8;4;5;2;30,498869282535;27,4988095238095;4619,8;332654,165194615;404538,08297392;179640,800658949;4774357,18816455;769263,544355047;764856,704412586;0,434450448146444;5;0;639;
640;27,2297619047619;17,2441233329979;3;9;2;3;1;2;17,2441233329979;27,2297619047619;4574,6;332516,945722205;404299,709292693;179509,062110596;4764141,80847671;769265,116710534;764774,971966929;0,438114358949123;5;0;640;
641;27,4988095238095;30,498869282535;5;4;8;4;5;2;30,498869282535;27,4988095238095;4619,8;332654,165194615;404538,08297392;179640,800658949;4774357,18816455;769263,544355047;764856,704412586;0,434450448146444;5;0;641;
642;27,3214285714286;16,4585439856738;2;9;2;3;1;2;16,4585439856738;27,3214285714286;4590;332591,342251334;404423,069336272;179578,280403059;4769456,80340152;769257,83134861;764823,030814302;0,43695284027961;5;0;642;
643;27,4380952380952;28,3123150490692;4;4;7;4;5;2;28,3123150490692;27,4380952380952;4609,6;332741,613163941;404693,633768759;179717,282070898;4780536,48399519;769314,864828183;764874,702507618;0,435801089634787;5;0;643;
644;27,327380952381;18,5126923478848;4;9;2;3;1;2;18,5126923478848;27,327380952381;4591;332612,199638701;404462,439548138;179598,930951057;4770928,68034501;769289,546729465;764813,738509535;0,436970904088823;5;0;644;
645;27,4107142857143;21,3667686944024;1;9;7;2;1;4;21,3667686944024;27,4107142857143;4605;332630,749331854;404490,951881643;179615,004108214;4772252,63166665;769241,572213421;764857,733408072;0,435707636014815;5;0;645;
646;27,3107142857143;15,3437699051233;2;9;2;2;1;2;15,3437699051233;27,3107142857143;4588,2;332573,446398048;404397,084642222;179560,160249121;4767890,2771785;769258,536718652;764813,002762608;0,437030366200286;5;0;646;
647;27,4404761904762;28,4243425027343;4;4;8;4;5;1;28,4243425027343;27,4404761904762;4610;332727,737529532;404664,026015418;179705,065523604;4779183,06002294;769331,361353967;764853,028264084;0,435693129774665;5;0;647;
648;27,3321428571429;17,3603875218681;2;9;3;3;1;2;17,3603875218681;27,3321428571429;4591,8;332595,874222948;404441,178132963;179584,334571872;4769874,49862281;769248,330634086;764834,940826591;0,43681460667475;5;0;648;
649;27,3321428571429;17,3603875218681;2;9;3;3;1;2;17,3603875218681;27,3321428571429;4591,8;332595,874222948;404441,178132963;179584,334571872;4769874,49862281;769248,330634086;764834,940826591;0,43681460667475;5;0;649;
650;27,3583333333333;26,4615282957288;3;4;6;4;5;2;26,4615282957288;27,3583333333333;4596,2;332625,102753382;404487,482559569;179614,822560243;4772297,523091;769288,986992756;764823,514097319;0,436552767203185;5;0;650;
651;27,3440476190476;18,5495852951042;2;9;5;2;1;2;18,5495852951042;27,3440476190476;4593,8;332660,660514546;404558,350329038;179640,11117728;4774312,41726017;769269,474646686;764860,118606259;0,43691471708325;5;0;651;
652;27,4190476190476;19,2899804345984;1;9;7;2;1;2;19,2899804345984;27,4190476190476;4606,4;332697,918067395;404612,982295474;179679,311101872;4777198,41481627;769276,540016701;764872,388207924;0,43589762933148;5;0;652;
653;27,4190476190476;19,2899804345984;1;9;7;2;1;2;19,2899804345984;27,4190476190476;4606,4;332697,918067395;404612,982295474;179679,311101872;4777198,41481627;769276,540016701;764872,388207924;0,43589762933148;5;0;653;
654;27,1916666666667;19,3732404083759;2;8;2;1;6;2;19,3732404083759;27,1916666666667;4568,2;332557,771645907;404365,218703897;179550,532142151;4767370,60568368;769207,995349949;764837,465829297;0,438898267045696;5;0;654;
655;27,2392857142857;17,444981441622;2;9;2;3;2;2;17,444981441622;27,2392857142857;4576,2;332485,383617918;404247,29664091;179474,652883143;4761552,096;769224,570613959;764785,516529955;0,437767148879451;5;0;655;
656;27,2940476190476;29,4726005736178;7;4;5;4;5;2;29,4726005736178;27,2940476190476;4585,4;332562,904055072;404372,351016022;179554,521595676;4767619,30715347;769263,602551827;764802,389801153;0,437283069536469;5;0;656;
657;27,3214285714286;16,4585439856738;2;9;2;3;1;2;16,4585439856738;27,3214285714286;4590;332591,342251334;404423,069336272;179578,280403059;4769456,80340152;769257,83134861;764823,030814302;0,43695284027961;5;0;657;
658;27,3714285714286;28,2758977896337;4;8;7;4;5;2;28,2758977896337;27,3714285714286;4598,4;332677,161951182;404578,656612803;179660,482977537;4775822,11523305;769274,81567634;764862,961907359;0,436568859345154;5;0;658;
659;27,2738095238095;14,4855156077895;2;9;2;1;1;2;14,4855156077895;27,2738095238095;4582;332532,796999198;404326,064309347;179524,418790097;4765314,38089657;769194,510838109;764831,13917572;0,437450724732907;5;0;659;
660;27,2714285714286;16,3472879366687;1;9;3;3;1;2;16,3472879366687;27,2714285714286;4581,6;332489,87340857;404250,027298352;179481,46530979;4762172,13737996;769209,094755687;764796,829012455;0,43729752986291;5;0;660;
661;27,3214285714286;16,4585439856738;2;9;2;3;1;2;16,4585439856738;27,3214285714286;4590;332591,342251334;404423,069336272;179578,280403059;4769456,80340152;769257,83134861;764823,030814302;0,43695284027961;5;0;661;
662;27,4988095238095;30,498869282535;5;4;8;4;5;2;30,498869282535;27,4988095238095;4619,8;332654,165194615;404538,08297392;179640,800658949;4774357,18816455;769263,544355047;764856,704412586;0,434450448146444;5;0;662;
663;27,2738095238095;14,4855156077895;2;9;2;1;1;2;14,4855156077895;27,2738095238095;4582;332532,796999198;404326,064309347;179524,418790097;4765314,38089657;769194,510838109;764831,13917572;0,437450724732907;5;0;663;
664;27,3452380952381;27,3594047791674;4;4;9;4;2;2;27,3594047791674;27,3452380952381;4594;332607,308887249;404452,573560405;179595,938640969;4770761,09440136;769291,479913387;764809,464988415;0,436653600238986;5;0;664;
665;27,327380952381;17,4734983889491;1;8;3;1;4;2;17,4734983889491;27,327380952381;4591;332649,008081324;404517,752937548;179638,008;4774121,856;769229,16437145;764873,787013199;0,437152834713217;5;0;665;
666;27,0976190476191;15,3412284403267;2;9;1;3;1;2;15,3412284403267;27,0976190476191;4552,4;332395,309335311;404084,906441057;179396,295391055;4755466,47651076;769180,633576108;764764,753560082;0,439662375427071;5;0;666;
667;27,3238095238095;29,4245389778313;4;8;9;4;5;1;29,4245389778313;27,3238095238095;4590,4;332575,569745446;404399,09692627;179564,56875203;4768405,30799718;769253,511193157;764815,680743948;0,436869402408539;5;0;667;
668;27,2738095238095;14,4855156077895;2;9;2;1;1;2;14,4855156077895;27,2738095238095;4582;332532,796999198;404326,064309347;179524,418790097;4765314,38089657;769194,510838109;764831,13917572;0,437450724732907;5;0;668;
669;27,4988095238095;30,498869282535;5;4;8;4;5;2;30,498869282535;27,4988095238095;4619,8;332654,165194615;404538,08297392;179640,800658949;4774357,18816455;769263,544355047;764856,704412586;0,434450448146444;5;0;669;
670;27,0511904761905;14,4111382185604;1;10;2;2;1;2;14,4111382185604;27,0511904761905;4544,6;332287,715430263;403887,324407562;179298,613117523;4747980,64397801;769025,839490712;764800,385878427;0,439933405135944;5;0;670;
671;27,3214285714286;16,4585439856738;2;9;2;3;1;2;16,4585439856738;27,3214285714286;4590;332591,342251334;404423,069336272;179578,280403059;4769456,80340152;769257,83134861;764823,030814302;0,43695284027961;5;0;671;
672;27,4190476190476;19,2899804345984;1;9;7;2;1;2;19,2899804345984;27,4190476190476;4606,4;332697,918067395;404612,982295474;179679,311101872;4777198,41481627;769276,540016701;764872,388207924;0,43589762933148;5;0;672;
673;27,3321428571429;17,3603875218681;2;9;3;3;1;2;17,3603875218681;27,3321428571429;4591,8;332595,874222948;404441,178132963;179584,334571872;4769874,49862281;769248,330634086;764834,940826591;0,43681460667475;5;0;673;
674;27,3214285714286;16,4585439856738;2;9;2;3;1;2;16,4585439856738;27,3214285714286;4590;332591,342251334;404423,069336272;179578,280403059;4769456,80340152;769257,83134861;764823,030814302;0,43695284027961;5;0;674;
675;27,4190476190476;19,2899804345984;1;9;7;2;1;2;19,2899804345984;27,4190476190476;4606,4;332697,918067395;404612,982295474;179679,311101872;4777198,41481627;769276,540016701;764872,388207924;0,43589762933148;5;0;675;
676;27,3107142857143;15,3437699051233;2;9;2;2;1;2;15,3437699051233;27,3107142857143;4588,2;332573,446398048;404397,084642222;179560,160249121;4767890,2771785;769258,536718652;764813,002762608;0,437030366200286;5;0;676;
677;27,3321428571429;17,3603875218681;2;9;3;3;1;2;17,3603875218681;27,3321428571429;4591,8;332595,874222948;404441,178132963;179584,334571872;4769874,49862281;769248,330634086;764834,940826591;0,43681460667475;5;0;677;
678;27,3214285714286;16,4585439856738;2;9;2;3;1;2;16,4585439856738;27,3214285714286;4590;332591,342251334;404423,069336272;179578,280403059;4769456,80340152;769257,83134861;764823,030814302;0,43695284027961;5;0;678;
679;27,3988095238095;29,448361992771;5;4;7;4;5;2;29,448361992771;27,3988095238095;4603;332694,13883482;404608,241711645;179667,168208959;4776234,50810445;769247,238969692;764891,535723299;0,436169805560984;5;0;679;
680;27,2154761904762;26,3522886416213;4;2;4;4;5;3;26,3522886416213;27,2154761904762;4572,2;332548,757142024;404347,763794032;179545,933994198;4766902,84397421;769244,537535549;764807,352265646;0,438495464706904;5;0;680;
681;27,3321428571429;17,3603875218681;2;9;3;3;1;2;17,3603875218681;27,3321428571429;4591,8;332595,874222948;404441,178132963;179584,334571872;4769874,49862281;769248,330634086;764834,940826591;0,43681460667475;5;0;681;
682;27,1654761904762;19,4027344165585;2;9;3;3;3;2;19,4027344165585;27,1654761904762;4563,8;332575,521764389;404396,211478152;179567,000719473;4768589,94424443;769240,857093443;764825,650359115;0,439410451020984;5;0;682;
683;27,3321428571429;17,3603875218681;2;9;3;3;1;2;17,3603875218681;27,3321428571429;4591,8;332595,874222948;404441,178132963;179584,334571872;4769874,49862281;769248,330634086;764834,940826591;0,43681460667475;5;0;683;
684;27,3214285714286;16,4585439856738;2;8;2;3;1;2;16,4585439856738;27,3214285714286;4590;332591,342251334;404423,069336272;179578,280403059;4769456,80340152;769257,83134861;764823,030814302;0,43695284027961;5;0;684;
685;27,3214285714286;16,4585439856738;2;9;2;3;1;2;16,4585439856738;27,3214285714286;4590;332591,342251334;404423,069336272;179578,280403059;4769456,80340152;769257,83134861;764823,030814302;0,43695284027961;5;0;685;
686;27,3440476190476;18,5495852951042;2;5;5;2;1;2;18,5495852951042;27,3440476190476;4593,8;332660,660514546;404558,350329038;179640,11117728;4774312,41726017;769269,474646686;764860,118606259;0,43691471708325;5;0;686;
687;27,4380952380952;28,3123150490692;4;4;7;4;5;2;28,3123150490692;27,4380952380952;4609,6;332741,613163941;404693,633768759;179717,282070898;4780536,48399519;769314,864828183;764874,702507618;0,435801089634787;5;0;687;
688;27,3214285714286;16,4585439856738;2;9;2;2;2;2;16,4585439856738;27,3214285714286;4590;332591,342251334;404423,069336272;179578,280403059;4769456,80340152;769257,83134861;764823,030814302;0,43695284027961;5;0;688;
689;27,1214285714286;13,4397330686006;2;8;2;1;1;1;13,4397330686006;27,1214285714286;4556,4;332374,194078095;404040,849706796;179376,214773394;4753914,48864252;769237,424130631;764710,32115833;0,439169024465394;5;0;689;
690;27,3321428571429;17,3603875218681;2;9;3;3;1;2;17,3603875218681;27,3321428571429;4591,8;332595,874222948;404441,178132963;179584,334571872;4769874,49862281;769248,330634086;764834,940826591;0,43681460667475;5;0;690;
691;27,3214285714286;16,4585439856738;2;9;2;3;1;2;16,4585439856738;27,3214285714286;4590;332591,342251334;404423,069336272;179578,280403059;4769456,80340152;769257,83134861;764823,030814302;0,43695284027961;5;0;691;
692;27,2738095238095;14,4855156077895;2;9;2;1;1;2;14,4855156077895;27,2738095238095;4582;332532,796999198;404326,064309347;179524,418790097;4765314,38089657;769194,510838109;764831,13917572;0,437450724732907;5;0;692;
693;27,2940476190476;29,4726005736178;7;4;5;4;5;2;29,4726005736178;27,2940476190476;4585,4;332562,904055072;404372,351016022;179554,521595676;4767619,30715347;769263,602551827;764802,389801153;0,437283069536469;5;0;693;
694;27,2928571428571;23,5241847255167;4;4;8;2;2;1;23,5241847255167;27,2928571428571;4585,2;332550,348792444;404359,186538782;179541,028488099;4766612,64129766;769271,150644124;764791,506522307;0,437231494559789;5;0;694;
695;27,3321428571429;17,3603875218681;2;7;3;3;1;2;17,3603875218681;27,3321428571429;4591,8;332595,874222948;404441,178132963;179584,334571872;4769874,49862281;769248,330634086;764834,940826591;0,43681460667475;5;0;695;
696;27,247619047619;28,514623910393;9;7;2;4;5;2;28,514623910393;27,247619047619;4577,6;332589,307446492;404412,343933203;179575,820524065;4769225,62914916;769340,200874302;764764,030627488;0,438128378593282;5;0;696;
697;27,3214285714286;16,4585439856738;2;9;2;3;1;2;16,4585439856738;27,3214285714286;4590;332591,342251334;404423,069336272;179578,280403059;4769456,80340152;769257,83134861;764823,030814302;0,43695284027961;5;0;697;
698;27,3214285714286;16,4585439856738;2;9;2;3;1;2;16,4585439856738;27,3214285714286;4590;332591,342251334;404423,069336272;179578,280403059;4769456,80340152;769257,83134861;764823,030814302;0,43695284027961;5;0;698;
699;27,3535714285714;19,4749222707284;4;9;5;1;1;2;19,4749222707284;27,3535714285714;4595,4;332639,894695023;404510,891662327;179623,995917203;4772963,55131191;769263,834408555;764847,883795771;0,436670284878452;5;0;699;
700;27,3630952380952;31,4923948744754;7;2;6;4;6;2;31,4923948744754;27,3630952380952;4597;332692,872518525;404606,971324611;179674,902198945;4776878,61584225;769306,522840697;764851,41391613;0,436772620462123;5;0;700;
701;27,3214285714286;16,4585439856738;2;9;2;3;1;2;16,4585439856738;27,3214285714286;4590;332591,342251334;404423,069336272;179578,280403059;4769456,80340152;769257,83134861;764823,030814302;0,43695284027961;5;0;701;
702;27,4988095238095;30,498869282535;5;4;8;4;5;2;30,498869282535;27,4988095238095;4619,8;332654,165194615;404538,08297392;179640,800658949;4774357,18816455;769263,544355047;764856,704412586;0,434450448146444;5;0;702;
703;27,0976190476191;15,3412284403267;2;9;1;3;1;2;15,3412284403267;27,0976190476191;4552,4;332395,309335311;404084,906441057;179396,295391055;4755466,47651076;769180,633576108;764764,753560082;0,439662375427071;5;0;703;
704;27,4404761904762;28,4243425027343;4;4;8;4;5;1;28,4243425027343;27,4404761904762;4610;332727,737529532;404664,026015418;179705,065523604;4779183,06002294;769331,361353967;764853,028264084;0,435693129774665;5;0;704;
705;27,4071428571429;19,3958262373815;3;9;6;1;1;2;19,3958262373815;27,4071428571429;4604,4;332683,847730467;404593,74897674;179667,476472164;4776285,92523023;769274,286716167;764867,14454351;0,436025673896781;5;0;705;
706;26,6392857142857;28,4006262567741;4;1;8;4;5;1;28,4006262567741;26,6392857142857;4475,4;331878,632247874;403163,974556447;178906,703545112;4717652,41418177;768978,598917159;764593,666536534;0,444746019365195;5;0;706;
707;27,2738095238095;14,4855156077895;2;9;2;1;1;2;14,4855156077895;27,2738095238095;4582;332532,796999198;404326,064309347;179524,418790097;4765314,38089657;769194,510838109;764831,13917572;0,437450724732907;5;0;707;
708;27,447619047619;30,3533431381602;9;7;7;4;2;2;30,3533431381602;27,447619047619;4611,2;332679,534190636;404581,114592745;179674,708438623;4776973,03395646;769317,790971169;764834,852208543;0,435419899581446;5;0;708;
709;27,1214285714286;13,4397330686006;2;9;2;1;1;1;13,4397330686006;27,1214285714286;4556,4;332374,194078095;404040,849706796;179376,214773394;4753914,48864252;769237,424130631;764710,32115833;0,439169024465394;5;0;709;
710;27,3083333333333;36,4103017741637;5;4;8;10;5;2;36,4103017741637;27,3083333333333;4587,8;332693,945968022;404605,319417022;179676,254187377;4776975,58987484;769290,004415347;764862,226035605;0,437651898984492;5;0;710;
711;27,4190476190476;19,2899804345984;1;9;7;2;1;2;19,2899804345984;27,4190476190476;4606,4;332697,918067395;404612,982295474;179679,311101872;4777198,41481627;769276,540016701;764872,388207924;0,43589762933148;5;0;711;
712;27,3547619047619;22,490946091324;2;2;5;2;1;6;22,490946091324;27,3547619047619;4595,6;332652,048558389;404530,28646842;179629,173210142;4773364,7409695;769258,332710719;764858,137599704;0,436680175063949;5;0;712;
713;27,3369047619048;24,3552347721053;3;9;2;3;8;2;24,3552347721053;27,3369047619048;4592,6;332628,399869834;404487,489344421;179612,267454692;4772421,21335237;769314,781179191;764806,117155509;0,436919541254122;5;0;713;
714;27,447619047619;30,3533431381602;9;7;7;4;2;2;30,3533431381602;27,447619047619;4611,2;332679,534190636;404581,114592745;179674,708438623;4776973,03395646;769317,790971169;764834,852208543;0,435419899581446;5;0;714;
715;27,1654761904762;15,1289290939666;2;9;2;3;1;1;15,1289290939666;27,1654761904762;4563,8;332380,519851475;404041,470176042;179380,824;4754356,992;769220,220232593;764723,02978687;0,438508927545498;5;0;715;
716;27,4988095238095;30,498869282535;5;4;8;4;5;2;30,498869282535;27,4988095238095;4619,8;332654,165194615;404538,08297392;179640,800658949;4774357,18816455;769263,544355047;764856,704412586;0,434450448146444;5;0;716;
717;27,2392857142857;17,444981441622;2;9;2;3;2;2;17,444981441622;27,2392857142857;4576,2;332485,383617918;404247,29664091;179474,652883143;4761552,096;769224,570613959;764785,516529955;0,437767148879451;5;0;717;
718;27,3452380952381;31,5177504531974;7;6;6;4;5;3;31,5177504531974;27,3452380952381;4594;332687,833455513;404596,84733126;179670,72;4776478,93080672;769259,587776984;764879,080659572;0,437024278392956;5;0;718;
719;27,3321428571429;17,3603875218681;2;9;3;3;1;2;17,3603875218681;27,3321428571429;4591,8;332595,874222948;404441,178132963;179584,334571872;4769874,49862281;769248,330634086;764834,940826591;0,43681460667475;5;0;719;
720;27,3440476190476;18,5495852951042;2;5;5;2;1;2;18,5495852951042;27,3440476190476;4593,8;332660,660514546;404558,350329038;179640,11117728;4774312,41726017;769269,474646686;764860,118606259;0,43691471708325;5;0;720;
721;27,2654761904762;33,3838783066811;9;7;7;4;5;2;33,3838783066811;27,2654761904762;4580,6;332636,904932588;404502,199643926;179623,344;4772908,224;769252,214450666;764853,301294132;0,438069931323888;5;0;721;
722;27,4107142857143;29,2831416889058;8;7;7;4;2;2;29,2831416889058;27,4107142857143;4605;332730,467479445;404669,374283211;179710,482158897;4779612,55283268;769286,966255745;764885,774984845;0,436178590377667;5;0;722;
723;27,2440476190476;17,4092110944986;5;9;2;1;1;2;17,4092110944986;27,2440476190476;4577;332593,270237506;404426,377052375;179578,315616318;4769339,82029608;769275,865443389;764811,752954858;0,438193273733205;5;0;723;
724;27,2821428571428;30,4061555374221;7;4;7;4;5;1;30,4061555374221;27,2821428571428;4583,4;332574,073569382;404384,354426531;179557,982841466;4768057,83551447;769241,195006374;764822,572773494;0,437501925055199;5;0;724;
725;27,2738095238095;14,4855156077895;2;9;2;1;1;2;14,4855156077895;27,2738095238095;4582;332532,796999198;404326,064309347;179524,418790097;4765314,38089657;769194,510838109;764831,13917572;0,437450724732907;5;0;725;
726;27,4130952380952;30,3949407577103;9;3;7;4;2;2;30,3949407577103;27,4130952380952;4605,4;332648,633082172;404526,515442469;179631,002704128;4773578,35711847;769266,624977224;764851,450870102;0,435755694111652;5;0;726;
727;27,4130952380952;30,4372637585285;6;4;8;4;5;1;30,4372637585285;27,4130952380952;4605,4;332717,23550273;404651,825319802;179700,137382749;4778811,13997443;769317,637997096;764857,855826666;0,436089841060587;5;0;727;
728;27,2559523809524;15,4853897101213;2;8;4;1;1;1;15,4853897101213;27,2559523809524;4579;332518,615868371;404304,878543005;179507,927408894;4764042,29501991;769201,526888305;764819,04609877;0,437657097114414;5;0;728;
729;27,3214285714286;16,4585439856738;2;9;2;3;1;2;16,4585439856738;27,3214285714286;4590;332591,342251334;404423,069336272;179578,280403059;4769456,80340152;769257,83134861;764823,030814302;0,43695284027961;5;0;729;
730;27,3107142857143;15,3437699051233;2;9;2;2;1;2;15,3437699051233;27,3107142857143;4588,2;332573,446398048;404397,084642222;179560,160249121;4767890,2771785;769258,536718652;764813,002762608;0,437030366200286;5;0;730;
731;27,4988095238095;30,498869282535;5;4;8;4;5;2;30,498869282535;27,4988095238095;4619,8;332654,165194615;404538,08297392;179640,800658949;4774357,18816455;769263,544355047;764856,704412586;0,434450448146444;5;0;731;
732;27,3214285714286;16,4585439856738;2;9;2;3;1;2;16,4585439856738;27,3214285714286;4590;332591,342251334;404423,069336272;179578,280403059;4769456,80340152;769257,83134861;764823,030814302;0,43695284027961;5;0;732;
733;27,3190476190476;15,4834728035158;2;8;3;1;1;2;15,4834728035158;27,3190476190476;4589,6;332569,292174648;404383,444000506;179557,92;4767880,32;769266,476419975;764803,370123659;0,436893770761286;5;0;733;
734;27,2083333333333;19,4891925477589;6;9;2;3;1;1;19,4891925477589;27,2083333333333;4571;332404,988435956;404094,225345964;179406,458162143;4756155,78698178;769299,413522491;764685,459035202;0,437918304131053;5;0;734;
735;27,3369047619048;19,4414242153785;4;7;3;3;1;2;19,4414242153785;27,3369047619048;4592,6;332646,481790363;404522,557296103;179633,131496396;4773663,87895686;769279,804212993;764840,932764183;0,436976769484736;5;0;735;
736;27,3869047619047;27,5624123809694;5;4;8;4;2;2;27,5624123809694;27,3869047619047;4601;332643,025486904;404508,202106766;179627,178828681;4773336,97292956;769260,217231883;764851,34173004;0,436155234284817;5;0;736;
737;27,2642857142857;32,3917184277897;4;4;7;4;5;6;32,3917184277897;27,2642857142857;4580,4;332661,268507879;404540,414574695;179640,264;4774178,50858476;769260,037167069;764861,441207372;0,438173716154494;5;0;737;
738;27,3440476190476;18,5495852951042;2;9;5;2;1;2;18,5495852951042;27,3440476190476;4593,8;332660,660514546;404558,350329038;179640,11117728;4774312,41726017;769269,474646686;764860,118606259;0,43691471708325;5;0;738;
739;27,3321428571429;17,3603875218681;2;9;3;3;1;2;17,3603875218681;27,3321428571429;4591,8;332595,874222948;404441,178132963;179584,334571872;4769874,49862281;769248,330634086;764834,940826591;0,43681460667475;5;0;739;
740;27,3190476190476;15,4834728035158;2;8;3;1;1;2;15,4834728035158;27,3190476190476;4589,6;332569,292174648;404383,444000506;179557,92;4767880,32;769266,476419975;764803,370123659;0,436893770761286;5;0;740;
741;27,3214285714286;16,4585439856738;2;9;2;3;1;2;16,4585439856738;27,3214285714286;4590;332591,342251334;404423,069336272;179578,280403059;4769456,80340152;769257,83134861;764823,030814302;0,43695284027961;5;0;741;
742;27,275;19,2277824532516;1;9;8;1;1;2;19,2277824532516;27,275;4582,2;332575,982441109;404389,126236577;179560,176;4768076,34930546;769219,801817141;764837,882445908;0,43760827898566;5;0;742;
743;27,4988095238095;30,498869282535;5;4;8;4;5;2;30,498869282535;27,4988095238095;4619,8;332654,165194615;404538,08297392;179640,800658949;4774357,18816455;769263,544355047;764856,704412586;0,434450448146444;5;0;743;
744;27,3190476190476;15,4834728035158;2;8;3;1;1;2;15,4834728035158;27,3190476190476;4589,6;332569,292174648;404383,444000506;179557,92;4767880,32;769266,476419975;764803,370123659;0,436893770761286;5;0;744;
745;27,0523809523809;13,4236435635083;2;9;1;1;1;2;13,4236435635083;27,0523809523809;4544,8;332345,452748884;403983,818975157;179350,864588955;4751974,82347668;769160,412030106;764742,373779096;0,440166874644889;5;0;745;
746;27,3142857142857;30,3876921643962;4;3;9;4;5;2;30,3876921643962;27,3142857142857;4588,8;332653,039875204;404524,893301721;179644,37958986;4774467,90203221;769224,065081716;764881,510900335;0,437386633713592;5;0;746;
747;27,3190476190476;15,4834728035158;2;8;3;1;1;2;15,4834728035158;27,3190476190476;4589,6;332569,292174648;404383,444000506;179557,92;4767880,32;769266,476419975;764803,370123659;0,436893770761286;5;0;747;
748;27,3833333333333;31,3606371993355;5;9;9;4;5;2;31,3606371993355;27,3833333333333;4600,4;332660,729642377;404547,564700127;179646,170189541;4774659,51852808;769265,064799392;764859,935160568;0,436294753180722;5;0;748;
749;27,4404761904762;28,4243425027343;4;4;8;4;5;1;28,4243425027343;27,4404761904762;4610;332727,737529532;404664,026015418;179705,065523604;4779183,06002294;769331,361353967;764853,028264084;0,435693129774665;5;0;749;
750;27,4190476190476;19,2899804345984;1;7;7;2;1;2;19,2899804345984;27,4190476190476;4606,4;332697,918067395;404612,982295474;179679,311101872;4777198,41481627;769276,540016701;764872,388207924;0,43589762933148;5;0;750;
751;27,2738095238095;14,4855156077895;2;9;2;1;1;2;14,4855156077895;27,2738095238095;4582;332532,796999198;404326,064309347;179524,418790097;4765314,38089657;769194,510838109;764831,13917572;0,437450724732907;5;0;751;
752;27,2738095238095;14,4855156077895;2;5;2;1;1;2;14,4855156077895;27,2738095238095;4582;332532,796999198;404326,064309347;179524,418790097;4765314,38089657;769194,510838109;764831,13917572;0,437450724732907;5;0;752;
753;27,3392857142857;24,4575952899986;4;4;5;4;4;1;24,4575952899986;27,3392857142857;4593;332597,605928912;404438,052251856;179587,716887047;4770152,95557786;769266,607886752;764821,849156068;0,436731345161532;5;0;753;
754;27,2738095238095;14,4855156077895;2;9;2;1;1;2;14,4855156077895;27,2738095238095;4582;332532,796999198;404326,064309347;179524,418790097;4765314,38089657;769194,510838109;764831,13917572;0,437450724732907;5;0;754;
755;27,3666666666667;19,5044999839029;5;10;3;2;1;2;19,5044999839029;27,3666666666667;4597,6;332643,449457732;404513,339583275;179626,728;4773012,91474979;769276,068415662;764840,59282097;0,436462568833037;5;0;755;
756;27,2738095238095;14,4855156077895;2;9;2;1;1;2;14,4855156077895;27,2738095238095;4582;332532,796999198;404326,064309347;179524,418790097;4765314,38089657;769194,510838109;764831,13917572;0,437450724732907;5;0;756;
757;27,4678571428571;30,3971407307003;7;4;6;6;3;2;30,3971407307003;27,4678571428571;4614,6;332671,100209623;404558,809139953;179654,448188865;4775149,23904141;769281,650588993;764853,514738776;0,434988127264302;5;0;757;
758;27,422619047619;31,4334455617749;5;5;9;4;5;2;31,4334455617749;27,422619047619;4607;332678,309056031;404577,349652657;179659,706189541;4775655,02943583;769293,709780141;764850,171607472;0,435735276780357;5;0;758;
759;27,2464285714286;14,4205659733475;2;8;3;1;1;1;14,4205659733475;27,2464285714286;4577,4;332546,19815435;404343,573054291;179537,626288943;4766332,99775677;769289,965293037;764774,461327834;0,437968923035387;5;0;759;
760;27,0916666666667;15,4023188257302;1;9;3;2;1;2;15,4023188257302;27,0916666666667;4551,4;332437,967773553;404153,603466959;179437,492130232;4758660,78009418;769142,009359826;764810,230843225;0,439957188166688;5;0;760;
761;27,0523809523809;13,4236435635083;2;9;1;1;1;2;13,4236435635083;27,0523809523809;4544,8;332345,452748884;403983,818975157;179350,864588955;4751974,82347668;769160,412030106;764742,373779096;0,440166874644889;5;0;761;
762;27,1916666666667;19,3732404083759;2;9;2;2;5;2;19,3732404083759;27,1916666666667;4568,2;332557,771645907;404365,218703897;179550,532142151;4767370,60568368;769207,995349949;764837,465829297;0,438898267045696;5;0;762;
763;27,4190476190476;19,2899804345984;1;9;7;2;1;2;19,2899804345984;27,4190476190476;4606,4;332697,918067395;404612,982295474;179679,311101872;4777198,41481627;769276,540016701;764872,388207924;0,43589762933148;5;0;763;
764;27,3107142857143;15,3437699051233;2;9;2;2;1;2;15,3437699051233;27,3107142857143;4588,2;332573,446398048;404397,084642222;179560,160249121;4767890,2771785;769258,536718652;764813,002762608;0,437030366200286;5;0;764;
765;27,1369047619048;16,3905099077781;2;8;4;1;1;2;16,3905099077781;27,1369047619048;4559;332552,008900863;404351,3826863;179546,030207915;4766980,65807416;769235,147554372;764815,019410564;0,439758425609292;5;0;765;
766;27,447619047619;30,3533431381602;9;7;7;4;2;2;30,3533431381602;27,447619047619;4611,2;332679,534190636;404581,114592745;179674,708438623;4776973,03395646;769317,790971169;764834,852208543;0,435419899581446;5;0;766;
767;27,4988095238095;30,498869282535;5;4;8;4;5;2;30,498869282535;27,4988095238095;4619,8;332654,165194615;404538,08297392;179640,800658949;4774357,18816455;769263,544355047;764856,704412586;0,434450448146444;5;0;767;
768;27,2630952380953;19,073822473664;2;10;2;3;1;5;19,073822473664;27,2630952380953;4580,2;332514,495766409;404294,039465204;179506,394708907;4763968,1615628;769198,662419414;764820,045496327;0,437539819852425;5;0;768;
769;27,2738095238095;14,4855156077895;2;9;2;1;1;2;14,4855156077895;27,2738095238095;4582;332532,796999198;404326,064309347;179524,418790097;4765314,38089657;769194,510838109;764831,13917572;0,437450724732907;5;0;769;
770;27,2738095238095;14,4855156077895;2;9;2;1;1;2;14,4855156077895;27,2738095238095;4582;332532,796999198;404326,064309347;179524,418790097;4765314,38089657;769194,510838109;764831,13917572;0,437450724732907;5;0;770;
771;27,2678571428571;17,577015128378;2;9;5;1;1;2;17,577015128378;27,2678571428571;4581;332589,459661249;404414,441301108;179570,328;4768822,03613189;769273,028863459;764810,973505737;0,437783465822923;5;0;771;
772;27,2928571428571;33,4340940601772;4;4;8;4;5;6;33,4340940601772;27,2928571428571;4585,2;332564,963447228;404375,628406908;179551,400059917;4767506,24236351;769250,250182912;764813,227621963;0,437282261638574;5;0;772;
773;27,4380952380952;28,3123150490692;4;4;7;4;5;2;28,3123150490692;27,4380952380952;4609,6;332741,613163941;404693,633768759;179717,282070898;4780536,48399519;769314,864828183;764874,702507618;0,435801089634787;5;0;773;
774;27,2928571428571;17,4058402021885;2;10;4;2;1;2;17,4058402021885;27,2928571428571;4585,2;332602,579332224;404440,44048896;179584,828569256;4769988,20950405;769238,636581152;764843,445134765;0,437451695560202;5;0;774;
775;27,3642857142857;19,2797327087547;2;9;6;2;1;2;19,2797327087547;27,3642857142857;4597,2;332707,007246159;404628,334135242;179682;4777416;769277,945354153;764877,827361514;0,436778725975384;5;0;775;
776;27,1214285714286;13,4397330686006;2;9;2;1;1;1;13,4397330686006;27,1214285714286;4556,4;332374,194078095;404040,849706796;179376,214773394;4753914,48864252;769237,424130631;764710,32115833;0,439169024465394;5;0;776;
777;27,1047619047619;20,2811198346915;2;8;2;3;5;2;20,2811198346915;27,1047619047619;4553,6;332416,717165875;404108,754618721;179417,147576543;4757133,61499953;769210,21648437;764753,052686334;0,439659922540984;5;0;777;
778;27,4285714285714;29,3606973258913;4;4;8;4;5;2;29,3606973258913;27,4285714285714;4608;332639,800850795;404508,943356065;179624,451486676;4773016,06945199;769318,234822461;764811,314067648;0,435484569342314;5;0;778;
779;27,0845238095238;15,3837678867305;1;9;2;3;1;2;15,3837678867305;27,0845238095238;4550,2;332356,659556939;404003,552273306;179359,61446963;4752611,23430415;769072,851126267;764809,33441611;0,439681546130816;5;0;779;
780;27,4380952380952;28,3123150490692;4;4;7;4;5;2;28,3123150490692;27,4380952380952;4609,6;332741,613163941;404693,633768759;179717,282070898;4780536,48399519;769314,864828183;764874,702507618;0,435801089634787;5;0;780;
781;27,4380952380952;28,3123150490692;4;4;7;4;5;2;28,3123150490692;27,4380952380952;4609,6;332741,613163941;404693,633768759;179717,282070898;4780536,48399519;769314,864828183;764874,702507618;0,435801089634787;5;0;781;
782;27,0523809523809;13,4236435635083;2;9;1;1;1;2;13,4236435635083;27,0523809523809;4544,8;332345,452748884;403983,818975157;179350,864588955;4751974,82347668;769160,412030106;764742,373779096;0,440166874644889;5;0;782;
783;27,3321428571429;17,3603875218681;2;7;3;3;1;2;17,3603875218681;27,3321428571429;4591,8;332595,874222948;404441,178132963;179584,334571872;4769874,49862281;769248,330634086;764834,940826591;0,43681460667475;5;0;783;
784;27,1535714285714;23,1714058399593;2;9;2;3;8;2;23,1714058399593;27,1535714285714;4561,8;332530,980782224;404316,66424263;179520,532109517;4765008,82015031;769216,681043382;764814,911040768;0,43937283998267;5;0;784;
785;27,2857142857143;17,4639792035157;2;9;2;2;1;4;17,4639792035157;27,2857142857143;4584;332579,527294367;404403,586827796;179571,492202174;4768922,68304858;769200,165021328;764855,78319608;0,437488448342805;5;0;785;
786;27,3321428571429;17,3603875218681;2;7;3;3;1;2;17,3603875218681;27,3321428571429;4591,8;332595,874222948;404441,178132963;179584,334571872;4769874,49862281;769248,330634086;764834,940826591;0,43681460667475;5;0;786;
787;27,447619047619;30,3533431381602;9;7;7;4;2;2;30,3533431381602;27,447619047619;4611,2;332679,534190636;404581,114592745;179674,708438623;4776973,03395646;769317,790971169;764834,852208543;0,435419899581446;5;0;787;
788;27,3297619047619;18,4055249923758;2;9;2;1;1;6;18,4055249923758;27,3297619047619;4591,4;332627,548064167;404495,032714492;179608,09301076;4771876,95215995;769254,205284027;764847,765686173;0,436974991942905;5;0;788;
789;27,3642857142857;19,2797327087547;2;9;6;2;1;2;19,2797327087547;27,3642857142857;4597,2;332707,007246159;404628,334135242;179682;4777416;769277,945354153;764877,827361514;0,436778725975384;5;0;789;
790;27,4404761904762;28,4243425027343;4;4;8;4;5;1;28,4243425027343;27,4404761904762;4610;332727,737529532;404664,026015418;179705,065523604;4779183,06002294;769331,361353967;764853,028264084;0,435693129774665;5;0;790;
791;27,3095238095238;16,4961657241496;2;9;1;1;1;5;16,4961657241496;27,3095238095238;4588;332586,999987097;404413,507382945;179576,98355721;4769284,49203368;769187,362498726;764866,474249583;0,437130105394183;5;0;791;
792;27,2738095238095;14,4855156077895;2;9;2;1;1;2;14,4855156077895;27,2738095238095;4582;332532,796999198;404326,064309347;179524,418790097;4765314,38089657;769194,510838109;764831,13917572;0,437450724732907;5;0;792;
793;27,3440476190476;27,2499529703804;7;4;3;4;5;2;27,2499529703804;27,3440476190476;4593,8;332586;404412,478907571;179572,584;4769007,264;769284,832706881;764802,152653547;0,436568045215405;5;0;793;
794;27,2464285714286;29,390190411107;5;4;8;3;5;2;29,390190411107;27,2464285714286;4577,4;332561,391364789;404369,166302706;179554,105649538;4767579,52380784;769228,765305672;764825,508983784;0,438030401418018;5;0;794;
795;27,2833333333333;17,4628014376646;4;9;3;1;1;2;17,4628014376646;27,2833333333333;4583,6;332565,429355964;404379,21601173;179552,586450838;4767479,4506339;769245,466944739;764816,905208658;0,437440089913756;5;0;795;
796;27,0523809523809;13,4236435635083;2;9;1;1;1;2;13,4236435635083;27,0523809523809;4544,8;332345,452748884;403983,818975157;179350,864588955;4751974,82347668;769160,412030106;764742,373779096;0,440166874644889;5;0;796;
797;27,3642857142857;19,2797327087547;2;9;6;2;1;2;19,2797327087547;27,3642857142857;4597,2;332707,007246159;404628,334135242;179682;4777416;769277,945354153;764877,827361514;0,436778725975384;5;0;797;
798;27,2285714285714;19,4233400421254;2;9;5;2;1;3;19,4233400421254;27,2285714285714;4574,4;332568,8449053;404386,016622424;179562,546004081;4768283,99515048;769234,883778917;764824,551471665;0,438393281575577;5;0;798;
799;27,2940476190476;29,4726005736178;7;4;5;4;5;2;29,4726005736178;27,2940476190476;4585,4;332562,904055072;404372,351016022;179554,521595676;4767619,30715347;769263,602551827;764802,389801153;0,437283069536469;5;0;799;
800;27,4190476190476;19,2899804345984;1;9;7;2;1;2;19,2899804345984;27,4190476190476;4606,4;332697,918067395;404612,982295474;179679,311101872;4777198,41481627;769276,540016701;764872,388207924;0,43589762933148;5;0;800;
801;27,3642857142857;19,2797327087547;2;9;6;2;1;2;19,2797327087547;27,3642857142857;4597,2;332707,007246159;404628,334135242;179682;4777416;769277,945354153;764877,827361514;0,436778725975384;5;0;801;
802;27,3190476190476;15,4834728035158;2;8;3;1;1;2;15,4834728035158;27,3190476190476;4589,6;332569,292174648;404383,444000506;179557,92;4767880,32;769266,476419975;764803,370123659;0,436893770761286;5;0;802;
803;27,0523809523809;13,4236435635083;2;9;1;1;1;2;13,4236435635083;27,0523809523809;4544,8;332345,452748884;403983,818975157;179350,864588955;4751974,82347668;769160,412030106;764742,373779096;0,440166874644889;5;0;803;
804;27,2130952380952;24,4192589866074;1;9;7;2;6;2;24,4192589866074;27,2130952380952;4571,8;332604,73578371;404448,931005046;179592,491294762;4770541,51609752;769270,665439843;764821,744421839;0,438761097415599;5;0;804;
805;27,1214285714286;13,4397330686006;2;9;2;1;1;1;13,4397330686006;27,1214285714286;4556,4;332374,194078095;404040,849706796;179376,214773394;4753914,48864252;769237,424130631;764710,32115833;0,439169024465394;5;0;805;
806;27,4988095238095;30,498869282535;5;4;8;4;5;2;30,498869282535;27,4988095238095;4619,8;332654,165194615;404538,08297392;179640,800658949;4774357,18816455;769263,544355047;764856,704412586;0,434450448146444;5;0;806;
807;27,3202380952381;29,3930791554443;7;4;6;4;4;2;29,3930791554443;27,3202380952381;4589,8;332689,953432761;404599,868888969;179669,243713572;4776578,20082618;769320,145218134;764837,836248263;0,43742986760192;5;0;807;
808;27,272619047619;15,3865817614302;4;9;1;1;1;2;15,3865817614302;27,272619047619;4581,8;332529,182234743;404306,752083692;179520,799623408;4765139,10028186;769243,904447914;764793,282738853;0,437457238271497;5;0;808;
809;27,447619047619;30,3533431381602;9;7;7;4;2;2;30,3533431381602;27,447619047619;4611,2;332679,534190636;404581,114592745;179674,708438623;4776973,03395646;769317,790971169;764834,852208543;0,435419899581446;5;0;809;
810;27,3440476190476;18,5495852951042;2;9;5;2;1;2;18,5495852951042;27,3440476190476;4593,8;332660,660514546;404558,350329038;179640,11117728;4774312,41726017;769269,474646686;764860,118606259;0,43691471708325;5;0;810;
811;27,3321428571429;17,3603875218681;2;7;3;3;1;2;17,3603875218681;27,3321428571429;4591,8;332595,874222948;404441,178132963;179584,334571872;4769874,49862281;769248,330634086;764834,940826591;0,43681460667475;5;0;811;
812;27,1011904761905;14,2975495403664;3;9;2;1;1;1;14,2975495403664;27,1011904761905;4553;332379,166675451;404044,13949335;179380,824;4754375,69544021;769258,681072898;764697,257046069;0,439529299613764;5;0;812;
813;27,3559523809524;29,4581466363668;9;7;6;4;2;2;29,4581466363668;27,3559523809524;4595,8;332644,8;404518,413886701;179632,120378601;4773585,41659891;769279,598703111;764839,99018269;0,436676191769962;5;0;813;
814;27,3988095238095;29,448361992771;5;4;7;4;5;2;29,448361992771;27,3988095238095;4603;332694,13883482;404608,241711645;179667,168208959;4776234,50810445;769247,238969692;764891,535723299;0,436169805560984;5;0;814;
815;27,4380952380952;28,3123150490692;4;4;7;4;5;2;28,3123150490692;27,4380952380952;4609,6;332741,613163941;404693,633768759;179717,282070898;4780536,48399519;769314,864828183;764874,702507618;0,435801089634787;5;0;815;
816;27,3214285714286;16,4585439856738;2;9;2;3;1;2;16,4585439856738;27,3214285714286;4590;332591,342251334;404423,069336272;179578,280403059;4769456,80340152;769257,83134861;764823,030814302;0,43695284027961;5;0;816;
817;27,3190476190476;15,4834728035158;2;8;3;1;1;2;15,4834728035158;27,3190476190476;4589,6;332569,292174648;404383,444000506;179557,92;4767880,32;769266,476419975;764803,370123659;0,436893770761286;5;0;817;
818;27,0523809523809;13,4236435635083;2;8;1;1;1;2;13,4236435635083;27,0523809523809;4544,8;332345,452748884;403983,818975157;179350,864588955;4751974,82347668;769160,412030106;764742,373779096;0,440166874644889;5;0;818;
819;27,3178571428572;16,4270490995405;4;9;2;1;1;2;16,4270490995405;27,3178571428572;4589,4;332577,017111552;404414,703324748;179564,110510123;4768344,17951663;769251,260415501;764823,319530649;0,436944818443014;5;0;819;
820;27,3107142857143;15,3437699051233;2;9;2;2;1;2;15,3437699051233;27,3107142857143;4588,2;332573,446398048;404397,084642222;179560,160249121;4767890,2771785;769258,536718652;764813,002762608;0,437030366200286;5;0;820;
821;27,447619047619;30,3533431381602;9;7;7;4;2;2;30,3533431381602;27,447619047619;4611,2;332679,534190636;404581,114592745;179674,708438623;4776973,03395646;769317,790971169;764834,852208543;0,435419899581446;5;0;821;
822;27,4988095238095;30,498869282535;5;4;8;4;5;2;30,498869282535;27,4988095238095;4619,8;332654,165194615;404538,08297392;179640,800658949;4774357,18816455;769263,544355047;764856,704412586;0,434450448146444;5;0;822;
823;27,3476190476191;29,4762238527399;9;7;7;4;1;2;29,4762238527399;27,3476190476191;4594,4;332609,667806297;404455,701082641;179598,528;4771001,088;769264,544289949;764829,82584729;0,436640292495387;5;0;823;
824;26,6190476190476;30,4033336770272;9;1;7;4;2;2;30,4033336770272;26,6190476190476;4472;331894,993633485;403184,155870618;178905,741243661;4717852,27162482;768978,776664368;764603,492501318;0,445093525874245;5;0;824;
825;27,2738095238095;14,4855156077895;2;9;2;1;1;2;14,4855156077895;27,2738095238095;4582;332532,796999198;404326,064309347;179524,418790097;4765314,38089657;769194,510838109;764831,13917572;0,437450724732907;5;0;825;
826;27,177380952381;18,3614308019279;2;2;2;1;1;6;18,3614308019279;27,177380952381;4565,8;332452,46167197;404179,987391222;179443,992;4759005,5771621;769112,466170704;764841,796473191;0,438607406673169;5;0;826;
827;27,3642857142857;19,2797327087547;2;9;6;2;1;2;19,2797327087547;27,3642857142857;4597,2;332707,007246159;404628,334135242;179682;4777416;769277,945354153;764877,827361514;0,436778725975384;5;0;827;
828;27,1214285714286;13,4397330686006;2;8;2;1;1;1;13,4397330686006;27,1214285714286;4556,4;332374,194078095;404040,849706796;179376,214773394;4753914,48864252;769237,424130631;764710,32115833;0,439169024465394;5;0;828;
829;27,3440476190476;18,5495852951042;2;9;5;2;1;2;18,5495852951042;27,3440476190476;4593,8;332660,660514546;404558,350329038;179640,11117728;4774312,41726017;769269,474646686;764860,118606259;0,43691471708325;5;0;829;
830;27,4190476190476;19,2899804345984;1;9;7;2;1;2;19,2899804345984;27,4190476190476;4606,4;332697,918067395;404612,982295474;179679,311101872;4777198,41481627;769276,540016701;764872,388207924;0,43589762933148;5;0;830;
831;27,2904761904762;20,3715965513764;2;9;6;2;1;3;20,3715965513764;27,2904761904762;4584,8;332614,402053724;404464,459725827;179606,777451567;4771607,904;769289,179088752;764816,277136186;0,437588557782966;5;0;831;
832;27,3309523809524;17,2860106752877;2;2;3;3;1;2;17,2860106752877;27,3309523809524;4591,6;332550,432980208;404347,472975934;179539,872;4766493,312;769233,330110855;764815,05902886;0,436606321734557;5;0;832;
833;27,2738095238095;14,4855156077895;2;9;2;1;1;2;14,4855156077895;27,2738095238095;4582;332532,796999198;404326,064309347;179524,418790097;4765314,38089657;769194,510838109;764831,13917572;0,437450724732907;5;0;833;
834;27,3166666666667;22,3908917408966;2;9;5;3;1;5;22,3908917408966;27,3166666666667;4589,2;332663,757168251;404555,938879979;179652,919325355;4775190,78789995;769272,557737582;764855,651141905;0,437402107210148;5;0;834;
835;27,397619047619;26,5124845316808;2;4;8;4;5;1;26,5124845316808;27,397619047619;4602,8;332657,789376198;404543,563419061;179648,749552557;4774805,43611946;769210,27440041;764893,883350325;0,43608771999614;5;0;835;
836;27,2988095238095;22,5442699422925;5;9;6;2;1;2;22,5442699422925;27,2988095238095;4586,2;332598,850452605;404435,204246975;179586,596424972;4770091,28722796;769246,078208051;764835,134808247;0,437354153270595;5;0;836;
837;27,4190476190476;19,2899804345984;1;9;7;2;1;2;19,2899804345984;27,4190476190476;4606,4;332697,918067395;404612,982295474;179679,311101872;4777198,41481627;769276,540016701;764872,388207924;0,43589762933148;5;0;837;
838;26,8202380952381;12,3353129896935;1;9;1;1;1;2;12,3353129896935;26,8202380952381;4505,8;332063,865792407;403510,760155107;179080,743505291;4731146,98591607;768872,352620338;764778,45675885;0,442638380041009;5;0;838;
839;27,3440476190476;18,5495852951042;2;9;5;2;1;2;18,5495852951042;27,3440476190476;4593,8;332660,660514546;404558,350329038;179640,11117728;4774312,41726017;769269,474646686;764860,118606259;0,43691471708325;5;0;839;
840;27,0523809523809;13,4236435635083;2;9;1;1;1;2;13,4236435635083;27,0523809523809;4544,8;332345,452748884;403983,818975157;179350,864588955;4751974,82347668;769160,412030106;764742,373779096;0,440166874644889;5;0;840;
841;27,2464285714286;14,4205659733475;2;8;3;1;1;1;14,4205659733475;27,2464285714286;4577,4;332546,19815435;404343,573054291;179537,626288943;4766332,99775677;769289,965293037;764774,461327834;0,437968923035387;5;0;841;
842;27,2738095238095;14,4855156077895;2;9;2;1;1;2;14,4855156077895;27,2738095238095;4582;332532,796999198;404326,064309347;179524,418790097;4765314,38089657;769194,510838109;764831,13917572;0,437450724732907;5;0;842;
843;27,4190476190476;19,2899804345984;1;9;7;2;1;2;19,2899804345984;27,4190476190476;4606,4;332697,918067395;404612,982295474;179679,311101872;4777198,41481627;769276,540016701;764872,388207924;0,43589762933148;5;0;843;
844;27,3107142857143;15,3437699051233;2;9;2;2;1;2;15,3437699051233;27,3107142857143;4588,2;332573,446398048;404397,084642222;179560,160249121;4767890,2771785;769258,536718652;764813,002762608;0,437030366200286;5;0;844;
845;27,1357142857143;16,4380024952815;2;9;2;1;1;4;16,4380024952815;27,1357142857143;4558,8;332442,601260757;404167,062710092;179436,362519081;4758622,26023567;769165,642139698;764798,840447589;0,439253447756913;5;0;845;
846;27,4988095238095;30,498869282535;5;4;8;4;5;2;30,498869282535;27,4988095238095;4619,8;332654,165194615;404538,08297392;179640,800658949;4774357,18816455;769263,544355047;764856,704412586;0,434450448146444;5;0;846;
847;27,1214285714286;13,4397330686006;2;9;2;1;1;1;13,4397330686006;27,1214285714286;4556,4;332374,194078095;404040,849706796;179376,214773394;4753914,48864252;769237,424130631;764710,32115833;0,439169024465394;5;0;847;
848;27,252380952381;21,4041088238151;2;9;6;4;1;2;21,4041088238151;27,252380952381;4578,4;332606,219494752;404456,424705659;179601,657086805;4771252,14759439;769279,216516237;764818,055220352;0,438180810162405;5;0;848;
849;27,447619047619;30,3533431381602;9;7;7;4;2;2;30,3533431381602;27,447619047619;4611,2;332679,534190636;404581,114592745;179674,708438623;4776973,03395646;769317,790971169;764834,852208543;0,435419899581446;5;0;849;
850;27,4190476190476;19,2899804345984;1;9;7;2;1;2;19,2899804345984;27,4190476190476;4606,4;332697,918067395;404612,982295474;179679,311101872;4777198,41481627;769276,540016701;764872,388207924;0,43589762933148;5;0;850;
851;27,2738095238095;14,4855156077895;2;9;2;1;1;2;14,4855156077895;27,2738095238095;4582;332532,796999198;404326,064309347;179524,418790097;4765314,38089657;769194,510838109;764831,13917572;0,437450724732907;5;0;851;
852;27,3214285714286;16,4585439856738;2;9;2;3;1;2;16,4585439856738;27,3214285714286;4590;332591,342251334;404423,069336272;179578,280403059;4769456,80340152;769257,83134861;764823,030814302;0,43695284027961;5;0;852;
853;27,4678571428571;30,3971407307003;7;4;6;6;3;2;30,3971407307003;27,4678571428571;4614,6;332671,100209623;404558,809139953;179654,448188865;4775149,23904141;769281,650588993;764853,514738776;0,434988127264302;5;0;853;
854;26,8202380952381;12,3353129896935;1;9;1;1;1;2;12,3353129896935;26,8202380952381;4505,8;332063,865792407;403510,760155107;179080,743505291;4731146,98591607;768872,352620338;764778,45675885;0,442638380041009;5;0;854;
855;27,3642857142857;19,2797327087547;2;9;6;2;1;2;19,2797327087547;27,3642857142857;4597,2;332707,007246159;404628,334135242;179682;4777416;769277,945354153;764877,827361514;0,436778725975384;5;0;855;
856;27,3952380952381;17,4559867371198;2;9;5;2;1;1;17,4559867371198;27,3952380952381;4602,4;332609,909435761;404449,448923945;179604,278267034;4771374,91066017;769306,46542344;764801,195954565;0,435914230323552;5;0;856;
857;27,3214285714286;16,4585439856738;2;9;2;3;1;2;16,4585439856738;27,3214285714286;4590;332591,342251334;404423,069336272;179578,280403059;4769456,80340152;769257,83134861;764823,030814302;0,43695284027961;5;0;857;
858;27,2738095238095;14,4855156077895;2;9;2;1;1;2;14,4855156077895;27,2738095238095;4582;332532,796999198;404326,064309347;179524,418790097;4765314,38089657;769194,510838109;764831,13917572;0,437450724732907;5;0;858;
859;26,8071428571429;12,4368077102845;2;9;1;1;1;1;12,4368077102845;26,8071428571429;4503,6;332011,286594615;403386,929667095;179035,825581121;4727754,94670534;769151,530917001;764551,243145734;0,442630141312183;5;0;859;
860;27,1214285714286;13,4397330686006;2;8;2;1;1;1;13,4397330686006;27,1214285714286;4556,4;332374,194078095;404040,849706796;179376,214773394;4753914,48864252;769237,424130631;764710,32115833;0,439169024465394;5;0;860;
861;27,4678571428571;30,3971407307003;7;4;6;4;5;2;30,3971407307003;27,4678571428571;4614,6;332671,100209623;404558,809139953;179654,448188865;4775149,23904141;769281,650588993;764853,514738776;0,434988127264302;5;0;861;
862;27,2738095238095;14,4855156077895;2;9;2;1;1;2;14,4855156077895;27,2738095238095;4582;332532,796999198;404326,064309347;179524,418790097;4765314,38089657;769194,510838109;764831,13917572;0,437450724732907;5;0;862;
863;27,3440476190476;18,5495852951042;2;10;5;2;1;2;18,5495852951042;27,3440476190476;4593,8;332660,660514546;404558,350329038;179640,11117728;4774312,41726017;769269,474646686;764860,118606259;0,43691471708325;5;0;863;
864;27,1904761904762;24,4645923765234;2;7;3;6;1;6;24,4645923765234;27,1904761904762;4568;332585,702285768;404411,469343354;179571,456;4768833,888;769226,316080889;764840,136786468;0,439041006981076;5;0;864;
865;27,3440476190476;18,5495852951042;2;10;5;2;1;2;18,5495852951042;27,3440476190476;4593,8;332660,660514546;404558,350329038;179640,11117728;4774312,41726017;769269,474646686;764860,118606259;0,43691471708325;5;0;865;
866;27,1214285714286;13,4397330686006;2;9;2;1;1;1;13,4397330686006;27,1214285714286;4556,4;332374,194078095;404040,849706796;179376,214773394;4753914,48864252;769237,424130631;764710,32115833;0,439169024465394;5;0;866;
867;27,0309523809524;14,3604763183664;2;9;2;2;1;1;14,3604763183664;27,0309523809524;4541,2;332311,809062739;403922,956888405;179314,476950996;4749169,21260178;769220,600079166;764684,165832595;0,440349140792136;5;0;867;
868;27,1214285714286;13,4397330686006;2;9;2;1;1;1;13,4397330686006;27,1214285714286;4556,4;332374,194078095;404040,849706796;179376,214773394;4753914,48864252;769237,424130631;764710,32115833;0,439169024465394;5;0;868;
869;27,3273809523809;25,4294429914125;4;4;5;4;5;1;25,4294429914125;27,3273809523809;4591;332539,914489209;404333,545829698;179525,208;4765366,368;769225,181021295;764814,565234262;0,436606754143696;5;0;869;
870;27,1047619047619;20,2811198346915;2;9;2;3;5;2;20,2811198346915;27,1047619047619;4553,6;332416,717165875;404108,754618721;179417,147576543;4757133,61499953;769210,21648437;764753,052686334;0,439659922540984;5;0;870;
871;27,2738095238095;14,4855156077895;2;9;2;1;1;2;14,4855156077895;27,2738095238095;4582;332532,796999198;404326,064309347;179524,418790097;4765314,38089657;769194,510838109;764831,13917572;0,437450724732907;5;0;871;
872;27,1690476190476;20,3981208174734;2;8;3;3;5;1;20,3981208174734;27,1690476190476;4564,4;332424,107181462;404123,547537371;179419,38589703;4757231,52240863;769216,814094451;764753,02543979;0,438614906170956;5;0;872;
873;27,3892857142857;23,4525408696679;5;9;7;2;1;2;23,4525408696679;27,3892857142857;4601,4;332661,004455344;404546,127620232;179637,302075551;4773992,67225799;769277,709443424;764848,920193858;0,436168391475612;5;0;873;
874;27,447619047619;30,3533431381602;9;7;7;4;2;2;30,3533431381602;27,447619047619;4611,2;332679,534190636;404581,114592745;179674,708438623;4776973,03395646;769317,790971169;764834,852208543;0,435419899581446;5;0;874;
875;27,0523809523809;13,4236435635083;2;9;1;1;1;2;13,4236435635083;27,0523809523809;4544,8;332345,452748884;403983,818975157;179350,864588955;4751974,82347668;769160,412030106;764742,373779096;0,440166874644889;5;0;875;
876;27,0523809523809;13,4236435635083;2;9;1;1;1;2;13,4236435635083;27,0523809523809;4544,8;332345,452748884;403983,818975157;179350,864588955;4751974,82347668;769160,412030106;764742,373779096;0,440166874644889;5;0;876;
877;27,2738095238095;14,4855156077895;2;9;2;1;1;2;14,4855156077895;27,2738095238095;4582;332532,796999198;404326,064309347;179524,418790097;4765314,38089657;769194,510838109;764831,13917572;0,437450724732907;5;0;877;
878;27,272619047619;30,4252304454508;9;6;9;2;2;2;30,4252304454508;27,272619047619;4581,8;332601,484621994;404443,063403219;179595,144;4770470,41018892;769267,534273236;764821,932946419;0,437810069363523;5;0;878;
879;27,1011904761905;14,2975495403664;3;9;2;1;1;1;14,2975495403664;27,1011904761905;4553;332379,166675451;404044,13949335;179380,824;4754375,69544021;769258,681072898;764697,257046069;0,439529299613764;5;0;879;
880;27,3309523809524;18,4590927397747;2;9;4;2;2;2;18,4590927397747;27,3309523809524;4591,6;332682,747865636;404588,763748854;179663,45242025;4776008,46751263;769301,395401032;764849,004834904;0,437223614198653;5;0;880;
881;27,0523809523809;13,4236435635083;2;9;1;1;1;2;13,4236435635083;27,0523809523809;4544,8;332345,452748884;403983,818975157;179350,864588955;4751974,82347668;769160,412030106;764742,373779096;0,440166874644889;5;0;881;
882;27,0845238095238;15,3837678867305;1;9;2;3;1;2;15,3837678867305;27,0845238095238;4550,2;332356,659556939;404003,552273306;179359,61446963;4752611,23430415;769072,851126267;764809,33441611;0,439681546130816;5;0;882;
883;27,0523809523809;13,4236435635083;2;9;1;1;1;2;13,4236435635083;27,0523809523809;4544,8;332345,452748884;403983,818975157;179350,864588955;4751974,82347668;769160,412030106;764742,373779096;0,440166874644889;5;0;883;
884;26,8202380952381;12,3353129896935;1;9;1;1;1;2;12,3353129896935;26,8202380952381;4505,8;332063,865792407;403510,760155107;179080,743505291;4731146,98591607;768872,352620338;764778,45675885;0,442638380041009;5;0;884;
885;27,3190476190476;15,4834728035158;2;8;3;1;1;2;15,4834728035158;27,3190476190476;4589,6;332569,292174648;404383,444000506;179557,92;4767880,32;769266,476419975;764803,370123659;0,436893770761286;5;0;885;
886;27,3011904761905;31,278728728966;7;4;8;4;5;1;31,278728728966;27,3011904761905;4586,6;332600,581234131;404441,492628008;179582,736;4769700,768;769283,738959376;764811,506368696;0,437296662647721;5;0;886;
887;27,2464285714286;14,4205659733475;2;8;3;1;1;1;14,4205659733475;27,2464285714286;4577,4;332546,19815435;404343,573054291;179537,626288943;4766332,99775677;769289,965293037;764774,461327834;0,437968923035387;5;0;887;
888;27,3416666666667;23,493949125269;2;9;5;2;1;7;23,493949125269;27,3416666666667;4593,4;332711,063996359;404634,881608703;179694,122276068;4778309,99471742;769306,680307859;764860,325878704;0,437209366313793;5;0;888;
889;27,1523809523809;14,3868444798073;2;9;1;2;1;2;14,3868444798073;27,1523809523809;4561,6;332411,191397162;404100,790816161;179409,121415337;4756542,99297624;769166,928503711;764777,75013321;0,438845911502999;5;0;889;
890;27,4380952380952;28,3123150490692;4;4;7;4;5;2;28,3123150490692;27,4380952380952;4609,6;332741,613163941;404693,633768759;179717,282070898;4780536,48399519;769314,864828183;764874,702507618;0,435801089634787;5;0;890;
891;27,3190476190476;15,4834728035158;2;5;3;1;1;2;15,4834728035158;27,3190476190476;4589,6;332569,292174648;404383,444000506;179557,92;4767880,32;769266,476419975;764803,370123659;0,436893770761286;5;0;891;
892;27,4;21,4538810885768;2;9;6;2;1;4;21,4538810885768;27,4;4603,2;332607,051629123;404451,248422009;179593,501516837;4770598,46001394;769278,294168189;764819,414396781;0,43577521438224;5;0;892;
893;27,0523809523809;13,4236435635083;2;9;1;1;1;2;13,4236435635083;27,0523809523809;4544,8;332345,452748884;403983,818975157;179350,864588955;4751974,82347668;769160,412030106;764742,373779096;0,440166874644889;5;0;893;
894;27,3642857142857;19,2797327087547;2;9;6;2;1;2;19,2797327087547;27,3642857142857;4597,2;332707,007246159;404628,334135242;179682;4777416;769277,945354153;764877,827361514;0,436778725975384;5;0;894;
895;27,3107142857143;15,3437699051233;2;9;2;2;1;2;15,3437699051233;27,3107142857143;4588,2;332573,446398048;404397,084642222;179560,160249121;4767890,2771785;769258,536718652;764813,002762608;0,437030366200286;5;0;895;
896;27,2476190476191;18,4344805703735;3;7;3;3;1;2;18,4344805703735;27,2476190476191;4577,6;332617,990792101;404474,222316149;179602,238634532;4771299,38637128;769261,211466208;764834,919839071;0,438259377524014;5;0;896;
897;27,3107142857143;15,3437699051233;2;9;2;2;1;2;15,3437699051233;27,3107142857143;4588,2;332573,446398048;404397,084642222;179560,160249121;4767890,2771785;769258,536718652;764813,002762608;0,437030366200286;5;0;897;
898;27,4190476190476;19,2899804345984;1;9;7;2;1;2;19,2899804345984;27,4190476190476;4606,4;332697,918067395;404612,982295474;179679,311101872;4777198,41481627;769276,540016701;764872,388207924;0,43589762933148;5;0;898;
899;27,2738095238095;14,4855156077895;2;9;2;1;1;2;14,4855156077895;27,2738095238095;4582;332532,796999198;404326,064309347;179524,418790097;4765314,38089657;769194,510838109;764831,13917572;0,437450724732907;5;0;899;
900;27,2619047619047;16,4117582868346;2;5;3;2;1;2;16,4117582868346;27,2619047619047;4580;332583,995746085;404407,788909379;179570,12752582;4768808,29829659;769268,178442324;764810,517998101;0,4378668111462;5;0;900;
901;27,3178571428572;16,4270490995405;4;9;2;1;1;2;16,4270490995405;27,3178571428572;4589,4;332577,017111552;404414,703324748;179564,110510123;4768344,17951663;769251,260415501;764823,319530649;0,436944818443014;5;0;901;
902;27,0523809523809;13,4236435635083;2;9;1;1;1;2;13,4236435635083;27,0523809523809;4544,8;332345,452748884;403983,818975157;179350,864588955;4751974,82347668;769160,412030106;764742,373779096;0,440166874644889;5;0;902;
903;27,4988095238095;30,498869282535;5;4;8;4;5;2;30,498869282535;27,4988095238095;4619,8;332654,165194615;404538,08297392;179640,800658949;4774357,18816455;769263,544355047;764856,704412586;0,434450448146444;5;0;903;
904;27,127380952381;17,4705394827592;2;9;2;5;1;1;17,4705394827592;27,127380952381;4557,4;332333,350021334;403967,149369611;179338,893617776;4751137,36639894;769183,828777535;764722,455901289;0,43889511932068;5;0;904;
905;27,2464285714286;14,4205659733475;2;8;3;1;1;1;14,4205659733475;27,2464285714286;4577,4;332546,19815435;404343,573054291;179537,626288943;4766332,99775677;769289,965293037;764774,461327834;0,437968923035387;5;0;905;
906;27,3952380952381;17,4559867371198;2;9;5;2;1;1;17,4559867371198;27,3952380952381;4602,4;332609,909435761;404449,448923945;179604,278267034;4771374,91066017;769306,46542344;764801,195954565;0,435914230323552;5;0;906;
907;27,2952380952381;14,3207471333984;2;9;1;1;1;3;14,3207471333984;27,2952380952381;4585,6;332536,257118826;404331,500945473;179528,656857701;4765701,83525635;769189,653381928;764838,484722927;0,437132175364539;5;0;907;
908;27,3107142857143;15,3437699051233;2;9;2;2;1;2;15,3437699051233;27,3107142857143;4588,2;332573,446398048;404397,084642222;179560,160249121;4767890,2771785;769258,536718652;764813,002762608;0,437030366200286;5;0;908;
909;27,0523809523809;13,4236435635083;2;9;1;1;1;2;13,4236435635083;27,0523809523809;4544,8;332345,452748884;403983,818975157;179350,864588955;4751974,82347668;769160,412030106;764742,373779096;0,440166874644889;5;0;909;
910;27,347619047619;28,4012325954524;8;4;3;4;5;2;28,4012325954524;27,347619047619;4594,4;332615,442225265;404466,714258191;179600,493925284;4771120,28155686;769229,552888712;764856,313406433;0,43664044972576;5;0;910;
911;26,8202380952381;12,3353129896935;1;9;1;1;1;2;12,3353129896935;26,8202380952381;4505,8;332063,865792407;403510,760155107;179080,743505291;4731146,98591607;768872,352620338;764778,45675885;0,442638380041009;5;0;911;
912;27,4190476190476;19,2899804345984;1;9;7;2;1;2;19,2899804345984;27,4190476190476;4606,4;332697,918067395;404612,982295474;179679,311101872;4777198,41481627;769276,540016701;764872,388207924;0,43589762933148;5;0;912;
913;27,3571428571429;27,4616963073839;3;4;7;4;5;2;27,4616963073839;27,3571428571429;4596;332610,92043856;404457,807227806;179594,596525513;4770704,96057425;769234,730905945;764849,08779899;0,436464703463061;5;0;913;
914;27,0523809523809;13,4236435635083;2;9;1;1;1;2;13,4236435635083;27,0523809523809;4544,8;332345,452748884;403983,818975157;179350,864588955;4751974,82347668;769160,412030106;764742,373779096;0,440166874644889;5;0;914;
915;27,1607142857143;15,4044907940511;2;9;2;1;1;3;15,4044907940511;27,1607142857143;4563;332527,988266654;404309,05495139;179518,682662007;4764861,23839839;769224,145263804;764808,236782097;0,439245982405141;5;0;915;
916;27,2738095238095;14,4855156077895;2;9;2;1;1;2;14,4855156077895;27,2738095238095;4582;332532,796999198;404326,064309347;179524,418790097;4765314,38089657;769194,510838109;764831,13917572;0,437450724732907;5;0;916;
917;27,3202380952381;31,4988807958817;5;4;8;4;5;3;31,4988807958817;27,3202380952381;4589,8;332684,238838322;404594,113234535;179666,486944317;4776136,53576368;769302,990637763;764848,260100651;0,437416648078339;5;0;917;
918;27,0976190476191;15,3412284403267;2;9;1;3;1;2;15,3412284403267;27,0976190476191;4552,4;332395,309335311;404084,906441057;179396,295391055;4755466,47651076;769180,633576108;764764,753560082;0,439662375427071;5;0;918;
919;27,3476190476191;31,473804839227;5;4;9;4;5;2;31,473804839227;27,3476190476191;4594,4;332626,008832276;404485,968626149;179613,652763595;4772071,69557634;769247,45034105;764850,969177208;0,436709556860313;5;0;919;
920;27,4988095238095;30,498869282535;5;4;8;4;5;2;30,498869282535;27,4988095238095;4619,8;332654,165194615;404538,08297392;179640,800658949;4774357,18816455;769263,544355047;764856,704412586;0,434450448146444;5;0;920;
921;27,3880952380953;22,4233009907801;1;9;7;5;1;2;22,4233009907801;27,3880952380953;4601,2;332657,122750797;404547,144782715;179632,368;4773601,728;769286,064506205;764843,095403422;0,43615687984159;5;0;921;
922;27,2464285714286;27,3705777661732;4;4;7;3;5;2;27,3705777661732;27,2464285714286;4577,4;332581,984741658;404414,815149655;179572,406818452;4768757,4833239;769284,383953504;764801,26130778;0,438109866658138;5;0;922;
923;27,2464285714286;14,4205659733475;2;8;3;1;1;1;14,4205659733475;27,2464285714286;4577,4;332546,19815435;404343,573054291;179537,626288943;4766332,99775677;769289,965293037;764774,461327834;0,437968923035387;5;0;923;
924;27,0523809523809;13,4236435635083;2;9;1;1;1;2;13,4236435635083;27,0523809523809;4544,8;332345,452748884;403983,818975157;179350,864588955;4751974,82347668;769160,412030106;764742,373779096;0,440166874644889;5;0;924;
925;27,1214285714286;13,4397330686006;2;9;2;1;1;1;13,4397330686006;27,1214285714286;4556,4;332374,194078095;404040,849706796;179376,214773394;4753914,48864252;769237,424130631;764710,32115833;0,439169024465394;5;0;925;
926;27,0523809523809;13,4236435635083;2;9;1;1;1;2;13,4236435635083;27,0523809523809;4544,8;332345,452748884;403983,818975157;179350,864588955;4751974,82347668;769160,412030106;764742,373779096;0,440166874644889;5;0;926;
927;27,3190476190476;15,4834728035158;2;8;3;1;1;2;15,4834728035158;27,3190476190476;4589,6;332569,292174648;404383,444000506;179557,92;4767880,32;769266,476419975;764803,370123659;0,436893770761286;5;0;927;
928;27,0523809523809;13,4236435635083;2;9;1;1;1;2;13,4236435635083;27,0523809523809;4544,8;332345,452748884;403983,818975157;179350,864588955;4751974,82347668;769160,412030106;764742,373779096;0,440166874644889;5;0;928;
929;27,2464285714286;14,4205659733475;2;8;3;1;1;1;14,4205659733475;27,2464285714286;4577,4;332546,19815435;404343,573054291;179537,626288943;4766332,99775677;769289,965293037;764774,461327834;0,437968923035387;5;0;929;
930;27,1654761904762;15,1289290939666;2;8;2;1;3;1;15,1289290939666;27,1654761904762;4563,8;332380,519851475;404041,470176042;179380,824;4754356,992;769220,220232593;764723,02978687;0,438508927545498;5;0;930;
931;27,35;21,407392446586;3;9;7;2;1;2;21,407392446586;27,35;4594,8;332613,015364678;404462,948191666;179604,613412008;4771477,51782104;769270,53454896;764827,965367695;0,436638752328871;5;0;931;
932;27,2464285714286;29,390190411107;5;4;8;3;5;2;29,390190411107;27,2464285714286;4577,4;332561,391364789;404369,166302706;179554,105649538;4767579,52380784;769228,765305672;764825,508983784;0,438030401418018;5;0;932;
933;27,3440476190476;20,3448419292222;1;9;7;3;1;2;20,3448419292222;27,3440476190476;4593,8;332626,018811371;404487,713287376;179612,999975673;4772115,38290814;769242,656012865;764853,924838465;0,436768000617949;5;0;933;
934;26,8202380952381;12,3353129896935;1;9;1;1;1;2;12,3353129896935;26,8202380952381;4505,8;332063,865792407;403510,760155107;179080,743505291;4731146,98591607;768872,352620338;764778,45675885;0,442638380041009;5;0;934;
935;27,1642857142857;16,3042048207406;2;2;3;3;1;1;16,3042048207406;27,1642857142857;4563,6;332482,40760599;404234,315276245;179478,66156173;4761804,8851727;769243,574345271;764768,189695808;0,438988583989227;5;0;935;
936;27,4404761904762;28,4243425027343;4;4;8;4;5;1;28,4243425027343;27,4404761904762;4610;332727,737529532;404664,026015418;179705,065523604;4779183,06002294;769331,361353967;764853,028264084;0,435693129774665;5;0;936;
937;27,1214285714286;13,4397330686006;2;9;2;1;1;1;13,4397330686006;27,1214285714286;4556,4;332374,194078095;404040,849706796;179376,214773394;4753914,48864252;769237,424130631;764710,32115833;0,439169024465394;5;0;937;
938;27,2547619047619;17,3704029222818;2;9;2;1;1;5;17,3704029222818;27,2547619047619;4578,8;332500,090699479;404258,92514831;179493,624;4762939,104;769160,000523649;764834,456910094;0,437603752920292;5;0;938;
939;27,3119047619048;18,3873822007127;2;7;3;3;1;3;18,3873822007127;27,3119047619048;4588,4;332578,454255273;404408,141491222;179567,404179462;4768589,2399224;769247,664982504;764823,597939344;0,43706793089804;5;0;939;
940;27,4380952380952;28,3123150490692;4;4;7;4;5;2;28,3123150490692;27,4380952380952;4609,6;332741,613163941;404693,633768759;179717,282070898;4780536,48399519;769314,864828183;764874,702507618;0,435801089634787;5;0;940;
941;27,4380952380952;28,3123150490692;4;4;7;4;5;2;28,3123150490692;27,4380952380952;4609,6;332741,613163941;404693,633768759;179717,282070898;4780536,48399519;769314,864828183;764874,702507618;0,435801089634787;5;0;941;
942;27,4190476190476;19,2899804345984;1;9;7;2;1;2;19,2899804345984;27,4190476190476;4606,4;332697,918067395;404612,982295474;179679,311101872;4777198,41481627;769276,540016701;764872,388207924;0,43589762933148;5;0;942;
943;27,3178571428571;23,3302555090777;2;9;5;2;7;1;23,3302555090777;27,3178571428571;4589,4;332618,561976606;404472,76076441;179596,424969812;4770837,78847955;769222,73035392;764863,117927913;0,437106784721162;5;0;943;
944;27,4380952380952;28,3123150490692;4;4;7;4;5;2;28,3123150490692;27,4380952380952;4609,6;332741,613163941;404693,633768759;179717,282070898;4780536,48399519;769314,864828183;764874,702507618;0,435801089634787;5;0;944;
945;27,1214285714286;13,4397330686006;2;9;2;1;1;1;13,4397330686006;27,1214285714286;4556,4;332374,194078095;404040,849706796;179376,214773394;4753914,48864252;769237,424130631;764710,32115833;0,439169024465394;5;0;945;
946;26,8202380952381;12,3353129896935;1;10;1;1;1;2;12,3353129896935;26,8202380952381;4505,8;332063,865792407;403510,760155107;179080,743505291;4731146,98591607;768872,352620338;764778,45675885;0,442638380041009;5;0;946;
947;27,3107142857143;23,2983212829914;2;7;9;3;1;2;23,2983212829914;27,3107142857143;4588,2;332635,083790882;404504,917199434;179619,084871432;4772716,7778573;769265,391369303;764844,669215;0,43735436281116;5;0;947;
948;27,4404761904762;28,4243425027343;4;4;8;4;5;1;28,4243425027343;27,4404761904762;4610;332727,737529532;404664,026015418;179705,065523604;4779183,06002294;769331,361353967;764853,028264084;0,435693129774665;5;0;948;
949;27,3440476190476;20,3448419292222;1;9;7;3;1;2;20,3448419292222;27,3440476190476;4593,8;332626,018811371;404487,713287376;179612,999975673;4772115,38290814;769242,656012865;764853,924838465;0,436768000617949;5;0;949;
950;27,0523809523809;13,4236435635083;2;9;1;1;1;2;13,4236435635083;27,0523809523809;4544,8;332345,452748884;403983,818975157;179350,864588955;4751974,82347668;769160,412030106;764742,373779096;0,440166874644889;5;0;950;
951;27,3714285714286;28,2758977896337;4;5;7;4;5;2;28,2758977896337;27,3714285714286;4598,4;332677,161951182;404578,656612803;179660,482977537;4775822,11523305;769274,81567634;764862,961907359;0,436568859345154;5;0;951;
952;27,4380952380952;28,3123150490692;4;4;7;4;5;2;28,3123150490692;27,4380952380952;4609,6;332741,613163941;404693,633768759;179717,282070898;4780536,48399519;769314,864828183;764874,702507618;0,435801089634787;5;0;952;
953;27,4988095238095;30,498869282535;5;4;8;4;5;2;30,498869282535;27,4988095238095;4619,8;332654,165194615;404538,08297392;179640,800658949;4774357,18816455;769263,544355047;764856,704412586;0,434450448146444;5;0;953;
954;27,0511904761905;14,4111382185604;1;10;2;2;1;2;14,4111382185604;27,0511904761905;4544,6;332287,715430263;403887,324407562;179298,613117523;4747980,64397801;769025,839490712;764800,385878427;0,439933405135944;5;0;954;
955;27,3321428571429;17,3603875218681;2;7;3;3;1;2;17,3603875218681;27,3321428571429;4591,8;332595,874222948;404441,178132963;179584,334571872;4769874,49862281;769248,330634086;764834,940826591;0,43681460667475;5;0;955;
956;27,2952380952381;14,3207471333984;2;9;1;1;1;3;14,3207471333984;27,2952380952381;4585,6;332536,257118826;404331,500945473;179528,656857701;4765701,83525635;769189,653381928;764838,484722927;0,437132175364539;5;0;956;
957;27,447619047619;30,3533431381602;9;6;7;4;2;2;30,3533431381602;27,447619047619;4611,2;332679,534190636;404581,114592745;179674,708438623;4776973,03395646;769317,790971169;764834,852208543;0,435419899581446;5;0;957;
958;26,8202380952381;12,3353129896935;1;9;1;1;1;2;12,3353129896935;26,8202380952381;4505,8;332063,865792407;403510,760155107;179080,743505291;4731146,98591607;768872,352620338;764778,45675885;0,442638380041009;5;0;958;
959;27,3011904761905;29,4367083195695;6;4;6;4;5;2;29,4367083195695;27,3011904761905;4586,6;332617,996148575;404473,802323185;179605,296;4771518,43906305;769260,683014725;764836,281299904;0,437408633762851;5;0;959;
960;27,2011904761905;31,2195381136715;8;4;6;4;5;2;31,2195381136715;27,2011904761905;4569,8;332541,102410054;404334,985069992;179534,014337985;4765973,184;769226,020947043;764815,241661137;0,438666663727851;5;0;960;
961;27,1095238095238;14,3052872279;1;8;3;1;1;2;14,3052872279;27,1095238095238;4554,4;332448,062827161;404167,191411583;179446,884533721;4759228,68196596;769179,422892953;764792,235270634;0,439708936416704;5;0;961;
962;27,25;30,4409786174454;4;4;8;4;7;1;30,4409786174454;27,25;4578;332589,340206254;404415,370275965;179577,096;4769354,016;769251,499737785;764824,926417123;0,438099489459005;5;0;962;
963;27,0523809523809;13,4236435635083;2;9;1;1;1;2;13,4236435635083;27,0523809523809;4544,8;332345,452748884;403983,818975157;179350,864588955;4751974,82347668;769160,412030106;764742,373779096;0,440166874644889;5;0;963;
964;27,0523809523809;13,4236435635083;2;10;1;1;1;2;13,4236435635083;27,0523809523809;4544,8;332345,452748884;403983,818975157;179350,864588955;4751974,82347668;769160,412030106;764742,373779096;0,440166874644889;5;0;964;
965;27,0083333333333;20,4832769711024;1;9;1;1;6;5;20,4832769711024;27,0083333333333;4537,4;332267,878454604;403853,603474019;179278,295879711;4746205,04479345;768944,609441244;764844,039454555;0,440501101908194;5;0;965;
966;27,2011904761905;31,2195381136715;8;4;6;4;5;2;31,2195381136715;27,2011904761905;4569,8;332541,102410054;404334,985069992;179534,014337985;4765973,184;769226,020947043;764815,241661137;0,438666663727851;5;0;966;
967;26,8202380952381;12,3353129896935;1;9;1;1;1;2;12,3353129896935;26,8202380952381;4505,8;332063,865792407;403510,760155107;179080,743505291;4731146,98591607;768872,352620338;764778,45675885;0,442638380041009;5;0;967;
968;27,3880952380952;27,3871108273998;4;4;8;4;4;1;27,3871108273998;27,3880952380952;4601,2;332617,2;404464,340190211;179613,192;4772204,24699724;769249,76025845;764842,850701091;0,436063713447899;5;0;968;
969;27,1166666666667;16,3792106404208;1;9;2;1;1;5;16,3792106404208;27,1166666666667;4555,6;332398,923785099;404093,980187511;179396,616;4755504,41912345;769046,091695462;764856,603621273;0,439356735020726;5;0;969;
970;27,3952380952381;17,4559867371198;2;9;5;2;1;1;17,4559867371198;27,3952380952381;4602,4;332609,909435761;404449,448923945;179604,278267034;4771374,91066017;769306,46542344;764801,195954565;0,435914230323552;5;0;970;
971;27,1214285714286;13,4397330686006;2;9;2;1;1;1;13,4397330686006;27,1214285714286;4556,4;332374,194078095;404040,849706796;179376,214773394;4753914,48864252;769237,424130631;764710,32115833;0,439169024465394;5;0;971;
972;27,4404761904762;28,4243425027343;4;4;8;4;5;1;28,4243425027343;27,4404761904762;4610;332727,737529532;404664,026015418;179705,065523604;4779183,06002294;769331,361353967;764853,028264084;0,435693129774665;5;0;972;
973;27,35;32,4757771207237;7;4;6;4;5;4;32,4757771207237;27,35;4594,8;332704,653952513;404623,670422169;179686,191262126;4777710,40011971;769340,660285083;764833,16936211;0,437027950850345;5;0;973;
974;27,4380952380952;28,3123150490692;4;4;7;4;5;2;28,3123150490692;27,4380952380952;4609,6;332741,613163941;404693,633768759;179717,282070898;4780536,48399519;769314,864828183;764874,702507618;0,435801089634787;5;0;974;
975;27,3190476190476;15,4834728035158;2;9;3;1;1;2;15,4834728035158;27,3190476190476;4589,6;332569,292174648;404383,444000506;179557,92;4767880,32;769266,476419975;764803,370123659;0,436893770761286;5;0;975;
976;27,4690476190476;27,3893645052768;2;4;9;4;5;1;27,3893645052768;27,4690476190476;4614,8;332672,126997358;404573,027071069;179653,28372923;4775167,87641949;769299,37963123;764843,63315107;0,434975788396825;5;0;976;
977;27,3178571428571;23,3302555090777;2;9;5;2;7;1;23,3302555090777;27,3178571428571;4589,4;332618,561976606;404472,76076441;179596,424969812;4770837,78847955;769222,73035392;764863,117927913;0,437106784721162;5;0;977;
978;27,4190476190476;19,2899804345984;1;9;7;2;1;2;19,2899804345984;27,4190476190476;4606,4;332697,918067395;404612,982295474;179679,311101872;4777198,41481627;769276,540016701;764872,388207924;0,43589762933148;5;0;978;
979;27,3309523809524;17,2860106752877;2;2;3;3;1;2;17,2860106752877;27,3309523809524;4591,6;332550,432980208;404347,472975934;179539,872;4766493,312;769233,330110855;764815,05902886;0,436606321734557;5;0;979;
980;27,2952380952381;14,3207471333984;2;9;1;1;1;3;14,3207471333984;27,2952380952381;4585,6;332536,257118826;404331,500945473;179528,656857701;4765701,83525635;769189,653381928;764838,484722927;0,437132175364539;5;0;980;
981;27,3321428571429;17,3603875218681;2;7;3;3;1;2;17,3603875218681;27,3321428571429;4591,8;332595,874222948;404441,178132963;179584,334571872;4769874,49862281;769248,330634086;764834,940826591;0,43681460667475;5;0;981;
982;26,8202380952381;12,3353129896935;1;9;1;1;1;2;12,3353129896935;26,8202380952381;4505,8;332063,865792407;403510,760155107;179080,743505291;4731146,98591607;768872,352620338;764778,45675885;0,442638380041009;5;0;982;
983;27,4988095238095;30,498869282535;5;4;8;4;5;2;30,498869282535;27,4988095238095;4619,8;332654,165194615;404538,08297392;179640,800658949;4774357,18816455;769263,544355047;764856,704412586;0,434450448146444;5;0;983;
984;27,2988095238095;16,4676727859237;1;9;5;2;1;1;16,4676727859237;27,2988095238095;4586,2;332611,371209206;404455,342615221;179599,131104276;4771080,40648282;769261,346494642;764831,760409139;0,437425026237404;5;0;984;
985;27,3952380952381;17,4559867371198;2;9;5;2;1;1;17,4559867371198;27,3952380952381;4602,4;332609,909435761;404449,448923945;179604,278267034;4771374,91066017;769306,46542344;764801,195954565;0,435914230323552;5;0;985;
986;27,3309523809524;20,3643678311442;2;5;3;1;3;5;20,3643678311442;27,3309523809524;4591,6;332651,185789597;404537,66514377;179628,984;4773363,22479549;769236,679835254;764873,971880239;0,437051925672035;5;0;986;
987;27,2952380952381;14,3207471333984;2;9;1;1;1;3;14,3207471333984;27,2952380952381;4585,6;332536,257118826;404331,500945473;179528,656857701;4765701,83525635;769189,653381928;764838,484722927;0,437132175364539;5;0;987;
988;27,1214285714286;13,4397330686006;2;9;2;1;1;1;13,4397330686006;27,1214285714286;4556,4;332374,194078095;404040,849706796;179376,214773394;4753914,48864252;769237,424130631;764710,32115833;0,439169024465394;5;0;988;
989;27,3321428571429;17,3603875218681;2;9;3;3;1;2;17,3603875218681;27,3321428571429;4591,8;332595,874222948;404441,178132963;179584,334571872;4769874,49862281;769248,330634086;764834,940826591;0,43681460667475;5;0;989;
990;27,4678571428571;30,3971407307003;7;4;6;4;5;2;30,3971407307003;27,4678571428571;4614,6;332671,100209623;404558,809139953;179654,448188865;4775149,23904141;769281,650588993;764853,514738776;0,434988127264302;5;0;990;
991;27,0523809523809;13,4236435635083;2;9;1;1;1;2;13,4236435635083;27,0523809523809;4544,8;332345,452748884;403983,818975157;179350,864588955;4751974,82347668;769160,412030106;764742,373779096;0,440166874644889;5;0;991;
992;27,3952380952381;17,4559867371198;2;9;5;2;1;1;17,4559867371198;27,3952380952381;4602,4;332609,909435761;404449,448923945;179604,278267034;4771374,91066017;769306,46542344;764801,195954565;0,435914230323552;5;0;992;
993;27,0523809523809;13,4236435635083;2;9;1;1;1;2;13,4236435635083;27,0523809523809;4544,8;332345,452748884;403983,818975157;179350,864588955;4751974,82347668;769160,412030106;764742,373779096;0,440166874644889;5;0;993;
994;27,2797619047619;32,4634332257512;4;4;8;6;7;1;32,4634332257512;27,2797619047619;4583;332674,394058906;404570,832240668;179657,341403063;4775531,61650817;769280,099448414;764856,949497366;0,438018648181591;5;0;994;
995;27,2107142857143;21,4778231553096;2;8;3;1;7;2;21,4778231553096;27,2107142857143;4571,4;332543,903558857;404339,488549111;179536,057025734;4766192,47471643;769226,72991981;764815,248797116;0,438525943186813;5;0;995;
996;27,3952380952381;17,4559867371198;2;9;5;2;1;1;17,4559867371198;27,3952380952381;4602,4;332609,909435761;404449,448923945;179604,278267034;4771374,91066017;769306,46542344;764801,195954565;0,435914230323552;5;0;996;
997;27,3226190476191;30,3948460956488;4;4;7;4;5;4;30,3948460956488;27,3226190476191;4590,2;332657,193664248;404539,246015254;179646,771362801;4774704,46497452;769276,537024021;764849,374994919;0,437275470278344;5;0;997;
998;27,4380952380952;28,3123150490692;4;4;7;4;5;2;28,3123150490692;27,4380952380952;4609,6;332741,613163941;404693,633768759;179717,282070898;4780536,48399519;769314,864828183;764874,702507618;0,435801089634787;5;0;998;
999;27,4988095238095;30,498869282535;5;4;8;4;5;2;30,498869282535;27,4988095238095;4619,8;332654,165194615;404538,08297392;179640,800658949;4774357,18816455;769263,544355047;764856,704412586;0,434450448146444;5;0;999;
1000;27,0523809523809;13,4236435635083;2;8;1;1;1;2;13,4236435635083;27,0523809523809;4544,8;332345,452748884;403983,818975157;179350,864588955;4751974,82347668;769160,412030106;764742,373779096;0,440166874644889;5;0;1000;
1001;27,3952380952381;17,4559867371198;2;9;5;2;1;1;17,4559867371198;27,3952380952381;4602,4;332609,909435761;404449,448923945;179604,278267034;4771374,91066017;769306,46542344;764801,195954565;0,435914230323552;5;0;1001;
1002;27,0523809523809;13,4236435635083;2;10;1;1;1;2;13,4236435635083;27,0523809523809;4544,8;332345,452748884;403983,818975157;179350,864588955;4751974,82347668;769160,412030106;764742,373779096;0,440166874644889;5;0;1002;
1003;27,0523809523809;13,4236435635083;2;9;1;1;1;2;13,4236435635083;27,0523809523809;4544,8;332345,452748884;403983,818975157;179350,864588955;4751974,82347668;769160,412030106;764742,373779096;0,440166874644889;5;0;1003;
1004;26,8071428571429;12,4368077102845;2;9;1;1;1;1;12,4368077102845;26,8071428571429;4503,6;332011,286594615;403386,929667095;179035,825581121;4727754,94670534;769151,530917001;764551,243145734;0,442630141312183;5;0;1004;
1005;27,2738095238095;14,4855156077895;2;9;2;1;1;2;14,4855156077895;27,2738095238095;4582;332532,796999198;404326,064309347;179524,418790097;4765314,38089657;769194,510838109;764831,13917572;0,437450724732907;5;0;1005;
1006;27,2083333333333;14,3626593312448;3;9;1;1;1;2;14,3626593312448;27,2083333333333;4571;332467,874348792;404215,794568051;179460,912;4760355,99123281;769215,934710805;764781,490999872;0,438182201736943;5;0;1006;
1007;27,4190476190476;19,2899804345984;1;9;7;2;1;2;19,2899804345984;27,4190476190476;4606,4;332697,918067395;404612,982295474;179679,311101872;4777198,41481627;769276,540016701;764872,388207924;0,43589762933148;5;0;1007;
1008;27,0523809523809;13,4236435635083;2;9;1;1;1;2;13,4236435635083;27,0523809523809;4544,8;332345,452748884;403983,818975157;179350,864588955;4751974,82347668;769160,412030106;764742,373779096;0,440166874644889;5;0;1008;
1009;27,3190476190476;15,4834728035158;2;8;3;1;1;2;15,4834728035158;27,3190476190476;4589,6;332569,292174648;404383,444000506;179557,92;4767880,32;769266,476419975;764803,370123659;0,436893770761286;5;0;1009;
1010;27,4190476190476;19,2899804345984;1;9;7;2;1;2;19,2899804345984;27,4190476190476;4606,4;332697,918067395;404612,982295474;179679,311101872;4777198,41481627;769276,540016701;764872,388207924;0,43589762933148;5;0;1010;
1011;27,0523809523809;13,4236435635083;2;9;1;1;1;2;13,4236435635083;27,0523809523809;4544,8;332345,452748884;403983,818975157;179350,864588955;4751974,82347668;769160,412030106;764742,373779096;0,440166874644889;5;0;1011;
1012;27,3214285714286;16,4585439856738;2;9;2;3;1;2;16,4585439856738;27,3214285714286;4590;332591,342251334;404423,069336272;179578,280403059;4769456,80340152;769257,83134861;764823,030814302;0,43695284027961;5;0;1012;
1013;27,4107142857143;20,2710577140995;2;9;8;1;1;2;20,2710577140995;27,4107142857143;4605;332686,900425604;404594,24146872;179661,903923403;4775769,26597507;769271,174091786;764871,290606104;0,435939620910992;5;0;1013;
1014;27,0011904761905;16,3967341889755;1;9;1;1;1;6;16,3967341889755;27,0011904761905;4536,2;332252,353479011;403816,613883401;179261,256;4745168,064;768889,997424768;764869,213757061;0,440551617784803;5;0;1014;
1015;26,8202380952381;12,3353129896935;1;9;1;1;1;2;12,3353129896935;26,8202380952381;4505,8;332063,865792407;403510,760155107;179080,743505291;4731146,98591607;768872,352620338;764778,45675885;0,442638380041009;5;0;1015;
1016;27,0523809523809;13,4236435635083;2;6;1;1;1;2;13,4236435635083;27,0523809523809;4544,8;332345,452748884;403983,818975157;179350,864588955;4751974,82347668;769160,412030106;764742,373779096;0,440166874644889;5;0;1016;
1017;27,3107142857143;15,3437699051233;2;9;2;2;1;2;15,3437699051233;27,3107142857143;4588,2;332573,446398048;404397,084642222;179560,160249121;4767890,2771785;769258,536718652;764813,002762608;0,437030366200286;5;0;1017;
1018;27,0523809523809;13,4236435635083;2;9;1;1;1;2;13,4236435635083;27,0523809523809;4544,8;332345,452748884;403983,818975157;179350,864588955;4751974,82347668;769160,412030106;764742,373779096;0,440166874644889;5;0;1018;
1019;27,1654761904762;19,4027344165585;2;9;3;3;3;2;19,4027344165585;27,1654761904762;4563,8;332575,521764389;404396,211478152;179567,000719473;4768589,94424443;769240,857093443;764825,650359115;0,439410451020984;5;0;1019;
1020;27,3190476190476;15,4834728035158;2;8;3;1;1;2;15,4834728035158;27,3190476190476;4589,6;332569,292174648;404383,444000506;179557,92;4767880,32;769266,476419975;764803,370123659;0,436893770761286;5;0;1020;
1021;27,1214285714286;13,4397330686006;2;9;2;1;1;1;13,4397330686006;27,1214285714286;4556,4;332374,194078095;404040,849706796;179376,214773394;4753914,48864252;769237,424130631;764710,32115833;0,439169024465394;5;0;1021;
1022;27,2571428571429;35,4359565178034;5;4;9;8;5;2;35,4359565178034;27,2571428571429;4579,2;332616,741592494;404469,005908527;179606,495206571;4771689,4439506;769233,96888825;764854,140318007;0,438129358385146;5;0;1022;
1023;27,3952380952381;17,4559867371198;2;9;5;2;1;1;17,4559867371198;27,3952380952381;4602,4;332609,909435761;404449,448923945;179604,278267034;4771374,91066017;769306,46542344;764801,195954565;0,435914230323552;5;0;1023;
1024;26,8202380952381;12,3353129896935;1;9;1;1;1;2;12,3353129896935;26,8202380952381;4505,8;332063,865792407;403510,760155107;179080,743505291;4731146,98591607;768872,352620338;764778,45675885;0,442638380041009;5;0;1024;
1025;27,3107142857143;15,3437699051233;2;9;2;2;1;2;15,3437699051233;27,3107142857143;4588,2;332573,446398048;404397,084642222;179560,160249121;4767890,2771785;769258,536718652;764813,002762608;0,437030366200286;5;0;1025;
1026;27,0309523809524;14,3604763183664;2;9;2;2;1;1;14,3604763183664;27,0309523809524;4541,2;332311,809062739;403922,956888405;179314,476950996;4749169,21260178;769220,600079166;764684,165832595;0,440349140792136;5;0;1026;
1027;27,2952380952381;14,3207471333984;2;10;1;1;1;3;14,3207471333984;27,2952380952381;4585,6;332536,257118826;404331,500945473;179528,656857701;4765701,83525635;769189,653381928;764838,484722927;0,437132175364539;5;0;1027;
1028;27,1369047619048;16,3905099077781;2;9;4;1;1;2;16,3905099077781;27,1369047619048;4559;332552,008900863;404351,3826863;179546,030207915;4766980,65807416;769235,147554372;764815,019410564;0,439758425609292;5;0;1028;
1029;27,3095238095238;16,4487814596784;2;9;5;1;1;1;16,4487814596784;27,3095238095238;4588;332558,416149617;404364,519683876;179547,405470258;4766991,28494173;769271,554028774;764794,204318093;0,43698666290331;5;0;1029;
1030;27,4440476190476;26,4692946435553;1;4;9;4;5;1;26,4692946435553;27,4440476190476;4610,6;332710,096262598;404628,299113668;179688,595755412;4777912,39784583;769294,037587982;764868,192447483;0,435546511535727;5;0;1030;
1031;27,3190476190476;15,4834728035158;2;9;3;1;1;2;15,4834728035158;27,3190476190476;4589,6;332569,292174648;404383,444000506;179557,92;4767880,32;769266,476419975;764803,370123659;0,436893770761286;5;0;1031;
1032;27,3190476190476;21,4646475539139;8;9;3;1;1;2;21,4646475539139;27,3190476190476;4589,6;332621,687891135;404482,531594991;179606,185318093;4771610,98595646;769270,308703804;764833,445352355;0,437147164667132;5;0;1032;
1033;27,1047619047619;20,2811198346915;2;9;2;3;5;2;20,2811198346915;27,1047619047619;4553,6;332416,717165875;404108,754618721;179417,147576543;4757133,61499953;769210,21648437;764753,052686334;0,439659922540984;5;0;1033;
1034;27,0523809523809;13,4236435635083;2;9;1;1;1;2;13,4236435635083;27,0523809523809;4544,8;332345,452748884;403983,818975157;179350,864588955;4751974,82347668;769160,412030106;764742,373779096;0,440166874644889;5;0;1034;
1035;26,8202380952381;12,3353129896935;1;9;1;1;1;2;12,3353129896935;26,8202380952381;4505,8;332063,865792407;403510,760155107;179080,743505291;4731146,98591607;768872,352620338;764778,45675885;0,442638380041009;5;0;1035;
1036;26,8202380952381;12,3353129896935;1;9;1;1;1;2;12,3353129896935;26,8202380952381;4505,8;332063,865792407;403510,760155107;179080,743505291;4731146,98591607;768872,352620338;764778,45675885;0,442638380041009;5;0;1036;
1037;27,0523809523809;13,4236435635083;2;9;1;1;1;2;13,4236435635083;27,0523809523809;4544,8;332345,452748884;403983,818975157;179350,864588955;4751974,82347668;769160,412030106;764742,373779096;0,440166874644889;5;0;1037;
1038;27,3095238095238;16,4961657241496;2;9;1;1;1;5;16,4961657241496;27,3095238095238;4588;332586,999987097;404413,507382945;179576,98355721;4769284,49203368;769187,362498726;764866,474249583;0,437130105394183;5;0;1038;
1039;27,2952380952381;14,3207471333984;2;9;1;1;1;3;14,3207471333984;27,2952380952381;4585,6;332536,257118826;404331,500945473;179528,656857701;4765701,83525635;769189,653381928;764838,484722927;0,437132175364539;5;0;1039;
1040;27,3309523809524;19,4448356549101;4;4;3;3;1;2;19,4448356549101;27,3309523809524;4591,6;332626,534299465;404479,802329769;179608,076186423;4771554,88560102;769289,865368184;764821,545586388;0,436944339470562;5;0;1040;
1041;27,4190476190476;19,2899804345984;1;6;7;2;1;2;19,2899804345984;27,4190476190476;4606,4;332697,918067395;404612,982295474;179679,311101872;4777198,41481627;769276,540016701;764872,388207924;0,43589762933148;5;0;1041;
1042;27,0523809523809;13,4236435635083;2;9;1;1;1;2;13,4236435635083;27,0523809523809;4544,8;332345,452748884;403983,818975157;179350,864588955;4751974,82347668;769160,412030106;764742,373779096;0,440166874644889;5;0;1042;
1043;27,2952380952381;14,3207471333984;2;9;1;1;1;3;14,3207471333984;27,2952380952381;4585,6;332536,257118826;404331,500945473;179528,656857701;4765701,83525635;769189,653381928;764838,484722927;0,437132175364539;5;0;1043;
1044;27,272619047619;15,3865817614302;4;9;1;1;1;2;15,3865817614302;27,272619047619;4581,8;332529,182234743;404306,752083692;179520,799623408;4765139,10028186;769243,904447914;764793,282738853;0,437457238271497;5;0;1044;
1045;26,8202380952381;12,3353129896935;1;10;1;1;1;2;12,3353129896935;26,8202380952381;4505,8;332063,865792407;403510,760155107;179080,743505291;4731146,98591607;768872,352620338;764778,45675885;0,442638380041009;5;0;1045;
1046;27,0523809523809;13,4236435635083;2;9;1;1;1;2;13,4236435635083;27,0523809523809;4544,8;332345,452748884;403983,818975157;179350,864588955;4751974,82347668;769160,412030106;764742,373779096;0,440166874644889;5;0;1046;
1047;27,4988095238095;30,498869282535;5;4;8;4;5;2;30,498869282535;27,4988095238095;4619,8;332654,165194615;404538,08297392;179640,800658949;4774357,18816455;769263,544355047;764856,704412586;0,434450448146444;5;0;1047;
1048;27,0523809523809;13,4236435635083;2;9;1;1;1;2;13,4236435635083;27,0523809523809;4544,8;332345,452748884;403983,818975157;179350,864588955;4751974,82347668;769160,412030106;764742,373779096;0,440166874644889;5;0;1048;
1049;27,0523809523809;13,4236435635083;2;9;1;1;1;2;13,4236435635083;27,0523809523809;4544,8;332345,452748884;403983,818975157;179350,864588955;4751974,82347668;769160,412030106;764742,373779096;0,440166874644889;5;0;1049;
1050;27,2083333333333;14,3626593312448;3;9;1;1;1;2;14,3626593312448;27,2083333333333;4571;332467,874348792;404215,794568051;179460,912;4760355,99123281;769215,934710805;764781,490999872;0,438182201736943;5;0;1050;
1051;27,0523809523809;13,4236435635083;2;9;1;1;1;2;13,4236435635083;27,0523809523809;4544,8;332345,452748884;403983,818975157;179350,864588955;4751974,82347668;769160,412030106;764742,373779096;0,440166874644889;5;0;1051;
1052;26,8202380952381;12,3353129896935;1;10;1;1;1;2;12,3353129896935;26,8202380952381;4505,8;332063,865792407;403510,760155107;179080,743505291;4731146,98591607;768872,352620338;764778,45675885;0,442638380041009;5;0;1052;
1053;27,4988095238095;30,498869282535;5;4;8;4;5;2;30,498869282535;27,4988095238095;4619,8;332654,165194615;404538,08297392;179640,800658949;4774357,18816455;769263,544355047;764856,704412586;0,434450448146444;5;0;1053;
1054;27,3107142857143;15,3437699051233;2;9;2;2;1;2;15,3437699051233;27,3107142857143;4588,2;332573,446398048;404397,084642222;179560,160249121;4767890,2771785;769258,536718652;764813,002762608;0,437030366200286;5;0;1054;
1055;26,8202380952381;12,3353129896935;1;9;1;1;1;2;12,3353129896935;26,8202380952381;4505,8;332063,865792407;403510,760155107;179080,743505291;4731146,98591607;768872,352620338;764778,45675885;0,442638380041009;5;0;1055;
1056;27,3095238095238;18,3288815508645;1;2;6;2;1;2;18,3288815508645;27,3095238095238;4588;332595,103314239;404429,357262384;179586,617125921;4770112,01118792;769263,280820525;764821,810043228;0,437182995484351;5;0;1056;
1057;27,0130952380952;14,386790640491;1;9;1;2;1;3;14,386790640491;27,0130952380952;4538,2;332202,279244473;403734,976931298;179212,795400679;4741427,0039917;768918,859453602;764823,10933754;0,440122968960031;5;0;1057;
1058;27,2797619047619;16,409532828202;2;9;3;2;1;2;16,409532828202;27,2797619047619;4583;332605,625519787;404450,428909379;179590,632;4770394,272;769277,89910017;764817,331851733;0,437685022566015;5;0;1058;
1059;26,8202380952381;12,3353129896935;1;10;1;1;1;2;12,3353129896935;26,8202380952381;4505,8;332063,865792407;403510,760155107;179080,743505291;4731146,98591607;768872,352620338;764778,45675885;0,442638380041009;5;0;1059;
1060;27,1214285714286;13,4397330686006;2;9;2;1;1;1;13,4397330686006;27,1214285714286;4556,4;332374,194078095;404040,849706796;179376,214773394;4753914,48864252;769237,424130631;764710,32115833;0,439169024465394;5;0;1060;
1061;27,3214285714286;16,4585439856738;2;9;2;3;1;2;16,4585439856738;27,3214285714286;4590;332591,342251334;404423,069336272;179578,280403059;4769456,80340152;769257,83134861;764823,030814302;0,43695284027961;5;0;1061;
1062;27,2083333333333;14,3626593312448;3;8;1;1;1;2;14,3626593312448;27,2083333333333;4571;332467,874348792;404215,794568051;179460,912;4760355,99123281;769215,934710805;764781,490999872;0,438182201736943;5;0;1062;
1063;27,3297619047619;32,4523799317171;7;4;9;4;5;1;32,4523799317171;27,3297619047619;4591,4;332652,326199435;404529,380377669;179636,390807227;4773912,14796306;769300,13409523;764830,356684392;0,437107404187218;5;0;1063;
1064;27,4190476190476;19,2899804345984;1;6;7;2;1;2;19,2899804345984;27,4190476190476;4606,4;332697,918067395;404612,982295474;179679,311101872;4777198,41481627;769276,540016701;764872,388207924;0,43589762933148;5;0;1064;
1065;27,2440476190476;17,4092110944986;5;9;2;1;1;2;17,4092110944986;27,2440476190476;4577;332593,270237506;404426,377052375;179578,315616318;4769339,82029608;769275,865443389;764811,752954858;0,438193273733205;5;0;1065;
1066;27,2095238095238;20,429910648591;6;2;4;2;1;1;20,429910648591;27,2095238095238;4571,2;332466,393716223;404203,365234023;179463,335063501;4760771,904;769254,380215441;764753,096148127;0,438206839040408;5;0;1066;
1067;27,1440476190476;16,4681041562077;5;9;1;1;1;2;16,4681041562077;27,1440476190476;4560,2;332458,872520888;404182,283688613;179456,542020073;4760087,75519459;769222,839709364;764766,193660182;0,4392057615995;5;0;1067;
1068;27,1214285714286;13,4397330686006;2;9;2;1;1;1;13,4397330686006;27,1214285714286;4556,4;332374,194078095;404040,849706796;179376,214773394;4753914,48864252;769237,424130631;764710,32115833;0,439169024465394;5;0;1068;
1069;26,8202380952381;12,3353129896935;1;9;1;1;1;2;12,3353129896935;26,8202380952381;4505,8;332063,865792407;403510,760155107;179080,743505291;4731146,98591607;768872,352620338;764778,45675885;0,442638380041009;5;0;1069;
1070;26,8785714285714;14,4869901707792;1;10;1;3;1;2;14,4869901707792;26,8785714285714;4515,6;332176,145512809;403683,019692405;179189,004295917;4739517,02715234;768957,207382956;764781,530042953;0,442214657067059;5;0;1070;
1071;27,1654761904762;15,1289290939666;2;9;2;1;3;1;15,1289290939666;27,1654761904762;4563,8;332380,519851475;404041,470176042;179380,824;4754356,992;769220,220232593;764723,02978687;0,438508927545498;5;0;1071;
1072;27,2071428571429;19,3841402894891;2;9;1;7;1;2;19,3841402894891;27,2071428571429;4570,8;332474,904231606;404222,044703359;179467,902842544;4761097,01387716;769252,800702042;764760,285711484;0,438251014371569;5;0;1072;
1073;27,1214285714286;13,4397330686006;2;9;2;1;1;1;13,4397330686006;27,1214285714286;4556,4;332374,194078095;404040,849706796;179376,214773394;4753914,48864252;769237,424130631;764710,32115833;0,439169024465394;5;0;1073;
1074;27,0523809523809;13,4236435635083;2;9;1;1;1;2;13,4236435635083;27,0523809523809;4544,8;332345,452748884;403983,818975157;179350,864588955;4751974,82347668;769160,412030106;764742,373779096;0,440166874644889;5;0;1074;
1075;26,8202380952381;12,3353129896935;1;9;1;1;1;2;12,3353129896935;26,8202380952381;4505,8;332063,865792407;403510,760155107;179080,743505291;4731146,98591607;768872,352620338;764778,45675885;0,442638380041009;5;0;1075;
1076;27,197619047619;35,324080048568;5;4;8;4;10;2;35,324080048568;27,197619047619;4569,2;332554,314959038;404361,013054796;179543,256;4766757,8098425;769238,993128933;764814,078749341;0,438765695077144;5;0;1076;
1077;27,325;19,4414924697665;2;3;3;5;1;2;19,4414924697665;27,325;4590,6;332644,74844276;404515,721566743;179626,865928394;4773103,71105895;769236,337793901;764867,039736856;0,437134593155858;5;0;1077;
1078;27,1214285714286;13,4397330686006;2;9;2;1;1;1;13,4397330686006;27,1214285714286;4556,4;332374,194078095;404040,849706796;179376,214773394;4753914,48864252;769237,424130631;764710,32115833;0,439169024465394;5;0;1078;
1079;27,4988095238095;30,498869282535;5;4;8;4;5;2;30,498869282535;27,4988095238095;4619,8;332654,165194615;404538,08297392;179640,800658949;4774357,18816455;769263,544355047;764856,704412586;0,434450448146444;5;0;1079;
1080;27,1678571428571;16,4638297673006;2;9;4;2;1;1;16,4638297673006;27,1678571428571;4564,2;332508,786882148;404276,038425449;179501,83897754;4763615,03761606;769271,960162594;764765,140755547;0,439054672535987;5;0;1080;
1081;27,1678571428571;16,4638297673006;2;9;4;2;1;1;16,4638297673006;27,1678571428571;4564,2;332508,786882148;404276,038425449;179501,83897754;4763615,03761606;769271,960162594;764765,140755547;0,439054672535987;5;0;1081;
1082;27,2904761904762;18,5477075103881;2;9;3;4;1;2;18,5477075103881;27,2904761904762;4584,8;332548,411200746;404350,025104883;179541,528308813;4766540,49693797;769223,53971503;764820,537374706;0,437278118405994;5;0;1082;
1083;27,4190476190476;19,2899804345984;1;9;7;2;1;2;19,2899804345984;27,4190476190476;4606,4;332697,918067395;404612,982295474;179679,311101872;4777198,41481627;769276,540016701;764872,388207924;0,43589762933148;5;0;1083;
1084;27,3214285714286;16,4585439856738;2;9;2;3;1;2;16,4585439856738;27,3214285714286;4590;332591,342251334;404423,069336272;179578,280403059;4769456,80340152;769257,83134861;764823,030814302;0,43695284027961;5;0;1084;
1085;27,2952380952381;14,3207471333984;2;9;1;1;1;3;14,3207471333984;27,2952380952381;4585,6;332536,257118826;404331,500945473;179528,656857701;4765701,83525635;769189,653381928;764838,484722927;0,437132175364539;5;0;1085;
1086;27,2202380952381;19,3400284269908;2;2;5;3;1;2;19,3400284269908;27,2202380952381;4573;332506,915668662;404273,748;179500,317042109;4763360,18222485;769220,791131981;764798,328458067;0,438212761469821;5;0;1086;
1087;26,8202380952381;12,3353129896935;1;7;1;1;1;2;12,3353129896935;26,8202380952381;4505,8;332063,865792407;403510,760155107;179080,743505291;4731146,98591607;768872,352620338;764778,45675885;0,442638380041009;5;0;1087;
1088;26,8202380952381;12,3353129896935;1;9;1;1;1;2;12,3353129896935;26,8202380952381;4505,8;332063,865792407;403510,760155107;179080,743505291;4731146,98591607;768872,352620338;764778,45675885;0,442638380041009;5;0;1088;
1089;27,375;31,3841632325216;5;4;8;4;6;2;31,3841632325216;27,375;4599;332638,620663804;404503,780353278;179630,761474582;4773656,89441075;769255,51195932;764852,81229604;0,436369048584948;5;0;1089;
1090;27,2952380952381;14,3207471333984;2;9;1;1;1;3;14,3207471333984;27,2952380952381;4585,6;332536,257118826;404331,500945473;179528,656857701;4765701,83525635;769189,653381928;764838,484722927;0,437132175364539;5;0;1090;
1091;27,1547619047619;13,548879560242;1;10;2;1;1;2;13,548879560242;27,1547619047619;4562;332321,769712667;403947,780220425;179325,490088482;4750010,86061755;769084,762769225;764781,371779656;0,438381109493047;5;0;1091;
1092;27,0523809523809;13,4236435635083;2;9;1;1;1;2;13,4236435635083;27,0523809523809;4544,8;332345,452748884;403983,818975157;179350,864588955;4751974,82347668;769160,412030106;764742,373779096;0,440166874644889;5;0;1092;
1093;26,8202380952381;12,3353129896935;1;10;1;1;1;2;12,3353129896935;26,8202380952381;4505,8;332063,865792407;403510,760155107;179080,743505291;4731146,98591607;768872,352620338;764778,45675885;0,442638380041009;5;0;1093;
1094;27,3880952380953;22,4233009907801;1;6;7;2;4;2;22,4233009907801;27,3880952380953;4601,2;332657,122750797;404547,144782715;179632,368;4773601,728;769286,064506205;764843,095403422;0,43615687984159;5;0;1094;
1095;27,4440476190476;26,4692946435553;1;4;9;4;5;1;26,4692946435553;27,4440476190476;4610,6;332710,096262598;404628,299113668;179688,595755412;4777912,39784583;769294,037587982;764868,192447483;0,435546511535727;5;0;1095;
1096;27,3190476190476;15,4834728035158;2;9;3;1;1;2;15,4834728035158;27,3190476190476;4589,6;332569,292174648;404383,444000506;179557,92;4767880,32;769266,476419975;764803,370123659;0,436893770761286;5;0;1096;
1097;27,3952380952381;17,4559867371198;2;9;5;2;1;1;17,4559867371198;27,3952380952381;4602,4;332609,909435761;404449,448923945;179604,278267034;4771374,91066017;769306,46542344;764801,195954565;0,435914230323552;5;0;1097;
1098;27,3154761904762;18,4079365253722;1;9;6;2;1;2;18,4079365253722;27,3154761904762;4589;332587,909676904;404420,803464291;179573,837716136;4769285,1873858;769231,91460751;764839,442217835;0,437037244872193;5;0;1098;
1099;27,4440476190476;26,4692946435553;1;4;9;4;5;1;26,4692946435553;27,4440476190476;4610,6;332710,096262598;404628,299113668;179688,595755412;4777912,39784583;769294,037587982;764868,192447483;0,435546511535727;5;0;1099;
1100;27,4190476190476;19,2899804345984;1;9;7;2;1;2;19,2899804345984;27,4190476190476;4606,4;332697,918067395;404612,982295474;179679,311101872;4777198,41481627;769276,540016701;764872,388207924;0,43589762933148;5;0;1100;
1101;27,3309523809524;17,2860106752877;2;2;3;3;1;2;17,2860106752877;27,3309523809524;4591,6;332550,432980208;404347,472975934;179539,872;4766493,312;769233,330110855;764815,05902886;0,436606321734557;5;0;1101;
1102;26,8202380952381;12,3353129896935;1;9;1;1;1;2;12,3353129896935;26,8202380952381;4505,8;332063,865792407;403510,760155107;179080,743505291;4731146,98591607;768872,352620338;764778,45675885;0,442638380041009;5;0;1102;
1103;27,4690476190476;27,3893645052768;2;4;9;4;5;1;27,3893645052768;27,4690476190476;4614,8;332672,126997358;404573,027071069;179653,28372923;4775167,87641949;769299,37963123;764843,63315107;0,434975788396825;5;0;1103;
1104;27,0523809523809;13,4236435635083;2;9;1;1;1;2;13,4236435635083;27,0523809523809;4544,8;332345,452748884;403983,818975157;179350,864588955;4751974,82347668;769160,412030106;764742,373779096;0,440166874644889;5;0;1104;
1105;27,4;31,4513010367719;2;4;9;8;5;1;31,4513010367719;27,4;4603,2;332697,058013223;404609,855051874;179681,256478877;4777286,41764692;769287,706446725;764864,69503901;0,436216999020623;5;0;1105;
1106;27,3214285714286;16,4585439856738;2;9;2;3;1;2;16,4585439856738;27,3214285714286;4590;332591,342251334;404423,069336272;179578,280403059;4769456,80340152;769257,83134861;764823,030814302;0,43695284027961;5;0;1106;
1107;27,4988095238095;30,498869282535;5;4;8;4;5;2;30,498869282535;27,4988095238095;4619,8;332654,165194615;404538,08297392;179640,800658949;4774357,18816455;769263,544355047;764856,704412586;0,434450448146444;5;0;1107;
1108;27,0523809523809;13,4236435635083;2;9;1;1;1;2;13,4236435635083;27,0523809523809;4544,8;332345,452748884;403983,818975157;179350,864588955;4751974,82347668;769160,412030106;764742,373779096;0,440166874644889;5;0;1108;
1109;27,1547619047619;13,548879560242;1;7;2;1;1;2;13,548879560242;27,1547619047619;4562;332321,769712667;403947,780220425;179325,490088482;4750010,86061755;769084,762769225;764781,371779656;0,438381109493047;5;0;1109;
1110;27,4190476190476;19,2899804345984;1;9;7;2;1;2;19,2899804345984;27,4190476190476;4606,4;332697,918067395;404612,982295474;179679,311101872;4777198,41481627;769276,540016701;764872,388207924;0,43589762933148;5;0;1110;
1111;27,1547619047619;13,548879560242;1;9;2;1;1;2;13,548879560242;27,1547619047619;4562;332321,769712667;403947,780220425;179325,490088482;4750010,86061755;769084,762769225;764781,371779656;0,438381109493047;5;0;1111;
1112;27,0916666666667;15,4023188257302;1;9;3;1;2;2;15,4023188257302;27,0916666666667;4551,4;332437,967773553;404153,603466959;179437,492130232;4758660,78009418;769142,009359826;764810,230843225;0,439957188166688;5;0;1112;
1113;27,4440476190476;26,4692946435553;1;4;9;4;5;1;26,4692946435553;27,4440476190476;4610,6;332710,096262598;404628,299113668;179688,595755412;4777912,39784583;769294,037587982;764868,192447483;0,435546511535727;5;0;1113;
1114;26,8976190476191;12,4107013513997;1;9;2;1;1;1;12,4107013513997;26,8976190476191;4518,8;332177,523588855;403690,376345794;179186,536444391;4739488,42559583;769087,418139246;764695,6353807;0,441885706491048;5;0;1114;
1115;27,4988095238095;30,498869282535;5;4;8;4;5;2;30,498869282535;27,4988095238095;4619,8;332654,165194615;404538,08297392;179640,800658949;4774357,18816455;769263,544355047;764856,704412586;0,434450448146444;5;0;1115;
1116;27,4440476190476;26,4692946435553;1;4;9;4;5;1;26,4692946435553;27,4440476190476;4610,6;332710,096262598;404628,299113668;179688,595755412;4777912,39784583;769294,037587982;764868,192447483;0,435546511535727;5;0;1116;
1117;27,3226190476191;28,4184832830528;3;3;9;4;5;1;28,4184832830528;27,3226190476191;4590,2;332649,461890288;404526,596659352;179624,201535147;4772977,0958471;769233,349034169;764873,793891909;0,437166612509696;5;0;1117;
1118;27,347619047619;30,5094392991427;5;3;8;4;5;2;30,5094392991427;27,347619047619;4594,4;332599,371954073;404446,042085283;179579,512386986;4769532,27042852;769283,217150241;764811,95804438;0,436541376843375;5;0;1118;
1119;27,1214285714286;13,4397330686006;2;9;2;1;1;1;13,4397330686006;27,1214285714286;4556,4;332374,194078095;404040,849706796;179376,214773394;4753914,48864252;769237,424130631;764710,32115833;0,439169024465394;5;0;1119;
1120;27,3392857142857;19,4570623446035;7;10;2;1;1;2;19,4570623446035;27,3392857142857;4593;332589,141473219;404421,231044053;179577,191837631;4769385,09704908;769262,547950299;764820,063705451;0,436658940998671;5;0;1120;
1121;27,0047619047619;14,5489305303095;2;9;1;3;1;1;14,5489305303095;27,0047619047619;4536,8;332192,971808531;403719,623851699;179204,847791707;4740732,02125155;769174,392150186;764646,363127369;0,440238165695661;5;0;1121;
1122;27,1523809523809;14,3868444798073;2;10;1;2;1;2;14,3868444798073;27,1523809523809;4561,6;332411,191397162;404100,790816161;179409,121415337;4756542,99297624;769166,928503711;764777,75013321;0,438845911502999;5;0;1122;
1123;27,4428571428571;24,2713092641207;1;4;7;4;5;1;24,2713092641207;27,4428571428571;4610,4;332656,032040727;404540,495070019;179645,904;4774649,98873081;769288,731424778;764840,55350669;0,435347328909949;5;0;1123;
1124;27,3309523809524;20,3643678311442;2;10;3;3;1;5;20,3643678311442;27,3309523809524;4591,6;332651,185789597;404537,66514377;179628,984;4773363,22479549;769236,679835254;764873,971880239;0,437051925672035;5;0;1124;
1125;27,3107142857143;15,3437699051233;2;9;2;2;1;2;15,3437699051233;27,3107142857143;4588,2;332573,446398048;404397,084642222;179560,160249121;4767890,2771785;769258,536718652;764813,002762608;0,437030366200286;5;0;1125;
1126;27,2869047619048;18,4054544557704;3;9;5;2;1;1;18,4054544557704;27,2869047619048;4584,2;332639,355629688;404504,214742837;179630,112;4773621,42031528;769311,810387713;764814,033933195;0,437790982621093;5;0;1126;
1127;27,4690476190476;27,3893645052768;2;4;9;4;5;1;27,3893645052768;27,4690476190476;4614,8;332672,126997358;404573,027071069;179653,28372923;4775167,87641949;769299,37963123;764843,63315107;0,434975788396825;5;0;1127;
1128;27,0523809523809;13,4236435635083;2;10;1;1;1;2;13,4236435635083;27,0523809523809;4544,8;332345,452748884;403983,818975157;179350,864588955;4751974,82347668;769160,412030106;764742,373779096;0,440166874644889;5;0;1128;
1129;26,8202380952381;12,3353129896935;1;10;1;1;1;2;12,3353129896935;26,8202380952381;4505,8;332063,865792407;403510,760155107;179080,743505291;4731146,98591607;768872,352620338;764778,45675885;0,442638380041009;5;0;1129;
1130;27,2952380952381;14,3207471333984;2;9;1;1;1;3;14,3207471333984;27,2952380952381;4585,6;332536,257118826;404331,500945473;179528,656857701;4765701,83525635;769189,653381928;764838,484722927;0,437132175364539;5;0;1130;
1131;27,4190476190476;19,2899804345984;1;7;7;2;1;2;19,2899804345984;27,4190476190476;4606,4;332697,918067395;404612,982295474;179679,311101872;4777198,41481627;769276,540016701;764872,388207924;0,43589762933148;5;0;1131;
1132;26,8202380952381;12,3353129896935;1;9;1;1;1;2;12,3353129896935;26,8202380952381;4505,8;332063,865792407;403510,760155107;179080,743505291;4731146,98591607;768872,352620338;764778,45675885;0,442638380041009;5;0;1132;
1133;27,3309523809524;17,2860106752877;2;2;3;3;1;2;17,2860106752877;27,3309523809524;4591,6;332550,432980208;404347,472975934;179539,872;4766493,312;769233,330110855;764815,05902886;0,436606321734557;5;0;1133;
1134;27,0523809523809;13,4236435635083;2;9;1;1;1;2;13,4236435635083;27,0523809523809;4544,8;332345,452748884;403983,818975157;179350,864588955;4751974,82347668;769160,412030106;764742,373779096;0,440166874644889;5;0;1134;
1135;27,4690476190476;27,3893645052768;2;4;9;4;5;1;27,3893645052768;27,4690476190476;4614,8;332672,126997358;404573,027071069;179653,28372923;4775167,87641949;769299,37963123;764843,63315107;0,434975788396825;5;0;1135;
1136;27,4190476190476;19,2899804345984;1;9;7;2;1;2;19,2899804345984;27,4190476190476;4606,4;332697,918067395;404612,982295474;179679,311101872;4777198,41481627;769276,540016701;764872,388207924;0,43589762933148;5;0;1136;
1137;27,1547619047619;13,548879560242;1;10;2;1;1;2;13,548879560242;27,1547619047619;4562;332321,769712667;403947,780220425;179325,490088482;4750010,86061755;769084,762769225;764781,371779656;0,438381109493047;5;0;1137;
1138;27,0523809523809;13,4236435635083;2;9;1;1;1;2;13,4236435635083;27,0523809523809;4544,8;332345,452748884;403983,818975157;179350,864588955;4751974,82347668;769160,412030106;764742,373779096;0,440166874644889;5;0;1138;
1139;26,8202380952381;12,3353129896935;1;9;1;1;1;2;12,3353129896935;26,8202380952381;4505,8;332063,865792407;403510,760155107;179080,743505291;4731146,98591607;768872,352620338;764778,45675885;0,442638380041009;5;0;1139;
1140;27,4988095238095;30,498869282535;5;4;8;4;5;2;30,498869282535;27,4988095238095;4619,8;332654,165194615;404538,08297392;179640,800658949;4774357,18816455;769263,544355047;764856,704412586;0,434450448146444;5;0;1140;
1141;27,2869047619048;32,3242856403224;5;4;9;4;6;2;32,3242856403224;27,2869047619048;4584,2;332599,456924285;404439,253095516;179590,566783203;4770389,97601693;769251,741228276;764831,59993454;0,437565274157691;5;0;1141;
1142;26,6047619047619;11,4814614897985;1;10;1;1;1;1;11,4814614897985;26,6047619047619;4469,6;331807,638431049;403015,862354863;178844,535905342;4713079,52638512;768882,999727021;764611,549464336;0,445022059761228;5;0;1142;
1143;27,0523809523809;13,4236435635083;2;10;1;1;1;2;13,4236435635083;27,0523809523809;4544,8;332345,452748884;403983,818975157;179350,864588955;4751974,82347668;769160,412030106;764742,373779096;0,440166874644889;5;0;1143;
1144;27,0523809523809;13,4236435635083;2;9;1;1;1;2;13,4236435635083;27,0523809523809;4544,8;332345,452748884;403983,818975157;179350,864588955;4751974,82347668;769160,412030106;764742,373779096;0,440166874644889;5;0;1144;
1145;27,0523809523809;13,4236435635083;2;9;1;1;1;2;13,4236435635083;27,0523809523809;4544,8;332345,452748884;403983,818975157;179350,864588955;4751974,82347668;769160,412030106;764742,373779096;0,440166874644889;5;0;1145;
1146;27,1047619047619;20,2811198346915;2;9;2;3;5;2;20,2811198346915;27,1047619047619;4553,6;332416,717165875;404108,754618721;179417,147576543;4757133,61499953;769210,21648437;764753,052686334;0,439659922540984;5;0;1146;
1147;27,3321428571429;17,3603875218681;2;9;3;3;1;2;17,3603875218681;27,3321428571429;4591,8;332595,874222948;404441,178132963;179584,334571872;4769874,49862281;769248,330634086;764834,940826591;0,43681460667475;5;0;1147;
1148;27,3666666666667;22,4478337678918;1;9;7;2;1;5;22,4478337678918;27,3666666666667;4597,6;332607,652440096;404456,893801279;179600,098886124;4770718,17302788;769213,987017931;764862,401951925;0,436319262777705;5;0;1148;
1149;27,3;28,3900144317264;2;4;9;5;5;1;28,3900144317264;27,3;4586,4;332614,490712178;404462,355762756;179598,667544611;4771035,04813013;769235,357325633;764851,415214668;0,437392737218945;5;0;1149;
1150;27,1214285714286;13,4397330686006;2;10;2;1;1;1;13,4397330686006;27,1214285714286;4556,4;332374,194078095;404040,849706796;179376,214773394;4753914,48864252;769237,424130631;764710,32115833;0,439169024465394;5;0;1150;
1151;27,1678571428571;16,4638297673006;2;9;4;2;1;1;16,4638297673006;27,1678571428571;4564,2;332508,786882148;404276,038425449;179501,83897754;4763615,03761606;769271,960162594;764765,140755547;0,439054672535987;5;0;1151;
1152;27,2583333333333;22,4940593935091;8;9;3;1;1;3;22,4940593935091;27,2583333333333;4579,4;332584,46642676;404407,39380442;179564,688;4768660,512;769264,416875485;764813,817016261;0,437921523385933;5;0;1152;
1153;26,6047619047619;11,4814614897985;1;9;1;1;1;1;11,4814614897985;26,6047619047619;4469,6;331807,638431049;403015,862354863;178844,535905342;4713079,52638512;768882,999727021;764611,549464336;0,445022059761228;5;0;1153;
1154;27,3440476190476;20,3448419292222;1;9;7;2;2;2;20,3448419292222;27,3440476190476;4593,8;332626,018811371;404487,713287376;179612,999975673;4772115,38290814;769242,656012865;764853,924838465;0,436768000617949;5;0;1154;
1155;26,8464285714286;15,4710686548796;1;10;1;4;1;2;15,4710686548796;26,8464285714286;4510,2;332012,188655293;403388,038111575;179034,717700442;4727678,30185106;768845,496653864;764760,139637627;0,441944940706853;5;0;1155;
1156;27,2357142857143;36,4721743350552;8;4;8;7;5;2;36,4721743350552;27,2357142857143;4575,6;332580,395165485;404403,598369004;179567,736145483;4768624,80034759;769255,813011213;764817,717729556;0,438272920852421;5;0;1156;
1157;27,3214285714286;16,4585439856738;2;10;2;3;1;2;16,4585439856738;27,3214285714286;4590;332591,342251334;404423,069336272;179578,280403059;4769456,80340152;769257,83134861;764823,030814302;0,43695284027961;5;0;1157;
1158;27,4190476190476;19,2899804345984;1;9;7;2;1;2;19,2899804345984;27,4190476190476;4606,4;332697,918067395;404612,982295474;179679,311101872;4777198,41481627;769276,540016701;764872,388207924;0,43589762933148;5;0;1158;
1159;26,8976190476191;12,4107013513997;1;10;2;1;1;1;12,4107013513997;26,8976190476191;4518,8;332177,523588855;403690,376345794;179186,536444391;4739488,42559583;769087,418139246;764695,6353807;0,441885706491048;5;0;1159;
1160;27,4202380952381;26,4504063568125;1;7;7;6;5;1;26,4504063568125;27,4202380952381;4606,6;332671,856198423;404567,039504718;179654,141450083;4775310,15477676;769277,192157175;764856,587893685;0,435752929913528;5;0;1160;
1161;27,2714285714286;28,4443863995192;2;4;10;4;5;1;28,4443863995192;27,2714285714286;4581,6;332598,171275668;404432,704750318;179585,793246924;4770025,99601017;769277,414346474;764814,735025424;0,437789363806094;5;0;1161;
1162;27,2547619047619;17,3704029222818;2;10;2;1;1;5;17,3704029222818;27,2547619047619;4578,8;332500,090699479;404258,92514831;179493,624;4762939,104;769160,000523649;764834,456910094;0,437603752920292;5;0;1162;
1163;27,1547619047619;13,548879560242;1;10;2;1;1;2;13,548879560242;27,1547619047619;4562;332321,769712667;403947,780220425;179325,490088482;4750010,86061755;769084,762769225;764781,371779656;0,438381109493047;5;0;1163;
1164;27,2952380952381;14,3207471333984;2;9;1;1;1;3;14,3207471333984;27,2952380952381;4585,6;332536,257118826;404331,500945473;179528,656857701;4765701,83525635;769189,653381928;764838,484722927;0,437132175364539;5;0;1164;
1165;26,8976190476191;12,4107013513997;1;9;2;1;1;1;12,4107013513997;26,8976190476191;4518,8;332177,523588855;403690,376345794;179186,536444391;4739488,42559583;769087,418139246;764695,6353807;0,441885706491048;5;0;1165;
1166;27,3309523809524;17,2860106752877;2;2;3;3;1;2;17,2860106752877;27,3309523809524;4591,6;332550,432980208;404347,472975934;179539,872;4766493,312;769233,330110855;764815,05902886;0,436606321734557;5;0;1166;
1167;27,1214285714286;13,4397330686006;2;9;2;1;1;1;13,4397330686006;27,1214285714286;4556,4;332374,194078095;404040,849706796;179376,214773394;4753914,48864252;769237,424130631;764710,32115833;0,439169024465394;5;0;1167;
1168;26,8785714285714;14,4869901707792;1;10;1;3;1;2;14,4869901707792;26,8785714285714;4515,6;332176,145512809;403683,019692405;179189,004295917;4739517,02715234;768957,207382956;764781,530042953;0,442214657067059;5;0;1168;
1169;27,1654761904762;19,4027344165585;2;9;3;1;5;2;19,4027344165585;27,1654761904762;4563,8;332575,521764389;404396,211478152;179567,000719473;4768589,94424443;769240,857093443;764825,650359115;0,439410451020984;5;0;1169;
1170;27,4654761904762;34,3880288738978;5;4;8;4;9;2;34,3880288738978;27,4654761904762;4614,2;332708,323125106;404630,323853073;179691,85910932;4778178,24389331;769278,5584508;764877,602600948;0,4352169304438;5;0;1170;
1171;26,8202380952381;12,3353129896935;1;9;1;1;1;2;12,3353129896935;26,8202380952381;4505,8;332063,865792407;403510,760155107;179080,743505291;4731146,98591607;768872,352620338;764778,45675885;0,442638380041009;5;0;1171;
1172;27,2952380952381;14,3207471333984;2;9;1;1;1;3;14,3207471333984;27,2952380952381;4585,6;332536,257118826;404331,500945473;179528,656857701;4765701,83525635;769189,653381928;764838,484722927;0,437132175364539;5;0;1172;
1173;27,4988095238095;30,498869282535;5;4;8;4;5;2;30,498869282535;27,4988095238095;4619,8;332654,165194615;404538,08297392;179640,800658949;4774357,18816455;769263,544355047;764856,704412586;0,434450448146444;5;0;1173;
1174;27,3309523809524;17,2860106752877;2;2;3;3;1;2;17,2860106752877;27,3309523809524;4591,6;332550,432980208;404347,472975934;179539,872;4766493,312;769233,330110855;764815,05902886;0,436606321734557;5;0;1174;
1175;27,4690476190476;27,3893645052768;2;4;9;4;5;1;27,3893645052768;27,4690476190476;4614,8;332672,126997358;404573,027071069;179653,28372923;4775167,87641949;769299,37963123;764843,63315107;0,434975788396825;5;0;1175;
1176;27,3952380952381;17,4559867371198;2;9;5;2;1;1;17,4559867371198;27,3952380952381;4602,4;332609,909435761;404449,448923945;179604,278267034;4771374,91066017;769306,46542344;764801,195954565;0,435914230323552;5;0;1176;
1177;27,3309523809524;17,2860106752877;2;2;3;3;1;2;17,2860106752877;27,3309523809524;4591,6;332550,432980208;404347,472975934;179539,872;4766493,312;769233,330110855;764815,05902886;0,436606321734557;5;0;1177;
1178;27,4690476190476;27,3893645052768;2;4;9;4;5;1;27,3893645052768;27,4690476190476;4614,8;332672,126997358;404573,027071069;179653,28372923;4775167,87641949;769299,37963123;764843,63315107;0,434975788396825;5;0;1178;
1179;26,8785714285714;14,4869901707792;1;9;1;3;1;2;14,4869901707792;26,8785714285714;4515,6;332176,145512809;403683,019692405;179189,004295917;4739517,02715234;768957,207382956;764781,530042953;0,442214657067059;5;0;1179;
1180;27,3321428571429;17,3603875218681;2;7;3;3;1;2;17,3603875218681;27,3321428571429;4591,8;332595,874222948;404441,178132963;179584,334571872;4769874,49862281;769248,330634086;764834,940826591;0,43681460667475;5;0;1180;
1181;27,3952380952381;17,4559867371198;2;9;5;2;1;1;17,4559867371198;27,3952380952381;4602,4;332609,909435761;404449,448923945;179604,278267034;4771374,91066017;769306,46542344;764801,195954565;0,435914230323552;5;0;1181;
1182;27,3833333333333;28,3791791696366;1;4;9;7;4;1;28,3791791696366;27,3833333333333;4600,4;332685,44975237;404587,813492521;179667,915729352;4776360,29188839;769279,12841846;764863,280905259;0,436403487746249;5;0;1182;
1183;27,2952380952381;14,3207471333984;2;9;1;1;1;3;14,3207471333984;27,2952380952381;4585,6;332536,257118826;404331,500945473;179528,656857701;4765701,83525635;769189,653381928;764838,484722927;0,437132175364539;5;0;1183;
1184;26,8202380952381;12,3353129896935;1;10;1;1;1;2;12,3353129896935;26,8202380952381;4505,8;332063,865792407;403510,760155107;179080,743505291;4731146,98591607;768872,352620338;764778,45675885;0,442638380041009;5;0;1184;
1185;27,3190476190476;15,4834728035158;2;9;3;1;1;2;15,4834728035158;27,3190476190476;4589,6;332569,292174648;404383,444000506;179557,92;4767880,32;769266,476419975;764803,370123659;0,436893770761286;5;0;1185;
1186;27,4440476190476;26,4692946435553;1;4;9;4;5;1;26,4692946435553;27,4440476190476;4610,6;332710,096262598;404628,299113668;179688,595755412;4777912,39784583;769294,037587982;764868,192447483;0,435546511535727;5;0;1186;
1187;27,1547619047619;13,548879560242;1;10;2;1;1;2;13,548879560242;27,1547619047619;4562;332321,769712667;403947,780220425;179325,490088482;4750010,86061755;769084,762769225;764781,371779656;0,438381109493047;5;0;1187;
1188;27,3107142857143;15,3437699051233;2;9;2;2;1;2;15,3437699051233;27,3107142857143;4588,2;332573,446398048;404397,084642222;179560,160249121;4767890,2771785;769258,536718652;764813,002762608;0,437030366200286;5;0;1188;
1189;26,8202380952381;12,3353129896935;1;10;1;1;1;2;12,3353129896935;26,8202380952381;4505,8;332063,865792407;403510,760155107;179080,743505291;4731146,98591607;768872,352620338;764778,45675885;0,442638380041009;5;0;1189;
1190;26,8202380952381;12,3353129896935;1;9;1;1;1;2;12,3353129896935;26,8202380952381;4505,8;332063,865792407;403510,760155107;179080,743505291;4731146,98591607;768872,352620338;764778,45675885;0,442638380041009;5;0;1190;
1191;27,1214285714286;13,4397330686006;2;9;2;1;1;1;13,4397330686006;27,1214285714286;4556,4;332374,194078095;404040,849706796;179376,214773394;4753914,48864252;769237,424130631;764710,32115833;0,439169024465394;5;0;1191;
1192;27,3309523809524;17,2860106752877;2;2;3;3;1;2;17,2860106752877;27,3309523809524;4591,6;332550,432980208;404347,472975934;179539,872;4766493,312;769233,330110855;764815,05902886;0,436606321734557;5;0;1192;
1193;26,8976190476191;12,4107013513997;1;9;2;1;1;1;12,4107013513997;26,8976190476191;4518,8;332177,523588855;403690,376345794;179186,536444391;4739488,42559583;769087,418139246;764695,6353807;0,441885706491048;5;0;1193;
1194;27,4190476190476;19,2899804345984;1;10;7;2;1;2;19,2899804345984;27,4190476190476;4606,4;332697,918067395;404612,982295474;179679,311101872;4777198,41481627;769276,540016701;764872,388207924;0,43589762933148;5;0;1194;
1195;26,8202380952381;12,3353129896935;1;9;1;1;1;2;12,3353129896935;26,8202380952381;4505,8;332063,865792407;403510,760155107;179080,743505291;4731146,98591607;768872,352620338;764778,45675885;0,442638380041009;5;0;1195;
1196;27,3047619047619;23,4077655799333;2;4;5;4;5;1;23,4077655799333;27,3047619047619;4587,2;332655,708255401;404556,45837523;179635,752;4773775,104;769291,819531336;764840,26238999;0,437503981960166;5;0;1196;
1197;27,1214285714286;13,4397330686006;2;10;2;1;1;1;13,4397330686006;27,1214285714286;4556,4;332374,194078095;404040,849706796;179376,214773394;4753914,48864252;769237,424130631;764710,32115833;0,439169024465394;5;0;1197;
1198;27,325;23,2872840581931;1;4;7;6;2;1;23,2872840581931;27,325;4590,6;332568;404385,383986347;179562,432;4768225,55086085;769251,301504904;764815,610883967;0,436820721943462;5;0;1198;
1199;27,3690476190476;26,4687178313031;1;6;9;4;5;1;26,4687178313031;27,3690476190476;4598;332704,209658751;404619,771113668;179684,083755412;4777565,64584583;769307,522679936;764856,492535379;0,436719651270771;5;0;1199;
1200;27,2952380952381;14,3207471333984;2;9;1;1;1;3;14,3207471333984;27,2952380952381;4585,6;332536,257118826;404331,500945473;179528,656857701;4765701,83525635;769189,653381928;764838,484722927;0,437132175364539;5;0;1200;
1201;27,4988095238095;30,498869282535;5;4;8;4;5;2;30,498869282535;27,4988095238095;4619,8;332654,165194615;404538,08297392;179640,800658949;4774357,18816455;769263,544355047;764856,704412586;0,434450448146444;5;0;1201;
1202;27,3952380952381;17,4559867371198;2;9;5;2;1;1;17,4559867371198;27,3952380952381;4602,4;332609,909435761;404449,448923945;179604,278267034;4771374,91066017;769306,46542344;764801,195954565;0,435914230323552;5;0;1202;
1203;27,2714285714286;28,4443863995192;2;4;10;4;5;1;28,4443863995192;27,2714285714286;4581,6;332598,171275668;404432,704750318;179585,793246924;4770025,99601017;769277,414346474;764814,735025424;0,437789363806094;5;0;1203;
1204;27,3285714285714;33,4166920402047;5;4;9;4;5;4;33,4166920402047;27,3285714285714;4591,2;332604,682734392;404445,92098507;179591,829053303;4770442,21236551;769244,099319043;764840,141475721;0,436912253338716;5;0;1204;
1205;27,3190476190476;15,4834728035158;2;9;3;1;1;2;15,4834728035158;27,3190476190476;4589,6;332569,292174648;404383,444000506;179557,92;4767880,32;769266,476419975;764803,370123659;0,436893770761286;5;0;1205;
1206;27,2952380952381;14,3207471333984;2;9;1;1;1;3;14,3207471333984;27,2952380952381;4585,6;332536,257118826;404331,500945473;179528,656857701;4765701,83525635;769189,653381928;764838,484722927;0,437132175364539;5;0;1206;
1207;27,327380952381;29,4509015138514;1;4;9;4;8;1;29,4509015138514;27,327380952381;4591;332694,219576508;404608,4198951;179677,759738332;4777002,72457955;769311,424501458;764846,991895446;0,437346006385209;5;0;1207;
1208;27,1607142857143;15,4044907940511;2;9;2;1;1;3;15,4044907940511;27,1607142857143;4563;332527,988266654;404309,05495139;179518,682662007;4764861,23839839;769224,145263804;764808,236782097;0,439245982405141;5;0;1208;
1209;27,3452380952381;25,4150603693095;1;9;9;3;5;1;25,4150603693095;27,3452380952381;4594;332601,235837638;404446,964283396;179586,12;4769960,832;769227,388690381;764851,432349287;0,436609554051126;5;0;1209;
1210;27,0845238095238;15,3837678867305;1;10;2;1;3;2;15,3837678867305;27,0845238095238;4550,2;332356,659556939;404003,552273306;179359,61446963;4752611,23430415;769072,851126267;764809,33441611;0,439681546130816;5;0;1210;
1211;27,4190476190476;19,2899804345984;1;9;7;2;1;2;19,2899804345984;27,4190476190476;4606,4;332697,918067395;404612,982295474;179679,311101872;4777198,41481627;769276,540016701;764872,388207924;0,43589762933148;5;0;1211;
1212;27,3190476190476;15,4834728035158;2;9;3;1;1;2;15,4834728035158;27,3190476190476;4589,6;332569,292174648;404383,444000506;179557,92;4767880,32;769266,476419975;764803,370123659;0,436893770761286;5;0;1212;
1213;27,0523809523809;13,4236435635083;2;9;1;1;1;2;13,4236435635083;27,0523809523809;4544,8;332345,452748884;403983,818975157;179350,864588955;4751974,82347668;769160,412030106;764742,373779096;0,440166874644889;5;0;1213;
1214;27,1547619047619;13,548879560242;1;10;2;1;1;2;13,548879560242;27,1547619047619;4562;332321,769712667;403947,780220425;179325,490088482;4750010,86061755;769084,762769225;764781,371779656;0,438381109493047;5;0;1214;
1215;27,1214285714286;13,4397330686006;2;10;2;1;1;1;13,4397330686006;27,1214285714286;4556,4;332374,194078095;404040,849706796;179376,214773394;4753914,48864252;769237,424130631;764710,32115833;0,439169024465394;5;0;1215;
1216;27,4190476190476;19,2899804345984;1;10;7;1;2;2;19,2899804345984;27,4190476190476;4606,4;332697,918067395;404612,982295474;179679,311101872;4777198,41481627;769276,540016701;764872,388207924;0,43589762933148;5;0;1216;
1217;27,4369047619048;24,4317488392871;6;8;7;2;1;2;24,4317488392871;27,4369047619048;4609,4;332730,433930462;404672,176709749;179717,178677185;4780091,19302965;769315,486799894;764866,141719677;0,435793653760317;5;0;1217;
1218;27,4440476190476;26,4692946435553;1;4;9;4;5;1;26,4692946435553;27,4440476190476;4610,6;332710,096262598;404628,299113668;179688,595755412;4777912,39784583;769294,037587982;764868,192447483;0,435546511535727;5;0;1218;
1219;27,127380952381;17,4705394827592;2;10;2;5;1;1;17,4705394827592;27,127380952381;4557,4;332333,350021334;403967,149369611;179338,893617776;4751137,36639894;769183,828777535;764722,455901289;0,43889511932068;5;0;1219;
1220;27,3678571428571;30,4726180746067;5;7;8;4;5;2;30,4726180746067;27,3678571428571;4597,8;332649,446849841;404522,950179597;179637,125649987;4773964,66153959;769218,100783857;764884,142389213;0,436510805035172;5;0;1220;
1221;27,2642857142857;25,3169684739174;2;4;9;5;2;1;25,3169684739174;27,2642857142857;4580,4;332583,652665736;404407,192856414;179564,791137065;4768374,6216398;769287,471802444;764798,281843755;0,437802915835109;5;0;1221;
1222;27,3119047619048;18,3873822007127;2;7;3;3;1;3;18,3873822007127;27,3119047619048;4588,4;332578,454255273;404408,141491222;179567,404179462;4768589,2399224;769247,664982504;764823,597939344;0,43706793089804;5;0;1222;
1223;27,347619047619;30,5094392991427;5;3;8;4;5;2;30,5094392991427;27,347619047619;4594,4;332599,371954073;404446,042085283;179579,512386986;4769532,27042852;769283,217150241;764811,95804438;0,436541376843375;5;0;1223;
1224;27,252380952381;20,3841236955768;2;10;7;2;1;2;20,3841236955768;27,252380952381;4578,4;332522,478858566;404300,713619438;179518,453060358;4764886,67355243;769218,028085246;764809,481868325;0,437776643681116;5;0;1224;
1225;27,1547619047619;13,548879560242;1;10;2;1;1;2;13,548879560242;27,1547619047619;4562;332321,769712667;403947,780220425;179325,490088482;4750010,86061755;769084,762769225;764781,371779656;0,438381109493047;5;0;1225;
1226;27,3880952380953;22,4233009907801;1;9;7;5;1;2;22,4233009907801;27,3880952380953;4601,2;332657,122750797;404547,144782715;179632,368;4773601,728;769286,064506205;764843,095403422;0,43615687984159;5;0;1226;
1227;27,4428571428571;24,2713092641207;1;4;7;4;5;1;24,2713092641207;27,4428571428571;4610,4;332656,032040727;404540,495070019;179645,904;4774649,98873081;769288,731424778;764840,55350669;0,435347328909949;5;0;1227;
1228;27,1726190476191;17,4279399474044;6;9;2;1;1;1;17,4279399474044;27,1726190476191;4565;332467,747007344;404216,356829967;179460,158299438;4760365,26879881;769317,13336407;764714,071134942;0,438762575620524;5;0;1228;
1229;26,8202380952381;12,3353129896935;1;9;1;1;1;2;12,3353129896935;26,8202380952381;4505,8;332063,865792407;403510,760155107;179080,743505291;4731146,98591607;768872,352620338;764778,45675885;0,442638380041009;5;0;1229;
1230;27,2952380952381;14,3207471333984;2;9;1;1;1;3;14,3207471333984;27,2952380952381;4585,6;332536,257118826;404331,500945473;179528,656857701;4765701,83525635;769189,653381928;764838,484722927;0,437132175364539;5;0;1230;
1231;27,2833333333333;15,4877816973487;4;9;2;1;1;1;15,4877816973487;27,2833333333333;4583,6;332518,860750939;404291,858134673;179511,790970589;4764420,63687116;769323,936586351;764737,907006262;0,437246239324452;5;0;1231;
1232;27,3178571428571;26,3899987208302;2;10;6;1;9;2;26,3899987208302;27,3178571428571;4589,4;332670,286362081;404563,381833359;179659,15648804;4775477,69270841;769294,110618359;764844,773484351;0,437396209911212;5;0;1232;
1233;27,4428571428571;24,2713092641207;1;4;7;4;5;1;24,2713092641207;27,4428571428571;4610,4;332656,032040727;404540,495070019;179645,904;4774649,98873081;769288,731424778;764840,55350669;0,435347328909949;5;0;1233;
1234;27,4690476190476;27,3893645052768;2;4;9;4;5;1;27,3893645052768;27,4690476190476;4614,8;332672,126997358;404573,027071069;179653,28372923;4775167,87641949;769299,37963123;764843,63315107;0,434975788396825;5;0;1234;
1235;26,8202380952381;12,3353129896935;1;9;1;1;1;2;12,3353129896935;26,8202380952381;4505,8;332063,865792407;403510,760155107;179080,743505291;4731146,98591607;768872,352620338;764778,45675885;0,442638380041009;5;0;1235;
1236;26,8202380952381;12,3353129896935;1;9;1;1;1;2;12,3353129896935;26,8202380952381;4505,8;332063,865792407;403510,760155107;179080,743505291;4731146,98591607;768872,352620338;764778,45675885;0,442638380041009;5;0;1236;
1237;27,3619047619048;25,4000734151374;1;4;8;4;5;1;25,4000734151374;27,3619047619048;4596,8;332679,415266882;404576,413670431;179661,696;4775855,616;769285,234577727;764856,055583985;0,436713890476352;5;0;1237;
1238;27,4440476190476;26,4692946435553;1;4;9;4;5;1;26,4692946435553;27,4440476190476;4610,6;332710,096262598;404628,299113668;179688,595755412;4777912,39784583;769294,037587982;764868,192447483;0,435546511535727;5;0;1238;
1239;27,3214285714286;16,4585439856738;2;9;2;3;1;2;16,4585439856738;27,3214285714286;4590;332591,342251334;404423,069336272;179578,280403059;4769456,80340152;769257,83134861;764823,030814302;0,43695284027961;5;0;1239;
1240;27,2357142857143;20,4274951833079;2;9;5;2;4;1;20,4274951833079;27,2357142857143;4575,6;332560,129626025;404370,401478969;179543,271376268;4766802,47857791;769259,178656799;764804,322188851;0,438168804236352;5;0;1240;
1241;27,0238095238095;20,4210459033163;1;10;2;1;8;2;20,4210459033163;27,0238095238095;4540;332269,469339595;403861,991499165;179273,664;4746034,944;769019,068493159;764796,378967142;0,440253303983186;5;0;1241;
1242;27,2333333333333;18,403354863478;5;9;3;1;1;2;18,403354863478;27,2333333333333;4575,2;332584,458162198;404410,616483088;179574,602392763;4768979,2282552;769250,836913355;764824,134991306;0,438339557677302;5;0;1242;
1243;26,8976190476191;12,4107013513997;1;9;2;1;1;1;12,4107013513997;26,8976190476191;4518,8;332177,523588855;403690,376345794;179186,536444391;4739488,42559583;769087,418139246;764695,6353807;0,441885706491048;5;0;1243;
1244;27,2511904761905;16,4018983085265;3;9;1;3;1;2;16,4018983085265;27,2511904761905;4578,2;332551,095911694;404346,166120388;179539,408259561;4766580;769303,899612727;764767,645122397;0,437903414890684;5;0;1244;
1245;27,2952380952381;14,3207471333984;2;9;1;1;1;3;14,3207471333984;27,2952380952381;4585,6;332536,257118826;404331,500945473;179528,656857701;4765701,83525635;769189,653381928;764838,484722927;0,437132175364539;5;0;1245;
1246;26,8976190476191;12,4107013513997;1;9;2;1;1;1;12,4107013513997;26,8976190476191;4518,8;332177,523588855;403690,376345794;179186,536444391;4739488,42559583;769087,418139246;764695,6353807;0,441885706491048;5;0;1246;
1247;26,8202380952381;12,3353129896935;1;9;1;1;1;2;12,3353129896935;26,8202380952381;4505,8;332063,865792407;403510,760155107;179080,743505291;4731146,98591607;768872,352620338;764778,45675885;0,442638380041009;5;0;1247;
1248;27,0523809523809;13,4236435635083;2;9;1;1;1;2;13,4236435635083;27,0523809523809;4544,8;332345,452748884;403983,818975157;179350,864588955;4751974,82347668;769160,412030106;764742,373779096;0,440166874644889;5;0;1248;
1249;27,0785714285714;15,2275293513288;2;9;1;1;1;4;15,2275293513288;27,0785714285714;4549,2;332452,555767519;404159,681400052;179449,632;4759558,272;769138,341748644;764815,754352576;0,440230475916116;5;0;1249;
1250;27,2952380952381;14,3207471333984;2;9;1;1;1;3;14,3207471333984;27,2952380952381;4585,6;332536,257118826;404331,500945473;179528,656857701;4765701,83525635;769189,653381928;764838,484722927;0,437132175364539;5;0;1250;
1251;27,1214285714286;13,4397330686006;2;7;2;1;1;1;13,4397330686006;27,1214285714286;4556,4;332374,194078095;404040,849706796;179376,214773394;4753914,48864252;769237,424130631;764710,32115833;0,439169024465394;5;0;1251;
1252;27,2345238095238;22,2789051522218;1;4;5;4;5;1;22,2789051522218;27,2345238095238;4575,4;332545,629025206;404342,31167445;179549,085880806;4767265,73937465;769265,451761897;764791,496467221;0,438217179511939;5;0;1252;
1253;27,1547619047619;13,548879560242;1;9;2;1;1;2;13,548879560242;27,1547619047619;4562;332321,769712667;403947,780220425;179325,490088482;4750010,86061755;769084,762769225;764781,371779656;0,438381109493047;5;0;1253;
1254;26,8202380952381;12,3353129896935;1;9;1;1;1;2;12,3353129896935;26,8202380952381;4505,8;332063,865792407;403510,760155107;179080,743505291;4731146,98591607;768872,352620338;764778,45675885;0,442638380041009;5;0;1254;
1255;27,3345238095238;30,4324444710812;5;4;10;2;5;2;30,4324444710812;27,3345238095238;4592,2;332559,581655117;404375,136724324;179537,809804901;4766345,08638245;769228,047443046;764826,360143751;0,436546668673825;5;0;1255;
1256;27,1547619047619;13,548879560242;1;10;2;1;1;2;13,548879560242;27,1547619047619;4562;332321,769712667;403947,780220425;179325,490088482;4750010,86061755;769084,762769225;764781,371779656;0,438381109493047;5;0;1256;
1257;27,3428571428572;32,2492355508959;5;4;8;6;5;2;32,2492355508959;27,3428571428572;4593,6;332662,558110524;404546,200990725;179647,58893619;4774765,90165259;769314,074868364;764826,013748352;0,436951991984133;5;0;1257;
1258;27,275;21,4662650893915;2;9;5;2;1;5;21,4662650893915;27,275;4582,2;332572,535395984;404395,171751534;179567,134306716;4768668,24506448;769243,186902712;764820,935641716;0,437643878377909;5;0;1258;
1259;27,4988095238095;30,498869282535;5;4;8;4;5;2;30,498869282535;27,4988095238095;4619,8;332654,165194615;404538,08297392;179640,800658949;4774357,18816455;769263,544355047;764856,704412586;0,434450448146444;5;0;1259;
1260;27,2904761904762;18,5477075103881;2;7;3;4;1;2;18,5477075103881;27,2904761904762;4584,8;332548,411200746;404350,025104883;179541,528308813;4766540,49693797;769223,53971503;764820,537374706;0,437278118405994;5;0;1260;
1261;27,0523809523809;13,4236435635083;2;9;1;1;1;2;13,4236435635083;27,0523809523809;4544,8;332345,452748884;403983,818975157;179350,864588955;4751974,82347668;769160,412030106;764742,373779096;0,440166874644889;5;0;1261;
1262;27,2952380952381;14,3207471333984;2;8;1;1;1;3;14,3207471333984;27,2952380952381;4585,6;332536,257118826;404331,500945473;179528,656857701;4765701,83525635;769189,653381928;764838,484722927;0,437132175364539;5;0;1262;
1263;27,2642857142857;25,3169684739174;2;4;9;2;5;1;25,3169684739174;27,2642857142857;4580,4;332583,652665736;404407,192856414;179564,791137065;4768374,6216398;769287,471802444;764798,281843755;0,437802915835109;5;0;1263;
1264;26,8976190476191;12,4107013513997;1;9;2;1;1;1;12,4107013513997;26,8976190476191;4518,8;332177,523588855;403690,376345794;179186,536444391;4739488,42559583;769087,418139246;764695,6353807;0,441885706491048;5;0;1264;
1265;26,6047619047619;11,4814614897985;1;10;1;1;1;1;11,4814614897985;26,6047619047619;4469,6;331807,638431049;403015,862354863;178844,535905342;4713079,52638512;768882,999727021;764611,549464336;0,445022059761228;5;0;1265;
1266;27,4988095238095;30,498869282535;5;4;8;4;5;2;30,498869282535;27,4988095238095;4619,8;332654,165194615;404538,08297392;179640,800658949;4774357,18816455;769263,544355047;764856,704412586;0,434450448146444;5;0;1266;
1267;27,2952380952381;14,3207471333984;2;8;1;1;1;3;14,3207471333984;27,2952380952381;4585,6;332536,257118826;404331,500945473;179528,656857701;4765701,83525635;769189,653381928;764838,484722927;0,437132175364539;5;0;1267;
1268;27,0523809523809;13,4236435635083;2;9;1;1;1;2;13,4236435635083;27,0523809523809;4544,8;332345,452748884;403983,818975157;179350,864588955;4751974,82347668;769160,412030106;764742,373779096;0,440166874644889;5;0;1268;
1269;27,4190476190476;19,2899804345984;1;10;7;1;2;2;19,2899804345984;27,4190476190476;4606,4;332697,918067395;404612,982295474;179679,311101872;4777198,41481627;769276,540016701;764872,388207924;0,43589762933148;5;0;1269;
1270;27,3190476190476;15,4834728035158;2;9;3;1;1;2;15,4834728035158;27,3190476190476;4589,6;332569,292174648;404383,444000506;179557,92;4767880,32;769266,476419975;764803,370123659;0,436893770761286;5;0;1270;
1271;26,8202380952381;12,3353129896935;1;9;1;1;1;2;12,3353129896935;26,8202380952381;4505,8;332063,865792407;403510,760155107;179080,743505291;4731146,98591607;768872,352620338;764778,45675885;0,442638380041009;5;0;1271;
1272;27,3190476190476;30,5401014203875;5;4;9;4;5;1;30,5401014203875;27,3190476190476;4589,6;332629,937246431;404489,999211484;179608,68;4771781,28;769255,318421839;764844,849272253;0,437149446298467;5;0;1272;
1273;26,8202380952381;12,3353129896935;1;9;1;1;1;2;12,3353129896935;26,8202380952381;4505,8;332063,865792407;403510,760155107;179080,743505291;4731146,98591607;768872,352620338;764778,45675885;0,442638380041009;5;0;1273;
1274;26,8976190476191;12,4107013513997;1;9;2;1;1;1;12,4107013513997;26,8976190476191;4518,8;332177,523588855;403690,376345794;179186,536444391;4739488,42559583;769087,418139246;764695,6353807;0,441885706491048;5;0;1274;
1275;26,8202380952381;12,3353129896935;1;9;1;1;1;2;12,3353129896935;26,8202380952381;4505,8;332063,865792407;403510,760155107;179080,743505291;4731146,98591607;768872,352620338;764778,45675885;0,442638380041009;5;0;1275;
1276;27,1916666666667;19,3732404083759;2;9;2;3;4;2;19,3732404083759;27,1916666666667;4568,2;332557,771645907;404365,218703897;179550,532142151;4767370,60568368;769207,995349949;764837,465829297;0,438898267045696;5;0;1276;
1277;27,2952380952381;14,3207471333984;2;9;1;1;1;3;14,3207471333984;27,2952380952381;4585,6;332536,257118826;404331,500945473;179528,656857701;4765701,83525635;769189,653381928;764838,484722927;0,437132175364539;5;0;1277;
1278;26,8976190476191;12,4107013513997;1;9;2;1;1;1;12,4107013513997;26,8976190476191;4518,8;332177,523588855;403690,376345794;179186,536444391;4739488,42559583;769087,418139246;764695,6353807;0,441885706491048;5;0;1278;
1279;26,8202380952381;12,3353129896935;1;9;1;1;1;2;12,3353129896935;26,8202380952381;4505,8;332063,865792407;403510,760155107;179080,743505291;4731146,98591607;768872,352620338;764778,45675885;0,442638380041009;5;0;1279;
1280;26,8976190476191;12,4107013513997;1;9;2;1;1;1;12,4107013513997;26,8976190476191;4518,8;332177,523588855;403690,376345794;179186,536444391;4739488,42559583;769087,418139246;764695,6353807;0,441885706491048;5;0;1280;
1281;27,2952380952381;14,3207471333984;2;9;1;1;1;3;14,3207471333984;27,2952380952381;4585,6;332536,257118826;404331,500945473;179528,656857701;4765701,83525635;769189,653381928;764838,484722927;0,437132175364539;5;0;1281;
1282;27,4190476190476;19,2899804345984;1;10;7;1;2;2;19,2899804345984;27,4190476190476;4606,4;332697,918067395;404612,982295474;179679,311101872;4777198,41481627;769276,540016701;764872,388207924;0,43589762933148;5;0;1282;
1283;27,2904761904762;20,3032890058609;3;8;5;1;1;4;20,3032890058609;27,2904761904762;4584,8;332649,035868132;404529,44253711;179636,300167596;4774084,11933586;769267,649969083;764849,898560633;0,437741724937799;5;0;1283;
1284;27,2833333333333;27,4489720761995;1;4;7;7;5;1;27,4489720761995;27,2833333333333;4583,6;332536,689429396;404329,104598382;179532,226520098;4766002,07034519;769217,202223472;764817,964862703;0,437342140259866;5;0;1284;
1285;26,6047619047619;11,4814614897985;1;9;1;1;1;1;11,4814614897985;26,6047619047619;4469,6;331807,638431049;403015,862354863;178844,535905342;4713079,52638512;768882,999727021;764611,549464336;0,445022059761228;5;0;1285;
1286;27,3321428571429;17,3603875218681;2;7;3;3;1;2;17,3603875218681;27,3321428571429;4591,8;332595,874222948;404441,178132963;179584,334571872;4769874,49862281;769248,330634086;764834,940826591;0,43681460667475;5;0;1286;
1287;26,8202380952381;12,3353129896935;1;9;1;1;1;2;12,3353129896935;26,8202380952381;4505,8;332063,865792407;403510,760155107;179080,743505291;4731146,98591607;768872,352620338;764778,45675885;0,442638380041009;5;0;1287;
1288;27,4988095238095;30,498869282535;5;4;8;4;5;2;30,498869282535;27,4988095238095;4619,8;332654,165194615;404538,08297392;179640,800658949;4774357,18816455;769263,544355047;764856,704412586;0,434450448146444;5;0;1288;
1289;27,1214285714286;13,4397330686006;2;9;2;1;1;1;13,4397330686006;27,1214285714286;4556,4;332374,194078095;404040,849706796;179376,214773394;4753914,48864252;769237,424130631;764710,32115833;0,439169024465394;5;0;1289;
1290;26,8202380952381;12,3353129896935;1;10;1;1;1;2;12,3353129896935;26,8202380952381;4505,8;332063,865792407;403510,760155107;179080,743505291;4731146,98591607;768872,352620338;764778,45675885;0,442638380041009;5;0;1290;
1291;27,1654761904762;15,1289290939666;2;9;2;3;1;1;15,1289290939666;27,1654761904762;4563,8;332380,519851475;404041,470176042;179380,824;4754356,992;769220,220232593;764723,02978687;0,438508927545498;5;0;1291;
1292;26,8976190476191;12,4107013513997;1;10;2;1;1;1;12,4107013513997;26,8976190476191;4518,8;332177,523588855;403690,376345794;179186,536444391;4739488,42559583;769087,418139246;764695,6353807;0,441885706491048;5;0;1292;
1293;27,2952380952381;14,3207471333984;2;9;1;1;1;3;14,3207471333984;27,2952380952381;4585,6;332536,257118826;404331,500945473;179528,656857701;4765701,83525635;769189,653381928;764838,484722927;0,437132175364539;5;0;1293;
1294;27,1547619047619;13,548879560242;1;10;2;1;1;2;13,548879560242;27,1547619047619;4562;332321,769712667;403947,780220425;179325,490088482;4750010,86061755;769084,762769225;764781,371779656;0,438381109493047;5;0;1294;
1295;27,3952380952381;17,4559867371198;2;9;5;2;1;1;17,4559867371198;27,3952380952381;4602,4;332609,909435761;404449,448923945;179604,278267034;4771374,91066017;769306,46542344;764801,195954565;0,435914230323552;5;0;1295;
1296;27,2738095238095;14,4855156077895;2;9;2;1;1;2;14,4855156077895;27,2738095238095;4582;332532,796999198;404326,064309347;179524,418790097;4765314,38089657;769194,510838109;764831,13917572;0,437450724732907;5;0;1296;
1297;27,4440476190476;26,4692946435553;1;4;9;4;5;1;26,4692946435553;27,4440476190476;4610,6;332710,096262598;404628,299113668;179688,595755412;4777912,39784583;769294,037587982;764868,192447483;0,435546511535727;5;0;1297;
1298;27,4190476190476;19,2899804345984;1;10;7;1;2;2;19,2899804345984;27,4190476190476;4606,4;332697,918067395;404612,982295474;179679,311101872;4777198,41481627;769276,540016701;764872,388207924;0,43589762933148;5;0;1298;
1299;27,1214285714286;13,4397330686006;2;10;2;1;1;1;13,4397330686006;27,1214285714286;4556,4;332374,194078095;404040,849706796;179376,214773394;4753914,48864252;769237,424130631;764710,32115833;0,439169024465394;5;0;1299;
1300;27,0523809523809;13,4236435635083;2;9;1;1;1;2;13,4236435635083;27,0523809523809;4544,8;332345,452748884;403983,818975157;179350,864588955;4751974,82347668;769160,412030106;764742,373779096;0,440166874644889;5;0;1300;
1301;27,3511904761905;25,298930589691;1;9;9;1;6;2;25,298930589691;27,3511904761905;4595;332693,69782599;404608,795090236;179673,678334833;4776768,76043923;769270,361173986;764875,734336012;0,436945236733174;5;0;1301;
1302;27,4047619047619;31,3841893328977;6;4;9;4;5;1;31,3841893328977;27,4047619047619;4604;332665,858891004;404557,790888912;179654,136383731;4775283,34238366;769271,820333594;764857,104200375;0,435999855376883;5;0;1302;
1303;27,0785714285714;15,2275293513288;2;9;1;1;1;4;15,2275293513288;27,0785714285714;4549,2;332452,555767519;404159,681400052;179449,632;4759558,272;769138,341748644;764815,754352576;0,440230475916116;5;0;1303;
1304;27,322619047619;20,2848293001434;2;9;2;3;3;4;20,2848293001434;27,322619047619;4590,2;332587,2;404417,267974786;179577,096;4769364,41167398;769214,381620175;764849,265434038;0,43694002206989;5;0;1304;
1305;26,6047619047619;11,4814614897985;1;9;1;1;1;1;11,4814614897985;26,6047619047619;4469,6;331807,638431049;403015,862354863;178844,535905342;4713079,52638512;768882,999727021;764611,549464336;0,445022059761228;5;0;1305;
1306;27,2738095238095;14,4855156077895;2;9;2;1;1;2;14,4855156077895;27,2738095238095;4582;332532,796999198;404326,064309347;179524,418790097;4765314,38089657;769194,510838109;764831,13917572;0,437450724732907;5;0;1306;
1307;26,8202380952381;12,3353129896935;1;10;1;1;1;2;12,3353129896935;26,8202380952381;4505,8;332063,865792407;403510,760155107;179080,743505291;4731146,98591607;768872,352620338;764778,45675885;0,442638380041009;5;0;1307;
1308;27,4190476190476;19,2899804345984;1;10;7;1;2;2;19,2899804345984;27,4190476190476;4606,4;332697,918067395;404612,982295474;179679,311101872;4777198,41481627;769276,540016701;764872,388207924;0,43589762933148;5;0;1308;
1309;26,8202380952381;12,3353129896935;1;9;1;1;1;2;12,3353129896935;26,8202380952381;4505,8;332063,865792407;403510,760155107;179080,743505291;4731146,98591607;768872,352620338;764778,45675885;0,442638380041009;5;0;1309;
1310;26,7595238095238;11,3746356922491;1;4;1;1;1;1;11,3746356922491;26,7595238095238;4495,6;331981,587915199;403339,367499522;179004,831667265;4725458,01630073;769010,136110644;764631,729855978;0,44324395787553;5;0;1310;
1311;27,4428571428571;24,2713092641207;1;4;7;4;5;1;24,2713092641207;27,4428571428571;4610,4;332656,032040727;404540,495070019;179645,904;4774649,98873081;769288,731424778;764840,55350669;0,435347328909949;5;0;1311;
1312;27,3321428571429;17,3603875218681;2;7;3;3;1;2;17,3603875218681;27,3321428571429;4591,8;332595,874222948;404441,178132963;179584,334571872;4769874,49862281;769248,330634086;764834,940826591;0,43681460667475;5;0;1312;
1313;27,3178571428571;25,499321886438;1;4;7;4;5;2;25,499321886438;27,3178571428571;4589,4;332548,094310671;404350,478536309;179539,489691993;4766294,75247683;769220,25592747;764823,755308657;0,436810542513216;5;0;1313;
1314;27,4523809523809;20,4337467046499;5;7;3;3;1;2;20,4337467046499;27,4523809523809;4612;332765,547920597;404733,439664504;179739,887419199;4781887,8529947;769361,586693398;764856,418188875;0,435669404949311;5;0;1314;
1315;26,6047619047619;11,4814614897985;1;10;1;1;1;1;11,4814614897985;26,6047619047619;4469,6;331807,638431049;403015,862354863;178844,535905342;4713079,52638512;768882,999727021;764611,549464336;0,445022059761228;5;0;1315;
1316;27,1214285714286;13,4397330686006;2;10;2;1;1;1;13,4397330686006;27,1214285714286;4556,4;332374,194078095;404040,849706796;179376,214773394;4753914,48864252;769237,424130631;764710,32115833;0,439169024465394;5;0;1316;
1317;27,1523809523809;16,457048228472;2;9;1;1;3;3;16,457048228472;27,1523809523809;4561,6;332343,762475416;403990,936408943;179346,984;4751669,664;769068,040757273;764807,015966411;0,438518346707389;5;0;1317;
1318;27,3190476190476;15,4834728035158;2;9;3;1;1;2;15,4834728035158;27,3190476190476;4589,6;332569,292174648;404383,444000506;179557,92;4767880,32;769266,476419975;764803,370123659;0,436893770761286;5;0;1318;
1319;27,4119047619047;32,4730233502583;7;4;8;4;5;2;32,4730233502583;27,4119047619047;4605,2;332637,950629098;404513,584296593;179624,25922029;4772953,45515365;769273,795776591;764840,639854295;0,43574200893082;5;0;1319;
1320;27,3309523809524;17,2860106752877;2;2;3;3;1;2;17,2860106752877;27,3309523809524;4591,6;332550,432980208;404347,472975934;179539,872;4766493,312;769233,330110855;764815,05902886;0,436606321734557;5;0;1320;
1321;27,3107142857143;15,3437699051233;2;9;2;2;1;2;15,3437699051233;27,3107142857143;4588,2;332573,446398048;404397,084642222;179560,160249121;4767890,2771785;769258,536718652;764813,002762608;0,437030366200286;5;0;1321;
1322;26,8202380952381;12,3353129896935;1;10;1;1;1;2;12,3353129896935;26,8202380952381;4505,8;332063,865792407;403510,760155107;179080,743505291;4731146,98591607;768872,352620338;764778,45675885;0,442638380041009;5;0;1322;
1323;27,3107142857143;15,3437699051233;2;9;2;2;1;2;15,3437699051233;27,3107142857143;4588,2;332573,446398048;404397,084642222;179560,160249121;4767890,2771785;769258,536718652;764813,002762608;0,437030366200286;5;0;1323;
1324;26,6047619047619;11,4814614897985;1;10;1;1;1;1;11,4814614897985;26,6047619047619;4469,6;331807,638431049;403015,862354863;178844,535905342;4713079,52638512;768882,999727021;764611,549464336;0,445022059761228;5;0;1324;
1325;27,2071428571429;19,384140289489;2;9;1;1;7;2;19,384140289489;27,2071428571429;4570,8;332474,904231606;404222,044703359;179467,902842544;4761097,01387716;769252,800702042;764760,285711484;0,438251014371569;5;0;1325;
1326;27,3952380952381;17,4559867371198;2;9;5;2;1;1;17,4559867371198;27,3952380952381;4602,4;332609,909435761;404449,448923945;179604,278267034;4771374,91066017;769306,46542344;764801,195954565;0,435914230323552;5;0;1326;
1327;27,1988095238095;18,4362889716284;2;9;5;3;1;1;18,4362889716284;27,1988095238095;4569,4;332595,012235969;404427,2683083;179578,350688892;4769543,04560913;769283,401123358;764808,841345286;0,43893323515638;5;0;1327;
1328;26,6047619047619;11,4814614897985;1;10;1;1;1;1;11,4814614897985;26,6047619047619;4469,6;331807,638431049;403015,862354863;178844,535905342;4713079,52638512;768882,999727021;764611,549464336;0,445022059761228;5;0;1328;
1329;26,6047619047619;11,4814614897985;1;10;1;1;1;1;11,4814614897985;26,6047619047619;4469,6;331807,638431049;403015,862354863;178844,535905342;4713079,52638512;768882,999727021;764611,549464336;0,445022059761228;5;0;1329;
1330;26,6940476190476;17,344335908015;2;1;3;3;1;2;17,344335908015;26,6940476190476;4484,6;331892,527545808;403187,335603987;178919,648775816;4718897,91180965;768923,143139427;764637,721366472;0,443897603300564;5;0;1330;
1331;26,6047619047619;11,4814614897985;1;9;1;1;1;1;11,4814614897985;26,6047619047619;4469,6;331807,638431049;403015,862354863;178844,535905342;4713079,52638512;768882,999727021;764611,549464336;0,445022059761228;5;0;1331;
1332;27,1071428571429;15,4518139963841;1;9;1;1;1;5;15,4518139963841;27,1071428571429;4554;332278,21502076;403870,400578467;179286,845365733;4747022,31971313;768971,499401628;764831,636868367;0,438948864628054;5;0;1332;
1333;27,2952380952381;14,3207471333984;2;9;1;1;1;3;14,3207471333984;27,2952380952381;4585,6;332536,257118826;404331,500945473;179528,656857701;4765701,83525635;769189,653381928;764838,484722927;0,437132175364539;5;0;1333;
1334;27,3142857142857;31,2965535782781;4;5;10;5;5;1;31,2965535782781;27,3142857142857;4588,8;332627,057033007;404492,157183832;179610,67306222;4771745,58738701;769242,970699851;764855,603211264;0,437223708011391;5;0;1334;
1335;27,3321428571429;17,3603875218681;2;5;3;3;1;2;17,3603875218681;27,3321428571429;4591,8;332595,874222948;404441,178132963;179584,334571872;4769874,49862281;769248,330634086;764834,940826591;0,43681460667475;5;0;1335;
1336;27,3964285714286;30,4358278456939;2;4;9;4;5;4;30,4358278456939;27,3964285714286;4602,6;332673,396960416;404575,444856005;179648,614799656;4774845,31871775;769286,811031357;764851,208682027;0,436112542392195;5;0;1336;
1337;26,6047619047619;11,4814614897985;1;10;1;1;1;1;11,4814614897985;26,6047619047619;4469,6;331807,638431049;403015,862354863;178844,535905342;4713079,52638512;768882,999727021;764611,549464336;0,445022059761228;5;0;1337;
1338;27,325;34,1718970206386;6;4;8;4;8;2;34,1718970206386;27,325;4590,6;332634;404497,023707834;179619,495785247;4772561,472;769257,465926315;764847,558374052;0,437118924932971;5;0;1338;
1339;27,3952380952381;17,4559867371198;2;9;5;2;1;1;17,4559867371198;27,3952380952381;4602,4;332609,909435761;404449,448923945;179604,278267034;4771374,91066017;769306,46542344;764801,195954565;0,435914230323552;5;0;1339;
1340;27,2738095238095;14,4855156077895;2;9;2;1;1;2;14,4855156077895;27,2738095238095;4582;332532,796999198;404326,064309347;179524,418790097;4765314,38089657;769194,510838109;764831,13917572;0,437450724732907;5;0;1340;
1341;27,1690476190476;20,4143161159331;2;9;8;2;1;1;20,4143161159331;27,1690476190476;4564,4;332521,5299638;404294,386205653;179520,977780378;4765038,17753299;769188,193786583;764828,811029455;0,439116816982578;5;0;1341;
1342;27,0523809523809;13,4236435635083;2;7;1;1;1;2;13,4236435635083;27,0523809523809;4544,8;332345,452748884;403983,818975157;179350,864588955;4751974,82347668;769160,412030106;764742,373779096;0,440166874644889;5;0;1342;
1343;27,1166666666667;16,3792106404208;1;7;2;1;1;5;16,3792106404208;27,1166666666667;4555,6;332398,923785099;404093,980187511;179396,616;4755504,41912345;769046,091695462;764856,603621273;0,439356735020726;5;0;1343;
1344;27,275;21,4337238793184;1;4;7;1;5;1;21,4337238793184;27,275;4582,2;332594,497273447;404427,849341471;179583,936779832;4769886,69227462;769284,753669856;764806,712487366;0,43773650464548;5;0;1344;
1345;26,6047619047619;11,4814614897985;1;9;1;1;1;1;11,4814614897985;26,6047619047619;4469,6;331807,638431049;403015,862354863;178844,535905342;4713079,52638512;768882,999727021;764611,549464336;0,445022059761228;5;0;1345;
1346;26,8202380952381;12,3353129896935;1;10;1;1;1;2;12,3353129896935;26,8202380952381;4505,8;332063,865792407;403510,760155107;179080,743505291;4731146,98591607;768872,352620338;764778,45675885;0,442638380041009;5;0;1346;
1347;27,3297619047619;22,3689826385562;1;4;7;2;5;1;22,3689826385562;27,3297619047619;4591,4;332585,162889091;404406,107271566;179576,807287905;4769334,99785861;769209,44719263;764850,730904834;0,436807384846657;5;0;1347;
1348;27,3214285714286;16,4585439856738;2;9;2;3;1;2;16,4585439856738;27,3214285714286;4590;332591,342251334;404423,069336272;179578,280403059;4769456,80340152;769257,83134861;764823,030814302;0,43695284027961;5;0;1348;
1349;27,4190476190476;19,2899804345984;1;10;7;1;2;2;19,2899804345984;27,4190476190476;4606,4;332697,918067395;404612,982295474;179679,311101872;4777198,41481627;769276,540016701;764872,388207924;0,43589762933148;5;0;1349;
1350;27,2738095238095;14,4855156077895;2;9;2;1;1;2;14,4855156077895;27,2738095238095;4582;332532,796999198;404326,064309347;179524,418790097;4765314,38089657;769194,510838109;764831,13917572;0,437450724732907;5;0;1350;
1351;27,1214285714286;13,4397330686006;2;10;2;1;1;1;13,4397330686006;27,1214285714286;4556,4;332374,194078095;404040,849706796;179376,214773394;4753914,48864252;769237,424130631;764710,32115833;0,439169024465394;5;0;1351;
1352;27,4190476190476;19,2899804345984;1;10;7;1;2;2;19,2899804345984;27,4190476190476;4606,4;332697,918067395;404612,982295474;179679,311101872;4777198,41481627;769276,540016701;764872,388207924;0,43589762933148;5;0;1352;
1353;27,2952380952381;14,3207471333984;2;9;1;1;1;3;14,3207471333984;27,2952380952381;4585,6;332536,257118826;404331,500945473;179528,656857701;4765701,83525635;769189,653381928;764838,484722927;0,437132175364539;5;0;1353;
1354;27,3952380952381;17,4559867371198;2;9;5;2;1;1;17,4559867371198;27,3952380952381;4602,4;332609,909435761;404449,448923945;179604,278267034;4771374,91066017;769306,46542344;764801,195954565;0,435914230323552;5;0;1354;
1355;27,1678571428571;16,4638297673006;2;9;4;2;1;1;16,4638297673006;27,1678571428571;4564,2;332508,786882148;404276,038425449;179501,83897754;4763615,03761606;769271,960162594;764765,140755547;0,439054672535987;5;0;1355;
1356;27,0035714285714;14,508879745901;1;10;2;1;1;3;14,508879745901;27,0035714285714;4536,6;332292,976387231;403889,044275698;179299,409349847;4748015,6824495;769040,099052003;764793,756483375;0,440706335054026;5;0;1356;
1357;27,1214285714286;17,4255395594345;2;9;1;3;3;2;17,4255395594345;27,1214285714286;4556,4;332427,379961007;404124,82870199;179424,307196057;4757604,91171987;769155,906136243;764795,688105183;0,439405855434323;5;0;1357;
1358;27,1547619047619;13,548879560242;1;10;2;1;1;2;13,548879560242;27,1547619047619;4562;332321,769712667;403947,780220425;179325,490088482;4750010,86061755;769084,762769225;764781,371779656;0,438381109493047;5;0;1358;
1359;27,2511904761905;16,4018983085265;3;10;1;1;3;2;16,4018983085265;27,2511904761905;4578,2;332551,095911694;404346,166120388;179539,408259561;4766580;769303,899612727;764767,645122397;0,437903414890684;5;0;1359;
1360;27,4166666666667;27,4145835815267;4;4;8;2;5;2;27,4145835815267;27,4166666666667;4606;332685,319785015;404592,651791088;179669,634720465;4776378,558097;769295,333786199;764853,539712341;0,435887324479507;5;0;1360;
1361;26,8976190476191;12,4107013513997;1;10;2;1;1;1;12,4107013513997;26,8976190476191;4518,8;332177,523588855;403690,376345794;179186,536444391;4739488,42559583;769087,418139246;764695,6353807;0,441885706491048;5;0;1361;
1362;26,8976190476191;12,4107013513997;1;10;2;1;1;1;12,4107013513997;26,8976190476191;4518,8;332177,523588855;403690,376345794;179186,536444391;4739488,42559583;769087,418139246;764695,6353807;0,441885706491048;5;0;1362;
1363;27,2928571428571;17,4058402021885;2;9;4;2;1;2;17,4058402021885;27,2928571428571;4585,2;332602,579332224;404440,44048896;179584,828569256;4769988,20950405;769238,636581152;764843,445134765;0,437451695560202;5;0;1363;
1364;27,2392857142857;24,3970095270031;2;7;3;10;1;2;24,3970095270031;27,2392857142857;4576,2;332610,550734095;404456,616599732;179593,55412596;4770745,25012815;769287,497864409;764814,2023119;0,438359261772275;5;0;1364;
1365;27,3214285714286;16,4585439856738;2;9;2;3;1;2;16,4585439856738;27,3214285714286;4590;332591,342251334;404423,069336272;179578,280403059;4769456,80340152;769257,83134861;764823,030814302;0,43695284027961;5;0;1365;
1366;27,1547619047619;13,548879560242;1;10;2;1;1;2;13,548879560242;27,1547619047619;4562;332321,769712667;403947,780220425;179325,490088482;4750010,86061755;769084,762769225;764781,371779656;0,438381109493047;5;0;1366;
1367;26,8785714285714;14,4869901707792;1;10;1;3;1;2;14,4869901707792;26,8785714285714;4515,6;332176,145512809;403683,019692405;179189,004295917;4739517,02715234;768957,207382956;764781,530042953;0,442214657067059;5;0;1367;
1368;27,1523809523809;16,457048228472;2;9;1;3;1;3;16,457048228472;27,1523809523809;4561,6;332343,762475416;403990,936408943;179346,984;4751669,664;769068,040757273;764807,015966411;0,438518346707389;5;0;1368;
1369;27,1547619047619;13,548879560242;1;10;2;1;1;2;13,548879560242;27,1547619047619;4562;332321,769712667;403947,780220425;179325,490088482;4750010,86061755;769084,762769225;764781,371779656;0,438381109493047;5;0;1369;
1370;27,1547619047619;13,548879560242;1;10;2;1;1;2;13,548879560242;27,1547619047619;4562;332321,769712667;403947,780220425;179325,490088482;4750010,86061755;769084,762769225;764781,371779656;0,438381109493047;5;0;1370;
1371;27,2952380952381;14,3207471333984;2;9;1;1;1;3;14,3207471333984;27,2952380952381;4585,6;332536,257118826;404331,500945473;179528,656857701;4765701,83525635;769189,653381928;764838,484722927;0,437132175364539;5;0;1371;
1372;27,1547619047619;13,548879560242;1;10;2;1;1;2;13,548879560242;27,1547619047619;4562;332321,769712667;403947,780220425;179325,490088482;4750010,86061755;769084,762769225;764781,371779656;0,438381109493047;5;0;1372;
1373;26,7595238095238;11,3746356922491;1;4;1;1;1;1;11,3746356922491;26,7595238095238;4495,6;331981,587915199;403339,367499522;179004,831667265;4725458,01630073;769010,136110644;764631,729855978;0,44324395787553;5;0;1373;
1374;27,0523809523809;13,4236435635083;2;7;1;1;1;2;13,4236435635083;27,0523809523809;4544,8;332345,452748884;403983,818975157;179350,864588955;4751974,82347668;769160,412030106;764742,373779096;0,440166874644889;5;0;1374;
1375;27,2952380952381;14,3207471333984;2;9;1;1;1;3;14,3207471333984;27,2952380952381;4585,6;332536,257118826;404331,500945473;179528,656857701;4765701,83525635;769189,653381928;764838,484722927;0,437132175364539;5;0;1375;
1376;27,2107142857143;21,4778231553096;2;9;3;1;7;2;21,4778231553096;27,2107142857143;4571,4;332543,903558857;404339,488549111;179536,057025734;4766192,47471643;769226,72991981;764815,248797116;0,438525943186813;5;0;1376;
1377;27,3107142857143;15,3437699051233;2;9;2;2;1;2;15,3437699051233;27,3107142857143;4588,2;332573,446398048;404397,084642222;179560,160249121;4767890,2771785;769258,536718652;764813,002762608;0,437030366200286;5;0;1377;
1378;27,0523809523809;13,4236435635083;2;9;1;1;1;2;13,4236435635083;27,0523809523809;4544,8;332345,452748884;403983,818975157;179350,864588955;4751974,82347668;769160,412030106;764742,373779096;0,440166874644889;5;0;1378;
1379;27,3190476190476;15,4834728035158;2;9;3;1;1;2;15,4834728035158;27,3190476190476;4589,6;332569,292174648;404383,444000506;179557,92;4767880,32;769266,476419975;764803,370123659;0,436893770761286;5;0;1379;
1380;27,4690476190476;27,3893645052768;2;4;9;4;5;1;27,3893645052768;27,4690476190476;4614,8;332672,126997358;404573,027071069;179653,28372923;4775167,87641949;769299,37963123;764843,63315107;0,434975788396825;5;0;1380;
1381;27,2535714285715;20,4321116956547;1;10;7;1;4;1;20,4321116956547;27,2535714285715;4578,6;332563,518740926;404383,717070073;179559,672200981;4768008,1255795;769258,677356463;764807,229445531;0,437946315178392;5;0;1381;
1382;27,3321428571429;17,3603875218681;2;7;3;3;1;2;17,3603875218681;27,3321428571429;4591,8;332595,874222948;404441,178132963;179584,334571872;4769874,49862281;769248,330634086;764834,940826591;0,43681460667475;5;0;1382;
1383;27,2738095238095;14,4855156077895;2;9;2;1;1;2;14,4855156077895;27,2738095238095;4582;332532,796999198;404326,064309347;179524,418790097;4765314,38089657;769194,510838109;764831,13917572;0,437450724732907;5;0;1383;
1384;27,3214285714286;16,4585439856738;2;9;2;3;1;2;16,4585439856738;27,3214285714286;4590;332591,342251334;404423,069336272;179578,280403059;4769456,80340152;769257,83134861;764823,030814302;0,43695284027961;5;0;1384;
1385;27,1845238095238;18,4966276184063;2;2;4;3;1;2;18,4966276184063;27,1845238095238;4567;332478,483683065;404222,292451261;179465,683860356;4760801,9895956;769192,362813358;764800,432172024;0,43859732276615;5;0;1385;
1386;27,0523809523809;13,4236435635083;2;9;1;1;1;2;13,4236435635083;27,0523809523809;4544,8;332345,452748884;403983,818975157;179350,864588955;4751974,82347668;769160,412030106;764742,373779096;0,440166874644889;5;0;1386;
1387;27,0523809523809;13,4236435635083;2;9;1;1;1;2;13,4236435635083;27,0523809523809;4544,8;332345,452748884;403983,818975157;179350,864588955;4751974,82347668;769160,412030106;764742,373779096;0,440166874644889;5;0;1387;
1388;27,3309523809524;17,2860106752877;2;2;3;3;1;2;17,2860106752877;27,3309523809524;4591,6;332550,432980208;404347,472975934;179539,872;4766493,312;769233,330110855;764815,05902886;0,436606321734557;5;0;1388;
1389;26,8202380952381;12,3353129896935;1;6;1;1;1;2;12,3353129896935;26,8202380952381;4505,8;332063,865792407;403510,760155107;179080,743505291;4731146,98591607;768872,352620338;764778,45675885;0,442638380041009;5;0;1389;
1390;27,3178571428571;26,3899987208302;2;7;6;3;7;2;26,3899987208302;27,3178571428571;4589,4;332670,286362081;404563,381833359;179659,15648804;4775477,69270841;769294,110618359;764844,773484351;0,437396209911212;5;0;1390;
1391;26,8202380952381;12,3353129896935;1;10;1;1;1;2;12,3353129896935;26,8202380952381;4505,8;332063,865792407;403510,760155107;179080,743505291;4731146,98591607;768872,352620338;764778,45675885;0,442638380041009;5;0;1391;
1392;27,1726190476191;17,4279399474044;6;10;2;1;1;1;17,4279399474044;27,1726190476191;4565;332467,747007344;404216,356829967;179460,158299438;4760365,26879881;769317,13336407;764714,071134942;0,438762575620524;5;0;1392;
1393;27,377380952381;28,4269905616633;9;7;3;3;1;6;28,4269905616633;27,377380952381;4599,4;332637,947332922;404512,952757768;179626,701538768;4773127,0233407;769317,491590745;764812,219956673;0,436295316658542;5;0;1393;
1394;27,3321428571429;17,3603875218681;2;5;3;3;1;2;17,3603875218681;27,3321428571429;4591,8;332595,874222948;404441,178132963;179584,334571872;4769874,49862281;769248,330634086;764834,940826591;0,43681460667475;5;0;1394;
1395;27,375;29,4131332308829;2;4;10;4;6;1;29,4131332308829;27,375;4599;332622,31417481;404483,741987991;179610,038921046;4771883,17930972;769305,76287361;764810,543558393;0,436259605767046;5;0;1395;
1396;27,3952380952381;17,4559867371198;2;9;5;2;1;1;17,4559867371198;27,3952380952381;4602,4;332609,909435761;404449,448923945;179604,278267034;4771374,91066017;769306,46542344;764801,195954565;0,435914230323552;5;0;1396;
1397;27,3321428571429;17,3603875218681;2;5;3;3;1;2;17,3603875218681;27,3321428571429;4591,8;332595,874222948;404441,178132963;179584,334571872;4769874,49862281;769248,330634086;764834,940826591;0,43681460667475;5;0;1397;
1398;27,0523809523809;13,4236435635083;2;7;1;1;1;2;13,4236435635083;27,0523809523809;4544,8;332345,452748884;403983,818975157;179350,864588955;4751974,82347668;769160,412030106;764742,373779096;0,440166874644889;5;0;1398;
1399;27,2107142857143;21,4778231553096;2;7;3;7;1;2;21,4778231553096;27,2107142857143;4571,4;332543,903558857;404339,488549111;179536,057025734;4766192,47471643;769226,72991981;764815,248797116;0,438525943186813;5;0;1399;
1400;27,2726190476191;18,492340208077;7;8;1;1;1;2;18,492340208077;27,2726190476191;4581,8;332622,243698823;404474,981272956;179608,68;4771781,28;769290,045769093;764819,466716667;0,437902114922778;5;0;1400;
1401;26,7595238095238;11,3746356922491;1;4;1;1;1;1;11,3746356922491;26,7595238095238;4495,6;331981,587915199;403339,367499522;179004,831667265;4725458,01630073;769010,136110644;764631,729855978;0,44324395787553;5;0;1401;
1402;27,1821428571429;16,4643354564488;2;9;3;2;2;1;16,4643354564488;27,1821428571429;4566,6;332493,885369671;404248,398221977;179487,116316594;4762436,1236633;769237,147155334;764780,251887687;0,438742422784625;5;0;1402;
1403;27,4690476190476;27,3893645052768;2;4;9;4;5;1;27,3893645052768;27,4690476190476;4614,8;332672,126997358;404573,027071069;179653,28372923;4775167,87641949;769299,37963123;764843,63315107;0,434975788396825;5;0;1403;
1404;27,4988095238095;30,498869282535;5;4;8;4;5;2;30,498869282535;27,4988095238095;4619,8;332654,165194615;404538,08297392;179640,800658949;4774357,18816455;769263,544355047;764856,704412586;0,434450448146444;5;0;1404;
1405;26,8976190476191;12,4107013513997;1;10;2;1;1;1;12,4107013513997;26,8976190476191;4518,8;332177,523588855;403690,376345794;179186,536444391;4739488,42559583;769087,418139246;764695,6353807;0,441885706491048;5;0;1405;
1406;26,8202380952381;12,3353129896935;1;10;1;1;1;2;12,3353129896935;26,8202380952381;4505,8;332063,865792407;403510,760155107;179080,743505291;4731146,98591607;768872,352620338;764778,45675885;0,442638380041009;5;0;1406;
1407;27,4988095238095;30,498869282535;5;4;8;4;5;2;30,498869282535;27,4988095238095;4619,8;332654,165194615;404538,08297392;179640,800658949;4774357,18816455;769263,544355047;764856,704412586;0,434450448146444;5;0;1407;
1408;26,9690476190476;16,380378597404;6;10;1;1;1;1;16,380378597404;26,9690476190476;4530,8;332210,143628421;403746,811045232;179219,52;4742047,296;769286,024042717;764580,584722057;0,440904499355406;5;0;1408;
1409;27,3095238095238;16,4961657241496;2;7;1;1;1;5;16,4961657241496;27,3095238095238;4588;332586,999987097;404413,507382945;179576,98355721;4769284,49203368;769187,362498726;764866,474249583;0,437130105394183;5;0;1409;
1410;27,1095238095238;14,3052872279;1;10;3;1;1;2;14,3052872279;27,1095238095238;4554,4;332448,062827161;404167,191411583;179446,884533721;4759228,68196596;769179,422892953;764792,235270634;0,439708936416704;5;0;1410;
1411;26,8202380952381;12,3353129896935;1;10;1;1;1;2;12,3353129896935;26,8202380952381;4505,8;332063,865792407;403510,760155107;179080,743505291;4731146,98591607;768872,352620338;764778,45675885;0,442638380041009;5;0;1411;
1412;26,9642857142857;18,4429091522527;1;10;2;5;2;2;18,4429091522527;26,9642857142857;4530;332284,664016011;403877,508866756;179291,712;4747359,26425788;769033,40255687;764794,121224573;0,441303637300846;5;0;1412;
1413;26,8976190476191;12,4107013513997;1;9;2;1;1;1;12,4107013513997;26,8976190476191;4518,8;332177,523588855;403690,376345794;179186,536444391;4739488,42559583;769087,418139246;764695,6353807;0,441885706491048;5;0;1413;
1414;27,3107142857143;15,3437699051233;2;9;2;2;1;2;15,3437699051233;27,3107142857143;4588,2;332573,446398048;404397,084642222;179560,160249121;4767890,2771785;769258,536718652;764813,002762608;0,437030366200286;5;0;1414;
1415;27,4523809523809;20,4337467046499;5;7;3;3;1;2;20,4337467046499;27,4523809523809;4612;332765,547920597;404733,439664504;179739,887419199;4781887,8529947;769361,586693398;764856,418188875;0,435669404949311;5;0;1415;
1416;27,4988095238095;30,498869282535;5;4;8;4;5;2;30,498869282535;27,4988095238095;4619,8;332654,165194615;404538,08297392;179640,800658949;4774357,18816455;769263,544355047;764856,704412586;0,434450448146444;5;0;1416;
1417;27,3369047619048;16,278125885804;3;9;3;1;1;2;16,278125885804;27,3369047619048;4592,6;332683,697822964;404593,467083353;179667,033534429;4776256,74788496;769289,823407523;764856,857226489;0,437141227294002;5;0;1417;
1418;26,8202380952381;12,3353129896935;1;10;1;1;1;2;12,3353129896935;26,8202380952381;4505,8;332063,865792407;403510,760155107;179080,743505291;4731146,98591607;768872,352620338;764778,45675885;0,442638380041009;5;0;1418;
1419;27,1214285714286;13,4397330686006;2;10;2;1;1;1;13,4397330686006;27,1214285714286;4556,4;332374,194078095;404040,849706796;179376,214773394;4753914,48864252;769237,424130631;764710,32115833;0,439169024465394;5;0;1419;
1420;27,3428571428572;32,2492355508959;5;4;8;4;7;2;32,2492355508959;27,3428571428572;4593,6;332662,558110524;404546,200990725;179647,58893619;4774765,90165259;769314,074868364;764826,013748352;0,436951991984133;5;0;1420;
1421;27,3214285714286;26,4118531443922;4;3;8;4;2;2;26,4118531443922;27,3214285714286;4590;332681,730080233;404582,674991497;179663,329848972;4776115,68;769281,156170636;764861,108434322;0,43738711541692;5;0;1421;
1422;27,3309523809524;18,4590927397747;2;9;4;3;1;2;18,4590927397747;27,3309523809524;4591,6;332682,747865636;404588,763748854;179663,45242025;4776008,46751263;769301,395401032;764849,004834904;0,437223614198653;5;0;1422;
1423;27,4285714285714;29,3606973258913;4;4;8;4;5;2;29,3606973258913;27,4285714285714;4608;332639,800850795;404508,943356065;179624,451486676;4773016,06945199;769318,234822461;764811,314067648;0,435484569342314;5;0;1423;
1424;26,9404761904762;14,3747683496273;4;4;1;1;1;1;14,3747683496273;26,9404761904762;4526;332237,479806353;403797,363853093;179246,592;4743954,432;769282,658563082;764598,723053581;0,441500921090688;5;0;1424;
1425;27,0523809523809;13,4236435635083;2;7;1;1;1;2;13,4236435635083;27,0523809523809;4544,8;332345,452748884;403983,818975157;179350,864588955;4751974,82347668;769160,412030106;764742,373779096;0,440166874644889;5;0;1425;
1426;27,4190476190476;19,2899804345984;1;10;7;1;2;2;19,2899804345984;27,4190476190476;4606,4;332697,918067395;404612,982295474;179679,311101872;4777198,41481627;769276,540016701;764872,388207924;0,43589762933148;5;0;1426;
1427;27,3190476190476;15,4834728035158;2;9;3;1;1;2;15,4834728035158;27,3190476190476;4589,6;332569,292174648;404383,444000506;179557,92;4767880,32;769266,476419975;764803,370123659;0,436893770761286;5;0;1427;
1428;27,3190476190476;15,4834728035158;2;9;3;1;1;2;15,4834728035158;27,3190476190476;4589,6;332569,292174648;404383,444000506;179557,92;4767880,32;769266,476419975;764803,370123659;0,436893770761286;5;0;1428;
1429;27,1285714285714;17,338114755286;2;2;1;3;1;4;17,338114755286;27,1285714285714;4557,6;332384,538418722;404064,508577727;179386,464;4754617,056;769113,713232874;764799,254401518;0,439101841190524;5;0;1429;
1430;27,4190476190476;19,2899804345984;1;10;7;1;2;2;19,2899804345984;27,4190476190476;4606,4;332697,918067395;404612,982295474;179679,311101872;4777198,41481627;769276,540016701;764872,388207924;0,43589762933148;5;0;1430;
1431;26,8202380952381;12,3353129896935;1;9;1;1;1;2;12,3353129896935;26,8202380952381;4505,8;332063,865792407;403510,760155107;179080,743505291;4731146,98591607;768872,352620338;764778,45675885;0,442638380041009;5;0;1431;
1432;27,0523809523809;13,4236435635083;2;7;1;1;1;2;13,4236435635083;27,0523809523809;4544,8;332345,452748884;403983,818975157;179350,864588955;4751974,82347668;769160,412030106;764742,373779096;0,440166874644889;5;0;1432;
1433;27,2119047619047;13,4465016627455;1;10;3;1;1;1;13,4465016627455;27,2119047619047;4571,6;332427,091756605;404146,437128666;179418,942737765;4757435,77648499;769184,447088749;764780,096412899;0,437944470557273;5;0;1433;
1434;27,2428571428571;18,507633689567;2;10;1;5;1;3;18,507633689567;27,2428571428571;4576,8;332502,58696878;404263,578206228;179496,131895311;4763141,45693367;769200,169639606;764808,776445619;0,437813284563946;5;0;1434;
1435;26,8202380952381;12,3353129896935;1;9;1;1;1;2;12,3353129896935;26,8202380952381;4505,8;332063,865792407;403510,760155107;179080,743505291;4731146,98591607;768872,352620338;764778,45675885;0,442638380041009;5;0;1435;
1436;27,3261904761905;22,242109320161;2;7;3;3;6;2;22,242109320161;27,3261904761905;4590,8;332654,69408286;404531,750319937;179641,746523806;4774343,35331286;769315,704163428;764820,635848228;0,437199868713634;5;0;1436;
1437;27,4523809523809;20,4337467046499;5;7;3;3;1;2;20,4337467046499;27,4523809523809;4612;332765,547920597;404733,439664504;179739,887419199;4781887,8529947;769361,586693398;764856,418188875;0,435669404949311;5;0;1437;
1438;27,1892857142857;18,4406264905208;2;9;6;2;1;1;18,4406264905208;27,1892857142857;4567,8;332619,7286852;404470,854357327;179606,453114291;4771503,84986918;769330,965653144;764790,782807679;0,439208377554408;5;0;1438;
1439;27,4190476190476;19,2899804345984;1;7;7;1;2;2;19,2899804345984;27,4190476190476;4606,4;332697,918067395;404612,982295474;179679,311101872;4777198,41481627;769276,540016701;764872,388207924;0,43589762933148;5;0;1439;
1440;26,7595238095238;11,3746356922491;1;4;1;1;1;1;11,3746356922491;26,7595238095238;4495,6;331981,587915199;403339,367499522;179004,831667265;4725458,01630073;769010,136110644;764631,729855978;0,44324395787553;5;0;1440;
1441;27,3107142857143;15,3437699051233;2;9;2;2;1;2;15,3437699051233;27,3107142857143;4588,2;332573,446398048;404397,084642222;179560,160249121;4767890,2771785;769258,536718652;764813,002762608;0,437030366200286;5;0;1441;
1442;26,8202380952381;12,3353129896935;1;10;1;1;1;2;12,3353129896935;26,8202380952381;4505,8;332063,865792407;403510,760155107;179080,743505291;4731146,98591607;768872,352620338;764778,45675885;0,442638380041009;5;0;1442;
1443;27,3214285714286;16,4585439856738;2;9;2;3;1;2;16,4585439856738;27,3214285714286;4590;332591,342251334;404423,069336272;179578,280403059;4769456,80340152;769257,83134861;764823,030814302;0,43695284027961;5;0;1443;
1444;26,6047619047619;11,4814614897985;1;9;1;1;1;1;11,4814614897985;26,6047619047619;4469,6;331807,638431049;403015,862354863;178844,535905342;4713079,52638512;768882,999727021;764611,549464336;0,445022059761228;5;0;1444;
1445;27,3178571428571;23,3302555090777;2;9;5;8;1;1;23,3302555090777;27,3178571428571;4589,4;332618,561976606;404472,76076441;179596,424969812;4770837,78847955;769222,73035392;764863,117927913;0,437106784721162;5;0;1445;
1446;26,7595238095238;11,3746356922491;1;4;1;1;1;1;11,3746356922491;26,7595238095238;4495,6;331981,587915199;403339,367499522;179004,831667265;4725458,01630073;769010,136110644;764631,729855978;0,44324395787553;5;0;1446;
1447;27,4988095238095;30,498869282535;5;4;8;4;5;2;30,498869282535;27,4988095238095;4619,8;332654,165194615;404538,08297392;179640,800658949;4774357,18816455;769263,544355047;764856,704412586;0,434450448146444;5;0;1447;
1448;27,2833333333333;15,4877816973487;4;10;2;1;1;1;15,4877816973487;27,2833333333333;4583,6;332518,860750939;404291,858134673;179511,790970589;4764420,63687116;769323,936586351;764737,907006262;0,437246239324452;5;0;1448;
1449;27,2738095238095;14,4855156077895;2;10;2;1;1;2;14,4855156077895;27,2738095238095;4582;332532,796999198;404326,064309347;179524,418790097;4765314,38089657;769194,510838109;764831,13917572;0,437450724732907;5;0;1449;
1450;27,2119047619047;13,4465016627455;1;10;3;1;1;1;13,4465016627455;27,2119047619047;4571,6;332427,091756605;404146,437128666;179418,942737765;4757435,77648499;769184,447088749;764780,096412899;0,437944470557273;5;0;1450;
1451;27,2952380952381;14,3207471333984;2;9;1;1;1;3;14,3207471333984;27,2952380952381;4585,6;332536,257118826;404331,500945473;179528,656857701;4765701,83525635;769189,653381928;764838,484722927;0,437132175364539;5;0;1451;
1452;27,2119047619047;13,4465016627455;1;10;3;1;1;1;13,4465016627455;27,2119047619047;4571,6;332427,091756605;404146,437128666;179418,942737765;4757435,77648499;769184,447088749;764780,096412899;0,437944470557273;5;0;1452;
1453;27,1214285714286;13,4397330686006;2;10;2;1;1;1;13,4397330686006;27,1214285714286;4556,4;332374,194078095;404040,849706796;179376,214773394;4753914,48864252;769237,424130631;764710,32115833;0,439169024465394;5;0;1453;
1454;26,8202380952381;12,3353129896935;1;10;1;1;1;2;12,3353129896935;26,8202380952381;4505,8;332063,865792407;403510,760155107;179080,743505291;4731146,98591607;768872,352620338;764778,45675885;0,442638380041009;5;0;1454;
1455;27,2952380952381;14,3207471333984;2;9;1;1;1;3;14,3207471333984;27,2952380952381;4585,6;332536,257118826;404331,500945473;179528,656857701;4765701,83525635;769189,653381928;764838,484722927;0,437132175364539;5;0;1455;
1456;27,3416666666667;22,5063702686598;1;4;9;4;1;1;22,5063702686598;27,3416666666667;4593,4;332581,170062088;404411,226225553;179572,584;4768920,576;769273,074154183;764808,645539142;0,436607271529724;5;0;1456;
1457;27,2666666666667;27,3690152522825;2;2;9;4;5;1;27,3690152522825;27,2666666666667;4580,8;332590,45841274;404417,925323094;179578,224;4769527,392;769277,436936311;764808,208355638;0,43783962996502;5;0;1457;
1458;26,8202380952381;12,3353129896935;1;10;1;1;1;2;12,3353129896935;26,8202380952381;4505,8;332063,865792407;403510,760155107;179080,743505291;4731146,98591607;768872,352620338;764778,45675885;0,442638380041009;5;0;1458;
1459;27,4190476190476;19,2899804345984;1;7;7;1;2;2;19,2899804345984;27,4190476190476;4606,4;332697,918067395;404612,982295474;179679,311101872;4777198,41481627;769276,540016701;764872,388207924;0,43589762933148;5;0;1459;
1460;26,6047619047619;11,4814614897985;1;9;1;1;1;1;11,4814614897985;26,6047619047619;4469,6;331807,638431049;403015,862354863;178844,535905342;4713079,52638512;768882,999727021;764611,549464336;0,445022059761228;5;0;1460;
1461;27,3190476190476;15,4834728035158;2;10;3;1;1;2;15,4834728035158;27,3190476190476;4589,6;332569,292174648;404383,444000506;179557,92;4767880,32;769266,476419975;764803,370123659;0,436893770761286;5;0;1461;
1462;26,827380952381;13,4411156932339;1;9;1;1;1;3;13,4411156932339;26,827380952381;4507;332053,511560589;403469,806558276;179074,618139487;4730615,91553505;768847,133629846;764784,285469338;0,442461788948923;5;0;1462;
1463;27,2904761904762;18,5477075103881;2;9;3;1;4;2;18,5477075103881;27,2904761904762;4584,8;332548,411200746;404350,025104883;179541,528308813;4766540,49693797;769223,53971503;764820,537374706;0,437278118405994;5;0;1463;
1464;27,2464285714286;29,390190411107;5;4;8;4;4;2;29,390190411107;27,2464285714286;4577,4;332561,391364789;404369,166302706;179554,105649538;4767579,52380784;769228,765305672;764825,508983784;0,438030401418018;5;0;1464;
1465;27,2928571428571;33,4340940601772;5;4;8;4;5;5;33,4340940601772;27,2928571428571;4585,2;332564,963447228;404375,628406908;179551,400059917;4767506,24236351;769250,250182912;764813,227621963;0,437282261638574;5;0;1465;
1466;26,9821428571429;13,3680275521626;1;10;1;2;1;2;13,3680275521626;26,9821428571429;4533;332227,82097418;403769,838001794;179237,568;4743426,20921084;768991,855669234;764786,4216221;0,440750014028736;5;0;1466;
1467;27,2297619047619;30,3321585526409;4;4;10;4;5;1;30,3321585526409;27,2297619047619;4574,6;332534,198405695;404319,31301993;179526,550236803;4765481,57284703;769215,138691956;764817,635709517;0,438171089548587;5;0;1467;
1468;27,1214285714286;13,4397330686006;2;10;2;1;1;1;13,4397330686006;27,1214285714286;4556,4;332374,194078095;404040,849706796;179376,214773394;4753914,48864252;769237,424130631;764710,32115833;0,439169024465394;5;0;1468;
1469;27,3821428571429;20,2976374027703;8;9;1;1;1;3;20,2976374027703;27,3821428571429;4600,2;332658,552800042;404543,303775909;179641,788852949;4774381,92;769286,001577525;764844,302004696;0,436317534611366;5;0;1469;
1470;26,8202380952381;12,3353129896935;1;9;1;1;1;2;12,3353129896935;26,8202380952381;4505,8;332063,865792407;403510,760155107;179080,743505291;4731146,98591607;768872,352620338;764778,45675885;0,442638380041009;5;0;1470;
1471;27,4285714285714;29,3606973258913;4;4;8;4;5;2;29,3606973258913;27,4285714285714;4608;332639,800850795;404508,943356065;179624,451486676;4773016,06945199;769318,234822461;764811,314067648;0,435484569342314;5;0;1471;
1472;26,8202380952381;12,3353129896935;1;9;1;1;1;2;12,3353129896935;26,8202380952381;4505,8;332063,865792407;403510,760155107;179080,743505291;4731146,98591607;768872,352620338;764778,45675885;0,442638380041009;5;0;1472;
1473;27,3738095238095;22,4024797816106;4;3;4;6;1;1;22,4024797816106;27,3738095238095;4598,8;332584,528630908;404414,795070188;179570,488792851;4768892,95995304;769289,35772639;764798,366608414;0,436084006267752;5;0;1473;
1474;26,8202380952381;12,3353129896935;1;9;1;1;1;2;12,3353129896935;26,8202380952381;4505,8;332063,865792407;403510,760155107;179080,743505291;4731146,98591607;768872,352620338;764778,45675885;0,442638380041009;5;0;1474;
1475;26,8202380952381;12,3353129896935;1;9;1;1;1;2;12,3353129896935;26,8202380952381;4505,8;332063,865792407;403510,760155107;179080,743505291;4731146,98591607;768872,352620338;764778,45675885;0,442638380041009;5;0;1475;
1476;27,3107142857143;15,3437699051233;2;10;2;2;1;2;15,3437699051233;27,3107142857143;4588,2;332573,446398048;404397,084642222;179560,160249121;4767890,2771785;769258,536718652;764813,002762608;0,437030366200286;5;0;1476;
1477;27,3952380952381;17,4559867371198;2;9;5;2;1;1;17,4559867371198;27,3952380952381;4602,4;332609,909435761;404449,448923945;179604,278267034;4771374,91066017;769306,46542344;764801,195954565;0,435914230323552;5;0;1477;
1478;27,4523809523809;20,4337467046499;5;7;3;3;1;2;20,4337467046499;27,4523809523809;4612;332765,547920597;404733,439664504;179739,887419199;4781887,8529947;769361,586693398;764856,418188875;0,435669404949311;5;0;1478;
1479;27,4523809523809;20,4337467046499;5;7;3;3;1;2;20,4337467046499;27,4523809523809;4612;332765,547920597;404733,439664504;179739,887419199;4781887,8529947;769361,586693398;764856,418188875;0,435669404949311;5;0;1479;
1480;26,7273809523809;16,3315320575974;1;10;1;5;1;2;16,3315320575974;26,7273809523809;4490,2;332024,206719307;403403,206886339;179046,562194527;4728586,03255862;768890,411883216;764735,441906907;0,443988052342587;5;0;1480;
1481;26,5869047619048;11,529297601768;1;2;1;1;1;1;11,529297601768;26,5869047619048;4466,6;331785,690842114;402997,529739523;178821,874491814;4711257,41771323;768876,286272831;764608,995184652;0,445192328633132;5;0;1481;
1482;27,3190476190476;15,4834728035158;2;5;3;1;1;2;15,4834728035158;27,3190476190476;4589,6;332569,292174648;404383,444000506;179557,92;4767880,32;769266,476419975;764803,370123659;0,436893770761286;5;0;1482;
1483;26,6047619047619;11,4814614897985;1;6;1;1;1;1;11,4814614897985;26,6047619047619;4469,6;331807,638431049;403015,862354863;178844,535905342;4713079,52638512;768882,999727021;764611,549464336;0,445022059761228;5;0;1483;
1484;26,5690476190476;13,4448751414231;1;5;1;3;1;1;13,4448751414231;26,5690476190476;4463,6;331804,8;403026,746887426;178841,64;4712746,752;768913,515303989;764592,887205574;0,445584992214663;5;0;1484;
1485;26,9821428571429;13,3680275521626;1;9;1;1;2;2;13,3680275521626;26,9821428571429;4533;332227,82097418;403769,838001794;179237,568;4743426,20921084;768991,855669234;764786,4216221;0,440750014028736;5;0;1485;
1486;27,4523809523809;20,4337467046499;5;7;3;3;1;2;20,4337467046499;27,4523809523809;4612;332765,547920597;404733,439664504;179739,887419199;4781887,8529947;769361,586693398;764856,418188875;0,435669404949311;5;0;1486;
1487;26,8202380952381;12,3353129896935;1;10;1;1;1;2;12,3353129896935;26,8202380952381;4505,8;332063,865792407;403510,760155107;179080,743505291;4731146,98591607;768872,352620338;764778,45675885;0,442638380041009;5;0;1487;
1488;26,9142857142857;13,4319867976342;1;4;1;1;1;3;13,4319867976342;26,9142857142857;4521,6;332133,911560589;403604,482981542;179152,450139487;4736712,83131601;768908,565903461;764788,24538145;0,44142114322163;5;0;1488;
1489;27,3785714285714;30,358137181251;2;4;9;7;5;1;30,358137181251;27,3785714285714;4599,6;332607,925351812;404451,782263334;179593,545559144;4770722,18978125;769202,674553375;764868,390813143;0,436117492225699;5;0;1489;
1490;27,1214285714286;13,4397330686006;2;10;2;1;1;1;13,4397330686006;27,1214285714286;4556,4;332374,194078095;404040,849706796;179376,214773394;4753914,48864252;769237,424130631;764710,32115833;0,439169024465394;5;0;1490;
1491;26,8940476190476;17,3264019327681;1;9;2;6;1;1;17,3264019327681;26,8940476190476;4518,2;332194,583953242;403718,982069067;179205,500151856;4740920,352;769049,929999946;764729,340744224;0,442038891810266;5;0;1491;
1492;27,0321428571429;16,4681235709778;6;4;1;1;1;1;16,4681235709778;27,0321428571429;4541,4;332258,589987179;403832,082525888;179266,896;4745514,816;769294,916298682;764603,802326859;0,440086958203779;5;0;1492;
1493;27,2952380952381;14,3207471333984;2;9;1;1;1;3;14,3207471333984;27,2952380952381;4585,6;332536,257118826;404331,500945473;179528,656857701;4765701,83525635;769189,653381928;764838,484722927;0,437132175364539;5;0;1493;
1494;27,1988095238095;18,4362889716284;2;9;5;3;1;1;18,4362889716284;27,1988095238095;4569,4;332595,012235969;404427,2683083;179578,350688892;4769543,04560913;769283,401123358;764808,841345286;0,43893323515638;5;0;1494;
1495;26,6571428571429;15,4292916905878;1;9;1;2;4;1;15,4292916905878;26,6571428571429;4478,4;331882,63676304;403152,721862091;178917,216;4718641,536;768910,687358511;764635,467402583;0,444489312822142;5;0;1495;
1496;27,4190476190476;19,2899804345984;1;7;7;1;2;2;19,2899804345984;27,4190476190476;4606,4;332697,918067395;404612,982295474;179679,311101872;4777198,41481627;769276,540016701;764872,388207924;0,43589762933148;5;0;1496;
1497;27,2952380952381;14,3207471333984;2;9;1;1;1;3;14,3207471333984;27,2952380952381;4585,6;332536,257118826;404331,500945473;179528,656857701;4765701,83525635;769189,653381928;764838,484722927;0,437132175364539;5;0;1497;
1498;27,2119047619047;13,4465016627455;1;10;3;1;1;1;13,4465016627455;27,2119047619047;4571,6;332427,091756605;404146,437128666;179418,942737765;4757435,77648499;769184,447088749;764780,096412899;0,437944470557273;5;0;1498;
1499;26,827380952381;13,4411156932339;1;9;1;1;1;3;13,4411156932339;26,827380952381;4507;332053,511560589;403469,806558276;179074,618139487;4730615,91553505;768847,133629846;764784,285469338;0,442461788948923;5;0;1499;
1500;27,3547619047619;29,401589211967;5;4;8;4;5;1;29,401589211967;27,3547619047619;4595,6;332720,707372407;404657,106175093;179699,428727407;4778751,84641534;769332,606671964;764850,271106264;0,437029494338399;5;0;1500;
1501;27,4190476190476;19,2899804345984;1;10;7;1;2;2;19,2899804345984;27,4190476190476;4606,4;332697,918067395;404612,982295474;179679,311101872;4777198,41481627;769276,540016701;764872,388207924;0,43589762933148;5;0;1501;
1502;27,2380952380952;29,4430915709914;5;4;6;4;5;3;29,4430915709914;27,2380952380952;4576;332603,698962559;404444,934597485;179584,431668482;4769800,61796676;769231,156078645;764847,846218556;0,438314608414405;5;0;1502;
1503;27,1214285714286;13,4397330686006;2;10;2;1;1;1;13,4397330686006;27,1214285714286;4556,4;332374,194078095;404040,849706796;179376,214773394;4753914,48864252;769237,424130631;764710,32115833;0,439169024465394;5;0;1503;
1504;27,4988095238095;30,498869282535;5;4;8;4;5;2;30,498869282535;27,4988095238095;4619,8;332654,165194615;404538,08297392;179640,800658949;4774357,18816455;769263,544355047;764856,704412586;0,434450448146444;5;0;1504;
1505;26,8202380952381;12,3353129896935;1;9;1;1;1;2;12,3353129896935;26,8202380952381;4505,8;332063,865792407;403510,760155107;179080,743505291;4731146,98591607;768872,352620338;764778,45675885;0,442638380041009;5;0;1505;
1506;26,6047619047619;11,4814614897985;1;8;1;1;1;1;11,4814614897985;26,6047619047619;4469,6;331807,638431049;403015,862354863;178844,535905342;4713079,52638512;768882,999727021;764611,549464336;0,445022059761228;5;0;1506;
1507;26,8202380952381;12,3353129896935;1;9;1;1;1;2;12,3353129896935;26,8202380952381;4505,8;332063,865792407;403510,760155107;179080,743505291;4731146,98591607;768872,352620338;764778,45675885;0,442638380041009;5;0;1507;
1508;27,4190476190476;19,2899804345984;1;10;7;1;2;2;19,2899804345984;27,4190476190476;4606,4;332697,918067395;404612,982295474;179679,311101872;4777198,41481627;769276,540016701;764872,388207924;0,43589762933148;5;0;1508;
1509;27,1547619047619;13,548879560242;1;10;2;1;1;2;13,548879560242;27,1547619047619;4562;332321,769712667;403947,780220425;179325,490088482;4750010,86061755;769084,762769225;764781,371779656;0,438381109493047;5;0;1509;
1510;26,8202380952381;12,3353129896935;1;10;1;1;1;2;12,3353129896935;26,8202380952381;4505,8;332063,865792407;403510,760155107;179080,743505291;4731146,98591607;768872,352620338;764778,45675885;0,442638380041009;5;0;1510;
1511;27,2119047619047;13,4465016627455;1;7;3;1;1;1;13,4465016627455;27,2119047619047;4571,6;332427,091756605;404146,437128666;179418,942737765;4757435,77648499;769184,447088749;764780,096412899;0,437944470557273;5;0;1511;
1512;26,5178571428571;14,4062381038863;1;6;1;4;1;1;14,4062381038863;26,5178571428571;4455;331818,536497528;403046,761798668;178853,970640992;4713769,5281811;768906,759573464;764606,830986709;0,446518842111202;5;0;1512;
1513;27,1297619047619;21,5265864410383;1;10;2;5;1;6;21,5265864410383;27,1297619047619;4557,8;332407,181248332;404100,592265036;179407,326395103;4756300,91079233;769043,01705986;764859,744493494;0,439183954392447;5;0;1513;
1514;26,9821428571429;13,3680275521626;1;9;1;1;2;2;13,3680275521626;26,9821428571429;4533;332227,82097418;403769,838001794;179237,568;4743426,20921084;768991,855669234;764786,4216221;0,440750014028736;5;0;1514;
1515;27,3369047619048;16,278125885804;3;9;3;1;1;2;16,278125885804;27,3369047619048;4592,6;332683,697822964;404593,467083353;179667,033534429;4776256,74788496;769289,823407523;764856,857226489;0,437141227294002;5;0;1515;
1516;27,0523809523809;13,4236435635083;2;7;1;1;1;2;13,4236435635083;27,0523809523809;4544,8;332345,452748884;403983,818975157;179350,864588955;4751974,82347668;769160,412030106;764742,373779096;0,440166874644889;5;0;1516;
1517;27,2904761904762;18,5477075103881;2;7;3;4;1;2;18,5477075103881;27,2904761904762;4584,8;332548,411200746;404350,025104883;179541,528308813;4766540,49693797;769223,53971503;764820,537374706;0,437278118405994;5;0;1517;
1518;26,8785714285714;14,4869901707792;1;10;1;3;1;2;14,4869901707792;26,8785714285714;4515,6;332176,145512809;403683,019692405;179189,004295917;4739517,02715234;768957,207382956;764781,530042953;0,442214657067059;5;0;1518;
1519;27,3952380952381;17,4559867371198;2;9;5;2;1;1;17,4559867371198;27,3952380952381;4602,4;332609,909435761;404449,448923945;179604,278267034;4771374,91066017;769306,46542344;764801,195954565;0,435914230323552;5;0;1519;
1520;27,4988095238095;30,498869282535;5;4;8;4;5;2;30,498869282535;27,4988095238095;4619,8;332654,165194615;404538,08297392;179640,800658949;4774357,18816455;769263,544355047;764856,704412586;0,434450448146444;5;0;1520;
1521;27,1214285714286;13,4397330686006;2;9;2;1;1;1;13,4397330686006;27,1214285714286;4556,4;332374,194078095;404040,849706796;179376,214773394;4753914,48864252;769237,424130631;764710,32115833;0,439169024465394;5;0;1521;
1522;27,4988095238095;30,498869282535;5;4;8;4;5;2;30,498869282535;27,4988095238095;4619,8;332654,165194615;404538,08297392;179640,800658949;4774357,18816455;769263,544355047;764856,704412586;0,434450448146444;5;0;1522;
1523;27,1785714285714;19,3622349019784;1;7;4;1;5;2;19,3622349019784;27,1785714285714;4566;332468,814902863;404199,924650132;179463,567693777;4760720,10343115;769135,951627685;764830,657872654;0,438684741157203;5;0;1523;
1524;27,3107142857143;15,3437699051233;2;9;2;2;1;2;15,3437699051233;27,3107142857143;4588,2;332573,446398048;404397,084642222;179560,160249121;4767890,2771785;769258,536718652;764813,002762608;0,437030366200286;5;0;1524;
1525;27,272619047619;15,3865817614302;4;7;1;1;1;2;15,3865817614302;27,272619047619;4581,8;332529,182234743;404306,752083692;179520,799623408;4765139,10028186;769243,904447914;764793,282738853;0,437457238271497;5;0;1525;
1526;26,8809523809524;18,2787340687539;1;9;1;1;1;8;18,2787340687539;26,8809523809524;4516;332193,073882693;403726,046351441;179205,984;4740833,664;768901,499937757;764829,675556239;0,442245585138249;5;0;1526;
1527;27,3035714285714;18,4112330067978;1;5;7;1;1;2;18,4112330067978;27,3035714285714;4587;332650,191544158;404532,575426149;179636,511671339;4773825,14532904;769277,120286614;764845,515867079;0,437517405964182;5;0;1527;
1528;27,2476190476191;18,4344805703735;3;7;3;3;1;2;18,4344805703735;27,2476190476191;4577,6;332617,990792101;404474,222316149;179602,238634532;4771299,38637128;769261,211466208;764834,919839071;0,438259377524014;5;0;1528;
1529;27,2952380952381;14,3207471333984;2;9;1;1;1;3;14,3207471333984;27,2952380952381;4585,6;332536,257118826;404331,500945473;179528,656857701;4765701,83525635;769189,653381928;764838,484722927;0,437132175364539;5;0;1529;
1530;27,4988095238095;30,498869282535;5;4;8;4;5;2;30,498869282535;27,4988095238095;4619,8;332654,165194615;404538,08297392;179640,800658949;4774357,18816455;769263,544355047;764856,704412586;0,434450448146444;5;0;1530;
1531;26,8202380952381;12,3353129896935;1;10;1;1;1;2;12,3353129896935;26,8202380952381;4505,8;332063,865792407;403510,760155107;179080,743505291;4731146,98591607;768872,352620338;764778,45675885;0,442638380041009;5;0;1531;
1532;26,8976190476191;12,4107013513997;1;9;2;1;1;1;12,4107013513997;26,8976190476191;4518,8;332177,523588855;403690,376345794;179186,536444391;4739488,42559583;769087,418139246;764695,6353807;0,441885706491048;5;0;1532;
1533;27,3369047619048;16,278125885804;3;9;3;1;1;2;16,278125885804;27,3369047619048;4592,6;332683,697822964;404593,467083353;179667,033534429;4776256,74788496;769289,823407523;764856,857226489;0,437141227294002;5;0;1533;
1534;27,2119047619047;13,4465016627455;1;10;3;1;1;1;13,4465016627455;27,2119047619047;4571,6;332427,091756605;404146,437128666;179418,942737765;4757435,77648499;769184,447088749;764780,096412899;0,437944470557273;5;0;1534;
1535;27,4523809523809;20,4337467046499;5;7;3;3;1;2;20,4337467046499;27,4523809523809;4612;332765,547920597;404733,439664504;179739,887419199;4781887,8529947;769361,586693398;764856,418188875;0,435669404949311;5;0;1535;
1536;26,9845238095238;12,4357073477328;1;4;2;1;1;1;12,4357073477328;26,9845238095238;4533,4;332224,661333306;403770,56603375;179233,912444391;4743050,4478034;769102,487012864;764712,675311561;0,44069363069733;5;0;1536;
1537;27,1214285714286;13,4397330686006;2;9;2;1;1;1;13,4397330686006;27,1214285714286;4556,4;332374,194078095;404040,849706796;179376,214773394;4753914,48864252;769237,424130631;764710,32115833;0,439169024465394;5;0;1537;
1538;27,3821428571429;24,4402374931558;2;4;9;4;2;1;24,4402374931558;27,3821428571429;4600,2;332711,063091171;404643,034018978;179695,903413575;4778481,63760956;769304,641349249;764864,841918617;0,436583366495066;5;0;1538;
1539;27,2238095238095;16,3431870444815;4;9;1;1;1;3;16,3431870444815;27,2238095238095;4573,6;332489,60446661;404254,127676541;179484,6;4762163,64384622;769220,202882333;764792,399340198;0,438060068727501;5;0;1539;
1540;27,4988095238095;30,498869282535;5;4;8;4;5;2;30,498869282535;27,4988095238095;4619,8;332654,165194615;404538,08297392;179640,800658949;4774357,18816455;769263,544355047;764856,704412586;0,434450448146444;5;0;1540;
1541;27,0523809523809;13,4236435635083;2;7;1;1;1;2;13,4236435635083;27,0523809523809;4544,8;332345,452748884;403983,818975157;179350,864588955;4751974,82347668;769160,412030106;764742,373779096;0,440166874644889;5;0;1541;
1542;27,4190476190476;19,2899804345984;1;7;7;1;2;2;19,2899804345984;27,4190476190476;4606,4;332697,918067395;404612,982295474;179679,311101872;4777198,41481627;769276,540016701;764872,388207924;0,43589762933148;5;0;1542;
1543;27,277380952381;32,4586108268626;5;4;8;4;5;4;32,4586108268626;27,277380952381;4582,6;332615,563566369;404461,070129262;179599,897117568;4771087,776;769289,367907411;764816,011149542;0,437767585554034;5;0;1543;
1544;27,1940476190476;32,4732016295466;5;2;8;4;5;4;32,4732016295466;27,1940476190476;4568,6;332511,476075035;404288,519465363;179509,416;4764152,736;769256,110115457;764777,322093195;0,438656625577412;5;0;1544;
1545;26,6047619047619;11,4814614897985;1;10;1;1;1;1;11,4814614897985;26,6047619047619;4469,6;331807,638431049;403015,862354863;178844,535905342;4713079,52638512;768882,999727021;764611,549464336;0,445022059761228;5;0;1545;
1546;27,347619047619;30,5094392991427;5;3;8;4;5;2;30,5094392991427;27,347619047619;4594,4;332599,371954073;404446,042085283;179579,512386986;4769532,27042852;769283,217150241;764811,95804438;0,436541376843375;5;0;1546;
1547;27,4690476190476;27,3893645052768;2;4;9;4;5;1;27,3893645052768;27,4690476190476;4614,8;332672,126997358;404573,027071069;179653,28372923;4775167,87641949;769299,37963123;764843,63315107;0,434975788396825;5;0;1547;
1548;26,8202380952381;12,3353129896935;1;9;1;1;1;2;12,3353129896935;26,8202380952381;4505,8;332063,865792407;403510,760155107;179080,743505291;4731146,98591607;768872,352620338;764778,45675885;0,442638380041009;5;0;1548;
1549;27,4190476190476;19,2899804345984;1;10;7;1;2;2;19,2899804345984;27,4190476190476;4606,4;332697,918067395;404612,982295474;179679,311101872;4777198,41481627;769276,540016701;764872,388207924;0,43589762933148;5;0;1549;
1550;27,0523809523809;13,4236435635083;2;7;1;1;1;2;13,4236435635083;27,0523809523809;4544,8;332345,452748884;403983,818975157;179350,864588955;4751974,82347668;769160,412030106;764742,373779096;0,440166874644889;5;0;1550;
1551;26,8976190476191;12,4107013513997;1;9;2;1;1;1;12,4107013513997;26,8976190476191;4518,8;332177,523588855;403690,376345794;179186,536444391;4739488,42559583;769087,418139246;764695,6353807;0,441885706491048;5;0;1551;
1552;26,8202380952381;12,3353129896935;1;9;1;1;1;2;12,3353129896935;26,8202380952381;4505,8;332063,865792407;403510,760155107;179080,743505291;4731146,98591607;768872,352620338;764778,45675885;0,442638380041009;5;0;1552;
1553;27,4523809523809;20,4337467046499;5;7;3;3;1;2;20,4337467046499;27,4523809523809;4612;332765,547920597;404733,439664504;179739,887419199;4781887,8529947;769361,586693398;764856,418188875;0,435669404949311;5;0;1553;
1554;27,1214285714286;13,4397330686006;2;10;2;1;1;1;13,4397330686006;27,1214285714286;4556,4;332374,194078095;404040,849706796;179376,214773394;4753914,48864252;769237,424130631;764710,32115833;0,439169024465394;5;0;1554;
1555;27,0523809523809;13,4236435635083;2;7;1;1;1;2;13,4236435635083;27,0523809523809;4544,8;332345,452748884;403983,818975157;179350,864588955;4751974,82347668;769160,412030106;764742,373779096;0,440166874644889;5;0;1555;
1556;26,7595238095238;11,3746356922491;1;4;1;1;1;1;11,3746356922491;26,7595238095238;4495,6;331981,587915199;403339,367499522;179004,831667265;4725458,01630073;769010,136110644;764631,729855978;0,44324395787553;5;0;1556;
1557;27,3392857142857;27,3061902040285;2;4;7;6;5;1;27,3061902040285;27,3392857142857;4593;332609,738215094;404455,370355891;179586,646794941;4770094,60521571;769222,314166546;764856,490161167;0,436711833781938;5;0;1557;
1558;27,0523809523809;13,4236435635083;2;7;1;1;1;2;13,4236435635083;27,0523809523809;4544,8;332345,452748884;403983,818975157;179350,864588955;4751974,82347668;769160,412030106;764742,373779096;0,440166874644889;5;0;1558;
1559;27,4690476190476;27,3893645052768;2;4;9;4;5;1;27,3893645052768;27,4690476190476;4614,8;332672,126997358;404573,027071069;179653,28372923;4775167,87641949;769299,37963123;764843,63315107;0,434975788396825;5;0;1559;
1560;27,1523809523809;16,457048228472;2;9;1;2;2;3;16,457048228472;27,1523809523809;4561,6;332343,762475416;403990,936408943;179346,984;4751669,664;769068,040757273;764807,015966411;0,438518346707389;5;0;1560;
1561;26,7595238095238;11,3746356922491;1;4;1;1;1;1;11,3746356922491;26,7595238095238;4495,6;331981,587915199;403339,367499522;179004,831667265;4725458,01630073;769010,136110644;764631,729855978;0,44324395787553;5;0;1561;
1562;27,1095238095238;14,3052872279;1;10;3;1;1;2;14,3052872279;27,1095238095238;4554,4;332448,062827161;404167,191411583;179446,884533721;4759228,68196596;769179,422892953;764792,235270634;0,439708936416704;5;0;1562;
1563;27,2607142857143;20,2855727752474;1;10;8;1;2;2;20,2855727752474;27,2607142857143;4579,8;332673,815040234;404574,392063853;179656,660910208;4775474,40685118;769268,462394276;764862,928427505;0,438322871900591;5;0;1563;
1564;27,3523809523809;28,5278600227406;5;4;6;4;5;2;28,5278600227406;27,3523809523809;4595,2;332646,871705546;404519,070204378;179632,477711785;4773627,49001541;769333,907698192;764805,239791912;0,436733121025921;5;0;1564;
1565;27,4190476190476;19,2899804345984;1;10;7;1;2;2;19,2899804345984;27,4190476190476;4606,4;332697,918067395;404612,982295474;179679,311101872;4777198,41481627;769276,540016701;764872,388207924;0,43589762933148;5;0;1565;
1566;26,8202380952381;12,3353129896935;1;9;1;1;1;2;12,3353129896935;26,8202380952381;4505,8;332063,865792407;403510,760155107;179080,743505291;4731146,98591607;768872,352620338;764778,45675885;0,442638380041009;5;0;1566;
1567;27,3785714285714;30,358137181251;2;4;9;7;5;1;30,358137181251;27,3785714285714;4599,6;332607,925351812;404451,782263334;179593,545559144;4770722,18978125;769202,674553375;764868,390813143;0,436117492225699;5;0;1567;
1568;26,7595238095238;11,3746356922491;1;4;1;1;1;1;11,3746356922491;26,7595238095238;4495,6;331981,587915199;403339,367499522;179004,831667265;4725458,01630073;769010,136110644;764631,729855978;0,44324395787553;5;0;1568;
1569;27,1214285714286;13,4397330686006;2;9;2;1;1;1;13,4397330686006;27,1214285714286;4556,4;332374,194078095;404040,849706796;179376,214773394;4753914,48864252;769237,424130631;764710,32115833;0,439169024465394;5;0;1569;
1570;26,8202380952381;12,3353129896935;1;10;1;1;1;2;12,3353129896935;26,8202380952381;4505,8;332063,865792407;403510,760155107;179080,743505291;4731146,98591607;768872,352620338;764778,45675885;0,442638380041009;5;0;1570;
1571;27,3107142857143;15,3437699051233;2;9;2;2;1;2;15,3437699051233;27,3107142857143;4588,2;332573,446398048;404397,084642222;179560,160249121;4767890,2771785;769258,536718652;764813,002762608;0,437030366200286;5;0;1571;
1572;27,2392857142857;21,3476657869006;5;7;3;3;2;2;21,3476657869006;27,2392857142857;4576,2;332621,950648493;404473,304157944;179606,433449036;4771442,62360435;769259,921702529;764839,357290702;0,4383999371757;5;0;1572;
1573;27,2988095238095;16,4676727859237;1;9;5;2;1;1;16,4676727859237;27,2988095238095;4586,2;332611,371209206;404455,342615221;179599,131104276;4771080,40648282;769261,346494642;764831,760409139;0,437425026237404;5;0;1573;
1574;27,4523809523809;20,4337467046499;5;7;3;2;2;2;20,4337467046499;27,4523809523809;4612;332765,547920597;404733,439664504;179739,887419199;4781887,8529947;769361,586693398;764856,418188875;0,435669404949311;5;0;1574;
1575;27,4654761904762;34,3880288738978;5;4;8;8;5;2;34,3880288738978;27,4654761904762;4614,2;332708,323125106;404630,323853073;179691,85910932;4778178,24389331;769278,5584508;764877,602600948;0,4352169304438;5;0;1575;
1576;27,2119047619047;13,4465016627455;1;10;3;1;1;1;13,4465016627455;27,2119047619047;4571,6;332427,091756605;404146,437128666;179418,942737765;4757435,77648499;769184,447088749;764780,096412899;0,437944470557273;5;0;1576;
1577;27,2333333333334;19,277774345666;2;9;1;2;1;7;19,277774345666;27,2333333333334;4575,2;332541,30683684;404341,910455791;179530,042172706;4765876,21447261;769165,675417344;764856,721610676;0,438137636055199;5;0;1577;
1578;27,1892857142857;19,4908438259193;5;7;3;3;1;1;19,4908438259193;27,1892857142857;4567,8;332530,066490991;404326,011598896;179515,690114075;4764477,43051236;769276,908221008;764777,418070587;0,438761335843091;5;0;1578;
1579;27,1214285714286;13,4397330686006;2;9;2;1;1;1;13,4397330686006;27,1214285714286;4556,4;332374,194078095;404040,849706796;179376,214773394;4753914,48864252;769237,424130631;764710,32115833;0,439169024465394;5;0;1579;
1580;27,0523809523809;13,4236435635083;2;6;1;1;1;2;13,4236435635083;27,0523809523809;4544,8;332345,452748884;403983,818975157;179350,864588955;4751974,82347668;769160,412030106;764742,373779096;0,440166874644889;5;0;1580;
1581;27,4190476190476;19,2899804345984;1;10;7;1;2;2;19,2899804345984;27,4190476190476;4606,4;332697,918067395;404612,982295474;179679,311101872;4777198,41481627;769276,540016701;764872,388207924;0,43589762933148;5;0;1581;
1582;27,0916666666667;15,4023188257302;1;10;3;1;2;2;15,4023188257302;27,0916666666667;4551,4;332437,967773553;404153,603466959;179437,492130232;4758660,78009418;769142,009359826;764810,230843225;0,439957188166688;5;0;1582;
1583;27,4380952380952;28,3123150490692;4;4;7;4;5;2;28,3123150490692;27,4380952380952;4609,6;332741,613163941;404693,633768759;179717,282070898;4780536,48399519;769314,864828183;764874,702507618;0,435801089634787;5;0;1583;
1584;27,4690476190476;27,3893645052768;2;4;9;4;5;1;27,3893645052768;27,4690476190476;4614,8;332672,126997358;404573,027071069;179653,28372923;4775167,87641949;769299,37963123;764843,63315107;0,434975788396825;5;0;1584;
1585;27,2119047619047;13,4465016627455;1;10;3;1;1;1;13,4465016627455;27,2119047619047;4571,6;332427,091756605;404146,437128666;179418,942737765;4757435,77648499;769184,447088749;764780,096412899;0,437944470557273;5;0;1585;
1586;26,8202380952381;12,3353129896935;1;10;1;1;1;2;12,3353129896935;26,8202380952381;4505,8;332063,865792407;403510,760155107;179080,743505291;4731146,98591607;768872,352620338;764778,45675885;0,442638380041009;5;0;1586;
1587;26,827380952381;13,4411156932339;1;10;1;1;1;3;13,4411156932339;26,827380952381;4507;332053,511560589;403469,806558276;179074,618139487;4730615,91553505;768847,133629846;764784,285469338;0,442461788948923;5;0;1587;
1588;26,897619047619;13,4699088869483;1;9;2;1;2;1;13,4699088869483;26,897619047619;4518,8;332190,540191944;403706,004008862;179203,762248036;4740730,56400628;769076,256500431;764708,560053606;0,44196172333311;5;0;1588;
1589;27,1214285714286;13,4397330686006;2;9;2;1;1;1;13,4397330686006;27,1214285714286;4556,4;332374,194078095;404040,849706796;179376,214773394;4753914,48864252;769237,424130631;764710,32115833;0,439169024465394;5;0;1589;
1590;27,2119047619047;13,4465016627455;1;10;3;1;1;1;13,4465016627455;27,2119047619047;4571,6;332427,091756605;404146,437128666;179418,942737765;4757435,77648499;769184,447088749;764780,096412899;0,437944470557273;5;0;1590;
1591;27,2464285714286;29,390190411107;5;4;8;4;4;2;29,390190411107;27,2464285714286;4577,4;332561,391364789;404369,166302706;179554,105649538;4767579,52380784;769228,765305672;764825,508983784;0,438030401418018;5;0;1591;
1592;27,2523809523809;22,5159023801301;5;7;3;3;3;2;22,5159023801301;27,2523809523809;4578,4;332628,150213872;404486,429612423;179613,928119593;4772295,31801904;769320,579685856;764802,238105161;0,438254515698292;5;0;1592;
1593;26,8202380952381;12,3353129896935;1;9;1;1;1;2;12,3353129896935;26,8202380952381;4505,8;332063,865792407;403510,760155107;179080,743505291;4731146,98591607;768872,352620338;764778,45675885;0,442638380041009;5;0;1593;
1594;27,1214285714286;13,4397330686006;2;7;2;1;1;1;13,4397330686006;27,1214285714286;4556,4;332374,194078095;404040,849706796;179376,214773394;4753914,48864252;769237,424130631;764710,32115833;0,439169024465394;5;0;1594;
1595;27,3952380952381;17,4559867371198;2;9;5;2;1;1;17,4559867371198;27,3952380952381;4602,4;332609,909435761;404449,448923945;179604,278267034;4771374,91066017;769306,46542344;764801,195954565;0,435914230323552;5;0;1595;
1596;27,4142857142857;20,3976545026513;1;9;4;2;1;6;20,3976545026513;27,4142857142857;4605,6;332679,454353346;404576,340454429;179660,568;4775915,95003873;769252,574146185;764879,031561932;0,435883217636196;5;0;1596;
1597;27,2119047619047;13,4465016627455;1;10;3;1;1;1;13,4465016627455;27,2119047619047;4571,6;332427,091756605;404146,437128666;179418,942737765;4757435,77648499;769184,447088749;764780,096412899;0,437944470557273;5;0;1597;
1598;27,3428571428572;32,2492355508959;5;4;8;6;5;2;32,2492355508959;27,3428571428572;4593,6;332662,558110524;404546,200990725;179647,58893619;4774765,90165259;769314,074868364;764826,013748352;0,436951991984133;5;0;1598;
1599;26,8976190476191;12,4107013513997;1;9;2;1;1;1;12,4107013513997;26,8976190476191;4518,8;332177,523588855;403690,376345794;179186,536444391;4739488,42559583;769087,418139246;764695,6353807;0,441885706491048;5;0;1599;
1600;27,2119047619047;13,4465016627455;1;10;3;1;1;1;13,4465016627455;27,2119047619047;4571,6;332427,091756605;404146,437128666;179418,942737765;4757435,77648499;769184,447088749;764780,096412899;0,437944470557273;5;0;1600;
1601;27,4988095238095;30,498869282535;5;4;8;4;5;2;30,498869282535;27,4988095238095;4619,8;332654,165194615;404538,08297392;179640,800658949;4774357,18816455;769263,544355047;764856,704412586;0,434450448146444;5;0;1601;
1602;26,7595238095238;11,3746356922491;1;4;1;1;1;1;11,3746356922491;26,7595238095238;4495,6;331981,587915199;403339,367499522;179004,831667265;4725458,01630073;769010,136110644;764631,729855978;0,44324395787553;5;0;1602;
1603;27,2869047619048;18,4054544557704;3;9;5;2;1;1;18,4054544557704;27,2869047619048;4584,2;332639,355629688;404504,214742837;179630,112;4773621,42031528;769311,810387713;764814,033933195;0,437790982621093;5;0;1603;
1604;27,1214285714286;13,4397330686006;2;10;2;1;1;1;13,4397330686006;27,1214285714286;4556,4;332374,194078095;404040,849706796;179376,214773394;4753914,48864252;769237,424130631;764710,32115833;0,439169024465394;5;0;1604;
1605;27,3952380952381;17,4559867371198;2;9;5;2;1;1;17,4559867371198;27,3952380952381;4602,4;332609,909435761;404449,448923945;179604,278267034;4771374,91066017;769306,46542344;764801,195954565;0,435914230323552;5;0;1605;
1606;27,3952380952381;17,4559867371198;2;9;5;2;1;1;17,4559867371198;27,3952380952381;4602,4;332609,909435761;404449,448923945;179604,278267034;4771374,91066017;769306,46542344;764801,195954565;0,435914230323552;5;0;1606;
1607;27,4988095238095;30,498869282535;5;4;8;4;5;2;30,498869282535;27,4988095238095;4619,8;332654,165194615;404538,08297392;179640,800658949;4774357,18816455;769263,544355047;764856,704412586;0,434450448146444;5;0;1607;
1608;27,4988095238095;30,498869282535;5;4;8;4;5;2;30,498869282535;27,4988095238095;4619,8;332654,165194615;404538,08297392;179640,800658949;4774357,18816455;769263,544355047;764856,704412586;0,434450448146444;5;0;1608;
1609;27,375;31,3841632325216;5;4;8;5;5;2;31,3841632325216;27,375;4599;332638,620663804;404503,780353278;179630,761474582;4773656,89441075;769255,51195932;764852,81229604;0,436369048584948;5;0;1609;
1610;26,9845238095238;12,4357073477328;1;4;2;1;1;1;12,4357073477328;26,9845238095238;4533,4;332224,661333306;403770,56603375;179233,912444391;4743050,4478034;769102,487012864;764712,675311561;0,44069363069733;5;0;1610;
1611;27,2119047619047;13,4465016627455;1;4;3;1;1;1;13,4465016627455;27,2119047619047;4571,6;332427,091756605;404146,437128666;179418,942737765;4757435,77648499;769184,447088749;764780,096412899;0,437944470557273;5;0;1611;
1612;26,8202380952381;12,3353129896935;1;9;1;1;1;2;12,3353129896935;26,8202380952381;4505,8;332063,865792407;403510,760155107;179080,743505291;4731146,98591607;768872,352620338;764778,45675885;0,442638380041009;5;0;1612;
1613;27,3190476190476;15,4834728035158;2;9;3;1;1;2;15,4834728035158;27,3190476190476;4589,6;332569,292174648;404383,444000506;179557,92;4767880,32;769266,476419975;764803,370123659;0,436893770761286;5;0;1613;
1614;27,3952380952381;17,4559867371198;2;6;5;2;1;1;17,4559867371198;27,3952380952381;4602,4;332609,909435761;404449,448923945;179604,278267034;4771374,91066017;769306,46542344;764801,195954565;0,435914230323552;5;0;1614;
1615;26,6047619047619;11,4814614897985;1;9;1;1;1;1;11,4814614897985;26,6047619047619;4469,6;331807,638431049;403015,862354863;178844,535905342;4713079,52638512;768882,999727021;764611,549464336;0,445022059761228;5;0;1615;
1616;27,1178571428572;18,3856800750389;2;9;2;5;1;2;18,3856800750389;27,1178571428572;4555,8;332509,490554887;404280,380036266;179502,743510096;4763638,39810996;769210,158349324;764807,422010013;0,439859540501344;5;0;1616;
1617;26,7595238095238;11,3746356922491;1;4;1;1;1;1;11,3746356922491;26,7595238095238;4495,6;331981,587915199;403339,367499522;179004,831667265;4725458,01630073;769010,136110644;764631,729855978;0,44324395787553;5;0;1617;
1618;27,2285714285714;19,4233400421254;2;7;5;2;1;3;19,4233400421254;27,2285714285714;4574,4;332568,8449053;404386,016622424;179562,546004081;4768283,99515048;769234,883778917;764824,551471665;0,438393281575577;5;0;1618;
1619;26,7595238095238;11,3746356922491;1;4;1;1;1;1;11,3746356922491;26,7595238095238;4495,6;331981,587915199;403339,367499522;179004,831667265;4725458,01630073;769010,136110644;764631,729855978;0,44324395787553;5;0;1619;
1620;27,2642857142857;25,3169684739174;2;4;9;4;3;1;25,3169684739174;27,2642857142857;4580,4;332583,652665736;404407,192856414;179564,791137065;4768374,6216398;769287,471802444;764798,281843755;0,437802915835109;5;0;1620;
1621;27,4107142857143;20,2710577140995;2;8;8;1;1;2;20,2710577140995;27,4107142857143;4605;332686,900425604;404594,24146872;179661,903923403;4775769,26597507;769271,174091786;764871,290606104;0,435939620910992;5;0;1621;
1622;27,2166666666667;19,4540639796295;7;9;1;1;1;3;19,4540639796295;27,2166666666667;4572,4;332620,3153833;404474,818972957;179605,842080945;4771581,95562993;769296,234943946;764814,256921426;0,438777068826187;5;0;1622;
1623;27,2714285714286;28,4443863995192;2;4;10;4;5;1;28,4443863995192;27,2714285714286;4581,6;332598,171275668;404432,704750318;179585,793246924;4770025,99601017;769277,414346474;764814,735025424;0,437789363806094;5;0;1623;
1624;27,3523809523809;18,3914056225879;2;7;3;1;1;5;18,3914056225879;27,3523809523809;4595,2;332613,111793168;404466,836388147;179601,463083403;4771080,65138034;769268,361589513;764828,633704901;0,43656161753323;5;0;1624;
1625;26,8202380952381;12,3353129896935;1;10;1;1;1;2;12,3353129896935;26,8202380952381;4505,8;332063,865792407;403510,760155107;179080,743505291;4731146,98591607;768872,352620338;764778,45675885;0,442638380041009;5;0;1625;
1626;27,2119047619047;13,4465016627455;1;8;3;1;1;1;13,4465016627455;27,2119047619047;4571,6;332427,091756605;404146,437128666;179418,942737765;4757435,77648499;769184,447088749;764780,096412899;0,437944470557273;5;0;1626;
1627;27,1119047619048;20,4671648044245;1;4;1;5;1;6;20,4671648044245;27,1119047619048;4554,8;332380,563547448;404046,506069691;179385,965244949;4754326,48962076;769034,34597597;764848,8116798;0,439366897092572;5;0;1627;
1628;27,0357142857143;17,2986956442479;1;9;3;5;1;1;17,2986956442479;27,0357142857143;4542;332360,841498323;404013,676523309;179365,032;4753056,672;769153,932322718;764756,893809925;0,440504629017825;5;0;1628;
1629;26,8202380952381;12,3353129896935;1;10;1;1;1;2;12,3353129896935;26,8202380952381;4505,8;332063,865792407;403510,760155107;179080,743505291;4731146,98591607;768872,352620338;764778,45675885;0,442638380041009;5;0;1629;
1630;27,4523809523809;20,4337467046499;5;7;3;3;1;2;20,4337467046499;27,4523809523809;4612;332765,547920597;404733,439664504;179739,887419199;4781887,8529947;769361,586693398;764856,418188875;0,435669404949311;5;0;1630;
1631;27,2928571428572;31,3138932224786;5;2;8;5;5;2;31,3138932224786;27,2928571428572;4585,2;332512,922059012;404285,783539552;179508,180479523;4764041,00579017;769239,238667011;764788,929455987;0,437064730432342;5;0;1631;
1632;27,5;21,4271497010065;3;9;8;1;1;2;21,4271497010065;27,5;4620;332789,19473373;404775,699182387;179760,65602652;4783397,30528138;769373,594604603;764860,885753007;0,435007387003491;5;0;1632;
1633;26,6083333333333;16,3360205978405;1;4;1;1;6;1;16,3360205978405;26,6083333333333;4470,2;331823,07006987;403042,828554746;178860,573116773;4714278,75271341;768916,166147889;764597,044096778;0,44504288906422;5;0;1633;
1634;26,7595238095238;11,3746356922491;1;4;1;1;1;1;11,3746356922491;26,7595238095238;4495,6;331981,587915199;403339,367499522;179004,831667265;4725458,01630073;769010,136110644;764631,729855978;0,44324395787553;5;0;1634;
1635;26,8976190476191;12,4107013513997;1;10;2;1;1;1;12,4107013513997;26,8976190476191;4518,8;332177,523588855;403690,376345794;179186,536444391;4739488,42559583;769087,418139246;764695,6353807;0,441885706491048;5;0;1635;
1636;26,8202380952381;12,3353129896935;1;10;1;1;1;2;12,3353129896935;26,8202380952381;4505,8;332063,865792407;403510,760155107;179080,743505291;4731146,98591607;768872,352620338;764778,45675885;0,442638380041009;5;0;1636;
1637;27,3190476190476;15,4834728035158;2;5;3;1;1;2;15,4834728035158;27,3190476190476;4589,6;332569,292174648;404383,444000506;179557,92;4767880,32;769266,476419975;764803,370123659;0,436893770761286;5;0;1637;
1638;27,4523809523809;20,4337467046499;5;7;3;3;1;2;20,4337467046499;27,4523809523809;4612;332765,547920597;404733,439664504;179739,887419199;4781887,8529947;769361,586693398;764856,418188875;0,435669404949311;5;0;1638;
1639;27,4190476190476;19,2899804345984;1;10;7;1;2;2;19,2899804345984;27,4190476190476;4606,4;332697,918067395;404612,982295474;179679,311101872;4777198,41481627;769276,540016701;764872,388207924;0,43589762933148;5;0;1639;
1640;27,2738095238095;14,4855156077895;2;7;2;1;1;2;14,4855156077895;27,2738095238095;4582;332532,796999198;404326,064309347;179524,418790097;4765314,38089657;769194,510838109;764831,13917572;0,437450724732907;5;0;1640;
1641;27,2119047619047;13,4465016627455;1;10;3;1;1;1;13,4465016627455;27,2119047619047;4571,6;332427,091756605;404146,437128666;179418,942737765;4757435,77648499;769184,447088749;764780,096412899;0,437944470557273;5;0;1641;
1642;27,3952380952381;17,4559867371198;2;9;5;2;1;1;17,4559867371198;27,3952380952381;4602,4;332609,909435761;404449,448923945;179604,278267034;4771374,91066017;769306,46542344;764801,195954565;0,435914230323552;5;0;1642;
1643;26,9297619047619;12,3373449695141;1;5;1;1;1;2;12,3373449695141;26,9297619047619;4524,2;332103,300923545;403563,648823931;179122,533554643;4734535,34142333;768916,742975836;764766,229590297;0,441057175809875;5;0;1643;
1644;27,1214285714286;13,4397330686006;2;6;2;1;1;1;13,4397330686006;27,1214285714286;4556,4;332374,194078095;404040,849706796;179376,214773394;4753914,48864252;769237,424130631;764710,32115833;0,439169024465394;5;0;1644;
1645;26,8202380952381;12,3353129896935;1;10;1;1;1;2;12,3353129896935;26,8202380952381;4505,8;332063,865792407;403510,760155107;179080,743505291;4731146,98591607;768872,352620338;764778,45675885;0,442638380041009;5;0;1645;
1646;27,2119047619047;13,4465016627455;1;4;3;1;1;1;13,4465016627455;27,2119047619047;4571,6;332427,091756605;404146,437128666;179418,942737765;4757435,77648499;769184,447088749;764780,096412899;0,437944470557273;5;0;1646;
1647;27,1547619047619;13,548879560242;1;9;2;1;1;2;13,548879560242;27,1547619047619;4562;332321,769712667;403947,780220425;179325,490088482;4750010,86061755;769084,762769225;764781,371779656;0,438381109493047;5;0;1647;
1648;26,8976190476191;12,4107013513997;1;9;2;1;1;1;12,4107013513997;26,8976190476191;4518,8;332177,523588855;403690,376345794;179186,536444391;4739488,42559583;769087,418139246;764695,6353807;0,441885706491048;5;0;1648;
1649;26,8202380952381;12,3353129896935;1;9;1;1;1;2;12,3353129896935;26,8202380952381;4505,8;332063,865792407;403510,760155107;179080,743505291;4731146,98591607;768872,352620338;764778,45675885;0,442638380041009;5;0;1649;
1650;27,3107142857143;15,3437699051233;2;9;2;2;1;2;15,3437699051233;27,3107142857143;4588,2;332573,446398048;404397,084642222;179560,160249121;4767890,2771785;769258,536718652;764813,002762608;0,437030366200286;5;0;1650;
1651;27,3095238095238;16,4487814596784;2;9;5;1;1;1;16,4487814596784;27,3095238095238;4588;332558,416149617;404364,519683876;179547,405470258;4766991,28494173;769271,554028774;764794,204318093;0,43698666290331;5;0;1651;
1652;27,3880952380953;22,4233009907801;1;10;7;1;5;2;22,4233009907801;27,3880952380953;4601,2;332657,122750797;404547,144782715;179632,368;4773601,728;769286,064506205;764843,095403422;0,43615687984159;5;0;1652;
1653;26,8714285714286;14,2969400090952;1;4;1;1;1;4;14,2969400090952;26,8714285714286;4514,4;332157,366342545;403647,516501299;179175,484884299;4738380,13427596;768867,993651969;764827,227184393;0,442248173788098;5;0;1653;
1654;27,4523809523809;20,4337467046499;5;7;3;3;1;2;20,4337467046499;27,4523809523809;4612;332765,547920597;404733,439664504;179739,887419199;4781887,8529947;769361,586693398;764856,418188875;0,435669404949311;5;0;1654;
1655;27,3952380952381;17,4559867371198;2;9;5;2;1;1;17,4559867371198;27,3952380952381;4602,4;332609,909435761;404449,448923945;179604,278267034;4771374,91066017;769306,46542344;764801,195954565;0,435914230323552;5;0;1655;
1656;27,4190476190476;19,2899804345984;1;10;7;1;2;2;19,2899804345984;27,4190476190476;4606,4;332697,918067395;404612,982295474;179679,311101872;4777198,41481627;769276,540016701;764872,388207924;0,43589762933148;5;0;1656;
1657;27,0523809523809;13,4236435635083;2;7;1;1;1;2;13,4236435635083;27,0523809523809;4544,8;332345,452748884;403983,818975157;179350,864588955;4751974,82347668;769160,412030106;764742,373779096;0,440166874644889;5;0;1657;
1658;27,2619047619047;16,4117582868346;2;5;3;1;2;2;16,4117582868346;27,2619047619047;4580;332583,995746085;404407,788909379;179570,12752582;4768808,29829659;769268,178442324;764810,517998101;0,4378668111462;5;0;1658;
1659;26,9130952380952;18,4691103674945;1;10;1;7;1;2;18,4691103674945;26,9130952380952;4521,4;332290,376007583;403893,071705769;179295,158153999;4747682,016;769056,099006614;764783,272020884;0,442157106546628;5;0;1659;
1660;27,2119047619047;13,4465016627455;1;10;3;1;1;1;13,4465016627455;27,2119047619047;4571,6;332427,091756605;404146,437128666;179418,942737765;4757435,77648499;769184,447088749;764780,096412899;0,437944470557273;5;0;1660;
1661;26,7595238095238;11,3746356922491;1;4;1;1;1;1;11,3746356922491;26,7595238095238;4495,6;331981,587915199;403339,367499522;179004,831667265;4725458,01630073;769010,136110644;764631,729855978;0,44324395787553;5;0;1661;
1662;26,7595238095238;11,3746356922491;1;4;1;1;1;1;11,3746356922491;26,7595238095238;4495,6;331981,587915199;403339,367499522;179004,831667265;4725458,01630073;769010,136110644;764631,729855978;0,44324395787553;5;0;1662;
1663;26,6047619047619;11,4814614897985;1;10;1;1;1;1;11,4814614897985;26,6047619047619;4469,6;331807,638431049;403015,862354863;178844,535905342;4713079,52638512;768882,999727021;764611,549464336;0,445022059761228;5;0;1663;
1664;26,7595238095238;11,3746356922491;1;4;1;1;1;1;11,3746356922491;26,7595238095238;4495,6;331981,587915199;403339,367499522;179004,831667265;4725458,01630073;769010,136110644;764631,729855978;0,44324395787553;5;0;1664;
1665;26,8142857142857;12,431183939923;1;2;2;1;1;1;12,431183939923;26,8142857142857;4504,8;332059,234139196;403480,760153231;179075,360220511;4730840,54013979;769025,998997974;764667,581674972;0,442697746988775;5;0;1665;
1666;27,1166666666667;13,4617883132974;2;4;2;1;1;1;13,4617883132974;27,1166666666667;4555,6;332305,185188398;403909,362822278;179319,082214734;4749414,9334058;769193,449374706;764698,248778384;0,438977020837923;5;0;1666;
1667;26,8202380952381;12,3353129896935;1;9;1;1;1;2;12,3353129896935;26,8202380952381;4505,8;332063,865792407;403510,760155107;179080,743505291;4731146,98591607;768872,352620338;764778,45675885;0,442638380041009;5;0;1667;
1668;26,7595238095238;11,3746356922491;1;4;1;1;1;1;11,3746356922491;26,7595238095238;4495,6;331981,587915199;403339,367499522;179004,831667265;4725458,01630073;769010,136110644;764631,729855978;0,44324395787553;5;0;1668;
1669;26,8202380952381;12,3353129896935;1;9;1;1;1;2;12,3353129896935;26,8202380952381;4505,8;332063,865792407;403510,760155107;179080,743505291;4731146,98591607;768872,352620338;764778,45675885;0,442638380041009;5;0;1669;
1670;27,2119047619047;13,4465016627455;1;10;3;1;1;1;13,4465016627455;27,2119047619047;4571,6;332427,091756605;404146,437128666;179418,942737765;4757435,77648499;769184,447088749;764780,096412899;0,437944470557273;5;0;1670;
1671;26,7595238095238;11,3746356922491;1;4;1;1;1;1;11,3746356922491;26,7595238095238;4495,6;331981,587915199;403339,367499522;179004,831667265;4725458,01630073;769010,136110644;764631,729855978;0,44324395787553;5;0;1671;
1672;26,8071428571429;12,4368077102845;2;6;1;1;1;1;12,4368077102845;26,8071428571429;4503,6;332011,286594615;403386,929667095;179035,825581121;4727754,94670534;769151,530917001;764551,243145734;0,442630141312183;5;0;1672;
1673;27,3107142857143;15,3437699051233;2;9;2;2;1;2;15,3437699051233;27,3107142857143;4588,2;332573,446398048;404397,084642222;179560,160249121;4767890,2771785;769258,536718652;764813,002762608;0,437030366200286;5;0;1673;
1674;27,4523809523809;20,4337467046499;5;7;3;2;2;2;20,4337467046499;27,4523809523809;4612;332765,547920597;404733,439664504;179739,887419199;4781887,8529947;769361,586693398;764856,418188875;0,435669404949311;5;0;1674;
1675;26,9845238095238;12,4357073477328;1;4;2;1;1;1;12,4357073477328;26,9845238095238;4533,4;332224,661333306;403770,56603375;179233,912444391;4743050,4478034;769102,487012864;764712,675311561;0,44069363069733;5;0;1675;
1676;27,3952380952381;17,4559867371198;2;9;5;2;1;1;17,4559867371198;27,3952380952381;4602,4;332609,909435761;404449,448923945;179604,278267034;4771374,91066017;769306,46542344;764801,195954565;0,435914230323552;5;0;1676;
1677;27,2952380952381;14,3207471333984;2;9;1;1;1;3;14,3207471333984;27,2952380952381;4585,6;332536,257118826;404331,500945473;179528,656857701;4765701,83525635;769189,653381928;764838,484722927;0,437132175364539;5;0;1677;
1678;27,2119047619047;13,4465016627455;1;10;3;1;1;1;13,4465016627455;27,2119047619047;4571,6;332427,091756605;404146,437128666;179418,942737765;4757435,77648499;769184,447088749;764780,096412899;0,437944470557273;5;0;1678;
1679;27,272619047619;15,3865817614302;4;9;1;1;1;2;15,3865817614302;27,272619047619;4581,8;332529,182234743;404306,752083692;179520,799623408;4765139,10028186;769243,904447914;764793,282738853;0,437457238271497;5;0;1679;
1680;26,5023809523809;13,3121397183086;1;4;1;1;3;1;13,3121397183086;26,5023809523809;4452,4;331782,437248656;402998,834347711;178817,624895005;4710856,6375746;768874,352459947;764609,223839584;0,446584315858712;5;0;1680;
1681;27,4107142857143;20,2710577140995;2;7;8;1;1;2;20,2710577140995;27,4107142857143;4605;332686,900425604;404594,24146872;179661,903923403;4775769,26597507;769271,174091786;764871,290606104;0,435939620910992;5;0;1681;
1682;27,0523809523809;13,4236435635083;2;6;1;1;1;2;13,4236435635083;27,0523809523809;4544,8;332345,452748884;403983,818975157;179350,864588955;4751974,82347668;769160,412030106;764742,373779096;0,440166874644889;5;0;1682;
1683;27,3952380952381;17,4559867371198;2;9;5;2;1;1;17,4559867371198;27,3952380952381;4602,4;332609,909435761;404449,448923945;179604,278267034;4771374,91066017;769306,46542344;764801,195954565;0,435914230323552;5;0;1683;
1684;27,3369047619048;16,278125885804;3;9;3;1;1;2;16,278125885804;27,3369047619048;4592,6;332683,697822964;404593,467083353;179667,033534429;4776256,74788496;769289,823407523;764856,857226489;0,437141227294002;5;0;1684;
1685;27,3369047619048;16,278125885804;3;9;3;1;1;2;16,278125885804;27,3369047619048;4592,6;332683,697822964;404593,467083353;179667,033534429;4776256,74788496;769289,823407523;764856,857226489;0,437141227294002;5;0;1685;
1686;26,8202380952381;12,3353129896935;1;9;1;1;1;2;12,3353129896935;26,8202380952381;4505,8;332063,865792407;403510,760155107;179080,743505291;4731146,98591607;768872,352620338;764778,45675885;0,442638380041009;5;0;1686;
1687;27,2690476190476;15,453430279262;3;2;3;1;1;1;15,453430279262;27,2690476190476;4581,2;332534,19507614;404319,428529735;179525,208;4765366,368;769290,596273739;764765,573208429;0,437526795513752;5;0;1687;
1688;27,3190476190476;15,4834728035158;2;5;3;1;1;2;15,4834728035158;27,3190476190476;4589,6;332569,292174648;404383,444000506;179557,92;4767880,32;769266,476419975;764803,370123659;0,436893770761286;5;0;1688;
1689;26,7595238095238;11,3746356922491;1;4;1;1;1;1;11,3746356922491;26,7595238095238;4495,6;331981,587915199;403339,367499522;179004,831667265;4725458,01630073;769010,136110644;764631,729855978;0,44324395787553;5;0;1689;
1690;27,4523809523809;20,4337467046499;5;7;3;3;1;2;20,4337467046499;27,4523809523809;4612;332765,547920597;404733,439664504;179739,887419199;4781887,8529947;769361,586693398;764856,418188875;0,435669404949311;5;0;1690;
1691;27,1928571428571;18,1996470392367;5;9;2;2;1;2;18,1996470392367;27,1928571428571;4568,4;332524,651309915;404308,848131557;179516,945559097;4764744,48866738;769230,882962692;764802,815041319;0,438712086981549;5;0;1691;
1692;27,2119047619047;13,4465016627455;1;10;3;1;1;1;13,4465016627455;27,2119047619047;4571,6;332427,091756605;404146,437128666;179418,942737765;4757435,77648499;769184,447088749;764780,096412899;0,437944470557273;5;0;1692;
1693;27,2119047619047;13,4465016627455;1;4;3;1;1;1;13,4465016627455;27,2119047619047;4571,6;332427,091756605;404146,437128666;179418,942737765;4757435,77648499;769184,447088749;764780,096412899;0,437944470557273;5;0;1693;
1694;27,3952380952381;17,4559867371198;2;9;5;2;1;1;17,4559867371198;27,3952380952381;4602,4;332609,909435761;404449,448923945;179604,278267034;4771374,91066017;769306,46542344;764801,195954565;0,435914230323552;5;0;1694;
1695;27,3952380952381;17,4559867371198;2;6;5;2;1;1;17,4559867371198;27,3952380952381;4602,4;332609,909435761;404449,448923945;179604,278267034;4771374,91066017;769306,46542344;764801,195954565;0,435914230323552;5;0;1695;
1696;27,0023809523809;19,3522343508444;1;10;1;1;1;9;19,3522343508444;27,0023809523809;4536,4;332216,221547508;403763,751995286;179228,095992066;4742461,38965375;768920,468430561;764830,428712599;0,440373546830305;5;0;1696;
1697;27,4190476190476;19,2899804345984;1;10;7;1;2;2;19,2899804345984;27,4190476190476;4606,4;332697,918067395;404612,982295474;179679,311101872;4777198,41481627;769276,540016701;764872,388207924;0,43589762933148;5;0;1697;
1698;26,8202380952381;12,3353129896935;1;9;1;1;1;2;12,3353129896935;26,8202380952381;4505,8;332063,865792407;403510,760155107;179080,743505291;4731146,98591607;768872,352620338;764778,45675885;0,442638380041009;5;0;1698;
1699;27,2880952380953;20,3614934805587;1;10;7;1;2;3;20,3614934805587;27,2880952380953;4584,4;332617,1881594;404474,214756832;179599,656;4770939,69282941;769254,223298367;764843,73195587;0,437592520641772;5;0;1699;
1700;26,6309523809524;12,3589860233207;1;8;1;1;2;1;12,3589860233207;26,6309523809524;4474;331853,108754495;403105,383006601;178887,114020115;4716329,65607883;768931,638494407;764607,858347623;0,444789232729258;5;0;1700;
1701;27,4654761904762;20,4246515211104;5;5;3;3;1;2;20,4246515211104;27,4654761904762;4614,2;332754,40668602;404712,41335639;179729,067168152;4781063,64173421;769353,456834204;764855,026875408;0,435408403079538;5;0;1701;
1702;27,3369047619048;16,278125885804;3;9;3;1;1;2;16,278125885804;27,3369047619048;4592,6;332683,697822964;404593,467083353;179667,033534429;4776256,74788496;769289,823407523;764856,857226489;0,437141227294002;5;0;1702;
1703;26,7595238095238;11,3746356922491;1;4;1;1;1;1;11,3746356922491;26,7595238095238;4495,6;331981,587915199;403339,367499522;179004,831667265;4725458,01630073;769010,136110644;764631,729855978;0,44324395787553;5;0;1703;
1704;26,8202380952381;12,3353129896935;1;6;1;1;1;2;12,3353129896935;26,8202380952381;4505,8;332063,865792407;403510,760155107;179080,743505291;4731146,98591607;768872,352620338;764778,45675885;0,442638380041009;5;0;1704;
1705;26,9845238095238;12,4357073477328;1;4;2;1;1;1;12,4357073477328;26,9845238095238;4533,4;332224,661333306;403770,56603375;179233,912444391;4743050,4478034;769102,487012864;764712,675311561;0,44069363069733;5;0;1705;
1706;27,2119047619047;13,4465016627455;1;6;3;1;1;1;13,4465016627455;27,2119047619047;4571,6;332427,091756605;404146,437128666;179418,942737765;4757435,77648499;769184,447088749;764780,096412899;0,437944470557273;5;0;1706;
1707;27,2559523809524;15,4853897101213;2;6;4;1;1;1;15,4853897101213;27,2559523809524;4579;332518,615868371;404304,878543005;179507,927408894;4764042,29501991;769201,526888305;764819,04609877;0,437657097114414;5;0;1707;
1708;27,5;21,4271497010065;3;9;8;1;1;2;21,4271497010065;27,5;4620;332789,19473373;404775,699182387;179760,65602652;4783397,30528138;769373,594604603;764860,885753007;0,435007387003491;5;0;1708;
1709;27,2952380952381;14,3207471333984;2;9;1;1;1;3;14,3207471333984;27,2952380952381;4585,6;332536,257118826;404331,500945473;179528,656857701;4765701,83525635;769189,653381928;764838,484722927;0,437132175364539;5;0;1709;
1710;27,4190476190476;19,2899804345984;1;10;7;1;2;2;19,2899804345984;27,4190476190476;4606,4;332697,918067395;404612,982295474;179679,311101872;4777198,41481627;769276,540016701;764872,388207924;0,43589762933148;5;0;1710;
1711;27,2952380952381;14,3207471333984;2;9;1;1;1;3;14,3207471333984;27,2952380952381;4585,6;332536,257118826;404331,500945473;179528,656857701;4765701,83525635;769189,653381928;764838,484722927;0,437132175364539;5;0;1711;
1712;27,0523809523809;13,4236435635083;2;6;1;1;1;2;13,4236435635083;27,0523809523809;4544,8;332345,452748884;403983,818975157;179350,864588955;4751974,82347668;769160,412030106;764742,373779096;0,440166874644889;5;0;1712;
1713;27,2607142857143;20,2855727752474;1;10;8;1;2;2;20,2855727752474;27,2607142857143;4579,8;332673,815040234;404574,392063853;179656,660910208;4775474,40685118;769268,462394276;764862,928427505;0,438322871900591;5;0;1713;
1714;26,7595238095238;11,3746356922491;1;4;1;1;1;1;11,3746356922491;26,7595238095238;4495,6;331981,587915199;403339,367499522;179004,831667265;4725458,01630073;769010,136110644;764631,729855978;0,44324395787553;5;0;1714;
1715;26,7595238095238;11,3746356922491;1;4;1;1;1;1;11,3746356922491;26,7595238095238;4495,6;331981,587915199;403339,367499522;179004,831667265;4725458,01630073;769010,136110644;764631,729855978;0,44324395787553;5;0;1715;
1716;27,1095238095238;14,3052872279;1;10;3;1;1;2;14,3052872279;27,1095238095238;4554,4;332448,062827161;404167,191411583;179446,884533721;4759228,68196596;769179,422892953;764792,235270634;0,439708936416704;5;0;1716;
1717;26,8202380952381;12,3353129896935;1;9;1;1;1;2;12,3353129896935;26,8202380952381;4505,8;332063,865792407;403510,760155107;179080,743505291;4731146,98591607;768872,352620338;764778,45675885;0,442638380041009;5;0;1717;
1718;26,7595238095238;11,3746356922491;1;4;1;1;1;1;11,3746356922491;26,7595238095238;4495,6;331981,587915199;403339,367499522;179004,831667265;4725458,01630073;769010,136110644;764631,729855978;0,44324395787553;5;0;1718;
1719;27,3107142857143;15,3437699051233;2;8;2;2;1;2;15,3437699051233;27,3107142857143;4588,2;332573,446398048;404397,084642222;179560,160249121;4767890,2771785;769258,536718652;764813,002762608;0,437030366200286;5;0;1719;
1720;27,3678571428571;19,4412794489513;3;9;3;1;1;5;19,4412794489513;27,3678571428571;4597,8;332663,371954956;404546,919329375;179649,356392711;4774844,87275948;769350,375383954;764802,789919765;0,436561890422891;5;0;1720;
1721;27,4190476190476;19,2899804345984;1;8;7;1;2;2;19,2899804345984;27,4190476190476;4606,4;332697,918067395;404612,982295474;179679,311101872;4777198,41481627;769276,540016701;764872,388207924;0,43589762933148;5;0;1721;
1722;27,0523809523809;13,4236435635083;2;10;1;1;1;2;13,4236435635083;27,0523809523809;4544,8;332345,452748884;403983,818975157;179350,864588955;4751974,82347668;769160,412030106;764742,373779096;0,440166874644889;5;0;1722;
1723;27,4357142857143;18,4770655923198;2;9;2;2;1;5;18,4770655923198;27,4357142857143;4609,2;332619,257197849;404465,212228754;179608,632812742;4771817,76484147;769212,927933492;764867,975067177;0,435279197501512;5;0;1723;
1724;27,2119047619047;13,4465016627455;1;4;3;1;1;1;13,4465016627455;27,2119047619047;4571,6;332427,091756605;404146,437128666;179418,942737765;4757435,77648499;769184,447088749;764780,096412899;0,437944470557273;5;0;1724;
1725;27,2952380952381;14,3207471333984;2;9;1;1;1;3;14,3207471333984;27,2952380952381;4585,6;332536,257118826;404331,500945473;179528,656857701;4765701,83525635;769189,653381928;764838,484722927;0,437132175364539;5;0;1725;
1726;27,2178571428572;17,4972574028578;3;9;3;2;1;2;17,4972574028578;27,2178571428572;4572,6;332539,829804686;404332,19336713;179529,420984862;4765733,48995866;769252,469578205;764798,583492375;0,438375956900774;5;0;1726;
1727;26,6047619047619;11,4814614897985;1;9;1;1;1;1;11,4814614897985;26,6047619047619;4469,6;331807,638431049;403015,862354863;178844,535905342;4713079,52638512;768882,999727021;764611,549464336;0,445022059761228;5;0;1727;
1728;27,247619047619;20,4512206846574;2;5;3;1;1;7;20,4512206846574;27,247619047619;4577,6;332550,349583455;404351,764705945;179543,256;4766753,376;769198,404225967;764839,74238958;0,437972241428113;5;0;1728;
1729;27,3369047619048;16,278125885804;3;9;3;1;1;2;16,278125885804;27,3369047619048;4592,6;332683,697822964;404593,467083353;179667,033534429;4776256,74788496;769289,823407523;764856,857226489;0,437141227294002;5;0;1729;
1730;27,3190476190476;15,4834728035158;2;5;3;1;1;2;15,4834728035158;27,3190476190476;4589,6;332569,292174648;404383,444000506;179557,92;4767880,32;769266,476419975;764803,370123659;0,436893770761286;5;0;1730;
1731;27,3369047619048;16,278125885804;3;9;3;1;1;2;16,278125885804;27,3369047619048;4592,6;332683,697822964;404593,467083353;179667,033534429;4776256,74788496;769289,823407523;764856,857226489;0,437141227294002;5;0;1731;
1732;27,3380952380952;20,5814872043189;3;6;5;4;1;1;20,5814872043189;27,3380952380952;4592,8;332588,561249313;404413,492811431;179580,522460932;4769548,24109436;769298,037690207;764792,855127348;0,436687996001073;5;0;1732;
1733;26,8202380952381;12,3353129896935;1;10;1;1;1;2;12,3353129896935;26,8202380952381;4505,8;332063,865792407;403510,760155107;179080,743505291;4731146,98591607;768872,352620338;764778,45675885;0,442638380041009;5;0;1733;
1734;26,9952380952381;14,3915266785625;3;4;2;1;1;1;14,3915266785625;26,9952380952381;4535,2;332339,401930789;403980,980419177;179340,603393682;4751274,12652851;769209,333339832;764709,109848809;0,441051943463721;5;0;1734;
1735;26,7595238095238;11,3746356922491;1;4;1;1;1;1;11,3746356922491;26,7595238095238;4495,6;331981,587915199;403339,367499522;179004,831667265;4725458,01630073;769010,136110644;764631,729855978;0,44324395787553;5;0;1735;
1736;27,2547619047619;14,3467823483451;2;4;3;1;1;1;14,3467823483451;27,2547619047619;4578,8;332527,356807117;404318,505500381;179521,824;4765106,304;769287,726020515;764765,436649727;0,437759698302515;5;0;1736;
1737;27,4190476190476;19,2899804345984;1;10;7;1;2;2;19,2899804345984;27,4190476190476;4606,4;332697,918067395;404612,982295474;179679,311101872;4777198,41481627;769276,540016701;764872,388207924;0,43589762933148;5;0;1737;
1738;26,7595238095238;11,3746356922491;1;4;1;1;1;1;11,3746356922491;26,7595238095238;4495,6;331981,587915199;403339,367499522;179004,831667265;4725458,01630073;769010,136110644;764631,729855978;0,44324395787553;5;0;1738;
1739;27,3107142857143;15,3437699051233;2;9;2;2;1;2;15,3437699051233;27,3107142857143;4588,2;332573,446398048;404397,084642222;179560,160249121;4767890,2771785;769258,536718652;764813,002762608;0,437030366200286;5;0;1739;
1740;27,2952380952381;14,3207471333984;2;9;1;1;1;3;14,3207471333984;27,2952380952381;4585,6;332536,257118826;404331,500945473;179528,656857701;4765701,83525635;769189,653381928;764838,484722927;0,437132175364539;5;0;1740;
1741;27,3119047619047;19,2572783509487;2;6;5;2;3;1;19,2572783509487;27,3119047619047;4588,4;332654,573669396;404533,226053594;179632,779372997;4773628,82610213;769349,174899829;764799,019419449;0,437382983109688;5;0;1741;
1742;27,1214285714286;13,4397330686006;2;10;2;1;1;1;13,4397330686006;27,1214285714286;4556,4;332374,194078095;404040,849706796;179376,214773394;4753914,48864252;769237,424130631;764710,32115833;0,439169024465394;5;0;1742;
1743;27,3416666666667;20,3637065883924;3;9;8;1;1;1;20,3637065883924;27,3416666666667;4593,4;332589,774651955;404418,752934985;179583,334569279;4769662,73152048;769256,482421763;764822,745793939;0,4366511847055;5;0;1743;
1744;26,7595238095238;11,3746356922491;1;4;1;1;1;1;11,3746356922491;26,7595238095238;4495,6;331981,587915199;403339,367499522;179004,831667265;4725458,01630073;769010,136110644;764631,729855978;0,44324395787553;5;0;1744;
1745;26,8202380952381;12,3353129896935;1;10;1;1;1;2;12,3353129896935;26,8202380952381;4505,8;332063,865792407;403510,760155107;179080,743505291;4731146,98591607;768872,352620338;764778,45675885;0,442638380041009;5;0;1745;
1746;27,3107142857143;15,3437699051233;2;9;2;2;1;2;15,3437699051233;27,3107142857143;4588,2;332573,446398048;404397,084642222;179560,160249121;4767890,2771785;769258,536718652;764813,002762608;0,437030366200286;5;0;1746;
1747;27,4190476190476;19,2899804345984;1;10;7;1;2;2;19,2899804345984;27,4190476190476;4606,4;332697,918067395;404612,982295474;179679,311101872;4777198,41481627;769276,540016701;764872,388207924;0,43589762933148;5;0;1747;
1748;26,8202380952381;12,3353129896935;1;10;1;1;1;2;12,3353129896935;26,8202380952381;4505,8;332063,865792407;403510,760155107;179080,743505291;4731146,98591607;768872,352620338;764778,45675885;0,442638380041009;5;0;1748;
1749;26,7595238095238;11,3746356922491;1;4;1;1;1;1;11,3746356922491;26,7595238095238;4495,6;331981,587915199;403339,367499522;179004,831667265;4725458,01630073;769010,136110644;764631,729855978;0,44324395787553;5;0;1749;
1750;27,3857142857143;25,3746930077608;5;5;3;3;1;7;25,3746930077608;27,3857142857143;4600,8;332622,858184311;404474,704106829;179610,056209928;4771930,55367647;769295,015894737;764817,080380732;0,436084163031036;5;0;1750;
1751;27,3369047619048;16,278125885804;3;9;3;1;1;2;16,278125885804;27,3369047619048;4592,6;332683,697822964;404593,467083353;179667,033534429;4776256,74788496;769289,823407523;764856,857226489;0,437141227294002;5;0;1751;
1752;27,0523809523809;13,4236435635083;2;7;1;1;1;2;13,4236435635083;27,0523809523809;4544,8;332345,452748884;403983,818975157;179350,864588955;4751974,82347668;769160,412030106;764742,373779096;0,440166874644889;5;0;1752;
1753;26,9297619047619;12,3373449695141;1;5;1;1;1;2;12,3373449695141;26,9297619047619;4524,2;332103,300923545;403563,648823931;179122,533554643;4734535,34142333;768916,742975836;764766,229590297;0,441057175809875;5;0;1753;
1754;27,4357142857143;18,4770655923198;2;9;2;2;1;5;18,4770655923198;27,4357142857143;4609,2;332619,257197849;404465,212228754;179608,632812742;4771817,76484147;769212,927933492;764867,975067177;0,435279197501512;5;0;1754;
1755;27,3559523809524;25,3995818617467;6;5;3;3;5;2;25,3995818617467;27,3559523809524;4595,8;332676,498648146;404574,09480778;179660,185820162;4775743,75291961;769327,905436761;764824,950704052;0,4368079566492;5;0;1755;
1756;26,7595238095238;11,3746356922491;1;4;1;1;1;1;11,3746356922491;26,7595238095238;4495,6;331981,587915199;403339,367499522;179004,831667265;4725458,01630073;769010,136110644;764631,729855978;0,44324395787553;5;0;1756;
1757;27,3678571428571;22,4631689446246;2;10;2;2;5;5;22,4631689446246;27,3678571428571;4597,8;332600,753723621;404445,788902208;179587,061766594;4770109,55636971;769224,532300966;764851,925489041;0,43625383076917;5;0;1757;
1758;27,4357142857143;18,4770655923198;2;9;2;2;1;5;18,4770655923198;27,4357142857143;4609,2;332619,257197849;404465,212228754;179608,632812742;4771817,76484147;769212,927933492;764867,975067177;0,435279197501512;5;0;1758;
1759;27,2119047619047;13,4465016627455;1;4;3;1;1;1;13,4465016627455;27,2119047619047;4571,6;332427,091756605;404146,437128666;179418,942737765;4757435,77648499;769184,447088749;764780,096412899;0,437944470557273;5;0;1759;
1760;27,1523809523809;16,457048228472;2;9;1;1;3;3;16,457048228472;27,1523809523809;4561,6;332343,762475416;403990,936408943;179346,984;4751669,664;769068,040757273;764807,015966411;0,438518346707389;5;0;1760;
1761;27,2119047619047;13,4465016627455;1;4;3;1;1;1;13,4465016627455;27,2119047619047;4571,6;332427,091756605;404146,437128666;179418,942737765;4757435,77648499;769184,447088749;764780,096412899;0,437944470557273;5;0;1761;
1762;26,9952380952381;14,3915266785625;3;4;2;1;1;1;14,3915266785625;26,9952380952381;4535,2;332339,401930789;403980,980419177;179340,603393682;4751274,12652851;769209,333339832;764709,109848809;0,441051943463721;5;0;1762;
1763;26,5023809523809;13,3121397183086;1;4;1;1;3;1;13,3121397183086;26,5023809523809;4452,4;331782,437248656;402998,834347711;178817,624895005;4710856,6375746;768874,352459947;764609,223839584;0,446584315858712;5;0;1763;
1764;27,2678571428571;22,4568003732629;3;9;9;1;1;2;22,4568003732629;27,2678571428571;4581;332558,947623427;404369,685638261;179554,277461215;4767506,30772095;769212,616061136;764835,428462955;0,437687971584567;5;0;1764;
1765;27,1523809523809;14,3868444798073;2;9;1;2;1;2;14,3868444798073;27,1523809523809;4561,6;332411,191397162;404100,790816161;179409,121415337;4756542,99297624;769166,928503711;764777,75013321;0,438845911502999;5;0;1765;
1766;26,575;11,4884022075257;1;3;1;1;1;1;11,4884022075257;26,575;4464,6;331764,570945479;402966,927025517;178800,855001487;4709602,1005417;768916,602327864;764569,832426695;0,445284488120723;5;0;1766;
1767;27,2119047619047;13,4465016627455;1;4;3;1;1;1;13,4465016627455;27,2119047619047;4571,6;332427,091756605;404146,437128666;179418,942737765;4757435,77648499;769184,447088749;764780,096412899;0,437944470557273;5;0;1767;
1768;27,0785714285714;15,2275293513288;2;9;1;1;1;4;15,2275293513288;27,0785714285714;4549,2;332452,555767519;404159,681400052;179449,632;4759558,272;769138,341748644;764815,754352576;0,440230475916116;5;0;1768;
1769;26,6785714285714;12,491590785092;1;4;1;1;2;1;12,491590785092;26,6785714285714;4482;331927,38126568;403229,05585727;178959,127755601;4721860,5694328;768963,34695168;764626,828739568;0,444355150544363;5;0;1769;
1770;27,2119047619047;13,4465016627455;1;4;3;1;1;1;13,4465016627455;27,2119047619047;4571,6;332427,091756605;404146,437128666;179418,942737765;4757435,77648499;769184,447088749;764780,096412899;0,437944470557273;5;0;1770;
1771;26,9845238095238;12,4357073477328;1;4;2;1;1;1;12,4357073477328;26,9845238095238;4533,4;332224,661333306;403770,56603375;179233,912444391;4743050,4478034;769102,487012864;764712,675311561;0,44069363069733;5;0;1771;
1772;26,7595238095238;11,3746356922491;1;4;1;1;1;1;11,3746356922491;26,7595238095238;4495,6;331981,587915199;403339,367499522;179004,831667265;4725458,01630073;769010,136110644;764631,729855978;0,44324395787553;5;0;1772;
1773;27,2119047619047;13,4465016627455;1;4;3;1;1;1;13,4465016627455;27,2119047619047;4571,6;332427,091756605;404146,437128666;179418,942737765;4757435,77648499;769184,447088749;764780,096412899;0,437944470557273;5;0;1773;
1774;26,8071428571429;12,4368077102845;2;4;1;1;1;1;12,4368077102845;26,8071428571429;4503,6;332011,286594615;403386,929667095;179035,825581121;4727754,94670534;769151,530917001;764551,243145734;0,442630141312183;5;0;1774;
1775;26,6047619047619;11,4814614897985;1;5;1;1;1;1;11,4814614897985;26,6047619047619;4469,6;331807,638431049;403015,862354863;178844,535905342;4713079,52638512;768882,999727021;764611,549464336;0,445022059761228;5;0;1775;
1776;26,7595238095238;11,3746356922491;1;4;1;1;1;1;11,3746356922491;26,7595238095238;4495,6;331981,587915199;403339,367499522;179004,831667265;4725458,01630073;769010,136110644;764631,729855978;0,44324395787553;5;0;1776;
1777;27,5;21,4271497010065;3;9;8;1;1;2;21,4271497010065;27,5;4620;332789,19473373;404775,699182387;179760,65602652;4783397,30528138;769373,594604603;764860,885753007;0,435007387003491;5;0;1777;
1778;27,3369047619048;16,278125885804;3;10;3;1;1;2;16,278125885804;27,3369047619048;4592,6;332683,697822964;404593,467083353;179667,033534429;4776256,74788496;769289,823407523;764856,857226489;0,437141227294002;5;0;1778;
1779;27,3833333333333;14,4391248762019;1;4;4;1;1;1;14,4391248762019;27,3833333333333;4600,4;332608,753425361;404455,502283943;179589,606215941;4770211,71361214;769271,645050654;764824,109207305;0,436014579079626;5;0;1779;
1780;27,0523809523809;13,4236435635083;2;8;1;1;1;2;13,4236435635083;27,0523809523809;4544,8;332345,452748884;403983,818975157;179350,864588955;4751974,82347668;769160,412030106;764742,373779096;0,440166874644889;5;0;1780;
1781;27,1214285714286;13,4397330686006;2;10;2;1;1;1;13,4397330686006;27,1214285714286;4556,4;332374,194078095;404040,849706796;179376,214773394;4753914,48864252;769237,424130631;764710,32115833;0,439169024465394;5;0;1781;
1782;26,7595238095238;11,3746356922491;1;4;1;1;1;1;11,3746356922491;26,7595238095238;4495,6;331981,587915199;403339,367499522;179004,831667265;4725458,01630073;769010,136110644;764631,729855978;0,44324395787553;5;0;1782;
1783;27,3369047619048;16,278125885804;3;9;3;1;1;2;16,278125885804;27,3369047619048;4592,6;332683,697822964;404593,467083353;179667,033534429;4776256,74788496;769289,823407523;764856,857226489;0,437141227294002;5;0;1783;
1784;26,5023809523809;13,3121397183086;1;4;1;1;3;1;13,3121397183086;26,5023809523809;4452,4;331782,437248656;402998,834347711;178817,624895005;4710856,6375746;768874,352459947;764609,223839584;0,446584315858712;5;0;1784;
1785;26,8202380952381;12,3353129896935;1;10;1;1;1;2;12,3353129896935;26,8202380952381;4505,8;332063,865792407;403510,760155107;179080,743505291;4731146,98591607;768872,352620338;764778,45675885;0,442638380041009;5;0;1785;
1786;27,1523809523809;14,3868444798073;2;9;1;2;1;2;14,3868444798073;27,1523809523809;4561,6;332411,191397162;404100,790816161;179409,121415337;4756542,99297624;769166,928503711;764777,75013321;0,438845911502999;5;0;1786;
1787;27,1214285714286;13,4397330686006;2;10;2;1;1;1;13,4397330686006;27,1214285714286;4556,4;332374,194078095;404040,849706796;179376,214773394;4753914,48864252;769237,424130631;764710,32115833;0,439169024465394;5;0;1787;
1788;27,3952380952381;17,4559867371198;2;9;5;2;1;1;17,4559867371198;27,3952380952381;4602,4;332609,909435761;404449,448923945;179604,278267034;4771374,91066017;769306,46542344;764801,195954565;0,435914230323552;5;0;1788;
1789;27,5;21,4271497010065;3;9;8;1;1;2;21,4271497010065;27,5;4620;332789,19473373;404775,699182387;179760,65602652;4783397,30528138;769373,594604603;764860,885753007;0,435007387003491;5;0;1789;
1790;27,3952380952381;17,4559867371198;2;9;5;2;1;1;17,4559867371198;27,3952380952381;4602,4;332609,909435761;404449,448923945;179604,278267034;4771374,91066017;769306,46542344;764801,195954565;0,435914230323552;5;0;1790;
1791;27,1988095238095;18,4362889716284;2;6;5;2;2;1;18,4362889716284;27,1988095238095;4569,4;332595,012235969;404427,2683083;179578,350688892;4769543,04560913;769283,401123358;764808,841345286;0,43893323515638;5;0;1791;
1792;27,3190476190476;15,4834728035158;2;5;3;1;1;2;15,4834728035158;27,3190476190476;4589,6;332569,292174648;404383,444000506;179557,92;4767880,32;769266,476419975;764803,370123659;0,436893770761286;5;0;1792;
1793;26,8464285714286;15,4710686548796;1;10;1;1;4;2;15,4710686548796;26,8464285714286;4510,2;332012,188655293;403388,038111575;179034,717700442;4727678,30185106;768845,496653864;764760,139637627;0,441944940706853;5;0;1793;
1794;27,3190476190476;15,4834728035158;2;5;3;1;1;2;15,4834728035158;27,3190476190476;4589,6;332569,292174648;404383,444000506;179557,92;4767880,32;769266,476419975;764803,370123659;0,436893770761286;5;0;1794;
1795;27,2119047619047;13,4465016627455;1;4;3;1;1;1;13,4465016627455;27,2119047619047;4571,6;332427,091756605;404146,437128666;179418,942737765;4757435,77648499;769184,447088749;764780,096412899;0,437944470557273;5;0;1795;
1796;27,2119047619047;13,4465016627455;1;4;3;1;1;1;13,4465016627455;27,2119047619047;4571,6;332427,091756605;404146,437128666;179418,942737765;4757435,77648499;769184,447088749;764780,096412899;0,437944470557273;5;0;1796;
1797;27,1285714285714;18,4302027820017;5;5;1;3;1;2;18,4302027820017;27,1285714285714;4557,6;332436,125469427;404137,454791011;179436,341710962;4758534,20155613;769249,583537239;764733,975118892;0,439366266282268;5;0;1797;
1798;27,4333333333333;28,4998979708535;3;9;8;8;1;2;28,4998979708535;27,4333333333333;4608,8;332669,164024791;404557,600976078;179654,648206727;4775318,51682369;769280,347178674;764853,408885441;0,435548367702137;5;0;1798;
1799;26,7595238095238;11,3746356922491;1;4;1;1;1;1;11,3746356922491;26,7595238095238;4495,6;331981,587915199;403339,367499522;179004,831667265;4725458,01630073;769010,136110644;764631,729855978;0,44324395787553;5;0;1799;
1800;26,9297619047619;12,3373449695141;1;5;1;1;1;2;12,3373449695141;26,9297619047619;4524,2;332103,300923545;403563,648823931;179122,533554643;4734535,34142333;768916,742975836;764766,229590297;0,441057175809875;5;0;1800;
1801;27,4654761904762;20,4246515211104;5;5;3;3;1;2;20,4246515211104;27,4654761904762;4614,2;332754,40668602;404712,41335639;179729,067168152;4781063,64173421;769353,456834204;764855,026875408;0,435408403079538;5;0;1801;
1802;27,3440476190476;18,5495852951042;2;7;5;1;2;2;18,5495852951042;27,3440476190476;4593,8;332660,660514546;404558,350329038;179640,11117728;4774312,41726017;769269,474646686;764860,118606259;0,43691471708325;5;0;1802;
1803;27,3119047619047;19,2572783509487;2;9;5;4;1;1;19,2572783509487;27,3119047619047;4588,4;332654,573669396;404533,226053594;179632,779372997;4773628,82610213;769349,174899829;764799,019419449;0,437382983109688;5;0;1803;
1804;26,9297619047619;12,3373449695141;1;5;1;1;1;2;12,3373449695141;26,9297619047619;4524,2;332103,300923545;403563,648823931;179122,533554643;4734535,34142333;768916,742975836;764766,229590297;0,441057175809875;5;0;1804;
1805;26,7595238095238;11,3746356922491;1;4;1;1;1;1;11,3746356922491;26,7595238095238;4495,6;331981,587915199;403339,367499522;179004,831667265;4725458,01630073;769010,136110644;764631,729855978;0,44324395787553;5;0;1805;
1806;27,0523809523809;13,4236435635083;2;7;1;1;1;2;13,4236435635083;27,0523809523809;4544,8;332345,452748884;403983,818975157;179350,864588955;4751974,82347668;769160,412030106;764742,373779096;0,440166874644889;5;0;1806;
1807;27,4654761904762;20,4246515211104;5;5;3;3;1;2;20,4246515211104;27,4654761904762;4614,2;332754,40668602;404712,41335639;179729,067168152;4781063,64173421;769353,456834204;764855,026875408;0,435408403079538;5;0;1807;
1808;27,3952380952381;17,4559867371198;2;9;5;2;1;1;17,4559867371198;27,3952380952381;4602,4;332609,909435761;404449,448923945;179604,278267034;4771374,91066017;769306,46542344;764801,195954565;0,435914230323552;5;0;1808;
1809;27,2952380952381;14,3207471333984;2;9;1;1;1;3;14,3207471333984;27,2952380952381;4585,6;332536,257118826;404331,500945473;179528,656857701;4765701,83525635;769189,653381928;764838,484722927;0,437132175364539;5;0;1809;
1810;27,3952380952381;17,4559867371198;2;9;5;2;1;1;17,4559867371198;27,3952380952381;4602,4;332609,909435761;404449,448923945;179604,278267034;4771374,91066017;769306,46542344;764801,195954565;0,435914230323552;5;0;1810;
1811;26,7595238095238;11,3746356922491;1;4;1;1;1;1;11,3746356922491;26,7595238095238;4495,6;331981,587915199;403339,367499522;179004,831667265;4725458,01630073;769010,136110644;764631,729855978;0,44324395787553;5;0;1811;
1812;27,3833333333333;14,4391248762019;1;4;4;1;1;1;14,4391248762019;27,3833333333333;4600,4;332608,753425361;404455,502283943;179589,606215941;4770211,71361214;769271,645050654;764824,109207305;0,436014579079626;5;0;1812;
1813;26,6047619047619;11,4814614897985;1;9;1;1;1;1;11,4814614897985;26,6047619047619;4469,6;331807,638431049;403015,862354863;178844,535905342;4713079,52638512;768882,999727021;764611,549464336;0,445022059761228;5;0;1813;
1814;27,3952380952381;17,4559867371198;2;9;5;2;1;1;17,4559867371198;27,3952380952381;4602,4;332609,909435761;404449,448923945;179604,278267034;4771374,91066017;769306,46542344;764801,195954565;0,435914230323552;5;0;1814;
1815;26,7595238095238;11,3746356922491;1;4;1;1;1;1;11,3746356922491;26,7595238095238;4495,6;331981,587915199;403339,367499522;179004,831667265;4725458,01630073;769010,136110644;764631,729855978;0,44324395787553;5;0;1815;
1816;26,9845238095238;12,4357073477328;1;4;2;1;1;1;12,4357073477328;26,9845238095238;4533,4;332224,661333306;403770,56603375;179233,912444391;4743050,4478034;769102,487012864;764712,675311561;0,44069363069733;5;0;1816;
1817;26,7595238095238;11,3746356922491;1;4;1;1;1;1;11,3746356922491;26,7595238095238;4495,6;331981,587915199;403339,367499522;179004,831667265;4725458,01630073;769010,136110644;764631,729855978;0,44324395787553;5;0;1817;
1818;27,3952380952381;17,4559867371198;2;9;5;2;1;1;17,4559867371198;27,3952380952381;4602,4;332609,909435761;404449,448923945;179604,278267034;4771374,91066017;769306,46542344;764801,195954565;0,435914230323552;5;0;1818;
1819;27,2547619047619;14,3467823483451;2;4;3;1;1;1;14,3467823483451;27,2547619047619;4578,8;332527,356807117;404318,505500381;179521,824;4765106,304;769287,726020515;764765,436649727;0,437759698302515;5;0;1819;
1820;27,2952380952381;14,3207471333984;2;9;1;1;1;3;14,3207471333984;27,2952380952381;4585,6;332536,257118826;404331,500945473;179528,656857701;4765701,83525635;769189,653381928;764838,484722927;0,437132175364539;5;0;1820;
1821;27,2678571428571;22,4568003732629;3;9;9;1;1;2;22,4568003732629;27,2678571428571;4581;332558,947623427;404369,685638261;179554,277461215;4767506,30772095;769212,616061136;764835,428462955;0,437687971584567;5;0;1821;
1822;27,1654761904762;15,1289290939666;2;10;2;3;1;1;15,1289290939666;27,1654761904762;4563,8;332380,519851475;404041,470176042;179380,824;4754356,992;769220,220232593;764723,02978687;0,438508927545498;5;0;1822;
1823;27,1440476190476;16,4681041562077;5;7;1;1;1;2;16,4681041562077;27,1440476190476;4560,2;332458,872520888;404182,283688613;179456,542020073;4760087,75519459;769222,839709364;764766,193660182;0,4392057615995;5;0;1823;
1824;27,4357142857143;18,4770655923198;2;9;2;2;1;5;18,4770655923198;27,4357142857143;4609,2;332619,257197849;404465,212228754;179608,632812742;4771817,76484147;769212,927933492;764867,975067177;0,435279197501512;5;0;1824;
1825;27,2797619047619;16,4037106420958;1;4;6;1;1;1;16,4037106420958;27,2797619047619;4583;332526,815694097;404306,145376119;179517,833726424;4764826,76576199;769226,952140283;764806,899824173;0,43733944355825;5;0;1825;
1826;27,3107142857143;15,3437699051233;2;9;2;2;1;2;15,3437699051233;27,3107142857143;4588,2;332573,446398048;404397,084642222;179560,160249121;4767890,2771785;769258,536718652;764813,002762608;0,437030366200286;5;0;1826;
1827;27,1392857142857;15,4258475241265;2;9;3;2;1;1;15,4258475241265;27,1392857142857;4559,4;332451,3386;404173,265129762;179446,958091666;4759332,59939996;769239,424422737;764753,507031447;0,43924592820601;5;0;1827;
1828;27,3952380952381;17,4559867371198;2;9;5;2;1;1;17,4559867371198;27,3952380952381;4602,4;332609,909435761;404449,448923945;179604,278267034;4771374,91066017;769306,46542344;764801,195954565;0,435914230323552;5;0;1828;
1829;27,3416666666667;25,3179552459799;7;9;8;1;1;2;25,3179552459799;27,3416666666667;4593,4;332720,699413217;404652,931459512;179698,461337832;4778600,5738794;769331,968546542;764850,144541881;0,437220182016795;5;0;1829;
1830;26,7595238095238;11,3746356922491;1;4;1;1;1;1;11,3746356922491;26,7595238095238;4495,6;331981,587915199;403339,367499522;179004,831667265;4725458,01630073;769010,136110644;764631,729855978;0,44324395787553;5;0;1830;
1831;27,3952380952381;17,4559867371198;2;9;5;2;1;1;17,4559867371198;27,3952380952381;4602,4;332609,909435761;404449,448923945;179604,278267034;4771374,91066017;769306,46542344;764801,195954565;0,435914230323552;5;0;1831;
1832;26,9845238095238;12,4357073477328;1;4;2;1;1;1;12,4357073477328;26,9845238095238;4533,4;332224,661333306;403770,56603375;179233,912444391;4743050,4478034;769102,487012864;764712,675311561;0,44069363069733;5;0;1832;
1833;26,6047619047619;11,4814614897985;1;8;1;1;1;1;11,4814614897985;26,6047619047619;4469,6;331807,638431049;403015,862354863;178844,535905342;4713079,52638512;768882,999727021;764611,549464336;0,445022059761228;5;0;1833;
1834;27,5;21,4271497010065;3;9;8;1;1;2;21,4271497010065;27,5;4620;332789,19473373;404775,699182387;179760,65602652;4783397,30528138;769373,594604603;764860,885753007;0,435007387003491;5;0;1834;
1835;27,3952380952381;17,4559867371198;2;9;5;2;1;1;17,4559867371198;27,3952380952381;4602,4;332609,909435761;404449,448923945;179604,278267034;4771374,91066017;769306,46542344;764801,195954565;0,435914230323552;5;0;1835;
1836;27,1214285714286;13,4397330686006;2;10;2;1;1;1;13,4397330686006;27,1214285714286;4556,4;332374,194078095;404040,849706796;179376,214773394;4753914,48864252;769237,424130631;764710,32115833;0,439169024465394;5;0;1836;
1837;27,1214285714286;13,4397330686006;2;10;2;1;1;1;13,4397330686006;27,1214285714286;4556,4;332374,194078095;404040,849706796;179376,214773394;4753914,48864252;769237,424130631;764710,32115833;0,439169024465394;5;0;1837;
1838;26,9845238095238;12,4357073477328;1;4;2;1;1;1;12,4357073477328;26,9845238095238;4533,4;332224,661333306;403770,56603375;179233,912444391;4743050,4478034;769102,487012864;764712,675311561;0,44069363069733;5;0;1838;
1839;26,7595238095238;11,3746356922491;1;4;1;1;1;1;11,3746356922491;26,7595238095238;4495,6;331981,587915199;403339,367499522;179004,831667265;4725458,01630073;769010,136110644;764631,729855978;0,44324395787553;5;0;1839;
1840;27,3416666666667;20,3637065883924;3;9;8;1;1;1;20,3637065883924;27,3416666666667;4593,4;332589,774651955;404418,752934985;179583,334569279;4769662,73152048;769256,482421763;764822,745793939;0,4366511847055;5;0;1840;
1841;27,177380952381;25,3604098319659;2;9;1;8;5;3;25,3604098319659;27,177380952381;4565,8;332471,816918422;404206,933415912;179466,821280779;4760888,71415512;769172,940486453;764809,656165252;0,438730422549432;5;0;1841;
1842;26,625;15,4534132013852;1;4;1;1;5;1;15,4534132013852;26,625;4473;331862,350310943;403137,043635583;178896,36662297;4717045,22673859;768933,66705531;764615,91644643;0,444935763581682;5;0;1842;
1843;27,1214285714286;13,4397330686006;2;10;2;1;1;1;13,4397330686006;27,1214285714286;4556,4;332374,194078095;404040,849706796;179376,214773394;4753914,48864252;769237,424130631;764710,32115833;0,439169024465394;5;0;1843;
1844;27,2392857142857;23,4956288271033;7;5;4;3;1;2;23,4956288271033;27,2392857142857;4576,2;332585,793401739;404412,84513949;179578,165289849;4769388,09333765;769249,220738345;764825,080958951;0,438265262739918;5;0;1844;
1845;26,7595238095238;11,3746356922491;1;4;1;1;1;1;11,3746356922491;26,7595238095238;4495,6;331981,587915199;403339,367499522;179004,831667265;4725458,01630073;769010,136110644;764631,729855978;0,44324395787553;5;0;1845;
1846;26,7595238095238;11,3746356922491;1;4;1;1;1;1;11,3746356922491;26,7595238095238;4495,6;331981,587915199;403339,367499522;179004,831667265;4725458,01630073;769010,136110644;764631,729855978;0,44324395787553;5;0;1846;
1847;27,147619047619;17,447648004986;6;10;1;1;1;2;17,447648004986;27,147619047619;4560,8;332444,005392795;404155,475772277;179442,000687404;4759014,9406118;769225,395516538;764755,826251349;0,439079971110169;5;0;1847;
1848;27,0821428571428;15,3506879251213;2;9;1;1;2;3;15,3506879251213;27,0821428571428;4549,8;332492,032625639;404219,52361594;179485,033233539;4762513,02747206;769207,713241388;764791,003729518;0,440378266262171;5;0;1848;
1849;27,2535714285714;20,2777448823371;6;9;4;2;1;1;20,2777448823371;27,2535714285714;4578,6;332522,471690818;404304,160905433;179511,233536884;4764297,22940837;769264,140804213;764779,870645792;0,4377142898219;5;0;1849;
1850;26,8202380952381;12,3353129896935;1;10;1;1;1;2;12,3353129896935;26,8202380952381;4505,8;332063,865792407;403510,760155107;179080,743505291;4731146,98591607;768872,352620338;764778,45675885;0,442638380041009;5;0;1850;
1851;26,7595238095238;11,3746356922491;1;4;1;1;1;1;11,3746356922491;26,7595238095238;4495,6;331981,587915199;403339,367499522;179004,831667265;4725458,01630073;769010,136110644;764631,729855978;0,44324395787553;5;0;1851;
1852;26,7595238095238;11,3746356922491;1;4;1;1;1;1;11,3746356922491;26,7595238095238;4495,6;331981,587915199;403339,367499522;179004,831667265;4725458,01630073;769010,136110644;764631,729855978;0,44324395787553;5;0;1852;
1853;27,3952380952381;17,4559867371198;2;9;5;2;1;1;17,4559867371198;27,3952380952381;4602,4;332609,909435761;404449,448923945;179604,278267034;4771374,91066017;769306,46542344;764801,195954565;0,435914230323552;5;0;1853;
1854;27,1892857142857;19,4908438259193;5;5;3;3;1;1;19,4908438259193;27,1892857142857;4567,8;332530,066490991;404326,011598896;179515,690114075;4764477,43051236;769276,908221008;764777,418070587;0,438761335843091;5;0;1854;
1855;27,1011904761905;14,2975495403664;3;10;2;1;1;1;14,2975495403664;27,1011904761905;4553;332379,166675451;404044,13949335;179380,824;4754375,69544021;769258,681072898;764697,257046069;0,439529299613764;5;0;1855;
1856;27,1023809523809;14,4565011021736;1;4;2;1;1;3;14,4565011021736;27,1023809523809;4553,2;332398,934386116;404082,322425074;179399,297709318;4755718,17004061;769078,29365764;764829,555577415;0,439595053615984;5;0;1856;
1857;27,3833333333333;14,4391248762019;1;4;4;1;1;1;14,4391248762019;27,3833333333333;4600,4;332608,753425361;404455,502283943;179589,606215941;4770211,71361214;769271,645050654;764824,109207305;0,436014579079626;5;0;1857;
1858;26,9380952380952;14,2671673739025;1;10;1;1;1;4;14,2671673739025;26,9380952380952;4525,6;332122,002950956;403581,652661173;179140,221112289;4735802,61273045;768856,787353578;764814,203316437;0,440976644594202;5;0;1858;
1859;26,7595238095238;11,3746356922491;1;4;1;1;1;1;11,3746356922491;26,7595238095238;4495,6;331981,587915199;403339,367499522;179004,831667265;4725458,01630073;769010,136110644;764631,729855978;0,44324395787553;5;0;1859;
1860;27,0523809523809;13,4236435635083;2;7;1;1;1;2;13,4236435635083;27,0523809523809;4544,8;332345,452748884;403983,818975157;179350,864588955;4751974,82347668;769160,412030106;764742,373779096;0,440166874644889;5;0;1860;
1861;26,7595238095238;11,3746356922491;1;4;1;1;1;1;11,3746356922491;26,7595238095238;4495,6;331981,587915199;403339,367499522;179004,831667265;4725458,01630073;769010,136110644;764631,729855978;0,44324395787553;5;0;1861;
1862;27,2119047619047;13,4465016627455;1;4;3;1;1;1;13,4465016627455;27,2119047619047;4571,6;332427,091756605;404146,437128666;179418,942737765;4757435,77648499;769184,447088749;764780,096412899;0,437944470557273;5;0;1862;
1863;27,272619047619;15,3865817614302;4;7;1;1;1;2;15,3865817614302;27,272619047619;4581,8;332529,182234743;404306,752083692;179520,799623408;4765139,10028186;769243,904447914;764793,282738853;0,437457238271497;5;0;1863;
1864;26,8464285714286;15,4710704519151;1;5;1;1;4;2;15,4710704519151;26,8464285714286;4510,2;332012,188655293;403388,038111575;179034,717700442;4727678,30185106;768845,496653864;764760,139637627;0,441944940706853;5;0;1864;
1865;26,9845238095238;12,4357073477328;1;4;2;1;1;1;12,4357073477328;26,9845238095238;4533,4;332224,661333306;403770,56603375;179233,912444391;4743050,4478034;769102,487012864;764712,675311561;0,44069363069733;5;0;1865;
1866;26,7595238095238;11,3746356922491;1;4;1;1;1;1;11,3746356922491;26,7595238095238;4495,6;331981,587915199;403339,367499522;179004,831667265;4725458,01630073;769010,136110644;764631,729855978;0,44324395787553;5;0;1866;
1867;27,2321428571428;18,4542956744342;1;9;2;2;1;6;18,4542956744342;27,2321428571428;4575;332434,271879068;404144,744563911;179431,677763174;4758189,82439972;769088,855722966;764844,604382116;0,437675192063725;5;0;1867;
1868;26,8071428571429;12,4368077102845;2;10;1;1;1;1;12,4368077102845;26,8071428571429;4503,6;332011,286594615;403386,929667095;179035,825581121;4727754,94670534;769151,530917001;764551,243145734;0,442630141312183;5;0;1868;
1869;26,6047619047619;11,4814614897985;1;6;1;1;1;1;11,4814614897985;26,6047619047619;4469,6;331807,638431049;403015,862354863;178844,535905342;4713079,52638512;768882,999727021;764611,549464336;0,445022059761228;5;0;1869;
1870;27,3833333333333;14,4391248762019;1;4;4;1;1;1;14,4391248762019;27,3833333333333;4600,4;332608,753425361;404455,502283943;179589,606215941;4770211,71361214;769271,645050654;764824,109207305;0,436014579079626;5;0;1870;
1871;27,5;21,4271497010065;3;9;8;1;1;2;21,4271497010065;27,5;4620;332789,19473373;404775,699182387;179760,65602652;4783397,30528138;769373,594604603;764860,885753007;0,435007387003491;5;0;1871;
1872;27,2619047619048;23,431406439963;5;5;3;3;1;5;23,431406439963;27,2619047619048;4580;332534,682682446;404330,158621953;179525,761586457;4765402,83403552;769258,273647735;764791,265091229;0,437650868955486;5;0;1872;
1873;26,7595238095238;11,3746356922491;1;4;1;1;1;1;11,3746356922491;26,7595238095238;4495,6;331981,587915199;403339,367499522;179004,831667265;4725458,01630073;769010,136110644;764631,729855978;0,44324395787553;5;0;1873;
1874;27,2107142857143;20,4631221252468;1;9;2;2;4;5;20,4631221252468;27,2107142857143;4571,4;332481,864888369;404227,609954609;179478,945371701;4761811,1963997;769144,132079948;764834,464790218;0,438243273538947;5;0;1874;
1875;26,9130952380952;12,49780242493;1;4;1;1;1;2;12,49780242493;26,9130952380952;4521,4;332117,068582052;403584,601615422;179130,087731957;4735091,08209185;768939,165728604;764759,404688674;0,441342533644459;5;0;1875;
1876;27,5;21,4271497010065;3;9;8;1;1;2;21,4271497010065;27,5;4620;332789,19473373;404775,699182387;179760,65602652;4783397,30528138;769373,594604603;764860,885753007;0,435007387003491;5;0;1876;
1877;27,2738095238095;14,4855156077895;2;9;2;1;1;2;14,4855156077895;27,2738095238095;4582;332532,796999198;404326,064309347;179524,418790097;4765314,38089657;769194,510838109;764831,13917572;0,437450724732907;5;0;1877;
1878;27,5;21,4271497010065;3;9;8;1;1;2;21,4271497010065;27,5;4620;332789,19473373;404775,699182387;179760,65602652;4783397,30528138;769373,594604603;764860,885753007;0,435007387003491;5;0;1878;
1879;26,9845238095238;12,4357073477328;1;4;2;1;1;1;12,4357073477328;26,9845238095238;4533,4;332224,661333306;403770,56603375;179233,912444391;4743050,4478034;769102,487012864;764712,675311561;0,44069363069733;5;0;1879;
1880;26,575;11,4884022075257;1;3;1;1;1;1;11,4884022075257;26,575;4464,6;331764,570945479;402966,927025517;178800,855001487;4709602,1005417;768916,602327864;764569,832426695;0,445284488120723;5;0;1880;
1881;27,3952380952381;17,4559867371198;2;9;5;2;1;1;17,4559867371198;27,3952380952381;4602,4;332609,909435761;404449,448923945;179604,278267034;4771374,91066017;769306,46542344;764801,195954565;0,435914230323552;5;0;1881;
1882;26,8202380952381;12,3353129896935;1;10;1;1;1;2;12,3353129896935;26,8202380952381;4505,8;332063,865792407;403510,760155107;179080,743505291;4731146,98591607;768872,352620338;764778,45675885;0,442638380041009;5;0;1882;
1883;26,8071428571429;12,4368077102845;2;4;1;1;1;1;12,4368077102845;26,8071428571429;4503,6;332011,286594615;403386,929667095;179035,825581121;4727754,94670534;769151,530917001;764551,243145734;0,442630141312183;5;0;1883;
1884;26,9845238095238;12,4357073477328;1;4;2;1;1;1;12,4357073477328;26,9845238095238;4533,4;332224,661333306;403770,56603375;179233,912444391;4743050,4478034;769102,487012864;764712,675311561;0,44069363069733;5;0;1884;
1885;27,5;21,4271497010065;3;9;8;1;1;2;21,4271497010065;27,5;4620;332789,19473373;404775,699182387;179760,65602652;4783397,30528138;769373,594604603;764860,885753007;0,435007387003491;5;0;1885;
1886;26,7595238095238;11,3746356922491;1;4;1;1;1;1;11,3746356922491;26,7595238095238;4495,6;331981,587915199;403339,367499522;179004,831667265;4725458,01630073;769010,136110644;764631,729855978;0,44324395787553;5;0;1886;
1887;27,3095238095238;16,4487814596784;2;9;5;1;1;1;16,4487814596784;27,3095238095238;4588;332558,416149617;404364,519683876;179547,405470258;4766991,28494173;769271,554028774;764794,204318093;0,43698666290331;5;0;1887;
1888;27,3952380952381;17,4559867371198;2;9;5;2;1;1;17,4559867371198;27,3952380952381;4602,4;332609,909435761;404449,448923945;179604,278267034;4771374,91066017;769306,46542344;764801,195954565;0,435914230323552;5;0;1888;
1889;26,9130952380952;12,49780242493;1;4;1;1;1;2;12,49780242493;26,9130952380952;4521,4;332117,068582052;403584,601615422;179130,087731957;4735091,08209185;768939,165728604;764759,404688674;0,441342533644459;5;0;1889;
1890;26,5023809523809;13,3121397183086;1;4;1;3;1;1;13,3121397183086;26,5023809523809;4452,4;331782,437248656;402998,834347711;178817,624895005;4710856,6375746;768874,352459947;764609,223839584;0,446584315858712;5;0;1890;
1891;27,1880952380953;16,3542105597939;1;4;4;1;1;3;16,3542105597939;27,1880952380953;4567,6;332575,108041311;404396,721539171;179563,704415649;4768310,88899682;769257,224397629;764814,840470917;0,439040923241592;5;0;1891;
1892;27,3952380952381;17,4559867371198;2;9;5;2;1;1;17,4559867371198;27,3952380952381;4602,4;332609,909435761;404449,448923945;179604,278267034;4771374,91066017;769306,46542344;764801,195954565;0,435914230323552;5;0;1892;
1893;26,6785714285714;12,491590785092;1;4;1;1;2;1;12,491590785092;26,6785714285714;4482;331927,38126568;403229,05585727;178959,127755601;4721860,5694328;768963,34695168;764626,828739568;0,444355150544363;5;0;1893;
1894;27,0523809523809;13,4236435635083;2;7;1;1;1;2;13,4236435635083;27,0523809523809;4544,8;332345,452748884;403983,818975157;179350,864588955;4751974,82347668;769160,412030106;764742,373779096;0,440166874644889;5;0;1894;
1895;26,7595238095238;11,3746356922491;1;4;1;1;1;1;11,3746356922491;26,7595238095238;4495,6;331981,587915199;403339,367499522;179004,831667265;4725458,01630073;769010,136110644;764631,729855978;0,44324395787553;5;0;1895;
1896;26,7595238095238;11,3746356922491;1;4;1;1;1;1;11,3746356922491;26,7595238095238;4495,6;331981,587915199;403339,367499522;179004,831667265;4725458,01630073;769010,136110644;764631,729855978;0,44324395787553;5;0;1896;
1897;27,2119047619047;13,4465016627455;1;4;3;1;1;1;13,4465016627455;27,2119047619047;4571,6;332427,091756605;404146,437128666;179418,942737765;4757435,77648499;769184,447088749;764780,096412899;0,437944470557273;5;0;1897;
1898;27,3952380952381;17,4559867371198;2;9;5;2;1;1;17,4559867371198;27,3952380952381;4602,4;332609,909435761;404449,448923945;179604,278267034;4771374,91066017;769306,46542344;764801,195954565;0,435914230323552;5;0;1898;
1899;26,7595238095238;11,3746356922491;1;4;1;1;1;1;11,3746356922491;26,7595238095238;4495,6;331981,587915199;403339,367499522;179004,831667265;4725458,01630073;769010,136110644;764631,729855978;0,44324395787553;5;0;1899;
1900;27,3880952380952;17,4328970375917;2;5;5;2;1;1;17,4328970375917;27,3880952380952;4601,2;332623,787653482;404475,032923945;179616,792443404;4772347,85674616;769320,522751065;764800,013800616;0,436091791747718;5;0;1900;
1901;26,7595238095238;11,3746356922491;1;4;1;1;1;1;11,3746356922491;26,7595238095238;4495,6;331981,587915199;403339,367499522;179004,831667265;4725458,01630073;769010,136110644;764631,729855978;0,44324395787553;5;0;1901;
1902;26,6785714285714;12,491590785092;1;4;1;1;2;1;12,491590785092;26,6785714285714;4482;331927,38126568;403229,05585727;178959,127755601;4721860,5694328;768963,34695168;764626,828739568;0,444355150544363;5;0;1902;
1903;26,8976190476191;12,4107013513997;1;5;2;1;1;1;12,4107013513997;26,8976190476191;4518,8;332177,523588855;403690,376345794;179186,536444391;4739488,42559583;769087,418139246;764695,6353807;0,441885706491048;5;0;1903;
1904;26,6047619047619;11,4814614897985;1;7;1;1;1;1;11,4814614897985;26,6047619047619;4469,6;331807,638431049;403015,862354863;178844,535905342;4713079,52638512;768882,999727021;764611,549464336;0,445022059761228;5;0;1904;
1905;27,0523809523809;13,4236435635083;2;7;1;1;1;2;13,4236435635083;27,0523809523809;4544,8;332345,452748884;403983,818975157;179350,864588955;4751974,82347668;769160,412030106;764742,373779096;0,440166874644889;5;0;1905;
1906;27,3607142857143;19,4319928344483;2;5;3;2;1;5;19,4319928344483;27,3607142857143;4596,6;332594,474890779;404414,20761507;179583,203637466;4769845,38378129;769283,215812475;764803,763147851;0,436346877131224;5;0;1906;
1907;27,1011904761905;14,2975495403664;3;10;2;1;1;1;14,2975495403664;27,1011904761905;4553;332379,166675451;404044,13949335;179380,824;4754375,69544021;769258,681072898;764697,257046069;0,439529299613764;5;0;1907;
1908;26,6785714285714;12,491590785092;1;4;1;1;2;1;12,491590785092;26,6785714285714;4482;331927,38126568;403229,05585727;178959,127755601;4721860,5694328;768963,34695168;764626,828739568;0,444355150544363;5;0;1908;
1909;27,3952380952381;17,4559867371198;2;9;5;2;1;1;17,4559867371198;27,3952380952381;4602,4;332609,909435761;404449,448923945;179604,278267034;4771374,91066017;769306,46542344;764801,195954565;0,435914230323552;5;0;1909;
1910;27,025;18,3809237735155;2;7;1;1;6;2;18,3809237735155;27,025;4540,2;332327,846922713;403953,188524335;179333,448;4750629,408;769135,916067892;764749,993143643;0,440542732673709;5;0;1910;
1911;27,3833333333333;14,4391248762019;1;4;4;1;1;1;14,4391248762019;27,3833333333333;4600,4;332608,753425361;404455,502283943;179589,606215941;4770211,71361214;769271,645050654;764824,109207305;0,436014579079626;5;0;1911;
1912;26,7595238095238;11,3746356922491;1;4;1;1;1;1;11,3746356922491;26,7595238095238;4495,6;331981,587915199;403339,367499522;179004,831667265;4725458,01630073;769010,136110644;764631,729855978;0,44324395787553;5;0;1912;
1913;26,9845238095238;12,4357073477328;1;4;2;1;1;1;12,4357073477328;26,9845238095238;4533,4;332224,661333306;403770,56603375;179233,912444391;4743050,4478034;769102,487012864;764712,675311561;0,44069363069733;5;0;1913;
1914;27,3952380952381;17,4559867371198;2;9;5;2;1;1;17,4559867371198;27,3952380952381;4602,4;332609,909435761;404449,448923945;179604,278267034;4771374,91066017;769306,46542344;764801,195954565;0,435914230323552;5;0;1914;
1915;26,7595238095238;11,3746356922491;1;4;1;1;1;1;11,3746356922491;26,7595238095238;4495,6;331981,587915199;403339,367499522;179004,831667265;4725458,01630073;769010,136110644;764631,729855978;0,44324395787553;5;0;1915;
1916;27,4059523809524;17,3433551445509;3;9;4;1;1;2;17,3433551445509;27,4059523809524;4604,2;332649,120427027;404525,737753011;179639,516434658;4773992,96733794;769372,911916371;764779,030949631;0,435922068129868;5;0;1916;
1917;26,8202380952381;12,3353129896935;1;10;1;1;1;2;12,3353129896935;26,8202380952381;4505,8;332063,865792407;403510,760155107;179080,743505291;4731146,98591607;768872,352620338;764778,45675885;0,442638380041009;5;0;1917;
1918;27,2;18,4331852206779;2;10;2;1;6;1;18,4331852206779;27,2;4569,6;332448,758067435;404181,17930076;179443,551109374;4759041,28563169;769282,024673124;764726,035976351;0,438249900353663;5;0;1918;
1919;26,7595238095238;11,3746356922491;1;4;1;1;1;1;11,3746356922491;26,7595238095238;4495,6;331981,587915199;403339,367499522;179004,831667265;4725458,01630073;769010,136110644;764631,729855978;0,44324395787553;5;0;1919;
1920;27,2952380952381;14,3207471333984;2;6;1;1;1;3;14,3207471333984;27,2952380952381;4585,6;332536,257118826;404331,500945473;179528,656857701;4765701,83525635;769189,653381928;764838,484722927;0,437132175364539;5;0;1920;
1921;26,7595238095238;11,3746356922491;1;4;1;1;1;1;11,3746356922491;26,7595238095238;4495,6;331981,587915199;403339,367499522;179004,831667265;4725458,01630073;769010,136110644;764631,729855978;0,44324395787553;5;0;1921;
1922;26,7595238095238;11,3746356922491;1;4;1;1;1;1;11,3746356922491;26,7595238095238;4495,6;331981,587915199;403339,367499522;179004,831667265;4725458,01630073;769010,136110644;764631,729855978;0,44324395787553;5;0;1922;
1923;26,9297619047619;12,3373449695141;1;5;1;1;1;2;12,3373449695141;26,9297619047619;4524,2;332103,300923545;403563,648823931;179122,533554643;4734535,34142333;768916,742975836;764766,229590297;0,441057175809875;5;0;1923;
1924;26,9797619047619;17,4031357764913;1;4;1;1;1;7;17,4031357764913;26,9797619047619;4532,6;332232,013308924;403792,769078182;179239,288554168;4743364,05228216;768935,568175303;764829,841646135;0,440788347094233;5;0;1924;
1925;26,9845238095238;16,4162134505899;1;5;1;1;1;6;16,4162134505899;26,9845238095238;4533,4;332288,353479011;403879,498725693;179292,84;4747595,328;768938,435540559;764858,34494551;0,44098468929812;5;0;1925;
1926;27,2119047619047;13,4465016627455;1;4;3;1;1;1;13,4465016627455;27,2119047619047;4571,6;332427,091756605;404146,437128666;179418,942737765;4757435,77648499;769184,447088749;764780,096412899;0,437944470557273;5;0;1926;
1927;27,3416666666667;20,3637065883924;3;9;8;1;1;1;20,3637065883924;27,3416666666667;4593,4;332589,774651955;404418,752934985;179583,334569279;4769662,73152048;769256,482421763;764822,745793939;0,4366511847055;5;0;1927;
1928;27,3952380952381;17,4559867371198;2;7;5;2;1;1;17,4559867371198;27,3952380952381;4602,4;332609,909435761;404449,448923945;179604,278267034;4771374,91066017;769306,46542344;764801,195954565;0,435914230323552;5;0;1928;
1929;27,3083333333333;18,4612029507182;2;10;4;1;4;1;18,4612029507182;27,3083333333333;4587,8;332642,414775661;404513,756931886;179624,472;4772994,912;769289,918543937;764831,19373874;0,437411608668424;5;0;1929;
1930;27,4357142857143;18,4770655923198;2;9;2;2;1;5;18,4770655923198;27,4357142857143;4609,2;332619,257197849;404465,212228754;179608,632812742;4771817,76484147;769212,927933492;764867,975067177;0,435279197501512;5;0;1930;
1931;26,7595238095238;11,3746356922491;1;4;1;1;1;1;11,3746356922491;26,7595238095238;4495,6;331981,587915199;403339,367499522;179004,831667265;4725458,01630073;769010,136110644;764631,729855978;0,44324395787553;5;0;1931;
1932;27,4357142857143;18,4770655923198;2;9;2;2;1;5;18,4770655923198;27,4357142857143;4609,2;332619,257197849;404465,212228754;179608,632812742;4771817,76484147;769212,927933492;764867,975067177;0,435279197501512;5;0;1932;
1933;27,2952380952381;14,3207471333984;2;9;1;1;1;3;14,3207471333984;27,2952380952381;4585,6;332536,257118826;404331,500945473;179528,656857701;4765701,83525635;769189,653381928;764838,484722927;0,437132175364539;5;0;1933;
1934;27,3833333333333;14,4391248762019;1;4;4;1;1;1;14,4391248762019;27,3833333333333;4600,4;332608,753425361;404455,502283943;179589,606215941;4770211,71361214;769271,645050654;764824,109207305;0,436014579079626;5;0;1934;
1935;27,0523809523809;13,4236435635083;2;8;1;1;1;2;13,4236435635083;27,0523809523809;4544,8;332345,452748884;403983,818975157;179350,864588955;4751974,82347668;769160,412030106;764742,373779096;0,440166874644889;5;0;1935;
1936;27,4357142857143;18,4770655923198;2;9;2;2;1;5;18,4770655923198;27,4357142857143;4609,2;332619,257197849;404465,212228754;179608,632812742;4771817,76484147;769212,927933492;764867,975067177;0,435279197501512;5;0;1936;
1937;26,8071428571429;12,4368077102845;2;7;1;1;1;1;12,4368077102845;26,8071428571429;4503,6;332011,286594615;403386,929667095;179035,825581121;4727754,94670534;769151,530917001;764551,243145734;0,442630141312183;5;0;1937;
1938;27,1214285714286;13,4397330686006;2;8;2;1;1;1;13,4397330686006;27,1214285714286;4556,4;332374,194078095;404040,849706796;179376,214773394;4753914,48864252;769237,424130631;764710,32115833;0,439169024465394;5;0;1938;
1939;26,9845238095238;12,4357073477328;1;4;2;1;1;1;12,4357073477328;26,9845238095238;4533,4;332224,661333306;403770,56603375;179233,912444391;4743050,4478034;769102,487012864;764712,675311561;0,44069363069733;5;0;1939;
1940;26,7595238095238;11,3746356922491;1;4;1;1;1;1;11,3746356922491;26,7595238095238;4495,6;331981,587915199;403339,367499522;179004,831667265;4725458,01630073;769010,136110644;764631,729855978;0,44324395787553;5;0;1940;
1941;27,5;21,4271497010065;3;9;8;1;1;2;21,4271497010065;27,5;4620;332789,19473373;404775,699182387;179760,65602652;4783397,30528138;769373,594604603;764860,885753007;0,435007387003491;5;0;1941;
1942;27,3607142857143;19,4319928344483;2;9;3;2;1;5;19,4319928344483;27,3607142857143;4596,6;332594,474890779;404414,20761507;179583,203637466;4769845,38378129;769283,215812475;764803,763147851;0,436346877131224;5;0;1942;
1943;27,3833333333333;14,4391248762019;1;4;4;1;1;1;14,4391248762019;27,3833333333333;4600,4;332608,753425361;404455,502283943;179589,606215941;4770211,71361214;769271,645050654;764824,109207305;0,436014579079626;5;0;1943;
1944;27,3714285714286;16,3770816817702;2;9;2;2;1;3;16,3770816817702;27,3714285714286;4598,4;332628,545183411;404477,834077592;179616,560012592;4772387,04287204;769240,363813793;764854,680612697;0,436337975067538;5;0;1944;
1945;27,4654761904762;20,4246515211104;5;5;3;3;1;2;20,4246515211104;27,4654761904762;4614,2;332754,40668602;404712,41335639;179729,067168152;4781063,64173421;769353,456834204;764855,026875408;0,435408403079538;5;0;1945;
1946;26,9297619047619;12,3373449695141;1;5;1;1;1;2;12,3373449695141;26,9297619047619;4524,2;332103,300923545;403563,648823931;179122,533554643;4734535,34142333;768916,742975836;764766,229590297;0,441057175809875;5;0;1946;
1947;27,3;19,5898282411609;5;5;2;3;1;2;19,5898282411609;27,3;4586,4;332616,294612247;404466,35657652;179605,296;4771532,62569236;769258,08337515;764836,857182569;0,437442499642152;5;0;1947;
1948;27,3952380952381;17,4559867371198;2;9;5;2;1;1;17,4559867371198;27,3952380952381;4602,4;332609,909435761;404449,448923945;179604,278267034;4771374,91066017;769306,46542344;764801,195954565;0,435914230323552;5;0;1948;
1949;26,9845238095238;12,4357073477328;1;4;2;1;1;1;12,4357073477328;26,9845238095238;4533,4;332224,661333306;403770,56603375;179233,912444391;4743050,4478034;769102,487012864;764712,675311561;0,44069363069733;5;0;1949;
1950;27,2678571428571;15,4436249014677;3;9;2;1;1;2;15,4436249014677;27,2678571428571;4581;332621,867934303;404476,335312605;179605,233424513;4771740,44373341;769296,72389563;764813,706928315;0,437957779762393;5;0;1950;
1951;27,4357142857143;18,4770655923198;2;6;2;2;1;5;18,4770655923198;27,4357142857143;4609,2;332619,257197849;404465,212228754;179608,632812742;4771817,76484147;769212,927933492;764867,975067177;0,435279197501512;5;0;1951;
1952;27,0797619047619;20,3942418159169;5;7;1;6;1;1;20,3942418159169;27,0797619047619;4549,4;332317,780233272;403906,369839895;179326,68;4750192,051709;769310,725407995;764619,836153755;0,439601450539582;5;0;1952;
1953;27,3;23,4311294116417;5;5;3;3;4;2;23,4311294116417;27,3;4586,4;332644,8;404518,532001044;179630,112;4773491,64680742;769286,396411912;764835,033717552;0,437551341375072;5;0;1953;
1954;26,7595238095238;11,3746356922491;1;4;1;1;1;1;11,3746356922491;26,7595238095238;4495,6;331981,587915199;403339,367499522;179004,831667265;4725458,01630073;769010,136110644;764631,729855978;0,44324395787553;5;0;1954;
1955;26,9297619047619;12,3373449695141;1;5;1;1;1;2;12,3373449695141;26,9297619047619;4524,2;332103,300923545;403563,648823931;179122,533554643;4734535,34142333;768916,742975836;764766,229590297;0,441057175809875;5;0;1955;
1956;27,2119047619047;13,4465016627455;1;4;3;1;1;1;13,4465016627455;27,2119047619047;4571,6;332427,091756605;404146,437128666;179418,942737765;4757435,77648499;769184,447088749;764780,096412899;0,437944470557273;5;0;1956;
1957;26,5821428571429;13,4152990194602;1;3;1;3;1;1;13,4152990194602;26,5821428571429;4465,8;331787,73155277;402992,563667403;178823,592;4711533,12;768912,348032274;764584,5693131;0,445277689889005;5;0;1957;
1958;26,9845238095238;12,4357073477328;1;4;2;1;1;1;12,4357073477328;26,9845238095238;4533,4;332224,661333306;403770,56603375;179233,912444391;4743050,4478034;769102,487012864;764712,675311561;0,44069363069733;5;0;1958;
1959;27,2964285714286;22,3991419282178;2;5;5;6;1;2;22,3991419282178;27,2964285714286;4585,8;332609,596973657;404456,250370192;179600,939985106;4771197,12310398;769263,197659761;764830,645093845;0,437467902883675;5;0;1959;
1960;27,0523809523809;13,4236435635083;2;8;1;1;1;2;13,4236435635083;27,0523809523809;4544,8;332345,452748884;403983,818975157;179350,864588955;4751974,82347668;769160,412030106;764742,373779096;0,440166874644889;5;0;1960;
1961;26,7595238095238;11,3746356922491;1;4;1;1;1;1;11,3746356922491;26,7595238095238;4495,6;331981,587915199;403339,367499522;179004,831667265;4725458,01630073;769010,136110644;764631,729855978;0,44324395787553;5;0;1961;
1962;27,1797619047619;14,4849658813462;1;6;4;1;1;1;14,4849658813462;27,1797619047619;4566,2;332505,335886116;404265,02371347;179483,600102462;4762419,09691749;769235,656809836;764786,567362625;0,43878994258675;5;0;1962;
1963;26,7273809523809;16,3315320575974;1;10;1;1;5;2;16,3315320575974;26,7273809523809;4490,2;332024,206719307;403403,206886339;179046,562194527;4728586,03255862;768890,411883216;764735,441906907;0,443988052342587;5;0;1963;
1964;27,1214285714286;13,4397330686006;2;8;2;1;1;1;13,4397330686006;27,1214285714286;4556,4;332374,194078095;404040,849706796;179376,214773394;4753914,48864252;769237,424130631;764710,32115833;0,439169024465394;5;0;1964;
1965;27,1214285714286;13,4397330686006;2;8;2;1;1;1;13,4397330686006;27,1214285714286;4556,4;332374,194078095;404040,849706796;179376,214773394;4753914,48864252;769237,424130631;764710,32115833;0,439169024465394;5;0;1965;
1966;27,1071428571429;15,4518139963841;1;10;1;1;1;5;15,4518139963841;27,1071428571429;4554;332278,21502076;403870,400578467;179286,845365733;4747022,31971313;768971,499401628;764831,636868367;0,438948864628054;5;0;1966;
1967;27,4654761904762;20,4246515211104;5;5;3;3;1;2;20,4246515211104;27,4654761904762;4614,2;332754,40668602;404712,41335639;179729,067168152;4781063,64173421;769353,456834204;764855,026875408;0,435408403079538;5;0;1967;
1968;27,2119047619047;13,4465016627455;1;4;3;1;1;1;13,4465016627455;27,2119047619047;4571,6;332427,091756605;404146,437128666;179418,942737765;4757435,77648499;769184,447088749;764780,096412899;0,437944470557273;5;0;1968;
1969;27,2083333333333;14,3626593312448;3;10;1;1;1;2;14,3626593312448;27,2083333333333;4571;332467,874348792;404215,794568051;179460,912;4760355,99123281;769215,934710805;764781,490999872;0,438182201736943;5;0;1969;
1970;27,0523809523809;13,4236435635083;2;6;1;1;1;2;13,4236435635083;27,0523809523809;4544,8;332345,452748884;403983,818975157;179350,864588955;4751974,82347668;769160,412030106;764742,373779096;0,440166874644889;5;0;1970;
1971;27,2119047619047;13,4465016627455;1;4;3;1;1;1;13,4465016627455;27,2119047619047;4571,6;332427,091756605;404146,437128666;179418,942737765;4757435,77648499;769184,447088749;764780,096412899;0,437944470557273;5;0;1971;
1972;27,2130952380953;25,4912334314485;3;8;8;1;3;4;25,4912334314485;27,2130952380953;4571,8;332566,044924958;404382,566855656;179555,386507094;4767696,2273196;769272,038901718;764799,406982469;0,438579622546396;5;0;1972;
1973;26,8785714285714;13,5346645955845;3;4;1;1;1;1;13,5346645955845;26,8785714285714;4515,6;332246,12137938;403810,279941667;179255,93210978;4744552,93153556;769248,399016391;764625,702999078;0,442537547506124;5;0;1973;
1974;26,8976190476191;12,4107013513997;1;10;2;1;1;1;12,4107013513997;26,8976190476191;4518,8;332177,523588855;403690,376345794;179186,536444391;4739488,42559583;769087,418139246;764695,6353807;0,441885706491048;5;0;1974;
1975;26,827380952381;13,4411156932339;1;5;1;1;1;3;13,4411156932339;26,827380952381;4507;332053,511560589;403469,806558276;179074,618139487;4730615,91553505;768847,133629846;764784,285469338;0,442461788948923;5;0;1975;
1976;26,7595238095238;11,3746356922491;1;4;1;1;1;1;11,3746356922491;26,7595238095238;4495,6;331981,587915199;403339,367499522;179004,831667265;4725458,01630073;769010,136110644;764631,729855978;0,44324395787553;5;0;1976;
1977;26,5023809523809;13,3121397183086;1;4;1;1;3;1;13,3121397183086;26,5023809523809;4452,4;331782,437248656;402998,834347711;178817,624895005;4710856,6375746;768874,352459947;764609,223839584;0,446584315858712;5;0;1977;
1978;27,4059523809524;17,3433551445509;3;9;4;1;1;2;17,3433551445509;27,4059523809524;4604,2;332649,120427027;404525,737753011;179639,516434658;4773992,96733794;769372,911916371;764779,030949631;0,435922068129868;5;0;1978;
1979;26,9880952380952;15,3735603310333;1;4;1;1;1;5;15,3735603310333;26,9880952380952;4534;332161,710876268;403657,770712114;179175,786836818;4738472,04388536;768894,712120252;764813,260948781;0,440340135088723;5;0;1979;
1980;27,2511904761905;16,4018983085265;3;7;1;3;1;2;16,4018983085265;27,2511904761905;4578,2;332551,095911694;404346,166120388;179539,408259561;4766580;769303,899612727;764767,645122397;0,437903414890684;5;0;1980;
1981;27,1892857142857;19,4908438259193;5;5;3;3;1;1;19,4908438259193;27,1892857142857;4567,8;332530,066490991;404326,011598896;179515,690114075;4764477,43051236;769276,908221008;764777,418070587;0,438761335843091;5;0;1981;
1982;27,0321428571429;16,4681235709778;6;4;1;1;1;1;16,4681235709778;27,0321428571429;4541,4;332258,589987179;403832,082525888;179266,896;4745514,816;769294,916298682;764603,802326859;0,440086958203779;5;0;1982;
1983;26,7595238095238;11,3746356922491;1;4;1;1;1;1;11,3746356922491;26,7595238095238;4495,6;331981,587915199;403339,367499522;179004,831667265;4725458,01630073;769010,136110644;764631,729855978;0,44324395787553;5;0;1983;
1984;26,7595238095238;11,3746356922491;1;4;1;1;1;1;11,3746356922491;26,7595238095238;4495,6;331981,587915199;403339,367499522;179004,831667265;4725458,01630073;769010,136110644;764631,729855978;0,44324395787553;5;0;1984;
1985;26,5869047619048;11,529297601768;1;2;1;1;1;1;11,529297601768;26,5869047619048;4466,6;331785,690842114;402997,529739523;178821,874491814;4711257,41771323;768876,286272831;764608,995184652;0,445192328633132;5;0;1985;
1986;27,0952380952381;15,4231563747338;5;4;1;1;1;1;15,4231563747338;27,0952380952381;4552;332397,115545212;404079,930167521;179396,806891233;4755508,89445229;769318,934583328;764667,214787629;0,439697351162682;5;0;1986;
1987;27,2916666666667;19,4166283594804;5;3;3;3;1;1;19,4166283594804;27,2916666666667;4585;332537,585371353;404338,648256261;179522,952;4765377,3082965;769268,549617443;764786,884823209;0,437169105729777;5;0;1987;
1988;26,7595238095238;11,3746356922491;1;4;1;1;1;1;11,3746356922491;26,7595238095238;4495,6;331981,587915199;403339,367499522;179004,831667265;4725458,01630073;769010,136110644;764631,729855978;0,44324395787553;5;0;1988;
1989;27,2547619047619;14,3467823483451;2;4;3;1;1;1;14,3467823483451;27,2547619047619;4578,8;332527,356807117;404318,505500381;179521,824;4765106,304;769287,726020515;764765,436649727;0,437759698302515;5;0;1989;
1990;26,7595238095238;11,3746356922491;1;4;1;1;1;1;11,3746356922491;26,7595238095238;4495,6;331981,587915199;403339,367499522;179004,831667265;4725458,01630073;769010,136110644;764631,729855978;0,44324395787553;5;0;1990;
1991;27,3416666666667;20,3637065883924;3;9;8;1;1;1;20,3637065883924;27,3416666666667;4593,4;332589,774651955;404418,752934985;179583,334569279;4769662,73152048;769256,482421763;764822,745793939;0,4366511847055;5;0;1991;
1992;26,5023809523809;13,3121397183086;1;4;1;1;3;1;13,3121397183086;26,5023809523809;4452,4;331782,437248656;402998,834347711;178817,624895005;4710856,6375746;768874,352459947;764609,223839584;0,446584315858712;5;0;1992;
1993;26,7595238095238;11,3746356922491;1;4;1;1;1;1;11,3746356922491;26,7595238095238;4495,6;331981,587915199;403339,367499522;179004,831667265;4725458,01630073;769010,136110644;764631,729855978;0,44324395787553;5;0;1993;
1994;27,1130952380952;17,4869173938137;1;9;2;2;1;5;17,4869173938137;27,1130952380952;4555;332393,973255252;404079,495361383;179398,511450313;4755493,2171939;769093,223463767;764819,42746834;0,439409659441946;5;0;1994;
1995;27,4357142857143;18,4770655923198;2;9;2;2;1;5;18,4770655923198;27,4357142857143;4609,2;332619,257197849;404465,212228754;179608,632812742;4771817,76484147;769212,927933492;764867,975067177;0,435279197501512;5;0;1995;
1996;26,7595238095238;11,3746356922491;1;4;1;1;1;1;11,3746356922491;26,7595238095238;4495,6;331981,587915199;403339,367499522;179004,831667265;4725458,01630073;769010,136110644;764631,729855978;0,44324395787553;5;0;1996;
1997;27,2119047619047;13,4465016627455;1;5;3;1;1;1;13,4465016627455;27,2119047619047;4571,6;332427,091756605;404146,437128666;179418,942737765;4757435,77648499;769184,447088749;764780,096412899;0,437944470557273;5;0;1997;
1998;27,5;21,4271497010065;3;9;8;1;1;2;21,4271497010065;27,5;4620;332789,19473373;404775,699182387;179760,65602652;4783397,30528138;769373,594604603;764860,885753007;0,435007387003491;5;0;1998;
1999;27,2321428571429;18,3923455085254;4;5;3;3;1;1;18,3923455085254;27,2321428571429;4575;332473,549785775;404217,239180304;179472,192;4761307,46493769;769251,467484865;764760,1900171;0,437858818362799;5;0;1999;
2000;27,5;21,4271497010065;3;9;8;1;1;2;21,4271497010065;27,5;4620;332789,19473373;404775,699182387;179760,65602652;4783397,30528138;769373,594604603;764860,885753007;0,435007387003491;5;0;2000;
2001;26,7595238095238;11,3746356922491;1;4;1;1;1;1;11,3746356922491;26,7595238095238;4495,6;331981,587915199;403339,367499522;179004,831667265;4725458,01630073;769010,136110644;764631,729855978;0,44324395787553;5;0;2001;
2002;26,6047619047619;11,4814614897985;1;5;1;1;1;1;11,4814614897985;26,6047619047619;4469,6;331807,638431049;403015,862354863;178844,535905342;4713079,52638512;768882,999727021;764611,549464336;0,445022059761228;5;0;2002;
2003;26,7595238095238;11,3746356922491;1;4;1;1;1;1;11,3746356922491;26,7595238095238;4495,6;331981,587915199;403339,367499522;179004,831667265;4725458,01630073;769010,136110644;764631,729855978;0,44324395787553;5;0;2003;
2004;27,3964285714286;25,3666268902262;3;9;8;1;1;6;25,3666268902262;27,3964285714286;4602,6;332745,923968183;404700,662230323;179727,316830056;4780810,95268632;769345,502867709;764855,415557228;0,436480265950521;5;0;2004;
2005;26,7595238095238;11,3746356922491;1;4;1;1;1;1;11,3746356922491;26,7595238095238;4495,6;331981,587915199;403339,367499522;179004,831667265;4725458,01630073;769010,136110644;764631,729855978;0,44324395787553;5;0;2005;
2006;27,0523809523809;13,4236435635083;2;7;1;1;1;2;13,4236435635083;27,0523809523809;4544,8;332345,452748884;403983,818975157;179350,864588955;4751974,82347668;769160,412030106;764742,373779096;0,440166874644889;5;0;2006;
2007;27,1214285714286;13,4397330686006;2;8;2;1;1;1;13,4397330686006;27,1214285714286;4556,4;332374,194078095;404040,849706796;179376,214773394;4753914,48864252;769237,424130631;764710,32115833;0,439169024465394;5;0;2007;
2008;26,7595238095238;11,3746356922491;1;4;1;1;1;1;11,3746356922491;26,7595238095238;4495,6;331981,587915199;403339,367499522;179004,831667265;4725458,01630073;769010,136110644;764631,729855978;0,44324395787553;5;0;2008;
2009;26,7595238095238;11,3746356922491;1;4;1;1;1;1;11,3746356922491;26,7595238095238;4495,6;331981,587915199;403339,367499522;179004,831667265;4725458,01630073;769010,136110644;764631,729855978;0,44324395787553;5;0;2009;
2010;26,8202380952381;12,3353129896935;1;9;1;1;1;2;12,3353129896935;26,8202380952381;4505,8;332063,865792407;403510,760155107;179080,743505291;4731146,98591607;768872,352620338;764778,45675885;0,442638380041009;5;0;2010;
2011;26,9297619047619;12,3373449695141;1;5;1;1;1;2;12,3373449695141;26,9297619047619;4524,2;332103,300923545;403563,648823931;179122,533554643;4734535,34142333;768916,742975836;764766,229590297;0,441057175809875;5;0;2011;
2012;27,4059523809524;17,3433551445509;3;9;4;1;1;2;17,3433551445509;27,4059523809524;4604,2;332649,120427027;404525,737753011;179639,516434658;4773992,96733794;769372,911916371;764779,030949631;0,435922068129868;5;0;2012;
2013;26,7595238095238;11,3746356922491;1;4;1;1;1;1;11,3746356922491;26,7595238095238;4495,6;331981,587915199;403339,367499522;179004,831667265;4725458,01630073;769010,136110644;764631,729855978;0,44324395787553;5;0;2013;
2014;26,9845238095238;12,4357073477328;1;4;2;1;1;1;12,4357073477328;26,9845238095238;4533,4;332224,661333306;403770,56603375;179233,912444391;4743050,4478034;769102,487012864;764712,675311561;0,44069363069733;5;0;2014;
2015;27,3035714285714;19,3816272754076;3;9;4;3;1;2;19,3816272754076;27,3035714285714;4587;332625,490971455;404486,553475132;179609,829326449;4771881,75682313;769229,923180642;764862,327481303;0,437395126836084;5;0;2015;
2016;27,1214285714286;13,4397330686006;2;10;2;1;1;1;13,4397330686006;27,1214285714286;4556,4;332374,194078095;404040,849706796;179376,214773394;4753914,48864252;769237,424130631;764710,32115833;0,439169024465394;5;0;2016;
2017;27,2380952380952;28,3884371453471;3;9;8;1;1;9;28,3884371453471;27,2380952380952;4576;332575,333981979;404398,701248473;179569,890093757;4768776,01311081;769288,867454503;764794,318868269;0,438257760940375;5;0;2017;
2018;27,4059523809524;17,3433551445509;3;9;4;1;1;2;17,3433551445509;27,4059523809524;4604,2;332649,120427027;404525,737753011;179639,516434658;4773992,96733794;769372,911916371;764779,030949631;0,435922068129868;5;0;2018;
2019;26,5142857142857;18,46001664978;1;4;1;8;1;1;18,46001664978;26,5142857142857;4454,4;331758,67710193;402942,786770488;178797,115970145;4709417,5619483;768895,990554507;764576,317312123;0,446286147467789;5;0;2019;
2020;26,7595238095238;11,3746356922491;1;4;1;1;1;1;11,3746356922491;26,7595238095238;4495,6;331981,587915199;403339,367499522;179004,831667265;4725458,01630073;769010,136110644;764631,729855978;0,44324395787553;5;0;2020;
2021;26,7595238095238;11,3746356922491;1;4;1;1;1;1;11,3746356922491;26,7595238095238;4495,6;331981,587915199;403339,367499522;179004,831667265;4725458,01630073;769010,136110644;764631,729855978;0,44324395787553;5;0;2021;
2022;27,2392857142857;21,3476657869006;5;5;3;4;1;2;21,3476657869006;27,2392857142857;4576,2;332621,950648493;404473,304157944;179606,433449036;4771442,62360435;769259,921702529;764839,357290702;0,4383999371757;5;0;2022;
2023;27,0523809523809;13,4236435635083;2;7;1;1;1;2;13,4236435635083;27,0523809523809;4544,8;332345,452748884;403983,818975157;179350,864588955;4751974,82347668;769160,412030106;764742,373779096;0,440166874644889;5;0;2023;
2024;27,4059523809524;17,3433551445509;3;9;4;1;1;2;17,3433551445509;27,4059523809524;4604,2;332649,120427027;404525,737753011;179639,516434658;4773992,96733794;769372,911916371;764779,030949631;0,435922068129868;5;0;2024;
2025;26,7595238095238;11,3746356922491;1;4;1;1;1;1;11,3746356922491;26,7595238095238;4495,6;331981,587915199;403339,367499522;179004,831667265;4725458,01630073;769010,136110644;764631,729855978;0,44324395787553;5;0;2025;
2026;26,827380952381;13,4411156932339;1;5;1;1;1;3;13,4411156932339;26,827380952381;4507;332053,511560589;403469,806558276;179074,618139487;4730615,91553505;768847,133629846;764784,285469338;0,442461788948923;5;0;2026;
2027;26,7595238095238;11,3746356922491;1;4;1;1;1;1;11,3746356922491;26,7595238095238;4495,6;331981,587915199;403339,367499522;179004,831667265;4725458,01630073;769010,136110644;764631,729855978;0,44324395787553;5;0;2027;
2028;25,9940476190476;11,4449321897264;1;1;1;1;1;1;11,4449321897264;25,9940476190476;4367;331191,594574102;401930,88956173;178266,680832632;4668631,30999633;768655,065898936;764403,625865164;0,452465760181828;5;0;2028;
2029;26,7595238095238;11,3746356922491;1;4;1;1;1;1;11,3746356922491;26,7595238095238;4495,6;331981,587915199;403339,367499522;179004,831667265;4725458,01630073;769010,136110644;764631,729855978;0,44324395787553;5;0;2029;
2030;26,827380952381;13,4411156932339;1;9;1;1;1;3;13,4411156932339;26,827380952381;4507;332053,511560589;403469,806558276;179074,618139487;4730615,91553505;768847,133629846;764784,285469338;0,442461788948923;5;0;2030;
2031;26,5869047619048;14,4855635646416;1;4;1;4;1;1;14,4855635646416;26,5869047619048;4466,6;331907,712555473;403204,673219799;178938,085087801;4720251,52765603;768944,916481777;764630,166961142;0,445792153133349;5;0;2031;
2032;27,1214285714286;13,4397330686006;2;10;2;1;1;1;13,4397330686006;27,1214285714286;4556,4;332374,194078095;404040,849706796;179376,214773394;4753914,48864252;769237,424130631;764710,32115833;0,439169024465394;5;0;2032;
2033;26,6047619047619;11,4814614897985;1;5;1;1;1;1;11,4814614897985;26,6047619047619;4469,6;331807,638431049;403015,862354863;178844,535905342;4713079,52638512;768882,999727021;764611,549464336;0,445022059761228;5;0;2033;
2034;27,3904761904762;26,476837007294;6;9;8;1;3;2;26,476837007294;27,3904761904762;4601,6;332616,023857307;404466,072683039;179600,165183546;4770959,74375199;769297,686588057;764810,034215854;0,435945699515451;5;0;2034;
2035;27,4202380952381;22,3198177319137;4;9;8;1;1;2;22,3198177319137;27,4202380952381;4606,6;332650,8;404523,292834195;179634,21706434;4773861,792;769296,003279175;764831,576941356;0,43566115345655;5;0;2035;
2036;27,0523809523809;13,4236435635083;2;7;1;1;1;2;13,4236435635083;27,0523809523809;4544,8;332345,452748884;403983,818975157;179350,864588955;4751974,82347668;769160,412030106;764742,373779096;0,440166874644889;5;0;2036;
2037;26,8202380952381;12,3353129896935;1;10;1;1;1;2;12,3353129896935;26,8202380952381;4505,8;332063,865792407;403510,760155107;179080,743505291;4731146,98591607;768872,352620338;764778,45675885;0,442638380041009;5;0;2037;
2038;26,7595238095238;11,3746356922491;1;4;1;1;1;1;11,3746356922491;26,7595238095238;4495,6;331981,587915199;403339,367499522;179004,831667265;4725458,01630073;769010,136110644;764631,729855978;0,44324395787553;5;0;2038;
2039;27,277380952381;23,5292702956841;8;5;3;3;1;2;23,5292702956841;27,277380952381;4582,6;332634,617746103;404506,821388907;179616,576;4772399,67324729;769295,947170483;764824,845855086;0,437851146100748;5;0;2039;
2040;26,5869047619048;11,529297601768;1;2;1;1;1;1;11,529297601768;26,5869047619048;4466,6;331785,690842114;402997,529739523;178821,874491814;4711257,41771323;768876,286272831;764608,995184652;0,445192328633132;5;0;2040;
2041;26,8202380952381;12,3353129896935;1;10;1;1;1;2;12,3353129896935;26,8202380952381;4505,8;332063,865792407;403510,760155107;179080,743505291;4731146,98591607;768872,352620338;764778,45675885;0,442638380041009;5;0;2041;
2042;26,8202380952381;12,3353129896935;1;10;1;1;1;2;12,3353129896935;26,8202380952381;4505,8;332063,865792407;403510,760155107;179080,743505291;4731146,98591607;768872,352620338;764778,45675885;0,442638380041009;5;0;2042;
2043;27,275;23,2011093967395;5;9;8;1;1;2;23,2011093967395;27,275;4582,2;332618,461695344;404481,449229298;179607,853214512;4771726,81770489;769304,130325986;764809,446824841;0,437846435182962;5;0;2043;
2044;27,4654761904762;20,4246515211104;5;5;3;3;1;2;20,4246515211104;27,4654761904762;4614,2;332754,40668602;404712,41335639;179729,067168152;4781063,64173421;769353,456834204;764855,026875408;0,435408403079538;5;0;2044;
2045;26,7595238095238;11,3746356922491;1;4;1;1;1;1;11,3746356922491;26,7595238095238;4495,6;331981,587915199;403339,367499522;179004,831667265;4725458,01630073;769010,136110644;764631,729855978;0,44324395787553;5;0;2045;
2046;27,4059523809524;17,3433551445509;3;9;4;1;1;2;17,3433551445509;27,4059523809524;4604,2;332649,120427027;404525,737753011;179639,516434658;4773992,96733794;769372,911916371;764779,030949631;0,435922068129868;5;0;2046;
2047;27,2071428571429;19,384140289489;2;9;1;1;7;2;19,384140289489;27,2071428571429;4570,8;332474,904231606;404222,044703359;179467,902842544;4761097,01387716;769252,800702042;764760,285711484;0,438251014371569;5;0;2047;
2048;26,7595238095238;11,3746356922491;1;4;1;1;1;1;11,3746356922491;26,7595238095238;4495,6;331981,587915199;403339,367499522;179004,831667265;4725458,01630073;769010,136110644;764631,729855978;0,44324395787553;5;0;2048;
2049;27,2333333333333;18,403354863478;5;5;3;1;1;2;18,403354863478;27,2333333333333;4575,2;332584,458162198;404410,616483088;179574,602392763;4768979,2282552;769250,836913355;764824,134991306;0,438339557677302;5;0;2049;
2050;27,2952380952381;14,3207471333984;2;9;1;1;1;3;14,3207471333984;27,2952380952381;4585,6;332536,257118826;404331,500945473;179528,656857701;4765701,83525635;769189,653381928;764838,484722927;0,437132175364539;5;0;2050;
2051;26,7595238095238;11,3746356922491;1;4;1;1;1;1;11,3746356922491;26,7595238095238;4495,6;331981,587915199;403339,367499522;179004,831667265;4725458,01630073;769010,136110644;764631,729855978;0,44324395787553;5;0;2051;
2052;26,7595238095238;11,3746356922491;1;4;1;1;1;1;11,3746356922491;26,7595238095238;4495,6;331981,587915199;403339,367499522;179004,831667265;4725458,01630073;769010,136110644;764631,729855978;0,44324395787553;5;0;2052;
2053;27,2952380952381;14,3207471333984;2;9;1;1;1;3;14,3207471333984;27,2952380952381;4585,6;332536,257118826;404331,500945473;179528,656857701;4765701,83525635;769189,653381928;764838,484722927;0,437132175364539;5;0;2053;
2054;27,2797619047619;16,4037106420958;1;4;6;1;1;1;16,4037106420958;27,2797619047619;4583;332526,815694097;404306,145376119;179517,833726424;4764826,76576199;769226,952140283;764806,899824173;0,43733944355825;5;0;2054;
2055;27,1285714285714;15,3729111256649;1;5;3;3;1;1;15,3729111256649;27,1285714285714;4557,6;332423,026896355;404127,761058169;179416,283091492;4757277,6873319;769195,298752208;764767,807491032;0,439275272664651;5;0;2055;
2056;27,2119047619047;13,4465016627455;1;4;3;1;1;1;13,4465016627455;27,2119047619047;4571,6;332427,091756605;404146,437128666;179418,942737765;4757435,77648499;769184,447088749;764780,096412899;0,437944470557273;5;0;2056;
2057;27,4654761904762;20,4246515211104;5;5;3;3;1;2;20,4246515211104;27,4654761904762;4614,2;332754,40668602;404712,41335639;179729,067168152;4781063,64173421;769353,456834204;764855,026875408;0,435408403079538;5;0;2057;
2058;26,7595238095238;11,3746356922491;1;4;1;1;1;1;11,3746356922491;26,7595238095238;4495,6;331981,587915199;403339,367499522;179004,831667265;4725458,01630073;769010,136110644;764631,729855978;0,44324395787553;5;0;2058;
2059;27,4654761904762;20,4246515211104;5;5;3;3;1;2;20,4246515211104;27,4654761904762;4614,2;332754,40668602;404712,41335639;179729,067168152;4781063,64173421;769353,456834204;764855,026875408;0,435408403079538;5;0;2059;
2060;26,8202380952381;12,3353129896935;1;10;1;1;1;2;12,3353129896935;26,8202380952381;4505,8;332063,865792407;403510,760155107;179080,743505291;4731146,98591607;768872,352620338;764778,45675885;0,442638380041009;5;0;2060;
2061;27,4654761904762;20,4246515211104;5;5;3;3;1;2;20,4246515211104;27,4654761904762;4614,2;332754,40668602;404712,41335639;179729,067168152;4781063,64173421;769353,456834204;764855,026875408;0,435408403079538;5;0;2061;
2062;27,3833333333333;14,4391248762019;1;4;4;1;1;1;14,4391248762019;27,3833333333333;4600,4;332608,753425361;404455,502283943;179589,606215941;4770211,71361214;769271,645050654;764824,109207305;0,436014579079626;5;0;2062;
2063;27,1892857142857;19,4737977667901;2;9;2;2;1;6;19,4737977667901;27,1892857142857;4567,8;332502,813921887;404267,106275527;179498,479392327;4763345,30327877;769118,805056546;764863,880105315;0,438691033815674;5;0;2063;
2064;27,3714285714286;16,3770816817702;2;9;2;2;1;3;16,3770816817702;27,3714285714286;4598,4;332628,545183411;404477,834077592;179616,560012592;4772387,04287204;769240,363813793;764854,680612697;0,436337975067538;5;0;2064;
2065;27,15;15,4194238360703;3;9;1;1;1;3;15,4194238360703;27,15;4561,2;332528,878092008;404314,926919749;179522,897302104;4765070,91148567;769201,41096236;764824,660288242;0,439436638510452;5;0;2065;
2066;27,2119047619047;13,4465016627455;1;4;3;1;1;1;13,4465016627455;27,2119047619047;4571,6;332427,091756605;404146,437128666;179418,942737765;4757435,77648499;769184,447088749;764780,096412899;0,437944470557273;5;0;2066;
2067;27,4654761904762;20,4246515211104;5;5;3;3;1;2;20,4246515211104;27,4654761904762;4614,2;332754,40668602;404712,41335639;179729,067168152;4781063,64173421;769353,456834204;764855,026875408;0,435408403079538;5;0;2067;
2068;27,5;21,4271497010065;3;9;8;1;1;2;21,4271497010065;27,5;4620;332789,19473373;404775,699182387;179760,65602652;4783397,30528138;769373,594604603;764860,885753007;0,435007387003491;5;0;2068;
2069;26,5142857142857;18,46001664978;1;4;1;1;8;1;18,46001664978;26,5142857142857;4454,4;331758,67710193;402942,786770488;178797,115970145;4709417,5619483;768895,990554507;764576,317312123;0,446286147467789;5;0;2069;
2070;26,7595238095238;11,3746356922491;1;4;1;1;1;1;11,3746356922491;26,7595238095238;4495,6;331981,587915199;403339,367499522;179004,831667265;4725458,01630073;769010,136110644;764631,729855978;0,44324395787553;5;0;2070;
2071;27,1821428571428;17,3228629412681;1;10;6;1;1;2;17,3228629412681;27,1821428571428;4566,6;332567,867228363;404383,760896698;179554,536;4767652,55685086;769233,902151226;764825,595825371;0,439087010291125;5;0;2071;
2072;26,7595238095238;11,3746356922491;1;4;1;1;1;1;11,3746356922491;26,7595238095238;4495,6;331981,587915199;403339,367499522;179004,831667265;4725458,01630073;769010,136110644;764631,729855978;0,44324395787553;5;0;2072;
2073;27,2119047619047;13,4465016627455;1;4;3;1;1;1;13,4465016627455;27,2119047619047;4571,6;332427,091756605;404146,437128666;179418,942737765;4757435,77648499;769184,447088749;764780,096412899;0,437944470557273;5;0;2073;
2074;26,7595238095238;11,3746356922491;1;4;1;1;1;1;11,3746356922491;26,7595238095238;4495,6;331981,587915199;403339,367499522;179004,831667265;4725458,01630073;769010,136110644;764631,729855978;0,44324395787553;5;0;2074;
2075;27,3523809523809;21,4018202515281;3;2;8;1;1;2;21,4018202515281;27,3523809523809;4595,2;332609,434700839;404455,849185027;179601,211424022;4771202,61942066;769251,417021443;764837,383851951;0,436572265954308;5;0;2075;
2076;26,7595238095238;11,3746356922491;1;4;1;1;1;1;11,3746356922491;26,7595238095238;4495,6;331981,587915199;403339,367499522;179004,831667265;4725458,01630073;769010,136110644;764631,729855978;0,44324395787553;5;0;2076;
2077;27,4357142857143;18,4770655923198;2;9;2;2;1;5;18,4770655923198;27,4357142857143;4609,2;332619,257197849;404465,212228754;179608,632812742;4771817,76484147;769212,927933492;764867,975067177;0,435279197501512;5;0;2077;
2078;26,8071428571429;12,4368077102845;2;4;1;1;1;1;12,4368077102845;26,8071428571429;4503,6;332011,286594615;403386,929667095;179035,825581121;4727754,94670534;769151,530917001;764551,243145734;0,442630141312183;5;0;2078;
2079;26,5023809523809;13,3121397183086;1;4;1;3;1;1;13,3121397183086;26,5023809523809;4452,4;331782,437248656;402998,834347711;178817,624895005;4710856,6375746;768874,352459947;764609,223839584;0,446584315858712;5;0;2079;
2080;27,0523809523809;13,4236435635083;2;7;1;1;1;2;13,4236435635083;27,0523809523809;4544,8;332345,452748884;403983,818975157;179350,864588955;4751974,82347668;769160,412030106;764742,373779096;0,440166874644889;5;0;2080;
2081;26,7595238095238;11,3746356922491;1;4;1;1;1;1;11,3746356922491;26,7595238095238;4495,6;331981,587915199;403339,367499522;179004,831667265;4725458,01630073;769010,136110644;764631,729855978;0,44324395787553;5;0;2081;
2082;27,1214285714286;13,4397330686006;2;10;2;1;1;1;13,4397330686006;27,1214285714286;4556,4;332374,194078095;404040,849706796;179376,214773394;4753914,48864252;769237,424130631;764710,32115833;0,439169024465394;5;0;2082;
2083;27,5;21,4271497010065;3;9;8;1;1;2;21,4271497010065;27,5;4620;332789,19473373;404775,699182387;179760,65602652;4783397,30528138;769373,594604603;764860,885753007;0,435007387003491;5;0;2083;
2084;26,6785714285714;12,491590785092;1;4;1;1;2;1;12,491590785092;26,6785714285714;4482;331927,38126568;403229,05585727;178959,127755601;4721860,5694328;768963,34695168;764626,828739568;0,444355150544363;5;0;2084;
2085;26,7595238095238;11,3746356922491;1;4;1;1;1;1;11,3746356922491;26,7595238095238;4495,6;331981,587915199;403339,367499522;179004,831667265;4725458,01630073;769010,136110644;764631,729855978;0,44324395787553;5;0;2085;
2086;27,2119047619047;13,4465016627455;1;4;3;1;1;1;13,4465016627455;27,2119047619047;4571,6;332427,091756605;404146,437128666;179418,942737765;4757435,77648499;769184,447088749;764780,096412899;0,437944470557273;5;0;2086;
2087;27,5;21,4271497010065;3;9;8;1;1;2;21,4271497010065;27,5;4620;332789,19473373;404775,699182387;179760,65602652;4783397,30528138;769373,594604603;764860,885753007;0,435007387003491;5;0;2087;
2088;27,3964285714286;25,3666268902262;3;9;8;1;1;6;25,3666268902262;27,3964285714286;4602,6;332745,923968183;404700,662230323;179727,316830056;4780810,95268632;769345,502867709;764855,415557228;0,436480265950521;5;0;2088;
2089;26,9880952380952;15,3735603310333;1;4;1;1;1;5;15,3735603310333;26,9880952380952;4534;332161,710876268;403657,770712114;179175,786836818;4738472,04388536;768894,712120252;764813,260948781;0,440340135088723;5;0;2089;
2090;26,8071428571429;12,4368077102845;2;7;1;1;1;1;12,4368077102845;26,8071428571429;4503,6;332011,286594615;403386,929667095;179035,825581121;4727754,94670534;769151,530917001;764551,243145734;0,442630141312183;5;0;2090;
2091;27,3690476190476;21,4694276891871;2;9;2;2;1;8;21,4694276891871;27,3690476190476;4598;332631,173152157;404486,349191035;179622,268756275;4772593,09662823;769240,101220369;764855,489051346;0,436390304215894;5;0;2091;
2092;26,9869047619048;16,3894875357383;1;4;1;1;1;6;16,3894875357383;26,9869047619048;4533,8;332295,594139458;403888,586978062;179302,992;4748288,832;768938,13566593;764861,582734628;0,44099249760724;5;0;2092;
2093;26,7595238095238;11,3746356922491;1;4;1;1;1;1;11,3746356922491;26,7595238095238;4495,6;331981,587915199;403339,367499522;179004,831667265;4725458,01630073;769010,136110644;764631,729855978;0,44324395787553;5;0;2093;
2094;26,9142857142857;13,4319867976342;1;4;1;1;1;3;13,4319867976342;26,9142857142857;4521,6;332133,911560589;403604,482981542;179152,450139487;4736712,83131601;768908,565903461;764788,24538145;0,44142114322163;5;0;2094;
2095;27,4059523809524;17,3433551445509;3;9;4;1;1;2;17,3433551445509;27,4059523809524;4604,2;332649,120427027;404525,737753011;179639,516434658;4773992,96733794;769372,911916371;764779,030949631;0,435922068129868;5;0;2095;
2096;27,4738095238095;20,4285906501017;5;6;3;3;1;2;20,4285906501017;27,4738095238095;4615,6;332752,00668602;404707,855664504;179726,811168152;4780890,26573421;769354,383316041;764852,766848145;0,435265444241916;5;0;2096;
2097;27,3833333333333;14,4391248762019;1;4;4;1;1;1;14,4391248762019;27,3833333333333;4600,4;332608,753425361;404455,502283943;179589,606215941;4770211,71361214;769271,645050654;764824,109207305;0,436014579079626;5;0;2097;
2098;27,2928571428571;19,2983841254911;2;10;8;1;1;1;19,2983841254911;27,2928571428571;4585,2;332659,522325146;404542,236042193;179648,16;4774856,93994388;769287,834468149;764842,260574094;0,437774123319215;5;0;2098;
2099;26,8202380952381;12,3353129896935;1;10;1;1;1;2;12,3353129896935;26,8202380952381;4505,8;332063,865792407;403510,760155107;179080,743505291;4731146,98591607;768872,352620338;764778,45675885;0,442638380041009;5;0;2099;
2100;26,9845238095238;12,4357073477328;1;4;2;1;1;1;12,4357073477328;26,9845238095238;4533,4;332224,661333306;403770,56603375;179233,912444391;4743050,4478034;769102,487012864;764712,675311561;0,44069363069733;5;0;2100;
2101;27,4059523809524;17,3433551445509;3;9;4;1;1;2;17,3433551445509;27,4059523809524;4604,2;332649,120427027;404525,737753011;179639,516434658;4773992,96733794;769372,911916371;764779,030949631;0,435922068129868;5;0;2101;
2102;27,147619047619;17,447648004986;6;10;1;1;1;2;17,447648004986;27,147619047619;4560,8;332444,005392795;404155,475772277;179442,000687404;4759014,9406118;769225,395516538;764755,826251349;0,439079971110169;5;0;2102;
2103;27,1523809523809;16,457048228472;2;9;1;1;3;3;16,457048228472;27,1523809523809;4561,6;332343,762475416;403990,936408943;179346,984;4751669,664;769068,040757273;764807,015966411;0,438518346707389;5;0;2103;
2104;26,7595238095238;11,3746356922491;1;4;1;1;1;1;11,3746356922491;26,7595238095238;4495,6;331981,587915199;403339,367499522;179004,831667265;4725458,01630073;769010,136110644;764631,729855978;0,44324395787553;5;0;2104;
2105;27,3833333333333;21,2964435158352;5;7;4;3;1;2;21,2964435158352;27,3833333333333;4600,4;332703,815766138;404637,118815075;179677,488;4777069,248;769332,565664096;764842,160105724;0,436453995367126;5;0;2105;
2106;27,2511904761905;22,4069546741738;6;2;4;3;1;2;22,4069546741738;27,2511904761905;4578,2;332536,388330258;404326,958487475;179529,115638197;4765573,32660325;769246,424879407;764798,29528489;0,437854695235989;5;0;2106;
2107;26,9154761904762;15,4211438866213;4;7;1;2;1;1;15,4211438866213;26,9154761904762;4521,8;332189,147542837;403710,79143706;179200,500138519;4740429,31632422;769255,141929836;764589,538261265;0,441662421322332;5;0;2107;
2108;27,2547619047619;17,3704029222818;2;9;2;1;1;5;17,3704029222818;27,2547619047619;4578,8;332500,090699479;404258,92514831;179493,624;4762939,104;769160,000523649;764834,456910094;0,437603752920292;5;0;2108;
2109;26,6785714285714;12,491590785092;1;4;1;2;1;1;12,491590785092;26,6785714285714;4482;331927,38126568;403229,05585727;178959,127755601;4721860,5694328;768963,34695168;764626,828739568;0,444355150544363;5;0;2109;
2110;26,7595238095238;11,3746356922491;1;4;1;1;1;1;11,3746356922491;26,7595238095238;4495,6;331981,587915199;403339,367499522;179004,831667265;4725458,01630073;769010,136110644;764631,729855978;0,44324395787553;5;0;2110;
2111;27,4357142857143;18,4770655923198;2;9;2;2;1;5;18,4770655923198;27,4357142857143;4609,2;332619,257197849;404465,212228754;179608,632812742;4771817,76484147;769212,927933492;764867,975067177;0,435279197501512;5;0;2111;
2112;26,8785714285714;13,5346645955845;3;4;1;1;1;1;13,5346645955845;26,8785714285714;4515,6;332246,12137938;403810,279941667;179255,93210978;4744552,93153556;769248,399016391;764625,702999078;0,442537547506124;5;0;2112;
2113;26,7595238095238;11,3746356922491;1;4;1;1;1;1;11,3746356922491;26,7595238095238;4495,6;331981,587915199;403339,367499522;179004,831667265;4725458,01630073;769010,136110644;764631,729855978;0,44324395787553;5;0;2113;
2114;27,2952380952381;14,3207471333984;2;9;1;1;1;3;14,3207471333984;27,2952380952381;4585,6;332536,257118826;404331,500945473;179528,656857701;4765701,83525635;769189,653381928;764838,484722927;0,437132175364539;5;0;2114;
2115;27,2952380952381;14,3207471333984;2;9;1;1;1;3;14,3207471333984;27,2952380952381;4585,6;332536,257118826;404331,500945473;179528,656857701;4765701,83525635;769189,653381928;764838,484722927;0,437132175364539;5;0;2115;
2116;27,5;21,4271497010065;3;9;8;1;1;2;21,4271497010065;27,5;4620;332789,19473373;404775,699182387;179760,65602652;4783397,30528138;769373,594604603;764860,885753007;0,435007387003491;5;0;2116;
2117;27,2738095238095;14,4855156077895;2;5;2;1;1;2;14,4855156077895;27,2738095238095;4582;332532,796999198;404326,064309347;179524,418790097;4765314,38089657;769194,510838109;764831,13917572;0,437450724732907;5;0;2117;
2118;27,3833333333333;14,4391248762019;1;4;4;1;1;1;14,4391248762019;27,3833333333333;4600,4;332608,753425361;404455,502283943;179589,606215941;4770211,71361214;769271,645050654;764824,109207305;0,436014579079626;5;0;2118;
2119;27,2154761904762;18,3576627089251;2;3;2;2;1;5;18,3576627089251;27,2154761904762;4572,2;332515,92258379;404298,504526121;179512,892107037;4764431,25130608;769148,641691542;764853,372565813;0,438328907476243;5;0;2119;
2120;26,8202380952381;12,3353129896935;1;10;1;1;1;2;12,3353129896935;26,8202380952381;4505,8;332063,865792407;403510,760155107;179080,743505291;4731146,98591607;768872,352620338;764778,45675885;0,442638380041009;5;0;2120;
2121;27,1214285714286;13,4397330686006;2;10;2;1;1;1;13,4397330686006;27,1214285714286;4556,4;332374,194078095;404040,849706796;179376,214773394;4753914,48864252;769237,424130631;764710,32115833;0,439169024465394;5;0;2121;
2122;27,2;16,4627593752068;1;4;3;4;1;1;16,4627593752068;27,2;4569,6;332465,667575996;404203,195211355;179463,125651419;4760704,55815185;769196,074746259;764789,936556866;0,438344267750802;5;0;2122;
2123;26,9297619047619;12,3373449695141;1;5;1;1;1;2;12,3373449695141;26,9297619047619;4524,2;332103,300923545;403563,648823931;179122,533554643;4734535,34142333;768916,742975836;764766,229590297;0,441057175809875;5;0;2123;
2124;27,3833333333333;14,4391248762019;1;4;4;1;1;1;14,4391248762019;27,3833333333333;4600,4;332608,753425361;404455,502283943;179589,606215941;4770211,71361214;769271,645050654;764824,109207305;0,436014579079626;5;0;2124;
2125;26,6785714285714;12,491590785092;1;4;1;1;2;1;12,491590785092;26,6785714285714;4482;331927,38126568;403229,05585727;178959,127755601;4721860,5694328;768963,34695168;764626,828739568;0,444355150544363;5;0;2125;
2126;27,4654761904762;20,4246515211104;5;5;3;3;1;2;20,4246515211104;27,4654761904762;4614,2;332754,40668602;404712,41335639;179729,067168152;4781063,64173421;769353,456834204;764855,026875408;0,435408403079538;5;0;2126;
2127;27,4059523809524;17,3433551445509;3;9;4;1;1;2;17,3433551445509;27,4059523809524;4604,2;332649,120427027;404525,737753011;179639,516434658;4773992,96733794;769372,911916371;764779,030949631;0,435922068129868;5;0;2127;
2128;27,1214285714286;13,4397330686006;2;10;2;1;1;1;13,4397330686006;27,1214285714286;4556,4;332374,194078095;404040,849706796;179376,214773394;4753914,48864252;769237,424130631;764710,32115833;0,439169024465394;5;0;2128;
2129;27,4059523809524;17,3433551445509;3;10;4;1;1;2;17,3433551445509;27,4059523809524;4604,2;332649,120427027;404525,737753011;179639,516434658;4773992,96733794;769372,911916371;764779,030949631;0,435922068129868;5;0;2129;
2130;26,7273809523809;16,3315320575974;1;7;1;1;5;2;16,3315320575974;26,7273809523809;4490,2;332024,206719307;403403,206886339;179046,562194527;4728586,03255862;768890,411883216;764735,441906907;0,443988052342587;5;0;2130;
2131;27,4059523809524;17,3433551445509;3;10;4;1;1;2;17,3433551445509;27,4059523809524;4604,2;332649,120427027;404525,737753011;179639,516434658;4773992,96733794;769372,911916371;764779,030949631;0,435922068129868;5;0;2131;
2132;27,3833333333333;14,4391248762019;1;4;4;1;1;1;14,4391248762019;27,3833333333333;4600,4;332608,753425361;404455,502283943;179589,606215941;4770211,71361214;769271,645050654;764824,109207305;0,436014579079626;5;0;2132;
2133;27,4357142857143;18,4770655923198;2;9;2;2;1;5;18,4770655923198;27,4357142857143;4609,2;332619,257197849;404465,212228754;179608,632812742;4771817,76484147;769212,927933492;764867,975067177;0,435279197501512;5;0;2133;
2134;27,1214285714286;13,4397330686006;2;10;2;1;1;1;13,4397330686006;27,1214285714286;4556,4;332374,194078095;404040,849706796;179376,214773394;4753914,48864252;769237,424130631;764710,32115833;0,439169024465394;5;0;2134;
2135;26,7595238095238;11,3746356922491;1;4;1;1;1;1;11,3746356922491;26,7595238095238;4495,6;331981,587915199;403339,367499522;179004,831667265;4725458,01630073;769010,136110644;764631,729855978;0,44324395787553;5;0;2135;
2136;26,3726190476191;13,336414046289;1;1;1;1;1;3;13,336414046289;26,3726190476191;4430,6;331506,627915207;402500,694558736;178558,694488301;4691015,95917857;768670,445829719;764581,436748226;0,447449754080451;5;0;2136;
2137;27,4738095238095;20,4285906501017;5;6;3;3;1;2;20,4285906501017;27,4738095238095;4615,6;332752,00668602;404707,855664504;179726,811168152;4780890,26573421;769354,383316041;764852,766848145;0,435265444241916;5;0;2137;
2138;26,7595238095238;11,3746356922491;1;4;1;1;1;1;11,3746356922491;26,7595238095238;4495,6;331981,587915199;403339,367499522;179004,831667265;4725458,01630073;769010,136110644;764631,729855978;0,44324395787553;5;0;2138;
2139;27,4059523809524;17,3433551445509;3;9;4;1;1;2;17,3433551445509;27,4059523809524;4604,2;332649,120427027;404525,737753011;179639,516434658;4773992,96733794;769372,911916371;764779,030949631;0,435922068129868;5;0;2139;
2140;26,6047619047619;11,4814614897985;1;6;1;1;1;1;11,4814614897985;26,6047619047619;4469,6;331807,638431049;403015,862354863;178844,535905342;4713079,52638512;768882,999727021;764611,549464336;0,445022059761228;5;0;2140;
2141;27,5;21,4271497010065;3;9;8;1;1;2;21,4271497010065;27,5;4620;332789,19473373;404775,699182387;179760,65602652;4783397,30528138;769373,594604603;764860,885753007;0,435007387003491;5;0;2141;
2142;26,7595238095238;11,3746356922491;1;4;1;1;1;1;11,3746356922491;26,7595238095238;4495,6;331981,587915199;403339,367499522;179004,831667265;4725458,01630073;769010,136110644;764631,729855978;0,44324395787553;5;0;2142;
2143;27,4357142857143;18,4770655923198;2;9;2;2;1;5;18,4770655923198;27,4357142857143;4609,2;332619,257197849;404465,212228754;179608,632812742;4771817,76484147;769212,927933492;764867,975067177;0,435279197501512;5;0;2143;
2144;27,2428571428571;19,4877055742016;3;9;4;1;1;4;19,4877055742016;27,2428571428571;4576,8;332621,238741337;404481,900627318;179610,24832441;4771917,6638389;769240,43778248;764852,505001733;0,438376784180964;5;0;2144;
2145;27,0523809523809;13,4236435635083;2;7;1;1;1;2;13,4236435635083;27,0523809523809;4544,8;332345,452748884;403983,818975157;179350,864588955;4751974,82347668;769160,412030106;764742,373779096;0,440166874644889;5;0;2145;
2146;27,3202380952381;27,3972899537989;8;5;7;3;1;2;27,3972899537989;27,3202380952381;4589,8;332595,167665685;404427,059953525;179580,832726728;4769801,95072062;769269,15233477;764817,633147778;0,436991163232637;5;0;2146;
2147;26,7595238095238;11,3746356922491;1;4;1;1;1;1;11,3746356922491;26,7595238095238;4495,6;331981,587915199;403339,367499522;179004,831667265;4725458,01630073;769010,136110644;764631,729855978;0,44324395787553;5;0;2147;
2148;26,6785714285714;12,491590785092;1;4;1;1;2;1;12,491590785092;26,6785714285714;4482;331927,38126568;403229,05585727;178959,127755601;4721860,5694328;768963,34695168;764626,828739568;0,444355150544363;5;0;2148;
2149;26,9166666666667;17,3247400611636;1;4;2;6;1;1;17,3247400611636;26,9166666666667;4522;332198,098403531;403723,235958718;179213,437908182;4741488,26205546;769065,295794501;764720,427784939;0,441697305332993;5;0;2149;
2150;26,5869047619048;14,4855635646416;1;4;1;1;4;1;14,4855635646416;26,5869047619048;4466,6;331907,712555473;403204,673219799;178938,085087801;4720251,52765603;768944,916481777;764630,166961142;0,445792153133349;5;0;2150;
2151;27,1214285714286;13,4397330686006;2;10;2;1;1;1;13,4397330686006;27,1214285714286;4556,4;332374,194078095;404040,849706796;179376,214773394;4753914,48864252;769237,424130631;764710,32115833;0,439169024465394;5;0;2151;
2152;27,2119047619047;13,4465016627455;1;4;3;1;1;1;13,4465016627455;27,2119047619047;4571,6;332427,091756605;404146,437128666;179418,942737765;4757435,77648499;769184,447088749;764780,096412899;0,437944470557273;5;0;2152;
2153;27,1369047619048;16,3905099077781;2;7;4;1;1;2;16,3905099077781;27,1369047619048;4559;332552,008900863;404351,3826863;179546,030207915;4766980,65807416;769235,147554372;764815,019410564;0,439758425609292;5;0;2153;
2154;27,3333333333333;24,4763454438096;3;9;8;2;3;2;24,4763454438096;27,3333333333333;4592;332665,738319297;404557,374954321;179639,745465056;4774129,71461436;769297,620563853;764839,788260742;0,437064938071399;5;0;2154;
2155;26,5821428571429;13,4152990194602;1;3;1;3;1;1;13,4152990194602;26,5821428571429;4465,8;331787,73155277;402992,563667403;178823,592;4711533,12;768912,348032274;764584,5693131;0,445277689889005;5;0;2155;
2156;27,0523809523809;13,4236435635083;2;7;1;1;1;2;13,4236435635083;27,0523809523809;4544,8;332345,452748884;403983,818975157;179350,864588955;4751974,82347668;769160,412030106;764742,373779096;0,440166874644889;5;0;2156;
2157;26,9297619047619;12,3373449695141;1;5;1;1;1;2;12,3373449695141;26,9297619047619;4524,2;332103,300923545;403563,648823931;179122,533554643;4734535,34142333;768916,742975836;764766,229590297;0,441057175809875;5;0;2157;
2158;27,1214285714286;13,4397330686006;2;10;2;1;1;1;13,4397330686006;27,1214285714286;4556,4;332374,194078095;404040,849706796;179376,214773394;4753914,48864252;769237,424130631;764710,32115833;0,439169024465394;5;0;2158;
2159;26,7595238095238;11,3746356922491;1;4;1;1;1;1;11,3746356922491;26,7595238095238;4495,6;331981,587915199;403339,367499522;179004,831667265;4725458,01630073;769010,136110644;764631,729855978;0,44324395787553;5;0;2159;
2160;26,9297619047619;12,3373449695141;1;5;1;1;1;2;12,3373449695141;26,9297619047619;4524,2;332103,300923545;403563,648823931;179122,533554643;4734535,34142333;768916,742975836;764766,229590297;0,441057175809875;5;0;2160;
2161;26,7595238095238;11,3746356922491;1;4;1;1;1;1;11,3746356922491;26,7595238095238;4495,6;331981,587915199;403339,367499522;179004,831667265;4725458,01630073;769010,136110644;764631,729855978;0,44324395787553;5;0;2161;
2162;27,2988095238095;22,3979111614312;3;9;8;2;1;2;22,3979111614312;27,2988095238095;4586,2;332590,761919492;404416,979754681;179575,968;4769267,328;769238,235569144;764835,576601011;0,437310121310351;5;0;2162;
2163;26,925;14,3901014286793;1;4;2;1;3;1;14,3901014286793;26,925;4523,4;332240,601132319;403803,878735437;179251,704442899;4744266,43257907;769100,592446092;764722,808448881;0,441753902575648;5;0;2163;
2164;27,2547619047619;14,3467823483451;2;4;3;1;1;1;14,3467823483451;27,2547619047619;4578,8;332527,356807117;404318,505500381;179521,824;4765106,304;769287,726020515;764765,436649727;0,437759698302515;5;0;2164;
2165;26,847619047619;17,3348199098792;1;5;1;6;1;2;17,3348199098792;26,847619047619;4510,4;332037,781485479;403448,854901601;179055,96;4729583,83212451;768880,252930004;764754,635366038;0,442077391239716;5;0;2165;
2166;27,2488095238095;20,4182857315932;2;9;2;2;1;7;20,4182857315932;27,2488095238095;4577,8;332538,307130838;404329,000416263;179530,541057441;4765690,631339;769202,325131853;764828,260959625;0,437874026528354;5;0;2166;
2167;27,4059523809524;17,3433551445509;3;9;4;1;1;2;17,3433551445509;27,4059523809524;4604,2;332649,120427027;404525,737753011;179639,516434658;4773992,96733794;769372,911916371;764779,030949631;0,435922068129868;5;0;2167;
2168;27,4654761904762;20,4246515211104;5;5;3;3;1;2;20,4246515211104;27,4654761904762;4614,2;332754,40668602;404712,41335639;179729,067168152;4781063,64173421;769353,456834204;764855,026875408;0,435408403079538;5;0;2168;
2169;27,1440476190476;16,4681041562077;5;7;1;1;1;2;16,4681041562077;27,1440476190476;4560,2;332458,872520888;404182,283688613;179456,542020073;4760087,75519459;769222,839709364;764766,193660182;0,4392057615995;5;0;2169;
2170;26,7595238095238;11,3746356922491;1;4;1;1;1;1;11,3746356922491;26,7595238095238;4495,6;331981,587915199;403339,367499522;179004,831667265;4725458,01630073;769010,136110644;764631,729855978;0,44324395787553;5;0;2170;
2171;27,3297619047619;18,4055249923758;2;10;2;1;1;6;18,4055249923758;27,3297619047619;4591,4;332627,548064167;404495,032714492;179608,09301076;4771876,95215995;769254,205284027;764847,765686173;0,436974991942905;5;0;2171;
2172;26,7595238095238;11,3746356922491;1;4;1;1;1;1;11,3746356922491;26,7595238095238;4495,6;331981,587915199;403339,367499522;179004,831667265;4725458,01630073;769010,136110644;764631,729855978;0,44324395787553;5;0;2172;
2173;26,7595238095238;11,3746356922491;1;4;1;1;1;1;11,3746356922491;26,7595238095238;4495,6;331981,587915199;403339,367499522;179004,831667265;4725458,01630073;769010,136110644;764631,729855978;0,44324395787553;5;0;2173;
2174;27,4738095238095;20,4285906501017;5;6;3;3;1;2;20,4285906501017;27,4738095238095;4615,6;332752,00668602;404707,855664504;179726,811168152;4780890,26573421;769354,383316041;764852,766848145;0,435265444241916;5;0;2174;
2175;27,3833333333333;14,4391248762019;1;4;4;1;1;1;14,4391248762019;27,3833333333333;4600,4;332608,753425361;404455,502283943;179589,606215941;4770211,71361214;769271,645050654;764824,109207305;0,436014579079626;5;0;2175;
2176;27,3095238095238;17,4817407239095;2;3;6;1;1;1;17,4817407239095;27,3095238095238;4588;332599,161726802;404440,099770057;179583,958625575;4769801,78807422;769273,061700789;764816,9915468;0,437179124756381;5;0;2176;
2177;27,5;21,4271497010065;3;9;8;1;1;2;21,4271497010065;27,5;4620;332789,19473373;404775,699182387;179760,65602652;4783397,30528138;769373,594604603;764860,885753007;0,435007387003491;5;0;2177;
2178;27,4654761904762;20,4246515211104;5;5;3;3;1;2;20,4246515211104;27,4654761904762;4614,2;332754,40668602;404712,41335639;179729,067168152;4781063,64173421;769353,456834204;764855,026875408;0,435408403079538;5;0;2178;
2179;26,7595238095238;11,3746356922491;1;4;1;1;1;1;11,3746356922491;26,7595238095238;4495,6;331981,587915199;403339,367499522;179004,831667265;4725458,01630073;769010,136110644;764631,729855978;0,44324395787553;5;0;2179;
2180;27,3416666666667;20,3637065883924;3;9;8;1;1;1;20,3637065883924;27,3416666666667;4593,4;332589,774651955;404418,752934985;179583,334569279;4769662,73152048;769256,482421763;764822,745793939;0,4366511847055;5;0;2180;
2181;26,8976190476191;12,4107013513997;1;9;2;1;1;1;12,4107013513997;26,8976190476191;4518,8;332177,523588855;403690,376345794;179186,536444391;4739488,42559583;769087,418139246;764695,6353807;0,441885706491048;5;0;2181;
2182;27,3;19,5898282411609;5;5;2;3;1;2;19,5898282411609;27,3;4586,4;332616,294612247;404466,35657652;179605,296;4771532,62569236;769258,08337515;764836,857182569;0,437442499642152;5;0;2182;
2183;27,3095238095238;16,4961657241496;2;7;1;1;1;5;16,4961657241496;27,3095238095238;4588;332586,999987097;404413,507382945;179576,98355721;4769284,49203368;769187,362498726;764866,474249583;0,437130105394183;5;0;2183;
2184;27,2678571428571;22,4568003732629;3;9;9;1;1;2;22,4568003732629;27,2678571428571;4581;332558,947623427;404369,685638261;179554,277461215;4767506,30772095;769212,616061136;764835,428462955;0,437687971584567;5;0;2184;
2185;27,5;21,4271497010065;3;9;8;1;1;2;21,4271497010065;27,5;4620;332789,19473373;404775,699182387;179760,65602652;4783397,30528138;769373,594604603;764860,885753007;0,435007387003491;5;0;2185;
2186;27,4059523809524;17,3433551445509;3;9;4;1;1;2;17,3433551445509;27,4059523809524;4604,2;332649,120427027;404525,737753011;179639,516434658;4773992,96733794;769372,911916371;764779,030949631;0,435922068129868;5;0;2186;
2187;27,2488095238095;18,4311644862689;3;9;4;2;1;2;18,4311644862689;27,2488095238095;4577,8;332541,508506442;404339,204012623;179533,923842975;4766027,18897553;769241,897992133;764806,72614649;0,437895296329819;5;0;2187;
2188;27,0523809523809;13,4236435635083;2;7;1;1;1;2;13,4236435635083;27,0523809523809;4544,8;332345,452748884;403983,818975157;179350,864588955;4751974,82347668;769160,412030106;764742,373779096;0,440166874644889;5;0;2188;
2189;27,1761904761905;20,4408158736606;5;2;3;3;1;2;20,4408158736606;27,1761904761905;4565,6;332518,999418164;404295,380592274;179510,125722405;4764072,38552233;769261,249721637;764778,219167009;0,438938145813679;5;0;2189;
2190;26,7595238095238;11,3746356922491;1;4;1;1;1;1;11,3746356922491;26,7595238095238;4495,6;331981,587915199;403339,367499522;179004,831667265;4725458,01630073;769010,136110644;764631,729855978;0,44324395787553;5;0;2190;
2191;27,2119047619047;13,4465016627455;1;4;3;1;1;1;13,4465016627455;27,2119047619047;4571,6;332427,091756605;404146,437128666;179418,942737765;4757435,77648499;769184,447088749;764780,096412899;0,437944470557273;5;0;2191;
2192;26,9369047619048;17,4186161741082;4;4;1;4;1;1;17,4186161741082;26,9369047619048;4525,4;332215,298132614;403754,730361249;179226,895979077;4742446,48100472;769282,601924758;764586,791274201;0,44144195065187;5;0;2192;
2193;27,2952380952381;14,3207471333984;2;9;1;1;1;3;14,3207471333984;27,2952380952381;4585,6;332536,257118826;404331,500945473;179528,656857701;4765701,83525635;769189,653381928;764838,484722927;0,437132175364539;5;0;2193;
2194;26,7595238095238;11,3746356922491;1;4;1;1;1;1;11,3746356922491;26,7595238095238;4495,6;331981,587915199;403339,367499522;179004,831667265;4725458,01630073;769010,136110644;764631,729855978;0,44324395787553;5;0;2194;
2195;27,1214285714286;13,4397330686006;2;10;2;1;1;1;13,4397330686006;27,1214285714286;4556,4;332374,194078095;404040,849706796;179376,214773394;4753914,48864252;769237,424130631;764710,32115833;0,439169024465394;5;0;2195;
2196;27,4738095238095;20,4285906501017;5;6;3;3;1;2;20,4285906501017;27,4738095238095;4615,6;332752,00668602;404707,855664504;179726,811168152;4780890,26573421;769354,383316041;764852,766848145;0,435265444241916;5;0;2196;
2197;27,0523809523809;13,4236435635083;2;6;1;1;1;2;13,4236435635083;27,0523809523809;4544,8;332345,452748884;403983,818975157;179350,864588955;4751974,82347668;769160,412030106;764742,373779096;0,440166874644889;5;0;2197;
2198;26,9845238095238;12,4357073477328;1;4;2;1;1;1;12,4357073477328;26,9845238095238;4533,4;332224,661333306;403770,56603375;179233,912444391;4743050,4478034;769102,487012864;764712,675311561;0,44069363069733;5;0;2198;
2199;27,4357142857143;18,4770655923198;2;9;2;2;1;5;18,4770655923198;27,4357142857143;4609,2;332619,257197849;404465,212228754;179608,632812742;4771817,76484147;769212,927933492;764867,975067177;0,435279197501512;5;0;2199;
2200;26,9297619047619;12,3373449695141;1;5;1;1;1;2;12,3373449695141;26,9297619047619;4524,2;332103,300923545;403563,648823931;179122,533554643;4734535,34142333;768916,742975836;764766,229590297;0,441057175809875;5;0;2200;
2201;27,3833333333333;14,4391248762019;1;4;4;1;1;1;14,4391248762019;27,3833333333333;4600,4;332608,753425361;404455,502283943;179589,606215941;4770211,71361214;769271,645050654;764824,109207305;0,436014579079626;5;0;2201;
2202;26,7595238095238;11,3746356922491;1;4;1;1;1;1;11,3746356922491;26,7595238095238;4495,6;331981,587915199;403339,367499522;179004,831667265;4725458,01630073;769010,136110644;764631,729855978;0,44324395787553;5;0;2202;
2203;26,7595238095238;11,3746356922491;1;4;1;1;1;1;11,3746356922491;26,7595238095238;4495,6;331981,587915199;403339,367499522;179004,831667265;4725458,01630073;769010,136110644;764631,729855978;0,44324395787553;5;0;2203;
2204;27,4357142857143;18,4770655923198;2;9;2;2;1;5;18,4770655923198;27,4357142857143;4609,2;332619,257197849;404465,212228754;179608,632812742;4771817,76484147;769212,927933492;764867,975067177;0,435279197501512;5;0;2204;
2205;27,2571428571428;16,2168416162403;3;6;4;1;1;1;16,2168416162403;27,2571428571428;4579,2;332554,508824334;404360,063572087;179550,759493449;4767321,95267488;769291,473239433;764779,442694434;0,437855852307658;5;0;2205;
2206;27,2119047619047;13,4465016627455;1;4;3;1;1;1;13,4465016627455;27,2119047619047;4571,6;332427,091756605;404146,437128666;179418,942737765;4757435,77648499;769184,447088749;764780,096412899;0,437944470557273;5;0;2206;
2207;26,7595238095238;11,3746356922491;1;4;1;1;1;1;11,3746356922491;26,7595238095238;4495,6;331981,587915199;403339,367499522;179004,831667265;4725458,01630073;769010,136110644;764631,729855978;0,44324395787553;5;0;2207;
2208;27,4059523809524;17,3433551445509;3;9;4;1;1;2;17,3433551445509;27,4059523809524;4604,2;332649,120427027;404525,737753011;179639,516434658;4773992,96733794;769372,911916371;764779,030949631;0,435922068129868;5;0;2208;
2209;27,2119047619047;13,4465016627455;1;4;3;1;1;1;13,4465016627455;27,2119047619047;4571,6;332427,091756605;404146,437128666;179418,942737765;4757435,77648499;769184,447088749;764780,096412899;0,437944470557273;5;0;2209;
2210;27,1214285714286;13,4397330686006;2;10;2;1;1;1;13,4397330686006;27,1214285714286;4556,4;332374,194078095;404040,849706796;179376,214773394;4753914,48864252;769237,424130631;764710,32115833;0,439169024465394;5;0;2210;
2211;27,2952380952381;14,3207471333984;2;9;1;1;1;3;14,3207471333984;27,2952380952381;4585,6;332536,257118826;404331,500945473;179528,656857701;4765701,83525635;769189,653381928;764838,484722927;0,437132175364539;5;0;2211;
2212;26,827380952381;13,4411156932339;1;10;1;1;1;3;13,4411156932339;26,827380952381;4507;332053,511560589;403469,806558276;179074,618139487;4730615,91553505;768847,133629846;764784,285469338;0,442461788948923;5;0;2212;
2213;27,4738095238095;20,4285906501017;5;6;3;3;1;2;20,4285906501017;27,4738095238095;4615,6;332752,00668602;404707,855664504;179726,811168152;4780890,26573421;769354,383316041;764852,766848145;0,435265444241916;5;0;2213;
2214;27,1535714285714;16,4453783254317;1;4;3;1;1;4;16,4453783254317;27,1535714285714;4561,8;332459,447020257;404183,503250316;179456,181097979;4760076,36441155;769114,492571645;764840,032868256;0,439056391014794;5;0;2214;
2215;26,7595238095238;11,3746356922491;1;4;1;1;1;1;11,3746356922491;26,7595238095238;4495,6;331981,587915199;403339,367499522;179004,831667265;4725458,01630073;769010,136110644;764631,729855978;0,44324395787553;5;0;2215;
2216;27,4357142857143;18,4770655923198;2;9;2;2;1;5;18,4770655923198;27,4357142857143;4609,2;332619,257197849;404465,212228754;179608,632812742;4771817,76484147;769212,927933492;764867,975067177;0,435279197501512;5;0;2216;
2217;25,9940476190476;11,4449321897264;1;1;1;1;1;1;11,4449321897264;25,9940476190476;4367;331191,594574102;401930,88956173;178266,680832632;4668631,30999633;768655,065898936;764403,625865164;0,452465760181828;5;0;2217;
2218;27,2619047619048;23,431406439963;5;6;3;3;1;5;23,431406439963;27,2619047619048;4580;332534,682682446;404330,158621953;179525,761586457;4765402,83403552;769258,273647735;764791,265091229;0,437650868955486;5;0;2218;
2219;26,7595238095238;11,3746356922491;1;4;1;1;1;1;11,3746356922491;26,7595238095238;4495,6;331981,587915199;403339,367499522;179004,831667265;4725458,01630073;769010,136110644;764631,729855978;0,44324395787553;5;0;2219;
2220;27,2952380952381;14,3207471333984;2;10;1;1;1;3;14,3207471333984;27,2952380952381;4585,6;332536,257118826;404331,500945473;179528,656857701;4765701,83525635;769189,653381928;764838,484722927;0,437132175364539;5;0;2220;
2221;26,7595238095238;11,3746356922491;1;4;1;1;1;1;11,3746356922491;26,7595238095238;4495,6;331981,587915199;403339,367499522;179004,831667265;4725458,01630073;769010,136110644;764631,729855978;0,44324395787553;5;0;2221;
2222;27,2488095238095;20,4182857315932;2;8;2;2;1;7;20,4182857315932;27,2488095238095;4577,8;332538,307130838;404329,000416263;179530,541057441;4765690,631339;769202,325131853;764828,260959625;0,437874026528354;5;0;2222;
2223;27,3511904761905;19,4953132557624;5;5;3;2;1;2;19,4953132557624;27,3511904761905;4595;332623,221206684;404478,459723653;179608,209108875;4771681,57604928;769286,000531004;764822,175389727;0,43662508073147;5;0;2223;
2224;27,2630952380952;21,2865056329238;6;5;3;3;1;2;21,2865056329238;27,2630952380952;4580,2;332576,564036558;404390,225645392;179568,261530855;4768586,30884103;769260,804482309;764812,827638354;0,437863008405802;5;0;2224;
2225;26,625;15,4534132013852;1;4;1;1;5;1;15,4534132013852;26,625;4473;331862,350310943;403137,043635583;178896,36662297;4717045,22673859;768933,66705531;764615,91644643;0,444935763581682;5;0;2225;
2226;27,2952380952381;14,3207471333984;2;9;1;1;1;3;14,3207471333984;27,2952380952381;4585,6;332536,257118826;404331,500945473;179528,656857701;4765701,83525635;769189,653381928;764838,484722927;0,437132175364539;5;0;2226;
2227;27,2880952380952;23,3966596333901;3;9;8;1;4;1;23,3966596333901;27,2880952380952;4584,4;332590,509487722;404424,157590905;179581,780688171;4769759,71847307;769265,405577191;764816,737198639;0,437511319269364;5;0;2227;
2228;26,7595238095238;11,3746356922491;1;4;1;1;1;1;11,3746356922491;26,7595238095238;4495,6;331981,587915199;403339,367499522;179004,831667265;4725458,01630073;769010,136110644;764631,729855978;0,44324395787553;5;0;2228;
2229;27,0011904761905;16,3967341889755;1;7;1;1;1;6;16,3967341889755;27,0011904761905;4536,2;332252,353479011;403816,613883401;179261,256;4745168,064;768889,997424768;764869,213757061;0,440551617784803;5;0;2229;
2230;26,9297619047619;12,3373449695141;1;5;1;1;1;2;12,3373449695141;26,9297619047619;4524,2;332103,300923545;403563,648823931;179122,533554643;4734535,34142333;768916,742975836;764766,229590297;0,441057175809875;5;0;2230;
2231;26,7595238095238;11,3746356922491;1;4;1;1;1;1;11,3746356922491;26,7595238095238;4495,6;331981,587915199;403339,367499522;179004,831667265;4725458,01630073;769010,136110644;764631,729855978;0,44324395787553;5;0;2231;
2232;27,4654761904762;20,4246515211104;5;5;3;3;1;2;20,4246515211104;27,4654761904762;4614,2;332754,40668602;404712,41335639;179729,067168152;4781063,64173421;769353,456834204;764855,026875408;0,435408403079538;5;0;2232;
2233;27,3785714285714;18,4028849404657;3;9;4;1;1;3;18,4028849404657;27,3785714285714;4599,6;332705,039823165;404622,998169718;179685,204832458;4777725,57718828;769285,339201349;764869,686846706;0,436570219961232;5;0;2233;
2234;26,7595238095238;11,3746356922491;1;4;1;1;1;1;11,3746356922491;26,7595238095238;4495,6;331981,587915199;403339,367499522;179004,831667265;4725458,01630073;769010,136110644;764631,729855978;0,44324395787553;5;0;2234;
2235;27,1214285714286;13,4397330686006;2;10;2;1;1;1;13,4397330686006;27,1214285714286;4556,4;332374,194078095;404040,849706796;179376,214773394;4753914,48864252;769237,424130631;764710,32115833;0,439169024465394;5;0;2235;
2236;27,3416666666667;20,3637065883924;3;9;8;1;1;1;20,3637065883924;27,3416666666667;4593,4;332589,774651955;404418,752934985;179583,334569279;4769662,73152048;769256,482421763;764822,745793939;0,4366511847055;5;0;2236;
2237;26,6785714285714;12,491590785092;1;4;1;1;2;1;12,491590785092;26,6785714285714;4482;331927,38126568;403229,05585727;178959,127755601;4721860,5694328;768963,34695168;764626,828739568;0,444355150544363;5;0;2237;
2238;26,9845238095238;12,4357073477328;1;4;2;1;1;1;12,4357073477328;26,9845238095238;4533,4;332224,661333306;403770,56603375;179233,912444391;4743050,4478034;769102,487012864;764712,675311561;0,44069363069733;5;0;2238;
2239;27,1130952380952;17,4869173938137;1;9;2;2;1;5;17,4869173938137;27,1130952380952;4555;332393,973255252;404079,495361383;179398,511450313;4755493,2171939;769093,223463767;764819,42746834;0,439409659441946;5;0;2239;
2240;26,8071428571429;12,4368077102845;2;10;1;1;1;1;12,4368077102845;26,8071428571429;4503,6;332011,286594615;403386,929667095;179035,825581121;4727754,94670534;769151,530917001;764551,243145734;0,442630141312183;5;0;2240;
2241;26,7595238095238;11,3746356922491;1;4;1;1;1;1;11,3746356922491;26,7595238095238;4495,6;331981,587915199;403339,367499522;179004,831667265;4725458,01630073;769010,136110644;764631,729855978;0,44324395787553;5;0;2241;
2242;27,4357142857143;18,4770655923198;2;8;2;2;1;5;18,4770655923198;27,4357142857143;4609,2;332619,257197849;404465,212228754;179608,632812742;4771817,76484147;769212,927933492;764867,975067177;0,435279197501512;5;0;2242;
2243;26,9845238095238;12,4357073477328;1;4;2;1;1;1;12,4357073477328;26,9845238095238;4533,4;332224,661333306;403770,56603375;179233,912444391;4743050,4478034;769102,487012864;764712,675311561;0,44069363069733;5;0;2243;
2244;27,3833333333333;14,4391248762019;1;4;4;1;1;1;14,4391248762019;27,3833333333333;4600,4;332608,753425361;404455,502283943;179589,606215941;4770211,71361214;769271,645050654;764824,109207305;0,436014579079626;5;0;2244;
2245;26,6785714285714;12,491590785092;1;4;1;2;1;1;12,491590785092;26,6785714285714;4482;331927,38126568;403229,05585727;178959,127755601;4721860,5694328;768963,34695168;764626,828739568;0,444355150544363;5;0;2245;
2246;27,3654761904762;23,5049998881685;3;8;10;1;1;2;23,5049998881685;27,3654761904762;4597,4;332680,297764479;404573,083063868;179666,779463858;4776021,8711902;769281,162210788;764859,261918311;0,436671417858021;5;0;2246;
2247;27,4738095238095;20,4285906501017;5;6;3;3;1;2;20,4285906501017;27,4738095238095;4615,6;332752,00668602;404707,855664504;179726,811168152;4780890,26573421;769354,383316041;764852,766848145;0,435265444241916;5;0;2247;
2248;27,5;21,4271497010065;3;9;8;1;1;2;21,4271497010065;27,5;4620;332789,19473373;404775,699182387;179760,65602652;4783397,30528138;769373,594604603;764860,885753007;0,435007387003491;5;0;2248;
2249;27,4738095238095;20,4285906501017;5;6;3;2;2;2;20,4285906501017;27,4738095238095;4615,6;332752,00668602;404707,855664504;179726,811168152;4780890,26573421;769354,383316041;764852,766848145;0,435265444241916;5;0;2249;
2250;27,0464285714286;14,3039286405725;1;4;3;2;1;1;14,3039286405725;27,0464285714286;4543,8;332318,554596523;403937,567075042;179322,217811964;4749765,80923065;769121,623714817;764755,344012406;0,44014609181216;5;0;2250;
2251;27,3261904761905;21,4879561497124;5;9;2;2;1;5;21,4879561497124;27,3261904761905;4590,8;332631,6;404500,489421451;179613,192;4772139,87782779;769261,994590523;764845,12970928;0,43705132367722;5;0;2251;
2252;27,5;21,4271497010065;3;9;8;1;1;2;21,4271497010065;27,5;4620;332789,19473373;404775,699182387;179760,65602652;4783397,30528138;769373,594604603;764860,885753007;0,435007387003491;5;0;2252;
2253;27,3833333333333;14,4391248762019;1;4;4;1;1;1;14,4391248762019;27,3833333333333;4600,4;332608,753425361;404455,502283943;179589,606215941;4770211,71361214;769271,645050654;764824,109207305;0,436014579079626;5;0;2253;
2254;26,8202380952381;12,3353129896935;1;10;1;1;1;2;12,3353129896935;26,8202380952381;4505,8;332063,865792407;403510,760155107;179080,743505291;4731146,98591607;768872,352620338;764778,45675885;0,442638380041009;5;0;2254;
2255;27,4357142857143;18,4770655923198;2;9;2;2;1;5;18,4770655923198;27,4357142857143;4609,2;332619,257197849;404465,212228754;179608,632812742;4771817,76484147;769212,927933492;764867,975067177;0,435279197501512;5;0;2255;
2256;27,4654761904762;20,4246515211104;5;5;3;3;1;2;20,4246515211104;27,4654761904762;4614,2;332754,40668602;404712,41335639;179729,067168152;4781063,64173421;769353,456834204;764855,026875408;0,435408403079538;5;0;2256;
2257;27,3666666666667;19,5044999839029;5;6;3;2;1;2;19,5044999839029;27,3666666666667;4597,6;332643,449457732;404513,339583275;179626,728;4773012,91474979;769276,068415662;764840,59282097;0,436462568833037;5;0;2257;
2258;27,4059523809524;17,3433551445509;3;9;4;1;1;2;17,3433551445509;27,4059523809524;4604,2;332649,120427027;404525,737753011;179639,516434658;4773992,96733794;769372,911916371;764779,030949631;0,435922068129868;5;0;2258;
2259;27,3833333333333;14,4391248762019;1;4;4;1;1;1;14,4391248762019;27,3833333333333;4600,4;332608,753425361;404455,502283943;179589,606215941;4770211,71361214;769271,645050654;764824,109207305;0,436014579079626;5;0;2259;
2260;27,1214285714286;13,4397330686006;2;7;2;1;1;1;13,4397330686006;27,1214285714286;4556,4;332374,194078095;404040,849706796;179376,214773394;4753914,48864252;769237,424130631;764710,32115833;0,439169024465394;5;0;2260;
2261;27,1130952380952;17,4869173938137;1;8;2;2;1;5;17,4869173938137;27,1130952380952;4555;332393,973255252;404079,495361383;179398,511450313;4755493,2171939;769093,223463767;764819,42746834;0,439409659441946;5;0;2261;
2262;27,1654761904762;15,1289290939666;2;10;2;3;1;1;15,1289290939666;27,1654761904762;4563,8;332380,519851475;404041,470176042;179380,824;4754356,992;769220,220232593;764723,02978687;0,438508927545498;5;0;2262;
2263;27,127380952381;17,4705394827592;2;10;2;1;5;1;17,4705394827592;27,127380952381;4557,4;332333,350021334;403967,149369611;179338,893617776;4751137,36639894;769183,828777535;764722,455901289;0,43889511932068;5;0;2263;
2264;26,9130952380952;12,49780242493;1;4;1;1;1;2;12,49780242493;26,9130952380952;4521,4;332117,068582052;403584,601615422;179130,087731957;4735091,08209185;768939,165728604;764759,404688674;0,441342533644459;5;0;2264;
2265;27,2619047619048;19,6011991210727;5;9;2;3;1;2;19,6011991210727;27,2619047619048;4580;332592,294612247;404426,823638316;179581,503074056;4769625,48969236;769281,515387613;764808,000813181;0,437927376894539;5;0;2265;
2266;26,7595238095238;11,3746356922491;1;4;1;1;1;1;11,3746356922491;26,7595238095238;4495,6;331981,587915199;403339,367499522;179004,831667265;4725458,01630073;769010,136110644;764631,729855978;0,44324395787553;5;0;2266;
2267;27,3583333333333;22,3367278864997;2;10;2;2;1;9;22,3367278864997;27,3583333333333;4596,2;332601,700876528;404435,168708683;179600,373658705;4771163,54307685;769193,237058867;764870,836781161;0,436480429773875;5;0;2267;
2268;27,3833333333333;14,4391248762019;1;4;4;1;1;1;14,4391248762019;27,3833333333333;4600,4;332608,753425361;404455,502283943;179589,606215941;4770211,71361214;769271,645050654;764824,109207305;0,436014579079626;5;0;2268;
2269;27,3;19,5898282411609;5;5;2;3;1;2;19,5898282411609;27,3;4586,4;332616,294612247;404466,35657652;179605,296;4771532,62569236;769258,08337515;764836,857182569;0,437442499642152;5;0;2269;
2270;26,6047619047619;11,4814614897985;1;5;1;1;1;1;11,4814614897985;26,6047619047619;4469,6;331807,638431049;403015,862354863;178844,535905342;4713079,52638512;768882,999727021;764611,549464336;0,445022059761228;5;0;2270;
2271;26,7595238095238;11,3746356922491;1;4;1;1;1;1;11,3746356922491;26,7595238095238;4495,6;331981,587915199;403339,367499522;179004,831667265;4725458,01630073;769010,136110644;764631,729855978;0,44324395787553;5;0;2271;
2272;27,2059523809524;15,4561183119309;1;4;2;1;1;4;15,4561183119309;27,2059523809524;4570,6;332438,834887783;404149,155464448;179438,629929585;4758722,08387224;769072,020194356;764857,172389863;0,438130339557333;5;0;2272;
2273;27,3142857142857;24,5380636301932;5;6;5;2;1;5;24,5380636301932;27,3142857142857;4588,8;332615,332732893;404461,470050759;179608,450873549;4771766,18690442;769234,736875029;764851,034959252;0,437217591869222;5;0;2273;
2274;26,8464285714286;15,4710704519151;1;5;1;1;4;2;15,4710704519151;26,8464285714286;4510,2;332012,188655293;403388,038111575;179034,717700442;4727678,30185106;768845,496653864;764760,139637627;0,441944940706853;5;0;2274;
2275;26,7595238095238;11,3746356922491;1;4;1;1;1;1;11,3746356922491;26,7595238095238;4495,6;331981,587915199;403339,367499522;179004,831667265;4725458,01630073;769010,136110644;764631,729855978;0,44324395787553;5;0;2275;
2276;26,8202380952381;12,3353129896935;1;10;1;1;1;2;12,3353129896935;26,8202380952381;4505,8;332063,865792407;403510,760155107;179080,743505291;4731146,98591607;768872,352620338;764778,45675885;0,442638380041009;5;0;2276;
2277;27,1464285714286;17,456228868066;5;4;3;1;1;1;17,456228868066;27,1464285714286;4560,6;332475,525737104;404206,920062653;179478,306081221;4761812,45495023;769243,011354216;764761,258481433;0,439278091477174;5;0;2277;
2278;26,9261904761905;13,4981218537356;1;5;1;1;2;2;13,4981218537356;26,9261904761905;4523,6;332197,82097418;403711,107678785;179210,496;4741345,69721084;768982,673302001;764773,045913347;0,441550386619915;5;0;2278;
2279;27,4357142857143;18,4770655923198;2;8;2;2;1;5;18,4770655923198;27,4357142857143;4609,2;332619,257197849;404465,212228754;179608,632812742;4771817,76484147;769212,927933492;764867,975067177;0,435279197501512;5;0;2279;
2280;26,8202380952381;12,3353129896935;1;10;1;1;1;2;12,3353129896935;26,8202380952381;4505,8;332063,865792407;403510,760155107;179080,743505291;4731146,98591607;768872,352620338;764778,45675885;0,442638380041009;5;0;2280;
2281;26,9297619047619;12,3373449695141;1;5;1;1;1;2;12,3373449695141;26,9297619047619;4524,2;332103,300923545;403563,648823931;179122,533554643;4734535,34142333;768916,742975836;764766,229590297;0,441057175809875;5;0;2281;
2282;26,7595238095238;11,3746356922491;1;4;1;1;1;1;11,3746356922491;26,7595238095238;4495,6;331981,587915199;403339,367499522;179004,831667265;4725458,01630073;769010,136110644;764631,729855978;0,44324395787553;5;0;2282;
2283;27,5261904761905;22,5183912282846;5;6;5;2;2;2;22,5183912282846;27,5261904761905;4624,4;332799,693121583;404784,531485061;179789,60221595;4785668,10579959;769348,112343746;764883,574838733;0,434739554935878;5;0;2283;
2284;27,1214285714286;17,4255395594345;2;7;1;1;5;2;17,4255395594345;27,1214285714286;4556,4;332427,379961007;404124,82870199;179424,307196057;4757604,91171987;769155,906136243;764795,688105183;0,439405855434323;5;0;2284;
2285;27,3833333333333;14,4391248762019;1;4;4;1;1;1;14,4391248762019;27,3833333333333;4600,4;332608,753425361;404455,502283943;179589,606215941;4770211,71361214;769271,645050654;764824,109207305;0,436014579079626;5;0;2285;
2286;27,3833333333333;14,4391248762019;1;4;4;1;1;1;14,4391248762019;27,3833333333333;4600,4;332608,753425361;404455,502283943;179589,606215941;4770211,71361214;769271,645050654;764824,109207305;0,436014579079626;5;0;2286;
2287;27,4357142857143;18,4770655923198;2;8;2;2;1;5;18,4770655923198;27,4357142857143;4609,2;332619,257197849;404465,212228754;179608,632812742;4771817,76484147;769212,927933492;764867,975067177;0,435279197501512;5;0;2287;
2288;26,8071428571429;12,4368077102845;2;4;1;1;1;1;12,4368077102845;26,8071428571429;4503,6;332011,286594615;403386,929667095;179035,825581121;4727754,94670534;769151,530917001;764551,243145734;0,442630141312183;5;0;2288;
2289;27,1333333333333;17,4128577003771;2;6;1;1;1;6;17,4128577003771;27,1333333333333;4558,4;332548,165189977;404351,328744011;179538,97220304;4766434,04026831;769190,068468151;764844,963935431;0,43979223396326;5;0;2289;
2290;27,1071428571429;15,4518139963841;1;6;1;1;1;5;15,4518139963841;27,1071428571429;4554;332278,21502076;403870,400578467;179286,845365733;4747022,31971313;768971,499401628;764831,636868367;0,438948864628054;5;0;2290;
2291;26,9845238095238;12,4357073477328;1;4;2;1;1;1;12,4357073477328;26,9845238095238;4533,4;332224,661333306;403770,56603375;179233,912444391;4743050,4478034;769102,487012864;764712,675311561;0,44069363069733;5;0;2291;
2292;27,4059523809524;17,3433551445509;3;9;4;1;1;2;17,3433551445509;27,4059523809524;4604,2;332649,120427027;404525,737753011;179639,516434658;4773992,96733794;769372,911916371;764779,030949631;0,435922068129868;5;0;2292;
2293;27,2952380952381;14,3207471333984;2;9;1;1;1;3;14,3207471333984;27,2952380952381;4585,6;332536,257118826;404331,500945473;179528,656857701;4765701,83525635;769189,653381928;764838,484722927;0,437132175364539;5;0;2293;
2294;27,4357142857143;18,4770655923198;2;8;2;2;1;5;18,4770655923198;27,4357142857143;4609,2;332619,257197849;404465,212228754;179608,632812742;4771817,76484147;769212,927933492;764867,975067177;0,435279197501512;5;0;2294;
2295;26,625;15,4534132013852;1;4;1;1;5;1;15,4534132013852;26,625;4473;331862,350310943;403137,043635583;178896,36662297;4717045,22673859;768933,66705531;764615,91644643;0,444935763581682;5;0;2295;
2296;27,2690476190476;25,3715381117276;5;8;3;3;6;2;25,3715381117276;27,2690476190476;4581,2;332554,8;404362,802065924;179544,384;4766840,064;769254,56786164;764804,392371738;0,437620587948704;5;0;2296;
2297;27,4059523809524;17,3433551445509;3;9;4;1;1;2;17,3433551445509;27,4059523809524;4604,2;332649,120427027;404525,737753011;179639,516434658;4773992,96733794;769372,911916371;764779,030949631;0,435922068129868;5;0;2297;
2298;27,275;19,2277824532516;1;9;8;1;1;2;19,2277824532516;27,275;4582,2;332575,982441109;404389,126236577;179560,176;4768076,34930546;769219,801817141;764837,882445908;0,43760827898566;5;0;2298;
2299;27,2119047619047;13,4465016627455;1;4;3;1;1;1;13,4465016627455;27,2119047619047;4571,6;332427,091756605;404146,437128666;179418,942737765;4757435,77648499;769184,447088749;764780,096412899;0,437944470557273;5;0;2299;
2300;26,7595238095238;11,3746356922491;1;4;1;1;1;1;11,3746356922491;26,7595238095238;4495,6;331981,587915199;403339,367499522;179004,831667265;4725458,01630073;769010,136110644;764631,729855978;0,44324395787553;5;0;2300;
2301;26,8202380952381;12,3353129896935;1;10;1;1;1;2;12,3353129896935;26,8202380952381;4505,8;332063,865792407;403510,760155107;179080,743505291;4731146,98591607;768872,352620338;764778,45675885;0,442638380041009;5;0;2301;
2302;26,8202380952381;12,3353129896935;1;10;1;1;1;2;12,3353129896935;26,8202380952381;4505,8;332063,865792407;403510,760155107;179080,743505291;4731146,98591607;768872,352620338;764778,45675885;0,442638380041009;5;0;2302;
2303;27,2214285714286;15,5351812979189;1;4;5;1;1;1;15,5351812979189;27,2214285714286;4573,2;332526,825600894;404307,735739294;179524,664844777;4765420,41817941;769252,009239882;764788,578871768;0,43830651931811;5;0;2303;
2304;26,7595238095238;11,3746356922491;1;4;1;1;1;1;11,3746356922491;26,7595238095238;4495,6;331981,587915199;403339,367499522;179004,831667265;4725458,01630073;769010,136110644;764631,729855978;0,44324395787553;5;0;2304;
2305;27,3833333333333;14,4391248762019;1;4;4;1;1;1;14,4391248762019;27,3833333333333;4600,4;332608,753425361;404455,502283943;179589,606215941;4770211,71361214;769271,645050654;764824,109207305;0,436014579079626;5;0;2305;
2306;26,8202380952381;12,3353129896935;1;10;1;1;1;2;12,3353129896935;26,8202380952381;4505,8;332063,865792407;403510,760155107;179080,743505291;4731146,98591607;768872,352620338;764778,45675885;0,442638380041009;5;0;2306;
2307;26,7595238095238;11,3746356922491;1;4;1;1;1;1;11,3746356922491;26,7595238095238;4495,6;331981,587915199;403339,367499522;179004,831667265;4725458,01630073;769010,136110644;764631,729855978;0,44324395787553;5;0;2307;
2308;27,4654761904762;20,4246515211104;5;5;3;3;1;2;20,4246515211104;27,4654761904762;4614,2;332754,40668602;404712,41335639;179729,067168152;4781063,64173421;769353,456834204;764855,026875408;0,435408403079538;5;0;2308;
2309;26,7595238095238;11,3746356922491;1;4;1;1;1;1;11,3746356922491;26,7595238095238;4495,6;331981,587915199;403339,367499522;179004,831667265;4725458,01630073;769010,136110644;764631,729855978;0,44324395787553;5;0;2309;
2310;26,9845238095238;12,4357073477328;1;4;2;1;1;1;12,4357073477328;26,9845238095238;4533,4;332224,661333306;403770,56603375;179233,912444391;4743050,4478034;769102,487012864;764712,675311561;0,44069363069733;5;0;2310;
2311;26,8916666666667;16,4480707019221;1;4;2;5;1;1;16,4480707019221;26,8916666666667;4517,8;332182,664642571;403718,370521858;179196,432442899;4740099,80096625;769107,309429883;764688,089849052;0,442028496663661;5;0;2311;
2312;27,1607142857143;15,4044907940511;2;7;2;1;1;3;15,4044907940511;27,1607142857143;4563;332527,988266654;404309,05495139;179518,682662007;4764861,23839839;769224,145263804;764808,236782097;0,439245982405141;5;0;2312;
2313;26,8202380952381;12,3353129896935;1;8;1;1;1;2;12,3353129896935;26,8202380952381;4505,8;332063,865792407;403510,760155107;179080,743505291;4731146,98591607;768872,352620338;764778,45675885;0,442638380041009;5;0;2313;
2314;26,7595238095238;11,3746356922491;1;4;1;1;1;1;11,3746356922491;26,7595238095238;4495,6;331981,587915199;403339,367499522;179004,831667265;4725458,01630073;769010,136110644;764631,729855978;0,44324395787553;5;0;2314;
2315;27,2392857142857;17,3564629570757;1;4;3;1;1;5;17,3564629570757;27,2392857142857;4576,2;332469,627335994;404218,910433214;179464,158743447;4760593,69090413;769124,330842614;764842,76659583;0,437696305020467;5;0;2315;
2316;26,9845238095238;12,4357073477328;1;4;2;1;1;1;12,4357073477328;26,9845238095238;4533,4;332224,661333306;403770,56603375;179233,912444391;4743050,4478034;769102,487012864;764712,675311561;0,44069363069733;5;0;2316;
2317;26,7595238095238;11,3746356922491;1;4;1;1;1;1;11,3746356922491;26,7595238095238;4495,6;331981,587915199;403339,367499522;179004,831667265;4725458,01630073;769010,136110644;764631,729855978;0,44324395787553;5;0;2317;
2318;26,6047619047619;11,4814614897985;1;6;1;1;1;1;11,4814614897985;26,6047619047619;4469,6;331807,638431049;403015,862354863;178844,535905342;4713079,52638512;768882,999727021;764611,549464336;0,445022059761228;5;0;2318;
2319;26,7595238095238;11,3746356922491;1;4;1;1;1;1;11,3746356922491;26,7595238095238;4495,6;331981,587915199;403339,367499522;179004,831667265;4725458,01630073;769010,136110644;764631,729855978;0,44324395787553;5;0;2319;
2320;26,5178571428571;14,4062381038863;1;7;1;4;1;1;14,4062381038863;26,5178571428571;4455;331818,536497528;403046,761798668;178853,970640992;4713769,5281811;768906,759573464;764606,830986709;0,446518842111202;5;0;2320;
2321;27,4059523809524;17,3433551445509;3;9;4;1;1;2;17,3433551445509;27,4059523809524;4604,2;332649,120427027;404525,737753011;179639,516434658;4773992,96733794;769372,911916371;764779,030949631;0,435922068129868;5;0;2321;
2322;26,8202380952381;12,3353129896935;1;10;1;1;1;2;12,3353129896935;26,8202380952381;4505,8;332063,865792407;403510,760155107;179080,743505291;4731146,98591607;768872,352620338;764778,45675885;0,442638380041009;5;0;2322;
2323;27,4023809523809;17,3816080050705;4;4;4;1;1;1;17,3816080050705;27,4023809523809;4603,6;332633,589543265;404493,091693132;179611,423065203;4772079,79763491;769284,131117011;764829,871922919;0,435830490423815;5;0;2323;
2324;26,7595238095238;11,3746356922491;1;4;1;1;1;1;11,3746356922491;26,7595238095238;4495,6;331981,587915199;403339,367499522;179004,831667265;4725458,01630073;769010,136110644;764631,729855978;0,44324395787553;5;0;2324;
2325;27,3369047619048;18,3953073426362;2;4;7;1;1;1;18,3953073426362;27,3369047619048;4592,6;332608,027892676;404451,479970243;179603,04;4771372,48995135;769227,286638913;764852,304532214;0,436822717943476;5;0;2325;
2326;27,0523809523809;13,4236435635083;2;7;1;1;1;2;13,4236435635083;27,0523809523809;4544,8;332345,452748884;403983,818975157;179350,864588955;4751974,82347668;769160,412030106;764742,373779096;0,440166874644889;5;0;2326;
2327;26,5869047619048;11,529297601768;1;2;1;1;1;1;11,529297601768;26,5869047619048;4466,6;331785,690842114;402997,529739523;178821,874491814;4711257,41771323;768876,286272831;764608,995184652;0,445192328633132;5;0;2327;
2328;27,2571428571428;16,2168416162403;3;9;4;1;1;1;16,2168416162403;27,2571428571428;4579,2;332554,508824334;404360,063572087;179550,759493449;4767321,95267488;769291,473239433;764779,442694434;0,437855852307658;5;0;2328;
2329;27,2571428571428;16,2168416162403;3;6;4;1;1;1;16,2168416162403;27,2571428571428;4579,2;332554,508824334;404360,063572087;179550,759493449;4767321,95267488;769291,473239433;764779,442694434;0,437855852307658;5;0;2329;
2330;27,5;21,4271497010065;3;9;8;1;1;2;21,4271497010065;27,5;4620;332789,19473373;404775,699182387;179760,65602652;4783397,30528138;769373,594604603;764860,885753007;0,435007387003491;5;0;2330;
2331;27,3833333333333;14,4391248762019;1;4;4;1;1;1;14,4391248762019;27,3833333333333;4600,4;332608,753425361;404455,502283943;179589,606215941;4770211,71361214;769271,645050654;764824,109207305;0,436014579079626;5;0;2331;
2332;26,7595238095238;11,3746356922491;1;4;1;1;1;1;11,3746356922491;26,7595238095238;4495,6;331981,587915199;403339,367499522;179004,831667265;4725458,01630073;769010,136110644;764631,729855978;0,44324395787553;5;0;2332;
2333;26,8202380952381;12,3353129896935;1;10;1;1;1;2;12,3353129896935;26,8202380952381;4505,8;332063,865792407;403510,760155107;179080,743505291;4731146,98591607;768872,352620338;764778,45675885;0,442638380041009;5;0;2333;
2334;26,9690476190476;16,380378597404;6;6;1;1;1;1;16,380378597404;26,9690476190476;4530,8;332210,143628421;403746,811045232;179219,52;4742047,296;769286,024042717;764580,584722057;0,440904499355406;5;0;2334;
2335;27,3404761904762;22,3326847495746;5;5;3;5;1;2;22,3326847495746;27,3404761904762;4593,2;332659,047466303;404539,282965464;179647,768119593;4774823,34542906;769354,077252473;764796,67480674;0,436997838884773;5;0;2335;
2336;27,4654761904762;20,4246515211104;5;5;3;3;1;2;20,4246515211104;27,4654761904762;4614,2;332754,40668602;404712,41335639;179729,067168152;4781063,64173421;769353,456834204;764855,026875408;0,435408403079538;5;0;2336;
2337;26,9297619047619;12,3373449695141;1;5;1;1;1;2;12,3373449695141;26,9297619047619;4524,2;332103,300923545;403563,648823931;179122,533554643;4734535,34142333;768916,742975836;764766,229590297;0,441057175809875;5;0;2337;
2338;27,4059523809524;17,3433551445509;3;9;4;1;1;2;17,3433551445509;27,4059523809524;4604,2;332649,120427027;404525,737753011;179639,516434658;4773992,96733794;769372,911916371;764779,030949631;0,435922068129868;5;0;2338;
2339;27,4654761904762;20,4246515211104;5;5;3;3;1;2;20,4246515211104;27,4654761904762;4614,2;332754,40668602;404712,41335639;179729,067168152;4781063,64173421;769353,456834204;764855,026875408;0,435408403079538;5;0;2339;
2340;27,5261904761905;22,5183912282846;5;6;5;2;2;2;22,5183912282846;27,5261904761905;4624,4;332799,693121583;404784,531485061;179789,60221595;4785668,10579959;769348,112343746;764883,574838733;0,434739554935878;5;0;2340;
2341;27,4059523809524;17,3433551445509;3;9;4;1;1;2;17,3433551445509;27,4059523809524;4604,2;332649,120427027;404525,737753011;179639,516434658;4773992,96733794;769372,911916371;764779,030949631;0,435922068129868;5;0;2341;
2342;27,4059523809524;17,3433551445509;3;9;4;1;1;2;17,3433551445509;27,4059523809524;4604,2;332649,120427027;404525,737753011;179639,516434658;4773992,96733794;769372,911916371;764779,030949631;0,435922068129868;5;0;2342;
2343;26,7595238095238;11,3746356922491;1;4;1;1;1;1;11,3746356922491;26,7595238095238;4495,6;331981,587915199;403339,367499522;179004,831667265;4725458,01630073;769010,136110644;764631,729855978;0,44324395787553;5;0;2343;
2344;27,1892857142857;19,4908438259193;5;5;3;3;1;1;19,4908438259193;27,1892857142857;4567,8;332530,066490991;404326,011598896;179515,690114075;4764477,43051236;769276,908221008;764777,418070587;0,438761335843091;5;0;2344;
2345;26,7595238095238;11,3746356922491;1;4;1;1;1;1;11,3746356922491;26,7595238095238;4495,6;331981,587915199;403339,367499522;179004,831667265;4725458,01630073;769010,136110644;764631,729855978;0,44324395787553;5;0;2345;
2346;26,8202380952381;12,3353129896935;1;10;1;1;1;2;12,3353129896935;26,8202380952381;4505,8;332063,865792407;403510,760155107;179080,743505291;4731146,98591607;768872,352620338;764778,45675885;0,442638380041009;5;0;2346;
2347;26,7595238095238;11,3746356922491;1;4;1;1;1;1;11,3746356922491;26,7595238095238;4495,6;331981,587915199;403339,367499522;179004,831667265;4725458,01630073;769010,136110644;764631,729855978;0,44324395787553;5;0;2347;
2348;27,2952380952381;14,3207471333984;2;9;1;1;1;3;14,3207471333984;27,2952380952381;4585,6;332536,257118826;404331,500945473;179528,656857701;4765701,83525635;769189,653381928;764838,484722927;0,437132175364539;5;0;2348;
2349;27,2571428571428;16,2168416162403;3;9;4;1;1;1;16,2168416162403;27,2571428571428;4579,2;332554,508824334;404360,063572087;179550,759493449;4767321,95267488;769291,473239433;764779,442694434;0,437855852307658;5;0;2349;
2350;27,3833333333333;14,4391248762019;1;4;4;1;1;1;14,4391248762019;27,3833333333333;4600,4;332608,753425361;404455,502283943;179589,606215941;4770211,71361214;769271,645050654;764824,109207305;0,436014579079626;5;0;2350;
2351;26,7595238095238;11,3746356922491;1;4;1;1;1;1;11,3746356922491;26,7595238095238;4495,6;331981,587915199;403339,367499522;179004,831667265;4725458,01630073;769010,136110644;764631,729855978;0,44324395787553;5;0;2351;
2352;27,4738095238095;20,4285906501017;5;6;3;2;2;2;20,4285906501017;27,4738095238095;4615,6;332752,00668602;404707,855664504;179726,811168152;4780890,26573421;769354,383316041;764852,766848145;0,435265444241916;5;0;2352;
2353;27,0523809523809;13,4236435635083;2;7;1;1;1;2;13,4236435635083;27,0523809523809;4544,8;332345,452748884;403983,818975157;179350,864588955;4751974,82347668;769160,412030106;764742,373779096;0,440166874644889;5;0;2353;
2354;27,1214285714286;13,4397330686006;2;6;2;1;1;1;13,4397330686006;27,1214285714286;4556,4;332374,194078095;404040,849706796;179376,214773394;4753914,48864252;769237,424130631;764710,32115833;0,439169024465394;5;0;2354;
2355;27,2083333333333;14,3626593312448;3;5;1;1;1;2;14,3626593312448;27,2083333333333;4571;332467,874348792;404215,794568051;179460,912;4760355,99123281;769215,934710805;764781,490999872;0,438182201736943;5;0;2355;
2356;26,8202380952381;12,3353129896935;1;10;1;1;1;2;12,3353129896935;26,8202380952381;4505,8;332063,865792407;403510,760155107;179080,743505291;4731146,98591607;768872,352620338;764778,45675885;0,442638380041009;5;0;2356;
2357;27,2119047619047;13,4465016627455;1;4;3;1;1;1;13,4465016627455;27,2119047619047;4571,6;332427,091756605;404146,437128666;179418,942737765;4757435,77648499;769184,447088749;764780,096412899;0,437944470557273;5;0;2357;
2358;26,9845238095238;12,4357073477328;1;4;2;1;1;1;12,4357073477328;26,9845238095238;4533,4;332224,661333306;403770,56603375;179233,912444391;4743050,4478034;769102,487012864;764712,675311561;0,44069363069733;5;0;2358;
2359;27,2952380952381;14,3207471333984;2;9;1;1;1;3;14,3207471333984;27,2952380952381;4585,6;332536,257118826;404331,500945473;179528,656857701;4765701,83525635;769189,653381928;764838,484722927;0,437132175364539;5;0;2359;
2360;27,2333333333333;18,403354863478;5;9;3;1;1;2;18,403354863478;27,2333333333333;4575,2;332584,458162198;404410,616483088;179574,602392763;4768979,2282552;769250,836913355;764824,134991306;0,438339557677302;5;0;2360;
2361;27,4357142857143;18,4770655923198;2;8;2;2;1;5;18,4770655923198;27,4357142857143;4609,2;332619,257197849;404465,212228754;179608,632812742;4771817,76484147;769212,927933492;764867,975067177;0,435279197501512;5;0;2361;
2362;26,7595238095238;11,3746356922491;1;4;1;1;1;1;11,3746356922491;26,7595238095238;4495,6;331981,587915199;403339,367499522;179004,831667265;4725458,01630073;769010,136110644;764631,729855978;0,44324395787553;5;0;2362;
2363;26,9845238095238;12,4357073477328;1;4;2;1;1;1;12,4357073477328;26,9845238095238;4533,4;332224,661333306;403770,56603375;179233,912444391;4743050,4478034;769102,487012864;764712,675311561;0,44069363069733;5;0;2363;
2364;27,1214285714286;13,4397330686006;2;10;2;1;1;1;13,4397330686006;27,1214285714286;4556,4;332374,194078095;404040,849706796;179376,214773394;4753914,48864252;769237,424130631;764710,32115833;0,439169024465394;5;0;2364;
2365;27,0523809523809;13,4236435635083;2;7;1;1;1;2;13,4236435635083;27,0523809523809;4544,8;332345,452748884;403983,818975157;179350,864588955;4751974,82347668;769160,412030106;764742,373779096;0,440166874644889;5;0;2365;
2366;27,5;21,4271497010065;3;9;8;1;1;2;21,4271497010065;27,5;4620;332789,19473373;404775,699182387;179760,65602652;4783397,30528138;769373,594604603;764860,885753007;0,435007387003491;5;0;2366;
2367;27,5261904761905;22,5183912282846;5;6;5;2;2;2;22,5183912282846;27,5261904761905;4624,4;332799,693121583;404784,531485061;179789,60221595;4785668,10579959;769348,112343746;764883,574838733;0,434739554935878;5;0;2367;
2368;26,6785714285714;12,491590785092;1;4;1;1;2;1;12,491590785092;26,6785714285714;4482;331927,38126568;403229,05585727;178959,127755601;4721860,5694328;768963,34695168;764626,828739568;0,444355150544363;5;0;2368;
2369;27,2904761904762;22,2735115856456;6;8;2;2;1;5;22,2735115856456;27,2904761904762;4584,8;332616,213633048;404469,584550344;179606,931399894;4771605,23298969;769198,263721018;764878,38642229;0,43758950529242;5;0;2369;
2370;26,9297619047619;12,3373449695141;1;5;1;1;1;2;12,3373449695141;26,9297619047619;4524,2;332103,300923545;403563,648823931;179122,533554643;4734535,34142333;768916,742975836;764766,229590297;0,441057175809875;5;0;2370;
2371;26,9297619047619;12,3373449695141;1;5;1;1;1;2;12,3373449695141;26,9297619047619;4524,2;332103,300923545;403563,648823931;179122,533554643;4734535,34142333;768916,742975836;764766,229590297;0,441057175809875;5;0;2371;
2372;26,6047619047619;11,4814614897985;1;5;1;1;1;1;11,4814614897985;26,6047619047619;4469,6;331807,638431049;403015,862354863;178844,535905342;4713079,52638512;768882,999727021;764611,549464336;0,445022059761228;5;0;2372;
2373;26,9845238095238;12,4357073477328;1;4;2;1;1;1;12,4357073477328;26,9845238095238;4533,4;332224,661333306;403770,56603375;179233,912444391;4743050,4478034;769102,487012864;764712,675311561;0,44069363069733;5;0;2373;
2374;27,1130952380952;13,4260354856557;2;5;1;1;1;2;13,4260354856557;27,1130952380952;4555;332349,437216087;403996,148593697;179355,506163889;4752330,11088086;769154,292059947;764749,712671695;0,43920059340173;5;0;2374;
2375;26,9297619047619;12,3373449695141;1;5;1;1;1;2;12,3373449695141;26,9297619047619;4524,2;332103,300923545;403563,648823931;179122,533554643;4734535,34142333;768916,742975836;764766,229590297;0,441057175809875;5;0;2375;
2376;26,7595238095238;11,3746356922491;1;4;1;1;1;1;11,3746356922491;26,7595238095238;4495,6;331981,587915199;403339,367499522;179004,831667265;4725458,01630073;769010,136110644;764631,729855978;0,44324395787553;5;0;2376;
2377;26,9845238095238;12,4357073477328;1;4;2;1;1;1;12,4357073477328;26,9845238095238;4533,4;332224,661333306;403770,56603375;179233,912444391;4743050,4478034;769102,487012864;764712,675311561;0,44069363069733;5;0;2377;
2378;26,6785714285714;12,491590785092;1;4;1;1;2;1;12,491590785092;26,6785714285714;4482;331927,38126568;403229,05585727;178959,127755601;4721860,5694328;768963,34695168;764626,828739568;0,444355150544363;5;0;2378;
2379;27,0523809523809;13,4236435635083;2;7;1;1;1;2;13,4236435635083;27,0523809523809;4544,8;332345,452748884;403983,818975157;179350,864588955;4751974,82347668;769160,412030106;764742,373779096;0,440166874644889;5;0;2379;
2380;27,1095238095238;14,3052872279;1;10;3;1;1;2;14,3052872279;27,1095238095238;4554,4;332448,062827161;404167,191411583;179446,884533721;4759228,68196596;769179,422892953;764792,235270634;0,439708936416704;5;0;2380;
2381;27,2119047619047;13,4465016627455;1;4;3;1;1;1;13,4465016627455;27,2119047619047;4571,6;332427,091756605;404146,437128666;179418,942737765;4757435,77648499;769184,447088749;764780,096412899;0,437944470557273;5;0;2381;
2382;26,7595238095238;11,3746356922491;1;4;1;1;1;1;11,3746356922491;26,7595238095238;4495,6;331981,587915199;403339,367499522;179004,831667265;4725458,01630073;769010,136110644;764631,729855978;0,44324395787553;5;0;2382;
2383;27,2119047619047;13,4465016627455;1;4;3;1;1;1;13,4465016627455;27,2119047619047;4571,6;332427,091756605;404146,437128666;179418,942737765;4757435,77648499;769184,447088749;764780,096412899;0,437944470557273;5;0;2383;
2384;26,5869047619048;11,529297601768;1;2;1;1;1;1;11,529297601768;26,5869047619048;4466,6;331785,690842114;402997,529739523;178821,874491814;4711257,41771323;768876,286272831;764608,995184652;0,445192328633132;5;0;2384;
2385;26,6047619047619;11,4814614897985;1;10;1;1;1;1;11,4814614897985;26,6047619047619;4469,6;331807,638431049;403015,862354863;178844,535905342;4713079,52638512;768882,999727021;764611,549464336;0,445022059761228;5;0;2385;
2386;27,0678571428572;17,3347918228535;1;4;3;1;5;1;17,3347918228535;27,0678571428572;4547,4;332381,839661769;404053,649080345;179383,443251093;4754424,38871969;769157,637223183;764768,801728183;0,440080294776081;5;0;2386;
2387;26,9130952380952;12,49780242493;1;4;1;1;1;2;12,49780242493;26,9130952380952;4521,4;332117,068582052;403584,601615422;179130,087731957;4735091,08209185;768939,165728604;764759,404688674;0,441342533644459;5;0;2387;
2388;26,9845238095238;12,4357073477328;1;4;2;1;1;1;12,4357073477328;26,9845238095238;4533,4;332224,661333306;403770,56603375;179233,912444391;4743050,4478034;769102,487012864;764712,675311561;0,44069363069733;5;0;2388;
2389;27,2511904761905;20,353906266114;3;10;4;1;4;2;20,353906266114;27,2511904761905;4578,2;332583,855307546;404408,414621736;179571,502482368;4769040,1986734;769238,364439668;764832,390599215;0,438062830552919;5;0;2389;
2390;27,4654761904762;20,4246515211104;5;5;3;3;1;2;20,4246515211104;27,4654761904762;4614,2;332754,40668602;404712,41335639;179729,067168152;4781063,64173421;769353,456834204;764855,026875408;0,435408403079538;5;0;2390;
2391;27,2119047619047;13,4465016627455;1;4;3;1;1;1;13,4465016627455;27,2119047619047;4571,6;332427,091756605;404146,437128666;179418,942737765;4757435,77648499;769184,447088749;764780,096412899;0,437944470557273;5;0;2391;
2392;27,0785714285714;15,2275293513288;2;9;1;1;1;4;15,2275293513288;27,0785714285714;4549,2;332452,555767519;404159,681400052;179449,632;4759558,272;769138,341748644;764815,754352576;0,440230475916116;5;0;2392;
2393;27,1047619047619;14,4963154620808;1;2;4;1;1;1;14,4963154620808;27,1047619047619;4553,6;332480,795725945;404224,968516506;179474,226033281;4761479,50635303;769211,859542445;764788,986299355;0,439927471434292;5;0;2393;
2394;26,9797619047619;17,4031357764913;1;4;1;1;1;7;17,4031357764913;26,9797619047619;4532,6;332232,013308924;403792,769078182;179239,288554168;4743364,05228216;768935,568175303;764829,841646135;0,440788347094233;5;0;2394;
2395;27,4607142857143;22,4583474034632;2;8;4;2;3;5;22,4583474034632;27,4607142857143;4613,4;332744,409475639;404695,087409788;179724,575571576;4780667,03120502;769315,213377622;764873,924205741;0,435466525327241;5;0;2395;
2396;27,3547619047619;17,3364790996684;3;5;4;1;1;2;17,3364790996684;27,3547619047619;4595,6;332658,99809862;404543,236968707;179645,495336749;4774617,70972944;769361,758233366;764792,418173096;0,436788582358619;5;0;2396;
2397;27,5261904761905;22,5183912282846;5;6;5;2;2;2;22,5183912282846;27,5261904761905;4624,4;332799,693121583;404784,531485061;179789,60221595;4785668,10579959;769348,112343746;764883,574838733;0,434739554935878;5;0;2397;
2398;26,8202380952381;12,3353129896935;1;10;1;1;1;2;12,3353129896935;26,8202380952381;4505,8;332063,865792407;403510,760155107;179080,743505291;4731146,98591607;768872,352620338;764778,45675885;0,442638380041009;5;0;2398;
2399;26,7595238095238;11,3746356922491;1;4;1;1;1;1;11,3746356922491;26,7595238095238;4495,6;331981,587915199;403339,367499522;179004,831667265;4725458,01630073;769010,136110644;764631,729855978;0,44324395787553;5;0;2399;
2400;26,9297619047619;12,3373449695141;1;5;1;1;1;2;12,3373449695141;26,9297619047619;4524,2;332103,300923545;403563,648823931;179122,533554643;4734535,34142333;768916,742975836;764766,229590297;0,441057175809875;5;0;2400;
2401;27,5;21,4271497010065;3;9;8;1;1;2;21,4271497010065;27,5;4620;332789,19473373;404775,699182387;179760,65602652;4783397,30528138;769373,594604603;764860,885753007;0,435007387003491;5;0;2401;
2402;26,7595238095238;11,3746356922491;1;4;1;1;1;1;11,3746356922491;26,7595238095238;4495,6;331981,587915199;403339,367499522;179004,831667265;4725458,01630073;769010,136110644;764631,729855978;0,44324395787553;5;0;2402;
2403;27,1011904761905;14,2975495403664;3;10;2;1;1;1;14,2975495403664;27,1011904761905;4553;332379,166675451;404044,13949335;179380,824;4754375,69544021;769258,681072898;764697,257046069;0,439529299613764;5;0;2403;
2404;26,7595238095238;11,3746356922491;1;4;1;1;1;1;11,3746356922491;26,7595238095238;4495,6;331981,587915199;403339,367499522;179004,831667265;4725458,01630073;769010,136110644;764631,729855978;0,44324395787553;5;0;2404;
2405;27,5;21,4271497010065;3;9;8;1;1;2;21,4271497010065;27,5;4620;332789,19473373;404775,699182387;179760,65602652;4783397,30528138;769373,594604603;764860,885753007;0,435007387003491;5;0;2405;
2406;27,4738095238095;20,4285906501017;5;6;3;2;2;2;20,4285906501017;27,4738095238095;4615,6;332752,00668602;404707,855664504;179726,811168152;4780890,26573421;769354,383316041;764852,766848145;0,435265444241916;5;0;2406;
2407;27,2;16,4627593752068;1;4;3;4;1;1;16,4627593752068;27,2;4569,6;332465,667575996;404203,195211355;179463,125651419;4760704,55815185;769196,074746259;764789,936556866;0,438344267750802;5;0;2407;
2408;26,7595238095238;11,3746356922491;1;4;1;1;1;1;11,3746356922491;26,7595238095238;4495,6;331981,587915199;403339,367499522;179004,831667265;4725458,01630073;769010,136110644;764631,729855978;0,44324395787553;5;0;2408;
2409;27,4357142857143;18,4770655923198;2;8;2;2;1;5;18,4770655923198;27,4357142857143;4609,2;332619,257197849;404465,212228754;179608,632812742;4771817,76484147;769212,927933492;764867,975067177;0,435279197501512;5;0;2409;
2410;27,1166666666667;13,4617883132974;2;4;2;1;1;1;13,4617883132974;27,1166666666667;4555,6;332305,185188398;403909,362822278;179319,082214734;4749414,9334058;769193,449374706;764698,248778384;0,438977020837923;5;0;2410;
2411;27,2119047619047;13,4465016627455;1;4;3;1;1;1;13,4465016627455;27,2119047619047;4571,6;332427,091756605;404146,437128666;179418,942737765;4757435,77648499;769184,447088749;764780,096412899;0,437944470557273;5;0;2411;
2412;27,4738095238095;20,4285906501017;5;6;3;2;2;2;20,4285906501017;27,4738095238095;4615,6;332752,00668602;404707,855664504;179726,811168152;4780890,26573421;769354,383316041;764852,766848145;0,435265444241916;5;0;2412;
2413;26,7595238095238;11,3746356922491;1;4;1;1;1;1;11,3746356922491;26,7595238095238;4495,6;331981,587915199;403339,367499522;179004,831667265;4725458,01630073;769010,136110644;764631,729855978;0,44324395787553;5;0;2413;
2414;27,1726190476191;15,412135838093;2;4;4;1;1;1;15,412135838093;27,1726190476191;4565;332488,275669028;404234,651938431;179481,688761052;4762004,48246544;769195,840061514;764802,984072375;0,4388639522738;5;0;2414;
2415;27,0523809523809;13,4236435635083;2;7;1;1;1;2;13,4236435635083;27,0523809523809;4544,8;332345,452748884;403983,818975157;179350,864588955;4751974,82347668;769160,412030106;764742,373779096;0,440166874644889;5;0;2415;
2416;27,5;21,4271497010065;3;9;8;1;1;2;21,4271497010065;27,5;4620;332789,19473373;404775,699182387;179760,65602652;4783397,30528138;769373,594604603;764860,885753007;0,435007387003491;5;0;2416;
2417;27,2011904761905;21,4994991301494;2;8;2;5;1;5;21,4994991301494;27,2011904761905;4569,8;332534,448350406;404340,286366421;179521,902842148;4765031,14796345;769212,924413315;764827,134420894;0,438600224171949;5;0;2417;
2418;26,7595238095238;11,3746356922491;1;4;1;1;1;1;11,3746356922491;26,7595238095238;4495,6;331981,587915199;403339,367499522;179004,831667265;4725458,01630073;769010,136110644;764631,729855978;0,44324395787553;5;0;2418;
2419;26,7595238095238;11,3746356922491;1;4;1;1;1;1;11,3746356922491;26,7595238095238;4495,6;331981,587915199;403339,367499522;179004,831667265;4725458,01630073;769010,136110644;764631,729855978;0,44324395787553;5;0;2419;
2420;27,1130952380952;13,4260354856557;2;5;1;1;1;2;13,4260354856557;27,1130952380952;4555;332349,437216087;403996,148593697;179355,506163889;4752330,11088086;769154,292059947;764749,712671695;0,43920059340173;5;0;2420;
2421;27,4654761904762;20,4246515211104;5;5;3;3;1;2;20,4246515211104;27,4654761904762;4614,2;332754,40668602;404712,41335639;179729,067168152;4781063,64173421;769353,456834204;764855,026875408;0,435408403079538;5;0;2421;
2422;27,2857142857143;17,4639792035157;2;8;2;2;1;4;17,4639792035157;27,2857142857143;4584;332579,527294367;404403,586827796;179571,492202174;4768922,68304858;769200,165021328;764855,78319608;0,437488448342805;5;0;2422;
2423;27,2392857142857;21,3476657869006;5;5;3;4;1;2;21,3476657869006;27,2392857142857;4576,2;332621,950648493;404473,304157944;179606,433449036;4771442,62360435;769259,921702529;764839,357290702;0,4383999371757;5;0;2423;
2424;27,5261904761905;22,5183912282846;5;8;5;2;2;2;22,5183912282846;27,5261904761905;4624,4;332799,693121583;404784,531485061;179789,60221595;4785668,10579959;769348,112343746;764883,574838733;0,434739554935878;5;0;2424;
2425;26,9130952380952;12,49780242493;1;4;1;1;1;2;12,49780242493;26,9130952380952;4521,4;332117,068582052;403584,601615422;179130,087731957;4735091,08209185;768939,165728604;764759,404688674;0,441342533644459;5;0;2425;
2426;27,1130952380952;13,4260354856557;2;5;1;1;1;2;13,4260354856557;27,1130952380952;4555;332349,437216087;403996,148593697;179355,506163889;4752330,11088086;769154,292059947;764749,712671695;0,43920059340173;5;0;2426;
2427;27,2142857142857;14,4535679912266;1;3;3;1;1;2;14,4535679912266;27,2142857142857;4572;332536,553160206;404318,595076486;179531,610886151;4765862,44509623;769206,386903643;764823,741898047;0,438439749089708;5;0;2427;
2428;27,2166666666667;19,4540639796295;7;9;1;1;1;3;19,4540639796295;27,2166666666667;4572,4;332620,3153833;404474,818972957;179605,842080945;4771581,95562993;769296,234943946;764814,256921426;0,438777068826187;5;0;2428;
2429;27,0059523809524;15,5115613092385;1;4;3;1;3;1;15,5115613092385;27,0059523809524;4537;332277,377916993;403874,381631996;179284,714015768;4746829,83129204;769100,931795502;764745,470149667;0,440591590318173;5;0;2429;
2430;26,7595238095238;11,3746356922491;1;4;1;1;1;1;11,3746356922491;26,7595238095238;4495,6;331981,587915199;403339,367499522;179004,831667265;4725458,01630073;769010,136110644;764631,729855978;0,44324395787553;5;0;2430;
2431;27,4357142857143;18,4770655923198;2;8;2;2;1;5;18,4770655923198;27,4357142857143;4609,2;332619,257197849;404465,212228754;179608,632812742;4771817,76484147;769212,927933492;764867,975067177;0,435279197501512;5;0;2431;
2432;27,3238095238095;24,4169547112693;7;6;5;2;2;2;24,4169547112693;27,3238095238095;4590,4;332630,936838455;404491,894164945;179624,058485523;4772885,5279049;769268,889365697;764839,388989494;0,437138049668667;5;0;2432;
2433;26,7595238095238;11,3746356922491;1;4;1;1;1;1;11,3746356922491;26,7595238095238;4495,6;331981,587915199;403339,367499522;179004,831667265;4725458,01630073;769010,136110644;764631,729855978;0,44324395787553;5;0;2433;
2434;26,8202380952381;12,3353129896935;1;10;1;1;1;2;12,3353129896935;26,8202380952381;4505,8;332063,865792407;403510,760155107;179080,743505291;4731146,98591607;768872,352620338;764778,45675885;0,442638380041009;5;0;2434;
2435;27,3297619047619;18,4055249923758;2;9;2;1;1;6;18,4055249923758;27,3297619047619;4591,4;332627,548064167;404495,032714492;179608,09301076;4771876,95215995;769254,205284027;764847,765686173;0,436974991942905;5;0;2435;
2436;26,7595238095238;11,3746356922491;1;4;1;1;1;1;11,3746356922491;26,7595238095238;4495,6;331981,587915199;403339,367499522;179004,831667265;4725458,01630073;769010,136110644;764631,729855978;0,44324395787553;5;0;2436;
2437;27,3690476190476;25,462888294009;2;9;8;6;1;2;25,462888294009;27,3690476190476;4598;332672,487018227;404570,655443819;179655,511303742;4775346,7133513;769330,937790406;764822,434278835;0,43657801250528;5;0;2437;
2438;27,4357142857143;18,4770655923198;2;8;2;2;1;5;18,4770655923198;27,4357142857143;4609,2;332619,257197849;404465,212228754;179608,632812742;4771817,76484147;769212,927933492;764867,975067177;0,435279197501512;5;0;2438;
2439;26,7595238095238;11,3746356922491;1;4;1;1;1;1;11,3746356922491;26,7595238095238;4495,6;331981,587915199;403339,367499522;179004,831667265;4725458,01630073;769010,136110644;764631,729855978;0,44324395787553;5;0;2439;
2440;27,4357142857143;18,4770655923198;2;10;2;2;1;5;18,4770655923198;27,4357142857143;4609,2;332619,257197849;404465,212228754;179608,632812742;4771817,76484147;769212,927933492;764867,975067177;0,435279197501512;5;0;2440;
2441;26,9845238095238;12,4357073477328;1;4;2;1;1;1;12,4357073477328;26,9845238095238;4533,4;332224,661333306;403770,56603375;179233,912444391;4743050,4478034;769102,487012864;764712,675311561;0,44069363069733;5;0;2441;
2442;26,7595238095238;11,3746356922491;1;4;1;1;1;1;11,3746356922491;26,7595238095238;4495,6;331981,587915199;403339,367499522;179004,831667265;4725458,01630073;769010,136110644;764631,729855978;0,44324395787553;5;0;2442;
2443;27,2464285714286;21,3127603972776;5;6;5;2;2;1;21,3127603972776;27,2464285714286;4577,4;332622,914730018;404482,413012334;179616,25352187;4772366,85361081;769306,57704275;764808,299886911;0,438337587687944;5;0;2443;
2444;27,4357142857143;18,4770655923198;2;8;2;2;1;5;18,4770655923198;27,4357142857143;4609,2;332619,257197849;404465,212228754;179608,632812742;4771817,76484147;769212,927933492;764867,975067177;0,435279197501512;5;0;2444;
2445;27,3154761904762;15,4255666043634;1;9;4;1;1;2;15,4255666043634;27,3154761904762;4589;332565,252471172;404375,974506447;179555,316239329;4767842,70068369;769220,352043141;764832,597408736;0,436946342212575;5;0;2445;
2446;27,5;21,4271497010065;3;9;8;1;1;2;21,4271497010065;27,5;4620;332789,19473373;404775,699182387;179760,65602652;4783397,30528138;769373,594604603;764860,885753007;0,435007387003491;5;0;2446;
2447;27,2345238095238;22,3469642271293;1;4;4;7;3;1;22,3469642271293;27,2345238095238;4575,4;332451,00312244;404165,192335408;179449,868765794;4759658,65384798;769177,532803542;764792,24941874;0,437712483074198;5;0;2447;
2448;27,1214285714286;13,4397330686006;2;10;2;1;1;1;13,4397330686006;27,1214285714286;4556,4;332374,194078095;404040,849706796;179376,214773394;4753914,48864252;769237,424130631;764710,32115833;0,439169024465394;5;0;2448;
2449;26,9845238095238;12,4357073477328;1;4;2;1;1;1;12,4357073477328;26,9845238095238;4533,4;332224,661333306;403770,56603375;179233,912444391;4743050,4478034;769102,487012864;764712,675311561;0,44069363069733;5;0;2449;
2450;26,7595238095238;11,3746356922491;1;4;1;1;1;1;11,3746356922491;26,7595238095238;4495,6;331981,587915199;403339,367499522;179004,831667265;4725458,01630073;769010,136110644;764631,729855978;0,44324395787553;5;0;2450;
2451;26,827380952381;13,4411156932339;1;10;1;1;1;3;13,4411156932339;26,827380952381;4507;332053,511560589;403469,806558276;179074,618139487;4730615,91553505;768847,133629846;764784,285469338;0,442461788948923;5;0;2451;
2452;27,4357142857143;18,4770655923198;2;8;2;2;1;5;18,4770655923198;27,4357142857143;4609,2;332619,257197849;404465,212228754;179608,632812742;4771817,76484147;769212,927933492;764867,975067177;0,435279197501512;5;0;2452;
2453;27,4357142857143;18,4770655923198;2;8;2;2;1;5;18,4770655923198;27,4357142857143;4609,2;332619,257197849;404465,212228754;179608,632812742;4771817,76484147;769212,927933492;764867,975067177;0,435279197501512;5;0;2453;
2454;27,2119047619047;13,4465016627455;1;4;3;1;1;1;13,4465016627455;27,2119047619047;4571,6;332427,091756605;404146,437128666;179418,942737765;4757435,77648499;769184,447088749;764780,096412899;0,437944470557273;5;0;2454;
2455;26,8785714285714;13,5346645955845;3;4;1;1;1;1;13,5346645955845;26,8785714285714;4515,6;332246,12137938;403810,279941667;179255,93210978;4744552,93153556;769248,399016391;764625,702999078;0,442537547506124;5;0;2455;
2456;27,2952380952381;14,3207471333984;2;9;1;1;1;3;14,3207471333984;27,2952380952381;4585,6;332536,257118826;404331,500945473;179528,656857701;4765701,83525635;769189,653381928;764838,484722927;0,437132175364539;5;0;2456;
2457;26,6047619047619;11,4814614897985;1;5;1;1;1;1;11,4814614897985;26,6047619047619;4469,6;331807,638431049;403015,862354863;178844,535905342;4713079,52638512;768882,999727021;764611,549464336;0,445022059761228;5;0;2457;
2458;27,4738095238095;20,4285906501017;5;6;3;2;2;2;20,4285906501017;27,4738095238095;4615,6;332752,00668602;404707,855664504;179726,811168152;4780890,26573421;769354,383316041;764852,766848145;0,435265444241916;5;0;2458;
2459;27,0523809523809;13,4236435635083;2;7;1;1;1;2;13,4236435635083;27,0523809523809;4544,8;332345,452748884;403983,818975157;179350,864588955;4751974,82347668;769160,412030106;764742,373779096;0,440166874644889;5;0;2459;
2460;26,8202380952381;12,3353129896935;1;10;1;1;1;2;12,3353129896935;26,8202380952381;4505,8;332063,865792407;403510,760155107;179080,743505291;4731146,98591607;768872,352620338;764778,45675885;0,442638380041009;5;0;2460;
2461;25,9940476190476;11,4449321897264;1;1;1;1;1;1;11,4449321897264;25,9940476190476;4367;331191,594574102;401930,88956173;178266,680832632;4668631,30999633;768655,065898936;764403,625865164;0,452465760181828;5;0;2461;
2462;27,4059523809524;17,3433551445509;3;9;4;1;1;2;17,3433551445509;27,4059523809524;4604,2;332649,120427027;404525,737753011;179639,516434658;4773992,96733794;769372,911916371;764779,030949631;0,435922068129868;5;0;2462;
2463;27,2011904761905;21,4994991301494;2;8;2;2;4;5;21,4994991301494;27,2011904761905;4569,8;332534,448350406;404340,286366421;179521,902842148;4765031,14796345;769212,924413315;764827,134420894;0,438600224171949;5;0;2463;
2464;27,1214285714286;13,4397330686006;2;10;2;1;1;1;13,4397330686006;27,1214285714286;4556,4;332374,194078095;404040,849706796;179376,214773394;4753914,48864252;769237,424130631;764710,32115833;0,439169024465394;5;0;2464;
2465;26,9297619047619;12,3373449695141;1;5;1;1;1;2;12,3373449695141;26,9297619047619;4524,2;332103,300923545;403563,648823931;179122,533554643;4734535,34142333;768916,742975836;764766,229590297;0,441057175809875;5;0;2465;
2466;27,4178571428571;22,3974047972533;5;4;5;2;2;2;22,3974047972533;27,4178571428571;4606,2;332652,692486385;404530,662318261;179643,423046697;4774441,40579942;769285,603510889;764841,302418624;0,435729768622656;5;0;2466;
2467;26,9845238095238;12,4357073477328;1;4;2;1;1;1;12,4357073477328;26,9845238095238;4533,4;332224,661333306;403770,56603375;179233,912444391;4743050,4478034;769102,487012864;764712,675311561;0,44069363069733;5;0;2467;
2468;27,2214285714286;15,5351812979189;1;4;5;1;1;1;15,5351812979189;27,2214285714286;4573,2;332526,825600894;404307,735739294;179524,664844777;4765420,41817941;769252,009239882;764788,578871768;0,43830651931811;5;0;2468;
2469;26,9845238095238;12,4357073477328;1;4;2;1;1;1;12,4357073477328;26,9845238095238;4533,4;332224,661333306;403770,56603375;179233,912444391;4743050,4478034;769102,487012864;764712,675311561;0,44069363069733;5;0;2469;
2470;27,0714285714286;18,3808230565161;2;4;1;6;1;2;18,3808230565161;27,0714285714286;4548;332350,809663737;403998,610967114;179353,752;4752189,792;769121,618314921;764772,504911175;0,43986914602076;5;0;2470;
2471;26,9130952380952;12,49780242493;1;4;1;1;1;2;12,49780242493;26,9130952380952;4521,4;332117,068582052;403584,601615422;179130,087731957;4735091,08209185;768939,165728604;764759,404688674;0,441342533644459;5;0;2471;
2472;26,8202380952381;12,3353129896935;1;10;1;1;1;2;12,3353129896935;26,8202380952381;4505,8;332063,865792407;403510,760155107;179080,743505291;4731146,98591607;768872,352620338;764778,45675885;0,442638380041009;5;0;2472;
2473;27,3833333333333;14,4391248762019;1;4;4;1;1;1;14,4391248762019;27,3833333333333;4600,4;332608,753425361;404455,502283943;179589,606215941;4770211,71361214;769271,645050654;764824,109207305;0,436014579079626;5;0;2473;
2474;26,6785714285714;12,491590785092;1;4;1;1;2;1;12,491590785092;26,6785714285714;4482;331927,38126568;403229,05585727;178959,127755601;4721860,5694328;768963,34695168;764626,828739568;0,444355150544363;5;0;2474;
2475;27,3142857142857;18,5169969821919;3;9;5;1;1;2;18,5169969821919;27,3142857142857;4588,8;332743,472840312;404693,625272597;179724,858111389;4780556,34780831;769340,870165417;764856,13904206;0,437779636060419;5;0;2475;
2476;26,9297619047619;12,3373449695141;1;5;1;1;1;2;12,3373449695141;26,9297619047619;4524,2;332103,300923545;403563,648823931;179122,533554643;4734535,34142333;768916,742975836;764766,229590297;0,441057175809875;5;0;2476;
2477;27,2119047619047;13,4465016627455;1;4;3;1;1;1;13,4465016627455;27,2119047619047;4571,6;332427,091756605;404146,437128666;179418,942737765;4757435,77648499;769184,447088749;764780,096412899;0,437944470557273;5;0;2477;
2478;26,8071428571429;12,4368077102845;2;7;1;1;1;1;12,4368077102845;26,8071428571429;4503,6;332011,286594615;403386,929667095;179035,825581121;4727754,94670534;769151,530917001;764551,243145734;0,442630141312183;5;0;2478;
2479;27,1130952380952;13,4260354856557;2;5;1;1;1;2;13,4260354856557;27,1130952380952;4555;332349,437216087;403996,148593697;179355,506163889;4752330,11088086;769154,292059947;764749,712671695;0,43920059340173;5;0;2479;
2480;27,2380952380952;23,3525062278054;2;8;4;5;1;5;23,3525062278054;27,2380952380952;4576;332594,345613244;404436,321653282;179581,608;4769527,392;769248,994265966;764831,422649459;0,438296676521327;5;0;2480;
2481;27,1214285714286;13,4397330686006;2;10;2;1;1;1;13,4397330686006;27,1214285714286;4556,4;332374,194078095;404040,849706796;179376,214773394;4753914,48864252;769237,424130631;764710,32115833;0,439169024465394;5;0;2481;
2482;27,4654761904762;20,4246515211104;5;5;3;3;1;2;20,4246515211104;27,4654761904762;4614,2;332754,40668602;404712,41335639;179729,067168152;4781063,64173421;769353,456834204;764855,026875408;0,435408403079538;5;0;2482;
2483;27,2119047619047;13,4465016627455;1;4;3;1;1;1;13,4465016627455;27,2119047619047;4571,6;332427,091756605;404146,437128666;179418,942737765;4757435,77648499;769184,447088749;764780,096412899;0,437944470557273;5;0;2483;
2484;27,4357142857143;18,4770655923198;2;8;2;2;1;5;18,4770655923198;27,4357142857143;4609,2;332619,257197849;404465,212228754;179608,632812742;4771817,76484147;769212,927933492;764867,975067177;0,435279197501512;5;0;2484;
2485;26,7595238095238;11,3746356922491;1;4;1;1;1;1;11,3746356922491;26,7595238095238;4495,6;331981,587915199;403339,367499522;179004,831667265;4725458,01630073;769010,136110644;764631,729855978;0,44324395787553;5;0;2485;
2486;27,4059523809524;17,3433551445509;3;8;4;1;1;2;17,3433551445509;27,4059523809524;4604,2;332649,120427027;404525,737753011;179639,516434658;4773992,96733794;769372,911916371;764779,030949631;0,435922068129868;5;0;2486;
2487;27,1809523809524;16,3591726012127;2;5;1;3;2;2;16,3591726012127;27,1809523809524;4566,4;332399,893677744;404084,931524561;179399,697785582;4755711,70842897;769149,872043378;764783,871692383;0,438327878576346;5;0;2487;
2488;27,5261904761905;22,5183912282846;5;6;5;2;2;2;22,5183912282846;27,5261904761905;4624,4;332799,693121583;404784,531485061;179789,60221595;4785668,10579959;769348,112343746;764883,574838733;0,434739554935878;5;0;2488;
2489;27,2119047619047;13,4465016627455;1;4;3;1;1;1;13,4465016627455;27,2119047619047;4571,6;332427,091756605;404146,437128666;179418,942737765;4757435,77648499;769184,447088749;764780,096412899;0,437944470557273;5;0;2489;
2490;27,2952380952381;14,3207471333984;2;9;1;1;1;3;14,3207471333984;27,2952380952381;4585,6;332536,257118826;404331,500945473;179528,656857701;4765701,83525635;769189,653381928;764838,484722927;0,437132175364539;5;0;2490;
2491;27,2797619047619;16,4037106420958;1;4;6;1;1;1;16,4037106420958;27,2797619047619;4583;332526,815694097;404306,145376119;179517,833726424;4764826,76576199;769226,952140283;764806,899824173;0,43733944355825;5;0;2491;
2492;27,5261904761905;22,5183912282846;5;6;5;2;2;2;22,5183912282846;27,5261904761905;4624,4;332799,693121583;404784,531485061;179789,60221595;4785668,10579959;769348,112343746;764883,574838733;0,434739554935878;5;0;2492;
2493;27,2238095238095;16,3431870444815;4;9;1;1;1;3;16,3431870444815;27,2238095238095;4573,6;332489,60446661;404254,127676541;179484,6;4762163,64384622;769220,202882333;764792,399340198;0,438060068727501;5;0;2493;
2494;27,2119047619047;13,4465016627455;1;4;3;1;1;1;13,4465016627455;27,2119047619047;4571,6;332427,091756605;404146,437128666;179418,942737765;4757435,77648499;769184,447088749;764780,096412899;0,437944470557273;5;0;2494;
2495;27,5261904761905;22,5183912282846;5;6;5;2;2;2;22,5183912282846;27,5261904761905;4624,4;332799,693121583;404784,531485061;179789,60221595;4785668,10579959;769348,112343746;764883,574838733;0,434739554935878;5;0;2495;
2496;26,9845238095238;12,4357073477328;1;4;2;1;1;1;12,4357073477328;26,9845238095238;4533,4;332224,661333306;403770,56603375;179233,912444391;4743050,4478034;769102,487012864;764712,675311561;0,44069363069733;5;0;2496;
2497;26,7595238095238;11,3746356922491;1;4;1;1;1;1;11,3746356922491;26,7595238095238;4495,6;331981,587915199;403339,367499522;179004,831667265;4725458,01630073;769010,136110644;764631,729855978;0,44324395787553;5;0;2497;
2498;26,7595238095238;11,3746356922491;1;4;1;1;1;1;11,3746356922491;26,7595238095238;4495,6;331981,587915199;403339,367499522;179004,831667265;4725458,01630073;769010,136110644;764631,729855978;0,44324395787553;5;0;2498;
2499;27,4059523809524;17,3433551445509;3;9;4;1;1;2;17,3433551445509;27,4059523809524;4604,2;332649,120427027;404525,737753011;179639,516434658;4773992,96733794;769372,911916371;764779,030949631;0,435922068129868;5;0;2499;

OptId;155
Parameters;max_TH;min_WIP;Buffer5_Capacity;Buffer6_Capacity;Buffer3_Capacity;Buffer1_Capacity;Buffer2_Capacity;Buffer4_Capacity;WIP;Sink1_Throughput;Sink1_NumberofEntries;HanteringCell_TotalEnergyConsumption;Qualitystation_TotalEnergyConsumption;Loading_TotalEnergyConsumption;Wasching_TotalEnergyConsumption;Operation1_TotalEnergyConsumption;Operation2_TotalEnergyConsumption;SEC;Replications;ConstraintViolation;Iteration
TextOutputs
OptimizationGoals;0;Maximize;1;Minimize