Iteration;max_TH;min_WIP;Buffer5_Capacity;Buffer6_Capacity;Buffer3_Capacity;Buffer1_Capacity;Buffer2_Capacity;Buffer4_Capacity;WIP;Sink1_Throughput;Sink1_NumberofEntries;HanteringCell_TotalEnergyConsumption;Qualitystation_TotalEnergyConsumption;Loading_TotalEnergyConsumption;Wasching_TotalEnergyConsumption;Operation1_TotalEnergyConsumption;Operation2_TotalEnergyConsumption;SEC;Replications;ConstraintViolation;Iteration;
0;27,3369047619047;56,3645770164036;10;10;10;10;10;10;56,3645770164036;27,3369047619047;4592,6;332686,120066052;404589,689230782;179669,27809103;4776441,75408148;769347,214134869;764818,744228048;0,437159440784178;5;0;0;
1;26,6809523809524;37,2147035620148;1;1;10;1;9;10;37,2147035620148;26,6809523809524;4482,4;331952,359773678;403290,215745915;178977,707901653;4723282,63113869;768980,545261107;764634,304478207;0,444400080150365;5;0;1;
2;26,5892857142857;33,3484540943569;2;1;2;6;10;7;33,3484540943569;26,5892857142857;4467;331851,392571287;403114,492187431;178880,355030826;4715927,44969607;768898,808638997;764630,068854905;0,445446635643431;5;0;2;
3;27,0833333333333;20,432826684951;8;5;1;2;1;2;20,432826684951;27,0833333333333;4550;332423,871820964;404117,442136267;179422,762360054;4757503,47393037;769254,484042984;764724,82798444;0,440031339652619;5;0;3;
4;27,3047619047619;43,4296173733055;8;10;8;10;8;3;43,4296173733055;27,3047619047619;4587,2;332665,506640705;404560,79412693;179652,144504713;4775066,00004814;769278,322773151;764853,456073804;0,437582886436766;5;0;4;
5;27,3071428571429;32,5599465645652;8;7;6;1;2;9;32,5599465645652;27,3071428571429;4587,6;332656,110644823;404533,050177852;179647,21711335;4774827,5538496;769274,566892068;764847,9562304;0,437529322416046;5;0;5;
6;27,4714285714286;45,5391366465623;4;4;9;10;6;10;45,5391366465623;27,4714285714286;4615,2;332641,528161222;404510,046918783;179628,151473181;4773285,24585204;769258,587949639;764851,122378329;0,434807585181251;5;0;6;
7;27,3654761904762;40,3947012192619;8;3;5;4;9;8;40,3947012192619;27,3654761904762;4597,4;332712;404638,713595756;179695,535701881;4778270,47636219;769340,626389165;764837,943046825;0,43681160525761;5;0;7;
8;27,4845238095238;32,3898436453561;5;9;8;7;1;5;32,3898436453561;27,4845238095238;4617,4;332755,218550817;404718,754640943;179736,776625212;4781624,21529523;769328,209056078;764872,94473445;0,43513874504788;5;0;8;
9;27,3440476190476;38,4454343618293;8;4;8;7;4;5;38,4454343618293;27,3440476190476;4593,8;332564,4;404379,949113913;179568,122394799;4768487,136;769250,886755596;764813,463613362;0,436529391377214;5;0;9;
10;27,2440476190476;39,5470459784444;7;2;6;4;10;6;39,5470459784444;27,2440476190476;4577;332586,592506356;404416,765777527;179574,84;4769188,96131988;769265,27335609;764814,612567338;0,438182745267483;5;0;10;
11;27,2404761904762;29,482151668906;7;5;7;3;4;2;29,482151668906;27,2404761904762;4576,4;332560,723554172;404365,797436066;179547,260826163;4767176,95448814;769252,080513588;764808,033791549;0,438107102643169;5;0;11;
12;27,3571428571429;33,3967063505454;2;6;8;4;9;4;33,3967063505454;27,3571428571429;4596;332691,132634962;404590,863624478;179670,275059448;4776519,81072447;769284,653526139;764861,644016483;0,436849337169155;5;0;12;
13;27,2738095238095;28,3912095075358;3;3;2;6;9;2;28,3912095075358;27,2738095238095;4582;332503,456211853;404266,794214063;179497,872974892;4763199,168;769220,380976574;764796,388498122;0,437318142543245;5;0;13;
14;27,3261904761905;30,3659926978743;2;10;2;4;10;6;30,3659926978743;27,3261904761905;4590,8;332620,482847053;404479,582400794;179608,386761447;4771721,79126983;769198,671733948;764881,034596339;0,437025605980905;5;0;14;
15;27,3464285714286;37,4250659800241;4;10;9;5;4;9;37,4250659800241;27,3464285714286;4594,2;332677,2;404579,219265454;179660,568;4775768,928;769273,755731456;764861,805602352;0,436959276289087;5;0;15;
16;27,2797619047619;20,2973167719949;5;9;3;2;1;3;20,2973167719949;27,2797619047619;4583;332569,754776679;404380,505493904;179554,208922103;4767598,7106134;769244,986232209;764818,657786311;0,437506562978055;5;0;16;
17;27,4035714285715;31,4506579090857;2;5;8;7;7;1;31,4506579090857;27,4035714285715;4603,8;332674,375199142;404563,418719833;179663,952;4776028,992;769264,974361112;764865,657067857;0,436074034626534;5;0;17;
18;26,5511904761905;39,3607632592727;10;1;5;7;2;9;39,3607632592727;26,5511904761905;4460,6;331835,301772625;403083,601365104;178865,328;4714624,8941796;768932,049269802;764598,78451077;0,446030158781636;5;0;18;
19;27,2630952380953;49,4580171474519;10;2;6;7;10;10;49,4580171474519;27,2630952380953;4580,2;332525,973038512;404310,136496779;179518,44;4764846,24;769222,330514987;764809,093606622;0,437590093714287;5;0;19;
20;27,3785714285714;44,2726460162144;6;2;3;10;9;10;44,2726460162144;27,3785714285714;4599,6;332627,867318362;404482,959940848;179616,348786109;4772360,74488923;769260,538291562;764841,334579564;0,436232281508179;5;0;20;
21;27,2607142857143;39,429083218417;9;2;1;8;5;10;39,429083218417;27,2607142857143;4579,8;332535,852284085;404324,337711732;179528,76242465;4765552,8329824;769241,51891274;764800,906399996;0,437678279079396;5;0;21;
22;26,752380952381;30,3661322280406;4;1;9;5;2;4;30,3661322280406;26,752380952381;4494,4;331926,474822704;403245,589457755;178961,208;4721935,68;768980,927264055;764619,958960843;0,443140729356961;5;0;22;
23;27,3511904761905;29,3874719335215;8;8;3;3;3;6;29,3874719335215;27,3511904761905;4595;332598,999132428;404432,790472597;179588,376;4770220,896;769247,024508418;764834,071581976;0,436524907965342;5;0;23;
24;27,3690476190476;42,4243829461232;8;6;9;2;8;9;42,4243829461232;27,3690476190476;4598;332702,063785719;404628,442986345;179691,061383042;4778177,85125084;769337,689785663;764835,144548183;0,436772793041289;5;0;24;
25;27,072619047619;36,4560066444228;9;6;1;9;10;1;36,4560066444228;27,072619047619;4548,2;332229,039523745;403782,000639602;179240,173009333;4743492,39415018;769252,876177739;764614,879227963;0,439289594350838;5;0;25;
26;27,2690476190476;38,3784857538737;6;10;8;9;8;1;38,3784857538737;27,2690476190476;4581,2;332651,416485985;404525,794937641;179625,853219212;4772994,912;769236,350133528;764873,00584754;0,438020896988856;5;0;26;
27;27,3654761904762;38,3034401440289;5;4;9;5;7;6;38,3034401440289;27,3654761904762;4597,4;332610,559369418;404459,842762783;179594,092998143;4770684,03824238;769278,688360379;764821,083835754;0,43632783722243;5;0;27;
28;27,327380952381;26,2567085212763;8;9;7;2;1;2;26,2567085212763;27,327380952381;4591;332671,415686784;404563,770369301;179655,77313174;4775335,488;769262,271049075;764866,287896124;0,437234348923253;5;0;28;
29;27,3369047619047;38,5150490821225;4;6;7;6;9;6;38,5150490821225;27,3369047619047;4592,6;332645,788968218;404517,908542336;179631,93941098;4773612,2892372;769279,258850633;764840,851427364;0,436968045340126;5;0;29;
30;27,2702380952381;36,5617637894978;3;9;5;6;10;6;36,5617637894978;27,2702380952381;4581,4;332629,897634267;404496,353007599;179615,856483;4772350,94554199;769237,354182233;764858,364524269;0,437959362682423;5;0;30;
31;27,375;29,5068593805119;5;4;5;10;2;1;29,5068593805119;27,375;4599;332558,204262653;404361,348732735;179556,832918323;4767880,32;769251,337595445;764807,245115169;0,436003499956569;5;0;31;
32;27,2369047619047;42,3470474141969;6;6;9;9;8;4;42,3470474141969;27,2369047619047;4575,8;332592,701307316;404433,643432446;179584,552938786;4769746,15001025;769235,112424924;764840,039347106;0,438339407473154;5;0;32;
33;27,3392857142857;38,3288679142991;3;8;10;4;10;5;38,3288679142991;27,3392857142857;4593;332686,790539073;404587,051424322;179659,74386042;4775826,91920793;769269,817785606;764870,340441482;0,437080684650586;5;0;33;
34;26,6202380952381;41,3983934839834;4;1;3;9;9;10;41,3983934839834;26,6202380952381;4472,2;331866,949664376;403144,063873583;178891,833310549;4716957,13483954;768940,036028925;764614,926533922;0,44499936104505;5;0;34;
35;26,7261904761905;41,4024839512025;8;1;10;1;6;10;41,4024839512025;26,7261904761905;4490;331941,563576006;403269,175853428;178966,509118383;4722448,26821283;768991,912799537;764620,229992927;0,443595110613455;5;0;35;
36;27,3261904761905;30,4660592861576;4;9;1;9;3;7;30,4660592861576;27,3261904761905;4590,8;332618,995823902;404474,439271776;179605,768168157;4771554,87610496;769227,089974556;764861,472585846;0,437023031617256;5;0;36;
37;27,2952380952381;35,3696933267752;4;2;5;5;7;8;35,3696933267752;27,2952380952381;4585,6;332611,088867729;404459,376608374;179595,107564748;4770798,82240069;769266,435917765;764828,873937945;0,437460359045879;5;0;37;
38;27,2892857142857;36,4529463358469;4;8;6;5;7;8;36,4529463358469;27,2892857142857;4584,6;332630,262535307;404494,954797783;179614,32;4772214,72;769287,737755332;764826,741128359;0,437652956471928;5;0;38;
39;27,3119047619048;36,4293377674985;8;5;6;10;4;2;36,4293377674985;27,3119047619048;4588,4;332592,337583741;404435,511560884;179569,231355048;4768658,22519827;769260,567667153;764825,201349999;0,437066688736892;5;0;39;
40;27,3869047619048;41,5368904743175;1;8;10;10;8;6;41,5368904743175;27,3869047619048;4601;332632,07302227;404496,487437872;179619,96;4772601,97351593;769274,651638433;764836,244476186;0,436107873086796;5;0;40;
41;27,25;29,3564563057761;10;2;3;4;3;3;29,3564563057761;27,25;4578;332523,973103678;404311,69311672;179516,91466137;4764720,99437451;769212,577749871;764814,749125227;0,437792187899766;5;0;41;
42;27,2261904761905;34,3552955822733;10;8;3;10;2;3;34,3552955822733;27,2261904761905;4574;332575,342630816;404401,208568054;179560,436251102;4768083,22334917;769211,07577671;764846,895219822;0,438400781503634;5;0;42;
43;27,2821428571429;25,5042833272991;6;2;7;1;2;3;25,5042833272991;27,2821428571429;4583,4;332611,179756796;404455,316441287;179596,272;4771001,088;769257,927235082;764833,859897121;0,437685485881815;5;0;43;
44;27,3190476190476;23,4301282614074;4;10;1;4;4;4;23,4301282614074;27,3190476190476;4589,6;332596,831047983;404430,887514482;179587,585839967;4770051,52518983;769255,750085083;764827,195647926;0,437027058330283;5;0;44;
45;27,4309523809524;43,4767151036509;7;4;7;9;8;6;43,4767151036509;27,4309523809524;4608,4;332651,415823774;404531,604247216;179638,138699963;4774031,39351243;769238,856732158;764872,676604817;0,435503205639835;5;0;45;
46;27,0047619047619;23,4640891123767;7;6;1;5;3;1;23,4640891123767;27,0047619047619;4536,8;332308,8;403928,525894648;179313,144;4749069,024;769279,582913067;764644,171826224;0,440768194498602;5;0;46;
47;27,3619047619048;39,303855610916;4;10;8;7;7;7;39,303855610916;27,3619047619048;4596,8;332636,921409468;404506,116873109;179622,216;4772821,536;769323,750362423;764806,158346811;0,436526914555264;5;0;47;
48;27,3738095238095;45,3981248732661;9;6;7;8;5;10;45,3981248732661;27,3738095238095;4598,8;332670,45156575;404558,490810534;179655,388468583;4775378,20414323;769273,850347948;764858,352507126;0,436495357970556;5;0;48;
49;27,3428571428571;36,4520916208495;6;7;5;7;7;5;36,4520916208495;27,3428571428571;4593,6;332633,369740997;404502,15519556;179618,832;4772511,39456215;769297,024952519;764822,10154785;0,436809993188969;5;0;49;
50;27,2619047619048;30,4430361978392;2;6;8;6;7;1;30,4430361978392;27,2619047619048;4580;332578,469010163;404397,437109874;179564,468873758;4768531,12631107;769256,151354995;764815,817876216;0,437843956581586;5;0;50;
51;27,2642857142857;35,2759244417296;2;9;5;6;10;6;35,2759244417296;27,2642857142857;4580,4;332634,918578751;404498,274312093;179623,727964316;4772949,16681793;769247,988435679;764855,2527173;0,438090752899833;5;0;51;
52;27,377380952381;34,4036484969798;6;7;5;7;7;3;34,4036484969798;27,377380952381;4599,4;332664,589462712;404554,303621434;179651,107112652;4775073,38158545;769321,105368109;764823,215046028;0,43642006898113;5;0;52;
53;27,2654761904762;24,4868805852391;5;2;7;1;2;3;24,4868805852391;27,2654761904762;4580,6;332630,120024867;404488,976366517;179616,576;4772327,78853332;769285,878422719;764825,967490538;0,438031042483837;5;0;53;
54;26,902380952381;35,4140379478684;9;6;1;9;9;1;35,4140379478684;26,902380952381;4519,6;332214,401025964;403750,292844931;179226,337035416;4742404,56609598;769283,187571195;764583,69923277;0,44199717961274;5;0;54;
55;27,3464285714286;39,3989062648582;4;8;6;5;10;8;39,3989062648582;27,3464285714286;4594,2;332630,494606194;404499,824581262;179618,610478662;4772544,44764168;769274,708159494;764834,115125959;0,436764121055696;5;0;55;
56;27,4142857142857;23,4038457240897;8;9;3;2;1;3;23,4038457240897;27,4142857142857;4605,6;332675,619515507;404567,122861254;179659,44;4775681,0040814;769236,832512353;764885,895477229;0,435872995166215;5;0;56;
57;27,3369047619047;38,5150490821225;4;6;7;6;9;6;38,5150490821225;27,3369047619047;4592,6;332645,788968218;404517,908542336;179631,93941098;4773612,2892372;769279,258850633;764840,851427364;0,436968045340126;5;0;57;
58;27,122619047619;30,4048661806395;7;2;7;1;2;7;30,4048661806395;27,122619047619;4556,6;332498,522688296;404261,390012993;179489,383429998;4762608,11938228;769237,888895375;764783,172608545;0,439732305488799;5;0;58;
59;27,3511904761905;29,3874719335215;8;6;3;3;3;6;29,3874719335215;27,3511904761905;4595;332598,999132428;404432,790472597;179588,376;4770220,896;769247,024508418;764834,071581976;0,436524907965342;5;0;59;
60;27,3261904761905;30,3659926978743;2;10;2;4;10;6;30,3659926978743;27,3261904761905;4590,8;332620,482847053;404479,582400794;179608,386761447;4771721,79126983;769198,671733948;764881,034596339;0,437025605980905;5;0;60;
61;27,3154761904762;41,4914460817899;10;2;5;5;7;8;41,4914460817899;27,3154761904762;4589;332562,06991713;404375,631852428;179555,589336674;4767691,19530972;769237,735673722;764819,52145864;0,436934028426563;5;0;61;
62;27,3452380952381;24,3847693979163;6;2;6;1;2;3;24,3847693979163;27,3452380952381;4594;332583,707136683;404415,529354888;179570,328;4768833,888;769279,455454166;764805,268078704;0,436533990084614;5;0;62;
63;26,752380952381;30,3661322280406;4;1;9;5;2;4;30,3661322280406;26,752380952381;4494,4;331926,474822704;403245,589457755;178961,208;4721935,68;768980,927264055;764619,958960843;0,443140729356961;5;0;63;
64;27,0833333333333;20,432826684951;8;5;1;2;1;2;20,432826684951;27,0833333333333;4550;332423,871820964;404117,442136267;179422,762360054;4757503,47393037;769254,484042984;764724,82798444;0,440031339652619;5;0;64;
65;27,175;34,3795947658517;2;6;8;4;10;4;34,3795947658517;27,175;4565,4;332572,185225989;404387,289269078;179560,176;4768002,29849933;769264,157563029;764806,934383493;0,439214119411208;5;0;65;
66;27,3261904761905;31,5014997304215;8;5;7;4;4;2;31,5014997304215;27,3261904761905;4590,8;332629,161674652;404488,008094801;179611,24744722;4772017,68928467;769257,352702739;764844,691539708;0,437043162521217;5;0;66;
67;27,4035714285715;31,4506579090857;2;5;8;7;7;1;31,4506579090857;27,4035714285715;4603,8;332674,375199142;404563,418719833;179663,952;4776028,992;769264,974361112;764865,657067857;0,436074034626534;5;0;67;
68;27,2261904761905;34,3552955822733;10;8;3;10;2;3;34,3552955822733;27,2261904761905;4574;332575,342630816;404401,208568054;179560,436251102;4768083,22334917;769211,07577671;764846,895219822;0,438400781503634;5;0;68;
69;27,2797619047619;20,2973167719949;5;9;3;2;1;3;20,2973167719949;27,2797619047619;4583;332569,754776679;404380,505493904;179554,208922103;4767598,7106134;769244,986232209;764818,657786311;0,437506562978055;5;0;69;
70;27,0047619047619;23,4640891123767;7;6;1;5;3;1;23,4640891123767;27,0047619047619;4536,8;332308,8;403928,525894648;179313,144;4749069,024;769279,582913067;764644,171826224;0,440768194498602;5;0;70;
71;27,3214285714286;23,4411023103707;8;9;4;2;1;2;23,4411023103707;27,3214285714286;4590;332649,468642673;404521,914333636;179636,502598626;4773796,92774573;769314,949849376;764819,141881406;0,437228520350508;5;0;71;
72;27,2678571428571;38,293031872593;6;2;3;10;3;10;38,293031872593;27,2678571428571;4581;332598,324378612;404439,17214919;179587,911084765;4770119,45245284;769233,719864609;764844,745603174;0,437865781925201;5;0;72;
73;27,3571428571429;33,3967063505454;2;6;8;4;9;4;33,3967063505454;27,3571428571429;4596;332691,132634962;404590,863624478;179670,275059448;4776519,81072447;769284,653526139;764861,644016483;0,436849337169155;5;0;73;
74;27,3630952380952;31,2799906384143;5;4;7;10;2;1;31,2799906384143;27,3630952380952;4597;332616,067422762;404468,961050851;179597,047547849;4770891,18315189;769292,192445519;764813,960027191;0,436388352657335;5;0;74;
75;27,2964285714286;43,2963816548699;6;6;9;9;9;4;43,2963816548699;27,2964285714286;4585,8;332683,036828848;404592,789311341;179662,824;4775942,304;769296,507775192;764850,275941103;0,437780030968999;5;0;75;
76;27,3702380952381;33,545445066234;10;10;3;10;1;3;33,545445066234;27,3702380952381;4598,2;332620,36952157;404481,798728208;179607,512499336;4771694,592;769252,686144487;764844,281804772;0,436315600734228;5;0;76;
77;27,3154761904762;40,4554559159844;4;8;6;9;7;8;40,4554559159844;27,3154761904762;4589;332619,569987989;404468,430615471;179612,064;4772041,344;769257,8285894;764839,052363949;0,437214946293889;5;0;77;
78;27,275;31,4444895824173;4;9;1;10;3;7;31,4444895824173;27,275;4582,2;332616,745637575;404468,178679059;179604,406206917;4771443,05776875;769234,470287719;764853,534644861;0,437820270452523;5;0;78;
79;27,3702380952381;33,545445066234;10;8;3;10;1;3;33,545445066234;27,3702380952381;4598,2;332620,36952157;404481,798728208;179607,512499336;4771694,592;769252,686144487;764844,281804772;0,436315600734228;5;0;79;
80;27,4059523809524;23,497376435374;4;7;2;3;4;4;23,497376435374;27,4059523809524;4604,2;332702,541465363;404622,773110737;179682,674033693;4777432,15944898;769306,353823664;764856,764160925;0,436114016691618;5;0;80;
81;27,3678571428572;24,3021792638724;6;2;7;1;1;3;24,3021792638724;27,3678571428572;4597,8;332590,381110591;404414,04451082;179577,615976375;4769388,2680608;769221,997749107;764845,838841895;0,436210010262026;5;0;81;
82;27,3547619047619;44,1940699671471;9;6;6;8;5;10;44,1940699671471;27,3547619047619;4595,6;332600,122781234;404428,819542151;179592,815113249;4770575,23077916;769296,304607025;764800,625867185;0,43649771471521;5;0;82;
83;26,6690476190476;34,4344972474567;2;1;3;6;10;7;34,4344972474567;26,6690476190476;4480,4;331936,006417589;403262,483389806;178967,976;4722317,39979687;768940,714522965;764652,556584803;0,444542353084148;5;0;83;
84;27,072619047619;36,4560066444228;9;6;1;9;10;1;36,4560066444228;27,072619047619;4548,2;332229,039523745;403782,000639602;179240,173009333;4743492,39415018;769252,876177739;764614,879227963;0,439289594350838;5;0;84;
85;27,3154761904762;33,4587549741986;5;9;7;9;1;5;33,4587549741986;27,3154761904762;4589;332662,701918257;404554,976304539;179646,598436327;4774680,99816989;769267,615139447;764859,165199876;0,437383608691049;5;0;85;
86;27,3488095238095;25,4503450810297;8;9;6;2;1;2;25,4503450810297;27,3488095238095;4594,6;332664,428562982;404549,488846171;179652,530119926;4775152,76602747;769303,411114951;764834,052880969;0,436879211600783;5;0;86;
87;27,2654761904762;22,4317059404728;4;10;1;4;4;3;22,4317059404728;27,2654761904762;4580,6;332581,214622901;404408,459112128;179569,330350124;4768636,71205582;769279,841232796;764803,582261449;0,437807856224585;5;0;87;
88;27,3261904761905;30,4660592861576;4;9;1;9;3;7;30,4660592861576;27,3261904761905;4590,8;332618,995823902;404474,439271776;179605,768168157;4771554,87610496;769227,089974556;764861,472585846;0,437023031617256;5;0;88;
89;27,3214285714286;37,4654913298827;8;9;6;1;7;9;37,4654913298827;27,3214285714286;4590;332610,902438717;404451,447586666;179589,504;4770394,272;769284,522058413;764816,626786145;0,437014121244439;5;0;89;
90;27,3369047619047;56,3645770164036;10;10;10;10;10;10;56,3645770164036;27,3369047619047;4592,6;332686,120066052;404589,689230782;179669,27809103;4776441,75408148;769347,214134869;764818,744228048;0,437159440784178;5;0;90;
91;27,2690476190476;38,3784857538737;6;10;8;9;8;1;38,3784857538737;27,2690476190476;4581,2;332651,416485985;404525,794937641;179625,853219212;4772994,912;769236,350133528;764873,00584754;0,438020896988856;5;0;91;
92;27,2690476190476;38,3784857538737;6;10;8;9;8;1;38,3784857538737;27,2690476190476;4581,2;332651,416485985;404525,794937641;179625,853219212;4772994,912;769236,350133528;764873,00584754;0,438020896988856;5;0;92;
93;27,2738095238095;28,3912095075358;3;3;2;6;9;2;28,3912095075358;27,2738095238095;4582;332503,456211853;404266,794214063;179497,872974892;4763199,168;769220,380976574;764796,388498122;0,437318142543245;5;0;93;
94;27,2321428571429;43,4092947729498;6;2;3;9;9;10;43,4092947729498;27,2321428571429;4575;332520,815325855;404293,579996272;179509,259764183;4764254,62725719;769221,285388313;764806,091890606;0,438053743247209;5;0;94;
95;27,3380952380952;36,435354426035;5;9;8;7;1;9;36,435354426035;27,3380952380952;4592,8;332614,818550817;404464,987615012;179608,68;4771694,592;769256,771273851;764838,162220823;0,436847097408531;5;0;95;
96;27,2416666666667;28,3801128933992;7;6;4;5;5;1;28,3801128933992;27,2416666666667;4576,6;332572,536348396;404398,370103931;179554,395682276;4767583,89276271;769261,158336119;764812,598527715;0,438118546284479;5;0;96;
97;27,3440476190476;38,4454343618293;8;4;8;7;4;5;38,4454343618293;27,3440476190476;4593,8;332564,4;404379,949113913;179568,122394799;4768487,136;769250,886755596;764813,463613362;0,436529391377214;5;0;97;
98;27,3428571428571;36,4520916208495;6;7;5;7;7;5;36,4520916208495;27,3428571428571;4593,6;332633,369740997;404502,15519556;179618,832;4772511,39456215;769297,024952519;764822,10154785;0,436809993188969;5;0;98;
99;27,327380952381;26,2567085212763;8;9;7;2;1;2;26,2567085212763;27,327380952381;4591;332671,415686784;404563,770369301;179655,77313174;4775335,488;769262,271049075;764866,287896124;0,437234348923253;5;0;99;
100;27,0595238095238;22,4569989158924;7;6;1;5;2;1;22,4569989158924;27,0595238095238;4546;332238,737903182;403805,804933496;179247,92592815;4744030,84587237;769287,669606865;764599,84615518;0,439537412932143;5;0;100;
101;26,5761904761905;45,3584568911754;6;1;5;9;9;10;45,3584568911754;26,5761904761905;4464,8;331786,137663725;402994,963814461;178824,86492322;4711609,12423669;768913,517298203;764582,377325007;0,445384334069439;5;0;101;
102;27,3047619047619;25,3627672061634;4;10;4;4;4;3;25,3627672061634;27,3047619047619;4587,2;332576,498842306;404396,071488113;179568,062224423;4768830,7746394;769246,882579634;764822,861887832;0,437182659894762;5;0;102;
103;27,3630952380952;31,2799906384143;5;4;7;10;2;1;31,2799906384143;27,3630952380952;4597;332616,067422762;404468,961050851;179597,047547849;4770891,18315189;769292,192445519;764813,960027191;0,436388352657335;5;0;103;
104;27,3607142857143;35,4448882416273;7;10;2;4;10;6;35,4448882416273;27,3607142857143;4596,6;332655,152976462;404537,047910017;179641,050518813;4774208,544;769277,969851829;764847,296763487;0,436632212089767;5;0;104;
105;27,0047619047619;23,4640891123767;7;6;1;5;3;1;23,4640891123767;27,0047619047619;4536,8;332308,8;403928,525894648;179313,144;4749069,024;769279,582913067;764644,171826224;0,440768194498602;5;0;105;
106;27,2797619047619;20,2973167719949;5;8;3;2;1;3;20,2973167719949;27,2797619047619;4583;332569,754776679;404380,505493904;179554,208922103;4767598,7106134;769244,986232209;764818,657786311;0,437506562978055;5;0;106;
107;27,3678571428572;24,3021792638724;6;2;7;1;1;3;24,3021792638724;27,3678571428572;4597,8;332590,381110591;404414,04451082;179577,615976375;4769388,2680608;769221,997749107;764845,838841895;0,436210010262026;5;0;107;
108;27,3511904761905;41,4278384283018;9;3;5;4;9;8;41,4278384283018;27,3511904761905;4595;332598;404437,563848943;179586,197681626;4770006,24676281;769249,961328432;764832,860421996;0,43651134668508;5;0;108;
109;27,2642857142857;41,4856439831516;6;2;3;7;9;10;41,4856439831516;27,2642857142857;4580,4;332549,792891895;404357,777981538;179537,146828508;4766289,03057579;769245,841946797;764811,041804722;0,437670302638589;5;0;109;
110;27,3547619047619;44,1940699671471;9;6;6;8;5;10;44,1940699671471;27,3547619047619;4595,6;332600,122781234;404428,819542151;179592,815113249;4770575,23077916;769296,304607025;764800,625867185;0,43649771471521;5;0;110;
111;27,3380952380952;36,435354426035;5;10;8;7;1;9;36,435354426035;27,3380952380952;4592,8;332614,818550817;404464,987615012;179608,68;4771694,592;769256,771273851;764838,162220823;0,436847097408531;5;0;111;
112;27,2738095238095;28,3912095075358;3;3;2;6;9;2;28,3912095075358;27,2738095238095;4582;332503,456211853;404266,794214063;179497,872974892;4763199,168;769220,380976574;764796,388498122;0,437318142543245;5;0;112;
113;27,3654761904762;40,3947012192619;8;3;5;4;9;8;40,3947012192619;27,3654761904762;4597,4;332712;404638,713595756;179695,535701881;4778270,47636219;769340,626389165;764837,943046825;0,43681160525761;5;0;113;
114;27,2976190476191;29,4763377265654;8;6;4;5;5;1;29,4763377265654;27,2976190476191;4586;332632,507064297;404494,575303191;179613,838542229;4772269,69324983;769317,537644904;764805,800305142;0,437514335511926;5;0;114;
115;27,3869047619048;41,5368904743175;1;8;10;10;8;6;41,5368904743175;27,3869047619048;4601;332632,07302227;404496,487437872;179619,96;4772601,97351593;769274,651638433;764836,244476186;0,436107873086796;5;0;115;
116;27,3261904761905;30,3659926978743;2;10;2;4;10;6;30,3659926978743;27,3261904761905;4590,8;332620,482847053;404479,582400794;179608,386761447;4771721,79126983;769198,671733948;764881,034596339;0,437025605980905;5;0;116;
117;27,4845238095238;32,3898436453561;5;9;8;7;1;5;32,3898436453561;27,4845238095238;4617,4;332755,218550817;404718,754640943;179736,776625212;4781624,21529523;769328,209056078;764872,94473445;0,43513874504788;5;0;117;
118;27,3261904761905;33,4412251773847;5;5;8;6;7;1;33,4412251773847;27,3261904761905;4590,8;332657,667446837;404540,861720228;179635,434853177;4773853,28479648;769272,566065979;764852,081345154;0,437176544456803;5;0;118;
119;27,3785714285714;44,2726460162144;6;2;3;10;9;10;44,2726460162144;27,3785714285714;4599,6;332627,867318362;404482,959940848;179616,348786109;4772360,74488923;769260,538291562;764841,334579564;0,436232281508179;5;0;119;
120;27,3047619047619;42,4942681570943;1;8;10;10;8;7;42,4942681570943;27,3047619047619;4587,2;332612,329280978;404468,223046313;179602,888308224;4771325,46370771;769255,697248778;764839,037801357;0,437340303731496;5;0;120;
121;27,2654761904762;24,4868805852391;5;2;7;1;2;3;24,4868805852391;27,2654761904762;4580,6;332630,120024867;404488,976366517;179616,576;4772327,78853332;769285,878422719;764825,967490538;0,438031042483837;5;0;121;
122;27,3690476190476;42,4243829461232;8;5;9;2;8;9;42,4243829461232;27,3690476190476;4598;332702,063785719;404628,442986345;179691,061383042;4778177,85125084;769337,689785663;764835,144548183;0,436772793041289;5;0;122;
123;26,9678571428571;24,4721184193939;4;10;1;9;3;1;24,4721184193939;26,9678571428571;4530,6;332209,358555022;403743,755374067;179223,14732788;4742098,26506692;769222,427513466;764622,348600704;0,440915952057155;5;0;123;
124;27,3630952380952;31,2799906384143;5;4;7;10;2;1;31,2799906384143;27,3630952380952;4597;332616,067422762;404468,961050851;179597,047547849;4770891,18315189;769292,192445519;764813,960027191;0,436388352657335;5;0;124;
125;27,3726190476191;23,5061977079761;8;4;3;2;1;3;23,5061977079761;27,3726190476191;4598,6;332677,45718849;404577,390111852;179661,696;4775854,3800814;769259,558179253;764873,81048412;0,436543458401835;5;0;125;
126;27,2821428571429;25,5042833272991;6;2;7;1;2;3;25,5042833272991;27,2821428571429;4583,4;332611,179756796;404455,316441287;179596,272;4771001,088;769257,927235082;764833,859897121;0,437685485881815;5;0;126;
127;27,25;26,3460281348436;6;2;6;3;2;3;26,3460281348436;27,25;4578;332532,612455908;404317,18603877;179525,208;4765338,01538284;769236,163910674;764802,477420481;0,43783586698308;5;0;127;
128;27,4309523809524;43,4767151036509;7;4;7;9;8;6;43,4767151036509;27,4309523809524;4608,4;332651,415823774;404531,604247216;179638,138699963;4774031,39351243;769238,856732158;764872,676604817;0,435503205639835;5;0;128;
129;27,3714285714286;28,4195079419923;8;8;2;3;3;6;28,4195079419923;27,3714285714286;4598,4;332637,507065846;404515,627746147;179625,512003948;4773041,54890202;769299,161375118;764826,252601355;0,436387225643766;5;0;129;
130;27,4142857142857;23,4038457240897;8;9;3;2;1;3;23,4038457240897;27,4142857142857;4605,6;332675,619515507;404567,122861254;179659,44;4775681,0040814;769236,832512353;764885,895477229;0,435872995166215;5;0;130;
131;27,3654761904762;33,4718639666628;2;4;8;4;9;4;33,4718639666628;27,3654761904762;4597,4;332700,746831101;404619,696149439;179679,453012366;4777487,09258463;769286,612802312;764867,805194854;0,436769493953339;5;0;131;
132;27,3154761904762;27,4264198882189;8;9;8;2;1;2;27,4264198882189;27,3154761904762;4589;332608,8;404450,224115753;179598,528;4771001,088;769284,166473832;764814,880485318;0,437172155126939;5;0;132;
133;27,4309523809524;43,4767151036509;7;4;7;9;8;6;43,4767151036509;27,4309523809524;4608,4;332651,415823774;404531,604247216;179638,138699963;4774031,39351243;769238,856732158;764872,676604817;0,435503205639835;5;0;133;
134;27,4714285714286;45,5391366465623;4;4;9;10;6;10;45,5391366465623;27,4714285714286;4615,2;332641,528161222;404510,046918783;179628,151473181;4773285,24585204;769258,587949639;764851,122378329;0,434807585181251;5;0;134;
135;27,3261904761905;30,3659926978743;2;10;2;4;10;6;30,3659926978743;27,3261904761905;4590,8;332620,482847053;404479,582400794;179608,386761447;4771721,79126983;769198,671733948;764881,034596339;0,437025605980905;5;0;135;
136;27,3630952380952;31,2799906384143;5;4;7;10;2;1;31,2799906384143;27,3630952380952;4597;332616,067422762;404468,961050851;179597,047547849;4770891,18315189;769292,192445519;764813,960027191;0,436388352657335;5;0;136;
137;27,2416666666667;28,3801128933992;7;6;4;5;5;1;28,3801128933992;27,2416666666667;4576,6;332572,536348396;404398,370103931;179554,395682276;4767583,89276271;769261,158336119;764812,598527715;0,438118546284479;5;0;137;
138;27,175;34,3795947658517;2;6;8;4;10;4;34,3795947658517;27,175;4565,4;332572,185225989;404387,289269078;179560,176;4768002,29849933;769264,157563029;764806,934383493;0,439214119411208;5;0;138;
139;27,2797619047619;20,2973167719949;5;9;3;2;1;3;20,2973167719949;27,2797619047619;4583;332569,754776679;404380,505493904;179554,208922103;4767598,7106134;769244,986232209;764818,657786311;0,437506562978055;5;0;139;
140;27,3452380952381;24,3847693979163;6;2;6;1;2;3;24,3847693979163;27,3452380952381;4594;332583,707136683;404415,529354888;179570,328;4768833,888;769279,455454166;764805,268078704;0,436533990084614;5;0;140;
141;27,2797619047619;20,2973167719949;5;9;3;2;1;3;20,2973167719949;27,2797619047619;4583;332569,754776679;404380,505493904;179554,208922103;4767598,7106134;769244,986232209;764818,657786311;0,437506562978055;5;0;141;
142;27,3571428571429;33,3967063505454;2;6;8;4;9;4;33,3967063505454;27,3571428571429;4596;332691,132634962;404590,863624478;179670,275059448;4776519,81072447;769284,653526139;764861,644016483;0,436849337169155;5;0;142;
143;27,327380952381;26,2567085212763;8;9;7;2;1;2;26,2567085212763;27,327380952381;4591;332671,415686784;404563,770369301;179655,77313174;4775335,488;769262,271049075;764866,287896124;0,437234348923253;5;0;143;
144;27,352380952381;25,397947534809;5;9;3;7;1;3;25,397947534809;27,352380952381;4595,2;332660,145816485;404546,947313851;179644,921969383;4774576,6903877;769282,265443802;764847,537771052;0,436805338786055;5;0;144;
145;27,2654761904762;24,4868805852391;5;2;7;1;2;3;24,4868805852391;27,2654761904762;4580,6;332630,120024867;404488,976366517;179616,576;4772327,78853332;769285,878422719;764825,967490538;0,438031042483837;5;0;145;
146;27,2988095238095;40,4379091997646;2;5;8;10;7;7;40,4379091997646;27,2988095238095;4586,2;332614,807539867;404464,983586508;179600,921710916;4771068,45495767;769291,85418013;764813,520614849;0,437432014965969;5;0;146;
147;27,3988095238095;33,3182250037389;5;9;9;7;1;5;33,3182250037389;27,3988095238095;4603;332668,790749619;404563,296766112;179655,777647087;4775379,84403653;769290,267316256;764847,317180469;0,436097121611214;5;0;147;
148;27,3654761904762;40,3947012192619;8;3;5;4;9;8;40,3947012192619;27,3654761904762;4597,4;332712;404638,713595756;179695,535701881;4778270,47636219;769340,626389165;764837,943046825;0,43681160525761;5;0;148;
149;27,3083333333333;22,3222280772198;4;7;2;3;4;3;22,3222280772198;27,3083333333333;4587,8;332677,714467267;404579,967150359;179659,44;4775595,552;769295,388644881;764849,680138151;0,437560822069739;5;0;149;
150;27,2059523809524;29,3218362357105;2;5;6;7;7;1;29,3218362357105;27,2059523809524;4570,6;332587,40224604;404419,84373255;179578,420075529;4769432,88682598;769302,079724171;764791,393030991;0,438811823131525;5;0;150;
151;27,4142857142857;23,4038457240897;8;9;3;2;1;3;23,4038457240897;27,4142857142857;4605,6;332675,619515507;404567,122861254;179659,44;4775681,0040814;769236,832512353;764885,895477229;0,435872995166215;5;0;151;
152;27,4845238095238;32,3898436453561;5;9;8;7;1;5;32,3898436453561;27,4845238095238;4617,4;332755,218550817;404718,754640943;179736,776625212;4781624,21529523;769328,209056078;764872,94473445;0,43513874504788;5;0;152;
153;27,2654761904762;22,4317059404728;4;10;1;4;4;3;22,4317059404728;27,2654761904762;4580,6;332581,214622901;404408,459112128;179569,330350124;4768636,71205582;769279,841232796;764803,582261449;0,437807856224585;5;0;153;
154;27,352380952381;25,397947534809;5;9;3;7;1;3;25,397947534809;27,352380952381;4595,2;332660,145816485;404546,947313851;179644,921969383;4774576,6903877;769282,265443802;764847,537771052;0,436805338786055;5;0;154;
155;27,4035714285715;31,4506579090857;2;5;8;7;7;1;31,4506579090857;27,4035714285715;4603,8;332674,375199142;404563,418719833;179663,952;4776028,992;769264,974361112;764865,657067857;0,436074034626534;5;0;155;
156;27,3678571428572;24,3021792638724;6;2;7;1;1;3;24,3021792638724;27,3678571428572;4597,8;332590,381110591;404414,04451082;179577,615976375;4769388,2680608;769221,997749107;764845,838841895;0,436210010262026;5;0;156;
157;27,2654761904762;24,4868805852391;5;2;7;1;2;3;24,4868805852391;27,2654761904762;4580,6;332630,120024867;404488,976366517;179616,576;4772327,78853332;769285,878422719;764825,967490538;0,438031042483837;5;0;157;
158;27,3702380952381;33,545445066234;10;8;3;10;1;3;33,545445066234;27,3702380952381;4598,2;332620,36952157;404481,798728208;179607,512499336;4771694,592;769252,686144487;764844,281804772;0,436315600734228;5;0;158;
159;27,2654761904762;22,4317059404728;4;10;1;4;4;3;22,4317059404728;27,2654761904762;4580,6;332581,214622901;404408,459112128;179569,330350124;4768636,71205582;769279,841232796;764803,582261449;0,437807856224585;5;0;159;
160;27,1821428571429;26,2325917791694;7;2;1;5;3;4;26,2325917791694;27,1821428571429;4566,6;332536,706104505;404327,369898587;179528,858786325;4765644,00583964;769266,956460863;764786,237143948;0,438951850497292;5;0;160;
161;27,4035714285714;24,4469970574173;6;7;2;3;4;3;24,4469970574173;27,4035714285714;4603,8;332631,395828242;404487,850102698;179613,426238618;4772475,51131352;769276,019174275;764831,038918214;0,435845636845379;5;0;161;
162;27,4142857142857;23,4038457240897;8;10;3;2;1;3;23,4038457240897;27,4142857142857;4605,6;332675,619515507;404567,122861254;179659,44;4775681,0040814;769236,832512353;764885,895477229;0,435872995166215;5;0;162;
163;27,2785714285714;31,3995740290615;5;10;9;7;1;3;31,3995740290615;27,2785714285714;4582,8;332588,501963748;404419,24138509;179571,971251722;4769041,20483685;769233,96808422;764838,615088748;0,437617620550204;5;0;163;
164;27,3630952380952;26,4323505129972;5;4;7;5;2;1;26,4323505129972;27,3630952380952;4597;332655,766700851;404535,964550465;179628,589842523;4773597,09925677;769302,722275848;764831,022292232;0,436556179197434;5;0;164;
165;27,4059523809524;23,497376435374;4;7;2;3;4;4;23,497376435374;27,4059523809524;4604,2;332702,541465363;404622,773110737;179682,674033693;4777432,15944898;769306,353823664;764856,764160925;0,436114016691618;5;0;165;
166;27,3940476190476;34,2763397380769;5;9;8;7;3;5;34,2763397380769;27,3940476190476;4602,2;332668,436602503;404555,287731632;179656,056;4775422,176;769282,963418261;764851,871476662;0,436187518238896;5;0;166;
167;27,3952380952381;38,4295671915341;7;4;2;9;8;6;38,4295671915341;27,3952380952381;4602,4;332695,823534555;404616,003149862;179678,945601597;4777069,248;769277,798779678;764872,675996277;0,436276264221614;5;0;167;
168;27,2964285714286;19,4274262710336;5;8;3;1;1;3;19,4274262710336;27,2964285714286;4585,8;332620,8;404481,77880057;179607,552;4771694,592;769299,147704302;764812,870747883;0,437499643220594;5;0;168;
169;27,3559523809524;39,5419174248766;7;4;7;9;4;6;39,5419174248766;27,3559523809524;4595,8;332609,169624652;404456,875652354;179601,558243075;4771222,14558007;769230,051716497;764853,092230581;0,436516657983486;5;0;169;
170;27,3214285714286;23,4411023103707;8;9;4;2;1;2;23,4411023103707;27,3214285714286;4590;332649,468642673;404521,914333636;179636,502598626;4773796,92774573;769314,949849376;764819,141881406;0,437228520350508;5;0;170;
171;27,4714285714286;45,5391366465623;4;4;9;10;6;10;45,5391366465623;27,4714285714286;4615,2;332641,528161222;404510,046918783;179628,151473181;4773285,24585204;769258,587949639;764851,122378329;0,434807585181251;5;0;171;
172;27,3202380952381;25,4381140030911;8;9;3;4;1;3;25,4381140030911;27,3202380952381;4589,8;332628,532659792;404484,282310095;179620,782688718;4772477,81151904;769223,783153743;764868,162241919;0,437163032846205;5;0;172;
173;27,3797619047619;43,4864937371147;1;8;10;10;8;8;43,4864937371147;27,3797619047619;4599,8;332685,436848783;404587,437586105;179658,312;4775631,87208737;769272,779572527;764867,107997547;0,436417512925218;5;0;173;
174;27,0595238095238;22,4569989158923;7;6;1;4;3;1;22,4569989158923;27,0595238095238;4546;332238,737903182;403805,804933496;179247,92592815;4744030,84587237;769287,669606865;764599,84615518;0,439537412932143;5;0;174;
175;27,2404761904762;29,5140055666382;8;9;8;4;1;2;29,5140055666382;27,2404761904762;4576,4;332664,84879371;404556,450639061;179648,11041673;4774812,09383393;769281,552263765;764850,870593431;0,438594196859112;5;0;175;
176;27,4142857142857;23,4038457240897;8;9;3;2;1;3;23,4038457240897;27,4142857142857;4605,6;332675,619515507;404567,122861254;179659,44;4775681,0040814;769236,832512353;764885,895477229;0,435872995166215;5;0;176;
177;27,4142857142857;23,4038457240897;8;9;3;2;1;3;23,4038457240897;27,4142857142857;4605,6;332675,619515507;404567,122861254;179659,44;4775681,0040814;769236,832512353;764885,895477229;0,435872995166215;5;0;177;
178;27,4142857142857;23,4038457240897;8;9;3;2;1;3;23,4038457240897;27,4142857142857;4605,6;332675,619515507;404567,122861254;179659,44;4775681,0040814;769236,832512353;764885,895477229;0,435872995166215;5;0;178;
179;27,377380952381;34,4036484969798;6;7;5;7;7;3;34,4036484969798;27,377380952381;4599,4;332664,589462712;404554,303621434;179651,107112652;4775073,38158545;769321,105368109;764823,215046028;0,43642006898113;5;0;179;
180;27,3916666666667;25,4091100366205;10;9;3;2;1;3;25,4091100366205;27,3916666666667;4601,8;332625,891272751;404485,721175426;179613,166713855;4771981,48322127;769289,254881617;764822,55906655;0,435995097004856;5;0;180;
181;27,2654761904762;22,4317059404728;4;10;1;4;4;3;22,4317059404728;27,2654761904762;4580,6;332581,214622901;404408,459112128;179569,330350124;4768636,71205582;769279,841232796;764803,582261449;0,437807856224585;5;0;181;
182;27,4142857142857;23,4038457240897;8;10;3;2;1;3;23,4038457240897;27,4142857142857;4605,6;332675,619515507;404567,122861254;179659,44;4775681,0040814;769236,832512353;764885,895477229;0,435872995166215;5;0;182;
183;26,9678571428571;24,4721184193939;4;10;1;9;3;1;24,4721184193939;26,9678571428571;4530,6;332209,358555022;403743,755374067;179223,14732788;4742098,26506692;769222,427513466;764622,348600704;0,440915952057155;5;0;183;
184;27,4130952380952;26,5124859197191;7;7;2;3;4;4;26,5124859197191;27,4130952380952;4605,4;332742,722055609;404695,91258118;179717,160025568;4780128,3611736;769299,507346953;764885,717365991;0,436173207479822;5;0;184;
185;27,2380952380953;20,337855932747;8;3;1;2;1;2;20,337855932747;27,2380952380953;4576;332523,069890096;404306,582520319;179518,387460438;4764778,63979742;769289,821863558;764762,613494498;0,43799597122164;5;0;185;
186;27,2940476190476;28,4720672148031;8;4;2;3;3;6;28,4720672148031;27,2940476190476;4585,4;332619,878840233;404469,527814674;179610,705539265;4771939,47501201;769257,22135236;764838,234809428;0,437550827177385;5;0;186;
187;27,2797619047619;20,2973167719949;5;9;3;2;1;3;20,2973167719949;27,2797619047619;4583;332569,754776679;404380,505493904;179554,208922103;4767598,7106134;769244,986232209;764818,657786311;0,437506562978055;5;0;187;
188;27,2464285714286;24,4433450475244;6;2;8;1;1;2;24,4433450475244;27,2464285714286;4577,4;332605,449264763;404451,845610925;179596,192861984;4770953,23111228;769244,119661588;764839,901068774;0,438253129352525;5;0;188;
189;27,3452380952381;24,3847693979163;6;2;6;1;2;3;24,3847693979163;27,3452380952381;4594;332583,707136683;404415,529354888;179570,328;4768833,888;769279,455454166;764805,268078704;0,436533990084614;5;0;189;
190;27,3630952380952;31,2799906384143;5;4;7;10;2;1;31,2799906384143;27,3630952380952;4597;332616,067422762;404468,961050851;179597,047547849;4770891,18315189;769292,192445519;764813,960027191;0,436388352657335;5;0;190;
191;27,3869047619048;41,5368904743175;1;8;10;10;8;6;41,5368904743175;27,3869047619048;4601;332632,07302227;404496,487437872;179619,96;4772601,97351593;769274,651638433;764836,244476186;0,436107873086796;5;0;191;
192;27,0047619047619;23,4640891123767;7;6;1;5;3;1;23,4640891123767;27,0047619047619;4536,8;332308,8;403928,525894648;179313,144;4749069,024;769279,582913067;764644,171826224;0,440768194498602;5;0;192;
193;27,3988095238095;33,3182250037389;5;9;9;7;1;5;33,3182250037389;27,3988095238095;4603;332668,790749619;404563,296766112;179655,777647087;4775379,84403653;769290,267316256;764847,317180469;0,436097121611214;5;0;193;
194;27,2309523809524;38,5858781437556;1;8;10;10;5;6;38,5858781437556;27,2309523809524;4574,8;332563,436162983;404376,743586228;179555,664;4767706,944;769271,665396367;764797,605752695;0,438293771264565;5;0;194;
195;27,3678571428572;24,3021792638724;6;2;7;1;1;3;24,3021792638724;27,3678571428572;4597,8;332590,381110591;404414,04451082;179577,615976375;4769388,2680608;769221,997749107;764845,838841895;0,436210010262026;5;0;195;
196;27,3083333333333;22,3222280772198;4;7;2;3;4;3;22,3222280772198;27,3083333333333;4587,8;332677,714467267;404579,967150359;179659,44;4775595,552;769295,388644881;764849,680138151;0,437560822069739;5;0;196;
197;27,4035714285715;31,4506579090857;2;5;8;7;7;1;31,4506579090857;27,4035714285715;4603,8;332674,375199142;404563,418719833;179663,952;4776028,992;769264,974361112;764865,657067857;0,436074034626534;5;0;197;
198;27,3654761904762;33,4718639666628;2;4;8;4;9;4;33,4718639666628;27,3654761904762;4597,4;332700,746831101;404619,696149439;179679,453012366;4777487,09258463;769286,612802312;764867,805194854;0,436769493953339;5;0;198;
199;27,2797619047619;20,2973167719949;5;8;3;2;1;3;20,2973167719949;27,2797619047619;4583;332569,754776679;404380,505493904;179554,208922103;4767598,7106134;769244,986232209;764818,657786311;0,437506562978055;5;0;199;
200;27,3392857142857;20,4682101858963;4;7;2;1;4;3;20,4682101858963;27,3392857142857;4593;332644,183251024;404521,039333071;179629,171685833;4773175,41538214;769253,351042876;764858,583092755;0,436909032819939;5;0;200;
201;27,1452380952381;23,5104368183253;8;5;1;5;1;2;23,5104368183253;27,1452380952381;4560,4;332463,135808056;404199,937866556;179459,985629503;4760144,75870832;769281,543766751;764732,231750828;0,439197150710356;5;0;201;
202;27,4845238095238;32,3898436453561;5;9;8;7;1;5;32,3898436453561;27,4845238095238;4617,4;332755,218550817;404718,754640943;179736,776625212;4781624,21529523;769328,209056078;764872,94473445;0,43513874504788;5;0;202;
203;27,4714285714286;45,5391366465623;4;4;9;10;6;10;45,5391366465623;27,4714285714286;4615,2;332641,528161222;404510,046918783;179628,151473181;4773285,24585204;769258,587949639;764851,122378329;0,434807585181251;5;0;203;
204;27,352380952381;47,409618809299;4;5;9;10;10;8;47,409618809299;27,352380952381;4595,2;332685,852454117;404585,445593948;179667,003640337;4776408,7987098;769366,374498109;764804,755987806;0,436905024908676;5;0;204;
205;27,4142857142857;23,4038457240897;8;10;3;2;1;3;23,4038457240897;27,4142857142857;4605,6;332675,619515507;404567,122861254;179659,44;4775681,0040814;769236,832512353;764885,895477229;0,435872995166215;5;0;205;
206;27,3190476190476;23,4301282614074;4;10;1;4;4;4;23,4301282614074;27,3190476190476;4589,6;332596,831047983;404430,887514482;179587,585839967;4770051,52518983;769255,750085083;764827,195647926;0,437027058330283;5;0;206;
207;27,2666666666667;19,177623942808;4;9;3;2;1;3;19,177623942808;27,2666666666667;4580,8;332605,995456011;404443,665432972;179597,605839031;4770975,84335173;769262,706147435;764827,202000946;0,437926225929036;5;0;207;
208;27,397619047619;36,479240826062;5;9;9;7;1;8;36,479240826062;27,397619047619;4602,8;332641,83025904;404515,122221472;179629,065764678;4773341,68810269;769266,063661282;764846,847068028;0,436016443286134;5;0;208;
209;27,4142857142857;23,4038457240897;8;9;3;2;1;3;23,4038457240897;27,4142857142857;4605,6;332675,619515507;404567,122861254;179659,44;4775681,0040814;769236,832512353;764885,895477229;0,435872995166215;5;0;209;
210;27,3678571428572;25,3251814413056;8;4;3;2;1;5;25,3251814413056;27,3678571428572;4597,8;332630,461951552;404499,566590305;179623,357379075;4772971,35761348;769276,60897481;764835,620308791;0,436436235727231;5;0;210;
211;27,4333333333333;24,4929978505281;8;4;3;2;2;3;24,4929978505281;27,4333333333333;4608,8;332674,222058359;404571,950013149;179655,666238123;4775318,45414919;769310,080264775;764837,740441743;0,435545838318808;5;0;211;
212;27,4035714285715;31,4506579090857;2;5;8;7;7;1;31,4506579090857;27,4035714285715;4603,8;332674,375199142;404563,418719833;179663,952;4776028,992;769264,974361112;764865,657067857;0,436074034626534;5;0;212;
213;27,4059523809524;23,497376435374;4;7;2;3;4;4;23,497376435374;27,4059523809524;4604,2;332702,541465363;404622,773110737;179682,674033693;4777432,15944898;769306,353823664;764856,764160925;0,436114016691618;5;0;213;
214;27,2654761904762;22,4317059404728;4;10;1;4;4;3;22,4317059404728;27,2654761904762;4580,6;332581,214622901;404408,459112128;179569,330350124;4768636,71205582;769279,841232796;764803,582261449;0,437807856224585;5;0;214;
215;27,4142857142857;23,4038457240897;8;9;3;2;1;3;23,4038457240897;27,4142857142857;4605,6;332675,619515507;404567,122861254;179659,44;4775681,0040814;769236,832512353;764885,895477229;0,435872995166215;5;0;215;
216;27,4845238095238;32,3898436453561;5;9;8;7;1;5;32,3898436453561;27,4845238095238;4617,4;332755,218550817;404718,754640943;179736,776625212;4781624,21529523;769328,209056078;764872,94473445;0,43513874504788;5;0;216;
217;27,4154761904762;22,4623967372181;4;7;2;2;4;4;22,4623967372181;27,4154761904762;4605,8;332738,596183787;404676,845568097;179718,096;4780182,9477789;769314,636460062;764870,954814009;0,43614752100702;5;0;217;
218;27,2988095238095;42,5521899106985;4;4;9;10;6;7;42,5521899106985;27,2988095238095;4586,2;332663,389827442;404552,932786267;179647,241342864;4774754,84590439;769289,92824326;764844,362521702;0,437659518864666;5;0;218;
219;27,4059523809524;23,497376435374;4;7;2;3;4;4;23,497376435374;27,4059523809524;4604,2;332702,541465363;404622,773110737;179682,674033693;4777432,15944898;769306,353823664;764856,764160925;0,436114016691618;5;0;219;
220;27,302380952381;26,425502625137;8;9;3;2;1;6;26,425502625137;27,302380952381;4586,8;332599,639891831;404446,781371463;179589,402122197;4770327,28897531;769245,793415265;764837,000012945;0,437318513016503;5;0;220;
221;27,4035714285715;31,4506579090857;2;5;8;7;7;1;31,4506579090857;27,4035714285715;4603,8;332674,375199142;404563,418719833;179663,952;4776028,992;769264,974361112;764865,657067857;0,436074034626534;5;0;221;
222;27,0833333333333;20,432826684951;8;5;1;2;1;2;20,432826684951;27,0833333333333;4550;332423,871820964;404117,442136267;179422,762360054;4757503,47393037;769254,484042984;764724,82798444;0,440031339652619;5;0;222;
223;27,3095238095238;47,5483139082507;4;4;9;10;8;10;47,5483139082507;27,3095238095238;4588;332585,270277622;404410,553994363;179574,266328883;4769142,85094088;769262,755086539;764815,400181705;0,437131217457275;5;0;223;
224;27,172619047619;19,4276843527437;8;8;1;1;1;2;19,4276843527437;27,172619047619;4565;332475,235985834;404213,281246612;179472,192;4761292,032;769285,667958096;764733,38583915;0,438822163163248;5;0;224;
225;27,3678571428572;24,3021792638724;6;2;7;1;1;3;24,3021792638724;27,3678571428572;4597,8;332590,381110591;404414,04451082;179577,615976375;4769388,2680608;769221,997749107;764845,838841895;0,436210010262026;5;0;225;
226;27,2464285714286;25,4241850197351;6;2;8;1;1;3;25,4241850197351;27,2464285714286;4577,4;332542,330370606;404329,891165875;179531,356125941;4766090,60138315;769167,906453522;764853,318907614;0,437945228689392;5;0;226;
227;27,2964285714286;19,4274262710336;5;9;3;1;1;3;19,4274262710336;27,2964285714286;4585,8;332620,8;404481,77880057;179607,552;4771694,592;769299,147704302;764812,870747883;0,437499643220594;5;0;227;
228;27,0833333333333;20,432826684951;8;5;1;2;1;2;20,432826684951;27,0833333333333;4550;332423,871820964;404117,442136267;179422,762360054;4757503,47393037;769254,484042984;764724,82798444;0,440031339652619;5;0;228;
229;27,4845238095238;32,3898436453561;5;9;8;7;1;5;32,3898436453561;27,4845238095238;4617,4;332755,218550817;404718,754640943;179736,776625212;4781624,21529523;769328,209056078;764872,94473445;0,43513874504788;5;0;229;
230;27,3404761904762;35,2656406887973;5;10;9;9;1;5;35,2656406887973;27,3404761904762;4593,2;332580;404409,385303474;179570,328;4768747,2;769290,484050828;764795,700975888;0,436622009127925;5;0;230;
231;27,2642857142857;22,4186490004345;8;10;2;2;1;3;22,4186490004345;27,2642857142857;4580,4;332652,579101108;404525,728940393;179637,376988992;4773906,91382807;769278,722218484;764844,010167326;0,438153011605464;5;0;231;
232;27,4142857142857;23,4038457240897;8;9;3;2;1;3;23,4038457240897;27,4142857142857;4605,6;332675,619515507;404567,122861254;179659,44;4775681,0040814;769236,832512353;764885,895477229;0,435872995166215;5;0;232;
233;27,3;25,3056578550055;9;9;4;2;1;3;25,3056578550055;27,3;4586,4;332615,049354351;404468,36175145;179601,959271768;4771276,649902;769253,686868001;764840,201674301;0,437408722524141;5;0;233;
234;27,0833333333333;20,432826684951;8;5;1;2;1;2;20,432826684951;27,0833333333333;4550;332423,871820964;404117,442136267;179422,762360054;4757503,47393037;769254,484042984;764724,82798444;0,440031339652619;5;0;234;
235;26,9476190476191;19,4626913125752;8;5;1;2;1;1;19,4626913125752;26,9476190476191;4527,2;332192,88562727;403714,692549811;179206,935020071;4740896,30991784;769243,399236277;764597,789544583;0,441158007381708;5;0;235;
236;27,2333333333333;18,403354863478;5;8;3;1;1;2;18,403354863478;27,2333333333333;4575,2;332584,458162198;404410,616483088;179574,602392763;4768979,2282552;769250,836913355;764824,134991306;0,438339557677302;5;0;236;
237;27,225;22,3672615060896;8;9;3;2;1;2;22,3672615060896;27,225;4573,8;332520,91655643;404303,7922946;179520,98696479;4765051,16653172;769229,371555176;764800,780785659;0,438213502305132;5;0;237;
238;27,4845238095238;32,3898436453561;5;9;8;7;1;5;32,3898436453561;27,4845238095238;4617,4;332755,218550817;404718,754640943;179736,776625212;4781624,21529523;769328,209056078;764872,94473445;0,43513874504788;5;0;238;
239;27,4714285714286;45,5391366465623;4;4;9;10;6;10;45,5391366465623;27,4714285714286;4615,2;332641,528161222;404510,046918783;179628,151473181;4773285,24585204;769258,587949639;764851,122378329;0,434807585181251;5;0;239;
240;27,2297619047619;24,3757337063333;4;10;1;4;6;3;24,3757337063333;27,2297619047619;4574,6;332512,096080438;404294,120812577;179504,904;4763805,984;769232,659071358;764795,659301634;0,43806535906493;5;0;240;
241;27,3345238095238;25,3835904874985;8;9;5;2;1;3;25,3835904874985;27,3345238095238;4592,2;332619,747841182;404475,985532017;179604,244336746;4771435,59521115;769263,834017852;764835,762177077;0,43687149778086;5;0;241;
242;27,4666666666667;29,4367497809684;2;5;8;5;7;1;29,4367497809684;27,4666666666667;4614,4;332733,829728459;404672,224386277;179713,584;4779938,29113758;769269,675377537;764899,157291846;0,435318922672643;5;0;242;
243;27,4309523809524;43,4767151036509;7;4;7;9;8;6;43,4767151036509;27,4309523809524;4608,4;332651,415823774;404531,604247216;179638,138699963;4774031,39351243;769238,856732158;764872,676604817;0,435503205639835;5;0;243;
244;27,4035714285715;31,4506579090857;2;5;8;7;7;1;31,4506579090857;27,4035714285715;4603,8;332674,375199142;404563,418719833;179663,952;4776028,992;769264,974361112;764865,657067857;0,436074034626534;5;0;244;
245;27,3678571428572;24,3021792638724;6;2;7;1;1;3;24,3021792638724;27,3678571428572;4597,8;332590,381110591;404414,04451082;179577,615976375;4769388,2680608;769221,997749107;764845,838841895;0,436210010262026;5;0;245;
246;27,375;29,4679138290813;5;9;8;4;1;5;29,4679138290813;27,375;4599;332741,51512298;404689,860200679;179719,17441673;4780264,58978148;769339,834130903;764856,685472664;0,436789620178341;5;0;246;
247;27,4142857142857;23,4038457240897;8;9;3;2;1;3;23,4038457240897;27,4142857142857;4605,6;332675,619515507;404567,122861254;179659,44;4775681,0040814;769236,832512353;764885,895477229;0,435872995166215;5;0;247;
248;27,4035714285714;24,4469970574173;6;7;2;3;4;3;24,4469970574173;27,4035714285714;4603,8;332631,395828242;404487,850102698;179613,426238618;4772475,51131352;769276,019174275;764831,038918214;0,435845636845379;5;0;248;
249;27,3845238095238;36,448976965921;2;5;7;7;7;7;36,448976965921;27,3845238095238;4600,6;332671,086975166;404566,71543052;179653,323123557;4775135,99250319;769312,905139426;764831,868352602;0,436312594748003;5;0;249;
250;27,4297619047619;43,4252094674073;5;4;6;10;6;10;43,4252094674073;27,4297619047619;4608,2;332734,921701016;404677,279621526;179719,224;4780368,02218077;769325,432429814;764862,283460728;0,435927774595712;5;0;250;
251;27,3869047619048;19,2754621693511;5;8;2;2;1;3;19,2754621693511;27,3869047619048;4601;332679,602551347;404595,053108418;179659,068996388;4775573,06257864;769288,289501356;764858,408329524;0,436309863937596;5;0;251;
252;27,3321428571429;24,4110429909905;8;10;2;2;1;5;24,4110429909905;27,3321428571429;4591,8;332622,356895384;404484,202220519;179607,122920127;4771653,94350456;769290,094136262;764821,013183845;0,436937499901729;5;0;252;
253;27,2964285714286;19,4274262710336;5;8;3;1;1;3;19,4274262710336;27,2964285714286;4585,8;332620,8;404481,77880057;179607,552;4771694,592;769299,147704302;764812,870747883;0,437499643220594;5;0;253;
254;27,2988095238095;42,5521899106985;4;4;9;10;6;7;42,5521899106985;27,2988095238095;4586,2;332663,389827442;404552,932786267;179647,241342864;4774754,84590439;769289,92824326;764844,362521702;0,437659518864666;5;0;254;
255;27,4666666666667;29,4367497809684;2;5;8;5;7;1;29,4367497809684;27,4666666666667;4614,4;332733,829728459;404672,224386277;179713,584;4779938,29113758;769269,675377537;764899,157291846;0,435318922672643;5;0;255;
256;27,3345238095238;44,4354131688669;5;4;9;10;6;8;44,4354131688669;27,3345238095238;4592,2;332573,742542104;404386,506509496;179570,328;4768833,888;769270,739053332;764803,875724457;0,436707737205302;5;0;256;
257;27,2321428571429;20,3410672759609;4;7;2;3;4;1;20,3410672759609;27,2321428571429;4575;332494,015606058;404249,845939538;179488,939884784;4762494,32636792;769338,282006948;764711,354803329;0,437936740300559;5;0;257;
258;27,25;21,3860002694506;4;7;2;2;4;3;21,3860002694506;27,25;4578;332554,998371003;404353,230652497;179544,628641811;4766951,48670004;769253,162353168;764805,097139154;0,437936608913059;5;0;258;
259;27,3190476190476;25,5189345541059;4;7;5;3;4;3;25,5189345541059;27,3190476190476;4589,6;332605,683607578;404447,772016515;179595,983465491;4770796,32155662;769271,740330965;764822,502637703;0,437083955471855;5;0;259;
260;27,4714285714286;45,5391366465623;4;4;9;10;6;10;45,5391366465623;27,4714285714286;4615,2;332641,528161222;404510,046918783;179628,151473181;4773285,24585204;769258,587949639;764851,122378329;0,434807585181251;5;0;260;
261;27,2392857142857;21,3476657869006;5;8;3;1;4;2;21,3476657869006;27,2392857142857;4576,2;332621,950648493;404473,304157944;179606,433449036;4771442,62360435;769259,921702529;764839,357290702;0,4383999371757;5;0;261;
262;27,3083333333333;22,3222280772198;4;7;2;3;4;3;22,3222280772198;27,3083333333333;4587,8;332677,714467267;404579,967150359;179659,44;4775595,552;769295,388644881;764849,680138151;0,437560822069739;5;0;262;
263;27,2333333333333;18,403354863478;5;8;3;1;1;2;18,403354863478;27,2333333333333;4575,2;332584,458162198;404410,616483088;179574,602392763;4768979,2282552;769250,836913355;764824,134991306;0,438339557677302;5;0;263;
264;27,2964285714286;19,4274262710336;5;9;3;1;1;3;19,4274262710336;27,2964285714286;4585,8;332620,8;404481,77880057;179607,552;4771694,592;769299,147704302;764812,870747883;0,437499643220594;5;0;264;
265;27,4845238095238;32,3898436453561;5;9;8;7;1;5;32,3898436453561;27,4845238095238;4617,4;332755,218550817;404718,754640943;179736,776625212;4781624,21529523;769328,209056078;764872,94473445;0,43513874504788;5;0;265;
266;27,4142857142857;23,4038457240897;8;9;3;2;1;3;23,4038457240897;27,4142857142857;4605,6;332675,619515507;404567,122861254;179659,44;4775681,0040814;769236,832512353;764885,895477229;0,435872995166215;5;0;266;
267;27,2333333333333;18,403354863478;5;8;3;1;1;2;18,403354863478;27,2333333333333;4575,2;332584,458162198;404410,616483088;179574,602392763;4768979,2282552;769250,836913355;764824,134991306;0,438339557677302;5;0;267;
268;27,4845238095238;32,3898436453561;5;9;8;7;1;5;32,3898436453561;27,4845238095238;4617,4;332755,218550817;404718,754640943;179736,776625212;4781624,21529523;769328,209056078;764872,94473445;0,43513874504788;5;0;268;
269;27,3690476190476;44,4063540953672;4;3;9;9;6;10;44,4063540953672;27,3690476190476;4598;332643,931421098;404515,167126586;179631,474808418;4773522,79213795;769273,322592309;764842,643258401;0,436451960796349;5;0;269;
270;27,3452380952381;39,5322106635079;4;4;9;4;6;10;39,5322106635079;27,3452380952381;4594;332703,906918824;404620,983550396;179683,128;4777502,688;769262,129599201;764886,026503184;0,437094449106805;5;0;270;
271;27,3083333333333;22,3222280772198;4;7;2;3;4;3;22,3222280772198;27,3083333333333;4587,8;332677,714467267;404579,967150359;179659,44;4775595,552;769295,388644881;764849,680138151;0,437560822069739;5;0;271;
272;27,4142857142857;23,4038457240897;8;6;3;2;1;3;23,4038457240897;27,4142857142857;4605,6;332675,619515507;404567,122861254;179659,44;4775681,0040814;769236,832512353;764885,895477229;0,435872995166215;5;0;272;
273;27,4309523809524;43,4767151036509;7;4;7;9;8;6;43,4767151036509;27,4309523809524;4608,4;332651,415823774;404531,604247216;179638,138699963;4774031,39351243;769238,856732158;764872,676604817;0,435503205639835;5;0;273;
274;27,0833333333333;20,432826684951;8;8;1;1;2;2;20,432826684951;27,0833333333333;4550;332423,871820964;404117,442136267;179422,762360054;4757503,47393037;769254,484042984;764724,82798444;0,440031339652619;5;0;274;
275;27,3083333333333;45,4456399171168;5;4;9;9;6;10;45,4456399171168;27,3083333333333;4587,8;332671,049497019;404568,826959421;179654,972198949;4775338,39948824;769298,67567586;764842,451907693;0,437555231780784;5;0;275;
276;27,3083333333333;22,3222280772198;4;7;2;3;4;3;22,3222280772198;27,3083333333333;4587,8;332677,714467267;404579,967150359;179659,44;4775595,552;769295,388644881;764849,680138151;0,437560822069739;5;0;276;
277;27,3559523809524;39,5419174248766;7;4;7;5;8;6;39,5419174248766;27,3559523809524;4595,8;332609,169624652;404456,875652354;179601,558243075;4771222,14558007;769230,051716497;764853,092230581;0,436516657983486;5;0;277;
278;27,3297619047619;23,4327204433086;2;5;4;5;5;1;23,4327204433086;27,3297619047619;4591,4;332585,904961148;404417,749755454;179577,658129357;4769453,77108203;769336,945904874;764767,022394981;0,436821235531608;5;0;278;
279;27,2797619047619;20,2973167719949;5;9;3;2;1;3;20,2973167719949;27,2797619047619;4583;332569,754776679;404380,505493904;179554,208922103;4767598,7106134;769244,986232209;764818,657786311;0,437506562978055;5;0;279;
280;27,2333333333333;18,403354863478;5;8;3;1;1;2;18,403354863478;27,2333333333333;4575,2;332584,458162198;404410,616483088;179574,602392763;4768979,2282552;769250,836913355;764824,134991306;0,438339557677302;5;0;280;
281;27,4845238095238;32,3898436453561;5;9;8;7;1;5;32,3898436453561;27,4845238095238;4617,4;332755,218550817;404718,754640943;179736,776625212;4781624,21529523;769328,209056078;764872,94473445;0,43513874504788;5;0;281;
282;27,4309523809524;43,4767151036509;7;4;7;9;8;6;43,4767151036509;27,4309523809524;4608,4;332651,415823774;404531,604247216;179638,138699963;4774031,39351243;769238,856732158;764872,676604817;0,435503205639835;5;0;282;
283;27,4845238095238;32,3898436453561;5;9;8;7;1;5;32,3898436453561;27,4845238095238;4617,4;332755,218550817;404718,754640943;179736,776625212;4781624,21529523;769328,209056078;764872,94473445;0,43513874504788;5;0;283;
284;27,4142857142857;23,4038457240897;8;10;3;2;1;3;23,4038457240897;27,4142857142857;4605,6;332675,619515507;404567,122861254;179659,44;4775681,0040814;769236,832512353;764885,895477229;0,435872995166215;5;0;284;
285;27,3392857142857;20,4682101858963;4;9;2;2;3;3;20,4682101858963;27,3392857142857;4593;332644,183251024;404521,039333071;179629,171685833;4773175,41538214;769253,351042876;764858,583092755;0,436909032819939;5;0;285;
286;27,2666666666667;19,177623942808;4;9;3;2;1;3;19,177623942808;27,2666666666667;4580,8;332605,995456011;404443,665432972;179597,605839031;4770975,84335173;769262,706147435;764827,202000946;0,437926225929036;5;0;286;
287;27,4142857142857;23,4038457240897;8;9;3;2;1;3;23,4038457240897;27,4142857142857;4605,6;332675,619515507;404567,122861254;179659,44;4775681,0040814;769236,832512353;764885,895477229;0,435872995166215;5;0;287;
288;27,4845238095238;32,3898436453561;5;8;8;7;1;5;32,3898436453561;27,4845238095238;4617,4;332755,218550817;404718,754640943;179736,776625212;4781624,21529523;769328,209056078;764872,94473445;0,43513874504788;5;0;288;
289;27,4666666666667;29,4367497809684;2;5;8;5;7;1;29,4367497809684;27,4666666666667;4614,4;332733,829728459;404672,224386277;179713,584;4779938,29113758;769269,675377537;764899,157291846;0,435318922672643;5;0;289;
290;27,4714285714286;45,5391366465623;4;4;9;10;6;10;45,5391366465623;27,4714285714286;4615,2;332641,528161222;404510,046918783;179628,151473181;4773285,24585204;769258,587949639;764851,122378329;0,434807585181251;5;0;290;
291;27,4130952380952;26,5124859197191;7;7;2;3;4;4;26,5124859197191;27,4130952380952;4605,4;332742,722055609;404695,91258118;179717,160025568;4780128,3611736;769299,507346953;764885,717365991;0,436173207479822;5;0;291;
292;27,2333333333333;18,403354863478;5;8;3;1;1;2;18,403354863478;27,2333333333333;4575,2;332584,458162198;404410,616483088;179574,602392763;4768979,2282552;769250,836913355;764824,134991306;0,438339557677302;5;0;292;
293;27,3083333333333;22,3222280772198;4;9;2;3;4;3;22,3222280772198;27,3083333333333;4587,8;332677,714467267;404579,967150359;179659,44;4775595,552;769295,388644881;764849,680138151;0,437560822069739;5;0;293;
294;27,4666666666667;29,4367497809684;2;5;8;5;7;1;29,4367497809684;27,4666666666667;4614,4;332733,829728459;404672,224386277;179713,584;4779938,29113758;769269,675377537;764899,157291846;0,435318922672643;5;0;294;
295;27,3083333333333;22,3222280772198;4;7;2;3;4;3;22,3222280772198;27,3083333333333;4587,8;332677,714467267;404579,967150359;179659,44;4775595,552;769295,388644881;764849,680138151;0,437560822069739;5;0;295;
296;27,5880952380953;35,4019527427752;8;9;8;7;1;5;35,4019527427752;27,5880952380953;4634,8;332835,165062041;404850,372775128;179806,674005848;4787326,89865149;769367,827974047;764891,189226874;0,433874072472876;5;0;296;
297;27,2797619047619;20,2973167719949;5;10;3;2;1;3;20,2973167719949;27,2797619047619;4583;332569,754776679;404380,505493904;179554,208922103;4767598,7106134;769244,986232209;764818,657786311;0,437506562978055;5;0;297;
298;27,3333333333333;21,4549931762654;3;7;2;2;4;4;21,4549931762654;27,3333333333333;4592;332589,460698159;404415,926081749;179577,096;4769393,20380023;769213,834424767;764850,920538381;0,436768364447144;5;0;298;
299;27,4142857142857;23,4038457240897;8;10;3;2;1;3;23,4038457240897;27,4142857142857;4605,6;332675,619515507;404567,122861254;179659,44;4775681,0040814;769236,832512353;764885,895477229;0,435872995166215;5;0;299;
300;27,2416666666667;18,2948926558566;5;9;2;1;1;3;18,2948926558566;27,2416666666667;4576,6;332587,111555712;404415,617627975;179576,546796603;4769317,83868684;769275,352508266;764808,832068342;0,438221787345255;5;0;300;
301;27,2309523809524;24,4508719580424;7;8;1;4;4;2;24,4508719580424;27,2309523809524;4574,8;332564,328668723;404373,493899897;179553,408;4767615,27075002;769293,832727874;764782,229665448;0,438283130509969;5;0;301;
302;27,2666666666667;19,177623942808;4;8;3;2;1;3;19,177623942808;27,2666666666667;4580,8;332605,995456011;404443,665432972;179597,605839031;4770975,84335173;769262,706147435;764827,202000946;0,437926225929036;5;0;302;
303;27,3440476190476;26,3658154001309;7;10;2;7;1;3;26,3658154001309;27,3440476190476;4593,8;332599,182290837;404432,856934179;179592,888;4770732,65447373;769217,567268144;764853,124222965;0,436668041286792;5;0;303;
304;27,3392857142857;20,4682101858963;4;7;2;1;4;3;20,4682101858963;27,3392857142857;4593;332644,183251024;404521,039333071;179629,171685833;4773175,41538214;769253,351042876;764858,583092755;0,436909032819939;5;0;304;
305;27,2690476190476;33,3903154958623;5;9;8;7;2;5;33,3903154958623;27,2690476190476;4581,2;332549,846936413;404350,304377624;179537,978682951;4766399,23285103;769235,776154376;764814,776465273;0,437593721033607;5;0;305;
306;27,2666666666667;19,177623942808;4;9;3;2;1;3;19,177623942808;27,2666666666667;4580,8;332605,995456011;404443,665432972;179597,605839031;4770975,84335173;769262,706147435;764827,202000946;0,437926225929036;5;0;306;
307;27,2333333333333;18,403354863478;5;8;3;1;1;2;18,403354863478;27,2333333333333;4575,2;332584,458162198;404410,616483088;179574,602392763;4768979,2282552;769250,836913355;764824,134991306;0,438339557677302;5;0;307;
308;27,2333333333333;18,403354863478;5;9;3;1;1;2;18,403354863478;27,2333333333333;4575,2;332584,458162198;404410,616483088;179574,602392763;4768979,2282552;769250,836913355;764824,134991306;0,438339557677302;5;0;308;
309;27,2333333333333;18,403354863478;5;8;3;1;1;2;18,403354863478;27,2333333333333;4575,2;332584,458162198;404410,616483088;179574,602392763;4768979,2282552;769250,836913355;764824,134991306;0,438339557677302;5;0;309;
310;27,4666666666667;29,4367497809684;2;5;8;5;7;1;29,4367497809684;27,4666666666667;4614,4;332733,829728459;404672,224386277;179713,584;4779938,29113758;769269,675377537;764899,157291846;0,435318922672643;5;0;310;
311;27,2642857142857;22,4186490004345;8;9;2;2;1;3;22,4186490004345;27,2642857142857;4580,4;332652,579101108;404525,728940393;179637,376988992;4773906,91382807;769278,722218484;764844,010167326;0,438153011605464;5;0;311;
312;27,4142857142857;23,4038457240897;8;10;3;2;1;3;23,4038457240897;27,4142857142857;4605,6;332675,619515507;404567,122861254;179659,44;4775681,0040814;769236,832512353;764885,895477229;0,435872995166215;5;0;312;
313;27,3190476190476;29,415231372583;3;9;8;7;1;4;29,415231372583;27,3190476190476;4589,6;332682,368892614;404589,739141218;179668,055596948;4776423,3311472;769317,946040491;764836,763899524;0,43743685395528;5;0;313;
314;27,4309523809524;43,4767151036509;7;4;7;9;8;6;43,4767151036509;27,4309523809524;4608,4;332651,415823774;404531,604247216;179638,138699963;4774031,39351243;769238,856732158;764872,676604817;0,435503205639835;5;0;314;
315;27,3392857142857;20,4682101858963;4;7;2;1;4;3;20,4682101858963;27,3392857142857;4593;332644,183251024;404521,039333071;179629,171685833;4773175,41538214;769253,351042876;764858,583092755;0,436909032819939;5;0;315;
316;27,2440476190476;17,4092110944986;5;8;2;1;1;2;17,4092110944986;27,2440476190476;4577;332593,270237506;404426,377052375;179578,315616318;4769339,82029608;769275,865443389;764811,752954858;0,438193273733205;5;0;316;
317;27,2047619047619;31,3556305611624;5;9;8;7;1;4;31,3556305611624;27,2047619047619;4570,4;332576,817717829;404388,408100526;179555,894581839;4767821,20496541;769243,203942441;764822,991789025;0,43875018294377;5;0;317;
318;27,4119047619048;19,3394508357536;4;6;2;1;3;3;19,3394508357536;27,4119047619048;4605,2;332670,553775316;404564,295847215;179658,359728046;4775710,41938302;769255,328591843;764870,403731114;0,435911965286371;5;0;318;
319;27,4333333333333;24,4929978505281;8;4;3;2;2;3;24,4929978505281;27,4333333333333;4608,8;332674,222058359;404571,950013149;179655,666238123;4775318,45414919;769310,080264775;764837,740441743;0,435545838318808;5;0;319;
320;27,2678571428571;22,4568003732629;3;8;9;1;1;2;22,4568003732629;27,2678571428571;4581;332558,947623427;404369,685638261;179554,277461215;4767506,30772095;769212,616061136;764835,428462955;0,437687971584567;5;0;320;
321;27,2392857142857;27,3635194641312;5;8;7;1;5;3;27,3635194641312;27,2392857142857;4576,2;332517,589785515;404290,505637698;179504,958241176;4763722,86899322;769205,608327755;764815,637944168;0,437900228881085;5;0;321;
322;27,3166666666667;26,4657343609395;8;10;6;2;1;3;26,4657343609395;27,3166666666667;4589,2;332611,83879258;404461,575855669;179598,445940177;4770899,34793761;769294,615304148;764811,559121758;0,437121454875056;5;0;322;
323;27,2333333333333;18,403354863478;5;8;3;1;1;2;18,403354863478;27,2333333333333;4575,2;332584,458162198;404410,616483088;179574,602392763;4768979,2282552;769250,836913355;764824,134991306;0,438339557677302;5;0;323;
324;27,3095238095238;43,3581198447999;4;4;9;8;6;10;43,3581198447999;27,3095238095238;4588;332632,812316329;404501,249021662;179615,216289891;4772246,49670812;769250,06936161;764854,256212168;0,437330324388232;5;0;324;
325;27,3392857142857;20,4682101858963;4;7;2;1;4;3;20,4682101858963;27,3392857142857;4593;332644,183251024;404521,039333071;179629,171685833;4773175,41538214;769253,351042876;764858,583092755;0,436909032819939;5;0;325;
326;27,2880952380952;37,3609126264581;10;9;8;7;1;5;37,3609126264581;27,2880952380952;4584,4;332616,612385705;404471,813701529;179607,426302371;4771676,46659513;769261,213945002;764836,879964083;0,437668313449733;5;0;326;
327;27,4297619047619;43,4252094674073;5;4;6;10;6;10;43,4252094674073;27,4297619047619;4608,2;332734,921701016;404677,279621526;179719,224;4780368,02218077;769325,432429814;764862,283460728;0,435927774595712;5;0;327;
328;27,4666666666667;29,4367497809684;2;5;8;5;7;1;29,4367497809684;27,4666666666667;4614,4;332733,829728459;404672,224386277;179713,584;4779938,29113758;769269,675377537;764899,157291846;0,435318922672643;5;0;328;
329;27,375;29,4679138290813;5;9;8;4;1;5;29,4679138290813;27,375;4599;332741,51512298;404689,860200679;179719,17441673;4780264,58978148;769339,834130903;764856,685472664;0,436789620178341;5;0;329;
330;27,4666666666667;29,4367497809684;2;5;8;5;7;1;29,4367497809684;27,4666666666667;4614,4;332733,829728459;404672,224386277;179713,584;4779938,29113758;769269,675377537;764899,157291846;0,435318922672643;5;0;330;
331;27,2571428571429;24,3623344413557;8;10;3;3;1;3;24,3623344413557;27,2571428571429;4579,2;332576,450678518;404395,387848128;179567,380556296;4768682,02332363;769242,860109454;764823,749921099;0,437961896434536;5;0;331;
332;27,3916666666667;25,4091100366205;10;10;3;2;1;3;25,4091100366205;27,3916666666667;4601,8;332625,891272751;404485,721175426;179613,166713855;4771981,48322127;769289,254881617;764822,55906655;0,435995097004856;5;0;332;
333;27,3940476190476;34,2763397380769;5;9;8;7;3;5;34,2763397380769;27,3940476190476;4602,2;332668,436602503;404555,287731632;179656,056;4775422,176;769282,963418261;764851,871476662;0,436187518238896;5;0;333;
334;27,2666666666667;19,177623942808;4;9;3;2;1;3;19,177623942808;27,2666666666667;4580,8;332605,995456011;404443,665432972;179597,605839031;4770975,84335173;769262,706147435;764827,202000946;0,437926225929036;5;0;334;
335;27,3392857142857;20,4682101858963;4;9;2;2;3;3;20,4682101858963;27,3392857142857;4593;332644,183251024;404521,039333071;179629,171685833;4773175,41538214;769253,351042876;764858,583092755;0,436909032819939;5;0;335;
336;27,4297619047619;43,4252094674073;5;4;6;10;6;10;43,4252094674073;27,4297619047619;4608,2;332734,921701016;404677,279621526;179719,224;4780368,02218077;769325,432429814;764862,283460728;0,435927774595712;5;0;336;
337;27,2809523809524;33,3432209814963;6;9;8;7;1;5;33,3432209814963;27,2809523809524;4583,2;332671,873458528;404565,081394683;179651,711746233;4775162,112;769283,967983413;764853,178778833;0,437974238024486;5;0;337;
338;27,3202380952381;25,4381140030911;8;9;3;4;1;3;25,4381140030911;27,3202380952381;4589,8;332628,532659792;404484,282310095;179620,782688718;4772477,81151904;769223,783153743;764868,162241919;0,437163032846205;5;0;338;
339;27,2940476190476;39,3012778131918;7;5;8;8;9;1;39,3012778131918;27,2940476190476;4585,4;332580,339927363;404408,973602158;179568,072;4768580,80920521;769271,956147613;764807,37711315;0,437337246358968;5;0;339;
340;27,3071428571428;31,3464523513626;7;9;5;7;1;5;31,3464523513626;27,3071428571428;4587,6;332689,973882458;404590,97574402;179673,232320205;4776739,38041179;769262,385317373;764877,72101906;0,437653903220902;5;0;340;
341;27,4845238095238;32,3898436453561;5;9;8;7;1;5;32,3898436453561;27,4845238095238;4617,4;332755,218550817;404718,754640943;179736,776625212;4781624,21529523;769328,209056078;764872,94473445;0,43513874504788;5;0;341;
342;27,4845238095238;32,3898436453561;5;9;8;7;1;5;32,3898436453561;27,4845238095238;4617,4;332755,218550817;404718,754640943;179736,776625212;4781624,21529523;769328,209056078;764872,94473445;0,43513874504788;5;0;342;
343;27,4845238095238;32,3898436453561;5;9;8;7;1;5;32,3898436453561;27,4845238095238;4617,4;332755,218550817;404718,754640943;179736,776625212;4781624,21529523;769328,209056078;764872,94473445;0,43513874504788;5;0;343;
344;27,377380952381;23,3389213512213;7;4;3;2;2;3;23,3389213512213;27,377380952381;4599,4;332597,481992998;404437,361496582;179585,041302678;4769976,46368277;769274,363650134;764816,114012901;0,436111132319186;5;0;344;
345;27,4666666666667;29,4367497809684;2;5;8;5;7;1;29,4367497809684;27,4666666666667;4614,4;332733,829728459;404672,224386277;179713,584;4779938,29113758;769269,675377537;764899,157291846;0,435318922672643;5;0;345;
346;27,2964285714286;19,4274262710336;5;9;3;1;1;3;19,4274262710336;27,2964285714286;4585,8;332620,8;404481,77880057;179607,552;4771694,592;769299,147704302;764812,870747883;0,437499643220594;5;0;346;
347;27,3654761904762;25,3082621346346;8;4;3;2;2;4;25,3082621346346;27,3654761904762;4597,4;332630,839481042;404494,877552006;179621,948650374;4772444,78905442;769329,722017048;764799,241210355;0,436441464822692;5;0;347;
348;27,4035714285715;31,4506579090857;2;5;8;7;7;1;31,4506579090857;27,4035714285715;4603,8;332674,375199142;404563,418719833;179663,952;4776028,992;769264,974361112;764865,657067857;0,436074034626534;5;0;348;
349;27,4666666666667;29,4367497809684;2;5;8;5;7;1;29,4367497809684;27,4666666666667;4614,4;332733,829728459;404672,224386277;179713,584;4779938,29113758;769269,675377537;764899,157291846;0,435318922672643;5;0;349;
350;27,4333333333333;24,4929978505281;8;4;3;2;2;3;24,4929978505281;27,4333333333333;4608,8;332674,222058359;404571,950013149;179655,666238123;4775318,45414919;769310,080264775;764837,740441743;0,435545838318808;5;0;350;
351;27,3142857142857;44,2634463894718;4;4;8;10;6;10;44,2634463894718;27,3142857142857;4588,8;332585,453693147;404413,085062189;179567,186596673;4768545,59948316;769227,620154429;764839,977458249;0,437010198813633;5;0;351;
352;27,2988095238095;18,2749062061458;3;9;3;2;1;3;18,2749062061458;27,2988095238095;4586,2;332614,915460899;404472,747142421;179599,977838824;4771108,97627656;769265,375819997;764835,036337765;0,43743144161773;5;0;352;
353;27,2369047619047;33,3883611218367;6;5;8;5;7;1;33,3883611218367;27,2369047619047;4575,8;332545,176212887;404339,858933017;179539,618878309;4766464,2542818;769267,446061054;764789,02373547;0,438122908886469;5;0;353;
354;27,4142857142857;23,4038457240897;8;10;3;2;1;3;23,4038457240897;27,4142857142857;4605,6;332675,619515507;404567,122861254;179659,44;4775681,0040814;769236,832512353;764885,895477229;0,435872995166215;5;0;354;
355;27,3428571428571;20,380759730905;4;7;2;1;3;4;20,380759730905;27,3428571428571;4593,6;332640,296646621;404510,997629085;179623,924932966;4772946,49141409;769291,624773634;764829,675644097;0,436834351647545;5;0;355;
356;27,2238095238095;16,3431870444815;4;9;1;1;1;3;16,3431870444815;27,2238095238095;4573,6;332489,60446661;404254,127676541;179484,6;4762163,64384622;769220,202882333;764792,399340198;0,438060068727501;5;0;356;
357;27,2761904761905;20,4931776366789;5;9;4;1;1;3;20,4931776366789;27,2761904761905;4582,4;332642,597203832;404517,723793277;179629,4913256;4773291,1694825;769300,317824847;764825,334582899;0,437926082976578;5;0;357;
358;27,4333333333333;24,4929978505281;8;4;3;2;2;3;24,4929978505281;27,4333333333333;4608,8;332674,222058359;404571,950013149;179655,666238123;4775318,45414919;769310,080264775;764837,740441743;0,435545838318808;5;0;358;
359;27,4845238095238;32,3898436453561;5;10;8;7;1;5;32,3898436453561;27,4845238095238;4617,4;332755,218550817;404718,754640943;179736,776625212;4781624,21529523;769328,209056078;764872,94473445;0,43513874504788;5;0;359;
360;27,4083333333333;32,4219966996063;5;5;8;5;7;1;32,4219966996063;27,4083333333333;4604,6;332715,503060984;404646,879935698;179694,448493434;4778386,97424435;769298,82962753;764868,597672212;0,43613650587635;5;0;360;
361;27,3690476190476;46,461832047739;5;4;9;10;6;10;46,461832047739;27,3690476190476;4598;332671,399228239;404573,070363674;179649,288;4774881,24474237;769318,001689883;764829,947087701;0,43654671146636;5;0;361;
362;27,325;24,4661231584358;5;7;3;2;4;4;24,4661231584358;27,325;4590,6;332622,291957001;404471,382816094;179608,68;4771818,94245316;769283,396925486;764823,032495165;0,43705026346559;5;0;362;
363;27,3238095238095;30,360524181017;5;9;6;7;1;5;30,360524181017;27,3238095238095;4590,4;332621,603409866;404481,306709362;179606,959428199;4771796,87698181;769287,287045294;764822,375839479;0,437069661527199;5;0;363;
364;27,3571428571429;45,3982167377836;4;3;9;10;6;10;45,3982167377836;27,3571428571429;4596;332653,438625408;404542,374881477;179640,73130809;4774311,77752025;769262,03810265;764857,25254713;0,436691402623689;5;0;364;
365;27,3988095238095;33,3182250037389;5;7;9;7;1;5;33,3182250037389;27,3988095238095;4603;332668,790749619;404563,296766112;179655,777647087;4775379,84403653;769290,267316256;764847,317180469;0,436097121611214;5;0;365;
366;27,2428571428571;23,3717898440319;8;4;2;2;2;3;23,3717898440319;27,2428571428571;4576,8;332536,532614867;404330,012741053;179528,592;4765779,07078984;769209,103620394;764824,904737951;0,437992874445635;5;0;366;
367;27,3107142857143;31,3954533554899;8;9;4;7;1;5;31,3954533554899;27,3107142857143;4588,2;332623,344034571;404485,717845201;179610,526715824;4771927,69549342;769239,571287503;764854,450142755;0,437291739547934;5;0;367;
368;27,5392857142857;20,3914664137447;7;9;2;1;1;3;20,3914664137447;27,5392857142857;4626,6;332760,770916162;404722,799827071;179742,736677501;4782125,16277883;769343,869984153;764864,453045849;0,434300276926564;5;0;368;
369;27,4714285714286;45,5391366465623;4;4;9;10;6;10;45,5391366465623;27,4714285714286;4615,2;332641,528161222;404510,046918783;179628,151473181;4773285,24585204;769258,587949639;764851,122378329;0,434807585181251;5;0;369;
370;27,4511904761905;27,4050322832255;5;9;9;4;1;2;27,4050322832255;27,4511904761905;4611,8;332700,328899147;404621,473744352;179683,128;4777251,46583051;769307,540358454;764854,51079213;0,435383778770502;5;0;370;
371;27,3404761904762;35,2656406887973;5;9;9;7;3;5;35,2656406887973;27,3404761904762;4593,2;332580;404409,385303474;179570,328;4768747,2;769290,484050828;764795,700975888;0,436622009127925;5;0;371;
372;27,3083333333333;27,3794214032607;8;10;3;2;1;7;27,3794214032607;27,3083333333333;4587,8;332615,715313331;404471,566448141;179609,584494719;4771853,24518404;769233,900567703;764853,639511751;0,437323859020953;5;0;372;
373;27,3869047619048;19,2754621693511;5;8;2;2;1;3;19,2754621693511;27,3869047619048;4601;332679,602551347;404595,053108418;179659,068996388;4775573,06257864;769288,289501356;764858,408329524;0,436309863937596;5;0;373;
374;27,3392857142857;20,4682101858963;4;7;2;1;4;3;20,4682101858963;27,3392857142857;4593;332644,183251024;404521,039333071;179629,171685833;4773175,41538214;769253,351042876;764858,583092755;0,436909032819939;5;0;374;
375;27,377380952381;23,3389213512213;7;4;3;2;2;3;23,3389213512213;27,377380952381;4599,4;332597,481992998;404437,361496582;179585,041302678;4769976,46368277;769274,363650134;764816,114012901;0,436111132319186;5;0;375;
376;27,5880952380953;35,4019527427752;6;9;8;7;1;7;35,4019527427752;27,5880952380953;4634,8;332835,165062041;404850,372775128;179806,674005848;4787326,89865149;769367,827974047;764891,189226874;0,433874072472876;5;0;376;
377;27,2916666666667;29,4221755530424;8;4;3;7;2;3;29,4221755530424;27,2916666666667;4585;332620,33150173;404468,328557733;179611,05859823;4772044,86486903;769256,909802415;764839,313268552;0,437600214907829;5;0;377;
378;27,2809523809524;33,3432209814963;7;9;8;7;1;4;33,3432209814963;27,2809523809524;4583,2;332671,873458528;404565,081394683;179651,711746233;4775162,112;769283,967983413;764853,178778833;0,437974238024486;5;0;378;
379;27,4142857142857;23,4038457240897;8;10;3;2;1;3;23,4038457240897;27,4142857142857;4605,6;332675,619515507;404567,122861254;179659,44;4775681,0040814;769236,832512353;764885,895477229;0,435872995166215;5;0;379;
380;27,4666666666667;29,4367497809684;2;5;8;5;7;1;29,4367497809684;27,4666666666667;4614,4;332733,829728459;404672,224386277;179713,584;4779938,29113758;769269,675377537;764899,157291846;0,435318922672643;5;0;380;
381;26,7607142857143;27,3987812434052;8;1;3;2;5;3;27,3987812434052;26,7607142857143;4495,8;331944,567991582;403273,036242785;178972,258806785;4722886,11447413;769032,645053782;764595,089215324;0,44305216476389;5;0;381;
382;27,4845238095238;32,3898436453561;5;9;8;7;1;5;32,3898436453561;27,4845238095238;4617,4;332755,218550817;404718,754640943;179736,776625212;4781624,21529523;769328,209056078;764872,94473445;0,43513874504788;5;0;382;
383;27,4845238095238;32,3898436453561;5;9;8;7;1;5;32,3898436453561;27,4845238095238;4617,4;332755,218550817;404718,754640943;179736,776625212;4781624,21529523;769328,209056078;764872,94473445;0,43513874504788;5;0;383;
384;27,4142857142857;23,4038457240897;8;10;3;2;1;3;23,4038457240897;27,4142857142857;4605,6;332675,619515507;404567,122861254;179659,44;4775681,0040814;769236,832512353;764885,895477229;0,435872995166215;5;0;384;
385;27,2404761904762;19,5732270486004;4;7;1;1;4;3;19,5732270486004;27,2404761904762;4576,4;332554,373560073;404350,093061684;179544,770888477;4766853,16524944;769235,340435468;764814,602112054;0,438089269965347;5;0;385;
386;27,3392857142857;20,4682101858963;4;7;2;1;4;3;20,4682101858963;27,3392857142857;4593;332644,183251024;404521,039333071;179629,171685833;4773175,41538214;769253,351042876;764858,583092755;0,436909032819939;5;0;386;
387;27,2666666666667;19,177623942808;4;8;3;2;1;3;19,177623942808;27,2666666666667;4580,8;332605,995456011;404443,665432972;179597,605839031;4770975,84335173;769262,706147435;764827,202000946;0,437926225929036;5;0;387;
388;27,4880952380952;34,4111201913365;7;9;8;7;1;5;34,4111201913365;27,4880952380952;4618;332664,393785808;404562,030975168;179648,16;4774794,60927053;769291,745864265;764844,918619248;0,434652086569114;5;0;388;
389;27,2440476190476;17,4092110944986;5;9;2;1;1;2;17,4092110944986;27,2440476190476;4577;332593,270237506;404426,377052375;179578,315616318;4769339,82029608;769275,865443389;764811,752954858;0,438193273733205;5;0;389;
390;27,3380952380952;36,435354426035;9;9;8;7;1;5;36,435354426035;27,3380952380952;4592,8;332614,818550817;404464,987615012;179608,68;4771694,592;769256,771273851;764838,162220823;0,436847097408531;5;0;390;
391;27,3428571428571;20,380759730905;4;6;2;1;3;4;20,380759730905;27,3428571428571;4593,6;332640,296646621;404510,997629085;179623,924932966;4772946,49141409;769291,624773634;764829,675644097;0,436834351647545;5;0;391;
392;27,4845238095238;32,3898436453561;5;9;8;7;1;5;32,3898436453561;27,4845238095238;4617,4;332755,218550817;404718,754640943;179736,776625212;4781624,21529523;769328,209056078;764872,94473445;0,43513874504788;5;0;392;
393;27,2964285714286;19,4274262710336;5;9;3;1;1;3;19,4274262710336;27,2964285714286;4585,8;332620,8;404481,77880057;179607,552;4771694,592;769299,147704302;764812,870747883;0,437499643220594;5;0;393;
394;27,2619047619048;19,6011991210727;5;9;2;3;1;2;19,6011991210727;27,2619047619048;4580;332592,294612247;404426,823638316;179581,503074056;4769625,48969236;769281,515387613;764808,000813181;0,437927376894539;5;0;394;
395;27,3916666666667;23,3463467932258;5;7;2;2;4;4;23,3463467932258;27,3916666666667;4601,8;332570,255871887;404389,684472497;179557,711789322;4767685,16802446;769254,687737398;764813,034115687;0,435719360610131;5;0;395;
396;27,2666666666667;19,177623942808;4;9;3;2;1;3;19,177623942808;27,2666666666667;4580,8;332605,995456011;404443,665432972;179597,605839031;4770975,84335173;769262,706147435;764827,202000946;0,437926225929036;5;0;396;
397;27,2666666666667;19,177623942808;4;9;3;2;1;3;19,177623942808;27,2666666666667;4580,8;332605,995456011;404443,665432972;179597,605839031;4770975,84335173;769262,706147435;764827,202000946;0,437926225929036;5;0;397;
398;27,2857142857143;27,2009346954905;2;5;8;2;7;2;27,2009346954905;27,2857142857143;4584;332613,6;404462,679580707;179603,698460196;4771403,59831422;769280,640778016;764821,101308931;0,437665718861454;5;0;398;
399;27,4059523809524;45,3521508833854;4;7;9;10;6;10;45,3521508833854;27,4059523809524;4604,2;332608,130407633;404457,007320578;179595,447517248;4770759,43973354;769215,177995692;764862,576497404;0,435697816305558;5;0;399;
400;27,2964285714286;19,4274262710336;5;9;3;1;1;3;19,4274262710336;27,2964285714286;4585,8;332620,8;404481,77880057;179607,552;4771694,592;769299,147704302;764812,870747883;0,437499643220594;5;0;400;
401;27,4666666666667;29,4367497809684;2;5;8;5;7;1;29,4367497809684;27,4666666666667;4614,4;332733,829728459;404672,224386277;179713,584;4779938,29113758;769269,675377537;764899,157291846;0,435318922672643;5;0;401;
402;27,3380952380952;36,435354426035;9;9;8;7;1;5;36,435354426035;27,3380952380952;4592,8;332614,818550817;404464,987615012;179608,68;4771694,592;769256,771273851;764838,162220823;0,436847097408531;5;0;402;
403;27,4666666666667;29,4367497809684;2;8;8;5;7;1;29,4367497809684;27,4666666666667;4614,4;332733,829728459;404672,224386277;179713,584;4779938,29113758;769269,675377537;764899,157291846;0,435318922672643;5;0;403;
404;27,4845238095238;32,3898436453561;5;9;8;7;1;5;32,3898436453561;27,4845238095238;4617,4;332755,218550817;404718,754640943;179736,776625212;4781624,21529523;769328,209056078;764872,94473445;0,43513874504788;5;0;404;
405;27,4333333333333;24,4929978505281;8;4;3;2;2;3;24,4929978505281;27,4333333333333;4608,8;332674,222058359;404571,950013149;179655,666238123;4775318,45414919;769310,080264775;764837,740441743;0,435545838318808;5;0;405;
406;27,4666666666667;29,4367497809684;2;5;8;5;7;1;29,4367497809684;27,4666666666667;4614,4;332733,829728459;404672,224386277;179713,584;4779938,29113758;769269,675377537;764899,157291846;0,435318922672643;5;0;406;
407;27,4511904761905;27,4050322832255;5;9;9;4;1;2;27,4050322832255;27,4511904761905;4611,8;332700,328899147;404621,473744352;179683,128;4777251,46583051;769307,540358454;764854,51079213;0,435383778770502;5;0;407;
408;27,2107142857143;28,4919676966194;7;9;2;1;4;8;28,4919676966194;27,2107142857143;4571,4;332550,819034915;404342,412089567;179545,512;4767010,80951752;769193,523345172;764839,882302782;0,438567274056609;5;0;408;
409;27,2666666666667;19,177623942808;4;9;3;2;1;3;19,177623942808;27,2666666666667;4580,8;332605,995456011;404443,665432972;179597,605839031;4770975,84335173;769262,706147435;764827,202000946;0,437926225929036;5;0;409;
410;27,2416666666667;18,2948926558566;5;9;2;1;1;3;18,2948926558566;27,2416666666667;4576,6;332587,111555712;404415,617627975;179576,546796603;4769317,83868684;769275,352508266;764808,832068342;0,438221787345255;5;0;410;
411;27,2964285714286;19,4274262710336;5;9;3;1;1;3;19,4274262710336;27,2964285714286;4585,8;332620,8;404481,77880057;179607,552;4771694,592;769299,147704302;764812,870747883;0,437499643220594;5;0;411;
412;27,2690476190476;29,445994156105;5;9;5;7;1;5;29,445994156105;27,2690476190476;4581,2;332577,958469417;404397,26898673;179564,232987297;4768275,37297399;769280,923517499;764800,029668848;0,437720037826974;5;0;412;
413;27,2964285714286;19,4274262710336;5;10;3;1;1;3;19,4274262710336;27,2964285714286;4585,8;332620,8;404481,77880057;179607,552;4771694,592;769299,147704302;764812,870747883;0,437499643220594;5;0;413;
414;27,3476190476191;21,3428612976937;4;7;2;2;3;4;21,3428612976937;27,3476190476191;4594,4;332647,947751769;404522,629711086;179635,752;4773861,792;769245,905864215;764863,949065793;0,436816358180196;5;0;414;
415;27,2440476190476;17,4092110944986;5;8;2;1;1;2;17,4092110944986;27,2440476190476;4577;332593,270237506;404426,377052375;179578,315616318;4769339,82029608;769275,865443389;764811,752954858;0,438193273733205;5;0;415;
416;27,3642857142857;19,3519200713406;5;4;2;2;1;3;19,3519200713406;27,3642857142857;4597,2;332672,888598179;404555,960385414;179657,184;4775471,90319533;769264,796086928;764863,02872026;0,436653748139348;5;0;416;
417;27,2988095238095;18,2749062061458;3;9;3;2;1;3;18,2749062061458;27,2988095238095;4586,2;332614,915460899;404472,747142421;179599,977838824;4771108,97627656;769265,375819997;764835,036337765;0,43743144161773;5;0;417;
418;27,2988095238095;18,2749062061458;3;5;3;2;1;3;18,2749062061458;27,2988095238095;4586,2;332614,915460899;404472,747142421;179599,977838824;4771108,97627656;769265,375819997;764835,036337765;0,43743144161773;5;0;418;
419;27,3285714285714;26,6083057104171;8;4;3;4;2;3;26,6083057104171;27,3285714285714;4591,2;332651,542896048;404535,012715253;179641,179343359;4774330,53436791;769273,460726566;764848,491665871;0,437157131554524;5;0;419;
420;27,4845238095238;32,3898436453561;5;9;8;7;1;5;32,3898436453561;27,4845238095238;4617,4;332755,218550817;404718,754640943;179736,776625212;4781624,21529523;769328,209056078;764872,94473445;0,43513874504788;5;0;420;
421;27,2440476190476;17,4092110944986;5;6;2;1;1;2;17,4092110944986;27,2440476190476;4577;332593,270237506;404426,377052375;179578,315616318;4769339,82029608;769275,865443389;764811,752954858;0,438193273733205;5;0;421;
422;27,3726190476191;15,3573960985271;1;9;3;1;1;3;15,3573960985271;27,3726190476191;4598,6;332586;404420,681336414;179575,968;4769180,64;769209,971581256;764853,240591371;0,436140556279768;5;0;422;
423;27,3869047619048;19,2754621693511;5;8;2;2;1;3;19,2754621693511;27,3869047619048;4601;332679,602551347;404595,053108418;179659,068996388;4775573,06257864;769288,289501356;764858,408329524;0,436309863937596;5;0;423;
424;27,2666666666667;19,177623942808;4;9;3;2;1;3;19,177623942808;27,2666666666667;4580,8;332605,995456011;404443,665432972;179597,605839031;4770975,84335173;769262,706147435;764827,202000946;0,437926225929036;5;0;424;
425;27,4666666666667;29,4367497809684;2;5;8;5;7;1;29,4367497809684;27,4666666666667;4614,4;332733,829728459;404672,224386277;179713,584;4779938,29113758;769269,675377537;764899,157291846;0,435318922672643;5;0;425;
426;27,4154761904762;22,4623967372181;4;7;2;2;4;4;22,4623967372181;27,4154761904762;4605,8;332738,596183787;404676,845568097;179718,096;4780182,9477789;769314,636460062;764870,954814009;0,43614752100702;5;0;426;
427;27,3869047619048;19,2754621693511;5;8;2;2;1;3;19,2754621693511;27,3869047619048;4601;332679,602551347;404595,053108418;179659,068996388;4775573,06257864;769288,289501356;764858,408329524;0,436309863937596;5;0;427;
428;27,4333333333333;24,4929978505281;8;4;3;2;2;3;24,4929978505281;27,4333333333333;4608,8;332674,222058359;404571,950013149;179655,666238123;4775318,45414919;769310,080264775;764837,740441743;0,435545838318808;5;0;428;
429;27,3857142857143;32,464474909769;6;9;8;8;1;3;32,464474909769;27,3857142857143;4600,8;332637,384098579;404505,817917299;179622,26796711;4772738,2711952;769246,055909052;764858,032023672;0,436148188669733;5;0;429;
430;27,2416666666667;18,2948926558566;5;9;2;1;1;3;18,2948926558566;27,2416666666667;4576,6;332587,111555712;404415,617627975;179576,546796603;4769317,83868684;769275,352508266;764808,832068342;0,438221787345255;5;0;430;
431;27,2654761904762;28,3378623388548;5;9;7;5;1;4;28,3378623388548;27,2654761904762;4580,6;332601,79037349;404454,312848425;179591,577474828;4770283,1766397;769259,974370483;764829,413751691;0,437905005308527;5;0;431;
432;27,2988095238095;18,2749062061458;3;9;3;2;1;3;18,2749062061458;27,2988095238095;4586,2;332614,915460899;404472,747142421;179599,977838824;4771108,97627656;769265,375819997;764835,036337765;0,43743144161773;5;0;432;
433;27,2440476190476;17,4092110944986;5;8;2;1;1;2;17,4092110944986;27,2440476190476;4577;332593,270237506;404426,377052375;179578,315616318;4769339,82029608;769275,865443389;764811,752954858;0,438193273733205;5;0;433;
434;27,2666666666667;19,177623942808;4;9;3;2;1;3;19,177623942808;27,2666666666667;4580,8;332605,995456011;404443,665432972;179597,605839031;4770975,84335173;769262,706147435;764827,202000946;0,437926225929036;5;0;434;
435;27,3880952380952;21,4109374177102;5;10;2;2;3;3;21,4109374177102;27,3880952380952;4601,2;332677,854052285;404581,255451482;179661,696;4775766,6127447;769337,771192463;764821,349609776;0,436292568671564;5;0;435;
436;27,2666666666667;19,177623942808;4;8;3;2;1;3;19,177623942808;27,2666666666667;4580,8;332605,995456011;404443,665432972;179597,605839031;4770975,84335173;769262,706147435;764827,202000946;0,437926225929036;5;0;436;
437;27,2416666666667;18,2948926558566;5;9;2;1;1;3;18,2948926558566;27,2416666666667;4576,6;332587,111555712;404415,617627975;179576,546796603;4769317,83868684;769275,352508266;764808,832068342;0,438221787345255;5;0;437;
438;27,3964285714286;34,339340472469;2;5;8;5;7;6;34,339340472469;27,3964285714286;4602,6;332623,722989942;404473,444141264;179605,329877007;4771316,98561448;769265,571943894;764835,18482433;0,435881950728294;5;0;438;
439;27,4666666666667;29,4367497809684;2;5;8;5;7;1;29,4367497809684;27,4666666666667;4614,4;332733,829728459;404672,224386277;179713,584;4779938,29113758;769269,675377537;764899,157291846;0,435318922672643;5;0;439;
440;27,3785714285714;35,3367113391422;7;9;8;7;2;5;35,3367113391422;27,3785714285714;4599,6;332653,351311733;404537,539526371;179641,065319892;4773952,03047;769297,482632571;764834,554902706;0,436333884066659;5;0;440;
441;27,4119047619048;19,3394508357536;4;6;2;1;3;3;19,3394508357536;27,4119047619048;4605,2;332670,553775316;404564,295847215;179658,359728046;4775710,41938302;769255,328591843;764870,403731114;0,435911965286371;5;0;441;
442;27,3880952380952;37,3759617844747;7;9;9;9;1;5;37,3759617844747;27,3880952380952;4601,2;332734,772030688;404678,079374404;179721,195362373;4780431,33025335;769324,757156473;764861,572758571;0,43660545857641;5;0;442;
443;27,2666666666667;19,177623942808;4;9;3;2;1;3;19,177623942808;27,2666666666667;4580,8;332605,995456011;404443,665432972;179597,605839031;4770975,84335173;769262,706147435;764827,202000946;0,437926225929036;5;0;443;
444;27,4154761904762;22,4623967372181;4;7;2;2;4;4;22,4623967372181;27,4154761904762;4605,8;332738,596183787;404676,845568097;179718,096;4780182,9477789;769314,636460062;764870,954814009;0,43614752100702;5;0;444;
445;27,2666666666667;19,177623942808;4;8;3;2;1;3;19,177623942808;27,2666666666667;4580,8;332605,995456011;404443,665432972;179597,605839031;4770975,84335173;769262,706147435;764827,202000946;0,437926225929036;5;0;445;
446;27,2666666666667;19,177623942808;4;9;3;2;1;3;19,177623942808;27,2666666666667;4580,8;332605,995456011;404443,665432972;179597,605839031;4770975,84335173;769262,706147435;764827,202000946;0,437926225929036;5;0;446;
447;27,4369047619048;21,3216228386727;4;7;2;1;3;5;21,3216228386727;27,4369047619048;4609,4;332700,639589127;404618,982788858;179683,37723307;4777519,10556564;769319,850233638;764846,346850515;0,435630753761577;5;0;447;
448;27,4333333333333;30,3723401275413;7;9;8;3;1;5;30,3723401275413;27,4333333333333;4608,8;332636,182205591;404502,496910935;179621,958020212;4772866,46226756;769281,074201967;764834,753210971;0,435402137081665;5;0;448;
449;27,2238095238095;16,3431870444815;4;9;1;1;1;3;16,3431870444815;27,2238095238095;4573,6;332489,60446661;404254,127676541;179484,6;4762163,64384622;769220,202882333;764792,399340198;0,438060068727501;5;0;449;
450;27,4107142857143;40,473158642537;10;9;8;7;1;8;40,473158642537;27,4107142857143;4605;332681,665874644;404583,908679166;179657,944912721;4775571,37110182;769282,566463966;764860,032990505;0,435925152155;5;0;450;
451;27,2988095238095;20,4037746544809;4;6;3;1;3;3;20,4037746544809;27,2988095238095;4586,2;332671,726376703;404564,079612829;179657,197526782;4775678,29751682;769317,508632262;764830,142144589;0,437721735450008;5;0;451;
452;27,2797619047619;20,2973167719949;5;8;3;2;1;3;20,2973167719949;27,2797619047619;4583;332569,754776679;404380,505493904;179554,208922103;4767598,7106134;769244,986232209;764818,657786311;0,437506562978055;5;0;452;
453;27,4845238095238;32,3898436453561;5;9;8;7;1;5;32,3898436453561;27,4845238095238;4617,4;332755,218550817;404718,754640943;179736,776625212;4781624,21529523;769328,209056078;764872,94473445;0,43513874504788;5;0;453;
454;27,2833333333333;31,3316932599799;5;9;8;6;1;5;31,3316932599799;27,2833333333333;4583,6;332666,100469676;404558,869646023;179648,278860328;4775068,71388478;769276,782814562;764854,774921134;0,437925734860655;5;0;454;
455;27,4119047619048;19,3394508357536;4;6;2;1;3;3;19,3394508357536;27,4119047619048;4605,2;332670,553775316;404564,295847215;179658,359728046;4775710,41938302;769255,328591843;764870,403731114;0,435911965286371;5;0;455;
456;27,4666666666667;29,4367497809684;2;5;8;5;7;1;29,4367497809684;27,4666666666667;4614,4;332733,829728459;404672,224386277;179713,584;4779938,29113758;769269,675377537;764899,157291846;0,435318922672643;5;0;456;
457;27,4666666666667;29,4367497809684;2;5;8;5;7;1;29,4367497809684;27,4666666666667;4614,4;332733,829728459;404672,224386277;179713,584;4779938,29113758;769269,675377537;764899,157291846;0,435318922672643;5;0;457;
458;27,3821428571428;31,3474214623159;6;9;7;7;1;4;31,3474214623159;27,3821428571428;4600,2;332686,8;404595,017416121;179675,232;4776895,872;769278,754890076;764865,067137293;0,436457710077422;5;0;458;
459;27,2988095238095;18,2749062061458;3;9;3;2;1;3;18,2749062061458;27,2988095238095;4586,2;332614,915460899;404472,747142421;179599,977838824;4771108,97627656;769265,375819997;764835,036337765;0,43743144161773;5;0;459;
460;27,3821428571429;29,4577940756241;2;5;9;7;4;1;29,4577940756241;27,3821428571429;4600,2;332647,063228839;404521,016341236;179629,107130633;4773362,15890295;769273,706615059;764844,157682163;0,436232449631681;5;0;460;
461;27,4845238095238;32,3898436453561;5;9;8;7;1;5;32,3898436453561;27,4845238095238;4617,4;332755,218550817;404718,754640943;179736,776625212;4781624,21529523;769328,209056078;764872,94473445;0,43513874504788;5;0;461;
462;27,5880952380953;35,4019527427752;6;9;8;7;1;7;35,4019527427752;27,5880952380953;4634,8;332835,165062041;404850,372775128;179806,674005848;4787326,89865149;769367,827974047;764891,189226874;0,433874072472876;5;0;462;
463;27,3571428571429;27,4632219353028;2;5;6;5;7;1;27,4632219353028;27,3571428571429;4596;332634,158854604;404497,814566523;179624,592537001;4772916,16405435;769239,193229059;764860,995430552;0,43660282168357;5;0;463;
464;27,2714285714286;19,2538018683743;5;6;4;1;1;2;19,2538018683743;27,2714285714286;4581,6;332544,274987551;404338,585622197;179537,960684491;4766226,95817973;769209,535624801;764828,879113836;0,437547826903174;5;0;464;
465;27,4845238095238;32,3898436453561;5;9;8;7;1;5;32,3898436453561;27,4845238095238;4617,4;332755,218550817;404718,754640943;179736,776625212;4781624,21529523;769328,209056078;764872,94473445;0,43513874504788;5;0;465;
466;27,2238095238095;16,3431870444815;4;9;1;1;1;3;16,3431870444815;27,2238095238095;4573,6;332489,60446661;404254,127676541;179484,6;4762163,64384622;769220,202882333;764792,399340198;0,438060068727501;5;0;466;
467;27,2988095238095;18,2749062061458;3;9;3;2;1;3;18,2749062061458;27,2988095238095;4586,2;332614,915460899;404472,747142421;179599,977838824;4771108,97627656;769265,375819997;764835,036337765;0,43743144161773;5;0;467;
468;27,3833333333334;27,4254971350324;1;5;8;3;8;1;27,4254971350324;27,3833333333334;4600,4;332648,816205307;404522,713836793;179629,032036727;4773322,69409986;769299,233576271;764828,810726586;0,43622881983249;5;0;468;
469;27,5880952380953;35,4019527427752;6;9;8;7;1;7;35,4019527427752;27,5880952380953;4634,8;332835,165062041;404850,372775128;179806,674005848;4787326,89865149;769367,827974047;764891,189226874;0,433874072472876;5;0;469;
470;27,4369047619048;21,3216228386727;4;7;2;1;3;5;21,3216228386727;27,4369047619048;4609,4;332700,639589127;404618,982788858;179683,37723307;4777519,10556564;769319,850233638;764846,346850515;0,435630753761577;5;0;470;
471;27,0035714285714;14,508879745901;1;9;2;1;1;3;14,508879745901;27,0035714285714;4536,6;332292,976387231;403889,044275698;179299,409349847;4748015,6824495;769040,099052003;764793,756483375;0,440706335054026;5;0;471;
472;27,4880952380952;34,4111201913365;5;9;8;7;1;7;34,4111201913365;27,4880952380952;4618;332664,393785808;404562,030975168;179648,16;4774794,60927053;769291,745864265;764844,918619248;0,434652086569114;5;0;472;
473;27,2178571428572;17,4972574028578;3;9;3;2;1;2;17,4972574028578;27,2178571428572;4572,6;332539,829804686;404332,19336713;179529,420984862;4765733,48995866;769252,469578205;764798,583492375;0,438375956900774;5;0;473;
474;27,4154761904762;37,4953362119864;8;9;10;7;1;5;37,4953362119864;27,4154761904762;4605,8;332739,873805001;404686,618785248;179722,016201461;4780485,40084516;769300,418182513;764881,011228764;0,436160108015974;5;0;474;
475;27,5880952380953;35,4019527427752;8;9;8;7;1;5;35,4019527427752;27,5880952380953;4634,8;332835,165062041;404850,372775128;179806,674005848;4787326,89865149;769367,827974047;764891,189226874;0,433874072472876;5;0;475;
476;27,2440476190476;17,4092110944986;5;8;2;1;1;2;17,4092110944986;27,2440476190476;4577;332593,270237506;404426,377052375;179578,315616318;4769339,82029608;769275,865443389;764811,752954858;0,438193273733205;5;0;476;
477;27,2238095238095;16,3431870444815;4;9;1;1;1;3;16,3431870444815;27,2238095238095;4573,6;332489,60446661;404254,127676541;179484,6;4762163,64384622;769220,202882333;764792,399340198;0,438060068727501;5;0;477;
478;27,1678571428572;34,486798176054;2;5;10;5;10;1;34,486798176054;27,1678571428572;4564,2;332564,932940483;404373,066375317;179561,904014628;4768223,33920631;769254,869180192;764810,284266098;0,439338191517225;5;0;478;
479;27,4845238095238;32,3898436453561;5;9;8;7;1;5;32,3898436453561;27,4845238095238;4617,4;332755,218550817;404718,754640943;179736,776625212;4781624,21529523;769328,209056078;764872,94473445;0,43513874504788;5;0;479;
480;27,3761904761905;18,312829535003;3;6;2;1;3;3;18,312829535003;27,3761904761905;4599,2;332634,650834828;404497,827819243;179620,675509788;4772732,44430435;769270,299256733;764839,202439116;0,43629929996482;5;0;480;
481;27,2440476190476;17,4092110944986;5;8;2;1;1;2;17,4092110944986;27,2440476190476;4577;332593,270237506;404426,377052375;179578,315616318;4769339,82029608;769275,865443389;764811,752954858;0,438193273733205;5;0;481;
482;27,3202380952381;17,3866597075622;3;9;2;2;1;3;17,3866597075622;27,3202380952381;4589,8;332573,197998256;404409,807951075;179565,999301894;4768225,20375199;769252,0055897;764821,633455368;0,436912015290714;5;0;482;
483;27,2440476190476;17,4092110944986;5;9;2;1;1;2;17,4092110944986;27,2440476190476;4577;332593,270237506;404426,377052375;179578,315616318;4769339,82029608;769275,865443389;764811,752954858;0,438193273733205;5;0;483;
484;27,2238095238095;16,3431870444815;4;10;1;1;1;3;16,3431870444815;27,2238095238095;4573,6;332489,60446661;404254,127676541;179484,6;4762163,64384622;769220,202882333;764792,399340198;0,438060068727501;5;0;484;
485;27,4369047619048;21,3216228386727;4;8;2;1;3;5;21,3216228386727;27,4369047619048;4609,4;332700,639589127;404618,982788858;179683,37723307;4777519,10556564;769319,850233638;764846,346850515;0,435630753761577;5;0;485;
486;27,3702380952381;27,4463003155186;5;8;2;5;1;8;27,4463003155186;27,3702380952381;4598,2;332726,44980231;404664,676750214;179706,692647631;4779354,56917627;769293,200844119;764879,327877687;0,436806101627038;5;0;486;
487;27,2988095238095;18,2749062061458;3;9;3;2;1;3;18,2749062061458;27,2988095238095;4586,2;332614,915460899;404472,747142421;179599,977838824;4771108,97627656;769265,375819997;764835,036337765;0,43743144161773;5;0;487;
488;27,2988095238095;18,2749062061458;3;9;3;2;1;3;18,2749062061458;27,2988095238095;4586,2;332614,915460899;404472,747142421;179599,977838824;4771108,97627656;769265,375819997;764835,036337765;0,43743144161773;5;0;488;
489;27,4845238095238;32,3898436453561;5;9;8;7;1;5;32,3898436453561;27,4845238095238;4617,4;332755,218550817;404718,754640943;179736,776625212;4781624,21529523;769328,209056078;764872,94473445;0,43513874504788;5;0;489;
490;27,4880952380952;34,4111201913365;5;9;8;7;1;7;34,4111201913365;27,4880952380952;4618;332664,393785808;404562,030975168;179648,16;4774794,60927053;769291,745864265;764844,918619248;0,434652086569114;5;0;490;
491;27,4142857142857;25,4765950137467;7;9;2;1;1;8;25,4765950137467;27,4142857142857;4605,6;332611,2;404465,830892867;179599,656;4771001,088;769283,647594808;764818,884965784;0,435589697709885;5;0;491;
492;27,3726190476191;15,3573960985271;1;9;3;1;1;3;15,3573960985271;27,3726190476191;4598,6;332586;404420,681336414;179575,968;4769180,64;769209,971581256;764853,240591371;0,436140556279768;5;0;492;
493;27,2880952380952;37,3609126264581;10;9;8;7;1;5;37,3609126264581;27,2880952380952;4584,4;332616,612385705;404471,813701529;179607,426302371;4771676,46659513;769261,213945002;764836,879964083;0,437668313449733;5;0;493;
494;27,2547619047619;25,4902350304067;3;9;9;4;1;2;25,4902350304067;27,2547619047619;4578,8;332555,519973372;404355,288310752;179550,232001835;4767472,9655677;769260,967250685;764800,460344673;0,437895599442754;5;0;494;
495;27,3833333333333;31,3606371993355;5;9;9;4;5;2;31,3606371993355;27,3833333333333;4600,4;332660,729642377;404547,564700127;179646,170189541;4774659,51852808;769265,064799392;764859,935160568;0,436294753180722;5;0;495;
496;27,2440476190476;17,4092110944986;5;9;2;1;1;2;17,4092110944986;27,2440476190476;4577;332593,270237506;404426,377052375;179578,315616318;4769339,82029608;769275,865443389;764811,752954858;0,438193273733205;5;0;496;
497;27,4369047619048;21,3216228386727;4;7;2;1;3;5;21,3216228386727;27,4369047619048;4609,4;332700,639589127;404618,982788858;179683,37723307;4777519,10556564;769319,850233638;764846,346850515;0,435630753761577;5;0;497;
498;27,4845238095238;32,3898436453561;5;9;8;7;1;5;32,3898436453561;27,4845238095238;4617,4;332755,218550817;404718,754640943;179736,776625212;4781624,21529523;769328,209056078;764872,94473445;0,43513874504788;5;0;498;
499;27,4511904761905;27,4050322832255;5;9;9;4;1;2;27,4050322832255;27,4511904761905;4611,8;332700,328899147;404621,473744352;179683,128;4777251,46583051;769307,540358454;764854,51079213;0,435383778770502;5;0;499;
500;27,2547619047619;31,3968712419591;2;5;8;5;7;3;31,3968712419591;27,2547619047619;4578,8;332586,117749419;404416,867734342;179574,84;4769180,64;769236,875843786;764834,359121779;0,438008552350727;5;0;500;
501;27,3761904761905;18,312829535003;3;6;2;1;3;3;18,312829535003;27,3761904761905;4599,2;332634,650834828;404497,827819243;179620,675509788;4772732,44430435;769270,299256733;764839,202439116;0,43629929996482;5;0;501;
502;27,3785714285714;33,4761420615617;6;9;6;7;1;7;33,4761420615617;27,3785714285714;4599,6;332621,921881229;404477,516507627;179605,121869446;4771451,09511329;769233,679378934;764857,124596037;0,436178330628658;5;0;502;
503;27,5880952380953;35,4019527427752;5;9;8;7;1;8;35,4019527427752;27,5880952380953;4634,8;332835,165062041;404850,372775128;179806,674005848;4787326,89865149;769367,827974047;764891,189226874;0,433874072472876;5;0;503;
504;27,3083333333333;28,5400789242291;5;9;9;6;1;1;28,5400789242291;27,3083333333333;4587,8;332633,382340817;404502,692372671;179622,515407438;4772841,25866867;769266,78346346;764842,69425987;0,437375399475655;5;0;504;
505;27,3869047619048;19,2754621693511;5;8;2;2;1;3;19,2754621693511;27,3869047619048;4601;332679,602551347;404595,053108418;179659,068996388;4775573,06257864;769288,289501356;764858,408329524;0,436309863937596;5;0;505;
506;27,2238095238095;16,3431870444815;4;10;1;1;1;3;16,3431870444815;27,2238095238095;4573,6;332489,60446661;404254,127676541;179484,6;4762163,64384622;769220,202882333;764792,399340198;0,438060068727501;5;0;506;
507;27,3321428571429;31,4476934888566;4;5;8;5;7;1;31,4476934888566;27,3321428571429;4591,8;332583,592345977;404403,319558736;179567,418100384;4768601,71327791;769273,596967828;764808,404618324;0,436738687164733;5;0;507;
508;27,3011904761905;30,4412522772092;2;5;4;6;7;5;30,4412522772092;27,3011904761905;4586,6;332572,8;404393,989009373;179572,584;4769007,264;769230,826864796;764830,536767517;0,437249826255631;5;0;508;
509;27,3404761904762;23,384221320899;8;6;2;1;3;3;23,384221320899;27,3404761904762;4593,2;332658,384681389;404556,264007443;179643,648;4774468,608;769275,346144631;764855,313809268;0,43698121460203;5;0;509;
510;27,3428571428571;29,4296657191888;2;2;8;5;7;1;29,4296657191888;27,3428571428571;4593,6;332573,86698972;404393,338067877;179566,495604051;4768558,78438925;769237,022193218;764827,558557146;0,43657163424796;5;0;510;
511;27,4880952380952;34,4111201913365;7;9;8;7;1;5;34,4111201913365;27,4880952380952;4618;332664,393785808;404562,030975168;179648,16;4774794,60927053;769291,745864265;764844,918619248;0,434652086569114;5;0;511;
512;27,2809523809524;29,5306424181633;7;2;9;4;1;2;29,5306424181633;27,2809523809524;4583,2;332600,76314801;404439,15214541;179585,602731543;4769970,72310562;769244,453618442;764837,494560533;0,43763729654793;5;0;512;
513;27,4119047619048;19,3394508357536;4;6;2;1;3;3;19,3394508357536;27,4119047619048;4605,2;332670,553775316;404564,295847215;179658,359728046;4775710,41938302;769255,328591843;764870,403731114;0,435911965286371;5;0;513;
514;27,5880952380953;35,4019527427752;8;8;8;7;1;5;35,4019527427752;27,5880952380953;4634,8;332835,165062041;404850,372775128;179806,674005848;4787326,89865149;769367,827974047;764891,189226874;0,433874072472876;5;0;514;
515;27,4666666666667;29,4367497809684;2;5;8;5;7;1;29,4367497809684;27,4666666666667;4614,4;332733,829728459;404672,224386277;179713,584;4779938,29113758;769269,675377537;764899,157291846;0,435318922672643;5;0;515;
516;27,4880952380952;34,4111201913365;7;9;8;7;1;5;34,4111201913365;27,4880952380952;4618;332664,393785808;404562,030975168;179648,16;4774794,60927053;769291,745864265;764844,918619248;0,434652086569114;5;0;516;
517;27,3964285714286;27,3936249826067;3;5;9;1;7;1;27,3936249826067;27,3964285714286;4602,6;332681,387121301;404579,011607299;179661,329443667;4775907,44553117;769276,183019085;764863,656738131;0,436170204575221;5;0;517;
518;27,4119047619048;19,3394508357536;4;6;2;1;3;3;19,3394508357536;27,4119047619048;4605,2;332670,553775316;404564,295847215;179658,359728046;4775710,41938302;769255,328591843;764870,403731114;0,435911965286371;5;0;518;
519;27,2035714285715;24,4048395449703;1;5;4;5;7;1;24,4048395449703;27,2035714285715;4570,2;332470,196161199;404188,949566608;179472,261476545;4761378,09286671;769211,330560549;764779,977464403;0,438323961194787;5;0;519;
520;27,4369047619048;21,3216228386727;4;8;2;1;3;5;21,3216228386727;27,4369047619048;4609,4;332700,639589127;404618,982788858;179683,37723307;4777519,10556564;769319,850233638;764846,346850515;0,435630753761577;5;0;520;
521;27,4369047619048;21,3216228386727;4;7;2;1;3;5;21,3216228386727;27,4369047619048;4609,4;332700,639589127;404618,982788858;179683,37723307;4777519,10556564;769319,850233638;764846,346850515;0,435630753761577;5;0;521;
522;27,4511904761905;27,4050322832255;5;9;9;4;1;2;27,4050322832255;27,4511904761905;4611,8;332700,328899147;404621,473744352;179683,128;4777251,46583051;769307,540358454;764854,51079213;0,435383778770502;5;0;522;
523;27,147619047619;17,447648004986;6;10;1;1;1;2;17,447648004986;27,147619047619;4560,8;332444,005392795;404155,475772277;179442,000687404;4759014,9406118;769225,395516538;764755,826251349;0,439079971110169;5;0;523;
524;27,0035714285714;14,508879745901;1;9;2;1;1;3;14,508879745901;27,0035714285714;4536,6;332292,976387231;403889,044275698;179299,409349847;4748015,6824495;769040,099052003;764793,756483375;0,440706335054026;5;0;524;
525;27,5880952380953;35,4019527427752;7;9;8;7;1;6;35,4019527427752;27,5880952380953;4634,8;332835,165062041;404850,372775128;179806,674005848;4787326,89865149;769367,827974047;764891,189226874;0,433874072472876;5;0;525;
526;27,4511904761905;27,4050322832255;5;9;9;4;1;2;27,4050322832255;27,4511904761905;4611,8;332700,328899147;404621,473744352;179683,128;4777251,46583051;769307,540358454;764854,51079213;0,435383778770502;5;0;526;
527;27,5880952380953;35,4019527427752;8;9;8;7;1;5;35,4019527427752;27,5880952380953;4634,8;332835,165062041;404850,372775128;179806,674005848;4787326,89865149;769367,827974047;764891,189226874;0,433874072472876;5;0;527;
528;27,3630952380952;28,2742995216409;1;5;8;5;7;1;28,2742995216409;27,3630952380952;4597;332635,629223769;404496,505006128;179623,107612413;4772797,29471323;769269,543989379;764840,366225684;0,436507473499595;5;0;528;
529;27,0035714285714;14,508879745901;1;9;2;1;1;3;14,508879745901;27,0035714285714;4536,6;332292,976387231;403889,044275698;179299,409349847;4748015,6824495;769040,099052003;764793,756483375;0,440706335054026;5;0;529;
530;27,2416666666667;18,2948926558566;5;8;2;1;1;3;18,2948926558566;27,2416666666667;4576,6;332587,111555712;404415,617627975;179576,546796603;4769317,83868684;769275,352508266;764808,832068342;0,438221787345255;5;0;530;
531;27,4845238095238;32,3898436453561;5;9;8;7;1;5;32,3898436453561;27,4845238095238;4617,4;332755,218550817;404718,754640943;179736,776625212;4781624,21529523;769328,209056078;764872,94473445;0,43513874504788;5;0;531;
532;27,4595238095238;27,387039878425;5;5;9;4;1;2;27,387039878425;27,4595238095238;4613,2;332744,575999321;404702,050477562;179722,608;4780536,768;769298,585420779;764884,679025953;0,435463615367154;5;0;532;
533;27,3761904761905;18,312829535003;3;6;2;1;3;3;18,312829535003;27,3761904761905;4599,2;332634,650834828;404497,827819243;179620,675509788;4772732,44430435;769270,299256733;764839,202439116;0,43629929996482;5;0;533;
534;27,2404761904762;19,5732270486004;4;10;1;4;1;3;19,5732270486004;27,2404761904762;4576,4;332554,373560073;404350,093061684;179544,770888477;4766853,16524944;769235,340435468;764814,602112054;0,438089269965347;5;0;534;
535;27,4845238095238;32,3898436453561;5;9;8;7;1;5;32,3898436453561;27,4845238095238;4617,4;332755,218550817;404718,754640943;179736,776625212;4781624,21529523;769328,209056078;764872,94473445;0,43513874504788;5;0;535;
536;27,5880952380953;35,4019527427752;8;9;8;7;1;5;35,4019527427752;27,5880952380953;4634,8;332835,165062041;404850,372775128;179806,674005848;4787326,89865149;769367,827974047;764891,189226874;0,433874072472876;5;0;536;
537;27,5880952380953;35,4019527427752;8;9;8;7;1;5;35,4019527427752;27,5880952380953;4634,8;332835,165062041;404850,372775128;179806,674005848;4787326,89865149;769367,827974047;764891,189226874;0,433874072472876;5;0;537;
538;27,3869047619048;19,2754621693511;5;8;2;2;1;3;19,2754621693511;27,3869047619048;4601;332679,602551347;404595,053108418;179659,068996388;4775573,06257864;769288,289501356;764858,408329524;0,436309863937596;5;0;538;
539;27,4880952380952;34,4111201913365;8;9;8;7;1;4;34,4111201913365;27,4880952380952;4618;332664,393785808;404562,030975168;179648,16;4774794,60927053;769291,745864265;764844,918619248;0,434652086569114;5;0;539;
540;27,4845238095238;32,3898436453561;5;9;8;7;1;5;32,3898436453561;27,4845238095238;4617,4;332755,218550817;404718,754640943;179736,776625212;4781624,21529523;769328,209056078;764872,94473445;0,43513874504788;5;0;540;
541;27,2238095238095;16,3431870444815;4;9;1;1;1;3;16,3431870444815;27,2238095238095;4573,6;332489,60446661;404254,127676541;179484,6;4762163,64384622;769220,202882333;764792,399340198;0,438060068727501;5;0;541;
542;27,2738095238095;34,5052576581436;7;9;9;5;1;6;34,5052576581436;27,2738095238095;4582;332607,646743341;404454,911930485;179587,765384745;4770218,02881498;769269,454524859;764826,57044359;0,43777391847725;5;0;542;
543;27,4119047619048;19,3394508357536;4;6;2;1;3;3;19,3394508357536;27,4119047619048;4605,2;332670,553775316;404564,295847215;179658,359728046;4775710,41938302;769255,328591843;764870,403731114;0,435911965286371;5;0;543;
544;27,4178571428571;26,5516799602185;2;5;8;5;4;1;26,5516799602185;27,4178571428571;4606,2;332689,116622537;404591,456685487;179679,057661883;4777197,41330194;769309,265839521;764845,493471359;0,435925884194189;5;0;544;
545;27,4369047619048;21,3216228386727;4;8;2;1;3;5;21,3216228386727;27,4369047619048;4609,4;332700,639589127;404618,982788858;179683,37723307;4777519,10556564;769319,850233638;764846,346850515;0,435630753761577;5;0;545;
546;27,2904761904762;33,3777492675173;7;9;8;6;1;5;33,3777492675173;27,2904761904762;4584,8;332741,036465918;404694,189555834;179723,736;4780450,08;769341,079219396;764855,502622923;0,438159587361518;5;0;546;
547;27,2892857142857;20,3369669051139;6;4;2;2;1;3;20,3369669051139;27,2892857142857;4584,6;332606,476136174;404455,179285296;179591,011494152;4770423,38438816;769288,627564833;764813,591434743;0,437542092319932;5;0;547;
548;27,0642857142857;17,2843120319901;1;9;2;4;1;3;17,2843120319901;27,0642857142857;4546,8;332342,4;403990,794541315;179344,728;4751443,83196197;769027,653401628;764833,193935478;0,439949756745602;5;0;548;
549;27,3642857142857;19,3519200713406;5;4;2;2;1;3;19,3519200713406;27,3642857142857;4597,2;332672,888598179;404555,960385414;179657,184;4775471,90319533;769264,796086928;764863,02872026;0,436653748139348;5;0;549;
550;27,3809523809524;36,3837770786199;8;9;8;8;1;5;36,3837770786199;27,3809523809524;4600;332581,218550817;404404,888796722;179569,2;4768747,2;769224,316756138;764839,990182669;0,435973480894378;5;0;550;
551;27,4059523809524;33,4492923683806;8;9;8;7;1;3;33,4492923683806;27,4059523809524;4604,2;332727,783097504;404666,303843607;179704,670515721;4779188,95569755;769331,729724849;764853,610206242;0,436237014928638;5;0;551;
552;27,5880952380953;35,4019527427752;5;9;8;7;1;8;35,4019527427752;27,5880952380953;4634,8;332835,165062041;404850,372775128;179806,674005848;4787326,89865149;769367,827974047;764891,189226874;0,433874072472876;5;0;552;
553;27,3761904761905;18,312829535003;3;6;2;1;3;3;18,312829535003;27,3761904761905;4599,2;332634,650834828;404497,827819243;179620,675509788;4772732,44430435;769270,299256733;764839,202439116;0,43629929996482;5;0;553;
554;27,3202380952381;17,3866597075622;3;10;2;2;1;3;17,3866597075622;27,3202380952381;4589,8;332573,197998256;404409,807951075;179565,999301894;4768225,20375199;769252,0055897;764821,633455368;0,436912015290714;5;0;554;
555;27,3642857142857;19,3519200713406;5;4;2;2;1;3;19,3519200713406;27,3642857142857;4597,2;332672,888598179;404555,960385414;179657,184;4775471,90319533;769264,796086928;764863,02872026;0,436653748139348;5;0;555;
556;27,5880952380953;35,4019527427752;8;9;8;7;1;5;35,4019527427752;27,5880952380953;4634,8;332835,165062041;404850,372775128;179806,674005848;4787326,89865149;769367,827974047;764891,189226874;0,433874072472876;5;0;556;
557;27,3869047619048;19,2754621693511;5;9;2;2;1;3;19,2754621693511;27,3869047619048;4601;332679,602551347;404595,053108418;179659,068996388;4775573,06257864;769288,289501356;764858,408329524;0,436309863937596;5;0;557;
558;27,397619047619;36,4792408260621;8;9;9;7;1;5;36,4792408260621;27,397619047619;4602,8;332641,83025904;404515,122221472;179629,065764678;4773341,68810269;769266,063661282;764846,847068028;0,436016443286134;5;0;558;
559;27,5880952380953;35,4019527427752;5;9;8;7;1;8;35,4019527427752;27,5880952380953;4634,8;332835,165062041;404850,372775128;179806,674005848;4787326,89865149;769367,827974047;764891,189226874;0,433874072472876;5;0;559;
560;27,4369047619048;21,3216228386727;4;7;2;1;3;5;21,3216228386727;27,4369047619048;4609,4;332700,639589127;404618,982788858;179683,37723307;4777519,10556564;769319,850233638;764846,346850515;0,435630753761577;5;0;560;
561;27,4119047619048;19,3394508357536;4;6;2;1;3;3;19,3394508357536;27,4119047619048;4605,2;332670,553775316;404564,295847215;179658,359728046;4775710,41938302;769255,328591843;764870,403731114;0,435911965286371;5;0;561;
562;27,2964285714286;35,535386556662;5;9;8;7;4;5;35,535386556662;27,2964285714286;4585,8;332633,556233566;404502,939598093;179620,2189574;4772677,60213001;769280,883303316;764831,899999464;0,437571007724136;5;0;562;
563;27,3964285714286;22,4100012378159;4;8;3;1;3;5;22,4100012378159;27,3964285714286;4602,6;332684,407942362;404588,864069887;179662,9500913;4775950,60992905;769317,527586051;764837,691964268;0,43618981185254;5;0;563;
564;27,1047619047619;15,4161439326321;1;9;2;1;1;4;15,4161439326321;27,1047619047619;4553,6;332455,469766838;404183,796738988;179454,421929585;4759849,02787224;769086,233136835;764857,717822072;0,439823375874354;5;0;564;
565;27,5880952380953;35,4019527427752;8;7;8;7;1;5;35,4019527427752;27,5880952380953;4634,8;332835,165062041;404850,372775128;179806,674005848;4787326,89865149;769367,827974047;764891,189226874;0,433874072472876;5;0;565;
566;27,3726190476191;15,3573960985271;1;9;3;1;1;3;15,3573960985271;27,3726190476191;4598,6;332586;404420,681336414;179575,968;4769180,64;769209,971581256;764853,240591371;0,436140556279768;5;0;566;
567;27,3785714285714;18,4028849404657;3;10;4;1;1;3;18,4028849404657;27,3785714285714;4599,6;332705,039823165;404622,998169718;179685,204832458;4777725,57718828;769285,339201349;764869,686846706;0,436570219961232;5;0;567;
568;27,4511904761905;27,4050322832255;5;10;9;4;1;2;27,4050322832255;27,4511904761905;4611,8;332700,328899147;404621,473744352;179683,128;4777251,46583051;769307,540358454;764854,51079213;0,435383778770502;5;0;568;
569;27,4119047619048;26,3712288300685;9;9;2;1;1;7;26,3712288300685;27,4119047619048;4605,2;332697,374713395;404610,989898656;179681,93962586;4777329,312;769317,266038451;764846,415523587;0,436017111815125;5;0;569;
570;27,3690476190476;37,3647761032447;9;9;8;8;1;5;37,3647761032447;27,3690476190476;4598;332687,351843669;404601,501974441;179671,203315715;4776658,01523047;769252,028664516;764885,163772769;0,436653233337181;5;0;570;
571;27,4880952380952;34,4111201913365;8;9;8;7;1;4;34,4111201913365;27,4880952380952;4618;332664,393785808;404562,030975168;179648,16;4774794,60927053;769291,745864265;764844,918619248;0,434652086569114;5;0;571;
572;27,4595238095238;27,387039878425;5;5;9;4;1;2;27,387039878425;27,4595238095238;4613,2;332744,575999321;404702,050477562;179722,608;4780536,768;769298,585420779;764884,679025953;0,435463615367154;5;0;572;
573;27,2797619047619;34,3196345226338;6;9;8;5;1;8;34,3196345226338;27,2797619047619;4583;332661,364127707;404553,44929938;179648,653443238;4775009,0072458;769287,757170013;764846,077413817;0,437978810347227;5;0;573;
574;27,2238095238095;16,3431870444815;4;9;1;1;1;3;16,3431870444815;27,2238095238095;4573,6;332489,60446661;404254,127676541;179484,6;4762163,64384622;769220,202882333;764792,399340198;0,438060068727501;5;0;574;
575;27,4119047619048;19,3394508357536;4;6;2;1;3;3;19,3394508357536;27,4119047619048;4605,2;332670,553775316;404564,295847215;179658,359728046;4775710,41938302;769255,328591843;764870,403731114;0,435911965286371;5;0;575;
576;27,4369047619048;21,3216228386727;4;8;2;1;3;5;21,3216228386727;27,4369047619048;4609,4;332700,639589127;404618,982788858;179683,37723307;4777519,10556564;769319,850233638;764846,346850515;0,435630753761577;5;0;576;
577;27,4119047619048;19,3394508357536;4;6;2;1;3;3;19,3394508357536;27,4119047619048;4605,2;332670,553775316;404564,295847215;179658,359728046;4775710,41938302;769255,328591843;764870,403731114;0,435911965286371;5;0;577;
578;27,3869047619048;23,5114285505338;4;6;2;5;3;3;23,5114285505338;27,3869047619048;4601;332679,602022064;404575,919255274;179665,083959875;4776115,94084622;769309,501544337;764839,160587872;0,436333789351248;5;0;578;
579;27,0035714285714;14,508879745901;1;9;2;1;1;3;14,508879745901;27,0035714285714;4536,6;332292,976387231;403889,044275698;179299,409349847;4748015,6824495;769040,099052003;764793,756483375;0,440706335054026;5;0;579;
580;27,4119047619048;19,3394508357536;4;6;2;1;3;3;19,3394508357536;27,4119047619048;4605,2;332670,553775316;404564,295847215;179658,359728046;4775710,41938302;769255,328591843;764870,403731114;0,435911965286371;5;0;580;
581;27,3428571428571;20,380759730905;4;6;2;1;3;4;20,380759730905;27,3428571428571;4593,6;332640,296646621;404510,997629085;179623,924932966;4772946,49141409;769291,624773634;764829,675644097;0,436834351647545;5;0;581;
582;27,2607142857143;16,4210588101168;1;6;2;1;3;3;16,4210588101168;27,2607142857143;4579,8;332462,443067832;404189,620811277;179460,912;4760509,33197188;769067,853387217;764873,505093799;0,437351200246616;5;0;582;
583;27,2654761904762;22,4317059404728;4;10;1;7;1;3;22,4317059404728;27,2654761904762;4580,6;332581,214622901;404408,459112128;179569,330350124;4768636,71205582;769279,841232796;764803,582261449;0,437807856224585;5;0;583;
584;27,3761904761905;18,312829535003;3;6;2;1;3;3;18,312829535003;27,3761904761905;4599,2;332634,650834828;404497,827819243;179620,675509788;4772732,44430435;769270,299256733;764839,202439116;0,43629929996482;5;0;584;
585;27,4119047619048;19,3394508357536;4;6;2;1;3;3;19,3394508357536;27,4119047619048;4605,2;332670,553775316;404564,295847215;179658,359728046;4775710,41938302;769255,328591843;764870,403731114;0,435911965286371;5;0;585;
586;27,4369047619048;21,3216228386727;4;8;2;1;3;5;21,3216228386727;27,4369047619048;4609,4;332700,639589127;404618,982788858;179683,37723307;4777519,10556564;769319,850233638;764846,346850515;0,435630753761577;5;0;586;
587;27,027380952381;17,4478524966286;4;7;2;1;3;1;17,4478524966286;27,027380952381;4540,6;332309,428397411;403927,451202288;179315,4;4749242,4;769202,444733316;764695,281647565;0,440395613135064;5;0;587;
588;27,5880952380953;35,4019527427752;8;9;8;7;1;5;35,4019527427752;27,5880952380953;4634,8;332835,165062041;404850,372775128;179806,674005848;4787326,89865149;769367,827974047;764891,189226874;0,433874072472876;5;0;588;
589;27,3785714285714;21,352967373699;7;8;2;2;1;3;21,352967373699;27,3785714285714;4599,6;332621,749758908;404475,763068725;179602,066798678;4771407,13098393;769282,185515358;764824,500959591;0,436166198058764;5;0;589;
590;27,2238095238095;16,3431870444815;4;9;1;1;1;3;16,3431870444815;27,2238095238095;4573,6;332489,60446661;404254,127676541;179484,6;4762163,64384622;769220,202882333;764792,399340198;0,438060068727501;5;0;590;
591;27,3726190476191;15,3573960985271;1;9;3;1;1;3;15,3573960985271;27,3726190476191;4598,6;332586;404420,681336414;179575,968;4769180,64;769209,971581256;764853,240591371;0,436140556279768;5;0;591;
592;27,2416666666667;18,2948926558566;5;8;2;1;1;3;18,2948926558566;27,2416666666667;4576,6;332587,111555712;404415,617627975;179576,546796603;4769317,83868684;769275,352508266;764808,832068342;0,438221787345255;5;0;592;
593;27,3869047619048;19,2754621693511;5;8;2;2;1;3;19,2754621693511;27,3869047619048;4601;332679,602551347;404595,053108418;179659,068996388;4775573,06257864;769288,289501356;764858,408329524;0,436309863937596;5;0;593;
594;27,4880952380952;34,4111201913365;8;9;8;7;1;4;34,4111201913365;27,4880952380952;4618;332664,393785808;404562,030975168;179648,16;4774794,60927053;769291,745864265;764844,918619248;0,434652086569114;5;0;594;
595;27,3869047619048;19,2754621693511;5;8;2;2;1;3;19,2754621693511;27,3869047619048;4601;332679,602551347;404595,053108418;179659,068996388;4775573,06257864;769288,289501356;764858,408329524;0,436309863937596;5;0;595;
596;27,3690476190476;37,3647761032447;7;9;8;8;1;7;37,3647761032447;27,3690476190476;4598;332687,351843669;404601,501974441;179671,203315715;4776658,01523047;769252,028664516;764885,163772769;0,436653233337181;5;0;596;
597;27,4119047619048;19,3394508357536;4;6;2;1;3;3;19,3394508357536;27,4119047619048;4605,2;332670,553775316;404564,295847215;179658,359728046;4775710,41938302;769255,328591843;764870,403731114;0,435911965286371;5;0;597;
598;27,5880952380953;35,4019527427752;8;9;8;7;1;5;35,4019527427752;27,5880952380953;4634,8;332835,165062041;404850,372775128;179806,674005848;4787326,89865149;769367,827974047;764891,189226874;0,433874072472876;5;0;598;
599;27,3821428571429;29,4577940756241;2;5;9;4;7;1;29,4577940756241;27,3821428571429;4600,2;332647,063228839;404521,016341236;179629,107130633;4773362,15890295;769273,706615059;764844,157682163;0,436232449631681;5;0;599;
600;27,2095238095238;20,4761141932793;6;8;2;2;1;3;20,4761141932793;27,2095238095238;4571,2;332481,7031448;404246,855957757;179471,770414675;4761206,30382292;769209,27213025;764795,043076015;0,438225158665375;5;0;600;
601;27,3869047619048;19,2754621693511;5;8;2;2;1;3;19,2754621693511;27,3869047619048;4601;332679,602551347;404595,053108418;179659,068996388;4775573,06257864;769288,289501356;764858,408329524;0,436309863937596;5;0;601;
602;27,3726190476191;15,3573960985271;1;9;3;1;1;3;15,3573960985271;27,3726190476191;4598,6;332586;404420,681336414;179575,968;4769180,64;769209,971581256;764853,240591371;0,436140556279768;5;0;602;
603;27,3761904761905;21,371154516023;7;9;3;1;1;3;21,371154516023;27,3761904761905;4599,2;332633,231025805;404503,446135634;179615,342253146;4772289,14811797;769319,821777202;764807,243272797;0,43628381835258;5;0;603;
604;27,0630952380952;19,3525755488116;1;9;2;6;1;3;19,3525755488116;27,0630952380952;4546,6;332306,665956565;403918,459525365;179316,466496756;4749326,41049464;769026,900170171;764810,740417126;0,439812745960297;5;0;604;
605;27,5392857142857;20,3914664137447;7;9;2;1;1;3;20,3914664137447;27,5392857142857;4626,6;332760,770916162;404722,799827071;179742,736677501;4782125,16277883;769343,869984153;764864,453045849;0,434300276926564;5;0;605;
606;27,3511904761905;19,3005434500487;4;5;2;1;3;3;19,3005434500487;27,3511904761905;4595;332651,931736884;404528,007893423;179641,392;4774295,232;769252,1234453;764861,780545022;0,436798956083468;5;0;606;
607;27,0035714285714;14,508879745901;1;9;2;1;1;3;14,508879745901;27,0035714285714;4536,6;332292,976387231;403889,044275698;179299,409349847;4748015,6824495;769040,099052003;764793,756483375;0,440706335054026;5;0;607;
608;27,1095238095238;14,3052872279;1;9;3;1;1;2;14,3052872279;27,1095238095238;4554,4;332448,062827161;404167,191411583;179446,884533721;4759228,68196596;769179,422892953;764792,235270634;0,439708936416704;5;0;608;
609;27,5880952380953;35,4019527427752;8;9;8;7;1;5;35,4019527427752;27,5880952380953;4634,8;332835,165062041;404850,372775128;179806,674005848;4787326,89865149;769367,827974047;764891,189226874;0,433874072472876;5;0;609;
610;27,2392857142857;32,4427217764605;6;9;8;4;1;7;32,4427217764605;27,2392857142857;4576,2;332619,586187387;404472,707146999;179605,296;4771521,216;769257,806612495;764839,930494457;0,438411261757437;5;0;610;
611;27,3785714285714;18,4028849404657;3;10;4;1;1;3;18,4028849404657;27,3785714285714;4599,6;332705,039823165;404622,998169718;179685,204832458;4777725,57718828;769285,339201349;764869,686846706;0,436570219961232;5;0;611;
612;27,3345238095238;22,354567032635;7;6;2;1;3;3;22,354567032635;27,3345238095238;4592,2;332653,131158142;404535,499746782;179638,058663848;4774035,168;769316,203607358;764821,483949882;0,437045310109704;5;0;612;
613;27,2880952380952;37,3609126264581;8;7;8;7;1;7;37,3609126264581;27,2880952380952;4584,4;332616,612385705;404471,813701529;179607,426302371;4771676,46659513;769261,213945002;764836,879964083;0,437668313449733;5;0;613;
614;27,4119047619048;19,3394508357536;4;6;2;1;3;3;19,3394508357536;27,4119047619048;4605,2;332670,553775316;404564,295847215;179658,359728046;4775710,41938302;769255,328591843;764870,403731114;0,435911965286371;5;0;614;
615;27,3559523809524;32,5474380468315;5;9;5;7;1;8;32,5474380468315;27,3559523809524;4595,8;332653,221461689;404536,611223027;179640,596071127;4773917,50592373;769282,455815583;764843,636598886;0,436691793895918;5;0;615;
616;27,2857142857143;17,466211289584;3;6;1;1;3;3;17,466211289584;27,2857142857143;4584;332588,207088342;404424,867462983;179577,096;4769354,016;769267,151406685;764817,040754243;0,437516141580209;5;0;616;
617;27,3476190476191;21,3428612976937;4;6;2;1;4;4;21,3428612976937;27,3476190476191;4594,4;332647,947751769;404522,629711086;179635,752;4773861,792;769245,905864215;764863,949065793;0,436816358180196;5;0;617;
618;27,3380952380952;18,4107738014488;5;8;1;2;1;3;18,4107738014488;27,3380952380952;4592,8;332589,717357603;404412,447225056;179577,532475382;4769395,15165493;769286,696792331;764801,292663647;0,43668551894843;5;0;618;
619;27,5880952380953;35,4019527427752;8;9;8;7;1;5;35,4019527427752;27,5880952380953;4634,8;332835,165062041;404850,372775128;179806,674005848;4787326,89865149;769367,827974047;764891,189226874;0,433874072472876;5;0;619;
620;27,2392857142857;17,4635911292595;2;6;2;1;3;3;17,4635911292595;27,2392857142857;4576,2;332535,335938985;404326,949087966;179528,140801694;4765589,60404003;769186,619435329;764838,62633109;0,438023406750971;5;0;620;
621;27,0035714285714;14,508879745901;1;9;2;1;1;3;14,508879745901;27,0035714285714;4536,6;332292,976387231;403889,044275698;179299,409349847;4748015,6824495;769040,099052003;764793,756483375;0,440706335054026;5;0;621;
622;27,5880952380953;35,4019527427752;8;9;8;7;1;5;35,4019527427752;27,5880952380953;4634,8;332835,165062041;404850,372775128;179806,674005848;4787326,89865149;769367,827974047;764891,189226874;0,433874072472876;5;0;622;
623;27,3869047619048;19,2754621693511;5;8;2;2;1;3;19,2754621693511;27,3869047619048;4601;332679,602551347;404595,053108418;179659,068996388;4775573,06257864;769288,289501356;764858,408329524;0,436309863937596;5;0;623;
624;27,2535714285714;16,4477632064018;1;9;3;1;2;3;16,4477632064018;27,2535714285714;4578,6;332559,055183597;404360,28964979;179551,152;4767505,4392068;769179,376324175;764855,105658514;0,437914515180374;5;0;624;
625;27,5392857142857;20,3914664137447;7;9;2;1;1;3;20,3914664137447;27,5392857142857;4626,6;332760,770916162;404722,799827071;179742,736677501;4782125,16277883;769343,869984153;764864,453045849;0,434300276926564;5;0;625;
626;27,5880952380953;35,4019527427752;8;9;8;7;1;5;35,4019527427752;27,5880952380953;4634,8;332835,165062041;404850,372775128;179806,674005848;4787326,89865149;769367,827974047;764891,189226874;0,433874072472876;5;0;626;
627;27,3869047619048;19,2754621693511;5;8;2;2;1;3;19,2754621693511;27,3869047619048;4601;332679,602551347;404595,053108418;179659,068996388;4775573,06257864;769288,289501356;764858,408329524;0,436309863937596;5;0;627;
628;27,1071428571428;17,3705689440185;4;6;2;1;3;1;17,3705689440185;27,1071428571428;4554;332328,077825447;403950,96890239;179340,216;4751149,536;769235,757379587;764680,440446933;0,439217513723667;5;0;628;
629;27,3761904761905;18,312829535003;3;6;2;1;3;3;18,312829535003;27,3761904761905;4599,2;332634,650834828;404497,827819243;179620,675509788;4772732,44430435;769270,299256733;764839,202439116;0,43629929996482;5;0;629;
630;27,5880952380953;35,4019527427752;5;9;8;7;1;8;35,4019527427752;27,5880952380953;4634,8;332835,165062041;404850,372775128;179806,674005848;4787326,89865149;769367,827974047;764891,189226874;0,433874072472876;5;0;630;
631;27,4119047619048;19,3394508357536;4;6;2;1;3;3;19,3394508357536;27,4119047619048;4605,2;332670,553775316;404564,295847215;179658,359728046;4775710,41938302;769255,328591843;764870,403731114;0,435911965286371;5;0;631;
632;27,5880952380953;35,4019527427752;8;9;8;7;1;5;35,4019527427752;27,5880952380953;4634,8;332835,165062041;404850,372775128;179806,674005848;4787326,89865149;769367,827974047;764891,189226874;0,433874072472876;5;0;632;
633;27,1928571428571;18,1996470392367;5;8;2;2;1;2;18,1996470392367;27,1928571428571;4568,4;332524,651309915;404308,848131557;179516,945559097;4764744,48866738;769230,882962692;764802,815041319;0,438712086981549;5;0;633;
634;27,4404761904762;35,4483731817088;8;9;7;7;1;6;35,4483731817088;27,4404761904762;4610;332733,255084687;404679,251073714;179716,292540844;4780058,83392456;769311,281000421;764870,499385732;0,435748662879328;5;0;634;
635;27,3880952380952;34,47485591097;8;8;7;7;1;5;34,47485591097;27,3880952380952;4601,2;332682,315898844;404586,559717084;179666,208;4776174,97213774;769270,538210929;764868,679967399;0,436324440886592;5;0;635;
636;27,5880952380953;35,4019527427752;5;9;8;7;1;8;35,4019527427752;27,5880952380953;4634,8;332835,165062041;404850,372775128;179806,674005848;4787326,89865149;769367,827974047;764891,189226874;0,433874072472876;5;0;636;
637;27,3785714285714;18,4028849404657;3;10;4;1;1;3;18,4028849404657;27,3785714285714;4599,6;332705,039823165;404622,998169718;179685,204832458;4777725,57718828;769285,339201349;764869,686846706;0,436570219961232;5;0;637;
638;27,3880952380952;21,4109374177102;5;8;2;2;3;3;21,4109374177102;27,3880952380952;4601,2;332677,854052285;404581,255451482;179661,696;4775766,6127447;769337,771192463;764821,349609776;0,436292568671564;5;0;638;
639;27,3726190476191;15,3573960985271;1;9;3;1;1;3;15,3573960985271;27,3726190476191;4598,6;332586;404420,681336414;179575,968;4769180,64;769209,971581256;764853,240591371;0,436140556279768;5;0;639;
640;27,3690476190476;37,3647761032447;8;7;8;8;1;6;37,3647761032447;27,3690476190476;4598;332687,351843669;404601,501974441;179671,203315715;4776658,01523047;769252,028664516;764885,163772769;0,436653233337181;5;0;640;
641;27,3869047619048;19,2754621693511;5;8;2;2;1;3;19,2754621693511;27,3869047619048;4601;332679,602551347;404595,053108418;179659,068996388;4775573,06257864;769288,289501356;764858,408329524;0,436309863937596;5;0;641;
642;27,3761904761905;18,312829535003;3;6;2;1;3;3;18,312829535003;27,3761904761905;4599,2;332634,650834828;404497,827819243;179620,675509788;4772732,44430435;769270,299256733;764839,202439116;0,43629929996482;5;0;642;
643;27,3761904761905;17,4792682357084;3;10;3;1;1;3;17,4792682357084;27,3761904761905;4599,2;332614,324071182;404467,005788998;179600,741672897;4771102,09004986;769274,782143626;764825,905573349;0,436192668632991;5;0;643;
644;27,4119047619048;19,3394508357536;4;6;2;1;3;3;19,3394508357536;27,4119047619048;4605,2;332670,553775316;404564,295847215;179658,359728046;4775710,41938302;769255,328591843;764870,403731114;0,435911965286371;5;0;644;
645;26,827380952381;13,4411156932339;1;6;1;1;1;3;13,4411156932339;26,827380952381;4507;332053,511560589;403469,806558276;179074,618139487;4730615,91553505;768847,133629846;764784,285469338;0,442461788948923;5;0;645;
646;27,3130952380952;28,4716046018193;5;9;8;7;1;1;28,4716046018193;27,3130952380952;4588,6;332618,630788263;404468,536853152;179598,505709667;4771082,52057753;769259,179971706;764837,988951825;0,43719059710107;5;0;646;
647;27,3726190476191;15,3573960985271;1;9;3;1;1;3;15,3573960985271;27,3726190476191;4598,6;332586;404420,681336414;179575,968;4769180,64;769209,971581256;764853,240591371;0,436140556279768;5;0;647;
648;27,375;38,3080457926194;8;9;8;10;1;5;38,3080457926194;27,375;4599;332626,754711621;404484,424868621;179618,281085255;4772500,41395636;769289,859986812;764823,649754553;0,436302531021805;5;0;648;
649;27,5880952380953;35,4019527427752;8;9;8;7;1;5;35,4019527427752;27,5880952380953;4634,8;332835,165062041;404850,372775128;179806,674005848;4787326,89865149;769367,827974047;764891,189226874;0,433874072472876;5;0;649;
650;27,3452380952381;22,4684244059193;7;9;3;1;3;2;22,4684244059193;27,3452380952381;4594;332608,458357432;404452,038980815;179595,084918498;4770727,77061209;769243,479235049;764841,606393883;0,436653094978083;5;0;650;
651;27,1071428571428;17,3705689440185;4;6;2;1;3;1;17,3705689440185;27,1071428571428;4554;332328,077825447;403950,96890239;179340,216;4751149,536;769235,757379587;764680,440446933;0,439217513723667;5;0;651;
652;27,3595238095238;35,2615770438665;8;9;9;7;1;4;35,2615770438665;27,3595238095238;4596,4;332628,424984971;404491,535249575;179615,152262235;4772269,54306126;769282,316935225;764827,916189139;0,436534626117795;5;0;652;
653;27,3785714285714;18,4028849404657;3;10;4;1;1;3;18,4028849404657;27,3785714285714;4599,6;332705,039823165;404622,998169718;179685,204832458;4777725,57718828;769285,339201349;764869,686846706;0,436570219961232;5;0;653;
654;27,327380952381;23,5035053645501;7;8;2;1;1;6;23,5035053645501;27,327380952381;4591;332669,082928538;404554,667344311;179657,436545609;4775513,11577032;769264,931435128;764862,69501027;0,437243720028329;5;0;654;
655;27,3726190476191;15,3573960985271;1;9;3;1;1;3;15,3573960985271;27,3726190476191;4598,6;332586;404420,681336414;179575,968;4769180,64;769209,971581256;764853,240591371;0,436140556279768;5;0;655;
656;27,5392857142857;20,3914664137447;7;9;2;1;1;3;20,3914664137447;27,5392857142857;4626,6;332760,770916162;404722,799827071;179742,736677501;4782125,16277883;769343,869984153;764864,453045849;0,434300276926564;5;0;656;
657;27,2416666666667;18,2948926558566;5;8;2;1;1;3;18,2948926558566;27,2416666666667;4576,6;332587,111555712;404415,617627975;179576,546796603;4769317,83868684;769275,352508266;764808,832068342;0,438221787345255;5;0;657;
658;27,3261904761905;21,4879561497124;5;8;2;2;1;5;21,4879561497124;27,3261904761905;4590,8;332631,6;404500,489421451;179613,192;4772139,87782779;769261,994590523;764845,12970928;0,43705132367722;5;0;658;
659;27,3726190476191;15,3573960985271;1;9;3;1;1;3;15,3573960985271;27,3726190476191;4598,6;332586;404420,681336414;179575,968;4769180,64;769209,971581256;764853,240591371;0,436140556279768;5;0;659;
660;27,3785714285714;18,4028849404657;3;10;4;1;1;3;18,4028849404657;27,3785714285714;4599,6;332705,039823165;404622,998169718;179685,204832458;4777725,57718828;769285,339201349;764869,686846706;0,436570219961232;5;0;660;
661;27,252380952381;20,4169714125208;6;5;2;2;1;3;20,4169714125208;27,252380952381;4578,4;332546,295236502;404347,436661628;179539,123494152;4766444,006168;769249,816667007;764802,702619082;0,437874649023907;5;0;661;
662;27,3321428571429;24,4652681889222;9;9;1;2;1;5;24,4652681889222;27,3321428571429;4591,8;332649,189034225;404529,7428185;179633,496;4773688,416;769329,280927855;764809,974313567;0,43707173380053;5;0;662;
663;27,3869047619048;19,2754621693511;5;8;2;2;1;3;19,2754621693511;27,3869047619048;4601;332679,602551347;404595,053108418;179659,068996388;4775573,06257864;769288,289501356;764858,408329524;0,436309863937596;5;0;663;
664;27,3726190476191;15,3573960985271;1;9;3;1;1;3;15,3573960985271;27,3726190476191;4598,6;332586;404420,681336414;179575,968;4769180,64;769209,971581256;764853,240591371;0,436140556279768;5;0;664;
665;27,4119047619048;19,3394508357536;4;6;2;1;3;3;19,3394508357536;27,4119047619048;4605,2;332670,553775316;404564,295847215;179658,359728046;4775710,41938302;769255,328591843;764870,403731114;0,435911965286371;5;0;665;
666;27,2845238095238;21,4344275267147;8;9;2;1;1;3;21,4344275267147;27,2845238095238;4583,8;332606,4;404452,018742108;179596,035252921;4770812,11691582;769232,612040365;764848,99809886;0,437649227156108;5;0;666;
667;27,2464285714286;17,4627115679684;1;9;3;1;1;5;17,4627115679684;27,2464285714286;4577,4;332584,108174168;404413,400206587;179574,440866975;4769007,83126785;769187,445120611;764864,403365523;0,438133726574643;5;0;667;
668;27,2690476190476;20,4020675977717;5;6;2;1;3;3;20,4020675977717;27,2690476190476;4581,2;332582,507332012;404415,831724852;179569,96683262;4768797,71305937;769230,150792298;764838,361524691;0,437746465179694;5;0;668;
669;27,1964285714286;21,4118571160874;4;6;2;1;6;2;21,4118571160874;27,1964285714286;4569;332579,252884763;404406,101394361;179569,844163434;4768781,41132417;769312,580342446;764779,443413814;0,43892505102302;5;0;669;
670;27,5392857142857;20,3914664137447;7;9;2;1;1;3;20,3914664137447;27,5392857142857;4626,6;332760,770916162;404722,799827071;179742,736677501;4782125,16277883;769343,869984153;764864,453045849;0,434300276926564;5;0;670;
671;27,2809523809524;33,3432209814963;4;9;8;7;1;7;33,3432209814963;27,2809523809524;4583,2;332671,873458528;404565,081394683;179651,711746233;4775162,112;769283,967983413;764853,178778833;0,437974238024486;5;0;671;
672;26,827380952381;13,4411156932339;1;6;1;1;1;3;13,4411156932339;26,827380952381;4507;332053,511560589;403469,806558276;179074,618139487;4730615,91553505;768847,133629846;764784,285469338;0,442461788948923;5;0;672;
673;27,1095238095238;14,3052872279;1;9;3;1;1;2;14,3052872279;27,1095238095238;4554,4;332448,062827161;404167,191411583;179446,884533721;4759228,68196596;769179,422892953;764792,235270634;0,439708936416704;5;0;673;
674;27,5392857142857;20,3914664137447;7;9;2;1;1;3;20,3914664137447;27,5392857142857;4626,6;332760,770916162;404722,799827071;179742,736677501;4782125,16277883;769343,869984153;764864,453045849;0,434300276926564;5;0;674;
675;27,3583333333333;23,3203586829606;5;8;6;2;1;3;23,3203586829606;27,3583333333333;4596,2;332656,466990798;404534,675653507;179639,136;4774125,32011723;769315,094991303;764822,095459856;0,436667162105686;5;0;675;
676;27,3785714285714;25,4804141047611;5;8;8;2;1;3;25,4804141047611;27,3785714285714;4599,6;332657,468553522;404543,76642313;179642,52;4774381,92;769257,524024277;764862,714346011;0,436371027008805;5;0;676;
677;27,4119047619048;19,3394508357536;4;6;2;1;3;3;19,3394508357536;27,4119047619048;4605,2;332670,553775316;404564,295847215;179658,359728046;4775710,41938302;769255,328591843;764870,403731114;0,435911965286371;5;0;677;
678;27,4119047619048;19,3394508357536;4;6;2;1;3;3;19,3394508357536;27,4119047619048;4605,2;332670,553775316;404564,295847215;179658,359728046;4775710,41938302;769255,328591843;764870,403731114;0,435911965286371;5;0;678;
679;27,1095238095238;14,3052872279;1;8;3;1;1;2;14,3052872279;27,1095238095238;4554,4;332448,062827161;404167,191411583;179446,884533721;4759228,68196596;769179,422892953;764792,235270634;0,439708936416704;5;0;679;
680;27,1619047619048;19,3981142676803;4;3;2;1;3;3;19,3981142676803;27,1619047619048;4563,2;332524,317030143;404304,791880819;179516,425776146;4764701,17436058;769226,421351486;764805,33402074;0,439215868147405;5;0;680;
681;27,3869047619048;19,2754621693511;5;9;2;2;1;3;19,2754621693511;27,3869047619048;4601;332679,602551347;404595,053108418;179659,068996388;4775573,06257864;769288,289501356;764858,408329524;0,436309863937596;5;0;681;
682;27,1095238095238;14,3052872279;1;9;3;1;1;2;14,3052872279;27,1095238095238;4554,4;332448,062827161;404167,191411583;179446,884533721;4759228,68196596;769179,422892953;764792,235270634;0,439708936416704;5;0;682;
683;27,4119047619048;19,3394508357536;4;6;2;1;3;3;19,3394508357536;27,4119047619048;4605,2;332670,553775316;404564,295847215;179658,359728046;4775710,41938302;769255,328591843;764870,403731114;0,435911965286371;5;0;683;
684;27,3404761904762;23,384221320899;8;6;2;1;3;3;23,384221320899;27,3404761904762;4593,2;332658,384681389;404556,264007443;179643,648;4774468,608;769275,346144631;764855,313809268;0,43698121460203;5;0;684;
685;27,2416666666667;18,2948926558566;5;8;2;1;1;3;18,2948926558566;27,2416666666667;4576,6;332587,111555712;404415,617627975;179576,546796603;4769317,83868684;769275,352508266;764808,832068342;0,438221787345255;5;0;685;
686;27,1535714285714;16,4712495982285;1;6;3;1;1;4;16,4712495982285;27,1535714285714;4561,8;332522,471762448;404304,819107016;179515,173742142;4764606,31595046;769169,43822325;764841,960233581;0,439348291824019;5;0;686;
687;27,0035714285714;14,508879745901;1;9;2;1;1;3;14,508879745901;27,0035714285714;4536,6;332292,976387231;403889,044275698;179299,409349847;4748015,6824495;769040,099052003;764793,756483375;0,440706335054026;5;0;687;
688;27,1095238095238;14,3052872279;1;9;3;1;1;2;14,3052872279;27,1095238095238;4554,4;332448,062827161;404167,191411583;179446,884533721;4759228,68196596;769179,422892953;764792,235270634;0,439708936416704;5;0;688;
689;27,3809523809524;36,3837770786199;8;7;8;7;2;5;36,3837770786199;27,3809523809524;4600;332581,218550817;404404,888796722;179569,2;4768747,2;769224,316756138;764839,990182669;0,435973480894378;5;0;689;
690;27,4083333333333;19,4375260888853;3;10;3;1;3;3;19,4375260888853;27,4083333333333;4604,6;332627,587805619;404487,001614403;179614,0938536;4772187,43920737;769286,772299522;764825,237709419;0,435749164746742;5;0;690;
691;27,3726190476191;15,3573960985271;1;6;3;1;1;3;15,3573960985271;27,3726190476191;4598,6;332586;404420,681336414;179575,968;4769180,64;769209,971581256;764853,240591371;0,436140556279768;5;0;691;
692;27,5880952380953;35,4019527427752;8;9;8;7;1;5;35,4019527427752;27,5880952380953;4634,8;332835,165062041;404850,372775128;179806,674005848;4787326,89865149;769367,827974047;764891,189226874;0,433874072472876;5;0;692;
693;27,5392857142857;20,3914664137447;7;9;2;1;1;3;20,3914664137447;27,5392857142857;4626,6;332760,770916162;404722,799827071;179742,736677501;4782125,16277883;769343,869984153;764864,453045849;0,434300276926564;5;0;693;
694;27,3761904761905;17,4792682357084;3;10;3;1;1;3;17,4792682357084;27,3761904761905;4599,2;332614,324071182;404467,005788998;179600,741672897;4771102,09004986;769274,782143626;764825,905573349;0,436192668632991;5;0;694;
695;27,3869047619048;19,2754621693511;5;8;2;2;1;3;19,2754621693511;27,3869047619048;4601;332679,602551347;404595,053108418;179659,068996388;4775573,06257864;769288,289501356;764858,408329524;0,436309863937596;5;0;695;
696;27,227380952381;20,4389897973128;1;9;8;1;1;3;20,4389897973128;27,227380952381;4574,2;332550,857973949;404359,405455333;179535,421351286;4766159,50952579;769224,589421423;764822,982010635;0,438254255324094;5;0;696;
697;27,3761904761905;17,4792682357084;3;10;3;1;1;3;17,4792682357084;27,3761904761905;4599,2;332614,324071182;404467,005788998;179600,741672897;4771102,09004986;769274,782143626;764825,905573349;0,436192668632991;5;0;697;
698;27,1095238095238;14,3052872279;1;9;3;1;1;2;14,3052872279;27,1095238095238;4554,4;332448,062827161;404167,191411583;179446,884533721;4759228,68196596;769179,422892953;764792,235270634;0,439708936416704;5;0;698;
699;27,3785714285714;18,4028849404657;3;10;4;1;1;3;18,4028849404657;27,3785714285714;4599,6;332705,039823165;404622,998169718;179685,204832458;4777725,57718828;769285,339201349;764869,686846706;0,436570219961232;5;0;699;
700;27,5880952380953;35,4019527427752;8;9;8;7;1;5;35,4019527427752;27,5880952380953;4634,8;332835,165062041;404850,372775128;179806,674005848;4787326,89865149;769367,827974047;764891,189226874;0,433874072472876;5;0;700;
701;27,3726190476191;15,3573960985271;1;9;3;1;1;3;15,3573960985271;27,3726190476191;4598,6;332586;404420,681336414;179575,968;4769180,64;769209,971581256;764853,240591371;0,436140556279768;5;0;701;
702;27,3785714285714;18,4028849404657;3;10;4;1;1;3;18,4028849404657;27,3785714285714;4599,6;332705,039823165;404622,998169718;179685,204832458;4777725,57718828;769285,339201349;764869,686846706;0,436570219961232;5;0;702;
703;27,3726190476191;15,3573960985271;1;9;3;1;1;3;15,3573960985271;27,3726190476191;4598,6;332586;404420,681336414;179575,968;4769180,64;769209,971581256;764853,240591371;0,436140556279768;5;0;703;
704;27,5392857142857;20,3914664137447;7;9;2;1;1;3;20,3914664137447;27,5392857142857;4626,6;332760,770916162;404722,799827071;179742,736677501;4782125,16277883;769343,869984153;764864,453045849;0,434300276926564;5;0;704;
705;27,2535714285714;16,4477632064018;1;8;3;2;1;3;16,4477632064018;27,2535714285714;4578,6;332559,055183597;404360,28964979;179551,152;4767505,4392068;769179,376324175;764855,105658514;0,437914515180374;5;0;705;
706;27,3726190476191;15,3573960985271;1;9;3;1;1;3;15,3573960985271;27,3726190476191;4598,6;332586;404420,681336414;179575,968;4769180,64;769209,971581256;764853,240591371;0,436140556279768;5;0;706;
707;27,3785714285714;18,4028849404657;3;10;4;1;1;3;18,4028849404657;27,3785714285714;4599,6;332705,039823165;404622,998169718;179685,204832458;4777725,57718828;769285,339201349;764869,686846706;0,436570219961232;5;0;707;
708;27,3869047619048;19,2754621693511;5;8;2;2;1;3;19,2754621693511;27,3869047619048;4601;332679,602551347;404595,053108418;179659,068996388;4775573,06257864;769288,289501356;764858,408329524;0,436309863937596;5;0;708;
709;27,3726190476191;15,3573960985271;1;9;3;1;1;3;15,3573960985271;27,3726190476191;4598,6;332586;404420,681336414;179575,968;4769180,64;769209,971581256;764853,240591371;0,436140556279768;5;0;709;
710;27,1928571428571;18,1996470392367;5;9;2;2;1;2;18,1996470392367;27,1928571428571;4568,4;332524,651309915;404308,848131557;179516,945559097;4764744,48866738;769230,882962692;764802,815041319;0,438712086981549;5;0;710;
711;26,8976190476191;16,3159455690079;1;3;1;1;4;3;16,3159455690079;26,8976190476191;4518,8;332168,049129328;403665,227148678;179181,608878268;4738967,95368337;768919,938978905;764800,028914082;0,441869145984783;5;0;711;
712;27,3714285714286;16,3770816817702;2;8;2;2;1;3;16,3770816817702;27,3714285714286;4598,4;332628,545183411;404477,834077592;179616,560012592;4772387,04287204;769240,363813793;764854,680612697;0,436337975067538;5;0;712;
713;27,3726190476191;15,3573960985271;1;9;3;1;1;3;15,3573960985271;27,3726190476191;4598,6;332586;404420,681336414;179575,968;4769180,64;769209,971581256;764853,240591371;0,436140556279768;5;0;713;
714;27,5880952380953;35,4019527427752;8;9;8;7;1;5;35,4019527427752;27,5880952380953;4634,8;332835,165062041;404850,372775128;179806,674005848;4787326,89865149;769367,827974047;764891,189226874;0,433874072472876;5;0;714;
715;27,3869047619048;19,2754621693511;5;8;2;2;1;3;19,2754621693511;27,3869047619048;4601;332679,602551347;404595,053108418;179659,068996388;4775573,06257864;769288,289501356;764858,408329524;0,436309863937596;5;0;715;
716;27,3119047619048;18,3873822007127;2;10;3;1;3;3;18,3873822007127;27,3119047619048;4588,4;332578,454255273;404408,141491222;179567,404179462;4768589,2399224;769247,664982504;764823,597939344;0,43706793089804;5;0;716;
717;27,3869047619048;19,2754621693511;5;8;2;2;1;3;19,2754621693511;27,3869047619048;4601;332679,602551347;404595,053108418;179659,068996388;4775573,06257864;769288,289501356;764858,408329524;0,436309863937596;5;0;717;
718;27,3130952380952;31,4318845396754;8;9;8;3;1;5;31,4318845396754;27,3130952380952;4588,6;332633,036465918;404501,209104497;179620,786740175;4772702,61931024;769290,984283194;764825,965971997;0,437308348631851;5;0;718;
719;27,2928571428571;17,4806309122194;1;9;5;1;2;2;17,4806309122194;27,2928571428571;4585,2;332642,008602507;404506,389617415;179623,344;4772864,93112704;769231,27332587;764869,577201913;0,437644303774431;5;0;719;
720;27,5880952380953;35,4019527427752;8;9;8;7;1;5;35,4019527427752;27,5880952380953;4634,8;332835,165062041;404850,372775128;179806,674005848;4787326,89865149;769367,827974047;764891,189226874;0,433874072472876;5;0;720;
721;27,2464285714286;17,4627115679684;1;9;3;1;1;5;17,4627115679684;27,2464285714286;4577,4;332584,108174168;404413,400206587;179574,440866975;4769007,83126785;769187,445120611;764864,403365523;0,438133726574643;5;0;721;
722;27,2428571428572;20,4715156716128;5;8;2;2;1;4;20,4715156716128;27,2428571428572;4576,8;332592,830929933;404438,934418091;179582,860491838;4769670,58481719;769263,144021398;764825,730750915;0,438234569686657;5;0;722;
723;27,4119047619048;19,3394508357536;4;6;2;1;3;3;19,3394508357536;27,4119047619048;4605,2;332670,553775316;404564,295847215;179658,359728046;4775710,41938302;769255,328591843;764870,403731114;0,435911965286371;5;0;723;
724;27,3619047619048;21,3696024749207;7;9;2;1;1;4;21,3696024749207;27,3619047619048;4596,8;332657,105048274;404543,601199716;179638,308447166;4774129,26315799;769292,06000642;764840,832930812;0,436614311670201;5;0;724;
725;27,5880952380953;35,4019527427752;8;9;8;7;1;5;35,4019527427752;27,5880952380953;4634,8;332835,165062041;404850,372775128;179806,674005848;4787326,89865149;769367,827974047;764891,189226874;0,433874072472876;5;0;725;
726;27,3130952380952;31,4318845396754;8;9;8;3;1;5;31,4318845396754;27,3130952380952;4588,6;332633,036465918;404501,209104497;179620,786740175;4772702,61931024;769290,984283194;764825,965971997;0,437308348631851;5;0;726;
727;27,3678571428572;20,2708757110842;3;10;4;1;3;3;20,2708757110842;27,3678571428572;4597,8;332691,319661779;404609,819295991;179670,577634637;4776467,45777899;769288,875778818;764863,652619868;0,436667405701074;5;0;727;
728;26,6047619047619;11,4814614897985;1;6;1;1;1;1;11,4814614897985;26,6047619047619;4469,6;331807,638431049;403015,862354863;178844,535905342;4713079,52638512;768882,999727021;764611,549464336;0,445022059761228;5;0;728;
729;27,4261904761905;18,5318931647792;4;10;3;1;1;3;18,5318931647792;27,4261904761905;4607,6;332721,834721763;404653,5282712;179702,259740892;4778969,59513848;769303,350038167;764868,397371217;0,435898115823168;5;0;729;
730;27,4488095238095;19,2660273957774;3;10;5;1;1;3;19,2660273957774;27,4488095238095;4611,4;332735,604663492;404673,093417793;179720,292631255;4780203,2906469;769349,211675117;764847,08403964;0,435612162658681;5;0;730;
731;27,3154761904762;15,4255666043634;1;9;4;1;1;2;15,4255666043634;27,3154761904762;4589;332565,252471172;404375,974506447;179555,316239329;4767842,70068369;769220,352043141;764832,597408736;0,436946342212575;5;0;731;
732;27,1095238095238;14,3052872279;1;9;3;1;1;2;14,3052872279;27,1095238095238;4554,4;332448,062827161;404167,191411583;179446,884533721;4759228,68196596;769179,422892953;764792,235270634;0,439708936416704;5;0;732;
733;27,5880952380953;35,4019527427752;8;6;8;7;1;5;35,4019527427752;27,5880952380953;4634,8;332835,165062041;404850,372775128;179806,674005848;4787326,89865149;769367,827974047;764891,189226874;0,433874072472876;5;0;733;
734;27,3023809523809;15,3057711067066;3;9;3;1;1;1;15,3057711067066;27,3023809523809;4586,8;332575,2;404389,354282367;179564,940278169;4768400,448;769276,120103945;764800,869670716;0,437189590153348;5;0;734;
735;27,3726190476191;15,3573960985271;1;9;3;1;1;3;15,3573960985271;27,3726190476191;4598,6;332586;404420,681336414;179575,968;4769180,64;769209,971581256;764853,240591371;0,436140556279768;5;0;735;
736;27,1738095238095;21,3298245720751;5;8;2;1;1;6;21,3298245720751;27,1738095238095;4565,2;332618,070908532;404475,730861015;179602,816394524;4771333,11058398;769267,463707924;764834,591023488;0,439449247886974;5;0;736;
737;27,5392857142857;20,3914664137447;7;9;2;1;1;3;20,3914664137447;27,5392857142857;4626,6;332760,770916162;404722,799827071;179742,736677501;4782125,16277883;769343,869984153;764864,453045849;0,434300276926564;5;0;737;
738;27,1095238095238;14,3052872279;1;9;3;1;1;2;14,3052872279;27,1095238095238;4554,4;332448,062827161;404167,191411583;179446,884533721;4759228,68196596;769179,422892953;764792,235270634;0,439708936416704;5;0;738;
739;27,3869047619048;19,2754621693511;5;8;2;2;1;3;19,2754621693511;27,3869047619048;4601;332679,602551347;404595,053108418;179659,068996388;4775573,06257864;769288,289501356;764858,408329524;0,436309863937596;5;0;739;
740;27,3869047619048;19,2754621693511;5;7;2;2;1;3;19,2754621693511;27,3869047619048;4601;332679,602551347;404595,053108418;179659,068996388;4775573,06257864;769288,289501356;764858,408329524;0,436309863937596;5;0;740;
741;27,4190476190476;18,3793932936299;4;8;2;2;1;3;18,3793932936299;27,4190476190476;4606,4;332670,660496551;404564,798117661;179657,557083956;4775446,75191337;769310,658285676;764835,357585618;0,435784291406974;5;0;741;
742;27,5392857142857;20,3914664137447;7;9;2;1;1;3;20,3914664137447;27,5392857142857;4626,6;332760,770916162;404722,799827071;179742,736677501;4782125,16277883;769343,869984153;764864,453045849;0,434300276926564;5;0;742;
743;27,0035714285714;14,508879745901;1;8;2;1;1;3;14,508879745901;27,0035714285714;4536,6;332292,976387231;403889,044275698;179299,409349847;4748015,6824495;769040,099052003;764793,756483375;0,440706335054026;5;0;743;
744;27,3761904761905;17,4792682357084;3;10;3;1;1;3;17,4792682357084;27,3761904761905;4599,2;332614,324071182;404467,005788998;179600,741672897;4771102,09004986;769274,782143626;764825,905573349;0,436192668632991;5;0;744;
745;27,3761904761905;17,4792682357084;3;10;3;1;1;3;17,4792682357084;27,3761904761905;4599,2;332614,324071182;404467,005788998;179600,741672897;4771102,09004986;769274,782143626;764825,905573349;0,436192668632991;5;0;745;
746;27,3392857142857;37,4622000612892;8;9;8;7;3;5;37,4622000612892;27,3392857142857;4593;332649,171601001;404525,710206005;179638,654959702;4774096,81431474;769252,541278898;764861,319498996;0,436975153884338;5;0;746;
747;27,3726190476191;15,3573960985271;1;6;3;1;1;3;15,3573960985271;27,3726190476191;4598,6;332586;404420,681336414;179575,968;4769180,64;769209,971581256;764853,240591371;0,436140556279768;5;0;747;
748;27,2119047619047;13,4465016627455;1;9;3;1;1;1;13,4465016627455;27,2119047619047;4571,6;332427,091756605;404146,437128666;179418,942737765;4757435,77648499;769184,447088749;764780,096412899;0,437944470557273;5;0;748;
749;27,3785714285714;18,4028849404657;3;10;4;1;1;3;18,4028849404657;27,3785714285714;4599,6;332705,039823165;404622,998169718;179685,204832458;4777725,57718828;769285,339201349;764869,686846706;0,436570219961232;5;0;749;
750;27,3726190476191;15,3573960985271;1;6;3;1;1;3;15,3573960985271;27,3726190476191;4598,6;332586;404420,681336414;179575,968;4769180,64;769209,971581256;764853,240591371;0,436140556279768;5;0;750;
751;27,3726190476191;15,3573960985271;1;9;3;1;1;3;15,3573960985271;27,3726190476191;4598,6;332586;404420,681336414;179575,968;4769180,64;769209,971581256;764853,240591371;0,436140556279768;5;0;751;
752;27,1178571428571;18,3486872129839;1;10;3;1;4;3;18,3486872129839;27,1178571428571;4555,8;332440,205956869;404159,887605544;179433,861925397;4758471,22337372;769122,125670861;764826,344032843;0,439524682588667;5;0;752;
753;27,3285714285714;23,4133574021144;6;10;6;1;1;3;23,4133574021144;27,3285714285714;4591,2;332685,1863699;404583,035535001;179661,696;4776028,992;769323,247487723;764834,292931708;0,437258464899813;5;0;753;
754;27,5880952380953;35,4019527427752;8;6;8;7;1;5;35,4019527427752;27,5880952380953;4634,8;332835,165062041;404850,372775128;179806,674005848;4787326,89865149;769367,827974047;764891,189226874;0,433874072472876;5;0;754;
755;27,4119047619048;19,3394508357536;4;10;2;1;3;3;19,3394508357536;27,4119047619048;4605,2;332670,553775316;404564,295847215;179658,359728046;4775710,41938302;769255,328591843;764870,403731114;0,435911965286371;5;0;755;
756;27,2095238095238;16,3183285977089;1;8;4;1;1;3;16,3183285977089;27,2095238095238;4571,2;332591,452271388;404422,535396787;179580,496841501;4769615,18938911;769233,261300335;764840,021782011;0,438782763235615;5;0;756;
757;26,8202380952381;12,3353129896935;1;8;1;1;1;2;12,3353129896935;26,8202380952381;4505,8;332063,865792407;403510,760155107;179080,743505291;4731146,98591607;768872,352620338;764778,45675885;0,442638380041009;5;0;757;
758;27,1940476190476;17,5145741771558;1;10;4;3;1;2;17,5145741771558;27,1940476190476;4568,6;332545,224941902;404341,269929228;179537,270874547;4766274,10996634;769175,678918048;764851,811265069;0,438796801405995;5;0;758;
759;27,3392857142857;37,4622000612892;6;9;8;7;3;7;37,4622000612892;27,3392857142857;4593;332649,171601001;404525,710206005;179638,654959702;4774096,81431474;769252,541278898;764861,319498996;0,436975153884338;5;0;759;
760;26,897619047619;13,4699088869483;1;6;2;1;2;1;13,4699088869483;26,897619047619;4518,8;332190,540191944;403706,004008862;179203,762248036;4740730,56400628;769076,256500431;764708,560053606;0,44196172333311;5;0;760;
761;27,5392857142857;20,3914664137447;7;9;2;1;1;3;20,3914664137447;27,5392857142857;4626,6;332760,770916162;404722,799827071;179742,736677501;4782125,16277883;769343,869984153;764864,453045849;0,434300276926564;5;0;761;
762;27,327380952381;17,4734983889491;1;9;3;4;1;2;17,4734983889491;27,327380952381;4591;332649,008081324;404517,752937548;179638,008;4774121,856;769229,16437145;764873,787013199;0,437152834713217;5;0;762;
763;27,3285714285714;22,375829954463;3;10;2;2;6;3;22,375829954463;27,3285714285714;4591,2;332627,712742663;404481,635416424;179614,497817584;4772286,37161302;769276,375467184;764831,802169671;0,437020447665024;5;0;763;
764;27,3761904761905;17,4792682357084;3;10;3;1;1;3;17,4792682357084;27,3761904761905;4599,2;332614,324071182;404467,005788998;179600,741672897;4771102,09004986;769274,782143626;764825,905573349;0,436192668632991;5;0;764;
765;26,6047619047619;11,4814614897985;1;6;1;1;1;1;11,4814614897985;26,6047619047619;4469,6;331807,638431049;403015,862354863;178844,535905342;4713079,52638512;768882,999727021;764611,549464336;0,445022059761228;5;0;765;
766;27,5880952380953;35,4019527427752;8;5;8;7;1;5;35,4019527427752;27,5880952380953;4634,8;332835,165062041;404850,372775128;179806,674005848;4787326,89865149;769367,827974047;764891,189226874;0,433874072472876;5;0;766;
767;27,3083333333333;19,5205396115548;2;6;4;1;3;3;19,5205396115548;27,3083333333333;4587,8;332655,333949563;404528,204942148;179639,136;4774062,67524405;769269,876868221;764851,594410645;0,437462940175103;5;0;767;
768;26,6047619047619;11,4814614897985;1;6;1;1;1;1;11,4814614897985;26,6047619047619;4469,6;331807,638431049;403015,862354863;178844,535905342;4713079,52638512;768882,999727021;764611,549464336;0,445022059761228;5;0;768;
769;27,1095238095238;14,3052872279;1;10;3;1;1;2;14,3052872279;27,1095238095238;4554,4;332448,062827161;404167,191411583;179446,884533721;4759228,68196596;769179,422892953;764792,235270634;0,439708936416704;5;0;769;
770;27,4261904761905;18,5318931647792;4;10;3;1;1;3;18,5318931647792;27,4261904761905;4607,6;332721,834721763;404653,5282712;179702,259740892;4778969,59513848;769303,350038167;764868,397371217;0,435898115823168;5;0;770;
771;27,3761904761905;17,4792682357084;3;10;3;1;1;3;17,4792682357084;27,3761904761905;4599,2;332614,324071182;404467,005788998;179600,741672897;4771102,09004986;769274,782143626;764825,905573349;0,436192668632991;5;0;771;
772;27,0035714285714;14,508879745901;1;6;2;1;1;3;14,508879745901;27,0035714285714;4536,6;332292,976387231;403889,044275698;179299,409349847;4748015,6824495;769040,099052003;764793,756483375;0,440706335054026;5;0;772;
773;26,6047619047619;11,4814614897985;1;6;1;1;1;1;11,4814614897985;26,6047619047619;4469,6;331807,638431049;403015,862354863;178844,535905342;4713079,52638512;768882,999727021;764611,549464336;0,445022059761228;5;0;773;
774;27,3726190476191;15,3573960985271;1;6;3;1;1;3;15,3573960985271;27,3726190476191;4598,6;332586;404420,681336414;179575,968;4769180,64;769209,971581256;764853,240591371;0,436140556279768;5;0;774;
775;27,2535714285714;30,4156887885915;8;9;3;7;1;5;30,4156887885915;27,2535714285714;4578,6;332642,842487182;404516,463917897;179621,536124436;4772723,55800507;769286,718570678;764833,373112728;0,438266989827377;5;0;775;
776;27,3761904761905;17,4792682357084;3;10;3;1;1;3;17,4792682357084;27,3761904761905;4599,2;332614,324071182;404467,005788998;179600,741672897;4771102,09004986;769274,782143626;764825,905573349;0,436192668632991;5;0;776;
777;27,3726190476191;15,3573960985271;1;9;3;1;1;3;15,3573960985271;27,3726190476191;4598,6;332586;404420,681336414;179575,968;4769180,64;769209,971581256;764853,240591371;0,436140556279768;5;0;777;
778;27,5880952380953;35,4019527427752;8;9;8;7;1;5;35,4019527427752;27,5880952380953;4634,8;332835,165062041;404850,372775128;179806,674005848;4787326,89865149;769367,827974047;764891,189226874;0,433874072472876;5;0;778;
779;27,5880952380953;35,4019527427752;8;9;8;7;1;5;35,4019527427752;27,5880952380953;4634,8;332835,165062041;404850,372775128;179806,674005848;4787326,89865149;769367,827974047;764891,189226874;0,433874072472876;5;0;779;
780;27,5880952380953;35,4019527427752;8;9;8;7;1;5;35,4019527427752;27,5880952380953;4634,8;332835,165062041;404850,372775128;179806,674005848;4787326,89865149;769367,827974047;764891,189226874;0,433874072472876;5;0;780;
781;27,3392857142857;17,3926840656251;4;8;2;2;1;2;17,3926840656251;27,3392857142857;4593;332564,258945739;404379,48206885;179552,21470868;4767428,06204726;769231,747949807;764825,039389949;0,436535508818077;5;0;781;
782;27,5880952380953;35,4019527427752;8;6;8;7;1;5;35,4019527427752;27,5880952380953;4634,8;332835,165062041;404850,372775128;179806,674005848;4787326,89865149;769367,827974047;764891,189226874;0,433874072472876;5;0;782;
783;27,5880952380953;35,4019527427752;8;9;8;7;1;5;35,4019527427752;27,5880952380953;4634,8;332835,165062041;404850,372775128;179806,674005848;4787326,89865149;769367,827974047;764891,189226874;0,433874072472876;5;0;783;
784;27,2535714285714;16,4477632064018;1;9;3;1;2;3;16,4477632064018;27,2535714285714;4578,6;332559,055183597;404360,28964979;179551,152;4767505,4392068;769179,376324175;764855,105658514;0,437914515180374;5;0;784;
785;27,1809523809524;20,465799400695;1;9;3;1;6;3;20,465799400695;27,1809523809524;4566,4;332507,705754159;404277,850823536;179498,687768562;4763334,58628657;769181,903731838;764824,597930118;0,438819486444891;5;0;785;
786;27,3619047619048;21,3696024749207;7;9;2;1;1;4;21,3696024749207;27,3619047619048;4596,8;332657,105048274;404543,601199716;179638,308447166;4774129,26315799;769292,06000642;764840,832930812;0,436614311670201;5;0;786;
787;27,5880952380953;35,4019527427752;8;6;8;7;1;5;35,4019527427752;27,5880952380953;4634,8;332835,165062041;404850,372775128;179806,674005848;4787326,89865149;769367,827974047;764891,189226874;0,433874072472876;5;0;787;
788;27,3726190476191;15,3573960985271;1;9;3;1;1;3;15,3573960985271;27,3726190476191;4598,6;332586;404420,681336414;179575,968;4769180,64;769209,971581256;764853,240591371;0,436140556279768;5;0;788;
789;27,2880952380952;37,3609126264581;10;9;8;7;1;5;37,3609126264581;27,2880952380952;4584,4;332616,612385705;404471,813701529;179607,426302371;4771676,46659513;769261,213945002;764836,879964083;0,437668313449733;5;0;789;
790;27,0892857142857;17,4615026289792;5;6;2;1;2;1;17,4615026289792;27,0892857142857;4551;332395,577659236;404073,107246914;179401,128;4755830,688;769237,250628711;764720,847727333;0,439817982944166;5;0;790;
791;27,3714285714286;16,3770816817702;2;8;2;2;1;3;16,3770816817702;27,3714285714286;4598,4;332628,545183411;404477,834077592;179616,560012592;4772387,04287204;769240,363813793;764854,680612697;0,436337975067538;5;0;791;
792;27,1095238095238;14,3052872279;1;9;3;1;1;2;14,3052872279;27,1095238095238;4554,4;332448,062827161;404167,191411583;179446,884533721;4759228,68196596;769179,422892953;764792,235270634;0,439708936416704;5;0;792;
793;27,5392857142857;20,3914664137447;7;9;2;1;1;3;20,3914664137447;27,5392857142857;4626,6;332760,770916162;404722,799827071;179742,736677501;4782125,16277883;769343,869984153;764864,453045849;0,434300276926564;5;0;793;
794;27,3023809523809;15,3057711067066;3;9;3;1;1;1;15,3057711067066;27,3023809523809;4586,8;332575,2;404389,354282367;179564,940278169;4768400,448;769276,120103945;764800,869670716;0,437189590153348;5;0;794;
795;27,3726190476191;15,3573960985271;1;9;3;1;1;3;15,3573960985271;27,3726190476191;4598,6;332586;404420,681336414;179575,968;4769180,64;769209,971581256;764853,240591371;0,436140556279768;5;0;795;
796;27,2535714285714;16,4477632064018;1;9;3;2;1;3;16,4477632064018;27,2535714285714;4578,6;332559,055183597;404360,28964979;179551,152;4767505,4392068;769179,376324175;764855,105658514;0,437914515180374;5;0;796;
797;27,2809523809524;33,3432209814963;6;9;8;7;1;5;33,3432209814963;27,2809523809524;4583,2;332671,873458528;404565,081394683;179651,711746233;4775162,112;769283,967983413;764853,178778833;0,437974238024486;5;0;797;
798;27,5880952380953;35,4019527427752;8;9;8;7;1;5;35,4019527427752;27,5880952380953;4634,8;332835,165062041;404850,372775128;179806,674005848;4787326,89865149;769367,827974047;764891,189226874;0,433874072472876;5;0;798;
799;27,2440476190476;17,4092110944986;5;6;2;1;1;2;17,4092110944986;27,2440476190476;4577;332593,270237506;404426,377052375;179578,315616318;4769339,82029608;769275,865443389;764811,752954858;0,438193273733205;5;0;799;
800;26,827380952381;13,4411156932339;1;6;1;1;1;3;13,4411156932339;26,827380952381;4507;332053,511560589;403469,806558276;179074,618139487;4730615,91553505;768847,133629846;764784,285469338;0,442461788948923;5;0;800;
801;27,3761904761905;17,4792682357084;3;10;3;1;1;3;17,4792682357084;27,3761904761905;4599,2;332614,324071182;404467,005788998;179600,741672897;4771102,09004986;769274,782143626;764825,905573349;0,436192668632991;5;0;801;
802;27,2392857142857;32,4427217764606;8;6;8;4;1;5;32,4427217764606;27,2392857142857;4576,2;332619,586187387;404472,707146999;179605,296;4771521,216;769257,806612495;764839,930494457;0,438411261757437;5;0;802;
803;26,8202380952381;12,3353129896935;1;8;1;1;1;2;12,3353129896935;26,8202380952381;4505,8;332063,865792407;403510,760155107;179080,743505291;4731146,98591607;768872,352620338;764778,45675885;0,442638380041009;5;0;803;
804;27,3726190476191;15,3573960985271;1;6;3;1;1;3;15,3573960985271;27,3726190476191;4598,6;332586;404420,681336414;179575,968;4769180,64;769209,971581256;764853,240591371;0,436140556279768;5;0;804;
805;26,827380952381;13,4411156932339;1;6;1;1;1;3;13,4411156932339;26,827380952381;4507;332053,511560589;403469,806558276;179074,618139487;4730615,91553505;768847,133629846;764784,285469338;0,442461788948923;5;0;805;
806;27,3904761904762;16,4810934821267;3;10;2;1;1;3;16,4810934821267;27,3904761904762;4601,6;332594,844649314;404423,415465651;179586,990771574;4770235,56600366;769266,469067739;764817,455440331;0,435897623890421;5;0;806;
807;27,3023809523809;15,3057711067066;3;9;3;1;1;1;15,3057711067066;27,3023809523809;4586,8;332575,2;404389,354282367;179564,940278169;4768400,448;769276,120103945;764800,869670716;0,437189590153348;5;0;807;
808;27,5880952380953;35,4019527427752;8;9;8;7;1;5;35,4019527427752;27,5880952380953;4634,8;332835,165062041;404850,372775128;179806,674005848;4787326,89865149;769367,827974047;764891,189226874;0,433874072472876;5;0;808;
809;27,3726190476191;15,3573960985271;1;9;3;1;1;3;15,3573960985271;27,3726190476191;4598,6;332586;404420,681336414;179575,968;4769180,64;769209,971581256;764853,240591371;0,436140556279768;5;0;809;
810;27,3023809523809;15,3057711067066;3;10;3;1;1;1;15,3057711067066;27,3023809523809;4586,8;332575,2;404389,354282367;179564,940278169;4768400,448;769276,120103945;764800,869670716;0,437189590153348;5;0;810;
811;27,2988095238095;16,4676727859237;1;9;5;2;1;1;16,4676727859237;27,2988095238095;4586,2;332611,371209206;404455,342615221;179599,131104276;4771080,40648282;769261,346494642;764831,760409139;0,437425026237404;5;0;811;
812;27,3369047619048;16,278125885804;3;9;3;1;1;2;16,278125885804;27,3369047619048;4592,6;332683,697822964;404593,467083353;179667,033534429;4776256,74788496;769289,823407523;764856,857226489;0,437141227294002;5;0;812;
813;26,6238095238095;18,4520022698132;1;6;1;1;8;1;18,4520022698132;26,6238095238095;4472,8;331844,552753377;403100,348000337;178878,331970145;4715659,0979483;768919,9787313;764611,958867539;0,444876797845648;5;0;813;
814;26,6047619047619;11,4814614897985;1;6;1;1;1;1;11,4814614897985;26,6047619047619;4469,6;331807,638431049;403015,862354863;178844,535905342;4713079,52638512;768882,999727021;764611,549464336;0,445022059761228;5;0;814;
815;27,3095238095238;22,4575838965562;3;9;3;3;1;6;22,4575838965562;27,3095238095238;4588;332620,749945547;404491,497583278;179604,318862348;4771456,84965593;769295,292265908;764819,47828918;0,437271420978584;5;0;815;
816;26,8202380952381;12,3353129896935;1;8;1;1;1;2;12,3353129896935;26,8202380952381;4505,8;332063,865792407;403510,760155107;179080,743505291;4731146,98591607;768872,352620338;764778,45675885;0,442638380041009;5;0;816;
817;26,827380952381;13,4411156932339;1;6;1;1;1;3;13,4411156932339;26,827380952381;4507;332053,511560589;403469,806558276;179074,618139487;4730615,91553505;768847,133629846;764784,285469338;0,442461788948923;5;0;817;
818;26,9797619047619;17,4031357764913;1;4;1;1;1;7;17,4031357764913;26,9797619047619;4532,6;332232,013308924;403792,769078182;179239,288554168;4743364,05228216;768935,568175303;764829,841646135;0,440788347094233;5;0;818;
819;27,0928571428571;14,3183505717182;1;6;3;1;2;1;14,3183505717182;27,0928571428571;4551,6;332287,2;403887,220521622;179297,288079986;4747851,18143905;769086,40190333;764759,72422397;0,439269459921695;5;0;819;
820;26,8202380952381;12,3353129896935;1;8;1;1;1;2;12,3353129896935;26,8202380952381;4505,8;332063,865792407;403510,760155107;179080,743505291;4731146,98591607;768872,352620338;764778,45675885;0,442638380041009;5;0;820;
821;27,3428571428571;23,4604661889262;1;9;7;3;1;5;23,4604661889262;27,3428571428571;4593,6;332656,209488214;404535,024800172;179638,959757751;4774103,57105385;769305,336226155;764829,204102521;0,436908258340124;5;0;821;
822;27,3726190476191;15,3573960985271;1;9;3;1;1;3;15,3573960985271;27,3726190476191;4598,6;332586;404420,681336414;179575,968;4769180,64;769209,971581256;764853,240591371;0,436140556279768;5;0;822;
823;27,2535714285714;16,4477632064018;1;9;3;2;1;3;16,4477632064018;27,2535714285714;4578,6;332559,055183597;404360,28964979;179551,152;4767505,4392068;769179,376324175;764855,105658514;0,437914515180374;5;0;823;
824;27,2630952380952;20,5283051902104;3;10;3;1;1;6;20,5283051902104;27,2630952380952;4580,2;332559,66993931;404367,832023884;179548,112317124;4767051,89017596;769237,746393604;764818,940604883;0,437737997921009;5;0;824;
825;27,3726190476191;15,3573960985271;1;6;3;1;1;3;15,3573960985271;27,3726190476191;4598,6;332586;404420,681336414;179575,968;4769180,64;769209,971581256;764853,240591371;0,436140556279768;5;0;825;
826;26,827380952381;13,4411156932339;1;6;1;1;1;3;13,4411156932339;26,827380952381;4507;332053,511560589;403469,806558276;179074,618139487;4730615,91553505;768847,133629846;764784,285469338;0,442461788948923;5;0;826;
827;27,3726190476191;15,3573960985271;1;9;3;1;1;3;15,3573960985271;27,3726190476191;4598,6;332586;404420,681336414;179575,968;4769180,64;769209,971581256;764853,240591371;0,436140556279768;5;0;827;
828;26,6047619047619;11,4814614897985;1;6;1;1;1;1;11,4814614897985;26,6047619047619;4469,6;331807,638431049;403015,862354863;178844,535905342;4713079,52638512;768882,999727021;764611,549464336;0,445022059761228;5;0;828;
829;27,3761904761905;17,4792682357084;3;10;3;1;1;3;17,4792682357084;27,3761904761905;4599,2;332614,324071182;404467,005788998;179600,741672897;4771102,09004986;769274,782143626;764825,905573349;0,436192668632991;5;0;829;
830;27,3726190476191;15,3573960985271;1;9;3;1;1;3;15,3573960985271;27,3726190476191;4598,6;332586;404420,681336414;179575,968;4769180,64;769209,971581256;764853,240591371;0,436140556279768;5;0;830;
831;26,6047619047619;11,4814614897985;1;6;1;1;1;1;11,4814614897985;26,6047619047619;4469,6;331807,638431049;403015,862354863;178844,535905342;4713079,52638512;768882,999727021;764611,549464336;0,445022059761228;5;0;831;
832;27,2369047619048;16,3964401991178;2;10;3;1;1;3;16,3964401991178;27,2369047619048;4575,8;332638,718146629;404502,521840318;179621,088;4772730,35059888;769269,068418304;764841,579288972;0,438520558867743;5;0;832;
833;27,4309523809524;25,325310156983;9;6;5;1;1;3;25,325310156983;27,4309523809524;4608,4;332691,709833975;404601,064494042;179682,006575147;4777416,43312035;769327,740879433;764834,985584594;0,43572493671302;5;0;833;
834;27,2416666666667;18,2948926558566;5;9;2;1;1;3;18,2948926558566;27,2416666666667;4576,6;332587,111555712;404415,617627975;179576,546796603;4769317,83868684;769275,352508266;764808,832068342;0,438221787345255;5;0;834;
835;26,827380952381;13,4411156932339;1;6;1;1;1;3;13,4411156932339;26,827380952381;4507;332053,511560589;403469,806558276;179074,618139487;4730615,91553505;768847,133629846;764784,285469338;0,442461788948923;5;0;835;
836;26,6047619047619;11,4814614897985;1;6;1;1;1;1;11,4814614897985;26,6047619047619;4469,6;331807,638431049;403015,862354863;178844,535905342;4713079,52638512;768882,999727021;764611,549464336;0,445022059761228;5;0;836;
837;27,5880952380953;35,4019527427752;8;8;8;7;1;5;35,4019527427752;27,5880952380953;4634,8;332835,165062041;404850,372775128;179806,674005848;4787326,89865149;769367,827974047;764891,189226874;0,433874072472876;5;0;837;
838;27,3761904761905;17,4792682357084;3;10;3;1;1;3;17,4792682357084;27,3761904761905;4599,2;332614,324071182;404467,005788998;179600,741672897;4771102,09004986;769274,782143626;764825,905573349;0,436192668632991;5;0;838;
839;27,3023809523809;15,3057711067066;3;8;3;1;1;1;15,3057711067066;27,3023809523809;4586,8;332575,2;404389,354282367;179564,940278169;4768400,448;769276,120103945;764800,869670716;0,437189590153348;5;0;839;
840;27,15;15,4194238360703;3;10;1;1;1;3;15,4194238360703;27,15;4561,2;332528,878092008;404314,926919749;179522,897302104;4765070,91148567;769201,41096236;764824,660288242;0,439436638510452;5;0;840;
841;27,3726190476191;15,3573960985271;1;6;3;1;1;3;15,3573960985271;27,3726190476191;4598,6;332586;404420,681336414;179575,968;4769180,64;769209,971581256;764853,240591371;0,436140556279768;5;0;841;
842;26,8202380952381;12,3353129896935;1;8;1;1;1;2;12,3353129896935;26,8202380952381;4505,8;332063,865792407;403510,760155107;179080,743505291;4731146,98591607;768872,352620338;764778,45675885;0,442638380041009;5;0;842;
843;26,8202380952381;12,3353129896935;1;8;1;1;1;2;12,3353129896935;26,8202380952381;4505,8;332063,865792407;403510,760155107;179080,743505291;4731146,98591607;768872,352620338;764778,45675885;0,442638380041009;5;0;843;
844;27,327380952381;23,5035053645501;7;10;2;1;1;6;23,5035053645501;27,327380952381;4591;332669,082928538;404554,667344311;179657,436545609;4775513,11577032;769264,931435128;764862,69501027;0,437243720028329;5;0;844;
845;27,2523809523809;29,4021089681089;5;6;10;6;1;1;29,4021089681089;27,2523809523809;4578,4;332543,647734492;404339,97932947;179534,517978367;4766061,00821664;769240,223321466;764807,977820954;0,43785109577003;5;0;845;
846;27,3761904761905;17,4792682357084;3;9;3;1;1;3;17,4792682357084;27,3761904761905;4599,2;332614,324071182;404467,005788998;179600,741672897;4771102,09004986;769274,782143626;764825,905573349;0,436192668632991;5;0;846;
847;27,5880952380953;35,4019527427752;8;9;8;7;1;5;35,4019527427752;27,5880952380953;4634,8;332835,165062041;404850,372775128;179806,674005848;4787326,89865149;769367,827974047;764891,189226874;0,433874072472876;5;0;847;
848;27,5880952380953;35,4019527427752;8;9;8;7;1;5;35,4019527427752;27,5880952380953;4634,8;332835,165062041;404850,372775128;179806,674005848;4787326,89865149;769367,827974047;764891,189226874;0,433874072472876;5;0;848;
849;27,3726190476191;15,3573960985271;1;9;3;1;1;3;15,3573960985271;27,3726190476191;4598,6;332586;404420,681336414;179575,968;4769180,64;769209,971581256;764853,240591371;0,436140556279768;5;0;849;
850;27,3023809523809;15,3057711067066;3;10;3;1;1;1;15,3057711067066;27,3023809523809;4586,8;332575,2;404389,354282367;179564,940278169;4768400,448;769276,120103945;764800,869670716;0,437189590153348;5;0;850;
851;27,3726190476191;15,3573960985271;1;7;3;1;1;3;15,3573960985271;27,3726190476191;4598,6;332586;404420,681336414;179575,968;4769180,64;769209,971581256;764853,240591371;0,436140556279768;5;0;851;
852;26,6047619047619;11,4814614897985;1;6;1;1;1;1;11,4814614897985;26,6047619047619;4469,6;331807,638431049;403015,862354863;178844,535905342;4713079,52638512;768882,999727021;764611,549464336;0,445022059761228;5;0;852;
853;27,3726190476191;15,3573960985271;1;9;3;1;1;3;15,3573960985271;27,3726190476191;4598,6;332586;404420,681336414;179575,968;4769180,64;769209,971581256;764853,240591371;0,436140556279768;5;0;853;
854;27,2119047619047;13,4465016627455;1;9;3;1;1;1;13,4465016627455;27,2119047619047;4571,6;332427,091756605;404146,437128666;179418,942737765;4757435,77648499;769184,447088749;764780,096412899;0,437944470557273;5;0;854;
855;27,1011904761905;14,2975495403664;3;9;2;1;1;1;14,2975495403664;27,1011904761905;4553;332379,166675451;404044,13949335;179380,824;4754375,69544021;769258,681072898;764697,257046069;0,439529299613764;5;0;855;
856;26,6047619047619;11,4814614897985;1;6;1;1;1;1;11,4814614897985;26,6047619047619;4469,6;331807,638431049;403015,862354863;178844,535905342;4713079,52638512;768882,999727021;764611,549464336;0,445022059761228;5;0;856;
857;26,827380952381;13,4411156932339;1;6;1;1;1;3;13,4411156932339;26,827380952381;4507;332053,511560589;403469,806558276;179074,618139487;4730615,91553505;768847,133629846;764784,285469338;0,442461788948923;5;0;857;
858;26,9892857142857;21,4486982927023;1;6;1;3;7;3;21,4486982927023;26,9892857142857;4534,2;332265,306447168;403846,110784819;179273,107254492;4745998,26987036;768950,696850424;764838,577133873;0,440801461513039;5;0;858;
859;27,5392857142857;20,3914664137447;7;9;2;1;1;3;20,3914664137447;27,5392857142857;4626,6;332760,770916162;404722,799827071;179742,736677501;4782125,16277883;769343,869984153;764864,453045849;0,434300276926564;5;0;859;
860;26,8202380952381;12,3353129896935;1;6;1;1;1;2;12,3353129896935;26,8202380952381;4505,8;332063,865792407;403510,760155107;179080,743505291;4731146,98591607;768872,352620338;764778,45675885;0,442638380041009;5;0;860;
861;27,4440476190476;33,2096468327709;8;9;8;5;1;5;33,2096468327709;27,4440476190476;4610,6;332688,913124573;404597,210043122;179671,808882427;4776620,8472339;769319,319431549;764838,335769307;0,435464713893918;5;0;861;
862;26,6047619047619;11,4814614897985;1;6;1;1;1;1;11,4814614897985;26,6047619047619;4469,6;331807,638431049;403015,862354863;178844,535905342;4713079,52638512;768882,999727021;764611,549464336;0,445022059761228;5;0;862;
863;27,1440476190476;16,4681041562077;5;8;1;1;1;2;16,4681041562077;27,1440476190476;4560,2;332458,872520888;404182,283688613;179456,542020073;4760087,75519459;769222,839709364;764766,193660182;0,4392057615995;5;0;863;
864;27,3726190476191;15,3573960985271;1;9;3;1;1;3;15,3573960985271;27,3726190476191;4598,6;332586;404420,681336414;179575,968;4769180,64;769209,971581256;764853,240591371;0,436140556279768;5;0;864;
865;26,8071428571429;12,4368077102845;2;6;1;1;1;1;12,4368077102845;26,8071428571429;4503,6;332011,286594615;403386,929667095;179035,825581121;4727754,94670534;769151,530917001;764551,243145734;0,442630141312183;5;0;865;
866;27,2440476190476;19,3161917321632;6;6;1;2;1;3;19,3161917321632;27,2440476190476;4577;332555,349539905;404349,480491896;179544,697778957;4766873,11735428;769259,609118282;764797,586563236;0,438032892401699;5;0;866;
867;27,3023809523809;15,3057711067066;3;9;3;1;1;1;15,3057711067066;27,3023809523809;4586,8;332575,2;404389,354282367;179564,940278169;4768400,448;769276,120103945;764800,869670716;0,437189590153348;5;0;867;
868;27,4488095238095;19,2660273957774;3;10;5;1;1;3;19,2660273957774;27,4488095238095;4611,4;332735,604663492;404673,093417793;179720,292631255;4780203,2906469;769349,211675117;764847,08403964;0,435612162658681;5;0;868;
869;27,3726190476191;15,3573960985271;1;9;3;1;1;3;15,3573960985271;27,3726190476191;4598,6;332586;404420,681336414;179575,968;4769180,64;769209,971581256;764853,240591371;0,436140556279768;5;0;869;
870;27,3726190476191;15,3573960985271;1;9;3;1;1;3;15,3573960985271;27,3726190476191;4598,6;332586;404420,681336414;179575,968;4769180,64;769209,971581256;764853,240591371;0,436140556279768;5;0;870;
871;27,3726190476191;15,3573960985271;1;9;3;1;1;3;15,3573960985271;27,3726190476191;4598,6;332586;404420,681336414;179575,968;4769180,64;769209,971581256;764853,240591371;0,436140556279768;5;0;871;
872;27,3023809523809;15,3057711067066;3;10;3;1;1;1;15,3057711067066;27,3023809523809;4586,8;332575,2;404389,354282367;179564,940278169;4768400,448;769276,120103945;764800,869670716;0,437189590153348;5;0;872;
873;26,6047619047619;11,4814614897985;1;6;1;1;1;1;11,4814614897985;26,6047619047619;4469,6;331807,638431049;403015,862354863;178844,535905342;4713079,52638512;768882,999727021;764611,549464336;0,445022059761228;5;0;873;
874;27,3916666666667;20,3392614729518;2;10;3;1;5;3;20,3392614729518;27,3916666666667;4601,8;332631,732604381;404496,188938385;179617,472751343;4772459,55110977;769256,953317227;764847,591647866;0,43603192998358;5;0;874;
875;27,3023809523809;15,3057711067066;3;8;3;1;1;1;15,3057711067066;27,3023809523809;4586,8;332575,2;404389,354282367;179564,940278169;4768400,448;769276,120103945;764800,869670716;0,437189590153348;5;0;875;
876;27,5392857142857;20,3914664137447;7;9;2;1;1;3;20,3914664137447;27,5392857142857;4626,6;332760,770916162;404722,799827071;179742,736677501;4782125,16277883;769343,869984153;764864,453045849;0,434300276926564;5;0;876;
877;26,6047619047619;11,4814614897985;1;6;1;1;1;1;11,4814614897985;26,6047619047619;4469,6;331807,638431049;403015,862354863;178844,535905342;4713079,52638512;768882,999727021;764611,549464336;0,445022059761228;5;0;877;
878;27,3726190476191;15,3573960985271;1;9;3;1;1;3;15,3573960985271;27,3726190476191;4598,6;332586;404420,681336414;179575,968;4769180,64;769209,971581256;764853,240591371;0,436140556279768;5;0;878;
879;26,6047619047619;11,4814614897985;1;6;1;1;1;1;11,4814614897985;26,6047619047619;4469,6;331807,638431049;403015,862354863;178844,535905342;4713079,52638512;768882,999727021;764611,549464336;0,445022059761228;5;0;879;
880;27,5392857142857;20,3914664137447;7;9;2;1;1;3;20,3914664137447;27,5392857142857;4626,6;332760,770916162;404722,799827071;179742,736677501;4782125,16277883;769343,869984153;764864,453045849;0,434300276926564;5;0;880;
881;27,4190476190476;18,3793932936299;4;8;2;2;1;3;18,3793932936299;27,4190476190476;4606,4;332670,660496551;404564,798117661;179657,557083956;4775446,75191337;769310,658285676;764835,357585618;0,435784291406974;5;0;881;
882;27,2095238095238;16,3183285977089;1;6;4;1;1;3;16,3183285977089;27,2095238095238;4571,2;332591,452271388;404422,535396787;179580,496841501;4769615,18938911;769233,261300335;764840,021782011;0,438782763235615;5;0;882;
883;27,4488095238095;19,2660273957774;3;10;5;1;1;3;19,2660273957774;27,4488095238095;4611,4;332735,604663492;404673,093417793;179720,292631255;4780203,2906469;769349,211675117;764847,08403964;0,435612162658681;5;0;883;
884;27,5880952380953;35,4019527427752;8;9;8;7;1;5;35,4019527427752;27,5880952380953;4634,8;332835,165062041;404850,372775128;179806,674005848;4787326,89865149;769367,827974047;764891,189226874;0,433874072472876;5;0;884;
885;27,3261904761905;18,384651005022;6;9;3;1;1;1;18,384651005022;27,3261904761905;4590,8;332609,292698149;404450,195892296;179603,232542871;4771289,37486906;769323,055986017;764788,609700459;0,437003921773802;5;0;885;
886;27,4488095238095;19,2660273957774;3;10;5;1;1;3;19,2660273957774;27,4488095238095;4611,4;332735,604663492;404673,093417793;179720,292631255;4780203,2906469;769349,211675117;764847,08403964;0,435612162658681;5;0;886;
887;27,5392857142857;20,3914664137447;7;9;2;1;1;3;20,3914664137447;27,5392857142857;4626,6;332760,770916162;404722,799827071;179742,736677501;4782125,16277883;769343,869984153;764864,453045849;0,434300276926564;5;0;887;
888;27,5880952380953;35,4019527427752;8;5;8;7;1;5;35,4019527427752;27,5880952380953;4634,8;332835,165062041;404850,372775128;179806,674005848;4787326,89865149;769367,827974047;764891,189226874;0,433874072472876;5;0;888;
889;26,8202380952381;12,3353129896935;1;8;1;1;1;2;12,3353129896935;26,8202380952381;4505,8;332063,865792407;403510,760155107;179080,743505291;4731146,98591607;768872,352620338;764778,45675885;0,442638380041009;5;0;889;
890;27,2464285714286;14,4205659733475;2;9;3;1;1;1;14,4205659733475;27,2464285714286;4577,4;332546,19815435;404343,573054291;179537,626288943;4766332,99775677;769289,965293037;764774,461327834;0,437968923035387;5;0;890;
891;27,4119047619048;22,299794464157;7;9;3;1;1;4;22,299794464157;27,4119047619048;4605,2;332645,028692765;404506,682740783;179631,207408401;4773519,7733667;769267,412794103;764847,078697202;0,435768052086327;5;0;891;
892;27,1071428571429;15,4518139963841;1;6;1;1;1;5;15,4518139963841;27,1071428571429;4554;332278,21502076;403870,400578467;179286,845365733;4747022,31971313;768971,499401628;764831,636868367;0,438948864628054;5;0;892;
893;27,3035714285714;18,4672865294709;5;4;2;1;1;3;18,4672865294709;27,3035714285714;4587;332625,059762384;404479,680801448;179616,576;4772388,096;769302,583562113;764812,460821094;0,437435751854809;5;0;893;
894;27,3726190476191;15,3573960985271;1;10;3;1;1;3;15,3573960985271;27,3726190476191;4598,6;332586;404420,681336414;179575,968;4769180,64;769209,971581256;764853,240591371;0,436140556279768;5;0;894;
895;27,2119047619047;20,4089243448545;1;9;3;3;1;6;20,4089243448545;27,2119047619047;4571,6;332516,054509316;404279,480802811;179512,558569478;4764499,488;769134,66222868;764856,721120343;0,438406254580956;5;0;895;
896;27,3023809523809;15,3057711067066;3;9;3;1;1;1;15,3057711067066;27,3023809523809;4586,8;332575,2;404389,354282367;179564,940278169;4768400,448;769276,120103945;764800,869670716;0,437189590153348;5;0;896;
897;26,6047619047619;11,4814614897985;1;6;1;1;1;1;11,4814614897985;26,6047619047619;4469,6;331807,638431049;403015,862354863;178844,535905342;4713079,52638512;768882,999727021;764611,549464336;0,445022059761228;5;0;897;
898;27,4261904761905;18,5318931647792;4;10;3;1;1;3;18,5318931647792;27,4261904761905;4607,6;332721,834721763;404653,5282712;179702,259740892;4778969,59513848;769303,350038167;764868,397371217;0,435898115823168;5;0;898;
899;27,052380952381;17,3971418554333;1;6;1;1;1;7;17,3971418554333;27,052380952381;4544,8;332281,2;403871,376685698;179288,328;4747161,888;768940,546832027;764853,342807858;0,439858024605065;5;0;899;
900;26,9142857142857;13,4319867976342;1;4;1;1;1;3;13,4319867976342;26,9142857142857;4521,6;332133,911560589;403604,482981542;179152,450139487;4736712,83131601;768908,565903461;764788,24538145;0,44142114322163;5;0;900;
901;27,2833333333333;17,4628014376646;4;10;3;1;1;2;17,4628014376646;27,2833333333333;4583,6;332565,429355964;404379,21601173;179552,586450838;4767479,4506339;769245,466944739;764816,905208658;0,437440089913756;5;0;901;
902;27,4190476190476;18,3793932936299;4;8;2;2;1;3;18,3793932936299;27,4190476190476;4606,4;332670,660496551;404564,798117661;179657,557083956;4775446,75191337;769310,658285676;764835,357585618;0,435784291406974;5;0;902;
903;27,1095238095238;14,3052872279;1;8;3;1;1;2;14,3052872279;27,1095238095238;4554,4;332448,062827161;404167,191411583;179446,884533721;4759228,68196596;769179,422892953;764792,235270634;0,439708936416704;5;0;903;
904;26,652380952381;17,3256044545069;1;6;1;1;7;1;17,3256044545069;26,652380952381;4477,6;331856,087167338;403119,607299865;178891,272;4716561,024;768937,858959502;764606,133797338;0,444450777347593;5;0;904;
905;26,827380952381;13,4411156932339;1;6;1;1;1;3;13,4411156932339;26,827380952381;4507;332053,511560589;403469,806558276;179074,618139487;4730615,91553505;768847,133629846;764784,285469338;0,442461788948923;5;0;905;
906;26,8202380952381;12,3353129896935;1;8;1;1;1;2;12,3353129896935;26,8202380952381;4505,8;332063,865792407;403510,760155107;179080,743505291;4731146,98591607;768872,352620338;764778,45675885;0,442638380041009;5;0;906;
907;26,8202380952381;12,3353129896935;1;8;1;1;1;2;12,3353129896935;26,8202380952381;4505,8;332063,865792407;403510,760155107;179080,743505291;4731146,98591607;768872,352620338;764778,45675885;0,442638380041009;5;0;907;
908;27,3761904761905;17,4792682357084;3;10;3;1;1;3;17,4792682357084;27,3761904761905;4599,2;332614,324071182;404467,005788998;179600,741672897;4771102,09004986;769274,782143626;764825,905573349;0,436192668632991;5;0;908;
909;26,8785714285714;14,4869901707792;1;8;1;1;3;2;14,4869901707792;26,8785714285714;4515,6;332176,145512809;403683,019692405;179189,004295917;4739517,02715234;768957,207382956;764781,530042953;0,442214657067059;5;0;909;
910;27,5880952380953;35,4019527427752;8;6;8;7;1;5;35,4019527427752;27,5880952380953;4634,8;332835,165062041;404850,372775128;179806,674005848;4787326,89865149;769367,827974047;764891,189226874;0,433874072472876;5;0;910;
911;27,4488095238095;19,2660273957774;3;10;5;1;1;3;19,2660273957774;27,4488095238095;4611,4;332735,604663492;404673,093417793;179720,292631255;4780203,2906469;769349,211675117;764847,08403964;0,435612162658681;5;0;911;
912;26,8202380952381;12,3353129896935;1;8;1;1;1;2;12,3353129896935;26,8202380952381;4505,8;332063,865792407;403510,760155107;179080,743505291;4731146,98591607;768872,352620338;764778,45675885;0,442638380041009;5;0;912;
913;26,8202380952381;12,3353129896935;1;8;1;1;1;2;12,3353129896935;26,8202380952381;4505,8;332063,865792407;403510,760155107;179080,743505291;4731146,98591607;768872,352620338;764778,45675885;0,442638380041009;5;0;913;
914;26,827380952381;13,4411156932339;1;6;1;1;1;3;13,4411156932339;26,827380952381;4507;332053,511560589;403469,806558276;179074,618139487;4730615,91553505;768847,133629846;764784,285469338;0,442461788948923;5;0;914;
915;26,6047619047619;11,4814614897985;1;6;1;1;1;1;11,4814614897985;26,6047619047619;4469,6;331807,638431049;403015,862354863;178844,535905342;4713079,52638512;768882,999727021;764611,549464336;0,445022059761228;5;0;915;
916;27,2119047619047;16,4077123892833;4;10;3;1;1;1;16,4077123892833;27,2119047619047;4571,6;332519,047813696;404291,769647937;179501,328359797;4763520,91221128;769313,610899119;764743,207906356;0,438338876265237;5;0;916;
917;26,8202380952381;12,3353129896935;1;8;1;1;1;2;12,3353129896935;26,8202380952381;4505,8;332063,865792407;403510,760155107;179080,743505291;4731146,98591607;768872,352620338;764778,45675885;0,442638380041009;5;0;917;
918;27,3023809523809;15,3057711067066;3;9;3;1;1;1;15,3057711067066;27,3023809523809;4586,8;332575,2;404389,354282367;179564,940278169;4768400,448;769276,120103945;764800,869670716;0,437189590153348;5;0;918;
919;26,9273809523809;17,3923455167005;1;2;1;1;1;7;17,3923455167005;26,9273809523809;4523,8;332182,611588554;403687,688300142;179194,872354831;4739855,79092344;768900,108771382;764821,715649661;0,44141499236713;5;0;919;
920;27,1011904761905;14,2975495403664;3;10;2;1;1;1;14,2975495403664;27,1011904761905;4553;332379,166675451;404044,13949335;179380,824;4754375,69544021;769258,681072898;764697,257046069;0,439529299613764;5;0;920;
921;27,2464285714286;14,4205659733475;2;9;3;1;1;1;14,4205659733475;27,2464285714286;4577,4;332546,19815435;404343,573054291;179537,626288943;4766332,99775677;769289,965293037;764774,461327834;0,437968923035387;5;0;921;
922;27,3904761904762;16,4810934821267;3;10;2;1;1;3;16,4810934821267;27,3904761904762;4601,6;332594,844649314;404423,415465651;179586,990771574;4770235,56600366;769266,469067739;764817,455440331;0,435897623890421;5;0;922;
923;27,2369047619048;20,4164977440303;4;10;3;1;1;5;20,4164977440303;27,2369047619048;4575,8;332570,888787906;404390,98971821;179560,176;4768057,08120117;769230,613288548;764829,92847665;0,438218674624999;5;0;923;
924;27,3869047619048;17,2775403213966;4;8;2;1;1;3;17,2775403213966;27,3869047619048;4601;332671,194096837;404551,541187607;179658,312;4775595,552;769301,222288167;764835,251308989;0,436296217907738;5;0;924;
925;26,827380952381;13,4411156932339;1;6;1;1;1;3;13,4411156932339;26,827380952381;4507;332053,511560589;403469,806558276;179074,618139487;4730615,91553505;768847,133629846;764784,285469338;0,442461788948923;5;0;925;
926;27,5392857142857;20,3914664137447;7;6;2;1;1;3;20,3914664137447;27,5392857142857;4626,6;332760,770916162;404722,799827071;179742,736677501;4782125,16277883;769343,869984153;764864,453045849;0,434300276926564;5;0;926;
927;26,6047619047619;11,4814614897985;1;6;1;1;1;1;11,4814614897985;26,6047619047619;4469,6;331807,638431049;403015,862354863;178844,535905342;4713079,52638512;768882,999727021;764611,549464336;0,445022059761228;5;0;927;
928;26,5690476190476;13,4448751414231;1;6;1;3;1;1;13,4448751414231;26,5690476190476;4463,6;331804,8;403026,746887426;178841,64;4712746,752;768913,515303989;764592,887205574;0,445584992214663;5;0;928;
929;27,3726190476191;15,3573960985271;1;9;3;1;1;3;15,3573960985271;27,3726190476191;4598,6;332586;404420,681336414;179575,968;4769180,64;769209,971581256;764853,240591371;0,436140556279768;5;0;929;
930;27,5880952380953;35,4019527427752;8;6;8;7;1;5;35,4019527427752;27,5880952380953;4634,8;332835,165062041;404850,372775128;179806,674005848;4787326,89865149;769367,827974047;764891,189226874;0,433874072472876;5;0;930;
931;27,4261904761905;18,5318931647792;4;10;3;1;1;3;18,5318931647792;27,4261904761905;4607,6;332721,834721763;404653,5282712;179702,259740892;4778969,59513848;769303,350038167;764868,397371217;0,435898115823168;5;0;931;
932;27,4488095238095;19,2660273957774;3;10;5;1;1;3;19,2660273957774;27,4488095238095;4611,4;332735,604663492;404673,093417793;179720,292631255;4780203,2906469;769349,211675117;764847,08403964;0,435612162658681;5;0;932;
933;27,5880952380953;35,4019527427752;8;6;8;7;1;5;35,4019527427752;27,5880952380953;4634,8;332835,165062041;404850,372775128;179806,674005848;4787326,89865149;769367,827974047;764891,189226874;0,433874072472876;5;0;933;
934;27,4261904761905;18,5318931647792;4;10;3;1;1;3;18,5318931647792;27,4261904761905;4607,6;332721,834721763;404653,5282712;179702,259740892;4778969,59513848;769303,350038167;764868,397371217;0,435898115823168;5;0;934;
935;27,3821428571429;19,2873501346353;1;9;9;1;1;1;19,2873501346353;27,3821428571429;4600,2;332692,529396846;404605,655288278;179681,518068247;4777395,74199597;769289,91861923;764861,039065499;0,436496870004904;5;0;935;
936;26,8202380952381;12,3353129896935;1;8;1;1;1;2;12,3353129896935;26,8202380952381;4505,8;332063,865792407;403510,760155107;179080,743505291;4731146,98591607;768872,352620338;764778,45675885;0,442638380041009;5;0;936;
937;26,8202380952381;12,3353129896935;1;6;1;1;1;2;12,3353129896935;26,8202380952381;4505,8;332063,865792407;403510,760155107;179080,743505291;4731146,98591607;768872,352620338;764778,45675885;0,442638380041009;5;0;937;
938;26,6047619047619;11,4814614897985;1;6;1;1;1;1;11,4814614897985;26,6047619047619;4469,6;331807,638431049;403015,862354863;178844,535905342;4713079,52638512;768882,999727021;764611,549464336;0,445022059761228;5;0;938;
939;27,2178571428571;17,4654686650146;5;6;1;1;1;3;17,4654686650146;27,2178571428571;4572,6;332620,8;404489,228490325;179607,449095279;4771781,28;769296,861708318;764816,703675241;0,438769305282261;5;0;939;
940;27,5392857142857;20,3914664137447;7;9;2;1;1;3;20,3914664137447;27,5392857142857;4626,6;332760,770916162;404722,799827071;179742,736677501;4782125,16277883;769343,869984153;764864,453045849;0,434300276926564;5;0;940;
941;26,6309523809524;12,3589860233207;1;6;1;2;1;1;12,3589860233207;26,6309523809524;4474;331853,108754495;403105,383006601;178887,114020115;4716329,65607883;768931,638494407;764607,858347623;0,444789232729258;5;0;941;
942;26,6047619047619;11,4814614897985;1;6;1;1;1;1;11,4814614897985;26,6047619047619;4469,6;331807,638431049;403015,862354863;178844,535905342;4713079,52638512;768882,999727021;764611,549464336;0,445022059761228;5;0;942;
943;27,4488095238095;19,2660273957774;3;10;5;1;1;3;19,2660273957774;27,4488095238095;4611,4;332735,604663492;404673,093417793;179720,292631255;4780203,2906469;769349,211675117;764847,08403964;0,435612162658681;5;0;943;
944;26,6047619047619;11,4814614897985;1;5;1;1;1;1;11,4814614897985;26,6047619047619;4469,6;331807,638431049;403015,862354863;178844,535905342;4713079,52638512;768882,999727021;764611,549464336;0,445022059761228;5;0;944;
945;26,6047619047619;11,4814614897985;1;6;1;1;1;1;11,4814614897985;26,6047619047619;4469,6;331807,638431049;403015,862354863;178844,535905342;4713079,52638512;768882,999727021;764611,549464336;0,445022059761228;5;0;945;
946;27,15;15,4194238360703;3;10;1;1;1;3;15,4194238360703;27,15;4561,2;332528,878092008;404314,926919749;179522,897302104;4765070,91148567;769201,41096236;764824,660288242;0,439436638510452;5;0;946;
947;26,8976190476191;12,4107013513997;1;6;2;1;1;1;12,4107013513997;26,8976190476191;4518,8;332177,523588855;403690,376345794;179186,536444391;4739488,42559583;769087,418139246;764695,6353807;0,441885706491048;5;0;947;
948;27,4904761904762;17,4489253585555;1;9;7;1;1;1;17,4489253585555;27,4904761904762;4618,4;332662,800351958;404549,442703833;179645,957661641;4774665,14818065;769297,880598786;764836,210949436;0,434597273351664;5;0;948;
949;27,1095238095238;14,3052872279;1;8;3;1;1;2;14,3052872279;27,1095238095238;4554,4;332448,062827161;404167,191411583;179446,884533721;4759228,68196596;769179,422892953;764792,235270634;0,439708936416704;5;0;949;
950;26,8202380952381;12,3353129896935;1;6;1;1;1;2;12,3353129896935;26,8202380952381;4505,8;332063,865792407;403510,760155107;179080,743505291;4731146,98591607;768872,352620338;764778,45675885;0,442638380041009;5;0;950;
951;27,3892857142857;18,3345311806568;3;9;3;1;1;4;18,3345311806568;27,3892857142857;4601,4;332647,180902014;404520,985485915;179631,862359603;4773580,80428362;769265,120615921;764849,972248628;0,436141449443053;5;0;951;
952;27,2119047619047;13,4465016627455;1;9;3;1;1;1;13,4465016627455;27,2119047619047;4571,6;332427,091756605;404146,437128666;179418,942737765;4757435,77648499;769184,447088749;764780,096412899;0,437944470557273;5;0;952;
953;26,8202380952381;12,3353129896935;1;10;1;1;1;2;12,3353129896935;26,8202380952381;4505,8;332063,865792407;403510,760155107;179080,743505291;4731146,98591607;768872,352620338;764778,45675885;0,442638380041009;5;0;953;
954;26,6047619047619;11,4814614897985;1;5;1;1;1;1;11,4814614897985;26,6047619047619;4469,6;331807,638431049;403015,862354863;178844,535905342;4713079,52638512;768882,999727021;764611,549464336;0,445022059761228;5;0;954;
955;26,6309523809524;12,3589860233207;1;7;1;1;2;1;12,3589860233207;26,6309523809524;4474;331853,108754495;403105,383006601;178887,114020115;4716329,65607883;768931,638494407;764607,858347623;0,444789232729258;5;0;955;
956;27,3726190476191;15,3573960985271;1;9;3;1;1;3;15,3573960985271;27,3726190476191;4598,6;332586;404420,681336414;179575,968;4769180,64;769209,971581256;764853,240591371;0,436140556279768;5;0;956;
957;26,6047619047619;11,4814614897985;1;5;1;1;1;1;11,4814614897985;26,6047619047619;4469,6;331807,638431049;403015,862354863;178844,535905342;4713079,52638512;768882,999727021;764611,549464336;0,445022059761228;5;0;957;
958;27,3785714285714;21,352967373699;7;9;2;2;1;3;21,352967373699;27,3785714285714;4599,6;332621,749758908;404475,763068725;179602,066798678;4771407,13098393;769282,185515358;764824,500959591;0,436166198058764;5;0;958;
959;27,3023809523809;15,3057711067066;3;9;3;1;1;1;15,3057711067066;27,3023809523809;4586,8;332575,2;404389,354282367;179564,940278169;4768400,448;769276,120103945;764800,869670716;0,437189590153348;5;0;959;
960;27,3428571428571;19,4594806212114;6;10;2;1;1;3;19,4594806212114;27,3428571428571;4593,6;332567,404018829;404371,359937791;179559,048;4768019,51863252;769237,33955718;764820,225726957;0,436528005671002;5;0;960;
961;26,6309523809524;12,3589860233207;1;6;1;1;2;1;12,3589860233207;26,6309523809524;4474;331853,108754495;403105,383006601;178887,114020115;4716329,65607883;768931,638494407;764607,858347623;0,444789232729258;5;0;961;
962;26,6047619047619;11,4814614897985;1;5;1;1;1;1;11,4814614897985;26,6047619047619;4469,6;331807,638431049;403015,862354863;178844,535905342;4713079,52638512;768882,999727021;764611,549464336;0,445022059761228;5;0;962;
963;27,3392857142857;19,4570623446035;7;9;2;1;1;2;19,4570623446035;27,3392857142857;4593;332589,141473219;404421,231044053;179577,191837631;4769385,09704908;769262,547950299;764820,063705451;0,436658940998671;5;0;963;
964;26,8202380952381;12,3353129896935;1;8;1;1;1;2;12,3353129896935;26,8202380952381;4505,8;332063,865792407;403510,760155107;179080,743505291;4731146,98591607;768872,352620338;764778,45675885;0,442638380041009;5;0;964;
965;26,8202380952381;12,3353129896935;1;8;1;1;1;2;12,3353129896935;26,8202380952381;4505,8;332063,865792407;403510,760155107;179080,743505291;4731146,98591607;768872,352620338;764778,45675885;0,442638380041009;5;0;965;
966;27,2119047619047;13,4465016627455;1;9;3;1;1;1;13,4465016627455;27,2119047619047;4571,6;332427,091756605;404146,437128666;179418,942737765;4757435,77648499;769184,447088749;764780,096412899;0,437944470557273;5;0;966;
967;26,5690476190476;13,4448751414231;1;5;1;3;1;1;13,4448751414231;26,5690476190476;4463,6;331804,8;403026,746887426;178841,64;4712746,752;768913,515303989;764592,887205574;0,445584992214663;5;0;967;
968;26,9142857142857;13,4319867976342;1;4;1;1;1;3;13,4319867976342;26,9142857142857;4521,6;332133,911560589;403604,482981542;179152,450139487;4736712,83131601;768908,565903461;764788,24538145;0,44142114322163;5;0;968;
969;27,2559523809524;15,4853897101213;2;9;4;1;1;1;15,4853897101213;27,2559523809524;4579;332518,615868371;404304,878543005;179507,927408894;4764042,29501991;769201,526888305;764819,04609877;0,437657097114414;5;0;969;
970;27,2119047619047;13,4465016627455;1;9;3;1;1;1;13,4465016627455;27,2119047619047;4571,6;332427,091756605;404146,437128666;179418,942737765;4757435,77648499;769184,447088749;764780,096412899;0,437944470557273;5;0;970;
971;27,2738095238095;16,4104819732281;1;6;2;5;1;1;16,4104819732281;27,2738095238095;4582;332392,80429338;404073,51464269;179391,361636759;4754989,21079584;769133,663863574;764791,563394578;0,436792665988952;5;0;971;
972;27,5392857142857;20,3914664137447;7;9;2;1;1;3;20,3914664137447;27,5392857142857;4626,6;332760,770916162;404722,799827071;179742,736677501;4782125,16277883;769343,869984153;764864,453045849;0,434300276926564;5;0;972;
973;27,5392857142857;20,3914664137447;7;9;2;1;1;3;20,3914664137447;27,5392857142857;4626,6;332760,770916162;404722,799827071;179742,736677501;4782125,16277883;769343,869984153;764864,453045849;0,434300276926564;5;0;973;
974;26,8202380952381;12,3353129896935;1;6;1;1;1;2;12,3353129896935;26,8202380952381;4505,8;332063,865792407;403510,760155107;179080,743505291;4731146,98591607;768872,352620338;764778,45675885;0,442638380041009;5;0;974;
975;26,9142857142857;13,4319867976342;1;4;1;1;1;3;13,4319867976342;26,9142857142857;4521,6;332133,911560589;403604,482981542;179152,450139487;4736712,83131601;768908,565903461;764788,24538145;0,44142114322163;5;0;975;
976;27,5392857142857;20,3914664137447;7;7;2;1;1;3;20,3914664137447;27,5392857142857;4626,6;332760,770916162;404722,799827071;179742,736677501;4782125,16277883;769343,869984153;764864,453045849;0,434300276926564;5;0;976;
977;27,0904761904762;14,2968777795976;1;5;3;1;1;2;14,2968777795976;27,0904761904762;4551,2;332455,262827161;404179,983411583;179451,510176793;4759522,90974567;769185,882357913;764792,426904998;0,440041492709754;5;0;977;
978;26,8202380952381;12,3353129896935;1;8;1;1;1;2;12,3353129896935;26,8202380952381;4505,8;332063,865792407;403510,760155107;179080,743505291;4731146,98591607;768872,352620338;764778,45675885;0,442638380041009;5;0;978;
979;26,6047619047619;11,4814614897985;1;6;1;1;1;1;11,4814614897985;26,6047619047619;4469,6;331807,638431049;403015,862354863;178844,535905342;4713079,52638512;768882,999727021;764611,549464336;0,445022059761228;5;0;979;
980;26,6047619047619;11,4814614897985;1;6;1;1;1;1;11,4814614897985;26,6047619047619;4469,6;331807,638431049;403015,862354863;178844,535905342;4713079,52638512;768882,999727021;764611,549464336;0,445022059761228;5;0;980;
981;26,6047619047619;11,4814614897985;1;6;1;1;1;1;11,4814614897985;26,6047619047619;4469,6;331807,638431049;403015,862354863;178844,535905342;4713079,52638512;768882,999727021;764611,549464336;0,445022059761228;5;0;981;
982;27,2119047619047;13,4465016627455;1;9;3;1;1;1;13,4465016627455;27,2119047619047;4571,6;332427,091756605;404146,437128666;179418,942737765;4757435,77648499;769184,447088749;764780,096412899;0,437944470557273;5;0;982;
983;27,1857142857143;25,4518866667217;8;6;1;7;1;2;25,4518866667217;27,1857142857143;4567,2;332523,959678154;404331,783357491;179510,655279282;4764503,44648565;769307,441686058;764757,877870953;0,438829660633338;5;0;983;
984;27,1630952380952;18,3219338307717;3;9;3;1;4;1;18,3219338307717;27,1630952380952;4563,4;332533,784718658;404321,795155497;179522,406789083;4764977,74963507;769291,452589772;764767,670414714;0,439221353234283;5;0;984;
985;26,6047619047619;11,4814614897985;1;6;1;1;1;1;11,4814614897985;26,6047619047619;4469,6;331807,638431049;403015,862354863;178844,535905342;4713079,52638512;768882,999727021;764611,549464336;0,445022059761228;5;0;985;
986;26,8464285714286;15,4710686548796;1;8;1;4;1;2;15,4710686548796;26,8464285714286;4510,2;332012,188655293;403388,038111575;179034,717700442;4727678,30185106;768845,496653864;764760,139637627;0,441944940706853;5;0;986;
987;27,2416666666667;18,4331603556016;3;10;2;1;1;5;18,4331603556016;27,2416666666667;4576,6;332590,8;404419,93546043;179588,376;4770234,16814086;769270,892344116;764812,713962169;0,438289205267492;5;0;987;
988;26,8976190476191;12,4107013513997;1;6;2;1;1;1;12,4107013513997;26,8976190476191;4518,8;332177,523588855;403690,376345794;179186,536444391;4739488,42559583;769087,418139246;764695,6353807;0,441885706491048;5;0;988;
989;27,1071428571429;15,4518139963841;1;5;1;1;1;5;15,4518139963841;27,1071428571429;4554;332278,21502076;403870,400578467;179286,845365733;4747022,31971313;768971,499401628;764831,636868367;0,438948864628054;5;0;989;
990;26,6047619047619;11,4814614897985;1;8;1;1;1;1;11,4814614897985;26,6047619047619;4469,6;331807,638431049;403015,862354863;178844,535905342;4713079,52638512;768882,999727021;764611,549464336;0,445022059761228;5;0;990;
991;27,3619047619048;21,3696024749207;7;9;2;1;1;4;21,3696024749207;27,3619047619048;4596,8;332657,105048274;404543,601199716;179638,308447166;4774129,26315799;769292,06000642;764840,832930812;0,436614311670201;5;0;991;
992;26,5178571428571;14,4062381038863;1;6;1;1;4;1;14,4062381038863;26,5178571428571;4455;331818,536497528;403046,761798668;178853,970640992;4713769,5281811;768906,759573464;764606,830986709;0,446518842111202;5;0;992;
993;26,6047619047619;11,4814614897985;1;6;1;1;1;1;11,4814614897985;26,6047619047619;4469,6;331807,638431049;403015,862354863;178844,535905342;4713079,52638512;768882,999727021;764611,549464336;0,445022059761228;5;0;993;
994;27,2464285714286;14,4205659733475;2;9;3;1;1;1;14,4205659733475;27,2464285714286;4577,4;332546,19815435;404343,573054291;179537,626288943;4766332,99775677;769289,965293037;764774,461327834;0,437968923035387;5;0;994;
995;26,6047619047619;11,4814614897985;1;6;1;1;1;1;11,4814614897985;26,6047619047619;4469,6;331807,638431049;403015,862354863;178844,535905342;4713079,52638512;768882,999727021;764611,549464336;0,445022059761228;5;0;995;
996;26,6047619047619;11,4814614897985;1;7;1;1;1;1;11,4814614897985;26,6047619047619;4469,6;331807,638431049;403015,862354863;178844,535905342;4713079,52638512;768882,999727021;764611,549464336;0,445022059761228;5;0;996;
997;26,6047619047619;11,4814614897985;1;6;1;1;1;1;11,4814614897985;26,6047619047619;4469,6;331807,638431049;403015,862354863;178844,535905342;4713079,52638512;768882,999727021;764611,549464336;0,445022059761228;5;0;997;
998;26,8202380952381;12,3353129896935;1;8;1;1;1;2;12,3353129896935;26,8202380952381;4505,8;332063,865792407;403510,760155107;179080,743505291;4731146,98591607;768872,352620338;764778,45675885;0,442638380041009;5;0;998;
999;26,8202380952381;12,3353129896935;1;8;1;1;1;2;12,3353129896935;26,8202380952381;4505,8;332063,865792407;403510,760155107;179080,743505291;4731146,98591607;768872,352620338;764778,45675885;0,442638380041009;5;0;999;
1000;26,6047619047619;11,4814614897985;1;5;1;1;1;1;11,4814614897985;26,6047619047619;4469,6;331807,638431049;403015,862354863;178844,535905342;4713079,52638512;768882,999727021;764611,549464336;0,445022059761228;5;0;1000;
1001;27,3761904761905;21,371154516023;7;9;3;1;1;3;21,371154516023;27,3761904761905;4599,2;332633,231025805;404503,446135634;179615,342253146;4772289,14811797;769319,821777202;764807,243272797;0,43628381835258;5;0;1001;
1002;27,5880952380953;35,4019527427752;8;6;8;7;1;5;35,4019527427752;27,5880952380953;4634,8;332835,165062041;404850,372775128;179806,674005848;4787326,89865149;769367,827974047;764891,189226874;0,433874072472876;5;0;1002;
1003;27,4904761904762;17,4489253585555;1;9;7;1;1;1;17,4489253585555;27,4904761904762;4618,4;332662,800351958;404549,442703833;179645,957661641;4774665,14818065;769297,880598786;764836,210949436;0,434597273351664;5;0;1003;
1004;26,6047619047619;11,4814614897985;1;6;1;1;1;1;11,4814614897985;26,6047619047619;4469,6;331807,638431049;403015,862354863;178844,535905342;4713079,52638512;768882,999727021;764611,549464336;0,445022059761228;5;0;1004;
1005;26,9142857142857;13,4319867976342;1;4;1;1;1;3;13,4319867976342;26,9142857142857;4521,6;332133,911560589;403604,482981542;179152,450139487;4736712,83131601;768908,565903461;764788,24538145;0,44142114322163;5;0;1005;
1006;27,3154761904762;16,3735861111561;3;10;1;1;1;4;16,3735861111561;27,3154761904762;4589;332619,620911792;404473,777417238;179604,587358377;4771551,23668933;769277,253269788;764826,467315419;0,437196958492918;5;0;1006;
1007;27,3904761904762;16,4810934821267;3;10;2;1;1;3;16,4810934821267;27,3904761904762;4601,6;332594,844649314;404423,415465651;179586,990771574;4770235,56600366;769266,469067739;764817,455440331;0,435897623890421;5;0;1007;
1008;26,6047619047619;11,4814614897985;1;6;1;1;1;1;11,4814614897985;26,6047619047619;4469,6;331807,638431049;403015,862354863;178844,535905342;4713079,52638512;768882,999727021;764611,549464336;0,445022059761228;5;0;1008;
1009;27,0130952380952;14,386790640491;1;8;1;1;2;3;14,386790640491;27,0130952380952;4538,2;332202,279244473;403734,976931298;179212,795400679;4741427,0039917;768918,859453602;764823,10933754;0,440122968960031;5;0;1009;
1010;27,2166666666666;19,4388773123705;2;10;2;1;5;3;19,4388773123705;27,2166666666666;4572,4;332458,34863418;404192,307034731;179453,05116257;4759844,83617869;769160,520504515;764811,913636765;0,438017498750353;5;0;1010;
1011;27,3095238095238;16,4487814596784;2;9;5;1;1;1;16,4487814596784;27,3095238095238;4588;332558,416149617;404364,519683876;179547,405470258;4766991,28494173;769271,554028774;764794,204318093;0,43698666290331;5;0;1011;
1012;27,5880952380953;35,4019527427752;8;7;8;7;1;5;35,4019527427752;27,5880952380953;4634,8;332835,165062041;404850,372775128;179806,674005848;4787326,89865149;769367,827974047;764891,189226874;0,433874072472876;5;0;1012;
1013;27,3904761904762;16,4810934821267;3;9;2;1;1;3;16,4810934821267;27,3904761904762;4601,6;332594,844649314;404423,415465651;179586,990771574;4770235,56600366;769266,469067739;764817,455440331;0,435897623890421;5;0;1013;
1014;27,2119047619047;13,4465016627455;1;5;3;1;1;1;13,4465016627455;27,2119047619047;4571,6;332427,091756605;404146,437128666;179418,942737765;4757435,77648499;769184,447088749;764780,096412899;0,437944470557273;5;0;1014;
1015;27,2535714285714;21,4716549180445;2;9;3;1;8;1;21,4716549180445;27,2535714285714;4578,6;332520,824509506;404296,637823462;179515,056;4764672,864;769250,825120433;764785,295710913;0,437732477888784;5;0;1015;
1016;27,3023809523809;15,3057711067066;3;9;3;1;1;1;15,3057711067066;27,3023809523809;4586,8;332575,2;404389,354282367;179564,940278169;4768400,448;769276,120103945;764800,869670716;0,437189590153348;5;0;1016;
1017;26,6047619047619;11,4814614897985;1;6;1;1;1;1;11,4814614897985;26,6047619047619;4469,6;331807,638431049;403015,862354863;178844,535905342;4713079,52638512;768882,999727021;764611,549464336;0,445022059761228;5;0;1017;
1018;26,6047619047619;11,4814614897985;1;9;1;1;1;1;11,4814614897985;26,6047619047619;4469,6;331807,638431049;403015,862354863;178844,535905342;4713079,52638512;768882,999727021;764611,549464336;0,445022059761228;5;0;1018;
1019;26,6047619047619;11,4814614897985;1;6;1;1;1;1;11,4814614897985;26,6047619047619;4469,6;331807,638431049;403015,862354863;178844,535905342;4713079,52638512;768882,999727021;764611,549464336;0,445022059761228;5;0;1019;
1020;27,5880952380953;35,4019527427752;8;6;8;7;1;5;35,4019527427752;27,5880952380953;4634,8;332835,165062041;404850,372775128;179806,674005848;4787326,89865149;769367,827974047;764891,189226874;0,433874072472876;5;0;1020;
1021;27,1285714285714;15,3729111256649;1;9;3;3;1;1;15,3729111256649;27,1285714285714;4557,6;332423,026896355;404127,761058169;179416,283091492;4757277,6873319;769195,298752208;764767,807491032;0,439275272664651;5;0;1021;
1022;26,7595238095238;11,3746356922491;1;4;1;1;1;1;11,3746356922491;26,7595238095238;4495,6;331981,587915199;403339,367499522;179004,831667265;4725458,01630073;769010,136110644;764631,729855978;0,44324395787553;5;0;1022;
1023;26,6047619047619;11,4814614897985;1;6;1;1;1;1;11,4814614897985;26,6047619047619;4469,6;331807,638431049;403015,862354863;178844,535905342;4713079,52638512;768882,999727021;764611,549464336;0,445022059761228;5;0;1023;
1024;27,2464285714286;14,4205659733475;2;9;3;1;1;1;14,4205659733475;27,2464285714286;4577,4;332546,19815435;404343,573054291;179537,626288943;4766332,99775677;769289,965293037;764774,461327834;0,437968923035387;5;0;1024;
1025;26,6047619047619;11,4814614897985;1;6;1;1;1;1;11,4814614897985;26,6047619047619;4469,6;331807,638431049;403015,862354863;178844,535905342;4713079,52638512;768882,999727021;764611,549464336;0,445022059761228;5;0;1025;
1026;27,2119047619047;13,4465016627455;1;9;3;1;1;1;13,4465016627455;27,2119047619047;4571,6;332427,091756605;404146,437128666;179418,942737765;4757435,77648499;769184,447088749;764780,096412899;0,437944470557273;5;0;1026;
1027;27,2619047619048;22,3322048139337;9;9;2;1;1;3;22,3322048139337;27,2619047619048;4580;332603,224959334;404448,098296526;179587,222676089;4770307,584;769280,529423022;764816,906826398;0,437962343214814;5;0;1027;
1028;27,3726190476191;15,3573960985271;1;9;3;1;1;3;15,3573960985271;27,3726190476191;4598,6;332586;404420,681336414;179575,968;4769180,64;769209,971581256;764853,240591371;0,436140556279768;5;0;1028;
1029;27,3023809523809;15,3057711067066;3;9;3;1;1;1;15,3057711067066;27,3023809523809;4586,8;332575,2;404389,354282367;179564,940278169;4768400,448;769276,120103945;764800,869670716;0,437189590153348;5;0;1029;
1030;26,6309523809524;12,3589860233207;1;6;1;2;1;1;12,3589860233207;26,6309523809524;4474;331853,108754495;403105,383006601;178887,114020115;4716329,65607883;768931,638494407;764607,858347623;0,444789232729258;5;0;1030;
1031;26,6047619047619;11,4814614897985;1;6;1;1;1;1;11,4814614897985;26,6047619047619;4469,6;331807,638431049;403015,862354863;178844,535905342;4713079,52638512;768882,999727021;764611,549464336;0,445022059761228;5;0;1031;
1032;26,6047619047619;11,4814614897985;1;6;1;1;1;1;11,4814614897985;26,6047619047619;4469,6;331807,638431049;403015,862354863;178844,535905342;4713079,52638512;768882,999727021;764611,549464336;0,445022059761228;5;0;1032;
1033;27,2119047619047;13,4465016627455;1;6;3;1;1;1;13,4465016627455;27,2119047619047;4571,6;332427,091756605;404146,437128666;179418,942737765;4757435,77648499;769184,447088749;764780,096412899;0,437944470557273;5;0;1033;
1034;27,5880952380953;35,4019527427752;8;6;8;7;1;5;35,4019527427752;27,5880952380953;4634,8;332835,165062041;404850,372775128;179806,674005848;4787326,89865149;769367,827974047;764891,189226874;0,433874072472876;5;0;1034;
1035;26,5178571428571;14,4062381038863;1;6;1;1;4;1;14,4062381038863;26,5178571428571;4455;331818,536497528;403046,761798668;178853,970640992;4713769,5281811;768906,759573464;764606,830986709;0,446518842111202;5;0;1035;
1036;27,1095238095238;14,3052872279;1;10;3;1;1;2;14,3052872279;27,1095238095238;4554,4;332448,062827161;404167,191411583;179446,884533721;4759228,68196596;769179,422892953;764792,235270634;0,439708936416704;5;0;1036;
1037;26,6047619047619;11,4814614897985;1;6;1;1;1;1;11,4814614897985;26,6047619047619;4469,6;331807,638431049;403015,862354863;178844,535905342;4713079,52638512;768882,999727021;764611,549464336;0,445022059761228;5;0;1037;
1038;27,5880952380953;35,4019527427752;8;6;8;7;1;5;35,4019527427752;27,5880952380953;4634,8;332835,165062041;404850,372775128;179806,674005848;4787326,89865149;769367,827974047;764891,189226874;0,433874072472876;5;0;1038;
1039;27,375;19,4851919110707;3;10;2;4;1;3;19,4851919110707;27,375;4599;332649,337563934;404519,816195983;179636,412846899;4773948,48;769264,577524334;764850,836627759;0,43638632344528;5;0;1039;
1040;26,6047619047619;11,4814614897985;1;6;1;1;1;1;11,4814614897985;26,6047619047619;4469,6;331807,638431049;403015,862354863;178844,535905342;4713079,52638512;768882,999727021;764611,549464336;0,445022059761228;5;0;1040;
1041;27,3904761904762;16,4810934821267;3;10;2;1;1;3;16,4810934821267;27,3904761904762;4601,6;332594,844649314;404423,415465651;179586,990771574;4770235,56600366;769266,469067739;764817,455440331;0,435897623890421;5;0;1041;
1042;26,8202380952381;12,3353129896935;1;8;1;1;1;2;12,3353129896935;26,8202380952381;4505,8;332063,865792407;403510,760155107;179080,743505291;4731146,98591607;768872,352620338;764778,45675885;0,442638380041009;5;0;1042;
1043;27,3214285714286;23,3786234673348;7;9;1;1;1;7;23,3786234673348;27,3214285714286;4590;332627,54522656;404492,546128087;179614,256918327;4772037,67848723;769248,840823423;764852,076307181;0,437116718054896;5;0;1043;
1044;26,8785714285714;14,4869901707792;1;8;1;3;1;2;14,4869901707792;26,8785714285714;4515,6;332176,145512809;403683,019692405;179189,004295917;4739517,02715234;768957,207382956;764781,530042953;0,442214657067059;5;0;1044;
1045;27,2464285714286;14,4205659733475;2;9;3;1;1;1;14,4205659733475;27,2464285714286;4577,4;332546,19815435;404343,573054291;179537,626288943;4766332,99775677;769289,965293037;764774,461327834;0,437968923035387;5;0;1045;
1046;26,6047619047619;11,4814614897985;1;6;1;1;1;1;11,4814614897985;26,6047619047619;4469,6;331807,638431049;403015,862354863;178844,535905342;4713079,52638512;768882,999727021;764611,549464336;0,445022059761228;5;0;1046;
1047;26,6047619047619;11,4814614897985;1;5;1;1;1;1;11,4814614897985;26,6047619047619;4469,6;331807,638431049;403015,862354863;178844,535905342;4713079,52638512;768882,999727021;764611,549464336;0,445022059761228;5;0;1047;
1048;26,827380952381;13,4411156932339;1;7;1;1;1;3;13,4411156932339;26,827380952381;4507;332053,511560589;403469,806558276;179074,618139487;4730615,91553505;768847,133629846;764784,285469338;0,442461788948923;5;0;1048;
1049;26,6047619047619;11,4814614897985;1;6;1;1;1;1;11,4814614897985;26,6047619047619;4469,6;331807,638431049;403015,862354863;178844,535905342;4713079,52638512;768882,999727021;764611,549464336;0,445022059761228;5;0;1049;
1050;27,3904761904762;16,4810934821267;3;10;2;1;1;3;16,4810934821267;27,3904761904762;4601,6;332594,844649314;404423,415465651;179586,990771574;4770235,56600366;769266,469067739;764817,455440331;0,435897623890421;5;0;1050;
1051;27,5880952380953;35,4019527427752;8;6;8;7;1;5;35,4019527427752;27,5880952380953;4634,8;332835,165062041;404850,372775128;179806,674005848;4787326,89865149;769367,827974047;764891,189226874;0,433874072472876;5;0;1051;
1052;27,35;20,4364615496639;6;7;3;2;1;2;20,4364615496639;27,35;4594,8;332610,951167745;404458,090951096;179601,912;4771246,13918652;769292,843492175;764811,410099857;0,436611443223177;5;0;1052;
1053;27,0142857142857;16,2922197484784;1;4;1;1;4;3;16,2922197484784;27,0142857142857;4538,4;332297,422565068;403902,63250597;179302,177782212;4748212,27952722;768988,45837781;764830,31221506;0,440540374068273;5;0;1053;
1054;27,5392857142857;20,3914664137447;7;9;2;1;1;3;20,3914664137447;27,5392857142857;4626,6;332760,770916162;404722,799827071;179742,736677501;4782125,16277883;769343,869984153;764864,453045849;0,434300276926564;5;0;1054;
1055;27,3154761904762;16,3735861111561;3;10;1;1;1;4;16,3735861111561;27,3154761904762;4589;332619,620911792;404473,777417238;179604,587358377;4771551,23668933;769277,253269788;764826,467315419;0,437196958492918;5;0;1055;
1056;27,3904761904762;38,4652263104048;8;6;8;7;1;8;38,4652263104048;27,3904761904762;4601,6;332686,168377868;404598,916217861;179672,976;4776722,496;769269,116929973;764871,744278263;0,436331103831238;5;0;1056;
1057;27,5392857142857;20,3914664137447;7;9;2;1;1;3;20,3914664137447;27,5392857142857;4626,6;332760,770916162;404722,799827071;179742,736677501;4782125,16277883;769343,869984153;764864,453045849;0,434300276926564;5;0;1057;
1058;26,8202380952381;12,3353129896935;1;8;1;1;1;2;12,3353129896935;26,8202380952381;4505,8;332063,865792407;403510,760155107;179080,743505291;4731146,98591607;768872,352620338;764778,45675885;0,442638380041009;5;0;1058;
1059;27,3023809523809;15,3057711067066;3;9;3;1;1;1;15,3057711067066;27,3023809523809;4586,8;332575,2;404389,354282367;179564,940278169;4768400,448;769276,120103945;764800,869670716;0,437189590153348;5;0;1059;
1060;27,3392857142857;37,4622000612892;8;6;8;7;3;5;37,4622000612892;27,3392857142857;4593;332649,171601001;404525,710206005;179638,654959702;4774096,81431474;769252,541278898;764861,319498996;0,436975153884338;5;0;1060;
1061;27,3154761904762;16,3735861111561;3;10;1;1;1;4;16,3735861111561;27,3154761904762;4589;332619,620911792;404473,777417238;179604,587358377;4771551,23668933;769277,253269788;764826,467315419;0,437196958492918;5;0;1061;
1062;27,2119047619047;13,4465016627455;1;9;3;1;1;1;13,4465016627455;27,2119047619047;4571,6;332427,091756605;404146,437128666;179418,942737765;4757435,77648499;769184,447088749;764780,096412899;0,437944470557273;5;0;1062;
1063;26,6047619047619;11,4814614897985;1;6;1;1;1;1;11,4814614897985;26,6047619047619;4469,6;331807,638431049;403015,862354863;178844,535905342;4713079,52638512;768882,999727021;764611,549464336;0,445022059761228;5;0;1063;
1064;27,2595238095238;18,4144867409551;1;9;7;2;1;1;18,4144867409551;27,2595238095238;4579,6;332573,297645795;404388,703222785;179564,779666016;4768278,40320353;769241,398686745;764823,671206815;0,43790925894046;5;0;1064;
1065;27,3904761904762;16,4810934821267;3;10;2;1;1;3;16,4810934821267;27,3904761904762;4601,6;332594,844649314;404423,415465651;179586,990771574;4770235,56600366;769266,469067739;764817,455440331;0,435897623890421;5;0;1065;
1066;27,3785714285714;21,352967373699;7;9;2;2;1;3;21,352967373699;27,3785714285714;4599,6;332621,749758908;404475,763068725;179602,066798678;4771407,13098393;769282,185515358;764824,500959591;0,436166198058764;5;0;1066;
1067;27,5880952380953;35,4019527427752;8;6;8;7;1;5;35,4019527427752;27,5880952380953;4634,8;332835,165062041;404850,372775128;179806,674005848;4787326,89865149;769367,827974047;764891,189226874;0,433874072472876;5;0;1067;
1068;27,3130952380952;23,3431086319254;7;9;2;1;4;3;23,3431086319254;27,3130952380952;4588,6;332552,08308865;404353,215338496;179544,420809259;4766766,30276963;769245,683464959;764807,800718974;0,43692234257587;5;0;1068;
1069;27,2119047619047;13,4465016627455;1;9;3;1;1;1;13,4465016627455;27,2119047619047;4571,6;332427,091756605;404146,437128666;179418,942737765;4757435,77648499;769184,447088749;764780,096412899;0,437944470557273;5;0;1069;
1070;27,2464285714286;14,4205659733475;2;9;3;1;1;1;14,4205659733475;27,2464285714286;4577,4;332546,19815435;404343,573054291;179537,626288943;4766332,99775677;769289,965293037;764774,461327834;0,437968923035387;5;0;1070;
1071;27,5392857142857;20,3914664137447;7;9;2;1;1;3;20,3914664137447;27,5392857142857;4626,6;332760,770916162;404722,799827071;179742,736677501;4782125,16277883;769343,869984153;764864,453045849;0,434300276926564;5;0;1071;
1072;27,2464285714286;14,4205659733475;2;9;3;1;1;1;14,4205659733475;27,2464285714286;4577,4;332546,19815435;404343,573054291;179537,626288943;4766332,99775677;769289,965293037;764774,461327834;0,437968923035387;5;0;1072;
1073;27,2535714285714;16,4477632064018;1;10;3;1;2;3;16,4477632064018;27,2535714285714;4578,6;332559,055183597;404360,28964979;179551,152;4767505,4392068;769179,376324175;764855,105658514;0,437914515180374;5;0;1073;
1074;27,1821428571428;17,3228629412681;1;9;6;1;1;2;17,3228629412681;27,1821428571428;4566,6;332567,867228363;404383,760896698;179554,536;4767652,55685086;769233,902151226;764825,595825371;0,439087010291125;5;0;1074;
1075;26,6047619047619;11,4814614897985;1;6;1;1;1;1;11,4814614897985;26,6047619047619;4469,6;331807,638431049;403015,862354863;178844,535905342;4713079,52638512;768882,999727021;764611,549464336;0,445022059761228;5;0;1075;
1076;27,3904761904762;16,4810934821267;3;9;2;1;1;3;16,4810934821267;27,3904761904762;4601,6;332594,844649314;404423,415465651;179586,990771574;4770235,56600366;769266,469067739;764817,455440331;0,435897623890421;5;0;1076;
1077;26,827380952381;13,4411156932339;1;7;1;1;1;3;13,4411156932339;26,827380952381;4507;332053,511560589;403469,806558276;179074,618139487;4730615,91553505;768847,133629846;764784,285469338;0,442461788948923;5;0;1077;
1078;26,8976190476191;12,4107013513997;1;6;2;1;1;1;12,4107013513997;26,8976190476191;4518,8;332177,523588855;403690,376345794;179186,536444391;4739488,42559583;769087,418139246;764695,6353807;0,441885706491048;5;0;1078;
1079;27,2297619047619;18,4210846289847;1;9;6;1;3;1;18,4210846289847;27,2297619047619;4574,6;332518,034291599;404296,467671104;179515,056;4764586,176;769225,084587439;764802,599127373;0,438106590760972;5;0;1079;
1080;27,25;17,232962672274;5;4;1;1;1;3;17,232962672274;27,25;4578;332475,670027014;404218,556025746;179469,712980911;4761153,83582231;769193,940229111;764797,658095703;0,43758651560093;5;0;1080;
1081;26,8202380952381;12,3353129896935;1;8;1;1;1;2;12,3353129896935;26,8202380952381;4505,8;332063,865792407;403510,760155107;179080,743505291;4731146,98591607;768872,352620338;764778,45675885;0,442638380041009;5;0;1081;
1082;26,8202380952381;12,3353129896935;1;8;1;1;1;2;12,3353129896935;26,8202380952381;4505,8;332063,865792407;403510,760155107;179080,743505291;4731146,98591607;768872,352620338;764778,45675885;0,442638380041009;5;0;1082;
1083;26,6309523809524;12,3589860233207;1;6;1;2;1;1;12,3589860233207;26,6309523809524;4474;331853,108754495;403105,383006601;178887,114020115;4716329,65607883;768931,638494407;764607,858347623;0,444789232729258;5;0;1083;
1084;26,6309523809524;12,3589860233207;1;7;1;2;1;1;12,3589860233207;26,6309523809524;4474;331853,108754495;403105,383006601;178887,114020115;4716329,65607883;768931,638494407;764607,858347623;0,444789232729258;5;0;1084;
1085;27,3904761904762;16,4810934821267;3;10;2;1;1;3;16,4810934821267;27,3904761904762;4601,6;332594,844649314;404423,415465651;179586,990771574;4770235,56600366;769266,469067739;764817,455440331;0,435897623890421;5;0;1085;
1086;26,8976190476191;12,4107013513997;1;6;2;1;1;1;12,4107013513997;26,8976190476191;4518,8;332177,523588855;403690,376345794;179186,536444391;4739488,42559583;769087,418139246;764695,6353807;0,441885706491048;5;0;1086;
1087;27,3023809523809;17,4418635645133;1;9;5;1;1;3;17,4418635645133;27,3023809523809;4586,8;332603,114953655;404441,437413227;179592,468236413;4770552,38119013;769228,138988231;764848,771856027;0,437325673864619;5;0;1087;
1088;26,8976190476191;12,4107013513997;1;6;2;1;1;1;12,4107013513997;26,8976190476191;4518,8;332177,523588855;403690,376345794;179186,536444391;4739488,42559583;769087,418139246;764695,6353807;0,441885706491048;5;0;1088;
1089;26,6785714285714;12,491590785092;1;4;1;1;2;1;12,491590785092;26,6785714285714;4482;331927,38126568;403229,05585727;178959,127755601;4721860,5694328;768963,34695168;764626,828739568;0,444355150544363;5;0;1089;
1090;26,9142857142857;13,4319867976342;1;4;1;1;1;3;13,4319867976342;26,9142857142857;4521,6;332133,911560589;403604,482981542;179152,450139487;4736712,83131601;768908,565903461;764788,24538145;0,44142114322163;5;0;1090;
1091;27,2238095238095;19,4232531757702;3;10;1;4;1;4;19,4232531757702;27,2238095238095;4573,6;332586,573588563;404416,316268438;179572,725936557;4768905,32418261;769229,690299044;764839,70083681;0,438482009354098;5;0;1091;
1092;26,6047619047619;11,4814614897985;1;6;1;1;1;1;11,4814614897985;26,6047619047619;4469,6;331807,638431049;403015,862354863;178844,535905342;4713079,52638512;768882,999727021;764611,549464336;0,445022059761228;5;0;1092;
1093;27,3190476190476;15,4834728035158;2;10;3;1;1;2;15,4834728035158;27,3190476190476;4589,6;332569,292174648;404383,444000506;179557,92;4767880,32;769266,476419975;764803,370123659;0,436893770761286;5;0;1093;
1094;27,375;19,4851919110707;3;10;2;4;1;3;19,4851919110707;27,375;4599;332649,337563934;404519,816195983;179636,412846899;4773948,48;769264,577524334;764850,836627759;0,43638632344528;5;0;1094;
1095;27,2464285714286;14,4205659733475;2;9;3;1;1;1;14,4205659733475;27,2464285714286;4577,4;332546,19815435;404343,573054291;179537,626288943;4766332,99775677;769289,965293037;764774,461327834;0,437968923035387;5;0;1095;
1096;27,3761904761905;21,371154516023;7;9;3;1;1;3;21,371154516023;27,3761904761905;4599,2;332633,231025805;404503,446135634;179615,342253146;4772289,14811797;769319,821777202;764807,243272797;0,43628381835258;5;0;1096;
1097;26,6047619047619;11,4814614897985;1;9;1;1;1;1;11,4814614897985;26,6047619047619;4469,6;331807,638431049;403015,862354863;178844,535905342;4713079,52638512;768882,999727021;764611,549464336;0,445022059761228;5;0;1097;
1098;26,6309523809524;12,3589860233207;1;6;1;2;1;1;12,3589860233207;26,6309523809524;4474;331853,108754495;403105,383006601;178887,114020115;4716329,65607883;768931,638494407;764607,858347623;0,444789232729258;5;0;1098;
1099;27,1892857142857;15,3923235895652;3;4;1;1;1;3;15,3923235895652;27,1892857142857;4567,8;332590,946250432;404429,137733555;179581,608;4769449,18771291;769232,707485941;764840,976258029;0,439078876811645;5;0;1099;
1100;27,4904761904762;17,4489253585555;1;10;7;1;1;1;17,4489253585555;27,4904761904762;4618,4;332662,800351958;404549,442703833;179645,957661641;4774665,14818065;769297,880598786;764836,210949436;0,434597273351664;5;0;1100;
1101;27,2119047619047;13,4465016627455;1;9;3;1;1;1;13,4465016627455;27,2119047619047;4571,6;332427,091756605;404146,437128666;179418,942737765;4757435,77648499;769184,447088749;764780,096412899;0,437944470557273;5;0;1101;
1102;26,8976190476191;12,4107013513997;1;7;2;1;1;1;12,4107013513997;26,8976190476191;4518,8;332177,523588855;403690,376345794;179186,536444391;4739488,42559583;769087,418139246;764695,6353807;0,441885706491048;5;0;1102;
1103;27,2464285714286;14,4205659733475;2;9;3;1;1;1;14,4205659733475;27,2464285714286;4577,4;332546,19815435;404343,573054291;179537,626288943;4766332,99775677;769289,965293037;764774,461327834;0,437968923035387;5;0;1103;
1104;27,2630952380952;22,3925291328456;3;10;2;1;3;7;22,3925291328456;27,2630952380952;4580,2;332585,453512217;404416,56759989;179571,355296787;4769271,55504137;769239,575787876;764832,392293977;0,437877344966822;5;0;1104;
1105;26,947619047619;12,4751759925717;1;3;2;1;1;1;12,4751759925717;26,947619047619;4527,2;332250,671167817;403822,867373163;179265,768;4745257,25115383;769109,603097651;764723,630424646;0,441442264276273;5;0;1105;
1106;27,3761904761905;17,4792682357084;3;8;3;1;1;3;17,4792682357084;27,3761904761905;4599,2;332614,324071182;404467,005788998;179600,741672897;4771102,09004986;769274,782143626;764825,905573349;0,436192668632991;5;0;1106;
1107;27,3023809523809;15,3057711067066;3;6;3;1;1;1;15,3057711067066;27,3023809523809;4586,8;332575,2;404389,354282367;179564,940278169;4768400,448;769276,120103945;764800,869670716;0,437189590153348;5;0;1107;
1108;27,4880952380952;34,4111201913365;7;6;8;7;1;5;34,4111201913365;27,4880952380952;4618;332664,393785808;404562,030975168;179648,16;4774794,60927053;769291,745864265;764844,918619248;0,434652086569114;5;0;1108;
1109;27,2464285714286;14,4205659733475;2;9;3;1;1;1;14,4205659733475;27,2464285714286;4577,4;332546,19815435;404343,573054291;179537,626288943;4766332,99775677;769289,965293037;764774,461327834;0,437968923035387;5;0;1109;
1110;27,3023809523809;15,3057711067066;3;9;3;1;1;1;15,3057711067066;27,3023809523809;4586,8;332575,2;404389,354282367;179564,940278169;4768400,448;769276,120103945;764800,869670716;0,437189590153348;5;0;1110;
1111;27,1785714285714;21,3768065291883;9;9;3;1;1;1;21,3768065291883;27,1785714285714;4566;332536,338221944;404324,244370258;179531,976;4765878,8762514;769308,606008817;764756,557956961;0,439021623769116;5;0;1111;
1112;27,1821428571429;20,4988468088187;8;9;3;1;1;1;20,4988468088187;27,1821428571429;4566,6;332435,80002298;404143,083726082;179431,405096274;4758228,27546379;769236,984253376;764745,573366061;0,438465425599769;5;0;1112;
1113;27,1642857142857;17,3658771715924;1;9;3;1;3;3;17,3658771715924;27,1642857142857;4563,6;332463,048046195;404182,404027162;179463,054766718;4760578,68505868;769111,910131322;764842,280580315;0,438904871962829;5;0;1113;
1114;27,3726190476191;15,3573960985271;1;9;3;1;1;3;15,3573960985271;27,3726190476191;4598,6;332586;404420,681336414;179575,968;4769180,64;769209,971581256;764853,240591371;0,436140556279768;5;0;1114;
1115;27,2119047619047;13,4465016627455;1;9;3;1;1;1;13,4465016627455;27,2119047619047;4571,6;332427,091756605;404146,437128666;179418,942737765;4757435,77648499;769184,447088749;764780,096412899;0,437944470557273;5;0;1115;
1116;27,3809523809524;36,3837770786199;8;6;8;8;1;5;36,3837770786199;27,3809523809524;4600;332581,218550817;404404,888796722;179569,2;4768747,2;769224,316756138;764839,990182669;0,435973480894378;5;0;1116;
1117;27,2464285714286;14,4205659733475;2;9;3;1;1;1;14,4205659733475;27,2464285714286;4577,4;332546,19815435;404343,573054291;179537,626288943;4766332,99775677;769289,965293037;764774,461327834;0,437968923035387;5;0;1117;
1118;26,9142857142857;13,4319867976342;1;4;1;1;1;3;13,4319867976342;26,9142857142857;4521,6;332133,911560589;403604,482981542;179152,450139487;4736712,83131601;768908,565903461;764788,24538145;0,44142114322163;5;0;1118;
1119;26,8976190476191;12,4107013513997;1;6;2;1;1;1;12,4107013513997;26,8976190476191;4518,8;332177,523588855;403690,376345794;179186,536444391;4739488,42559583;769087,418139246;764695,6353807;0,441885706491048;5;0;1119;
1120;26,8976190476191;12,4107013513997;1;6;2;1;1;1;12,4107013513997;26,8976190476191;4518,8;332177,523588855;403690,376345794;179186,536444391;4739488,42559583;769087,418139246;764695,6353807;0,441885706491048;5;0;1120;
1121;27,2119047619047;13,4465016627455;1;9;3;1;1;1;13,4465016627455;27,2119047619047;4571,6;332427,091756605;404146,437128666;179418,942737765;4757435,77648499;769184,447088749;764780,096412899;0,437944470557273;5;0;1121;
1122;27,0452380952381;14,3599888422063;1;4;1;1;2;3;14,3599888422063;27,0452380952381;4543,6;332225,457812411;403783,013617426;179235,797862299;4743119,55688679;768928,350007068;764832,606812908;0,439702925311086;5;0;1122;
1123;27,3940476190476;17,4161739290665;2;9;6;1;1;1;17,4161739290665;27,3940476190476;4602,2;332647,57746267;404520,562373619;179645,904;4774688,69363081;769266,241458225;764849,966249505;0,436127383390875;5;0;1123;
1124;27,5880952380953;35,4019527427752;8;6;8;7;1;5;35,4019527427752;27,5880952380953;4634,8;332835,165062041;404850,372775128;179806,674005848;4787326,89865149;769367,827974047;764891,189226874;0,433874072472876;5;0;1124;
1125;27,5880952380953;35,4019527427752;8;6;8;7;1;5;35,4019527427752;27,5880952380953;4634,8;332835,165062041;404850,372775128;179806,674005848;4787326,89865149;769367,827974047;764891,189226874;0,433874072472876;5;0;1125;
1126;27,1297619047619;21,4048099535752;3;10;3;7;1;1;21,4048099535752;27,1297619047619;4557,8;332461,2;404187,167560675;179458,656;4760253,2942284;769250,945335548;764750,672727435;0,439498155020926;5;0;1126;
1127;26,8202380952381;12,3353129896935;1;8;1;1;1;2;12,3353129896935;26,8202380952381;4505,8;332063,865792407;403510,760155107;179080,743505291;4731146,98591607;768872,352620338;764778,45675885;0,442638380041009;5;0;1127;
1128;27,2464285714286;14,4205659733475;2;9;3;1;1;1;14,4205659733475;27,2464285714286;4577,4;332546,19815435;404343,573054291;179537,626288943;4766332,99775677;769289,965293037;764774,461327834;0,437968923035387;5;0;1128;
1129;26,7595238095238;11,3746356922491;1;4;1;1;1;1;11,3746356922491;26,7595238095238;4495,6;331981,587915199;403339,367499522;179004,831667265;4725458,01630073;769010,136110644;764631,729855978;0,44324395787553;5;0;1129;
1130;27,2952380952381;37,4838583522823;10;5;8;7;1;5;37,4838583522823;27,2952380952381;4585,6;332527,29865401;404313,964647654;179532,169197436;4765952,34782234;769207,668992716;764819,970619313;0,437139227251837;5;0;1130;
1131;26,6047619047619;11,4814614897985;1;6;1;1;1;1;11,4814614897985;26,6047619047619;4469,6;331807,638431049;403015,862354863;178844,535905342;4713079,52638512;768882,999727021;764611,549464336;0,445022059761228;5;0;1131;
1132;27,4821428571428;17,3734111850664;2;9;3;1;1;4;17,3734111850664;27,4821428571428;4617;332714,889889657;404648,796618085;179696,627045487;4778538,25183734;769254,567164409;764900,300196909;0,43497572427658;5;0;1132;
1133;27,3726190476191;15,3573960985271;1;9;3;1;1;3;15,3573960985271;27,3726190476191;4598,6;332586;404420,681336414;179575,968;4769180,64;769209,971581256;764853,240591371;0,436140556279768;5;0;1133;
1134;27,2119047619047;13,4465016627455;1;6;3;1;1;1;13,4465016627455;27,2119047619047;4571,6;332427,091756605;404146,437128666;179418,942737765;4757435,77648499;769184,447088749;764780,096412899;0,437944470557273;5;0;1134;
1135;26,8202380952381;12,3353129896935;1;6;1;1;1;2;12,3353129896935;26,8202380952381;4505,8;332063,865792407;403510,760155107;179080,743505291;4731146,98591607;768872,352620338;764778,45675885;0,442638380041009;5;0;1135;
1136;27,3023809523809;15,3057711067066;3;9;3;1;1;1;15,3057711067066;27,3023809523809;4586,8;332575,2;404389,354282367;179564,940278169;4768400,448;769276,120103945;764800,869670716;0,437189590153348;5;0;1136;
1137;27,2595238095238;34,4753923113495;9;6;9;4;1;5;34,4753923113495;27,2595238095238;4579,6;332677,40425433;404582,051699607;179659,64960505;4775746,53090947;769253,045673692;764877,705767435;0,438356390020955;5;0;1137;
1138;27,3321428571428;17,3688881881983;3;10;5;1;1;1;17,3688881881983;27,3321428571428;4591,8;332552,294030969;404350,6716093;179547,768;4767039,83206406;769232,96614231;764816,337887475;0,436627986283301;5;0;1138;
1139;27,3726190476191;15,3573960985271;1;9;3;1;1;3;15,3573960985271;27,3726190476191;4598,6;332586;404420,681336414;179575,968;4769180,64;769209,971581256;764853,240591371;0,436140556279768;5;0;1139;
1140;27,5880952380953;35,4019527427752;8;6;8;7;1;5;35,4019527427752;27,5880952380953;4634,8;332835,165062041;404850,372775128;179806,674005848;4787326,89865149;769367,827974047;764891,189226874;0,433874072472876;5;0;1140;
1141;26,9595238095238;13,3471513227074;1;3;1;1;1;3;13,3471513227074;26,9595238095238;4529,2;332150,035503078;403645,683688212;179162,457396039;4737492,49989706;768913,60111786;764796,878663894;0,440753221201008;5;0;1141;
1142;26,4214285714286;14,3614723132691;1;1;1;1;1;4;14,3614723132691;26,4214285714286;4438,8;331618,469522021;402683,582077264;178667,280813958;4699489,16793919;768660,348085308;764650,142342326;0,447183444538064;5;0;1142;
1143;27,0035714285714;14,508879745901;1;6;2;1;1;3;14,508879745901;27,0035714285714;4536,6;332292,976387231;403889,044275698;179299,409349847;4748015,6824495;769040,099052003;764793,756483375;0,440706335054026;5;0;1143;
1144;26,8202380952381;12,3353129896935;1;8;1;1;1;2;12,3353129896935;26,8202380952381;4505,8;332063,865792407;403510,760155107;179080,743505291;4731146,98591607;768872,352620338;764778,45675885;0,442638380041009;5;0;1144;
1145;27,3285714285714;17,4296135270337;5;9;3;1;1;1;17,4296135270337;27,3285714285714;4591,2;332614,509911803;404467,260133587;179604,429824424;4771433,94275576;769339,047283084;764780,983140361;0,436968833546213;5;0;1145;
1146;26,8976190476191;12,4107013513997;1;6;2;1;1;1;12,4107013513997;26,8976190476191;4518,8;332177,523588855;403690,376345794;179186,536444391;4739488,42559583;769087,418139246;764695,6353807;0,441885706491048;5;0;1146;
1147;26,8202380952381;12,3353129896935;1;8;1;1;1;2;12,3353129896935;26,8202380952381;4505,8;332063,865792407;403510,760155107;179080,743505291;4731146,98591607;768872,352620338;764778,45675885;0,442638380041009;5;0;1147;
1148;27,2119047619047;13,4465016627455;1;9;3;1;1;1;13,4465016627455;27,2119047619047;4571,6;332427,091756605;404146,437128666;179418,942737765;4757435,77648499;769184,447088749;764780,096412899;0,437944470557273;5;0;1148;
1149;27,2119047619047;13,4465016627455;1;9;3;1;1;1;13,4465016627455;27,2119047619047;4571,6;332427,091756605;404146,437128666;179418,942737765;4757435,77648499;769184,447088749;764780,096412899;0,437944470557273;5;0;1149;
1150;26,6047619047619;11,4814614897985;1;9;1;1;1;1;11,4814614897985;26,6047619047619;4469,6;331807,638431049;403015,862354863;178844,535905342;4713079,52638512;768882,999727021;764611,549464336;0,445022059761228;5;0;1150;
1151;27,2119047619047;13,4465016627455;1;9;3;1;1;1;13,4465016627455;27,2119047619047;4571,6;332427,091756605;404146,437128666;179418,942737765;4757435,77648499;769184,447088749;764780,096412899;0,437944470557273;5;0;1151;
1152;26,8976190476191;12,4107013513997;1;9;2;1;1;1;12,4107013513997;26,8976190476191;4518,8;332177,523588855;403690,376345794;179186,536444391;4739488,42559583;769087,418139246;764695,6353807;0,441885706491048;5;0;1152;
1153;26,9595238095238;13,3471513227074;1;3;1;1;1;3;13,3471513227074;26,9595238095238;4529,2;332150,035503078;403645,683688212;179162,457396039;4737492,49989706;768913,60111786;764796,878663894;0,440753221201008;5;0;1153;
1154;26,5511904761905;17,1739939634668;1;1;7;1;1;1;17,1739939634668;26,5511904761905;4460,6;331811,036125465;403039,692816133;178844,514870755;4713013,10870651;768908,461897696;764599,877521754;0,445905135974087;5;0;1154;
1155;27,102380952381;13,5183484427302;1;3;3;1;1;1;13,5183484427302;27,102380952381;4553,2;332392,258054521;404066,347605843;179398,820332902;4755653,90856735;769143,056711692;764781,982482385;0,439588703188534;5;0;1155;
1156;27,2119047619047;13,4465016627455;1;5;3;1;1;1;13,4465016627455;27,2119047619047;4571,6;332427,091756605;404146,437128666;179418,942737765;4757435,77648499;769184,447088749;764780,096412899;0,437944470557273;5;0;1156;
1157;26,8976190476191;12,4107013513997;1;6;2;1;1;1;12,4107013513997;26,8976190476191;4518,8;332177,523588855;403690,376345794;179186,536444391;4739488,42559583;769087,418139246;764695,6353807;0,441885706491048;5;0;1157;
1158;27,2119047619047;13,4465016627455;1;9;3;1;1;1;13,4465016627455;27,2119047619047;4571,6;332427,091756605;404146,437128666;179418,942737765;4757435,77648499;769184,447088749;764780,096412899;0,437944470557273;5;0;1158;
1159;27,5880952380953;35,4019527427752;8;6;8;7;1;5;35,4019527427752;27,5880952380953;4634,8;332835,165062041;404850,372775128;179806,674005848;4787326,89865149;769367,827974047;764891,189226874;0,433874072472876;5;0;1159;
1160;26,9869047619048;16,3894875357383;1;4;1;1;1;6;16,3894875357383;26,9869047619048;4533,8;332295,594139458;403888,586978062;179302,992;4748288,832;768938,13566593;764861,582734628;0,44099249760724;5;0;1160;
1161;27,2119047619047;13,4465016627455;1;5;3;1;1;1;13,4465016627455;27,2119047619047;4571,6;332427,091756605;404146,437128666;179418,942737765;4757435,77648499;769184,447088749;764780,096412899;0,437944470557273;5;0;1161;
1162;27,3130952380952;23,3431086319254;7;9;2;4;1;3;23,3431086319254;27,3130952380952;4588,6;332552,08308865;404353,215338496;179544,420809259;4766766,30276963;769245,683464959;764807,800718974;0,43692234257587;5;0;1162;
1163;26,9595238095238;13,3471513227074;1;3;1;1;1;3;13,3471513227074;26,9595238095238;4529,2;332150,035503078;403645,683688212;179162,457396039;4737492,49989706;768913,60111786;764796,878663894;0,440753221201008;5;0;1163;
1164;27,5880952380953;35,4019527427752;8;6;8;7;1;5;35,4019527427752;27,5880952380953;4634,8;332835,165062041;404850,372775128;179806,674005848;4787326,89865149;769367,827974047;764891,189226874;0,433874072472876;5;0;1164;
1165;27,2797619047619;19,4318105037501;3;9;7;1;1;1;19,4318105037501;27,2797619047619;4583;332568,468115204;404371,116079071;179557,92;4767880,32;769218,467145131;764834,294671007;0,437521075478203;5;0;1165;
1166;27,3130952380952;21,3050892423734;1;3;9;1;1;3;21,3050892423734;27,3130952380952;4588,6;332569,514790989;404391,93522335;179553,009303791;4767507,30494758;769247,91774699;764816,43119945;0,436981102687842;5;0;1166;
1167;26,8202380952381;12,3353129896935;1;6;1;1;1;2;12,3353129896935;26,8202380952381;4505,8;332063,865792407;403510,760155107;179080,743505291;4731146,98591607;768872,352620338;764778,45675885;0,442638380041009;5;0;1167;
1168;26,7273809523809;16,3315320575974;1;8;1;1;5;2;16,3315320575974;26,7273809523809;4490,2;332024,206719307;403403,206886339;179046,562194527;4728586,03255862;768890,411883216;764735,441906907;0,443988052342587;5;0;1168;
1169;26,8202380952381;12,3353129896935;1;6;1;1;1;2;12,3353129896935;26,8202380952381;4505,8;332063,865792407;403510,760155107;179080,743505291;4731146,98591607;768872,352620338;764778,45675885;0,442638380041009;5;0;1169;
1170;26,575;11,4884022075257;1;3;1;1;1;1;11,4884022075257;26,575;4464,6;331764,570945479;402966,927025517;178800,855001487;4709602,1005417;768916,602327864;764569,832426695;0,445284488120723;5;0;1170;
1171;26,7595238095238;11,3746356922491;1;4;1;1;1;1;11,3746356922491;26,7595238095238;4495,6;331981,587915199;403339,367499522;179004,831667265;4725458,01630073;769010,136110644;764631,729855978;0,44324395787553;5;0;1171;
1172;27,3904761904762;16,4810934821267;3;10;2;1;1;3;16,4810934821267;27,3904761904762;4601,6;332594,844649314;404423,415465651;179586,990771574;4770235,56600366;769266,469067739;764817,455440331;0,435897623890421;5;0;1172;
1173;26,9595238095238;13,3471513227074;1;3;1;1;1;3;13,3471513227074;26,9595238095238;4529,2;332150,035503078;403645,683688212;179162,457396039;4737492,49989706;768913,60111786;764796,878663894;0,440753221201008;5;0;1173;
1174;27,2964285714286;19,4274262710336;5;9;3;1;1;3;19,4274262710336;27,2964285714286;4585,8;332620,8;404481,77880057;179607,552;4771694,592;769299,147704302;764812,870747883;0,437499643220594;5;0;1174;
1175;26,8976190476191;12,4107013513997;1;6;2;1;1;1;12,4107013513997;26,8976190476191;4518,8;332177,523588855;403690,376345794;179186,536444391;4739488,42559583;769087,418139246;764695,6353807;0,441885706491048;5;0;1175;
1176;26,8202380952381;12,3353129896935;1;9;1;1;1;2;12,3353129896935;26,8202380952381;4505,8;332063,865792407;403510,760155107;179080,743505291;4731146,98591607;768872,352620338;764778,45675885;0,442638380041009;5;0;1176;
1177;26,6047619047619;11,4814614897985;1;8;1;1;1;1;11,4814614897985;26,6047619047619;4469,6;331807,638431049;403015,862354863;178844,535905342;4713079,52638512;768882,999727021;764611,549464336;0,445022059761228;5;0;1177;
1178;26,8976190476191;12,4107013513997;1;6;2;1;1;1;12,4107013513997;26,8976190476191;4518,8;332177,523588855;403690,376345794;179186,536444391;4739488,42559583;769087,418139246;764695,6353807;0,441885706491048;5;0;1178;
1179;26,8202380952381;12,3353129896935;1;8;1;1;1;2;12,3353129896935;26,8202380952381;4505,8;332063,865792407;403510,760155107;179080,743505291;4731146,98591607;768872,352620338;764778,45675885;0,442638380041009;5;0;1179;
1180;27,4904761904762;17,4489253585555;1;9;7;1;1;1;17,4489253585555;27,4904761904762;4618,4;332662,800351958;404549,442703833;179645,957661641;4774665,14818065;769297,880598786;764836,210949436;0,434597273351664;5;0;1180;
1181;27,1833333333333;20,380116573903;5;9;3;1;4;1;20,380116573903;27,1833333333333;4566,8;332547,55123191;404347,508024255;179539,601331008;4766669,13774061;769282,131522142;764781,558081254;0,438993845366533;5;0;1181;
1182;27,3726190476191;15,3573960985271;1;9;3;1;1;3;15,3573960985271;27,3726190476191;4598,6;332586;404420,681336414;179575,968;4769180,64;769209,971581256;764853,240591371;0,436140556279768;5;0;1182;
1183;27,4904761904762;17,4489253585555;1;9;7;1;1;1;17,4489253585555;27,4904761904762;4618,4;332662,800351958;404549,442703833;179645,957661641;4774665,14818065;769297,880598786;764836,210949436;0,434597273351664;5;0;1183;
1184;27,3202380952381;16,5132257511262;1;3;4;1;1;3;16,5132257511262;27,3202380952381;4589,8;332613,000554169;404468,240753314;179602,116347421;4771274,61284287;769204,116392792;764872,010333549;0,437096816698428;5;0;1184;
1185;26,947619047619;12,4751759925717;1;3;2;1;1;1;12,4751759925717;26,947619047619;4527,2;332250,671167817;403822,867373163;179265,768;4745257,25115383;769109,603097651;764723,630424646;0,441442264276273;5;0;1185;
1186;27,3285714285714;17,4296135270337;5;9;3;1;1;1;17,4296135270337;27,3285714285714;4591,2;332614,509911803;404467,260133587;179604,429824424;4771433,94275576;769339,047283084;764780,983140361;0,436968833546213;5;0;1186;
1187;26,6047619047619;11,4814614897985;1;6;1;1;1;1;11,4814614897985;26,6047619047619;4469,6;331807,638431049;403015,862354863;178844,535905342;4713079,52638512;768882,999727021;764611,549464336;0,445022059761228;5;0;1187;
1188;27,4821428571428;17,3734111850664;2;9;3;1;1;4;17,3734111850664;27,4821428571428;4617;332714,889889657;404648,796618085;179696,627045487;4778538,25183734;769254,567164409;764900,300196909;0,43497572427658;5;0;1188;
1189;27,3964285714286;18,4650924236553;2;9;3;1;2;4;18,4650924236553;27,3964285714286;4602,6;332666,729853632;404545,5627582;179653,403765377;4775244,61812842;769268,819146359;764858,133814169;0,436136490021907;5;0;1189;
1190;27,2309523809524;16,4110909631553;1;3;2;1;1;5;16,4110909631553;27,2309523809524;4574,8;332480,42392355;404227,746728363;179477,38012519;4761768,47679188;769131,329912314;764842,36103618;0,43792678324769;5;0;1190;
1191;27,3904761904762;16,4810934821267;3;10;2;1;1;3;16,4810934821267;27,3904761904762;4601,6;332594,844649314;404423,415465651;179586,990771574;4770235,56600366;769266,469067739;764817,455440331;0,435897623890421;5;0;1191;
1192;27,1559523809524;14,4387445256505;1;3;2;1;1;3;14,4387445256505;27,1559523809524;4562,2;332504,370906818;404275,91840433;179491,368;4762762,26580241;769145,286979537;764850,044185665;0,439187343318344;5;0;1192;
1193;27,2464285714286;14,4205659733475;2;9;3;1;1;1;14,4205659733475;27,2464285714286;4577,4;332546,19815435;404343,573054291;179537,626288943;4766332,99775677;769289,965293037;764774,461327834;0,437968923035387;5;0;1193;
1194;26,8202380952381;12,3353129896935;1;8;1;1;1;2;12,3353129896935;26,8202380952381;4505,8;332063,865792407;403510,760155107;179080,743505291;4731146,98591607;768872,352620338;764778,45675885;0,442638380041009;5;0;1194;
1195;27,5392857142857;20,3914664137447;7;10;2;1;1;3;20,3914664137447;27,5392857142857;4626,6;332760,770916162;404722,799827071;179742,736677501;4782125,16277883;769343,869984153;764864,453045849;0,434300276926564;5;0;1195;
1196;26,8202380952381;12,3353129896935;1;8;1;1;1;2;12,3353129896935;26,8202380952381;4505,8;332063,865792407;403510,760155107;179080,743505291;4731146,98591607;768872,352620338;764778,45675885;0,442638380041009;5;0;1196;
1197;26,8976190476191;12,4107013513997;1;6;2;1;1;1;12,4107013513997;26,8976190476191;4518,8;332177,523588855;403690,376345794;179186,536444391;4739488,42559583;769087,418139246;764695,6353807;0,441885706491048;5;0;1197;
1198;26,8976190476191;12,4107013513997;1;6;2;1;1;1;12,4107013513997;26,8976190476191;4518,8;332177,523588855;403690,376345794;179186,536444391;4739488,42559583;769087,418139246;764695,6353807;0,441885706491048;5;0;1198;
1199;27,3023809523809;15,3057711067066;3;9;3;1;1;1;15,3057711067066;27,3023809523809;4586,8;332575,2;404389,354282367;179564,940278169;4768400,448;769276,120103945;764800,869670716;0,437189590153348;5;0;1199;
1200;27,2119047619047;13,4465016627455;1;5;3;1;1;1;13,4465016627455;27,2119047619047;4571,6;332427,091756605;404146,437128666;179418,942737765;4757435,77648499;769184,447088749;764780,096412899;0,437944470557273;5;0;1200;
1201;27,1071428571429;15,4518139963841;1;8;1;1;1;5;15,4518139963841;27,1071428571429;4554;332278,21502076;403870,400578467;179286,845365733;4747022,31971313;768971,499401628;764831,636868367;0,438948864628054;5;0;1201;
1202;26,8976190476191;12,4107013513997;1;6;2;1;1;1;12,4107013513997;26,8976190476191;4518,8;332177,523588855;403690,376345794;179186,536444391;4739488,42559583;769087,418139246;764695,6353807;0,441885706491048;5;0;1202;
1203;26,8976190476191;12,4107013513997;1;5;2;1;1;1;12,4107013513997;26,8976190476191;4518,8;332177,523588855;403690,376345794;179186,536444391;4739488,42559583;769087,418139246;764695,6353807;0,441885706491048;5;0;1203;
1204;26,8202380952381;12,3353129896935;1;8;1;1;1;2;12,3353129896935;26,8202380952381;4505,8;332063,865792407;403510,760155107;179080,743505291;4731146,98591607;768872,352620338;764778,45675885;0,442638380041009;5;0;1204;
1205;26,8976190476191;12,4107013513997;1;6;2;1;1;1;12,4107013513997;26,8976190476191;4518,8;332177,523588855;403690,376345794;179186,536444391;4739488,42559583;769087,418139246;764695,6353807;0,441885706491048;5;0;1205;
1206;27,4821428571428;17,3734111850664;2;9;3;1;1;4;17,3734111850664;27,4821428571428;4617;332714,889889657;404648,796618085;179696,627045487;4778538,25183734;769254,567164409;764900,300196909;0,43497572427658;5;0;1206;
1207;26,947619047619;12,4751759925717;1;3;2;1;1;1;12,4751759925717;26,947619047619;4527,2;332250,671167817;403822,867373163;179265,768;4745257,25115383;769109,603097651;764723,630424646;0,441442264276273;5;0;1207;
1208;26,8976190476191;12,4107013513997;1;6;2;1;1;1;12,4107013513997;26,8976190476191;4518,8;332177,523588855;403690,376345794;179186,536444391;4739488,42559583;769087,418139246;764695,6353807;0,441885706491048;5;0;1208;
1209;27,5392857142857;20,3914664137447;7;10;2;1;1;3;20,3914664137447;27,5392857142857;4626,6;332760,770916162;404722,799827071;179742,736677501;4782125,16277883;769343,869984153;764864,453045849;0,434300276926564;5;0;1209;
1210;27,2988095238095;16,3996122487749;1;8;6;1;1;1;16,3996122487749;27,2988095238095;4586,2;332541,215694097;404331,115775279;179533,625726424;4766040,39776199;769234,255086086;764810,103277951;0,437110737185643;5;0;1210;
1211;26,8202380952381;12,3353129896935;1;8;1;1;1;2;12,3353129896935;26,8202380952381;4505,8;332063,865792407;403510,760155107;179080,743505291;4731146,98591607;768872,352620338;764778,45675885;0,442638380041009;5;0;1211;
1212;26,8202380952381;12,3353129896935;1;8;1;1;1;2;12,3353129896935;26,8202380952381;4505,8;332063,865792407;403510,760155107;179080,743505291;4731146,98591607;768872,352620338;764778,45675885;0,442638380041009;5;0;1212;
1213;27,3785714285714;33,4761420615617;8;6;6;7;1;5;33,4761420615617;27,3785714285714;4599,6;332621,921881229;404477,516507627;179605,121869446;4771451,09511329;769233,679378934;764857,124596037;0,436178330628658;5;0;1213;
1214;27,3154761904762;15,4255666043634;1;8;4;1;1;2;15,4255666043634;27,3154761904762;4589;332565,252471172;404375,974506447;179555,316239329;4767842,70068369;769220,352043141;764832,597408736;0,436946342212575;5;0;1214;
1215;27,2119047619047;13,4465016627455;1;6;3;1;1;1;13,4465016627455;27,2119047619047;4571,6;332427,091756605;404146,437128666;179418,942737765;4757435,77648499;769184,447088749;764780,096412899;0,437944470557273;5;0;1215;
1216;27,272619047619;15,3865817614302;4;6;1;1;1;2;15,3865817614302;27,272619047619;4581,8;332529,182234743;404306,752083692;179520,799623408;4765139,10028186;769243,904447914;764793,282738853;0,437457238271497;5;0;1216;
1217;27,3130952380952;23,3431086319254;7;10;2;1;4;3;23,3431086319254;27,3130952380952;4588,6;332552,08308865;404353,215338496;179544,420809259;4766766,30276963;769245,683464959;764807,800718974;0,43692234257587;5;0;1217;
1218;26,8202380952381;12,3353129896935;1;8;1;1;1;2;12,3353129896935;26,8202380952381;4505,8;332063,865792407;403510,760155107;179080,743505291;4731146,98591607;768872,352620338;764778,45675885;0,442638380041009;5;0;1218;
1219;27,2654761904762;21,4328675028638;2;9;4;1;4;4;21,4328675028638;27,2654761904762;4580,6;332573,807004005;404395,546395977;179562,873668595;4768299,52650904;769224,724756751;764835,415139928;0,437773358126775;5;0;1219;
1220;27,3345238095238;22,354567032635;7;10;2;3;1;3;22,354567032635;27,3345238095238;4592,2;332653,131158142;404535,499746782;179638,058663848;4774035,168;769316,203607358;764821,483949882;0,437045310109704;5;0;1220;
1221;27,3761904761905;27,4033148244801;7;7;5;1;1;7;27,4033148244801;27,3761904761905;4599,2;332625,39565674;404484,559876641;179605,296;4771521,216;769301,699967854;764813,378864953;0,436237169750481;5;0;1221;
1222;27,5880952380953;35,4019527427752;8;6;8;7;1;5;35,4019527427752;27,5880952380953;4634,8;332835,165062041;404850,372775128;179806,674005848;4787326,89865149;769367,827974047;764891,189226874;0,433874072472876;5;0;1222;
1223;27,2083333333333;14,3626593312448;3;9;1;1;1;2;14,3626593312448;27,2083333333333;4571;332467,874348792;404215,794568051;179460,912;4760355,99123281;769215,934710805;764781,490999872;0,438182201736943;5;0;1223;
1224;27,1797619047619;14,4849658813462;1;6;4;1;1;1;14,4849658813462;27,1797619047619;4566,2;332505,335886116;404265,02371347;179483,600102462;4762419,09691749;769235,656809836;764786,567362625;0,43878994258675;5;0;1224;
1225;27,5392857142857;20,3914664137447;7;7;2;1;1;3;20,3914664137447;27,5392857142857;4626,6;332760,770916162;404722,799827071;179742,736677501;4782125,16277883;769343,869984153;764864,453045849;0,434300276926564;5;0;1225;
1226;27,3154761904762;15,4255666043634;1;8;4;1;1;2;15,4255666043634;27,3154761904762;4589;332565,252471172;404375,974506447;179555,316239329;4767842,70068369;769220,352043141;764832,597408736;0,436946342212575;5;0;1226;
1227;27,2785714285714;21,3388686896865;2;9;3;1;5;4;21,3388686896865;27,2785714285714;4582,8;332472,369675082;404202,33123446;179470,565947036;4761203,98085763;769174,797667995;764805,833894935;0,437102807386217;5;0;1227;
1228;27,1047619047619;15,4161439326321;1;6;2;1;1;4;15,4161439326321;27,1047619047619;4553,6;332455,469766838;404183,796738988;179454,421929585;4759849,02787224;769086,233136835;764857,717822072;0,439823375874354;5;0;1228;
1229;27,2964285714286;19,4274262710336;5;9;3;1;1;3;19,4274262710336;27,2964285714286;4585,8;332620,8;404481,77880057;179607,552;4771694,592;769299,147704302;764812,870747883;0,437499643220594;5;0;1229;
1230;27,4904761904762;17,4489253585555;1;10;7;1;1;1;17,4489253585555;27,4904761904762;4618,4;332662,800351958;404549,442703833;179645,957661641;4774665,14818065;769297,880598786;764836,210949436;0,434597273351664;5;0;1230;
1231;27,1630952380952;18,3219338307717;3;9;3;1;4;1;18,3219338307717;27,1630952380952;4563,4;332533,784718658;404321,795155497;179522,406789083;4764977,74963507;769291,452589772;764767,670414714;0,439221353234283;5;0;1231;
1232;26,8976190476191;12,4107013513997;1;6;2;1;1;1;12,4107013513997;26,8976190476191;4518,8;332177,523588855;403690,376345794;179186,536444391;4739488,42559583;769087,418139246;764695,6353807;0,441885706491048;5;0;1232;
1233;26,8202380952381;12,3353129896935;1;6;1;1;1;2;12,3353129896935;26,8202380952381;4505,8;332063,865792407;403510,760155107;179080,743505291;4731146,98591607;768872,352620338;764778,45675885;0,442638380041009;5;0;1233;
1234;27,5880952380953;35,4019527427752;8;6;8;7;1;5;35,4019527427752;27,5880952380953;4634,8;332835,165062041;404850,372775128;179806,674005848;4787326,89865149;769367,827974047;764891,189226874;0,433874072472876;5;0;1234;
1235;26,8202380952381;12,3353129896935;1;8;1;1;1;2;12,3353129896935;26,8202380952381;4505,8;332063,865792407;403510,760155107;179080,743505291;4731146,98591607;768872,352620338;764778,45675885;0,442638380041009;5;0;1235;
1236;27,3726190476191;15,3573960985271;1;9;3;1;1;3;15,3573960985271;27,3726190476191;4598,6;332586;404420,681336414;179575,968;4769180,64;769209,971581256;764853,240591371;0,436140556279768;5;0;1236;
1237;27,1797619047619;14,4849658813462;1;6;4;1;1;1;14,4849658813462;27,1797619047619;4566,2;332505,335886116;404265,02371347;179483,600102462;4762419,09691749;769235,656809836;764786,567362625;0,43878994258675;5;0;1237;
1238;27,2119047619047;13,4465016627455;1;5;3;1;1;1;13,4465016627455;27,2119047619047;4571,6;332427,091756605;404146,437128666;179418,942737765;4757435,77648499;769184,447088749;764780,096412899;0,437944470557273;5;0;1238;
1239;27,3904761904762;16,4810934821267;3;10;2;1;1;3;16,4810934821267;27,3904761904762;4601,6;332594,844649314;404423,415465651;179586,990771574;4770235,56600366;769266,469067739;764817,455440331;0,435897623890421;5;0;1239;
1240;27,1285714285714;15,3729111256649;1;9;3;1;3;1;15,3729111256649;27,1285714285714;4557,6;332423,026896355;404127,761058169;179416,283091492;4757277,6873319;769195,298752208;764767,807491032;0,439275272664651;5;0;1240;
1241;26,9595238095238;13,3471513227074;1;3;1;1;1;3;13,3471513227074;26,9595238095238;4529,2;332150,035503078;403645,683688212;179162,457396039;4737492,49989706;768913,60111786;764796,878663894;0,440753221201008;5;0;1241;
1242;27,1880952380952;14,4863622761512;1;9;4;1;1;1;14,4863622761512;27,1880952380952;4567,6;332512,535886116;404280,567166456;179494,880102462;4763285,97691749;769233,184982913;764792,094245014;0,438709144739959;5;0;1242;
1243;26,827380952381;13,4411156932339;1;7;1;1;1;3;13,4411156932339;26,827380952381;4507;332053,511560589;403469,806558276;179074,618139487;4730615,91553505;768847,133629846;764784,285469338;0,442461788948923;5;0;1243;
1244;26,8202380952381;12,3353129896935;1;8;1;1;1;2;12,3353129896935;26,8202380952381;4505,8;332063,865792407;403510,760155107;179080,743505291;4731146,98591607;768872,352620338;764778,45675885;0,442638380041009;5;0;1244;
1245;26,8976190476191;12,4107013513997;1;6;2;1;1;1;12,4107013513997;26,8976190476191;4518,8;332177,523588855;403690,376345794;179186,536444391;4739488,42559583;769087,418139246;764695,6353807;0,441885706491048;5;0;1245;
1246;26,7595238095238;11,3746356922491;1;4;1;1;1;1;11,3746356922491;26,7595238095238;4495,6;331981,587915199;403339,367499522;179004,831667265;4725458,01630073;769010,136110644;764631,729855978;0,44324395787553;5;0;1246;
1247;26,947619047619;12,4751759925717;1;3;2;1;1;1;12,4751759925717;26,947619047619;4527,2;332250,671167817;403822,867373163;179265,768;4745257,25115383;769109,603097651;764723,630424646;0,441442264276273;5;0;1247;
1248;26,8976190476191;12,4107013513997;1;6;2;1;1;1;12,4107013513997;26,8976190476191;4518,8;332177,523588855;403690,376345794;179186,536444391;4739488,42559583;769087,418139246;764695,6353807;0,441885706491048;5;0;1248;
1249;27,1797619047619;23,360077484373;1;10;7;1;1;7;23,360077484373;27,1797619047619;4566,2;332575,831179714;404395,677806534;179572,132446924;4768866,06314207;769233,895727452;764830,086722675;0,439195462483061;5;0;1249;
1250;27,5880952380953;35,4019527427752;8;6;8;7;1;5;35,4019527427752;27,5880952380953;4634,8;332835,165062041;404850,372775128;179806,674005848;4787326,89865149;769367,827974047;764891,189226874;0,433874072472876;5;0;1250;
1251;27,1392857142857;15,4258475241265;2;9;3;2;1;1;15,4258475241265;27,1392857142857;4559,4;332451,3386;404173,265129762;179446,958091666;4759332,59939996;769239,424422737;764753,507031447;0,43924592820601;5;0;1251;
1252;26,7595238095238;11,3746356922491;1;4;1;1;1;1;11,3746356922491;26,7595238095238;4495,6;331981,587915199;403339,367499522;179004,831667265;4725458,01630073;769010,136110644;764631,729855978;0,44324395787553;5;0;1252;
1253;27,3904761904762;16,4810934821267;3;10;2;1;1;3;16,4810934821267;27,3904761904762;4601,6;332594,844649314;404423,415465651;179586,990771574;4770235,56600366;769266,469067739;764817,455440331;0,435897623890421;5;0;1253;
1254;27,3904761904762;16,4810934821267;3;10;2;1;1;3;16,4810934821267;27,3904761904762;4601,6;332594,844649314;404423,415465651;179586,990771574;4770235,56600366;769266,469067739;764817,455440331;0,435897623890421;5;0;1254;
1255;27,2464285714286;14,4205659733475;2;9;3;1;1;1;14,4205659733475;27,2464285714286;4577,4;332546,19815435;404343,573054291;179537,626288943;4766332,99775677;769289,965293037;764774,461327834;0,437968923035387;5;0;1255;
1256;26,7595238095238;11,3746356922491;1;4;1;1;1;1;11,3746356922491;26,7595238095238;4495,6;331981,587915199;403339,367499522;179004,831667265;4725458,01630073;769010,136110644;764631,729855978;0,44324395787553;5;0;1256;
1257;27,2119047619047;13,4465016627455;1;5;3;1;1;1;13,4465016627455;27,2119047619047;4571,6;332427,091756605;404146,437128666;179418,942737765;4757435,77648499;769184,447088749;764780,096412899;0,437944470557273;5;0;1257;
1258;27,2119047619047;13,4465016627455;1;5;3;1;1;1;13,4465016627455;27,2119047619047;4571,6;332427,091756605;404146,437128666;179418,942737765;4757435,77648499;769184,447088749;764780,096412899;0,437944470557273;5;0;1258;
1259;27,2988095238095;18,4119726672191;1;10;8;1;1;1;18,4119726672191;27,2988095238095;4586,2;332580,348643065;404404,351365725;179574,84;4769097,15629213;769278,930363432;764803,679985514;0,437293959196432;5;0;1259;
1260;27,5392857142857;20,3914664137447;7;6;2;1;1;3;20,3914664137447;27,5392857142857;4626,6;332760,770916162;404722,799827071;179742,736677501;4782125,16277883;769343,869984153;764864,453045849;0,434300276926564;5;0;1260;
1261;26,947619047619;12,4751759925717;1;3;2;1;1;1;12,4751759925717;26,947619047619;4527,2;332250,671167817;403822,867373163;179265,768;4745257,25115383;769109,603097651;764723,630424646;0,441442264276273;5;0;1261;
1262;27,375;38,3080457926194;8;6;8;10;1;5;38,3080457926194;27,375;4599;332626,754711621;404484,424868621;179618,281085255;4772500,41395636;769289,859986812;764823,649754553;0,436302531021805;5;0;1262;
1263;26,677380952381;17,5206760628276;1;2;1;6;1;2;17,5206760628276;26,677380952381;4481,8;331974,803891716;403341,525264911;178996,211556939;4724704,00738598;768894,182489774;764708,704702168;0,444555164463961;5;0;1263;
1264;27,3023809523809;15,3057711067066;3;10;3;1;1;1;15,3057711067066;27,3023809523809;4586,8;332575,2;404389,354282367;179564,940278169;4768400,448;769276,120103945;764800,869670716;0,437189590153348;5;0;1264;
1265;27,3726190476191;15,3573960985271;1;9;3;1;1;3;15,3573960985271;27,3726190476191;4598,6;332586;404420,681336414;179575,968;4769180,64;769209,971581256;764853,240591371;0,436140556279768;5;0;1265;
1266;27,1809523809524;20,465799400695;1;9;3;4;3;3;20,465799400695;27,1809523809524;4566,4;332507,705754159;404277,850823536;179498,687768562;4763334,58628657;769181,903731838;764824,597930118;0,438819486444891;5;0;1266;
1267;26,8976190476191;12,4107013513997;1;6;2;1;1;1;12,4107013513997;26,8976190476191;4518,8;332177,523588855;403690,376345794;179186,536444391;4739488,42559583;769087,418139246;764695,6353807;0,441885706491048;5;0;1267;
1268;27,5392857142857;20,3914664137447;7;7;2;1;1;3;20,3914664137447;27,5392857142857;4626,6;332760,770916162;404722,799827071;179742,736677501;4782125,16277883;769343,869984153;764864,453045849;0,434300276926564;5;0;1268;
1269;26,8202380952381;12,3353129896935;1;8;1;1;1;2;12,3353129896935;26,8202380952381;4505,8;332063,865792407;403510,760155107;179080,743505291;4731146,98591607;768872,352620338;764778,45675885;0,442638380041009;5;0;1269;
1270;26,5809523809524;19,5420568986268;1;4;1;9;1;1;19,5420568986268;26,5809523809524;4465,6;331766,588127321;402959,528400206;178805,354552162;4710100,43337426;768865,382524221;764602,569441429;0,44524735839282;5;0;1270;
1271;26,9821428571429;13,3680275521626;1;6;1;2;1;2;13,3680275521626;26,9821428571429;4533;332227,82097418;403769,838001794;179237,568;4743426,20921084;768991,855669234;764786,4216221;0,440750014028736;5;0;1271;
1272;27,4821428571428;17,3734111850664;2;9;3;1;1;4;17,3734111850664;27,4821428571428;4617;332714,889889657;404648,796618085;179696,627045487;4778538,25183734;769254,567164409;764900,300196909;0,43497572427658;5;0;1272;
1273;27,3726190476191;15,3573960985271;1;9;3;1;1;3;15,3573960985271;27,3726190476191;4598,6;332586;404420,681336414;179575,968;4769180,64;769209,971581256;764853,240591371;0,436140556279768;5;0;1273;
1274;26,8785714285714;14,4869901707792;1;9;1;1;3;2;14,4869901707792;26,8785714285714;4515,6;332176,145512809;403683,019692405;179189,004295917;4739517,02715234;768957,207382956;764781,530042953;0,442214657067059;5;0;1274;
1275;26,8202380952381;12,3353129896935;1;8;1;1;1;2;12,3353129896935;26,8202380952381;4505,8;332063,865792407;403510,760155107;179080,743505291;4731146,98591607;768872,352620338;764778,45675885;0,442638380041009;5;0;1275;
1276;27,2309523809524;16,4110909631553;1;3;2;1;1;5;16,4110909631553;27,2309523809524;4574,8;332480,42392355;404227,746728363;179477,38012519;4761768,47679188;769131,329912314;764842,36103618;0,43792678324769;5;0;1276;
1277;26,8202380952381;12,3353129896935;1;8;1;1;1;2;12,3353129896935;26,8202380952381;4505,8;332063,865792407;403510,760155107;179080,743505291;4731146,98591607;768872,352620338;764778,45675885;0,442638380041009;5;0;1277;
1278;27,3023809523809;15,3057711067066;3;9;3;1;1;1;15,3057711067066;27,3023809523809;4586,8;332575,2;404389,354282367;179564,940278169;4768400,448;769276,120103945;764800,869670716;0,437189590153348;5;0;1278;
1279;26,8976190476191;12,4107013513997;1;6;2;1;1;1;12,4107013513997;26,8976190476191;4518,8;332177,523588855;403690,376345794;179186,536444391;4739488,42559583;769087,418139246;764695,6353807;0,441885706491048;5;0;1279;
1280;26,8202380952381;12,3353129896935;1;8;1;1;1;2;12,3353129896935;26,8202380952381;4505,8;332063,865792407;403510,760155107;179080,743505291;4731146,98591607;768872,352620338;764778,45675885;0,442638380041009;5;0;1280;
1281;26,8202380952381;12,3353129896935;1;8;1;1;1;2;12,3353129896935;26,8202380952381;4505,8;332063,865792407;403510,760155107;179080,743505291;4731146,98591607;768872,352620338;764778,45675885;0,442638380041009;5;0;1281;
1282;27,102380952381;13,5183484427302;1;3;3;1;1;1;13,5183484427302;27,102380952381;4553,2;332392,258054521;404066,347605843;179398,820332902;4755653,90856735;769143,056711692;764781,982482385;0,439588703188534;5;0;1282;
1283;26,7595238095238;11,3746356922491;1;4;1;1;1;1;11,3746356922491;26,7595238095238;4495,6;331981,587915199;403339,367499522;179004,831667265;4725458,01630073;769010,136110644;764631,729855978;0,44324395787553;5;0;1283;
1284;26,8202380952381;12,3353129896935;1;8;1;1;1;2;12,3353129896935;26,8202380952381;4505,8;332063,865792407;403510,760155107;179080,743505291;4731146,98591607;768872,352620338;764778,45675885;0,442638380041009;5;0;1284;
1285;26,9595238095238;13,3471513227074;1;3;1;1;1;3;13,3471513227074;26,9595238095238;4529,2;332150,035503078;403645,683688212;179162,457396039;4737492,49989706;768913,60111786;764796,878663894;0,440753221201008;5;0;1285;
1286;26,7595238095238;11,3746356922491;1;4;1;1;1;1;11,3746356922491;26,7595238095238;4495,6;331981,587915199;403339,367499522;179004,831667265;4725458,01630073;769010,136110644;764631,729855978;0,44324395787553;5;0;1286;
1287;26,8202380952381;12,3353129896935;1;8;1;1;1;2;12,3353129896935;26,8202380952381;4505,8;332063,865792407;403510,760155107;179080,743505291;4731146,98591607;768872,352620338;764778,45675885;0,442638380041009;5;0;1287;
1288;26,8202380952381;12,3353129896935;1;8;1;1;1;2;12,3353129896935;26,8202380952381;4505,8;332063,865792407;403510,760155107;179080,743505291;4731146,98591607;768872,352620338;764778,45675885;0,442638380041009;5;0;1288;
1289;26,8202380952381;12,3353129896935;1;8;1;1;1;2;12,3353129896935;26,8202380952381;4505,8;332063,865792407;403510,760155107;179080,743505291;4731146,98591607;768872,352620338;764778,45675885;0,442638380041009;5;0;1289;
1290;26,8976190476191;12,4107013513997;1;6;2;1;1;1;12,4107013513997;26,8976190476191;4518,8;332177,523588855;403690,376345794;179186,536444391;4739488,42559583;769087,418139246;764695,6353807;0,441885706491048;5;0;1290;
1291;26,8202380952381;12,3353129896935;1;6;1;1;1;2;12,3353129896935;26,8202380952381;4505,8;332063,865792407;403510,760155107;179080,743505291;4731146,98591607;768872,352620338;764778,45675885;0,442638380041009;5;0;1291;
1292;26,8202380952381;12,3353129896935;1;8;1;1;1;2;12,3353129896935;26,8202380952381;4505,8;332063,865792407;403510,760155107;179080,743505291;4731146,98591607;768872,352620338;764778,45675885;0,442638380041009;5;0;1292;
1293;26,7595238095238;11,3746356922491;1;4;1;1;1;1;11,3746356922491;26,7595238095238;4495,6;331981,587915199;403339,367499522;179004,831667265;4725458,01630073;769010,136110644;764631,729855978;0,44324395787553;5;0;1293;
1294;26,947619047619;12,4751759925717;1;3;2;1;1;1;12,4751759925717;26,947619047619;4527,2;332250,671167817;403822,867373163;179265,768;4745257,25115383;769109,603097651;764723,630424646;0,441442264276273;5;0;1294;
1295;27,3726190476191;15,3573960985271;1;9;3;1;1;3;15,3573960985271;27,3726190476191;4598,6;332586;404420,681336414;179575,968;4769180,64;769209,971581256;764853,240591371;0,436140556279768;5;0;1295;
1296;26,9595238095238;13,3471513227074;1;3;1;1;1;3;13,3471513227074;26,9595238095238;4529,2;332150,035503078;403645,683688212;179162,457396039;4737492,49989706;768913,60111786;764796,878663894;0,440753221201008;5;0;1296;
1297;26,9595238095238;13,3471513227074;1;3;1;1;1;3;13,3471513227074;26,9595238095238;4529,2;332150,035503078;403645,683688212;179162,457396039;4737492,49989706;768913,60111786;764796,878663894;0,440753221201008;5;0;1297;
1298;26,6047619047619;11,4814614897985;1;5;1;1;1;1;11,4814614897985;26,6047619047619;4469,6;331807,638431049;403015,862354863;178844,535905342;4713079,52638512;768882,999727021;764611,549464336;0,445022059761228;5;0;1298;
1299;27,3904761904762;16,4810934821267;3;10;2;1;1;3;16,4810934821267;27,3904761904762;4601,6;332594,844649314;404423,415465651;179586,990771574;4770235,56600366;769266,469067739;764817,455440331;0,435897623890421;5;0;1299;
1300;27,3726190476191;15,3573960985271;1;9;3;1;1;3;15,3573960985271;27,3726190476191;4598,6;332586;404420,681336414;179575,968;4769180,64;769209,971581256;764853,240591371;0,436140556279768;5;0;1300;
1301;26,9595238095238;13,3471513227074;1;3;1;1;1;3;13,3471513227074;26,9595238095238;4529,2;332150,035503078;403645,683688212;179162,457396039;4737492,49989706;768913,60111786;764796,878663894;0,440753221201008;5;0;1301;
1302;27,2880952380952;37,3609126264581;8;6;8;7;1;7;37,3609126264581;27,2880952380952;4584,4;332616,612385705;404471,813701529;179607,426302371;4771676,46659513;769261,213945002;764836,879964083;0,437668313449733;5;0;1302;
1303;27,5392857142857;20,3914664137447;7;7;2;1;1;3;20,3914664137447;27,5392857142857;4626,6;332760,770916162;404722,799827071;179742,736677501;4782125,16277883;769343,869984153;764864,453045849;0,434300276926564;5;0;1303;
1304;27,4821428571428;17,3734111850664;2;9;3;1;1;4;17,3734111850664;27,4821428571428;4617;332714,889889657;404648,796618085;179696,627045487;4778538,25183734;769254,567164409;764900,300196909;0,43497572427658;5;0;1304;
1305;26,7595238095238;11,3746356922491;1;4;1;1;1;1;11,3746356922491;26,7595238095238;4495,6;331981,587915199;403339,367499522;179004,831667265;4725458,01630073;769010,136110644;764631,729855978;0,44324395787553;5;0;1305;
1306;26,7595238095238;11,3746356922491;1;4;1;1;1;1;11,3746356922491;26,7595238095238;4495,6;331981,587915199;403339,367499522;179004,831667265;4725458,01630073;769010,136110644;764631,729855978;0,44324395787553;5;0;1306;
1307;26,8202380952381;12,3353129896935;1;9;1;1;1;2;12,3353129896935;26,8202380952381;4505,8;332063,865792407;403510,760155107;179080,743505291;4731146,98591607;768872,352620338;764778,45675885;0,442638380041009;5;0;1307;
1308;26,9595238095238;13,3471513227074;1;3;1;1;1;3;13,3471513227074;26,9595238095238;4529,2;332150,035503078;403645,683688212;179162,457396039;4737492,49989706;768913,60111786;764796,878663894;0,440753221201008;5;0;1308;
1309;27,2119047619047;13,4465016627455;1;5;3;1;1;1;13,4465016627455;27,2119047619047;4571,6;332427,091756605;404146,437128666;179418,942737765;4757435,77648499;769184,447088749;764780,096412899;0,437944470557273;5;0;1309;
1310;26,9595238095238;13,3471513227074;1;3;1;1;1;3;13,3471513227074;26,9595238095238;4529,2;332150,035503078;403645,683688212;179162,457396039;4737492,49989706;768913,60111786;764796,878663894;0,440753221201008;5;0;1310;
1311;27,3023809523809;15,3057711067066;3;9;3;1;1;1;15,3057711067066;27,3023809523809;4586,8;332575,2;404389,354282367;179564,940278169;4768400,448;769276,120103945;764800,869670716;0,437189590153348;5;0;1311;
1312;27,4904761904762;17,4489253585555;1;9;7;1;1;1;17,4489253585555;27,4904761904762;4618,4;332662,800351958;404549,442703833;179645,957661641;4774665,14818065;769297,880598786;764836,210949436;0,434597273351664;5;0;1312;
1313;27,0785714285714;13,4385446762543;1;4;2;1;1;2;13,4385446762543;27,0785714285714;4549,2;332325,892490565;403946,557268135;179326,609006803;4750089,51083307;769089,253373568;764780,210920087;0,439615676572612;5;0;1313;
1314;27,5392857142857;20,3914664137447;7;7;2;1;1;3;20,3914664137447;27,5392857142857;4626,6;332760,770916162;404722,799827071;179742,736677501;4782125,16277883;769343,869984153;764864,453045849;0,434300276926564;5;0;1314;
1315;27,3726190476191;15,3573960985271;1;9;3;1;1;3;15,3573960985271;27,3726190476191;4598,6;332586;404420,681336414;179575,968;4769180,64;769209,971581256;764853,240591371;0,436140556279768;5;0;1315;
1316;26,9380952380952;14,2671673739025;1;8;1;1;1;4;14,2671673739025;26,9380952380952;4525,6;332122,002950956;403581,652661173;179140,221112289;4735802,61273045;768856,787353578;764814,203316437;0,440976644594202;5;0;1316;
1317;26,7595238095238;11,3746356922491;1;4;1;1;1;1;11,3746356922491;26,7595238095238;4495,6;331981,587915199;403339,367499522;179004,831667265;4725458,01630073;769010,136110644;764631,729855978;0,44324395787553;5;0;1317;
1318;26,9130952380952;12,49780242493;1;4;1;1;1;2;12,49780242493;26,9130952380952;4521,4;332117,068582052;403584,601615422;179130,087731957;4735091,08209185;768939,165728604;764759,404688674;0,441342533644459;5;0;1318;
1319;26,8202380952381;12,3353129896935;1;8;1;1;1;2;12,3353129896935;26,8202380952381;4505,8;332063,865792407;403510,760155107;179080,743505291;4731146,98591607;768872,352620338;764778,45675885;0,442638380041009;5;0;1319;
1320;26,8630952380952;14,4576964854848;1;3;2;1;3;1;14,4576964854848;26,8630952380952;4513;332109,116334569;403574,096240766;179116,457545922;4734403,83493988;769020,999075272;764698,033263562;0,442118432731301;5;0;1320;
1321;27,3904761904762;16,4810934821267;3;10;2;1;1;3;16,4810934821267;27,3904761904762;4601,6;332594,844649314;404423,415465651;179586,990771574;4770235,56600366;769266,469067739;764817,455440331;0,435897623890421;5;0;1321;
1322;27,3904761904762;16,4810934821267;3;10;2;1;1;3;16,4810934821267;27,3904761904762;4601,6;332594,844649314;404423,415465651;179586,990771574;4770235,56600366;769266,469067739;764817,455440331;0,435897623890421;5;0;1322;
1323;27,3880952380952;34,47485591097;8;6;7;7;1;5;34,47485591097;27,3880952380952;4601,2;332682,315898844;404586,559717084;179666,208;4776174,97213774;769270,538210929;764868,679967399;0,436324440886592;5;0;1323;
1324;26,7595238095238;11,3746356922491;1;4;1;1;1;1;11,3746356922491;26,7595238095238;4495,6;331981,587915199;403339,367499522;179004,831667265;4725458,01630073;769010,136110644;764631,729855978;0,44324395787553;5;0;1324;
1325;26,575;11,4884022075257;1;3;1;1;1;1;11,4884022075257;26,575;4464,6;331764,570945479;402966,927025517;178800,855001487;4709602,1005417;768916,602327864;764569,832426695;0,445284488120723;5;0;1325;
1326;27,3392857142857;19,4570623446035;7;7;2;1;1;2;19,4570623446035;27,3392857142857;4593;332589,141473219;404421,231044053;179577,191837631;4769385,09704908;769262,547950299;764820,063705451;0,436658940998671;5;0;1326;
1327;26,8202380952381;12,3353129896935;1;8;1;1;1;2;12,3353129896935;26,8202380952381;4505,8;332063,865792407;403510,760155107;179080,743505291;4731146,98591607;768872,352620338;764778,45675885;0,442638380041009;5;0;1327;
1328;27,5392857142857;20,3914664137447;7;7;2;1;1;3;20,3914664137447;27,5392857142857;4626,6;332760,770916162;404722,799827071;179742,736677501;4782125,16277883;769343,869984153;764864,453045849;0,434300276926564;5;0;1328;
1329;26,8976190476191;12,4107013513997;1;6;2;1;1;1;12,4107013513997;26,8976190476191;4518,8;332177,523588855;403690,376345794;179186,536444391;4739488,42559583;769087,418139246;764695,6353807;0,441885706491048;5;0;1329;
1330;26,9261904761905;13,4981218537356;1;5;1;2;1;2;13,4981218537356;26,9261904761905;4523,6;332197,82097418;403711,107678785;179210,496;4741345,69721084;768982,673302001;764773,045913347;0,441550386619915;5;0;1330;
1331;26,6047619047619;11,4814614897985;1;6;1;1;1;1;11,4814614897985;26,6047619047619;4469,6;331807,638431049;403015,862354863;178844,535905342;4713079,52638512;768882,999727021;764611,549464336;0,445022059761228;5;0;1331;
1332;26,8202380952381;12,3353129896935;1;8;1;1;1;2;12,3353129896935;26,8202380952381;4505,8;332063,865792407;403510,760155107;179080,743505291;4731146,98591607;768872,352620338;764778,45675885;0,442638380041009;5;0;1332;
1333;26,7595238095238;11,3746356922491;1;4;1;1;1;1;11,3746356922491;26,7595238095238;4495,6;331981,587915199;403339,367499522;179004,831667265;4725458,01630073;769010,136110644;764631,729855978;0,44324395787553;5;0;1333;
1334;27,0142857142857;16,3447792246101;2;9;2;1;4;1;16,3447792246101;27,0142857142857;4538,4;332380,8;404054,245384603;179381,952;4754356,992;769222,828307101;764723,920132368;0,440938437290517;5;0;1334;
1335;27,2119047619047;13,4465016627455;1;10;3;1;1;1;13,4465016627455;27,2119047619047;4571,6;332427,091756605;404146,437128666;179418,942737765;4757435,77648499;769184,447088749;764780,096412899;0,437944470557273;5;0;1335;
1336;27,2464285714286;14,4205659733475;2;6;3;1;1;1;14,4205659733475;27,2464285714286;4577,4;332546,19815435;404343,573054291;179537,626288943;4766332,99775677;769289,965293037;764774,461327834;0,437968923035387;5;0;1336;
1337;26,8976190476191;12,4107013513997;1;6;2;1;1;1;12,4107013513997;26,8976190476191;4518,8;332177,523588855;403690,376345794;179186,536444391;4739488,42559583;769087,418139246;764695,6353807;0,441885706491048;5;0;1337;
1338;26,7595238095238;11,3746356922491;1;4;1;1;1;1;11,3746356922491;26,7595238095238;4495,6;331981,587915199;403339,367499522;179004,831667265;4725458,01630073;769010,136110644;764631,729855978;0,44324395787553;5;0;1338;
1339;26,9845238095238;12,4357073477328;1;4;2;1;1;1;12,4357073477328;26,9845238095238;4533,4;332224,661333306;403770,56603375;179233,912444391;4743050,4478034;769102,487012864;764712,675311561;0,44069363069733;5;0;1339;
1340;27,5880952380953;35,4019527427752;8;6;8;7;1;5;35,4019527427752;27,5880952380953;4634,8;332835,165062041;404850,372775128;179806,674005848;4787326,89865149;769367,827974047;764891,189226874;0,433874072472876;5;0;1340;
1341;26,6047619047619;11,4814614897985;1;8;1;1;1;1;11,4814614897985;26,6047619047619;4469,6;331807,638431049;403015,862354863;178844,535905342;4713079,52638512;768882,999727021;764611,549464336;0,445022059761228;5;0;1341;
1342;26,9821428571429;13,3680275521626;1;9;1;1;2;2;13,3680275521626;26,9821428571429;4533;332227,82097418;403769,838001794;179237,568;4743426,20921084;768991,855669234;764786,4216221;0,440750014028736;5;0;1342;
1343;26,947619047619;12,4751759925717;1;3;2;1;1;1;12,4751759925717;26,947619047619;4527,2;332250,671167817;403822,867373163;179265,768;4745257,25115383;769109,603097651;764723,630424646;0,441442264276273;5;0;1343;
1344;26,8202380952381;12,3353129896935;1;6;1;1;1;2;12,3353129896935;26,8202380952381;4505,8;332063,865792407;403510,760155107;179080,743505291;4731146,98591607;768872,352620338;764778,45675885;0,442638380041009;5;0;1344;
1345;27,3726190476191;15,3573960985271;1;9;3;1;1;3;15,3573960985271;27,3726190476191;4598,6;332586;404420,681336414;179575,968;4769180,64;769209,971581256;764853,240591371;0,436140556279768;5;0;1345;
1346;27,5392857142857;20,3914664137447;7;7;2;1;1;3;20,3914664137447;27,5392857142857;4626,6;332760,770916162;404722,799827071;179742,736677501;4782125,16277883;769343,869984153;764864,453045849;0,434300276926564;5;0;1346;
1347;26,7595238095238;11,3746356922491;1;4;1;1;1;1;11,3746356922491;26,7595238095238;4495,6;331981,587915199;403339,367499522;179004,831667265;4725458,01630073;769010,136110644;764631,729855978;0,44324395787553;5;0;1347;
1348;27,2392857142857;32,4427217764606;8;6;8;4;1;5;32,4427217764606;27,2392857142857;4576,2;332619,586187387;404472,707146999;179605,296;4771521,216;769257,806612495;764839,930494457;0,438411261757437;5;0;1348;
1349;27,2119047619047;13,4465016627455;1;5;3;1;1;1;13,4465016627455;27,2119047619047;4571,6;332427,091756605;404146,437128666;179418,942737765;4757435,77648499;769184,447088749;764780,096412899;0,437944470557273;5;0;1349;
1350;27,0309523809524;16,4704075743494;5;6;2;1;1;1;16,4704075743494;27,0309523809524;4541,2;332314,687258654;403932,062220915;179319,000868198;4749445,57678981;769246,999230933;764668,166875507;0,440352291153219;5;0;1350;
1351;26,9880952380952;15,3735603310333;1;4;1;1;1;5;15,3735603310333;26,9880952380952;4534;332161,710876268;403657,770712114;179175,786836818;4738472,04388536;768894,712120252;764813,260948781;0,440340135088723;5;0;1351;
1352;26,9845238095238;12,4357073477328;1;4;2;1;1;1;12,4357073477328;26,9845238095238;4533,4;332224,661333306;403770,56603375;179233,912444391;4743050,4478034;769102,487012864;764712,675311561;0,44069363069733;5;0;1352;
1353;26,827380952381;13,4411156932339;1;8;1;1;1;3;13,4411156932339;26,827380952381;4507;332053,511560589;403469,806558276;179074,618139487;4730615,91553505;768847,133629846;764784,285469338;0,442461788948923;5;0;1353;
1354;27,3119047619048;29,3763337377214;8;6;8;1;1;5;29,3763337377214;27,3119047619048;4588,4;332698,160673982;404618,524582743;179680,199294108;4777292,11746706;769324,197276421;764842,165602634;0,43760534333572;5;0;1354;
1355;26,8202380952381;12,3353129896935;1;8;1;1;1;2;12,3353129896935;26,8202380952381;4505,8;332063,865792407;403510,760155107;179080,743505291;4731146,98591607;768872,352620338;764778,45675885;0,442638380041009;5;0;1355;
1356;27,3702380952381;19,5490777115192;1;9;7;1;1;3;19,5490777115192;27,3702380952381;4598,2;332638,309399981;404504,029168123;179626,895241629;4773183,68097906;769293,172678058;764825,834715287;0,436408531405547;5;0;1356;
1357;27,2738095238095;16,4104819732281;1;5;2;1;5;1;16,4104819732281;27,2738095238095;4582;332392,80429338;404073,51464269;179391,361636759;4754989,21079584;769133,663863574;764791,563394578;0,436792665988952;5;0;1357;
1358;27,3726190476191;15,3573960985271;1;10;3;1;1;3;15,3573960985271;27,3726190476191;4598,6;332586;404420,681336414;179575,968;4769180,64;769209,971581256;764853,240591371;0,436140556279768;5;0;1358;
1359;26,9071428571428;15,3164915288892;1;4;2;1;4;1;15,3164915288892;26,9071428571428;4520,4;332161,846534618;403656,146635992;179175,077774313;4738540,33425851;769056,282150195;764705,88698002;0,441670380269426;5;0;1359;
1360;27,322619047619;23,4170438224051;1;9;7;1;5;3;23,4170438224051;27,322619047619;4590,2;332606,888764218;404447,321432261;179594,571446473;4770690,92455914;769285,215467716;764812,404651387;0,437015643749583;5;0;1360;
1361;27,2464285714286;14,4205659733475;2;6;3;1;1;1;14,4205659733475;27,2464285714286;4577,4;332546,19815435;404343,573054291;179537,626288943;4766332,99775677;769289,965293037;764774,461327834;0,437968923035387;5;0;1361;
1362;26,847619047619;17,3348199098792;1;8;1;6;1;2;17,3348199098792;26,847619047619;4510,4;332037,781485479;403448,854901601;179055,96;4729583,83212451;768880,252930004;764754,635366038;0,442077391239716;5;0;1362;
1363;27,4821428571428;17,3734111850664;2;10;3;1;1;4;17,3734111850664;27,4821428571428;4617;332714,889889657;404648,796618085;179696,627045487;4778538,25183734;769254,567164409;764900,300196909;0,43497572427658;5;0;1363;
1364;27,2369047619048;16,3964401991178;2;9;3;1;1;3;16,3964401991178;27,2369047619048;4575,8;332638,718146629;404502,521840318;179621,088;4772730,35059888;769269,068418304;764841,579288972;0,438520558867743;5;0;1364;
1365;27,2535714285714;16,4477632064018;1;9;3;2;1;3;16,4477632064018;27,2535714285714;4578,6;332559,055183597;404360,28964979;179551,152;4767505,4392068;769179,376324175;764855,105658514;0,437914515180374;5;0;1365;
1366;27,5880952380953;35,4019527427752;8;6;8;7;1;5;35,4019527427752;27,5880952380953;4634,8;332835,165062041;404850,372775128;179806,674005848;4787326,89865149;769367,827974047;764891,189226874;0,433874072472876;5;0;1366;
1367;27,2119047619047;13,4465016627455;1;6;3;1;1;1;13,4465016627455;27,2119047619047;4571,6;332427,091756605;404146,437128666;179418,942737765;4757435,77648499;769184,447088749;764780,096412899;0,437944470557273;5;0;1367;
1368;26,9845238095238;12,4357073477328;1;4;2;1;1;1;12,4357073477328;26,9845238095238;4533,4;332224,661333306;403770,56603375;179233,912444391;4743050,4478034;769102,487012864;764712,675311561;0,44069363069733;5;0;1368;
1369;26,8666666666667;14,4519147549864;3;8;1;1;2;1;14,4519147549864;26,8666666666667;4513,6;332151,503285586;403638,566530827;179166,504;4737799,584;769225,565399841;764585,688847009;0,442282104391715;5;0;1369;
1370;27,1809523809524;20,465799400695;1;9;3;6;1;3;20,465799400695;27,1809523809524;4566,4;332507,705754159;404277,850823536;179498,687768562;4763334,58628657;769181,903731838;764824,597930118;0,438819486444891;5;0;1370;
1371;27,5392857142857;20,3914664137447;7;7;2;1;1;3;20,3914664137447;27,5392857142857;4626,6;332760,770916162;404722,799827071;179742,736677501;4782125,16277883;769343,869984153;764864,453045849;0,434300276926564;5;0;1371;
1372;27,5880952380953;35,4019527427752;8;6;8;7;1;5;35,4019527427752;27,5880952380953;4634,8;332835,165062041;404850,372775128;179806,674005848;4787326,89865149;769367,827974047;764891,189226874;0,433874072472876;5;0;1372;
1373;27,3130952380952;23,3431086319254;7;7;2;4;1;3;23,3431086319254;27,3130952380952;4588,6;332552,08308865;404353,215338496;179544,420809259;4766766,30276963;769245,683464959;764807,800718974;0,43692234257587;5;0;1373;
1374;26,7595238095238;11,3746356922491;1;4;1;1;1;1;11,3746356922491;26,7595238095238;4495,6;331981,587915199;403339,367499522;179004,831667265;4725458,01630073;769010,136110644;764631,729855978;0,44324395787553;5;0;1374;
1375;27,3726190476191;15,3573960985271;1;9;3;1;1;3;15,3573960985271;27,3726190476191;4598,6;332586;404420,681336414;179575,968;4769180,64;769209,971581256;764853,240591371;0,436140556279768;5;0;1375;
1376;27,3119047619048;18,3873822007127;2;8;3;3;1;3;18,3873822007127;27,3119047619048;4588,4;332578,454255273;404408,141491222;179567,404179462;4768589,2399224;769247,664982504;764823,597939344;0,43706793089804;5;0;1376;
1377;27,5880952380953;35,4019527427752;8;8;8;7;1;5;35,4019527427752;27,5880952380953;4634,8;332835,165062041;404850,372775128;179806,674005848;4787326,89865149;769367,827974047;764891,189226874;0,433874072472876;5;0;1377;
1378;27,3904761904762;16,4810934821267;3;10;2;1;1;3;16,4810934821267;27,3904761904762;4601,6;332594,844649314;404423,415465651;179586,990771574;4770235,56600366;769266,469067739;764817,455440331;0,435897623890421;5;0;1378;
1379;26,7595238095238;11,3746356922491;1;4;1;1;1;1;11,3746356922491;26,7595238095238;4495,6;331981,587915199;403339,367499522;179004,831667265;4725458,01630073;769010,136110644;764631,729855978;0,44324395787553;5;0;1379;
1380;27,4821428571428;17,3734111850664;2;9;3;1;1;4;17,3734111850664;27,4821428571428;4617;332714,889889657;404648,796618085;179696,627045487;4778538,25183734;769254,567164409;764900,300196909;0,43497572427658;5;0;1380;
1381;27,3904761904762;16,4810934821267;3;10;2;1;1;3;16,4810934821267;27,3904761904762;4601,6;332594,844649314;404423,415465651;179586,990771574;4770235,56600366;769266,469067739;764817,455440331;0,435897623890421;5;0;1381;
1382;27,2083333333333;14,3626593312448;3;9;1;1;1;2;14,3626593312448;27,2083333333333;4571;332467,874348792;404215,794568051;179460,912;4760355,99123281;769215,934710805;764781,490999872;0,438182201736943;5;0;1382;
1383;27,3261904761905;18,384651005022;6;9;3;1;1;1;18,384651005022;27,3261904761905;4590,8;332609,292698149;404450,195892296;179603,232542871;4771289,37486906;769323,055986017;764788,609700459;0,437003921773802;5;0;1383;
1384;26,9845238095238;12,4357073477328;1;4;2;1;1;1;12,4357073477328;26,9845238095238;4533,4;332224,661333306;403770,56603375;179233,912444391;4743050,4478034;769102,487012864;764712,675311561;0,44069363069733;5;0;1384;
1385;27,1071428571429;15,4518139963841;1;8;1;1;1;5;15,4518139963841;27,1071428571429;4554;332278,21502076;403870,400578467;179286,845365733;4747022,31971313;768971,499401628;764831,636868367;0,438948864628054;5;0;1385;
1386;27,3619047619048;38,3761423754211;8;6;9;7;3;5;38,3761423754211;27,3619047619048;4596,8;332641,79900216;404512,422113221;179636,961764678;4774106,4304738;769268,481080518;764845,67493765;0,436623890656232;5;0;1386;
1387;27,1821428571429;16,4643354564488;2;9;3;3;1;1;16,4643354564488;27,1821428571429;4566,6;332493,885369671;404248,398221977;179487,116316594;4762436,1236633;769237,147155334;764780,251887687;0,438742422784625;5;0;1387;
1388;27,2083333333333;14,3626598140507;3;4;1;1;1;2;14,3626598140507;27,2083333333333;4571;332467,874348792;404215,794568051;179460,912;4760355,99123281;769215,934710805;764781,490999872;0,438182201736943;5;0;1388;
1389;26,8976190476191;12,4107013513997;1;5;2;1;1;1;12,4107013513997;26,8976190476191;4518,8;332177,523588855;403690,376345794;179186,536444391;4739488,42559583;769087,418139246;764695,6353807;0,441885706491048;5;0;1389;
1390;27,3809523809524;36,3837770786199;8;6;8;8;1;5;36,3837770786199;27,3809523809524;4600;332581,218550817;404404,888796722;179569,2;4768747,2;769224,316756138;764839,990182669;0,435973480894378;5;0;1390;
1391;27,1392857142857;15,4258475241265;2;8;3;1;2;1;15,4258475241265;27,1392857142857;4559,4;332451,3386;404173,265129762;179446,958091666;4759332,59939996;769239,424422737;764753,507031447;0,43924592820601;5;0;1391;
1392;27,4821428571428;17,3734111850664;2;9;3;1;1;4;17,3734111850664;27,4821428571428;4617;332714,889889657;404648,796618085;179696,627045487;4778538,25183734;769254,567164409;764900,300196909;0,43497572427658;5;0;1392;
1393;27,2119047619047;13,4465016627455;1;5;3;1;1;1;13,4465016627455;27,2119047619047;4571,6;332427,091756605;404146,437128666;179418,942737765;4757435,77648499;769184,447088749;764780,096412899;0,437944470557273;5;0;1393;
1394;26,8202380952381;12,3353129896935;1;8;1;1;1;2;12,3353129896935;26,8202380952381;4505,8;332063,865792407;403510,760155107;179080,743505291;4731146,98591607;768872,352620338;764778,45675885;0,442638380041009;5;0;1394;
1395;27,4904761904762;17,4489253585555;1;6;7;1;1;1;17,4489253585555;27,4904761904762;4618,4;332662,800351958;404549,442703833;179645,957661641;4774665,14818065;769297,880598786;764836,210949436;0,434597273351664;5;0;1395;
1396;26,8202380952381;12,3353129896935;1;8;1;1;1;2;12,3353129896935;26,8202380952381;4505,8;332063,865792407;403510,760155107;179080,743505291;4731146,98591607;768872,352620338;764778,45675885;0,442638380041009;5;0;1396;
1397;27,2988095238095;16,3996122487749;1;9;6;1;1;1;16,3996122487749;27,2988095238095;4586,2;332541,215694097;404331,115775279;179533,625726424;4766040,39776199;769234,255086086;764810,103277951;0,437110737185643;5;0;1397;
1398;27,4821428571428;17,3734111850664;2;9;3;1;1;4;17,3734111850664;27,4821428571428;4617;332714,889889657;404648,796618085;179696,627045487;4778538,25183734;769254,567164409;764900,300196909;0,43497572427658;5;0;1398;
1399;27,3726190476191;15,3573960985271;1;9;3;1;1;3;15,3573960985271;27,3726190476191;4598,6;332586;404420,681336414;179575,968;4769180,64;769209,971581256;764853,240591371;0,436140556279768;5;0;1399;
1400;27,3761904761905;17,4792682357084;3;9;3;1;1;3;17,4792682357084;27,3761904761905;4599,2;332614,324071182;404467,005788998;179600,741672897;4771102,09004986;769274,782143626;764825,905573349;0,436192668632991;5;0;1400;
1401;27,2083333333333;14,3626593312448;3;8;1;1;1;2;14,3626593312448;27,2083333333333;4571;332467,874348792;404215,794568051;179460,912;4760355,99123281;769215,934710805;764781,490999872;0,438182201736943;5;0;1401;
1402;26,7595238095238;11,3746356922491;1;4;1;1;1;1;11,3746356922491;26,7595238095238;4495,6;331981,587915199;403339,367499522;179004,831667265;4725458,01630073;769010,136110644;764631,729855978;0,44324395787553;5;0;1402;
1403;27,3428571428572;21,3932909319536;1;9;7;1;5;1;21,3932909319536;27,3428571428572;4593,6;332640,224353361;404509,478308147;179625,830975521;4773109,19889815;769289,351042425;764830,929481418;0,436854410225442;5;0;1403;
1404;26,8071428571429;12,4368077102845;2;4;1;1;1;1;12,4368077102845;26,8071428571429;4503,6;332011,286594615;403386,929667095;179035,825581121;4727754,94670534;769151,530917001;764551,243145734;0,442630141312183;5;0;1404;
1405;26,8202380952381;12,3353129896935;1;8;1;1;1;2;12,3353129896935;26,8202380952381;4505,8;332063,865792407;403510,760155107;179080,743505291;4731146,98591607;768872,352620338;764778,45675885;0,442638380041009;5;0;1405;
1406;27,3726190476191;15,3573960985271;1;9;3;1;1;3;15,3573960985271;27,3726190476191;4598,6;332586;404420,681336414;179575,968;4769180,64;769209,971581256;764853,240591371;0,436140556279768;5;0;1406;
1407;26,8202380952381;12,3353129896935;1;8;1;1;1;2;12,3353129896935;26,8202380952381;4505,8;332063,865792407;403510,760155107;179080,743505291;4731146,98591607;768872,352620338;764778,45675885;0,442638380041009;5;0;1407;
1408;26,9964285714286;14,3746138917358;3;4;1;2;1;1;14,3746138917358;26,9964285714286;4535,4;332278,169140493;403867,334625788;179283,768487919;4746731,88239163;769248,670399695;764645,810200949;0,44074364286186;5;0;1408;
1409;26,9797619047619;15,4755125709604;1;2;1;1;1;5;15,4755125709604;26,9797619047619;4532,6;332217,797429923;403764,168656859;179227,00301241;4742490,82457136;768913,041489003;764836,082185483;0,440731526004382;5;0;1409;
1410;27,2119047619047;13,4465016627455;1;5;3;1;1;1;13,4465016627455;27,2119047619047;4571,6;332427,091756605;404146,437128666;179418,942737765;4757435,77648499;769184,447088749;764780,096412899;0,437944470557273;5;0;1410;
1411;27,1023809523809;14,4565011021736;1;4;2;1;1;3;14,4565011021736;27,1023809523809;4553,2;332398,934386116;404082,322425074;179399,297709318;4755718,17004061;769078,29365764;764829,555577415;0,439595053615984;5;0;1411;
1412;27,277380952381;27,4938553348762;7;9;9;1;1;3;27,4938553348762;27,277380952381;4582,6;332639,920632188;404514,933182684;179623,577848549;4773010,74127247;769238,693435833;764865,964728735;0,437891381689092;5;0;1412;
1413;26,7595238095238;11,3746356922491;1;4;1;1;1;1;11,3746356922491;26,7595238095238;4495,6;331981,587915199;403339,367499522;179004,831667265;4725458,01630073;769010,136110644;764631,729855978;0,44324395787553;5;0;1413;
1414;27,3726190476191;15,3573960985271;1;9;3;1;1;3;15,3573960985271;27,3726190476191;4598,6;332586;404420,681336414;179575,968;4769180,64;769209,971581256;764853,240591371;0,436140556279768;5;0;1414;
1415;26,7595238095238;11,3746356922491;1;4;1;1;1;1;11,3746356922491;26,7595238095238;4495,6;331981,587915199;403339,367499522;179004,831667265;4725458,01630073;769010,136110644;764631,729855978;0,44324395787553;5;0;1415;
1416;26,9130952380952;18,4691103674945;1;8;1;1;7;2;18,4691103674945;26,9130952380952;4521,4;332290,376007583;403893,071705769;179295,158153999;4747682,016;769056,099006614;764783,272020884;0,442157106546628;5;0;1416;
1417;26,7595238095238;11,3746356922491;1;4;1;1;1;1;11,3746356922491;26,7595238095238;4495,6;331981,587915199;403339,367499522;179004,831667265;4725458,01630073;769010,136110644;764631,729855978;0,44324395787553;5;0;1417;
1418;27,3904761904762;16,4810934821267;3;10;2;1;1;3;16,4810934821267;27,3904761904762;4601,6;332594,844649314;404423,415465651;179586,990771574;4770235,56600366;769266,469067739;764817,455440331;0,435897623890421;5;0;1418;
1419;27,2464285714286;14,4205659733475;2;9;3;1;1;1;14,4205659733475;27,2464285714286;4577,4;332546,19815435;404343,573054291;179537,626288943;4766332,99775677;769289,965293037;764774,461327834;0,437968923035387;5;0;1419;
1420;26,9845238095238;12,4357073477328;1;4;2;1;1;1;12,4357073477328;26,9845238095238;4533,4;332224,661333306;403770,56603375;179233,912444391;4743050,4478034;769102,487012864;764712,675311561;0,44069363069733;5;0;1420;
1421;26,7595238095238;11,3746356922491;1;4;1;1;1;1;11,3746356922491;26,7595238095238;4495,6;331981,587915199;403339,367499522;179004,831667265;4725458,01630073;769010,136110644;764631,729855978;0,44324395787553;5;0;1421;
1422;27,2059523809524;15,4419553499768;1;5;5;1;1;1;15,4419553499768;27,2059523809524;4570,6;332505,684066619;404267,45425823;179497,008;4763252,29345507;769249,965806547;764777,147219115;0,438410937520019;5;0;1422;
1423;27,4904761904762;17,4489253585555;1;9;7;1;1;1;17,4489253585555;27,4904761904762;4618,4;332662,800351958;404549,442703833;179645,957661641;4774665,14818065;769297,880598786;764836,210949436;0,434597273351664;5;0;1423;
1424;26,7595238095238;11,3746356922491;1;4;1;1;1;1;11,3746356922491;26,7595238095238;4495,6;331981,587915199;403339,367499522;179004,831667265;4725458,01630073;769010,136110644;764631,729855978;0,44324395787553;5;0;1424;
1425;27,2797619047619;19,4318105037501;3;6;7;1;1;1;19,4318105037501;27,2797619047619;4583;332568,468115204;404371,116079071;179557,92;4767880,32;769218,467145131;764834,294671007;0,437521075478203;5;0;1425;
1426;27,2440476190476;34,4851311468203;8;8;4;7;4;5;34,4851311468203;27,2440476190476;4577;332618,685935362;404479,227232005;179608,339893965;4771761,54277728;769258,170454817;764839,864658244;0,438348378096485;5;0;1426;
1427;27,3904761904762;16,4810934821267;3;10;2;1;1;3;16,4810934821267;27,3904761904762;4601,6;332594,844649314;404423,415465651;179586,990771574;4770235,56600366;769266,469067739;764817,455440331;0,435897623890421;5;0;1427;
1428;27,3904761904762;16,4810934821267;3;10;2;1;1;3;16,4810934821267;27,3904761904762;4601,6;332594,844649314;404423,415465651;179586,990771574;4770235,56600366;769266,469067739;764817,455440331;0,435897623890421;5;0;1428;
1429;27,5880952380953;35,4019527427752;8;6;8;7;1;5;35,4019527427752;27,5880952380953;4634,8;332835,165062041;404850,372775128;179806,674005848;4787326,89865149;769367,827974047;764891,189226874;0,433874072472876;5;0;1429;
1430;27,3726190476191;15,3573960985271;1;9;3;1;1;3;15,3573960985271;27,3726190476191;4598,6;332586;404420,681336414;179575,968;4769180,64;769209,971581256;764853,240591371;0,436140556279768;5;0;1430;
1431;27,2785714285714;21,3388686896865;2;9;3;5;1;4;21,3388686896865;27,2785714285714;4582,8;332472,369675082;404202,33123446;179470,565947036;4761203,98085763;769174,797667995;764805,833894935;0,437102807386217;5;0;1431;
1432;27,2059523809524;15,4419553499768;1;6;5;1;1;1;15,4419553499768;27,2059523809524;4570,6;332505,684066619;404267,45425823;179497,008;4763252,29345507;769249,965806547;764777,147219115;0,438410937520019;5;0;1432;
1433;27,3023809523809;15,3057711067066;3;9;3;1;1;1;15,3057711067066;27,3023809523809;4586,8;332575,2;404389,354282367;179564,940278169;4768400,448;769276,120103945;764800,869670716;0,437189590153348;5;0;1433;
1434;27,0357142857143;17,2986956442479;1;5;3;1;5;1;17,2986956442479;27,0357142857143;4542;332360,841498323;404013,676523309;179365,032;4753056,672;769153,932322718;764756,893809925;0,440504629017825;5;0;1434;
1435;26,7595238095238;11,3746356922491;1;4;1;1;1;1;11,3746356922491;26,7595238095238;4495,6;331981,587915199;403339,367499522;179004,831667265;4725458,01630073;769010,136110644;764631,729855978;0,44324395787553;5;0;1435;
1436;26,9702380952381;13,5193274514155;1;3;2;1;1;2;13,5193274514155;26,9702380952381;4531;332213,545756376;403763,259961437;179219,481299574;4741902,01057253;769026,220995367;764759,482068208;0,440868585528066;5;0;1436;
1437;27,2714285714286;18,4186167611757;2;6;7;1;1;1;18,4186167611757;27,2714285714286;4581,6;332612,534540917;404461,718210532;179606,424;4771632,55395135;769270,252771161;764827,302972327;0,43789084645946;5;0;1437;
1438;26,7595238095238;11,3746356922491;1;4;1;1;1;1;11,3746356922491;26,7595238095238;4495,6;331981,587915199;403339,367499522;179004,831667265;4725458,01630073;769010,136110644;764631,729855978;0,44324395787553;5;0;1438;
1439;26,8071428571429;12,4368077102845;2;4;1;1;1;1;12,4368077102845;26,8071428571429;4503,6;332011,286594615;403386,929667095;179035,825581121;4727754,94670534;769151,530917001;764551,243145734;0,442630141312183;5;0;1439;
1440;27,2464285714286;14,4205659733475;2;6;3;1;1;1;14,4205659733475;27,2464285714286;4577,4;332546,19815435;404343,573054291;179537,626288943;4766332,99775677;769289,965293037;764774,461327834;0,437968923035387;5;0;1440;
1441;27,3904761904762;16,4810934821267;3;10;2;1;1;3;16,4810934821267;27,3904761904762;4601,6;332594,844649314;404423,415465651;179586,990771574;4770235,56600366;769266,469067739;764817,455440331;0,435897623890421;5;0;1441;
1442;27,0785714285714;13,4385446762543;1;4;2;1;1;2;13,4385446762543;27,0785714285714;4549,2;332325,892490565;403946,557268135;179326,609006803;4750089,51083307;769089,253373568;764780,210920087;0,439615676572612;5;0;1442;
1443;27,2464285714286;14,4205659733475;2;7;3;1;1;1;14,4205659733475;27,2464285714286;4577,4;332546,19815435;404343,573054291;179537,626288943;4766332,99775677;769289,965293037;764774,461327834;0,437968923035387;5;0;1443;
1444;27,2119047619047;13,4465016627455;1;5;3;1;1;1;13,4465016627455;27,2119047619047;4571,6;332427,091756605;404146,437128666;179418,942737765;4757435,77648499;769184,447088749;764780,096412899;0,437944470557273;5;0;1444;
1445;26,8202380952381;12,3353129896935;1;8;1;1;1;2;12,3353129896935;26,8202380952381;4505,8;332063,865792407;403510,760155107;179080,743505291;4731146,98591607;768872,352620338;764778,45675885;0,442638380041009;5;0;1445;
1446;27,0785714285714;13,4385446762543;1;4;2;1;1;2;13,4385446762543;27,0785714285714;4549,2;332325,892490565;403946,557268135;179326,609006803;4750089,51083307;769089,253373568;764780,210920087;0,439615676572612;5;0;1446;
1447;26,575;11,4884022075257;1;3;1;1;1;1;11,4884022075257;26,575;4464,6;331764,570945479;402966,927025517;178800,855001487;4709602,1005417;768916,602327864;764569,832426695;0,445284488120723;5;0;1447;
1448;26,7595238095238;11,3746356922491;1;4;1;1;1;1;11,3746356922491;26,7595238095238;4495,6;331981,587915199;403339,367499522;179004,831667265;4725458,01630073;769010,136110644;764631,729855978;0,44324395787553;5;0;1448;
1449;26,7595238095238;11,3746356922491;1;4;1;1;1;1;11,3746356922491;26,7595238095238;4495,6;331981,587915199;403339,367499522;179004,831667265;4725458,01630073;769010,136110644;764631,729855978;0,44324395787553;5;0;1449;
1450;27,2238095238095;21,5151274309447;1;2;6;1;6;1;21,5151274309447;27,2238095238095;4573,6;332476,430320801;404222,207679648;179470,340044902;4761157,65538332;769232,502963966;764773,160793384;0,437997258615089;5;0;1450;
1451;26,9845238095238;12,4357073477328;1;4;2;1;1;1;12,4357073477328;26,9845238095238;4533,4;332224,661333306;403770,56603375;179233,912444391;4743050,4478034;769102,487012864;764712,675311561;0,44069363069733;5;0;1451;
1452;26,8202380952381;12,3353129896935;1;8;1;1;1;2;12,3353129896935;26,8202380952381;4505,8;332063,865792407;403510,760155107;179080,743505291;4731146,98591607;768872,352620338;764778,45675885;0,442638380041009;5;0;1452;
1453;27,2464285714286;14,4205659733475;2;7;3;1;1;1;14,4205659733475;27,2464285714286;4577,4;332546,19815435;404343,573054291;179537,626288943;4766332,99775677;769289,965293037;764774,461327834;0,437968923035387;5;0;1453;
1454;27,0678571428571;13,188081481136;1;2;2;1;1;2;13,188081481136;27,0678571428571;4547,4;332316,455690594;403946,05186353;179316,230392769;4749371,46426076;769089,267198445;764777,949632207;0,439751429021949;5;0;1454;
1455;26,7595238095238;11,3746356922491;1;4;1;1;1;1;11,3746356922491;26,7595238095238;4495,6;331981,587915199;403339,367499522;179004,831667265;4725458,01630073;769010,136110644;764631,729855978;0,44324395787553;5;0;1455;
1456;27,2464285714286;14,4205659733475;2;7;3;1;1;1;14,4205659733475;27,2464285714286;4577,4;332546,19815435;404343,573054291;179537,626288943;4766332,99775677;769289,965293037;764774,461327834;0,437968923035387;5;0;1456;
1457;26,7595238095238;11,3746356922491;1;4;1;1;1;1;11,3746356922491;26,7595238095238;4495,6;331981,587915199;403339,367499522;179004,831667265;4725458,01630073;769010,136110644;764631,729855978;0,44324395787553;5;0;1457;
1458;27,5392857142857;20,3914664137447;7;7;2;1;1;3;20,3914664137447;27,5392857142857;4626,6;332760,770916162;404722,799827071;179742,736677501;4782125,16277883;769343,869984153;764864,453045849;0,434300276926564;5;0;1458;
1459;27,1404761904762;14,2668472918631;1;4;2;2;1;2;14,2668472918631;27,1404761904762;4559,6;332324,203478288;403951,486001481;179327,005249277;4750130,70493107;769053,600485303;764804,067221407;0,438631376170899;5;0;1459;
1460;27,4154761904762;37,4953362119864;8;7;10;7;1;5;37,4953362119864;27,4154761904762;4605,8;332739,873805001;404686,618785248;179722,016201461;4780485,40084516;769300,418182513;764881,011228764;0,436160108015974;5;0;1460;
1461;27,3785714285714;21,352967373699;7;10;2;1;2;3;21,352967373699;27,3785714285714;4599,6;332621,749758908;404475,763068725;179602,066798678;4771407,13098393;769282,185515358;764824,500959591;0,436166198058764;5;0;1461;
1462;27,2880952380952;37,3609126264581;8;6;8;7;1;7;37,3609126264581;27,2880952380952;4584,4;332616,612385705;404471,813701529;179607,426302371;4771676,46659513;769261,213945002;764836,879964083;0,437668313449733;5;0;1462;
1463;27,0785714285714;13,4385446762543;1;4;2;1;1;2;13,4385446762543;27,0785714285714;4549,2;332325,892490565;403946,557268135;179326,609006803;4750089,51083307;769089,253373568;764780,210920087;0,439615676572612;5;0;1463;
1464;27,3904761904762;16,4810934821267;3;10;2;1;1;3;16,4810934821267;27,3904761904762;4601,6;332594,844649314;404423,415465651;179586,990771574;4770235,56600366;769266,469067739;764817,455440331;0,435897623890421;5;0;1464;
1465;27,15;15,4194238360703;3;10;1;1;1;3;15,4194238360703;27,15;4561,2;332528,878092008;404314,926919749;179522,897302104;4765070,91148567;769201,41096236;764824,660288242;0,439436638510452;5;0;1465;
1466;27,3726190476191;15,3573960985271;1;9;3;1;1;3;15,3573960985271;27,3726190476191;4598,6;332586;404420,681336414;179575,968;4769180,64;769209,971581256;764853,240591371;0,436140556279768;5;0;1466;
1467;27,5392857142857;20,3914664137447;7;7;2;1;1;3;20,3914664137447;27,5392857142857;4626,6;332760,770916162;404722,799827071;179742,736677501;4782125,16277883;769343,869984153;764864,453045849;0,434300276926564;5;0;1467;
1468;27,5392857142857;20,3914664137447;7;7;2;1;1;3;20,3914664137447;27,5392857142857;4626,6;332760,770916162;404722,799827071;179742,736677501;4782125,16277883;769343,869984153;764864,453045849;0,434300276926564;5;0;1468;
1469;27,4904761904762;17,4489253585555;1;9;7;1;1;1;17,4489253585555;27,4904761904762;4618,4;332662,800351958;404549,442703833;179645,957661641;4774665,14818065;769297,880598786;764836,210949436;0,434597273351664;5;0;1469;
1470;26,7595238095238;11,3746356922491;1;4;1;1;1;1;11,3746356922491;26,7595238095238;4495,6;331981,587915199;403339,367499522;179004,831667265;4725458,01630073;769010,136110644;764631,729855978;0,44324395787553;5;0;1470;
1471;27,2119047619047;13,4465016627455;1;5;3;1;1;1;13,4465016627455;27,2119047619047;4571,6;332427,091756605;404146,437128666;179418,942737765;4757435,77648499;769184,447088749;764780,096412899;0,437944470557273;5;0;1471;
1472;26,7595238095238;11,3746356922491;1;4;1;1;1;1;11,3746356922491;26,7595238095238;4495,6;331981,587915199;403339,367499522;179004,831667265;4725458,01630073;769010,136110644;764631,729855978;0,44324395787553;5;0;1472;
1473;27,2535714285714;16,4477632064018;1;9;3;2;1;3;16,4477632064018;27,2535714285714;4578,6;332559,055183597;404360,28964979;179551,152;4767505,4392068;769179,376324175;764855,105658514;0,437914515180374;5;0;1473;
1474;25,9940476190476;11,4449321897264;1;1;1;1;1;1;11,4449321897264;25,9940476190476;4367;331191,594574102;401930,88956173;178266,680832632;4668631,30999633;768655,065898936;764403,625865164;0,452465760181828;5;0;1474;
1475;27,3809523809524;36,3837770786199;8;6;8;8;1;5;36,3837770786199;27,3809523809524;4600;332581,218550817;404404,888796722;179569,2;4768747,2;769224,316756138;764839,990182669;0,435973480894378;5;0;1475;
1476;27,2380952380952;21,4820941811618;3;10;2;6;1;3;21,4820941811618;27,2380952380952;4576;332594,324960745;404434,34825283;179583,864;4769874,144;769251,664912771;764830,338328833;0,438326550688895;5;0;1476;
1477;27,2059523809524;15,4561183119309;1;4;2;1;1;4;15,4561183119309;27,2059523809524;4570,6;332438,834887783;404149,155464448;179438,629929585;4758722,08387224;769072,020194356;764857,172389863;0,438130339557333;5;0;1477;
1478;27,1214285714286;13,4397330686006;2;6;2;1;1;1;13,4397330686006;27,1214285714286;4556,4;332374,194078095;404040,849706796;179376,214773394;4753914,48864252;769237,424130631;764710,32115833;0,439169024465394;5;0;1478;
1479;27,4904761904762;17,4489253585555;1;9;7;1;1;1;17,4489253585555;27,4904761904762;4618,4;332662,800351958;404549,442703833;179645,957661641;4774665,14818065;769297,880598786;764836,210949436;0,434597273351664;5;0;1479;
1480;27,2464285714286;14,4205659733475;2;7;3;1;1;1;14,4205659733475;27,2464285714286;4577,4;332546,19815435;404343,573054291;179537,626288943;4766332,99775677;769289,965293037;764774,461327834;0,437968923035387;5;0;1480;
1481;27,3726190476191;15,3573960985271;1;9;3;1;1;3;15,3573960985271;27,3726190476191;4598,6;332586;404420,681336414;179575,968;4769180,64;769209,971581256;764853,240591371;0,436140556279768;5;0;1481;
1482;27,4904761904762;17,4489253585555;1;6;7;1;1;1;17,4489253585555;27,4904761904762;4618,4;332662,800351958;404549,442703833;179645,957661641;4774665,14818065;769297,880598786;764836,210949436;0,434597273351664;5;0;1482;
1483;27,3023809523809;15,3057711067066;3;9;3;1;1;1;15,3057711067066;27,3023809523809;4586,8;332575,2;404389,354282367;179564,940278169;4768400,448;769276,120103945;764800,869670716;0,437189590153348;5;0;1483;
1484;26,8940476190476;13,415955756445;1;4;2;1;2;1;13,415955756445;26,8940476190476;4518,2;332171,340191944;403676,626532099;179184,552;4739170,18000628;769059,421365202;764710,410376077;0,441919331382726;5;0;1484;
1485;27,5392857142857;20,3914664137447;7;7;2;1;1;3;20,3914664137447;27,5392857142857;4626,6;332760,770916162;404722,799827071;179742,736677501;4782125,16277883;769343,869984153;764864,453045849;0,434300276926564;5;0;1485;
1486;26,6785714285714;12,491590785092;1;4;1;2;1;1;12,491590785092;26,6785714285714;4482;331927,38126568;403229,05585727;178959,127755601;4721860,5694328;768963,34695168;764626,828739568;0,444355150544363;5;0;1486;
1487;27,4821428571428;17,3734111850664;2;9;3;1;1;4;17,3734111850664;27,4821428571428;4617;332714,889889657;404648,796618085;179696,627045487;4778538,25183734;769254,567164409;764900,300196909;0,43497572427658;5;0;1487;
1488;27,2833333333333;31,3316932599799;5;6;8;6;1;5;31,3316932599799;27,2833333333333;4583,6;332666,100469676;404558,869646023;179648,278860328;4775068,71388478;769276,782814562;764854,774921134;0,437925734860655;5;0;1488;
1489;26,8976190476191;12,4107013513997;1;5;2;1;1;1;12,4107013513997;26,8976190476191;4518,8;332177,523588855;403690,376345794;179186,536444391;4739488,42559583;769087,418139246;764695,6353807;0,441885706491048;5;0;1489;
1490;27,2833333333333;15,3981252796925;3;5;3;1;1;1;15,3981252796925;27,2833333333333;4583,6;332506,254581315;404274,157733353;179498,261098083;4763206,01225275;769296,490186526;764747,989753094;0,437165691642977;5;0;1490;
1491;27,4904761904762;17,4489253585555;1;6;7;1;1;1;17,4489253585555;27,4904761904762;4618,4;332662,800351958;404549,442703833;179645,957661641;4774665,14818065;769297,880598786;764836,210949436;0,434597273351664;5;0;1491;
1492;27,3904761904762;16,4810934821267;3;10;2;1;1;3;16,4810934821267;27,3904761904762;4601,6;332594,844649314;404423,415465651;179586,990771574;4770235,56600366;769266,469067739;764817,455440331;0,435897623890421;5;0;1492;
1493;27,2369047619048;16,3964401991178;2;9;3;1;1;3;16,3964401991178;27,2369047619048;4575,8;332638,718146629;404502,521840318;179621,088;4772730,35059888;769269,068418304;764841,579288972;0,438520558867743;5;0;1493;
1494;27,3380952380952;36,435354426035;9;6;8;7;1;5;36,435354426035;27,3380952380952;4592,8;332614,818550817;404464,987615012;179608,68;4771694,592;769256,771273851;764838,162220823;0,436847097408531;5;0;1494;
1495;26,7595238095238;11,3746356922491;1;4;1;1;1;1;11,3746356922491;26,7595238095238;4495,6;331981,587915199;403339,367499522;179004,831667265;4725458,01630073;769010,136110644;764631,729855978;0,44324395787553;5;0;1495;
1496;26,8202380952381;12,3353129896935;1;8;1;1;1;2;12,3353129896935;26,8202380952381;4505,8;332063,865792407;403510,760155107;179080,743505291;4731146,98591607;768872,352620338;764778,45675885;0,442638380041009;5;0;1496;
1497;27,4821428571428;17,3734111850664;2;9;3;1;1;4;17,3734111850664;27,4821428571428;4617;332714,889889657;404648,796618085;179696,627045487;4778538,25183734;769254,567164409;764900,300196909;0,43497572427658;5;0;1497;
1498;27,3857142857143;38,3338198646906;9;6;8;7;3;5;38,3338198646906;27,3857142857143;4600,8;332690,582102655;404603,547628594;179672,976;4776722,496;769295,653727774;764855,916656896;0,436398497387182;5;0;1498;
1499;27,5880952380953;35,4019527427752;8;6;8;7;1;5;35,4019527427752;27,5880952380953;4634,8;332835,165062041;404850,372775128;179806,674005848;4787326,89865149;769367,827974047;764891,189226874;0,433874072472876;5;0;1499;
1500;26,9845238095238;12,4357073477328;1;4;2;1;1;1;12,4357073477328;26,9845238095238;4533,4;332224,661333306;403770,56603375;179233,912444391;4743050,4478034;769102,487012864;764712,675311561;0,44069363069733;5;0;1500;
1501;27,2535714285714;16,4477632064018;1;9;3;1;2;3;16,4477632064018;27,2535714285714;4578,6;332559,055183597;404360,28964979;179551,152;4767505,4392068;769179,376324175;764855,105658514;0,437914515180374;5;0;1501;
1502;26,7595238095238;11,3746356922491;1;4;1;1;1;1;11,3746356922491;26,7595238095238;4495,6;331981,587915199;403339,367499522;179004,831667265;4725458,01630073;769010,136110644;764631,729855978;0,44324395787553;5;0;1502;
1503;27,1047619047619;15,4161439326321;1;9;2;1;1;4;15,4161439326321;27,1047619047619;4553,6;332455,469766838;404183,796738988;179454,421929585;4759849,02787224;769086,233136835;764857,717822072;0,439823375874354;5;0;1503;
1504;26,7595238095238;11,3746356922491;1;4;1;1;1;1;11,3746356922491;26,7595238095238;4495,6;331981,587915199;403339,367499522;179004,831667265;4725458,01630073;769010,136110644;764631,729855978;0,44324395787553;5;0;1504;
1505;27,0785714285714;13,4385446762543;1;4;2;1;1;2;13,4385446762543;27,0785714285714;4549,2;332325,892490565;403946,557268135;179326,609006803;4750089,51083307;769089,253373568;764780,210920087;0,439615676572612;5;0;1505;
1506;27,2059523809524;15,4419553499768;1;5;5;1;1;1;15,4419553499768;27,2059523809524;4570,6;332505,684066619;404267,45425823;179497,008;4763252,29345507;769249,965806547;764777,147219115;0,438410937520019;5;0;1506;
1507;27,297619047619;20,3281901081679;1;10;10;1;1;1;20,3281901081679;27,297619047619;4586;332641,764164699;404506,894147175;179622,462025976;4772843,28963838;769248,751576609;764859,060802965;0,437551830275451;5;0;1507;
1508;27,3202380952381;23,4947329736369;9;7;2;1;1;4;23,4947329736369;27,3202380952381;4589,8;332637,732904193;404503,22282892;179625,344059136;4773057,99178172;769246,746888319;764857,068533805;0,437202376447929;5;0;1508;
1509;27,3904761904762;16,4810934821267;3;10;2;1;1;3;16,4810934821267;27,3904761904762;4601,6;332594,844649314;404423,415465651;179586,990771574;4770235,56600366;769266,469067739;764817,455440331;0,435897623890421;5;0;1509;
1510;27,2464285714286;14,4205659733475;2;9;3;1;1;1;14,4205659733475;27,2464285714286;4577,4;332546,19815435;404343,573054291;179537,626288943;4766332,99775677;769289,965293037;764774,461327834;0,437968923035387;5;0;1510;
1511;27,3726190476191;15,3573960985271;1;9;3;1;1;3;15,3573960985271;27,3726190476191;4598,6;332586;404420,681336414;179575,968;4769180,64;769209,971581256;764853,240591371;0,436140556279768;5;0;1511;
1512;27,3261904761905;18,384651005022;6;9;3;1;1;1;18,384651005022;27,3261904761905;4590,8;332609,292698149;404450,195892296;179603,232542871;4771289,37486906;769323,055986017;764788,609700459;0,437003921773802;5;0;1512;
1513;27,4821428571428;17,3734111850664;2;9;3;1;1;4;17,3734111850664;27,4821428571428;4617;332714,889889657;404648,796618085;179696,627045487;4778538,25183734;769254,567164409;764900,300196909;0,43497572427658;5;0;1513;
1514;27,3904761904762;16,4810934821267;3;10;2;1;1;3;16,4810934821267;27,3904761904762;4601,6;332594,844649314;404423,415465651;179586,990771574;4770235,56600366;769266,469067739;764817,455440331;0,435897623890421;5;0;1514;
1515;26,9845238095238;12,4357073477328;1;4;2;1;1;1;12,4357073477328;26,9845238095238;4533,4;332224,661333306;403770,56603375;179233,912444391;4743050,4478034;769102,487012864;764712,675311561;0,44069363069733;5;0;1515;
1516;26,8976190476191;12,4107013513997;1;5;2;1;1;1;12,4107013513997;26,8976190476191;4518,8;332177,523588855;403690,376345794;179186,536444391;4739488,42559583;769087,418139246;764695,6353807;0,441885706491048;5;0;1516;
1517;27,3726190476191;15,3573960985271;1;9;3;1;1;3;15,3573960985271;27,3726190476191;4598,6;332586;404420,681336414;179575,968;4769180,64;769209,971581256;764853,240591371;0,436140556279768;5;0;1517;
1518;27,0678571428571;13,188081481136;1;2;2;1;1;2;13,188081481136;27,0678571428571;4547,4;332316,455690594;403946,05186353;179316,230392769;4749371,46426076;769089,267198445;764777,949632207;0,439751429021949;5;0;1518;
1519;27,3380952380952;36,435354426035;9;6;8;7;1;5;36,435354426035;27,3380952380952;4592,8;332614,818550817;404464,987615012;179608,68;4771694,592;769256,771273851;764838,162220823;0,436847097408531;5;0;1519;
1520;26,7595238095238;11,3746356922491;1;4;1;1;1;1;11,3746356922491;26,7595238095238;4495,6;331981,587915199;403339,367499522;179004,831667265;4725458,01630073;769010,136110644;764631,729855978;0,44324395787553;5;0;1520;
1521;27,2464285714286;14,4205659733475;2;9;3;1;1;1;14,4205659733475;27,2464285714286;4577,4;332546,19815435;404343,573054291;179537,626288943;4766332,99775677;769289,965293037;764774,461327834;0,437968923035387;5;0;1521;
1522;26,8976190476191;12,4107013513997;1;7;2;1;1;1;12,4107013513997;26,8976190476191;4518,8;332177,523588855;403690,376345794;179186,536444391;4739488,42559583;769087,418139246;764695,6353807;0,441885706491048;5;0;1522;
1523;27,3761904761905;18,312829535003;3;10;2;1;3;3;18,312829535003;27,3761904761905;4599,2;332634,650834828;404497,827819243;179620,675509788;4772732,44430435;769270,299256733;764839,202439116;0,43629929996482;5;0;1523;
1524;27,1011904761905;14,2975495403664;3;6;2;1;1;1;14,2975495403664;27,1011904761905;4553;332379,166675451;404044,13949335;179380,824;4754375,69544021;769258,681072898;764697,257046069;0,439529299613764;5;0;1524;
1525;26,7595238095238;11,3746356922491;1;4;1;1;1;1;11,3746356922491;26,7595238095238;4495,6;331981,587915199;403339,367499522;179004,831667265;4725458,01630073;769010,136110644;764631,729855978;0,44324395787553;5;0;1525;
1526;27,4904761904762;17,4489253585555;1;6;7;1;1;1;17,4489253585555;27,4904761904762;4618,4;332662,800351958;404549,442703833;179645,957661641;4774665,14818065;769297,880598786;764836,210949436;0,434597273351664;5;0;1526;
1527;27,2952380952381;32,4490371562832;8;6;5;7;1;5;32,4490371562832;27,2952380952381;4585,6;332613,091867927;404459,705325356;179600,263634911;4771062,94761705;769241,205159809;764847,152049148;0,437478725826104;5;0;1527;
1528;27,5392857142857;20,3914664137447;7;7;2;1;1;3;20,3914664137447;27,5392857142857;4626,6;332760,770916162;404722,799827071;179742,736677501;4782125,16277883;769343,869984153;764864,453045849;0,434300276926564;5;0;1528;
1529;27,0785714285714;13,4385446762543;1;4;2;1;1;2;13,4385446762543;27,0785714285714;4549,2;332325,892490565;403946,557268135;179326,609006803;4750089,51083307;769089,253373568;764780,210920087;0,439615676572612;5;0;1529;
1530;26,7595238095238;11,3746356922491;1;4;1;1;1;1;11,3746356922491;26,7595238095238;4495,6;331981,587915199;403339,367499522;179004,831667265;4725458,01630073;769010,136110644;764631,729855978;0,44324395787553;5;0;1530;
1531;26,6785714285714;12,491590785092;1;4;1;2;1;1;12,491590785092;26,6785714285714;4482;331927,38126568;403229,05585727;178959,127755601;4721860,5694328;768963,34695168;764626,828739568;0,444355150544363;5;0;1531;
1532;27,3761904761905;17,4792682357084;3;9;3;1;1;3;17,4792682357084;27,3761904761905;4599,2;332614,324071182;404467,005788998;179600,741672897;4771102,09004986;769274,782143626;764825,905573349;0,436192668632991;5;0;1532;
1533;26,7595238095238;11,3746356922491;1;4;1;1;1;1;11,3746356922491;26,7595238095238;4495,6;331981,587915199;403339,367499522;179004,831667265;4725458,01630073;769010,136110644;764631,729855978;0,44324395787553;5;0;1533;
1534;27,2678571428571;17,577015128378;2;6;5;1;1;2;17,577015128378;27,2678571428571;4581;332589,459661249;404414,441301108;179570,328;4768822,03613189;769273,028863459;764810,973505737;0,437783465822923;5;0;1534;
1535;27,4261904761905;18,5318931647792;4;9;3;1;1;3;18,5318931647792;27,4261904761905;4607,6;332721,834721763;404653,5282712;179702,259740892;4778969,59513848;769303,350038167;764868,397371217;0,435898115823168;5;0;1535;
1536;27,1392857142857;15,4258475241265;2;9;3;2;1;1;15,4258475241265;27,1392857142857;4559,4;332451,3386;404173,265129762;179446,958091666;4759332,59939996;769239,424422737;764753,507031447;0,43924592820601;5;0;1536;
1537;26,7595238095238;11,3746356922491;1;4;1;1;1;1;11,3746356922491;26,7595238095238;4495,6;331981,587915199;403339,367499522;179004,831667265;4725458,01630073;769010,136110644;764631,729855978;0,44324395787553;5;0;1537;
1538;27,2833333333333;15,3981252796925;3;5;3;1;1;1;15,3981252796925;27,2833333333333;4583,6;332506,254581315;404274,157733353;179498,261098083;4763206,01225275;769296,490186526;764747,989753094;0,437165691642977;5;0;1538;
1539;27,2119047619047;13,4465016627455;1;6;3;1;1;1;13,4465016627455;27,2119047619047;4571,6;332427,091756605;404146,437128666;179418,942737765;4757435,77648499;769184,447088749;764780,096412899;0,437944470557273;5;0;1539;
1540;27,2833333333333;15,4877816973487;4;6;2;1;1;1;15,4877816973487;27,2833333333333;4583,6;332518,860750939;404291,858134673;179511,790970589;4764420,63687116;769323,936586351;764737,907006262;0,437246239324452;5;0;1540;
1541;27,3023809523809;15,3057711067066;3;9;3;1;1;1;15,3057711067066;27,3023809523809;4586,8;332575,2;404389,354282367;179564,940278169;4768400,448;769276,120103945;764800,869670716;0,437189590153348;5;0;1541;
1542;26,6047619047619;11,4814614897985;1;6;1;1;1;1;11,4814614897985;26,6047619047619;4469,6;331807,638431049;403015,862354863;178844,535905342;4713079,52638512;768882,999727021;764611,549464336;0,445022059761228;5;0;1542;
1543;26,5023809523809;13,3121397183086;1;4;1;1;3;1;13,3121397183086;26,5023809523809;4452,4;331782,437248656;402998,834347711;178817,624895005;4710856,6375746;768874,352459947;764609,223839584;0,446584315858712;5;0;1543;
1544;26,8976190476191;12,4107013513997;1;6;2;1;1;1;12,4107013513997;26,8976190476191;4518,8;332177,523588855;403690,376345794;179186,536444391;4739488,42559583;769087,418139246;764695,6353807;0,441885706491048;5;0;1544;
1545;26,9797619047619;17,4031357764913;1;4;1;1;1;7;17,4031357764913;26,9797619047619;4532,6;332232,013308924;403792,769078182;179239,288554168;4743364,05228216;768935,568175303;764829,841646135;0,440788347094233;5;0;1545;
1546;27,5392857142857;20,3914664137447;7;7;2;1;1;3;20,3914664137447;27,5392857142857;4626,6;332760,770916162;404722,799827071;179742,736677501;4782125,16277883;769343,869984153;764864,453045849;0,434300276926564;5;0;1546;
1547;27,4238095238095;24,5320840828841;7;7;5;1;1;4;24,5320840828841;27,4238095238095;4607,2;332680,651625049;404576,14356123;179655,402800188;4775335,488;769361,043734005;764805,945515364;0,435719413691982;5;0;1547;
1548;26,9845238095238;12,4357073477328;1;4;2;1;1;1;12,4357073477328;26,9845238095238;4533,4;332224,661333306;403770,56603375;179233,912444391;4743050,4478034;769102,487012864;764712,675311561;0,44069363069733;5;0;1548;
1549;26,625;15,4534132013852;1;4;1;5;1;1;15,4534132013852;26,625;4473;331862,350310943;403137,043635583;178896,36662297;4717045,22673859;768933,66705531;764615,91644643;0,444935763581682;5;0;1549;
1550;27,3726190476191;15,3573960985271;1;9;3;1;1;3;15,3573960985271;27,3726190476191;4598,6;332586;404420,681336414;179575,968;4769180,64;769209,971581256;764853,240591371;0,436140556279768;5;0;1550;
1551;26,5023809523809;13,3121397183086;1;4;1;3;1;1;13,3121397183086;26,5023809523809;4452,4;331782,437248656;402998,834347711;178817,624895005;4710856,6375746;768874,352459947;764609,223839584;0,446584315858712;5;0;1551;
1552;27,2928571428571;19,2983841254911;2;9;8;1;1;1;19,2983841254911;27,2928571428571;4585,2;332659,522325146;404542,236042193;179648,16;4774856,93994388;769287,834468149;764842,260574094;0,437774123319215;5;0;1552;
1553;27,4821428571428;17,3734111850664;2;6;3;1;1;4;17,3734111850664;27,4821428571428;4617;332714,889889657;404648,796618085;179696,627045487;4778538,25183734;769254,567164409;764900,300196909;0,43497572427658;5;0;1553;
1554;27,3023809523809;15,3057711067066;3;9;3;1;1;1;15,3057711067066;27,3023809523809;4586,8;332575,2;404389,354282367;179564,940278169;4768400,448;769276,120103945;764800,869670716;0,437189590153348;5;0;1554;
1555;27,5392857142857;20,3914664137447;7;7;2;1;1;3;20,3914664137447;27,5392857142857;4626,6;332760,770916162;404722,799827071;179742,736677501;4782125,16277883;769343,869984153;764864,453045849;0,434300276926564;5;0;1555;
1556;27,5880952380953;35,4019527427752;8;6;8;7;1;5;35,4019527427752;27,5880952380953;4634,8;332835,165062041;404850,372775128;179806,674005848;4787326,89865149;769367,827974047;764891,189226874;0,433874072472876;5;0;1556;
1557;27,2464285714286;14,4205659733475;2;9;3;1;1;1;14,4205659733475;27,2464285714286;4577,4;332546,19815435;404343,573054291;179537,626288943;4766332,99775677;769289,965293037;764774,461327834;0,437968923035387;5;0;1557;
1558;27,4904761904762;17,4489253585555;1;6;7;1;1;1;17,4489253585555;27,4904761904762;4618,4;332662,800351958;404549,442703833;179645,957661641;4774665,14818065;769297,880598786;764836,210949436;0,434597273351664;5;0;1558;
1559;27,5392857142857;20,3914664137447;7;6;2;1;1;3;20,3914664137447;27,5392857142857;4626,6;332760,770916162;404722,799827071;179742,736677501;4782125,16277883;769343,869984153;764864,453045849;0,434300276926564;5;0;1559;
1560;26,9214285714286;19,2963019435476;1;7;1;8;1;2;19,2963019435476;26,9214285714286;4522,8;332169,612440927;403672,749512246;179181,168;4738971,31857996;768954,419354918;764778,157960604;0,441455025829495;5;0;1560;
1561;27,2047619047619;31,3556305611624;4;6;8;7;1;5;31,3556305611624;27,2047619047619;4570,4;332576,817717829;404388,408100526;179555,894581839;4767821,20496541;769243,203942441;764822,991789025;0,43875018294377;5;0;1561;
1562;26,9130952380952;12,49780242493;1;4;1;1;1;2;12,49780242493;26,9130952380952;4521,4;332117,068582052;403584,601615422;179130,087731957;4735091,08209185;768939,165728604;764759,404688674;0,441342533644459;5;0;1562;
1563;26,8976190476191;12,4107013513997;1;6;2;1;1;1;12,4107013513997;26,8976190476191;4518,8;332177,523588855;403690,376345794;179186,536444391;4739488,42559583;769087,418139246;764695,6353807;0,441885706491048;5;0;1563;
1564;26,7595238095238;11,3746356922491;1;4;1;1;1;1;11,3746356922491;26,7595238095238;4495,6;331981,587915199;403339,367499522;179004,831667265;4725458,01630073;769010,136110644;764631,729855978;0,44324395787553;5;0;1564;
1565;27,2119047619047;13,4465016627455;1;6;3;1;1;1;13,4465016627455;27,2119047619047;4571,6;332427,091756605;404146,437128666;179418,942737765;4757435,77648499;769184,447088749;764780,096412899;0,437944470557273;5;0;1565;
1566;26,8976190476191;12,4107013513997;1;6;2;1;1;1;12,4107013513997;26,8976190476191;4518,8;332177,523588855;403690,376345794;179186,536444391;4739488,42559583;769087,418139246;764695,6353807;0,441885706491048;5;0;1566;
1567;26,9845238095238;12,4357073477328;1;4;2;1;1;1;12,4357073477328;26,9845238095238;4533,4;332224,661333306;403770,56603375;179233,912444391;4743050,4478034;769102,487012864;764712,675311561;0,44069363069733;5;0;1567;
1568;27,3904761904762;16,4810934821267;3;10;2;1;1;3;16,4810934821267;27,3904761904762;4601,6;332594,844649314;404423,415465651;179586,990771574;4770235,56600366;769266,469067739;764817,455440331;0,435897623890421;5;0;1568;
1569;27,122619047619;16,4153349959747;1;9;3;1;4;1;16,4153349959747;27,122619047619;4556,6;332426,817005109;404121,416920496;179425,910465852;4757813,32592506;769177,367145612;764778,223105088;0,439412247666583;5;0;1569;
1570;27,1404761904762;14,2668472918631;1;4;2;2;1;2;14,2668472918631;27,1404761904762;4559,6;332324,203478288;403951,486001481;179327,005249277;4750130,70493107;769053,600485303;764804,067221407;0,438631376170899;5;0;1570;
1571;27,3880952380952;34,47485591097;8;6;7;7;1;5;34,47485591097;27,3880952380952;4601,2;332682,315898844;404586,559717084;179666,208;4776174,97213774;769270,538210929;764868,679967399;0,436324440886592;5;0;1571;
1572;26,7595238095238;11,3746356922491;1;4;1;1;1;1;11,3746356922491;26,7595238095238;4495,6;331981,587915199;403339,367499522;179004,831667265;4725458,01630073;769010,136110644;764631,729855978;0,44324395787553;5;0;1572;
1573;26,8202380952381;12,3353129896935;1;8;1;1;1;2;12,3353129896935;26,8202380952381;4505,8;332063,865792407;403510,760155107;179080,743505291;4731146,98591607;768872,352620338;764778,45675885;0,442638380041009;5;0;1573;
1574;26,7595238095238;11,3746356922491;1;4;1;1;1;1;11,3746356922491;26,7595238095238;4495,6;331981,587915199;403339,367499522;179004,831667265;4725458,01630073;769010,136110644;764631,729855978;0,44324395787553;5;0;1574;
1575;27,3761904761905;21,371154516023;7;7;3;1;1;3;21,371154516023;27,3761904761905;4599,2;332633,231025805;404503,446135634;179615,342253146;4772289,14811797;769319,821777202;764807,243272797;0,43628381835258;5;0;1575;
1576;27,5880952380953;35,4019527427752;8;6;8;7;1;5;35,4019527427752;27,5880952380953;4634,8;332835,165062041;404850,372775128;179806,674005848;4787326,89865149;769367,827974047;764891,189226874;0,433874072472876;5;0;1576;
1577;27,3023809523809;15,3057711067066;3;9;3;1;1;1;15,3057711067066;27,3023809523809;4586,8;332575,2;404389,354282367;179564,940278169;4768400,448;769276,120103945;764800,869670716;0,437189590153348;5;0;1577;
1578;27,3761904761905;17,4792682357084;3;9;3;1;1;3;17,4792682357084;27,3761904761905;4599,2;332614,324071182;404467,005788998;179600,741672897;4771102,09004986;769274,782143626;764825,905573349;0,436192668632991;5;0;1578;
1579;26,7595238095238;11,3746356922491;1;4;1;1;1;1;11,3746356922491;26,7595238095238;4495,6;331981,587915199;403339,367499522;179004,831667265;4725458,01630073;769010,136110644;764631,729855978;0,44324395787553;5;0;1579;
1580;26,8202380952381;12,3353129896935;1;8;1;1;1;2;12,3353129896935;26,8202380952381;4505,8;332063,865792407;403510,760155107;179080,743505291;4731146,98591607;768872,352620338;764778,45675885;0,442638380041009;5;0;1580;
1581;27,3904761904762;16,4810934821267;3;10;2;1;1;3;16,4810934821267;27,3904761904762;4601,6;332594,844649314;404423,415465651;179586,990771574;4770235,56600366;769266,469067739;764817,455440331;0,435897623890421;5;0;1581;
1582;27,172619047619;19,4276843527437;8;8;1;1;1;2;19,4276843527437;27,172619047619;4565;332475,235985834;404213,281246612;179472,192;4761292,032;769285,667958096;764733,38583915;0,438822163163248;5;0;1582;
1583;26,9845238095238;12,4357073477328;1;4;2;1;1;1;12,4357073477328;26,9845238095238;4533,4;332224,661333306;403770,56603375;179233,912444391;4743050,4478034;769102,487012864;764712,675311561;0,44069363069733;5;0;1583;
1584;27,3952380952381;25,2734736491528;7;7;2;6;1;3;25,2734736491528;27,3952380952381;4602,4;332681,63115575;404577,773397895;179662,824;4776028,992;769314,538665293;764836,809715031;0,436193531581607;5;0;1584;
1585;26,9845238095238;12,4357073477328;1;4;2;1;1;1;12,4357073477328;26,9845238095238;4533,4;332224,661333306;403770,56603375;179233,912444391;4743050,4478034;769102,487012864;764712,675311561;0,44069363069733;5;0;1585;
1586;26,947619047619;12,4751759925717;1;3;2;1;1;1;12,4751759925717;26,947619047619;4527,2;332250,671167817;403822,867373163;179265,768;4745257,25115383;769109,603097651;764723,630424646;0,441442264276273;5;0;1586;
1587;27,3130952380952;23,3431086319254;7;7;2;4;1;3;23,3431086319254;27,3130952380952;4588,6;332552,08308865;404353,215338496;179544,420809259;4766766,30276963;769245,683464959;764807,800718974;0,43692234257587;5;0;1587;
1588;27,3904761904762;16,4810934821267;3;10;2;1;1;3;16,4810934821267;27,3904761904762;4601,6;332594,844649314;404423,415465651;179586,990771574;4770235,56600366;769266,469067739;764817,455440331;0,435897623890421;5;0;1588;
1589;26,8202380952381;12,3353129896935;1;9;1;1;1;2;12,3353129896935;26,8202380952381;4505,8;332063,865792407;403510,760155107;179080,743505291;4731146,98591607;768872,352620338;764778,45675885;0,442638380041009;5;0;1589;
1590;27,0785714285714;13,4385446762543;1;4;2;1;1;2;13,4385446762543;27,0785714285714;4549,2;332325,892490565;403946,557268135;179326,609006803;4750089,51083307;769089,253373568;764780,210920087;0,439615676572612;5;0;1590;
1591;27,5392857142857;20,3914664137447;7;7;2;1;1;3;20,3914664137447;27,5392857142857;4626,6;332760,770916162;404722,799827071;179742,736677501;4782125,16277883;769343,869984153;764864,453045849;0,434300276926564;5;0;1591;
1592;26,7595238095238;11,3746356922491;1;4;1;1;1;1;11,3746356922491;26,7595238095238;4495,6;331981,587915199;403339,367499522;179004,831667265;4725458,01630073;769010,136110644;764631,729855978;0,44324395787553;5;0;1592;
1593;27,4904761904762;17,4489253585555;1;6;7;1;1;1;17,4489253585555;27,4904761904762;4618,4;332662,800351958;404549,442703833;179645,957661641;4774665,14818065;769297,880598786;764836,210949436;0,434597273351664;5;0;1593;
1594;27,1011904761905;14,2975495403664;3;9;2;1;1;1;14,2975495403664;27,1011904761905;4553;332379,166675451;404044,13949335;179380,824;4754375,69544021;769258,681072898;764697,257046069;0,439529299613764;5;0;1594;
1595;27,0785714285714;13,4385446762543;1;4;2;1;1;2;13,4385446762543;27,0785714285714;4549,2;332325,892490565;403946,557268135;179326,609006803;4750089,51083307;769089,253373568;764780,210920087;0,439615676572612;5;0;1595;
1596;26,8976190476191;12,4107013513997;1;6;2;1;1;1;12,4107013513997;26,8976190476191;4518,8;332177,523588855;403690,376345794;179186,536444391;4739488,42559583;769087,418139246;764695,6353807;0,441885706491048;5;0;1596;
1597;26,7595238095238;11,3746356922491;1;4;1;1;1;1;11,3746356922491;26,7595238095238;4495,6;331981,587915199;403339,367499522;179004,831667265;4725458,01630073;769010,136110644;764631,729855978;0,44324395787553;5;0;1597;
1598;26,4238095238095;13,4017314081534;1;1;2;1;1;2;13,4017314081534;26,4238095238095;4439,2;331630,263655058;402707,051525305;178677,991205045;4700257,83086852;768754,809599705;764593,428985466;0,447196904349562;5;0;1598;
1599;27,2988095238095;19,3026413152401;3;10;2;1;1;6;19,3026413152401;27,2988095238095;4586,2;332583,105197789;404403,427332398;179574,84;4769180,64;769266,428540922;764811,483433447;0,437301327195905;5;0;1599;
1600;27,3785714285714;21,352967373699;7;7;2;1;2;3;21,352967373699;27,3785714285714;4599,6;332621,749758908;404475,763068725;179602,066798678;4771407,13098393;769282,185515358;764824,500959591;0,436166198058764;5;0;1600;
1601;27,3;18,3770587466252;1;7;4;3;1;3;18,3770587466252;27,3;4586,4;332581,040140889;404410,728953835;179571,925040817;4768951,47281639;769209,782907691;764850,380188584;0,437261039678186;5;0;1601;
1602;27,1547619047619;13,548879560242;1;8;2;1;1;2;13,548879560242;27,1547619047619;4562;332321,769712667;403947,780220425;179325,490088482;4750010,86061755;769084,762769225;764781,371779656;0,438381109493047;5;0;1602;
1603;27,3023809523809;15,3057711067066;3;6;3;1;1;1;15,3057711067066;27,3023809523809;4586,8;332575,2;404389,354282367;179564,940278169;4768400,448;769276,120103945;764800,869670716;0,437189590153348;5;0;1603;
1604;27,1011904761905;14,2975495403664;3;10;2;1;1;1;14,2975495403664;27,1011904761905;4553;332379,166675451;404044,13949335;179380,824;4754375,69544021;769258,681072898;764697,257046069;0,439529299613764;5;0;1604;
1605;27,3904761904762;16,4810934821267;3;10;2;1;1;3;16,4810934821267;27,3904761904762;4601,6;332594,844649314;404423,415465651;179586,990771574;4770235,56600366;769266,469067739;764817,455440331;0,435897623890421;5;0;1605;
1606;26,9845238095238;12,4357073477328;1;4;2;1;1;1;12,4357073477328;26,9845238095238;4533,4;332224,661333306;403770,56603375;179233,912444391;4743050,4478034;769102,487012864;764712,675311561;0,44069363069733;5;0;1606;
1607;27,5392857142857;20,3914664137447;7;7;2;1;1;3;20,3914664137447;27,5392857142857;4626,6;332760,770916162;404722,799827071;179742,736677501;4782125,16277883;769343,869984153;764864,453045849;0,434300276926564;5;0;1607;
1608;27,5880952380953;35,4019527427752;8;6;8;7;1;5;35,4019527427752;27,5880952380953;4634,8;332835,165062041;404850,372775128;179806,674005848;4787326,89865149;769367,827974047;764891,189226874;0,433874072472876;5;0;1608;
1609;27,3083333333333;18,4533310398351;1;2;5;3;1;2;18,4533310398351;27,3083333333333;4587,8;332542,352945687;404335,622373274;179538,80119753;4766269,08785956;769162,017051679;764860,231943895;0,436955019119858;5;0;1609;
1610;27,3892857142857;18,3345311806568;3;6;3;1;1;4;18,3345311806568;27,3892857142857;4601,4;332647,180902014;404520,985485915;179631,862359603;4773580,80428362;769265,120615921;764849,972248628;0,436141449443053;5;0;1610;
1611;26,8976190476191;12,4107013513997;1;6;2;1;1;1;12,4107013513997;26,8976190476191;4518,8;332177,523588855;403690,376345794;179186,536444391;4739488,42559583;769087,418139246;764695,6353807;0,441885706491048;5;0;1611;
1612;26,575;11,4884022075257;1;3;1;1;1;1;11,4884022075257;26,575;4464,6;331764,570945479;402966,927025517;178800,855001487;4709602,1005417;768916,602327864;764569,832426695;0,445284488120723;5;0;1612;
1613;27,3904761904762;16,4810934821267;3;10;2;1;1;3;16,4810934821267;27,3904761904762;4601,6;332594,844649314;404423,415465651;179586,990771574;4770235,56600366;769266,469067739;764817,455440331;0,435897623890421;5;0;1613;
1614;27,0678571428571;13,188081481136;1;2;2;1;1;2;13,188081481136;27,0678571428571;4547,4;332316,455690594;403946,05186353;179316,230392769;4749371,46426076;769089,267198445;764777,949632207;0,439751429021949;5;0;1614;
1615;27,3023809523809;15,3057711067066;3;9;3;1;1;1;15,3057711067066;27,3023809523809;4586,8;332575,2;404389,354282367;179564,940278169;4768400,448;769276,120103945;764800,869670716;0,437189590153348;5;0;1615;
1616;27,3190476190476;29,415231372583;2;6;8;7;1;5;29,415231372583;27,3190476190476;4589,6;332682,368892614;404589,739141218;179668,055596948;4776423,3311472;769317,946040491;764836,763899524;0,43743685395528;5;0;1616;
1617;27,4904761904762;17,4489253585555;1;6;7;1;1;1;17,4489253585555;27,4904761904762;4618,4;332662,800351958;404549,442703833;179645,957661641;4774665,14818065;769297,880598786;764836,210949436;0,434597273351664;5;0;1617;
1618;27,5392857142857;20,3914664137447;7;7;2;1;1;3;20,3914664137447;27,5392857142857;4626,6;332760,770916162;404722,799827071;179742,736677501;4782125,16277883;769343,869984153;764864,453045849;0,434300276926564;5;0;1618;
1619;27,1214285714286;13,4397330686006;2;6;2;1;1;1;13,4397330686006;27,1214285714286;4556,4;332374,194078095;404040,849706796;179376,214773394;4753914,48864252;769237,424130631;764710,32115833;0,439169024465394;5;0;1619;
1620;27,5880952380953;35,4019527427752;8;6;8;7;1;5;35,4019527427752;27,5880952380953;4634,8;332835,165062041;404850,372775128;179806,674005848;4787326,89865149;769367,827974047;764891,189226874;0,433874072472876;5;0;1620;
1621;26,7595238095238;11,3746356922491;1;4;1;1;1;1;11,3746356922491;26,7595238095238;4495,6;331981,587915199;403339,367499522;179004,831667265;4725458,01630073;769010,136110644;764631,729855978;0,44324395787553;5;0;1621;
1622;26,7595238095238;11,3746356922491;1;4;1;1;1;1;11,3746356922491;26,7595238095238;4495,6;331981,587915199;403339,367499522;179004,831667265;4725458,01630073;769010,136110644;764631,729855978;0,44324395787553;5;0;1622;
1623;26,7595238095238;11,3746356922491;1;4;1;1;1;1;11,3746356922491;26,7595238095238;4495,6;331981,587915199;403339,367499522;179004,831667265;4725458,01630073;769010,136110644;764631,729855978;0,44324395787553;5;0;1623;
1624;27,3023809523809;15,3057711067066;3;7;3;1;1;1;15,3057711067066;27,3023809523809;4586,8;332575,2;404389,354282367;179564,940278169;4768400,448;769276,120103945;764800,869670716;0,437189590153348;5;0;1624;
1625;26,7595238095238;11,3746356922491;1;4;1;1;1;1;11,3746356922491;26,7595238095238;4495,6;331981,587915199;403339,367499522;179004,831667265;4725458,01630073;769010,136110644;764631,729855978;0,44324395787553;5;0;1625;
1626;27,2464285714286;14,4205659733475;2;6;3;1;1;1;14,4205659733475;27,2464285714286;4577,4;332546,19815435;404343,573054291;179537,626288943;4766332,99775677;769289,965293037;764774,461327834;0,437968923035387;5;0;1626;
1627;26,7595238095238;11,3746356922491;1;4;1;1;1;1;11,3746356922491;26,7595238095238;4495,6;331981,587915199;403339,367499522;179004,831667265;4725458,01630073;769010,136110644;764631,729855978;0,44324395787553;5;0;1627;
1628;27,2083333333333;14,3626593312448;3;8;1;1;1;2;14,3626593312448;27,2083333333333;4571;332467,874348792;404215,794568051;179460,912;4760355,99123281;769215,934710805;764781,490999872;0,438182201736943;5;0;1628;
1629;27,2642857142857;22,4186490004345;8;7;2;1;2;3;22,4186490004345;27,2642857142857;4580,4;332652,579101108;404525,728940393;179637,376988992;4773906,91382807;769278,722218484;764844,010167326;0,438153011605464;5;0;1629;
1630;27,5880952380953;35,4019527427752;8;6;8;7;1;5;35,4019527427752;27,5880952380953;4634,8;332835,165062041;404850,372775128;179806,674005848;4787326,89865149;769367,827974047;764891,189226874;0,433874072472876;5;0;1630;
1631;27,2535714285714;23,341421841174;7;7;5;1;1;3;23,341421841174;27,2535714285714;4578,6;332596,390136044;404432,225862771;179589,504;4770380,69477628;769291,786246695;764804,288274325;0,438095951288118;5;0;1631;
1632;27,0678571428571;13,188081481136;1;2;2;1;1;2;13,188081481136;27,0678571428571;4547,4;332316,455690594;403946,05186353;179316,230392769;4749371,46426076;769089,267198445;764777,949632207;0,439751429021949;5;0;1632;
1633;26,6309523809524;12,3589860233207;1;8;1;2;1;1;12,3589860233207;26,6309523809524;4474;331853,108754495;403105,383006601;178887,114020115;4716329,65607883;768931,638494407;764607,858347623;0,444789232729258;5;0;1633;
1634;26,8202380952381;12,3353129896935;1;8;1;1;1;2;12,3353129896935;26,8202380952381;4505,8;332063,865792407;403510,760155107;179080,743505291;4731146,98591607;768872,352620338;764778,45675885;0,442638380041009;5;0;1634;
1635;27,3023809523809;15,3057711067066;3;9;3;1;1;1;15,3057711067066;27,3023809523809;4586,8;332575,2;404389,354282367;179564,940278169;4768400,448;769276,120103945;764800,869670716;0,437189590153348;5;0;1635;
1636;27,3369047619048;38,6052120346846;8;6;10;8;1;5;38,6052120346846;27,3369047619048;4592,6;332633,331679536;404502,038889694;179619,793944847;4772626,20332691;769259,268901603;764847,802499371;0,436907708636817;5;0;1636;
1637;26,9845238095238;12,4357073477328;1;4;2;1;1;1;12,4357073477328;26,9845238095238;4533,4;332224,661333306;403770,56603375;179233,912444391;4743050,4478034;769102,487012864;764712,675311561;0,44069363069733;5;0;1637;
1638;27,3845238095238;35,24365023584;8;6;10;7;1;3;35,24365023584;27,3845238095238;4600,6;332731,071826562;404672,79582646;179701,21548963;4779046,5376265;769338,793785965;764851,471613121;0,436571201343381;5;0;1638;
1639;27,0416666666667;17,3847839671517;7;4;1;1;1;1;17,3847839671517;27,0416666666667;4543;332288,616136539;403872,887490158;179297,917432727;4747682,016;769267,263552089;764637,81886505;0,440070869685437;5;0;1639;
1640;27,3726190476191;15,3573960985271;1;10;3;1;1;3;15,3573960985271;27,3726190476191;4598,6;332586;404420,681336414;179575,968;4769180,64;769209,971581256;764853,240591371;0,436140556279768;5;0;1640;
1641;27,2083333333333;18,506361437928;3;7;1;1;3;4;18,506361437928;27,2083333333333;4571;332599,185144657;404434,649605053;179586,354505139;4770075,35140237;769241,9066673;764836,179533235;0,438824550053817;5;0;1641;
1642;26,8202380952381;12,3353129896935;1;9;1;1;1;2;12,3353129896935;26,8202380952381;4505,8;332063,865792407;403510,760155107;179080,743505291;4731146,98591607;768872,352620338;764778,45675885;0,442638380041009;5;0;1642;
1643;27,3904761904762;16,4810934821267;3;10;2;1;1;3;16,4810934821267;27,3904761904762;4601,6;332594,844649314;404423,415465651;179586,990771574;4770235,56600366;769266,469067739;764817,455440331;0,435897623890421;5;0;1643;
1644;27,2630952380952;23,4789273719388;7;4;2;1;4;3;23,4789273719388;27,2630952380952;4580,2;332579,130736701;404402,735182579;179570,753271214;4768681,47858414;769272,155954412;764806,19110781;0,437837726994555;5;0;1644;
1645;27,3821428571429;19,2873501346353;1;6;9;1;1;1;19,2873501346353;27,3821428571429;4600,2;332692,529396846;404605,655288278;179681,518068247;4777395,74199597;769289,91861923;764861,039065499;0,436496870004904;5;0;1645;
1646;26,7595238095238;11,3746356922491;1;4;1;1;1;1;11,3746356922491;26,7595238095238;4495,6;331981,587915199;403339,367499522;179004,831667265;4725458,01630073;769010,136110644;764631,729855978;0,44324395787553;5;0;1646;
1647;27,1214285714286;13,4397330686006;2;6;2;1;1;1;13,4397330686006;27,1214285714286;4556,4;332374,194078095;404040,849706796;179376,214773394;4753914,48864252;769237,424130631;764710,32115833;0,439169024465394;5;0;1647;
1648;26,8142857142857;12,431183939923;1;2;2;1;1;1;12,431183939923;26,8142857142857;4504,8;332059,234139196;403480,760153231;179075,360220511;4730840,54013979;769025,998997974;764667,581674972;0,442697746988775;5;0;1648;
1649;27,4261904761905;18,5318931647792;4;9;3;1;1;3;18,5318931647792;27,4261904761905;4607,6;332721,834721763;404653,5282712;179702,259740892;4778969,59513848;769303,350038167;764868,397371217;0,435898115823168;5;0;1649;
1650;26,9845238095238;12,4357073477328;1;4;2;1;1;1;12,4357073477328;26,9845238095238;4533,4;332224,661333306;403770,56603375;179233,912444391;4743050,4478034;769102,487012864;764712,675311561;0,44069363069733;5;0;1650;
1651;26,9845238095238;12,4357073477328;1;4;2;1;1;1;12,4357073477328;26,9845238095238;4533,4;332224,661333306;403770,56603375;179233,912444391;4743050,4478034;769102,487012864;764712,675311561;0,44069363069733;5;0;1651;
1652;27,1619047619048;19,2127518018313;2;6;3;6;1;1;19,2127518018313;27,1619047619048;4563,2;332456,006548324;404188,930327883;179454,952841838;4759782,6570774;769229,085949607;764763,72686487;0,438893252691474;5;0;1652;
1653;27,2119047619047;13,4465016627455;1;6;3;1;1;1;13,4465016627455;27,2119047619047;4571,6;332427,091756605;404146,437128666;179418,942737765;4757435,77648499;769184,447088749;764780,096412899;0,437944470557273;5;0;1653;
1654;26,6047619047619;11,4814614897985;1;5;1;1;1;1;11,4814614897985;26,6047619047619;4469,6;331807,638431049;403015,862354863;178844,535905342;4713079,52638512;768882,999727021;764611,549464336;0,445022059761228;5;0;1654;
1655;27,1214285714286;13,4397330686006;2;6;2;1;1;1;13,4397330686006;27,1214285714286;4556,4;332374,194078095;404040,849706796;179376,214773394;4753914,48864252;769237,424130631;764710,32115833;0,439169024465394;5;0;1655;
1656;27,3642857142857;22,4669845029848;3;8;3;1;5;4;22,4669845029848;27,3642857142857;4597,2;332681,695554571;404581,835245524;179666,448760949;4776230,61148718;769325,055632454;764829,946747594;0,436717498875385;5;0;1656;
1657;26,7595238095238;11,3746356922491;1;4;1;1;1;1;11,3746356922491;26,7595238095238;4495,6;331981,587915199;403339,367499522;179004,831667265;4725458,01630073;769010,136110644;764631,729855978;0,44324395787553;5;0;1657;
1658;26,8202380952381;12,3353129896935;1;8;1;1;1;2;12,3353129896935;26,8202380952381;4505,8;332063,865792407;403510,760155107;179080,743505291;4731146,98591607;768872,352620338;764778,45675885;0,442638380041009;5;0;1658;
1659;27,3761904761905;17,4792682357084;3;10;3;1;1;3;17,4792682357084;27,3761904761905;4599,2;332614,324071182;404467,005788998;179600,741672897;4771102,09004986;769274,782143626;764825,905573349;0,436192668632991;5;0;1659;
1660;27,4511904761905;35,4349202710048;9;6;8;6;1;5;35,4349202710048;27,4511904761905;4611,8;332650,947516008;404531,022884248;179638,008;4774140,88556498;769259,05844384;764857,711753951;0,435201898105511;5;0;1660;
1661;26,9845238095238;12,4357073477328;1;4;2;1;1;1;12,4357073477328;26,9845238095238;4533,4;332224,661333306;403770,56603375;179233,912444391;4743050,4478034;769102,487012864;764712,675311561;0,44069363069733;5;0;1661;
1662;26,8976190476191;12,4107013513997;1;6;2;1;1;1;12,4107013513997;26,8976190476191;4518,8;332177,523588855;403690,376345794;179186,536444391;4739488,42559583;769087,418139246;764695,6353807;0,441885706491048;5;0;1662;
1663;27,3904761904762;16,4810934821267;3;10;2;1;1;3;16,4810934821267;27,3904761904762;4601,6;332594,844649314;404423,415465651;179586,990771574;4770235,56600366;769266,469067739;764817,455440331;0,435897623890421;5;0;1663;
1664;27,3392857142857;19,4570623446035;7;7;2;1;1;2;19,4570623446035;27,3392857142857;4593;332589,141473219;404421,231044053;179577,191837631;4769385,09704908;769262,547950299;764820,063705451;0,436658940998671;5;0;1664;
1665;27,5880952380953;35,4019527427752;8;6;8;7;1;5;35,4019527427752;27,5880952380953;4634,8;332835,165062041;404850,372775128;179806,674005848;4787326,89865149;769367,827974047;764891,189226874;0,433874072472876;5;0;1665;
1666;27,2119047619047;13,4465016627455;1;6;3;1;1;1;13,4465016627455;27,2119047619047;4571,6;332427,091756605;404146,437128666;179418,942737765;4757435,77648499;769184,447088749;764780,096412899;0,437944470557273;5;0;1666;
1667;27,1214285714286;13,4397330686006;2;6;2;1;1;1;13,4397330686006;27,1214285714286;4556,4;332374,194078095;404040,849706796;179376,214773394;4753914,48864252;769237,424130631;764710,32115833;0,439169024465394;5;0;1667;
1668;26,9964285714286;14,3746138917358;3;4;1;2;1;1;14,3746138917358;26,9964285714286;4535,4;332278,169140493;403867,334625788;179283,768487919;4746731,88239163;769248,670399695;764645,810200949;0,44074364286186;5;0;1668;
1669;27,3023809523809;15,3057711067066;3;9;3;1;1;1;15,3057711067066;27,3023809523809;4586,8;332575,2;404389,354282367;179564,940278169;4768400,448;769276,120103945;764800,869670716;0,437189590153348;5;0;1669;
1670;26,7595238095238;11,3746356922491;1;4;1;1;1;1;11,3746356922491;26,7595238095238;4495,6;331981,587915199;403339,367499522;179004,831667265;4725458,01630073;769010,136110644;764631,729855978;0,44324395787553;5;0;1670;
1671;27,3023809523809;15,3057711067066;3;9;3;1;1;1;15,3057711067066;27,3023809523809;4586,8;332575,2;404389,354282367;179564,940278169;4768400,448;769276,120103945;764800,869670716;0,437189590153348;5;0;1671;
1672;27,3428571428571;19,4594806212114;6;10;2;1;1;3;19,4594806212114;27,3428571428571;4593,6;332567,404018829;404371,359937791;179559,048;4768019,51863252;769237,33955718;764820,225726957;0,436528005671002;5;0;1672;
1673;27,5880952380953;35,4019527427752;8;6;8;7;1;5;35,4019527427752;27,5880952380953;4634,8;332835,165062041;404850,372775128;179806,674005848;4787326,89865149;769367,827974047;764891,189226874;0,433874072472876;5;0;1673;
1674;27,5880952380953;35,4019527427752;8;6;8;7;1;5;35,4019527427752;27,5880952380953;4634,8;332835,165062041;404850,372775128;179806,674005848;4787326,89865149;769367,827974047;764891,189226874;0,433874072472876;5;0;1674;
1675;27,3726190476191;15,3573960985271;1;10;3;1;1;3;15,3573960985271;27,3726190476191;4598,6;332586;404420,681336414;179575,968;4769180,64;769209,971581256;764853,240591371;0,436140556279768;5;0;1675;
1676;27,2809523809524;33,3432209814963;6;5;8;7;1;5;33,3432209814963;27,2809523809524;4583,2;332671,873458528;404565,081394683;179651,711746233;4775162,112;769283,967983413;764853,178778833;0,437974238024486;5;0;1676;
1677;27,2678571428571;15,4436249014677;3;10;2;1;1;2;15,4436249014677;27,2678571428571;4581;332621,867934303;404476,335312605;179605,233424513;4771740,44373341;769296,72389563;764813,706928315;0,437957779762393;5;0;1677;
1678;26,9130952380952;12,49780242493;1;4;1;1;1;2;12,49780242493;26,9130952380952;4521,4;332117,068582052;403584,601615422;179130,087731957;4735091,08209185;768939,165728604;764759,404688674;0,441342533644459;5;0;1678;
1679;27,0785714285714;13,4385446762543;1;4;2;1;1;2;13,4385446762543;27,0785714285714;4549,2;332325,892490565;403946,557268135;179326,609006803;4750089,51083307;769089,253373568;764780,210920087;0,439615676572612;5;0;1679;
1680;27,5095238095238;20,4698247311297;7;4;2;1;1;3;20,4698247311297;27,5095238095238;4621,6;332711,925262131;404637,556835707;179693,167717408;4778316,1192802;769326,71585095;764847,354135941;0,434529514977834;5;0;1680;
1681;26,7595238095238;11,3746356922491;1;4;1;1;1;1;11,3746356922491;26,7595238095238;4495,6;331981,587915199;403339,367499522;179004,831667265;4725458,01630073;769010,136110644;764631,729855978;0,44324395787553;5;0;1681;
1682;27,0785714285714;13,4385446762543;1;4;2;1;1;2;13,4385446762543;27,0785714285714;4549,2;332325,892490565;403946,557268135;179326,609006803;4750089,51083307;769089,253373568;764780,210920087;0,439615676572612;5;0;1682;
1683;26,9130952380952;12,49780242493;1;4;1;1;1;2;12,49780242493;26,9130952380952;4521,4;332117,068582052;403584,601615422;179130,087731957;4735091,08209185;768939,165728604;764759,404688674;0,441342533644459;5;0;1683;
1684;27,5392857142857;20,3914664137447;7;7;2;1;1;3;20,3914664137447;27,5392857142857;4626,6;332760,770916162;404722,799827071;179742,736677501;4782125,16277883;769343,869984153;764864,453045849;0,434300276926564;5;0;1684;
1685;27,0785714285714;13,4385446762543;1;4;2;1;1;2;13,4385446762543;27,0785714285714;4549,2;332325,892490565;403946,557268135;179326,609006803;4750089,51083307;769089,253373568;764780,210920087;0,439615676572612;5;0;1685;
1686;26,6309523809524;12,3589860233207;1;6;1;2;1;1;12,3589860233207;26,6309523809524;4474;331853,108754495;403105,383006601;178887,114020115;4716329,65607883;768931,638494407;764607,858347623;0,444789232729258;5;0;1686;
1687;26,7595238095238;11,3746356922491;1;4;1;1;1;1;11,3746356922491;26,7595238095238;4495,6;331981,587915199;403339,367499522;179004,831667265;4725458,01630073;769010,136110644;764631,729855978;0,44324395787553;5;0;1687;
1688;27,3904761904762;16,4810934821267;3;10;2;1;1;3;16,4810934821267;27,3904761904762;4601,6;332594,844649314;404423,415465651;179586,990771574;4770235,56600366;769266,469067739;764817,455440331;0,435897623890421;5;0;1688;
1689;27,5880952380953;35,4019527427752;8;6;8;7;1;5;35,4019527427752;27,5880952380953;4634,8;332835,165062041;404850,372775128;179806,674005848;4787326,89865149;769367,827974047;764891,189226874;0,433874072472876;5;0;1689;
1690;26,8976190476191;12,4107013513997;1;6;2;1;1;1;12,4107013513997;26,8976190476191;4518,8;332177,523588855;403690,376345794;179186,536444391;4739488,42559583;769087,418139246;764695,6353807;0,441885706491048;5;0;1690;
1691;27,5880952380953;35,4019527427752;8;6;8;7;1;5;35,4019527427752;27,5880952380953;4634,8;332835,165062041;404850,372775128;179806,674005848;4787326,89865149;769367,827974047;764891,189226874;0,433874072472876;5;0;1691;
1692;27,1214285714286;13,4397330686006;2;6;2;1;1;1;13,4397330686006;27,1214285714286;4556,4;332374,194078095;404040,849706796;179376,214773394;4753914,48864252;769237,424130631;764710,32115833;0,439169024465394;5;0;1692;
1693;27,4904761904762;17,4489253585555;1;6;7;1;1;1;17,4489253585555;27,4904761904762;4618,4;332662,800351958;404549,442703833;179645,957661641;4774665,14818065;769297,880598786;764836,210949436;0,434597273351664;5;0;1693;
1694;26,7595238095238;11,3746356922491;1;4;1;1;1;1;11,3746356922491;26,7595238095238;4495,6;331981,587915199;403339,367499522;179004,831667265;4725458,01630073;769010,136110644;764631,729855978;0,44324395787553;5;0;1694;
1695;26,8976190476191;12,4107013513997;1;6;2;1;1;1;12,4107013513997;26,8976190476191;4518,8;332177,523588855;403690,376345794;179186,536444391;4739488,42559583;769087,418139246;764695,6353807;0,441885706491048;5;0;1695;
1696;26,6047619047619;11,4814614897985;1;6;1;1;1;1;11,4814614897985;26,6047619047619;4469,6;331807,638431049;403015,862354863;178844,535905342;4713079,52638512;768882,999727021;764611,549464336;0,445022059761228;5;0;1696;
1697;26,0130952380952;12,4171464819943;1;1;1;2;1;1;12,4171464819943;26,0130952380952;4370,2;331228,972558632;402006,121394247;178299,068844401;4671119,95989291;768647,239582383;764432,505625448;0,452292061349068;5;0;1697;
1698;27,3130952380952;23,3431086319254;7;7;2;4;1;3;23,3431086319254;27,3130952380952;4588,6;332552,08308865;404353,215338496;179544,420809259;4766766,30276963;769245,683464959;764807,800718974;0,43692234257587;5;0;1698;
1699;27,5880952380953;35,4019527427752;8;6;8;7;1;5;35,4019527427752;27,5880952380953;4634,8;332835,165062041;404850,372775128;179806,674005848;4787326,89865149;769367,827974047;764891,189226874;0,433874072472876;5;0;1699;
1700;27,4488095238095;19,2660273957774;3;10;5;1;1;3;19,2660273957774;27,4488095238095;4611,4;332735,604663492;404673,093417793;179720,292631255;4780203,2906469;769349,211675117;764847,08403964;0,435612162658681;5;0;1700;
1701;27,3654761904762;20,4195084860297;4;6;7;1;1;1;20,4195084860297;27,3654761904762;4597,4;332649,454127762;404526,071748457;179636,895007204;4774009,646768;769298,210032575;764828,500591158;0,436549644186505;5;0;1701;
1702;27,3904761904762;16,4810934821267;3;10;2;1;1;3;16,4810934821267;27,3904761904762;4601,6;332594,844649314;404423,415465651;179586,990771574;4770235,56600366;769266,469067739;764817,455440331;0,435897623890421;5;0;1702;
1703;26,8785714285714;13,5346645955845;3;4;1;1;1;1;13,5346645955845;26,8785714285714;4515,6;332246,12137938;403810,279941667;179255,93210978;4744552,93153556;769248,399016391;764625,702999078;0,442537547506124;5;0;1703;
1704;27,0309523809524;16,4704075743494;5;6;2;1;1;1;16,4704075743494;27,0309523809524;4541,2;332314,687258654;403932,062220915;179319,000868198;4749445,57678981;769246,999230933;764668,166875507;0,440352291153219;5;0;1704;
1705;27,4904761904762;17,4489253585555;1;5;7;1;1;1;17,4489253585555;27,4904761904762;4618,4;332662,800351958;404549,442703833;179645,957661641;4774665,14818065;769297,880598786;764836,210949436;0,434597273351664;5;0;1705;
1706;26,7595238095238;11,3746356922491;1;4;1;1;1;1;11,3746356922491;26,7595238095238;4495,6;331981,587915199;403339,367499522;179004,831667265;4725458,01630073;769010,136110644;764631,729855978;0,44324395787553;5;0;1706;
1707;27,3023809523809;15,3057711067066;3;9;3;1;1;1;15,3057711067066;27,3023809523809;4586,8;332575,2;404389,354282367;179564,940278169;4768400,448;769276,120103945;764800,869670716;0,437189590153348;5;0;1707;
1708;27,3023809523809;15,3057711067066;3;10;3;1;1;1;15,3057711067066;27,3023809523809;4586,8;332575,2;404389,354282367;179564,940278169;4768400,448;769276,120103945;764800,869670716;0,437189590153348;5;0;1708;
1709;27,2119047619047;16,4077123892833;4;6;3;1;1;1;16,4077123892833;27,2119047619047;4571,6;332519,047813696;404291,769647937;179501,328359797;4763520,91221128;769313,610899119;764743,207906356;0,438338876265237;5;0;1709;
1710;27,1130952380953;18,4935302050043;1;6;2;1;1;7;18,4935302050043;27,1130952380953;4555;332417,884375654;404113,869296669;179415,267498531;4756816,84253091;769106,764984572;764822,701486508;0,439489818523057;5;0;1710;
1711;26,9761904761905;17,4884126836374;1;2;2;1;5;2;17,4884126836374;26,9761904761905;4532;332235,086179393;403789,229508519;179242,788829722;4743801,46114164;768995,213206186;764789,114627035;0,440881461111832;5;0;1711;
1712;27,3428571428571;19,4594806212114;6;7;2;1;1;3;19,4594806212114;27,3428571428571;4593,6;332567,404018829;404371,359937791;179559,048;4768019,51863252;769237,33955718;764820,225726957;0,436528005671002;5;0;1712;
1713;27,3904761904762;16,4810934821267;3;10;2;1;1;3;16,4810934821267;27,3904761904762;4601,6;332594,844649314;404423,415465651;179586,990771574;4770235,56600366;769266,469067739;764817,455440331;0,435897623890421;5;0;1713;
1714;26,9845238095238;12,4357073477328;1;4;2;1;1;1;12,4357073477328;26,9845238095238;4533,4;332224,661333306;403770,56603375;179233,912444391;4743050,4478034;769102,487012864;764712,675311561;0,44069363069733;5;0;1714;
1715;27,2119047619047;13,4465016627455;1;8;3;1;1;1;13,4465016627455;27,2119047619047;4571,6;332427,091756605;404146,437128666;179418,942737765;4757435,77648499;769184,447088749;764780,096412899;0,437944470557273;5;0;1715;
1716;27,2797619047619;19,4318105037501;3;9;7;1;1;1;19,4318105037501;27,2797619047619;4583;332568,468115204;404371,116079071;179557,92;4767880,32;769218,467145131;764834,294671007;0,437521075478203;5;0;1716;
1717;27,2464285714286;14,4205659733475;2;9;3;1;1;1;14,4205659733475;27,2464285714286;4577,4;332546,19815435;404343,573054291;179537,626288943;4766332,99775677;769289,965293037;764774,461327834;0,437968923035387;5;0;1717;
1718;27,4821428571428;17,3734111850664;2;6;3;1;1;4;17,3734111850664;27,4821428571428;4617;332714,889889657;404648,796618085;179696,627045487;4778538,25183734;769254,567164409;764900,300196909;0,43497572427658;5;0;1718;
1719;26,7595238095238;11,3746356922491;1;4;1;1;1;1;11,3746356922491;26,7595238095238;4495,6;331981,587915199;403339,367499522;179004,831667265;4725458,01630073;769010,136110644;764631,729855978;0,44324395787553;5;0;1719;
1720;27,3428571428571;19,4594806212114;6;7;2;1;1;3;19,4594806212114;27,3428571428571;4593,6;332567,404018829;404371,359937791;179559,048;4768019,51863252;769237,33955718;764820,225726957;0,436528005671002;5;0;1720;
1721;27,4904761904762;17,4489253585555;1;6;7;1;1;1;17,4489253585555;27,4904761904762;4618,4;332662,800351958;404549,442703833;179645,957661641;4774665,14818065;769297,880598786;764836,210949436;0,434597273351664;5;0;1721;
1722;27,2678571428571;15,4436249014677;3;10;2;1;1;2;15,4436249014677;27,2678571428571;4581;332621,867934303;404476,335312605;179605,233424513;4771740,44373341;769296,72389563;764813,706928315;0,437957779762393;5;0;1722;
1723;26,9845238095238;12,4357073477328;1;4;2;1;1;1;12,4357073477328;26,9845238095238;4533,4;332224,661333306;403770,56603375;179233,912444391;4743050,4478034;769102,487012864;764712,675311561;0,44069363069733;5;0;1723;
1724;27,1678571428571;16,4638297673006;2;6;4;1;2;1;16,4638297673006;27,1678571428571;4564,2;332508,786882148;404276,038425449;179501,83897754;4763615,03761606;769271,960162594;764765,140755547;0,439054672535987;5;0;1724;
1725;26,9845238095238;12,4357073477328;1;4;2;1;1;1;12,4357073477328;26,9845238095238;4533,4;332224,661333306;403770,56603375;179233,912444391;4743050,4478034;769102,487012864;764712,675311561;0,44069363069733;5;0;1725;
1726;26,8940476190476;13,415955756445;1;4;2;2;1;1;13,415955756445;26,8940476190476;4518,2;332171,340191944;403676,626532099;179184,552;4739170,18000628;769059,421365202;764710,410376077;0,441919331382726;5;0;1726;
1727;27,1214285714286;13,4397330686006;2;6;2;1;1;1;13,4397330686006;27,1214285714286;4556,4;332374,194078095;404040,849706796;179376,214773394;4753914,48864252;769237,424130631;764710,32115833;0,439169024465394;5;0;1727;
1728;26,7595238095238;11,3746356922491;1;4;1;1;1;1;11,3746356922491;26,7595238095238;4495,6;331981,587915199;403339,367499522;179004,831667265;4725458,01630073;769010,136110644;764631,729855978;0,44324395787553;5;0;1728;
1729;27,4821428571428;17,3734111850664;2;9;3;1;1;4;17,3734111850664;27,4821428571428;4617;332714,889889657;404648,796618085;179696,627045487;4778538,25183734;769254,567164409;764900,300196909;0,43497572427658;5;0;1729;
1730;27,4904761904762;17,4489253585555;1;8;7;1;1;1;17,4489253585555;27,4904761904762;4618,4;332662,800351958;404549,442703833;179645,957661641;4774665,14818065;769297,880598786;764836,210949436;0,434597273351664;5;0;1730;
1731;26,7595238095238;11,3746356922491;1;4;1;1;1;1;11,3746356922491;26,7595238095238;4495,6;331981,587915199;403339,367499522;179004,831667265;4725458,01630073;769010,136110644;764631,729855978;0,44324395787553;5;0;1731;
1732;27,4464285714286;31,3375467148544;8;6;2;7;1;7;31,3375467148544;27,4464285714286;4611;332731,770438393;404676,466703288;179714,143057546;4780024,07756203;769307,074742629;764872,700441258;0,435634583582865;5;0;1732;
1733;26,8976190476191;12,4107013513997;1;6;2;1;1;1;12,4107013513997;26,8976190476191;4518,8;332177,523588855;403690,376345794;179186,536444391;4739488,42559583;769087,418139246;764695,6353807;0,441885706491048;5;0;1733;
1734;27,25;20,3386845707585;3;10;2;1;5;3;20,3386845707585;27,25;4578;332578,671293198;404398,889729557;179573,553949179;4769058,77282254;769230,980147898;764833,829168713;0,438074979810084;5;0;1734;
1735;27,0785714285714;13,4385446762543;1;4;2;1;1;2;13,4385446762543;27,0785714285714;4549,2;332325,892490565;403946,557268135;179326,609006803;4750089,51083307;769089,253373568;764780,210920087;0,439615676572612;5;0;1735;
1736;27,5392857142857;20,3914664137447;7;7;2;1;1;3;20,3914664137447;27,5392857142857;4626,6;332760,770916162;404722,799827071;179742,736677501;4782125,16277883;769343,869984153;764864,453045849;0,434300276926564;5;0;1736;
1737;27,2464285714286;14,4205659733475;2;10;3;1;1;1;14,4205659733475;27,2464285714286;4577,4;332546,19815435;404343,573054291;179537,626288943;4766332,99775677;769289,965293037;764774,461327834;0,437968923035387;5;0;1737;
1738;27,2119047619047;13,4465016627455;1;6;3;1;1;1;13,4465016627455;27,2119047619047;4571,6;332427,091756605;404146,437128666;179418,942737765;4757435,77648499;769184,447088749;764780,096412899;0,437944470557273;5;0;1738;
1739;27,3726190476191;15,3573960985271;1;10;3;1;1;3;15,3573960985271;27,3726190476191;4598,6;332586;404420,681336414;179575,968;4769180,64;769209,971581256;764853,240591371;0,436140556279768;5;0;1739;
1740;27,2119047619047;13,4465016627455;1;6;3;1;1;1;13,4465016627455;27,2119047619047;4571,6;332427,091756605;404146,437128666;179418,942737765;4757435,77648499;769184,447088749;764780,096412899;0,437944470557273;5;0;1740;
1741;26,4238095238095;13,4017314081534;1;1;2;1;1;2;13,4017314081534;26,4238095238095;4439,2;331630,263655058;402707,051525305;178677,991205045;4700257,83086852;768754,809599705;764593,428985466;0,447196904349562;5;0;1741;
1742;27,2976190476191;34,4535942929184;8;7;8;4;1;7;34,4535942929184;27,2976190476191;4586;332571,014034214;404387,690731652;179563,25194349;4768281,0835967;769202,831991788;764848,287974911;0,437311414901444;5;0;1742;
1743;27,3380952380952;36,435354426035;9;6;8;7;1;5;36,435354426035;27,3380952380952;4592,8;332614,818550817;404464,987615012;179608,68;4771694,592;769256,771273851;764838,162220823;0,436847097408531;5;0;1743;
1744;27,3726190476191;15,3573960985271;1;10;3;1;1;3;15,3573960985271;27,3726190476191;4598,6;332586;404420,681336414;179575,968;4769180,64;769209,971581256;764853,240591371;0,436140556279768;5;0;1744;
1745;26,7595238095238;11,3746356922491;1;4;1;1;1;1;11,3746356922491;26,7595238095238;4495,6;331981,587915199;403339,367499522;179004,831667265;4725458,01630073;769010,136110644;764631,729855978;0,44324395787553;5;0;1745;
1746;26,5869047619048;14,4855635646416;1;4;1;1;4;1;14,4855635646416;26,5869047619048;4466,6;331907,712555473;403204,673219799;178938,085087801;4720251,52765603;768944,916481777;764630,166961142;0,445792153133349;5;0;1746;
1747;26,7595238095238;11,3746356922491;1;4;1;1;1;1;11,3746356922491;26,7595238095238;4495,6;331981,587915199;403339,367499522;179004,831667265;4725458,01630073;769010,136110644;764631,729855978;0,44324395787553;5;0;1747;
1748;27,2464285714286;14,4205659733475;2;9;3;1;1;1;14,4205659733475;27,2464285714286;4577,4;332546,19815435;404343,573054291;179537,626288943;4766332,99775677;769289,965293037;764774,461327834;0,437968923035387;5;0;1748;
1749;26,7595238095238;11,3746356922491;1;4;1;1;1;1;11,3746356922491;26,7595238095238;4495,6;331981,587915199;403339,367499522;179004,831667265;4725458,01630073;769010,136110644;764631,729855978;0,44324395787553;5;0;1749;
1750;27,1821428571429;16,4643354564488;2;10;3;1;3;1;16,4643354564488;27,1821428571429;4566,6;332493,885369671;404248,398221977;179487,116316594;4762436,1236633;769237,147155334;764780,251887687;0,438742422784625;5;0;1750;
1751;27,2416666666667;18,2948926558566;5;10;2;1;1;3;18,2948926558566;27,2416666666667;4576,6;332587,111555712;404415,617627975;179576,546796603;4769317,83868684;769275,352508266;764808,832068342;0,438221787345255;5;0;1751;
1752;27,2845238095238;21,4344275267147;8;6;2;1;1;3;21,4344275267147;27,2845238095238;4583,8;332606,4;404452,018742108;179596,035252921;4770812,11691582;769232,612040365;764848,99809886;0,437649227156108;5;0;1752;
1753;27,3761904761905;18,312829535003;3;10;2;3;1;3;18,312829535003;27,3761904761905;4599,2;332634,650834828;404497,827819243;179620,675509788;4772732,44430435;769270,299256733;764839,202439116;0,43629929996482;5;0;1753;
1754;27,4821428571428;17,3734111850664;2;9;3;1;1;4;17,3734111850664;27,4821428571428;4617;332714,889889657;404648,796618085;179696,627045487;4778538,25183734;769254,567164409;764900,300196909;0,43497572427658;5;0;1754;
1755;26,8202380952381;12,3353129896935;1;9;1;1;1;2;12,3353129896935;26,8202380952381;4505,8;332063,865792407;403510,760155107;179080,743505291;4731146,98591607;768872,352620338;764778,45675885;0,442638380041009;5;0;1755;
1756;27,2119047619047;13,4465016627455;1;6;3;1;1;1;13,4465016627455;27,2119047619047;4571,6;332427,091756605;404146,437128666;179418,942737765;4757435,77648499;769184,447088749;764780,096412899;0,437944470557273;5;0;1756;
1757;27,3726190476191;15,3573960985271;1;10;3;1;1;3;15,3573960985271;27,3726190476191;4598,6;332586;404420,681336414;179575,968;4769180,64;769209,971581256;764853,240591371;0,436140556279768;5;0;1757;
1758;26,7595238095238;11,3746356922491;1;4;1;1;1;1;11,3746356922491;26,7595238095238;4495,6;331981,587915199;403339,367499522;179004,831667265;4725458,01630073;769010,136110644;764631,729855978;0,44324395787553;5;0;1758;
1759;26,6047619047619;11,4814614897985;1;5;1;1;1;1;11,4814614897985;26,6047619047619;4469,6;331807,638431049;403015,862354863;178844,535905342;4713079,52638512;768882,999727021;764611,549464336;0,445022059761228;5;0;1759;
1760;26,8976190476191;12,4107013513997;1;6;2;1;1;1;12,4107013513997;26,8976190476191;4518,8;332177,523588855;403690,376345794;179186,536444391;4739488,42559583;769087,418139246;764695,6353807;0,441885706491048;5;0;1760;
1761;26,5023809523809;13,3121397183086;1;4;1;1;3;1;13,3121397183086;26,5023809523809;4452,4;331782,437248656;402998,834347711;178817,624895005;4710856,6375746;768874,352459947;764609,223839584;0,446584315858712;5;0;1761;
1762;26,7595238095238;11,3746356922491;1;4;1;1;1;1;11,3746356922491;26,7595238095238;4495,6;331981,587915199;403339,367499522;179004,831667265;4725458,01630073;769010,136110644;764631,729855978;0,44324395787553;5;0;1762;
1763;27,3726190476191;15,3573960985271;1;8;3;1;1;3;15,3573960985271;27,3726190476191;4598,6;332586;404420,681336414;179575,968;4769180,64;769209,971581256;764853,240591371;0,436140556279768;5;0;1763;
1764;26,7595238095238;11,3746356922491;1;4;1;1;1;1;11,3746356922491;26,7595238095238;4495,6;331981,587915199;403339,367499522;179004,831667265;4725458,01630073;769010,136110644;764631,729855978;0,44324395787553;5;0;1764;
1765;27,0785714285714;13,4385446762543;1;4;2;1;1;2;13,4385446762543;27,0785714285714;4549,2;332325,892490565;403946,557268135;179326,609006803;4750089,51083307;769089,253373568;764780,210920087;0,439615676572612;5;0;1765;
1766;27,5392857142857;20,3914664137447;7;7;2;1;1;3;20,3914664137447;27,5392857142857;4626,6;332760,770916162;404722,799827071;179742,736677501;4782125,16277883;769343,869984153;764864,453045849;0,434300276926564;5;0;1766;
1767;27,2595238095238;18,4144867409551;1;8;7;2;1;1;18,4144867409551;27,2595238095238;4579,6;332573,297645795;404388,703222785;179564,779666016;4768278,40320353;769241,398686745;764823,671206815;0,43790925894046;5;0;1767;
1768;27,3785714285714;21,352967373699;7;7;2;2;1;3;21,352967373699;27,3785714285714;4599,6;332621,749758908;404475,763068725;179602,066798678;4771407,13098393;769282,185515358;764824,500959591;0,436166198058764;5;0;1768;
1769;27,5880952380953;35,4019527427752;8;7;8;7;1;5;35,4019527427752;27,5880952380953;4634,8;332835,165062041;404850,372775128;179806,674005848;4787326,89865149;769367,827974047;764891,189226874;0,433874072472876;5;0;1769;
1770;27,2785714285714;21,3388686896865;2;10;3;1;5;4;21,3388686896865;27,2785714285714;4582,8;332472,369675082;404202,33123446;179470,565947036;4761203,98085763;769174,797667995;764805,833894935;0,437102807386217;5;0;1770;
1771;27,5392857142857;20,3914664137447;7;7;2;1;1;3;20,3914664137447;27,5392857142857;4626,6;332760,770916162;404722,799827071;179742,736677501;4782125,16277883;769343,869984153;764864,453045849;0,434300276926564;5;0;1771;
1772;27,2119047619047;13,4465016627455;1;6;3;1;1;1;13,4465016627455;27,2119047619047;4571,6;332427,091756605;404146,437128666;179418,942737765;4757435,77648499;769184,447088749;764780,096412899;0,437944470557273;5;0;1772;
1773;26,7595238095238;11,3746356922491;1;4;1;1;1;1;11,3746356922491;26,7595238095238;4495,6;331981,587915199;403339,367499522;179004,831667265;4725458,01630073;769010,136110644;764631,729855978;0,44324395787553;5;0;1773;
1774;27,4904761904762;17,4489253585555;1;8;7;1;1;1;17,4489253585555;27,4904761904762;4618,4;332662,800351958;404549,442703833;179645,957661641;4774665,14818065;769297,880598786;764836,210949436;0,434597273351664;5;0;1774;
1775;27,3761904761905;21,371154516023;7;7;3;1;1;3;21,371154516023;27,3761904761905;4599,2;332633,231025805;404503,446135634;179615,342253146;4772289,14811797;769319,821777202;764807,243272797;0,43628381835258;5;0;1775;
1776;26,8202380952381;12,3353129896935;1;8;1;1;1;2;12,3353129896935;26,8202380952381;4505,8;332063,865792407;403510,760155107;179080,743505291;4731146,98591607;768872,352620338;764778,45675885;0,442638380041009;5;0;1776;
1777;27,3726190476191;15,3573960985271;1;10;3;1;1;3;15,3573960985271;27,3726190476191;4598,6;332586;404420,681336414;179575,968;4769180,64;769209,971581256;764853,240591371;0,436140556279768;5;0;1777;
1778;27,4833333333333;35,2615594357081;8;4;8;7;1;5;35,2615594357081;27,4833333333333;4617,2;332724,871118546;404661,52747569;179704,56;4779179,38640038;769302,405904098;764872,114558476;0,435000324465503;5;0;1778;
1779;27,3785714285714;24,3695482471483;2;9;5;6;1;4;24,3695482471483;27,3785714285714;4599,6;332631,57879729;404503,30103213;179623,499098219;4772929,23220147;769259,010911249;764846,603032105;0,436269970433202;5;0;1779;
1780;27,0380952380952;18,424043936696;8;4;1;1;1;1;18,424043936696;27,0380952380952;4542,4;332280,330285254;403854,753056451;179287,186261923;4746999,58662885;769318,707214912;764594,863985797;0,440076662372081;5;0;1780;
1781;26,902380952381;13,4662780600447;1;2;3;1;1;1;13,4662780600447;26,902380952381;4519,6;332234,540685293;403795,422947936;179243,208;4743694,368;769086,600666648;764730,01596525;0,4420846824511;5;0;1781;
1782;27,2464285714286;14,4205659733475;2;9;3;1;1;1;14,4205659733475;27,2464285714286;4577,4;332546,19815435;404343,573054291;179537,626288943;4766332,99775677;769289,965293037;764774,461327834;0,437968923035387;5;0;1782;
1783;26,8202380952381;12,3353129896935;1;8;1;1;1;2;12,3353129896935;26,8202380952381;4505,8;332063,865792407;403510,760155107;179080,743505291;4731146,98591607;768872,352620338;764778,45675885;0,442638380041009;5;0;1783;
1784;27,3726190476191;15,3573960985271;1;10;3;1;1;3;15,3573960985271;27,3726190476191;4598,6;332586;404420,681336414;179575,968;4769180,64;769209,971581256;764853,240591371;0,436140556279768;5;0;1784;
1785;27,0785714285714;13,4385446762543;1;4;2;1;1;2;13,4385446762543;27,0785714285714;4549,2;332325,892490565;403946,557268135;179326,609006803;4750089,51083307;769089,253373568;764780,210920087;0,439615676572612;5;0;1785;
1786;26,7595238095238;11,3746356922491;1;4;1;1;1;1;11,3746356922491;26,7595238095238;4495,6;331981,587915199;403339,367499522;179004,831667265;4725458,01630073;769010,136110644;764631,729855978;0,44324395787553;5;0;1786;
1787;27,2690476190476;35,458202185482;8;2;8;7;1;5;35,458202185482;27,2690476190476;4581,2;332576,354162869;404401,435749993;179565,712804522;4768421,4669773;769233,53172755;764830,743030526;0,437741026055296;5;0;1787;
1788;27,2214285714286;15,5351812979189;1;4;5;1;1;1;15,5351812979189;27,2214285714286;4573,2;332526,825600894;404307,735739294;179524,664844777;4765420,41817941;769252,009239882;764788,578871768;0,43830651931811;5;0;1788;
1789;27,2119047619047;13,4465016627455;1;6;3;1;1;1;13,4465016627455;27,2119047619047;4571,6;332427,091756605;404146,437128666;179418,942737765;4757435,77648499;769184,447088749;764780,096412899;0,437944470557273;5;0;1789;
1790;27,5880952380953;35,4019527427752;8;6;8;7;1;5;35,4019527427752;27,5880952380953;4634,8;332835,165062041;404850,372775128;179806,674005848;4787326,89865149;769367,827974047;764891,189226874;0,433874072472876;5;0;1790;
1791;27,4904761904762;17,4489253585555;1;8;7;1;1;1;17,4489253585555;27,4904761904762;4618,4;332662,800351958;404549,442703833;179645,957661641;4774665,14818065;769297,880598786;764836,210949436;0,434597273351664;5;0;1791;
1792;27,0738095238095;18,4252287925225;7;6;2;1;1;1;18,4252287925225;27,0738095238095;4548,4;332420,699657392;404124,592149082;179417,422573285;4757017,60199577;769316,660369169;764685,08829428;0,44014561247881;5;0;1792;
1793;27,0678571428571;13,188081481136;1;2;2;1;1;2;13,188081481136;27,0678571428571;4547,4;332316,455690594;403946,05186353;179316,230392769;4749371,46426076;769089,267198445;764777,949632207;0,439751429021949;5;0;1793;
1794;27,2119047619047;13,4465016627455;1;6;3;1;1;1;13,4465016627455;27,2119047619047;4571,6;332427,091756605;404146,437128666;179418,942737765;4757435,77648499;769184,447088749;764780,096412899;0,437944470557273;5;0;1794;
1795;26,7595238095238;11,3746356922491;1;4;1;1;1;1;11,3746356922491;26,7595238095238;4495,6;331981,587915199;403339,367499522;179004,831667265;4725458,01630073;769010,136110644;764631,729855978;0,44324395787553;5;0;1795;
1796;27,1285714285714;15,3729111256649;1;10;3;3;1;1;15,3729111256649;27,1285714285714;4557,6;332423,026896355;404127,761058169;179416,283091492;4757277,6873319;769195,298752208;764767,807491032;0,439275272664651;5;0;1796;
1797;26,7595238095238;11,3746356922491;1;4;1;1;1;1;11,3746356922491;26,7595238095238;4495,6;331981,587915199;403339,367499522;179004,831667265;4725458,01630073;769010,136110644;764631,729855978;0,44324395787553;5;0;1797;
1798;27,2059523809524;15,4419553499768;1;6;5;1;1;1;15,4419553499768;27,2059523809524;4570,6;332505,684066619;404267,45425823;179497,008;4763252,29345507;769249,965806547;764777,147219115;0,438410937520019;5;0;1798;
1799;26,7630952380952;18,2899458979196;1;1;8;1;1;1;18,2899458979196;26,7630952380952;4496,2;331901,136635045;403193,797959306;178915,254362972;4718423,68488923;768973,569277005;764608,356423583;0,442736295363904;5;0;1799;
1800;26,6785714285714;12,491590785092;1;4;1;1;2;1;12,491590785092;26,6785714285714;4482;331927,38126568;403229,05585727;178959,127755601;4721860,5694328;768963,34695168;764626,828739568;0,444355150544363;5;0;1800;
1801;27,2214285714286;17,3935890431095;1;9;2;1;1;6;17,3935890431095;27,2214285714286;4573,2;332422,423890003;404105,511996441;179420,626547599;4757351,51235486;769077,980041554;764839,866120628;0,437774821807417;5;0;1801;
1802;27,5392857142857;20,3914664137447;7;7;2;1;1;3;20,3914664137447;27,5392857142857;4626,6;332760,770916162;404722,799827071;179742,736677501;4782125,16277883;769343,869984153;764864,453045849;0,434300276926564;5;0;1802;
1803;26,8976190476191;12,4107013513997;1;8;2;1;1;1;12,4107013513997;26,8976190476191;4518,8;332177,523588855;403690,376345794;179186,536444391;4739488,42559583;769087,418139246;764695,6353807;0,441885706491048;5;0;1803;
1804;26,6047619047619;11,4814614897985;1;6;1;1;1;1;11,4814614897985;26,6047619047619;4469,6;331807,638431049;403015,862354863;178844,535905342;4713079,52638512;768882,999727021;764611,549464336;0,445022059761228;5;0;1804;
1805;27,0678571428571;13,188081481136;1;2;2;1;1;2;13,188081481136;27,0678571428571;4547,4;332316,455690594;403946,05186353;179316,230392769;4749371,46426076;769089,267198445;764777,949632207;0,439751429021949;5;0;1805;
1806;26,7595238095238;11,3746356922491;1;4;1;1;1;1;11,3746356922491;26,7595238095238;4495,6;331981,587915199;403339,367499522;179004,831667265;4725458,01630073;769010,136110644;764631,729855978;0,44324395787553;5;0;1806;
1807;27,5392857142857;20,3914664137447;7;7;2;1;1;3;20,3914664137447;27,5392857142857;4626,6;332760,770916162;404722,799827071;179742,736677501;4782125,16277883;769343,869984153;764864,453045849;0,434300276926564;5;0;1807;
1808;27,2988095238095;18,4119726672191;1;9;8;1;1;1;18,4119726672191;27,2988095238095;4586,2;332580,348643065;404404,351365725;179574,84;4769097,15629213;769278,930363432;764803,679985514;0,437293959196432;5;0;1808;
1809;27,1214285714286;13,4397330686006;2;6;2;1;1;1;13,4397330686006;27,1214285714286;4556,4;332374,194078095;404040,849706796;179376,214773394;4753914,48864252;769237,424130631;764710,32115833;0,439169024465394;5;0;1809;
1810;25,9940476190476;11,4449321897264;1;1;1;1;1;1;11,4449321897264;25,9940476190476;4367;331191,594574102;401930,88956173;178266,680832632;4668631,30999633;768655,065898936;764403,625865164;0,452465760181828;5;0;1810;
1811;27,2333333333333;23,4068227747363;4;10;3;3;6;1;23,4068227747363;27,2333333333333;4575,2;332522,996518959;404301,541853505;179512,324583716;4764330,32067775;769232,517403785;764800,09694379;0,438049327757066;5;0;1811;
1812;27,2119047619047;13,4465016627455;1;6;3;1;1;1;13,4465016627455;27,2119047619047;4571,6;332427,091756605;404146,437128666;179418,942737765;4757435,77648499;769184,447088749;764780,096412899;0,437944470557273;5;0;1812;
1813;27,3023809523809;15,3057711067066;3;10;3;1;1;1;15,3057711067066;27,3023809523809;4586,8;332575,2;404389,354282367;179564,940278169;4768400,448;769276,120103945;764800,869670716;0,437189590153348;5;0;1813;
1814;27,3904761904762;16,4810934821267;3;10;2;1;1;3;16,4810934821267;27,3904761904762;4601,6;332594,844649314;404423,415465651;179586,990771574;4770235,56600366;769266,469067739;764817,455440331;0,435897623890421;5;0;1814;
1815;27,1214285714286;13,4397330686006;2;6;2;1;1;1;13,4397330686006;27,1214285714286;4556,4;332374,194078095;404040,849706796;179376,214773394;4753914,48864252;769237,424130631;764710,32115833;0,439169024465394;5;0;1815;
1816;26,9845238095238;12,4357073477328;1;4;2;1;1;1;12,4357073477328;26,9845238095238;4533,4;332224,661333306;403770,56603375;179233,912444391;4743050,4478034;769102,487012864;764712,675311561;0,44069363069733;5;0;1816;
1817;27,2940476190476;17,4472756808707;1;9;4;1;1;4;17,4472756808707;27,2940476190476;4585,4;332568,097729373;404386,768931645;179553,408;4767533,568;769227,012206728;764830,94712713;0,437272957956858;5;0;1817;
1818;27,5880952380953;35,4019527427752;8;6;8;7;1;5;35,4019527427752;27,5880952380953;4634,8;332835,165062041;404850,372775128;179806,674005848;4787326,89865149;769367,827974047;764891,189226874;0,433874072472876;5;0;1818;
1819;26,7595238095238;11,3746356922491;1;4;1;1;1;1;11,3746356922491;26,7595238095238;4495,6;331981,587915199;403339,367499522;179004,831667265;4725458,01630073;769010,136110644;764631,729855978;0,44324395787553;5;0;1819;
1820;27,0785714285714;13,4385446762543;1;4;2;1;1;2;13,4385446762543;27,0785714285714;4549,2;332325,892490565;403946,557268135;179326,609006803;4750089,51083307;769089,253373568;764780,210920087;0,439615676572612;5;0;1820;
1821;26,7273809523809;16,3315320575974;1;8;1;4;2;2;16,3315320575974;26,7273809523809;4490,2;332024,206719307;403403,206886339;179046,562194527;4728586,03255862;768890,411883216;764735,441906907;0,443988052342587;5;0;1821;
1822;27,2964285714286;35,535386556662;5;6;8;10;1;5;35,535386556662;27,2964285714286;4585,8;332633,556233566;404502,939598093;179620,2189574;4772677,60213001;769280,883303316;764831,899999464;0,437571007724136;5;0;1822;
1823;27,3023809523809;15,3057711067066;3;10;3;1;1;1;15,3057711067066;27,3023809523809;4586,8;332575,2;404389,354282367;179564,940278169;4768400,448;769276,120103945;764800,869670716;0,437189590153348;5;0;1823;
1824;27,0785714285714;13,4385446762543;1;4;2;1;1;2;13,4385446762543;27,0785714285714;4549,2;332325,892490565;403946,557268135;179326,609006803;4750089,51083307;769089,253373568;764780,210920087;0,439615676572612;5;0;1824;
1825;27,375;19,4851919110707;3;10;2;1;4;3;19,4851919110707;27,375;4599;332649,337563934;404519,816195983;179636,412846899;4773948,48;769264,577524334;764850,836627759;0,43638632344528;5;0;1825;
1826;27,3726190476191;15,3573960985271;1;10;3;1;1;3;15,3573960985271;27,3726190476191;4598,6;332586;404420,681336414;179575,968;4769180,64;769209,971581256;764853,240591371;0,436140556279768;5;0;1826;
1827;27,2464285714286;14,4205659733475;2;9;3;1;1;1;14,4205659733475;27,2464285714286;4577,4;332546,19815435;404343,573054291;179537,626288943;4766332,99775677;769289,965293037;764774,461327834;0,437968923035387;5;0;1827;
1828;27,0785714285714;13,4385446762543;1;4;2;1;1;2;13,4385446762543;27,0785714285714;4549,2;332325,892490565;403946,557268135;179326,609006803;4750089,51083307;769089,253373568;764780,210920087;0,439615676572612;5;0;1828;
1829;27,2464285714286;14,4205659733475;2;7;3;1;1;1;14,4205659733475;27,2464285714286;4577,4;332546,19815435;404343,573054291;179537,626288943;4766332,99775677;769289,965293037;764774,461327834;0,437968923035387;5;0;1829;
1830;27,2464285714286;14,4205659733475;2;9;3;1;1;1;14,4205659733475;27,2464285714286;4577,4;332546,19815435;404343,573054291;179537,626288943;4766332,99775677;769289,965293037;764774,461327834;0,437968923035387;5;0;1830;
1831;27,1547619047619;15,3882566592509;1;2;4;1;1;2;15,3882566592509;27,1547619047619;4562;332412,629498657;404105,105706082;179414,664;4756802,21948715;769151,856922617;764788,456964834;0,438815221847064;5;0;1831;
1832;27,2464285714286;14,4205659733475;2;9;3;1;1;1;14,4205659733475;27,2464285714286;4577,4;332546,19815435;404343,573054291;179537,626288943;4766332,99775677;769289,965293037;764774,461327834;0,437968923035387;5;0;1832;
1833;27,3726190476191;15,3573960985271;1;10;3;1;1;3;15,3573960985271;27,3726190476191;4598,6;332586;404420,681336414;179575,968;4769180,64;769209,971581256;764853,240591371;0,436140556279768;5;0;1833;
1834;26,7273809523809;16,3315320575974;1;8;1;5;1;2;16,3315320575974;26,7273809523809;4490,2;332024,206719307;403403,206886339;179046,562194527;4728586,03255862;768890,411883216;764735,441906907;0,443988052342587;5;0;1834;
1835;26,8976190476191;12,4107013513997;1;6;2;1;1;1;12,4107013513997;26,8976190476191;4518,8;332177,523588855;403690,376345794;179186,536444391;4739488,42559583;769087,418139246;764695,6353807;0,441885706491048;5;0;1835;
1836;26,8976190476191;12,4107013513997;1;6;2;1;1;1;12,4107013513997;26,8976190476191;4518,8;332177,523588855;403690,376345794;179186,536444391;4739488,42559583;769087,418139246;764695,6353807;0,441885706491048;5;0;1836;
1837;27,3428571428572;21,3932909319536;1;8;7;1;5;1;21,3932909319536;27,3428571428572;4593,6;332640,224353361;404509,478308147;179625,830975521;4773109,19889815;769289,351042425;764830,929481418;0,436854410225442;5;0;1837;
1838;26,8202380952381;12,3353129896935;1;8;1;1;1;2;12,3353129896935;26,8202380952381;4505,8;332063,865792407;403510,760155107;179080,743505291;4731146,98591607;768872,352620338;764778,45675885;0,442638380041009;5;0;1838;
1839;27,3726190476191;15,3573960985271;1;10;3;1;1;3;15,3573960985271;27,3726190476191;4598,6;332586;404420,681336414;179575,968;4769180,64;769209,971581256;764853,240591371;0,436140556279768;5;0;1839;
1840;27,3726190476191;15,3573960985271;1;10;3;1;1;3;15,3573960985271;27,3726190476191;4598,6;332586;404420,681336414;179575,968;4769180,64;769209,971581256;764853,240591371;0,436140556279768;5;0;1840;
1841;27,2845238095238;21,4344275267147;8;7;2;1;1;3;21,4344275267147;27,2845238095238;4583,8;332606,4;404452,018742108;179596,035252921;4770812,11691582;769232,612040365;764848,99809886;0,437649227156108;5;0;1841;
1842;27,1178571428571;18,3486872129839;1;10;3;4;1;3;18,3486872129839;27,1178571428571;4555,8;332440,205956869;404159,887605544;179433,861925397;4758471,22337372;769122,125670861;764826,344032843;0,439524682588667;5;0;1842;
1843;26,8976190476191;12,4107013513997;1;6;2;1;1;1;12,4107013513997;26,8976190476191;4518,8;332177,523588855;403690,376345794;179186,536444391;4739488,42559583;769087,418139246;764695,6353807;0,441885706491048;5;0;1843;
1844;26,7273809523809;16,3315320575974;1;8;1;5;1;2;16,3315320575974;26,7273809523809;4490,2;332024,206719307;403403,206886339;179046,562194527;4728586,03255862;768890,411883216;764735,441906907;0,443988052342587;5;0;1844;
1845;27,4904761904762;17,4489253585555;1;8;7;1;1;1;17,4489253585555;27,4904761904762;4618,4;332662,800351958;404549,442703833;179645,957661641;4774665,14818065;769297,880598786;764836,210949436;0,434597273351664;5;0;1845;
1846;27,5392857142857;20,3914664137447;7;7;2;1;1;3;20,3914664137447;27,5392857142857;4626,6;332760,770916162;404722,799827071;179742,736677501;4782125,16277883;769343,869984153;764864,453045849;0,434300276926564;5;0;1846;
1847;27,1535714285714;16,4772437422248;2;5;4;2;1;1;16,4772437422248;27,1535714285714;4561,8;332548,953784578;404351,636214274;179540,132855504;4766473,11134156;769253,632587009;764801,240455523;0,439466664854223;5;0;1847;
1848;27,4904761904762;17,4489253585555;1;8;7;1;1;1;17,4489253585555;27,4904761904762;4618,4;332662,800351958;404549,442703833;179645,957661641;4774665,14818065;769297,880598786;764836,210949436;0,434597273351664;5;0;1848;
1849;27,2464285714286;14,4205659733475;2;9;3;1;1;1;14,4205659733475;27,2464285714286;4577,4;332546,19815435;404343,573054291;179537,626288943;4766332,99775677;769289,965293037;764774,461327834;0,437968923035387;5;0;1849;
1850;26,7595238095238;11,3746356922491;1;4;1;1;1;1;11,3746356922491;26,7595238095238;4495,6;331981,587915199;403339,367499522;179004,831667265;4725458,01630073;769010,136110644;764631,729855978;0,44324395787553;5;0;1850;
1851;27,2261904761905;16,4330557333958;4;2;2;1;1;2;16,4330557333958;27,2261904761905;4574;332463,6;404202,599172362;179459,784;4760338,464;769253,824810189;764751,082353615;0,437902531194209;5;0;1851;
1852;27,4904761904762;17,4489253585555;1;8;7;1;1;1;17,4489253585555;27,4904761904762;4618,4;332662,800351958;404549,442703833;179645,957661641;4774665,14818065;769297,880598786;764836,210949436;0,434597273351664;5;0;1852;
1853;27,3023809523809;15,3057711067066;3;10;3;1;1;1;15,3057711067066;27,3023809523809;4586,8;332575,2;404389,354282367;179564,940278169;4768400,448;769276,120103945;764800,869670716;0,437189590153348;5;0;1853;
1854;26,6047619047619;11,4814614897985;1;8;1;1;1;1;11,4814614897985;26,6047619047619;4469,6;331807,638431049;403015,862354863;178844,535905342;4713079,52638512;768882,999727021;764611,549464336;0,445022059761228;5;0;1854;
1855;27,2047619047619;31,3556305611624;4;6;8;7;1;5;31,3556305611624;27,2047619047619;4570,4;332576,817717829;404388,408100526;179555,894581839;4767821,20496541;769243,203942441;764822,991789025;0,43875018294377;5;0;1855;
1856;26,5821428571429;13,4152990194602;1;3;1;1;3;1;13,4152990194602;26,5821428571429;4465,8;331787,73155277;402992,563667403;178823,592;4711533,12;768912,348032274;764584,5693131;0,445277689889005;5;0;1856;
1857;27,3023809523809;15,3057711067066;3;10;3;1;1;1;15,3057711067066;27,3023809523809;4586,8;332575,2;404389,354282367;179564,940278169;4768400,448;769276,120103945;764800,869670716;0,437189590153348;5;0;1857;
1858;26,6047619047619;11,4814614897985;1;5;1;1;1;1;11,4814614897985;26,6047619047619;4469,6;331807,638431049;403015,862354863;178844,535905342;4713079,52638512;768882,999727021;764611,549464336;0,445022059761228;5;0;1858;
1859;27,1214285714286;13,4397330686006;2;8;2;1;1;1;13,4397330686006;27,1214285714286;4556,4;332374,194078095;404040,849706796;179376,214773394;4753914,48864252;769237,424130631;764710,32115833;0,439169024465394;5;0;1859;
1860;27,2119047619047;13,4465016627455;1;6;3;1;1;1;13,4465016627455;27,2119047619047;4571,6;332427,091756605;404146,437128666;179418,942737765;4757435,77648499;769184,447088749;764780,096412899;0,437944470557273;5;0;1860;
1861;27,5392857142857;20,3914664137447;7;7;2;1;1;3;20,3914664137447;27,5392857142857;4626,6;332760,770916162;404722,799827071;179742,736677501;4782125,16277883;769343,869984153;764864,453045849;0,434300276926564;5;0;1861;
1862;27,4904761904762;17,4489253585555;1;8;7;1;1;1;17,4489253585555;27,4904761904762;4618,4;332662,800351958;404549,442703833;179645,957661641;4774665,14818065;769297,880598786;764836,210949436;0,434597273351664;5;0;1862;
1863;26,8202380952381;12,3353129896935;1;8;1;1;1;2;12,3353129896935;26,8202380952381;4505,8;332063,865792407;403510,760155107;179080,743505291;4731146,98591607;768872,352620338;764778,45675885;0,442638380041009;5;0;1863;
1864;27,3023809523809;15,3057711067066;3;10;3;1;1;1;15,3057711067066;27,3023809523809;4586,8;332575,2;404389,354282367;179564,940278169;4768400,448;769276,120103945;764800,869670716;0,437189590153348;5;0;1864;
1865;27,3023809523809;15,3057711067066;3;9;3;1;1;1;15,3057711067066;27,3023809523809;4586,8;332575,2;404389,354282367;179564,940278169;4768400,448;769276,120103945;764800,869670716;0,437189590153348;5;0;1865;
1866;27,1690476190476;20,4143161159331;2;9;8;1;2;1;20,4143161159331;27,1690476190476;4564,4;332521,5299638;404294,386205653;179520,977780378;4765038,17753299;769188,193786583;764828,811029455;0,439116816982578;5;0;1866;
1867;27,2785714285714;17,352442778709;1;4;7;1;1;1;17,352442778709;27,2785714285714;4582,8;332600,4;404445,93686714;179581,608;4769700,768;769271,986284152;764819,921796587;0,437666420294537;5;0;1867;
1868;27,0785714285714;13,4385446762543;1;4;2;1;1;2;13,4385446762543;27,0785714285714;4549,2;332325,892490565;403946,557268135;179326,609006803;4750089,51083307;769089,253373568;764780,210920087;0,439615676572612;5;0;1868;
1869;27,2464285714286;14,4205659733475;2;9;3;1;1;1;14,4205659733475;27,2464285714286;4577,4;332546,19815435;404343,573054291;179537,626288943;4766332,99775677;769289,965293037;764774,461327834;0,437968923035387;5;0;1869;
1870;27,2464285714286;14,4205659733475;2;10;3;1;1;1;14,4205659733475;27,2464285714286;4577,4;332546,19815435;404343,573054291;179537,626288943;4766332,99775677;769289,965293037;764774,461327834;0,437968923035387;5;0;1870;
1871;27,375;38,3080457926194;8;6;8;10;1;5;38,3080457926194;27,375;4599;332626,754711621;404484,424868621;179618,281085255;4772500,41395636;769289,859986812;764823,649754553;0,436302531021805;5;0;1871;
1872;27,1095238095238;14,3052872279;1;10;3;1;1;2;14,3052872279;27,1095238095238;4554,4;332448,062827161;404167,191411583;179446,884533721;4759228,68196596;769179,422892953;764792,235270634;0,439708936416704;5;0;1872;
1873;27,1095238095238;14,3052872279;1;8;3;1;1;2;14,3052872279;27,1095238095238;4554,4;332448,062827161;404167,191411583;179446,884533721;4759228,68196596;769179,422892953;764792,235270634;0,439708936416704;5;0;1873;
1874;27,3392857142857;19,4570623446035;7;7;2;1;1;2;19,4570623446035;27,3392857142857;4593;332589,141473219;404421,231044053;179577,191837631;4769385,09704908;769262,547950299;764820,063705451;0,436658940998671;5;0;1874;
1875;27,2880952380952;44,4473387681916;8;6;9;9;7;5;44,4473387681916;27,2880952380952;4584,4;332580,025455419;404403,43413021;179578,224;4769440,704;769246,860880085;764824,489509915;0,437484451576437;5;0;1875;
1876;27,1392857142857;15,4258475241265;2;9;3;2;1;1;15,4258475241265;27,1392857142857;4559,4;332451,3386;404173,265129762;179446,958091666;4759332,59939996;769239,424422737;764753,507031447;0,43924592820601;5;0;1876;
1877;26,9869047619048;13,3482447901474;2;3;2;1;1;1;13,3482447901474;26,9869047619048;4533,8;332223,673160866;403780,810543527;179233,377925585;4742947,76599174;769147,654281792;764682,578274328;0,440674641438589;5;0;1877;
1878;26,9130952380952;12,49780242493;1;4;1;1;1;2;12,49780242493;26,9130952380952;4521,4;332117,068582052;403584,601615422;179130,087731957;4735091,08209185;768939,165728604;764759,404688674;0,441342533644459;5;0;1878;
1879;27,4904761904762;17,4489253585555;1;8;7;1;1;1;17,4489253585555;27,4904761904762;4618,4;332662,800351958;404549,442703833;179645,957661641;4774665,14818065;769297,880598786;764836,210949436;0,434597273351664;5;0;1879;
1880;27,2630952380952;35,4539225395587;8;6;6;7;1;7;35,4539225395587;27,2630952380952;4580,2;332590,189947984;404429,057315066;179575,968;4769275,31928995;769254,310590895;764825,477993411;0,43788100425801;5;0;1880;
1881;26,8202380952381;12,3353129896935;1;8;1;1;1;2;12,3353129896935;26,8202380952381;4505,8;332063,865792407;403510,760155107;179080,743505291;4731146,98591607;768872,352620338;764778,45675885;0,442638380041009;5;0;1881;
1882;27,5880952380953;35,4019527427752;8;6;8;7;1;5;35,4019527427752;27,5880952380953;4634,8;332835,165062041;404850,372775128;179806,674005848;4787326,89865149;769367,827974047;764891,189226874;0,433874072472876;5;0;1882;
1883;27,1630952380952;18,3219338307717;3;10;3;1;4;1;18,3219338307717;27,1630952380952;4563,4;332533,784718658;404321,795155497;179522,406789083;4764977,74963507;769291,452589772;764767,670414714;0,439221353234283;5;0;1883;
1884;26,6047619047619;11,4814614897985;1;8;1;1;1;1;11,4814614897985;26,6047619047619;4469,6;331807,638431049;403015,862354863;178844,535905342;4713079,52638512;768882,999727021;764611,549464336;0,445022059761228;5;0;1884;
1885;27,3619047619048;21,3696024749207;7;7;2;1;1;4;21,3696024749207;27,3619047619048;4596,8;332657,105048274;404543,601199716;179638,308447166;4774129,26315799;769292,06000642;764840,832930812;0,436614311670201;5;0;1885;
1886;27,2119047619047;13,4465016627455;1;9;3;1;1;1;13,4465016627455;27,2119047619047;4571,6;332427,091756605;404146,437128666;179418,942737765;4757435,77648499;769184,447088749;764780,096412899;0,437944470557273;5;0;1886;
1887;26,8071428571429;12,4368077102845;2;9;1;1;1;1;12,4368077102845;26,8071428571429;4503,6;332011,286594615;403386,929667095;179035,825581121;4727754,94670534;769151,530917001;764551,243145734;0,442630141312183;5;0;1887;
1888;27,3166666666667;34,3417278140397;5;6;9;8;1;5;34,3417278140397;27,3166666666667;4589,2;332585,244878284;404405,122131484;179578,224;4769430,05704689;769285,459060154;764800,206260572;0,437027368942341;5;0;1888;
1889;27,4904761904762;17,4489253585555;1;8;7;1;1;1;17,4489253585555;27,4904761904762;4618,4;332662,800351958;404549,442703833;179645,957661641;4774665,14818065;769297,880598786;764836,210949436;0,434597273351664;5;0;1889;
1890;27,0785714285714;13,4385446762543;1;4;2;1;1;2;13,4385446762543;27,0785714285714;4549,2;332325,892490565;403946,557268135;179326,609006803;4750089,51083307;769089,253373568;764780,210920087;0,439615676572612;5;0;1890;
1891;27,102380952381;13,5183484427302;1;3;3;1;1;1;13,5183484427302;27,102380952381;4553,2;332392,258054521;404066,347605843;179398,820332902;4755653,90856735;769143,056711692;764781,982482385;0,439588703188534;5;0;1891;
1892;27,3726190476191;15,3573960985271;1;9;3;1;1;3;15,3573960985271;27,3726190476191;4598,6;332586;404420,681336414;179575,968;4769180,64;769209,971581256;764853,240591371;0,436140556279768;5;0;1892;
1893;26,7595238095238;11,3746356922491;1;4;1;1;1;1;11,3746356922491;26,7595238095238;4495,6;331981,587915199;403339,367499522;179004,831667265;4725458,01630073;769010,136110644;764631,729855978;0,44324395787553;5;0;1893;
1894;26,7595238095238;11,3746356922491;1;4;1;1;1;1;11,3746356922491;26,7595238095238;4495,6;331981,587915199;403339,367499522;179004,831667265;4725458,01630073;769010,136110644;764631,729855978;0,44324395787553;5;0;1894;
1895;26,3083333333333;12,455681660529;1;1;2;1;1;1;12,455681660529;26,3083333333333;4419,8;331470,109316378;402435,581663793;178522,839229554;4688350,04393556;768748,307846442;764506,975989455;0,448368398826598;5;0;1895;
1896;27,15;15,4194238360703;3;10;1;1;1;3;15,4194238360703;27,15;4561,2;332528,878092008;404314,926919749;179522,897302104;4765070,91148567;769201,41096236;764824,660288242;0,439436638510452;5;0;1896;
1897;26,6047619047619;11,4814614897985;1;6;1;1;1;1;11,4814614897985;26,6047619047619;4469,6;331807,638431049;403015,862354863;178844,535905342;4713079,52638512;768882,999727021;764611,549464336;0,445022059761228;5;0;1897;
1898;27,2119047619047;17,4491046436038;1;7;5;3;1;1;17,4491046436038;27,2119047619047;4571,6;332532,667120972;404319,939275879;179529,6661657;4765844,74878405;769262,566143942;764785,916401508;0,438490922089495;5;0;1898;
1899;27,1535714285714;16,4712495982285;1;9;3;1;1;4;16,4712495982285;27,1535714285714;4561,8;332522,471762448;404304,819107016;179515,173742142;4764606,31595046;769169,43822325;764841,960233581;0,439348291824019;5;0;1899;
1900;27,1071428571429;15,4518139963841;1;8;1;1;1;5;15,4518139963841;27,1071428571429;4554;332278,21502076;403870,400578467;179286,845365733;4747022,31971313;768971,499401628;764831,636868367;0,438948864628054;5;0;1900;
1901;27,15;15,4194238360703;3;10;1;1;1;3;15,4194238360703;27,15;4561,2;332528,878092008;404314,926919749;179522,897302104;4765070,91148567;769201,41096236;764824,660288242;0,439436638510452;5;0;1901;
1902;26,7595238095238;11,3746356922491;1;4;1;1;1;1;11,3746356922491;26,7595238095238;4495,6;331981,587915199;403339,367499522;179004,831667265;4725458,01630073;769010,136110644;764631,729855978;0,44324395787553;5;0;1902;
1903;27,4904761904762;17,4489253585555;1;9;7;1;1;1;17,4489253585555;27,4904761904762;4618,4;332662,800351958;404549,442703833;179645,957661641;4774665,14818065;769297,880598786;764836,210949436;0,434597273351664;5;0;1903;
1904;27,0678571428571;13,188081481136;1;2;2;1;1;2;13,188081481136;27,0678571428571;4547,4;332316,455690594;403946,05186353;179316,230392769;4749371,46426076;769089,267198445;764777,949632207;0,439751429021949;5;0;1904;
1905;26,7595238095238;11,3746356922491;1;4;1;1;1;1;11,3746356922491;26,7595238095238;4495,6;331981,587915199;403339,367499522;179004,831667265;4725458,01630073;769010,136110644;764631,729855978;0,44324395787553;5;0;1905;
1906;26,7595238095238;11,3746356922491;1;4;1;1;1;1;11,3746356922491;26,7595238095238;4495,6;331981,587915199;403339,367499522;179004,831667265;4725458,01630073;769010,136110644;764631,729855978;0,44324395787553;5;0;1906;
1907;26,5690476190476;13,4448751414231;1;9;1;3;1;1;13,4448751414231;26,5690476190476;4463,6;331804,8;403026,746887426;178841,64;4712746,752;768913,515303989;764592,887205574;0,445584992214663;5;0;1907;
1908;27,4095238095238;39,4206711197441;8;6;8;7;5;5;39,4206711197441;27,4095238095238;4604,8;332691,975419199;404606,155451181;179677,095195931;4776982,00847388;769300,848932564;764853,39746384;0,436028310536302;5;0;1908;
1909;27,3904761904762;16,4810934821267;3;10;2;1;1;3;16,4810934821267;27,3904761904762;4601,6;332594,844649314;404423,415465651;179586,990771574;4770235,56600366;769266,469067739;764817,455440331;0,435897623890421;5;0;1909;
1910;27,3023809523809;15,3057711067066;3;9;3;1;1;1;15,3057711067066;27,3023809523809;4586,8;332575,2;404389,354282367;179564,940278169;4768400,448;769276,120103945;764800,869670716;0,437189590153348;5;0;1910;
1911;26,5023809523809;13,3121397183086;1;4;1;1;3;1;13,3121397183086;26,5023809523809;4452,4;331782,437248656;402998,834347711;178817,624895005;4710856,6375746;768874,352459947;764609,223839584;0,446584315858712;5;0;1911;
1912;26,947619047619;12,4751759925717;1;3;2;1;1;1;12,4751759925717;26,947619047619;4527,2;332250,671167817;403822,867373163;179265,768;4745257,25115383;769109,603097651;764723,630424646;0,441442264276273;5;0;1912;
1913;26,8202380952381;12,3353129896935;1;8;1;1;1;2;12,3353129896935;26,8202380952381;4505,8;332063,865792407;403510,760155107;179080,743505291;4731146,98591607;768872,352620338;764778,45675885;0,442638380041009;5;0;1913;
1914;26,7595238095238;11,3746356922491;1;4;1;1;1;1;11,3746356922491;26,7595238095238;4495,6;331981,587915199;403339,367499522;179004,831667265;4725458,01630073;769010,136110644;764631,729855978;0,44324395787553;5;0;1914;
1915;26,9071428571428;15,3164915288892;1;4;2;4;1;1;15,3164915288892;26,9071428571428;4520,4;332161,846534618;403656,146635992;179175,077774313;4738540,33425851;769056,282150195;764705,88698002;0,441670380269426;5;0;1915;
1916;27,1214285714286;13,4397330686006;2;6;2;1;1;1;13,4397330686006;27,1214285714286;4556,4;332374,194078095;404040,849706796;179376,214773394;4753914,48864252;769237,424130631;764710,32115833;0,439169024465394;5;0;1916;
1917;26,7595238095238;11,3746356922491;1;4;1;1;1;1;11,3746356922491;26,7595238095238;4495,6;331981,587915199;403339,367499522;179004,831667265;4725458,01630073;769010,136110644;764631,729855978;0,44324395787553;5;0;1917;
1918;27,3654761904762;20,4195084860297;4;9;7;1;1;1;20,4195084860297;27,3654761904762;4597,4;332649,454127762;404526,071748457;179636,895007204;4774009,646768;769298,210032575;764828,500591158;0,436549644186505;5;0;1918;
1919;27,5392857142857;20,3914664137447;7;7;2;1;1;3;20,3914664137447;27,5392857142857;4626,6;332760,770916162;404722,799827071;179742,736677501;4782125,16277883;769343,869984153;764864,453045849;0,434300276926564;5;0;1919;
1920;27,2464285714286;14,4205659733475;2;6;3;1;1;1;14,4205659733475;27,2464285714286;4577,4;332546,19815435;404343,573054291;179537,626288943;4766332,99775677;769289,965293037;764774,461327834;0,437968923035387;5;0;1920;
1921;26,9297619047619;12,3373449695141;1;5;1;1;1;2;12,3373449695141;26,9297619047619;4524,2;332103,300923545;403563,648823931;179122,533554643;4734535,34142333;768916,742975836;764766,229590297;0,441057175809875;5;0;1921;
1922;27,5392857142857;20,3914664137447;7;7;2;1;1;3;20,3914664137447;27,5392857142857;4626,6;332760,770916162;404722,799827071;179742,736677501;4782125,16277883;769343,869984153;764864,453045849;0,434300276926564;5;0;1922;
1923;26,9297619047619;12,3373449695141;1;5;1;1;1;2;12,3373449695141;26,9297619047619;4524,2;332103,300923545;403563,648823931;179122,533554643;4734535,34142333;768916,742975836;764766,229590297;0,441057175809875;5;0;1923;
1924;27,5392857142857;20,3914664137447;7;7;2;1;1;3;20,3914664137447;27,5392857142857;4626,6;332760,770916162;404722,799827071;179742,736677501;4782125,16277883;769343,869984153;764864,453045849;0,434300276926564;5;0;1924;
1925;26,8202380952381;12,3353129896935;1;8;1;1;1;2;12,3353129896935;26,8202380952381;4505,8;332063,865792407;403510,760155107;179080,743505291;4731146,98591607;768872,352620338;764778,45675885;0,442638380041009;5;0;1925;
1926;27,4904761904762;17,4489253585555;1;8;7;1;1;1;17,4489253585555;27,4904761904762;4618,4;332662,800351958;404549,442703833;179645,957661641;4774665,14818065;769297,880598786;764836,210949436;0,434597273351664;5;0;1926;
1927;27,2464285714286;14,4205659733475;2;10;3;1;1;1;14,4205659733475;27,2464285714286;4577,4;332546,19815435;404343,573054291;179537,626288943;4766332,99775677;769289,965293037;764774,461327834;0,437968923035387;5;0;1927;
1928;26,7595238095238;11,3746356922491;1;4;1;1;1;1;11,3746356922491;26,7595238095238;4495,6;331981,587915199;403339,367499522;179004,831667265;4725458,01630073;769010,136110644;764631,729855978;0,44324395787553;5;0;1928;
1929;27,4904761904762;17,4489253585555;1;8;7;1;1;1;17,4489253585555;27,4904761904762;4618,4;332662,800351958;404549,442703833;179645,957661641;4774665,14818065;769297,880598786;764836,210949436;0,434597273351664;5;0;1929;
1930;27,2119047619047;13,4465016627455;1;9;3;1;1;1;13,4465016627455;27,2119047619047;4571,6;332427,091756605;404146,437128666;179418,942737765;4757435,77648499;769184,447088749;764780,096412899;0,437944470557273;5;0;1930;
1931;27,1380952380952;14,4569008939354;2;4;2;1;1;2;14,4569008939354;27,1380952380952;4559,2;332434,181413396;404146,011973288;179433,84;4758419,64232805;769162,915487398;764794,66044108;0,439188560836664;5;0;1931;
1932;26,7595238095238;11,3746356922491;1;4;1;1;1;1;11,3746356922491;26,7595238095238;4495,6;331981,587915199;403339,367499522;179004,831667265;4725458,01630073;769010,136110644;764631,729855978;0,44324395787553;5;0;1932;
1933;27,5880952380953;35,4019527427752;8;6;8;7;1;5;35,4019527427752;27,5880952380953;4634,8;332835,165062041;404850,372775128;179806,674005848;4787326,89865149;769367,827974047;764891,189226874;0,433874072472876;5;0;1933;
1934;27,1178571428571;18,3486872129839;1;9;3;1;4;3;18,3486872129839;27,1178571428571;4555,8;332440,205956869;404159,887605544;179433,861925397;4758471,22337372;769122,125670861;764826,344032843;0,439524682588667;5;0;1934;
1935;27,0416666666667;17,3847839671517;7;4;1;1;1;1;17,3847839671517;27,0416666666667;4543;332288,616136539;403872,887490158;179297,917432727;4747682,016;769267,263552089;764637,81886505;0,440070869685437;5;0;1935;
1936;26,897619047619;13,4699088869483;1;6;2;1;2;1;13,4699088869483;26,897619047619;4518,8;332190,540191944;403706,004008862;179203,762248036;4740730,56400628;769076,256500431;764708,560053606;0,44196172333311;5;0;1936;
1937;26,8976190476191;12,4107013513997;1;7;2;1;1;1;12,4107013513997;26,8976190476191;4518,8;332177,523588855;403690,376345794;179186,536444391;4739488,42559583;769087,418139246;764695,6353807;0,441885706491048;5;0;1937;
1938;26,7595238095238;11,3746356922491;1;4;1;1;1;1;11,3746356922491;26,7595238095238;4495,6;331981,587915199;403339,367499522;179004,831667265;4725458,01630073;769010,136110644;764631,729855978;0,44324395787553;5;0;1938;
1939;27,2464285714286;14,4205659733475;2;9;3;1;1;1;14,4205659733475;27,2464285714286;4577,4;332546,19815435;404343,573054291;179537,626288943;4766332,99775677;769289,965293037;764774,461327834;0,437968923035387;5;0;1939;
1940;27,4904761904762;17,4489253585555;1;8;7;1;1;1;17,4489253585555;27,4904761904762;4618,4;332662,800351958;404549,442703833;179645,957661641;4774665,14818065;769297,880598786;764836,210949436;0,434597273351664;5;0;1940;
1941;26,6047619047619;11,4814614897985;1;7;1;1;1;1;11,4814614897985;26,6047619047619;4469,6;331807,638431049;403015,862354863;178844,535905342;4713079,52638512;768882,999727021;764611,549464336;0,445022059761228;5;0;1941;
1942;26,9130952380952;18,4691103674945;1;8;1;7;1;2;18,4691103674945;26,9130952380952;4521,4;332290,376007583;403893,071705769;179295,158153999;4747682,016;769056,099006614;764783,272020884;0,442157106546628;5;0;1942;
1943;26,7595238095238;11,3746356922491;1;4;1;1;1;1;11,3746356922491;26,7595238095238;4495,6;331981,587915199;403339,367499522;179004,831667265;4725458,01630073;769010,136110644;764631,729855978;0,44324395787553;5;0;1943;
1944;26,7595238095238;11,3746356922491;1;4;1;1;1;1;11,3746356922491;26,7595238095238;4495,6;331981,587915199;403339,367499522;179004,831667265;4725458,01630073;769010,136110644;764631,729855978;0,44324395787553;5;0;1944;
1945;27,5880952380953;35,4019527427752;8;6;8;7;1;5;35,4019527427752;27,5880952380953;4634,8;332835,165062041;404850,372775128;179806,674005848;4787326,89865149;769367,827974047;764891,189226874;0,433874072472876;5;0;1945;
1946;27,25;20,3386845707585;3;10;2;2;4;3;20,3386845707585;27,25;4578;332578,671293198;404398,889729557;179573,553949179;4769058,77282254;769230,980147898;764833,829168713;0,438074979810084;5;0;1946;
1947;27,152380952381;14,3351578763449;2;2;2;1;1;2;14,3351578763449;27,152380952381;4561,6;332358,320406762;404017,059091148;179360,701383612;4752683,1404723;769152,574304809;764758,089120251;0,438608295868569;5;0;1947;
1948;26,7595238095238;11,3746356922491;1;4;1;1;1;1;11,3746356922491;26,7595238095238;4495,6;331981,587915199;403339,367499522;179004,831667265;4725458,01630073;769010,136110644;764631,729855978;0,44324395787553;5;0;1948;
1949;27,2214285714286;15,5351812979189;1;4;5;1;1;1;15,5351812979189;27,2214285714286;4573,2;332526,825600894;404307,735739294;179524,664844777;4765420,41817941;769252,009239882;764788,578871768;0,43830651931811;5;0;1949;
1950;27,5880952380953;35,4019527427752;8;6;8;7;1;5;35,4019527427752;27,5880952380953;4634,8;332835,165062041;404850,372775128;179806,674005848;4787326,89865149;769367,827974047;764891,189226874;0,433874072472876;5;0;1950;
1951;27,1178571428571;18,3486872129839;1;9;3;1;4;3;18,3486872129839;27,1178571428571;4555,8;332440,205956869;404159,887605544;179433,861925397;4758471,22337372;769122,125670861;764826,344032843;0,439524682588667;5;0;1951;
1952;26,8976190476191;12,4107013513997;1;6;2;1;1;1;12,4107013513997;26,8976190476191;4518,8;332177,523588855;403690,376345794;179186,536444391;4739488,42559583;769087,418139246;764695,6353807;0,441885706491048;5;0;1952;
1953;27,5880952380953;35,4019527427752;8;6;8;7;1;5;35,4019527427752;27,5880952380953;4634,8;332835,165062041;404850,372775128;179806,674005848;4787326,89865149;769367,827974047;764891,189226874;0,433874072472876;5;0;1953;
1954;27,4833333333333;35,2615594357081;8;4;8;7;1;5;35,2615594357081;27,4833333333333;4617,2;332724,871118546;404661,52747569;179704,56;4779179,38640038;769302,405904098;764872,114558476;0,435000324465503;5;0;1954;
1955;26,7595238095238;11,3746356922491;1;4;1;1;1;1;11,3746356922491;26,7595238095238;4495,6;331981,587915199;403339,367499522;179004,831667265;4725458,01630073;769010,136110644;764631,729855978;0,44324395787553;5;0;1955;
1956;26,9297619047619;12,3373449695141;1;5;1;1;1;2;12,3373449695141;26,9297619047619;4524,2;332103,300923545;403563,648823931;179122,533554643;4734535,34142333;768916,742975836;764766,229590297;0,441057175809875;5;0;1956;
1957;26,8202380952381;12,3353129896935;1;8;1;1;1;2;12,3353129896935;26,8202380952381;4505,8;332063,865792407;403510,760155107;179080,743505291;4731146,98591607;768872,352620338;764778,45675885;0,442638380041009;5;0;1957;
1958;26,8976190476191;12,4107013513997;1;6;2;1;1;1;12,4107013513997;26,8976190476191;4518,8;332177,523588855;403690,376345794;179186,536444391;4739488,42559583;769087,418139246;764695,6353807;0,441885706491048;5;0;1958;
1959;26,7595238095238;11,3746356922491;1;4;1;1;1;1;11,3746356922491;26,7595238095238;4495,6;331981,587915199;403339,367499522;179004,831667265;4725458,01630073;769010,136110644;764631,729855978;0,44324395787553;5;0;1959;
1960;27,1821428571428;15,3681387019501;3;4;3;1;1;1;15,3681387019501;27,1821428571428;4566,6;332445,6;404163,082024368;179441,988278169;4758916,87926011;769276,841545637;764724,693494467;0,43851298491192;5;0;1960;
1961;27,4309523809524;30,0560576403206;6;9;7;4;6;1;30,0560576403206;27,4309523809524;4608,4;332762,599917329;404724,820163674;179744,686215473;4782160,10689776;769361,460124859;764853,962968063;0,436028197394724;5;0;1961;
1962;26,9297619047619;12,3373449695141;1;5;1;1;1;2;12,3373449695141;26,9297619047619;4524,2;332103,300923545;403563,648823931;179122,533554643;4734535,34142333;768916,742975836;764766,229590297;0,441057175809875;5;0;1962;
1963;27,5880952380953;35,4019527427752;8;6;8;7;1;5;35,4019527427752;27,5880952380953;4634,8;332835,165062041;404850,372775128;179806,674005848;4787326,89865149;769367,827974047;764891,189226874;0,433874072472876;5;0;1963;
1964;27,3904761904762;16,4810934821267;3;10;2;1;1;3;16,4810934821267;27,3904761904762;4601,6;332594,844649314;404423,415465651;179586,990771574;4770235,56600366;769266,469067739;764817,455440331;0,435897623890421;5;0;1964;
1965;27,372619047619;19,0592076115503;2;9;3;1;3;4;19,0592076115503;27,372619047619;4598,6;332596,419636052;404428,913746822;179584,992;4769911,76505073;769224,843435017;764847,742744945;0,436171015320918;5;0;1965;
1966;27,1714285714286;17,2394158940689;3;6;3;3;1;1;17,2394158940689;27,1714285714286;4564,8;332466,717243424;404207,03688044;179462,782950391;4760573,1638811;769266,239246903;764745,207728668;0,43879710491436;5;0;1966;
1967;26,7595238095238;11,3746356922491;1;4;1;1;1;1;11,3746356922491;26,7595238095238;4495,6;331981,587915199;403339,367499522;179004,831667265;4725458,01630073;769010,136110644;764631,729855978;0,44324395787553;5;0;1967;
1968;26,6047619047619;11,4814614897985;1;7;1;1;1;1;11,4814614897985;26,6047619047619;4469,6;331807,638431049;403015,862354863;178844,535905342;4713079,52638512;768882,999727021;764611,549464336;0,445022059761228;5;0;1968;
1969;27,5392857142857;20,3914664137447;7;7;2;1;1;3;20,3914664137447;27,5392857142857;4626,6;332760,770916162;404722,799827071;179742,736677501;4782125,16277883;769343,869984153;764864,453045849;0,434300276926564;5;0;1969;
1970;27,1023809523809;14,4565011021736;1;4;2;1;1;3;14,4565011021736;27,1023809523809;4553,2;332398,934386116;404082,322425074;179399,297709318;4755718,17004061;769078,29365764;764829,555577415;0,439595053615984;5;0;1970;
1971;27,2416666666667;18,2948926558566;5;7;2;1;1;3;18,2948926558566;27,2416666666667;4576,6;332587,111555712;404415,617627975;179576,546796603;4769317,83868684;769275,352508266;764808,832068342;0,438221787345255;5;0;1971;
1972;26,972619047619;13,5954428391427;3;9;1;1;1;1;13,5954428391427;26,972619047619;4531,4;332281,376754179;403880,273114902;179287,225512858;4747089,26459169;769264,861760638;764637,175429951;0,441153631411089;5;0;1972;
1973;27,272619047619;15,3865817614302;4;8;1;1;1;2;15,3865817614302;27,272619047619;4581,8;332529,182234743;404306,752083692;179520,799623408;4765139,10028186;769243,904447914;764793,282738853;0,437457238271497;5;0;1973;
1974;26,9821428571429;13,3680275521626;1;8;1;1;2;2;13,3680275521626;26,9821428571429;4533;332227,82097418;403769,838001794;179237,568;4743426,20921084;768991,855669234;764786,4216221;0,440750014028736;5;0;1974;
1975;27,5880952380953;35,4019527427752;8;6;8;7;1;5;35,4019527427752;27,5880952380953;4634,8;332835,165062041;404850,372775128;179806,674005848;4787326,89865149;769367,827974047;764891,189226874;0,433874072472876;5;0;1975;
1976;27,2119047619047;13,4465016627455;1;4;3;1;1;1;13,4465016627455;27,2119047619047;4571,6;332427,091756605;404146,437128666;179418,942737765;4757435,77648499;769184,447088749;764780,096412899;0,437944470557273;5;0;1976;
1977;27,4904761904762;17,4489253585555;1;7;7;1;1;1;17,4489253585555;27,4904761904762;4618,4;332662,800351958;404549,442703833;179645,957661641;4774665,14818065;769297,880598786;764836,210949436;0,434597273351664;5;0;1977;
1978;26,7595238095238;11,3746356922491;1;4;1;1;1;1;11,3746356922491;26,7595238095238;4495,6;331981,587915199;403339,367499522;179004,831667265;4725458,01630073;769010,136110644;764631,729855978;0,44324395787553;5;0;1978;
1979;26,9845238095238;12,4357073477328;1;4;2;1;1;1;12,4357073477328;26,9845238095238;4533,4;332224,661333306;403770,56603375;179233,912444391;4743050,4478034;769102,487012864;764712,675311561;0,44069363069733;5;0;1979;
1980;27,3404761904762;23,4048508398185;4;9;7;1;1;4;23,4048508398185;27,3404761904762;4593,2;332513,021802093;404280,258552399;179501,569226296;4763549,55246607;769194,342636176;764819,10136387;0,436288276032154;5;0;1980;
1981;27,3726190476191;15,3573960985271;1;10;3;1;1;3;15,3573960985271;27,3726190476191;4598,6;332586;404420,681336414;179575,968;4769180,64;769209,971581256;764853,240591371;0,436140556279768;5;0;1981;
1982;27,0678571428571;13,188081481136;1;2;2;1;1;2;13,188081481136;27,0678571428571;4547,4;332316,455690594;403946,05186353;179316,230392769;4749371,46426076;769089,267198445;764777,949632207;0,439751429021949;5;0;1982;
1983;26,7595238095238;11,3746356922491;1;4;1;1;1;1;11,3746356922491;26,7595238095238;4495,6;331981,587915199;403339,367499522;179004,831667265;4725458,01630073;769010,136110644;764631,729855978;0,44324395787553;5;0;1983;
1984;26,9297619047619;12,3373449695141;1;5;1;1;1;2;12,3373449695141;26,9297619047619;4524,2;332103,300923545;403563,648823931;179122,533554643;4734535,34142333;768916,742975836;764766,229590297;0,441057175809875;5;0;1984;
1985;26,9488095238095;15,4122039410389;1;2;2;3;1;2;15,4122039410389;26,9488095238095;4527,4;332239,177027075;403803,859986484;179249,007296788;4744138,30125222;769039,763110397;764763,557293614;0,441361043235573;5;0;1985;
1986;27,0785714285714;13,4385446762543;1;4;2;1;1;2;13,4385446762543;27,0785714285714;4549,2;332325,892490565;403946,557268135;179326,609006803;4750089,51083307;769089,253373568;764780,210920087;0,439615676572612;5;0;1986;
1987;26,9845238095238;12,4357073477328;1;4;2;1;1;1;12,4357073477328;26,9845238095238;4533,4;332224,661333306;403770,56603375;179233,912444391;4743050,4478034;769102,487012864;764712,675311561;0,44069363069733;5;0;1987;
1988;27,1214285714286;13,4397330686006;2;6;2;1;1;1;13,4397330686006;27,1214285714286;4556,4;332374,194078095;404040,849706796;179376,214773394;4753914,48864252;769237,424130631;764710,32115833;0,439169024465394;5;0;1988;
1989;27,3726190476191;15,3573960985271;1;10;3;1;1;3;15,3573960985271;27,3726190476191;4598,6;332586;404420,681336414;179575,968;4769180,64;769209,971581256;764853,240591371;0,436140556279768;5;0;1989;
1990;27,3726190476191;15,3573960985271;1;9;3;1;1;3;15,3573960985271;27,3726190476191;4598,6;332586;404420,681336414;179575,968;4769180,64;769209,971581256;764853,240591371;0,436140556279768;5;0;1990;
1991;27,1547619047619;13,548879560242;1;7;2;1;1;2;13,548879560242;27,1547619047619;4562;332321,769712667;403947,780220425;179325,490088482;4750010,86061755;769084,762769225;764781,371779656;0,438381109493047;5;0;1991;
1992;27,1988095238095;19,2552698611138;7;9;3;1;1;1;19,2552698611138;27,1988095238095;4569,4;332566,841977055;404383,414441166;179558,572438087;4767793,632;769294,047156419;764784,915567973;0,438819634365039;5;0;1992;
1993;27,5392857142857;20,3914664137447;7;8;2;1;1;3;20,3914664137447;27,5392857142857;4626,6;332760,770916162;404722,799827071;179742,736677501;4782125,16277883;769343,869984153;764864,453045849;0,434300276926564;5;0;1993;
1994;27,4333333333333;24,348729275052;6;9;3;1;1;7;24,348729275052;27,4333333333333;4608,8;332674,396967691;404573,37565153;179657,184;4775513,91460671;769261,884227227;764868,408093206;0,435568777986673;5;0;1994;
1995;26,9845238095238;12,4357073477328;1;4;2;1;1;1;12,4357073477328;26,9845238095238;4533,4;332224,661333306;403770,56603375;179233,912444391;4743050,4478034;769102,487012864;764712,675311561;0,44069363069733;5;0;1995;
1996;27,2464285714286;14,4205659733475;2;8;3;1;1;1;14,4205659733475;27,2464285714286;4577,4;332546,19815435;404343,573054291;179537,626288943;4766332,99775677;769289,965293037;764774,461327834;0,437968923035387;5;0;1996;
1997;26,9845238095238;16,4162134505899;1;5;1;1;1;6;16,4162134505899;26,9845238095238;4533,4;332288,353479011;403879,498725693;179292,84;4747595,328;768938,435540559;764858,34494551;0,44098468929812;5;0;1997;
1998;27,3904761904762;16,4810934821267;3;10;2;1;1;3;16,4810934821267;27,3904761904762;4601,6;332594,844649314;404423,415465651;179586,990771574;4770235,56600366;769266,469067739;764817,455440331;0,435897623890421;5;0;1998;
1999;27,3761904761905;21,371154516023;7;7;3;1;1;3;21,371154516023;27,3761904761905;4599,2;332633,231025805;404503,446135634;179615,342253146;4772289,14811797;769319,821777202;764807,243272797;0,43628381835258;5;0;1999;
2000;27,2559523809524;15,4853897101213;2;9;4;1;1;1;15,4853897101213;27,2559523809524;4579;332518,615868371;404304,878543005;179507,927408894;4764042,29501991;769201,526888305;764819,04609877;0,437657097114414;5;0;2000;
2001;26,7595238095238;11,3746356922491;1;4;1;1;1;1;11,3746356922491;26,7595238095238;4495,6;331981,587915199;403339,367499522;179004,831667265;4725458,01630073;769010,136110644;764631,729855978;0,44324395787553;5;0;2001;
2002;27,2785714285714;17,352442778709;1;4;7;1;1;1;17,352442778709;27,2785714285714;4582,8;332600,4;404445,93686714;179581,608;4769700,768;769271,986284152;764819,921796587;0,437666420294537;5;0;2002;
2003;26,9880952380952;15,3735603310333;1;4;1;1;1;5;15,3735603310333;26,9880952380952;4534;332161,710876268;403657,770712114;179175,786836818;4738472,04388536;768894,712120252;764813,260948781;0,440340135088723;5;0;2003;
2004;27,3023809523809;15,3057711067066;3;9;3;1;1;1;15,3057711067066;27,3023809523809;4586,8;332575,2;404389,354282367;179564,940278169;4768400,448;769276,120103945;764800,869670716;0,437189590153348;5;0;2004;
2005;27,0785714285714;13,4385446762543;1;4;2;1;1;2;13,4385446762543;27,0785714285714;4549,2;332325,892490565;403946,557268135;179326,609006803;4750089,51083307;769089,253373568;764780,210920087;0,439615676572612;5;0;2005;
2006;27,0785714285714;13,4385446762543;1;4;2;1;1;2;13,4385446762543;27,0785714285714;4549,2;332325,892490565;403946,557268135;179326,609006803;4750089,51083307;769089,253373568;764780,210920087;0,439615676572612;5;0;2006;
2007;27,4821428571428;17,3734111850664;2;9;3;1;1;4;17,3734111850664;27,4821428571428;4617;332714,889889657;404648,796618085;179696,627045487;4778538,25183734;769254,567164409;764900,300196909;0,43497572427658;5;0;2007;
2008;26,8940476190476;13,415955756445;1;4;2;1;2;1;13,415955756445;26,8940476190476;4518,2;332171,340191944;403676,626532099;179184,552;4739170,18000628;769059,421365202;764710,410376077;0,441919331382726;5;0;2008;
2009;27,025;18,3587983820886;1;2;2;6;1;2;18,3587983820886;27,025;4540,2;332304,90224222;403912,439151037;179312,016;4748982,336;769068,858711058;764781,149522282;0,440421576186907;5;0;2009;
2010;27,0785714285714;13,4385446762543;1;4;2;1;1;2;13,4385446762543;27,0785714285714;4549,2;332325,892490565;403946,557268135;179326,609006803;4750089,51083307;769089,253373568;764780,210920087;0,439615676572612;5;0;2010;
2011;26,7595238095238;11,3746356922491;1;4;1;1;1;1;11,3746356922491;26,7595238095238;4495,6;331981,587915199;403339,367499522;179004,831667265;4725458,01630073;769010,136110644;764631,729855978;0,44324395787553;5;0;2011;
2012;27,2464285714286;14,4205659733475;2;9;3;1;1;1;14,4205659733475;27,2464285714286;4577,4;332546,19815435;404343,573054291;179537,626288943;4766332,99775677;769289,965293037;764774,461327834;0,437968923035387;5;0;2012;
2013;27,0678571428571;13,188081481136;1;2;2;1;1;2;13,188081481136;27,0678571428571;4547,4;332316,455690594;403946,05186353;179316,230392769;4749371,46426076;769089,267198445;764777,949632207;0,439751429021949;5;0;2013;
2014;27,0678571428571;13,188081481136;1;2;2;1;1;2;13,188081481136;27,0678571428571;4547,4;332316,455690594;403946,05186353;179316,230392769;4749371,46426076;769089,267198445;764777,949632207;0,439751429021949;5;0;2014;
2015;27,3785714285714;18,4028849404657;3;10;4;1;1;3;18,4028849404657;27,3785714285714;4599,6;332705,039823165;404622,998169718;179685,204832458;4777725,57718828;769285,339201349;764869,686846706;0,436570219961232;5;0;2015;
2016;27,0035714285714;14,508879745901;1;9;2;1;1;3;14,508879745901;27,0035714285714;4536,6;332292,976387231;403889,044275698;179299,409349847;4748015,6824495;769040,099052003;764793,756483375;0,440706335054026;5;0;2016;
2017;26,7595238095238;11,3746356922491;1;4;1;1;1;1;11,3746356922491;26,7595238095238;4495,6;331981,587915199;403339,367499522;179004,831667265;4725458,01630073;769010,136110644;764631,729855978;0,44324395787553;5;0;2017;
2018;26,9130952380952;12,49780242493;1;4;1;1;1;2;12,49780242493;26,9130952380952;4521,4;332117,068582052;403584,601615422;179130,087731957;4735091,08209185;768939,165728604;764759,404688674;0,441342533644459;5;0;2018;
2019;27,2119047619047;13,4465016627455;1;4;3;1;1;1;13,4465016627455;27,2119047619047;4571,6;332427,091756605;404146,437128666;179418,942737765;4757435,77648499;769184,447088749;764780,096412899;0,437944470557273;5;0;2019;
2020;26,7595238095238;11,3746356922491;1;4;1;1;1;1;11,3746356922491;26,7595238095238;4495,6;331981,587915199;403339,367499522;179004,831667265;4725458,01630073;769010,136110644;764631,729855978;0,44324395787553;5;0;2020;
2021;26,9404761904762;14,3747683496273;4;4;1;1;1;1;14,3747683496273;26,9404761904762;4526;332237,479806353;403797,363853093;179246,592;4743954,432;769282,658563082;764598,723053581;0,441500921090688;5;0;2021;
2022;27,4904761904762;17,4489253585555;1;7;7;1;1;1;17,4489253585555;27,4904761904762;4618,4;332662,800351958;404549,442703833;179645,957661641;4774665,14818065;769297,880598786;764836,210949436;0,434597273351664;5;0;2022;
2023;26,7595238095238;11,3746356922491;1;4;1;1;1;1;11,3746356922491;26,7595238095238;4495,6;331981,587915199;403339,367499522;179004,831667265;4725458,01630073;769010,136110644;764631,729855978;0,44324395787553;5;0;2023;
2024;26,9297619047619;12,3373449695141;1;5;1;1;1;2;12,3373449695141;26,9297619047619;4524,2;332103,300923545;403563,648823931;179122,533554643;4734535,34142333;768916,742975836;764766,229590297;0,441057175809875;5;0;2024;
2025;27,4904761904762;17,4489253585555;1;7;7;1;1;1;17,4489253585555;27,4904761904762;4618,4;332662,800351958;404549,442703833;179645,957661641;4774665,14818065;769297,880598786;764836,210949436;0,434597273351664;5;0;2025;
2026;27,4904761904762;17,4489253585555;1;7;7;1;1;1;17,4489253585555;27,4904761904762;4618,4;332662,800351958;404549,442703833;179645,957661641;4774665,14818065;769297,880598786;764836,210949436;0,434597273351664;5;0;2026;
2027;27,3904761904762;16,4810934821267;3;10;2;1;1;3;16,4810934821267;27,3904761904762;4601,6;332594,844649314;404423,415465651;179586,990771574;4770235,56600366;769266,469067739;764817,455440331;0,435897623890421;5;0;2027;
2028;26,9845238095238;12,4357073477328;1;4;2;1;1;1;12,4357073477328;26,9845238095238;4533,4;332224,661333306;403770,56603375;179233,912444391;4743050,4478034;769102,487012864;764712,675311561;0,44069363069733;5;0;2028;
2029;27,2464285714286;14,4205659733475;2;8;3;1;1;1;14,4205659733475;27,2464285714286;4577,4;332546,19815435;404343,573054291;179537,626288943;4766332,99775677;769289,965293037;764774,461327834;0,437968923035387;5;0;2029;
2030;26,9821428571429;13,3680275521626;1;8;1;1;2;2;13,3680275521626;26,9821428571429;4533;332227,82097418;403769,838001794;179237,568;4743426,20921084;768991,855669234;764786,4216221;0,440750014028736;5;0;2030;
2031;27,4904761904762;17,4489253585555;1;8;7;1;1;1;17,4489253585555;27,4904761904762;4618,4;332662,800351958;404549,442703833;179645,957661641;4774665,14818065;769297,880598786;764836,210949436;0,434597273351664;5;0;2031;
2032;26,8785714285714;13,5346645955845;3;4;1;1;1;1;13,5346645955845;26,8785714285714;4515,6;332246,12137938;403810,279941667;179255,93210978;4744552,93153556;769248,399016391;764625,702999078;0,442537547506124;5;0;2032;
2033;26,7595238095238;11,3746356922491;1;4;1;1;1;1;11,3746356922491;26,7595238095238;4495,6;331981,587915199;403339,367499522;179004,831667265;4725458,01630073;769010,136110644;764631,729855978;0,44324395787553;5;0;2033;
2034;26,8988095238095;12,3660506402138;1;2;1;1;1;2;12,3660506402138;26,8988095238095;4519;332131,419433355;403598,926213953;179154,762113352;4736570,88470954;768908,214245212;764787,421201451;0,441667548939889;5;0;2034;
2035;27,5392857142857;20,3914664137447;7;8;2;1;1;3;20,3914664137447;27,5392857142857;4626,6;332760,770916162;404722,799827071;179742,736677501;4782125,16277883;769343,869984153;764864,453045849;0,434300276926564;5;0;2035;
2036;26,9047619047619;15,3998589506343;1;7;2;1;4;1;15,3998589506343;26,9047619047619;4520;332165,752284552;403665,2123125;179179,060534601;4738839,84;769058,881011911;764707,218711958;0,441731573564772;5;0;2036;
2037;27,1988095238095;16,406012202972;3;9;3;1;2;1;16,406012202972;27,1988095238095;4569,4;332513,672080857;404283,613098785;179508,288;4764108,46485574;769270,788880021;764769,43115831;0,438573234972789;5;0;2037;
2038;27,5392857142857;20,3914664137447;7;8;2;1;1;3;20,3914664137447;27,5392857142857;4626,6;332760,770916162;404722,799827071;179742,736677501;4782125,16277883;769343,869984153;764864,453045849;0,434300276926564;5;0;2038;
2039;26,7595238095238;11,3746356922491;1;4;1;1;1;1;11,3746356922491;26,7595238095238;4495,6;331981,587915199;403339,367499522;179004,831667265;4725458,01630073;769010,136110644;764631,729855978;0,44324395787553;5;0;2039;
2040;26,9845238095238;12,4357073477328;1;4;2;1;1;1;12,4357073477328;26,9845238095238;4533,4;332224,661333306;403770,56603375;179233,912444391;4743050,4478034;769102,487012864;764712,675311561;0,44069363069733;5;0;2040;
2041;27,3726190476191;15,3573960985271;1;9;3;1;1;3;15,3573960985271;27,3726190476191;4598,6;332586;404420,681336414;179575,968;4769180,64;769209,971581256;764853,240591371;0,436140556279768;5;0;2041;
2042;27,3761904761905;17,4792682357084;3;9;3;1;1;3;17,4792682357084;27,3761904761905;4599,2;332614,324071182;404467,005788998;179600,741672897;4771102,09004986;769274,782143626;764825,905573349;0,436192668632991;5;0;2042;
2043;27,2464285714286;14,4205659733475;2;9;3;1;1;1;14,4205659733475;27,2464285714286;4577,4;332546,19815435;404343,573054291;179537,626288943;4766332,99775677;769289,965293037;764774,461327834;0,437968923035387;5;0;2043;
2044;26,6047619047619;11,4814614897985;1;6;1;1;1;1;11,4814614897985;26,6047619047619;4469,6;331807,638431049;403015,862354863;178844,535905342;4713079,52638512;768882,999727021;764611,549464336;0,445022059761228;5;0;2044;
2045;27,5392857142857;20,3914664137447;7;8;2;1;1;3;20,3914664137447;27,5392857142857;4626,6;332760,770916162;404722,799827071;179742,736677501;4782125,16277883;769343,869984153;764864,453045849;0,434300276926564;5;0;2045;
2046;27,2845238095238;21,4344275267147;8;8;2;1;1;3;21,4344275267147;27,2845238095238;4583,8;332606,4;404452,018742108;179596,035252921;4770812,11691582;769232,612040365;764848,99809886;0,437649227156108;5;0;2046;
2047;26,9869047619048;18,5288474363608;1;4;2;1;6;2;18,5288474363608;26,9869047619048;4533,8;332373,413472988;404039,083222029;179372,147028627;4753623,65984575;769065,935889606;764824,998718695;0,441338967235218;5;0;2047;
2048;27,3904761904762;16,4810934821267;3;10;2;1;1;3;16,4810934821267;27,3904761904762;4601,6;332594,844649314;404423,415465651;179586,990771574;4770235,56600366;769266,469067739;764817,455440331;0,435897623890421;5;0;2048;
2049;27,3904761904762;16,4810934821267;3;10;2;1;1;3;16,4810934821267;27,3904761904762;4601,6;332594,844649314;404423,415465651;179586,990771574;4770235,56600366;769266,469067739;764817,455440331;0,435897623890421;5;0;2049;
2050;26,7595238095238;11,3746356922491;1;4;1;1;1;1;11,3746356922491;26,7595238095238;4495,6;331981,587915199;403339,367499522;179004,831667265;4725458,01630073;769010,136110644;764631,729855978;0,44324395787553;5;0;2050;
2051;26,7595238095238;11,3746356922491;1;4;1;1;1;1;11,3746356922491;26,7595238095238;4495,6;331981,587915199;403339,367499522;179004,831667265;4725458,01630073;769010,136110644;764631,729855978;0,44324395787553;5;0;2051;
2052;26,9845238095238;12,4357073477328;1;4;2;1;1;1;12,4357073477328;26,9845238095238;4533,4;332224,661333306;403770,56603375;179233,912444391;4743050,4478034;769102,487012864;764712,675311561;0,44069363069733;5;0;2052;
2053;26,9297619047619;12,3373449695141;1;5;1;1;1;2;12,3373449695141;26,9297619047619;4524,2;332103,300923545;403563,648823931;179122,533554643;4734535,34142333;768916,742975836;764766,229590297;0,441057175809875;5;0;2053;
2054;27,0678571428571;13,188081481136;1;2;2;1;1;2;13,188081481136;27,0678571428571;4547,4;332316,455690594;403946,05186353;179316,230392769;4749371,46426076;769089,267198445;764777,949632207;0,439751429021949;5;0;2054;
2055;26,9845238095238;12,4357073477328;1;4;2;1;1;1;12,4357073477328;26,9845238095238;4533,4;332224,661333306;403770,56603375;179233,912444391;4743050,4478034;769102,487012864;764712,675311561;0,44069363069733;5;0;2055;
2056;27,25;20,3386845707585;3;10;2;1;5;3;20,3386845707585;27,25;4578;332578,671293198;404398,889729557;179573,553949179;4769058,77282254;769230,980147898;764833,829168713;0,438074979810084;5;0;2056;
2057;27,4904761904762;17,4489253585555;1;8;7;1;1;1;17,4489253585555;27,4904761904762;4618,4;332662,800351958;404549,442703833;179645,957661641;4774665,14818065;769297,880598786;764836,210949436;0,434597273351664;5;0;2057;
2058;26,9261904761905;13,4981218537356;1;5;1;1;2;2;13,4981218537356;26,9261904761905;4523,6;332197,82097418;403711,107678785;179210,496;4741345,69721084;768982,673302001;764773,045913347;0,441550386619915;5;0;2058;
2059;27,2666666666667;21,4811858973776;9;8;2;1;1;2;21,4811858973776;27,2666666666667;4580,8;332576,365453863;404400,019059989;179562,245060738;4768126,98715859;769271,294312308;764805,011389922;0,437748562710234;5;0;2059;
2060;27,0785714285714;13,4385446762543;1;4;2;1;1;2;13,4385446762543;27,0785714285714;4549,2;332325,892490565;403946,557268135;179326,609006803;4750089,51083307;769089,253373568;764780,210920087;0,439615676572612;5;0;2060;
2061;27,2464285714286;14,4205659733475;2;9;3;1;1;1;14,4205659733475;27,2464285714286;4577,4;332546,19815435;404343,573054291;179537,626288943;4766332,99775677;769289,965293037;764774,461327834;0,437968923035387;5;0;2061;
2062;27,4904761904762;17,4489253585555;1;8;7;1;1;1;17,4489253585555;27,4904761904762;4618,4;332662,800351958;404549,442703833;179645,957661641;4774665,14818065;769297,880598786;764836,210949436;0,434597273351664;5;0;2062;
2063;26,7595238095238;11,3746356922491;1;4;1;1;1;1;11,3746356922491;26,7595238095238;4495,6;331981,587915199;403339,367499522;179004,831667265;4725458,01630073;769010,136110644;764631,729855978;0,44324395787553;5;0;2063;
2064;27,2464285714286;14,4205659733475;2;9;3;1;1;1;14,4205659733475;27,2464285714286;4577,4;332546,19815435;404343,573054291;179537,626288943;4766332,99775677;769289,965293037;764774,461327834;0,437968923035387;5;0;2064;
2065;27,4821428571428;17,3734111850664;2;9;3;1;1;4;17,3734111850664;27,4821428571428;4617;332714,889889657;404648,796618085;179696,627045487;4778538,25183734;769254,567164409;764900,300196909;0,43497572427658;5;0;2065;
2066;27,2119047619047;13,4465016627455;1;4;3;1;1;1;13,4465016627455;27,2119047619047;4571,6;332427,091756605;404146,437128666;179418,942737765;4757435,77648499;769184,447088749;764780,096412899;0,437944470557273;5;0;2066;
2067;27,1404761904762;14,2668472918631;1;4;2;2;1;2;14,2668472918631;27,1404761904762;4559,6;332324,203478288;403951,486001481;179327,005249277;4750130,70493107;769053,600485303;764804,067221407;0,438631376170899;5;0;2067;
2068;27,4821428571428;17,3734111850664;2;9;3;1;1;4;17,3734111850664;27,4821428571428;4617;332714,889889657;404648,796618085;179696,627045487;4778538,25183734;769254,567164409;764900,300196909;0,43497572427658;5;0;2068;
2069;27,0607142857143;16,4144105188812;1;4;2;1;1;5;16,4144105188812;27,0607142857143;4546,2;332281,078913332;403875,761411742;179288,090871942;4747162,93427131;769015,345550492;764804,65149688;0,439713279329612;5;0;2069;
2070;27,3714285714286;16,3770816817702;2;10;2;1;2;3;16,3770816817702;27,3714285714286;4598,4;332628,545183411;404477,834077592;179616,560012592;4772387,04287204;769240,363813793;764854,680612697;0,436337975067538;5;0;2070;
2071;27,3964285714286;18,4650924236553;2;9;3;1;2;4;18,4650924236553;27,3964285714286;4602,6;332666,729853632;404545,5627582;179653,403765377;4775244,61812842;769268,819146359;764858,133814169;0,436136490021907;5;0;2071;
2072;27,0678571428571;13,188081481136;1;2;2;1;1;2;13,188081481136;27,0678571428571;4547,4;332316,455690594;403946,05186353;179316,230392769;4749371,46426076;769089,267198445;764777,949632207;0,439751429021949;5;0;2072;
2073;27,2369047619048;16,3964401991178;2;9;3;1;1;3;16,3964401991178;27,2369047619048;4575,8;332638,718146629;404502,521840318;179621,088;4772730,35059888;769269,068418304;764841,579288972;0,438520558867743;5;0;2073;
2074;27,0011904761905;16,3967341889755;1;7;1;1;1;6;16,3967341889755;27,0011904761905;4536,2;332252,353479011;403816,613883401;179261,256;4745168,064;768889,997424768;764869,213757061;0,440551617784803;5;0;2074;
2075;27,3702380952381;37,3557877605927;6;5;8;7;5;5;37,3557877605927;27,3702380952381;4598,2;332683,214964212;404594,421111444;179675,862465808;4777128,38621315;769288,402378407;764856,688355817;0,436670422005305;5;0;2075;
2076;27,3023809523809;15,3057711067066;3;9;3;1;1;1;15,3057711067066;27,3023809523809;4586,8;332575,2;404389,354282367;179564,940278169;4768400,448;769276,120103945;764800,869670716;0,437189590153348;5;0;2076;
2077;26,5595238095238;15,4527940997257;3;1;2;1;1;2;15,4527940997257;26,5595238095238;4462;331800,487267991;403019,712346678;178836,250728708;4712416,51608678;768959,415869144;764560,007846195;0,445718670206987;5;0;2077;
2078;27,0678571428571;13,188081481136;1;2;2;1;1;2;13,188081481136;27,0678571428571;4547,4;332316,455690594;403946,05186353;179316,230392769;4749371,46426076;769089,267198445;764777,949632207;0,439751429021949;5;0;2078;
2079;27,2166666666667;19,4540639796295;7;8;1;1;1;3;19,4540639796295;27,2166666666667;4572,4;332620,3153833;404474,818972957;179605,842080945;4771581,95562993;769296,234943946;764814,256921426;0,438777068826187;5;0;2079;
2080;27,2880952380952;37,3609126264581;8;6;8;7;1;7;37,3609126264581;27,2880952380952;4584,4;332616,612385705;404471,813701529;179607,426302371;4771676,46659513;769261,213945002;764836,879964083;0,437668313449733;5;0;2080;
2081;27,4904761904762;17,4489253585555;1;8;7;1;1;1;17,4489253585555;27,4904761904762;4618,4;332662,800351958;404549,442703833;179645,957661641;4774665,14818065;769297,880598786;764836,210949436;0,434597273351664;5;0;2081;
2082;27,1952380952381;17,4387341637644;1;4;2;1;1;6;17,4387341637644;27,1952380952381;4568,8;332460,334601164;404193,259490917;179453,112720563;4759820,56786557;769124,876735146;764836,136707963;0,438359159271863;5;0;2082;
2083;26,9297619047619;12,3373449695141;1;5;1;1;1;2;12,3373449695141;26,9297619047619;4524,2;332103,300923545;403563,648823931;179122,533554643;4734535,34142333;768916,742975836;764766,229590297;0,441057175809875;5;0;2083;
2084;26,8940476190476;17,3264019327681;1;6;2;1;6;1;17,3264019327681;26,8940476190476;4518,2;332194,583953242;403718,982069067;179205,500151856;4740920,352;769049,929999946;764729,340744224;0,442038891810266;5;0;2084;
2085;27,1238095238095;15,4694033569854;1;2;3;1;1;3;15,4694033569854;27,1238095238095;4556,8;332385,107536607;404058,442214605;179386,464;4754617,056;769072,060078741;764826,427015515;0,439188612285534;5;0;2085;
2086;27,2380952380952;21,4820941811618;3;10;2;6;1;3;21,4820941811618;27,2380952380952;4576;332594,324960745;404434,34825283;179583,864;4769874,144;769251,664912771;764830,338328833;0,438326550688895;5;0;2086;
2087;26,8202380952381;12,3353129896935;1;8;1;1;1;2;12,3353129896935;26,8202380952381;4505,8;332063,865792407;403510,760155107;179080,743505291;4731146,98591607;768872,352620338;764778,45675885;0,442638380041009;5;0;2087;
2088;27,4059523809524;33,4492923683806;8;6;8;7;1;3;33,4492923683806;27,4059523809524;4604,2;332727,783097504;404666,303843607;179704,670515721;4779188,95569755;769331,729724849;764853,610206242;0,436237014928638;5;0;2088;
2089;27,2416666666667;18,4331603556016;3;10;2;1;1;5;18,4331603556016;27,2416666666667;4576,6;332590,8;404419,93546043;179588,376;4770234,16814086;769270,892344116;764812,713962169;0,438289205267492;5;0;2089;
2090;27,3726190476191;15,3573960985271;1;7;3;1;1;3;15,3573960985271;27,3726190476191;4598,6;332586;404420,681336414;179575,968;4769180,64;769209,971581256;764853,240591371;0,436140556279768;5;0;2090;
2091;26,8785714285714;14,4869901707792;1;5;1;1;3;2;14,4869901707792;26,8785714285714;4515,6;332176,145512809;403683,019692405;179189,004295917;4739517,02715234;768957,207382956;764781,530042953;0,442214657067059;5;0;2091;
2092;27,2047619047619;31,3556305611624;4;6;8;7;1;5;31,3556305611624;27,2047619047619;4570,4;332576,817717829;404388,408100526;179555,894581839;4767821,20496541;769243,203942441;764822,991789025;0,43875018294377;5;0;2092;
2093;27,4904761904762;17,4489253585555;1;7;7;1;1;1;17,4489253585555;27,4904761904762;4618,4;332662,800351958;404549,442703833;179645,957661641;4774665,14818065;769297,880598786;764836,210949436;0,434597273351664;5;0;2093;
2094;27,0678571428571;13,188081481136;1;2;2;1;1;2;13,188081481136;27,0678571428571;4547,4;332316,455690594;403946,05186353;179316,230392769;4749371,46426076;769089,267198445;764777,949632207;0,439751429021949;5;0;2094;
2095;26,8202380952381;12,3353129896935;1;8;1;1;1;2;12,3353129896935;26,8202380952381;4505,8;332063,865792407;403510,760155107;179080,743505291;4731146,98591607;768872,352620338;764778,45675885;0,442638380041009;5;0;2095;
2096;27,4083333333333;19,4375260888853;3;9;3;3;1;3;19,4375260888853;27,4083333333333;4604,6;332627,587805619;404487,001614403;179614,0938536;4772187,43920737;769286,772299522;764825,237709419;0,435749164746742;5;0;2096;
2097;27,3226190476191;17,3790508649143;1;3;7;1;1;1;17,3790508649143;27,3226190476191;4590,2;332645,698732692;404510,531780763;179627,266018189;4773216,11251731;769283,442094924;764836,095435433;0,437189513646963;5;0;2097;
2098;27,5880952380953;35,4019527427752;8;6;8;7;1;5;35,4019527427752;27,5880952380953;4634,8;332835,165062041;404850,372775128;179806,674005848;4787326,89865149;769367,827974047;764891,189226874;0,433874072472876;5;0;2098;
2099;27,3392857142857;37,4622000612892;8;6;8;7;3;5;37,4622000612892;27,3392857142857;4593;332649,171601001;404525,710206005;179638,654959702;4774096,81431474;769252,541278898;764861,319498996;0,436975153884338;5;0;2099;
2100;27,1214285714286;13,4397330686006;2;6;2;1;1;1;13,4397330686006;27,1214285714286;4556,4;332374,194078095;404040,849706796;179376,214773394;4753914,48864252;769237,424130631;764710,32115833;0,439169024465394;5;0;2100;
2101;26,7273809523809;16,3315320575974;1;8;1;1;5;2;16,3315320575974;26,7273809523809;4490,2;332024,206719307;403403,206886339;179046,562194527;4728586,03255862;768890,411883216;764735,441906907;0,443988052342587;5;0;2101;
2102;26,8642857142857;14,3527074091983;1;2;2;1;2;2;14,3527074091983;26,8642857142857;4513,2;332142,185986172;403631,76500978;179155,224;4736932,704;769022,727498808;764719,298592282;0,442270668062077;5;0;2102;
2103;26,7595238095238;11,3746356922491;1;4;1;1;1;1;11,3746356922491;26,7595238095238;4495,6;331981,587915199;403339,367499522;179004,831667265;4725458,01630073;769010,136110644;764631,729855978;0,44324395787553;5;0;2103;
2104;27,3023809523809;15,3057711067066;3;9;3;1;1;1;15,3057711067066;27,3023809523809;4586,8;332575,2;404389,354282367;179564,940278169;4768400,448;769276,120103945;764800,869670716;0,437189590153348;5;0;2104;
2105;27,1607142857143;15,4044907940511;2;6;2;1;1;3;15,4044907940511;27,1607142857143;4563;332527,988266654;404309,05495139;179518,682662007;4764861,23839839;769224,145263804;764808,236782097;0,439245982405141;5;0;2105;
2106;27,3785714285714;21,352967373699;7;8;2;2;1;3;21,352967373699;27,3785714285714;4599,6;332621,749758908;404475,763068725;179602,066798678;4771407,13098393;769282,185515358;764824,500959591;0,436166198058764;5;0;2106;
2107;27,2119047619047;13,4465016627455;1;5;3;1;1;1;13,4465016627455;27,2119047619047;4571,6;332427,091756605;404146,437128666;179418,942737765;4757435,77648499;769184,447088749;764780,096412899;0,437944470557273;5;0;2107;
2108;27,3904761904762;16,4810934821267;3;10;2;1;1;3;16,4810934821267;27,3904761904762;4601,6;332594,844649314;404423,415465651;179586,990771574;4770235,56600366;769266,469067739;764817,455440331;0,435897623890421;5;0;2108;
2109;26,7595238095238;11,3746356922491;1;4;1;1;1;1;11,3746356922491;26,7595238095238;4495,6;331981,587915199;403339,367499522;179004,831667265;4725458,01630073;769010,136110644;764631,729855978;0,44324395787553;5;0;2109;
2110;27,4904761904762;17,4489253585555;1;7;7;1;1;1;17,4489253585555;27,4904761904762;4618,4;332662,800351958;404549,442703833;179645,957661641;4774665,14818065;769297,880598786;764836,210949436;0,434597273351664;5;0;2110;
2111;27,0785714285714;13,4385446762543;1;4;2;1;1;2;13,4385446762543;27,0785714285714;4549,2;332325,892490565;403946,557268135;179326,609006803;4750089,51083307;769089,253373568;764780,210920087;0,439615676572612;5;0;2111;
2112;27,2619047619048;22,3322048139337;9;8;2;1;1;3;22,3322048139337;27,2619047619048;4580;332603,224959334;404448,098296526;179587,222676089;4770307,584;769280,529423022;764816,906826398;0,437962343214814;5;0;2112;
2113;26,7595238095238;11,3746356922491;1;4;1;1;1;1;11,3746356922491;26,7595238095238;4495,6;331981,587915199;403339,367499522;179004,831667265;4725458,01630073;769010,136110644;764631,729855978;0,44324395787553;5;0;2113;
2114;26,7595238095238;11,3746356922491;1;4;1;1;1;1;11,3746356922491;26,7595238095238;4495,6;331981,587915199;403339,367499522;179004,831667265;4725458,01630073;769010,136110644;764631,729855978;0,44324395787553;5;0;2114;
2115;26,5869047619048;11,529297601768;1;2;1;1;1;1;11,529297601768;26,5869047619048;4466,6;331785,690842114;402997,529739523;178821,874491814;4711257,41771323;768876,286272831;764608,995184652;0,445192328633132;5;0;2115;
2116;27,4821428571428;17,3734111850664;2;9;3;1;1;4;17,3734111850664;27,4821428571428;4617;332714,889889657;404648,796618085;179696,627045487;4778538,25183734;769254,567164409;764900,300196909;0,43497572427658;5;0;2116;
2117;27,1547619047619;13,548879560242;1;9;2;1;1;2;13,548879560242;27,1547619047619;4562;332321,769712667;403947,780220425;179325,490088482;4750010,86061755;769084,762769225;764781,371779656;0,438381109493047;5;0;2117;
2118;26,5869047619048;11,529297601768;1;2;1;1;1;1;11,529297601768;26,5869047619048;4466,6;331785,690842114;402997,529739523;178821,874491814;4711257,41771323;768876,286272831;764608,995184652;0,445192328633132;5;0;2118;
2119;27,5392857142857;20,3914664137447;7;8;2;1;1;3;20,3914664137447;27,5392857142857;4626,6;332760,770916162;404722,799827071;179742,736677501;4782125,16277883;769343,869984153;764864,453045849;0,434300276926564;5;0;2119;
2120;26,7595238095238;11,3746356922491;1;4;1;1;1;1;11,3746356922491;26,7595238095238;4495,6;331981,587915199;403339,367499522;179004,831667265;4725458,01630073;769010,136110644;764631,729855978;0,44324395787553;5;0;2120;
2121;26,7595238095238;11,3746356922491;1;4;1;1;1;1;11,3746356922491;26,7595238095238;4495,6;331981,587915199;403339,367499522;179004,831667265;4725458,01630073;769010,136110644;764631,729855978;0,44324395787553;5;0;2121;
2122;27,1547619047619;13,548879560242;1;8;2;1;1;2;13,548879560242;27,1547619047619;4562;332321,769712667;403947,780220425;179325,490088482;4750010,86061755;769084,762769225;764781,371779656;0,438381109493047;5;0;2122;
2123;26,9642857142857;18,5065394572314;1;4;2;5;3;1;18,5065394572314;26,9642857142857;4530;332164,279631928;403666,502943094;179178,912;4738579,776;769041,210916619;764718,549562645;0,440739631777633;5;0;2123;
2124;26,9845238095238;12,4357073477328;1;4;2;1;1;1;12,4357073477328;26,9845238095238;4533,4;332224,661333306;403770,56603375;179233,912444391;4743050,4478034;769102,487012864;764712,675311561;0,44069363069733;5;0;2124;
2125;27,3964285714286;18,4650924236553;2;5;3;2;1;4;18,4650924236553;27,3964285714286;4602,6;332666,729853632;404545,5627582;179653,403765377;4775244,61812842;769268,819146359;764858,133814169;0,436136490021907;5;0;2125;
2126;27,3904761904762;16,4810934821267;3;9;2;1;1;3;16,4810934821267;27,3904761904762;4601,6;332594,844649314;404423,415465651;179586,990771574;4770235,56600366;769266,469067739;764817,455440331;0,435897623890421;5;0;2126;
2127;26,8976190476191;12,4107013513997;1;6;2;1;1;1;12,4107013513997;26,8976190476191;4518,8;332177,523588855;403690,376345794;179186,536444391;4739488,42559583;769087,418139246;764695,6353807;0,441885706491048;5;0;2127;
2128;27,3035714285714;18,4672865294709;5;4;2;1;1;3;18,4672865294709;27,3035714285714;4587;332625,059762384;404479,680801448;179616,576;4772388,096;769302,583562113;764812,460821094;0,437435751854809;5;0;2128;
2129;27,0785714285714;23,3698249106845;1;7;5;1;7;3;23,3698249106845;27,0785714285714;4549,2;332460,411546677;404198,257708979;179452,993349647;4759734,94191102;769135,497288269;764830,183586079;0,440248872534792;5;0;2129;
2130;26,9642857142857;16,3949048460429;1;3;2;1;5;1;16,3949048460429;26,9642857142857;4530;332315,699538362;403935,5517095;179321,561851197;4749710,21555971;769124,270196666;764749,323405197;0,441458702686573;5;0;2130;
2131;27,3702380952381;19,5490777115192;1;7;7;1;1;3;19,5490777115192;27,3702380952381;4598,2;332638,309399981;404504,029168123;179626,895241629;4773183,68097906;769293,172678058;764825,834715287;0,436408531405547;5;0;2131;
2132;27,1130952380952;13,4260354856557;2;5;1;1;1;2;13,4260354856557;27,1130952380952;4555;332349,437216087;403996,148593697;179355,506163889;4752330,11088086;769154,292059947;764749,712671695;0,43920059340173;5;0;2132;
2133;27,4821428571428;17,3734111850664;2;9;3;1;1;4;17,3734111850664;27,4821428571428;4617;332714,889889657;404648,796618085;179696,627045487;4778538,25183734;769254,567164409;764900,300196909;0,43497572427658;5;0;2133;
2134;26,9845238095238;12,4357073477328;1;4;2;1;1;1;12,4357073477328;26,9845238095238;4533,4;332224,661333306;403770,56603375;179233,912444391;4743050,4478034;769102,487012864;764712,675311561;0,44069363069733;5;0;2134;
2135;27,0678571428571;13,188081481136;1;2;2;1;1;2;13,188081481136;27,0678571428571;4547,4;332316,455690594;403946,05186353;179316,230392769;4749371,46426076;769089,267198445;764777,949632207;0,439751429021949;5;0;2135;
2136;27,1059523809524;15,4810080050958;4;4;2;1;1;1;15,4810080050958;27,1059523809524;4553,8;332385,851249181;404052,543663729;179388,72;4754890,83958873;769267,090900184;764696,430524475;0,439499856348593;5;0;2136;
2137;27,0678571428571;13,188081481136;1;2;2;1;1;2;13,188081481136;27,0678571428571;4547,4;332316,455690594;403946,05186353;179316,230392769;4749371,46426076;769089,267198445;764777,949632207;0,439751429021949;5;0;2137;
2138;27,5392857142857;20,3914664137447;7;7;2;1;1;3;20,3914664137447;27,5392857142857;4626,6;332760,770916162;404722,799827071;179742,736677501;4782125,16277883;769343,869984153;764864,453045849;0,434300276926564;5;0;2138;
2139;27,2380952380952;21,4820941811618;3;10;2;6;1;3;21,4820941811618;27,2380952380952;4576;332594,324960745;404434,34825283;179583,864;4769874,144;769251,664912771;764830,338328833;0,438326550688895;5;0;2139;
2140;26,8202380952381;12,3353129896935;1;10;1;1;1;2;12,3353129896935;26,8202380952381;4505,8;332063,865792407;403510,760155107;179080,743505291;4731146,98591607;768872,352620338;764778,45675885;0,442638380041009;5;0;2140;
2141;27,2928571428571;23,4262611110426;2;9;9;1;1;4;23,4262611110426;27,2928571428571;4585,2;332628,880743851;404490,350255218;179610,081507067;4771886,58624024;769289,934391739;764823,417054485;0,437566172572975;5;0;2141;
2142;26,7595238095238;11,3746356922491;1;4;1;1;1;1;11,3746356922491;26,7595238095238;4495,6;331981,587915199;403339,367499522;179004,831667265;4725458,01630073;769010,136110644;764631,729855978;0,44324395787553;5;0;2142;
2143;27,152380952381;14,3351578763449;2;2;2;1;1;2;14,3351578763449;27,152380952381;4561,6;332358,320406762;404017,059091148;179360,701383612;4752683,1404723;769152,574304809;764758,089120251;0,438608295868569;5;0;2143;
2144;26,9369047619048;21,4362274186059;3;9;1;7;3;1;21,4362274186059;26,9369047619048;4525,4;332143,782478217;403623,277371071;179158,608;4737199,79569;769248,301481501;764565,372286962;0,441110858744524;5;0;2144;
2145;27,2714285714286;18,4186167611757;2;7;7;1;1;1;18,4186167611757;27,2714285714286;4581,6;332612,534540917;404461,718210532;179606,424;4771632,55395135;769270,252771161;764827,302972327;0,43789084645946;5;0;2145;
2146;26,9845238095238;12,4357073477328;1;4;2;1;1;1;12,4357073477328;26,9845238095238;4533,4;332224,661333306;403770,56603375;179233,912444391;4743050,4478034;769102,487012864;764712,675311561;0,44069363069733;5;0;2146;
2147;27,3785714285714;18,4028849404657;3;10;4;1;1;3;18,4028849404657;27,3785714285714;4599,6;332705,039823165;404622,998169718;179685,204832458;4777725,57718828;769285,339201349;764869,686846706;0,436570219961232;5;0;2147;
2148;26,7595238095238;11,3746356922491;1;4;1;1;1;1;11,3746356922491;26,7595238095238;4495,6;331981,587915199;403339,367499522;179004,831667265;4725458,01630073;769010,136110644;764631,729855978;0,44324395787553;5;0;2148;
2149;26,7595238095238;11,3746356922491;1;4;1;1;1;1;11,3746356922491;26,7595238095238;4495,6;331981,587915199;403339,367499522;179004,831667265;4725458,01630073;769010,136110644;764631,729855978;0,44324395787553;5;0;2149;
2150;27,2464285714286;14,4205659733475;2;9;3;1;1;1;14,4205659733475;27,2464285714286;4577,4;332546,19815435;404343,573054291;179537,626288943;4766332,99775677;769289,965293037;764774,461327834;0,437968923035387;5;0;2150;
2151;26,4238095238095;13,4017314081534;1;1;2;1;1;2;13,4017314081534;26,4238095238095;4439,2;331630,263655058;402707,051525305;178677,991205045;4700257,83086852;768754,809599705;764593,428985466;0,447196904349562;5;0;2151;
2152;27,1190476190476;14,3800766643828;1;5;2;1;2;2;14,3800766643828;27,1190476190476;4556;332374,048460147;404037,121813042;179380,073571618;4754178,52799489;769063,41794061;764825,260166901;0,439235671930453;5;0;2152;
2153;27,4904761904762;17,4489253585555;1;7;7;1;1;1;17,4489253585555;27,4904761904762;4618,4;332662,800351958;404549,442703833;179645,957661641;4774665,14818065;769297,880598786;764836,210949436;0,434597273351664;5;0;2153;
2154;26,6047619047619;11,4814614897985;1;5;1;1;1;1;11,4814614897985;26,6047619047619;4469,6;331807,638431049;403015,862354863;178844,535905342;4713079,52638512;768882,999727021;764611,549464336;0,445022059761228;5;0;2154;
2155;27,1059523809524;15,4810080050958;4;4;2;1;1;1;15,4810080050958;27,1059523809524;4553,8;332385,851249181;404052,543663729;179388,72;4754890,83958873;769267,090900184;764696,430524475;0,439499856348593;5;0;2155;
2156;27,5392857142857;20,3914664137447;7;8;2;1;1;3;20,3914664137447;27,5392857142857;4626,6;332760,770916162;404722,799827071;179742,736677501;4782125,16277883;769343,869984153;764864,453045849;0,434300276926564;5;0;2156;
2157;26,9297619047619;12,3373449695141;1;5;1;1;1;2;12,3373449695141;26,9297619047619;4524,2;332103,300923545;403563,648823931;179122,533554643;4734535,34142333;768916,742975836;764766,229590297;0,441057175809875;5;0;2157;
2158;27,1285714285714;15,3729111256649;1;5;3;1;3;1;15,3729111256649;27,1285714285714;4557,6;332423,026896355;404127,761058169;179416,283091492;4757277,6873319;769195,298752208;764767,807491032;0,439275272664651;5;0;2158;
2159;26,7595238095238;11,3746356922491;1;4;1;1;1;1;11,3746356922491;26,7595238095238;4495,6;331981,587915199;403339,367499522;179004,831667265;4725458,01630073;769010,136110644;764631,729855978;0,44324395787553;5;0;2159;
2160;27,3785714285714;18,4028849404657;3;10;4;1;1;3;18,4028849404657;27,3785714285714;4599,6;332705,039823165;404622,998169718;179685,204832458;4777725,57718828;769285,339201349;764869,686846706;0,436570219961232;5;0;2160;
2161;27,2119047619047;13,4465016627455;1;5;3;1;1;1;13,4465016627455;27,2119047619047;4571,6;332427,091756605;404146,437128666;179418,942737765;4757435,77648499;769184,447088749;764780,096412899;0,437944470557273;5;0;2161;
2162;27,1130952380952;13,4260354856557;2;5;1;1;1;2;13,4260354856557;27,1130952380952;4555;332349,437216087;403996,148593697;179355,506163889;4752330,11088086;769154,292059947;764749,712671695;0,43920059340173;5;0;2162;
2163;27,2738095238095;14,4855156077895;2;8;2;1;1;2;14,4855156077895;27,2738095238095;4582;332532,796999198;404326,064309347;179524,418790097;4765314,38089657;769194,510838109;764831,13917572;0,437450724732907;5;0;2163;
2164;27,3904761904762;16,4810934821267;3;10;2;1;1;3;16,4810934821267;27,3904761904762;4601,6;332594,844649314;404423,415465651;179586,990771574;4770235,56600366;769266,469067739;764817,455440331;0,435897623890421;5;0;2164;
2165;26,8142857142857;12,431183939923;1;2;2;1;1;1;12,431183939923;26,8142857142857;4504,8;332059,234139196;403480,760153231;179075,360220511;4730840,54013979;769025,998997974;764667,581674972;0,442697746988775;5;0;2165;
2166;26,8202380952381;12,3353129896935;1;8;1;1;1;2;12,3353129896935;26,8202380952381;4505,8;332063,865792407;403510,760155107;179080,743505291;4731146,98591607;768872,352620338;764778,45675885;0,442638380041009;5;0;2166;
2167;27,3785714285714;21,352967373699;7;7;2;2;1;3;21,352967373699;27,3785714285714;4599,6;332621,749758908;404475,763068725;179602,066798678;4771407,13098393;769282,185515358;764824,500959591;0,436166198058764;5;0;2167;
2168;27,5392857142857;20,3914664137447;7;8;2;1;1;3;20,3914664137447;27,5392857142857;4626,6;332760,770916162;404722,799827071;179742,736677501;4782125,16277883;769343,869984153;764864,453045849;0,434300276926564;5;0;2168;
2169;27,3297619047619;21,3494843955487;3;9;2;1;1;8;21,3494843955487;27,3297619047619;4591,4;332540,358428025;404332,512165708;179528,722744861;4765635,04446998;769197,93565743;764833,171489357;0,436573067175144;5;0;2169;
2170;26,9869047619048;16,3894875357383;1;4;1;1;1;6;16,3894875357383;26,9869047619048;4533,8;332295,594139458;403888,586978062;179302,992;4748288,832;768938,13566593;764861,582734628;0,44099249760724;5;0;2170;
2171;27,1535714285714;16,4712495982285;1;8;3;1;1;4;16,4712495982285;27,1535714285714;4561,8;332522,471762448;404304,819107016;179515,173742142;4764606,31595046;769169,43822325;764841,960233581;0,439348291824019;5;0;2171;
2172;26,8785714285714;14,4869901707792;1;8;1;3;1;2;14,4869901707792;26,8785714285714;4515,6;332176,145512809;403683,019692405;179189,004295917;4739517,02715234;768957,207382956;764781,530042953;0,442214657067059;5;0;2172;
2173;27,2416666666667;18,4331603556016;3;8;2;1;1;5;18,4331603556016;27,2416666666667;4576,6;332590,8;404419,93546043;179588,376;4770234,16814086;769270,892344116;764812,713962169;0,438289205267492;5;0;2173;
2174;26,6047619047619;11,4814614897985;1;5;1;1;1;1;11,4814614897985;26,6047619047619;4469,6;331807,638431049;403015,862354863;178844,535905342;4713079,52638512;768882,999727021;764611,549464336;0,445022059761228;5;0;2174;
2175;27,0678571428571;13,188081481136;1;2;2;1;1;2;13,188081481136;27,0678571428571;4547,4;332316,455690594;403946,05186353;179316,230392769;4749371,46426076;769089,267198445;764777,949632207;0,439751429021949;5;0;2175;
2176;27,2190476190476;17,3932060237166;1;4;6;1;2;1;17,3932060237166;27,2190476190476;4572,8;332616,719715546;404469,55316308;179598,533262398;4771066,62594063;769271,38155066;764830,376270329;0,438701078261545;5;0;2176;
2177;27,4904761904762;17,4489253585555;1;7;7;1;1;1;17,4489253585555;27,4904761904762;4618,4;332662,800351958;404549,442703833;179645,957661641;4774665,14818065;769297,880598786;764836,210949436;0,434597273351664;5;0;2177;
2178;26,8202380952381;12,3353129896935;1;8;1;1;1;2;12,3353129896935;26,8202380952381;4505,8;332063,865792407;403510,760155107;179080,743505291;4731146,98591607;768872,352620338;764778,45675885;0,442638380041009;5;0;2178;
2179;27,1214285714286;13,4397330686006;2;6;2;1;1;1;13,4397330686006;27,1214285714286;4556,4;332374,194078095;404040,849706796;179376,214773394;4753914,48864252;769237,424130631;764710,32115833;0,439169024465394;5;0;2179;
2180;27,4821428571428;17,3734111850664;2;9;3;1;1;4;17,3734111850664;27,4821428571428;4617;332714,889889657;404648,796618085;179696,627045487;4778538,25183734;769254,567164409;764900,300196909;0,43497572427658;5;0;2180;
2181;26,9642857142857;18,5065394572314;1;4;2;1;7;1;18,5065394572314;26,9642857142857;4530;332164,279631928;403666,502943094;179178,912;4738579,776;769041,210916619;764718,549562645;0,440739631777633;5;0;2181;
2182;26,7595238095238;11,3746356922491;1;4;1;1;1;1;11,3746356922491;26,7595238095238;4495,6;331981,587915199;403339,367499522;179004,831667265;4725458,01630073;769010,136110644;764631,729855978;0,44324395787553;5;0;2182;
2183;27,5392857142857;20,3914664137447;7;8;2;1;1;3;20,3914664137447;27,5392857142857;4626,6;332760,770916162;404722,799827071;179742,736677501;4782125,16277883;769343,869984153;764864,453045849;0,434300276926564;5;0;2183;
2184;27,2619047619048;22,3322048139337;9;7;2;1;1;3;22,3322048139337;27,2619047619048;4580;332603,224959334;404448,098296526;179587,222676089;4770307,584;769280,529423022;764816,906826398;0,437962343214814;5;0;2184;
2185;26,7595238095238;11,3746356922491;1;4;1;1;1;1;11,3746356922491;26,7595238095238;4495,6;331981,587915199;403339,367499522;179004,831667265;4725458,01630073;769010,136110644;764631,729855978;0,44324395787553;5;0;2185;
2186;26,9297619047619;12,3373449695141;1;5;1;1;1;2;12,3373449695141;26,9297619047619;4524,2;332103,300923545;403563,648823931;179122,533554643;4734535,34142333;768916,742975836;764766,229590297;0,441057175809875;5;0;2186;
2187;26,9142857142857;13,4319867976342;1;4;1;1;1;3;13,4319867976342;26,9142857142857;4521,6;332133,911560589;403604,482981542;179152,450139487;4736712,83131601;768908,565903461;764788,24538145;0,44142114322163;5;0;2187;
2188;27,3023809523809;15,3057711067066;3;9;3;1;1;1;15,3057711067066;27,3023809523809;4586,8;332575,2;404389,354282367;179564,940278169;4768400,448;769276,120103945;764800,869670716;0,437189590153348;5;0;2188;
2189;26,8976190476191;12,4107013513997;1;6;2;1;1;1;12,4107013513997;26,8976190476191;4518,8;332177,523588855;403690,376345794;179186,536444391;4739488,42559583;769087,418139246;764695,6353807;0,441885706491048;5;0;2189;
2190;26,7595238095238;11,3746356922491;1;4;1;1;1;1;11,3746356922491;26,7595238095238;4495,6;331981,587915199;403339,367499522;179004,831667265;4725458,01630073;769010,136110644;764631,729855978;0,44324395787553;5;0;2190;
2191;26,7595238095238;11,3746356922491;1;4;1;1;1;1;11,3746356922491;26,7595238095238;4495,6;331981,587915199;403339,367499522;179004,831667265;4725458,01630073;769010,136110644;764631,729855978;0,44324395787553;5;0;2191;
2192;26,8202380952381;12,3353129896935;1;9;1;1;1;2;12,3353129896935;26,8202380952381;4505,8;332063,865792407;403510,760155107;179080,743505291;4731146,98591607;768872,352620338;764778,45675885;0,442638380041009;5;0;2192;
2193;27,5880952380953;35,4019527427752;8;6;8;7;1;5;35,4019527427752;27,5880952380953;4634,8;332835,165062041;404850,372775128;179806,674005848;4787326,89865149;769367,827974047;764891,189226874;0,433874072472876;5;0;2193;
2194;27,2166666666667;19,4540639796295;7;8;1;1;1;3;19,4540639796295;27,2166666666667;4572,4;332620,3153833;404474,818972957;179605,842080945;4771581,95562993;769296,234943946;764814,256921426;0,438777068826187;5;0;2194;
2195;27,2119047619047;13,4465016627455;1;5;3;1;1;1;13,4465016627455;27,2119047619047;4571,6;332427,091756605;404146,437128666;179418,942737765;4757435,77648499;769184,447088749;764780,096412899;0,437944470557273;5;0;2195;
2196;26,7595238095238;11,3746356922491;1;4;1;1;1;1;11,3746356922491;26,7595238095238;4495,6;331981,587915199;403339,367499522;179004,831667265;4725458,01630073;769010,136110644;764631,729855978;0,44324395787553;5;0;2196;
2197;26,8988095238095;12,3660506402138;1;2;1;1;1;2;12,3660506402138;26,8988095238095;4519;332131,419433355;403598,926213953;179154,762113352;4736570,88470954;768908,214245212;764787,421201451;0,441667548939889;5;0;2197;
2198;27,3619047619048;38,3761423754211;8;6;9;7;3;5;38,3761423754211;27,3619047619048;4596,8;332641,79900216;404512,422113221;179636,961764678;4774106,4304738;769268,481080518;764845,67493765;0,436623890656232;5;0;2198;
2199;27,3726190476191;15,3573960985271;1;8;3;1;1;3;15,3573960985271;27,3726190476191;4598,6;332586;404420,681336414;179575,968;4769180,64;769209,971581256;764853,240591371;0,436140556279768;5;0;2199;
2200;27,1130952380952;13,4260354856557;2;5;1;1;1;2;13,4260354856557;27,1130952380952;4555;332349,437216087;403996,148593697;179355,506163889;4752330,11088086;769154,292059947;764749,712671695;0,43920059340173;5;0;2200;
2201;26,5023809523809;17,4149173949266;1;4;1;1;7;1;17,4149173949266;26,5023809523809;4452,4;331673,074108451;402794,550583749;178718,688;4703337,4788332;768817,021762187;764580,06753764;0,446087944222138;5;0;2201;
2202;26,9845238095238;12,4357073477328;1;4;2;1;1;1;12,4357073477328;26,9845238095238;4533,4;332224,661333306;403770,56603375;179233,912444391;4743050,4478034;769102,487012864;764712,675311561;0,44069363069733;5;0;2202;
2203;27,2785714285714;17,352442778709;1;4;7;1;1;1;17,352442778709;27,2785714285714;4582,8;332600,4;404445,93686714;179581,608;4769700,768;769271,986284152;764819,921796587;0,437666420294537;5;0;2203;
2204;27,4107142857143;40,473158642537;9;6;8;7;1;9;40,473158642537;27,4107142857143;4605;332681,665874644;404583,908679166;179657,944912721;4775571,37110182;769282,566463966;764860,032990505;0,435925152155;5;0;2204;
2205;27,2059523809524;15,4419553499768;1;5;5;1;1;1;15,4419553499768;27,2059523809524;4570,6;332505,684066619;404267,45425823;179497,008;4763252,29345507;769249,965806547;764777,147219115;0,438410937520019;5;0;2205;
2206;27,3309523809524;27,4659146977689;7;8;3;7;1;3;27,4659146977689;27,3309523809524;4591,6;332607,39093618;404448,329160434;179594,63634198;4770702,66157733;769254,371407436;764834,070979583;0,436880662443447;5;0;2206;
2207;27,0678571428571;13,188081481136;1;2;2;1;1;2;13,188081481136;27,0678571428571;4547,4;332316,455690594;403946,05186353;179316,230392769;4749371,46426076;769089,267198445;764777,949632207;0,439751429021949;5;0;2207;
2208;27,2119047619047;13,4465016627455;1;5;3;1;1;1;13,4465016627455;27,2119047619047;4571,6;332427,091756605;404146,437128666;179418,942737765;4757435,77648499;769184,447088749;764780,096412899;0,437944470557273;5;0;2208;
2209;26,7595238095238;11,3746356922491;1;4;1;1;1;1;11,3746356922491;26,7595238095238;4495,6;331981,587915199;403339,367499522;179004,831667265;4725458,01630073;769010,136110644;764631,729855978;0,44324395787553;5;0;2209;
2210;27,2464285714286;14,4205659733475;2;9;3;1;1;1;14,4205659733475;27,2464285714286;4577,4;332546,19815435;404343,573054291;179537,626288943;4766332,99775677;769289,965293037;764774,461327834;0,437968923035387;5;0;2210;
2211;27,0690476190476;20,4068549459833;1;2;2;7;2;2;20,4068549459833;27,0690476190476;4547,6;332261,550528668;403835,93969133;179266,673785308;4745545,45770079;769023,598139156;764786,674670688;0,43947092293673;5;0;2211;
2212;27,2880952380952;37,3609126264581;10;6;8;7;1;5;37,3609126264581;27,2880952380952;4584,4;332616,612385705;404471,813701529;179607,426302371;4771676,46659513;769261,213945002;764836,879964083;0,437668313449733;5;0;2212;
2213;26,9845238095238;12,4357073477328;1;4;2;1;1;1;12,4357073477328;26,9845238095238;4533,4;332224,661333306;403770,56603375;179233,912444391;4743050,4478034;769102,487012864;764712,675311561;0,44069363069733;5;0;2213;
2214;26,8464285714286;15,4710686548796;1;8;1;4;1;2;15,4710686548796;26,8464285714286;4510,2;332012,188655293;403388,038111575;179034,717700442;4727678,30185106;768845,496653864;764760,139637627;0,441944940706853;5;0;2214;
2215;27,2464285714286;14,4205659733475;2;9;3;1;1;1;14,4205659733475;27,2464285714286;4577,4;332546,19815435;404343,573054291;179537,626288943;4766332,99775677;769289,965293037;764774,461327834;0,437968923035387;5;0;2215;
2216;27,2119047619047;13,4465016627455;1;5;3;1;1;1;13,4465016627455;27,2119047619047;4571,6;332427,091756605;404146,437128666;179418,942737765;4757435,77648499;769184,447088749;764780,096412899;0,437944470557273;5;0;2216;
2217;27,2416666666667;18,4331603556016;3;10;2;1;1;5;18,4331603556016;27,2416666666667;4576,6;332590,8;404419,93546043;179588,376;4770234,16814086;769270,892344116;764812,713962169;0,438289205267492;5;0;2217;
2218;27,4904761904762;17,4489253585555;1;7;7;1;1;1;17,4489253585555;27,4904761904762;4618,4;332662,800351958;404549,442703833;179645,957661641;4774665,14818065;769297,880598786;764836,210949436;0,434597273351664;5;0;2218;
2219;27,4535714285714;23,3612746819455;3;9;3;2;1;8;23,3612746819455;27,4535714285714;4612,2;332669,581071854;404562,830442071;179651,544;4775075,424;769247,870646636;764876,334010853;0,435214114899454;5;0;2219;
2220;26,7595238095238;11,3746356922491;1;4;1;1;1;1;11,3746356922491;26,7595238095238;4495,6;331981,587915199;403339,367499522;179004,831667265;4725458,01630073;769010,136110644;764631,729855978;0,44324395787553;5;0;2220;
2221;27,4904761904762;17,4489253585555;1;6;7;1;1;1;17,4489253585555;27,4904761904762;4618,4;332662,800351958;404549,442703833;179645,957661641;4774665,14818065;769297,880598786;764836,210949436;0,434597273351664;5;0;2221;
2222;27,1214285714286;13,4397330686006;2;6;2;1;1;1;13,4397330686006;27,1214285714286;4556,4;332374,194078095;404040,849706796;179376,214773394;4753914,48864252;769237,424130631;764710,32115833;0,439169024465394;5;0;2222;
2223;27,2119047619047;13,4465016627455;1;5;3;1;1;1;13,4465016627455;27,2119047619047;4571,6;332427,091756605;404146,437128666;179418,942737765;4757435,77648499;769184,447088749;764780,096412899;0,437944470557273;5;0;2223;
2224;27,3023809523809;15,3057711067066;3;9;3;1;1;1;15,3057711067066;27,3023809523809;4586,8;332575,2;404389,354282367;179564,940278169;4768400,448;769276,120103945;764800,869670716;0,437189590153348;5;0;2224;
2225;26,7595238095238;11,3746356922491;1;4;1;1;1;1;11,3746356922491;26,7595238095238;4495,6;331981,587915199;403339,367499522;179004,831667265;4725458,01630073;769010,136110644;764631,729855978;0,44324395787553;5;0;2225;
2226;26,9261904761905;13,4981218537356;1;5;1;1;2;2;13,4981218537356;26,9261904761905;4523,6;332197,82097418;403711,107678785;179210,496;4741345,69721084;768982,673302001;764773,045913347;0,441550386619915;5;0;2226;
2227;27,0678571428571;13,188081481136;1;2;2;1;1;2;13,188081481136;27,0678571428571;4547,4;332316,455690594;403946,05186353;179316,230392769;4749371,46426076;769089,267198445;764777,949632207;0,439751429021949;5;0;2227;
2228;27,5392857142857;20,3914664137447;7;7;2;1;1;3;20,3914664137447;27,5392857142857;4626,6;332760,770916162;404722,799827071;179742,736677501;4782125,16277883;769343,869984153;764864,453045849;0,434300276926564;5;0;2228;
2229;26,9297619047619;12,3373449695141;1;5;1;1;1;2;12,3373449695141;26,9297619047619;4524,2;332103,300923545;403563,648823931;179122,533554643;4734535,34142333;768916,742975836;764766,229590297;0,441057175809875;5;0;2229;
2230;27,397619047619;36,4792408260621;8;6;9;7;1;5;36,4792408260621;27,397619047619;4602,8;332641,83025904;404515,122221472;179629,065764678;4773341,68810269;769266,063661282;764846,847068028;0,436016443286134;5;0;2230;
2231;27,1059523809524;17,2982922143318;2;9;3;4;1;1;17,2982922143318;27,1059523809524;4553,8;332398,8;404082,81555814;179401,630105414;4755917,376;769267,622387994;764703,342142015;0,439556856729088;5;0;2231;
2232;27,1130952380952;13,4260354856557;2;5;1;1;1;2;13,4260354856557;27,1130952380952;4555;332349,437216087;403996,148593697;179355,506163889;4752330,11088086;769154,292059947;764749,712671695;0,43920059340173;5;0;2232;
2233;26,8202380952381;12,3353129896935;1;9;1;1;1;2;12,3353129896935;26,8202380952381;4505,8;332063,865792407;403510,760155107;179080,743505291;4731146,98591607;768872,352620338;764778,45675885;0,442638380041009;5;0;2233;
2234;26,9845238095238;12,4357073477328;1;4;2;1;1;1;12,4357073477328;26,9845238095238;4533,4;332224,661333306;403770,56603375;179233,912444391;4743050,4478034;769102,487012864;764712,675311561;0,44069363069733;5;0;2234;
2235;27,4821428571428;17,3734111850664;2;9;3;1;1;4;17,3734111850664;27,4821428571428;4617;332714,889889657;404648,796618085;179696,627045487;4778538,25183734;769254,567164409;764900,300196909;0,43497572427658;5;0;2235;
2236;27,3904761904762;16,4810934821267;3;10;2;1;1;3;16,4810934821267;27,3904761904762;4601,6;332594,844649314;404423,415465651;179586,990771574;4770235,56600366;769266,469067739;764817,455440331;0,435897623890421;5;0;2236;
2237;27,2595238095238;18,4144867409551;1;7;7;2;1;1;18,4144867409551;27,2595238095238;4579,6;332573,297645795;404388,703222785;179564,779666016;4768278,40320353;769241,398686745;764823,671206815;0,43790925894046;5;0;2237;
2238;27,1130952380952;13,4260354856557;2;5;1;1;1;2;13,4260354856557;27,1130952380952;4555;332349,437216087;403996,148593697;179355,506163889;4752330,11088086;769154,292059947;764749,712671695;0,43920059340173;5;0;2238;
2239;27,5880952380953;35,4019527427752;8;6;8;7;1;5;35,4019527427752;27,5880952380953;4634,8;332835,165062041;404850,372775128;179806,674005848;4787326,89865149;769367,827974047;764891,189226874;0,433874072472876;5;0;2239;
2240;27,1547619047619;13,548879560242;1;8;2;1;1;2;13,548879560242;27,1547619047619;4562;332321,769712667;403947,780220425;179325,490088482;4750010,86061755;769084,762769225;764781,371779656;0,438381109493047;5;0;2240;
2241;26,9297619047619;12,3373449695141;1;5;1;1;1;2;12,3373449695141;26,9297619047619;4524,2;332103,300923545;403563,648823931;179122,533554643;4734535,34142333;768916,742975836;764766,229590297;0,441057175809875;5;0;2241;
2242;27,4011904761905;20,5226765249172;1;8;7;1;1;4;20,5226765249172;27,4011904761905;4603,4;332687,139993697;404593,2580872;179676,36;4776984,3659561;769302,099878426;764849,772508112;0,436165536464039;5;0;2242;
2243;27,2119047619047;13,4465016627455;1;10;3;1;1;1;13,4465016627455;27,2119047619047;4571,6;332427,091756605;404146,437128666;179418,942737765;4757435,77648499;769184,447088749;764780,096412899;0,437944470557273;5;0;2243;
2244;26,9845238095238;12,4357073477328;1;4;2;1;1;1;12,4357073477328;26,9845238095238;4533,4;332224,661333306;403770,56603375;179233,912444391;4743050,4478034;769102,487012864;764712,675311561;0,44069363069733;5;0;2244;
2245;26,9869047619048;16,3894875357383;1;4;1;1;1;6;16,3894875357383;26,9869047619048;4533,8;332295,594139458;403888,586978062;179302,992;4748288,832;768938,13566593;764861,582734628;0,44099249760724;5;0;2245;
2246;27,0785714285714;13,4385446762543;1;4;2;1;1;2;13,4385446762543;27,0785714285714;4549,2;332325,892490565;403946,557268135;179326,609006803;4750089,51083307;769089,253373568;764780,210920087;0,439615676572612;5;0;2246;
2247;27,2714285714286;18,4186167611757;2;7;7;1;1;1;18,4186167611757;27,2714285714286;4581,6;332612,534540917;404461,718210532;179606,424;4771632,55395135;769270,252771161;764827,302972327;0,43789084645946;5;0;2247;
2248;26,7595238095238;11,3746356922491;1;4;1;1;1;1;11,3746356922491;26,7595238095238;4495,6;331981,587915199;403339,367499522;179004,831667265;4725458,01630073;769010,136110644;764631,729855978;0,44324395787553;5;0;2248;
2249;27,4821428571428;17,3734111850664;2;9;3;1;1;4;17,3734111850664;27,4821428571428;4617;332714,889889657;404648,796618085;179696,627045487;4778538,25183734;769254,567164409;764900,300196909;0,43497572427658;5;0;2249;
2250;27,1523809523809;14,2704951622236;1;5;3;2;1;1;14,2704951622236;27,1523809523809;4561,6;332340;403975,810812373;179343,536079986;4751405,38943905;769112,448368663;764773,327626649;0,438529409037229;5;0;2250;
2251;27,3726190476191;15,3573960985271;1;8;3;1;1;3;15,3573960985271;27,3726190476191;4598,6;332586;404420,681336414;179575,968;4769180,64;769209,971581256;764853,240591371;0,436140556279768;5;0;2251;
2252;27,3690476190476;18,4078750846935;1;6;7;1;1;2;18,4078750846935;27,3690476190476;4598;332680,350845164;404585,875426149;179665,02363581;4776012,89515886;769300,782843286;764847,476064617;0,436610270908071;5;0;2252;
2253;26,6047619047619;11,4814614897985;1;5;1;1;1;1;11,4814614897985;26,6047619047619;4469,6;331807,638431049;403015,862354863;178844,535905342;4713079,52638512;768882,999727021;764611,549464336;0,445022059761228;5;0;2253;
2254;27,0678571428571;13,188081481136;1;2;2;1;1;2;13,188081481136;27,0678571428571;4547,4;332316,455690594;403946,05186353;179316,230392769;4749371,46426076;769089,267198445;764777,949632207;0,439751429021949;5;0;2254;
2255;27,2464285714286;14,4205659733475;2;9;3;1;1;1;14,4205659733475;27,2464285714286;4577,4;332546,19815435;404343,573054291;179537,626288943;4766332,99775677;769289,965293037;764774,461327834;0,437968923035387;5;0;2255;
2256;27,1119047619048;17,4706554103857;1;5;1;1;1;7;17,4706554103857;27,1119047619048;4554,8;332306,031870648;403915,810057556;179309,827383414;4748745,868734;768979,501976071;764842,295250786;0,438988764156445;5;0;2256;
2257;27,2738095238095;14,4855156077895;2;8;2;1;1;2;14,4855156077895;27,2738095238095;4582;332532,796999198;404326,064309347;179524,418790097;4765314,38089657;769194,510838109;764831,13917572;0,437450724732907;5;0;2257;
2258;27,2214285714286;15,5351812979189;1;4;5;1;1;1;15,5351812979189;27,2214285714286;4573,2;332526,825600894;404307,735739294;179524,664844777;4765420,41817941;769252,009239882;764788,578871768;0,43830651931811;5;0;2258;
2259;27,3869047619048;17,2775403213966;4;7;2;1;1;3;17,2775403213966;27,3869047619048;4601;332671,194096837;404551,541187607;179658,312;4775595,552;769301,222288167;764835,251308989;0,436296217907738;5;0;2259;
2260;26,7595238095238;11,3746356922491;1;4;1;1;1;1;11,3746356922491;26,7595238095238;4495,6;331981,587915199;403339,367499522;179004,831667265;4725458,01630073;769010,136110644;764631,729855978;0,44324395787553;5;0;2260;
2261;27,3904761904762;16,4810934821267;3;10;2;1;1;3;16,4810934821267;27,3904761904762;4601,6;332594,844649314;404423,415465651;179586,990771574;4770235,56600366;769266,469067739;764817,455440331;0,435897623890421;5;0;2261;
2262;27,4904761904762;17,4489253585555;1;7;7;1;1;1;17,4489253585555;27,4904761904762;4618,4;332662,800351958;404549,442703833;179645,957661641;4774665,14818065;769297,880598786;764836,210949436;0,434597273351664;5;0;2262;
2263;26,9297619047619;12,3373449695141;1;5;1;1;1;2;12,3373449695141;26,9297619047619;4524,2;332103,300923545;403563,648823931;179122,533554643;4734535,34142333;768916,742975836;764766,229590297;0,441057175809875;5;0;2263;
2264;27,1130952380952;13,4260354856557;2;5;1;1;1;2;13,4260354856557;27,1130952380952;4555;332349,437216087;403996,148593697;179355,506163889;4752330,11088086;769154,292059947;764749,712671695;0,43920059340173;5;0;2264;
2265;27,3880952380952;34,47485591097;8;6;7;7;1;5;34,47485591097;27,3880952380952;4601,2;332682,315898844;404586,559717084;179666,208;4776174,97213774;769270,538210929;764868,679967399;0,436324440886592;5;0;2265;
2266;27,2964285714286;33,4047242615989;10;6;8;7;1;1;33,4047242615989;27,2964285714286;4585,8;332660,586700247;404546,723885852;179641,392;4774295,232;769277,561890279;764850,315129606;0,437673805125714;5;0;2266;
2267;27,1130952380952;13,4260354856557;2;5;1;1;1;2;13,4260354856557;27,1130952380952;4555;332349,437216087;403996,148593697;179355,506163889;4752330,11088086;769154,292059947;764749,712671695;0,43920059340173;5;0;2267;
2268;27,4904761904762;17,4489253585555;1;6;7;1;1;1;17,4489253585555;27,4904761904762;4618,4;332662,800351958;404549,442703833;179645,957661641;4774665,14818065;769297,880598786;764836,210949436;0,434597273351664;5;0;2268;
2269;27,2559523809524;15,4853897101213;2;9;4;1;1;1;15,4853897101213;27,2559523809524;4579;332518,615868371;404304,878543005;179507,927408894;4764042,29501991;769201,526888305;764819,04609877;0,437657097114414;5;0;2269;
2270;27,3904761904762;16,4810934821267;3;10;2;1;1;3;16,4810934821267;27,3904761904762;4601,6;332594,844649314;404423,415465651;179586,990771574;4770235,56600366;769266,469067739;764817,455440331;0,435897623890421;5;0;2270;
2271;27,2119047619047;13,4465016627455;1;10;3;1;1;1;13,4465016627455;27,2119047619047;4571,6;332427,091756605;404146,437128666;179418,942737765;4757435,77648499;769184,447088749;764780,096412899;0,437944470557273;5;0;2271;
2272;27,2678571428571;15,4436249014677;3;10;2;1;1;2;15,4436249014677;27,2678571428571;4581;332621,867934303;404476,335312605;179605,233424513;4771740,44373341;769296,72389563;764813,706928315;0,437957779762393;5;0;2272;
2273;27,0976190476191;15,3412284403267;2;5;1;3;1;2;15,3412284403267;27,0976190476191;4552,4;332395,309335311;404084,906441057;179396,295391055;4755466,47651076;769180,633576108;764764,753560082;0,439662375427071;5;0;2273;
2274;26,7595238095238;11,3746356922491;1;4;1;1;1;1;11,3746356922491;26,7595238095238;4495,6;331981,587915199;403339,367499522;179004,831667265;4725458,01630073;769010,136110644;764631,729855978;0,44324395787553;5;0;2274;
2275;26,9297619047619;12,3373449695141;1;5;1;1;1;2;12,3373449695141;26,9297619047619;4524,2;332103,300923545;403563,648823931;179122,533554643;4734535,34142333;768916,742975836;764766,229590297;0,441057175809875;5;0;2275;
2276;27,4821428571428;17,3734111850664;2;9;3;1;1;4;17,3734111850664;27,4821428571428;4617;332714,889889657;404648,796618085;179696,627045487;4778538,25183734;769254,567164409;764900,300196909;0,43497572427658;5;0;2276;
2277;27,3904761904762;16,4810934821267;3;10;2;1;1;3;16,4810934821267;27,3904761904762;4601,6;332594,844649314;404423,415465651;179586,990771574;4770235,56600366;769266,469067739;764817,455440331;0,435897623890421;5;0;2277;
2278;26,8202380952381;12,3353129896935;1;9;1;1;1;2;12,3353129896935;26,8202380952381;4505,8;332063,865792407;403510,760155107;179080,743505291;4731146,98591607;768872,352620338;764778,45675885;0,442638380041009;5;0;2278;
2279;27,1214285714286;13,4397330686006;2;6;2;1;1;1;13,4397330686006;27,1214285714286;4556,4;332374,194078095;404040,849706796;179376,214773394;4753914,48864252;769237,424130631;764710,32115833;0,439169024465394;5;0;2279;
2280;27,3726190476191;15,3573960985271;1;9;3;1;1;3;15,3573960985271;27,3726190476191;4598,6;332586;404420,681336414;179575,968;4769180,64;769209,971581256;764853,240591371;0,436140556279768;5;0;2280;
2281;27,2464285714286;14,4205659733475;2;5;3;1;1;1;14,4205659733475;27,2464285714286;4577,4;332546,19815435;404343,573054291;179537,626288943;4766332,99775677;769289,965293037;764774,461327834;0,437968923035387;5;0;2281;
2282;26,7595238095238;11,3746356922491;1;4;1;1;1;1;11,3746356922491;26,7595238095238;4495,6;331981,587915199;403339,367499522;179004,831667265;4725458,01630073;769010,136110644;764631,729855978;0,44324395787553;5;0;2282;
2283;27,3285714285714;17,4296135270337;5;10;3;1;1;1;17,4296135270337;27,3285714285714;4591,2;332614,509911803;404467,260133587;179604,429824424;4771433,94275576;769339,047283084;764780,983140361;0,436968833546213;5;0;2283;
2284;27,0678571428571;13,188081481136;1;2;2;1;1;2;13,188081481136;27,0678571428571;4547,4;332316,455690594;403946,05186353;179316,230392769;4749371,46426076;769089,267198445;764777,949632207;0,439751429021949;5;0;2284;
2285;27,0035714285714;14,508879745901;1;10;2;1;1;3;14,508879745901;27,0035714285714;4536,6;332292,976387231;403889,044275698;179299,409349847;4748015,6824495;769040,099052003;764793,756483375;0,440706335054026;5;0;2285;
2286;26,8940476190476;13,415955756445;1;4;2;2;1;1;13,415955756445;26,8940476190476;4518,2;332171,340191944;403676,626532099;179184,552;4739170,18000628;769059,421365202;764710,410376077;0,441919331382726;5;0;2286;
2287;26,7273809523809;16,3315320575974;1;8;1;1;5;2;16,3315320575974;26,7273809523809;4490,2;332024,206719307;403403,206886339;179046,562194527;4728586,03255862;768890,411883216;764735,441906907;0,443988052342587;5;0;2287;
2288;27,3726190476191;15,3573960985271;1;9;3;1;1;3;15,3573960985271;27,3726190476191;4598,6;332586;404420,681336414;179575,968;4769180,64;769209,971581256;764853,240591371;0,436140556279768;5;0;2288;
2289;27,1130952380952;13,4260354856557;2;5;1;1;1;2;13,4260354856557;27,1130952380952;4555;332349,437216087;403996,148593697;179355,506163889;4752330,11088086;769154,292059947;764749,712671695;0,43920059340173;5;0;2289;
2290;27,5392857142857;20,3914664137447;7;8;2;1;1;3;20,3914664137447;27,5392857142857;4626,6;332760,770916162;404722,799827071;179742,736677501;4782125,16277883;769343,869984153;764864,453045849;0,434300276926564;5;0;2290;
2291;27,4821428571428;17,3734111850664;2;6;3;1;1;4;17,3734111850664;27,4821428571428;4617;332714,889889657;404648,796618085;179696,627045487;4778538,25183734;769254,567164409;764900,300196909;0,43497572427658;5;0;2291;
2292;27,2738095238095;14,4855156077895;2;8;2;1;1;2;14,4855156077895;27,2738095238095;4582;332532,796999198;404326,064309347;179524,418790097;4765314,38089657;769194,510838109;764831,13917572;0,437450724732907;5;0;2292;
2293;26,9297619047619;12,3373449695141;1;5;1;1;1;2;12,3373449695141;26,9297619047619;4524,2;332103,300923545;403563,648823931;179122,533554643;4734535,34142333;768916,742975836;764766,229590297;0,441057175809875;5;0;2293;
2294;27,2464285714286;14,4205659733475;2;9;3;1;1;1;14,4205659733475;27,2464285714286;4577,4;332546,19815435;404343,573054291;179537,626288943;4766332,99775677;769289,965293037;764774,461327834;0,437968923035387;5;0;2294;
2295;26,8202380952381;12,3353129896935;1;9;1;1;1;2;12,3353129896935;26,8202380952381;4505,8;332063,865792407;403510,760155107;179080,743505291;4731146,98591607;768872,352620338;764778,45675885;0,442638380041009;5;0;2295;
2296;27,4904761904762;17,4489253585555;1;7;7;1;1;1;17,4489253585555;27,4904761904762;4618,4;332662,800351958;404549,442703833;179645,957661641;4774665,14818065;769297,880598786;764836,210949436;0,434597273351664;5;0;2296;
2297;27,0523809523809;13,4236435635083;2;8;1;1;1;2;13,4236435635083;27,0523809523809;4544,8;332345,452748884;403983,818975157;179350,864588955;4751974,82347668;769160,412030106;764742,373779096;0,440166874644889;5;0;2297;
2298;27,372619047619;19,0592076115503;2;10;3;1;3;4;19,0592076115503;27,372619047619;4598,6;332596,419636052;404428,913746822;179584,992;4769911,76505073;769224,843435017;764847,742744945;0,436171015320918;5;0;2298;
2299;27,1130952380952;13,4260354856557;2;5;1;1;1;2;13,4260354856557;27,1130952380952;4555;332349,437216087;403996,148593697;179355,506163889;4752330,11088086;769154,292059947;764749,712671695;0,43920059340173;5;0;2299;
2300;27,4154761904762;36,2381245913294;6;3;8;10;1;5;36,2381245913294;27,4154761904762;4605,8;332658,07013784;404551,391047126;179640,40135327;4774185,64207037;769314,395678321;764825,72364335;0,435759226627008;5;0;2300;
2301;27,2119047619047;16,4077123892833;4;9;3;1;1;1;16,4077123892833;27,2119047619047;4571,6;332519,047813696;404291,769647937;179501,328359797;4763520,91221128;769313,610899119;764743,207906356;0,438338876265237;5;0;2301;
2302;27,1285714285714;15,3729111256649;1;10;3;3;1;1;15,3729111256649;27,1285714285714;4557,6;332423,026896355;404127,761058169;179416,283091492;4757277,6873319;769195,298752208;764767,807491032;0,439275272664651;5;0;2302;
2303;26,7595238095238;11,3746356922491;1;4;1;1;1;1;11,3746356922491;26,7595238095238;4495,6;331981,587915199;403339,367499522;179004,831667265;4725458,01630073;769010,136110644;764631,729855978;0,44324395787553;5;0;2303;
2304;26,5023809523809;13,3121397183086;1;4;1;3;1;1;13,3121397183086;26,5023809523809;4452,4;331782,437248656;402998,834347711;178817,624895005;4710856,6375746;768874,352459947;764609,223839584;0,446584315858712;5;0;2304;
2305;27,4904761904762;17,4489253585555;1;7;7;1;1;1;17,4489253585555;27,4904761904762;4618,4;332662,800351958;404549,442703833;179645,957661641;4774665,14818065;769297,880598786;764836,210949436;0,434597273351664;5;0;2305;
2306;27,5392857142857;20,3914664137447;7;8;2;1;1;3;20,3914664137447;27,5392857142857;4626,6;332760,770916162;404722,799827071;179742,736677501;4782125,16277883;769343,869984153;764864,453045849;0,434300276926564;5;0;2306;
2307;27,1214285714286;13,4397330686006;2;6;2;1;1;1;13,4397330686006;27,1214285714286;4556,4;332374,194078095;404040,849706796;179376,214773394;4753914,48864252;769237,424130631;764710,32115833;0,439169024465394;5;0;2307;
2308;26,6785714285714;12,491590785092;1;4;1;1;2;1;12,491590785092;26,6785714285714;4482;331927,38126568;403229,05585727;178959,127755601;4721860,5694328;768963,34695168;764626,828739568;0,444355150544363;5;0;2308;
2309;27,5880952380953;35,4019527427752;8;6;8;7;1;5;35,4019527427752;27,5880952380953;4634,8;332835,165062041;404850,372775128;179806,674005848;4787326,89865149;769367,827974047;764891,189226874;0,433874072472876;5;0;2309;
2310;27,5392857142857;20,3914664137447;7;7;2;1;1;3;20,3914664137447;27,5392857142857;4626,6;332760,770916162;404722,799827071;179742,736677501;4782125,16277883;769343,869984153;764864,453045849;0,434300276926564;5;0;2310;
2311;26,9380952380952;14,2671673739025;1;9;1;1;1;4;14,2671673739025;26,9380952380952;4525,6;332122,002950956;403581,652661173;179140,221112289;4735802,61273045;768856,787353578;764814,203316437;0,440976644594202;5;0;2311;
2312;26,7595238095238;11,3746356922491;1;4;1;1;1;1;11,3746356922491;26,7595238095238;4495,6;331981,587915199;403339,367499522;179004,831667265;4725458,01630073;769010,136110644;764631,729855978;0,44324395787553;5;0;2312;
2313;27,3785714285714;18,4028849404657;3;10;4;1;1;3;18,4028849404657;27,3785714285714;4599,6;332705,039823165;404622,998169718;179685,204832458;4777725,57718828;769285,339201349;764869,686846706;0,436570219961232;5;0;2313;
2314;27,4904761904762;17,4489253585555;1;5;7;1;1;1;17,4489253585555;27,4904761904762;4618,4;332662,800351958;404549,442703833;179645,957661641;4774665,14818065;769297,880598786;764836,210949436;0,434597273351664;5;0;2314;
2315;27,0821428571429;13,4112730464437;2;2;1;1;1;2;13,4112730464437;27,0821428571429;4549,8;332339,398282914;403980,375637602;179344,08372108;4751426,20315448;769149,896040283;764749,279361703;0,439653657110331;5;0;2315;
2316;26,827380952381;13,4411156932339;1;5;1;1;1;3;13,4411156932339;26,827380952381;4507;332053,511560589;403469,806558276;179074,618139487;4730615,91553505;768847,133629846;764784,285469338;0,442461788948923;5;0;2316;
2317;27,1130952380952;13,4260354856557;2;5;1;1;1;2;13,4260354856557;27,1130952380952;4555;332349,437216087;403996,148593697;179355,506163889;4752330,11088086;769154,292059947;764749,712671695;0,43920059340173;5;0;2317;
2318;27,1714285714286;17,2394158940689;3;9;3;1;3;1;17,2394158940689;27,1714285714286;4564,8;332466,717243424;404207,03688044;179462,782950391;4760573,1638811;769266,239246903;764745,207728668;0,43879710491436;5;0;2318;
2319;27,2119047619047;13,4465016627455;1;10;3;1;1;1;13,4465016627455;27,2119047619047;4571,6;332427,091756605;404146,437128666;179418,942737765;4757435,77648499;769184,447088749;764780,096412899;0,437944470557273;5;0;2319;
2320;26,7595238095238;11,3746356922491;1;4;1;1;1;1;11,3746356922491;26,7595238095238;4495,6;331981,587915199;403339,367499522;179004,831667265;4725458,01630073;769010,136110644;764631,729855978;0,44324395787553;5;0;2320;
2321;27,4904761904762;17,4489253585555;1;7;7;1;1;1;17,4489253585555;27,4904761904762;4618,4;332662,800351958;404549,442703833;179645,957661641;4774665,14818065;769297,880598786;764836,210949436;0,434597273351664;5;0;2321;
2322;26,8142857142857;12,431183939923;1;2;2;1;1;1;12,431183939923;26,8142857142857;4504,8;332059,234139196;403480,760153231;179075,360220511;4730840,54013979;769025,998997974;764667,581674972;0,442697746988775;5;0;2322;
2323;27,5880952380953;35,4019527427752;8;6;8;7;1;5;35,4019527427752;27,5880952380953;4634,8;332835,165062041;404850,372775128;179806,674005848;4787326,89865149;769367,827974047;764891,189226874;0,433874072472876;5;0;2323;
2324;27,4821428571428;17,3734111850664;2;6;3;1;1;4;17,3734111850664;27,4821428571428;4617;332714,889889657;404648,796618085;179696,627045487;4778538,25183734;769254,567164409;764900,300196909;0,43497572427658;5;0;2324;
2325;26,7595238095238;11,3746356922491;1;4;1;1;1;1;11,3746356922491;26,7595238095238;4495,6;331981,587915199;403339,367499522;179004,831667265;4725458,01630073;769010,136110644;764631,729855978;0,44324395787553;5;0;2325;
2326;27,5095238095238;20,4698247311297;7;4;2;1;1;3;20,4698247311297;27,5095238095238;4621,6;332711,925262131;404637,556835707;179693,167717408;4778316,1192802;769326,71585095;764847,354135941;0,434529514977834;5;0;2326;
2327;27,5392857142857;20,3914664137447;7;7;2;1;1;3;20,3914664137447;27,5392857142857;4626,6;332760,770916162;404722,799827071;179742,736677501;4782125,16277883;769343,869984153;764864,453045849;0,434300276926564;5;0;2327;
2328;27,4880952380952;34,4111201913365;8;7;8;7;1;4;34,4111201913365;27,4880952380952;4618;332664,393785808;404562,030975168;179648,16;4774794,60927053;769291,745864265;764844,918619248;0,434652086569114;5;0;2328;
2329;27,3904761904762;16,4810934821267;3;10;2;1;1;3;16,4810934821267;27,3904761904762;4601,6;332594,844649314;404423,415465651;179586,990771574;4770235,56600366;769266,469067739;764817,455440331;0,435897623890421;5;0;2329;
2330;27,0821428571429;13,4112730464437;2;2;1;1;1;2;13,4112730464437;27,0821428571429;4549,8;332339,398282914;403980,375637602;179344,08372108;4751426,20315448;769149,896040283;764749,279361703;0,439653657110331;5;0;2330;
2331;27,4511904761905;32,3251713197111;8;6;8;7;1;2;32,3251713197111;27,4511904761905;4611,8;332691,030520358;404589,629736106;179671,766320255;4776801,44007087;769304,722305071;764849,001714975;0,435356642579628;5;0;2331;
2332;27,3726190476191;15,3573960985271;1;6;3;1;1;3;15,3573960985271;27,3726190476191;4598,6;332586;404420,681336414;179575,968;4769180,64;769209,971581256;764853,240591371;0,436140556279768;5;0;2332;
2333;26,8202380952381;12,3353129896935;1;9;1;1;1;2;12,3353129896935;26,8202380952381;4505,8;332063,865792407;403510,760155107;179080,743505291;4731146,98591607;768872,352620338;764778,45675885;0,442638380041009;5;0;2333;
2334;27,4821428571428;17,3734111850664;2;6;3;1;1;4;17,3734111850664;27,4821428571428;4617;332714,889889657;404648,796618085;179696,627045487;4778538,25183734;769254,567164409;764900,300196909;0,43497572427658;5;0;2334;
2335;27,397619047619;36,4792408260621;8;6;9;7;1;5;36,4792408260621;27,397619047619;4602,8;332641,83025904;404515,122221472;179629,065764678;4773341,68810269;769266,063661282;764846,847068028;0,436016443286134;5;0;2335;
2336;26,7595238095238;11,3746356922491;1;4;1;1;1;1;11,3746356922491;26,7595238095238;4495,6;331981,587915199;403339,367499522;179004,831667265;4725458,01630073;769010,136110644;764631,729855978;0,44324395787553;5;0;2336;
2337;26,9845238095238;12,4357073477328;1;4;2;1;1;1;12,4357073477328;26,9845238095238;4533,4;332224,661333306;403770,56603375;179233,912444391;4743050,4478034;769102,487012864;764712,675311561;0,44069363069733;5;0;2337;
2338;27,3202380952381;17,3866597075622;3;10;2;2;1;3;17,3866597075622;27,3202380952381;4589,8;332573,197998256;404409,807951075;179565,999301894;4768225,20375199;769252,0055897;764821,633455368;0,436912015290714;5;0;2338;
2339;27,2678571428571;15,4436249014677;3;10;2;1;1;2;15,4436249014677;27,2678571428571;4581;332621,867934303;404476,335312605;179605,233424513;4771740,44373341;769296,72389563;764813,706928315;0,437957779762393;5;0;2339;
2340;27,5880952380953;35,4019527427752;8;6;8;7;1;5;35,4019527427752;27,5880952380953;4634,8;332835,165062041;404850,372775128;179806,674005848;4787326,89865149;769367,827974047;764891,189226874;0,433874072472876;5;0;2340;
2341;27,5392857142857;20,3914664137447;7;7;2;1;1;3;20,3914664137447;27,5392857142857;4626,6;332760,770916162;404722,799827071;179742,736677501;4782125,16277883;769343,869984153;764864,453045849;0,434300276926564;5;0;2341;
2342;27,2964285714286;18,4154665833647;1;9;6;1;1;3;18,4154665833647;27,2964285714286;4585,8;332574,631797405;404393,156743875;179558,953563698;4767960,78725979;769225,366080955;764835,223032359;0,437257259117179;5;0;2342;
2343;27,0678571428571;13,188081481136;1;2;2;1;1;2;13,188081481136;27,0678571428571;4547,4;332316,455690594;403946,05186353;179316,230392769;4749371,46426076;769089,267198445;764777,949632207;0,439751429021949;5;0;2343;
2344;26,7595238095238;11,3746356922491;1;4;1;1;1;1;11,3746356922491;26,7595238095238;4495,6;331981,587915199;403339,367499522;179004,831667265;4725458,01630073;769010,136110644;764631,729855978;0,44324395787553;5;0;2344;
2345;27,1214285714286;13,4397330686006;2;6;2;1;1;1;13,4397330686006;27,1214285714286;4556,4;332374,194078095;404040,849706796;179376,214773394;4753914,48864252;769237,424130631;764710,32115833;0,439169024465394;5;0;2345;
2346;27,3226190476191;17,3790508649143;1;3;7;1;1;1;17,3790508649143;27,3226190476191;4590,2;332645,698732692;404510,531780763;179627,266018189;4773216,11251731;769283,442094924;764836,095435433;0,437189513646963;5;0;2346;
2347;27,5880952380953;35,4019527427752;8;6;8;7;1;5;35,4019527427752;27,5880952380953;4634,8;332835,165062041;404850,372775128;179806,674005848;4787326,89865149;769367,827974047;764891,189226874;0,433874072472876;5;0;2347;
2348;27,3261904761905;23,4929677091189;1;7;7;1;7;1;23,4929677091189;27,3261904761905;4590,8;332611,83358299;404463,95106889;179600,57341316;4770993,45260932;769223,725456736;764858,306152887;0,43697646294408;5;0;2348;
2349;26,9297619047619;12,3373449695141;1;5;1;1;1;2;12,3373449695141;26,9297619047619;4524,2;332103,300923545;403563,648823931;179122,533554643;4734535,34142333;768916,742975836;764766,229590297;0,441057175809875;5;0;2349;
2350;27,3880952380952;21,4109374177102;5;10;2;2;3;3;21,4109374177102;27,3880952380952;4601,2;332677,854052285;404581,255451482;179661,696;4775766,6127447;769337,771192463;764821,349609776;0,436292568671564;5;0;2350;
2351;27,1178571428571;18,3486872129839;1;6;3;4;1;3;18,3486872129839;27,1178571428571;4555,8;332440,205956869;404159,887605544;179433,861925397;4758471,22337372;769122,125670861;764826,344032843;0,439524682588667;5;0;2351;
2352;26,7595238095238;11,3746356922491;1;4;1;1;1;1;11,3746356922491;26,7595238095238;4495,6;331981,587915199;403339,367499522;179004,831667265;4725458,01630073;769010,136110644;764631,729855978;0,44324395787553;5;0;2352;
2353;27,2464285714286;14,4205659733475;2;9;3;1;1;1;14,4205659733475;27,2464285714286;4577,4;332546,19815435;404343,573054291;179537,626288943;4766332,99775677;769289,965293037;764774,461327834;0,437968923035387;5;0;2353;
2354;27,5880952380953;35,4019527427752;8;6;8;7;1;5;35,4019527427752;27,5880952380953;4634,8;332835,165062041;404850,372775128;179806,674005848;4787326,89865149;769367,827974047;764891,189226874;0,433874072472876;5;0;2354;
2355;26,7595238095238;11,3746356922491;1;4;1;1;1;1;11,3746356922491;26,7595238095238;4495,6;331981,587915199;403339,367499522;179004,831667265;4725458,01630073;769010,136110644;764631,729855978;0,44324395787553;5;0;2355;
2356;27,3142857142857;21,2769364687846;7;5;2;1;2;3;21,2769364687846;27,3142857142857;4588,8;332577,441165436;404397,14367051;179564,130709451;4768487,136;769262,036762642;764811,621503968;0,437016403528788;5;0;2356;
2357;27,3904761904762;16,4810934821267;3;10;2;1;1;3;16,4810934821267;27,3904761904762;4601,6;332594,844649314;404423,415465651;179586,990771574;4770235,56600366;769266,469067739;764817,455440331;0,435897623890421;5;0;2357;
2358;27,4904761904762;17,4489253585555;1;7;7;1;1;1;17,4489253585555;27,4904761904762;4618,4;332662,800351958;404549,442703833;179645,957661641;4774665,14818065;769297,880598786;764836,210949436;0,434597273351664;5;0;2358;
2359;27,4821428571428;17,3734111850664;2;6;3;1;1;4;17,3734111850664;27,4821428571428;4617;332714,889889657;404648,796618085;179696,627045487;4778538,25183734;769254,567164409;764900,300196909;0,43497572427658;5;0;2359;
2360;27,5392857142857;20,3914664137447;7;7;2;1;1;3;20,3914664137447;27,5392857142857;4626,6;332760,770916162;404722,799827071;179742,736677501;4782125,16277883;769343,869984153;764864,453045849;0,434300276926564;5;0;2360;
2361;26,7595238095238;11,3746356922491;1;4;1;1;1;1;11,3746356922491;26,7595238095238;4495,6;331981,587915199;403339,367499522;179004,831667265;4725458,01630073;769010,136110644;764631,729855978;0,44324395787553;5;0;2361;
2362;27,4821428571428;17,3734111850664;2;8;3;1;1;4;17,3734111850664;27,4821428571428;4617;332714,889889657;404648,796618085;179696,627045487;4778538,25183734;769254,567164409;764900,300196909;0,43497572427658;5;0;2362;
2363;27,5880952380953;35,4019527427752;8;6;8;7;1;5;35,4019527427752;27,5880952380953;4634,8;332835,165062041;404850,372775128;179806,674005848;4787326,89865149;769367,827974047;764891,189226874;0,433874072472876;5;0;2363;
2364;26,7595238095238;11,3746356922491;1;4;1;1;1;1;11,3746356922491;26,7595238095238;4495,6;331981,587915199;403339,367499522;179004,831667265;4725458,01630073;769010,136110644;764631,729855978;0,44324395787553;5;0;2364;
2365;26,8976190476191;12,4107013513997;1;10;2;1;1;1;12,4107013513997;26,8976190476191;4518,8;332177,523588855;403690,376345794;179186,536444391;4739488,42559583;769087,418139246;764695,6353807;0,441885706491048;5;0;2365;
2366;26,8452380952381;15,2524218173769;1;4;1;1;4;2;15,2524218173769;26,8452380952381;4510;332056,249245783;403475,452525015;179076,383289395;4730860,01787165;768834,156953636;764794,633103281;0,442178211268161;5;0;2366;
2367;27,0678571428571;13,188081481136;1;2;2;1;1;2;13,188081481136;27,0678571428571;4547,4;332316,455690594;403946,05186353;179316,230392769;4749371,46426076;769089,267198445;764777,949632207;0,439751429021949;5;0;2367;
2368;27,4821428571428;17,3734111850664;2;6;3;1;1;4;17,3734111850664;27,4821428571428;4617;332714,889889657;404648,796618085;179696,627045487;4778538,25183734;769254,567164409;764900,300196909;0,43497572427658;5;0;2368;
2369;26,9297619047619;12,3373449695141;1;5;1;1;1;2;12,3373449695141;26,9297619047619;4524,2;332103,300923545;403563,648823931;179122,533554643;4734535,34142333;768916,742975836;764766,229590297;0,441057175809875;5;0;2369;
2370;27,3190476190476;15,4834728035158;2;7;3;1;1;2;15,4834728035158;27,3190476190476;4589,6;332569,292174648;404383,444000506;179557,92;4767880,32;769266,476419975;764803,370123659;0,436893770761286;5;0;2370;
2371;27,4904761904762;17,4489253585555;1;7;7;1;1;1;17,4489253585555;27,4904761904762;4618,4;332662,800351958;404549,442703833;179645,957661641;4774665,14818065;769297,880598786;764836,210949436;0,434597273351664;5;0;2371;
2372;27,3178571428572;16,4270490995405;4;10;2;1;1;2;16,4270490995405;27,3178571428572;4589,4;332577,017111552;404414,703324748;179564,110510123;4768344,17951663;769251,260415501;764823,319530649;0,436944818443014;5;0;2372;
2373;27,1535714285714;16,4712495982285;1;5;3;1;1;4;16,4712495982285;27,1535714285714;4561,8;332522,471762448;404304,819107016;179515,173742142;4764606,31595046;769169,43822325;764841,960233581;0,439348291824019;5;0;2373;
2374;27,2642857142857;23,4874436490763;7;8;1;1;5;3;23,4874436490763;27,2642857142857;4580,4;332571,579229003;404399,748651913;179565,406160251;4768128,2440141;769274,613374054;764802,131082809;0,437793946115859;5;0;2374;
2375;26,7595238095238;11,3746356922491;1;4;1;1;1;1;11,3746356922491;26,7595238095238;4495,6;331981,587915199;403339,367499522;179004,831667265;4725458,01630073;769010,136110644;764631,729855978;0,44324395787553;5;0;2375;
2376;27,5392857142857;20,3914664137447;7;8;2;1;1;3;20,3914664137447;27,5392857142857;4626,6;332760,770916162;404722,799827071;179742,736677501;4782125,16277883;769343,869984153;764864,453045849;0,434300276926564;5;0;2376;
2377;26,7595238095238;11,3746356922491;1;4;1;1;1;1;11,3746356922491;26,7595238095238;4495,6;331981,587915199;403339,367499522;179004,831667265;4725458,01630073;769010,136110644;764631,729855978;0,44324395787553;5;0;2377;
2378;27,4904761904762;17,4489253585555;1;7;7;1;1;1;17,4489253585555;27,4904761904762;4618,4;332662,800351958;404549,442703833;179645,957661641;4774665,14818065;769297,880598786;764836,210949436;0,434597273351664;5;0;2378;
2379;26,8202380952381;12,3353129896935;1;10;1;1;1;2;12,3353129896935;26,8202380952381;4505,8;332063,865792407;403510,760155107;179080,743505291;4731146,98591607;768872,352620338;764778,45675885;0,442638380041009;5;0;2379;
2380;26,5869047619048;14,4855635646416;1;4;1;1;4;1;14,4855635646416;26,5869047619048;4466,6;331907,712555473;403204,673219799;178938,085087801;4720251,52765603;768944,916481777;764630,166961142;0,445792153133349;5;0;2380;
2381;27,3190476190476;15,4834728035158;2;6;3;1;1;2;15,4834728035158;27,3190476190476;4589,6;332569,292174648;404383,444000506;179557,92;4767880,32;769266,476419975;764803,370123659;0,436893770761286;5;0;2381;
2382;27,2119047619047;13,4465016627455;1;10;3;1;1;1;13,4465016627455;27,2119047619047;4571,6;332427,091756605;404146,437128666;179418,942737765;4757435,77648499;769184,447088749;764780,096412899;0,437944470557273;5;0;2382;
2383;27,2119047619047;13,4465016627455;1;10;3;1;1;1;13,4465016627455;27,2119047619047;4571,6;332427,091756605;404146,437128666;179418,942737765;4757435,77648499;769184,447088749;764780,096412899;0,437944470557273;5;0;2383;
2384;26,7595238095238;11,3746356922491;1;4;1;1;1;1;11,3746356922491;26,7595238095238;4495,6;331981,587915199;403339,367499522;179004,831667265;4725458,01630073;769010,136110644;764631,729855978;0,44324395787553;5;0;2384;
2385;27,3023809523809;15,3057711067066;3;10;3;1;1;1;15,3057711067066;27,3023809523809;4586,8;332575,2;404389,354282367;179564,940278169;4768400,448;769276,120103945;764800,869670716;0,437189590153348;5;0;2385;
2386;26,6047619047619;11,4814614897985;1;6;1;1;1;1;11,4814614897985;26,6047619047619;4469,6;331807,638431049;403015,862354863;178844,535905342;4713079,52638512;768882,999727021;764611,549464336;0,445022059761228;5;0;2386;
2387;27,3214285714286;16,4585439856738;2;8;2;3;1;2;16,4585439856738;27,3214285714286;4590;332591,342251334;404423,069336272;179578,280403059;4769456,80340152;769257,83134861;764823,030814302;0,43695284027961;5;0;2387;
2388;27,5392857142857;20,3914664137447;7;8;2;1;1;3;20,3914664137447;27,5392857142857;4626,6;332760,770916162;404722,799827071;179742,736677501;4782125,16277883;769343,869984153;764864,453045849;0,434300276926564;5;0;2388;
2389;27,5392857142857;20,3914664137447;7;8;2;1;1;3;20,3914664137447;27,5392857142857;4626,6;332760,770916162;404722,799827071;179742,736677501;4782125,16277883;769343,869984153;764864,453045849;0,434300276926564;5;0;2389;
2390;27,2464285714286;14,4205659733475;2;9;3;1;1;1;14,4205659733475;27,2464285714286;4577,4;332546,19815435;404343,573054291;179537,626288943;4766332,99775677;769289,965293037;764774,461327834;0,437968923035387;5;0;2390;
2391;27,3904761904762;16,4810934821267;3;10;2;1;1;3;16,4810934821267;27,3904761904762;4601,6;332594,844649314;404423,415465651;179586,990771574;4770235,56600366;769266,469067739;764817,455440331;0,435897623890421;5;0;2391;
2392;27,1214285714286;13,4397330686006;2;6;2;1;1;1;13,4397330686006;27,1214285714286;4556,4;332374,194078095;404040,849706796;179376,214773394;4753914,48864252;769237,424130631;764710,32115833;0,439169024465394;5;0;2392;
2393;26,7595238095238;11,3746356922491;1;4;1;1;1;1;11,3746356922491;26,7595238095238;4495,6;331981,587915199;403339,367499522;179004,831667265;4725458,01630073;769010,136110644;764631,729855978;0,44324395787553;5;0;2393;
2394;27,4821428571428;17,3734111850664;2;6;3;1;1;4;17,3734111850664;27,4821428571428;4617;332714,889889657;404648,796618085;179696,627045487;4778538,25183734;769254,567164409;764900,300196909;0,43497572427658;5;0;2394;
2395;27,0678571428571;13,188081481136;1;2;2;1;1;2;13,188081481136;27,0678571428571;4547,4;332316,455690594;403946,05186353;179316,230392769;4749371,46426076;769089,267198445;764777,949632207;0,439751429021949;5;0;2395;
2396;27,2464285714286;14,4205659733475;2;9;3;1;1;1;14,4205659733475;27,2464285714286;4577,4;332546,19815435;404343,573054291;179537,626288943;4766332,99775677;769289,965293037;764774,461327834;0,437968923035387;5;0;2396;
2397;26,9130952380952;12,49780242493;1;4;1;1;1;2;12,49780242493;26,9130952380952;4521,4;332117,068582052;403584,601615422;179130,087731957;4735091,08209185;768939,165728604;764759,404688674;0,441342533644459;5;0;2397;
2398;26,6047619047619;11,4814614897985;1;5;1;1;1;1;11,4814614897985;26,6047619047619;4469,6;331807,638431049;403015,862354863;178844,535905342;4713079,52638512;768882,999727021;764611,549464336;0,445022059761228;5;0;2398;
2399;26,925;14,3901014286793;1;4;2;1;3;1;14,3901014286793;26,925;4523,4;332240,601132319;403803,878735437;179251,704442899;4744266,43257907;769100,592446092;764722,808448881;0,441753902575648;5;0;2399;
2400;27,3726190476191;15,3573960985271;1;10;3;1;1;3;15,3573960985271;27,3726190476191;4598,6;332586;404420,681336414;179575,968;4769180,64;769209,971581256;764853,240591371;0,436140556279768;5;0;2400;
2401;26,9297619047619;12,3373449695141;1;5;1;1;1;2;12,3373449695141;26,9297619047619;4524,2;332103,300923545;403563,648823931;179122,533554643;4734535,34142333;768916,742975836;764766,229590297;0,441057175809875;5;0;2401;
2402;26,7595238095238;11,3746356922491;1;4;1;1;1;1;11,3746356922491;26,7595238095238;4495,6;331981,587915199;403339,367499522;179004,831667265;4725458,01630073;769010,136110644;764631,729855978;0,44324395787553;5;0;2402;
2403;27,25;20,3386845707585;3;10;2;1;5;3;20,3386845707585;27,25;4578;332578,671293198;404398,889729557;179573,553949179;4769058,77282254;769230,980147898;764833,829168713;0,438074979810084;5;0;2403;
2404;27,2738095238095;14,4855156077895;2;8;2;1;1;2;14,4855156077895;27,2738095238095;4582;332532,796999198;404326,064309347;179524,418790097;4765314,38089657;769194,510838109;764831,13917572;0,437450724732907;5;0;2404;
2405;27,2738095238095;14,4855156077895;2;8;2;1;1;2;14,4855156077895;27,2738095238095;4582;332532,796999198;404326,064309347;179524,418790097;4765314,38089657;769194,510838109;764831,13917572;0,437450724732907;5;0;2405;
2406;27,2797619047619;19,4318105037501;3;9;7;1;1;1;19,4318105037501;27,2797619047619;4583;332568,468115204;404371,116079071;179557,92;4767880,32;769218,467145131;764834,294671007;0,437521075478203;5;0;2406;
2407;27,5392857142857;20,3914664137447;7;10;2;1;1;3;20,3914664137447;27,5392857142857;4626,6;332760,770916162;404722,799827071;179742,736677501;4782125,16277883;769343,869984153;764864,453045849;0,434300276926564;5;0;2407;
2408;26,9297619047619;12,3373449695141;1;5;1;1;1;2;12,3373449695141;26,9297619047619;4524,2;332103,300923545;403563,648823931;179122,533554643;4734535,34142333;768916,742975836;764766,229590297;0,441057175809875;5;0;2408;
2409;27,375;19,4851919110707;3;10;2;1;4;3;19,4851919110707;27,375;4599;332649,337563934;404519,816195983;179636,412846899;4773948,48;769264,577524334;764850,836627759;0,43638632344528;5;0;2409;
2410;26,8202380952381;12,3353129896935;1;8;1;1;1;2;12,3353129896935;26,8202380952381;4505,8;332063,865792407;403510,760155107;179080,743505291;4731146,98591607;768872,352620338;764778,45675885;0,442638380041009;5;0;2410;
2411;27,2726190476191;18,492340208077;7;8;1;1;1;2;18,492340208077;27,2726190476191;4581,8;332622,243698823;404474,981272956;179608,68;4771781,28;769290,045769093;764819,466716667;0,437902114922778;5;0;2411;
2412;26,7595238095238;11,3746356922491;1;4;1;1;1;1;11,3746356922491;26,7595238095238;4495,6;331981,587915199;403339,367499522;179004,831667265;4725458,01630073;769010,136110644;764631,729855978;0,44324395787553;5;0;2412;
2413;26,9845238095238;12,4357073477328;1;4;2;1;1;1;12,4357073477328;26,9845238095238;4533,4;332224,661333306;403770,56603375;179233,912444391;4743050,4478034;769102,487012864;764712,675311561;0,44069363069733;5;0;2413;
2414;27,2095238095238;16,3183285977089;1;6;4;1;1;3;16,3183285977089;27,2095238095238;4571,2;332591,452271388;404422,535396787;179580,496841501;4769615,18938911;769233,261300335;764840,021782011;0,438782763235615;5;0;2414;
2415;26,5142857142857;18,46001664978;1;4;1;8;1;1;18,46001664978;26,5142857142857;4454,4;331758,67710193;402942,786770488;178797,115970145;4709417,5619483;768895,990554507;764576,317312123;0,446286147467789;5;0;2415;
2416;27,1547619047619;15,3882566592509;1;2;4;1;1;2;15,3882566592509;27,1547619047619;4562;332412,629498657;404105,105706082;179414,664;4756802,21948715;769151,856922617;764788,456964834;0,438815221847064;5;0;2416;
2417;27,3023809523809;15,3057711067066;3;9;3;1;1;1;15,3057711067066;27,3023809523809;4586,8;332575,2;404389,354282367;179564,940278169;4768400,448;769276,120103945;764800,869670716;0,437189590153348;5;0;2417;
2418;27,1130952380952;13,4260354856557;2;5;1;1;1;2;13,4260354856557;27,1130952380952;4555;332349,437216087;403996,148593697;179355,506163889;4752330,11088086;769154,292059947;764749,712671695;0,43920059340173;5;0;2418;
2419;26,8202380952381;12,3353129896935;1;8;1;1;1;2;12,3353129896935;26,8202380952381;4505,8;332063,865792407;403510,760155107;179080,743505291;4731146,98591607;768872,352620338;764778,45675885;0,442638380041009;5;0;2419;
2420;26,6047619047619;11,4814614897985;1;6;1;1;1;1;11,4814614897985;26,6047619047619;4469,6;331807,638431049;403015,862354863;178844,535905342;4713079,52638512;768882,999727021;764611,549464336;0,445022059761228;5;0;2420;
2421;26,7595238095238;11,3746356922491;1;4;1;1;1;1;11,3746356922491;26,7595238095238;4495,6;331981,587915199;403339,367499522;179004,831667265;4725458,01630073;769010,136110644;764631,729855978;0,44324395787553;5;0;2421;
2422;27,2738095238095;14,4855156077895;2;8;2;1;1;2;14,4855156077895;27,2738095238095;4582;332532,796999198;404326,064309347;179524,418790097;4765314,38089657;769194,510838109;764831,13917572;0,437450724732907;5;0;2422;
2423;26,7595238095238;11,3746356922491;1;4;1;1;1;1;11,3746356922491;26,7595238095238;4495,6;331981,587915199;403339,367499522;179004,831667265;4725458,01630073;769010,136110644;764631,729855978;0,44324395787553;5;0;2423;
2424;27,4880952380952;34,4111201913365;8;6;8;7;1;4;34,4111201913365;27,4880952380952;4618;332664,393785808;404562,030975168;179648,16;4774794,60927053;769291,745864265;764844,918619248;0,434652086569114;5;0;2424;
2425;26,7595238095238;11,3746356922491;1;4;1;1;1;1;11,3746356922491;26,7595238095238;4495,6;331981,587915199;403339,367499522;179004,831667265;4725458,01630073;769010,136110644;764631,729855978;0,44324395787553;5;0;2425;
2426;27,1214285714286;13,4397330686006;2;6;2;1;1;1;13,4397330686006;27,1214285714286;4556,4;332374,194078095;404040,849706796;179376,214773394;4753914,48864252;769237,424130631;764710,32115833;0,439169024465394;5;0;2426;
2427;26,8988095238095;12,3660506402138;1;2;1;1;1;2;12,3660506402138;26,8988095238095;4519;332131,419433355;403598,926213953;179154,762113352;4736570,88470954;768908,214245212;764787,421201451;0,441667548939889;5;0;2427;
2428;27,4178571428571;25,4004291708799;7;7;5;3;1;3;25,4004291708799;27,4178571428571;4606,2;332760,232027864;404721,558858801;179733,804940983;4781411,68760701;769322,51754067;764879,50571684;0,436185184534994;5;0;2428;
2429;27,1130952380952;13,4260354856557;2;5;1;1;1;2;13,4260354856557;27,1130952380952;4555;332349,437216087;403996,148593697;179355,506163889;4752330,11088086;769154,292059947;764749,712671695;0,43920059340173;5;0;2429;
2430;27,1011904761905;14,2975495403664;3;10;2;1;1;1;14,2975495403664;27,1011904761905;4553;332379,166675451;404044,13949335;179380,824;4754375,69544021;769258,681072898;764697,257046069;0,439529299613764;5;0;2430;
2431;27,5880952380953;35,4019527427752;8;6;8;7;1;5;35,4019527427752;27,5880952380953;4634,8;332835,165062041;404850,372775128;179806,674005848;4787326,89865149;769367,827974047;764891,189226874;0,433874072472876;5;0;2431;
2432;27,3726190476191;15,3573960985271;1;9;3;1;1;3;15,3573960985271;27,3726190476191;4598,6;332586;404420,681336414;179575,968;4769180,64;769209,971581256;764853,240591371;0,436140556279768;5;0;2432;
2433;27,5392857142857;20,3914664137447;7;8;2;1;1;3;20,3914664137447;27,5392857142857;4626,6;332760,770916162;404722,799827071;179742,736677501;4782125,16277883;769343,869984153;764864,453045849;0,434300276926564;5;0;2433;
2434;27,3726190476191;15,3573960985271;1;9;3;1;1;3;15,3573960985271;27,3726190476191;4598,6;332586;404420,681336414;179575,968;4769180,64;769209,971581256;764853,240591371;0,436140556279768;5;0;2434;
2435;27,0059523809524;13,5266258220609;1;5;2;1;1;2;13,5266258220609;27,0059523809524;4537;332280,969712667;403873,371154936;179287,138088482;4747063,46861755;769040,467688515;764786,786194611;0,440640237118628;5;0;2435;
2436;27,2714285714286;18,4186167611757;2;9;7;1;1;1;18,4186167611757;27,2714285714286;4581,6;332612,534540917;404461,718210532;179606,424;4771632,55395135;769270,252771161;764827,302972327;0,43789084645946;5;0;2436;
2437;27,3904761904762;16,4810934821267;3;10;2;1;1;3;16,4810934821267;27,3904761904762;4601,6;332594,844649314;404423,415465651;179586,990771574;4770235,56600366;769266,469067739;764817,455440331;0,435897623890421;5;0;2437;
2438;27,4261904761905;18,5318931647792;4;9;3;1;1;3;18,5318931647792;27,4261904761905;4607,6;332721,834721763;404653,5282712;179702,259740892;4778969,59513848;769303,350038167;764868,397371217;0,435898115823168;5;0;2438;
2439;27,5880952380953;35,4019527427752;8;6;8;7;1;5;35,4019527427752;27,5880952380953;4634,8;332835,165062041;404850,372775128;179806,674005848;4787326,89865149;769367,827974047;764891,189226874;0,433874072472876;5;0;2439;
2440;26,6785714285714;12,491590785092;1;4;1;1;2;1;12,491590785092;26,6785714285714;4482;331927,38126568;403229,05585727;178959,127755601;4721860,5694328;768963,34695168;764626,828739568;0,444355150544363;5;0;2440;
2441;27,3892857142857;18,3345311806568;3;6;3;1;1;4;18,3345311806568;27,3892857142857;4601,4;332647,180902014;404520,985485915;179631,862359603;4773580,80428362;769265,120615921;764849,972248628;0,436141449443053;5;0;2441;
2442;27,152380952381;14,3351578763449;2;2;2;1;1;2;14,3351578763449;27,152380952381;4561,6;332358,320406762;404017,059091148;179360,701383612;4752683,1404723;769152,574304809;764758,089120251;0,438608295868569;5;0;2442;
2443;26,7595238095238;11,3746356922491;1;4;1;1;1;1;11,3746356922491;26,7595238095238;4495,6;331981,587915199;403339,367499522;179004,831667265;4725458,01630073;769010,136110644;764631,729855978;0,44324395787553;5;0;2443;
2444;27,2464285714286;14,4205659733475;2;9;3;1;1;1;14,4205659733475;27,2464285714286;4577,4;332546,19815435;404343,573054291;179537,626288943;4766332,99775677;769289,965293037;764774,461327834;0,437968923035387;5;0;2444;
2445;26,7595238095238;11,3746356922491;1;4;1;1;1;1;11,3746356922491;26,7595238095238;4495,6;331981,587915199;403339,367499522;179004,831667265;4725458,01630073;769010,136110644;764631,729855978;0,44324395787553;5;0;2445;
2446;27,3345238095238;22,354567032635;7;8;2;3;1;3;22,354567032635;27,3345238095238;4592,2;332653,131158142;404535,499746782;179638,058663848;4774035,168;769316,203607358;764821,483949882;0,437045310109704;5;0;2446;
2447;27,4904761904762;17,4489253585555;1;8;7;1;1;1;17,4489253585555;27,4904761904762;4618,4;332662,800351958;404549,442703833;179645,957661641;4774665,14818065;769297,880598786;764836,210949436;0,434597273351664;5;0;2447;
2448;27,2464285714286;14,4205659733475;2;9;3;1;1;1;14,4205659733475;27,2464285714286;4577,4;332546,19815435;404343,573054291;179537,626288943;4766332,99775677;769289,965293037;764774,461327834;0,437968923035387;5;0;2448;
2449;27,5392857142857;20,3914664137447;7;7;2;1;1;3;20,3914664137447;27,5392857142857;4626,6;332760,770916162;404722,799827071;179742,736677501;4782125,16277883;769343,869984153;764864,453045849;0,434300276926564;5;0;2449;
2450;26,9297619047619;12,3373449695141;1;5;1;1;1;2;12,3373449695141;26,9297619047619;4524,2;332103,300923545;403563,648823931;179122,533554643;4734535,34142333;768916,742975836;764766,229590297;0,441057175809875;5;0;2450;
2451;26,8202380952381;12,3353129896935;1;8;1;1;1;2;12,3353129896935;26,8202380952381;4505,8;332063,865792407;403510,760155107;179080,743505291;4731146,98591607;768872,352620338;764778,45675885;0,442638380041009;5;0;2451;
2452;27,3904761904762;16,4810934821267;3;10;2;1;1;3;16,4810934821267;27,3904761904762;4601,6;332594,844649314;404423,415465651;179586,990771574;4770235,56600366;769266,469067739;764817,455440331;0,435897623890421;5;0;2452;
2453;26,6047619047619;11,4814614897985;1;6;1;1;1;1;11,4814614897985;26,6047619047619;4469,6;331807,638431049;403015,862354863;178844,535905342;4713079,52638512;768882,999727021;764611,549464336;0,445022059761228;5;0;2453;
2454;26,947619047619;12,4751759925717;1;3;2;1;1;1;12,4751759925717;26,947619047619;4527,2;332250,671167817;403822,867373163;179265,768;4745257,25115383;769109,603097651;764723,630424646;0,441442264276273;5;0;2454;
2455;27,2464285714286;14,4205659733475;2;9;3;1;1;1;14,4205659733475;27,2464285714286;4577,4;332546,19815435;404343,573054291;179537,626288943;4766332,99775677;769289,965293037;764774,461327834;0,437968923035387;5;0;2455;
2456;26,8202380952381;12,3353129896935;1;8;1;1;1;2;12,3353129896935;26,8202380952381;4505,8;332063,865792407;403510,760155107;179080,743505291;4731146,98591607;768872,352620338;764778,45675885;0,442638380041009;5;0;2456;
2457;26,8464285714286;15,4710686548796;1;8;1;1;4;2;15,4710686548796;26,8464285714286;4510,2;332012,188655293;403388,038111575;179034,717700442;4727678,30185106;768845,496653864;764760,139637627;0,441944940706853;5;0;2457;
2458;26,7595238095238;11,3746356922491;1;4;1;1;1;1;11,3746356922491;26,7595238095238;4495,6;331981,587915199;403339,367499522;179004,831667265;4725458,01630073;769010,136110644;764631,729855978;0,44324395787553;5;0;2458;
2459;27,1607142857143;15,4044907940511;2;7;2;1;1;3;15,4044907940511;27,1607142857143;4563;332527,988266654;404309,05495139;179518,682662007;4764861,23839839;769224,145263804;764808,236782097;0,439245982405141;5;0;2459;
2460;27,0821428571429;13,4112730464437;2;2;1;1;1;2;13,4112730464437;27,0821428571429;4549,8;332339,398282914;403980,375637602;179344,08372108;4751426,20315448;769149,896040283;764749,279361703;0,439653657110331;5;0;2460;
2461;26,9297619047619;12,3373449695141;1;5;1;1;1;2;12,3373449695141;26,9297619047619;4524,2;332103,300923545;403563,648823931;179122,533554643;4734535,34142333;768916,742975836;764766,229590297;0,441057175809875;5;0;2461;
2462;27,2119047619047;13,4465016627455;1;4;3;1;1;1;13,4465016627455;27,2119047619047;4571,6;332427,091756605;404146,437128666;179418,942737765;4757435,77648499;769184,447088749;764780,096412899;0,437944470557273;5;0;2462;
2463;27,0321428571429;16,4681235709778;6;4;1;1;1;1;16,4681235709778;27,0321428571429;4541,4;332258,589987179;403832,082525888;179266,896;4745514,816;769294,916298682;764603,802326859;0,440086958203779;5;0;2463;
2464;27,2119047619047;13,4465016627455;1;10;3;1;1;1;13,4465016627455;27,2119047619047;4571,6;332427,091756605;404146,437128666;179418,942737765;4757435,77648499;769184,447088749;764780,096412899;0,437944470557273;5;0;2464;
2465;27,1166666666667;16,3792106404208;1;10;2;1;1;5;16,3792106404208;27,1166666666667;4555,6;332398,923785099;404093,980187511;179396,616;4755504,41912345;769046,091695462;764856,603621273;0,439356735020726;5;0;2465;
2466;27,5392857142857;20,3914664137447;7;9;2;1;1;3;20,3914664137447;27,5392857142857;4626,6;332760,770916162;404722,799827071;179742,736677501;4782125,16277883;769343,869984153;764864,453045849;0,434300276926564;5;0;2466;
2467;27,0785714285714;13,4385446762543;1;4;2;1;1;2;13,4385446762543;27,0785714285714;4549,2;332325,892490565;403946,557268135;179326,609006803;4750089,51083307;769089,253373568;764780,210920087;0,439615676572612;5;0;2467;
2468;26,7595238095238;11,3746356922491;1;4;1;1;1;1;11,3746356922491;26,7595238095238;4495,6;331981,587915199;403339,367499522;179004,831667265;4725458,01630073;769010,136110644;764631,729855978;0,44324395787553;5;0;2468;
2469;27,4904761904762;17,4489253585555;1;8;7;1;1;1;17,4489253585555;27,4904761904762;4618,4;332662,800351958;404549,442703833;179645,957661641;4774665,14818065;769297,880598786;764836,210949436;0,434597273351664;5;0;2469;
2470;27,2464285714286;14,4205659733475;2;9;3;1;1;1;14,4205659733475;27,2464285714286;4577,4;332546,19815435;404343,573054291;179537,626288943;4766332,99775677;769289,965293037;764774,461327834;0,437968923035387;5;0;2470;
2471;26,9297619047619;12,3373449695141;1;5;1;1;1;2;12,3373449695141;26,9297619047619;4524,2;332103,300923545;403563,648823931;179122,533554643;4734535,34142333;768916,742975836;764766,229590297;0,441057175809875;5;0;2471;
2472;27,3083333333333;18,4612029507182;2;6;4;4;1;1;18,4612029507182;27,3083333333333;4587,8;332642,414775661;404513,756931886;179624,472;4772994,912;769289,918543937;764831,19373874;0,437411608668424;5;0;2472;
2473;26,7595238095238;11,3746356922491;1;4;1;1;1;1;11,3746356922491;26,7595238095238;4495,6;331981,587915199;403339,367499522;179004,831667265;4725458,01630073;769010,136110644;764631,729855978;0,44324395787553;5;0;2473;
2474;27,3523809523809;18,3914056225879;2;6;3;1;1;5;18,3914056225879;27,3523809523809;4595,2;332613,111793168;404466,836388147;179601,463083403;4771080,65138034;769268,361589513;764828,633704901;0,43656161753323;5;0;2474;
2475;27,3726190476191;15,3573960985271;1;10;3;1;1;3;15,3573960985271;27,3726190476191;4598,6;332586;404420,681336414;179575,968;4769180,64;769209,971581256;764853,240591371;0,436140556279768;5;0;2475;
2476;27,4821428571428;17,3734111850664;2;6;3;1;1;4;17,3734111850664;27,4821428571428;4617;332714,889889657;404648,796618085;179696,627045487;4778538,25183734;769254,567164409;764900,300196909;0,43497572427658;5;0;2476;
2477;27,3857142857143;38,3338198646906;9;7;8;7;3;5;38,3338198646906;27,3857142857143;4600,8;332690,582102655;404603,547628594;179672,976;4776722,496;769295,653727774;764855,916656896;0,436398497387182;5;0;2477;
2478;27,3785714285714;18,4028849404657;3;7;4;1;1;3;18,4028849404657;27,3785714285714;4599,6;332705,039823165;404622,998169718;179685,204832458;4777725,57718828;769285,339201349;764869,686846706;0,436570219961232;5;0;2478;
2479;27,2464285714286;14,4205659733475;2;9;3;1;1;1;14,4205659733475;27,2464285714286;4577,4;332546,19815435;404343,573054291;179537,626288943;4766332,99775677;769289,965293037;764774,461327834;0,437968923035387;5;0;2479;
2480;27,2535714285714;23,341421841174;7;8;5;1;1;3;23,341421841174;27,2535714285714;4578,6;332596,390136044;404432,225862771;179589,504;4770380,69477628;769291,786246695;764804,288274325;0,438095951288118;5;0;2480;
2481;26,9976190476191;13,4774057147817;2;2;2;1;1;1;13,4774057147817;26,9976190476191;4535,6;332253,594630122;403834,959935817;179262,087526376;4745237,83092698;769165,166633788;764690,065857741;0,44062992324572;5;0;2481;
2482;27,3904761904762;16,4810934821267;3;9;2;1;1;3;16,4810934821267;27,3904761904762;4601,6;332594,844649314;404423,415465651;179586,990771574;4770235,56600366;769266,469067739;764817,455440331;0,435897623890421;5;0;2482;
2483;27,1357142857143;16,4380024952815;2;6;2;1;1;4;16,4380024952815;27,1357142857143;4558,8;332442,601260757;404167,062710092;179436,362519081;4758622,26023567;769165,642139698;764798,840447589;0,439253447756913;5;0;2483;
2484;27,2714285714286;18,4186167611757;2;8;7;1;1;1;18,4186167611757;27,2714285714286;4581,6;332612,534540917;404461,718210532;179606,424;4771632,55395135;769270,252771161;764827,302972327;0,43789084645946;5;0;2484;
2485;27,4904761904762;17,4489253585555;1;5;7;1;1;1;17,4489253585555;27,4904761904762;4618,4;332662,800351958;404549,442703833;179645,957661641;4774665,14818065;769297,880598786;764836,210949436;0,434597273351664;5;0;2485;
2486;27,1630952380952;18,3219338307717;3;9;3;1;4;1;18,3219338307717;27,1630952380952;4563,4;332533,784718658;404321,795155497;179522,406789083;4764977,74963507;769291,452589772;764767,670414714;0,439221353234283;5;0;2486;
2487;27,1214285714286;13,4397330686006;2;6;2;1;1;1;13,4397330686006;27,1214285714286;4556,4;332374,194078095;404040,849706796;179376,214773394;4753914,48864252;769237,424130631;764710,32115833;0,439169024465394;5;0;2487;
2488;26,8202380952381;12,3353129896935;1;8;1;1;1;2;12,3353129896935;26,8202380952381;4505,8;332063,865792407;403510,760155107;179080,743505291;4731146,98591607;768872,352620338;764778,45675885;0,442638380041009;5;0;2488;
2489;27,3964285714286;18,4650924236553;2;6;3;2;1;4;18,4650924236553;27,3964285714286;4602,6;332666,729853632;404545,5627582;179653,403765377;4775244,61812842;769268,819146359;764858,133814169;0,436136490021907;5;0;2489;
2490;27,1130952380952;13,4260354856557;2;5;1;1;1;2;13,4260354856557;27,1130952380952;4555;332349,437216087;403996,148593697;179355,506163889;4752330,11088086;769154,292059947;764749,712671695;0,43920059340173;5;0;2490;
2491;27,4904761904762;17,4489253585555;1;7;7;1;1;1;17,4489253585555;27,4904761904762;4618,4;332662,800351958;404549,442703833;179645,957661641;4774665,14818065;769297,880598786;764836,210949436;0,434597273351664;5;0;2491;
2492;26,7595238095238;11,3746356922491;1;4;1;1;1;1;11,3746356922491;26,7595238095238;4495,6;331981,587915199;403339,367499522;179004,831667265;4725458,01630073;769010,136110644;764631,729855978;0,44324395787553;5;0;2492;
2493;26,7595238095238;11,3746356922491;1;4;1;1;1;1;11,3746356922491;26,7595238095238;4495,6;331981,587915199;403339,367499522;179004,831667265;4725458,01630073;769010,136110644;764631,729855978;0,44324395787553;5;0;2493;
2494;26,9845238095238;12,4357073477328;1;4;2;1;1;1;12,4357073477328;26,9845238095238;4533,4;332224,661333306;403770,56603375;179233,912444391;4743050,4478034;769102,487012864;764712,675311561;0,44069363069733;5;0;2494;
2495;27,0678571428571;13,188081481136;1;2;2;1;1;2;13,188081481136;27,0678571428571;4547,4;332316,455690594;403946,05186353;179316,230392769;4749371,46426076;769089,267198445;764777,949632207;0,439751429021949;5;0;2495;
2496;27,5392857142857;20,3914664137447;7;10;2;1;1;3;20,3914664137447;27,5392857142857;4626,6;332760,770916162;404722,799827071;179742,736677501;4782125,16277883;769343,869984153;764864,453045849;0,434300276926564;5;0;2496;
2497;26,7595238095238;11,3746356922491;1;4;1;1;1;1;11,3746356922491;26,7595238095238;4495,6;331981,587915199;403339,367499522;179004,831667265;4725458,01630073;769010,136110644;764631,729855978;0,44324395787553;5;0;2497;
2498;26,8202380952381;12,3353129896935;1;6;1;1;1;2;12,3353129896935;26,8202380952381;4505,8;332063,865792407;403510,760155107;179080,743505291;4731146,98591607;768872,352620338;764778,45675885;0,442638380041009;5;0;2498;
2499;26,7595238095238;11,3746356922491;1;4;1;1;1;1;11,3746356922491;26,7595238095238;4495,6;331981,587915199;403339,367499522;179004,831667265;4725458,01630073;769010,136110644;764631,729855978;0,44324395787553;5;0;2499;

OptId;149
Parameters;max_TH;min_WIP;Buffer5_Capacity;Buffer6_Capacity;Buffer3_Capacity;Buffer1_Capacity;Buffer2_Capacity;Buffer4_Capacity;WIP;Sink1_Throughput;Sink1_NumberofEntries;HanteringCell_TotalEnergyConsumption;Qualitystation_TotalEnergyConsumption;Loading_TotalEnergyConsumption;Wasching_TotalEnergyConsumption;Operation1_TotalEnergyConsumption;Operation2_TotalEnergyConsumption;SEC;Replications;ConstraintViolation;Iteration
TextOutputs
OptimizationGoals;0;Maximize;1;Minimize