gen,ind,buffer1_cap,buffer2_cap,buffer3_cap,wip,throughput
0,0,6,8,8,11.612896825396826,86.76785714285714
0,1,3,10,2,7.900396825396825,85.81666666666666
0,2,1,9,8,6.471031746031746,85.56309523809524
0,3,5,10,4,10.039285714285715,86.71309523809524
0,4,3,9,6,8.436507936507937,86.4952380952381
0,5,1,9,1,5.384126984126984,85.53690476190476
0,6,3,1,2,7.497023809523809,85.41309523809524
0,7,8,5,10,13.550992063492064,86.61547619047619
0,8,1,2,3,5.7652777777777775,84.89166666666667
0,9,1,3,10,6.418055555555556,85.38809523809523
0,10,3,4,6,8.57857142857143,86.19285714285715
0,11,1,6,10,6.453571428571429,85.40238095238095
0,12,5,6,8,10.891865079365079,86.60119047619048
0,13,9,10,3,14.064484126984127,86.7095238095238
0,14,4,10,2,8.891666666666667,86.44166666666666
0,15,3,10,10,8.91984126984127,85.88333333333334
0,16,4,6,6,9.209722222222222,86.11190476190477
0,17,5,6,5,10.291269841269841,86.34880952380952
0,18,7,8,6,12.620436507936507,86.55952380952381
0,19,3,4,1,7.470039682539682,85.29880952380952
0,20,4,3,2,8.643650793650794,85.85952380952381
0,21,6,9,7,11.74920634920635,86.55714285714286
0,22,9,7,7,14.633333333333333,86.65476190476191
0,23,1,1,6,5.989880952380952,84.77738095238095
0,24,10,7,7,15.554365079365079,86.60119047619047
0,25,6,6,9,11.862698412698412,86.52619047619048
0,26,5,4,2,9.545238095238096,85.87738095238095
0,27,9,6,7,14.548809523809524,86.55714285714286
0,28,5,3,6,10.479166666666666,86.3404761904762
0,29,5,2,6,10.371825396825397,86.07142857142857
0,30,6,2,1,10.326785714285714,85.66666666666667
0,31,9,8,6,14.275992063492064,86.52619047619048
0,32,6,5,10,11.324007936507936,86.3404761904762
0,33,7,9,5,12.208333333333334,86.42142857142858
0,34,9,6,1,13.420238095238096,86.45357142857142
0,35,7,4,10,12.540873015873016,86.39761904761905
0,36,9,4,7,14.477976190476191,86.51309523809523
0,37,6,1,8,11.448015873015873,86.0547619047619
0,38,8,1,4,12.888095238095238,85.86547619047619
0,39,10,8,6,15.33968253968254,86.29642857142856
0,40,10,3,7,15.380753968253968,86.30119047619047
0,41,10,2,8,15.44484126984127,86.4297619047619
0,42,8,2,4,13.024007936507937,86.05357142857143
0,43,9,8,5,14.083531746031746,86.2702380952381
0,44,9,4,10,14.487301587301587,86.16547619047618
0,45,9,3,1,13.268849206349206,85.94166666666666
0,46,10,4,9,15.35218253968254,86.28571428571429
0,47,10,1,10,15.368849206349207,86.01309523809523
1,0,6,8,8,11.612896825396826,86.76785714285714
1,1,5,10,4,10.039285714285715,86.71309523809524
1,2,3,9,6,8.436507936507937,86.4952380952381
1,3,1,9,1,5.384126984126984,85.53690476190476
1,4,2,9,6,7.520436507936508,86.05238095238096
1,5,4,9,3,9.120436507936509,86.59761904761905
1,6,1,8,1,5.4430555555555555,85.57619047619048
1,7,5,6,4,9.951984126984128,86.62619047619047
1,8,3,10,2,7.900396825396825,85.81666666666666
1,9,1,9,8,6.471031746031746,85.56309523809524
1,10,8,5,10,13.550992063492064,86.61547619047619
1,11,3,4,6,8.57857142857143,86.19285714285715
1,12,1,6,10,6.453571428571429,85.40238095238095
1,13,5,6,8,10.891865079365079,86.60119047619048
1,14,9,10,3,14.064484126984127,86.7095238095238
1,15,4,10,2,8.891666666666667,86.44166666666666
1,16,3,6,5,8.37281746031746,85.90714285714286
1,17,1,2,2,5.571230158730159,85.27857142857142
1,18,1,8,3,5.858730158730159,85.34404761904761
1,19,5,9,3,9.88452380952381,86.55595238095238
1,20,1,1,9,6.183531746031746,85.38809523809523
1,21,3,3,1,7.291865079365079,85.56547619047619
1,22,3,1,2,7.497023809523809,85.41309523809524
1,23,1,2,3,5.7652777777777775,84.89166666666667
1,24,1,3,10,6.418055555555556,85.38809523809523
1,25,4,6,6,9.209722222222222,86.11190476190477
1,26,7,8,6,12.620436507936507,86.55952380952381
1,27,6,9,7,11.74920634920635,86.55714285714286
1,28,6,8,9,11.58095238095238,86.55
1,29,3,5,2,7.693452380952381,85.47619047619048
1,30,9,5,5,14.324603174603174,86.66785714285714
1,31,6,9,7,11.74920634920635,86.55714285714286
1,32,1,1,3,5.7843253968253965,84.92023809523809
1,33,6,5,8,11.338888888888889,86.48928571428571
1,34,5,3,9,10.194444444444445,86.46071428571429
1,35,5,9,8,10.239087301587302,86.48214285714286
1,36,9,7,1,13.543452380952381,86.59761904761905
1,37,3,1,6,8.24563492063492,85.68928571428572
1,38,4,10,1,8.5875,85.89285714285714
1,39,3,1,6,8.24563492063492,85.68928571428572
1,40,9,8,7,14.482738095238096,86.6952380952381
1,41,1,1,7,6.40734126984127,85.04285714285714
1,42,1,1,6,5.989880952380952,84.77738095238095
1,43,9,7,7,14.633333333333333,86.65476190476191
1,44,2,4,2,6.680357142857143,85.36190476190475
1,45,4,4,1,8.454166666666667,85.51666666666667
1,46,6,6,9,11.862698412698412,86.52619047619048
1,47,5,1,6,10.236309523809524,85.94047619047619
1,48,5,6,5,10.291269841269841,86.34880952380952
1,49,9,5,6,14.356746031746033,86.53690476190476
2,0,6,8,8,11.612896825396826,86.76785714285714
2,1,5,10,4,10.039285714285715,86.71309523809524
2,2,3,9,6,8.436507936507937,86.4952380952381
2,3,1,9,1,5.384126984126984,85.53690476190476
2,4,2,9,6,7.520436507936508,86.05238095238096
2,5,4,9,3,9.120436507936509,86.59761904761905
2,6,1,8,1,5.4430555555555555,85.57619047619048
2,7,5,6,4,9.951984126984128,86.62619047619047
2,8,4,9,3,9.120436507936509,86.59761904761905
2,9,3,9,6,8.436507936507937,86.4952380952381
2,10,3,9,6,8.436507936507937,86.4952380952381
2,11,6,8,8,11.612896825396826,86.76785714285714
2,12,1,9,1,5.384126984126984,85.53690476190476
2,13,2,9,6,7.520436507936508,86.05238095238096
2,14,3,9,3,8.021031746031746,86.38333333333334
2,15,1,10,2,5.804563492063492,85.64642857142857
2,16,3,8,2,7.637103174603174,86.26666666666667
2,17,8,5,10,13.550992063492064,86.61547619047619
2,18,5,6,8,10.891865079365079,86.60119047619048
2,19,9,10,3,14.064484126984127,86.7095238095238
2,20,4,10,2,8.891666666666667,86.44166666666666
2,21,1,2,2,5.571230158730159,85.27857142857142
2,22,5,9,3,9.88452380952381,86.55595238095238
2,23,1,1,2,5.487301587301587,84.83690476190476
2,24,4,9,1,8.572619047619048,86.24285714285715
2,25,1,7,7,6.352777777777778,85.59166666666667
2,26,8,5,9,13.742460317460317,86.63214285714285
2,27,1,8,6,6.308928571428571,85.45476190476191
2,28,1,1,2,5.487301587301587,84.83690476190476
2,29,3,10,1,7.750595238095238,86.0297619047619
2,30,1,2,4,5.834920634920635,85.40595238095239
2,31,4,9,1,8.572619047619048,86.24285714285715
2,32,3,6,2,7.821230158730159,86.15357142857142
2,33,9,7,6,14.594642857142857,86.70357142857144
2,34,1,4,3,5.732738095238095,85.16071428571429
2,35,3,10,2,7.900396825396825,85.81666666666666
2,36,3,4,6,8.57857142857143,86.19285714285715
2,37,4,6,8,9.308531746031747,86.36547619047619
2,38,9,7,1,13.543452380952381,86.59761904761905
2,39,3,6,5,8.37281746031746,85.90714285714286
2,40,7,8,6,12.620436507936507,86.55952380952381
2,41,1,8,3,5.858730158730159,85.34404761904761
2,42,6,5,8,11.338888888888889,86.48928571428571
2,43,4,5,6,9.239484126984127,86.20119047619048
2,44,5,3,9,10.194444444444445,86.46071428571429
2,45,1,7,8,6.637301587301588,85.575
2,46,9,5,5,14.324603174603174,86.66785714285714
2,47,1,7,8,6.637301587301588,85.575
2,48,5,9,8,10.239087301587302,86.48214285714286
2,49,1,3,7,6.3410714285714285,85.43214285714285
3,0,6,8,8,11.612896825396826,86.76785714285714
3,1,5,10,4,10.039285714285715,86.71309523809524
3,2,3,9,6,8.436507936507937,86.4952380952381
3,3,1,9,1,5.384126984126984,85.53690476190476
3,4,2,9,6,7.520436507936508,86.05238095238096
3,5,4,9,3,9.120436507936509,86.59761904761905
3,6,1,8,1,5.4430555555555555,85.57619047619048
3,7,5,6,4,9.951984126984128,86.62619047619047
3,8,4,9,3,9.120436507936509,86.59761904761905
3,9,3,9,6,8.436507936507937,86.4952380952381
3,10,3,9,6,8.436507936507937,86.4952380952381
3,11,6,8,8,11.612896825396826,86.76785714285714
3,12,1,9,1,5.384126984126984,85.53690476190476
3,13,2,9,6,7.520436507936508,86.05238095238096
3,14,3,9,3,8.021031746031746,86.38333333333334
3,15,3,8,2,7.637103174603174,86.26666666666667
3,16,2,8,2,6.835119047619048,85.91666666666667
3,17,1,9,1,5.384126984126984,85.53690476190476
3,18,5,6,4,9.951984126984128,86.62619047619047
3,19,1,9,2,5.7821428571428575,85.79761904761905
3,20,4,9,3,9.120436507936509,86.59761904761905
3,21,6,8,8,11.612896825396826,86.76785714285714
3,22,1,8,5,6.232738095238095,85.88333333333334
3,23,3,9,2,7.675992063492064,86.31309523809524
3,24,1,9,1,5.384126984126984,85.53690476190476
3,25,1,1,1,5.200198412698413,84.49761904761905
3,26,1,10,2,5.804563492063492,85.64642857142857
3,27,9,10,3,14.064484126984127,86.7095238095238
3,28,4,10,2,8.891666666666667,86.44166666666666
3,29,1,2,2,5.571230158730159,85.27857142857142
3,30,5,9,3,9.88452380952381,86.55595238095238
3,31,1,1,2,5.487301587301587,84.83690476190476
3,32,1,1,2,5.487301587301587,84.83690476190476
3,33,3,6,2,7.821230158730159,86.15357142857142
3,34,5,9,3,9.88452380952381,86.55595238095238
3,35,1,1,2,5.487301587301587,84.83690476190476
3,36,5,9,6,10.293055555555556,86.63333333333334
3,37,1,1,2,5.487301587301587,84.83690476190476
3,38,1,10,2,5.804563492063492,85.64642857142857
3,39,3,9,1,7.649007936507936,86.14404761904761
3,40,3,4,2,7.641865079365079,85.79404761904762
3,41,1,2,2,5.571230158730159,85.27857142857142
3,42,3,6,2,7.821230158730159,86.15357142857142
3,43,5,9,3,9.88452380952381,86.55595238095238
3,44,1,10,2,5.804563492063492,85.64642857142857
3,45,3,9,4,8.294444444444444,86.31190476190476
3,46,4,10,2,8.891666666666667,86.44166666666666
3,47,9,7,6,14.594642857142857,86.70357142857144
3,48,1,6,2,5.656547619047619,85.2702380952381
3,49,3,10,1,7.750595238095238,86.0297619047619
4,0,6,8,8,11.612896825396826,86.76785714285714
4,1,5,10,4,10.039285714285715,86.71309523809524
4,2,3,9,6,8.436507936507937,86.4952380952381
4,3,1,9,1,5.384126984126984,85.53690476190476
4,4,2,9,6,7.520436507936508,86.05238095238096
4,5,4,9,3,9.120436507936509,86.59761904761905
4,6,5,6,4,9.951984126984128,86.62619047619047
4,7,4,9,3,9.120436507936509,86.59761904761905
4,8,3,9,6,8.436507936507937,86.4952380952381
4,9,3,9,6,8.436507936507937,86.4952380952381
4,10,6,8,8,11.612896825396826,86.76785714285714
4,11,1,9,1,5.384126984126984,85.53690476190476
4,12,2,9,6,7.520436507936508,86.05238095238096
4,13,3,9,3,8.021031746031746,86.38333333333334
4,14,3,8,2,7.637103174603174,86.26666666666667
4,15,1,9,1,5.384126984126984,85.53690476190476
4,16,5,6,4,9.951984126984128,86.62619047619047
4,17,1,9,2,5.7821428571428575,85.79761904761905
4,18,4,9,3,9.120436507936509,86.59761904761905
4,19,6,8,8,11.612896825396826,86.76785714285714
4,20,3,9,2,7.675992063492064,86.31309523809524
4,21,1,9,1,5.384126984126984,85.53690476190476
4,22,1,1,1,5.200198412698413,84.49761904761905
4,23,1,9,2,5.7821428571428575,85.79761904761905
4,24,1,10,1,5.422420634920635,85.57738095238095
4,25,3,9,3,8.021031746031746,86.38333333333334
4,26,1,1,1,5.200198412698413,84.49761904761905
4,27,1,9,1,5.384126984126984,85.53690476190476
4,28,1,8,8,6.232142857142857,85.96666666666667
4,29,1,9,1,5.384126984126984,85.53690476190476
4,30,3,9,6,8.436507936507937,86.4952380952381
4,31,2,9,6,7.520436507936508,86.05238095238096
4,32,1,9,2,5.7821428571428575,85.79761904761905
4,33,1,1,1,5.200198412698413,84.49761904761905
4,34,3,9,2,7.675992063492064,86.31309523809524
4,35,1,9,2,5.7821428571428575,85.79761904761905
4,36,9,10,3,14.064484126984127,86.7095238095238
4,37,1,8,1,5.4430555555555555,85.57619047619048
4,38,9,10,3,14.064484126984127,86.7095238095238
4,39,6,8,1,10.735515873015872,86.67619047619047
4,40,2,8,2,6.835119047619048,85.91666666666667
4,41,1,8,5,6.232738095238095,85.88333333333334
4,42,1,10,2,5.804563492063492,85.64642857142857
4,43,3,9,4,8.294444444444444,86.31190476190476
4,44,3,9,1,7.649007936507936,86.14404761904761
4,45,4,10,2,8.891666666666667,86.44166666666666
4,46,3,4,4,8.024603174603175,86.1595238095238
4,47,4,9,2,8.774603174603175,86.33690476190476
4,48,5,9,3,9.88452380952381,86.55595238095238
4,49,5,9,3,9.88452380952381,86.55595238095238
5,0,6,8,8,11.612896825396826,86.76785714285714
5,1,5,10,4,10.039285714285715,86.71309523809524
5,2,3,9,6,8.436507936507937,86.4952380952381
5,3,1,9,1,5.384126984126984,85.53690476190476
5,4,4,9,3,9.120436507936509,86.59761904761905
5,5,5,6,4,9.951984126984128,86.62619047619047
5,6,4,9,3,9.120436507936509,86.59761904761905
5,7,3,9,6,8.436507936507937,86.4952380952381
5,8,3,9,6,8.436507936507937,86.4952380952381
5,9,6,8,8,11.612896825396826,86.76785714285714
5,10,1,9,1,5.384126984126984,85.53690476190476
5,11,3,9,3,8.021031746031746,86.38333333333334
5,12,3,8,2,7.637103174603174,86.26666666666667
5,13,1,9,1,5.384126984126984,85.53690476190476
5,14,5,6,4,9.951984126984128,86.62619047619047
5,15,1,9,2,5.7821428571428575,85.79761904761905
5,16,4,9,3,9.120436507936509,86.59761904761905
5,17,6,8,8,11.612896825396826,86.76785714285714
5,18,3,9,2,7.675992063492064,86.31309523809524
5,19,1,9,1,5.384126984126984,85.53690476190476
5,20,1,1,1,5.200198412698413,84.49761904761905
5,21,1,9,2,5.7821428571428575,85.79761904761905
5,22,1,10,1,5.422420634920635,85.57738095238095
5,23,3,9,3,8.021031746031746,86.38333333333334
5,24,1,1,1,5.200198412698413,84.49761904761905
5,25,1,9,1,5.384126984126984,85.53690476190476
5,26,1,9,1,5.384126984126984,85.53690476190476
5,27,3,9,6,8.436507936507937,86.4952380952381
5,28,1,9,2,5.7821428571428575,85.79761904761905
5,29,1,1,1,5.200198412698413,84.49761904761905
5,30,3,9,2,7.675992063492064,86.31309523809524
5,31,1,9,2,5.7821428571428575,85.79761904761905
5,32,1,9,2,5.7821428571428575,85.79761904761905
5,33,3,8,1,7.571230158730159,86.25952380952381
5,34,1,9,2,5.7821428571428575,85.79761904761905
5,35,2,8,6,7.109325396825397,86.08928571428571
5,36,1,9,1,5.384126984126984,85.53690476190476
5,37,3,9,3,8.021031746031746,86.38333333333334
5,38,3,9,3,8.021031746031746,86.38333333333334
5,39,1,1,1,5.200198412698413,84.49761904761905
5,40,1,9,2,5.7821428571428575,85.79761904761905
5,41,1,9,2,5.7821428571428575,85.79761904761905
5,42,1,1,1,5.200198412698413,84.49761904761905
5,43,1,9,1,5.384126984126984,85.53690476190476
5,44,1,9,3,6.082936507936508,86.06547619047619
5,45,4,9,3,9.120436507936509,86.59761904761905
5,46,3,9,2,7.675992063492064,86.31309523809524
5,47,3,9,2,7.675992063492064,86.31309523809524
5,48,1,1,1,5.200198412698413,84.49761904761905
5,49,1,8,1,5.4430555555555555,85.57619047619048
6,0,1,1,1,5.200198412698413,84.49761904761905
6,1,6,8,8,11.612896825396826,86.76785714285714
6,2,6,8,8,11.612896825396826,86.76785714285714
6,3,1,1,1,5.200198412698413,84.49761904761905
6,4,1,9,1,5.384126984126984,85.53690476190476
6,5,5,10,4,10.039285714285715,86.71309523809524
6,6,1,9,3,6.082936507936508,86.06547619047619
6,7,2,8,6,7.109325396825397,86.08928571428571
6,8,1,10,1,5.422420634920635,85.57738095238095
6,9,4,9,3,9.120436507936509,86.59761904761905
6,10,1,9,2,5.7821428571428575,85.79761904761905
6,11,5,6,4,9.951984126984128,86.62619047619047
6,12,3,8,1,7.571230158730159,86.25952380952381
6,13,3,9,6,8.436507936507937,86.4952380952381
6,14,1,9,2,5.7821428571428575,85.79761904761905
6,15,4,9,3,9.120436507936509,86.59761904761905
6,16,3,9,6,8.436507936507937,86.4952380952381
6,17,3,9,3,8.021031746031746,86.38333333333334
6,18,3,9,3,8.021031746031746,86.38333333333334
6,19,2,8,6,7.109325396825397,86.08928571428571
6,20,3,9,2,7.675992063492064,86.31309523809524
6,21,1,9,3,6.082936507936508,86.06547619047619
6,22,1,9,1,5.384126984126984,85.53690476190476
6,23,3,9,2,7.675992063492064,86.31309523809524
6,24,3,8,2,7.637103174603174,86.26666666666667
6,25,5,6,4,9.951984126984128,86.62619047619047
6,26,3,8,2,7.637103174603174,86.26666666666667
6,27,3,9,6,8.436507936507937,86.4952380952381
6,28,1,9,2,5.7821428571428575,85.79761904761905
6,29,1,9,1,5.384126984126984,85.53690476190476
6,30,1,9,1,5.384126984126984,85.53690476190476
6,31,1,9,1,5.384126984126984,85.53690476190476
6,32,1,9,2,5.7821428571428575,85.79761904761905
6,33,1,9,2,5.7821428571428575,85.79761904761905
6,34,1,9,2,5.7821428571428575,85.79761904761905
6,35,1,9,1,5.384126984126984,85.53690476190476
6,36,4,9,3,9.120436507936509,86.59761904761905
6,37,3,9,3,8.021031746031746,86.38333333333334
6,38,3,8,2,7.637103174603174,86.26666666666667
6,39,1,9,2,5.7821428571428575,85.79761904761905
6,40,1,9,1,5.384126984126984,85.53690476190476
6,41,1,1,1,5.200198412698413,84.49761904761905
6,42,2,8,6,7.109325396825397,86.08928571428571
6,43,1,1,1,5.200198412698413,84.49761904761905
6,44,3,9,6,8.436507936507937,86.4952380952381
6,45,1,9,2,5.7821428571428575,85.79761904761905
6,46,6,8,8,11.612896825396826,86.76785714285714
6,47,1,9,2,5.7821428571428575,85.79761904761905
6,48,1,9,1,5.384126984126984,85.53690476190476
6,49,1,1,1,5.200198412698413,84.49761904761905
7,0,6,8,8,11.612896825396826,86.76785714285714
7,1,1,1,1,5.200198412698413,84.49761904761905
7,2,6,8,8,11.612896825396826,86.76785714285714
7,3,1,1,1,5.200198412698413,84.49761904761905
7,4,1,9,1,5.384126984126984,85.53690476190476
7,5,5,10,4,10.039285714285715,86.71309523809524
7,6,1,9,3,6.082936507936508,86.06547619047619
7,7,2,8,6,7.109325396825397,86.08928571428571
7,8,4,9,3,9.120436507936509,86.59761904761905
7,9,1,9,2,5.7821428571428575,85.79761904761905
7,10,5,6,4,9.951984126984128,86.62619047619047
7,11,3,9,6,8.436507936507937,86.4952380952381
7,12,1,9,2,5.7821428571428575,85.79761904761905
7,13,4,9,3,9.120436507936509,86.59761904761905
7,14,3,9,6,8.436507936507937,86.4952380952381
7,15,3,9,3,8.021031746031746,86.38333333333334
7,16,1,10,1,5.422420634920635,85.57738095238095
7,17,3,9,3,8.021031746031746,86.38333333333334
7,18,3,8,1,7.571230158730159,86.25952380952381
7,19,2,8,6,7.109325396825397,86.08928571428571
7,20,3,8,1,7.571230158730159,86.25952380952381
7,21,3,9,2,7.675992063492064,86.31309523809524
7,22,1,10,1,5.422420634920635,85.57738095238095
7,23,1,9,3,6.082936507936508,86.06547619047619
7,24,1,9,1,5.384126984126984,85.53690476190476
7,25,5,10,4,10.039285714285715,86.71309523809524
7,26,3,9,2,7.675992063492064,86.31309523809524
7,27,3,8,2,7.637103174603174,86.26666666666667
7,28,5,6,4,9.951984126984128,86.62619047619047
7,29,3,8,2,7.637103174603174,86.26666666666667
7,30,1,9,2,5.7821428571428575,85.79761904761905
7,31,1,1,1,5.200198412698413,84.49761904761905
7,32,3,9,6,8.436507936507937,86.4952380952381
7,33,1,9,1,5.384126984126984,85.53690476190476
7,34,1,9,2,5.7821428571428575,85.79761904761905
7,35,1,9,3,6.082936507936508,86.06547619047619
7,36,2,8,6,7.109325396825397,86.08928571428571
7,37,6,8,8,11.612896825396826,86.76785714285714
7,38,1,9,2,5.7821428571428575,85.79761904761905
7,39,3,9,6,8.436507936507937,86.4952380952381
7,40,1,1,1,5.200198412698413,84.49761904761905
7,41,1,9,1,5.384126984126984,85.53690476190476
7,42,3,9,2,7.675992063492064,86.31309523809524
7,43,1,9,2,5.7821428571428575,85.79761904761905
7,44,1,9,3,6.082936507936508,86.06547619047619
7,45,5,6,4,9.951984126984128,86.62619047619047
7,46,3,9,6,8.436507936507937,86.4952380952381
7,47,1,9,1,5.384126984126984,85.53690476190476
7,48,1,9,2,5.7821428571428575,85.79761904761905
7,49,6,8,8,11.612896825396826,86.76785714285714
8,0,6,8,8,11.612896825396826,86.76785714285714
8,1,6,8,8,11.612896825396826,86.76785714285714
8,2,1,1,1,5.200198412698413,84.49761904761905
8,3,1,1,1,5.200198412698413,84.49761904761905
8,4,1,9,1,5.384126984126984,85.53690476190476
8,5,5,10,4,10.039285714285715,86.71309523809524
8,6,1,9,3,6.082936507936508,86.06547619047619
8,7,2,8,6,7.109325396825397,86.08928571428571
8,8,4,9,3,9.120436507936509,86.59761904761905
8,9,1,9,2,5.7821428571428575,85.79761904761905
8,10,5,6,4,9.951984126984128,86.62619047619047
8,11,3,9,6,8.436507936507937,86.4952380952381
8,12,1,9,2,5.7821428571428575,85.79761904761905
8,13,4,9,3,9.120436507936509,86.59761904761905
8,14,3,9,6,8.436507936507937,86.4952380952381
8,15,3,9,3,8.021031746031746,86.38333333333334
8,16,1,10,1,5.422420634920635,85.57738095238095
8,17,3,9,3,8.021031746031746,86.38333333333334
8,18,3,8,1,7.571230158730159,86.25952380952381
8,19,2,8,6,7.109325396825397,86.08928571428571
8,20,3,8,1,7.571230158730159,86.25952380952381
8,21,3,9,2,7.675992063492064,86.31309523809524
8,22,1,10,1,5.422420634920635,85.57738095238095
8,23,1,9,3,6.082936507936508,86.06547619047619
8,24,1,9,1,5.384126984126984,85.53690476190476
8,25,5,10,4,10.039285714285715,86.71309523809524
8,26,3,9,2,7.675992063492064,86.31309523809524
8,27,3,8,2,7.637103174603174,86.26666666666667
8,28,5,6,4,9.951984126984128,86.62619047619047
8,29,3,8,2,7.637103174603174,86.26666666666667
8,30,3,9,6,8.436507936507937,86.4952380952381
8,31,6,8,8,11.612896825396826,86.76785714285714
8,32,3,9,3,8.021031746031746,86.38333333333334
8,33,1,9,1,5.384126984126984,85.53690476190476
8,34,1,9,1,5.384126984126984,85.53690476190476
8,35,1,9,1,5.384126984126984,85.53690476190476
8,36,3,9,6,8.436507936507937,86.4952380952381
8,37,3,9,2,7.675992063492064,86.31309523809524
8,38,2,8,6,7.109325396825397,86.08928571428571
8,39,3,8,2,7.637103174603174,86.26666666666667
8,40,5,6,4,9.951984126984128,86.62619047619047
8,41,3,9,6,8.436507936507937,86.4952380952381
8,42,1,9,2,5.7821428571428575,85.79761904761905
8,43,3,9,2,7.675992063492064,86.31309523809524
8,44,1,9,2,5.7821428571428575,85.79761904761905
8,45,1,9,2,5.7821428571428575,85.79761904761905
8,46,1,9,3,6.082936507936508,86.06547619047619
8,47,1,9,1,5.384126984126984,85.53690476190476
8,48,1,1,1,5.200198412698413,84.49761904761905
8,49,1,9,2,5.7821428571428575,85.79761904761905
9,0,1,1,1,5.200198412698413,84.49761904761905
9,1,1,1,1,5.200198412698413,84.49761904761905
9,2,6,8,8,11.612896825396826,86.76785714285714
9,3,6,8,8,11.612896825396826,86.76785714285714
9,4,1,2,1,5.297023809523809,84.81190476190476
9,5,1,9,1,5.384126984126984,85.53690476190476
9,6,5,10,4,10.039285714285715,86.71309523809524
9,7,1,9,3,6.082936507936508,86.06547619047619
9,8,2,8,6,7.109325396825397,86.08928571428571
9,9,4,9,3,9.120436507936509,86.59761904761905
9,10,1,9,2,5.7821428571428575,85.79761904761905
9,11,5,6,4,9.951984126984128,86.62619047619047
9,12,3,9,6,8.436507936507937,86.4952380952381
9,13,1,9,2,5.7821428571428575,85.79761904761905
9,14,4,9,3,9.120436507936509,86.59761904761905
9,15,3,8,5,8.262896825396826,86.39642857142857
9,16,1,10,1,5.422420634920635,85.57738095238095
9,17,3,8,1,7.571230158730159,86.25952380952381
9,18,2,8,6,7.109325396825397,86.08928571428571
9,19,3,8,1,7.571230158730159,86.25952380952381
9,20,3,9,2,7.675992063492064,86.31309523809524
9,21,1,10,1,5.422420634920635,85.57738095238095
9,22,3,9,6,8.436507936507937,86.4952380952381
9,23,3,9,3,8.021031746031746,86.38333333333334
9,24,3,9,3,8.021031746031746,86.38333333333334
9,25,1,9,3,6.082936507936508,86.06547619047619
9,26,5,10,4,10.039285714285715,86.71309523809524
9,27,3,9,2,7.675992063492064,86.31309523809524
9,28,1,9,1,5.384126984126984,85.53690476190476
9,29,3,8,2,7.637103174603174,86.26666666666667
9,30,5,6,4,9.951984126984128,86.62619047619047
9,31,3,8,2,7.637103174603174,86.26666666666667
9,32,3,9,6,8.436507936507937,86.4952380952381
9,33,1,9,1,5.384126984126984,85.53690476190476
9,34,1,9,3,6.082936507936508,86.06547619047619
9,35,3,9,2,7.675992063492064,86.31309523809524
9,36,1,9,2,5.7821428571428575,85.79761904761905
9,37,3,8,1,7.571230158730159,86.25952380952381
9,38,1,9,2,5.7821428571428575,85.79761904761905
9,39,3,9,2,7.675992063492064,86.31309523809524
9,40,3,9,2,7.675992063492064,86.31309523809524
9,41,2,8,6,7.109325396825397,86.08928571428571
9,42,1,9,2,5.7821428571428575,85.79761904761905
9,43,1,9,1,5.384126984126984,85.53690476190476
9,44,1,1,1,5.200198412698413,84.49761904761905
9,45,1,9,1,5.384126984126984,85.53690476190476
9,46,1,9,1,5.384126984126984,85.53690476190476
9,47,3,9,3,8.021031746031746,86.38333333333334
9,48,1,9,1,5.384126984126984,85.53690476190476
9,49,1,9,2,5.7821428571428575,85.79761904761905
10,0,1,1,1,5.200198412698413,84.49761904761905
10,1,1,1,1,5.200198412698413,84.49761904761905
10,2,6,8,8,11.612896825396826,86.76785714285714
10,3,6,8,8,11.612896825396826,86.76785714285714
10,4,1,2,1,5.297023809523809,84.81190476190476
10,5,1,9,1,5.384126984126984,85.53690476190476
10,6,5,10,4,10.039285714285715,86.71309523809524
10,7,1,9,3,6.082936507936508,86.06547619047619
10,8,2,8,6,7.109325396825397,86.08928571428571
10,9,4,9,3,9.120436507936509,86.59761904761905
10,10,1,9,2,5.7821428571428575,85.79761904761905
10,11,5,6,4,9.951984126984128,86.62619047619047
10,12,3,9,6,8.436507936507937,86.4952380952381
10,13,1,9,2,5.7821428571428575,85.79761904761905
10,14,4,9,3,9.120436507936509,86.59761904761905
10,15,1,10,1,5.422420634920635,85.57738095238095
10,16,3,8,1,7.571230158730159,86.25952380952381
10,17,2,8,6,7.109325396825397,86.08928571428571
10,18,3,8,5,8.262896825396826,86.39642857142857
10,19,3,8,1,7.571230158730159,86.25952380952381
10,20,3,9,2,7.675992063492064,86.31309523809524
10,21,1,10,1,5.422420634920635,85.57738095238095
10,22,3,9,6,8.436507936507937,86.4952380952381
10,23,3,9,3,8.021031746031746,86.38333333333334
10,24,3,9,3,8.021031746031746,86.38333333333334
10,25,1,9,3,6.082936507936508,86.06547619047619
10,26,5,10,4,10.039285714285715,86.71309523809524
10,27,3,9,2,7.675992063492064,86.31309523809524
10,28,3,8,5,8.262896825396826,86.39642857142857
10,29,1,9,1,5.384126984126984,85.53690476190476
10,30,3,8,2,7.637103174603174,86.26666666666667
10,31,5,6,4,9.951984126984128,86.62619047619047
10,32,3,8,2,7.637103174603174,86.26666666666667
10,33,3,8,2,7.637103174603174,86.26666666666667
10,34,1,9,2,5.7821428571428575,85.79761904761905
10,35,1,9,1,5.384126984126984,85.53690476190476
10,36,1,9,2,5.7821428571428575,85.79761904761905
10,37,3,9,2,7.675992063492064,86.31309523809524
10,38,3,8,1,7.571230158730159,86.25952380952381
10,39,1,9,2,5.7821428571428575,85.79761904761905
10,40,3,9,2,7.675992063492064,86.31309523809524
10,41,1,9,2,5.7821428571428575,85.79761904761905
10,42,2,8,6,7.109325396825397,86.08928571428571
10,43,3,9,2,7.675992063492064,86.31309523809524
10,44,1,9,1,5.384126984126984,85.53690476190476
10,45,3,8,2,7.637103174603174,86.26666666666667
10,46,1,9,1,5.384126984126984,85.53690476190476
10,47,3,9,6,8.436507936507937,86.4952380952381
10,48,1,9,2,5.7821428571428575,85.79761904761905
10,49,1,9,2,5.7821428571428575,85.79761904761905
11,0,1,1,1,5.200198412698413,84.49761904761905
11,1,6,8,8,11.612896825396826,86.76785714285714
11,2,6,8,8,11.612896825396826,86.76785714285714
11,3,1,1,1,5.200198412698413,84.49761904761905
11,4,1,2,1,5.297023809523809,84.81190476190476
11,5,1,9,1,5.384126984126984,85.53690476190476
11,6,5,10,4,10.039285714285715,86.71309523809524
11,7,1,9,3,6.082936507936508,86.06547619047619
11,8,2,8,6,7.109325396825397,86.08928571428571
11,9,4,9,3,9.120436507936509,86.59761904761905
11,10,1,9,2,5.7821428571428575,85.79761904761905
11,11,5,6,4,9.951984126984128,86.62619047619047
11,12,3,9,6,8.436507936507937,86.4952380952381
11,13,1,9,2,5.7821428571428575,85.79761904761905
11,14,4,9,3,9.120436507936509,86.59761904761905
11,15,1,10,1,5.422420634920635,85.57738095238095
11,16,3,8,1,7.571230158730159,86.25952380952381
11,17,2,8,6,7.109325396825397,86.08928571428571
11,18,3,8,5,8.262896825396826,86.39642857142857
11,19,3,8,1,7.571230158730159,86.25952380952381
11,20,3,9,2,7.675992063492064,86.31309523809524
11,21,1,10,1,5.422420634920635,85.57738095238095
11,22,3,9,6,8.436507936507937,86.4952380952381
11,23,3,9,3,8.021031746031746,86.38333333333334
11,24,3,9,3,8.021031746031746,86.38333333333334
11,25,1,9,3,6.082936507936508,86.06547619047619
11,26,5,10,4,10.039285714285715,86.71309523809524
11,27,3,9,2,7.675992063492064,86.31309523809524
11,28,3,8,5,8.262896825396826,86.39642857142857
11,29,1,9,1,5.384126984126984,85.53690476190476
11,30,3,8,2,7.637103174603174,86.26666666666667
11,31,5,6,4,9.951984126984128,86.62619047619047
11,32,3,8,2,7.637103174603174,86.26666666666667
11,33,3,8,5,8.262896825396826,86.39642857142857
11,34,1,9,1,5.384126984126984,85.53690476190476
11,35,3,8,5,8.262896825396826,86.39642857142857
11,36,1,9,2,5.7821428571428575,85.79761904761905
11,37,1,9,1,5.384126984126984,85.53690476190476
11,38,3,9,2,7.675992063492064,86.31309523809524
11,39,1,9,2,5.7821428571428575,85.79761904761905
11,40,1,9,2,5.7821428571428575,85.79761904761905
11,41,2,8,6,7.109325396825397,86.08928571428571
11,42,1,1,1,5.200198412698413,84.49761904761905
11,43,1,9,2,5.7821428571428575,85.79761904761905
11,44,1,9,2,5.7821428571428575,85.79761904761905
11,45,1,10,1,5.422420634920635,85.57738095238095
11,46,3,9,2,7.675992063492064,86.31309523809524
11,47,1,9,1,5.384126984126984,85.53690476190476
11,48,3,9,3,8.021031746031746,86.38333333333334
11,49,3,8,2,7.637103174603174,86.26666666666667
12,0,6,8,8,11.612896825396826,86.76785714285714
12,1,6,8,8,11.612896825396826,86.76785714285714
12,2,1,1,1,5.200198412698413,84.49761904761905
12,3,1,1,1,5.200198412698413,84.49761904761905
12,4,1,2,1,5.297023809523809,84.81190476190476
12,5,1,9,1,5.384126984126984,85.53690476190476
12,6,5,10,4,10.039285714285715,86.71309523809524
12,7,1,9,3,6.082936507936508,86.06547619047619
12,8,2,8,6,7.109325396825397,86.08928571428571
12,9,4,9,3,9.120436507936509,86.59761904761905
12,10,1,9,2,5.7821428571428575,85.79761904761905
12,11,5,6,4,9.951984126984128,86.62619047619047
12,12,1,2,1,5.297023809523809,84.81190476190476
12,13,3,9,6,8.436507936507937,86.4952380952381
12,14,1,9,2,5.7821428571428575,85.79761904761905
12,15,4,9,3,9.120436507936509,86.59761904761905
12,16,1,10,1,5.422420634920635,85.57738095238095
12,17,3,8,1,7.571230158730159,86.25952380952381
12,18,2,8,6,7.109325396825397,86.08928571428571
12,19,3,8,5,8.262896825396826,86.39642857142857
12,20,3,8,1,7.571230158730159,86.25952380952381
12,21,3,9,2,7.675992063492064,86.31309523809524
12,22,1,10,1,5.422420634920635,85.57738095238095
12,23,3,9,6,8.436507936507937,86.4952380952381
12,24,3,9,3,8.021031746031746,86.38333333333334
12,25,3,9,3,8.021031746031746,86.38333333333334
12,26,1,9,3,6.082936507936508,86.06547619047619
12,27,5,10,4,10.039285714285715,86.71309523809524
12,28,3,9,2,7.675992063492064,86.31309523809524
12,29,3,8,5,8.262896825396826,86.39642857142857
12,30,1,9,1,5.384126984126984,85.53690476190476
12,31,3,8,2,7.637103174603174,86.26666666666667
12,32,5,6,4,9.951984126984128,86.62619047619047
12,33,3,8,2,7.637103174603174,86.26666666666667
12,34,4,9,3,9.120436507936509,86.59761904761905
12,35,1,9,1,5.384126984126984,85.53690476190476
12,36,1,9,1,5.384126984126984,85.53690476190476
12,37,1,9,1,5.384126984126984,85.53690476190476
12,38,3,8,5,8.262896825396826,86.39642857142857
12,39,1,9,2,5.7821428571428575,85.79761904761905
12,40,3,9,2,7.675992063492064,86.31309523809524
12,41,1,1,1,5.200198412698413,84.49761904761905
12,42,1,9,3,6.082936507936508,86.06547619047619
12,43,3,8,5,8.262896825396826,86.39642857142857
12,44,1,9,2,5.7821428571428575,85.79761904761905
12,45,1,9,2,5.7821428571428575,85.79761904761905
12,46,2,8,6,7.109325396825397,86.08928571428571
12,47,3,8,2,7.637103174603174,86.26666666666667
12,48,1,1,1,5.200198412698413,84.49761904761905
12,49,3,8,5,8.262896825396826,86.39642857142857
13,0,6,8,8,11.612896825396826,86.76785714285714
13,1,1,1,1,5.200198412698413,84.49761904761905
13,2,1,1,1,5.200198412698413,84.49761904761905
13,3,6,8,8,11.612896825396826,86.76785714285714
13,4,1,2,1,5.297023809523809,84.81190476190476
13,5,1,9,1,5.384126984126984,85.53690476190476
13,6,5,10,4,10.039285714285715,86.71309523809524
13,7,1,9,3,6.082936507936508,86.06547619047619
13,8,2,8,6,7.109325396825397,86.08928571428571
13,9,4,9,3,9.120436507936509,86.59761904761905
13,10,1,9,2,5.7821428571428575,85.79761904761905
13,11,5,6,4,9.951984126984128,86.62619047619047
13,12,1,2,1,5.297023809523809,84.81190476190476
13,13,3,9,6,8.436507936507937,86.4952380952381
13,14,1,9,2,5.7821428571428575,85.79761904761905
13,15,4,9,3,9.120436507936509,86.59761904761905
13,16,1,10,1,5.422420634920635,85.57738095238095
13,17,3,8,1,7.571230158730159,86.25952380952381
13,18,2,8,6,7.109325396825397,86.08928571428571
13,19,3,8,5,8.262896825396826,86.39642857142857
13,20,3,8,1,7.571230158730159,86.25952380952381
13,21,3,9,2,7.675992063492064,86.31309523809524
13,22,1,10,1,5.422420634920635,85.57738095238095
13,23,3,9,6,8.436507936507937,86.4952380952381
13,24,3,9,3,8.021031746031746,86.38333333333334
13,25,3,9,3,8.021031746031746,86.38333333333334
13,26,1,9,3,6.082936507936508,86.06547619047619
13,27,5,10,4,10.039285714285715,86.71309523809524
13,28,3,9,2,7.675992063492064,86.31309523809524
13,29,3,8,5,8.262896825396826,86.39642857142857
13,30,1,9,1,5.384126984126984,85.53690476190476
13,31,3,8,2,7.637103174603174,86.26666666666667
13,32,5,6,4,9.951984126984128,86.62619047619047
13,33,3,8,2,7.637103174603174,86.26666666666667
13,34,3,8,1,7.571230158730159,86.25952380952381
13,35,1,1,1,5.200198412698413,84.49761904761905
13,36,1,2,1,5.297023809523809,84.81190476190476
13,37,4,9,3,9.120436507936509,86.59761904761905
13,38,4,9,3,9.120436507936509,86.59761904761905
13,39,3,8,5,8.262896825396826,86.39642857142857
13,40,1,9,3,6.082936507936508,86.06547619047619
13,41,1,9,2,5.7821428571428575,85.79761904761905
13,42,3,9,6,8.436507936507937,86.4952380952381
13,43,2,8,6,7.109325396825397,86.08928571428571
13,44,3,8,2,7.637103174603174,86.26666666666667
13,45,1,1,1,5.200198412698413,84.49761904761905
13,46,4,9,3,9.120436507936509,86.59761904761905
13,47,1,9,3,6.082936507936508,86.06547619047619
13,48,1,9,2,5.7821428571428575,85.79761904761905
13,49,6,8,8,11.612896825396826,86.76785714285714
14,0,1,1,1,5.200198412698413,84.49761904761905
14,1,6,8,8,11.612896825396826,86.76785714285714
14,2,6,8,8,11.612896825396826,86.76785714285714
14,3,1,1,1,5.200198412698413,84.49761904761905
14,4,1,2,1,5.297023809523809,84.81190476190476
14,5,1,9,1,5.384126984126984,85.53690476190476
14,6,5,10,4,10.039285714285715,86.71309523809524
14,7,1,9,3,6.082936507936508,86.06547619047619
14,8,2,8,6,7.109325396825397,86.08928571428571
14,9,4,9,3,9.120436507936509,86.59761904761905
14,10,1,9,2,5.7821428571428575,85.79761904761905
14,11,5,6,4,9.951984126984128,86.62619047619047
14,12,1,2,1,5.297023809523809,84.81190476190476
14,13,3,9,6,8.436507936507937,86.4952380952381
14,14,1,9,2,5.7821428571428575,85.79761904761905
14,15,4,9,3,9.120436507936509,86.59761904761905
14,16,1,10,1,5.422420634920635,85.57738095238095
14,17,3,8,1,7.571230158730159,86.25952380952381
14,18,2,8,6,7.109325396825397,86.08928571428571
14,19,3,8,5,8.262896825396826,86.39642857142857
14,20,3,8,1,7.571230158730159,86.25952380952381
14,21,3,9,2,7.675992063492064,86.31309523809524
14,22,1,10,1,5.422420634920635,85.57738095238095
14,23,3,9,6,8.436507936507937,86.4952380952381
14,24,3,9,3,8.021031746031746,86.38333333333334
14,25,3,9,3,8.021031746031746,86.38333333333334
14,26,1,9,3,6.082936507936508,86.06547619047619
14,27,5,10,4,10.039285714285715,86.71309523809524
14,28,3,9,2,7.675992063492064,86.31309523809524
14,29,3,8,5,8.262896825396826,86.39642857142857
14,30,1,9,1,5.384126984126984,85.53690476190476
14,31,3,8,2,7.637103174603174,86.26666666666667
14,32,5,6,4,9.951984126984128,86.62619047619047
14,33,3,8,2,7.637103174603174,86.26666666666667
14,34,3,8,5,8.262896825396826,86.39642857142857
14,35,3,8,1,7.571230158730159,86.25952380952381
14,36,6,8,8,11.612896825396826,86.76785714285714
14,37,1,1,1,5.200198412698413,84.49761904761905
14,38,1,9,1,5.384126984126984,85.53690476190476
14,39,3,9,6,8.436507936507937,86.4952380952381
14,40,1,2,1,5.297023809523809,84.81190476190476
14,41,6,8,8,11.612896825396826,86.76785714285714
14,42,3,8,2,7.637103174603174,86.26666666666667
14,43,3,9,3,8.021031746031746,86.38333333333334
14,44,3,9,6,8.436507936507937,86.4952380952381
14,45,4,9,3,9.120436507936509,86.59761904761905
14,46,4,9,3,9.120436507936509,86.59761904761905
14,47,1,2,1,5.297023809523809,84.81190476190476
14,48,4,9,3,9.120436507936509,86.59761904761905
14,49,1,9,1,5.384126984126984,85.53690476190476
15,0,1,1,1,5.200198412698413,84.49761904761905
15,1,1,1,1,5.200198412698413,84.49761904761905
15,2,7,8,2,12.023809523809524,86.91547619047618
15,3,1,2,1,5.297023809523809,84.81190476190476
15,4,1,9,1,5.384126984126984,85.53690476190476
15,5,6,8,8,11.612896825396826,86.76785714285714
15,6,5,10,4,10.039285714285715,86.71309523809524
15,7,1,9,3,6.082936507936508,86.06547619047619
15,8,2,8,6,7.109325396825397,86.08928571428571
15,9,4,9,3,9.120436507936509,86.59761904761905
15,10,1,9,2,5.7821428571428575,85.79761904761905
15,11,5,6,4,9.951984126984128,86.62619047619047
15,12,1,2,1,5.297023809523809,84.81190476190476
15,13,3,9,6,8.436507936507937,86.4952380952381
15,14,1,9,2,5.7821428571428575,85.79761904761905
15,15,4,9,3,9.120436507936509,86.59761904761905
15,16,1,10,1,5.422420634920635,85.57738095238095
15,17,6,8,8,11.612896825396826,86.76785714285714
15,18,3,8,1,7.571230158730159,86.25952380952381
15,19,2,8,6,7.109325396825397,86.08928571428571
15,20,3,8,5,8.262896825396826,86.39642857142857
15,21,3,8,1,7.571230158730159,86.25952380952381
15,22,3,9,2,7.675992063492064,86.31309523809524
15,23,1,10,1,5.422420634920635,85.57738095238095
15,24,3,9,6,8.436507936507937,86.4952380952381
15,25,3,9,3,8.021031746031746,86.38333333333334
15,26,3,9,3,8.021031746031746,86.38333333333334
15,27,1,9,3,6.082936507936508,86.06547619047619
15,28,5,10,4,10.039285714285715,86.71309523809524
15,29,3,9,2,7.675992063492064,86.31309523809524
15,30,3,8,5,8.262896825396826,86.39642857142857
15,31,1,9,1,5.384126984126984,85.53690476190476
15,32,3,8,2,7.637103174603174,86.26666666666667
15,33,5,6,4,9.951984126984128,86.62619047619047
15,34,3,8,2,7.637103174603174,86.26666666666667
15,35,1,9,2,5.7821428571428575,85.79761904761905
15,36,3,9,6,8.436507936507937,86.4952380952381
15,37,3,9,3,8.021031746031746,86.38333333333334
15,38,3,9,2,7.675992063492064,86.31309523809524
15,39,1,9,3,6.082936507936508,86.06547619047619
15,40,6,8,8,11.612896825396826,86.76785714285714
15,41,1,9,1,5.384126984126984,85.53690476190476
15,42,1,9,3,6.082936507936508,86.06547619047619
15,43,1,9,1,5.384126984126984,85.53690476190476
15,44,6,8,8,11.612896825396826,86.76785714285714
15,45,1,2,1,5.297023809523809,84.81190476190476
15,46,1,9,2,5.7821428571428575,85.79761904761905
15,47,3,9,6,8.436507936507937,86.4952380952381
15,48,3,8,5,8.262896825396826,86.39642857142857
15,49,3,8,2,7.637103174603174,86.26666666666667
16,0,1,1,1,5.200198412698413,84.49761904761905
16,1,1,1,1,5.200198412698413,84.49761904761905
16,2,7,8,2,12.023809523809524,86.91547619047618
16,3,7,8,2,12.023809523809524,86.91547619047618
16,4,1,2,1,5.297023809523809,84.81190476190476
16,5,1,9,1,5.384126984126984,85.53690476190476
16,6,6,8,8,11.612896825396826,86.76785714285714
16,7,5,10,4,10.039285714285715,86.71309523809524
16,8,1,9,3,6.082936507936508,86.06547619047619
16,9,2,8,6,7.109325396825397,86.08928571428571
16,10,4,9,3,9.120436507936509,86.59761904761905
16,11,1,9,2,5.7821428571428575,85.79761904761905
16,12,5,6,4,9.951984126984128,86.62619047619047
16,13,1,2,1,5.297023809523809,84.81190476190476
16,14,3,9,6,8.436507936507937,86.4952380952381
16,15,2,8,5,7.487698412698413,86.25833333333334
16,16,1,9,2,5.7821428571428575,85.79761904761905
16,17,4,9,3,9.120436507936509,86.59761904761905
16,18,1,10,1,5.422420634920635,85.57738095238095
16,19,6,8,8,11.612896825396826,86.76785714285714
16,20,3,8,5,8.262896825396826,86.39642857142857
16,21,3,9,2,7.675992063492064,86.31309523809524
16,22,1,10,1,5.422420634920635,85.57738095238095
16,23,3,9,6,8.436507936507937,86.4952380952381
16,24,2,8,6,7.109325396825397,86.08928571428571
16,25,3,9,3,8.021031746031746,86.38333333333334
16,26,3,9,3,8.021031746031746,86.38333333333334
16,27,1,9,3,6.082936507936508,86.06547619047619
16,28,5,10,4,10.039285714285715,86.71309523809524
16,29,3,9,2,7.675992063492064,86.31309523809524
16,30,3,8,5,8.262896825396826,86.39642857142857
16,31,1,9,1,5.384126984126984,85.53690476190476
16,32,3,8,2,7.637103174603174,86.26666666666667
16,33,5,6,4,9.951984126984128,86.62619047619047
16,34,3,8,1,7.571230158730159,86.25952380952381
16,35,3,8,1,7.571230158730159,86.25952380952381
16,36,3,8,2,7.637103174603174,86.26666666666667
16,37,2,8,6,7.109325396825397,86.08928571428571
16,38,3,9,6,8.436507936507937,86.4952380952381
16,39,1,9,1,5.384126984126984,85.53690476190476
16,40,1,9,2,5.7821428571428575,85.79761904761905
16,41,1,9,3,6.082936507936508,86.06547619047619
16,42,1,2,1,5.297023809523809,84.81190476190476
16,43,3,8,2,7.637103174603174,86.26666666666667
16,44,1,9,2,5.7821428571428575,85.79761904761905
16,45,3,9,2,7.675992063492064,86.31309523809524
16,46,3,9,3,8.021031746031746,86.38333333333334
16,47,3,8,2,7.637103174603174,86.26666666666667
16,48,1,1,1,5.200198412698413,84.49761904761905
16,49,3,9,6,8.436507936507937,86.4952380952381
17,0,1,1,1,5.200198412698413,84.49761904761905
17,1,7,8,2,12.023809523809524,86.91547619047618
17,2,1,1,1,5.200198412698413,84.49761904761905
17,3,7,8,2,12.023809523809524,86.91547619047618
17,4,1,2,1,5.297023809523809,84.81190476190476
17,5,1,9,1,5.384126984126984,85.53690476190476
17,6,6,8,8,11.612896825396826,86.76785714285714
17,7,5,10,4,10.039285714285715,86.71309523809524
17,8,1,9,3,6.082936507936508,86.06547619047619
17,9,2,8,6,7.109325396825397,86.08928571428571
17,10,4,9,3,9.120436507936509,86.59761904761905
17,11,1,9,2,5.7821428571428575,85.79761904761905
17,12,5,6,4,9.951984126984128,86.62619047619047
17,13,1,2,1,5.297023809523809,84.81190476190476
17,14,3,9,6,8.436507936507937,86.4952380952381
17,15,2,8,5,7.487698412698413,86.25833333333334
17,16,1,9,2,5.7821428571428575,85.79761904761905
17,17,4,9,3,9.120436507936509,86.59761904761905
17,18,1,10,1,5.422420634920635,85.57738095238095
17,19,6,8,8,11.612896825396826,86.76785714285714
17,20,3,8,5,8.262896825396826,86.39642857142857
17,21,3,9,2,7.675992063492064,86.31309523809524
17,22,1,10,1,5.422420634920635,85.57738095238095
17,23,3,9,6,8.436507936507937,86.4952380952381
17,24,2,8,6,7.109325396825397,86.08928571428571
17,25,3,9,3,8.021031746031746,86.38333333333334
17,26,3,9,3,8.021031746031746,86.38333333333334
17,27,1,9,3,6.082936507936508,86.06547619047619
17,28,5,10,4,10.039285714285715,86.71309523809524
17,29,3,9,2,7.675992063492064,86.31309523809524
17,30,3,8,5,8.262896825396826,86.39642857142857
17,31,1,9,1,5.384126984126984,85.53690476190476
17,32,3,8,2,7.637103174603174,86.26666666666667
17,33,5,6,4,9.951984126984128,86.62619047619047
17,34,3,8,1,7.571230158730159,86.25952380952381
17,35,3,8,1,7.571230158730159,86.25952380952381
17,36,3,8,2,7.637103174603174,86.26666666666667
17,37,2,8,6,7.109325396825397,86.08928571428571
17,38,1,9,2,5.7821428571428575,85.79761904761905
17,39,3,9,6,8.436507936507937,86.4952380952381
17,40,1,9,1,5.384126984126984,85.53690476190476
17,41,3,9,3,8.021031746031746,86.38333333333334
17,42,3,9,3,8.021031746031746,86.38333333333334
17,43,3,9,2,7.675992063492064,86.31309523809524
17,44,1,2,1,5.297023809523809,84.81190476190476
17,45,1,9,1,5.384126984126984,85.53690476190476
17,46,1,9,2,5.7821428571428575,85.79761904761905
17,47,3,8,2,7.637103174603174,86.26666666666667
17,48,6,8,8,11.612896825396826,86.76785714285714
17,49,3,9,6,8.436507936507937,86.4952380952381
18,0,1,1,1,5.200198412698413,84.49761904761905
18,1,7,8,2,12.023809523809524,86.91547619047618
18,2,7,8,2,12.023809523809524,86.91547619047618
18,3,1,1,1,5.200198412698413,84.49761904761905
18,4,1,2,1,5.297023809523809,84.81190476190476
18,5,1,9,1,5.384126984126984,85.53690476190476
18,6,6,8,8,11.612896825396826,86.76785714285714
18,7,5,10,4,10.039285714285715,86.71309523809524
18,8,1,9,3,6.082936507936508,86.06547619047619
18,9,2,8,6,7.109325396825397,86.08928571428571
18,10,4,9,3,9.120436507936509,86.59761904761905
18,11,1,9,2,5.7821428571428575,85.79761904761905
18,12,5,6,4,9.951984126984128,86.62619047619047
18,13,1,2,1,5.297023809523809,84.81190476190476
18,14,3,9,6,8.436507936507937,86.4952380952381
18,15,1,9,2,5.7821428571428575,85.79761904761905
18,16,4,9,3,9.120436507936509,86.59761904761905
18,17,1,10,1,5.422420634920635,85.57738095238095
18,18,6,8,8,11.612896825396826,86.76785714285714
18,19,2,8,5,7.487698412698413,86.25833333333334
18,20,3,8,5,8.262896825396826,86.39642857142857
18,21,3,9,2,7.675992063492064,86.31309523809524
18,22,1,10,1,5.422420634920635,85.57738095238095
18,23,3,9,6,8.436507936507937,86.4952380952381
18,24,2,8,6,7.109325396825397,86.08928571428571
18,25,3,9,3,8.021031746031746,86.38333333333334
18,26,3,9,3,8.021031746031746,86.38333333333334
18,27,2,8,5,7.487698412698413,86.25833333333334
18,28,1,9,3,6.082936507936508,86.06547619047619
18,29,5,10,4,10.039285714285715,86.71309523809524
18,30,3,9,2,7.675992063492064,86.31309523809524
18,31,3,8,5,8.262896825396826,86.39642857142857
18,32,1,9,1,5.384126984126984,85.53690476190476
18,33,3,8,2,7.637103174603174,86.26666666666667
18,34,5,6,4,9.951984126984128,86.62619047619047
18,35,3,8,1,7.571230158730159,86.25952380952381
18,36,3,8,1,7.571230158730159,86.25952380952381
18,37,3,8,2,7.637103174603174,86.26666666666667
18,38,1,2,1,5.297023809523809,84.81190476190476
18,39,3,9,6,8.436507936507937,86.4952380952381
18,40,1,9,2,5.7821428571428575,85.79761904761905
18,41,3,9,6,8.436507936507937,86.4952380952381
18,42,3,9,6,8.436507936507937,86.4952380952381
18,43,2,8,6,7.109325396825397,86.08928571428571
18,44,1,9,2,5.7821428571428575,85.79761904761905
18,45,3,8,2,7.637103174603174,86.26666666666667
18,46,1,2,1,5.297023809523809,84.81190476190476
18,47,3,9,3,8.021031746031746,86.38333333333334
18,48,1,9,2,5.7821428571428575,85.79761904761905
18,49,6,8,8,11.612896825396826,86.76785714285714
19,0,7,8,2,12.023809523809524,86.91547619047618
19,1,1,1,1,5.200198412698413,84.49761904761905
19,2,7,8,2,12.023809523809524,86.91547619047618
19,3,1,1,1,5.200198412698413,84.49761904761905
19,4,1,2,1,5.297023809523809,84.81190476190476
19,5,1,9,1,5.384126984126984,85.53690476190476
19,6,6,8,8,11.612896825396826,86.76785714285714
19,7,5,10,4,10.039285714285715,86.71309523809524
19,8,1,9,3,6.082936507936508,86.06547619047619
19,9,2,8,6,7.109325396825397,86.08928571428571
19,10,4,9,3,9.120436507936509,86.59761904761905
19,11,1,9,2,5.7821428571428575,85.79761904761905
19,12,5,6,4,9.951984126984128,86.62619047619047
19,13,1,2,1,5.297023809523809,84.81190476190476
19,14,3,9,6,8.436507936507937,86.4952380952381
19,15,1,9,2,5.7821428571428575,85.79761904761905
19,16,4,9,3,9.120436507936509,86.59761904761905
19,17,1,10,1,5.422420634920635,85.57738095238095
19,18,6,8,8,11.612896825396826,86.76785714285714
19,19,2,8,5,7.487698412698413,86.25833333333334
19,20,3,8,5,8.262896825396826,86.39642857142857
19,21,3,9,2,7.675992063492064,86.31309523809524
19,22,1,10,1,5.422420634920635,85.57738095238095
19,23,3,9,6,8.436507936507937,86.4952380952381
19,24,2,8,6,7.109325396825397,86.08928571428571
19,25,3,9,3,8.021031746031746,86.38333333333334
19,26,3,9,3,8.021031746031746,86.38333333333334
19,27,2,8,5,7.487698412698413,86.25833333333334
19,28,1,9,3,6.082936507936508,86.06547619047619
19,29,5,10,4,10.039285714285715,86.71309523809524
19,30,3,9,2,7.675992063492064,86.31309523809524
19,31,3,8,5,8.262896825396826,86.39642857142857
19,32,1,9,1,5.384126984126984,85.53690476190476
19,33,3,8,2,7.637103174603174,86.26666666666667
19,34,5,6,4,9.951984126984128,86.62619047619047
19,35,3,8,1,7.571230158730159,86.25952380952381
19,36,3,8,1,7.571230158730159,86.25952380952381
19,37,3,8,2,7.637103174603174,86.26666666666667
19,38,1,2,1,5.297023809523809,84.81190476190476
19,39,1,2,1,5.297023809523809,84.81190476190476
19,40,1,9,3,6.082936507936508,86.06547619047619
19,41,3,8,2,7.637103174603174,86.26666666666667
19,42,3,8,2,7.637103174603174,86.26666666666667
19,43,2,8,6,7.109325396825397,86.08928571428571
19,44,1,9,2,5.7821428571428575,85.79761904761905
19,45,3,9,6,8.436507936507937,86.4952380952381
19,46,1,9,3,6.082936507936508,86.06547619047619
19,47,1,2,1,5.297023809523809,84.81190476190476
19,48,3,9,6,8.436507936507937,86.4952380952381
19,49,1,9,3,6.082936507936508,86.06547619047619
20,0,1,1,1,5.200198412698413,84.49761904761905
20,1,1,1,1,5.200198412698413,84.49761904761905
20,2,7,8,2,12.023809523809524,86.91547619047618
20,3,7,8,2,12.023809523809524,86.91547619047618
20,4,1,2,1,5.297023809523809,84.81190476190476
20,5,1,9,1,5.384126984126984,85.53690476190476
20,6,6,8,8,11.612896825396826,86.76785714285714
20,7,5,10,4,10.039285714285715,86.71309523809524
20,8,1,9,3,6.082936507936508,86.06547619047619
20,9,2,8,6,7.109325396825397,86.08928571428571
20,10,4,9,3,9.120436507936509,86.59761904761905
20,11,1,9,2,5.7821428571428575,85.79761904761905
20,12,5,6,4,9.951984126984128,86.62619047619047
20,13,1,2,1,5.297023809523809,84.81190476190476
20,14,3,9,6,8.436507936507937,86.4952380952381
20,15,1,9,2,5.7821428571428575,85.79761904761905
20,16,4,9,3,9.120436507936509,86.59761904761905
20,17,1,10,1,5.422420634920635,85.57738095238095
20,18,6,8,8,11.612896825396826,86.76785714285714
20,19,2,8,5,7.487698412698413,86.25833333333334
20,20,3,8,5,8.262896825396826,86.39642857142857
20,21,3,9,2,7.675992063492064,86.31309523809524
20,22,1,10,1,5.422420634920635,85.57738095238095
20,23,3,9,6,8.436507936507937,86.4952380952381
20,24,2,8,6,7.109325396825397,86.08928571428571
20,25,3,9,3,8.021031746031746,86.38333333333334
20,26,3,9,3,8.021031746031746,86.38333333333334
20,27,2,8,5,7.487698412698413,86.25833333333334
20,28,1,9,3,6.082936507936508,86.06547619047619
20,29,5,10,4,10.039285714285715,86.71309523809524
20,30,3,9,2,7.675992063492064,86.31309523809524
20,31,3,8,5,8.262896825396826,86.39642857142857
20,32,1,9,1,5.384126984126984,85.53690476190476
20,33,3,8,2,7.637103174603174,86.26666666666667
20,34,5,6,4,9.951984126984128,86.62619047619047
20,35,3,8,1,7.571230158730159,86.25952380952381
20,36,3,8,1,7.571230158730159,86.25952380952381
20,37,3,8,2,7.637103174603174,86.26666666666667
20,38,7,8,2,12.023809523809524,86.91547619047618
20,39,1,9,3,6.082936507936508,86.06547619047619
20,40,1,9,3,6.082936507936508,86.06547619047619
20,41,3,9,6,8.436507936507937,86.4952380952381
20,42,1,9,2,5.7821428571428575,85.79761904761905
20,43,1,10,1,5.422420634920635,85.57738095238095
20,44,1,2,1,5.297023809523809,84.81190476190476
20,45,3,9,3,8.021031746031746,86.38333333333334
20,46,1,9,3,6.082936507936508,86.06547619047619
20,47,3,9,6,8.436507936507937,86.4952380952381
20,48,3,8,5,8.262896825396826,86.39642857142857
20,49,3,9,6,8.436507936507937,86.4952380952381
21,0,7,8,2,12.023809523809524,86.91547619047618
21,1,1,1,1,5.200198412698413,84.49761904761905
21,2,1,1,1,5.200198412698413,84.49761904761905
21,3,7,8,2,12.023809523809524,86.91547619047618
21,4,1,2,1,5.297023809523809,84.81190476190476
21,5,1,9,1,5.384126984126984,85.53690476190476
21,6,6,8,8,11.612896825396826,86.76785714285714
21,7,5,10,4,10.039285714285715,86.71309523809524
21,8,1,9,3,6.082936507936508,86.06547619047619
21,9,2,8,6,7.109325396825397,86.08928571428571
21,10,4,9,3,9.120436507936509,86.59761904761905
21,11,1,9,2,5.7821428571428575,85.79761904761905
21,12,5,6,4,9.951984126984128,86.62619047619047
21,13,1,2,1,5.297023809523809,84.81190476190476
21,14,3,9,6,8.436507936507937,86.4952380952381
21,15,1,9,2,5.7821428571428575,85.79761904761905
21,16,4,9,3,9.120436507936509,86.59761904761905
21,17,1,10,1,5.422420634920635,85.57738095238095
21,18,6,8,8,11.612896825396826,86.76785714285714
21,19,2,8,5,7.487698412698413,86.25833333333334
21,20,3,8,5,8.262896825396826,86.39642857142857
21,21,3,9,2,7.675992063492064,86.31309523809524
21,22,1,10,1,5.422420634920635,85.57738095238095
21,23,3,9,6,8.436507936507937,86.4952380952381
21,24,2,8,6,7.109325396825397,86.08928571428571
21,25,3,9,3,8.021031746031746,86.38333333333334
21,26,3,9,3,8.021031746031746,86.38333333333334
21,27,2,8,5,7.487698412698413,86.25833333333334
21,28,1,9,3,6.082936507936508,86.06547619047619
21,29,5,10,4,10.039285714285715,86.71309523809524
21,30,3,9,2,7.675992063492064,86.31309523809524
21,31,3,8,5,8.262896825396826,86.39642857142857
21,32,1,9,1,5.384126984126984,85.53690476190476
21,33,3,8,2,7.637103174603174,86.26666666666667
21,34,5,6,4,9.951984126984128,86.62619047619047
21,35,3,8,1,7.571230158730159,86.25952380952381
21,36,3,8,1,7.571230158730159,86.25952380952381
21,37,3,8,2,7.637103174603174,86.26666666666667
21,38,3,8,5,8.262896825396826,86.39642857142857
21,39,3,9,6,8.436507936507937,86.4952380952381
21,40,1,10,1,5.422420634920635,85.57738095238095
21,41,1,9,3,6.082936507936508,86.06547619047619
21,42,1,9,1,5.384126984126984,85.53690476190476
21,43,5,6,4,9.951984126984128,86.62619047619047
21,44,3,8,5,8.262896825396826,86.39642857142857
21,45,3,9,6,8.436507936507937,86.4952380952381
21,46,1,10,1,5.422420634920635,85.57738095238095
21,47,3,9,6,8.436507936507937,86.4952380952381
21,48,3,9,2,7.675992063492064,86.31309523809524
21,49,7,8,2,12.023809523809524,86.91547619047618
22,0,7,8,2,12.023809523809524,86.91547619047618
22,1,7,8,2,12.023809523809524,86.91547619047618
22,2,1,1,1,5.200198412698413,84.49761904761905
22,3,1,1,1,5.200198412698413,84.49761904761905
22,4,1,2,1,5.297023809523809,84.81190476190476
22,5,1,9,1,5.384126984126984,85.53690476190476
22,6,6,8,8,11.612896825396826,86.76785714285714
22,7,5,10,4,10.039285714285715,86.71309523809524
22,8,1,9,3,6.082936507936508,86.06547619047619
22,9,2,8,6,7.109325396825397,86.08928571428571
22,10,4,9,3,9.120436507936509,86.59761904761905
22,11,1,9,2,5.7821428571428575,85.79761904761905
22,12,5,6,4,9.951984126984128,86.62619047619047
22,13,1,2,1,5.297023809523809,84.81190476190476
22,14,3,9,6,8.436507936507937,86.4952380952381
22,15,1,9,2,5.7821428571428575,85.79761904761905
22,16,4,9,3,9.120436507936509,86.59761904761905
22,17,1,10,1,5.422420634920635,85.57738095238095
22,18,6,8,8,11.612896825396826,86.76785714285714
22,19,2,8,5,7.487698412698413,86.25833333333334
22,20,3,8,5,8.262896825396826,86.39642857142857
22,21,3,9,2,7.675992063492064,86.31309523809524
22,22,1,10,1,5.422420634920635,85.57738095238095
22,23,3,9,6,8.436507936507937,86.4952380952381
22,24,2,8,6,7.109325396825397,86.08928571428571
22,25,3,9,3,8.021031746031746,86.38333333333334
22,26,3,9,3,8.021031746031746,86.38333333333334
22,27,2,8,5,7.487698412698413,86.25833333333334
22,28,1,9,3,6.082936507936508,86.06547619047619
22,29,5,10,4,10.039285714285715,86.71309523809524
22,30,3,9,2,7.675992063492064,86.31309523809524
22,31,3,8,5,8.262896825396826,86.39642857142857
22,32,1,9,1,5.384126984126984,85.53690476190476
22,33,3,8,2,7.637103174603174,86.26666666666667
22,34,5,6,4,9.951984126984128,86.62619047619047
22,35,3,8,1,7.571230158730159,86.25952380952381
22,36,3,8,1,7.571230158730159,86.25952380952381
22,37,3,8,2,7.637103174603174,86.26666666666667
22,38,1,9,1,5.384126984126984,85.53690476190476
22,39,1,9,2,5.7821428571428575,85.79761904761905
22,40,1,1,1,5.200198412698413,84.49761904761905
22,41,1,9,1,5.384126984126984,85.53690476190476
22,42,1,1,1,5.200198412698413,84.49761904761905
22,43,4,9,3,9.120436507936509,86.59761904761905
22,44,7,8,2,12.023809523809524,86.91547619047618
22,45,3,9,6,8.436507936507937,86.4952380952381
22,46,5,6,4,9.951984126984128,86.62619047619047
22,47,2,8,5,7.487698412698413,86.25833333333334
22,48,4,9,3,9.120436507936509,86.59761904761905
22,49,1,10,1,5.422420634920635,85.57738095238095
23,0,7,8,2,12.023809523809524,86.91547619047618
23,1,1,1,1,5.200198412698413,84.49761904761905
23,2,1,1,1,5.200198412698413,84.49761904761905
23,3,7,8,2,12.023809523809524,86.91547619047618
23,4,1,2,1,5.297023809523809,84.81190476190476
23,5,1,9,1,5.384126984126984,85.53690476190476
23,6,6,8,8,11.612896825396826,86.76785714285714
23,7,5,10,4,10.039285714285715,86.71309523809524
23,8,1,9,3,6.082936507936508,86.06547619047619
23,9,2,8,6,7.109325396825397,86.08928571428571
23,10,4,9,3,9.120436507936509,86.59761904761905
23,11,1,9,2,5.7821428571428575,85.79761904761905
23,12,5,6,4,9.951984126984128,86.62619047619047
23,13,1,2,1,5.297023809523809,84.81190476190476
23,14,3,9,6,8.436507936507937,86.4952380952381
23,15,1,9,2,5.7821428571428575,85.79761904761905
23,16,4,9,3,9.120436507936509,86.59761904761905
23,17,1,10,1,5.422420634920635,85.57738095238095
23,18,6,8,8,11.612896825396826,86.76785714285714
23,19,2,8,5,7.487698412698413,86.25833333333334
23,20,3,8,5,8.262896825396826,86.39642857142857
23,21,3,9,2,7.675992063492064,86.31309523809524
23,22,1,10,1,5.422420634920635,85.57738095238095
23,23,3,9,6,8.436507936507937,86.4952380952381
23,24,2,8,6,7.109325396825397,86.08928571428571
23,25,3,9,3,8.021031746031746,86.38333333333334
23,26,3,9,3,8.021031746031746,86.38333333333334
23,27,2,8,5,7.487698412698413,86.25833333333334
23,28,1,9,3,6.082936507936508,86.06547619047619
23,29,5,10,4,10.039285714285715,86.71309523809524
23,30,3,9,2,7.675992063492064,86.31309523809524
23,31,3,8,5,8.262896825396826,86.39642857142857
23,32,1,9,1,5.384126984126984,85.53690476190476
23,33,3,8,2,7.637103174603174,86.26666666666667
23,34,5,6,4,9.951984126984128,86.62619047619047
23,35,3,8,1,7.571230158730159,86.25952380952381
23,36,3,8,1,7.571230158730159,86.25952380952381
23,37,3,8,2,7.637103174603174,86.26666666666667
23,38,1,9,3,6.082936507936508,86.06547619047619
23,39,1,9,1,5.384126984126984,85.53690476190476
23,40,3,9,6,8.436507936507937,86.4952380952381
23,41,1,9,3,6.082936507936508,86.06547619047619
23,42,1,9,2,5.7821428571428575,85.79761904761905
23,43,3,9,6,8.436507936507937,86.4952380952381
23,44,1,1,1,5.200198412698413,84.49761904761905
23,45,1,9,1,5.384126984126984,85.53690476190476
23,46,2,8,5,7.487698412698413,86.25833333333334
23,47,3,9,2,7.675992063492064,86.31309523809524
23,48,1,1,1,5.200198412698413,84.49761904761905
23,49,1,1,1,5.200198412698413,84.49761904761905
24,0,7,8,2,12.023809523809524,86.91547619047618
24,1,7,8,2,12.023809523809524,86.91547619047618
24,2,1,1,1,5.200198412698413,84.49761904761905
24,3,1,1,1,5.200198412698413,84.49761904761905
24,4,1,2,1,5.297023809523809,84.81190476190476
24,5,1,9,1,5.384126984126984,85.53690476190476
24,6,6,8,8,11.612896825396826,86.76785714285714
24,7,5,10,4,10.039285714285715,86.71309523809524
24,8,1,9,3,6.082936507936508,86.06547619047619
24,9,2,8,6,7.109325396825397,86.08928571428571
24,10,4,9,3,9.120436507936509,86.59761904761905
24,11,1,9,2,5.7821428571428575,85.79761904761905
24,12,5,6,4,9.951984126984128,86.62619047619047
24,13,1,2,1,5.297023809523809,84.81190476190476
24,14,3,9,6,8.436507936507937,86.4952380952381
24,15,1,9,2,5.7821428571428575,85.79761904761905
24,16,4,9,3,9.120436507936509,86.59761904761905
24,17,1,10,1,5.422420634920635,85.57738095238095
24,18,6,8,8,11.612896825396826,86.76785714285714
24,19,2,8,5,7.487698412698413,86.25833333333334
24,20,3,8,5,8.262896825396826,86.39642857142857
24,21,3,9,2,7.675992063492064,86.31309523809524
24,22,1,10,1,5.422420634920635,85.57738095238095
24,23,3,9,6,8.436507936507937,86.4952380952381
24,24,2,8,6,7.109325396825397,86.08928571428571
24,25,3,9,3,8.021031746031746,86.38333333333334
24,26,3,9,3,8.021031746031746,86.38333333333334
24,27,2,8,5,7.487698412698413,86.25833333333334
24,28,1,9,3,6.082936507936508,86.06547619047619
24,29,5,10,4,10.039285714285715,86.71309523809524
24,30,3,9,2,7.675992063492064,86.31309523809524
24,31,3,8,5,8.262896825396826,86.39642857142857
24,32,1,9,1,5.384126984126984,85.53690476190476
24,33,3,8,2,7.637103174603174,86.26666666666667
24,34,5,6,4,9.951984126984128,86.62619047619047
24,35,3,8,1,7.571230158730159,86.25952380952381
24,36,3,8,1,7.571230158730159,86.25952380952381
24,37,3,8,2,7.637103174603174,86.26666666666667
24,38,1,9,3,6.082936507936508,86.06547619047619
24,39,1,9,3,6.082936507936508,86.06547619047619
24,40,3,9,3,8.021031746031746,86.38333333333334
24,41,1,1,1,5.200198412698413,84.49761904761905
24,42,1,1,1,5.200198412698413,84.49761904761905
24,43,1,9,1,5.384126984126984,85.53690476190476
24,44,1,1,1,5.200198412698413,84.49761904761905
24,45,3,9,6,8.436507936507937,86.4952380952381
24,46,1,9,1,5.384126984126984,85.53690476190476
24,47,1,9,2,5.7821428571428575,85.79761904761905
24,48,1,9,3,6.082936507936508,86.06547619047619
24,49,1,1,1,5.200198412698413,84.49761904761905
25,0,1,1,1,5.200198412698413,84.49761904761905
25,1,1,1,1,5.200198412698413,84.49761904761905
25,2,7,8,2,12.023809523809524,86.91547619047618
25,3,7,8,2,12.023809523809524,86.91547619047618
25,4,1,2,1,5.297023809523809,84.81190476190476
25,5,1,9,1,5.384126984126984,85.53690476190476
25,6,6,8,8,11.612896825396826,86.76785714285714
25,7,5,10,4,10.039285714285715,86.71309523809524
25,8,1,9,3,6.082936507936508,86.06547619047619
25,9,2,8,6,7.109325396825397,86.08928571428571
25,10,4,9,3,9.120436507936509,86.59761904761905
25,11,1,9,2,5.7821428571428575,85.79761904761905
25,12,5,6,4,9.951984126984128,86.62619047619047
25,13,1,2,1,5.297023809523809,84.81190476190476
25,14,3,9,6,8.436507936507937,86.4952380952381
25,15,1,9,2,5.7821428571428575,85.79761904761905
25,16,4,9,3,9.120436507936509,86.59761904761905
25,17,1,10,1,5.422420634920635,85.57738095238095
25,18,6,8,8,11.612896825396826,86.76785714285714
25,19,2,8,5,7.487698412698413,86.25833333333334
25,20,3,8,5,8.262896825396826,86.39642857142857
25,21,3,9,2,7.675992063492064,86.31309523809524
25,22,1,10,1,5.422420634920635,85.57738095238095
25,23,3,9,6,8.436507936507937,86.4952380952381
25,24,2,8,6,7.109325396825397,86.08928571428571
25,25,3,9,3,8.021031746031746,86.38333333333334
25,26,3,9,3,8.021031746031746,86.38333333333334
25,27,2,8,5,7.487698412698413,86.25833333333334
25,28,1,9,3,6.082936507936508,86.06547619047619
25,29,5,10,4,10.039285714285715,86.71309523809524
25,30,3,9,2,7.675992063492064,86.31309523809524
25,31,3,8,5,8.262896825396826,86.39642857142857
25,32,1,9,1,5.384126984126984,85.53690476190476
25,33,3,8,2,7.637103174603174,86.26666666666667
25,34,5,6,4,9.951984126984128,86.62619047619047
25,35,3,8,1,7.571230158730159,86.25952380952381
25,36,3,8,1,7.571230158730159,86.25952380952381
25,37,3,8,2,7.637103174603174,86.26666666666667
25,38,1,9,3,6.082936507936508,86.06547619047619
25,39,4,9,3,9.120436507936509,86.59761904761905
25,40,3,9,2,7.675992063492064,86.31309523809524
25,41,1,9,1,5.384126984126984,85.53690476190476
25,42,2,8,6,7.109325396825397,86.08928571428571
25,43,1,9,3,6.082936507936508,86.06547619047619
25,44,3,9,3,8.021031746031746,86.38333333333334
25,45,1,10,1,5.422420634920635,85.57738095238095
25,46,1,2,1,5.297023809523809,84.81190476190476
25,47,1,9,3,6.082936507936508,86.06547619047619
25,48,1,9,2,5.7821428571428575,85.79761904761905
25,49,1,9,1,5.384126984126984,85.53690476190476
26,0,7,8,2,12.023809523809524,86.91547619047618
26,1,7,8,2,12.023809523809524,86.91547619047618
26,2,1,1,1,5.200198412698413,84.49761904761905
26,3,1,1,1,5.200198412698413,84.49761904761905
26,4,2,10,1,6.657738095238095,86.28571428571428
26,5,1,2,1,5.297023809523809,84.81190476190476
26,6,1,9,1,5.384126984126984,85.53690476190476
26,7,6,8,8,11.612896825396826,86.76785714285714
26,8,5,10,4,10.039285714285715,86.71309523809524
26,9,1,9,3,6.082936507936508,86.06547619047619
26,10,3,9,2,7.675992063492064,86.31309523809524
26,11,4,9,3,9.120436507936509,86.59761904761905
26,12,1,9,2,5.7821428571428575,85.79761904761905
26,13,5,6,4,9.951984126984128,86.62619047619047
26,14,1,2,1,5.297023809523809,84.81190476190476
26,15,3,9,6,8.436507936507937,86.4952380952381
26,16,1,9,2,5.7821428571428575,85.79761904761905
26,17,1,9,3,6.082936507936508,86.06547619047619
26,18,4,9,3,9.120436507936509,86.59761904761905
26,19,1,10,1,5.422420634920635,85.57738095238095
26,20,6,8,8,11.612896825396826,86.76785714285714
26,21,3,8,5,8.262896825396826,86.39642857142857
26,22,1,10,1,5.422420634920635,85.57738095238095
26,23,3,9,6,8.436507936507937,86.4952380952381
26,24,3,9,3,8.021031746031746,86.38333333333334
26,25,3,9,2,7.675992063492064,86.31309523809524
26,26,3,9,3,8.021031746031746,86.38333333333334
26,27,5,10,4,10.039285714285715,86.71309523809524
26,28,3,8,5,8.262896825396826,86.39642857142857
26,29,1,9,1,5.384126984126984,85.53690476190476
26,30,5,6,4,9.951984126984128,86.62619047619047
26,31,1,2,1,5.297023809523809,84.81190476190476
26,32,4,9,3,9.120436507936509,86.59761904761905
26,33,1,10,1,5.422420634920635,85.57738095238095
26,34,1,9,1,5.384126984126984,85.53690476190476
26,35,1,9,1,5.384126984126984,85.53690476190476
26,36,1,2,1,5.297023809523809,84.81190476190476
26,37,1,9,3,6.082936507936508,86.06547619047619
26,38,3,9,3,8.021031746031746,86.38333333333334
26,39,1,2,1,5.297023809523809,84.81190476190476
26,40,1,9,3,6.082936507936508,86.06547619047619
26,41,3,9,2,7.675992063492064,86.31309523809524
26,42,1,9,1,5.384126984126984,85.53690476190476
26,43,1,9,1,5.384126984126984,85.53690476190476
26,44,3,9,3,8.021031746031746,86.38333333333334
26,45,7,8,2,12.023809523809524,86.91547619047618
26,46,1,9,1,5.384126984126984,85.53690476190476
26,47,3,9,3,8.021031746031746,86.38333333333334
26,48,1,9,2,5.7821428571428575,85.79761904761905
26,49,1,2,1,5.297023809523809,84.81190476190476
27,0,7,8,2,12.023809523809524,86.91547619047618
27,1,1,1,1,5.200198412698413,84.49761904761905
27,2,1,1,1,5.200198412698413,84.49761904761905
27,3,7,8,2,12.023809523809524,86.91547619047618
27,4,2,10,1,6.657738095238095,86.28571428571428
27,5,1,2,1,5.297023809523809,84.81190476190476
27,6,1,9,1,5.384126984126984,85.53690476190476
27,7,6,8,8,11.612896825396826,86.76785714285714
27,8,5,10,4,10.039285714285715,86.71309523809524
27,9,1,9,3,6.082936507936508,86.06547619047619
27,10,3,9,2,7.675992063492064,86.31309523809524
27,11,4,9,3,9.120436507936509,86.59761904761905
27,12,1,9,2,5.7821428571428575,85.79761904761905
27,13,5,6,4,9.951984126984128,86.62619047619047
27,14,1,2,1,5.297023809523809,84.81190476190476
27,15,3,9,6,8.436507936507937,86.4952380952381
27,16,1,9,2,5.7821428571428575,85.79761904761905
27,17,1,9,3,6.082936507936508,86.06547619047619
27,18,4,9,3,9.120436507936509,86.59761904761905
27,19,1,10,1,5.422420634920635,85.57738095238095
27,20,6,8,8,11.612896825396826,86.76785714285714
27,21,3,8,5,8.262896825396826,86.39642857142857
27,22,1,10,1,5.422420634920635,85.57738095238095
27,23,3,9,6,8.436507936507937,86.4952380952381
27,24,3,9,3,8.021031746031746,86.38333333333334
27,25,3,9,2,7.675992063492064,86.31309523809524
27,26,3,9,3,8.021031746031746,86.38333333333334
27,27,5,10,4,10.039285714285715,86.71309523809524
27,28,3,8,5,8.262896825396826,86.39642857142857
27,29,1,9,1,5.384126984126984,85.53690476190476
27,30,5,6,4,9.951984126984128,86.62619047619047
27,31,1,9,3,6.082936507936508,86.06547619047619
27,32,1,9,1,5.384126984126984,85.53690476190476
27,33,3,9,3,8.021031746031746,86.38333333333334
27,34,1,2,1,5.297023809523809,84.81190476190476
27,35,4,9,3,9.120436507936509,86.59761904761905
27,36,1,9,2,5.7821428571428575,85.79761904761905
27,37,1,9,1,5.384126984126984,85.53690476190476
27,38,7,8,2,12.023809523809524,86.91547619047618
27,39,1,9,3,6.082936507936508,86.06547619047619
27,40,3,9,3,8.021031746031746,86.38333333333334
27,41,6,8,8,11.612896825396826,86.76785714285714
27,42,1,9,2,5.7821428571428575,85.79761904761905
27,43,1,9,1,5.384126984126984,85.53690476190476
27,44,1,9,2,5.7821428571428575,85.79761904761905
27,45,3,9,2,7.675992063492064,86.31309523809524
27,46,3,9,6,8.436507936507937,86.4952380952381
27,47,1,1,1,5.200198412698413,84.49761904761905
27,48,1,9,3,6.082936507936508,86.06547619047619
27,49,1,9,2,5.7821428571428575,85.79761904761905
28,0,7,8,2,12.023809523809524,86.91547619047618
28,1,1,1,1,5.200198412698413,84.49761904761905
28,2,7,8,2,12.023809523809524,86.91547619047618
28,3,1,1,1,5.200198412698413,84.49761904761905
28,4,2,10,1,6.657738095238095,86.28571428571428
28,5,1,2,1,5.297023809523809,84.81190476190476
28,6,1,9,1,5.384126984126984,85.53690476190476
28,7,6,8,8,11.612896825396826,86.76785714285714
28,8,5,10,4,10.039285714285715,86.71309523809524
28,9,1,9,3,6.082936507936508,86.06547619047619
28,10,3,9,2,7.675992063492064,86.31309523809524
28,11,4,9,3,9.120436507936509,86.59761904761905
28,12,1,9,2,5.7821428571428575,85.79761904761905
28,13,5,6,4,9.951984126984128,86.62619047619047
28,14,1,2,1,5.297023809523809,84.81190476190476
28,15,3,9,6,8.436507936507937,86.4952380952381
28,16,1,9,2,5.7821428571428575,85.79761904761905
28,17,1,9,3,6.082936507936508,86.06547619047619
28,18,4,9,3,9.120436507936509,86.59761904761905
28,19,1,10,1,5.422420634920635,85.57738095238095
28,20,6,8,8,11.612896825396826,86.76785714285714
28,21,3,8,5,8.262896825396826,86.39642857142857
28,22,1,10,1,5.422420634920635,85.57738095238095
28,23,3,9,6,8.436507936507937,86.4952380952381
28,24,3,9,3,8.021031746031746,86.38333333333334
28,25,3,9,2,7.675992063492064,86.31309523809524
28,26,3,9,3,8.021031746031746,86.38333333333334
28,27,5,10,4,10.039285714285715,86.71309523809524
28,28,3,8,5,8.262896825396826,86.39642857142857
28,29,1,9,1,5.384126984126984,85.53690476190476
28,30,5,6,4,9.951984126984128,86.62619047619047
28,31,1,9,3,6.082936507936508,86.06547619047619
28,32,3,9,2,7.675992063492064,86.31309523809524
28,33,3,9,2,7.675992063492064,86.31309523809524
28,34,3,9,2,7.675992063492064,86.31309523809524
28,35,1,9,1,5.384126984126984,85.53690476190476
28,36,1,2,1,5.297023809523809,84.81190476190476
28,37,1,9,3,6.082936507936508,86.06547619047619
28,38,1,9,3,6.082936507936508,86.06547619047619
28,39,1,9,2,5.7821428571428575,85.79761904761905
28,40,1,1,1,5.200198412698413,84.49761904761905
28,41,1,1,1,5.200198412698413,84.49761904761905
28,42,7,8,2,12.023809523809524,86.91547619047618
28,43,1,1,1,5.200198412698413,84.49761904761905
28,44,1,1,1,5.200198412698413,84.49761904761905
28,45,6,8,8,11.612896825396826,86.76785714285714
28,46,3,9,2,7.675992063492064,86.31309523809524
28,47,1,2,1,5.297023809523809,84.81190476190476
28,48,1,9,1,5.384126984126984,85.53690476190476
28,49,3,8,5,8.262896825396826,86.39642857142857
29,0,1,1,1,5.200198412698413,84.49761904761905
29,1,1,1,1,5.200198412698413,84.49761904761905
29,2,7,8,2,12.023809523809524,86.91547619047618
29,3,7,8,2,12.023809523809524,86.91547619047618
29,4,1,2,1,5.297023809523809,84.81190476190476
29,5,1,9,1,5.384126984126984,85.53690476190476
29,6,6,8,8,11.612896825396826,86.76785714285714
29,7,4,6,3,8.893650793650794,86.61785714285715
29,8,5,10,4,10.039285714285715,86.71309523809524
29,9,2,10,1,6.657738095238095,86.28571428571428
29,10,1,9,3,6.082936507936508,86.06547619047619
29,11,5,6,4,9.951984126984128,86.62619047619047
29,12,3,9,2,7.675992063492064,86.31309523809524
29,13,1,9,2,5.7821428571428575,85.79761904761905
29,14,1,2,1,5.297023809523809,84.81190476190476
29,15,1,9,2,5.7821428571428575,85.79761904761905
29,16,1,9,3,6.082936507936508,86.06547619047619
29,17,3,9,6,8.436507936507937,86.4952380952381
29,18,1,10,1,5.422420634920635,85.57738095238095
29,19,2,10,1,6.657738095238095,86.28571428571428
29,20,6,8,8,11.612896825396826,86.76785714285714
29,21,3,8,5,8.262896825396826,86.39642857142857
29,22,3,9,6,8.436507936507937,86.4952380952381
29,23,1,10,1,5.422420634920635,85.57738095238095
29,24,3,9,3,8.021031746031746,86.38333333333334
29,25,3,9,2,7.675992063492064,86.31309523809524
29,26,3,9,3,8.021031746031746,86.38333333333334
29,27,5,10,4,10.039285714285715,86.71309523809524
29,28,3,8,5,8.262896825396826,86.39642857142857
29,29,1,9,1,5.384126984126984,85.53690476190476
29,30,5,6,4,9.951984126984128,86.62619047619047
29,31,1,9,2,5.7821428571428575,85.79761904761905
29,32,3,9,2,7.675992063492064,86.31309523809524
29,33,1,9,3,6.082936507936508,86.06547619047619
29,34,3,9,2,7.675992063492064,86.31309523809524
29,35,3,9,2,7.675992063492064,86.31309523809524
29,36,3,9,3,8.021031746031746,86.38333333333334
29,37,3,9,2,7.675992063492064,86.31309523809524
29,38,1,2,1,5.297023809523809,84.81190476190476
29,39,5,10,4,10.039285714285715,86.71309523809524
29,40,6,8,8,11.612896825396826,86.76785714285714
29,41,1,9,2,5.7821428571428575,85.79761904761905
29,42,1,9,3,6.082936507936508,86.06547619047619
29,43,3,9,2,7.675992063492064,86.31309523809524
29,44,1,9,2,5.7821428571428575,85.79761904761905
29,45,1,1,1,5.200198412698413,84.49761904761905
29,46,1,9,3,6.082936507936508,86.06547619047619
29,47,1,1,1,5.200198412698413,84.49761904761905
29,48,1,1,1,5.200198412698413,84.49761904761905
29,49,3,8,5,8.262896825396826,86.39642857142857
30,0,7,8,2,12.023809523809524,86.91547619047618
30,1,7,8,2,12.023809523809524,86.91547619047618
30,2,1,1,1,5.200198412698413,84.49761904761905
30,3,1,1,1,5.200198412698413,84.49761904761905
30,4,1,2,1,5.297023809523809,84.81190476190476
30,5,1,9,1,5.384126984126984,85.53690476190476
30,6,6,8,8,11.612896825396826,86.76785714285714
30,7,5,10,4,10.039285714285715,86.71309523809524
30,8,2,10,1,6.657738095238095,86.28571428571428
30,9,4,6,3,8.893650793650794,86.61785714285715
30,10,5,6,4,9.951984126984128,86.62619047619047
30,11,3,9,2,7.675992063492064,86.31309523809524
30,12,1,9,7,6.361706349206349,86.07380952380953
30,13,1,9,2,5.7821428571428575,85.79761904761905
30,14,1,9,3,6.082936507936508,86.06547619047619
30,15,1,2,1,5.297023809523809,84.81190476190476
30,16,1,9,2,5.7821428571428575,85.79761904761905
30,17,3,9,6,8.436507936507937,86.4952380952381
30,18,1,10,1,5.422420634920635,85.57738095238095
30,19,6,8,8,11.612896825396826,86.76785714285714
30,20,3,8,5,8.262896825396826,86.39642857142857
30,21,3,9,6,8.436507936507937,86.4952380952381
30,22,4,6,3,8.893650793650794,86.61785714285715
30,23,1,10,1,5.422420634920635,85.57738095238095
30,24,3,9,3,8.021031746031746,86.38333333333334
30,25,3,9,2,7.675992063492064,86.31309523809524
30,26,3,9,3,8.021031746031746,86.38333333333334
30,27,2,10,1,6.657738095238095,86.28571428571428
30,28,1,9,3,6.082936507936508,86.06547619047619
30,29,5,10,4,10.039285714285715,86.71309523809524
30,30,3,8,5,8.262896825396826,86.39642857142857
30,31,1,9,1,5.384126984126984,85.53690476190476
30,32,5,6,4,9.951984126984128,86.62619047619047
30,33,1,9,2,5.7821428571428575,85.79761904761905
30,34,1,2,1,5.297023809523809,84.81190476190476
30,35,1,9,3,6.082936507936508,86.06547619047619
30,36,1,9,1,5.384126984126984,85.53690476190476
30,37,3,9,2,7.675992063492064,86.31309523809524
30,38,1,1,1,5.200198412698413,84.49761904761905
30,39,3,9,3,8.021031746031746,86.38333333333334
30,40,1,2,1,5.297023809523809,84.81190476190476
30,41,1,9,1,5.384126984126984,85.53690476190476
30,42,1,9,2,5.7821428571428575,85.79761904761905
30,43,7,8,2,12.023809523809524,86.91547619047618
30,44,1,9,3,6.082936507936508,86.06547619047619
30,45,1,1,1,5.200198412698413,84.49761904761905
30,46,3,9,2,7.675992063492064,86.31309523809524
30,47,3,9,2,7.675992063492064,86.31309523809524
30,48,3,9,2,7.675992063492064,86.31309523809524
30,49,1,9,3,6.082936507936508,86.06547619047619
31,0,7,8,2,12.023809523809524,86.91547619047618
31,1,1,1,1,5.200198412698413,84.49761904761905
31,2,7,8,2,12.023809523809524,86.91547619047618
31,3,1,1,1,5.200198412698413,84.49761904761905
31,4,1,5,1,5.295238095238095,85.08214285714286
31,5,6,8,8,11.612896825396826,86.76785714285714
31,6,5,10,4,10.039285714285715,86.71309523809524
31,7,2,10,1,6.657738095238095,86.28571428571428
31,8,4,6,3,8.893650793650794,86.61785714285715
31,9,1,9,1,5.384126984126984,85.53690476190476
31,10,5,6,4,9.951984126984128,86.62619047619047
31,11,3,9,2,7.675992063492064,86.31309523809524
31,12,1,9,2,5.7821428571428575,85.79761904761905
31,13,1,9,3,6.082936507936508,86.06547619047619
31,14,1,9,2,5.7821428571428575,85.79761904761905
31,15,1,9,7,6.361706349206349,86.07380952380953
31,16,3,9,6,8.436507936507937,86.4952380952381
31,17,1,10,1,5.422420634920635,85.57738095238095
31,18,6,8,8,11.612896825396826,86.76785714285714
31,19,3,8,5,8.262896825396826,86.39642857142857
31,20,3,9,6,8.436507936507937,86.4952380952381
31,21,4,6,3,8.893650793650794,86.61785714285715
31,22,1,10,1,5.422420634920635,85.57738095238095
31,23,3,9,3,8.021031746031746,86.38333333333334
31,24,3,9,2,7.675992063492064,86.31309523809524
31,25,3,9,3,8.021031746031746,86.38333333333334
31,26,2,10,1,6.657738095238095,86.28571428571428
31,27,1,9,3,6.082936507936508,86.06547619047619
31,28,1,9,7,6.361706349206349,86.07380952380953
31,29,5,10,4,10.039285714285715,86.71309523809524
31,30,3,8,5,8.262896825396826,86.39642857142857
31,31,1,9,1,5.384126984126984,85.53690476190476
31,32,5,6,4,9.951984126984128,86.62619047619047
31,33,3,9,2,7.675992063492064,86.31309523809524
31,34,1,9,2,5.7821428571428575,85.79761904761905
31,35,1,9,1,5.384126984126984,85.53690476190476
31,36,1,9,3,6.082936507936508,86.06547619047619
31,37,1,9,2,5.7821428571428575,85.79761904761905
31,38,1,9,1,5.384126984126984,85.53690476190476
31,39,1,9,2,5.7821428571428575,85.79761904761905
31,40,3,9,3,8.021031746031746,86.38333333333334
31,41,1,9,2,5.7821428571428575,85.79761904761905
31,42,1,1,1,5.200198412698413,84.49761904761905
31,43,1,9,3,6.082936507936508,86.06547619047619
31,44,1,9,2,5.7821428571428575,85.79761904761905
31,45,1,9,1,5.384126984126984,85.53690476190476
31,46,7,8,2,12.023809523809524,86.91547619047618
31,47,1,9,1,5.384126984126984,85.53690476190476
31,48,7,8,2,12.023809523809524,86.91547619047618
31,49,2,10,1,6.657738095238095,86.28571428571428
32,0,7,8,2,12.023809523809524,86.91547619047618
32,1,1,1,1,5.200198412698413,84.49761904761905
32,2,1,1,1,5.200198412698413,84.49761904761905
32,3,7,8,2,12.023809523809524,86.91547619047618
32,4,6,8,8,11.612896825396826,86.76785714285714
32,5,5,10,4,10.039285714285715,86.71309523809524
32,6,1,5,1,5.295238095238095,85.08214285714286
32,7,2,10,1,6.657738095238095,86.28571428571428
32,8,4,6,3,8.893650793650794,86.61785714285715
32,9,1,5,1,5.295238095238095,85.08214285714286
32,10,1,9,1,5.384126984126984,85.53690476190476
32,11,5,6,4,9.951984126984128,86.62619047619047
32,12,3,9,2,7.675992063492064,86.31309523809524
32,13,1,9,2,5.7821428571428575,85.79761904761905
32,14,1,9,3,6.082936507936508,86.06547619047619
32,15,1,9,2,5.7821428571428575,85.79761904761905
32,16,1,9,7,6.361706349206349,86.07380952380953
32,17,3,9,6,8.436507936507937,86.4952380952381
32,18,1,10,1,5.422420634920635,85.57738095238095
32,19,6,8,8,11.612896825396826,86.76785714285714
32,20,3,8,5,8.262896825396826,86.39642857142857
32,21,3,9,6,8.436507936507937,86.4952380952381
32,22,4,6,3,8.893650793650794,86.61785714285715
32,23,1,10,1,5.422420634920635,85.57738095238095
32,24,3,9,3,8.021031746031746,86.38333333333334
32,25,3,9,2,7.675992063492064,86.31309523809524
32,26,3,9,3,8.021031746031746,86.38333333333334
32,27,2,10,1,6.657738095238095,86.28571428571428
32,28,1,9,3,6.082936507936508,86.06547619047619
32,29,1,9,7,6.361706349206349,86.07380952380953
32,30,5,10,4,10.039285714285715,86.71309523809524
32,31,3,8,5,8.262896825396826,86.39642857142857
32,32,1,9,1,5.384126984126984,85.53690476190476
32,33,5,6,4,9.951984126984128,86.62619047619047
32,34,1,9,1,5.384126984126984,85.53690476190476
32,35,1,9,3,6.082936507936508,86.06547619047619
32,36,2,10,1,6.657738095238095,86.28571428571428
32,37,1,9,3,6.082936507936508,86.06547619047619
32,38,1,9,2,5.7821428571428575,85.79761904761905
32,39,1,9,1,5.384126984126984,85.53690476190476
32,40,3,9,2,7.675992063492064,86.31309523809524
32,41,1,9,2,5.7821428571428575,85.79761904761905
32,42,3,9,3,8.021031746031746,86.38333333333334
32,43,1,9,1,5.384126984126984,85.53690476190476
32,44,1,1,1,5.200198412698413,84.49761904761905
32,45,1,9,3,6.082936507936508,86.06547619047619
32,46,1,9,3,6.082936507936508,86.06547619047619
32,47,1,9,2,5.7821428571428575,85.79761904761905
32,48,1,1,1,5.200198412698413,84.49761904761905
32,49,1,9,3,6.082936507936508,86.06547619047619
33,0,1,1,1,5.200198412698413,84.49761904761905
33,1,7,8,2,12.023809523809524,86.91547619047618
33,2,1,1,1,5.200198412698413,84.49761904761905
33,3,7,8,2,12.023809523809524,86.91547619047618
33,4,6,8,8,11.612896825396826,86.76785714285714
33,5,5,10,4,10.039285714285715,86.71309523809524
33,6,1,5,1,5.295238095238095,85.08214285714286
33,7,2,10,1,6.657738095238095,86.28571428571428
33,8,4,6,3,8.893650793650794,86.61785714285715
33,9,1,5,1,5.295238095238095,85.08214285714286
33,10,1,9,1,5.384126984126984,85.53690476190476
33,11,5,6,4,9.951984126984128,86.62619047619047
33,12,3,9,2,7.675992063492064,86.31309523809524
33,13,1,9,2,5.7821428571428575,85.79761904761905
33,14,1,9,3,6.082936507936508,86.06547619047619
33,15,1,9,2,5.7821428571428575,85.79761904761905
33,16,1,9,7,6.361706349206349,86.07380952380953
33,17,3,9,6,8.436507936507937,86.4952380952381
33,18,1,10,1,5.422420634920635,85.57738095238095
33,19,6,8,8,11.612896825396826,86.76785714285714
33,20,3,8,5,8.262896825396826,86.39642857142857
33,21,3,9,6,8.436507936507937,86.4952380952381
33,22,4,6,3,8.893650793650794,86.61785714285715
33,23,1,10,1,5.422420634920635,85.57738095238095
33,24,3,9,3,8.021031746031746,86.38333333333334
33,25,3,9,2,7.675992063492064,86.31309523809524
33,26,3,9,3,8.021031746031746,86.38333333333334
33,27,2,10,1,6.657738095238095,86.28571428571428
33,28,1,9,3,6.082936507936508,86.06547619047619
33,29,1,9,7,6.361706349206349,86.07380952380953
33,30,5,10,4,10.039285714285715,86.71309523809524
33,31,3,8,5,8.262896825396826,86.39642857142857
33,32,1,9,1,5.384126984126984,85.53690476190476
33,33,5,6,4,9.951984126984128,86.62619047619047
33,34,1,9,7,6.361706349206349,86.07380952380953
33,35,1,1,1,5.200198412698413,84.49761904761905
33,36,1,9,3,6.082936507936508,86.06547619047619
33,37,3,8,5,8.262896825396826,86.39642857142857
33,38,1,9,2,5.7821428571428575,85.79761904761905
33,39,3,9,6,8.436507936507937,86.4952380952381
33,40,1,9,2,5.7821428571428575,85.79761904761905
33,41,3,9,2,7.675992063492064,86.31309523809524
33,42,1,9,3,6.082936507936508,86.06547619047619
33,43,3,9,2,7.675992063492064,86.31309523809524
33,44,1,1,1,5.200198412698413,84.49761904761905
33,45,1,9,3,6.082936507936508,86.06547619047619
33,46,2,10,1,6.657738095238095,86.28571428571428
33,47,1,9,1,5.384126984126984,85.53690476190476
33,48,3,9,2,7.675992063492064,86.31309523809524
33,49,1,9,1,5.384126984126984,85.53690476190476
34,0,1,1,1,5.200198412698413,84.49761904761905
34,1,7,8,2,12.023809523809524,86.91547619047618
34,2,1,1,1,5.200198412698413,84.49761904761905
34,3,7,8,2,12.023809523809524,86.91547619047618
34,4,6,8,8,11.612896825396826,86.76785714285714
34,5,5,10,4,10.039285714285715,86.71309523809524
34,6,1,5,1,5.295238095238095,85.08214285714286
34,7,2,10,1,6.657738095238095,86.28571428571428
34,8,4,6,3,8.893650793650794,86.61785714285715
34,9,1,5,1,5.295238095238095,85.08214285714286
34,10,1,9,1,5.384126984126984,85.53690476190476
34,11,5,6,4,9.951984126984128,86.62619047619047
34,12,3,9,2,7.675992063492064,86.31309523809524
34,13,1,9,2,5.7821428571428575,85.79761904761905
34,14,1,9,3,6.082936507936508,86.06547619047619
34,15,1,9,2,5.7821428571428575,85.79761904761905
34,16,1,9,7,6.361706349206349,86.07380952380953
34,17,3,9,6,8.436507936507937,86.4952380952381
34,18,1,10,1,5.422420634920635,85.57738095238095
34,19,6,8,8,11.612896825396826,86.76785714285714
34,20,3,8,5,8.262896825396826,86.39642857142857
34,21,3,9,6,8.436507936507937,86.4952380952381
34,22,4,6,3,8.893650793650794,86.61785714285715
34,23,1,10,1,5.422420634920635,85.57738095238095
34,24,3,9,3,8.021031746031746,86.38333333333334
34,25,3,9,2,7.675992063492064,86.31309523809524
34,26,3,9,3,8.021031746031746,86.38333333333334
34,27,2,10,1,6.657738095238095,86.28571428571428
34,28,1,9,3,6.082936507936508,86.06547619047619
34,29,1,9,7,6.361706349206349,86.07380952380953
34,30,5,10,4,10.039285714285715,86.71309523809524
34,31,3,8,5,8.262896825396826,86.39642857142857
34,32,1,9,1,5.384126984126984,85.53690476190476
34,33,5,6,4,9.951984126984128,86.62619047619047
34,34,3,9,3,8.021031746031746,86.38333333333334
34,35,1,9,1,5.384126984126984,85.53690476190476
34,36,3,8,5,8.262896825396826,86.39642857142857
34,37,1,9,2,5.7821428571428575,85.79761904761905
34,38,1,9,2,5.7821428571428575,85.79761904761905
34,39,1,9,2,5.7821428571428575,85.79761904761905
34,40,1,1,1,5.200198412698413,84.49761904761905
34,41,1,9,7,6.361706349206349,86.07380952380953
34,42,1,9,1,5.384126984126984,85.53690476190476
34,43,3,9,2,7.675992063492064,86.31309523809524
34,44,1,9,3,6.082936507936508,86.06547619047619
34,45,1,9,7,6.361706349206349,86.07380952380953
34,46,1,9,1,5.384126984126984,85.53690476190476
34,47,4,6,3,8.893650793650794,86.61785714285715
34,48,1,1,1,5.200198412698413,84.49761904761905
34,49,3,8,5,8.262896825396826,86.39642857142857
35,0,1,1,1,5.200198412698413,84.49761904761905
35,1,7,8,2,12.023809523809524,86.91547619047618
35,2,1,1,1,5.200198412698413,84.49761904761905
35,3,7,8,2,12.023809523809524,86.91547619047618
35,4,6,8,8,11.612896825396826,86.76785714285714
35,5,5,10,4,10.039285714285715,86.71309523809524
35,6,1,5,1,5.295238095238095,85.08214285714286
35,7,2,10,1,6.657738095238095,86.28571428571428
35,8,4,6,3,8.893650793650794,86.61785714285715
35,9,1,5,1,5.295238095238095,85.08214285714286
35,10,1,9,1,5.384126984126984,85.53690476190476
35,11,5,6,4,9.951984126984128,86.62619047619047
35,12,3,9,2,7.675992063492064,86.31309523809524
35,13,1,9,2,5.7821428571428575,85.79761904761905
35,14,1,9,3,6.082936507936508,86.06547619047619
35,15,1,9,2,5.7821428571428575,85.79761904761905
35,16,1,9,7,6.361706349206349,86.07380952380953
35,17,3,9,6,8.436507936507937,86.4952380952381
35,18,1,10,1,5.422420634920635,85.57738095238095
35,19,6,8,8,11.612896825396826,86.76785714285714
35,20,3,8,5,8.262896825396826,86.39642857142857
35,21,3,9,6,8.436507936507937,86.4952380952381
35,22,4,6,3,8.893650793650794,86.61785714285715
35,23,1,10,1,5.422420634920635,85.57738095238095
35,24,3,9,3,8.021031746031746,86.38333333333334
35,25,3,9,2,7.675992063492064,86.31309523809524
35,26,3,9,3,8.021031746031746,86.38333333333334
35,27,2,10,1,6.657738095238095,86.28571428571428
35,28,1,9,3,6.082936507936508,86.06547619047619
35,29,1,9,7,6.361706349206349,86.07380952380953
35,30,5,10,4,10.039285714285715,86.71309523809524
35,31,3,8,5,8.262896825396826,86.39642857142857
35,32,1,9,1,5.384126984126984,85.53690476190476
35,33,5,6,4,9.951984126984128,86.62619047619047
35,34,1,9,1,5.384126984126984,85.53690476190476
35,35,1,9,1,5.384126984126984,85.53690476190476
35,36,1,9,1,5.384126984126984,85.53690476190476
35,37,1,9,3,6.082936507936508,86.06547619047619
35,38,3,8,5,8.262896825396826,86.39642857142857
35,39,3,9,3,8.021031746031746,86.38333333333334
35,40,1,9,2,5.7821428571428575,85.79761904761905
35,41,7,8,2,12.023809523809524,86.91547619047618
35,42,1,9,2,5.7821428571428575,85.79761904761905
35,43,3,8,5,8.262896825396826,86.39642857142857
35,44,4,6,3,8.893650793650794,86.61785714285715
35,45,4,6,3,8.893650793650794,86.61785714285715
35,46,1,1,1,5.200198412698413,84.49761904761905
35,47,5,10,4,10.039285714285715,86.71309523809524
35,48,1,9,1,5.384126984126984,85.53690476190476
35,49,1,9,7,6.361706349206349,86.07380952380953
36,0,1,1,1,5.200198412698413,84.49761904761905
36,1,7,8,2,12.023809523809524,86.91547619047618
36,2,7,8,2,12.023809523809524,86.91547619047618
36,3,1,1,1,5.200198412698413,84.49761904761905
36,4,6,8,8,11.612896825396826,86.76785714285714
36,5,5,10,4,10.039285714285715,86.71309523809524
36,6,1,5,1,5.295238095238095,85.08214285714286
36,7,2,10,1,6.657738095238095,86.28571428571428
36,8,4,6,3,8.893650793650794,86.61785714285715
36,9,1,5,1,5.295238095238095,85.08214285714286
36,10,1,9,1,5.384126984126984,85.53690476190476
36,11,5,6,4,9.951984126984128,86.62619047619047
36,12,3,9,2,7.675992063492064,86.31309523809524
36,13,1,9,2,5.7821428571428575,85.79761904761905
36,14,1,9,3,6.082936507936508,86.06547619047619
36,15,1,9,2,5.7821428571428575,85.79761904761905
36,16,1,9,7,6.361706349206349,86.07380952380953
36,17,3,9,6,8.436507936507937,86.4952380952381
36,18,1,10,1,5.422420634920635,85.57738095238095
36,19,6,8,8,11.612896825396826,86.76785714285714
36,20,3,8,5,8.262896825396826,86.39642857142857
36,21,3,9,6,8.436507936507937,86.4952380952381
36,22,4,6,3,8.893650793650794,86.61785714285715
36,23,1,10,1,5.422420634920635,85.57738095238095
36,24,3,9,3,8.021031746031746,86.38333333333334
36,25,3,9,2,7.675992063492064,86.31309523809524
36,26,3,9,3,8.021031746031746,86.38333333333334
36,27,2,10,1,6.657738095238095,86.28571428571428
36,28,1,9,3,6.082936507936508,86.06547619047619
36,29,1,9,7,6.361706349206349,86.07380952380953
36,30,5,10,4,10.039285714285715,86.71309523809524
36,31,3,8,5,8.262896825396826,86.39642857142857
36,32,1,9,1,5.384126984126984,85.53690476190476
36,33,5,6,4,9.951984126984128,86.62619047619047
36,34,1,9,1,5.384126984126984,85.53690476190476
36,35,1,9,1,5.384126984126984,85.53690476190476
36,36,1,9,1,5.384126984126984,85.53690476190476
36,37,1,9,3,6.082936507936508,86.06547619047619
36,38,4,6,3,8.893650793650794,86.61785714285715
36,39,3,9,3,8.021031746031746,86.38333333333334
36,40,4,6,3,8.893650793650794,86.61785714285715
36,41,1,9,1,5.384126984126984,85.53690476190476
36,42,1,9,3,6.082936507936508,86.06547619047619
36,43,3,8,5,8.262896825396826,86.39642857142857
36,44,5,10,4,10.039285714285715,86.71309523809524
36,45,7,8,2,12.023809523809524,86.91547619047618
36,46,3,9,2,7.675992063492064,86.31309523809524
36,47,3,8,5,8.262896825396826,86.39642857142857
36,48,3,9,2,7.675992063492064,86.31309523809524
36,49,1,9,1,5.384126984126984,85.53690476190476
37,0,1,1,1,5.200198412698413,84.49761904761905
37,1,7,8,2,12.023809523809524,86.91547619047618
37,2,1,1,1,5.200198412698413,84.49761904761905
37,3,7,8,2,12.023809523809524,86.91547619047618
37,4,6,8,8,11.612896825396826,86.76785714285714
37,5,5,10,4,10.039285714285715,86.71309523809524
37,6,1,5,1,5.295238095238095,85.08214285714286
37,7,2,10,1,6.657738095238095,86.28571428571428
37,8,4,6,3,8.893650793650794,86.61785714285715
37,9,1,5,1,5.295238095238095,85.08214285714286
37,10,1,9,1,5.384126984126984,85.53690476190476
37,11,5,6,4,9.951984126984128,86.62619047619047
37,12,3,9,2,7.675992063492064,86.31309523809524
37,13,1,9,2,5.7821428571428575,85.79761904761905
37,14,1,9,3,6.082936507936508,86.06547619047619
37,15,1,9,2,5.7821428571428575,85.79761904761905
37,16,1,9,7,6.361706349206349,86.07380952380953
37,17,3,9,6,8.436507936507937,86.4952380952381
37,18,1,10,1,5.422420634920635,85.57738095238095
37,19,6,8,8,11.612896825396826,86.76785714285714
37,20,3,8,5,8.262896825396826,86.39642857142857
37,21,3,9,6,8.436507936507937,86.4952380952381
37,22,4,6,3,8.893650793650794,86.61785714285715
37,23,1,10,1,5.422420634920635,85.57738095238095
37,24,3,9,3,8.021031746031746,86.38333333333334
37,25,3,9,2,7.675992063492064,86.31309523809524
37,26,3,9,3,8.021031746031746,86.38333333333334
37,27,2,10,1,6.657738095238095,86.28571428571428
37,28,1,9,3,6.082936507936508,86.06547619047619
37,29,1,9,7,6.361706349206349,86.07380952380953
37,30,5,10,4,10.039285714285715,86.71309523809524
37,31,3,8,5,8.262896825396826,86.39642857142857
37,32,1,9,1,5.384126984126984,85.53690476190476
37,33,5,6,4,9.951984126984128,86.62619047619047
37,34,7,8,2,12.023809523809524,86.91547619047618
37,35,1,9,3,6.082936507936508,86.06547619047619
37,36,3,9,2,7.675992063492064,86.31309523809524
37,37,1,9,1,5.384126984126984,85.53690476190476
37,38,1,9,2,5.7821428571428575,85.79761904761905
37,39,3,8,5,8.262896825396826,86.39642857142857
37,40,1,9,7,6.361706349206349,86.07380952380953
37,41,7,8,2,12.023809523809524,86.91547619047618
37,42,1,9,3,6.082936507936508,86.06547619047619
37,43,1,9,3,6.082936507936508,86.06547619047619
37,44,1,9,2,5.7821428571428575,85.79761904761905
37,45,3,9,3,8.021031746031746,86.38333333333334
37,46,1,9,7,6.361706349206349,86.07380952380953
37,47,3,9,2,7.675992063492064,86.31309523809524
37,48,1,9,3,6.082936507936508,86.06547619047619
37,49,3,8,5,8.262896825396826,86.39642857142857
38,0,7,8,2,12.023809523809524,86.91547619047618
38,1,1,1,1,5.200198412698413,84.49761904761905
38,2,7,8,2,12.023809523809524,86.91547619047618
38,3,1,1,1,5.200198412698413,84.49761904761905
38,4,6,8,8,11.612896825396826,86.76785714285714
38,5,5,10,4,10.039285714285715,86.71309523809524
38,6,1,5,1,5.295238095238095,85.08214285714286
38,7,2,10,1,6.657738095238095,86.28571428571428
38,8,4,6,3,8.893650793650794,86.61785714285715
38,9,1,5,1,5.295238095238095,85.08214285714286
38,10,1,9,1,5.384126984126984,85.53690476190476
38,11,5,6,4,9.951984126984128,86.62619047619047
38,12,3,9,2,7.675992063492064,86.31309523809524
38,13,1,9,2,5.7821428571428575,85.79761904761905
38,14,1,9,3,6.082936507936508,86.06547619047619
38,15,1,9,2,5.7821428571428575,85.79761904761905
38,16,1,9,7,6.361706349206349,86.07380952380953
38,17,3,9,6,8.436507936507937,86.4952380952381
38,18,1,10,1,5.422420634920635,85.57738095238095
38,19,6,8,8,11.612896825396826,86.76785714285714
38,20,3,8,5,8.262896825396826,86.39642857142857
38,21,3,9,6,8.436507936507937,86.4952380952381
38,22,4,6,3,8.893650793650794,86.61785714285715
38,23,1,10,1,5.422420634920635,85.57738095238095
38,24,3,9,3,8.021031746031746,86.38333333333334
38,25,3,9,2,7.675992063492064,86.31309523809524
38,26,3,9,3,8.021031746031746,86.38333333333334
38,27,2,10,1,6.657738095238095,86.28571428571428
38,28,1,9,3,6.082936507936508,86.06547619047619
38,29,1,9,7,6.361706349206349,86.07380952380953
38,30,5,10,4,10.039285714285715,86.71309523809524
38,31,3,8,5,8.262896825396826,86.39642857142857
38,32,1,9,1,5.384126984126984,85.53690476190476
38,33,5,6,4,9.951984126984128,86.62619047619047
38,34,1,10,1,5.422420634920635,85.57738095238095
38,35,1,9,1,5.384126984126984,85.53690476190476
38,36,2,10,1,6.657738095238095,86.28571428571428
38,37,3,9,6,8.436507936507937,86.4952380952381
38,38,1,9,2,5.7821428571428575,85.79761904761905
38,39,1,9,2,5.7821428571428575,85.79761904761905
38,40,1,9,3,6.082936507936508,86.06547619047619
38,41,1,9,1,5.384126984126984,85.53690476190476
38,42,3,9,6,8.436507936507937,86.4952380952381
38,43,1,9,3,6.082936507936508,86.06547619047619
38,44,1,9,3,6.082936507936508,86.06547619047619
38,45,3,8,5,8.262896825396826,86.39642857142857
38,46,3,9,2,7.675992063492064,86.31309523809524
38,47,1,9,7,6.361706349206349,86.07380952380953
38,48,3,8,5,8.262896825396826,86.39642857142857
38,49,1,9,3,6.082936507936508,86.06547619047619
39,0,7,8,2,12.023809523809524,86.91547619047618
39,1,7,8,2,12.023809523809524,86.91547619047618
39,2,1,1,1,5.200198412698413,84.49761904761905
39,3,1,1,1,5.200198412698413,84.49761904761905
39,4,6,8,8,11.612896825396826,86.76785714285714
39,5,5,10,4,10.039285714285715,86.71309523809524
39,6,1,5,1,5.295238095238095,85.08214285714286
39,7,2,10,1,6.657738095238095,86.28571428571428
39,8,4,6,3,8.893650793650794,86.61785714285715
39,9,1,5,1,5.295238095238095,85.08214285714286
39,10,1,9,1,5.384126984126984,85.53690476190476
39,11,5,6,4,9.951984126984128,86.62619047619047
39,12,3,9,2,7.675992063492064,86.31309523809524
39,13,1,9,2,5.7821428571428575,85.79761904761905
39,14,1,9,3,6.082936507936508,86.06547619047619
39,15,1,9,2,5.7821428571428575,85.79761904761905
39,16,1,9,7,6.361706349206349,86.07380952380953
39,17,3,9,6,8.436507936507937,86.4952380952381
39,18,1,10,1,5.422420634920635,85.57738095238095
39,19,6,8,8,11.612896825396826,86.76785714285714
39,20,3,8,5,8.262896825396826,86.39642857142857
39,21,3,9,6,8.436507936507937,86.4952380952381
39,22,4,6,3,8.893650793650794,86.61785714285715
39,23,1,10,1,5.422420634920635,85.57738095238095
39,24,3,9,3,8.021031746031746,86.38333333333334
39,25,3,9,2,7.675992063492064,86.31309523809524
39,26,3,9,3,8.021031746031746,86.38333333333334
39,27,2,10,1,6.657738095238095,86.28571428571428
39,28,1,9,3,6.082936507936508,86.06547619047619
39,29,1,9,7,6.361706349206349,86.07380952380953
39,30,5,10,4,10.039285714285715,86.71309523809524
39,31,3,8,5,8.262896825396826,86.39642857142857
39,32,1,9,1,5.384126984126984,85.53690476190476
39,33,5,6,4,9.951984126984128,86.62619047619047
39,34,1,9,3,6.082936507936508,86.06547619047619
39,35,1,9,3,6.082936507936508,86.06547619047619
39,36,3,9,6,8.436507936507937,86.4952380952381
39,37,1,9,7,6.361706349206349,86.07380952380953
39,38,3,9,2,7.675992063492064,86.31309523809524
39,39,1,9,3,6.082936507936508,86.06547619047619
39,40,1,1,1,5.200198412698413,84.49761904761905
39,41,1,9,1,5.384126984126984,85.53690476190476
39,42,1,9,3,6.082936507936508,86.06547619047619
39,43,2,10,1,6.657738095238095,86.28571428571428
39,44,3,9,6,8.436507936507937,86.4952380952381
39,45,1,9,2,5.7821428571428575,85.79761904761905
39,46,1,5,1,5.295238095238095,85.08214285714286
39,47,1,5,1,5.295238095238095,85.08214285714286
39,48,1,10,1,5.422420634920635,85.57738095238095
39,49,1,10,1,5.422420634920635,85.57738095238095
40,0,1,1,1,5.200198412698413,84.49761904761905
40,1,7,8,2,12.023809523809524,86.91547619047618
40,2,7,8,2,12.023809523809524,86.91547619047618
40,3,1,1,1,5.200198412698413,84.49761904761905
40,4,6,8,8,11.612896825396826,86.76785714285714
40,5,5,10,4,10.039285714285715,86.71309523809524
40,6,1,5,1,5.295238095238095,85.08214285714286
40,7,2,10,1,6.657738095238095,86.28571428571428
40,8,4,6,3,8.893650793650794,86.61785714285715
40,9,1,5,1,5.295238095238095,85.08214285714286
40,10,1,9,1,5.384126984126984,85.53690476190476
40,11,5,6,4,9.951984126984128,86.62619047619047
40,12,3,9,2,7.675992063492064,86.31309523809524
40,13,1,9,2,5.7821428571428575,85.79761904761905
40,14,1,9,3,6.082936507936508,86.06547619047619
40,15,1,9,2,5.7821428571428575,85.79761904761905
40,16,1,9,7,6.361706349206349,86.07380952380953
40,17,3,9,6,8.436507936507937,86.4952380952381
40,18,1,10,1,5.422420634920635,85.57738095238095
40,19,6,8,8,11.612896825396826,86.76785714285714
40,20,3,8,5,8.262896825396826,86.39642857142857
40,21,3,9,6,8.436507936507937,86.4952380952381
40,22,4,6,3,8.893650793650794,86.61785714285715
40,23,1,10,1,5.422420634920635,85.57738095238095
40,24,3,9,3,8.021031746031746,86.38333333333334
40,25,3,9,2,7.675992063492064,86.31309523809524
40,26,3,9,3,8.021031746031746,86.38333333333334
40,27,2,10,1,6.657738095238095,86.28571428571428
40,28,1,9,3,6.082936507936508,86.06547619047619
40,29,1,9,7,6.361706349206349,86.07380952380953
40,30,5,10,4,10.039285714285715,86.71309523809524
40,31,3,8,5,8.262896825396826,86.39642857142857
40,32,1,9,1,5.384126984126984,85.53690476190476
40,33,5,6,4,9.951984126984128,86.62619047619047
40,34,1,9,7,6.361706349206349,86.07380952380953
40,35,4,6,3,8.893650793650794,86.61785714285715
40,36,3,9,6,8.436507936507937,86.4952380952381
40,37,3,9,2,7.675992063492064,86.31309523809524
40,38,1,10,1,5.422420634920635,85.57738095238095
40,39,1,9,1,5.384126984126984,85.53690476190476
40,40,2,10,1,6.657738095238095,86.28571428571428
40,41,3,9,6,8.436507936507937,86.4952380952381
40,42,1,9,2,5.7821428571428575,85.79761904761905
40,43,2,10,1,6.657738095238095,86.28571428571428
40,44,1,9,3,6.082936507936508,86.06547619047619
40,45,1,9,3,6.082936507936508,86.06547619047619
40,46,1,9,3,6.082936507936508,86.06547619047619
40,47,3,8,5,8.262896825396826,86.39642857142857
40,48,1,9,2,5.7821428571428575,85.79761904761905
40,49,1,9,2,5.7821428571428575,85.79761904761905
41,0,1,1,1,5.200198412698413,84.49761904761905
41,1,7,8,2,12.023809523809524,86.91547619047618
41,2,1,1,1,5.200198412698413,84.49761904761905
41,3,7,8,2,12.023809523809524,86.91547619047618
41,4,6,8,8,11.612896825396826,86.76785714285714
41,5,5,10,4,10.039285714285715,86.71309523809524
41,6,1,5,1,5.295238095238095,85.08214285714286
41,7,2,10,1,6.657738095238095,86.28571428571428
41,8,4,6,3,8.893650793650794,86.61785714285715
41,9,1,5,1,5.295238095238095,85.08214285714286
41,10,1,9,1,5.384126984126984,85.53690476190476
41,11,5,6,4,9.951984126984128,86.62619047619047
41,12,3,9,2,7.675992063492064,86.31309523809524
41,13,1,9,2,5.7821428571428575,85.79761904761905
41,14,1,9,3,6.082936507936508,86.06547619047619
41,15,1,9,2,5.7821428571428575,85.79761904761905
41,16,1,9,7,6.361706349206349,86.07380952380953
41,17,3,9,6,8.436507936507937,86.4952380952381
41,18,1,10,1,5.422420634920635,85.57738095238095
41,19,6,8,8,11.612896825396826,86.76785714285714
41,20,3,8,5,8.262896825396826,86.39642857142857
41,21,3,9,6,8.436507936507937,86.4952380952381
41,22,4,6,3,8.893650793650794,86.61785714285715
41,23,1,10,1,5.422420634920635,85.57738095238095
41,24,3,9,3,8.021031746031746,86.38333333333334
41,25,3,9,2,7.675992063492064,86.31309523809524
41,26,3,9,3,8.021031746031746,86.38333333333334
41,27,2,10,1,6.657738095238095,86.28571428571428
41,28,1,9,3,6.082936507936508,86.06547619047619
41,29,1,9,7,6.361706349206349,86.07380952380953
41,30,5,10,4,10.039285714285715,86.71309523809524
41,31,3,8,5,8.262896825396826,86.39642857142857
41,32,1,9,1,5.384126984126984,85.53690476190476
41,33,5,6,4,9.951984126984128,86.62619047619047
41,34,7,8,2,12.023809523809524,86.91547619047618
41,35,3,8,5,8.262896825396826,86.39642857142857
41,36,1,9,3,6.082936507936508,86.06547619047619
41,37,1,9,1,5.384126984126984,85.53690476190476
41,38,1,9,2,5.7821428571428575,85.79761904761905
41,39,1,1,1,5.200198412698413,84.49761904761905
41,40,1,5,1,5.295238095238095,85.08214285714286
41,41,6,8,8,11.612896825396826,86.76785714285714
41,42,1,9,3,6.082936507936508,86.06547619047619
41,43,1,10,1,5.422420634920635,85.57738095238095
41,44,7,8,2,12.023809523809524,86.91547619047618
41,45,1,9,1,5.384126984126984,85.53690476190476
41,46,1,1,1,5.200198412698413,84.49761904761905
41,47,1,9,3,6.082936507936508,86.06547619047619
41,48,1,9,7,6.361706349206349,86.07380952380953
41,49,3,9,2,7.675992063492064,86.31309523809524
42,0,1,1,1,5.200198412698413,84.49761904761905
42,1,1,1,1,5.200198412698413,84.49761904761905
42,2,7,8,2,12.023809523809524,86.91547619047618
42,3,7,8,2,12.023809523809524,86.91547619047618
42,4,6,8,8,11.612896825396826,86.76785714285714
42,5,5,10,4,10.039285714285715,86.71309523809524
42,6,1,5,1,5.295238095238095,85.08214285714286
42,7,2,10,1,6.657738095238095,86.28571428571428
42,8,4,6,3,8.893650793650794,86.61785714285715
42,9,1,5,1,5.295238095238095,85.08214285714286
42,10,1,9,1,5.384126984126984,85.53690476190476
42,11,5,6,4,9.951984126984128,86.62619047619047
42,12,3,9,2,7.675992063492064,86.31309523809524
42,13,1,9,2,5.7821428571428575,85.79761904761905
42,14,1,9,3,6.082936507936508,86.06547619047619
42,15,1,9,2,5.7821428571428575,85.79761904761905
42,16,1,9,7,6.361706349206349,86.07380952380953
42,17,3,9,6,8.436507936507937,86.4952380952381
42,18,1,10,1,5.422420634920635,85.57738095238095
42,19,6,8,8,11.612896825396826,86.76785714285714
42,20,3,8,5,8.262896825396826,86.39642857142857
42,21,3,9,6,8.436507936507937,86.4952380952381
42,22,4,6,3,8.893650793650794,86.61785714285715
42,23,1,10,1,5.422420634920635,85.57738095238095
42,24,3,9,3,8.021031746031746,86.38333333333334
42,25,3,9,2,7.675992063492064,86.31309523809524
42,26,3,9,3,8.021031746031746,86.38333333333334
42,27,2,10,1,6.657738095238095,86.28571428571428
42,28,1,9,3,6.082936507936508,86.06547619047619
42,29,1,9,7,6.361706349206349,86.07380952380953
42,30,5,10,4,10.039285714285715,86.71309523809524
42,31,3,8,5,8.262896825396826,86.39642857142857
42,32,1,9,1,5.384126984126984,85.53690476190476
42,33,5,6,4,9.951984126984128,86.62619047619047
42,34,7,8,2,12.023809523809524,86.91547619047618
42,35,1,5,1,5.295238095238095,85.08214285714286
42,36,1,5,1,5.295238095238095,85.08214285714286
42,37,1,9,1,5.384126984126984,85.53690476190476
42,38,1,9,7,6.361706349206349,86.07380952380953
42,39,1,10,1,5.422420634920635,85.57738095238095
42,40,5,6,4,9.951984126984128,86.62619047619047
42,41,1,9,2,5.7821428571428575,85.79761904761905
42,42,1,9,3,6.082936507936508,86.06547619047619
42,43,1,9,2,5.7821428571428575,85.79761904761905
42,44,3,9,3,8.021031746031746,86.38333333333334
42,45,1,9,1,5.384126984126984,85.53690476190476
42,46,1,1,1,5.200198412698413,84.49761904761905
42,47,1,9,3,6.082936507936508,86.06547619047619
42,48,1,9,3,6.082936507936508,86.06547619047619
42,49,7,8,2,12.023809523809524,86.91547619047618
43,0,1,1,1,5.200198412698413,84.49761904761905
43,1,7,8,2,12.023809523809524,86.91547619047618
43,2,1,1,1,5.200198412698413,84.49761904761905
43,3,7,8,2,12.023809523809524,86.91547619047618
43,4,6,8,8,11.612896825396826,86.76785714285714
43,5,5,10,4,10.039285714285715,86.71309523809524
43,6,1,5,1,5.295238095238095,85.08214285714286
43,7,2,10,1,6.657738095238095,86.28571428571428
43,8,4,6,3,8.893650793650794,86.61785714285715
43,9,1,5,1,5.295238095238095,85.08214285714286
43,10,1,9,1,5.384126984126984,85.53690476190476
43,11,5,6,4,9.951984126984128,86.62619047619047
43,12,3,9,2,7.675992063492064,86.31309523809524
43,13,1,9,2,5.7821428571428575,85.79761904761905
43,14,1,9,3,6.082936507936508,86.06547619047619
43,15,1,9,2,5.7821428571428575,85.79761904761905
43,16,1,9,7,6.361706349206349,86.07380952380953
43,17,3,9,6,8.436507936507937,86.4952380952381
43,18,1,10,1,5.422420634920635,85.57738095238095
43,19,6,8,8,11.612896825396826,86.76785714285714
43,20,3,8,5,8.262896825396826,86.39642857142857
43,21,3,9,6,8.436507936507937,86.4952380952381
43,22,4,6,3,8.893650793650794,86.61785714285715
43,23,1,10,1,5.422420634920635,85.57738095238095
43,24,3,9,3,8.021031746031746,86.38333333333334
43,25,3,9,2,7.675992063492064,86.31309523809524
43,26,3,9,3,8.021031746031746,86.38333333333334
43,27,2,10,1,6.657738095238095,86.28571428571428
43,28,1,9,3,6.082936507936508,86.06547619047619
43,29,1,9,7,6.361706349206349,86.07380952380953
43,30,5,10,4,10.039285714285715,86.71309523809524
43,31,3,8,5,8.262896825396826,86.39642857142857
43,32,1,9,1,5.384126984126984,85.53690476190476
43,33,5,6,4,9.951984126984128,86.62619047619047
43,34,1,9,2,5.7821428571428575,85.79761904761905
43,35,3,9,3,8.021031746031746,86.38333333333334
43,36,1,9,1,5.384126984126984,85.53690476190476
43,37,5,6,4,9.951984126984128,86.62619047619047
43,38,1,9,7,6.361706349206349,86.07380952380953
43,39,1,9,1,5.384126984126984,85.53690476190476
43,40,1,1,1,5.200198412698413,84.49761904761905
43,41,1,5,1,5.295238095238095,85.08214285714286
43,42,3,9,2,7.675992063492064,86.31309523809524
43,43,6,8,8,11.612896825396826,86.76785714285714
43,44,1,9,3,6.082936507936508,86.06547619047619
43,45,1,10,1,5.422420634920635,85.57738095238095
43,46,1,9,3,6.082936507936508,86.06547619047619
43,47,7,8,2,12.023809523809524,86.91547619047618
43,48,1,1,1,5.200198412698413,84.49761904761905
43,49,7,8,2,12.023809523809524,86.91547619047618
44,0,7,8,2,12.023809523809524,86.91547619047618
44,1,1,1,1,5.200198412698413,84.49761904761905
44,2,7,8,2,12.023809523809524,86.91547619047618
44,3,1,1,1,5.200198412698413,84.49761904761905
44,4,6,8,8,11.612896825396826,86.76785714285714
44,5,5,10,4,10.039285714285715,86.71309523809524
44,6,1,5,1,5.295238095238095,85.08214285714286
44,7,2,10,1,6.657738095238095,86.28571428571428
44,8,4,6,3,8.893650793650794,86.61785714285715
44,9,1,5,1,5.295238095238095,85.08214285714286
44,10,1,9,1,5.384126984126984,85.53690476190476
44,11,5,6,4,9.951984126984128,86.62619047619047
44,12,3,9,2,7.675992063492064,86.31309523809524
44,13,1,9,2,5.7821428571428575,85.79761904761905
44,14,1,9,3,6.082936507936508,86.06547619047619
44,15,1,9,2,5.7821428571428575,85.79761904761905
44,16,1,9,7,6.361706349206349,86.07380952380953
44,17,3,9,6,8.436507936507937,86.4952380952381
44,18,1,10,1,5.422420634920635,85.57738095238095
44,19,6,8,8,11.612896825396826,86.76785714285714
44,20,3,8,5,8.262896825396826,86.39642857142857
44,21,3,9,6,8.436507936507937,86.4952380952381
44,22,4,6,3,8.893650793650794,86.61785714285715
44,23,1,10,1,5.422420634920635,85.57738095238095
44,24,3,9,3,8.021031746031746,86.38333333333334
44,25,3,9,2,7.675992063492064,86.31309523809524
44,26,3,9,3,8.021031746031746,86.38333333333334
44,27,2,10,1,6.657738095238095,86.28571428571428
44,28,1,9,3,6.082936507936508,86.06547619047619
44,29,1,9,7,6.361706349206349,86.07380952380953
44,30,5,10,4,10.039285714285715,86.71309523809524
44,31,3,8,5,8.262896825396826,86.39642857142857
44,32,1,9,1,5.384126984126984,85.53690476190476
44,33,5,6,4,9.951984126984128,86.62619047619047
44,34,1,10,1,5.422420634920635,85.57738095238095
44,35,5,6,4,9.951984126984128,86.62619047619047
44,36,1,9,1,5.384126984126984,85.53690476190476
44,37,1,1,1,5.200198412698413,84.49761904761905
44,38,1,9,2,5.7821428571428575,85.79761904761905
44,39,1,9,3,6.082936507936508,86.06547619047619
44,40,1,9,3,6.082936507936508,86.06547619047619
44,41,3,9,3,8.021031746031746,86.38333333333334
44,42,1,9,2,5.7821428571428575,85.79761904761905
44,43,3,9,6,8.436507936507937,86.4952380952381
44,44,1,5,1,5.295238095238095,85.08214285714286
44,45,1,9,2,5.7821428571428575,85.79761904761905
44,46,1,9,1,5.384126984126984,85.53690476190476
44,47,6,8,8,11.612896825396826,86.76785714285714
44,48,5,10,4,10.039285714285715,86.71309523809524
44,49,1,9,2,5.7821428571428575,85.79761904761905
45,0,7,8,2,12.023809523809524,86.91547619047618
45,1,1,1,1,5.200198412698413,84.49761904761905
45,2,1,1,1,5.200198412698413,84.49761904761905
45,3,7,8,2,12.023809523809524,86.91547619047618
45,4,6,8,8,11.612896825396826,86.76785714285714
45,5,5,10,4,10.039285714285715,86.71309523809524
45,6,1,5,1,5.295238095238095,85.08214285714286
45,7,2,10,1,6.657738095238095,86.28571428571428
45,8,4,6,3,8.893650793650794,86.61785714285715
45,9,1,5,1,5.295238095238095,85.08214285714286
45,10,1,9,1,5.384126984126984,85.53690476190476
45,11,5,6,4,9.951984126984128,86.62619047619047
45,12,3,9,2,7.675992063492064,86.31309523809524
45,13,1,9,2,5.7821428571428575,85.79761904761905
45,14,1,9,3,6.082936507936508,86.06547619047619
45,15,1,9,2,5.7821428571428575,85.79761904761905
45,16,1,9,7,6.361706349206349,86.07380952380953
45,17,3,9,6,8.436507936507937,86.4952380952381
45,18,1,10,1,5.422420634920635,85.57738095238095
45,19,6,8,8,11.612896825396826,86.76785714285714
45,20,3,8,5,8.262896825396826,86.39642857142857
45,21,3,9,6,8.436507936507937,86.4952380952381
45,22,4,6,3,8.893650793650794,86.61785714285715
45,23,1,10,1,5.422420634920635,85.57738095238095
45,24,3,9,3,8.021031746031746,86.38333333333334
45,25,3,9,2,7.675992063492064,86.31309523809524
45,26,3,9,3,8.021031746031746,86.38333333333334
45,27,2,10,1,6.657738095238095,86.28571428571428
45,28,1,9,3,6.082936507936508,86.06547619047619
45,29,1,9,7,6.361706349206349,86.07380952380953
45,30,5,10,4,10.039285714285715,86.71309523809524
45,31,3,8,5,8.262896825396826,86.39642857142857
45,32,1,9,1,5.384126984126984,85.53690476190476
45,33,5,6,4,9.951984126984128,86.62619047619047
45,34,1,9,3,6.082936507936508,86.06547619047619
45,35,1,9,2,5.7821428571428575,85.79761904761905
45,36,5,6,4,9.951984126984128,86.62619047619047
45,37,3,9,6,8.436507936507937,86.4952380952381
45,38,3,9,3,8.021031746031746,86.38333333333334
45,39,1,9,3,6.082936507936508,86.06547619047619
45,40,1,9,1,5.384126984126984,85.53690476190476
45,41,1,9,1,5.384126984126984,85.53690476190476
45,42,1,1,1,5.200198412698413,84.49761904761905
45,43,1,9,1,5.384126984126984,85.53690476190476
45,44,1,1,1,5.200198412698413,84.49761904761905
45,45,6,8,8,11.612896825396826,86.76785714285714
45,46,1,9,1,5.384126984126984,85.53690476190476
45,47,1,9,1,5.384126984126984,85.53690476190476
45,48,3,9,6,8.436507936507937,86.4952380952381
45,49,1,9,1,5.384126984126984,85.53690476190476
46,0,1,1,1,5.200198412698413,84.49761904761905
46,1,7,8,2,12.023809523809524,86.91547619047618
46,2,7,8,2,12.023809523809524,86.91547619047618
46,3,1,1,1,5.200198412698413,84.49761904761905
46,4,6,8,8,11.612896825396826,86.76785714285714
46,5,5,10,4,10.039285714285715,86.71309523809524
46,6,1,5,1,5.295238095238095,85.08214285714286
46,7,2,10,1,6.657738095238095,86.28571428571428
46,8,4,6,3,8.893650793650794,86.61785714285715
46,9,1,5,1,5.295238095238095,85.08214285714286
46,10,1,9,1,5.384126984126984,85.53690476190476
46,11,5,6,4,9.951984126984128,86.62619047619047
46,12,3,9,2,7.675992063492064,86.31309523809524
46,13,1,9,2,5.7821428571428575,85.79761904761905
46,14,1,9,3,6.082936507936508,86.06547619047619
46,15,1,9,2,5.7821428571428575,85.79761904761905
46,16,1,9,7,6.361706349206349,86.07380952380953
46,17,3,9,6,8.436507936507937,86.4952380952381
46,18,1,10,1,5.422420634920635,85.57738095238095
46,19,6,8,8,11.612896825396826,86.76785714285714
46,20,3,8,5,8.262896825396826,86.39642857142857
46,21,3,9,6,8.436507936507937,86.4952380952381
46,22,4,6,3,8.893650793650794,86.61785714285715
46,23,1,10,1,5.422420634920635,85.57738095238095
46,24,3,9,3,8.021031746031746,86.38333333333334
46,25,3,9,2,7.675992063492064,86.31309523809524
46,26,3,9,3,8.021031746031746,86.38333333333334
46,27,2,10,1,6.657738095238095,86.28571428571428
46,28,1,9,3,6.082936507936508,86.06547619047619
46,29,1,9,7,6.361706349206349,86.07380952380953
46,30,5,10,4,10.039285714285715,86.71309523809524
46,31,3,8,5,8.262896825396826,86.39642857142857
46,32,1,9,1,5.384126984126984,85.53690476190476
46,33,5,6,4,9.951984126984128,86.62619047619047
46,34,1,1,1,5.200198412698413,84.49761904761905
46,35,1,9,1,5.384126984126984,85.53690476190476
46,36,1,9,1,5.384126984126984,85.53690476190476
46,37,1,9,2,5.7821428571428575,85.79761904761905
46,38,1,9,3,6.082936507936508,86.06547619047619
46,39,1,9,7,6.361706349206349,86.07380952380953
46,40,3,9,6,8.436507936507937,86.4952380952381
46,41,1,9,2,5.7821428571428575,85.79761904761905
46,42,1,9,3,6.082936507936508,86.06547619047619
46,43,1,9,1,5.384126984126984,85.53690476190476
46,44,1,9,7,6.361706349206349,86.07380952380953
46,45,1,9,1,5.384126984126984,85.53690476190476
46,46,1,9,1,5.384126984126984,85.53690476190476
46,47,3,9,3,8.021031746031746,86.38333333333334
46,48,1,9,1,5.384126984126984,85.53690476190476
46,49,1,9,1,5.384126984126984,85.53690476190476
47,0,1,1,1,5.200198412698413,84.49761904761905
47,1,7,8,2,12.023809523809524,86.91547619047618
47,2,1,1,1,5.200198412698413,84.49761904761905
47,3,7,8,2,12.023809523809524,86.91547619047618
47,4,6,8,8,11.612896825396826,86.76785714285714
47,5,5,10,4,10.039285714285715,86.71309523809524
47,6,1,5,1,5.295238095238095,85.08214285714286
47,7,2,10,1,6.657738095238095,86.28571428571428
47,8,4,6,3,8.893650793650794,86.61785714285715
47,9,1,5,1,5.295238095238095,85.08214285714286
47,10,1,9,1,5.384126984126984,85.53690476190476
47,11,5,6,4,9.951984126984128,86.62619047619047
47,12,3,9,2,7.675992063492064,86.31309523809524
47,13,1,9,2,5.7821428571428575,85.79761904761905
47,14,1,9,3,6.082936507936508,86.06547619047619
47,15,1,9,2,5.7821428571428575,85.79761904761905
47,16,1,9,7,6.361706349206349,86.07380952380953
47,17,3,9,6,8.436507936507937,86.4952380952381
47,18,1,10,1,5.422420634920635,85.57738095238095
47,19,6,8,8,11.612896825396826,86.76785714285714
47,20,3,8,5,8.262896825396826,86.39642857142857
47,21,3,9,6,8.436507936507937,86.4952380952381
47,22,4,6,3,8.893650793650794,86.61785714285715
47,23,1,10,1,5.422420634920635,85.57738095238095
47,24,3,9,3,8.021031746031746,86.38333333333334
47,25,3,9,2,7.675992063492064,86.31309523809524
47,26,3,9,3,8.021031746031746,86.38333333333334
47,27,2,10,1,6.657738095238095,86.28571428571428
47,28,1,9,3,6.082936507936508,86.06547619047619
47,29,1,9,7,6.361706349206349,86.07380952380953
47,30,5,10,4,10.039285714285715,86.71309523809524
47,31,3,8,5,8.262896825396826,86.39642857142857
47,32,1,9,1,5.384126984126984,85.53690476190476
47,33,5,6,4,9.951984126984128,86.62619047619047
47,34,1,9,7,6.361706349206349,86.07380952380953
47,35,1,9,2,5.7821428571428575,85.79761904761905
47,36,3,9,6,8.436507936507937,86.4952380952381
47,37,1,5,1,5.295238095238095,85.08214285714286
47,38,1,9,7,6.361706349206349,86.07380952380953
47,39,3,9,3,8.021031746031746,86.38333333333334
47,40,1,9,1,5.384126984126984,85.53690476190476
47,41,1,5,1,5.295238095238095,85.08214285714286
47,42,3,9,2,7.675992063492064,86.31309523809524
47,43,3,9,3,8.021031746031746,86.38333333333334
47,44,1,9,1,5.384126984126984,85.53690476190476
47,45,1,1,1,5.200198412698413,84.49761904761905
47,46,1,9,3,6.082936507936508,86.06547619047619
47,47,6,8,8,11.612896825396826,86.76785714285714
47,48,1,1,1,5.200198412698413,84.49761904761905
47,49,1,9,2,5.7821428571428575,85.79761904761905
48,0,7,8,2,12.023809523809524,86.91547619047618
48,1,7,8,2,12.023809523809524,86.91547619047618
48,2,1,1,1,5.200198412698413,84.49761904761905
48,3,1,1,1,5.200198412698413,84.49761904761905
48,4,1,4,1,5.2746031746031745,85.16785714285714
48,5,6,8,8,11.612896825396826,86.76785714285714
48,6,5,10,4,10.039285714285715,86.71309523809524
48,7,2,10,1,6.657738095238095,86.28571428571428
48,8,4,6,3,8.893650793650794,86.61785714285715
48,9,5,6,4,9.951984126984128,86.62619047619047
48,10,3,9,2,7.675992063492064,86.31309523809524
48,11,1,9,2,5.7821428571428575,85.79761904761905
48,12,1,9,1,5.384126984126984,85.53690476190476
48,13,1,9,3,6.082936507936508,86.06547619047619
48,14,1,9,2,5.7821428571428575,85.79761904761905
48,15,1,9,7,6.361706349206349,86.07380952380953
48,16,3,9,6,8.436507936507937,86.4952380952381
48,17,1,10,1,5.422420634920635,85.57738095238095
48,18,6,8,8,11.612896825396826,86.76785714285714
48,19,3,8,5,8.262896825396826,86.39642857142857
48,20,3,9,6,8.436507936507937,86.4952380952381
48,21,4,6,3,8.893650793650794,86.61785714285715
48,22,1,10,1,5.422420634920635,85.57738095238095
48,23,3,9,3,8.021031746031746,86.38333333333334
48,24,3,9,2,7.675992063492064,86.31309523809524
48,25,3,9,3,8.021031746031746,86.38333333333334
48,26,2,10,1,6.657738095238095,86.28571428571428
48,27,1,9,3,6.082936507936508,86.06547619047619
48,28,1,9,7,6.361706349206349,86.07380952380953
48,29,5,10,4,10.039285714285715,86.71309523809524
48,30,1,9,1,5.384126984126984,85.53690476190476
48,31,3,8,5,8.262896825396826,86.39642857142857
48,32,5,6,4,9.951984126984128,86.62619047619047
48,33,3,9,3,8.021031746031746,86.38333333333334
48,34,1,9,2,5.7821428571428575,85.79761904761905
48,35,1,9,7,6.361706349206349,86.07380952380953
48,36,1,1,1,5.200198412698413,84.49761904761905
48,37,1,9,3,6.082936507936508,86.06547619047619
48,38,7,8,2,12.023809523809524,86.91547619047618
48,39,1,9,1,5.384126984126984,85.53690476190476
48,40,7,8,2,12.023809523809524,86.91547619047618
48,41,3,9,2,7.675992063492064,86.31309523809524
48,42,1,9,1,5.384126984126984,85.53690476190476
48,43,1,9,2,5.7821428571428575,85.79761904761905
48,44,1,9,2,5.7821428571428575,85.79761904761905
48,45,6,8,8,11.612896825396826,86.76785714285714
48,46,1,9,1,5.384126984126984,85.53690476190476
48,47,1,9,1,5.384126984126984,85.53690476190476
48,48,3,9,2,7.675992063492064,86.31309523809524
48,49,3,9,6,8.436507936507937,86.4952380952381
49,0,1,1,1,5.200198412698413,84.49761904761905
49,1,7,8,2,12.023809523809524,86.91547619047618
49,2,7,8,2,12.023809523809524,86.91547619047618
49,3,1,1,1,5.200198412698413,84.49761904761905
49,4,1,4,1,5.2746031746031745,85.16785714285714
49,5,6,8,8,11.612896825396826,86.76785714285714
49,6,5,10,4,10.039285714285715,86.71309523809524
49,7,2,10,1,6.657738095238095,86.28571428571428
49,8,4,6,3,8.893650793650794,86.61785714285715
49,9,5,6,4,9.951984126984128,86.62619047619047
49,10,3,9,2,7.675992063492064,86.31309523809524
49,11,1,4,1,5.2746031746031745,85.16785714285714
49,12,1,9,2,5.7821428571428575,85.79761904761905
49,13,1,9,1,5.384126984126984,85.53690476190476
49,14,1,9,3,6.082936507936508,86.06547619047619
49,15,1,9,2,5.7821428571428575,85.79761904761905
49,16,1,9,7,6.361706349206349,86.07380952380953
49,17,3,9,6,8.436507936507937,86.4952380952381
49,18,1,10,1,5.422420634920635,85.57738095238095
49,19,6,8,8,11.612896825396826,86.76785714285714
49,20,3,8,5,8.262896825396826,86.39642857142857
49,21,3,9,6,8.436507936507937,86.4952380952381
49,22,4,6,3,8.893650793650794,86.61785714285715
49,23,1,10,1,5.422420634920635,85.57738095238095
49,24,3,9,3,8.021031746031746,86.38333333333334
49,25,3,9,2,7.675992063492064,86.31309523809524
49,26,3,9,3,8.021031746031746,86.38333333333334
49,27,2,10,1,6.657738095238095,86.28571428571428
49,28,1,9,3,6.082936507936508,86.06547619047619
49,29,1,9,7,6.361706349206349,86.07380952380953
49,30,5,10,4,10.039285714285715,86.71309523809524
49,31,1,9,1,5.384126984126984,85.53690476190476
49,32,3,8,5,8.262896825396826,86.39642857142857
49,33,5,6,4,9.951984126984128,86.62619047619047
49,34,1,9,1,5.384126984126984,85.53690476190476
49,35,1,9,1,5.384126984126984,85.53690476190476
49,36,1,9,7,6.361706349206349,86.07380952380953
49,37,1,9,2,5.7821428571428575,85.79761904761905
49,38,1,10,1,5.422420634920635,85.57738095238095
49,39,1,9,1,5.384126984126984,85.53690476190476
49,40,7,8,2,12.023809523809524,86.91547619047618
49,41,3,9,2,7.675992063492064,86.31309523809524
49,42,1,9,2,5.7821428571428575,85.79761904761905
49,43,1,9,3,6.082936507936508,86.06547619047619
49,44,3,9,6,8.436507936507937,86.4952380952381
49,45,1,9,2,5.7821428571428575,85.79761904761905
49,46,1,1,1,5.200198412698413,84.49761904761905
49,47,3,9,3,8.021031746031746,86.38333333333334
49,48,3,9,6,8.436507936507937,86.4952380952381
49,49,7,8,2,12.023809523809524,86.91547619047618
