generation,individual_index,post_loading_buffer_capacity,post_conveyor_buffer_capacity,post_washing_buffer_capacity,pre_press1_buffer_capacity,pre_press2_buffer_capacity,post_press12_buffer_capacity,wip,throughput
0,0,10,4,2,4,3,1,29.155654761904763,27.375
0,1,9,1,1,5,9,8,31.257440476190474,27.438095238095237
0,2,4,2,3,2,5,4,22.10972222222222,27.169047619047618
0,3,3,4,8,4,3,4,27.906845238095237,27.358333333333334
0,4,4,2,8,6,5,9,31.029265873015873,27.40595238095238
0,5,1,2,5,6,3,4,22.940277777777776,27.330357142857142
0,6,7,1,4,2,1,6,21.013392857142858,26.797619047619047
0,7,2,10,1,3,2,7,24.256349206349206,27.25654761904762
0,8,9,1,3,7,6,2,32.23363095238095,27.380357142857143
0,9,8,5,2,8,2,1,31.047718253968256,27.356547619047618
0,10,4,3,3,7,5,10,28.185416666666665,27.33809523809524
0,11,6,2,7,8,5,3,33.99007936507937,27.401785714285715
0,12,3,5,9,5,8,3,35.996924603174605,27.410119047619048
0,13,8,2,10,2,9,2,36.838095238095235,27.436309523809523
0,14,3,7,3,5,9,1,33.06636904761905,27.373809523809523
0,15,9,5,9,8,4,10,41.048809523809524,27.40297619047619
0,16,10,4,1,2,2,1,25.109920634920634,27.11190476190476
0,17,7,7,2,7,5,3,34.13720238095238,27.38154761904762
0,18,2,1,8,7,5,9,29.041468253968254,27.326190476190476
0,19,5,7,1,2,7,8,28.214682539682542,27.25654761904762
0,20,3,2,10,7,5,7,32.9765873015873,27.370238095238093
0,21,10,4,5,9,2,3,35.96458333333334,27.323214285714286
0,22,1,8,5,9,2,2,30.97519841269841,27.273809523809526
0,23,10,7,3,6,3,8,35.028571428571425,27.311309523809523
0,24,2,7,10,2,4,7,31.016269841269843,27.29345238095238
0,25,2,9,6,2,5,3,29.952579365079366,27.19107142857143
0,26,8,9,6,8,5,9,42.12450396825397,27.386904761904763
0,27,7,7,5,6,7,2,38.017361111111114,27.361309523809524
0,28,6,2,3,8,1,10,26.181944444444444,26.964285714285715
0,29,7,3,4,9,2,9,31.003968253968253,27.180357142857144
0,30,5,9,10,3,7,10,40.029761904761905,27.348809523809525
0,31,9,5,8,5,6,2,38.93511904761905,27.320238095238096
0,32,6,8,2,10,6,5,38.138392857142854,27.29940476190476
0,33,3,9,10,8,10,8,45.97301587301587,27.383333333333333
0,34,5,5,9,6,1,9,31.927083333333332,27.045238095238094
0,35,9,8,6,7,3,5,39.102579365079364,27.24404761904762
0,36,10,10,3,4,10,5,43.00456349206349,27.3375
0,37,9,10,8,8,3,9,43.91428571428572,27.339285714285715
0,38,10,2,5,7,10,1,39.84315476190476,27.31607142857143
0,39,10,10,2,9,6,5,43.17738095238095,27.327380952380953
0,40,5,9,8,9,3,4,40.1078373015873,27.266666666666666
0,41,9,10,3,1,3,2,32.05863095238095,26.99047619047619
0,42,10,10,5,9,3,3,43.10406746031746,27.308333333333334
0,43,5,10,5,8,10,9,44.004464285714285,27.33809523809524
0,44,5,8,5,9,10,1,42.86468253968254,27.282738095238095
0,45,10,8,3,5,1,8,33.18452380952381,27.014880952380953
0,46,7,7,8,10,10,5,47.90277777777778,27.33511904761905
0,47,7,1,9,1,10,10,34.04851190476191,26.970238095238095
0,48,8,9,7,7,7,2,44.02847222222222,27.23095238095238
0,49,5,8,9,1,5,10,34.072519841269845,26.870238095238093
1,0,9,1,1,5,9,8,31.257440476190474,27.438095238095237
1,1,1,2,5,6,3,4,22.940277777777776,27.330357142857142
1,2,6,2,1,2,3,3,20.280257936507937,27.273214285714285
1,3,8,2,1,2,2,2,21.265773809523807,27.274404761904762
1,4,4,2,2,6,5,9,25.184126984126983,27.39047619047619
1,5,4,2,3,7,9,8,31.13581349206349,27.42857142857143
1,6,2,7,10,2,4,8,30.98343253968254,27.410714285714285
1,7,1,2,4,1,5,3,19.01378968253968,26.919642857142858
1,8,10,4,2,4,3,1,29.155654761904763,27.375
1,9,4,2,3,2,5,4,22.10972222222222,27.169047619047618
1,10,4,2,8,6,5,9,31.029265873015873,27.40595238095238
1,11,7,1,4,2,1,6,21.013392857142858,26.797619047619047
1,12,3,5,9,5,8,3,35.996924603174605,27.410119047619048
1,13,8,2,10,2,9,2,36.838095238095235,27.436309523809523
1,14,2,1,1,7,5,9,22.222619047619048,27.267261904761906
1,15,1,5,2,7,2,1,22.98621031746032,27.323809523809523
1,16,2,4,8,4,3,4,27.06388888888889,27.363690476190477
1,17,8,2,7,8,4,2,34.94623015873016,27.407738095238095
1,18,3,4,8,4,3,4,27.906845238095237,27.358333333333334
1,19,2,10,1,3,2,7,24.256349206349206,27.25654761904762
1,20,9,1,3,7,6,2,32.23363095238095,27.380357142857143
1,21,6,2,7,8,5,3,33.99007936507937,27.401785714285715
1,22,9,3,1,1,2,1,22.153968253968255,26.860119047619047
1,23,7,7,4,6,7,2,37.09861111111111,27.40892857142857
1,24,2,9,1,3,3,7,24.336805555555557,27.311309523809523
1,25,8,5,2,8,2,1,31.047718253968256,27.356547619047618
1,26,4,3,3,7,5,10,28.185416666666665,27.33809523809524
1,27,3,7,3,5,9,1,33.06636904761905,27.373809523809523
1,28,9,5,9,8,4,10,41.048809523809524,27.40297619047619
1,29,10,4,1,2,2,1,25.109920634920634,27.11190476190476
1,30,7,7,2,7,5,3,34.13720238095238,27.38154761904762
1,31,3,2,10,7,5,7,32.9765873015873,27.370238095238093
1,32,7,1,1,9,2,9,26.301488095238096,27.27202380952381
1,33,2,10,7,8,2,7,34.79662698412698,27.391666666666666
1,34,2,1,8,7,5,9,29.041468253968254,27.326190476190476
1,35,5,7,1,2,7,8,28.214682539682542,27.25654761904762
1,36,8,9,6,8,5,9,42.12450396825397,27.386904761904763
1,37,7,7,5,6,7,2,38.017361111111114,27.361309523809524
1,38,4,5,3,6,1,9,25.169444444444444,26.979761904761904
1,39,9,2,5,7,10,1,38.934424603174605,27.36845238095238
1,40,2,7,10,2,4,7,31.016269841269843,27.29345238095238
1,41,6,2,3,8,1,10,26.181944444444444,26.964285714285715
1,42,5,9,10,3,7,10,40.029761904761905,27.348809523809525
1,43,3,9,10,8,10,8,45.97301587301587,27.383333333333333
1,44,6,2,3,8,1,10,26.181944444444444,26.964285714285715
1,45,3,4,9,5,2,4,28.841269841269842,27.24404761904762
1,46,6,6,2,1,5,5,26.17718253968254,26.904761904761905
1,47,9,1,3,5,9,8,33.08204365079365,27.324404761904763
1,48,5,7,7,10,9,5,44.01200396825397,27.37797619047619
1,49,2,9,6,2,4,3,29.04563492063492,27.29047619047619
2,0,9,1,1,5,9,8,31.257440476190474,27.438095238095237
2,1,1,2,5,6,3,4,22.940277777777776,27.330357142857142
2,2,6,2,1,2,3,3,20.280257936507937,27.273214285714285
2,3,1,2,1,2,3,3,15.253174603174603,27.263690476190476
2,4,1,2,5,6,3,2,23.00049603174603,27.429166666666667
2,5,1,4,1,7,2,1,21.074503968253968,27.327380952380953
2,6,4,2,2,6,5,9,25.184126984126983,27.39047619047619
2,7,4,2,3,7,9,8,31.13581349206349,27.42857142857143
2,8,2,7,10,2,4,8,30.98343253968254,27.410714285714285
2,9,1,2,4,1,5,3,19.01378968253968,26.919642857142858
2,10,8,2,10,2,9,2,36.838095238095235,27.436309523809523
2,11,1,5,2,7,2,1,22.98621031746032,27.323809523809523
2,12,1,2,4,1,5,2,19.052876984126986,27.016666666666666
2,13,4,1,3,2,5,4,21.19593253968254,27.28035714285714
2,14,4,2,3,7,9,8,31.13581349206349,27.42857142857143
2,15,8,2,1,2,2,1,21.05605158730159,27.1375
2,16,8,1,2,7,6,2,30.112400793650792,27.39702380952381
2,17,1,2,4,1,5,3,19.01378968253968,26.919642857142858
2,18,8,2,1,2,2,2,21.265773809523807,27.274404761904762
2,19,10,4,2,4,3,1,29.155654761904763,27.375
2,20,4,2,8,6,5,9,31.029265873015873,27.40595238095238
2,21,7,1,4,2,1,6,21.013392857142858,26.797619047619047
2,22,3,5,9,5,8,3,35.996924603174605,27.410119047619048
2,23,8,2,7,8,4,2,34.94623015873016,27.407738095238095
2,24,2,9,1,3,3,7,24.336805555555557,27.311309523809523
2,25,7,1,4,2,1,6,21.013392857142858,26.797619047619047
2,26,7,2,2,1,3,3,21.133829365079364,27.027976190476192
2,27,7,1,8,5,4,9,30.997916666666665,27.391666666666666
2,28,5,2,5,6,3,3,26.96656746031746,27.370238095238097
2,29,4,2,3,2,5,4,22.10972222222222,27.169047619047618
2,30,2,1,1,7,5,9,22.222619047619048,27.267261904761906
2,31,2,4,8,4,3,4,27.06388888888889,27.363690476190477
2,32,9,1,3,7,6,2,32.23363095238095,27.380357142857143
2,33,6,2,7,8,5,3,33.99007936507937,27.401785714285715
2,34,7,7,4,6,7,2,37.09861111111111,27.40892857142857
2,35,2,1,1,7,5,9,22.222619047619048,27.267261904761906
2,36,1,7,4,7,7,2,32.195238095238096,27.379761904761907
2,37,8,1,3,5,9,8,32.06230158730159,27.36845238095238
2,38,4,5,3,6,2,9,26.212698412698412,27.298809523809524
2,39,2,1,8,8,2,9,26.906349206349205,27.304761904761904
2,40,9,3,1,1,2,1,22.153968253968255,26.860119047619047
2,41,9,5,9,8,4,10,41.048809523809524,27.40297619047619
2,42,6,2,1,6,1,9,22.265079365079366,26.988095238095237
2,43,3,2,2,6,5,9,24.058630952380952,27.17142857142857
2,44,2,10,7,8,2,7,34.79662698412698,27.391666666666666
2,45,3,4,8,4,3,4,27.906845238095237,27.358333333333334
2,46,7,1,1,9,2,9,26.301488095238096,27.27202380952381
2,47,2,10,1,3,2,7,24.256349206349206,27.25654761904762
2,48,3,2,10,7,5,7,32.9765873015873,27.370238095238093
2,49,4,3,3,6,5,10,27.082242063492064,27.34880952380952
3,0,9,1,1,5,9,8,31.257440476190474,27.438095238095237
3,1,1,2,1,2,3,3,15.253174603174603,27.263690476190476
3,2,1,2,5,6,3,2,23.00049603174603,27.429166666666667
3,3,6,4,8,4,8,3,36.04255952380952,27.45357142857143
3,4,5,1,3,2,2,6,19.10436507936508,27.355357142857144
3,5,1,2,1,2,1,2,13.166269841269841,26.70952380952381
3,6,1,1,1,7,3,1,19.177281746031746,27.357738095238094
3,7,1,2,1,2,2,7,14.258531746031746,27.188690476190477
3,8,1,1,4,5,4,3,21.022817460317462,27.391666666666666
3,9,1,2,5,6,3,4,22.940277777777776,27.330357142857142
3,10,6,2,1,2,3,3,20.280257936507937,27.273214285714285
3,11,1,4,1,7,2,1,21.074503968253968,27.327380952380953
3,12,4,2,3,7,9,8,31.13581349206349,27.42857142857143
3,13,2,7,10,2,4,8,30.98343253968254,27.410714285714285
3,14,8,2,10,2,9,2,36.838095238095235,27.436309523809523
3,15,4,2,3,7,9,8,31.13581349206349,27.42857142857143
3,16,1,2,5,6,3,4,22.940277777777776,27.330357142857142
3,17,1,4,4,6,3,1,23.9375,27.407738095238095
3,18,3,4,2,3,5,9,23.234424603174602,27.370833333333334
3,19,1,4,1,2,2,6,16.158630952380953,27.1375
3,20,8,1,1,2,2,1,20.122619047619047,27.24345238095238
3,21,4,2,2,6,5,9,25.184126984126983,27.39047619047619
3,22,1,5,2,7,2,1,22.98621031746032,27.323809523809523
3,23,8,2,1,2,2,1,21.05605158730159,27.1375
3,24,8,1,2,7,6,2,30.112400793650792,27.39702380952381
3,25,4,2,8,6,5,9,31.029265873015873,27.40595238095238
3,26,3,5,9,5,8,3,35.996924603174605,27.410119047619048
3,27,8,2,7,8,4,2,34.94623015873016,27.407738095238095
3,28,1,4,1,1,5,1,18.14454365079365,27.022619047619045
3,29,1,5,2,1,2,2,17.060218253968255,26.901785714285715
3,30,1,2,2,1,5,2,17.131349206349206,26.98452380952381
3,31,1,2,4,1,4,3,18.031448412698413,27.020238095238096
3,32,3,5,9,5,8,3,35.996924603174605,27.410119047619048
3,33,1,5,1,6,2,1,21.087698412698412,27.32261904761905
3,34,1,2,4,1,5,3,19.01378968253968,26.919642857142858
3,35,1,2,4,1,5,2,19.052876984126986,27.016666666666666
3,36,4,1,3,2,5,4,21.19593253968254,27.28035714285714
3,37,1,2,4,1,5,3,19.01378968253968,26.919642857142858
3,38,2,9,1,3,3,7,24.336805555555557,27.311309523809523
3,39,7,2,2,1,3,3,21.133829365079364,27.027976190476192
3,40,7,1,8,5,4,9,30.997916666666665,27.391666666666666
3,41,6,2,7,8,5,3,33.99007936507937,27.401785714285715
3,42,7,7,4,6,7,2,37.09861111111111,27.40892857142857
3,43,2,4,9,4,2,3,26.907738095238095,27.385714285714286
3,44,4,2,3,6,2,9,23.178968253968254,27.310714285714287
3,45,4,2,3,6,2,9,23.178968253968254,27.310714285714287
3,46,2,9,1,3,3,7,24.336805555555557,27.311309523809523
3,47,5,2,3,2,1,4,19.113095238095237,26.795238095238094
3,48,9,5,9,8,4,10,41.048809523809524,27.40297619047619
3,49,1,4,4,1,5,3,20.999801587301587,26.992261904761904
4,0,9,1,1,5,9,8,31.257440476190474,27.438095238095237
4,1,1,2,1,2,3,3,15.253174603174603,27.263690476190476
4,2,1,2,5,6,3,2,23.00049603174603,27.429166666666667
4,3,6,4,8,4,8,3,36.04255952380952,27.45357142857143
4,4,5,1,3,2,2,6,19.10436507936508,27.355357142857144
4,5,1,1,1,7,3,1,19.177281746031746,27.357738095238094
4,6,1,2,1,2,2,7,14.258531746031746,27.188690476190477
4,7,1,1,4,5,4,3,21.022817460317462,27.391666666666666
4,8,6,4,8,4,8,3,36.04255952380952,27.45357142857143
4,9,1,2,1,2,2,7,14.258531746031746,27.188690476190477
4,10,1,1,1,2,2,1,13.045535714285714,27.074404761904763
4,11,6,4,8,4,8,3,36.04255952380952,27.45357142857143
4,12,1,2,1,2,1,2,13.166269841269841,26.70952380952381
4,13,6,2,1,2,3,3,20.280257936507937,27.273214285714285
4,14,1,4,1,7,2,1,21.074503968253968,27.327380952380953
4,15,4,2,3,7,9,8,31.13581349206349,27.42857142857143
4,16,2,7,10,2,4,8,30.98343253968254,27.410714285714285
4,17,8,2,10,2,9,2,36.838095238095235,27.436309523809523
4,18,4,2,3,7,9,8,31.13581349206349,27.42857142857143
4,19,1,4,4,6,3,1,23.9375,27.407738095238095
4,20,3,4,2,3,5,9,23.234424603174602,27.370833333333334
4,21,1,4,1,2,2,6,16.158630952380953,27.1375
4,22,8,1,1,2,2,1,20.122619047619047,27.24345238095238
4,23,1,4,1,2,5,2,19.196329365079364,27.210714285714285
4,24,1,4,1,7,2,1,21.074503968253968,27.327380952380953
4,25,8,1,1,2,2,1,20.122619047619047,27.24345238095238
4,26,6,1,1,5,4,7,23.331646825396824,27.385119047619046
4,27,1,4,1,2,2,2,16.302876984126986,27.205357142857142
4,28,1,4,4,6,3,1,23.9375,27.407738095238095
4,29,1,1,5,6,3,2,21.905059523809523,27.353571428571428
4,30,1,2,5,6,3,4,22.940277777777776,27.330357142857142
4,31,1,2,5,6,3,4,22.940277777777776,27.330357142857142
4,32,4,2,2,6,5,9,25.184126984126983,27.39047619047619
4,33,8,2,1,2,2,1,21.05605158730159,27.1375
4,34,4,2,8,6,5,9,31.029265873015873,27.40595238095238
4,35,1,4,1,1,5,1,18.14454365079365,27.022619047619045
4,36,1,5,2,1,2,2,17.060218253968255,26.901785714285715
4,37,1,2,2,1,5,2,17.131349206349206,26.98452380952381
4,38,1,2,4,1,4,3,18.031448412698413,27.020238095238096
4,39,1,5,1,6,2,1,21.087698412698412,27.32261904761905
4,40,1,5,2,1,2,2,17.060218253968255,26.901785714285715
4,41,2,4,1,4,2,1,19.120833333333334,27.13154761904762
4,42,1,4,1,1,5,1,18.14454365079365,27.022619047619045
4,43,1,2,4,1,1,6,15.153571428571428,26.576190476190476
4,44,8,1,3,6,6,2,30.044940476190476,27.39702380952381
4,45,6,4,3,4,8,3,31.254563492063493,27.42202380952381
4,46,1,5,1,6,2,1,21.087698412698412,27.32261904761905
4,47,3,5,9,5,8,3,35.996924603174605,27.410119047619048
4,48,5,1,2,1,2,6,17.146329365079364,26.928571428571427
4,49,3,5,9,5,8,3,35.996924603174605,27.410119047619048
5,0,1,2,1,2,3,3,15.253174603174603,27.263690476190476
5,1,1,2,5,6,3,2,23.00049603174603,27.429166666666667
5,2,1,1,1,7,3,1,19.177281746031746,27.357738095238094
5,3,1,1,4,5,4,3,21.022817460317462,27.391666666666666
5,4,1,1,1,2,2,1,13.045535714285714,27.074404761904763
5,5,6,1,3,6,6,2,28.13968253968254,27.433333333333334
5,6,1,1,1,2,2,6,13.148313492063492,27.21904761904762
5,7,1,1,1,2,2,1,13.045535714285714,27.074404761904763
5,8,1,1,1,6,3,1,18.149107142857144,27.355357142857144
5,9,8,1,1,6,6,2,28.328075396825398,27.45952380952381
5,10,1,2,1,6,3,1,19.215079365079365,27.36547619047619
5,11,1,1,1,2,1,2,12.23531746031746,26.81904761904762
5,12,9,1,1,5,9,8,31.257440476190474,27.438095238095237
5,13,6,4,8,4,8,3,36.04255952380952,27.45357142857143
5,14,5,1,3,2,2,6,19.10436507936508,27.355357142857144
5,15,1,2,1,2,2,7,14.258531746031746,27.188690476190477
5,16,6,4,8,4,8,3,36.04255952380952,27.45357142857143
5,17,1,2,1,2,2,7,14.258531746031746,27.188690476190477
5,18,6,4,8,4,8,3,36.04255952380952,27.45357142857143
5,19,1,2,1,2,1,2,13.166269841269841,26.70952380952381
5,20,4,2,3,7,9,8,31.13581349206349,27.42857142857143
5,21,2,7,10,2,4,8,30.98343253968254,27.410714285714285
5,22,4,2,3,7,9,8,31.13581349206349,27.42857142857143
5,23,1,4,4,6,3,1,23.9375,27.407738095238095
5,24,6,1,1,5,4,7,23.331646825396824,27.385119047619046
5,25,1,4,4,6,3,1,23.9375,27.407738095238095
5,26,1,2,1,2,2,7,14.258531746031746,27.188690476190477
5,27,1,2,4,6,3,2,22.017063492063492,27.377380952380953
5,28,1,2,5,2,3,4,19.070734126984128,27.236309523809524
5,29,1,2,2,1,2,2,14.10873015873016,26.84464285714286
5,30,1,2,1,2,3,6,15.299107142857142,27.21904761904762
5,31,4,2,3,7,9,8,31.13581349206349,27.42857142857143
5,32,5,1,3,2,2,6,19.10436507936508,27.355357142857144
5,33,1,2,1,2,2,7,14.258531746031746,27.188690476190477
5,34,8,2,10,2,9,2,36.838095238095235,27.436309523809523
5,35,1,2,1,1,3,3,14.306051587301587,26.901785714285715
5,36,1,4,1,2,2,6,16.158630952380953,27.1375
5,37,4,2,2,6,5,9,25.184126984126983,27.39047619047619
5,38,6,4,3,4,8,3,31.254563492063493,27.42202380952381
5,39,8,1,3,6,6,2,30.044940476190476,27.39702380952381
5,40,1,4,1,2,2,2,16.302876984126986,27.205357142857142
5,41,1,4,1,2,5,2,19.196329365079364,27.210714285714285
5,42,3,4,2,3,5,9,23.234424603174602,27.370833333333334
5,43,1,1,5,6,3,2,21.905059523809523,27.353571428571428
5,44,1,4,3,2,5,2,21.019146825396824,27.27857142857143
5,45,1,4,1,7,2,1,21.074503968253968,27.327380952380953
5,46,4,2,8,6,5,9,31.029265873015873,27.40595238095238
5,47,8,1,1,2,2,1,20.122619047619047,27.24345238095238
5,48,6,2,1,2,3,3,20.280257936507937,27.273214285714285
5,49,8,1,1,2,2,1,20.122619047619047,27.24345238095238
6,0,1,2,5,6,3,2,23.00049603174603,27.429166666666667
6,1,1,1,1,2,2,1,13.045535714285714,27.074404761904763
6,2,1,1,1,2,2,6,13.148313492063492,27.21904761904762
6,3,1,1,1,2,2,1,13.045535714285714,27.074404761904763
6,4,1,1,1,2,1,2,12.23531746031746,26.81904761904762
6,5,1,2,1,6,3,6,19.21388888888889,27.410119047619048
6,6,1,2,1,2,3,2,15.23015873015873,27.338690476190475
6,7,1,1,1,6,9,1,24.14970238095238,27.470238095238095
6,8,1,4,2,2,2,2,17.138690476190476,27.36607142857143
6,9,1,1,1,1,2,1,12.121230158730159,26.798809523809524
6,10,1,1,3,6,6,2,23.069940476190474,27.465476190476192
6,11,1,1,1,2,2,6,13.148313492063492,27.21904761904762
6,12,1,2,1,2,3,3,15.253174603174603,27.263690476190476
6,13,1,1,1,7,3,1,19.177281746031746,27.357738095238094
6,14,1,1,4,5,4,3,21.022817460317462,27.391666666666666
6,15,6,1,3,6,6,2,28.13968253968254,27.433333333333334
6,16,1,1,1,6,3,1,18.149107142857144,27.355357142857144
6,17,8,1,1,6,6,2,28.328075396825398,27.45952380952381
6,18,1,2,1,6,3,1,19.215079365079365,27.36547619047619
6,19,1,2,1,2,1,2,13.166269841269841,26.70952380952381
6,20,1,4,4,6,3,1,23.9375,27.407738095238095
6,21,1,4,4,6,3,1,23.9375,27.407738095238095
6,22,1,1,1,6,2,2,17.258630952380955,27.307142857142857
6,23,1,2,1,1,1,2,12.25873015873016,26.372619047619047
6,24,1,1,4,5,4,3,21.022817460317462,27.391666666666666
6,25,8,1,1,6,6,2,28.328075396825398,27.45952380952381
6,26,1,1,1,2,4,2,15.282539682539683,27.291666666666668
6,27,1,1,2,1,2,2,13.183928571428572,26.83809523809524
6,28,1,1,1,1,3,3,13.224503968253968,26.895238095238096
6,29,3,2,1,6,4,9,22.26220238095238,27.39702380952381
6,30,1,1,1,2,2,2,13.240972222222222,27.205952380952382
6,31,6,4,8,4,8,3,36.04255952380952,27.45357142857143
6,32,6,4,8,4,8,3,36.04255952380952,27.45357142857143
6,33,1,2,1,1,2,2,13.268551587301587,26.909523809523808
6,34,1,1,1,2,2,5,13.343353174603175,27.15
6,35,1,1,5,2,2,1,16.892559523809524,27.250595238095237
6,36,5,1,3,2,2,6,19.10436507936508,27.355357142857144
6,37,8,1,3,6,6,2,30.044940476190476,27.39702380952381
6,38,9,1,1,5,9,8,31.257440476190474,27.438095238095237
6,39,1,2,1,2,3,6,15.299107142857142,27.21904761904762
6,40,4,2,2,6,5,9,25.184126984126983,27.39047619047619
6,41,1,2,4,6,3,2,22.017063492063492,27.377380952380953
6,42,8,2,1,2,3,3,22.237301587301587,27.38511904761905
6,43,4,2,2,6,5,9,25.184126984126983,27.39047619047619
6,44,5,1,3,2,2,6,19.10436507936508,27.355357142857144
6,45,1,2,1,2,2,7,14.258531746031746,27.188690476190477
6,46,2,7,10,2,4,8,30.98343253968254,27.410714285714285
6,47,1,2,1,2,2,7,14.258531746031746,27.188690476190477
6,48,4,2,3,7,9,8,31.13581349206349,27.42857142857143
6,49,4,2,3,7,9,8,31.13581349206349,27.42857142857143
7,0,1,2,5,6,3,2,23.00049603174603,27.429166666666667
7,1,1,1,1,2,2,1,13.045535714285714,27.074404761904763
7,2,1,1,1,2,2,6,13.148313492063492,27.21904761904762
7,3,1,1,1,2,2,1,13.045535714285714,27.074404761904763
7,4,1,2,1,6,3,6,19.21388888888889,27.410119047619048
7,5,1,2,1,2,3,2,15.23015873015873,27.338690476190475
7,6,1,1,1,6,9,1,24.14970238095238,27.470238095238095
7,7,1,4,2,2,2,2,17.138690476190476,27.36607142857143
7,8,1,1,3,6,6,2,23.069940476190474,27.465476190476192
7,9,1,1,1,2,2,6,13.148313492063492,27.21904761904762
7,10,1,1,1,2,2,1,13.045535714285714,27.074404761904763
7,11,1,1,3,2,2,6,15.167559523809524,27.3
7,12,1,1,2,2,2,5,14.182440476190477,27.276785714285715
7,13,1,2,1,2,3,2,15.23015873015873,27.338690476190475
7,14,1,1,1,2,1,1,12.069146825396825,26.836309523809526
7,15,1,1,1,6,3,2,18.32638888888889,27.370238095238097
7,16,1,1,1,2,1,1,12.069146825396825,26.836309523809526
7,17,1,1,1,1,1,4,11.177083333333334,26.47738095238095
7,18,1,1,1,2,1,2,12.23531746031746,26.81904761904762
7,19,1,1,1,1,2,1,12.121230158730159,26.798809523809524
7,20,1,2,1,2,3,3,15.253174603174603,27.263690476190476
7,21,1,1,4,5,4,3,21.022817460317462,27.391666666666666
7,22,6,1,3,6,6,2,28.13968253968254,27.433333333333334
7,23,1,1,1,6,3,1,18.149107142857144,27.355357142857144
7,24,8,1,1,6,6,2,28.328075396825398,27.45952380952381
7,25,1,2,1,6,3,1,19.215079365079365,27.36547619047619
7,26,1,4,4,6,3,1,23.9375,27.407738095238095
7,27,1,4,4,6,3,1,23.9375,27.407738095238095
7,28,1,1,1,6,2,2,17.258630952380955,27.307142857142857
7,29,1,1,4,5,4,3,21.022817460317462,27.391666666666666
7,30,8,1,1,6,6,2,28.328075396825398,27.45952380952381
7,31,1,1,1,2,4,2,15.282539682539683,27.291666666666668
7,32,1,1,2,1,2,2,13.183928571428572,26.83809523809524
7,33,1,1,1,1,3,3,13.224503968253968,26.895238095238096
7,34,3,2,1,6,4,9,22.26220238095238,27.39702380952381
7,35,1,1,1,2,2,2,13.240972222222222,27.205952380952382
7,36,1,1,1,1,2,1,12.121230158730159,26.798809523809524
7,37,1,1,1,2,2,2,13.240972222222222,27.205952380952382
7,38,1,1,1,1,2,1,12.121230158730159,26.798809523809524
7,39,1,1,2,2,1,9,13.240079365079366,26.948214285714286
7,40,1,1,1,6,2,1,17.054563492063494,27.303571428571427
7,41,1,1,4,5,4,3,21.022817460317462,27.391666666666666
7,42,1,2,1,2,3,3,15.253174603174603,27.263690476190476
7,43,3,1,3,6,4,9,23.154166666666665,27.401785714285715
7,44,1,1,2,6,3,5,19.165376984126983,27.36488095238095
7,45,6,4,8,4,8,3,36.04255952380952,27.45357142857143
7,46,6,4,8,4,8,3,36.04255952380952,27.45357142857143
7,47,1,2,1,1,1,2,12.25873015873016,26.372619047619047
7,48,1,2,1,1,2,1,13.091964285714285,26.74702380952381
7,49,1,2,1,1,2,2,13.268551587301587,26.909523809523808
8,0,1,2,5,6,3,2,23.00049603174603,27.429166666666667
8,1,1,1,1,2,2,1,13.045535714285714,27.074404761904763
8,2,1,1,1,2,2,6,13.148313492063492,27.21904761904762
8,3,1,1,1,2,2,1,13.045535714285714,27.074404761904763
8,4,1,2,1,6,3,6,19.21388888888889,27.410119047619048
8,5,1,2,1,2,3,2,15.23015873015873,27.338690476190475
8,6,1,1,1,6,9,1,24.14970238095238,27.470238095238095
8,7,1,4,2,2,2,2,17.138690476190476,27.36607142857143
8,8,1,1,3,6,6,2,23.069940476190474,27.465476190476192
8,9,1,1,1,2,2,6,13.148313492063492,27.21904761904762
8,10,1,1,1,2,2,1,13.045535714285714,27.074404761904763
8,11,1,1,3,2,2,6,15.167559523809524,27.3
8,12,1,1,2,2,2,5,14.182440476190477,27.276785714285715
8,13,1,2,1,2,3,2,15.23015873015873,27.338690476190475
8,14,1,1,1,2,1,1,12.069146825396825,26.836309523809526
8,15,1,1,1,6,3,2,18.32638888888889,27.370238095238097
8,16,1,1,1,2,1,1,12.069146825396825,26.836309523809526
8,17,1,1,1,1,1,4,11.177083333333334,26.47738095238095
8,18,1,1,1,6,9,1,24.14970238095238,27.470238095238095
8,19,1,1,1,1,1,1,11.193650793650793,26.5375
8,20,1,1,1,1,2,4,12.21686507936508,26.84166666666667
8,21,1,1,1,1,1,1,11.193650793650793,26.5375
8,22,1,1,1,2,2,6,13.148313492063492,27.21904761904762
8,23,1,1,1,1,1,1,11.193650793650793,26.5375
8,24,1,1,1,2,1,1,12.069146825396825,26.836309523809526
8,25,1,1,1,2,1,4,12.302579365079366,26.88154761904762
8,26,1,2,1,6,3,6,19.21388888888889,27.410119047619048
8,27,1,1,1,2,1,1,12.069146825396825,26.836309523809526
8,28,1,1,1,2,1,5,12.230952380952381,26.861309523809524
8,29,1,1,1,2,2,6,13.148313492063492,27.21904761904762
8,30,8,1,1,6,6,2,28.328075396825398,27.45952380952381
8,31,1,1,1,1,2,1,12.121230158730159,26.798809523809524
8,32,1,1,1,1,2,1,12.121230158730159,26.798809523809524
8,33,8,1,1,6,6,2,28.328075396825398,27.45952380952381
8,34,1,1,1,2,2,2,13.240972222222222,27.205952380952382
8,35,1,4,4,5,3,2,23.11626984126984,27.40833333333333
8,36,6,1,3,6,6,2,28.13968253968254,27.433333333333334
8,37,1,1,2,2,1,9,13.240079365079366,26.948214285714286
8,38,1,1,1,1,3,2,13.115873015873015,26.939880952380953
8,39,1,1,1,6,3,1,18.149107142857144,27.355357142857144
8,40,1,1,1,2,1,2,12.23531746031746,26.81904761904762
8,41,1,2,1,2,3,3,15.253174603174603,27.263690476190476
8,42,3,2,1,6,4,9,22.26220238095238,27.39702380952381
8,43,1,1,1,2,4,2,15.282539682539683,27.291666666666668
8,44,1,1,1,6,2,2,17.258630952380955,27.307142857142857
8,45,1,1,4,5,4,3,21.022817460317462,27.391666666666666
8,46,1,1,4,5,4,3,21.022817460317462,27.391666666666666
8,47,1,1,1,6,2,1,17.054563492063494,27.303571428571427
8,48,1,2,1,6,3,1,19.215079365079365,27.36547619047619
8,49,1,2,1,2,3,3,15.253174603174603,27.263690476190476
9,0,1,2,5,6,3,2,23.00049603174603,27.429166666666667
9,1,1,1,1,2,2,1,13.045535714285714,27.074404761904763
9,2,1,1,1,2,2,6,13.148313492063492,27.21904761904762
9,3,1,1,1,2,2,1,13.045535714285714,27.074404761904763
9,4,1,2,1,2,3,2,15.23015873015873,27.338690476190475
9,5,1,1,1,6,9,1,24.14970238095238,27.470238095238095
9,6,1,4,2,2,2,2,17.138690476190476,27.36607142857143
9,7,1,1,3,6,6,2,23.069940476190474,27.465476190476192
9,8,1,1,1,2,2,6,13.148313492063492,27.21904761904762
9,9,1,1,1,2,2,1,13.045535714285714,27.074404761904763
9,10,1,1,3,2,2,6,15.167559523809524,27.3
9,11,1,1,2,2,2,5,14.182440476190477,27.276785714285715
9,12,1,2,1,2,3,2,15.23015873015873,27.338690476190475
9,13,1,1,1,2,1,1,12.069146825396825,26.836309523809526
9,14,1,1,1,2,1,1,12.069146825396825,26.836309523809526
9,15,1,1,1,1,1,4,11.177083333333334,26.47738095238095
9,16,1,1,1,6,9,1,24.14970238095238,27.470238095238095
9,17,1,1,1,1,1,1,11.193650793650793,26.5375
9,18,1,1,1,1,2,4,12.21686507936508,26.84166666666667
9,19,1,1,1,1,1,1,11.193650793650793,26.5375
9,20,1,1,1,2,2,6,13.148313492063492,27.21904761904762
9,21,1,1,1,1,1,1,11.193650793650793,26.5375
9,22,1,1,1,2,1,1,12.069146825396825,26.836309523809526
9,23,1,1,1,2,1,4,12.302579365079366,26.88154761904762
9,24,1,1,1,2,1,1,12.069146825396825,26.836309523809526
9,25,1,1,1,2,1,5,12.230952380952381,26.861309523809524
9,26,1,1,1,2,2,6,13.148313492063492,27.21904761904762
9,27,1,1,2,2,2,5,14.182440476190477,27.276785714285715
9,28,1,1,1,2,2,1,13.045535714285714,27.074404761904763
9,29,1,1,1,6,9,1,24.14970238095238,27.470238095238095
9,30,1,1,3,6,6,2,23.069940476190474,27.465476190476192
9,31,1,1,1,2,1,1,12.069146825396825,26.836309523809526
9,32,1,1,1,2,2,6,13.148313492063492,27.21904761904762
9,33,1,1,1,2,2,1,13.045535714285714,27.074404761904763
9,34,1,1,2,2,2,5,14.182440476190477,27.276785714285715
9,35,1,2,1,5,3,6,18.208928571428572,27.42797619047619
9,36,1,1,1,2,2,1,13.045535714285714,27.074404761904763
9,37,1,1,1,6,9,1,24.14970238095238,27.470238095238095
9,38,1,1,1,6,9,1,24.14970238095238,27.470238095238095
9,39,1,1,1,1,1,1,11.193650793650793,26.5375
9,40,1,1,1,1,1,4,11.177083333333334,26.47738095238095
9,41,1,1,1,2,1,1,12.069146825396825,26.836309523809526
9,42,1,4,2,2,2,2,17.138690476190476,27.36607142857143
9,43,1,1,1,2,1,4,12.302579365079366,26.88154761904762
9,44,1,1,1,2,1,1,12.069146825396825,26.836309523809526
9,45,1,1,1,6,9,1,24.14970238095238,27.470238095238095
9,46,8,1,1,6,6,2,28.328075396825398,27.45952380952381
9,47,1,1,2,1,1,9,12.07797619047619,26.59107142857143
9,48,8,1,1,6,6,2,28.328075396825398,27.45952380952381
9,49,6,1,3,6,6,2,28.13968253968254,27.433333333333334
10,0,1,1,2,7,6,2,23.146626984126982,27.502380952380953
10,1,1,1,1,1,1,4,11.177083333333334,26.47738095238095
10,2,1,1,1,1,1,4,11.177083333333334,26.47738095238095
10,3,1,2,1,5,3,6,18.208928571428572,27.42797619047619
10,4,1,2,5,6,3,2,23.00049603174603,27.429166666666667
10,5,1,1,1,2,1,1,12.069146825396825,26.836309523809526
10,6,1,1,1,1,1,1,11.193650793650793,26.5375
10,7,1,1,1,2,2,6,13.148313492063492,27.21904761904762
10,8,1,4,2,2,2,2,17.138690476190476,27.36607142857143
10,9,1,1,1,2,2,1,13.045535714285714,27.074404761904763
10,10,1,2,1,2,3,2,15.23015873015873,27.338690476190475
10,11,1,1,1,2,2,1,13.045535714285714,27.074404761904763
10,12,1,1,1,2,1,4,12.302579365079366,26.88154761904762
10,13,1,1,3,2,2,6,15.167559523809524,27.3
10,14,1,1,2,2,2,5,14.182440476190477,27.276785714285715
10,15,1,1,1,1,1,1,11.193650793650793,26.5375
10,16,1,4,2,2,2,2,17.138690476190476,27.36607142857143
10,17,1,1,2,2,2,5,14.182440476190477,27.276785714285715
10,18,1,1,1,2,1,4,12.302579365079366,26.88154761904762
10,19,1,1,1,2,1,1,12.069146825396825,26.836309523809526
10,20,1,1,1,2,2,6,13.148313492063492,27.21904761904762
10,21,1,1,1,2,1,5,12.230952380952381,26.861309523809524
10,22,1,1,3,6,6,2,23.069940476190474,27.465476190476192
10,23,1,1,3,6,6,2,23.069940476190474,27.465476190476192
10,24,1,2,1,2,3,2,15.23015873015873,27.338690476190475
10,25,1,1,1,1,2,4,12.21686507936508,26.84166666666667
10,26,1,2,5,6,3,2,23.00049603174603,27.429166666666667
10,27,1,1,1,1,2,4,12.21686507936508,26.84166666666667
10,28,1,1,1,1,1,4,11.177083333333334,26.47738095238095
10,29,1,1,3,6,6,2,23.069940476190474,27.465476190476192
10,30,1,1,1,2,2,1,13.045535714285714,27.074404761904763
10,31,1,1,1,1,1,1,11.193650793650793,26.5375
10,32,1,1,1,2,1,1,12.069146825396825,26.836309523809526
10,33,1,1,1,2,2,1,13.045535714285714,27.074404761904763
10,34,1,1,1,2,1,1,12.069146825396825,26.836309523809526
10,35,1,1,1,2,1,1,12.069146825396825,26.836309523809526
10,36,1,1,1,2,2,6,13.148313492063492,27.21904761904762
10,37,1,1,1,2,1,1,12.069146825396825,26.836309523809526
10,38,1,1,1,2,1,1,12.069146825396825,26.836309523809526
10,39,1,1,1,2,2,1,13.045535714285714,27.074404761904763
10,40,1,1,1,2,2,1,13.045535714285714,27.074404761904763
10,41,1,1,3,6,6,2,23.069940476190474,27.465476190476192
10,42,1,1,1,2,2,1,13.045535714285714,27.074404761904763
10,43,1,1,1,2,1,1,12.069146825396825,26.836309523809526
10,44,1,1,2,2,2,5,14.182440476190477,27.276785714285715
10,45,1,1,1,1,1,1,11.193650793650793,26.5375
10,46,1,1,1,2,2,6,13.148313492063492,27.21904761904762
10,47,1,1,1,2,1,4,12.302579365079366,26.88154761904762
10,48,1,1,1,1,1,1,11.193650793650793,26.5375
10,49,1,1,1,2,1,1,12.069146825396825,26.836309523809526
11,0,1,1,1,1,1,5,11.156547619047618,26.53392857142857
11,1,1,1,2,7,6,2,23.146626984126982,27.502380952380953
11,2,1,2,1,5,3,6,18.208928571428572,27.42797619047619
11,3,1,2,5,6,3,2,23.00049603174603,27.429166666666667
11,4,1,1,1,2,1,1,12.069146825396825,26.836309523809526
11,5,1,1,1,1,1,1,11.193650793650793,26.5375
11,6,1,1,1,2,2,6,13.148313492063492,27.21904761904762
11,7,1,4,2,2,2,2,17.138690476190476,27.36607142857143
11,8,1,1,1,2,2,1,13.045535714285714,27.074404761904763
11,9,1,1,1,2,2,1,13.045535714285714,27.074404761904763
11,10,1,1,1,2,1,4,12.302579365079366,26.88154761904762
11,11,1,2,1,2,3,2,15.23015873015873,27.338690476190475
11,12,1,1,3,2,2,6,15.167559523809524,27.3
11,13,1,1,2,2,2,5,14.182440476190477,27.276785714285715
11,14,1,4,2,2,2,2,17.138690476190476,27.36607142857143
11,15,1,1,2,2,2,5,14.182440476190477,27.276785714285715
11,16,1,2,1,5,3,6,18.208928571428572,27.42797619047619
11,17,1,1,1,2,1,4,12.302579365079366,26.88154761904762
11,18,1,1,1,2,1,1,12.069146825396825,26.836309523809526
11,19,1,1,1,1,1,1,11.193650793650793,26.5375
11,20,1,1,1,2,2,6,13.148313492063492,27.21904761904762
11,21,1,1,1,2,1,5,12.230952380952381,26.861309523809524
11,22,1,1,3,6,6,2,23.069940476190474,27.465476190476192
11,23,1,1,3,6,6,2,23.069940476190474,27.465476190476192
11,24,1,2,1,2,3,2,15.23015873015873,27.338690476190475
11,25,1,1,1,1,2,4,12.21686507936508,26.84166666666667
11,26,1,2,5,6,3,2,23.00049603174603,27.429166666666667
11,27,1,1,1,1,2,4,12.21686507936508,26.84166666666667
11,28,1,1,1,2,2,1,13.045535714285714,27.074404761904763
11,29,1,1,1,2,1,1,12.069146825396825,26.836309523809526
11,30,1,1,1,2,1,1,12.069146825396825,26.836309523809526
11,31,1,1,1,2,2,1,13.045535714285714,27.074404761904763
11,32,1,1,1,2,1,1,12.069146825396825,26.836309523809526
11,33,1,1,1,2,1,4,12.302579365079366,26.88154761904762
11,34,1,1,1,2,1,4,12.302579365079366,26.88154761904762
11,35,1,1,1,2,1,1,12.069146825396825,26.836309523809526
11,36,1,1,1,1,1,1,11.193650793650793,26.5375
11,37,1,1,1,1,1,1,11.193650793650793,26.5375
11,38,1,1,1,2,1,1,12.069146825396825,26.836309523809526
11,39,1,1,1,2,1,1,12.069146825396825,26.836309523809526
11,40,1,1,1,2,2,1,13.045535714285714,27.074404761904763
11,41,1,1,1,2,2,6,13.148313492063492,27.21904761904762
11,42,1,1,1,2,2,1,13.045535714285714,27.074404761904763
11,43,1,1,3,6,6,2,23.069940476190474,27.465476190476192
11,44,1,1,3,6,6,2,23.069940476190474,27.465476190476192
11,45,1,1,1,2,2,6,13.148313492063492,27.21904761904762
11,46,1,1,1,2,1,1,12.069146825396825,26.836309523809526
11,47,1,1,1,2,1,1,12.069146825396825,26.836309523809526
11,48,1,1,1,2,2,1,13.045535714285714,27.074404761904763
11,49,1,1,3,6,6,2,23.069940476190474,27.465476190476192
12,0,1,1,2,7,6,2,23.146626984126982,27.502380952380953
12,1,1,1,1,1,1,5,11.156547619047618,26.53392857142857
12,2,1,1,1,1,1,5,11.156547619047618,26.53392857142857
12,3,1,1,2,7,6,2,23.146626984126982,27.502380952380953
12,4,1,2,1,5,3,6,18.208928571428572,27.42797619047619
12,5,1,2,5,6,3,2,23.00049603174603,27.429166666666667
12,6,1,1,1,2,1,1,12.069146825396825,26.836309523809526
12,7,1,1,1,1,1,1,11.193650793650793,26.5375
12,8,1,1,2,2,2,2,14.162400793650793,27.28214285714286
12,9,1,1,1,2,2,6,13.148313492063492,27.21904761904762
12,10,1,4,2,2,2,2,17.138690476190476,27.36607142857143
12,11,1,1,1,2,2,1,13.045535714285714,27.074404761904763
12,12,1,1,1,2,2,1,13.045535714285714,27.074404761904763
12,13,1,1,1,2,1,4,12.302579365079366,26.88154761904762
12,14,1,2,1,2,3,2,15.23015873015873,27.338690476190475
12,15,1,1,3,2,2,6,15.167559523809524,27.3
12,16,1,4,2,2,2,2,17.138690476190476,27.36607142857143
12,17,1,2,1,5,3,6,18.208928571428572,27.42797619047619
12,18,1,1,1,2,1,4,12.302579365079366,26.88154761904762
12,19,1,1,1,2,1,1,12.069146825396825,26.836309523809526
12,20,1,1,1,1,1,1,11.193650793650793,26.5375
12,21,1,1,1,2,2,6,13.148313492063492,27.21904761904762
12,22,1,1,3,6,6,2,23.069940476190474,27.465476190476192
12,23,1,1,3,6,6,2,23.069940476190474,27.465476190476192
12,24,1,2,1,2,3,2,15.23015873015873,27.338690476190475
12,25,1,1,1,1,2,4,12.21686507936508,26.84166666666667
12,26,1,1,1,2,1,5,12.230952380952381,26.861309523809524
12,27,1,1,1,2,1,5,12.230952380952381,26.861309523809524
12,28,1,2,5,6,3,2,23.00049603174603,27.429166666666667
12,29,1,1,1,1,2,4,12.21686507936508,26.84166666666667
12,30,1,1,1,1,2,4,12.21686507936508,26.84166666666667
12,31,1,1,1,2,1,1,12.069146825396825,26.836309523809526
12,32,1,4,2,2,2,2,17.138690476190476,27.36607142857143
12,33,1,1,1,1,1,1,11.193650793650793,26.5375
12,34,1,4,2,2,2,2,17.138690476190476,27.36607142857143
12,35,1,1,1,2,1,1,12.069146825396825,26.836309523809526
12,36,1,1,3,6,6,2,23.069940476190474,27.465476190476192
12,37,1,1,1,2,1,1,12.069146825396825,26.836309523809526
12,38,1,1,1,1,1,1,11.193650793650793,26.5375
12,39,1,1,1,2,2,6,13.148313492063492,27.21904761904762
12,40,1,1,1,2,1,5,12.230952380952381,26.861309523809524
12,41,1,1,1,2,1,5,12.230952380952381,26.861309523809524
12,42,1,1,1,2,1,4,12.302579365079366,26.88154761904762
12,43,1,1,1,2,1,1,12.069146825396825,26.836309523809526
12,44,1,1,1,2,1,1,12.069146825396825,26.836309523809526
12,45,1,1,1,2,2,6,13.148313492063492,27.21904761904762
12,46,1,1,1,2,2,1,13.045535714285714,27.074404761904763
12,47,1,1,1,2,1,4,12.302579365079366,26.88154761904762
12,48,1,1,1,2,2,6,13.148313492063492,27.21904761904762
12,49,1,1,1,2,1,1,12.069146825396825,26.836309523809526
13,0,1,1,1,1,1,5,11.156547619047618,26.53392857142857
13,1,1,1,1,1,1,5,11.156547619047618,26.53392857142857
13,2,1,1,2,7,6,2,23.146626984126982,27.502380952380953
13,3,1,1,2,7,6,2,23.146626984126982,27.502380952380953
13,4,1,2,1,5,3,6,18.208928571428572,27.42797619047619
13,5,1,2,5,6,3,2,23.00049603174603,27.429166666666667
13,6,1,1,1,1,1,2,11.241071428571429,26.567261904761907
13,7,1,1,1,2,1,1,12.069146825396825,26.836309523809526
13,8,1,1,1,2,2,6,13.148313492063492,27.21904761904762
13,9,1,4,2,2,2,2,17.138690476190476,27.36607142857143
13,10,1,1,1,2,2,1,13.045535714285714,27.074404761904763
13,11,1,1,1,2,2,1,13.045535714285714,27.074404761904763
13,12,1,1,1,2,1,4,12.302579365079366,26.88154761904762
13,13,1,2,1,2,3,2,15.23015873015873,27.338690476190475
13,14,1,1,2,2,2,2,14.162400793650793,27.28214285714286
13,15,1,1,3,2,2,6,15.167559523809524,27.3
13,16,1,4,2,2,2,2,17.138690476190476,27.36607142857143
13,17,1,1,2,2,2,2,14.162400793650793,27.28214285714286
13,18,1,2,1,5,3,6,18.208928571428572,27.42797619047619
13,19,1,1,1,2,1,4,12.302579365079366,26.88154761904762
13,20,1,1,1,2,1,1,12.069146825396825,26.836309523809526
13,21,1,1,1,2,2,6,13.148313492063492,27.21904761904762
13,22,1,1,3,6,6,2,23.069940476190474,27.465476190476192
13,23,1,1,3,6,6,2,23.069940476190474,27.465476190476192
13,24,1,1,1,1,1,1,11.193650793650793,26.5375
13,25,1,2,1,2,3,2,15.23015873015873,27.338690476190475
13,26,1,1,1,1,2,4,12.21686507936508,26.84166666666667
13,27,1,1,1,2,1,5,12.230952380952381,26.861309523809524
13,28,1,1,3,2,2,6,15.167559523809524,27.3
13,29,1,1,1,2,1,5,12.230952380952381,26.861309523809524
13,30,1,1,1,1,1,1,11.193650793650793,26.5375
13,31,1,2,5,6,3,2,23.00049603174603,27.429166666666667
13,32,1,1,1,1,2,4,12.21686507936508,26.84166666666667
13,33,1,1,1,2,2,1,13.045535714285714,27.074404761904763
13,34,1,1,1,2,1,4,12.302579365079366,26.88154761904762
13,35,1,2,1,2,3,2,15.23015873015873,27.338690476190475
13,36,1,1,1,1,1,1,11.193650793650793,26.5375
13,37,1,4,2,2,2,2,17.138690476190476,27.36607142857143
13,38,1,1,1,2,1,4,12.302579365079366,26.88154761904762
13,39,1,1,1,2,1,5,12.230952380952381,26.861309523809524
13,40,1,1,1,2,1,1,12.069146825396825,26.836309523809526
13,41,1,4,2,2,2,2,17.138690476190476,27.36607142857143
13,42,1,1,1,2,1,1,12.069146825396825,26.836309523809526
13,43,1,1,1,2,1,5,12.230952380952381,26.861309523809524
13,44,1,1,1,2,1,5,12.230952380952381,26.861309523809524
13,45,1,1,2,7,6,2,23.146626984126982,27.502380952380953
13,46,1,1,3,6,6,2,23.069940476190474,27.465476190476192
13,47,1,1,1,2,2,1,13.045535714285714,27.074404761904763
13,48,1,1,1,1,1,1,11.193650793650793,26.5375
13,49,1,1,1,2,1,4,12.302579365079366,26.88154761904762
14,0,1,1,1,1,1,5,11.156547619047618,26.53392857142857
14,1,1,1,2,7,6,2,23.146626984126982,27.502380952380953
14,2,1,1,1,1,1,5,11.156547619047618,26.53392857142857
14,3,1,1,2,7,6,2,23.146626984126982,27.502380952380953
14,4,1,2,1,5,3,6,18.208928571428572,27.42797619047619
14,5,1,2,5,6,3,2,23.00049603174603,27.429166666666667
14,6,1,1,1,2,1,1,12.069146825396825,26.836309523809526
14,7,1,1,1,1,1,2,11.241071428571429,26.567261904761907
14,8,1,1,1,2,2,6,13.148313492063492,27.21904761904762
14,9,1,4,2,2,2,2,17.138690476190476,27.36607142857143
14,10,1,1,1,2,2,1,13.045535714285714,27.074404761904763
14,11,1,1,1,2,2,1,13.045535714285714,27.074404761904763
14,12,1,1,1,2,1,4,12.302579365079366,26.88154761904762
14,13,1,2,1,2,3,2,15.23015873015873,27.338690476190475
14,14,1,1,2,2,2,2,14.162400793650793,27.28214285714286
14,15,1,1,3,2,2,6,15.167559523809524,27.3
14,16,1,4,2,2,2,2,17.138690476190476,27.36607142857143
14,17,1,1,2,2,2,2,14.162400793650793,27.28214285714286
14,18,1,1,1,1,1,2,11.241071428571429,26.567261904761907
14,19,1,2,1,5,3,6,18.208928571428572,27.42797619047619
14,20,1,1,1,2,1,4,12.302579365079366,26.88154761904762
14,21,1,1,1,2,1,1,12.069146825396825,26.836309523809526
14,22,1,1,1,2,2,6,13.148313492063492,27.21904761904762
14,23,1,1,3,6,6,2,23.069940476190474,27.465476190476192
14,24,1,1,3,6,6,2,23.069940476190474,27.465476190476192
14,25,1,1,1,1,1,1,11.193650793650793,26.5375
14,26,1,2,1,2,3,2,15.23015873015873,27.338690476190475
14,27,1,1,1,1,2,4,12.21686507936508,26.84166666666667
14,28,1,1,1,2,1,5,12.230952380952381,26.861309523809524
14,29,1,1,3,2,2,6,15.167559523809524,27.3
14,30,1,1,1,2,1,5,12.230952380952381,26.861309523809524
14,31,1,1,1,1,1,1,11.193650793650793,26.5375
14,32,1,2,5,6,3,2,23.00049603174603,27.429166666666667
14,33,1,1,1,1,2,4,12.21686507936508,26.84166666666667
14,34,1,2,5,6,3,2,23.00049603174603,27.429166666666667
14,35,1,1,2,2,2,2,14.162400793650793,27.28214285714286
14,36,1,1,2,7,6,2,23.146626984126982,27.502380952380953
14,37,1,1,1,1,1,1,11.193650793650793,26.5375
14,38,1,2,1,2,3,2,15.23015873015873,27.338690476190475
14,39,1,1,1,2,1,5,12.230952380952381,26.861309523809524
14,40,1,1,2,2,2,2,14.162400793650793,27.28214285714286
14,41,1,1,1,2,1,1,12.069146825396825,26.836309523809526
14,42,1,1,1,2,1,5,12.230952380952381,26.861309523809524
14,43,1,4,2,2,2,2,17.138690476190476,27.36607142857143
14,44,1,1,1,2,1,4,12.302579365079366,26.88154761904762
14,45,1,1,1,1,1,1,11.193650793650793,26.5375
14,46,1,1,1,1,1,1,11.193650793650793,26.5375
14,47,1,1,1,2,1,4,12.302579365079366,26.88154761904762
14,48,1,1,2,2,2,2,14.162400793650793,27.28214285714286
14,49,1,1,3,6,6,2,23.069940476190474,27.465476190476192
15,0,1,1,1,1,1,5,11.156547619047618,26.53392857142857
15,1,1,1,2,7,6,2,23.146626984126982,27.502380952380953
15,2,1,1,1,1,1,5,11.156547619047618,26.53392857142857
15,3,1,1,2,7,6,2,23.146626984126982,27.502380952380953
15,4,1,2,1,5,3,6,18.208928571428572,27.42797619047619
15,5,1,2,5,6,3,2,23.00049603174603,27.429166666666667
15,6,1,1,1,2,1,1,12.069146825396825,26.836309523809526
15,7,1,1,1,1,1,2,11.241071428571429,26.567261904761907
15,8,1,1,1,2,2,6,13.148313492063492,27.21904761904762
15,9,1,4,2,2,2,2,17.138690476190476,27.36607142857143
15,10,1,1,1,2,2,1,13.045535714285714,27.074404761904763
15,11,1,1,1,2,2,1,13.045535714285714,27.074404761904763
15,12,1,1,1,2,1,4,12.302579365079366,26.88154761904762
15,13,1,2,1,2,3,2,15.23015873015873,27.338690476190475
15,14,1,1,1,2,3,5,14.324007936507936,27.307142857142857
15,15,1,4,2,2,2,2,17.138690476190476,27.36607142857143
15,16,1,1,2,2,2,2,14.162400793650793,27.28214285714286
15,17,1,2,1,2,3,2,15.23015873015873,27.338690476190475
15,18,1,1,1,1,1,2,11.241071428571429,26.567261904761907
15,19,1,2,1,5,3,6,18.208928571428572,27.42797619047619
15,20,1,1,1,2,1,4,12.302579365079366,26.88154761904762
15,21,1,1,2,2,2,2,14.162400793650793,27.28214285714286
15,22,1,1,1,2,1,1,12.069146825396825,26.836309523809526
15,23,1,1,1,2,2,6,13.148313492063492,27.21904761904762
15,24,1,1,3,6,6,2,23.069940476190474,27.465476190476192
15,25,1,1,3,6,6,2,23.069940476190474,27.465476190476192
15,26,1,1,1,1,1,1,11.193650793650793,26.5375
15,27,1,1,1,1,2,4,12.21686507936508,26.84166666666667
15,28,1,1,1,2,1,5,12.230952380952381,26.861309523809524
15,29,1,1,1,2,1,5,12.230952380952381,26.861309523809524
15,30,1,1,1,1,1,1,11.193650793650793,26.5375
15,31,1,2,5,6,3,2,23.00049603174603,27.429166666666667
15,32,1,1,1,1,2,4,12.21686507936508,26.84166666666667
15,33,1,2,1,2,3,2,15.23015873015873,27.338690476190475
15,34,1,1,1,2,1,5,12.230952380952381,26.861309523809524
15,35,1,1,1,2,1,5,12.230952380952381,26.861309523809524
15,36,1,2,1,5,3,6,18.208928571428572,27.42797619047619
15,37,1,1,1,1,1,1,11.193650793650793,26.5375
15,38,1,1,2,7,6,2,23.146626984126982,27.502380952380953
15,39,1,1,1,2,1,5,12.230952380952381,26.861309523809524
15,40,1,4,2,2,2,2,17.138690476190476,27.36607142857143
15,41,1,2,1,2,3,2,15.23015873015873,27.338690476190475
15,42,1,1,1,1,1,1,11.193650793650793,26.5375
15,43,1,1,1,1,1,1,11.193650793650793,26.5375
15,44,1,1,1,2,1,1,12.069146825396825,26.836309523809526
15,45,1,1,1,1,1,1,11.193650793650793,26.5375
15,46,1,2,5,6,3,2,23.00049603174603,27.429166666666667
15,47,1,1,2,7,6,2,23.146626984126982,27.502380952380953
15,48,1,2,1,5,3,6,18.208928571428572,27.42797619047619
15,49,1,2,5,6,3,2,23.00049603174603,27.429166666666667
16,0,1,1,1,1,1,5,11.156547619047618,26.53392857142857
16,1,1,1,2,7,6,2,23.146626984126982,27.502380952380953
16,2,1,1,1,1,1,5,11.156547619047618,26.53392857142857
16,3,1,1,2,7,6,2,23.146626984126982,27.502380952380953
16,4,1,2,1,5,3,6,18.208928571428572,27.42797619047619
16,5,1,2,5,6,3,2,23.00049603174603,27.429166666666667
16,6,1,1,1,2,1,1,12.069146825396825,26.836309523809526
16,7,1,1,1,1,1,2,11.241071428571429,26.567261904761907
16,8,1,4,2,2,2,2,17.138690476190476,27.36607142857143
16,9,1,1,1,2,2,1,13.045535714285714,27.074404761904763
16,10,1,1,1,2,2,1,13.045535714285714,27.074404761904763
16,11,1,1,1,2,1,4,12.302579365079366,26.88154761904762
16,12,1,2,1,2,3,2,15.23015873015873,27.338690476190475
16,13,1,1,1,2,2,6,13.148313492063492,27.21904761904762
16,14,1,1,1,2,2,3,13.325892857142858,27.22440476190476
16,15,1,4,2,2,2,2,17.138690476190476,27.36607142857143
16,16,1,2,1,2,3,2,15.23015873015873,27.338690476190475
16,17,1,1,1,2,3,5,14.324007936507936,27.307142857142857
16,18,1,1,1,1,1,2,11.241071428571429,26.567261904761907
16,19,1,1,2,2,2,2,14.162400793650793,27.28214285714286
16,20,1,2,1,5,3,6,18.208928571428572,27.42797619047619
16,21,1,1,1,2,1,4,12.302579365079366,26.88154761904762
16,22,1,1,1,2,1,1,12.069146825396825,26.836309523809526
16,23,1,1,2,2,2,2,14.162400793650793,27.28214285714286
16,24,1,1,1,2,3,5,14.324007936507936,27.307142857142857
16,25,1,1,3,6,6,2,23.069940476190474,27.465476190476192
16,26,1,1,3,6,6,2,23.069940476190474,27.465476190476192
16,27,1,1,1,1,1,1,11.193650793650793,26.5375
16,28,1,1,1,1,2,4,12.21686507936508,26.84166666666667
16,29,1,1,1,2,1,5,12.230952380952381,26.861309523809524
16,30,1,1,1,2,1,5,12.230952380952381,26.861309523809524
16,31,1,1,1,2,2,6,13.148313492063492,27.21904761904762
16,32,1,1,1,1,1,1,11.193650793650793,26.5375
16,33,1,2,5,6,3,2,23.00049603174603,27.429166666666667
16,34,1,1,1,1,2,4,12.21686507936508,26.84166666666667
16,35,1,1,1,1,1,2,11.241071428571429,26.567261904761907
16,36,1,1,1,2,2,1,13.045535714285714,27.074404761904763
16,37,1,2,1,2,3,2,15.23015873015873,27.338690476190475
16,38,1,1,1,1,1,1,11.193650793650793,26.5375
16,39,1,1,1,2,1,4,12.302579365079366,26.88154761904762
16,40,1,1,1,1,1,1,11.193650793650793,26.5375
16,41,1,1,1,1,2,4,12.21686507936508,26.84166666666667
16,42,1,4,2,2,2,2,17.138690476190476,27.36607142857143
16,43,1,1,1,2,2,1,13.045535714285714,27.074404761904763
16,44,1,2,1,5,3,6,18.208928571428572,27.42797619047619
16,45,1,1,1,2,1,1,12.069146825396825,26.836309523809526
16,46,1,1,1,2,2,6,13.148313492063492,27.21904761904762
16,47,1,1,1,1,1,1,11.193650793650793,26.5375
16,48,1,1,2,7,6,2,23.146626984126982,27.502380952380953
16,49,1,2,1,2,3,2,15.23015873015873,27.338690476190475
17,0,1,1,2,7,6,2,23.146626984126982,27.502380952380953
17,1,1,1,1,1,1,5,11.156547619047618,26.53392857142857
17,2,1,1,2,7,6,2,23.146626984126982,27.502380952380953
17,3,1,1,1,1,1,5,11.156547619047618,26.53392857142857
17,4,1,2,1,5,3,6,18.208928571428572,27.42797619047619
17,5,1,2,5,6,3,2,23.00049603174603,27.429166666666667
17,6,1,1,1,2,1,1,12.069146825396825,26.836309523809526
17,7,1,1,1,1,1,2,11.241071428571429,26.567261904761907
17,8,1,1,1,2,2,1,13.045535714285714,27.074404761904763
17,9,1,1,1,2,2,1,13.045535714285714,27.074404761904763
17,10,1,1,1,2,1,4,12.302579365079366,26.88154761904762
17,11,1,2,1,2,3,2,15.23015873015873,27.338690476190475
17,12,1,4,2,2,2,2,17.138690476190476,27.36607142857143
17,13,1,1,1,2,2,6,13.148313492063492,27.21904761904762
17,14,1,2,1,5,3,7,18.19047619047619,27.391666666666666
17,15,1,4,2,2,2,2,17.138690476190476,27.36607142857143
17,16,1,2,1,2,3,2,15.23015873015873,27.338690476190475
17,17,1,1,1,2,3,5,14.324007936507936,27.307142857142857
17,18,1,1,1,1,1,2,11.241071428571429,26.567261904761907
17,19,1,1,2,2,2,2,14.162400793650793,27.28214285714286
17,20,1,1,1,2,1,4,12.302579365079366,26.88154761904762
17,21,1,1,1,2,2,3,13.325892857142858,27.22440476190476
17,22,1,1,1,2,1,1,12.069146825396825,26.836309523809526
17,23,1,1,1,2,2,3,13.325892857142858,27.22440476190476
17,24,1,1,2,2,2,2,14.162400793650793,27.28214285714286
17,25,1,1,1,2,3,5,14.324007936507936,27.307142857142857
17,26,1,1,3,6,6,2,23.069940476190474,27.465476190476192
17,27,1,1,3,6,6,2,23.069940476190474,27.465476190476192
17,28,1,1,1,1,1,1,11.193650793650793,26.5375
17,29,1,1,1,1,2,4,12.21686507936508,26.84166666666667
17,30,1,2,1,5,3,7,18.19047619047619,27.391666666666666
17,31,1,1,1,2,1,5,12.230952380952381,26.861309523809524
17,32,1,1,1,2,1,5,12.230952380952381,26.861309523809524
17,33,1,1,1,2,2,6,13.148313492063492,27.21904761904762
17,34,1,1,1,1,1,1,11.193650793650793,26.5375
17,35,1,2,5,6,3,2,23.00049603174603,27.429166666666667
17,36,1,1,1,1,2,4,12.21686507936508,26.84166666666667
17,37,1,2,1,5,3,6,18.208928571428572,27.42797619047619
17,38,1,1,1,2,1,1,12.069146825396825,26.836309523809526
17,39,1,2,5,6,3,2,23.00049603174603,27.429166666666667
17,40,1,1,1,2,2,1,13.045535714285714,27.074404761904763
17,41,1,1,2,2,2,2,14.162400793650793,27.28214285714286
17,42,1,1,1,1,1,5,11.156547619047618,26.53392857142857
17,43,1,1,1,2,2,6,13.148313492063492,27.21904761904762
17,44,1,1,1,1,1,2,11.241071428571429,26.567261904761907
17,45,1,1,1,2,2,6,13.148313492063492,27.21904761904762
17,46,1,1,1,2,2,1,13.045535714285714,27.074404761904763
17,47,1,1,1,2,2,1,13.045535714285714,27.074404761904763
17,48,1,4,2,2,2,2,17.138690476190476,27.36607142857143
17,49,1,2,1,5,3,6,18.208928571428572,27.42797619047619
18,0,1,1,1,1,1,5,11.156547619047618,26.53392857142857
18,1,1,1,2,7,6,2,23.146626984126982,27.502380952380953
18,2,1,1,1,1,1,5,11.156547619047618,26.53392857142857
18,3,1,1,2,7,6,2,23.146626984126982,27.502380952380953
18,4,1,2,5,6,3,2,23.00049603174603,27.429166666666667
18,5,1,2,1,5,3,6,18.208928571428572,27.42797619047619
18,6,1,1,1,2,1,1,12.069146825396825,26.836309523809526
18,7,1,1,1,1,1,2,11.241071428571429,26.567261904761907
18,8,1,1,1,2,2,1,13.045535714285714,27.074404761904763
18,9,1,1,1,2,2,1,13.045535714285714,27.074404761904763
18,10,1,1,1,2,1,4,12.302579365079366,26.88154761904762
18,11,1,2,1,2,3,2,15.23015873015873,27.338690476190475
18,12,1,4,2,2,2,2,17.138690476190476,27.36607142857143
18,13,1,1,1,2,2,6,13.148313492063492,27.21904761904762
18,14,1,2,1,5,3,7,18.19047619047619,27.391666666666666
18,15,1,4,2,2,2,2,17.138690476190476,27.36607142857143
18,16,1,2,1,2,3,2,15.23015873015873,27.338690476190475
18,17,1,1,1,2,3,5,14.324007936507936,27.307142857142857
18,18,1,1,1,1,1,2,11.241071428571429,26.567261904761907
18,19,1,1,2,2,2,2,14.162400793650793,27.28214285714286
18,20,1,1,1,2,1,4,12.302579365079366,26.88154761904762
18,21,1,1,1,2,2,3,13.325892857142858,27.22440476190476
18,22,1,1,1,2,1,1,12.069146825396825,26.836309523809526
18,23,1,1,1,2,2,3,13.325892857142858,27.22440476190476
18,24,1,1,2,2,2,2,14.162400793650793,27.28214285714286
18,25,1,1,1,2,3,5,14.324007936507936,27.307142857142857
18,26,1,1,3,6,6,2,23.069940476190474,27.465476190476192
18,27,1,1,3,6,6,2,23.069940476190474,27.465476190476192
18,28,1,1,1,1,1,1,11.193650793650793,26.5375
18,29,1,1,1,1,2,4,12.21686507936508,26.84166666666667
18,30,1,2,1,5,3,7,18.19047619047619,27.391666666666666
18,31,1,1,1,2,1,5,12.230952380952381,26.861309523809524
18,32,1,1,1,2,1,5,12.230952380952381,26.861309523809524
18,33,1,1,1,2,2,6,13.148313492063492,27.21904761904762
18,34,1,1,1,1,1,1,11.193650793650793,26.5375
18,35,1,2,5,6,3,2,23.00049603174603,27.429166666666667
18,36,1,1,1,1,2,4,12.21686507936508,26.84166666666667
18,37,1,2,1,5,3,6,18.208928571428572,27.42797619047619
18,38,1,1,1,1,1,2,11.241071428571429,26.567261904761907
18,39,1,1,2,2,2,2,14.162400793650793,27.28214285714286
18,40,1,1,1,2,2,1,13.045535714285714,27.074404761904763
18,41,1,2,5,6,3,2,23.00049603174603,27.429166666666667
18,42,1,1,1,2,2,1,13.045535714285714,27.074404761904763
18,43,1,2,1,5,3,6,18.208928571428572,27.42797619047619
18,44,1,1,2,2,2,2,14.162400793650793,27.28214285714286
18,45,1,1,1,2,1,1,12.069146825396825,26.836309523809526
18,46,1,1,1,1,1,2,11.241071428571429,26.567261904761907
18,47,1,1,1,2,2,1,13.045535714285714,27.074404761904763
18,48,1,1,1,1,1,2,11.241071428571429,26.567261904761907
18,49,1,1,1,2,2,6,13.148313492063492,27.21904761904762
19,0,1,1,2,7,6,2,23.146626984126982,27.502380952380953
19,1,1,1,2,7,6,2,23.146626984126982,27.502380952380953
19,2,1,1,1,1,1,5,11.156547619047618,26.53392857142857
19,3,1,1,1,1,1,5,11.156547619047618,26.53392857142857
19,4,1,2,1,5,3,6,18.208928571428572,27.42797619047619
19,5,1,2,5,6,3,2,23.00049603174603,27.429166666666667
19,6,1,1,1,2,1,1,12.069146825396825,26.836309523809526
19,7,1,1,1,1,1,2,11.241071428571429,26.567261904761907
19,8,1,1,1,2,2,1,13.045535714285714,27.074404761904763
19,9,1,1,1,2,2,1,13.045535714285714,27.074404761904763
19,10,1,1,1,2,1,4,12.302579365079366,26.88154761904762
19,11,1,2,1,2,3,2,15.23015873015873,27.338690476190475
19,12,1,4,2,2,2,2,17.138690476190476,27.36607142857143
19,13,1,1,1,2,2,6,13.148313492063492,27.21904761904762
19,14,1,2,1,5,3,7,18.19047619047619,27.391666666666666
19,15,1,4,2,2,2,2,17.138690476190476,27.36607142857143
19,16,1,2,1,2,3,2,15.23015873015873,27.338690476190475
19,17,1,1,1,2,3,5,14.324007936507936,27.307142857142857
19,18,1,1,1,1,1,2,11.241071428571429,26.567261904761907
19,19,1,1,2,2,2,2,14.162400793650793,27.28214285714286
19,20,1,1,1,2,1,4,12.302579365079366,26.88154761904762
19,21,1,1,1,2,2,3,13.325892857142858,27.22440476190476
19,22,1,1,1,2,1,1,12.069146825396825,26.836309523809526
19,23,1,1,1,2,2,3,13.325892857142858,27.22440476190476
19,24,1,1,2,2,2,2,14.162400793650793,27.28214285714286
19,25,1,1,1,2,3,5,14.324007936507936,27.307142857142857
19,26,1,1,3,6,6,2,23.069940476190474,27.465476190476192
19,27,1,1,3,6,6,2,23.069940476190474,27.465476190476192
19,28,1,1,1,1,1,1,11.193650793650793,26.5375
19,29,1,1,1,1,2,4,12.21686507936508,26.84166666666667
19,30,1,2,1,5,3,7,18.19047619047619,27.391666666666666
19,31,1,1,1,2,1,5,12.230952380952381,26.861309523809524
19,32,1,1,1,2,1,5,12.230952380952381,26.861309523809524
19,33,1,1,1,2,2,6,13.148313492063492,27.21904761904762
19,34,1,1,1,1,1,1,11.193650793650793,26.5375
19,35,1,2,5,6,3,2,23.00049603174603,27.429166666666667
19,36,1,1,1,1,2,4,12.21686507936508,26.84166666666667
19,37,1,2,1,5,3,6,18.208928571428572,27.42797619047619
19,38,1,1,1,1,1,5,11.156547619047618,26.53392857142857
19,39,1,1,1,1,1,2,11.241071428571429,26.567261904761907
19,40,1,1,2,2,2,2,14.162400793650793,27.28214285714286
19,41,1,1,1,2,1,1,12.069146825396825,26.836309523809526
19,42,1,1,1,2,1,4,12.302579365079366,26.88154761904762
19,43,1,2,1,5,3,6,18.208928571428572,27.42797619047619
19,44,1,1,1,1,1,5,11.156547619047618,26.53392857142857
19,45,1,1,1,2,1,5,12.230952380952381,26.861309523809524
19,46,1,1,1,1,1,1,11.193650793650793,26.5375
19,47,1,1,1,1,1,5,11.156547619047618,26.53392857142857
19,48,1,2,1,5,3,6,18.208928571428572,27.42797619047619
19,49,1,1,1,2,2,6,13.148313492063492,27.21904761904762
20,0,1,1,2,7,6,2,23.146626984126982,27.502380952380953
20,1,1,1,2,7,6,2,23.146626984126982,27.502380952380953
20,2,1,1,1,1,1,5,11.156547619047618,26.53392857142857
20,3,1,1,1,1,1,5,11.156547619047618,26.53392857142857
20,4,1,2,5,6,3,2,23.00049603174603,27.429166666666667
20,5,1,2,1,5,3,6,18.208928571428572,27.42797619047619
20,6,1,1,1,2,1,1,12.069146825396825,26.836309523809526
20,7,1,1,1,1,1,2,11.241071428571429,26.567261904761907
20,8,1,1,1,2,2,1,13.045535714285714,27.074404761904763
20,9,1,1,1,2,2,1,13.045535714285714,27.074404761904763
20,10,1,1,1,2,1,4,12.302579365079366,26.88154761904762
20,11,1,2,1,2,3,2,15.23015873015873,27.338690476190475
20,12,1,4,2,2,2,2,17.138690476190476,27.36607142857143
20,13,1,1,1,2,2,6,13.148313492063492,27.21904761904762
20,14,1,2,1,5,3,7,18.19047619047619,27.391666666666666
20,15,1,4,2,2,2,2,17.138690476190476,27.36607142857143
20,16,1,2,1,2,3,2,15.23015873015873,27.338690476190475
20,17,1,1,1,2,3,5,14.324007936507936,27.307142857142857
20,18,1,1,1,1,1,2,11.241071428571429,26.567261904761907
20,19,1,1,2,2,2,2,14.162400793650793,27.28214285714286
20,20,1,1,1,2,1,4,12.302579365079366,26.88154761904762
20,21,1,1,1,2,2,3,13.325892857142858,27.22440476190476
20,22,1,1,1,2,1,1,12.069146825396825,26.836309523809526
20,23,1,1,1,2,2,3,13.325892857142858,27.22440476190476
20,24,1,1,2,2,2,2,14.162400793650793,27.28214285714286
20,25,1,1,1,2,3,5,14.324007936507936,27.307142857142857
20,26,1,1,3,6,6,2,23.069940476190474,27.465476190476192
20,27,1,1,3,6,6,2,23.069940476190474,27.465476190476192
20,28,1,1,1,1,1,1,11.193650793650793,26.5375
20,29,1,1,1,1,2,4,12.21686507936508,26.84166666666667
20,30,1,2,1,5,3,7,18.19047619047619,27.391666666666666
20,31,1,1,1,2,1,5,12.230952380952381,26.861309523809524
20,32,1,1,1,2,1,5,12.230952380952381,26.861309523809524
20,33,1,1,1,2,2,6,13.148313492063492,27.21904761904762
20,34,1,1,1,1,1,1,11.193650793650793,26.5375
20,35,1,2,5,6,3,2,23.00049603174603,27.429166666666667
20,36,1,1,1,1,2,4,12.21686507936508,26.84166666666667
20,37,1,2,1,5,3,6,18.208928571428572,27.42797619047619
20,38,1,1,1,2,1,1,12.069146825396825,26.836309523809526
20,39,1,1,1,1,1,1,11.193650793650793,26.5375
20,40,1,1,1,1,1,2,11.241071428571429,26.567261904761907
20,41,1,1,1,2,2,3,13.325892857142858,27.22440476190476
20,42,1,1,1,2,1,5,12.230952380952381,26.861309523809524
20,43,1,2,1,5,3,6,18.208928571428572,27.42797619047619
20,44,1,1,1,1,1,5,11.156547619047618,26.53392857142857
20,45,1,1,1,2,1,5,12.230952380952381,26.861309523809524
20,46,1,1,1,2,2,6,13.148313492063492,27.21904761904762
20,47,1,1,1,2,2,1,13.045535714285714,27.074404761904763
20,48,1,1,2,2,2,2,14.162400793650793,27.28214285714286
20,49,1,1,1,1,1,5,11.156547619047618,26.53392857142857
21,0,1,1,1,1,1,5,11.156547619047618,26.53392857142857
21,1,1,1,2,7,6,2,23.146626984126982,27.502380952380953
21,2,1,1,2,7,6,2,23.146626984126982,27.502380952380953
21,3,1,1,1,1,1,5,11.156547619047618,26.53392857142857
21,4,1,2,2,5,3,6,19.068055555555556,27.45297619047619
21,5,1,1,3,6,6,2,23.069940476190474,27.465476190476192
21,6,1,1,1,2,1,1,12.069146825396825,26.836309523809526
21,7,1,1,1,1,1,2,11.241071428571429,26.567261904761907
21,8,1,1,1,2,2,1,13.045535714285714,27.074404761904763
21,9,1,1,1,2,2,1,13.045535714285714,27.074404761904763
21,10,1,1,1,2,1,4,12.302579365079366,26.88154761904762
21,11,1,2,1,2,3,2,15.23015873015873,27.338690476190475
21,12,1,4,2,2,2,2,17.138690476190476,27.36607142857143
21,13,1,1,1,2,2,6,13.148313492063492,27.21904761904762
21,14,1,2,1,5,3,7,18.19047619047619,27.391666666666666
21,15,1,4,2,2,2,2,17.138690476190476,27.36607142857143
21,16,1,2,1,5,3,6,18.208928571428572,27.42797619047619
21,17,1,2,1,2,3,2,15.23015873015873,27.338690476190475
21,18,1,1,1,2,3,5,14.324007936507936,27.307142857142857
21,19,1,1,1,1,1,2,11.241071428571429,26.567261904761907
21,20,1,1,2,2,2,2,14.162400793650793,27.28214285714286
21,21,1,1,1,2,1,4,12.302579365079366,26.88154761904762
21,22,1,1,1,2,2,3,13.325892857142858,27.22440476190476
21,23,1,1,1,2,1,1,12.069146825396825,26.836309523809526
21,24,1,1,1,2,2,3,13.325892857142858,27.22440476190476
21,25,1,1,2,2,2,2,14.162400793650793,27.28214285714286
21,26,1,1,1,2,3,5,14.324007936507936,27.307142857142857
21,27,1,1,1,1,1,1,11.193650793650793,26.5375
21,28,1,1,1,1,2,4,12.21686507936508,26.84166666666667
21,29,1,2,1,5,3,7,18.19047619047619,27.391666666666666
21,30,1,2,1,5,3,6,18.208928571428572,27.42797619047619
21,31,1,1,1,2,1,5,12.230952380952381,26.861309523809524
21,32,1,1,1,2,1,5,12.230952380952381,26.861309523809524
21,33,1,1,3,6,6,2,23.069940476190474,27.465476190476192
21,34,1,1,1,2,2,6,13.148313492063492,27.21904761904762
21,35,1,1,1,1,1,1,11.193650793650793,26.5375
21,36,1,1,1,1,2,4,12.21686507936508,26.84166666666667
21,37,1,1,1,2,2,6,13.148313492063492,27.21904761904762
21,38,1,1,1,2,1,5,12.230952380952381,26.861309523809524
21,39,1,1,1,2,1,1,12.069146825396825,26.836309523809526
21,40,1,1,1,2,2,6,13.148313492063492,27.21904761904762
21,41,1,1,1,2,2,6,13.148313492063492,27.21904761904762
21,42,1,1,1,2,2,3,13.325892857142858,27.22440476190476
21,43,1,4,2,2,2,2,17.138690476190476,27.36607142857143
21,44,1,1,1,1,1,2,11.241071428571429,26.567261904761907
21,45,1,1,1,2,1,5,12.230952380952381,26.861309523809524
21,46,1,1,1,2,1,5,12.230952380952381,26.861309523809524
21,47,1,1,3,6,6,2,23.069940476190474,27.465476190476192
21,48,1,2,1,5,3,6,18.208928571428572,27.42797619047619
21,49,1,1,1,1,1,1,11.193650793650793,26.5375
22,0,1,1,1,1,1,5,11.156547619047618,26.53392857142857
22,1,1,1,2,7,6,2,23.146626984126982,27.502380952380953
22,2,1,1,2,7,6,2,23.146626984126982,27.502380952380953
22,3,1,1,1,1,1,5,11.156547619047618,26.53392857142857
22,4,1,1,3,6,6,2,23.069940476190474,27.465476190476192
22,5,1,2,2,5,3,6,19.068055555555556,27.45297619047619
22,6,1,1,1,2,1,1,12.069146825396825,26.836309523809526
22,7,1,1,1,1,1,2,11.241071428571429,26.567261904761907
22,8,1,1,1,5,3,7,17.210515873015872,27.436309523809523
22,9,1,4,2,2,2,2,17.138690476190476,27.36607142857143
22,10,1,1,1,2,2,1,13.045535714285714,27.074404761904763
22,11,1,1,1,2,2,1,13.045535714285714,27.074404761904763
22,12,1,1,1,2,1,4,12.302579365079366,26.88154761904762
22,13,1,2,1,2,3,2,15.23015873015873,27.338690476190475
22,14,1,2,2,5,3,6,19.068055555555556,27.45297619047619
22,15,1,1,1,2,2,6,13.148313492063492,27.21904761904762
22,16,1,2,1,2,3,2,15.23015873015873,27.338690476190475
22,17,1,1,1,2,3,5,14.324007936507936,27.307142857142857
22,18,1,1,1,1,1,2,11.241071428571429,26.567261904761907
22,19,1,1,2,2,2,2,14.162400793650793,27.28214285714286
22,20,1,1,1,2,1,4,12.302579365079366,26.88154761904762
22,21,1,1,1,2,2,3,13.325892857142858,27.22440476190476
22,22,1,1,1,2,1,1,12.069146825396825,26.836309523809526
22,23,1,1,1,2,2,3,13.325892857142858,27.22440476190476
22,24,1,1,2,2,2,2,14.162400793650793,27.28214285714286
22,25,1,1,1,2,3,5,14.324007936507936,27.307142857142857
22,26,1,4,2,2,2,2,17.138690476190476,27.36607142857143
22,27,1,1,1,1,1,1,11.193650793650793,26.5375
22,28,1,1,1,1,2,4,12.21686507936508,26.84166666666667
22,29,1,1,1,2,1,5,12.230952380952381,26.861309523809524
22,30,1,1,1,2,1,5,12.230952380952381,26.861309523809524
22,31,1,1,3,6,6,2,23.069940476190474,27.465476190476192
22,32,1,1,1,2,2,6,13.148313492063492,27.21904761904762
22,33,1,1,1,1,1,1,11.193650793650793,26.5375
22,34,1,1,1,1,2,4,12.21686507936508,26.84166666666667
22,35,1,1,1,2,2,6,13.148313492063492,27.21904761904762
22,36,1,1,1,2,1,5,12.230952380952381,26.861309523809524
22,37,1,1,1,2,1,1,12.069146825396825,26.836309523809526
22,38,1,1,1,2,2,3,13.325892857142858,27.22440476190476
22,39,1,1,2,2,2,2,14.162400793650793,27.28214285714286
22,40,1,1,1,2,1,5,12.230952380952381,26.861309523809524
22,41,1,1,1,2,2,6,13.148313492063492,27.21904761904762
22,42,1,1,1,2,2,6,13.148313492063492,27.21904761904762
22,43,1,1,1,1,2,4,12.21686507936508,26.84166666666667
22,44,1,1,2,7,6,2,23.146626984126982,27.502380952380953
22,45,1,1,1,2,1,5,12.230952380952381,26.861309523809524
22,46,1,1,1,2,1,1,12.069146825396825,26.836309523809526
22,47,1,1,1,2,2,3,13.325892857142858,27.22440476190476
22,48,1,2,2,5,3,6,19.068055555555556,27.45297619047619
22,49,1,1,1,2,3,5,14.324007936507936,27.307142857142857
23,0,1,1,2,7,6,2,23.146626984126982,27.502380952380953
23,1,1,1,1,1,1,5,11.156547619047618,26.53392857142857
23,2,1,1,2,7,6,2,23.146626984126982,27.502380952380953
23,3,1,1,1,1,1,5,11.156547619047618,26.53392857142857
23,4,1,1,3,6,6,2,23.069940476190474,27.465476190476192
23,5,1,2,2,5,3,6,19.068055555555556,27.45297619047619
23,6,1,1,1,2,1,1,12.069146825396825,26.836309523809526
23,7,1,1,1,1,1,2,11.241071428571429,26.567261904761907
23,8,1,1,1,5,3,7,17.210515873015872,27.436309523809523
23,9,1,4,2,2,2,2,17.138690476190476,27.36607142857143
23,10,1,1,1,2,2,1,13.045535714285714,27.074404761904763
23,11,1,1,1,2,2,1,13.045535714285714,27.074404761904763
23,12,1,1,1,2,1,4,12.302579365079366,26.88154761904762
23,13,1,2,1,2,3,2,15.23015873015873,27.338690476190475
23,14,1,2,2,5,3,6,19.068055555555556,27.45297619047619
23,15,1,1,1,2,2,6,13.148313492063492,27.21904761904762
23,16,1,2,1,2,3,2,15.23015873015873,27.338690476190475
23,17,1,1,1,2,3,5,14.324007936507936,27.307142857142857
23,18,1,1,1,1,1,2,11.241071428571429,26.567261904761907
23,19,1,1,2,2,2,2,14.162400793650793,27.28214285714286
23,20,1,1,1,2,1,4,12.302579365079366,26.88154761904762
23,21,1,1,1,2,2,3,13.325892857142858,27.22440476190476
23,22,1,1,1,2,1,1,12.069146825396825,26.836309523809526
23,23,1,1,1,2,2,3,13.325892857142858,27.22440476190476
23,24,1,1,2,2,2,2,14.162400793650793,27.28214285714286
23,25,1,1,1,2,3,5,14.324007936507936,27.307142857142857
23,26,1,4,2,2,2,2,17.138690476190476,27.36607142857143
23,27,1,1,1,1,1,1,11.193650793650793,26.5375
23,28,1,1,1,1,2,4,12.21686507936508,26.84166666666667
23,29,1,1,1,2,1,5,12.230952380952381,26.861309523809524
23,30,1,1,1,2,1,5,12.230952380952381,26.861309523809524
23,31,1,1,3,6,6,2,23.069940476190474,27.465476190476192
23,32,1,1,1,2,2,6,13.148313492063492,27.21904761904762
23,33,1,1,1,1,1,1,11.193650793650793,26.5375
23,34,1,1,1,1,2,4,12.21686507936508,26.84166666666667
23,35,1,1,1,2,1,5,12.230952380952381,26.861309523809524
23,36,1,1,1,1,2,4,12.21686507936508,26.84166666666667
23,37,1,1,2,7,6,2,23.146626984126982,27.502380952380953
23,38,1,1,1,2,1,1,12.069146825396825,26.836309523809526
23,39,1,1,1,1,2,4,12.21686507936508,26.84166666666667
23,40,1,1,1,2,3,5,14.324007936507936,27.307142857142857
23,41,1,1,2,2,2,2,14.162400793650793,27.28214285714286
23,42,1,1,2,2,2,2,14.162400793650793,27.28214285714286
23,43,1,1,1,2,1,5,12.230952380952381,26.861309523809524
23,44,1,1,1,2,1,1,12.069146825396825,26.836309523809526
23,45,1,1,1,2,2,6,13.148313492063492,27.21904761904762
23,46,1,1,1,2,2,6,13.148313492063492,27.21904761904762
23,47,1,1,1,2,3,5,14.324007936507936,27.307142857142857
23,48,1,1,1,2,1,1,12.069146825396825,26.836309523809526
23,49,1,4,2,2,2,2,17.138690476190476,27.36607142857143
24,0,1,1,1,1,1,5,11.156547619047618,26.53392857142857
24,1,1,1,1,1,1,5,11.156547619047618,26.53392857142857
24,2,1,1,2,7,6,2,23.146626984126982,27.502380952380953
24,3,1,1,2,7,6,2,23.146626984126982,27.502380952380953
24,4,1,2,2,5,3,6,19.068055555555556,27.45297619047619
24,5,1,2,3,6,5,2,23.062400793650795,27.46309523809524
24,6,1,1,1,2,1,1,12.069146825396825,26.836309523809526
24,7,1,1,1,1,1,2,11.241071428571429,26.567261904761907
24,8,1,4,2,2,2,2,17.138690476190476,27.36607142857143
24,9,1,1,1,5,3,7,17.210515873015872,27.436309523809523
24,10,1,1,1,2,2,1,13.045535714285714,27.074404761904763
24,11,1,1,1,2,2,1,13.045535714285714,27.074404761904763
24,12,1,1,1,2,1,4,12.302579365079366,26.88154761904762
24,13,1,2,1,2,3,2,15.23015873015873,27.338690476190475
24,14,1,2,2,5,3,6,19.068055555555556,27.45297619047619
24,15,1,1,1,2,2,6,13.148313492063492,27.21904761904762
24,16,1,2,1,2,3,2,15.23015873015873,27.338690476190475
24,17,1,1,1,2,3,5,14.324007936507936,27.307142857142857
24,18,1,1,1,1,1,2,11.241071428571429,26.567261904761907
24,19,1,1,2,2,2,2,14.162400793650793,27.28214285714286
24,20,1,1,1,2,1,4,12.302579365079366,26.88154761904762
24,21,1,1,1,2,2,3,13.325892857142858,27.22440476190476
24,22,1,1,1,2,1,1,12.069146825396825,26.836309523809526
24,23,1,1,1,2,2,3,13.325892857142858,27.22440476190476
24,24,1,1,2,2,2,2,14.162400793650793,27.28214285714286
24,25,1,1,1,2,3,5,14.324007936507936,27.307142857142857
24,26,1,1,3,6,6,2,23.069940476190474,27.465476190476192
24,27,1,4,2,2,2,2,17.138690476190476,27.36607142857143
24,28,1,1,1,1,1,1,11.193650793650793,26.5375
24,29,1,1,1,1,2,4,12.21686507936508,26.84166666666667
24,30,1,1,1,2,1,5,12.230952380952381,26.861309523809524
24,31,1,1,1,5,3,7,17.210515873015872,27.436309523809523
24,32,1,1,1,2,1,5,12.230952380952381,26.861309523809524
24,33,1,1,1,2,2,6,13.148313492063492,27.21904761904762
24,34,1,1,3,6,6,2,23.069940476190474,27.465476190476192
24,35,1,1,1,1,1,1,11.193650793650793,26.5375
24,36,1,1,1,1,2,4,12.21686507936508,26.84166666666667
24,37,1,1,1,2,3,5,14.324007936507936,27.307142857142857
24,38,1,4,2,2,2,2,17.138690476190476,27.36607142857143
24,39,1,1,1,2,1,1,12.069146825396825,26.836309523809526
24,40,1,1,1,2,1,1,12.069146825396825,26.836309523809526
24,41,1,1,1,1,2,4,12.21686507936508,26.84166666666667
24,42,1,1,2,7,6,2,23.146626984126982,27.502380952380953
24,43,1,1,2,2,2,2,14.162400793650793,27.28214285714286
24,44,1,1,1,2,1,1,12.069146825396825,26.836309523809526
24,45,1,1,1,1,1,1,11.193650793650793,26.5375
24,46,1,1,1,1,2,4,12.21686507936508,26.84166666666667
24,47,1,1,1,2,1,1,12.069146825396825,26.836309523809526
24,48,1,1,1,2,1,5,12.230952380952381,26.861309523809524
24,49,1,1,1,2,1,5,12.230952380952381,26.861309523809524
25,0,1,1,1,1,1,5,11.156547619047618,26.53392857142857
25,1,1,1,1,1,1,5,11.156547619047618,26.53392857142857
25,2,1,1,2,7,6,2,23.146626984126982,27.502380952380953
25,3,1,1,2,7,6,2,23.146626984126982,27.502380952380953
25,4,1,1,2,5,3,7,18.05982142857143,27.45297619047619
25,5,1,2,3,6,5,2,23.062400793650795,27.46309523809524
25,6,1,1,1,2,1,1,12.069146825396825,26.836309523809526
25,7,1,1,1,1,1,2,11.241071428571429,26.567261904761907
25,8,1,4,2,2,2,2,17.138690476190476,27.36607142857143
25,9,1,1,1,2,2,1,13.045535714285714,27.074404761904763
25,10,1,1,1,2,2,1,13.045535714285714,27.074404761904763
25,11,1,1,1,2,1,4,12.302579365079366,26.88154761904762
25,12,1,2,1,2,3,2,15.23015873015873,27.338690476190475
25,13,1,1,1,2,2,6,13.148313492063492,27.21904761904762
25,14,1,1,1,5,3,7,17.210515873015872,27.436309523809523
25,15,1,2,1,2,3,2,15.23015873015873,27.338690476190475
25,16,1,1,1,2,3,5,14.324007936507936,27.307142857142857
25,17,1,1,1,1,1,2,11.241071428571429,26.567261904761907
25,18,1,1,2,2,2,2,14.162400793650793,27.28214285714286
25,19,1,1,1,2,1,4,12.302579365079366,26.88154761904762
25,20,1,1,1,2,2,3,13.325892857142858,27.22440476190476
25,21,1,1,1,2,1,1,12.069146825396825,26.836309523809526
25,22,1,1,1,2,2,3,13.325892857142858,27.22440476190476
25,23,1,1,2,2,2,2,14.162400793650793,27.28214285714286
25,24,1,1,1,2,3,5,14.324007936507936,27.307142857142857
25,25,1,1,3,6,6,2,23.069940476190474,27.465476190476192
25,26,1,4,2,2,2,2,17.138690476190476,27.36607142857143
25,27,1,1,1,1,1,1,11.193650793650793,26.5375
25,28,1,1,1,1,2,4,12.21686507936508,26.84166666666667
25,29,1,1,1,2,1,5,12.230952380952381,26.861309523809524
25,30,1,1,1,5,3,7,17.210515873015872,27.436309523809523
25,31,1,1,1,2,1,5,12.230952380952381,26.861309523809524
25,32,1,1,1,2,2,6,13.148313492063492,27.21904761904762
25,33,1,1,3,6,6,2,23.069940476190474,27.465476190476192
25,34,1,1,1,1,1,1,11.193650793650793,26.5375
25,35,1,1,1,1,2,4,12.21686507936508,26.84166666666667
25,36,1,1,1,1,2,4,12.21686507936508,26.84166666666667
25,37,1,1,1,2,1,4,12.302579365079366,26.88154761904762
25,38,1,1,1,5,3,7,17.210515873015872,27.436309523809523
25,39,1,1,1,1,1,5,11.156547619047618,26.53392857142857
25,40,1,1,1,2,2,3,13.325892857142858,27.22440476190476
25,41,1,1,1,2,1,1,12.069146825396825,26.836309523809526
25,42,1,1,1,2,1,1,12.069146825396825,26.836309523809526
25,43,1,1,2,7,6,2,23.146626984126982,27.502380952380953
25,44,1,1,1,2,2,3,13.325892857142858,27.22440476190476
25,45,1,1,1,2,1,1,12.069146825396825,26.836309523809526
25,46,1,1,1,2,1,5,12.230952380952381,26.861309523809524
25,47,1,1,1,2,1,5,12.230952380952381,26.861309523809524
25,48,1,1,1,2,1,5,12.230952380952381,26.861309523809524
25,49,1,1,1,1,2,4,12.21686507936508,26.84166666666667
26,0,1,1,1,1,1,5,11.156547619047618,26.53392857142857
26,1,1,1,2,7,6,2,23.146626984126982,27.502380952380953
26,2,1,1,2,7,6,2,23.146626984126982,27.502380952380953
26,3,1,1,1,1,1,5,11.156547619047618,26.53392857142857
26,4,1,1,2,5,3,7,18.05982142857143,27.45297619047619
26,5,1,2,3,6,5,2,23.062400793650795,27.46309523809524
26,6,1,1,1,2,1,1,12.069146825396825,26.836309523809526
26,7,1,1,1,1,1,2,11.241071428571429,26.567261904761907
26,8,1,1,1,2,2,1,13.045535714285714,27.074404761904763
26,9,1,1,1,2,2,1,13.045535714285714,27.074404761904763
26,10,1,1,1,2,1,4,12.302579365079366,26.88154761904762
26,11,1,1,1,5,2,2,16.205059523809524,27.35595238095238
26,12,1,1,1,2,2,6,13.148313492063492,27.21904761904762
26,13,1,4,2,2,2,2,17.138690476190476,27.36607142857143
26,14,1,1,1,5,3,7,17.210515873015872,27.436309523809523
26,15,1,2,1,2,3,2,15.23015873015873,27.338690476190475
26,16,1,1,1,2,3,5,14.324007936507936,27.307142857142857
26,17,1,1,1,1,1,2,11.241071428571429,26.567261904761907
26,18,1,1,2,2,2,2,14.162400793650793,27.28214285714286
26,19,1,2,1,2,3,2,15.23015873015873,27.338690476190475
26,20,1,1,1,2,1,4,12.302579365079366,26.88154761904762
26,21,1,1,1,2,2,3,13.325892857142858,27.22440476190476
26,22,1,1,1,2,1,1,12.069146825396825,26.836309523809526
26,23,1,1,1,2,2,3,13.325892857142858,27.22440476190476
26,24,1,1,2,2,2,2,14.162400793650793,27.28214285714286
26,25,1,1,1,2,3,5,14.324007936507936,27.307142857142857
26,26,1,1,3,6,6,2,23.069940476190474,27.465476190476192
26,27,1,1,1,1,1,1,11.193650793650793,26.5375
26,28,1,1,1,1,2,4,12.21686507936508,26.84166666666667
26,29,1,1,1,2,1,5,12.230952380952381,26.861309523809524
26,30,1,1,1,5,3,7,17.210515873015872,27.436309523809523
26,31,1,1,1,2,1,5,12.230952380952381,26.861309523809524
26,32,1,4,2,2,2,2,17.138690476190476,27.36607142857143
26,33,1,1,1,2,2,6,13.148313492063492,27.21904761904762
26,34,1,2,3,6,5,2,23.062400793650795,27.46309523809524
26,35,1,1,3,6,6,2,23.069940476190474,27.465476190476192
26,36,1,1,1,1,1,1,11.193650793650793,26.5375
26,37,1,1,1,1,2,4,12.21686507936508,26.84166666666667
26,38,1,1,1,2,1,5,12.230952380952381,26.861309523809524
26,39,1,1,1,2,2,3,13.325892857142858,27.22440476190476
26,40,1,1,3,6,6,2,23.069940476190474,27.465476190476192
26,41,1,1,1,1,1,5,11.156547619047618,26.53392857142857
26,42,1,1,1,2,2,1,13.045535714285714,27.074404761904763
26,43,1,1,1,2,1,5,12.230952380952381,26.861309523809524
26,44,1,1,1,2,2,1,13.045535714285714,27.074404761904763
26,45,1,1,1,2,2,1,13.045535714285714,27.074404761904763
26,46,1,1,2,7,6,2,23.146626984126982,27.502380952380953
26,47,1,1,1,1,1,1,11.193650793650793,26.5375
26,48,1,1,1,2,1,4,12.302579365079366,26.88154761904762
26,49,1,1,1,2,2,6,13.148313492063492,27.21904761904762
27,0,1,1,1,1,1,5,11.156547619047618,26.53392857142857
27,1,1,1,1,1,1,5,11.156547619047618,26.53392857142857
27,2,1,1,2,7,6,2,23.146626984126982,27.502380952380953
27,3,1,1,2,7,6,2,23.146626984126982,27.502380952380953
27,4,1,1,2,5,3,7,18.05982142857143,27.45297619047619
27,5,1,2,3,6,5,2,23.062400793650795,27.46309523809524
27,6,1,1,1,2,1,1,12.069146825396825,26.836309523809526
27,7,1,1,1,1,1,2,11.241071428571429,26.567261904761907
27,8,1,1,1,2,2,1,13.045535714285714,27.074404761904763
27,9,1,1,1,2,2,1,13.045535714285714,27.074404761904763
27,10,1,1,1,2,1,4,12.302579365079366,26.88154761904762
27,11,1,1,1,5,2,2,16.205059523809524,27.35595238095238
27,12,1,1,1,2,2,6,13.148313492063492,27.21904761904762
27,13,1,4,2,2,2,2,17.138690476190476,27.36607142857143
27,14,1,1,1,5,3,7,17.210515873015872,27.436309523809523
27,15,1,2,1,2,3,2,15.23015873015873,27.338690476190475
27,16,1,1,1,2,3,5,14.324007936507936,27.307142857142857
27,17,1,1,1,1,1,2,11.241071428571429,26.567261904761907
27,18,1,1,2,2,2,2,14.162400793650793,27.28214285714286
27,19,1,2,1,2,3,2,15.23015873015873,27.338690476190475
27,20,1,1,1,2,1,4,12.302579365079366,26.88154761904762
27,21,1,1,1,2,2,3,13.325892857142858,27.22440476190476
27,22,1,1,1,2,1,1,12.069146825396825,26.836309523809526
27,23,1,1,1,2,2,3,13.325892857142858,27.22440476190476
27,24,1,1,2,2,2,2,14.162400793650793,27.28214285714286
27,25,1,1,1,2,3,5,14.324007936507936,27.307142857142857
27,26,1,1,3,6,6,2,23.069940476190474,27.465476190476192
27,27,1,1,1,1,1,1,11.193650793650793,26.5375
27,28,1,1,1,1,2,4,12.21686507936508,26.84166666666667
27,29,1,1,1,2,1,5,12.230952380952381,26.861309523809524
27,30,1,1,1,5,3,7,17.210515873015872,27.436309523809523
27,31,1,1,1,2,1,5,12.230952380952381,26.861309523809524
27,32,1,4,2,2,2,2,17.138690476190476,27.36607142857143
27,33,1,1,1,2,2,6,13.148313492063492,27.21904761904762
27,34,1,2,3,6,5,2,23.062400793650795,27.46309523809524
27,35,1,1,3,6,6,2,23.069940476190474,27.465476190476192
27,36,1,1,1,1,1,1,11.193650793650793,26.5375
27,37,1,1,1,1,2,4,12.21686507936508,26.84166666666667
27,38,1,1,1,1,1,5,11.156547619047618,26.53392857142857
27,39,1,1,1,2,1,5,12.230952380952381,26.861309523809524
27,40,1,1,1,2,2,1,13.045535714285714,27.074404761904763
27,41,1,1,1,1,1,2,11.241071428571429,26.567261904761907
27,42,1,1,2,2,2,2,14.162400793650793,27.28214285714286
27,43,1,1,1,2,2,3,13.325892857142858,27.22440476190476
27,44,1,1,1,1,1,5,11.156547619047618,26.53392857142857
27,45,1,1,1,1,1,1,11.193650793650793,26.5375
27,46,1,1,1,1,1,1,11.193650793650793,26.5375
27,47,1,1,1,2,2,6,13.148313492063492,27.21904761904762
27,48,1,1,2,2,2,2,14.162400793650793,27.28214285714286
27,49,1,1,1,2,1,5,12.230952380952381,26.861309523809524
28,0,1,1,2,7,6,2,23.146626984126982,27.502380952380953
28,1,1,1,1,1,1,5,11.156547619047618,26.53392857142857
28,2,1,1,1,1,1,5,11.156547619047618,26.53392857142857
28,3,1,1,2,7,6,2,23.146626984126982,27.502380952380953
28,4,1,1,2,5,3,7,18.05982142857143,27.45297619047619
28,5,1,2,3,6,5,2,23.062400793650795,27.46309523809524
28,6,1,1,1,2,1,1,12.069146825396825,26.836309523809526
28,7,1,1,1,1,1,2,11.241071428571429,26.567261904761907
28,8,1,1,1,2,2,1,13.045535714285714,27.074404761904763
28,9,1,1,1,2,2,1,13.045535714285714,27.074404761904763
28,10,1,1,1,2,1,4,12.302579365079366,26.88154761904762
28,11,1,1,1,2,2,6,13.148313492063492,27.21904761904762
28,12,1,4,2,2,2,2,17.138690476190476,27.36607142857143
28,13,1,1,1,5,3,7,17.210515873015872,27.436309523809523
28,14,1,2,1,2,3,2,15.23015873015873,27.338690476190475
28,15,1,1,1,2,3,5,14.324007936507936,27.307142857142857
28,16,1,1,1,1,1,2,11.241071428571429,26.567261904761907
28,17,1,1,1,5,2,2,16.205059523809524,27.35595238095238
28,18,1,1,2,2,2,2,14.162400793650793,27.28214285714286
28,19,1,2,1,2,3,2,15.23015873015873,27.338690476190475
28,20,1,1,1,5,2,2,16.205059523809524,27.35595238095238
28,21,1,1,1,2,1,4,12.302579365079366,26.88154761904762
28,22,1,1,2,5,3,7,18.05982142857143,27.45297619047619
28,23,1,1,1,2,2,3,13.325892857142858,27.22440476190476
28,24,1,1,1,2,1,1,12.069146825396825,26.836309523809526
28,25,1,1,1,2,2,3,13.325892857142858,27.22440476190476
28,26,1,1,2,2,2,2,14.162400793650793,27.28214285714286
28,27,1,1,1,2,3,5,14.324007936507936,27.307142857142857
28,28,1,1,3,6,6,2,23.069940476190474,27.465476190476192
28,29,1,1,1,1,1,1,11.193650793650793,26.5375
28,30,1,1,1,1,2,4,12.21686507936508,26.84166666666667
28,31,1,1,1,2,1,5,12.230952380952381,26.861309523809524
28,32,1,1,1,5,3,7,17.210515873015872,27.436309523809523
28,33,1,1,1,2,1,5,12.230952380952381,26.861309523809524
28,34,1,4,2,2,2,2,17.138690476190476,27.36607142857143
28,35,1,1,1,2,2,6,13.148313492063492,27.21904761904762
28,36,1,2,3,6,5,2,23.062400793650795,27.46309523809524
28,37,1,1,3,6,6,2,23.069940476190474,27.465476190476192
28,38,1,1,1,1,1,1,11.193650793650793,26.5375
28,39,1,1,1,1,2,4,12.21686507936508,26.84166666666667
28,40,1,1,2,7,6,2,23.146626984126982,27.502380952380953
28,41,1,1,1,2,1,1,12.069146825396825,26.836309523809526
28,42,1,1,1,1,1,5,11.156547619047618,26.53392857142857
28,43,1,1,1,2,3,5,14.324007936507936,27.307142857142857
28,44,1,1,1,2,2,1,13.045535714285714,27.074404761904763
28,45,1,1,1,2,2,1,13.045535714285714,27.074404761904763
28,46,1,1,1,1,1,5,11.156547619047618,26.53392857142857
28,47,1,1,1,1,1,1,11.193650793650793,26.5375
28,48,1,1,1,2,1,1,12.069146825396825,26.836309523809526
28,49,1,1,1,2,2,3,13.325892857142858,27.22440476190476
29,0,1,1,1,1,1,5,11.156547619047618,26.53392857142857
29,1,1,1,2,7,6,2,23.146626984126982,27.502380952380953
29,2,1,1,1,1,1,5,11.156547619047618,26.53392857142857
29,3,1,1,2,7,6,2,23.146626984126982,27.502380952380953
29,4,1,1,2,5,3,7,18.05982142857143,27.45297619047619
29,5,1,2,3,6,5,2,23.062400793650795,27.46309523809524
29,6,1,1,1,2,1,1,12.069146825396825,26.836309523809526
29,7,1,1,1,1,1,2,11.241071428571429,26.567261904761907
29,8,1,1,1,2,2,1,13.045535714285714,27.074404761904763
29,9,1,1,1,2,2,1,13.045535714285714,27.074404761904763
29,10,1,1,1,2,1,4,12.302579365079366,26.88154761904762
29,11,1,1,1,2,2,6,13.148313492063492,27.21904761904762
29,12,1,4,2,2,2,2,17.138690476190476,27.36607142857143
29,13,1,1,1,5,3,7,17.210515873015872,27.436309523809523
29,14,1,2,1,2,3,2,15.23015873015873,27.338690476190475
29,15,1,1,1,2,3,5,14.324007936507936,27.307142857142857
29,16,1,1,1,1,1,2,11.241071428571429,26.567261904761907
29,17,1,1,1,5,2,2,16.205059523809524,27.35595238095238
29,18,1,1,2,2,2,2,14.162400793650793,27.28214285714286
29,19,1,2,1,2,3,2,15.23015873015873,27.338690476190475
29,20,1,1,1,5,2,2,16.205059523809524,27.35595238095238
29,21,1,1,1,2,1,4,12.302579365079366,26.88154761904762
29,22,1,1,2,5,3,7,18.05982142857143,27.45297619047619
29,23,1,1,1,2,2,3,13.325892857142858,27.22440476190476
29,24,1,1,1,2,1,1,12.069146825396825,26.836309523809526
29,25,1,1,1,2,2,3,13.325892857142858,27.22440476190476
29,26,1,1,2,2,2,2,14.162400793650793,27.28214285714286
29,27,1,1,1,2,3,5,14.324007936507936,27.307142857142857
29,28,1,1,3,6,6,2,23.069940476190474,27.465476190476192
29,29,1,1,1,1,1,1,11.193650793650793,26.5375
29,30,1,1,1,1,2,4,12.21686507936508,26.84166666666667
29,31,1,1,1,2,1,5,12.230952380952381,26.861309523809524
29,32,1,1,1,5,3,7,17.210515873015872,27.436309523809523
29,33,1,1,1,2,1,5,12.230952380952381,26.861309523809524
29,34,1,4,2,2,2,2,17.138690476190476,27.36607142857143
29,35,1,1,1,2,2,6,13.148313492063492,27.21904761904762
29,36,1,2,3,6,5,2,23.062400793650795,27.46309523809524
29,37,1,1,3,6,6,2,23.069940476190474,27.465476190476192
29,38,1,1,1,1,1,1,11.193650793650793,26.5375
29,39,1,1,1,1,2,4,12.21686507936508,26.84166666666667
29,40,1,1,3,6,6,2,23.069940476190474,27.465476190476192
29,41,1,1,1,2,1,1,12.069146825396825,26.836309523809526
29,42,1,4,2,2,2,2,17.138690476190476,27.36607142857143
29,43,1,1,1,2,1,1,12.069146825396825,26.836309523809526
29,44,1,1,1,2,2,6,13.148313492063492,27.21904761904762
29,45,1,1,2,2,2,2,14.162400793650793,27.28214285714286
29,46,1,1,1,1,1,5,11.156547619047618,26.53392857142857
29,47,1,1,1,1,1,5,11.156547619047618,26.53392857142857
29,48,1,1,1,1,1,2,11.241071428571429,26.567261904761907
29,49,1,1,1,2,1,5,12.230952380952381,26.861309523809524
30,0,1,1,1,1,1,7,11.107738095238096,26.474999999999998
30,1,1,1,2,7,6,2,23.146626984126982,27.502380952380953
30,2,1,1,2,7,6,2,23.146626984126982,27.502380952380953
30,3,1,1,2,5,3,7,18.05982142857143,27.45297619047619
30,4,1,2,3,6,5,2,23.062400793650795,27.46309523809524
30,5,1,1,1,2,1,1,12.069146825396825,26.836309523809526
30,6,1,1,1,1,1,2,11.241071428571429,26.567261904761907
30,7,1,1,1,2,2,1,13.045535714285714,27.074404761904763
30,8,1,1,1,2,2,1,13.045535714285714,27.074404761904763
30,9,1,1,1,2,1,4,12.302579365079366,26.88154761904762
30,10,1,1,1,2,2,6,13.148313492063492,27.21904761904762
30,11,1,4,2,2,2,2,17.138690476190476,27.36607142857143
30,12,1,1,1,5,3,7,17.210515873015872,27.436309523809523
30,13,1,2,1,2,3,2,15.23015873015873,27.338690476190475
30,14,1,1,1,2,3,5,14.324007936507936,27.307142857142857
30,15,1,1,1,1,1,2,11.241071428571429,26.567261904761907
30,16,1,1,1,5,2,2,16.205059523809524,27.35595238095238
30,17,1,1,2,2,2,2,14.162400793650793,27.28214285714286
30,18,1,2,1,2,3,2,15.23015873015873,27.338690476190475
30,19,1,1,1,5,2,2,16.205059523809524,27.35595238095238
30,20,1,1,1,2,1,4,12.302579365079366,26.88154761904762
30,21,1,1,2,5,3,7,18.05982142857143,27.45297619047619
30,22,1,1,1,2,2,3,13.325892857142858,27.22440476190476
30,23,1,1,1,2,1,1,12.069146825396825,26.836309523809526
30,24,1,1,1,2,2,3,13.325892857142858,27.22440476190476
30,25,1,1,2,2,2,2,14.162400793650793,27.28214285714286
30,26,1,1,1,1,1,5,11.156547619047618,26.53392857142857
30,27,1,1,1,2,3,5,14.324007936507936,27.307142857142857
30,28,1,1,3,6,6,2,23.069940476190474,27.465476190476192
30,29,1,1,1,1,1,1,11.193650793650793,26.5375
30,30,1,1,1,1,2,4,12.21686507936508,26.84166666666667
30,31,1,1,1,2,1,5,12.230952380952381,26.861309523809524
30,32,1,1,1,5,3,7,17.210515873015872,27.436309523809523
30,33,1,1,1,2,1,5,12.230952380952381,26.861309523809524
30,34,1,4,2,2,2,2,17.138690476190476,27.36607142857143
30,35,1,1,1,2,2,6,13.148313492063492,27.21904761904762
30,36,1,2,3,6,5,2,23.062400793650795,27.46309523809524
30,37,1,1,3,6,6,2,23.069940476190474,27.465476190476192
30,38,1,1,1,1,1,5,11.156547619047618,26.53392857142857
30,39,1,1,1,1,1,1,11.193650793650793,26.5375
30,40,1,1,1,1,2,4,12.21686507936508,26.84166666666667
30,41,1,1,1,2,2,1,13.045535714285714,27.074404761904763
30,42,1,1,2,2,2,2,14.162400793650793,27.28214285714286
30,43,1,1,1,5,2,2,16.205059523809524,27.35595238095238
30,44,1,1,1,1,1,5,11.156547619047618,26.53392857142857
30,45,1,2,3,6,5,2,23.062400793650795,27.46309523809524
30,46,1,1,1,2,3,5,14.324007936507936,27.307142857142857
30,47,1,1,2,7,6,2,23.146626984126982,27.502380952380953
30,48,1,1,2,2,2,2,14.162400793650793,27.28214285714286
30,49,1,1,1,2,1,5,12.230952380952381,26.861309523809524
31,0,1,1,1,1,1,7,11.107738095238096,26.474999999999998
31,1,1,1,1,1,1,7,11.107738095238096,26.474999999999998
31,2,1,1,2,7,6,2,23.146626984126982,27.502380952380953
31,3,1,1,2,7,6,2,23.146626984126982,27.502380952380953
31,4,1,1,2,5,3,7,18.05982142857143,27.45297619047619
31,5,1,2,3,6,5,2,23.062400793650795,27.46309523809524
31,6,1,1,1,2,1,1,12.069146825396825,26.836309523809526
31,7,1,1,1,1,1,2,11.241071428571429,26.567261904761907
31,8,1,1,1,2,2,1,13.045535714285714,27.074404761904763
31,9,1,1,1,2,2,1,13.045535714285714,27.074404761904763
31,10,1,1,1,2,1,4,12.302579365079366,26.88154761904762
31,11,1,1,1,2,2,6,13.148313492063492,27.21904761904762
31,12,1,4,2,2,2,2,17.138690476190476,27.36607142857143
31,13,1,1,1,5,3,7,17.210515873015872,27.436309523809523
31,14,1,2,1,2,3,2,15.23015873015873,27.338690476190475
31,15,1,1,1,2,3,5,14.324007936507936,27.307142857142857
31,16,1,1,1,1,1,2,11.241071428571429,26.567261904761907
31,17,1,1,1,5,2,2,16.205059523809524,27.35595238095238
31,18,1,1,2,2,2,2,14.162400793650793,27.28214285714286
31,19,1,2,1,2,3,2,15.23015873015873,27.338690476190475
31,20,1,1,1,5,2,2,16.205059523809524,27.35595238095238
31,21,1,1,1,2,1,4,12.302579365079366,26.88154761904762
31,22,1,1,2,5,3,7,18.05982142857143,27.45297619047619
31,23,1,1,1,2,2,3,13.325892857142858,27.22440476190476
31,24,1,1,1,2,1,1,12.069146825396825,26.836309523809526
31,25,1,1,1,2,2,3,13.325892857142858,27.22440476190476
31,26,1,1,2,2,2,2,14.162400793650793,27.28214285714286
31,27,1,1,1,1,1,5,11.156547619047618,26.53392857142857
31,28,1,1,1,2,3,5,14.324007936507936,27.307142857142857
31,29,1,1,3,6,6,2,23.069940476190474,27.465476190476192
31,30,1,1,1,1,1,1,11.193650793650793,26.5375
31,31,1,1,1,1,2,4,12.21686507936508,26.84166666666667
31,32,1,1,1,2,1,5,12.230952380952381,26.861309523809524
31,33,1,1,1,5,3,7,17.210515873015872,27.436309523809523
31,34,1,1,1,2,1,5,12.230952380952381,26.861309523809524
31,35,1,4,2,2,2,2,17.138690476190476,27.36607142857143
31,36,1,1,1,2,2,6,13.148313492063492,27.21904761904762
31,37,1,2,3,6,5,2,23.062400793650795,27.46309523809524
31,38,1,1,3,6,6,2,23.069940476190474,27.465476190476192
31,39,1,1,1,1,1,5,11.156547619047618,26.53392857142857
31,40,1,1,1,1,1,1,11.193650793650793,26.5375
31,41,1,1,1,1,2,4,12.21686507936508,26.84166666666667
31,42,1,1,1,2,1,1,12.069146825396825,26.836309523809526
31,43,1,1,1,1,2,4,12.21686507936508,26.84166666666667
31,44,1,1,1,5,2,2,16.205059523809524,27.35595238095238
31,45,1,1,1,5,3,7,17.210515873015872,27.436309523809523
31,46,1,1,2,2,2,2,14.162400793650793,27.28214285714286
31,47,1,1,1,1,1,5,11.156547619047618,26.53392857142857
31,48,1,1,1,2,1,5,12.230952380952381,26.861309523809524
31,49,1,1,1,1,1,1,11.193650793650793,26.5375
32,0,1,1,2,7,6,2,23.146626984126982,27.502380952380953
32,1,1,1,1,1,1,7,11.107738095238096,26.474999999999998
32,2,1,1,2,7,6,2,23.146626984126982,27.502380952380953
32,3,1,1,1,1,1,7,11.107738095238096,26.474999999999998
32,4,1,1,2,5,3,7,18.05982142857143,27.45297619047619
32,5,1,2,3,6,5,2,23.062400793650795,27.46309523809524
32,6,1,1,1,2,1,1,12.069146825396825,26.836309523809526
32,7,1,1,1,1,1,2,11.241071428571429,26.567261904761907
32,8,1,1,1,2,2,1,13.045535714285714,27.074404761904763
32,9,1,1,1,2,2,1,13.045535714285714,27.074404761904763
32,10,1,1,1,2,1,4,12.302579365079366,26.88154761904762
32,11,1,1,1,2,2,6,13.148313492063492,27.21904761904762
32,12,1,4,2,2,2,2,17.138690476190476,27.36607142857143
32,13,1,1,1,5,3,7,17.210515873015872,27.436309523809523
32,14,1,2,1,2,3,2,15.23015873015873,27.338690476190475
32,15,1,1,1,2,3,5,14.324007936507936,27.307142857142857
32,16,1,1,1,1,1,2,11.241071428571429,26.567261904761907
32,17,1,1,1,5,2,2,16.205059523809524,27.35595238095238
32,18,1,1,2,2,2,2,14.162400793650793,27.28214285714286
32,19,1,2,1,2,3,2,15.23015873015873,27.338690476190475
32,20,1,1,1,5,2,2,16.205059523809524,27.35595238095238
32,21,1,1,1,2,1,4,12.302579365079366,26.88154761904762
32,22,1,1,2,5,3,7,18.05982142857143,27.45297619047619
32,23,1,1,1,2,2,3,13.325892857142858,27.22440476190476
32,24,1,1,1,2,1,1,12.069146825396825,26.836309523809526
32,25,1,1,1,2,2,3,13.325892857142858,27.22440476190476
32,26,1,1,2,2,2,2,14.162400793650793,27.28214285714286
32,27,1,1,1,1,1,5,11.156547619047618,26.53392857142857
32,28,1,1,1,2,3,5,14.324007936507936,27.307142857142857
32,29,1,1,3,6,6,2,23.069940476190474,27.465476190476192
32,30,1,1,1,1,1,1,11.193650793650793,26.5375
32,31,1,1,1,1,2,4,12.21686507936508,26.84166666666667
32,32,1,1,1,2,1,5,12.230952380952381,26.861309523809524
32,33,1,1,1,5,3,7,17.210515873015872,27.436309523809523
32,34,1,1,1,2,1,5,12.230952380952381,26.861309523809524
32,35,1,4,2,2,2,2,17.138690476190476,27.36607142857143
32,36,1,1,1,2,2,6,13.148313492063492,27.21904761904762
32,37,1,2,3,6,5,2,23.062400793650795,27.46309523809524
32,38,1,1,3,6,6,2,23.069940476190474,27.465476190476192
32,39,1,1,1,1,1,5,11.156547619047618,26.53392857142857
32,40,1,1,1,1,1,1,11.193650793650793,26.5375
32,41,1,1,1,1,2,4,12.21686507936508,26.84166666666667
32,42,1,1,1,2,1,5,12.230952380952381,26.861309523809524
32,43,1,1,1,2,2,3,13.325892857142858,27.22440476190476
32,44,1,1,2,2,2,2,14.162400793650793,27.28214285714286
32,45,1,1,1,1,1,5,11.156547619047618,26.53392857142857
32,46,1,1,1,1,1,7,11.107738095238096,26.474999999999998
32,47,1,1,2,7,6,2,23.146626984126982,27.502380952380953
32,48,1,1,1,2,2,1,13.045535714285714,27.074404761904763
32,49,1,1,1,5,3,7,17.210515873015872,27.436309523809523
33,0,1,1,2,7,6,2,23.146626984126982,27.502380952380953
33,1,1,1,1,1,1,7,11.107738095238096,26.474999999999998
33,2,1,1,2,7,6,2,23.146626984126982,27.502380952380953
33,3,1,1,1,1,1,7,11.107738095238096,26.474999999999998
33,4,1,1,2,5,3,7,18.05982142857143,27.45297619047619
33,5,1,2,3,6,5,2,23.062400793650795,27.46309523809524
33,6,1,1,1,2,1,1,12.069146825396825,26.836309523809526
33,7,1,1,1,1,1,2,11.241071428571429,26.567261904761907
33,8,1,1,1,2,2,1,13.045535714285714,27.074404761904763
33,9,1,1,1,2,2,1,13.045535714285714,27.074404761904763
33,10,1,1,1,2,1,4,12.302579365079366,26.88154761904762
33,11,1,1,1,2,2,6,13.148313492063492,27.21904761904762
33,12,1,4,2,2,2,2,17.138690476190476,27.36607142857143
33,13,1,1,1,5,3,7,17.210515873015872,27.436309523809523
33,14,1,2,1,2,3,2,15.23015873015873,27.338690476190475
33,15,1,1,1,2,3,5,14.324007936507936,27.307142857142857
33,16,1,1,1,1,1,2,11.241071428571429,26.567261904761907
33,17,1,1,1,5,2,2,16.205059523809524,27.35595238095238
33,18,1,1,2,2,2,2,14.162400793650793,27.28214285714286
33,19,1,2,1,2,3,2,15.23015873015873,27.338690476190475
33,20,1,1,1,5,2,2,16.205059523809524,27.35595238095238
33,21,1,1,1,2,1,4,12.302579365079366,26.88154761904762
33,22,1,1,2,5,3,7,18.05982142857143,27.45297619047619
33,23,1,1,1,2,2,3,13.325892857142858,27.22440476190476
33,24,1,1,1,2,1,1,12.069146825396825,26.836309523809526
33,25,1,1,1,2,2,3,13.325892857142858,27.22440476190476
33,26,1,1,2,2,2,2,14.162400793650793,27.28214285714286
33,27,1,1,1,1,1,5,11.156547619047618,26.53392857142857
33,28,1,1,1,2,3,5,14.324007936507936,27.307142857142857
33,29,1,1,3,6,6,2,23.069940476190474,27.465476190476192
33,30,1,1,1,1,1,1,11.193650793650793,26.5375
33,31,1,1,1,1,2,4,12.21686507936508,26.84166666666667
33,32,1,1,1,2,1,5,12.230952380952381,26.861309523809524
33,33,1,1,1,5,3,7,17.210515873015872,27.436309523809523
33,34,1,1,1,2,1,5,12.230952380952381,26.861309523809524
33,35,1,4,2,2,2,2,17.138690476190476,27.36607142857143
33,36,1,1,1,2,2,6,13.148313492063492,27.21904761904762
33,37,1,2,3,6,5,2,23.062400793650795,27.46309523809524
33,38,1,1,3,6,6,2,23.069940476190474,27.465476190476192
33,39,1,1,1,1,1,5,11.156547619047618,26.53392857142857
33,40,1,1,1,1,1,1,11.193650793650793,26.5375
33,41,1,1,1,1,2,4,12.21686507936508,26.84166666666667
33,42,1,1,2,7,6,2,23.146626984126982,27.502380952380953
33,43,1,1,1,2,1,5,12.230952380952381,26.861309523809524
33,44,1,4,2,2,2,2,17.138690476190476,27.36607142857143
33,45,1,1,1,1,1,1,11.193650793650793,26.5375
33,46,1,1,1,2,1,4,12.302579365079366,26.88154761904762
33,47,1,1,1,1,1,2,11.241071428571429,26.567261904761907
33,48,1,1,1,5,3,7,17.210515873015872,27.436309523809523
33,49,1,1,1,1,1,7,11.107738095238096,26.474999999999998
34,0,1,1,1,1,1,7,11.107738095238096,26.474999999999998
34,1,1,1,2,7,6,2,23.146626984126982,27.502380952380953
34,2,1,1,2,7,6,2,23.146626984126982,27.502380952380953
34,3,1,1,1,1,1,7,11.107738095238096,26.474999999999998
34,4,1,1,2,5,3,7,18.05982142857143,27.45297619047619
34,5,1,2,3,6,5,2,23.062400793650795,27.46309523809524
34,6,1,1,1,1,2,7,12.265575396825398,26.92797619047619
34,7,1,1,1,2,1,1,12.069146825396825,26.836309523809526
34,8,1,1,1,1,1,2,11.241071428571429,26.567261904761907
34,9,1,1,1,2,2,1,13.045535714285714,27.074404761904763
34,10,1,1,1,2,2,6,13.148313492063492,27.21904761904762
34,11,1,1,1,2,2,1,13.045535714285714,27.074404761904763
34,12,1,4,2,2,2,2,17.138690476190476,27.36607142857143
34,13,1,1,1,5,3,7,17.210515873015872,27.436309523809523
34,14,1,2,1,2,3,2,15.23015873015873,27.338690476190475
34,15,1,1,1,2,3,5,14.324007936507936,27.307142857142857
34,16,1,1,1,1,1,2,11.241071428571429,26.567261904761907
34,17,1,1,1,5,2,2,16.205059523809524,27.35595238095238
34,18,1,1,2,2,2,2,14.162400793650793,27.28214285714286
34,19,1,2,1,2,3,2,15.23015873015873,27.338690476190475
34,20,1,1,1,5,2,2,16.205059523809524,27.35595238095238
34,21,1,1,2,5,3,7,18.05982142857143,27.45297619047619
34,22,1,1,1,2,2,3,13.325892857142858,27.22440476190476
34,23,1,1,1,2,1,1,12.069146825396825,26.836309523809526
34,24,1,1,1,2,2,3,13.325892857142858,27.22440476190476
34,25,1,1,2,2,2,2,14.162400793650793,27.28214285714286
34,26,1,1,1,2,1,5,12.230952380952381,26.861309523809524
34,27,1,1,1,1,1,5,11.156547619047618,26.53392857142857
34,28,1,1,1,2,3,5,14.324007936507936,27.307142857142857
34,29,1,1,3,6,6,2,23.069940476190474,27.465476190476192
34,30,1,1,1,1,1,1,11.193650793650793,26.5375
34,31,1,1,1,1,2,4,12.21686507936508,26.84166666666667
34,32,1,1,1,5,3,7,17.210515873015872,27.436309523809523
34,33,1,1,1,2,1,5,12.230952380952381,26.861309523809524
34,34,1,4,2,2,2,2,17.138690476190476,27.36607142857143
34,35,1,1,1,2,2,6,13.148313492063492,27.21904761904762
34,36,1,2,3,6,5,2,23.062400793650795,27.46309523809524
34,37,1,1,3,6,6,2,23.069940476190474,27.465476190476192
34,38,1,1,1,1,1,5,11.156547619047618,26.53392857142857
34,39,1,1,1,1,1,1,11.193650793650793,26.5375
34,40,1,1,1,1,2,4,12.21686507936508,26.84166666666667
34,41,1,1,1,2,3,5,14.324007936507936,27.307142857142857
34,42,1,1,2,2,2,2,14.162400793650793,27.28214285714286
34,43,1,1,1,2,2,1,13.045535714285714,27.074404761904763
34,44,1,1,1,2,2,6,13.148313492063492,27.21904761904762
34,45,1,1,1,2,1,5,12.230952380952381,26.861309523809524
34,46,1,1,1,1,1,1,11.193650793650793,26.5375
34,47,1,4,2,2,2,2,17.138690476190476,27.36607142857143
34,48,1,1,2,7,6,2,23.146626984126982,27.502380952380953
34,49,1,1,1,2,1,1,12.069146825396825,26.836309523809526
35,0,1,1,1,1,1,7,11.107738095238096,26.474999999999998
35,1,1,1,2,7,6,2,23.146626984126982,27.502380952380953
35,2,1,1,1,1,1,7,11.107738095238096,26.474999999999998
35,3,1,1,2,7,6,2,23.146626984126982,27.502380952380953
35,4,1,1,2,5,3,7,18.05982142857143,27.45297619047619
35,5,1,2,3,6,5,2,23.062400793650795,27.46309523809524
35,6,1,1,1,2,1,1,12.069146825396825,26.836309523809526
35,7,1,1,1,1,1,2,11.241071428571429,26.567261904761907
35,8,1,1,1,2,2,1,13.045535714285714,27.074404761904763
35,9,1,1,1,2,2,6,13.148313492063492,27.21904761904762
35,10,1,1,1,2,2,1,13.045535714285714,27.074404761904763
35,11,1,4,2,2,2,2,17.138690476190476,27.36607142857143
35,12,1,1,1,1,2,7,12.265575396825398,26.92797619047619
35,13,1,1,1,5,3,7,17.210515873015872,27.436309523809523
35,14,1,1,1,1,2,7,12.265575396825398,26.92797619047619
35,15,1,2,1,2,3,2,15.23015873015873,27.338690476190475
35,16,1,1,1,2,3,5,14.324007936507936,27.307142857142857
35,17,1,1,1,1,1,2,11.241071428571429,26.567261904761907
35,18,1,1,1,5,2,2,16.205059523809524,27.35595238095238
35,19,1,1,2,2,2,2,14.162400793650793,27.28214285714286
35,20,1,2,1,2,3,2,15.23015873015873,27.338690476190475
35,21,1,1,1,5,2,2,16.205059523809524,27.35595238095238
35,22,1,1,2,5,3,7,18.05982142857143,27.45297619047619
35,23,1,1,1,2,2,3,13.325892857142858,27.22440476190476
35,24,1,1,1,2,1,1,12.069146825396825,26.836309523809526
35,25,1,1,1,2,2,3,13.325892857142858,27.22440476190476
35,26,1,1,2,2,2,2,14.162400793650793,27.28214285714286
35,27,1,1,1,2,1,5,12.230952380952381,26.861309523809524
35,28,1,1,1,1,1,5,11.156547619047618,26.53392857142857
35,29,1,1,1,2,3,5,14.324007936507936,27.307142857142857
35,30,1,1,3,6,6,2,23.069940476190474,27.465476190476192
35,31,1,1,1,1,1,1,11.193650793650793,26.5375
35,32,1,1,1,1,2,4,12.21686507936508,26.84166666666667
35,33,1,1,1,5,3,7,17.210515873015872,27.436309523809523
35,34,1,1,1,2,1,5,12.230952380952381,26.861309523809524
35,35,1,4,2,2,2,2,17.138690476190476,27.36607142857143
35,36,1,1,1,2,2,6,13.148313492063492,27.21904761904762
35,37,1,2,3,6,5,2,23.062400793650795,27.46309523809524
35,38,1,1,3,6,6,2,23.069940476190474,27.465476190476192
35,39,1,1,1,1,1,5,11.156547619047618,26.53392857142857
35,40,1,1,1,1,1,1,11.193650793650793,26.5375
35,41,1,1,1,1,2,4,12.21686507936508,26.84166666666667
35,42,1,1,1,1,1,1,11.193650793650793,26.5375
35,43,1,1,2,7,6,2,23.146626984126982,27.502380952380953
35,44,1,1,1,2,2,3,13.325892857142858,27.22440476190476
35,45,1,1,1,2,2,6,13.148313492063492,27.21904761904762
35,46,1,1,1,5,3,7,17.210515873015872,27.436309523809523
35,47,1,1,2,2,2,2,14.162400793650793,27.28214285714286
35,48,1,1,1,1,1,2,11.241071428571429,26.567261904761907
35,49,1,1,1,1,1,7,11.107738095238096,26.474999999999998
36,0,1,1,2,7,6,2,23.146626984126982,27.502380952380953
36,1,1,1,1,1,1,7,11.107738095238096,26.474999999999998
36,2,1,1,1,1,1,7,11.107738095238096,26.474999999999998
36,3,1,1,2,7,6,2,23.146626984126982,27.502380952380953
36,4,1,1,2,5,3,7,18.05982142857143,27.45297619047619
36,5,1,2,3,6,5,2,23.062400793650795,27.46309523809524
36,6,1,1,1,2,1,1,12.069146825396825,26.836309523809526
36,7,1,1,1,1,1,2,11.241071428571429,26.567261904761907
36,8,1,1,1,2,2,1,13.045535714285714,27.074404761904763
36,9,1,1,1,2,2,6,13.148313492063492,27.21904761904762
36,10,1,1,1,2,2,1,13.045535714285714,27.074404761904763
36,11,1,4,2,2,2,2,17.138690476190476,27.36607142857143
36,12,1,1,1,1,2,7,12.265575396825398,26.92797619047619
36,13,1,1,1,5,3,7,17.210515873015872,27.436309523809523
36,14,1,1,1,1,2,7,12.265575396825398,26.92797619047619
36,15,1,2,1,2,3,2,15.23015873015873,27.338690476190475
36,16,1,1,1,2,3,5,14.324007936507936,27.307142857142857
36,17,1,1,1,1,1,2,11.241071428571429,26.567261904761907
36,18,1,1,1,5,2,2,16.205059523809524,27.35595238095238
36,19,1,1,2,2,2,2,14.162400793650793,27.28214285714286
36,20,1,2,1,2,3,2,15.23015873015873,27.338690476190475
36,21,1,1,1,5,2,2,16.205059523809524,27.35595238095238
36,22,1,1,2,5,3,7,18.05982142857143,27.45297619047619
36,23,1,1,1,2,2,3,13.325892857142858,27.22440476190476
36,24,1,1,1,2,1,1,12.069146825396825,26.836309523809526
36,25,1,1,1,2,2,3,13.325892857142858,27.22440476190476
36,26,1,1,2,2,2,2,14.162400793650793,27.28214285714286
36,27,1,1,1,2,1,5,12.230952380952381,26.861309523809524
36,28,1,1,1,1,1,5,11.156547619047618,26.53392857142857
36,29,1,1,1,2,3,5,14.324007936507936,27.307142857142857
36,30,1,1,3,6,6,2,23.069940476190474,27.465476190476192
36,31,1,1,1,1,1,1,11.193650793650793,26.5375
36,32,1,1,1,1,2,4,12.21686507936508,26.84166666666667
36,33,1,1,1,5,3,7,17.210515873015872,27.436309523809523
36,34,1,1,1,2,1,5,12.230952380952381,26.861309523809524
36,35,1,4,2,2,2,2,17.138690476190476,27.36607142857143
36,36,1,1,1,2,2,6,13.148313492063492,27.21904761904762
36,37,1,2,3,6,5,2,23.062400793650795,27.46309523809524
36,38,1,1,3,6,6,2,23.069940476190474,27.465476190476192
36,39,1,1,1,1,1,5,11.156547619047618,26.53392857142857
36,40,1,1,1,1,1,1,11.193650793650793,26.5375
36,41,1,1,1,1,2,4,12.21686507936508,26.84166666666667
36,42,1,1,1,5,3,7,17.210515873015872,27.436309523809523
36,43,1,1,1,2,2,1,13.045535714285714,27.074404761904763
36,44,1,1,1,5,3,7,17.210515873015872,27.436309523809523
36,45,1,1,1,1,1,1,11.193650793650793,26.5375
36,46,1,1,1,1,1,7,11.107738095238096,26.474999999999998
36,47,1,1,1,2,2,6,13.148313492063492,27.21904761904762
36,48,1,1,2,5,3,7,18.05982142857143,27.45297619047619
36,49,1,1,1,2,1,5,12.230952380952381,26.861309523809524
37,0,1,1,2,7,6,2,23.146626984126982,27.502380952380953
37,1,1,1,1,1,1,7,11.107738095238096,26.474999999999998
37,2,1,1,2,7,6,2,23.146626984126982,27.502380952380953
37,3,1,1,1,1,1,7,11.107738095238096,26.474999999999998
37,4,1,1,2,5,3,7,18.05982142857143,27.45297619047619
37,5,1,2,3,6,5,2,23.062400793650795,27.46309523809524
37,6,1,1,1,2,1,1,12.069146825396825,26.836309523809526
37,7,1,1,1,1,1,2,11.241071428571429,26.567261904761907
37,8,1,1,1,2,2,1,13.045535714285714,27.074404761904763
37,9,1,1,1,2,2,6,13.148313492063492,27.21904761904762
37,10,1,1,1,2,2,1,13.045535714285714,27.074404761904763
37,11,1,4,2,2,2,2,17.138690476190476,27.36607142857143
37,12,1,1,1,1,2,7,12.265575396825398,26.92797619047619
37,13,1,1,1,5,3,7,17.210515873015872,27.436309523809523
37,14,1,1,1,1,2,7,12.265575396825398,26.92797619047619
37,15,1,2,1,2,3,2,15.23015873015873,27.338690476190475
37,16,1,1,1,2,3,5,14.324007936507936,27.307142857142857
37,17,1,1,1,1,1,2,11.241071428571429,26.567261904761907
37,18,1,1,1,5,2,2,16.205059523809524,27.35595238095238
37,19,1,1,2,2,2,2,14.162400793650793,27.28214285714286
37,20,1,2,1,2,3,2,15.23015873015873,27.338690476190475
37,21,1,1,1,5,2,2,16.205059523809524,27.35595238095238
37,22,1,1,2,5,3,7,18.05982142857143,27.45297619047619
37,23,1,1,1,2,2,3,13.325892857142858,27.22440476190476
37,24,1,1,1,2,1,1,12.069146825396825,26.836309523809526
37,25,1,1,1,2,2,3,13.325892857142858,27.22440476190476
37,26,1,1,2,2,2,2,14.162400793650793,27.28214285714286
37,27,1,1,1,2,1,5,12.230952380952381,26.861309523809524
37,28,1,1,1,1,1,5,11.156547619047618,26.53392857142857
37,29,1,1,1,2,3,5,14.324007936507936,27.307142857142857
37,30,1,1,3,6,6,2,23.069940476190474,27.465476190476192
37,31,1,1,1,1,1,1,11.193650793650793,26.5375
37,32,1,1,1,1,2,4,12.21686507936508,26.84166666666667
37,33,1,1,1,5,3,7,17.210515873015872,27.436309523809523
37,34,1,1,1,2,1,5,12.230952380952381,26.861309523809524
37,35,1,4,2,2,2,2,17.138690476190476,27.36607142857143
37,36,1,1,1,2,2,6,13.148313492063492,27.21904761904762
37,37,1,2,3,6,5,2,23.062400793650795,27.46309523809524
37,38,1,1,3,6,6,2,23.069940476190474,27.465476190476192
37,39,1,1,1,1,1,5,11.156547619047618,26.53392857142857
37,40,1,1,1,1,1,1,11.193650793650793,26.5375
37,41,1,1,1,1,2,4,12.21686507936508,26.84166666666667
37,42,1,2,1,2,3,2,15.23015873015873,27.338690476190475
37,43,1,1,1,2,1,5,12.230952380952381,26.861309523809524
37,44,1,2,1,2,3,2,15.23015873015873,27.338690476190475
37,45,1,1,2,5,3,7,18.05982142857143,27.45297619047619
37,46,1,1,2,7,6,2,23.146626984126982,27.502380952380953
37,47,1,1,1,1,1,5,11.156547619047618,26.53392857142857
37,48,1,1,3,6,6,2,23.069940476190474,27.465476190476192
37,49,1,1,1,1,1,5,11.156547619047618,26.53392857142857
38,0,1,1,1,1,1,7,11.107738095238096,26.474999999999998
38,1,1,1,2,7,6,2,23.146626984126982,27.502380952380953
38,2,1,1,1,1,1,7,11.107738095238096,26.474999999999998
38,3,1,1,2,7,6,2,23.146626984126982,27.502380952380953
38,4,1,1,2,5,3,7,18.05982142857143,27.45297619047619
38,5,1,2,3,6,5,2,23.062400793650795,27.46309523809524
38,6,1,1,1,2,1,1,12.069146825396825,26.836309523809526
38,7,1,1,1,1,1,2,11.241071428571429,26.567261904761907
38,8,1,1,1,2,2,1,13.045535714285714,27.074404761904763
38,9,1,1,1,2,2,6,13.148313492063492,27.21904761904762
38,10,1,1,1,2,2,1,13.045535714285714,27.074404761904763
38,11,1,4,2,2,2,2,17.138690476190476,27.36607142857143
38,12,1,1,1,1,2,7,12.265575396825398,26.92797619047619
38,13,1,1,1,5,3,7,17.210515873015872,27.436309523809523
38,14,1,1,1,1,2,7,12.265575396825398,26.92797619047619
38,15,1,2,1,2,3,2,15.23015873015873,27.338690476190475
38,16,1,1,1,2,3,5,14.324007936507936,27.307142857142857
38,17,1,1,1,1,1,2,11.241071428571429,26.567261904761907
38,18,1,1,1,5,2,2,16.205059523809524,27.35595238095238
38,19,1,1,2,2,2,2,14.162400793650793,27.28214285714286
38,20,1,2,1,2,3,2,15.23015873015873,27.338690476190475
38,21,1,1,1,5,2,2,16.205059523809524,27.35595238095238
38,22,1,1,2,5,3,7,18.05982142857143,27.45297619047619
38,23,1,1,1,2,2,3,13.325892857142858,27.22440476190476
38,24,1,1,1,2,1,1,12.069146825396825,26.836309523809526
38,25,1,1,1,2,2,3,13.325892857142858,27.22440476190476
38,26,1,1,2,2,2,2,14.162400793650793,27.28214285714286
38,27,1,1,1,2,1,5,12.230952380952381,26.861309523809524
38,28,1,1,1,1,1,5,11.156547619047618,26.53392857142857
38,29,1,1,1,2,3,5,14.324007936507936,27.307142857142857
38,30,1,1,3,6,6,2,23.069940476190474,27.465476190476192
38,31,1,1,1,1,1,1,11.193650793650793,26.5375
38,32,1,1,1,1,2,4,12.21686507936508,26.84166666666667
38,33,1,1,1,5,3,7,17.210515873015872,27.436309523809523
38,34,1,1,1,2,1,5,12.230952380952381,26.861309523809524
38,35,1,4,2,2,2,2,17.138690476190476,27.36607142857143
38,36,1,1,1,2,2,6,13.148313492063492,27.21904761904762
38,37,1,2,3,6,5,2,23.062400793650795,27.46309523809524
38,38,1,1,3,6,6,2,23.069940476190474,27.465476190476192
38,39,1,1,1,1,1,5,11.156547619047618,26.53392857142857
38,40,1,1,1,1,1,1,11.193650793650793,26.5375
38,41,1,1,1,1,2,4,12.21686507936508,26.84166666666667
38,42,1,1,1,2,1,1,12.069146825396825,26.836309523809526
38,43,1,1,1,2,1,5,12.230952380952381,26.861309523809524
38,44,1,1,2,7,6,2,23.146626984126982,27.502380952380953
38,45,1,1,1,5,3,7,17.210515873015872,27.436309523809523
38,46,1,1,1,5,3,7,17.210515873015872,27.436309523809523
38,47,1,1,1,2,1,5,12.230952380952381,26.861309523809524
38,48,1,2,1,2,3,2,15.23015873015873,27.338690476190475
38,49,1,1,1,2,2,1,13.045535714285714,27.074404761904763
39,0,1,1,2,7,6,2,23.146626984126982,27.502380952380953
39,1,1,1,1,1,1,7,11.107738095238096,26.474999999999998
39,2,1,1,1,1,1,7,11.107738095238096,26.474999999999998
39,3,1,1,2,7,6,2,23.146626984126982,27.502380952380953
39,4,1,1,2,5,3,7,18.05982142857143,27.45297619047619
39,5,1,2,3,6,5,2,23.062400793650795,27.46309523809524
39,6,1,1,1,2,1,1,12.069146825396825,26.836309523809526
39,7,1,1,1,1,1,2,11.241071428571429,26.567261904761907
39,8,1,1,1,2,2,1,13.045535714285714,27.074404761904763
39,9,1,1,1,2,2,6,13.148313492063492,27.21904761904762
39,10,1,1,1,2,2,1,13.045535714285714,27.074404761904763
39,11,1,4,2,2,2,2,17.138690476190476,27.36607142857143
39,12,1,1,1,1,2,7,12.265575396825398,26.92797619047619
39,13,1,1,1,5,3,7,17.210515873015872,27.436309523809523
39,14,1,1,1,1,2,7,12.265575396825398,26.92797619047619
39,15,1,2,1,2,3,2,15.23015873015873,27.338690476190475
39,16,1,1,1,2,3,5,14.324007936507936,27.307142857142857
39,17,1,1,1,1,1,2,11.241071428571429,26.567261904761907
39,18,1,1,1,5,2,2,16.205059523809524,27.35595238095238
39,19,1,1,2,2,2,2,14.162400793650793,27.28214285714286
39,20,1,2,1,2,3,2,15.23015873015873,27.338690476190475
39,21,1,1,1,5,2,2,16.205059523809524,27.35595238095238
39,22,1,1,2,5,3,7,18.05982142857143,27.45297619047619
39,23,1,1,1,2,2,3,13.325892857142858,27.22440476190476
39,24,1,1,1,2,1,1,12.069146825396825,26.836309523809526
39,25,1,1,1,2,2,3,13.325892857142858,27.22440476190476
39,26,1,1,2,2,2,2,14.162400793650793,27.28214285714286
39,27,1,1,1,2,1,5,12.230952380952381,26.861309523809524
39,28,1,1,1,1,1,5,11.156547619047618,26.53392857142857
39,29,1,1,1,2,3,5,14.324007936507936,27.307142857142857
39,30,1,1,3,6,6,2,23.069940476190474,27.465476190476192
39,31,1,1,1,1,1,1,11.193650793650793,26.5375
39,32,1,1,1,1,2,4,12.21686507936508,26.84166666666667
39,33,1,1,1,5,3,7,17.210515873015872,27.436309523809523
39,34,1,1,1,2,1,5,12.230952380952381,26.861309523809524
39,35,1,4,2,2,2,2,17.138690476190476,27.36607142857143
39,36,1,1,1,2,2,6,13.148313492063492,27.21904761904762
39,37,1,2,3,6,5,2,23.062400793650795,27.46309523809524
39,38,1,1,3,6,6,2,23.069940476190474,27.465476190476192
39,39,1,1,1,1,1,5,11.156547619047618,26.53392857142857
39,40,1,1,1,1,1,1,11.193650793650793,26.5375
39,41,1,1,1,1,2,4,12.21686507936508,26.84166666666667
39,42,1,1,2,2,2,2,14.162400793650793,27.28214285714286
39,43,1,1,1,2,2,1,13.045535714285714,27.074404761904763
39,44,1,1,1,1,2,7,12.265575396825398,26.92797619047619
39,45,1,1,1,2,3,5,14.324007936507936,27.307142857142857
39,46,1,1,1,2,1,1,12.069146825396825,26.836309523809526
39,47,1,1,1,2,2,3,13.325892857142858,27.22440476190476
39,48,1,4,2,2,2,2,17.138690476190476,27.36607142857143
39,49,1,1,1,2,3,5,14.324007936507936,27.307142857142857
40,0,1,1,1,1,1,7,11.107738095238096,26.474999999999998
40,1,1,1,2,7,6,2,23.146626984126982,27.502380952380953
40,2,1,1,2,7,6,2,23.146626984126982,27.502380952380953
40,3,1,1,1,1,1,7,11.107738095238096,26.474999999999998
40,4,1,1,2,5,3,7,18.05982142857143,27.45297619047619
40,5,1,2,3,6,5,2,23.062400793650795,27.46309523809524
40,6,1,1,1,2,1,1,12.069146825396825,26.836309523809526
40,7,1,1,1,1,1,2,11.241071428571429,26.567261904761907
40,8,1,1,1,2,2,1,13.045535714285714,27.074404761904763
40,9,1,1,1,2,2,6,13.148313492063492,27.21904761904762
40,10,1,1,1,2,2,1,13.045535714285714,27.074404761904763
40,11,1,4,2,2,2,2,17.138690476190476,27.36607142857143
40,12,1,1,1,1,2,7,12.265575396825398,26.92797619047619
40,13,1,1,1,5,3,7,17.210515873015872,27.436309523809523
40,14,1,1,1,1,2,7,12.265575396825398,26.92797619047619
40,15,1,2,1,2,3,2,15.23015873015873,27.338690476190475
40,16,1,1,1,2,3,5,14.324007936507936,27.307142857142857
40,17,1,1,1,1,1,2,11.241071428571429,26.567261904761907
40,18,1,1,1,5,2,2,16.205059523809524,27.35595238095238
40,19,1,1,2,2,2,2,14.162400793650793,27.28214285714286
40,20,1,2,1,2,3,2,15.23015873015873,27.338690476190475
40,21,1,1,1,5,2,2,16.205059523809524,27.35595238095238
40,22,1,1,2,5,3,7,18.05982142857143,27.45297619047619
40,23,1,1,1,2,2,3,13.325892857142858,27.22440476190476
40,24,1,1,1,2,1,1,12.069146825396825,26.836309523809526
40,25,1,1,1,2,2,3,13.325892857142858,27.22440476190476
40,26,1,1,2,2,2,2,14.162400793650793,27.28214285714286
40,27,1,1,1,2,1,5,12.230952380952381,26.861309523809524
40,28,1,1,1,1,1,5,11.156547619047618,26.53392857142857
40,29,1,1,1,2,3,5,14.324007936507936,27.307142857142857
40,30,1,1,3,6,6,2,23.069940476190474,27.465476190476192
40,31,1,1,1,1,1,1,11.193650793650793,26.5375
40,32,1,1,1,1,2,4,12.21686507936508,26.84166666666667
40,33,1,1,1,5,3,7,17.210515873015872,27.436309523809523
40,34,1,1,1,2,1,5,12.230952380952381,26.861309523809524
40,35,1,4,2,2,2,2,17.138690476190476,27.36607142857143
40,36,1,1,1,2,2,6,13.148313492063492,27.21904761904762
40,37,1,2,3,6,5,2,23.062400793650795,27.46309523809524
40,38,1,1,3,6,6,2,23.069940476190474,27.465476190476192
40,39,1,1,1,1,1,5,11.156547619047618,26.53392857142857
40,40,1,1,1,1,1,1,11.193650793650793,26.5375
40,41,1,1,1,1,2,4,12.21686507936508,26.84166666666667
40,42,1,4,2,2,2,2,17.138690476190476,27.36607142857143
40,43,1,1,1,2,3,5,14.324007936507936,27.307142857142857
40,44,1,1,1,1,1,2,11.241071428571429,26.567261904761907
40,45,1,1,1,2,3,5,14.324007936507936,27.307142857142857
40,46,1,1,2,7,6,2,23.146626984126982,27.502380952380953
40,47,1,1,1,1,1,2,11.241071428571429,26.567261904761907
40,48,1,1,2,2,2,2,14.162400793650793,27.28214285714286
40,49,1,1,1,2,1,1,12.069146825396825,26.836309523809526
41,0,1,1,2,7,6,2,23.146626984126982,27.502380952380953
41,1,1,1,1,1,1,7,11.107738095238096,26.474999999999998
41,2,1,1,2,7,6,2,23.146626984126982,27.502380952380953
41,3,1,1,1,1,1,7,11.107738095238096,26.474999999999998
41,4,1,1,2,5,3,7,18.05982142857143,27.45297619047619
41,5,1,2,3,6,5,2,23.062400793650795,27.46309523809524
41,6,1,1,1,2,1,1,12.069146825396825,26.836309523809526
41,7,1,1,1,1,1,2,11.241071428571429,26.567261904761907
41,8,1,1,1,2,2,1,13.045535714285714,27.074404761904763
41,9,1,1,1,2,2,1,13.045535714285714,27.074404761904763
41,10,1,4,2,2,2,2,17.138690476190476,27.36607142857143
41,11,1,1,1,2,2,8,13.194543650793651,27.22738095238095
41,12,1,1,1,1,2,7,12.265575396825398,26.92797619047619
41,13,1,1,1,2,2,6,13.148313492063492,27.21904761904762
41,14,1,1,1,5,3,7,17.210515873015872,27.436309523809523
41,15,1,1,1,1,2,7,12.265575396825398,26.92797619047619
41,16,1,2,1,2,3,2,15.23015873015873,27.338690476190475
41,17,1,1,2,2,2,2,14.162400793650793,27.28214285714286
41,18,1,1,1,2,3,5,14.324007936507936,27.307142857142857
41,19,1,1,1,1,1,2,11.241071428571429,26.567261904761907
41,20,1,1,1,5,2,2,16.205059523809524,27.35595238095238
41,21,1,2,1,2,3,2,15.23015873015873,27.338690476190475
41,22,1,1,1,5,2,2,16.205059523809524,27.35595238095238
41,23,1,1,2,5,3,7,18.05982142857143,27.45297619047619
41,24,1,1,1,2,1,1,12.069146825396825,26.836309523809526
41,25,1,1,2,2,2,2,14.162400793650793,27.28214285714286
41,26,1,1,1,2,1,5,12.230952380952381,26.861309523809524
41,27,1,1,1,1,1,5,11.156547619047618,26.53392857142857
41,28,1,1,1,2,3,5,14.324007936507936,27.307142857142857
41,29,1,1,3,6,6,2,23.069940476190474,27.465476190476192
41,30,1,1,1,1,1,1,11.193650793650793,26.5375
41,31,1,1,1,1,2,4,12.21686507936508,26.84166666666667
41,32,1,1,1,5,3,7,17.210515873015872,27.436309523809523
41,33,1,1,1,2,1,5,12.230952380952381,26.861309523809524
41,34,1,1,1,2,2,6,13.148313492063492,27.21904761904762
41,35,1,4,2,2,2,2,17.138690476190476,27.36607142857143
41,36,1,2,3,6,5,2,23.062400793650795,27.46309523809524
41,37,1,1,3,6,6,2,23.069940476190474,27.465476190476192
41,38,1,1,1,1,1,5,11.156547619047618,26.53392857142857
41,39,1,1,1,1,1,1,11.193650793650793,26.5375
41,40,1,1,1,1,2,4,12.21686507936508,26.84166666666667
41,41,1,1,1,1,1,2,11.241071428571429,26.567261904761907
41,42,1,1,1,2,2,1,13.045535714285714,27.074404761904763
41,43,1,1,2,2,2,2,14.162400793650793,27.28214285714286
41,44,1,1,2,7,6,2,23.146626984126982,27.502380952380953
41,45,1,1,1,2,2,6,13.148313492063492,27.21904761904762
41,46,1,1,1,2,3,5,14.324007936507936,27.307142857142857
41,47,1,1,1,2,1,5,12.230952380952381,26.861309523809524
41,48,1,1,1,1,2,4,12.21686507936508,26.84166666666667
41,49,1,1,1,2,2,1,13.045535714285714,27.074404761904763
42,0,1,1,2,7,6,2,23.146626984126982,27.502380952380953
42,1,1,1,2,7,6,2,23.146626984126982,27.502380952380953
42,2,1,1,1,1,1,7,11.107738095238096,26.474999999999998
42,3,1,1,1,1,1,7,11.107738095238096,26.474999999999998
42,4,1,1,2,5,3,7,18.05982142857143,27.45297619047619
42,5,1,2,3,6,5,2,23.062400793650795,27.46309523809524
42,6,1,1,1,2,1,1,12.069146825396825,26.836309523809526
42,7,1,1,1,1,1,2,11.241071428571429,26.567261904761907
42,8,1,1,1,2,2,1,13.045535714285714,27.074404761904763
42,9,1,1,1,2,2,1,13.045535714285714,27.074404761904763
42,10,1,4,2,2,2,2,17.138690476190476,27.36607142857143
42,11,1,1,1,1,2,7,12.265575396825398,26.92797619047619
42,12,1,1,1,2,2,6,13.148313492063492,27.21904761904762
42,13,1,1,1,5,3,7,17.210515873015872,27.436309523809523
42,14,1,1,1,1,2,7,12.265575396825398,26.92797619047619
42,15,1,2,1,2,3,2,15.23015873015873,27.338690476190475
42,16,1,1,2,2,2,2,14.162400793650793,27.28214285714286
42,17,1,1,1,2,3,5,14.324007936507936,27.307142857142857
42,18,1,1,1,1,1,2,11.241071428571429,26.567261904761907
42,19,1,1,1,5,2,2,16.205059523809524,27.35595238095238
42,20,1,2,1,2,3,2,15.23015873015873,27.338690476190475
42,21,1,1,1,5,2,2,16.205059523809524,27.35595238095238
42,22,1,1,1,2,2,8,13.194543650793651,27.22738095238095
42,23,1,1,2,5,3,7,18.05982142857143,27.45297619047619
42,24,1,1,1,2,1,1,12.069146825396825,26.836309523809526
42,25,1,1,2,2,2,2,14.162400793650793,27.28214285714286
42,26,1,1,1,2,1,5,12.230952380952381,26.861309523809524
42,27,1,1,1,1,1,5,11.156547619047618,26.53392857142857
42,28,1,1,1,2,2,8,13.194543650793651,27.22738095238095
42,29,1,1,1,2,3,5,14.324007936507936,27.307142857142857
42,30,1,1,3,6,6,2,23.069940476190474,27.465476190476192
42,31,1,1,1,1,1,1,11.193650793650793,26.5375
42,32,1,1,1,1,2,4,12.21686507936508,26.84166666666667
42,33,1,1,1,5,3,7,17.210515873015872,27.436309523809523
42,34,1,1,1,2,1,5,12.230952380952381,26.861309523809524
42,35,1,1,1,2,2,6,13.148313492063492,27.21904761904762
42,36,1,4,2,2,2,2,17.138690476190476,27.36607142857143
42,37,1,2,3,6,5,2,23.062400793650795,27.46309523809524
42,38,1,1,3,6,6,2,23.069940476190474,27.465476190476192
42,39,1,1,1,1,1,5,11.156547619047618,26.53392857142857
42,40,1,1,1,1,1,1,11.193650793650793,26.5375
42,41,1,1,1,1,2,4,12.21686507936508,26.84166666666667
42,42,1,1,2,2,2,2,14.162400793650793,27.28214285714286
42,43,1,1,1,2,2,6,13.148313492063492,27.21904761904762
42,44,1,1,1,1,2,7,12.265575396825398,26.92797619047619
42,45,1,1,1,5,3,7,17.210515873015872,27.436309523809523
42,46,1,1,1,2,3,5,14.324007936507936,27.307142857142857
42,47,1,1,1,2,1,1,12.069146825396825,26.836309523809526
42,48,1,1,1,1,2,7,12.265575396825398,26.92797619047619
42,49,1,1,1,2,2,1,13.045535714285714,27.074404761904763
43,0,1,1,2,7,6,2,23.146626984126982,27.502380952380953
43,1,1,1,2,7,6,2,23.146626984126982,27.502380952380953
43,2,1,1,1,1,1,7,11.107738095238096,26.474999999999998
43,3,1,1,1,1,1,7,11.107738095238096,26.474999999999998
43,4,1,1,2,5,3,7,18.05982142857143,27.45297619047619
43,5,1,2,3,6,5,2,23.062400793650795,27.46309523809524
43,6,1,1,1,2,1,1,12.069146825396825,26.836309523809526
43,7,1,1,1,1,1,2,11.241071428571429,26.567261904761907
43,8,1,1,1,2,2,1,13.045535714285714,27.074404761904763
43,9,1,1,1,2,2,1,13.045535714285714,27.074404761904763
43,10,1,4,2,2,2,2,17.138690476190476,27.36607142857143
43,11,1,1,1,1,2,7,12.265575396825398,26.92797619047619
43,12,1,1,1,2,2,6,13.148313492063492,27.21904761904762
43,13,1,1,1,5,3,7,17.210515873015872,27.436309523809523
43,14,1,1,1,1,2,7,12.265575396825398,26.92797619047619
43,15,1,2,1,2,3,2,15.23015873015873,27.338690476190475
43,16,1,1,2,2,2,2,14.162400793650793,27.28214285714286
43,17,1,1,1,2,3,5,14.324007936507936,27.307142857142857
43,18,1,1,1,1,1,2,11.241071428571429,26.567261904761907
43,19,1,1,1,5,2,2,16.205059523809524,27.35595238095238
43,20,1,2,1,2,3,2,15.23015873015873,27.338690476190475
43,21,1,1,1,5,2,2,16.205059523809524,27.35595238095238
43,22,1,1,1,2,2,8,13.194543650793651,27.22738095238095
43,23,1,1,2,5,3,7,18.05982142857143,27.45297619047619
43,24,1,1,1,2,1,1,12.069146825396825,26.836309523809526
43,25,1,1,2,2,2,2,14.162400793650793,27.28214285714286
43,26,1,1,1,2,1,5,12.230952380952381,26.861309523809524
43,27,1,1,1,1,1,5,11.156547619047618,26.53392857142857
43,28,1,1,1,2,2,8,13.194543650793651,27.22738095238095
43,29,1,1,1,2,3,5,14.324007936507936,27.307142857142857
43,30,1,1,3,6,6,2,23.069940476190474,27.465476190476192
43,31,1,1,1,1,1,1,11.193650793650793,26.5375
43,32,1,1,1,1,2,4,12.21686507936508,26.84166666666667
43,33,1,1,1,5,3,7,17.210515873015872,27.436309523809523
43,34,1,1,1,2,1,5,12.230952380952381,26.861309523809524
43,35,1,1,1,2,2,6,13.148313492063492,27.21904761904762
43,36,1,4,2,2,2,2,17.138690476190476,27.36607142857143
43,37,1,2,3,6,5,2,23.062400793650795,27.46309523809524
43,38,1,1,3,6,6,2,23.069940476190474,27.465476190476192
43,39,1,1,1,1,1,5,11.156547619047618,26.53392857142857
43,40,1,1,1,1,1,1,11.193650793650793,26.5375
43,41,1,1,1,1,2,4,12.21686507936508,26.84166666666667
43,42,1,1,1,2,2,1,13.045535714285714,27.074404761904763
43,43,1,1,1,2,1,5,12.230952380952381,26.861309523809524
43,44,1,1,1,1,1,2,11.241071428571429,26.567261904761907
43,45,1,1,1,1,2,4,12.21686507936508,26.84166666666667
43,46,1,1,1,2,3,5,14.324007936507936,27.307142857142857
43,47,1,1,1,1,2,7,12.265575396825398,26.92797619047619
43,48,1,1,1,2,2,8,13.194543650793651,27.22738095238095
43,49,1,1,1,2,1,1,12.069146825396825,26.836309523809526
44,0,1,1,1,1,1,7,11.107738095238096,26.474999999999998
44,1,1,1,2,7,6,2,23.146626984126982,27.502380952380953
44,2,1,1,2,7,6,2,23.146626984126982,27.502380952380953
44,3,1,1,1,1,1,7,11.107738095238096,26.474999999999998
44,4,1,1,2,5,3,7,18.05982142857143,27.45297619047619
44,5,1,2,3,6,5,2,23.062400793650795,27.46309523809524
44,6,1,1,1,2,1,1,12.069146825396825,26.836309523809526
44,7,1,1,1,1,1,2,11.241071428571429,26.567261904761907
44,8,1,1,1,2,2,1,13.045535714285714,27.074404761904763
44,9,1,1,1,2,2,1,13.045535714285714,27.074404761904763
44,10,1,4,2,2,2,2,17.138690476190476,27.36607142857143
44,11,1,1,1,1,2,7,12.265575396825398,26.92797619047619
44,12,1,1,1,2,2,6,13.148313492063492,27.21904761904762
44,13,1,1,1,5,3,7,17.210515873015872,27.436309523809523
44,14,1,1,1,1,2,7,12.265575396825398,26.92797619047619
44,15,1,2,1,2,3,2,15.23015873015873,27.338690476190475
44,16,1,1,2,2,2,2,14.162400793650793,27.28214285714286
44,17,1,1,1,2,3,5,14.324007936507936,27.307142857142857
44,18,1,1,1,1,1,2,11.241071428571429,26.567261904761907
44,19,1,1,1,5,2,2,16.205059523809524,27.35595238095238
44,20,1,2,1,2,3,2,15.23015873015873,27.338690476190475
44,21,1,1,1,5,2,2,16.205059523809524,27.35595238095238
44,22,1,1,1,2,2,8,13.194543650793651,27.22738095238095
44,23,1,1,2,5,3,7,18.05982142857143,27.45297619047619
44,24,1,1,1,2,1,1,12.069146825396825,26.836309523809526
44,25,1,1,2,2,2,2,14.162400793650793,27.28214285714286
44,26,1,1,1,2,1,5,12.230952380952381,26.861309523809524
44,27,1,1,1,1,1,5,11.156547619047618,26.53392857142857
44,28,1,1,1,2,2,8,13.194543650793651,27.22738095238095
44,29,1,1,1,2,3,5,14.324007936507936,27.307142857142857
44,30,1,1,3,7,5,2,23.08799603174603,27.475
44,31,1,1,1,1,1,1,11.193650793650793,26.5375
44,32,1,1,1,1,2,4,12.21686507936508,26.84166666666667
44,33,1,1,1,5,3,7,17.210515873015872,27.436309523809523
44,34,1,1,1,2,1,5,12.230952380952381,26.861309523809524
44,35,1,1,1,2,2,6,13.148313492063492,27.21904761904762
44,36,1,4,2,2,2,2,17.138690476190476,27.36607142857143
44,37,1,2,3,6,5,2,23.062400793650795,27.46309523809524
44,38,1,1,3,6,6,2,23.069940476190474,27.465476190476192
44,39,1,1,1,1,1,5,11.156547619047618,26.53392857142857
44,40,1,1,1,1,1,1,11.193650793650793,26.5375
44,41,1,1,1,1,2,4,12.21686507936508,26.84166666666667
44,42,1,1,3,6,6,2,23.069940476190474,27.465476190476192
44,43,1,1,1,1,2,7,12.265575396825398,26.92797619047619
44,44,1,1,1,1,1,2,11.241071428571429,26.567261904761907
44,45,1,1,1,1,2,7,12.265575396825398,26.92797619047619
44,46,1,1,1,2,1,1,12.069146825396825,26.836309523809526
44,47,1,1,1,2,1,5,12.230952380952381,26.861309523809524
44,48,1,1,1,1,2,4,12.21686507936508,26.84166666666667
44,49,1,1,2,2,2,2,14.162400793650793,27.28214285714286
45,0,1,1,1,1,1,7,11.107738095238096,26.474999999999998
45,1,1,1,2,7,6,2,23.146626984126982,27.502380952380953
45,2,1,1,2,7,6,2,23.146626984126982,27.502380952380953
45,3,1,1,1,1,1,7,11.107738095238096,26.474999999999998
45,4,1,1,2,5,3,7,18.05982142857143,27.45297619047619
45,5,1,2,3,6,5,2,23.062400793650795,27.46309523809524
45,6,1,1,1,2,1,1,12.069146825396825,26.836309523809526
45,7,1,1,1,1,1,2,11.241071428571429,26.567261904761907
45,8,1,1,1,2,2,1,13.045535714285714,27.074404761904763
45,9,1,1,1,2,2,1,13.045535714285714,27.074404761904763
45,10,1,1,1,1,2,7,12.265575396825398,26.92797619047619
45,11,1,1,1,2,2,6,13.148313492063492,27.21904761904762
45,12,1,1,1,1,2,7,12.265575396825398,26.92797619047619
45,13,1,1,1,5,3,7,17.210515873015872,27.436309523809523
45,14,1,2,1,2,3,2,15.23015873015873,27.338690476190475
45,15,1,1,2,2,2,2,14.162400793650793,27.28214285714286
45,16,1,4,2,2,2,2,17.138690476190476,27.36607142857143
45,17,1,1,1,2,3,5,14.324007936507936,27.307142857142857
45,18,1,1,1,1,1,2,11.241071428571429,26.567261904761907
45,19,1,1,1,5,2,2,16.205059523809524,27.35595238095238
45,20,1,2,1,2,3,2,15.23015873015873,27.338690476190475
45,21,1,1,1,5,2,2,16.205059523809524,27.35595238095238
45,22,1,1,1,2,2,8,13.194543650793651,27.22738095238095
45,23,1,1,2,5,3,7,18.05982142857143,27.45297619047619
45,24,1,1,1,5,3,8,17.192261904761903,27.391666666666666
45,25,1,1,1,2,1,1,12.069146825396825,26.836309523809526
45,26,1,1,2,2,2,2,14.162400793650793,27.28214285714286
45,27,1,1,1,2,1,5,12.230952380952381,26.861309523809524
45,28,1,1,1,1,1,5,11.156547619047618,26.53392857142857
45,29,1,1,1,2,2,8,13.194543650793651,27.22738095238095
45,30,1,1,1,2,3,5,14.324007936507936,27.307142857142857
45,31,1,1,3,7,5,2,23.08799603174603,27.475
45,32,1,1,1,1,1,1,11.193650793650793,26.5375
45,33,1,1,1,1,2,4,12.21686507936508,26.84166666666667
45,34,1,1,1,2,1,5,12.230952380952381,26.861309523809524
45,35,1,1,1,5,3,7,17.210515873015872,27.436309523809523
45,36,1,1,1,2,2,6,13.148313492063492,27.21904761904762
45,37,1,4,2,2,2,2,17.138690476190476,27.36607142857143
45,38,1,2,3,6,5,2,23.062400793650795,27.46309523809524
45,39,1,1,3,6,6,2,23.069940476190474,27.465476190476192
45,40,1,1,1,1,1,5,11.156547619047618,26.53392857142857
45,41,1,1,1,1,1,1,11.193650793650793,26.5375
45,42,1,1,1,1,2,4,12.21686507936508,26.84166666666667
45,43,1,1,3,6,6,2,23.069940476190474,27.465476190476192
45,44,1,1,1,1,1,2,11.241071428571429,26.567261904761907
45,45,1,1,1,1,2,7,12.265575396825398,26.92797619047619
45,46,1,1,1,2,1,5,12.230952380952381,26.861309523809524
45,47,1,1,1,1,1,2,11.241071428571429,26.567261904761907
45,48,1,1,1,2,3,5,14.324007936507936,27.307142857142857
45,49,1,1,1,2,2,8,13.194543650793651,27.22738095238095
46,0,1,1,1,1,1,7,11.107738095238096,26.474999999999998
46,1,1,1,1,1,1,7,11.107738095238096,26.474999999999998
46,2,1,1,2,7,6,2,23.146626984126982,27.502380952380953
46,3,1,1,2,7,6,2,23.146626984126982,27.502380952380953
46,4,1,1,2,5,3,7,18.05982142857143,27.45297619047619
46,5,1,2,3,6,5,2,23.062400793650795,27.46309523809524
46,6,1,1,1,2,1,1,12.069146825396825,26.836309523809526
46,7,1,1,1,1,1,2,11.241071428571429,26.567261904761907
46,8,1,1,1,2,2,1,13.045535714285714,27.074404761904763
46,9,1,1,1,2,2,1,13.045535714285714,27.074404761904763
46,10,1,1,1,1,2,7,12.265575396825398,26.92797619047619
46,11,1,1,1,2,2,6,13.148313492063492,27.21904761904762
46,12,1,1,1,1,2,7,12.265575396825398,26.92797619047619
46,13,1,1,1,5,3,7,17.210515873015872,27.436309523809523
46,14,1,2,1,2,3,2,15.23015873015873,27.338690476190475
46,15,1,1,2,2,2,2,14.162400793650793,27.28214285714286
46,16,1,4,2,2,2,2,17.138690476190476,27.36607142857143
46,17,1,1,1,2,3,5,14.324007936507936,27.307142857142857
46,18,1,1,1,1,1,2,11.241071428571429,26.567261904761907
46,19,1,1,1,5,2,2,16.205059523809524,27.35595238095238
46,20,1,2,1,2,3,2,15.23015873015873,27.338690476190475
46,21,1,1,1,5,2,2,16.205059523809524,27.35595238095238
46,22,1,1,1,2,2,8,13.194543650793651,27.22738095238095
46,23,1,1,2,5,3,7,18.05982142857143,27.45297619047619
46,24,1,1,1,5,3,8,17.192261904761903,27.391666666666666
46,25,1,1,1,2,1,1,12.069146825396825,26.836309523809526
46,26,1,1,2,2,2,2,14.162400793650793,27.28214285714286
46,27,1,1,1,2,1,5,12.230952380952381,26.861309523809524
46,28,1,1,1,1,1,5,11.156547619047618,26.53392857142857
46,29,1,1,1,2,2,8,13.194543650793651,27.22738095238095
46,30,1,1,1,2,3,5,14.324007936507936,27.307142857142857
46,31,1,1,3,7,5,2,23.08799603174603,27.475
46,32,1,1,1,1,1,1,11.193650793650793,26.5375
46,33,1,1,1,1,2,4,12.21686507936508,26.84166666666667
46,34,1,1,1,2,1,5,12.230952380952381,26.861309523809524
46,35,1,1,1,5,3,7,17.210515873015872,27.436309523809523
46,36,1,1,1,2,2,6,13.148313492063492,27.21904761904762
46,37,1,4,2,2,2,2,17.138690476190476,27.36607142857143
46,38,1,2,3,6,5,2,23.062400793650795,27.46309523809524
46,39,1,1,3,6,6,2,23.069940476190474,27.465476190476192
46,40,1,1,1,1,1,5,11.156547619047618,26.53392857142857
46,41,1,1,1,1,1,1,11.193650793650793,26.5375
46,42,1,1,1,1,2,4,12.21686507936508,26.84166666666667
46,43,1,1,3,6,6,2,23.069940476190474,27.465476190476192
46,44,1,1,1,1,1,2,11.241071428571429,26.567261904761907
46,45,1,1,1,5,3,7,17.210515873015872,27.436309523809523
46,46,1,1,1,2,3,5,14.324007936507936,27.307142857142857
46,47,1,1,1,2,3,5,14.324007936507936,27.307142857142857
46,48,1,1,1,1,1,5,11.156547619047618,26.53392857142857
46,49,1,1,1,2,1,1,12.069146825396825,26.836309523809526
47,0,1,1,2,7,6,2,23.146626984126982,27.502380952380953
47,1,1,1,2,7,6,2,23.146626984126982,27.502380952380953
47,2,1,1,1,1,1,7,11.107738095238096,26.474999999999998
47,3,1,1,1,1,1,7,11.107738095238096,26.474999999999998
47,4,1,1,2,5,3,7,18.05982142857143,27.45297619047619
47,5,1,2,3,6,5,2,23.062400793650795,27.46309523809524
47,6,1,1,1,2,1,1,12.069146825396825,26.836309523809526
47,7,1,1,1,1,1,2,11.241071428571429,26.567261904761907
47,8,1,1,1,2,2,1,13.045535714285714,27.074404761904763
47,9,1,1,1,2,2,1,13.045535714285714,27.074404761904763
47,10,1,1,1,1,2,7,12.265575396825398,26.92797619047619
47,11,1,1,1,2,2,6,13.148313492063492,27.21904761904762
47,12,1,1,1,1,2,7,12.265575396825398,26.92797619047619
47,13,1,1,1,5,3,7,17.210515873015872,27.436309523809523
47,14,1,2,1,2,3,2,15.23015873015873,27.338690476190475
47,15,1,1,2,2,2,2,14.162400793650793,27.28214285714286
47,16,1,4,2,2,2,2,17.138690476190476,27.36607142857143
47,17,1,1,1,2,3,5,14.324007936507936,27.307142857142857
47,18,1,1,1,1,1,2,11.241071428571429,26.567261904761907
47,19,1,1,1,5,2,2,16.205059523809524,27.35595238095238
47,20,1,2,1,2,3,2,15.23015873015873,27.338690476190475
47,21,1,1,1,5,2,2,16.205059523809524,27.35595238095238
47,22,1,1,1,2,2,8,13.194543650793651,27.22738095238095
47,23,1,1,2,5,3,7,18.05982142857143,27.45297619047619
47,24,1,1,1,5,3,8,17.192261904761903,27.391666666666666
47,25,1,1,1,2,1,1,12.069146825396825,26.836309523809526
47,26,1,1,2,2,2,2,14.162400793650793,27.28214285714286
47,27,1,1,1,2,1,5,12.230952380952381,26.861309523809524
47,28,1,1,1,1,1,5,11.156547619047618,26.53392857142857
47,29,1,1,1,2,2,8,13.194543650793651,27.22738095238095
47,30,1,1,1,2,3,5,14.324007936507936,27.307142857142857
47,31,1,1,3,7,5,2,23.08799603174603,27.475
47,32,1,1,1,1,1,1,11.193650793650793,26.5375
47,33,1,1,1,1,2,4,12.21686507936508,26.84166666666667
47,34,1,1,1,2,1,5,12.230952380952381,26.861309523809524
47,35,1,1,1,5,3,7,17.210515873015872,27.436309523809523
47,36,1,1,1,2,2,6,13.148313492063492,27.21904761904762
47,37,1,4,2,2,2,2,17.138690476190476,27.36607142857143
47,38,1,2,3,6,5,2,23.062400793650795,27.46309523809524
47,39,1,1,3,6,6,2,23.069940476190474,27.465476190476192
47,40,1,1,1,1,1,5,11.156547619047618,26.53392857142857
47,41,1,1,1,1,1,1,11.193650793650793,26.5375
47,42,1,1,1,1,2,4,12.21686507936508,26.84166666666667
47,43,1,1,3,6,6,2,23.069940476190474,27.465476190476192
47,44,1,1,1,1,1,2,11.241071428571429,26.567261904761907
47,45,1,1,1,2,2,1,13.045535714285714,27.074404761904763
47,46,1,1,1,2,1,5,12.230952380952381,26.861309523809524
47,47,1,1,1,1,1,1,11.193650793650793,26.5375
47,48,1,1,1,5,3,7,17.210515873015872,27.436309523809523
47,49,1,2,3,6,5,2,23.062400793650795,27.46309523809524
48,0,1,1,1,1,1,7,11.107738095238096,26.474999999999998
48,1,1,1,2,7,6,2,23.146626984126982,27.502380952380953
48,2,1,1,1,1,1,7,11.107738095238096,26.474999999999998
48,3,1,1,2,7,6,2,23.146626984126982,27.502380952380953
48,4,1,1,2,7,5,8,22.26170634920635,27.465476190476192
48,5,1,1,2,5,3,7,18.05982142857143,27.45297619047619
48,6,1,1,1,2,1,1,12.069146825396825,26.836309523809526
48,7,1,1,1,1,1,2,11.241071428571429,26.567261904761907
48,8,1,1,1,2,2,1,13.045535714285714,27.074404761904763
48,9,1,1,1,2,2,1,13.045535714285714,27.074404761904763
48,10,1,1,1,1,2,7,12.265575396825398,26.92797619047619
48,11,1,1,1,2,2,6,13.148313492063492,27.21904761904762
48,12,1,1,1,1,2,7,12.265575396825398,26.92797619047619
48,13,1,1,1,5,3,7,17.210515873015872,27.436309523809523
48,14,1,2,1,2,3,2,15.23015873015873,27.338690476190475
48,15,1,1,3,7,5,2,23.08799603174603,27.475
48,16,1,1,2,2,2,2,14.162400793650793,27.28214285714286
48,17,1,4,2,2,2,2,17.138690476190476,27.36607142857143
48,18,1,1,1,2,3,5,14.324007936507936,27.307142857142857
48,19,1,1,1,1,1,2,11.241071428571429,26.567261904761907
48,20,1,1,1,5,2,2,16.205059523809524,27.35595238095238
48,21,1,2,1,2,3,2,15.23015873015873,27.338690476190475
48,22,1,1,1,5,2,2,16.205059523809524,27.35595238095238
48,23,1,1,1,2,2,8,13.194543650793651,27.22738095238095
48,24,1,1,2,5,3,7,18.05982142857143,27.45297619047619
48,25,1,1,1,5,3,8,17.192261904761903,27.391666666666666
48,26,1,1,1,2,1,1,12.069146825396825,26.836309523809526
48,27,1,1,2,2,2,2,14.162400793650793,27.28214285714286
48,28,1,1,1,2,1,5,12.230952380952381,26.861309523809524
48,29,1,1,1,1,1,5,11.156547619047618,26.53392857142857
48,30,1,1,1,2,2,8,13.194543650793651,27.22738095238095
48,31,1,1,1,2,3,5,14.324007936507936,27.307142857142857
48,32,1,1,1,1,1,1,11.193650793650793,26.5375
48,33,1,1,1,1,2,4,12.21686507936508,26.84166666666667
48,34,1,1,1,2,1,5,12.230952380952381,26.861309523809524
48,35,1,1,1,5,3,7,17.210515873015872,27.436309523809523
48,36,1,1,1,2,2,6,13.148313492063492,27.21904761904762
48,37,1,4,2,2,2,2,17.138690476190476,27.36607142857143
48,38,1,1,1,1,1,5,11.156547619047618,26.53392857142857
48,39,1,1,1,1,1,1,11.193650793650793,26.5375
48,40,1,1,1,1,2,4,12.21686507936508,26.84166666666667
48,41,1,1,2,5,3,7,18.05982142857143,27.45297619047619
48,42,1,1,1,5,3,7,17.210515873015872,27.436309523809523
48,43,1,1,1,2,1,1,12.069146825396825,26.836309523809526
48,44,1,1,1,2,1,5,12.230952380952381,26.861309523809524
48,45,1,1,1,2,2,6,13.148313492063492,27.21904761904762
48,46,1,1,1,5,2,2,16.205059523809524,27.35595238095238
48,47,1,1,1,2,1,1,12.069146825396825,26.836309523809526
48,48,1,1,2,7,6,2,23.146626984126982,27.502380952380953
48,49,1,1,2,7,6,2,23.146626984126982,27.502380952380953
49,0,1,1,1,1,1,7,11.107738095238096,26.474999999999998
49,1,1,1,2,7,6,2,23.146626984126982,27.502380952380953
49,2,1,1,2,7,6,2,23.146626984126982,27.502380952380953
49,3,1,1,1,1,1,7,11.107738095238096,26.474999999999998
49,4,1,1,2,5,3,7,18.05982142857143,27.45297619047619
49,5,1,1,2,7,5,8,22.26170634920635,27.465476190476192
49,6,1,1,1,2,1,1,12.069146825396825,26.836309523809526
49,7,1,1,1,1,1,2,11.241071428571429,26.567261904761907
49,8,1,1,1,2,2,1,13.045535714285714,27.074404761904763
49,9,1,1,1,2,2,1,13.045535714285714,27.074404761904763
49,10,1,1,1,1,2,7,12.265575396825398,26.92797619047619
49,11,1,1,1,2,2,6,13.148313492063492,27.21904761904762
49,12,1,1,1,1,2,7,12.265575396825398,26.92797619047619
49,13,1,1,1,5,3,7,17.210515873015872,27.436309523809523
49,14,1,2,1,2,3,2,15.23015873015873,27.338690476190475
49,15,1,1,2,2,2,2,14.162400793650793,27.28214285714286
49,16,1,4,2,2,2,2,17.138690476190476,27.36607142857143
49,17,1,1,1,2,3,5,14.324007936507936,27.307142857142857
49,18,1,1,1,1,1,2,11.241071428571429,26.567261904761907
49,19,1,1,3,7,5,2,23.08799603174603,27.475
49,20,1,1,1,5,2,2,16.205059523809524,27.35595238095238
49,21,1,2,1,2,3,2,15.23015873015873,27.338690476190475
49,22,1,1,1,5,2,2,16.205059523809524,27.35595238095238
49,23,1,1,1,2,2,8,13.194543650793651,27.22738095238095
49,24,1,1,2,5,3,7,18.05982142857143,27.45297619047619
49,25,1,1,2,7,5,8,22.26170634920635,27.465476190476192
49,26,1,1,1,2,1,1,12.069146825396825,26.836309523809526
49,27,1,1,2,2,2,2,14.162400793650793,27.28214285714286
49,28,1,1,1,2,1,5,12.230952380952381,26.861309523809524
49,29,1,1,1,1,1,5,11.156547619047618,26.53392857142857
49,30,1,1,1,2,2,8,13.194543650793651,27.22738095238095
49,31,1,1,1,5,3,8,17.192261904761903,27.391666666666666
49,32,1,1,1,2,3,5,14.324007936507936,27.307142857142857
49,33,1,1,1,1,1,1,11.193650793650793,26.5375
49,34,1,1,1,1,2,4,12.21686507936508,26.84166666666667
49,35,1,1,1,5,3,8,17.192261904761903,27.391666666666666
49,36,1,1,1,2,1,5,12.230952380952381,26.861309523809524
49,37,1,1,1,5,3,7,17.210515873015872,27.436309523809523
49,38,1,1,1,2,2,6,13.148313492063492,27.21904761904762
49,39,1,4,2,2,2,2,17.138690476190476,27.36607142857143
49,40,1,1,3,7,5,2,23.08799603174603,27.475
49,41,1,1,1,1,1,5,11.156547619047618,26.53392857142857
49,42,1,1,1,1,1,1,11.193650793650793,26.5375
49,43,1,1,1,1,2,4,12.21686507936508,26.84166666666667
49,44,1,1,1,2,2,6,13.148313492063492,27.21904761904762
49,45,1,1,1,1,1,7,11.107738095238096,26.474999999999998
49,46,1,1,1,5,3,7,17.210515873015872,27.436309523809523
49,47,1,1,1,1,2,7,12.265575396825398,26.92797619047619
49,48,1,1,2,2,2,2,14.162400793650793,27.28214285714286
49,49,1,1,1,2,1,5,12.230952380952381,26.861309523809524
