gen,ind,buffer1_cap,buffer2_cap,buffer3_cap,wip,throughput
0,0,2,10,4,7.083948412698413,86.07738095238095
0,1,5,8,9,10.980198412698412,86.67857142857143
0,2,4,5,9,9.720257936507936,86.44642857142857
0,3,3,8,1,7.491388888888889,86.17619047619047
0,4,3,7,4,7.903650793650794,86.36666666666666
0,5,5,9,6,10.384880952380952,86.53809523809524
0,6,2,6,3,6.808015873015873,86.0
0,7,1,3,2,5.510257936507936,85.28333333333333
0,8,10,6,6,15.45515873015873,86.68333333333334
0,9,3,9,5,8.160674603174604,86.16785714285714
0,10,6,6,8,11.813531746031746,86.49880952380953
0,11,2,5,5,7.1625,85.53690476190476
0,12,3,7,2,7.751428571428572,85.73928571428571
0,13,7,5,7,12.295833333333334,86.58690476190476
0,14,1,5,3,5.917023809523809,85.14761904761905
0,15,1,5,2,5.641329365079365,85.075
0,16,6,4,6,11.189345238095239,86.48452380952381
0,17,5,5,2,9.653095238095238,86.35238095238095
0,18,10,7,6,15.183769841269841,86.60238095238095
0,19,4,7,2,8.66454365079365,86.28452380952382
0,20,10,9,10,15.726825396825397,86.63809523809525
0,21,7,6,8,12.381130952380953,86.44761904761904
0,22,9,5,6,14.354801587301587,86.58095238095238
0,23,5,2,8,10.653293650793652,86.25952380952381
0,24,4,4,6,9.284980158730159,86.0845238095238
0,25,1,4,3,5.69609126984127,85.06071428571428
0,26,4,3,4,8.892202380952382,86.05
0,27,3,8,4,8.279880952380953,85.6952380952381
0,28,7,9,4,12.228412698412699,86.30357142857143
0,29,3,10,10,8.600218253968254,86.01547619047619
0,30,3,9,9,8.385257936507937,85.86666666666666
0,31,2,1,8,7.426448412698413,85.39166666666667
0,32,7,2,5,12.316210317460317,86.17619047619047
0,33,8,4,3,12.805337301587302,86.26309523809525
0,34,7,2,2,11.520575396825397,85.96309523809524
0,35,7,2,3,11.750753968253969,86.17261904761905
0,36,3,2,10,8.696031746031746,85.78214285714286
0,37,10,7,9,15.648690476190476,86.54285714285714
0,38,4,1,2,8.440892857142856,85.60238095238095
0,39,9,8,1,13.478154761904761,86.32142857142857
0,40,10,6,10,15.604087301587303,86.47142857142858
0,41,6,1,1,10.349503968253968,85.07976190476191
0,42,7,1,10,12.310694444444444,86.1
0,43,7,6,4,12.061488095238095,85.92857142857143
0,44,9,7,10,14.644642857142857,86.19047619047619
0,45,10,3,4,15.142936507936508,86.11904761904762
0,46,8,3,5,13.07875,85.95
0,47,8,1,5,13.069920634920635,85.87380952380953
0,48,10,2,8,15.450000000000001,86.17261904761905
0,49,8,2,4,13.15343253968254,85.94047619047619
1,0,2,10,4,7.083948412698413,86.07738095238095
1,1,4,5,9,9.720257936507936,86.44642857142857
1,2,3,7,4,7.903650793650794,86.36666666666666
1,3,2,6,3,6.808015873015873,86.0
1,4,1,3,2,5.510257936507936,85.28333333333333
1,5,2,7,4,7.282896825396826,86.27857142857142
1,6,4,8,9,9.827936507936508,86.56428571428572
1,7,1,6,2,5.73406746031746,85.50595238095238
1,8,5,8,6,10.538373015873017,86.8047619047619
1,9,5,8,9,10.980198412698412,86.67857142857143
1,10,3,8,1,7.491388888888889,86.17619047619047
1,11,5,9,6,10.384880952380952,86.53809523809524
1,12,5,5,2,9.653095238095238,86.35238095238095
1,13,1,3,4,5.8249603174603175,85.16785714285714
1,14,2,6,2,6.8132738095238095,85.90595238095239
1,15,1,3,6,6.196289682539683,85.37738095238095
1,16,9,7,6,14.324642857142857,86.7154761904762
1,17,4,5,2,8.632281746031746,86.3345238095238
1,18,1,4,2,5.54561507936508,85.1452380952381
1,19,1,2,4,6.095496031746031,85.32380952380953
1,20,10,6,6,15.45515873015873,86.68333333333334
1,21,3,9,5,8.160674603174604,86.16785714285714
1,22,2,5,5,7.1625,85.53690476190476
1,23,1,5,3,5.917023809523809,85.14761904761905
1,24,1,5,2,5.641329365079365,85.075
1,25,6,4,6,11.189345238095239,86.48452380952381
1,26,4,7,2,8.66454365079365,86.28452380952382
1,27,1,2,2,5.614920634920635,84.85357142857143
1,28,5,9,8,10.426210317460317,86.3797619047619
1,29,2,8,8,7.515634920634921,85.83333333333333
1,30,6,5,9,11.711488095238096,86.65714285714286
1,31,3,6,1,7.507400793650794,85.71071428571429
1,32,3,7,3,7.823888888888889,85.98333333333333
1,33,1,4,3,5.69609126984127,85.06071428571428
1,34,10,8,9,15.85186507936508,86.65595238095239
1,35,2,1,8,7.426448412698413,85.39166666666667
1,36,1,4,5,6.116587301587302,85.0952380952381
1,37,8,4,6,13.30140873015873,86.61904761904762
1,38,6,6,8,11.813531746031746,86.49880952380953
1,39,3,7,2,7.751428571428572,85.73928571428571
1,40,10,9,10,15.726825396825397,86.63809523809525
1,41,6,5,2,10.690654761904762,86.2702380952381
1,42,5,1,8,10.337123015873017,86.2297619047619
1,43,7,5,7,12.295833333333334,86.58690476190476
1,44,3,9,9,8.385257936507937,85.86666666666666
1,45,4,5,6,9.291646825396825,86.10714285714286
1,46,3,10,10,8.600218253968254,86.01547619047619
1,47,3,1,4,7.985198412698413,85.79761904761905
1,48,4,4,6,9.284980158730159,86.0845238095238
1,49,4,3,4,8.892202380952382,86.05
2,0,2,10,4,7.083948412698413,86.07738095238095
2,1,4,5,9,9.720257936507936,86.44642857142857
2,2,3,7,4,7.903650793650794,86.36666666666666
2,3,1,3,2,5.510257936507936,85.28333333333333
2,4,2,7,4,7.282896825396826,86.27857142857142
2,5,4,8,9,9.827936507936508,86.56428571428572
2,6,1,6,2,5.73406746031746,85.50595238095238
2,7,5,8,6,10.538373015873017,86.8047619047619
2,8,2,7,4,7.282896825396826,86.27857142857142
2,9,1,3,2,5.510257936507936,85.28333333333333
2,10,5,7,2,9.75640873015873,86.49047619047619
2,11,2,5,1,6.4175595238095235,85.51785714285714
2,12,1,8,9,6.443392857142857,85.76904761904763
2,13,1,8,9,6.443392857142857,85.76904761904763
2,14,4,8,6,9.928611111111111,86.63333333333333
2,15,1,9,1,5.649206349206349,85.43928571428572
2,16,2,5,2,6.475833333333333,86.06666666666666
2,17,2,5,2,6.475833333333333,86.06666666666666
2,18,5,4,2,9.465198412698413,86.39642857142857
2,19,2,6,3,6.808015873015873,86.0
2,20,5,8,9,10.980198412698412,86.67857142857143
2,21,3,8,1,7.491388888888889,86.17619047619047
2,22,5,9,6,10.384880952380952,86.53809523809524
2,23,5,5,2,9.653095238095238,86.35238095238095
2,24,9,7,6,14.324642857142857,86.7154761904762
2,25,4,5,2,8.632281746031746,86.3345238095238
2,26,1,4,2,5.54561507936508,85.1452380952381
2,27,1,4,2,5.54561507936508,85.1452380952381
2,28,3,8,2,7.916448412698412,86.20476190476191
2,29,1,4,2,5.54561507936508,85.1452380952381
2,30,6,6,1,10.284742063492063,86.51309523809523
2,31,1,3,3,5.765694444444445,85.47142857142858
2,32,9,7,6,14.324642857142857,86.7154761904762
2,33,3,8,1,7.491388888888889,86.17619047619047
2,34,1,4,2,5.54561507936508,85.1452380952381
2,35,1,2,2,5.614920634920635,84.85357142857143
2,36,1,2,2,5.614920634920635,84.85357142857143
2,37,10,6,6,15.45515873015873,86.68333333333334
2,38,2,6,2,6.8132738095238095,85.90595238095239
2,39,6,5,9,11.711488095238096,86.65714285714286
2,40,1,3,6,6.196289682539683,85.37738095238095
2,41,5,9,8,10.426210317460317,86.3797619047619
2,42,4,7,2,8.66454365079365,86.28452380952382
2,43,1,5,2,5.641329365079365,85.075
2,44,1,2,4,6.095496031746031,85.32380952380953
2,45,3,9,5,8.160674603174604,86.16785714285714
2,46,6,4,6,11.189345238095239,86.48452380952381
2,47,6,8,8,11.375654761904762,86.58333333333333
2,48,2,6,9,7.614722222222222,85.95476190476191
2,49,5,6,9,10.561488095238095,86.4595238095238
3,0,2,10,4,7.083948412698413,86.07738095238095
3,1,4,5,9,9.720257936507936,86.44642857142857
3,2,3,7,4,7.903650793650794,86.36666666666666
3,3,1,3,2,5.510257936507936,85.28333333333333
3,4,2,7,4,7.282896825396826,86.27857142857142
3,5,4,8,9,9.827936507936508,86.56428571428572
3,6,1,6,2,5.73406746031746,85.50595238095238
3,7,5,8,6,10.538373015873017,86.8047619047619
3,8,2,7,4,7.282896825396826,86.27857142857142
3,9,1,3,2,5.510257936507936,85.28333333333333
3,10,5,7,2,9.75640873015873,86.49047619047619
3,11,2,5,1,6.4175595238095235,85.51785714285714
3,12,1,8,9,6.443392857142857,85.76904761904763
3,13,1,8,9,6.443392857142857,85.76904761904763
3,14,4,8,6,9.928611111111111,86.63333333333333
3,15,1,9,1,5.649206349206349,85.43928571428572
3,16,2,5,2,6.475833333333333,86.06666666666666
3,17,2,5,2,6.475833333333333,86.06666666666666
3,18,5,4,2,9.465198412698413,86.39642857142857
3,19,2,5,2,6.475833333333333,86.06666666666666
3,20,3,7,4,7.903650793650794,86.36666666666666
3,21,1,3,1,5.369821428571429,84.7202380952381
3,22,1,8,9,6.443392857142857,85.76904761904763
3,23,1,3,2,5.510257936507936,85.28333333333333
3,24,1,6,2,5.73406746031746,85.50595238095238
3,25,3,7,4,7.903650793650794,86.36666666666666
3,26,5,8,6,10.538373015873017,86.8047619047619
3,27,4,8,6,9.928611111111111,86.63333333333333
3,28,2,5,1,6.4175595238095235,85.51785714285714
3,29,5,4,2,9.465198412698413,86.39642857142857
3,30,5,5,9,10.459623015873015,86.67023809523809
3,31,1,3,2,5.510257936507936,85.28333333333333
3,32,1,4,2,5.54561507936508,85.1452380952381
3,33,1,4,2,5.54561507936508,85.1452380952381
3,34,8,7,6,13.44656746031746,86.7547619047619
3,35,5,8,9,10.980198412698412,86.67857142857143
3,36,1,5,9,6.758988095238095,85.53095238095239
3,37,2,6,3,6.808015873015873,86.0
3,38,4,5,2,8.632281746031746,86.3345238095238
3,39,3,8,2,7.916448412698412,86.20476190476191
3,40,1,3,3,5.765694444444445,85.47142857142858
3,41,5,9,6,10.384880952380952,86.53809523809524
3,42,5,5,2,9.653095238095238,86.35238095238095
3,43,5,9,5,10.276865079365079,86.44761904761904
3,44,3,8,1,7.491388888888889,86.17619047619047
3,45,1,7,2,5.818154761904762,85.47380952380952
3,46,2,6,3,6.808015873015873,86.0
3,47,3,8,1,7.491388888888889,86.17619047619047
3,48,5,5,2,9.653095238095238,86.35238095238095
3,49,6,6,1,10.284742063492063,86.51309523809523
4,0,2,10,4,7.083948412698413,86.07738095238095
4,1,4,5,9,9.720257936507936,86.44642857142857
4,2,3,7,4,7.903650793650794,86.36666666666666
4,3,2,7,4,7.282896825396826,86.27857142857142
4,4,4,8,9,9.827936507936508,86.56428571428572
4,5,5,8,6,10.538373015873017,86.8047619047619
4,6,2,7,4,7.282896825396826,86.27857142857142
4,7,1,8,9,6.443392857142857,85.76904761904763
4,8,1,8,9,6.443392857142857,85.76904761904763
4,9,4,8,6,9.928611111111111,86.63333333333333
4,10,2,5,2,6.475833333333333,86.06666666666666
4,11,2,5,2,6.475833333333333,86.06666666666666
4,12,2,5,2,6.475833333333333,86.06666666666666
4,13,3,7,4,7.903650793650794,86.36666666666666
4,14,1,8,9,6.443392857142857,85.76904761904763
4,15,3,7,4,7.903650793650794,86.36666666666666
4,16,5,8,6,10.538373015873017,86.8047619047619
4,17,4,8,6,9.928611111111111,86.63333333333333
4,18,5,5,9,10.459623015873015,86.67023809523809
4,19,5,8,2,9.727242063492064,86.51904761904761
4,20,4,8,9,9.827936507936508,86.56428571428572
4,21,4,9,6,9.248075396825397,86.4297619047619
4,22,4,8,6,9.928611111111111,86.63333333333333
4,23,1,8,1,5.445555555555556,85.70952380952382
4,24,1,4,1,5.356865079365079,84.81190476190477
4,25,1,8,1,5.445555555555556,85.70952380952382
4,26,2,7,4,7.282896825396826,86.27857142857142
4,27,4,8,9,9.827936507936508,86.56428571428572
4,28,5,5,9,10.459623015873015,86.67023809523809
4,29,5,8,6,10.538373015873017,86.8047619047619
4,30,8,7,6,13.44656746031746,86.7547619047619
4,31,1,3,1,5.369821428571429,84.7202380952381
4,32,1,3,1,5.369821428571429,84.7202380952381
4,33,1,8,5,6.255119047619048,85.70119047619048
4,34,5,8,9,10.980198412698412,86.67857142857143
4,35,1,3,2,5.510257936507936,85.28333333333333
4,36,5,8,5,10.037142857142857,86.61785714285715
4,37,2,6,3,6.808015873015873,86.0
4,38,4,5,2,8.632281746031746,86.3345238095238
4,39,2,6,3,6.808015873015873,86.0
4,40,5,8,9,10.980198412698412,86.67857142857143
4,41,5,4,2,9.465198412698413,86.39642857142857
4,42,3,8,1,7.491388888888889,86.17619047619047
4,43,4,5,2,8.632281746031746,86.3345238095238
4,44,3,8,2,7.916448412698412,86.20476190476191
4,45,1,6,2,5.73406746031746,85.50595238095238
4,46,3,8,2,7.916448412698412,86.20476190476191
4,47,5,7,2,9.75640873015873,86.49047619047619
4,48,3,8,1,7.491388888888889,86.17619047619047
4,49,1,6,2,5.73406746031746,85.50595238095238
5,0,2,10,4,7.083948412698413,86.07738095238095
5,1,4,5,9,9.720257936507936,86.44642857142857
5,2,3,7,4,7.903650793650794,86.36666666666666
5,3,2,7,4,7.282896825396826,86.27857142857142
5,4,4,8,9,9.827936507936508,86.56428571428572
5,5,5,8,6,10.538373015873017,86.8047619047619
5,6,2,7,4,7.282896825396826,86.27857142857142
5,7,1,8,9,6.443392857142857,85.76904761904763
5,8,1,8,9,6.443392857142857,85.76904761904763
5,9,4,8,6,9.928611111111111,86.63333333333333
5,10,2,5,2,6.475833333333333,86.06666666666666
5,11,2,5,2,6.475833333333333,86.06666666666666
5,12,2,5,2,6.475833333333333,86.06666666666666
5,13,3,7,4,7.903650793650794,86.36666666666666
5,14,1,8,9,6.443392857142857,85.76904761904763
5,15,3,7,4,7.903650793650794,86.36666666666666
5,16,5,8,6,10.538373015873017,86.8047619047619
5,17,4,8,6,9.928611111111111,86.63333333333333
5,18,5,5,9,10.459623015873015,86.67023809523809
5,19,5,8,2,9.727242063492064,86.51904761904761
5,20,4,8,9,9.827936507936508,86.56428571428572
5,21,4,9,6,9.248075396825397,86.4297619047619
5,22,4,8,6,9.928611111111111,86.63333333333333
5,23,1,8,1,5.445555555555556,85.70952380952382
5,24,1,8,1,5.445555555555556,85.70952380952382
5,25,2,7,4,7.282896825396826,86.27857142857142
5,26,4,8,9,9.827936507936508,86.56428571428572
5,27,5,5,9,10.459623015873015,86.67023809523809
5,28,5,8,6,10.538373015873017,86.8047619047619
5,29,1,6,3,5.974781746031746,85.7452380952381
5,30,4,8,9,9.827936507936508,86.56428571428572
5,31,3,7,4,7.903650793650794,86.36666666666666
5,32,1,6,3,5.974781746031746,85.7452380952381
5,33,5,8,2,9.727242063492064,86.51904761904761
5,34,3,7,9,8.324246031746032,86.40119047619048
5,35,2,7,4,7.282896825396826,86.27857142857142
5,36,1,8,1,5.445555555555556,85.70952380952382
5,37,1,8,1,5.445555555555556,85.70952380952382
5,38,1,8,9,6.443392857142857,85.76904761904763
5,39,1,2,1,5.32827380952381,84.92380952380952
5,40,1,8,1,5.445555555555556,85.70952380952382
5,41,2,7,4,7.282896825396826,86.27857142857142
5,42,8,7,6,13.44656746031746,86.7547619047619
5,43,1,4,1,5.356865079365079,84.81190476190477
5,44,8,7,6,13.44656746031746,86.7547619047619
5,45,1,4,1,5.356865079365079,84.81190476190477
5,46,1,3,2,5.510257936507936,85.28333333333333
5,47,5,8,9,10.980198412698412,86.67857142857143
5,48,1,8,5,6.255119047619048,85.70119047619048
5,49,4,9,5,9.368968253968255,86.40833333333333
6,0,1,2,1,5.32827380952381,84.92380952380952
6,1,5,8,6,10.538373015873017,86.8047619047619
6,2,5,8,6,10.538373015873017,86.8047619047619
6,3,1,2,1,5.32827380952381,84.92380952380952
6,4,1,7,1,5.404365079365079,85.45833333333333
6,5,2,5,2,6.475833333333333,86.06666666666666
6,6,2,10,4,7.083948412698413,86.07738095238095
6,7,1,8,9,6.443392857142857,85.76904761904763
6,8,1,8,1,5.445555555555556,85.70952380952382
6,9,2,7,4,7.282896825396826,86.27857142857142
6,10,3,7,9,8.324246031746032,86.40119047619048
6,11,4,9,6,9.248075396825397,86.4297619047619
6,12,5,5,9,10.459623015873015,86.67023809523809
6,13,4,8,6,9.928611111111111,86.63333333333333
6,14,3,7,4,7.903650793650794,86.36666666666666
6,15,4,5,9,9.720257936507936,86.44642857142857
6,16,3,7,4,7.903650793650794,86.36666666666666
6,17,1,6,3,5.974781746031746,85.7452380952381
6,18,1,6,3,5.974781746031746,85.7452380952381
6,19,4,9,6,9.248075396825397,86.4297619047619
6,20,3,7,9,8.324246031746032,86.40119047619048
6,21,2,7,4,7.282896825396826,86.27857142857142
6,22,5,8,2,9.727242063492064,86.51904761904761
6,23,4,8,9,9.827936507936508,86.56428571428572
6,24,4,8,9,9.827936507936508,86.56428571428572
6,25,4,8,6,9.928611111111111,86.63333333333333
6,26,5,5,9,10.459623015873015,86.67023809523809
6,27,1,8,1,5.445555555555556,85.70952380952382
6,28,5,8,2,9.727242063492064,86.51904761904761
6,29,1,8,9,6.443392857142857,85.76904761904763
6,30,2,5,2,6.475833333333333,86.06666666666666
6,31,4,5,9,9.720257936507936,86.44642857142857
6,32,2,7,4,7.282896825396826,86.27857142857142
6,33,2,5,2,6.475833333333333,86.06666666666666
6,34,1,8,1,5.445555555555556,85.70952380952382
6,35,2,7,4,7.282896825396826,86.27857142857142
6,36,1,8,1,5.445555555555556,85.70952380952382
6,37,1,6,3,5.974781746031746,85.7452380952381
6,38,4,8,9,9.827936507936508,86.56428571428572
6,39,2,7,4,7.282896825396826,86.27857142857142
6,40,4,8,6,9.928611111111111,86.63333333333333
6,41,3,7,4,7.903650793650794,86.36666666666666
6,42,2,7,4,7.282896825396826,86.27857142857142
6,43,1,8,1,5.445555555555556,85.70952380952382
6,44,1,8,1,5.445555555555556,85.70952380952382
6,45,4,8,9,9.827936507936508,86.56428571428572
6,46,1,8,1,5.445555555555556,85.70952380952382
6,47,2,7,4,7.282896825396826,86.27857142857142
6,48,1,8,9,6.443392857142857,85.76904761904763
6,49,4,8,6,9.928611111111111,86.63333333333333
7,0,1,2,1,5.32827380952381,84.92380952380952
7,1,5,8,6,10.538373015873017,86.8047619047619
7,2,1,2,1,5.32827380952381,84.92380952380952
7,3,5,8,6,10.538373015873017,86.8047619047619
7,4,1,10,3,5.926507936507937,85.93095238095238
7,5,1,5,1,5.382896825396825,85.20952380952382
7,6,2,10,4,7.083948412698413,86.07738095238095
7,7,2,7,4,7.282896825396826,86.27857142857142
7,8,1,8,1,5.445555555555556,85.70952380952382
7,9,4,8,1,8.48595238095238,86.41666666666667
7,10,2,5,2,6.475833333333333,86.06666666666666
7,11,5,5,9,10.459623015873015,86.67023809523809
7,12,4,9,6,9.248075396825397,86.4297619047619
7,13,1,7,1,5.404365079365079,85.45833333333333
7,14,4,8,6,9.928611111111111,86.63333333333333
7,15,1,7,1,5.404365079365079,85.45833333333333
7,16,3,7,4,7.903650793650794,86.36666666666666
7,17,4,5,9,9.720257936507936,86.44642857142857
7,18,3,7,4,7.903650793650794,86.36666666666666
7,19,1,8,1,5.445555555555556,85.70952380952382
7,20,2,5,2,6.475833333333333,86.06666666666666
7,21,4,9,6,9.248075396825397,86.4297619047619
7,22,3,7,9,8.324246031746032,86.40119047619048
7,23,2,7,4,7.282896825396826,86.27857142857142
7,24,5,8,2,9.727242063492064,86.51904761904761
7,25,4,8,9,9.827936507936508,86.56428571428572
7,26,3,7,9,8.324246031746032,86.40119047619048
7,27,4,8,9,9.827936507936508,86.56428571428572
7,28,4,8,6,9.928611111111111,86.63333333333333
7,29,5,5,9,10.459623015873015,86.67023809523809
7,30,5,8,2,9.727242063492064,86.51904761904761
7,31,4,5,9,9.720257936507936,86.44642857142857
7,32,5,8,6,10.538373015873017,86.8047619047619
7,33,3,7,9,8.324246031746032,86.40119047619048
7,34,4,5,9,9.720257936507936,86.44642857142857
7,35,1,8,1,5.445555555555556,85.70952380952382
7,36,4,8,6,9.928611111111111,86.63333333333333
7,37,2,7,4,7.282896825396826,86.27857142857142
7,38,2,5,2,6.475833333333333,86.06666666666666
7,39,4,8,9,9.827936507936508,86.56428571428572
7,40,4,5,9,9.720257936507936,86.44642857142857
7,41,1,8,1,5.445555555555556,85.70952380952382
7,42,2,7,4,7.282896825396826,86.27857142857142
7,43,4,8,9,9.827936507936508,86.56428571428572
7,44,1,8,1,5.445555555555556,85.70952380952382
7,45,3,7,4,7.903650793650794,86.36666666666666
7,46,5,8,2,9.727242063492064,86.51904761904761
7,47,2,7,4,7.282896825396826,86.27857142857142
7,48,4,9,6,9.248075396825397,86.4297619047619
7,49,1,8,1,5.445555555555556,85.70952380952382
8,0,5,8,6,10.538373015873017,86.8047619047619
8,1,5,8,6,10.538373015873017,86.8047619047619
8,2,1,2,1,5.32827380952381,84.92380952380952
8,3,1,2,1,5.32827380952381,84.92380952380952
8,4,1,8,1,5.445555555555556,85.70952380952382
8,5,1,10,3,5.926507936507937,85.93095238095238
8,6,2,7,4,7.282896825396826,86.27857142857142
8,7,2,8,6,7.259384920634921,86.11190476190477
8,8,5,5,9,10.459623015873015,86.67023809523809
8,9,1,10,3,5.926507936507937,85.93095238095238
8,10,1,5,1,5.382896825396825,85.20952380952382
8,11,4,9,6,9.248075396825397,86.4297619047619
8,12,4,8,1,8.48595238095238,86.41666666666667
8,13,1,5,1,5.382896825396825,85.20952380952382
8,14,1,7,1,5.404365079365079,85.45833333333333
8,15,4,8,6,9.928611111111111,86.63333333333333
8,16,1,7,1,5.404365079365079,85.45833333333333
8,17,3,7,4,7.903650793650794,86.36666666666666
8,18,4,5,9,9.720257936507936,86.44642857142857
8,19,3,7,4,7.903650793650794,86.36666666666666
8,20,1,8,1,5.445555555555556,85.70952380952382
8,21,2,8,1,6.668353174603174,86.08571428571429
8,22,2,5,2,6.475833333333333,86.06666666666666
8,23,2,5,2,6.475833333333333,86.06666666666666
8,24,4,9,6,9.248075396825397,86.4297619047619
8,25,3,7,9,8.324246031746032,86.40119047619048
8,26,5,8,2,9.727242063492064,86.51904761904761
8,27,4,8,9,9.827936507936508,86.56428571428572
8,28,2,7,4,7.282896825396826,86.27857142857142
8,29,2,8,1,6.668353174603174,86.08571428571429
8,30,3,7,9,8.324246031746032,86.40119047619048
8,31,4,8,9,9.827936507936508,86.56428571428572
8,32,4,8,6,9.928611111111111,86.63333333333333
8,33,4,8,1,8.48595238095238,86.41666666666667
8,34,5,5,9,10.459623015873015,86.67023809523809
8,35,5,8,2,9.727242063492064,86.51904761904761
8,36,2,8,6,7.259384920634921,86.11190476190477
8,37,4,5,9,9.720257936507936,86.44642857142857
8,38,2,7,4,7.282896825396826,86.27857142857142
8,39,4,5,9,9.720257936507936,86.44642857142857
8,40,1,8,1,5.445555555555556,85.70952380952382
8,41,4,8,6,9.928611111111111,86.63333333333333
8,42,2,7,4,7.282896825396826,86.27857142857142
8,43,3,7,9,8.324246031746032,86.40119047619048
8,44,1,8,1,5.445555555555556,85.70952380952382
8,45,5,5,9,10.459623015873015,86.67023809523809
8,46,2,7,4,7.282896825396826,86.27857142857142
8,47,4,8,6,9.928611111111111,86.63333333333333
8,48,5,8,6,10.538373015873017,86.8047619047619
8,49,2,7,4,7.282896825396826,86.27857142857142
9,0,1,2,1,5.32827380952381,84.92380952380952
9,1,1,2,1,5.32827380952381,84.92380952380952
9,2,5,8,6,10.538373015873017,86.8047619047619
9,3,5,8,6,10.538373015873017,86.8047619047619
9,4,1,8,1,5.445555555555556,85.70952380952382
9,5,1,10,3,5.926507936507937,85.93095238095238
9,6,2,7,4,7.282896825396826,86.27857142857142
9,7,2,8,6,7.259384920634921,86.11190476190477
9,8,5,5,9,10.459623015873015,86.67023809523809
9,9,1,10,3,5.926507936507937,85.93095238095238
9,10,1,5,1,5.382896825396825,85.20952380952382
9,11,4,9,6,9.248075396825397,86.4297619047619
9,12,4,8,1,8.48595238095238,86.41666666666667
9,13,1,5,1,5.382896825396825,85.20952380952382
9,14,1,7,1,5.404365079365079,85.45833333333333
9,15,4,8,6,9.928611111111111,86.63333333333333
9,16,1,7,1,5.404365079365079,85.45833333333333
9,17,3,7,4,7.903650793650794,86.36666666666666
9,18,4,5,9,9.720257936507936,86.44642857142857
9,19,1,8,1,5.445555555555556,85.70952380952382
9,20,2,8,1,6.668353174603174,86.08571428571429
9,21,3,7,4,7.903650793650794,86.36666666666666
9,22,2,5,2,6.475833333333333,86.06666666666666
9,23,2,5,2,6.475833333333333,86.06666666666666
9,24,3,9,6,8.295019841269841,86.38928571428572
9,25,4,9,6,9.248075396825397,86.4297619047619
9,26,5,8,2,9.727242063492064,86.51904761904761
9,27,4,8,9,9.827936507936508,86.56428571428572
9,28,2,7,4,7.282896825396826,86.27857142857142
9,29,2,8,1,6.668353174603174,86.08571428571429
9,30,4,8,9,9.827936507936508,86.56428571428572
9,31,4,8,6,9.928611111111111,86.63333333333333
9,32,4,8,1,8.48595238095238,86.41666666666667
9,33,3,7,9,8.324246031746032,86.40119047619048
9,34,5,5,9,10.459623015873015,86.67023809523809
9,35,5,8,2,9.727242063492064,86.51904761904761
9,36,2,8,6,7.259384920634921,86.11190476190477
9,37,3,7,9,8.324246031746032,86.40119047619048
9,38,4,5,9,9.720257936507936,86.44642857142857
9,39,4,8,6,9.928611111111111,86.63333333333333
9,40,1,2,1,5.32827380952381,84.92380952380952
9,41,2,8,6,7.259384920634921,86.11190476190477
9,42,1,7,1,5.404365079365079,85.45833333333333
9,43,1,8,1,5.445555555555556,85.70952380952382
9,44,2,7,4,7.282896825396826,86.27857142857142
9,45,4,8,1,8.48595238095238,86.41666666666667
9,46,5,5,9,10.459623015873015,86.67023809523809
9,47,2,7,4,7.282896825396826,86.27857142857142
9,48,1,5,1,5.382896825396825,85.20952380952382
9,49,1,8,1,5.445555555555556,85.70952380952382
10,0,5,8,6,10.538373015873017,86.8047619047619
10,1,1,2,1,5.32827380952381,84.92380952380952
10,2,5,8,6,10.538373015873017,86.8047619047619
10,3,1,2,1,5.32827380952381,84.92380952380952
10,4,1,8,1,5.445555555555556,85.70952380952382
10,5,1,10,3,5.926507936507937,85.93095238095238
10,6,2,7,4,7.282896825396826,86.27857142857142
10,7,2,8,6,7.259384920634921,86.11190476190477
10,8,4,9,6,9.248075396825397,86.4297619047619
10,9,5,5,9,10.459623015873015,86.67023809523809
10,10,1,10,3,5.926507936507937,85.93095238095238
10,11,1,5,1,5.382896825396825,85.20952380952382
10,12,4,8,1,8.48595238095238,86.41666666666667
10,13,1,5,1,5.382896825396825,85.20952380952382
10,14,1,7,1,5.404365079365079,85.45833333333333
10,15,4,6,8,9.71031746031746,86.49285714285715
10,16,4,8,6,9.928611111111111,86.63333333333333
10,17,1,7,1,5.404365079365079,85.45833333333333
10,18,3,7,4,7.903650793650794,86.36666666666666
10,19,1,8,1,5.445555555555556,85.70952380952382
10,20,2,8,1,6.668353174603174,86.08571428571429
10,21,3,7,4,7.903650793650794,86.36666666666666
10,22,2,5,2,6.475833333333333,86.06666666666666
10,23,2,5,2,6.475833333333333,86.06666666666666
10,24,3,9,6,8.295019841269841,86.38928571428572
10,25,4,9,6,9.248075396825397,86.4297619047619
10,26,4,8,9,9.827936507936508,86.56428571428572
10,27,2,7,4,7.282896825396826,86.27857142857142
10,28,2,8,1,6.668353174603174,86.08571428571429
10,29,4,8,9,9.827936507936508,86.56428571428572
10,30,4,8,6,9.928611111111111,86.63333333333333
10,31,4,8,1,8.48595238095238,86.41666666666667
10,32,3,7,9,8.324246031746032,86.40119047619048
10,33,5,5,9,10.459623015873015,86.67023809523809
10,34,5,8,2,9.727242063492064,86.51904761904761
10,35,5,8,2,9.727242063492064,86.51904761904761
10,36,2,8,6,7.259384920634921,86.11190476190477
10,37,3,7,9,8.324246031746032,86.40119047619048
10,38,2,7,4,7.282896825396826,86.27857142857142
10,39,5,5,9,10.459623015873015,86.67023809523809
10,40,1,2,1,5.32827380952381,84.92380952380952
10,41,5,8,2,9.727242063492064,86.51904761904761
10,42,2,5,2,6.475833333333333,86.06666666666666
10,43,5,8,6,10.538373015873017,86.8047619047619
10,44,5,5,9,10.459623015873015,86.67023809523809
10,45,2,8,1,6.668353174603174,86.08571428571429
10,46,5,5,9,10.459623015873015,86.67023809523809
10,47,2,7,4,7.282896825396826,86.27857142857142
10,48,4,8,6,9.928611111111111,86.63333333333333
10,49,5,5,9,10.459623015873015,86.67023809523809
11,0,1,2,1,5.32827380952381,84.92380952380952
11,1,1,2,1,5.32827380952381,84.92380952380952
11,2,5,8,6,10.538373015873017,86.8047619047619
11,3,5,8,6,10.538373015873017,86.8047619047619
11,4,1,8,1,5.445555555555556,85.70952380952382
11,5,1,10,3,5.926507936507937,85.93095238095238
11,6,2,7,4,7.282896825396826,86.27857142857142
11,7,2,8,6,7.259384920634921,86.11190476190477
11,8,4,9,6,9.248075396825397,86.4297619047619
11,9,5,5,9,10.459623015873015,86.67023809523809
11,10,1,10,3,5.926507936507937,85.93095238095238
11,11,1,5,1,5.382896825396825,85.20952380952382
11,12,4,8,1,8.48595238095238,86.41666666666667
11,13,1,5,1,5.382896825396825,85.20952380952382
11,14,1,7,1,5.404365079365079,85.45833333333333
11,15,4,6,8,9.71031746031746,86.49285714285715
11,16,4,8,6,9.928611111111111,86.63333333333333
11,17,1,7,1,5.404365079365079,85.45833333333333
11,18,3,7,4,7.903650793650794,86.36666666666666
11,19,1,8,1,5.445555555555556,85.70952380952382
11,20,2,8,1,6.668353174603174,86.08571428571429
11,21,3,7,4,7.903650793650794,86.36666666666666
11,22,2,5,2,6.475833333333333,86.06666666666666
11,23,2,5,2,6.475833333333333,86.06666666666666
11,24,3,9,6,8.295019841269841,86.38928571428572
11,25,4,9,6,9.248075396825397,86.4297619047619
11,26,4,8,9,9.827936507936508,86.56428571428572
11,27,2,7,4,7.282896825396826,86.27857142857142
11,28,2,8,1,6.668353174603174,86.08571428571429
11,29,4,8,9,9.827936507936508,86.56428571428572
11,30,4,8,6,9.928611111111111,86.63333333333333
11,31,4,8,1,8.48595238095238,86.41666666666667
11,32,3,7,9,8.324246031746032,86.40119047619048
11,33,5,5,9,10.459623015873015,86.67023809523809
11,34,5,8,2,9.727242063492064,86.51904761904761
11,35,5,8,2,9.727242063492064,86.51904761904761
11,36,2,8,6,7.259384920634921,86.11190476190477
11,37,3,7,9,8.324246031746032,86.40119047619048
11,38,1,8,1,5.445555555555556,85.70952380952382
11,39,2,7,4,7.282896825396826,86.27857142857142
11,40,2,7,4,7.282896825396826,86.27857142857142
11,41,2,5,2,6.475833333333333,86.06666666666666
11,42,5,8,6,10.538373015873017,86.8047619047619
11,43,4,8,6,9.928611111111111,86.63333333333333
11,44,5,5,9,10.459623015873015,86.67023809523809
11,45,1,8,1,5.445555555555556,85.70952380952382
11,46,2,8,1,6.668353174603174,86.08571428571429
11,47,4,8,1,8.48595238095238,86.41666666666667
11,48,1,7,1,5.404365079365079,85.45833333333333
11,49,2,8,1,6.668353174603174,86.08571428571429
12,0,5,8,6,10.538373015873017,86.8047619047619
12,1,1,2,1,5.32827380952381,84.92380952380952
12,2,5,8,6,10.538373015873017,86.8047619047619
12,3,1,2,1,5.32827380952381,84.92380952380952
12,4,1,8,1,5.445555555555556,85.70952380952382
12,5,1,10,3,5.926507936507937,85.93095238095238
12,6,2,7,4,7.282896825396826,86.27857142857142
12,7,2,8,6,7.259384920634921,86.11190476190477
12,8,4,9,6,9.248075396825397,86.4297619047619
12,9,5,5,9,10.459623015873015,86.67023809523809
12,10,1,10,3,5.926507936507937,85.93095238095238
12,11,1,5,1,5.382896825396825,85.20952380952382
12,12,4,8,1,8.48595238095238,86.41666666666667
12,13,1,5,1,5.382896825396825,85.20952380952382
12,14,1,7,1,5.404365079365079,85.45833333333333
12,15,4,8,6,9.928611111111111,86.63333333333333
12,16,1,7,1,5.404365079365079,85.45833333333333
12,17,3,7,4,7.903650793650794,86.36666666666666
12,18,1,8,1,5.445555555555556,85.70952380952382
12,19,2,8,1,6.668353174603174,86.08571428571429
12,20,3,7,4,7.903650793650794,86.36666666666666
12,21,2,5,2,6.475833333333333,86.06666666666666
12,22,2,5,2,6.475833333333333,86.06666666666666
12,23,4,6,8,9.71031746031746,86.49285714285715
12,24,3,9,6,8.295019841269841,86.38928571428572
12,25,4,9,6,9.248075396825397,86.4297619047619
12,26,4,8,9,9.827936507936508,86.56428571428572
12,27,2,7,4,7.282896825396826,86.27857142857142
12,28,2,8,1,6.668353174603174,86.08571428571429
12,29,4,8,9,9.827936507936508,86.56428571428572
12,30,4,8,6,9.928611111111111,86.63333333333333
12,31,4,8,1,8.48595238095238,86.41666666666667
12,32,3,7,9,8.324246031746032,86.40119047619048
12,33,4,6,8,9.71031746031746,86.49285714285715
12,34,5,5,9,10.459623015873015,86.67023809523809
12,35,5,8,2,9.727242063492064,86.51904761904761
12,36,5,8,2,9.727242063492064,86.51904761904761
12,37,2,8,6,7.259384920634921,86.11190476190477
12,38,3,7,9,8.324246031746032,86.40119047619048
12,39,5,8,6,10.538373015873017,86.8047619047619
12,40,1,2,1,5.32827380952381,84.92380952380952
12,41,1,7,1,5.404365079365079,85.45833333333333
12,42,5,8,6,10.538373015873017,86.8047619047619
12,43,1,8,1,5.445555555555556,85.70952380952382
12,44,1,8,1,5.445555555555556,85.70952380952382
12,45,2,8,1,6.668353174603174,86.08571428571429
12,46,4,8,1,8.48595238095238,86.41666666666667
12,47,4,8,9,9.827936507936508,86.56428571428572
12,48,2,5,2,6.475833333333333,86.06666666666666
12,49,2,7,4,7.282896825396826,86.27857142857142
13,0,1,2,1,5.32827380952381,84.92380952380952
13,1,5,8,6,10.538373015873017,86.8047619047619
13,2,5,8,6,10.538373015873017,86.8047619047619
13,3,1,2,1,5.32827380952381,84.92380952380952
13,4,1,8,1,5.445555555555556,85.70952380952382
13,5,1,10,3,5.926507936507937,85.93095238095238
13,6,2,7,4,7.282896825396826,86.27857142857142
13,7,2,8,6,7.259384920634921,86.11190476190477
13,8,4,9,6,9.248075396825397,86.4297619047619
13,9,5,5,9,10.459623015873015,86.67023809523809
13,10,1,10,3,5.926507936507937,85.93095238095238
13,11,1,5,1,5.382896825396825,85.20952380952382
13,12,4,8,1,8.48595238095238,86.41666666666667
13,13,1,5,1,5.382896825396825,85.20952380952382
13,14,1,7,1,5.404365079365079,85.45833333333333
13,15,4,8,6,9.928611111111111,86.63333333333333
13,16,1,7,1,5.404365079365079,85.45833333333333
13,17,3,7,4,7.903650793650794,86.36666666666666
13,18,1,8,1,5.445555555555556,85.70952380952382
13,19,2,8,1,6.668353174603174,86.08571428571429
13,20,3,7,4,7.903650793650794,86.36666666666666
13,21,2,5,2,6.475833333333333,86.06666666666666
13,22,2,5,2,6.475833333333333,86.06666666666666
13,23,4,6,8,9.71031746031746,86.49285714285715
13,24,3,9,6,8.295019841269841,86.38928571428572
13,25,4,9,6,9.248075396825397,86.4297619047619
13,26,4,8,9,9.827936507936508,86.56428571428572
13,27,2,7,4,7.282896825396826,86.27857142857142
13,28,2,8,1,6.668353174603174,86.08571428571429
13,29,4,8,9,9.827936507936508,86.56428571428572
13,30,4,8,6,9.928611111111111,86.63333333333333
13,31,4,8,1,8.48595238095238,86.41666666666667
13,32,3,7,9,8.324246031746032,86.40119047619048
13,33,4,6,8,9.71031746031746,86.49285714285715
13,34,5,5,9,10.459623015873015,86.67023809523809
13,35,5,8,2,9.727242063492064,86.51904761904761
13,36,5,8,2,9.727242063492064,86.51904761904761
13,37,2,8,6,7.259384920634921,86.11190476190477
13,38,3,7,9,8.324246031746032,86.40119047619048
13,39,1,2,1,5.32827380952381,84.92380952380952
13,40,5,8,2,9.727242063492064,86.51904761904761
13,41,2,8,1,6.668353174603174,86.08571428571429
13,42,4,8,9,9.827936507936508,86.56428571428572
13,43,4,8,1,8.48595238095238,86.41666666666667
13,44,1,8,1,5.445555555555556,85.70952380952382
13,45,1,2,1,5.32827380952381,84.92380952380952
13,46,1,7,1,5.404365079365079,85.45833333333333
13,47,1,8,1,5.445555555555556,85.70952380952382
13,48,5,5,9,10.459623015873015,86.67023809523809
13,49,4,8,1,8.48595238095238,86.41666666666667
14,0,1,2,1,5.32827380952381,84.92380952380952
14,1,5,8,6,10.538373015873017,86.8047619047619
14,2,5,8,6,10.538373015873017,86.8047619047619
14,3,1,2,1,5.32827380952381,84.92380952380952
14,4,2,10,1,6.58547619047619,86.17738095238096
14,5,1,8,1,5.445555555555556,85.70952380952382
14,6,1,10,3,5.926507936507937,85.93095238095238
14,7,2,7,4,7.282896825396826,86.27857142857142
14,8,4,9,6,9.248075396825397,86.4297619047619
14,9,5,5,9,10.459623015873015,86.67023809523809
14,10,2,7,4,7.282896825396826,86.27857142857142
14,11,1,10,3,5.926507936507937,85.93095238095238
14,12,2,5,2,6.475833333333333,86.06666666666666
14,13,1,5,1,5.382896825396825,85.20952380952382
14,14,4,8,1,8.48595238095238,86.41666666666667
14,15,1,5,1,5.382896825396825,85.20952380952382
14,16,1,7,1,5.404365079365079,85.45833333333333
14,17,4,8,6,9.928611111111111,86.63333333333333
14,18,1,7,1,5.404365079365079,85.45833333333333
14,19,3,7,4,7.903650793650794,86.36666666666666
14,20,1,8,1,5.445555555555556,85.70952380952382
14,21,3,7,4,7.903650793650794,86.36666666666666
14,22,4,6,8,9.71031746031746,86.49285714285715
14,23,3,9,6,8.295019841269841,86.38928571428572
14,24,4,9,6,9.248075396825397,86.4297619047619
14,25,2,5,2,6.475833333333333,86.06666666666666
14,26,4,8,9,9.827936507936508,86.56428571428572
14,27,4,8,9,9.827936507936508,86.56428571428572
14,28,4,8,6,9.928611111111111,86.63333333333333
14,29,4,8,1,8.48595238095238,86.41666666666667
14,30,3,7,9,8.324246031746032,86.40119047619048
14,31,4,6,8,9.71031746031746,86.49285714285715
14,32,5,5,9,10.459623015873015,86.67023809523809
14,33,5,8,2,9.727242063492064,86.51904761904761
14,34,5,8,2,9.727242063492064,86.51904761904761
14,35,3,7,9,8.324246031746032,86.40119047619048
14,36,4,8,1,8.48595238095238,86.41666666666667
14,37,1,7,1,5.404365079365079,85.45833333333333
14,38,4,8,1,8.48595238095238,86.41666666666667
14,39,1,5,1,5.382896825396825,85.20952380952382
14,40,1,2,1,5.32827380952381,84.92380952380952
14,41,1,5,1,5.382896825396825,85.20952380952382
14,42,1,2,1,5.32827380952381,84.92380952380952
14,43,1,8,1,5.445555555555556,85.70952380952382
14,44,2,5,2,6.475833333333333,86.06666666666666
14,45,1,7,1,5.404365079365079,85.45833333333333
14,46,1,8,1,5.445555555555556,85.70952380952382
14,47,2,5,2,6.475833333333333,86.06666666666666
14,48,1,7,1,5.404365079365079,85.45833333333333
14,49,4,8,6,9.928611111111111,86.63333333333333
15,0,5,8,6,10.538373015873017,86.8047619047619
15,1,1,2,1,5.32827380952381,84.92380952380952
15,2,1,2,1,5.32827380952381,84.92380952380952
15,3,5,8,6,10.538373015873017,86.8047619047619
15,4,1,8,1,5.445555555555556,85.70952380952382
15,5,1,10,3,5.926507936507937,85.93095238095238
15,6,2,10,1,6.58547619047619,86.17738095238096
15,7,2,7,4,7.282896825396826,86.27857142857142
15,8,4,9,6,9.248075396825397,86.4297619047619
15,9,5,5,9,10.459623015873015,86.67023809523809
15,10,2,7,4,7.282896825396826,86.27857142857142
15,11,1,10,3,5.926507936507937,85.93095238095238
15,12,2,5,2,6.475833333333333,86.06666666666666
15,13,1,5,1,5.382896825396825,85.20952380952382
15,14,4,8,1,8.48595238095238,86.41666666666667
15,15,1,5,1,5.382896825396825,85.20952380952382
15,16,1,7,1,5.404365079365079,85.45833333333333
15,17,4,8,6,9.928611111111111,86.63333333333333
15,18,1,7,1,5.404365079365079,85.45833333333333
15,19,3,7,4,7.903650793650794,86.36666666666666
15,20,1,8,1,5.445555555555556,85.70952380952382
15,21,3,7,4,7.903650793650794,86.36666666666666
15,22,4,6,8,9.71031746031746,86.49285714285715
15,23,3,9,6,8.295019841269841,86.38928571428572
15,24,4,9,6,9.248075396825397,86.4297619047619
15,25,2,5,2,6.475833333333333,86.06666666666666
15,26,2,10,1,6.58547619047619,86.17738095238096
15,27,4,8,9,9.827936507936508,86.56428571428572
15,28,4,8,9,9.827936507936508,86.56428571428572
15,29,4,8,6,9.928611111111111,86.63333333333333
15,30,4,8,1,8.48595238095238,86.41666666666667
15,31,3,7,9,8.324246031746032,86.40119047619048
15,32,4,6,8,9.71031746031746,86.49285714285715
15,33,5,5,9,10.459623015873015,86.67023809523809
15,34,5,8,2,9.727242063492064,86.51904761904761
15,35,5,8,2,9.727242063492064,86.51904761904761
15,36,3,7,9,8.324246031746032,86.40119047619048
15,37,1,5,1,5.382896825396825,85.20952380952382
15,38,4,8,1,8.48595238095238,86.41666666666667
15,39,5,8,2,9.727242063492064,86.51904761904761
15,40,4,8,1,8.48595238095238,86.41666666666667
15,41,4,8,6,9.928611111111111,86.63333333333333
15,42,5,5,9,10.459623015873015,86.67023809523809
15,43,1,7,1,5.404365079365079,85.45833333333333
15,44,1,5,1,5.382896825396825,85.20952380952382
15,45,1,2,1,5.32827380952381,84.92380952380952
15,46,1,5,1,5.382896825396825,85.20952380952382
15,47,1,8,1,5.445555555555556,85.70952380952382
15,48,1,8,1,5.445555555555556,85.70952380952382
15,49,5,5,9,10.459623015873015,86.67023809523809
16,0,5,8,6,10.538373015873017,86.8047619047619
16,1,1,2,1,5.32827380952381,84.92380952380952
16,2,1,2,1,5.32827380952381,84.92380952380952
16,3,5,8,6,10.538373015873017,86.8047619047619
16,4,1,8,1,5.445555555555556,85.70952380952382
16,5,1,10,3,5.926507936507937,85.93095238095238
16,6,2,10,1,6.58547619047619,86.17738095238096
16,7,2,7,4,7.282896825396826,86.27857142857142
16,8,4,9,6,9.248075396825397,86.4297619047619
16,9,2,7,4,7.282896825396826,86.27857142857142
16,10,5,7,6,10.135813492063493,86.80357142857143
16,11,1,10,3,5.926507936507937,85.93095238095238
16,12,2,5,2,6.475833333333333,86.06666666666666
16,13,1,5,1,5.382896825396825,85.20952380952382
16,14,4,8,1,8.48595238095238,86.41666666666667
16,15,1,5,1,5.382896825396825,85.20952380952382
16,16,1,7,1,5.404365079365079,85.45833333333333
16,17,1,7,1,5.404365079365079,85.45833333333333
16,18,3,7,4,7.903650793650794,86.36666666666666
16,19,1,8,1,5.445555555555556,85.70952380952382
16,20,3,7,4,7.903650793650794,86.36666666666666
16,21,4,8,6,9.928611111111111,86.63333333333333
16,22,4,6,8,9.71031746031746,86.49285714285715
16,23,4,9,6,9.248075396825397,86.4297619047619
16,24,2,5,2,6.475833333333333,86.06666666666666
16,25,3,9,6,8.295019841269841,86.38928571428572
16,26,4,8,6,9.928611111111111,86.63333333333333
16,27,2,10,1,6.58547619047619,86.17738095238096
16,28,4,8,9,9.827936507936508,86.56428571428572
16,29,4,8,9,9.827936507936508,86.56428571428572
16,30,5,7,6,10.135813492063493,86.80357142857143
16,31,4,8,1,8.48595238095238,86.41666666666667
16,32,3,7,9,8.324246031746032,86.40119047619048
16,33,4,6,8,9.71031746031746,86.49285714285715
16,34,5,8,2,9.727242063492064,86.51904761904761
16,35,5,8,2,9.727242063492064,86.51904761904761
16,36,3,9,6,8.295019841269841,86.38928571428572
16,37,3,7,9,8.324246031746032,86.40119047619048
16,38,4,6,8,9.71031746031746,86.49285714285715
16,39,3,7,4,7.903650793650794,86.36666666666666
16,40,1,5,1,5.382896825396825,85.20952380952382
16,41,4,9,6,9.248075396825397,86.4297619047619
16,42,1,8,1,5.445555555555556,85.70952380952382
16,43,5,8,2,9.727242063492064,86.51904761904761
16,44,4,8,6,9.928611111111111,86.63333333333333
16,45,1,7,1,5.404365079365079,85.45833333333333
16,46,1,7,1,5.404365079365079,85.45833333333333
16,47,1,2,1,5.32827380952381,84.92380952380952
16,48,1,5,1,5.382896825396825,85.20952380952382
16,49,1,5,1,5.382896825396825,85.20952380952382
17,0,1,2,1,5.32827380952381,84.92380952380952
17,1,5,8,6,10.538373015873017,86.8047619047619
17,2,5,8,6,10.538373015873017,86.8047619047619
17,3,1,2,1,5.32827380952381,84.92380952380952
17,4,1,8,1,5.445555555555556,85.70952380952382
17,5,1,10,3,5.926507936507937,85.93095238095238
17,6,2,10,1,6.58547619047619,86.17738095238096
17,7,2,7,4,7.282896825396826,86.27857142857142
17,8,4,9,6,9.248075396825397,86.4297619047619
17,9,2,7,4,7.282896825396826,86.27857142857142
17,10,5,7,6,10.135813492063493,86.80357142857143
17,11,1,10,3,5.926507936507937,85.93095238095238
17,12,2,5,2,6.475833333333333,86.06666666666666
17,13,1,5,1,5.382896825396825,85.20952380952382
17,14,4,8,1,8.48595238095238,86.41666666666667
17,15,1,5,1,5.382896825396825,85.20952380952382
17,16,1,7,1,5.404365079365079,85.45833333333333
17,17,1,7,1,5.404365079365079,85.45833333333333
17,18,3,7,4,7.903650793650794,86.36666666666666
17,19,1,8,1,5.445555555555556,85.70952380952382
17,20,3,7,4,7.903650793650794,86.36666666666666
17,21,4,8,6,9.928611111111111,86.63333333333333
17,22,4,6,8,9.71031746031746,86.49285714285715
17,23,4,9,6,9.248075396825397,86.4297619047619
17,24,2,5,2,6.475833333333333,86.06666666666666
17,25,3,9,6,8.295019841269841,86.38928571428572
17,26,4,8,6,9.928611111111111,86.63333333333333
17,27,2,10,1,6.58547619047619,86.17738095238096
17,28,4,8,9,9.827936507936508,86.56428571428572
17,29,4,8,9,9.827936507936508,86.56428571428572
17,30,5,7,6,10.135813492063493,86.80357142857143
17,31,4,8,1,8.48595238095238,86.41666666666667
17,32,3,7,9,8.324246031746032,86.40119047619048
17,33,4,6,8,9.71031746031746,86.49285714285715
17,34,5,8,2,9.727242063492064,86.51904761904761
17,35,5,8,2,9.727242063492064,86.51904761904761
17,36,3,9,6,8.295019841269841,86.38928571428572
17,37,3,7,9,8.324246031746032,86.40119047619048
17,38,1,2,1,5.32827380952381,84.92380952380952
17,39,1,5,1,5.382896825396825,85.20952380952382
17,40,1,8,1,5.445555555555556,85.70952380952382
17,41,1,5,1,5.382896825396825,85.20952380952382
17,42,3,7,4,7.903650793650794,86.36666666666666
17,43,4,6,8,9.71031746031746,86.49285714285715
17,44,4,6,8,9.71031746031746,86.49285714285715
17,45,1,2,1,5.32827380952381,84.92380952380952
17,46,3,7,4,7.903650793650794,86.36666666666666
17,47,1,2,1,5.32827380952381,84.92380952380952
17,48,2,7,4,7.282896825396826,86.27857142857142
17,49,4,8,6,9.928611111111111,86.63333333333333
18,0,1,2,1,5.32827380952381,84.92380952380952
18,1,5,8,6,10.538373015873017,86.8047619047619
18,2,5,8,6,10.538373015873017,86.8047619047619
18,3,1,2,1,5.32827380952381,84.92380952380952
18,4,1,8,1,5.445555555555556,85.70952380952382
18,5,1,10,3,5.926507936507937,85.93095238095238
18,6,2,10,1,6.58547619047619,86.17738095238096
18,7,2,7,4,7.282896825396826,86.27857142857142
18,8,4,9,6,9.248075396825397,86.4297619047619
18,9,2,7,4,7.282896825396826,86.27857142857142
18,10,1,10,3,5.926507936507937,85.93095238095238
18,11,2,5,2,6.475833333333333,86.06666666666666
18,12,5,7,6,10.135813492063493,86.80357142857143
18,13,1,5,1,5.382896825396825,85.20952380952382
18,14,4,8,1,8.48595238095238,86.41666666666667
18,15,1,5,1,5.382896825396825,85.20952380952382
18,16,1,7,1,5.404365079365079,85.45833333333333
18,17,1,7,1,5.404365079365079,85.45833333333333
18,18,3,7,4,7.903650793650794,86.36666666666666
18,19,4,9,8,9.932857142857143,86.65357142857142
18,20,1,8,1,5.445555555555556,85.70952380952382
18,21,3,7,4,7.903650793650794,86.36666666666666
18,22,4,6,8,9.71031746031746,86.49285714285715
18,23,4,9,6,9.248075396825397,86.4297619047619
18,24,2,5,2,6.475833333333333,86.06666666666666
18,25,3,9,6,8.295019841269841,86.38928571428572
18,26,2,10,1,6.58547619047619,86.17738095238096
18,27,4,8,9,9.827936507936508,86.56428571428572
18,28,4,8,9,9.827936507936508,86.56428571428572
18,29,5,7,6,10.135813492063493,86.80357142857143
18,30,4,8,1,8.48595238095238,86.41666666666667
18,31,4,8,6,9.928611111111111,86.63333333333333
18,32,3,7,9,8.324246031746032,86.40119047619048
18,33,4,6,8,9.71031746031746,86.49285714285715
18,34,5,8,2,9.727242063492064,86.51904761904761
18,35,4,8,6,9.928611111111111,86.63333333333333
18,36,5,8,2,9.727242063492064,86.51904761904761
18,37,3,9,6,8.295019841269841,86.38928571428572
18,38,3,7,9,8.324246031746032,86.40119047619048
18,39,4,8,6,9.928611111111111,86.63333333333333
18,40,2,7,4,7.282896825396826,86.27857142857142
18,41,1,5,1,5.382896825396825,85.20952380952382
18,42,3,7,4,7.903650793650794,86.36666666666666
18,43,5,7,6,10.135813492063493,86.80357142857143
18,44,1,7,1,5.404365079365079,85.45833333333333
18,45,1,5,1,5.382896825396825,85.20952380952382
18,46,5,7,6,10.135813492063493,86.80357142857143
18,47,4,6,8,9.71031746031746,86.49285714285715
18,48,5,8,2,9.727242063492064,86.51904761904761
18,49,3,7,4,7.903650793650794,86.36666666666666
19,0,5,8,6,10.538373015873017,86.8047619047619
19,1,1,2,1,5.32827380952381,84.92380952380952
19,2,5,8,6,10.538373015873017,86.8047619047619
19,3,1,2,1,5.32827380952381,84.92380952380952
19,4,4,8,7,9.205873015873015,86.48333333333333
19,5,1,8,1,5.445555555555556,85.70952380952382
19,6,1,10,3,5.926507936507937,85.93095238095238
19,7,2,10,1,6.58547619047619,86.17738095238096
19,8,2,7,4,7.282896825396826,86.27857142857142
19,9,2,7,4,7.282896825396826,86.27857142857142
19,10,1,10,3,5.926507936507937,85.93095238095238
19,11,2,5,2,6.475833333333333,86.06666666666666
19,12,5,7,6,10.135813492063493,86.80357142857143
19,13,1,5,1,5.382896825396825,85.20952380952382
19,14,4,8,1,8.48595238095238,86.41666666666667
19,15,1,5,1,5.382896825396825,85.20952380952382
19,16,1,7,1,5.404365079365079,85.45833333333333
19,17,1,7,1,5.404365079365079,85.45833333333333
19,18,3,7,4,7.903650793650794,86.36666666666666
19,19,4,9,8,9.932857142857143,86.65357142857142
19,20,1,8,1,5.445555555555556,85.70952380952382
19,21,3,7,4,7.903650793650794,86.36666666666666
19,22,4,6,8,9.71031746031746,86.49285714285715
19,23,2,5,2,6.475833333333333,86.06666666666666
19,24,3,9,6,8.295019841269841,86.38928571428572
19,25,2,10,1,6.58547619047619,86.17738095238096
19,26,4,8,1,8.48595238095238,86.41666666666667
19,27,4,8,9,9.827936507936508,86.56428571428572
19,28,4,8,9,9.827936507936508,86.56428571428572
19,29,5,7,6,10.135813492063493,86.80357142857143
19,30,4,8,6,9.928611111111111,86.63333333333333
19,31,3,7,9,8.324246031746032,86.40119047619048
19,32,5,8,2,9.727242063492064,86.51904761904761
19,33,4,8,6,9.928611111111111,86.63333333333333
19,34,5,8,2,9.727242063492064,86.51904761904761
19,35,3,9,6,8.295019841269841,86.38928571428572
19,36,3,7,9,8.324246031746032,86.40119047619048
19,37,4,6,8,9.71031746031746,86.49285714285715
19,38,1,7,1,5.404365079365079,85.45833333333333
19,39,1,5,1,5.382896825396825,85.20952380952382
19,40,2,7,4,7.282896825396826,86.27857142857142
19,41,5,8,6,10.538373015873017,86.8047619047619
19,42,1,8,1,5.445555555555556,85.70952380952382
19,43,5,7,6,10.135813492063493,86.80357142857143
19,44,2,7,4,7.282896825396826,86.27857142857142
19,45,5,7,6,10.135813492063493,86.80357142857143
19,46,1,10,3,5.926507936507937,85.93095238095238
19,47,2,5,2,6.475833333333333,86.06666666666666
19,48,2,10,1,6.58547619047619,86.17738095238096
19,49,2,7,4,7.282896825396826,86.27857142857142
20,0,1,2,1,5.32827380952381,84.92380952380952
20,1,1,2,1,5.32827380952381,84.92380952380952
20,2,5,8,6,10.538373015873017,86.8047619047619
20,3,5,8,6,10.538373015873017,86.8047619047619
20,4,1,8,1,5.445555555555556,85.70952380952382
20,5,1,10,3,5.926507936507937,85.93095238095238
20,6,2,10,1,6.58547619047619,86.17738095238096
20,7,2,7,4,7.282896825396826,86.27857142857142
20,8,2,7,4,7.282896825396826,86.27857142857142
20,9,1,10,3,5.926507936507937,85.93095238095238
20,10,2,5,2,6.475833333333333,86.06666666666666
20,11,5,7,6,10.135813492063493,86.80357142857143
20,12,1,5,1,5.382896825396825,85.20952380952382
20,13,4,8,1,8.48595238095238,86.41666666666667
20,14,4,8,7,9.205873015873015,86.48333333333333
20,15,1,5,1,5.382896825396825,85.20952380952382
20,16,1,7,1,5.404365079365079,85.45833333333333
20,17,1,7,1,5.404365079365079,85.45833333333333
20,18,4,8,7,9.205873015873015,86.48333333333333
20,19,3,7,4,7.903650793650794,86.36666666666666
20,20,4,9,8,9.932857142857143,86.65357142857142
20,21,1,8,1,5.445555555555556,85.70952380952382
20,22,3,7,4,7.903650793650794,86.36666666666666
20,23,4,6,8,9.71031746031746,86.49285714285715
20,24,2,5,2,6.475833333333333,86.06666666666666
20,25,3,9,6,8.295019841269841,86.38928571428572
20,26,2,10,1,6.58547619047619,86.17738095238096
20,27,4,8,1,8.48595238095238,86.41666666666667
20,28,4,8,9,9.827936507936508,86.56428571428572
20,29,4,8,9,9.827936507936508,86.56428571428572
20,30,5,7,6,10.135813492063493,86.80357142857143
20,31,4,8,6,9.928611111111111,86.63333333333333
20,32,3,7,9,8.324246031746032,86.40119047619048
20,33,5,8,2,9.727242063492064,86.51904761904761
20,34,4,8,6,9.928611111111111,86.63333333333333
20,35,5,8,2,9.727242063492064,86.51904761904761
20,36,3,9,6,8.295019841269841,86.38928571428572
20,37,3,7,9,8.324246031746032,86.40119047619048
20,38,4,6,8,9.71031746031746,86.49285714285715
20,39,4,8,9,9.827936507936508,86.56428571428572
20,40,1,7,1,5.404365079365079,85.45833333333333
20,41,2,10,1,6.58547619047619,86.17738095238096
20,42,1,10,3,5.926507936507937,85.93095238095238
20,43,4,8,1,8.48595238095238,86.41666666666667
20,44,2,7,4,7.282896825396826,86.27857142857142
20,45,2,10,1,6.58547619047619,86.17738095238096
20,46,4,8,7,9.205873015873015,86.48333333333333
20,47,5,7,6,10.135813492063493,86.80357142857143
20,48,1,5,1,5.382896825396825,85.20952380952382
20,49,2,7,4,7.282896825396826,86.27857142857142
21,0,5,8,6,10.538373015873017,86.8047619047619
21,1,1,2,1,5.32827380952381,84.92380952380952
21,2,1,2,1,5.32827380952381,84.92380952380952
21,3,5,8,6,10.538373015873017,86.8047619047619
21,4,1,8,1,5.445555555555556,85.70952380952382
21,5,1,10,3,5.926507936507937,85.93095238095238
21,6,2,10,1,6.58547619047619,86.17738095238096
21,7,2,7,4,7.282896825396826,86.27857142857142
21,8,2,7,4,7.282896825396826,86.27857142857142
21,9,4,8,7,9.205873015873015,86.48333333333333
21,10,1,10,3,5.926507936507937,85.93095238095238
21,11,2,5,2,6.475833333333333,86.06666666666666
21,12,4,7,7,9.358968253968253,86.53928571428571
21,13,5,7,6,10.135813492063493,86.80357142857143
21,14,1,5,1,5.382896825396825,85.20952380952382
21,15,4,8,1,8.48595238095238,86.41666666666667
21,16,1,5,1,5.382896825396825,85.20952380952382
21,17,1,7,1,5.404365079365079,85.45833333333333
21,18,1,7,1,5.404365079365079,85.45833333333333
21,19,3,7,4,7.903650793650794,86.36666666666666
21,20,4,9,8,9.932857142857143,86.65357142857142
21,21,4,8,9,9.827936507936508,86.56428571428572
21,22,1,8,1,5.445555555555556,85.70952380952382
21,23,3,7,4,7.903650793650794,86.36666666666666
21,24,2,5,2,6.475833333333333,86.06666666666666
21,25,3,9,6,8.295019841269841,86.38928571428572
21,26,2,10,1,6.58547619047619,86.17738095238096
21,27,4,8,1,8.48595238095238,86.41666666666667
21,28,4,8,7,9.205873015873015,86.48333333333333
21,29,5,7,6,10.135813492063493,86.80357142857143
21,30,4,8,6,9.928611111111111,86.63333333333333
21,31,3,7,9,8.324246031746032,86.40119047619048
21,32,4,8,9,9.827936507936508,86.56428571428572
21,33,4,8,6,9.928611111111111,86.63333333333333
21,34,3,9,6,8.295019841269841,86.38928571428572
21,35,3,7,9,8.324246031746032,86.40119047619048
21,36,1,10,3,5.926507936507937,85.93095238095238
21,37,1,8,1,5.445555555555556,85.70952380952382
21,38,1,7,1,5.404365079365079,85.45833333333333
21,39,1,10,3,5.926507936507937,85.93095238095238
21,40,2,10,1,6.58547619047619,86.17738095238096
21,41,1,2,1,5.32827380952381,84.92380952380952
21,42,4,8,7,9.205873015873015,86.48333333333333
21,43,1,8,1,5.445555555555556,85.70952380952382
21,44,1,7,1,5.404365079365079,85.45833333333333
21,45,4,8,9,9.827936507936508,86.56428571428572
21,46,2,7,4,7.282896825396826,86.27857142857142
21,47,1,5,1,5.382896825396825,85.20952380952382
21,48,4,8,1,8.48595238095238,86.41666666666667
21,49,2,10,1,6.58547619047619,86.17738095238096
22,0,5,8,6,10.538373015873017,86.8047619047619
22,1,1,2,1,5.32827380952381,84.92380952380952
22,2,1,2,1,5.32827380952381,84.92380952380952
22,3,5,8,6,10.538373015873017,86.8047619047619
22,4,1,10,2,5.7392658730158725,85.74642857142857
22,5,1,10,3,5.926507936507937,85.93095238095238
22,6,2,10,1,6.58547619047619,86.17738095238096
22,7,1,8,1,5.445555555555556,85.70952380952382
22,8,2,7,4,7.282896825396826,86.27857142857142
22,9,2,7,4,7.282896825396826,86.27857142857142
22,10,4,8,7,9.205873015873015,86.48333333333333
22,11,2,5,2,6.475833333333333,86.06666666666666
22,12,4,7,7,9.358968253968253,86.53928571428571
22,13,5,7,6,10.135813492063493,86.80357142857143
22,14,1,5,1,5.382896825396825,85.20952380952382
22,15,4,8,1,8.48595238095238,86.41666666666667
22,16,1,5,1,5.382896825396825,85.20952380952382
22,17,1,7,1,5.404365079365079,85.45833333333333
22,18,1,7,1,5.404365079365079,85.45833333333333
22,19,3,7,4,7.903650793650794,86.36666666666666
22,20,4,9,8,9.932857142857143,86.65357142857142
22,21,4,8,9,9.827936507936508,86.56428571428572
22,22,3,7,4,7.903650793650794,86.36666666666666
22,23,1,10,3,5.926507936507937,85.93095238095238
22,24,2,5,2,6.475833333333333,86.06666666666666
22,25,3,9,6,8.295019841269841,86.38928571428572
22,26,2,10,1,6.58547619047619,86.17738095238096
22,27,4,8,1,8.48595238095238,86.41666666666667
22,28,4,8,7,9.205873015873015,86.48333333333333
22,29,5,7,6,10.135813492063493,86.80357142857143
22,30,4,8,6,9.928611111111111,86.63333333333333
22,31,3,7,9,8.324246031746032,86.40119047619048
22,32,4,8,9,9.827936507936508,86.56428571428572
22,33,4,8,6,9.928611111111111,86.63333333333333
22,34,1,8,1,5.445555555555556,85.70952380952382
22,35,3,9,6,8.295019841269841,86.38928571428572
22,36,3,7,9,8.324246031746032,86.40119047619048
22,37,1,8,1,5.445555555555556,85.70952380952382
22,38,4,8,1,8.48595238095238,86.41666666666667
22,39,1,7,1,5.404365079365079,85.45833333333333
22,40,1,8,1,5.445555555555556,85.70952380952382
22,41,4,8,7,9.205873015873015,86.48333333333333
22,42,1,5,1,5.382896825396825,85.20952380952382
22,43,1,8,1,5.445555555555556,85.70952380952382
22,44,1,8,1,5.445555555555556,85.70952380952382
22,45,1,2,1,5.32827380952381,84.92380952380952
22,46,1,2,1,5.32827380952381,84.92380952380952
22,47,1,8,1,5.445555555555556,85.70952380952382
22,48,1,8,1,5.445555555555556,85.70952380952382
22,49,2,7,4,7.282896825396826,86.27857142857142
23,0,1,2,1,5.32827380952381,84.92380952380952
23,1,5,8,6,10.538373015873017,86.8047619047619
23,2,1,2,1,5.32827380952381,84.92380952380952
23,3,5,8,6,10.538373015873017,86.8047619047619
23,4,1,10,2,5.7392658730158725,85.74642857142857
23,5,1,10,3,5.926507936507937,85.93095238095238
23,6,2,10,1,6.58547619047619,86.17738095238096
23,7,1,8,1,5.445555555555556,85.70952380952382
23,8,2,7,4,7.282896825396826,86.27857142857142
23,9,2,7,4,7.282896825396826,86.27857142857142
23,10,4,8,7,9.205873015873015,86.48333333333333
23,11,2,5,2,6.475833333333333,86.06666666666666
23,12,4,7,7,9.358968253968253,86.53928571428571
23,13,5,7,6,10.135813492063493,86.80357142857143
23,14,1,5,1,5.382896825396825,85.20952380952382
23,15,4,8,1,8.48595238095238,86.41666666666667
23,16,1,5,1,5.382896825396825,85.20952380952382
23,17,1,7,1,5.404365079365079,85.45833333333333
23,18,1,7,1,5.404365079365079,85.45833333333333
23,19,3,7,4,7.903650793650794,86.36666666666666
23,20,4,9,8,9.932857142857143,86.65357142857142
23,21,4,8,9,9.827936507936508,86.56428571428572
23,22,3,7,4,7.903650793650794,86.36666666666666
23,23,1,10,3,5.926507936507937,85.93095238095238
23,24,2,5,2,6.475833333333333,86.06666666666666
23,25,3,9,6,8.295019841269841,86.38928571428572
23,26,2,10,1,6.58547619047619,86.17738095238096
23,27,4,8,1,8.48595238095238,86.41666666666667
23,28,4,8,7,9.205873015873015,86.48333333333333
23,29,5,7,6,10.135813492063493,86.80357142857143
23,30,4,8,6,9.928611111111111,86.63333333333333
23,31,3,7,9,8.324246031746032,86.40119047619048
23,32,4,8,9,9.827936507936508,86.56428571428572
23,33,4,8,6,9.928611111111111,86.63333333333333
23,34,1,8,1,5.445555555555556,85.70952380952382
23,35,3,9,6,8.295019841269841,86.38928571428572
23,36,3,7,9,8.324246031746032,86.40119047619048
23,37,1,2,1,5.32827380952381,84.92380952380952
23,38,1,7,1,5.404365079365079,85.45833333333333
23,39,1,5,1,5.382896825396825,85.20952380952382
23,40,1,7,1,5.404365079365079,85.45833333333333
23,41,1,7,1,5.404365079365079,85.45833333333333
23,42,1,8,1,5.445555555555556,85.70952380952382
23,43,1,7,1,5.404365079365079,85.45833333333333
23,44,1,5,1,5.382896825396825,85.20952380952382
23,45,1,7,1,5.404365079365079,85.45833333333333
23,46,1,8,1,5.445555555555556,85.70952380952382
23,47,1,8,1,5.445555555555556,85.70952380952382
23,48,4,8,1,8.48595238095238,86.41666666666667
23,49,1,8,1,5.445555555555556,85.70952380952382
24,0,5,8,6,10.538373015873017,86.8047619047619
24,1,1,1,1,5.128293650793651,84.11785714285715
24,2,5,8,6,10.538373015873017,86.8047619047619
24,3,1,2,1,5.32827380952381,84.92380952380952
24,4,1,10,2,5.7392658730158725,85.74642857142857
24,5,1,10,3,5.926507936507937,85.93095238095238
24,6,2,10,1,6.58547619047619,86.17738095238096
24,7,2,7,4,7.282896825396826,86.27857142857142
24,8,4,8,7,9.205873015873015,86.48333333333333
24,9,2,7,4,7.282896825396826,86.27857142857142
24,10,1,8,1,5.445555555555556,85.70952380952382
24,11,4,7,7,9.358968253968253,86.53928571428571
24,12,1,2,1,5.32827380952381,84.92380952380952
24,13,2,5,2,6.475833333333333,86.06666666666666
24,14,4,8,1,8.48595238095238,86.41666666666667
24,15,5,7,6,10.135813492063493,86.80357142857143
24,16,3,7,4,7.903650793650794,86.36666666666666
24,17,4,8,9,9.827936507936508,86.56428571428572
24,18,1,5,1,5.382896825396825,85.20952380952382
24,19,3,7,4,7.903650793650794,86.36666666666666
24,20,1,5,1,5.382896825396825,85.20952380952382
24,21,1,7,1,5.404365079365079,85.45833333333333
24,22,1,7,1,5.404365079365079,85.45833333333333
24,23,1,10,3,5.926507936507937,85.93095238095238
24,24,3,9,6,8.295019841269841,86.38928571428572
24,25,2,5,2,6.475833333333333,86.06666666666666
24,26,2,10,1,6.58547619047619,86.17738095238096
24,27,4,9,8,9.932857142857143,86.65357142857142
24,28,4,8,1,8.48595238095238,86.41666666666667
24,29,4,8,7,9.205873015873015,86.48333333333333
24,30,4,9,8,9.932857142857143,86.65357142857142
24,31,5,7,6,10.135813492063493,86.80357142857143
24,32,3,7,9,8.324246031746032,86.40119047619048
24,33,4,8,9,9.827936507936508,86.56428571428572
24,34,4,8,6,9.928611111111111,86.63333333333333
24,35,4,8,6,9.928611111111111,86.63333333333333
24,36,1,8,1,5.445555555555556,85.70952380952382
24,37,3,9,6,8.295019841269841,86.38928571428572
24,38,3,7,9,8.324246031746032,86.40119047619048
24,39,2,5,2,6.475833333333333,86.06666666666666
24,40,1,7,1,5.404365079365079,85.45833333333333
24,41,2,5,2,6.475833333333333,86.06666666666666
24,42,1,5,1,5.382896825396825,85.20952380952382
24,43,5,7,6,10.135813492063493,86.80357142857143
24,44,5,7,6,10.135813492063493,86.80357142857143
24,45,5,8,6,10.538373015873017,86.8047619047619
24,46,1,10,3,5.926507936507937,85.93095238095238
24,47,1,7,1,5.404365079365079,85.45833333333333
24,48,1,8,1,5.445555555555556,85.70952380952382
24,49,5,7,6,10.135813492063493,86.80357142857143
25,0,1,1,1,5.128293650793651,84.11785714285715
25,1,5,8,6,10.538373015873017,86.8047619047619
25,2,5,8,6,10.538373015873017,86.8047619047619
25,3,1,1,1,5.128293650793651,84.11785714285715
25,4,1,2,1,5.32827380952381,84.92380952380952
25,5,1,10,2,5.7392658730158725,85.74642857142857
25,6,1,10,3,5.926507936507937,85.93095238095238
25,7,2,10,1,6.58547619047619,86.17738095238096
25,8,2,7,4,7.282896825396826,86.27857142857142
25,9,4,8,7,9.205873015873015,86.48333333333333
25,10,2,7,4,7.282896825396826,86.27857142857142
25,11,1,8,1,5.445555555555556,85.70952380952382
25,12,1,2,1,5.32827380952381,84.92380952380952
25,13,2,5,2,6.475833333333333,86.06666666666666
25,14,4,8,1,8.48595238095238,86.41666666666667
25,15,5,7,6,10.135813492063493,86.80357142857143
25,16,3,7,4,7.903650793650794,86.36666666666666
25,17,4,8,9,9.827936507936508,86.56428571428572
25,18,1,5,1,5.382896825396825,85.20952380952382
25,19,4,7,7,9.358968253968253,86.53928571428571
25,20,3,7,4,7.903650793650794,86.36666666666666
25,21,1,5,1,5.382896825396825,85.20952380952382
25,22,1,7,1,5.404365079365079,85.45833333333333
25,23,1,7,1,5.404365079365079,85.45833333333333
25,24,1,10,3,5.926507936507937,85.93095238095238
25,25,3,9,6,8.295019841269841,86.38928571428572
25,26,2,5,2,6.475833333333333,86.06666666666666
25,27,2,10,1,6.58547619047619,86.17738095238096
25,28,4,9,8,9.932857142857143,86.65357142857142
25,29,4,8,1,8.48595238095238,86.41666666666667
25,30,4,8,7,9.205873015873015,86.48333333333333
25,31,4,9,8,9.932857142857143,86.65357142857142
25,32,5,7,6,10.135813492063493,86.80357142857143
25,33,4,7,7,9.358968253968253,86.53928571428571
25,34,3,7,9,8.324246031746032,86.40119047619048
25,35,4,8,9,9.827936507936508,86.56428571428572
25,36,4,8,6,9.928611111111111,86.63333333333333
25,37,4,8,6,9.928611111111111,86.63333333333333
25,38,1,8,1,5.445555555555556,85.70952380952382
25,39,3,9,6,8.295019841269841,86.38928571428572
25,40,3,7,9,8.324246031746032,86.40119047619048
25,41,1,7,1,5.404365079365079,85.45833333333333
25,42,4,8,7,9.205873015873015,86.48333333333333
25,43,2,5,2,6.475833333333333,86.06666666666666
25,44,5,7,6,10.135813492063493,86.80357142857143
25,45,1,7,1,5.404365079365079,85.45833333333333
25,46,4,8,7,9.205873015873015,86.48333333333333
25,47,1,7,1,5.404365079365079,85.45833333333333
25,48,2,10,1,6.58547619047619,86.17738095238096
25,49,5,7,6,10.135813492063493,86.80357142857143
26,0,1,1,1,5.128293650793651,84.11785714285715
26,1,1,1,1,5.128293650793651,84.11785714285715
26,2,5,8,6,10.538373015873017,86.8047619047619
26,3,5,8,6,10.538373015873017,86.8047619047619
26,4,1,2,1,5.32827380952381,84.92380952380952
26,5,1,10,2,5.7392658730158725,85.74642857142857
26,6,1,10,3,5.926507936507937,85.93095238095238
26,7,2,10,1,6.58547619047619,86.17738095238096
26,8,2,7,4,7.282896825396826,86.27857142857142
26,9,4,8,7,9.205873015873015,86.48333333333333
26,10,2,7,4,7.282896825396826,86.27857142857142
26,11,1,8,1,5.445555555555556,85.70952380952382
26,12,1,2,1,5.32827380952381,84.92380952380952
26,13,2,5,2,6.475833333333333,86.06666666666666
26,14,4,8,1,8.48595238095238,86.41666666666667
26,15,5,7,6,10.135813492063493,86.80357142857143
26,16,3,7,4,7.903650793650794,86.36666666666666
26,17,4,8,9,9.827936507936508,86.56428571428572
26,18,1,5,1,5.382896825396825,85.20952380952382
26,19,4,7,7,9.358968253968253,86.53928571428571
26,20,3,7,4,7.903650793650794,86.36666666666666
26,21,1,5,1,5.382896825396825,85.20952380952382
26,22,1,7,1,5.404365079365079,85.45833333333333
26,23,1,7,1,5.404365079365079,85.45833333333333
26,24,1,10,3,5.926507936507937,85.93095238095238
26,25,3,9,6,8.295019841269841,86.38928571428572
26,26,2,5,2,6.475833333333333,86.06666666666666
26,27,2,10,1,6.58547619047619,86.17738095238096
26,28,4,9,8,9.932857142857143,86.65357142857142
26,29,4,8,1,8.48595238095238,86.41666666666667
26,30,4,8,7,9.205873015873015,86.48333333333333
26,31,4,9,8,9.932857142857143,86.65357142857142
26,32,5,7,6,10.135813492063493,86.80357142857143
26,33,4,7,7,9.358968253968253,86.53928571428571
26,34,3,7,9,8.324246031746032,86.40119047619048
26,35,4,8,9,9.827936507936508,86.56428571428572
26,36,4,8,6,9.928611111111111,86.63333333333333
26,37,4,8,6,9.928611111111111,86.63333333333333
26,38,1,8,1,5.445555555555556,85.70952380952382
26,39,3,9,6,8.295019841269841,86.38928571428572
26,40,3,7,9,8.324246031746032,86.40119047619048
26,41,4,8,7,9.205873015873015,86.48333333333333
26,42,2,5,2,6.475833333333333,86.06666666666666
26,43,4,7,7,9.358968253968253,86.53928571428571
26,44,1,1,1,5.128293650793651,84.11785714285715
26,45,5,8,6,10.538373015873017,86.8047619047619
26,46,1,10,3,5.926507936507937,85.93095238095238
26,47,1,10,3,5.926507936507937,85.93095238095238
26,48,5,8,6,10.538373015873017,86.8047619047619
26,49,5,7,6,10.135813492063493,86.80357142857143
27,0,5,8,6,10.538373015873017,86.8047619047619
27,1,1,1,1,5.128293650793651,84.11785714285715
27,2,1,1,1,5.128293650793651,84.11785714285715
27,3,5,8,6,10.538373015873017,86.8047619047619
27,4,1,2,1,5.32827380952381,84.92380952380952
27,5,1,10,3,5.926507936507937,85.93095238095238
27,6,2,10,1,6.58547619047619,86.17738095238096
27,7,2,7,4,7.282896825396826,86.27857142857142
27,8,4,8,7,9.205873015873015,86.48333333333333
27,9,2,7,4,7.282896825396826,86.27857142857142
27,10,1,8,1,5.445555555555556,85.70952380952382
27,11,1,2,1,5.32827380952381,84.92380952380952
27,12,2,5,2,6.475833333333333,86.06666666666666
27,13,4,8,1,8.48595238095238,86.41666666666667
27,14,5,7,6,10.135813492063493,86.80357142857143
27,15,3,7,4,7.903650793650794,86.36666666666666
27,16,1,10,2,5.7392658730158725,85.74642857142857
27,17,4,8,9,9.827936507936508,86.56428571428572
27,18,1,5,1,5.382896825396825,85.20952380952382
27,19,4,7,7,9.358968253968253,86.53928571428571
27,20,3,7,4,7.903650793650794,86.36666666666666
27,21,1,5,1,5.382896825396825,85.20952380952382
27,22,1,7,1,5.404365079365079,85.45833333333333
27,23,1,7,1,5.404365079365079,85.45833333333333
27,24,1,10,3,5.926507936507937,85.93095238095238
27,25,3,9,6,8.295019841269841,86.38928571428572
27,26,2,5,2,6.475833333333333,86.06666666666666
27,27,2,10,1,6.58547619047619,86.17738095238096
27,28,4,9,8,9.932857142857143,86.65357142857142
27,29,4,8,1,8.48595238095238,86.41666666666667
27,30,4,8,7,9.205873015873015,86.48333333333333
27,31,1,10,2,5.7392658730158725,85.74642857142857
27,32,4,9,8,9.932857142857143,86.65357142857142
27,33,5,7,6,10.135813492063493,86.80357142857143
27,34,4,7,7,9.358968253968253,86.53928571428571
27,35,3,7,9,8.324246031746032,86.40119047619048
27,36,4,8,9,9.827936507936508,86.56428571428572
27,37,4,8,6,9.928611111111111,86.63333333333333
27,38,4,8,6,9.928611111111111,86.63333333333333
27,39,1,8,1,5.445555555555556,85.70952380952382
27,40,3,9,6,8.295019841269841,86.38928571428572
27,41,3,7,9,8.324246031746032,86.40119047619048
27,42,5,8,6,10.538373015873017,86.8047619047619
27,43,1,8,1,5.445555555555556,85.70952380952382
27,44,1,5,1,5.382896825396825,85.20952380952382
27,45,5,8,6,10.538373015873017,86.8047619047619
27,46,5,8,6,10.538373015873017,86.8047619047619
27,47,4,8,1,8.48595238095238,86.41666666666667
27,48,2,5,2,6.475833333333333,86.06666666666666
27,49,1,1,1,5.128293650793651,84.11785714285715
28,0,1,1,1,5.128293650793651,84.11785714285715
28,1,5,8,6,10.538373015873017,86.8047619047619
28,2,5,8,6,10.538373015873017,86.8047619047619
28,3,1,1,1,5.128293650793651,84.11785714285715
28,4,1,2,1,5.32827380952381,84.92380952380952
28,5,1,10,3,5.926507936507937,85.93095238095238
28,6,2,10,1,6.58547619047619,86.17738095238096
28,7,2,7,4,7.282896825396826,86.27857142857142
28,8,4,8,7,9.205873015873015,86.48333333333333
28,9,2,7,4,7.282896825396826,86.27857142857142
28,10,1,8,1,5.445555555555556,85.70952380952382
28,11,1,2,1,5.32827380952381,84.92380952380952
28,12,2,5,2,6.475833333333333,86.06666666666666
28,13,4,8,1,8.48595238095238,86.41666666666667
28,14,5,7,6,10.135813492063493,86.80357142857143
28,15,3,7,4,7.903650793650794,86.36666666666666
28,16,1,10,2,5.7392658730158725,85.74642857142857
28,17,4,8,9,9.827936507936508,86.56428571428572
28,18,1,5,1,5.382896825396825,85.20952380952382
28,19,4,7,7,9.358968253968253,86.53928571428571
28,20,3,7,4,7.903650793650794,86.36666666666666
28,21,1,5,1,5.382896825396825,85.20952380952382
28,22,1,7,1,5.404365079365079,85.45833333333333
28,23,1,7,1,5.404365079365079,85.45833333333333
28,24,1,10,3,5.926507936507937,85.93095238095238
28,25,3,9,6,8.295019841269841,86.38928571428572
28,26,2,5,2,6.475833333333333,86.06666666666666
28,27,2,10,1,6.58547619047619,86.17738095238096
28,28,4,9,8,9.932857142857143,86.65357142857142
28,29,4,8,1,8.48595238095238,86.41666666666667
28,30,4,8,7,9.205873015873015,86.48333333333333
28,31,1,10,2,5.7392658730158725,85.74642857142857
28,32,4,9,8,9.932857142857143,86.65357142857142
28,33,5,7,6,10.135813492063493,86.80357142857143
28,34,4,7,7,9.358968253968253,86.53928571428571
28,35,3,7,9,8.324246031746032,86.40119047619048
28,36,4,8,9,9.827936507936508,86.56428571428572
28,37,4,8,6,9.928611111111111,86.63333333333333
28,38,4,8,6,9.928611111111111,86.63333333333333
28,39,1,8,1,5.445555555555556,85.70952380952382
28,40,3,9,6,8.295019841269841,86.38928571428572
28,41,3,7,9,8.324246031746032,86.40119047619048
28,42,1,5,1,5.382896825396825,85.20952380952382
28,43,1,7,1,5.404365079365079,85.45833333333333
28,44,5,8,6,10.538373015873017,86.8047619047619
28,45,5,8,6,10.538373015873017,86.8047619047619
28,46,4,7,7,9.358968253968253,86.53928571428571
28,47,4,8,1,8.48595238095238,86.41666666666667
28,48,1,8,1,5.445555555555556,85.70952380952382
28,49,1,7,1,5.404365079365079,85.45833333333333
29,0,1,1,1,5.128293650793651,84.11785714285715
29,1,5,8,6,10.538373015873017,86.8047619047619
29,2,1,1,1,5.128293650793651,84.11785714285715
29,3,5,8,6,10.538373015873017,86.8047619047619
29,4,1,2,1,5.32827380952381,84.92380952380952
29,5,1,10,3,5.926507936507937,85.93095238095238
29,6,2,10,1,6.58547619047619,86.17738095238096
29,7,2,7,4,7.282896825396826,86.27857142857142
29,8,4,8,7,9.205873015873015,86.48333333333333
29,9,2,7,4,7.282896825396826,86.27857142857142
29,10,1,8,1,5.445555555555556,85.70952380952382
29,11,1,2,1,5.32827380952381,84.92380952380952
29,12,2,5,2,6.475833333333333,86.06666666666666
29,13,4,8,1,8.48595238095238,86.41666666666667
29,14,5,7,6,10.135813492063493,86.80357142857143
29,15,3,7,4,7.903650793650794,86.36666666666666
29,16,1,10,2,5.7392658730158725,85.74642857142857
29,17,4,8,9,9.827936507936508,86.56428571428572
29,18,1,5,1,5.382896825396825,85.20952380952382
29,19,4,7,7,9.358968253968253,86.53928571428571
29,20,3,7,4,7.903650793650794,86.36666666666666
29,21,1,5,1,5.382896825396825,85.20952380952382
29,22,1,7,1,5.404365079365079,85.45833333333333
29,23,1,7,1,5.404365079365079,85.45833333333333
29,24,1,10,3,5.926507936507937,85.93095238095238
29,25,3,9,6,8.295019841269841,86.38928571428572
29,26,2,5,2,6.475833333333333,86.06666666666666
29,27,2,10,1,6.58547619047619,86.17738095238096
29,28,4,9,8,9.932857142857143,86.65357142857142
29,29,4,8,1,8.48595238095238,86.41666666666667
29,30,4,8,7,9.205873015873015,86.48333333333333
29,31,1,10,2,5.7392658730158725,85.74642857142857
29,32,4,9,8,9.932857142857143,86.65357142857142
29,33,5,7,6,10.135813492063493,86.80357142857143
29,34,4,7,7,9.358968253968253,86.53928571428571
29,35,3,7,9,8.324246031746032,86.40119047619048
29,36,4,8,9,9.827936507936508,86.56428571428572
29,37,4,8,6,9.928611111111111,86.63333333333333
29,38,4,8,6,9.928611111111111,86.63333333333333
29,39,1,8,1,5.445555555555556,85.70952380952382
29,40,3,9,6,8.295019841269841,86.38928571428572
29,41,3,7,9,8.324246031746032,86.40119047619048
29,42,4,8,6,9.928611111111111,86.63333333333333
29,43,4,8,1,8.48595238095238,86.41666666666667
29,44,1,2,1,5.32827380952381,84.92380952380952
29,45,4,7,7,9.358968253968253,86.53928571428571
29,46,4,8,7,9.205873015873015,86.48333333333333
29,47,5,7,6,10.135813492063493,86.80357142857143
29,48,3,7,4,7.903650793650794,86.36666666666666
29,49,4,7,7,9.358968253968253,86.53928571428571
30,0,5,8,6,10.538373015873017,86.8047619047619
30,1,1,1,1,5.128293650793651,84.11785714285715
30,2,1,1,1,5.128293650793651,84.11785714285715
30,3,5,8,6,10.538373015873017,86.8047619047619
30,4,1,2,1,5.32827380952381,84.92380952380952
30,5,1,10,3,5.926507936507937,85.93095238095238
30,6,2,10,1,6.58547619047619,86.17738095238096
30,7,2,7,4,7.282896825396826,86.27857142857142
30,8,4,8,7,9.205873015873015,86.48333333333333
30,9,2,7,4,7.282896825396826,86.27857142857142
30,10,1,8,1,5.445555555555556,85.70952380952382
30,11,1,2,1,5.32827380952381,84.92380952380952
30,12,2,5,2,6.475833333333333,86.06666666666666
30,13,4,8,1,8.48595238095238,86.41666666666667
30,14,5,7,6,10.135813492063493,86.80357142857143
30,15,3,7,4,7.903650793650794,86.36666666666666
30,16,1,10,2,5.7392658730158725,85.74642857142857
30,17,4,8,9,9.827936507936508,86.56428571428572
30,18,1,5,1,5.382896825396825,85.20952380952382
30,19,4,7,7,9.358968253968253,86.53928571428571
30,20,3,7,4,7.903650793650794,86.36666666666666
30,21,1,5,1,5.382896825396825,85.20952380952382
30,22,1,7,1,5.404365079365079,85.45833333333333
30,23,1,7,1,5.404365079365079,85.45833333333333
30,24,1,10,3,5.926507936507937,85.93095238095238
30,25,3,9,6,8.295019841269841,86.38928571428572
30,26,2,5,2,6.475833333333333,86.06666666666666
30,27,2,10,1,6.58547619047619,86.17738095238096
30,28,4,9,8,9.932857142857143,86.65357142857142
30,29,4,8,1,8.48595238095238,86.41666666666667
30,30,4,8,7,9.205873015873015,86.48333333333333
30,31,1,10,2,5.7392658730158725,85.74642857142857
30,32,4,9,8,9.932857142857143,86.65357142857142
30,33,5,7,6,10.135813492063493,86.80357142857143
30,34,4,7,7,9.358968253968253,86.53928571428571
30,35,3,7,9,8.324246031746032,86.40119047619048
30,36,4,8,9,9.827936507936508,86.56428571428572
30,37,4,8,6,9.928611111111111,86.63333333333333
30,38,4,8,6,9.928611111111111,86.63333333333333
30,39,1,8,1,5.445555555555556,85.70952380952382
30,40,3,9,6,8.295019841269841,86.38928571428572
30,41,3,7,9,8.324246031746032,86.40119047619048
30,42,1,8,1,5.445555555555556,85.70952380952382
30,43,1,5,1,5.382896825396825,85.20952380952382
30,44,4,8,6,9.928611111111111,86.63333333333333
30,45,5,8,6,10.538373015873017,86.8047619047619
30,46,4,7,7,9.358968253968253,86.53928571428571
30,47,4,7,7,9.358968253968253,86.53928571428571
30,48,4,8,7,9.205873015873015,86.48333333333333
30,49,2,5,2,6.475833333333333,86.06666666666666
31,0,1,1,1,5.128293650793651,84.11785714285715
31,1,1,1,1,5.128293650793651,84.11785714285715
31,2,5,8,6,10.538373015873017,86.8047619047619
31,3,5,8,6,10.538373015873017,86.8047619047619
31,4,1,2,1,5.32827380952381,84.92380952380952
31,5,1,10,3,5.926507936507937,85.93095238095238
31,6,2,10,1,6.58547619047619,86.17738095238096
31,7,2,7,4,7.282896825396826,86.27857142857142
31,8,4,8,7,9.205873015873015,86.48333333333333
31,9,2,7,4,7.282896825396826,86.27857142857142
31,10,1,8,1,5.445555555555556,85.70952380952382
31,11,1,2,1,5.32827380952381,84.92380952380952
31,12,2,5,2,6.475833333333333,86.06666666666666
31,13,4,8,1,8.48595238095238,86.41666666666667
31,14,5,7,6,10.135813492063493,86.80357142857143
31,15,3,7,4,7.903650793650794,86.36666666666666
31,16,1,10,2,5.7392658730158725,85.74642857142857
31,17,4,8,9,9.827936507936508,86.56428571428572
31,18,1,5,1,5.382896825396825,85.20952380952382
31,19,4,7,7,9.358968253968253,86.53928571428571
31,20,3,7,4,7.903650793650794,86.36666666666666
31,21,1,5,1,5.382896825396825,85.20952380952382
31,22,1,7,1,5.404365079365079,85.45833333333333
31,23,1,7,1,5.404365079365079,85.45833333333333
31,24,1,10,3,5.926507936507937,85.93095238095238
31,25,3,9,6,8.295019841269841,86.38928571428572
31,26,2,5,2,6.475833333333333,86.06666666666666
31,27,2,10,1,6.58547619047619,86.17738095238096
31,28,4,9,8,9.932857142857143,86.65357142857142
31,29,4,8,1,8.48595238095238,86.41666666666667
31,30,4,8,7,9.205873015873015,86.48333333333333
31,31,1,10,2,5.7392658730158725,85.74642857142857
31,32,4,9,8,9.932857142857143,86.65357142857142
31,33,5,7,6,10.135813492063493,86.80357142857143
31,34,4,7,7,9.358968253968253,86.53928571428571
31,35,3,7,9,8.324246031746032,86.40119047619048
31,36,4,8,9,9.827936507936508,86.56428571428572
31,37,4,8,6,9.928611111111111,86.63333333333333
31,38,4,8,6,9.928611111111111,86.63333333333333
31,39,1,8,1,5.445555555555556,85.70952380952382
31,40,3,9,6,8.295019841269841,86.38928571428572
31,41,3,7,9,8.324246031746032,86.40119047619048
31,42,1,5,1,5.382896825396825,85.20952380952382
31,43,4,8,6,9.928611111111111,86.63333333333333
31,44,4,8,6,9.928611111111111,86.63333333333333
31,45,2,10,1,6.58547619047619,86.17738095238096
31,46,1,5,1,5.382896825396825,85.20952380952382
31,47,5,8,6,10.538373015873017,86.8047619047619
31,48,1,8,1,5.445555555555556,85.70952380952382
31,49,1,7,1,5.404365079365079,85.45833333333333
32,0,1,1,1,5.128293650793651,84.11785714285715
32,1,1,1,1,5.128293650793651,84.11785714285715
32,2,5,8,6,10.538373015873017,86.8047619047619
32,3,5,8,6,10.538373015873017,86.8047619047619
32,4,1,2,1,5.32827380952381,84.92380952380952
32,5,1,10,3,5.926507936507937,85.93095238095238
32,6,2,10,1,6.58547619047619,86.17738095238096
32,7,2,7,4,7.282896825396826,86.27857142857142
32,8,4,8,7,9.205873015873015,86.48333333333333
32,9,2,7,4,7.282896825396826,86.27857142857142
32,10,1,8,1,5.445555555555556,85.70952380952382
32,11,1,2,1,5.32827380952381,84.92380952380952
32,12,2,5,2,6.475833333333333,86.06666666666666
32,13,4,8,1,8.48595238095238,86.41666666666667
32,14,5,7,6,10.135813492063493,86.80357142857143
32,15,3,7,4,7.903650793650794,86.36666666666666
32,16,1,10,2,5.7392658730158725,85.74642857142857
32,17,4,8,9,9.827936507936508,86.56428571428572
32,18,1,5,1,5.382896825396825,85.20952380952382
32,19,4,7,7,9.358968253968253,86.53928571428571
32,20,3,7,4,7.903650793650794,86.36666666666666
32,21,1,5,1,5.382896825396825,85.20952380952382
32,22,1,7,1,5.404365079365079,85.45833333333333
32,23,1,7,1,5.404365079365079,85.45833333333333
32,24,1,10,3,5.926507936507937,85.93095238095238
32,25,3,9,6,8.295019841269841,86.38928571428572
32,26,2,5,2,6.475833333333333,86.06666666666666
32,27,2,10,1,6.58547619047619,86.17738095238096
32,28,4,9,8,9.932857142857143,86.65357142857142
32,29,4,8,1,8.48595238095238,86.41666666666667
32,30,4,8,7,9.205873015873015,86.48333333333333
32,31,1,10,2,5.7392658730158725,85.74642857142857
32,32,4,9,8,9.932857142857143,86.65357142857142
32,33,5,7,6,10.135813492063493,86.80357142857143
32,34,4,7,7,9.358968253968253,86.53928571428571
32,35,3,7,9,8.324246031746032,86.40119047619048
32,36,4,8,9,9.827936507936508,86.56428571428572
32,37,4,8,6,9.928611111111111,86.63333333333333
32,38,4,8,6,9.928611111111111,86.63333333333333
32,39,1,8,1,5.445555555555556,85.70952380952382
32,40,3,9,6,8.295019841269841,86.38928571428572
32,41,3,7,9,8.324246031746032,86.40119047619048
32,42,4,8,7,9.205873015873015,86.48333333333333
32,43,5,8,6,10.538373015873017,86.8047619047619
32,44,5,8,6,10.538373015873017,86.8047619047619
32,45,4,8,6,9.928611111111111,86.63333333333333
32,46,3,9,6,8.295019841269841,86.38928571428572
32,47,2,10,1,6.58547619047619,86.17738095238096
32,48,5,7,6,10.135813492063493,86.80357142857143
32,49,1,5,1,5.382896825396825,85.20952380952382
33,0,5,8,6,10.538373015873017,86.8047619047619
33,1,1,1,1,5.128293650793651,84.11785714285715
33,2,1,1,1,5.128293650793651,84.11785714285715
33,3,5,8,6,10.538373015873017,86.8047619047619
33,4,1,2,1,5.32827380952381,84.92380952380952
33,5,1,10,3,5.926507936507937,85.93095238095238
33,6,2,10,1,6.58547619047619,86.17738095238096
33,7,2,7,4,7.282896825396826,86.27857142857142
33,8,4,8,7,9.205873015873015,86.48333333333333
33,9,2,7,4,7.282896825396826,86.27857142857142
33,10,1,8,1,5.445555555555556,85.70952380952382
33,11,1,2,1,5.32827380952381,84.92380952380952
33,12,2,5,2,6.475833333333333,86.06666666666666
33,13,4,8,1,8.48595238095238,86.41666666666667
33,14,5,7,6,10.135813492063493,86.80357142857143
33,15,3,7,4,7.903650793650794,86.36666666666666
33,16,1,10,2,5.7392658730158725,85.74642857142857
33,17,4,8,9,9.827936507936508,86.56428571428572
33,18,1,5,1,5.382896825396825,85.20952380952382
33,19,4,7,7,9.358968253968253,86.53928571428571
33,20,3,7,4,7.903650793650794,86.36666666666666
33,21,1,5,1,5.382896825396825,85.20952380952382
33,22,1,7,1,5.404365079365079,85.45833333333333
33,23,1,7,1,5.404365079365079,85.45833333333333
33,24,1,10,3,5.926507936507937,85.93095238095238
33,25,3,9,6,8.295019841269841,86.38928571428572
33,26,2,5,2,6.475833333333333,86.06666666666666
33,27,2,10,1,6.58547619047619,86.17738095238096
33,28,4,9,8,9.932857142857143,86.65357142857142
33,29,4,8,1,8.48595238095238,86.41666666666667
33,30,4,8,7,9.205873015873015,86.48333333333333
33,31,1,10,2,5.7392658730158725,85.74642857142857
33,32,4,9,8,9.932857142857143,86.65357142857142
33,33,5,7,6,10.135813492063493,86.80357142857143
33,34,4,7,7,9.358968253968253,86.53928571428571
33,35,3,7,9,8.324246031746032,86.40119047619048
33,36,4,8,9,9.827936507936508,86.56428571428572
33,37,4,8,6,9.928611111111111,86.63333333333333
33,38,4,8,6,9.928611111111111,86.63333333333333
33,39,1,8,1,5.445555555555556,85.70952380952382
33,40,3,9,6,8.295019841269841,86.38928571428572
33,41,3,7,9,8.324246031746032,86.40119047619048
33,42,1,7,1,5.404365079365079,85.45833333333333
33,43,4,8,6,9.928611111111111,86.63333333333333
33,44,1,2,1,5.32827380952381,84.92380952380952
33,45,1,5,1,5.382896825396825,85.20952380952382
33,46,2,10,1,6.58547619047619,86.17738095238096
33,47,3,9,6,8.295019841269841,86.38928571428572
33,48,2,10,1,6.58547619047619,86.17738095238096
33,49,4,8,7,9.205873015873015,86.48333333333333
34,0,5,8,6,10.538373015873017,86.8047619047619
34,1,1,1,1,5.128293650793651,84.11785714285715
34,2,5,8,6,10.538373015873017,86.8047619047619
34,3,1,1,1,5.128293650793651,84.11785714285715
34,4,1,2,1,5.32827380952381,84.92380952380952
34,5,3,9,7,8.47154761904762,86.50952380952381
34,6,4,7,7,9.358968253968253,86.53928571428571
34,7,1,10,3,5.926507936507937,85.93095238095238
34,8,2,10,1,6.58547619047619,86.17738095238096
34,9,2,7,4,7.282896825396826,86.27857142857142
34,10,2,7,4,7.282896825396826,86.27857142857142
34,11,1,8,1,5.445555555555556,85.70952380952382
34,12,1,2,1,5.32827380952381,84.92380952380952
34,13,2,5,2,6.475833333333333,86.06666666666666
34,14,5,7,6,10.135813492063493,86.80357142857143
34,15,3,7,4,7.903650793650794,86.36666666666666
34,16,1,10,2,5.7392658730158725,85.74642857142857
34,17,4,8,9,9.827936507936508,86.56428571428572
34,18,1,5,1,5.382896825396825,85.20952380952382
34,19,3,7,4,7.903650793650794,86.36666666666666
34,20,1,5,1,5.382896825396825,85.20952380952382
34,21,1,7,1,5.404365079365079,85.45833333333333
34,22,4,7,7,9.358968253968253,86.53928571428571
34,23,1,7,1,5.404365079365079,85.45833333333333
34,24,1,10,3,5.926507936507937,85.93095238095238
34,25,3,9,6,8.295019841269841,86.38928571428572
34,26,2,5,2,6.475833333333333,86.06666666666666
34,27,2,10,1,6.58547619047619,86.17738095238096
34,28,4,9,8,9.932857142857143,86.65357142857142
34,29,1,10,2,5.7392658730158725,85.74642857142857
34,30,3,7,9,8.324246031746032,86.40119047619048
34,31,4,9,8,9.932857142857143,86.65357142857142
34,32,5,7,6,10.135813492063493,86.80357142857143
34,33,3,7,9,8.324246031746032,86.40119047619048
34,34,4,8,9,9.827936507936508,86.56428571428572
34,35,4,8,6,9.928611111111111,86.63333333333333
34,36,4,8,6,9.928611111111111,86.63333333333333
34,37,1,8,1,5.445555555555556,85.70952380952382
34,38,3,9,6,8.295019841269841,86.38928571428572
34,39,1,7,1,5.404365079365079,85.45833333333333
34,40,1,8,1,5.445555555555556,85.70952380952382
34,41,5,8,6,10.538373015873017,86.8047619047619
34,42,2,10,1,6.58547619047619,86.17738095238096
34,43,1,8,1,5.445555555555556,85.70952380952382
34,44,1,7,1,5.404365079365079,85.45833333333333
34,45,2,10,1,6.58547619047619,86.17738095238096
34,46,5,8,6,10.538373015873017,86.8047619047619
34,47,5,7,6,10.135813492063493,86.80357142857143
34,48,1,8,1,5.445555555555556,85.70952380952382
34,49,1,2,1,5.32827380952381,84.92380952380952
35,0,1,1,1,5.128293650793651,84.11785714285715
35,1,1,1,1,5.128293650793651,84.11785714285715
35,2,5,8,6,10.538373015873017,86.8047619047619
35,3,5,8,6,10.538373015873017,86.8047619047619
35,4,1,2,1,5.32827380952381,84.92380952380952
35,5,3,9,7,8.47154761904762,86.50952380952381
35,6,4,7,7,9.358968253968253,86.53928571428571
35,7,1,10,3,5.926507936507937,85.93095238095238
35,8,2,10,1,6.58547619047619,86.17738095238096
35,9,2,7,4,7.282896825396826,86.27857142857142
35,10,2,7,4,7.282896825396826,86.27857142857142
35,11,1,8,1,5.445555555555556,85.70952380952382
35,12,1,2,1,5.32827380952381,84.92380952380952
35,13,2,5,2,6.475833333333333,86.06666666666666
35,14,5,7,6,10.135813492063493,86.80357142857143
35,15,3,7,4,7.903650793650794,86.36666666666666
35,16,1,10,2,5.7392658730158725,85.74642857142857
35,17,4,8,9,9.827936507936508,86.56428571428572
35,18,1,5,1,5.382896825396825,85.20952380952382
35,19,3,7,4,7.903650793650794,86.36666666666666
35,20,1,5,1,5.382896825396825,85.20952380952382
35,21,1,7,1,5.404365079365079,85.45833333333333
35,22,4,7,7,9.358968253968253,86.53928571428571
35,23,1,7,1,5.404365079365079,85.45833333333333
35,24,1,10,3,5.926507936507937,85.93095238095238
35,25,3,9,6,8.295019841269841,86.38928571428572
35,26,2,5,2,6.475833333333333,86.06666666666666
35,27,2,10,1,6.58547619047619,86.17738095238096
35,28,4,9,8,9.932857142857143,86.65357142857142
35,29,1,10,2,5.7392658730158725,85.74642857142857
35,30,3,7,9,8.324246031746032,86.40119047619048
35,31,4,9,8,9.932857142857143,86.65357142857142
35,32,3,9,7,8.47154761904762,86.50952380952381
35,33,5,7,6,10.135813492063493,86.80357142857143
35,34,3,7,9,8.324246031746032,86.40119047619048
35,35,4,8,9,9.827936507936508,86.56428571428572
35,36,4,8,6,9.928611111111111,86.63333333333333
35,37,4,8,6,9.928611111111111,86.63333333333333
35,38,1,8,1,5.445555555555556,85.70952380952382
35,39,3,9,6,8.295019841269841,86.38928571428572
35,40,1,8,1,5.445555555555556,85.70952380952382
35,41,3,9,6,8.295019841269841,86.38928571428572
35,42,1,8,1,5.445555555555556,85.70952380952382
35,43,4,7,7,9.358968253968253,86.53928571428571
35,44,1,7,1,5.404365079365079,85.45833333333333
35,45,5,7,6,10.135813492063493,86.80357142857143
35,46,2,5,2,6.475833333333333,86.06666666666666
35,47,1,7,1,5.404365079365079,85.45833333333333
35,48,1,2,1,5.32827380952381,84.92380952380952
35,49,1,8,1,5.445555555555556,85.70952380952382
36,0,1,1,1,5.128293650793651,84.11785714285715
36,1,5,8,6,10.538373015873017,86.8047619047619
36,2,5,8,6,10.538373015873017,86.8047619047619
36,3,1,1,1,5.128293650793651,84.11785714285715
36,4,1,2,1,5.32827380952381,84.92380952380952
36,5,3,9,7,8.47154761904762,86.50952380952381
36,6,4,7,7,9.358968253968253,86.53928571428571
36,7,1,10,3,5.926507936507937,85.93095238095238
36,8,2,10,1,6.58547619047619,86.17738095238096
36,9,2,7,4,7.282896825396826,86.27857142857142
36,10,2,7,4,7.282896825396826,86.27857142857142
36,11,1,8,1,5.445555555555556,85.70952380952382
36,12,1,2,1,5.32827380952381,84.92380952380952
36,13,2,5,2,6.475833333333333,86.06666666666666
36,14,5,7,6,10.135813492063493,86.80357142857143
36,15,3,7,4,7.903650793650794,86.36666666666666
36,16,1,10,2,5.7392658730158725,85.74642857142857
36,17,4,8,9,9.827936507936508,86.56428571428572
36,18,1,5,1,5.382896825396825,85.20952380952382
36,19,3,7,4,7.903650793650794,86.36666666666666
36,20,1,5,1,5.382896825396825,85.20952380952382
36,21,1,7,1,5.404365079365079,85.45833333333333
36,22,4,7,7,9.358968253968253,86.53928571428571
36,23,1,7,1,5.404365079365079,85.45833333333333
36,24,1,10,3,5.926507936507937,85.93095238095238
36,25,3,9,6,8.295019841269841,86.38928571428572
36,26,2,5,2,6.475833333333333,86.06666666666666
36,27,2,10,1,6.58547619047619,86.17738095238096
36,28,4,9,8,9.932857142857143,86.65357142857142
36,29,1,10,2,5.7392658730158725,85.74642857142857
36,30,3,7,9,8.324246031746032,86.40119047619048
36,31,4,9,8,9.932857142857143,86.65357142857142
36,32,3,9,7,8.47154761904762,86.50952380952381
36,33,5,7,6,10.135813492063493,86.80357142857143
36,34,3,7,9,8.324246031746032,86.40119047619048
36,35,4,8,9,9.827936507936508,86.56428571428572
36,36,4,8,6,9.928611111111111,86.63333333333333
36,37,4,8,6,9.928611111111111,86.63333333333333
36,38,1,8,1,5.445555555555556,85.70952380952382
36,39,3,9,6,8.295019841269841,86.38928571428572
36,40,3,7,9,8.324246031746032,86.40119047619048
36,41,1,8,1,5.445555555555556,85.70952380952382
36,42,4,7,7,9.358968253968253,86.53928571428571
36,43,1,7,1,5.404365079365079,85.45833333333333
36,44,3,9,6,8.295019841269841,86.38928571428572
36,45,1,1,1,5.128293650793651,84.11785714285715
36,46,1,8,1,5.445555555555556,85.70952380952382
36,47,2,7,4,7.282896825396826,86.27857142857142
36,48,1,8,1,5.445555555555556,85.70952380952382
36,49,2,5,2,6.475833333333333,86.06666666666666
37,0,1,1,1,5.128293650793651,84.11785714285715
37,1,1,1,1,5.128293650793651,84.11785714285715
37,2,5,8,6,10.538373015873017,86.8047619047619
37,3,5,8,6,10.538373015873017,86.8047619047619
37,4,1,2,1,5.32827380952381,84.92380952380952
37,5,3,9,7,8.47154761904762,86.50952380952381
37,6,4,7,7,9.358968253968253,86.53928571428571
37,7,1,10,3,5.926507936507937,85.93095238095238
37,8,2,10,1,6.58547619047619,86.17738095238096
37,9,2,7,4,7.282896825396826,86.27857142857142
37,10,2,7,4,7.282896825396826,86.27857142857142
37,11,1,8,1,5.445555555555556,85.70952380952382
37,12,1,2,1,5.32827380952381,84.92380952380952
37,13,2,5,2,6.475833333333333,86.06666666666666
37,14,5,7,6,10.135813492063493,86.80357142857143
37,15,3,7,4,7.903650793650794,86.36666666666666
37,16,1,10,2,5.7392658730158725,85.74642857142857
37,17,4,8,9,9.827936507936508,86.56428571428572
37,18,1,5,1,5.382896825396825,85.20952380952382
37,19,3,7,4,7.903650793650794,86.36666666666666
37,20,1,5,1,5.382896825396825,85.20952380952382
37,21,1,7,1,5.404365079365079,85.45833333333333
37,22,4,7,7,9.358968253968253,86.53928571428571
37,23,1,7,1,5.404365079365079,85.45833333333333
37,24,1,10,3,5.926507936507937,85.93095238095238
37,25,3,9,6,8.295019841269841,86.38928571428572
37,26,2,5,2,6.475833333333333,86.06666666666666
37,27,2,10,1,6.58547619047619,86.17738095238096
37,28,4,9,8,9.932857142857143,86.65357142857142
37,29,1,10,2,5.7392658730158725,85.74642857142857
37,30,3,7,9,8.324246031746032,86.40119047619048
37,31,4,9,8,9.932857142857143,86.65357142857142
37,32,3,9,7,8.47154761904762,86.50952380952381
37,33,5,7,6,10.135813492063493,86.80357142857143
37,34,3,7,9,8.324246031746032,86.40119047619048
37,35,4,8,9,9.827936507936508,86.56428571428572
37,36,4,8,6,9.928611111111111,86.63333333333333
37,37,4,8,6,9.928611111111111,86.63333333333333
37,38,1,8,1,5.445555555555556,85.70952380952382
37,39,3,9,6,8.295019841269841,86.38928571428572
37,40,1,2,1,5.32827380952381,84.92380952380952
37,41,1,7,1,5.404365079365079,85.45833333333333
37,42,5,8,6,10.538373015873017,86.8047619047619
37,43,4,7,7,9.358968253968253,86.53928571428571
37,44,3,9,6,8.295019841269841,86.38928571428572
37,45,1,10,2,5.7392658730158725,85.74642857142857
37,46,5,8,6,10.538373015873017,86.8047619047619
37,47,4,8,9,9.827936507936508,86.56428571428572
37,48,1,8,1,5.445555555555556,85.70952380952382
37,49,1,1,1,5.128293650793651,84.11785714285715
38,0,5,8,6,10.538373015873017,86.8047619047619
38,1,1,1,1,5.128293650793651,84.11785714285715
38,2,5,8,6,10.538373015873017,86.8047619047619
38,3,1,1,1,5.128293650793651,84.11785714285715
38,4,1,2,1,5.32827380952381,84.92380952380952
38,5,3,9,7,8.47154761904762,86.50952380952381
38,6,4,7,7,9.358968253968253,86.53928571428571
38,7,1,10,3,5.926507936507937,85.93095238095238
38,8,2,10,1,6.58547619047619,86.17738095238096
38,9,2,7,4,7.282896825396826,86.27857142857142
38,10,2,7,4,7.282896825396826,86.27857142857142
38,11,1,8,1,5.445555555555556,85.70952380952382
38,12,1,2,1,5.32827380952381,84.92380952380952
38,13,2,5,2,6.475833333333333,86.06666666666666
38,14,5,7,6,10.135813492063493,86.80357142857143
38,15,3,7,4,7.903650793650794,86.36666666666666
38,16,1,10,2,5.7392658730158725,85.74642857142857
38,17,4,8,9,9.827936507936508,86.56428571428572
38,18,1,5,1,5.382896825396825,85.20952380952382
38,19,3,7,4,7.903650793650794,86.36666666666666
38,20,1,5,1,5.382896825396825,85.20952380952382
38,21,1,7,1,5.404365079365079,85.45833333333333
38,22,4,7,7,9.358968253968253,86.53928571428571
38,23,1,7,1,5.404365079365079,85.45833333333333
38,24,1,10,3,5.926507936507937,85.93095238095238
38,25,3,9,6,8.295019841269841,86.38928571428572
38,26,2,5,2,6.475833333333333,86.06666666666666
38,27,2,10,1,6.58547619047619,86.17738095238096
38,28,4,9,8,9.932857142857143,86.65357142857142
38,29,1,10,2,5.7392658730158725,85.74642857142857
38,30,3,7,9,8.324246031746032,86.40119047619048
38,31,4,9,8,9.932857142857143,86.65357142857142
38,32,3,9,7,8.47154761904762,86.50952380952381
38,33,5,7,6,10.135813492063493,86.80357142857143
38,34,3,7,9,8.324246031746032,86.40119047619048
38,35,4,8,9,9.827936507936508,86.56428571428572
38,36,4,8,6,9.928611111111111,86.63333333333333
38,37,4,8,6,9.928611111111111,86.63333333333333
38,38,1,8,1,5.445555555555556,85.70952380952382
38,39,3,9,6,8.295019841269841,86.38928571428572
38,40,5,8,6,10.538373015873017,86.8047619047619
38,41,2,10,1,6.58547619047619,86.17738095238096
38,42,4,7,7,9.358968253968253,86.53928571428571
38,43,1,2,1,5.32827380952381,84.92380952380952
38,44,3,7,9,8.324246031746032,86.40119047619048
38,45,5,8,6,10.538373015873017,86.8047619047619
38,46,1,2,1,5.32827380952381,84.92380952380952
38,47,1,1,1,5.128293650793651,84.11785714285715
38,48,4,7,7,9.358968253968253,86.53928571428571
38,49,1,1,1,5.128293650793651,84.11785714285715
39,0,5,8,6,10.538373015873017,86.8047619047619
39,1,5,8,6,10.538373015873017,86.8047619047619
39,2,1,1,1,5.128293650793651,84.11785714285715
39,3,1,1,1,5.128293650793651,84.11785714285715
39,4,1,2,1,5.32827380952381,84.92380952380952
39,5,3,9,7,8.47154761904762,86.50952380952381
39,6,4,7,7,9.358968253968253,86.53928571428571
39,7,1,10,3,5.926507936507937,85.93095238095238
39,8,2,10,1,6.58547619047619,86.17738095238096
39,9,1,8,1,5.445555555555556,85.70952380952382
39,10,3,5,1,7.503154761904762,86.3202380952381
39,11,2,7,4,7.282896825396826,86.27857142857142
39,12,1,2,1,5.32827380952381,84.92380952380952
39,13,2,5,2,6.475833333333333,86.06666666666666
39,14,5,7,6,10.135813492063493,86.80357142857143
39,15,1,10,2,5.7392658730158725,85.74642857142857
39,16,4,8,9,9.827936507936508,86.56428571428572
39,17,1,5,1,5.382896825396825,85.20952380952382
39,18,1,5,1,5.382896825396825,85.20952380952382
39,19,1,7,1,5.404365079365079,85.45833333333333
39,20,4,7,7,9.358968253968253,86.53928571428571
39,21,1,7,1,5.404365079365079,85.45833333333333
39,22,3,7,4,7.903650793650794,86.36666666666666
39,23,1,10,3,5.926507936507937,85.93095238095238
39,24,3,7,4,7.903650793650794,86.36666666666666
39,25,2,7,4,7.282896825396826,86.27857142857142
39,26,3,9,6,8.295019841269841,86.38928571428572
39,27,2,5,2,6.475833333333333,86.06666666666666
39,28,2,10,1,6.58547619047619,86.17738095238096
39,29,4,9,8,9.932857142857143,86.65357142857142
39,30,1,10,2,5.7392658730158725,85.74642857142857
39,31,3,7,9,8.324246031746032,86.40119047619048
39,32,4,9,8,9.932857142857143,86.65357142857142
39,33,3,9,7,8.47154761904762,86.50952380952381
39,34,5,7,6,10.135813492063493,86.80357142857143
39,35,3,7,9,8.324246031746032,86.40119047619048
39,36,4,8,9,9.827936507936508,86.56428571428572
39,37,4,8,6,9.928611111111111,86.63333333333333
39,38,4,8,6,9.928611111111111,86.63333333333333
39,39,1,8,1,5.445555555555556,85.70952380952382
39,40,3,9,6,8.295019841269841,86.38928571428572
39,41,4,7,7,9.358968253968253,86.53928571428571
39,42,3,9,6,8.295019841269841,86.38928571428572
39,43,1,2,1,5.32827380952381,84.92380952380952
39,44,4,8,9,9.827936507936508,86.56428571428572
39,45,1,8,1,5.445555555555556,85.70952380952382
39,46,4,7,7,9.358968253968253,86.53928571428571
39,47,1,2,1,5.32827380952381,84.92380952380952
39,48,1,1,1,5.128293650793651,84.11785714285715
39,49,3,9,7,8.47154761904762,86.50952380952381
40,0,1,1,1,5.128293650793651,84.11785714285715
40,1,5,8,6,10.538373015873017,86.8047619047619
40,2,5,8,6,10.538373015873017,86.8047619047619
40,3,1,1,1,5.128293650793651,84.11785714285715
40,4,1,2,1,5.32827380952381,84.92380952380952
40,5,3,9,7,8.47154761904762,86.50952380952381
40,6,4,7,7,9.358968253968253,86.53928571428571
40,7,1,10,3,5.926507936507937,85.93095238095238
40,8,2,10,1,6.58547619047619,86.17738095238096
40,9,1,8,1,5.445555555555556,85.70952380952382
40,10,3,5,1,7.503154761904762,86.3202380952381
40,11,2,7,4,7.282896825396826,86.27857142857142
40,12,1,2,1,5.32827380952381,84.92380952380952
40,13,2,5,2,6.475833333333333,86.06666666666666
40,14,5,7,6,10.135813492063493,86.80357142857143
40,15,1,10,2,5.7392658730158725,85.74642857142857
40,16,4,8,9,9.827936507936508,86.56428571428572
40,17,1,5,1,5.382896825396825,85.20952380952382
40,18,1,5,1,5.382896825396825,85.20952380952382
40,19,1,7,1,5.404365079365079,85.45833333333333
40,20,4,7,7,9.358968253968253,86.53928571428571
40,21,1,7,1,5.404365079365079,85.45833333333333
40,22,3,7,4,7.903650793650794,86.36666666666666
40,23,1,10,3,5.926507936507937,85.93095238095238
40,24,3,7,4,7.903650793650794,86.36666666666666
40,25,2,7,4,7.282896825396826,86.27857142857142
40,26,3,9,6,8.295019841269841,86.38928571428572
40,27,2,5,2,6.475833333333333,86.06666666666666
40,28,2,10,1,6.58547619047619,86.17738095238096
40,29,4,9,8,9.932857142857143,86.65357142857142
40,30,1,10,2,5.7392658730158725,85.74642857142857
40,31,3,7,9,8.324246031746032,86.40119047619048
40,32,4,9,8,9.932857142857143,86.65357142857142
40,33,3,9,7,8.47154761904762,86.50952380952381
40,34,5,7,6,10.135813492063493,86.80357142857143
40,35,3,7,9,8.324246031746032,86.40119047619048
40,36,4,8,9,9.827936507936508,86.56428571428572
40,37,4,8,6,9.928611111111111,86.63333333333333
40,38,4,8,6,9.928611111111111,86.63333333333333
40,39,1,8,1,5.445555555555556,85.70952380952382
40,40,3,9,6,8.295019841269841,86.38928571428572
40,41,1,2,1,5.32827380952381,84.92380952380952
40,42,1,2,1,5.32827380952381,84.92380952380952
40,43,3,9,7,8.47154761904762,86.50952380952381
40,44,3,9,7,8.47154761904762,86.50952380952381
40,45,1,10,2,5.7392658730158725,85.74642857142857
40,46,1,10,3,5.926507936507937,85.93095238095238
40,47,3,9,6,8.295019841269841,86.38928571428572
40,48,1,1,1,5.128293650793651,84.11785714285715
40,49,4,7,7,9.358968253968253,86.53928571428571
41,0,1,1,1,5.128293650793651,84.11785714285715
41,1,5,8,6,10.538373015873017,86.8047619047619
41,2,5,8,6,10.538373015873017,86.8047619047619
41,3,1,1,1,5.128293650793651,84.11785714285715
41,4,1,2,1,5.32827380952381,84.92380952380952
41,5,3,9,7,8.47154761904762,86.50952380952381
41,6,4,7,7,9.358968253968253,86.53928571428571
41,7,1,10,3,5.926507936507937,85.93095238095238
41,8,2,10,1,6.58547619047619,86.17738095238096
41,9,1,8,1,5.445555555555556,85.70952380952382
41,10,3,5,1,7.503154761904762,86.3202380952381
41,11,2,7,4,7.282896825396826,86.27857142857142
41,12,1,2,1,5.32827380952381,84.92380952380952
41,13,2,5,2,6.475833333333333,86.06666666666666
41,14,5,7,6,10.135813492063493,86.80357142857143
41,15,1,10,2,5.7392658730158725,85.74642857142857
41,16,4,8,9,9.827936507936508,86.56428571428572
41,17,1,5,1,5.382896825396825,85.20952380952382
41,18,1,5,1,5.382896825396825,85.20952380952382
41,19,1,7,1,5.404365079365079,85.45833333333333
41,20,4,7,7,9.358968253968253,86.53928571428571
41,21,1,7,1,5.404365079365079,85.45833333333333
41,22,3,7,4,7.903650793650794,86.36666666666666
41,23,1,10,3,5.926507936507937,85.93095238095238
41,24,3,7,4,7.903650793650794,86.36666666666666
41,25,2,7,4,7.282896825396826,86.27857142857142
41,26,3,9,6,8.295019841269841,86.38928571428572
41,27,2,5,2,6.475833333333333,86.06666666666666
41,28,2,10,1,6.58547619047619,86.17738095238096
41,29,4,9,8,9.932857142857143,86.65357142857142
41,30,1,10,2,5.7392658730158725,85.74642857142857
41,31,3,7,9,8.324246031746032,86.40119047619048
41,32,4,9,8,9.932857142857143,86.65357142857142
41,33,3,9,7,8.47154761904762,86.50952380952381
41,34,5,7,6,10.135813492063493,86.80357142857143
41,35,3,7,9,8.324246031746032,86.40119047619048
41,36,4,8,9,9.827936507936508,86.56428571428572
41,37,4,8,6,9.928611111111111,86.63333333333333
41,38,4,8,6,9.928611111111111,86.63333333333333
41,39,1,8,1,5.445555555555556,85.70952380952382
41,40,3,9,6,8.295019841269841,86.38928571428572
41,41,1,2,1,5.32827380952381,84.92380952380952
41,42,2,10,1,6.58547619047619,86.17738095238096
41,43,1,10,2,5.7392658730158725,85.74642857142857
41,44,1,2,1,5.32827380952381,84.92380952380952
41,45,1,2,1,5.32827380952381,84.92380952380952
41,46,1,2,1,5.32827380952381,84.92380952380952
41,47,1,10,3,5.926507936507937,85.93095238095238
41,48,3,9,6,8.295019841269841,86.38928571428572
41,49,1,10,3,5.926507936507937,85.93095238095238
42,0,5,8,6,10.538373015873017,86.8047619047619
42,1,1,1,1,5.128293650793651,84.11785714285715
42,2,1,1,1,5.128293650793651,84.11785714285715
42,3,5,8,6,10.538373015873017,86.8047619047619
42,4,1,2,1,5.32827380952381,84.92380952380952
42,5,3,9,7,8.47154761904762,86.50952380952381
42,6,4,7,7,9.358968253968253,86.53928571428571
42,7,1,10,3,5.926507936507937,85.93095238095238
42,8,2,10,1,6.58547619047619,86.17738095238096
42,9,1,8,1,5.445555555555556,85.70952380952382
42,10,2,7,4,7.282896825396826,86.27857142857142
42,11,1,2,1,5.32827380952381,84.92380952380952
42,12,2,5,2,6.475833333333333,86.06666666666666
42,13,5,7,6,10.135813492063493,86.80357142857143
42,14,1,10,2,5.7392658730158725,85.74642857142857
42,15,4,8,9,9.827936507936508,86.56428571428572
42,16,1,5,1,5.382896825396825,85.20952380952382
42,17,1,5,1,5.382896825396825,85.20952380952382
42,18,1,7,1,5.404365079365079,85.45833333333333
42,19,4,7,7,9.358968253968253,86.53928571428571
42,20,1,7,1,5.404365079365079,85.45833333333333
42,21,3,7,4,7.903650793650794,86.36666666666666
42,22,3,5,1,7.503154761904762,86.3202380952381
42,23,1,10,3,5.926507936507937,85.93095238095238
42,24,3,7,4,7.903650793650794,86.36666666666666
42,25,2,7,4,7.282896825396826,86.27857142857142
42,26,3,9,6,8.295019841269841,86.38928571428572
42,27,2,5,2,6.475833333333333,86.06666666666666
42,28,3,5,1,7.503154761904762,86.3202380952381
42,29,2,10,1,6.58547619047619,86.17738095238096
42,30,4,9,8,9.932857142857143,86.65357142857142
42,31,1,10,2,5.7392658730158725,85.74642857142857
42,32,3,7,9,8.324246031746032,86.40119047619048
42,33,4,9,8,9.932857142857143,86.65357142857142
42,34,3,9,7,8.47154761904762,86.50952380952381
42,35,5,7,6,10.135813492063493,86.80357142857143
42,36,3,7,9,8.324246031746032,86.40119047619048
42,37,4,8,9,9.827936507936508,86.56428571428572
42,38,4,8,6,9.928611111111111,86.63333333333333
42,39,4,8,6,9.928611111111111,86.63333333333333
42,40,1,8,1,5.445555555555556,85.70952380952382
42,41,3,9,6,8.295019841269841,86.38928571428572
42,42,1,10,2,5.7392658730158725,85.74642857142857
42,43,1,7,1,5.404365079365079,85.45833333333333
42,44,1,10,3,5.926507936507937,85.93095238095238
42,45,3,9,6,8.295019841269841,86.38928571428572
42,46,4,8,9,9.827936507936508,86.56428571428572
42,47,2,5,2,6.475833333333333,86.06666666666666
42,48,2,5,2,6.475833333333333,86.06666666666666
42,49,1,2,1,5.32827380952381,84.92380952380952
43,0,5,8,6,10.538373015873017,86.8047619047619
43,1,1,1,1,5.128293650793651,84.11785714285715
43,2,5,8,6,10.538373015873017,86.8047619047619
43,3,1,1,1,5.128293650793651,84.11785714285715
43,4,1,2,1,5.32827380952381,84.92380952380952
43,5,3,9,7,8.47154761904762,86.50952380952381
43,6,4,7,7,9.358968253968253,86.53928571428571
43,7,1,10,3,5.926507936507937,85.93095238095238
43,8,2,10,1,6.58547619047619,86.17738095238096
43,9,1,8,1,5.445555555555556,85.70952380952382
43,10,2,7,4,7.282896825396826,86.27857142857142
43,11,1,2,1,5.32827380952381,84.92380952380952
43,12,2,5,2,6.475833333333333,86.06666666666666
43,13,5,7,6,10.135813492063493,86.80357142857143
43,14,1,10,2,5.7392658730158725,85.74642857142857
43,15,4,8,9,9.827936507936508,86.56428571428572
43,16,1,5,1,5.382896825396825,85.20952380952382
43,17,1,5,1,5.382896825396825,85.20952380952382
43,18,1,7,1,5.404365079365079,85.45833333333333
43,19,4,7,7,9.358968253968253,86.53928571428571
43,20,1,7,1,5.404365079365079,85.45833333333333
43,21,3,7,4,7.903650793650794,86.36666666666666
43,22,3,5,1,7.503154761904762,86.3202380952381
43,23,1,10,3,5.926507936507937,85.93095238095238
43,24,3,7,4,7.903650793650794,86.36666666666666
43,25,2,7,4,7.282896825396826,86.27857142857142
43,26,3,9,6,8.295019841269841,86.38928571428572
43,27,2,5,2,6.475833333333333,86.06666666666666
43,28,3,5,1,7.503154761904762,86.3202380952381
43,29,2,10,1,6.58547619047619,86.17738095238096
43,30,4,9,8,9.932857142857143,86.65357142857142
43,31,1,10,2,5.7392658730158725,85.74642857142857
43,32,3,7,9,8.324246031746032,86.40119047619048
43,33,4,9,8,9.932857142857143,86.65357142857142
43,34,3,9,7,8.47154761904762,86.50952380952381
43,35,5,7,6,10.135813492063493,86.80357142857143
43,36,3,7,9,8.324246031746032,86.40119047619048
43,37,4,8,9,9.827936507936508,86.56428571428572
43,38,4,8,6,9.928611111111111,86.63333333333333
43,39,4,8,6,9.928611111111111,86.63333333333333
43,40,1,8,1,5.445555555555556,85.70952380952382
43,41,3,9,6,8.295019841269841,86.38928571428572
43,42,2,7,4,7.282896825396826,86.27857142857142
43,43,4,8,6,9.928611111111111,86.63333333333333
43,44,3,9,7,8.47154761904762,86.50952380952381
43,45,4,8,9,9.827936507936508,86.56428571428572
43,46,3,5,1,7.503154761904762,86.3202380952381
43,47,3,9,6,8.295019841269841,86.38928571428572
43,48,5,8,6,10.538373015873017,86.8047619047619
43,49,2,5,2,6.475833333333333,86.06666666666666
44,0,5,8,6,10.538373015873017,86.8047619047619
44,1,5,8,6,10.538373015873017,86.8047619047619
44,2,1,1,1,5.128293650793651,84.11785714285715
44,3,1,1,1,5.128293650793651,84.11785714285715
44,4,1,2,1,5.32827380952381,84.92380952380952
44,5,3,9,7,8.47154761904762,86.50952380952381
44,6,4,7,7,9.358968253968253,86.53928571428571
44,7,1,10,3,5.926507936507937,85.93095238095238
44,8,2,10,1,6.58547619047619,86.17738095238096
44,9,1,8,1,5.445555555555556,85.70952380952382
44,10,2,7,4,7.282896825396826,86.27857142857142
44,11,1,2,1,5.32827380952381,84.92380952380952
44,12,2,5,2,6.475833333333333,86.06666666666666
44,13,5,7,6,10.135813492063493,86.80357142857143
44,14,1,10,2,5.7392658730158725,85.74642857142857
44,15,4,8,9,9.827936507936508,86.56428571428572
44,16,1,5,1,5.382896825396825,85.20952380952382
44,17,1,5,1,5.382896825396825,85.20952380952382
44,18,1,7,1,5.404365079365079,85.45833333333333
44,19,4,7,7,9.358968253968253,86.53928571428571
44,20,1,7,1,5.404365079365079,85.45833333333333
44,21,3,7,4,7.903650793650794,86.36666666666666
44,22,3,5,1,7.503154761904762,86.3202380952381
44,23,1,10,3,5.926507936507937,85.93095238095238
44,24,3,7,4,7.903650793650794,86.36666666666666
44,25,2,7,4,7.282896825396826,86.27857142857142
44,26,3,9,6,8.295019841269841,86.38928571428572
44,27,2,5,2,6.475833333333333,86.06666666666666
44,28,3,5,1,7.503154761904762,86.3202380952381
44,29,2,10,1,6.58547619047619,86.17738095238096
44,30,4,9,8,9.932857142857143,86.65357142857142
44,31,1,10,2,5.7392658730158725,85.74642857142857
44,32,3,7,9,8.324246031746032,86.40119047619048
44,33,4,9,8,9.932857142857143,86.65357142857142
44,34,3,9,7,8.47154761904762,86.50952380952381
44,35,5,7,6,10.135813492063493,86.80357142857143
44,36,3,7,9,8.324246031746032,86.40119047619048
44,37,4,8,9,9.827936507936508,86.56428571428572
44,38,4,8,6,9.928611111111111,86.63333333333333
44,39,4,8,6,9.928611111111111,86.63333333333333
44,40,1,8,1,5.445555555555556,85.70952380952382
44,41,3,9,6,8.295019841269841,86.38928571428572
44,42,4,8,9,9.827936507936508,86.56428571428572
44,43,3,9,7,8.47154761904762,86.50952380952381
44,44,4,8,6,9.928611111111111,86.63333333333333
44,45,3,9,6,8.295019841269841,86.38928571428572
44,46,1,1,1,5.128293650793651,84.11785714285715
44,47,3,7,4,7.903650793650794,86.36666666666666
44,48,1,1,1,5.128293650793651,84.11785714285715
44,49,4,8,6,9.928611111111111,86.63333333333333
45,0,5,8,6,10.538373015873017,86.8047619047619
45,1,1,1,1,5.128293650793651,84.11785714285715
45,2,5,8,6,10.538373015873017,86.8047619047619
45,3,1,1,1,5.128293650793651,84.11785714285715
45,4,1,2,1,5.32827380952381,84.92380952380952
45,5,3,9,7,8.47154761904762,86.50952380952381
45,6,4,7,7,9.358968253968253,86.53928571428571
45,7,1,10,3,5.926507936507937,85.93095238095238
45,8,2,10,1,6.58547619047619,86.17738095238096
45,9,1,8,1,5.445555555555556,85.70952380952382
45,10,2,7,4,7.282896825396826,86.27857142857142
45,11,1,2,1,5.32827380952381,84.92380952380952
45,12,2,5,2,6.475833333333333,86.06666666666666
45,13,5,7,6,10.135813492063493,86.80357142857143
45,14,1,10,2,5.7392658730158725,85.74642857142857
45,15,4,8,9,9.827936507936508,86.56428571428572
45,16,1,5,1,5.382896825396825,85.20952380952382
45,17,1,5,1,5.382896825396825,85.20952380952382
45,18,1,7,1,5.404365079365079,85.45833333333333
45,19,4,7,7,9.358968253968253,86.53928571428571
45,20,1,7,1,5.404365079365079,85.45833333333333
45,21,3,7,4,7.903650793650794,86.36666666666666
45,22,3,5,1,7.503154761904762,86.3202380952381
45,23,1,10,3,5.926507936507937,85.93095238095238
45,24,3,7,4,7.903650793650794,86.36666666666666
45,25,2,7,4,7.282896825396826,86.27857142857142
45,26,3,9,6,8.295019841269841,86.38928571428572
45,27,2,5,2,6.475833333333333,86.06666666666666
45,28,3,5,1,7.503154761904762,86.3202380952381
45,29,2,10,1,6.58547619047619,86.17738095238096
45,30,4,9,8,9.932857142857143,86.65357142857142
45,31,1,10,2,5.7392658730158725,85.74642857142857
45,32,3,7,9,8.324246031746032,86.40119047619048
45,33,4,9,8,9.932857142857143,86.65357142857142
45,34,3,9,7,8.47154761904762,86.50952380952381
45,35,5,7,6,10.135813492063493,86.80357142857143
45,36,3,7,9,8.324246031746032,86.40119047619048
45,37,4,8,9,9.827936507936508,86.56428571428572
45,38,4,8,6,9.928611111111111,86.63333333333333
45,39,4,8,6,9.928611111111111,86.63333333333333
45,40,1,8,1,5.445555555555556,85.70952380952382
45,41,3,9,6,8.295019841269841,86.38928571428572
45,42,1,1,1,5.128293650793651,84.11785714285715
45,43,5,8,6,10.538373015873017,86.8047619047619
45,44,1,1,1,5.128293650793651,84.11785714285715
45,45,1,5,1,5.382896825396825,85.20952380952382
45,46,1,1,1,5.128293650793651,84.11785714285715
45,47,1,2,1,5.32827380952381,84.92380952380952
45,48,1,8,1,5.445555555555556,85.70952380952382
45,49,1,2,1,5.32827380952381,84.92380952380952
46,0,5,8,6,10.538373015873017,86.8047619047619
46,1,1,1,1,5.128293650793651,84.11785714285715
46,2,5,8,6,10.538373015873017,86.8047619047619
46,3,1,1,1,5.128293650793651,84.11785714285715
46,4,1,2,1,5.32827380952381,84.92380952380952
46,5,3,9,7,8.47154761904762,86.50952380952381
46,6,4,7,7,9.358968253968253,86.53928571428571
46,7,1,10,3,5.926507936507937,85.93095238095238
46,8,2,10,1,6.58547619047619,86.17738095238096
46,9,1,8,1,5.445555555555556,85.70952380952382
46,10,2,7,4,7.282896825396826,86.27857142857142
46,11,1,2,1,5.32827380952381,84.92380952380952
46,12,2,5,2,6.475833333333333,86.06666666666666
46,13,5,7,6,10.135813492063493,86.80357142857143
46,14,1,10,2,5.7392658730158725,85.74642857142857
46,15,4,8,9,9.827936507936508,86.56428571428572
46,16,1,5,1,5.382896825396825,85.20952380952382
46,17,1,5,1,5.382896825396825,85.20952380952382
46,18,1,7,1,5.404365079365079,85.45833333333333
46,19,4,7,7,9.358968253968253,86.53928571428571
46,20,1,7,1,5.404365079365079,85.45833333333333
46,21,3,7,4,7.903650793650794,86.36666666666666
46,22,3,5,1,7.503154761904762,86.3202380952381
46,23,1,10,3,5.926507936507937,85.93095238095238
46,24,3,7,4,7.903650793650794,86.36666666666666
46,25,2,7,4,7.282896825396826,86.27857142857142
46,26,3,9,6,8.295019841269841,86.38928571428572
46,27,2,5,2,6.475833333333333,86.06666666666666
46,28,3,5,1,7.503154761904762,86.3202380952381
46,29,2,10,1,6.58547619047619,86.17738095238096
46,30,4,9,8,9.932857142857143,86.65357142857142
46,31,1,10,2,5.7392658730158725,85.74642857142857
46,32,3,7,9,8.324246031746032,86.40119047619048
46,33,4,9,8,9.932857142857143,86.65357142857142
46,34,3,9,7,8.47154761904762,86.50952380952381
46,35,5,7,6,10.135813492063493,86.80357142857143
46,36,3,7,9,8.324246031746032,86.40119047619048
46,37,4,8,9,9.827936507936508,86.56428571428572
46,38,4,8,6,9.928611111111111,86.63333333333333
46,39,4,8,6,9.928611111111111,86.63333333333333
46,40,1,8,1,5.445555555555556,85.70952380952382
46,41,3,9,6,8.295019841269841,86.38928571428572
46,42,1,10,3,5.926507936507937,85.93095238095238
46,43,1,2,1,5.32827380952381,84.92380952380952
46,44,1,10,2,5.7392658730158725,85.74642857142857
46,45,5,8,6,10.538373015873017,86.8047619047619
46,46,3,7,4,7.903650793650794,86.36666666666666
46,47,1,1,1,5.128293650793651,84.11785714285715
46,48,3,5,1,7.503154761904762,86.3202380952381
46,49,4,7,7,9.358968253968253,86.53928571428571
47,0,1,1,1,5.128293650793651,84.11785714285715
47,1,5,8,6,10.538373015873017,86.8047619047619
47,2,1,1,1,5.128293650793651,84.11785714285715
47,3,5,8,6,10.538373015873017,86.8047619047619
47,4,1,2,1,5.32827380952381,84.92380952380952
47,5,3,9,7,8.47154761904762,86.50952380952381
47,6,4,7,7,9.358968253968253,86.53928571428571
47,7,1,10,3,5.926507936507937,85.93095238095238
47,8,2,10,1,6.58547619047619,86.17738095238096
47,9,1,8,1,5.445555555555556,85.70952380952382
47,10,2,7,4,7.282896825396826,86.27857142857142
47,11,1,2,1,5.32827380952381,84.92380952380952
47,12,2,5,2,6.475833333333333,86.06666666666666
47,13,5,7,6,10.135813492063493,86.80357142857143
47,14,1,10,2,5.7392658730158725,85.74642857142857
47,15,4,8,9,9.827936507936508,86.56428571428572
47,16,1,5,1,5.382896825396825,85.20952380952382
47,17,1,5,1,5.382896825396825,85.20952380952382
47,18,1,7,1,5.404365079365079,85.45833333333333
47,19,4,7,7,9.358968253968253,86.53928571428571
47,20,1,7,1,5.404365079365079,85.45833333333333
47,21,3,7,4,7.903650793650794,86.36666666666666
47,22,3,5,1,7.503154761904762,86.3202380952381
47,23,1,10,3,5.926507936507937,85.93095238095238
47,24,3,7,4,7.903650793650794,86.36666666666666
47,25,2,7,4,7.282896825396826,86.27857142857142
47,26,3,9,6,8.295019841269841,86.38928571428572
47,27,2,5,2,6.475833333333333,86.06666666666666
47,28,3,5,1,7.503154761904762,86.3202380952381
47,29,2,10,1,6.58547619047619,86.17738095238096
47,30,4,9,8,9.932857142857143,86.65357142857142
47,31,1,10,2,5.7392658730158725,85.74642857142857
47,32,3,7,9,8.324246031746032,86.40119047619048
47,33,4,9,8,9.932857142857143,86.65357142857142
47,34,3,9,7,8.47154761904762,86.50952380952381
47,35,5,7,6,10.135813492063493,86.80357142857143
47,36,3,7,9,8.324246031746032,86.40119047619048
47,37,4,8,9,9.827936507936508,86.56428571428572
47,38,4,8,6,9.928611111111111,86.63333333333333
47,39,4,8,6,9.928611111111111,86.63333333333333
47,40,1,8,1,5.445555555555556,85.70952380952382
47,41,3,9,6,8.295019841269841,86.38928571428572
47,42,1,8,1,5.445555555555556,85.70952380952382
47,43,1,8,1,5.445555555555556,85.70952380952382
47,44,1,5,1,5.382896825396825,85.20952380952382
47,45,3,7,4,7.903650793650794,86.36666666666666
47,46,3,7,4,7.903650793650794,86.36666666666666
47,47,1,10,3,5.926507936507937,85.93095238095238
47,48,1,10,2,5.7392658730158725,85.74642857142857
47,49,1,1,1,5.128293650793651,84.11785714285715
48,0,1,1,1,5.128293650793651,84.11785714285715
48,1,5,8,6,10.538373015873017,86.8047619047619
48,2,5,8,6,10.538373015873017,86.8047619047619
48,3,1,1,1,5.128293650793651,84.11785714285715
48,4,1,2,1,5.32827380952381,84.92380952380952
48,5,3,9,7,8.47154761904762,86.50952380952381
48,6,4,7,7,9.358968253968253,86.53928571428571
48,7,1,10,3,5.926507936507937,85.93095238095238
48,8,2,10,1,6.58547619047619,86.17738095238096
48,9,1,8,1,5.445555555555556,85.70952380952382
48,10,2,7,4,7.282896825396826,86.27857142857142
48,11,1,2,1,5.32827380952381,84.92380952380952
48,12,2,5,2,6.475833333333333,86.06666666666666
48,13,5,7,6,10.135813492063493,86.80357142857143
48,14,1,10,2,5.7392658730158725,85.74642857142857
48,15,4,8,9,9.827936507936508,86.56428571428572
48,16,1,5,1,5.382896825396825,85.20952380952382
48,17,1,5,1,5.382896825396825,85.20952380952382
48,18,1,7,1,5.404365079365079,85.45833333333333
48,19,4,7,7,9.358968253968253,86.53928571428571
48,20,1,7,1,5.404365079365079,85.45833333333333
48,21,3,7,4,7.903650793650794,86.36666666666666
48,22,3,5,1,7.503154761904762,86.3202380952381
48,23,1,10,3,5.926507936507937,85.93095238095238
48,24,3,7,4,7.903650793650794,86.36666666666666
48,25,2,7,4,7.282896825396826,86.27857142857142
48,26,3,9,6,8.295019841269841,86.38928571428572
48,27,2,5,2,6.475833333333333,86.06666666666666
48,28,3,5,1,7.503154761904762,86.3202380952381
48,29,2,10,1,6.58547619047619,86.17738095238096
48,30,4,9,8,9.932857142857143,86.65357142857142
48,31,1,10,2,5.7392658730158725,85.74642857142857
48,32,3,7,9,8.324246031746032,86.40119047619048
48,33,4,9,8,9.932857142857143,86.65357142857142
48,34,3,9,7,8.47154761904762,86.50952380952381
48,35,5,7,6,10.135813492063493,86.80357142857143
48,36,3,7,9,8.324246031746032,86.40119047619048
48,37,4,8,9,9.827936507936508,86.56428571428572
48,38,4,8,6,9.928611111111111,86.63333333333333
48,39,4,8,6,9.928611111111111,86.63333333333333
48,40,1,8,1,5.445555555555556,85.70952380952382
48,41,3,9,6,8.295019841269841,86.38928571428572
48,42,4,7,7,9.358968253968253,86.53928571428571
48,43,1,7,1,5.404365079365079,85.45833333333333
48,44,1,5,1,5.382896825396825,85.20952380952382
48,45,1,8,1,5.445555555555556,85.70952380952382
48,46,1,8,1,5.445555555555556,85.70952380952382
48,47,3,7,4,7.903650793650794,86.36666666666666
48,48,4,8,9,9.827936507936508,86.56428571428572
48,49,1,2,1,5.32827380952381,84.92380952380952
49,0,5,8,6,10.538373015873017,86.8047619047619
49,1,1,1,1,5.128293650793651,84.11785714285715
49,2,1,1,1,5.128293650793651,84.11785714285715
49,3,5,8,6,10.538373015873017,86.8047619047619
49,4,1,2,1,5.32827380952381,84.92380952380952
49,5,3,9,7,8.47154761904762,86.50952380952381
49,6,4,7,7,9.358968253968253,86.53928571428571
49,7,1,10,3,5.926507936507937,85.93095238095238
49,8,2,10,1,6.58547619047619,86.17738095238096
49,9,1,8,1,5.445555555555556,85.70952380952382
49,10,2,7,4,7.282896825396826,86.27857142857142
49,11,1,2,1,5.32827380952381,84.92380952380952
49,12,2,5,2,6.475833333333333,86.06666666666666
49,13,4,10,7,9.720873015873016,86.6
49,14,5,7,6,10.135813492063493,86.80357142857143
49,15,1,10,2,5.7392658730158725,85.74642857142857
49,16,1,5,1,5.382896825396825,85.20952380952382
49,17,1,5,1,5.382896825396825,85.20952380952382
49,18,1,7,1,5.404365079365079,85.45833333333333
49,19,1,7,1,5.404365079365079,85.45833333333333
49,20,3,7,4,7.903650793650794,86.36666666666666
49,21,3,5,1,7.503154761904762,86.3202380952381
49,22,1,10,3,5.926507936507937,85.93095238095238
49,23,3,7,4,7.903650793650794,86.36666666666666
49,24,2,7,4,7.282896825396826,86.27857142857142
49,25,4,7,7,9.358968253968253,86.53928571428571
49,26,3,9,6,8.295019841269841,86.38928571428572
49,27,2,5,2,6.475833333333333,86.06666666666666
49,28,3,5,1,7.503154761904762,86.3202380952381
49,29,2,10,1,6.58547619047619,86.17738095238096
49,30,4,9,8,9.932857142857143,86.65357142857142
49,31,1,10,2,5.7392658730158725,85.74642857142857
49,32,4,8,6,9.928611111111111,86.63333333333333
49,33,3,7,9,8.324246031746032,86.40119047619048
49,34,4,9,8,9.932857142857143,86.65357142857142
49,35,3,9,7,8.47154761904762,86.50952380952381
49,36,5,7,6,10.135813492063493,86.80357142857143
49,37,3,7,9,8.324246031746032,86.40119047619048
49,38,1,8,1,5.445555555555556,85.70952380952382
49,39,3,9,6,8.295019841269841,86.38928571428572
49,40,4,8,6,9.928611111111111,86.63333333333333
49,41,1,8,1,5.445555555555556,85.70952380952382
49,42,1,1,1,5.128293650793651,84.11785714285715
49,43,5,7,6,10.135813492063493,86.80357142857143
49,44,1,7,1,5.404365079365079,85.45833333333333
49,45,1,5,1,5.382896825396825,85.20952380952382
49,46,1,5,1,5.382896825396825,85.20952380952382
49,47,4,7,7,9.358968253968253,86.53928571428571
49,48,1,8,1,5.445555555555556,85.70952380952382
49,49,3,7,4,7.903650793650794,86.36666666666666
