post_loading_buffer_capacity,post_conveyor_buffer_capacity,post_washing_buffer_capacity,pre_press1_buffer_capacity,pre_press2_buffer_capacity,post_press12_buffer_capacity,wip,throughput,produced_parts,total_buffer_capacity
6,1,1,1,1,7,16.224206349206348,26.458333333333332,4445,17
3,9,5,2,2,10,26.796626984126984,27.089285714285715,4551,31
10,3,4,8,4,1,34.995039682539684,27.261904761904763,4580,30
8,3,5,8,9,1,38.607142857142854,26.970238095238095,4531,34
7,6,8,8,1,5,36.211309523809526,26.88095238095238,4516,35
9,5,6,6,2,7,34.21527777777778,26.970238095238095,4531,35
7,6,4,2,6,2,31.158730158730158,27.529761904761905,4625,27
7,2,5,7,1,4,27.778769841269842,27.160714285714285,4563,26
6,6,8,7,3,6,35.666666666666664,27.38095238095238,4600,36
2,5,5,8,10,5,35.95039682539682,27.339285714285715,4593,35
8,1,5,10,6,10,36.29761904761905,27.452380952380953,4612,40
2,10,4,4,5,1,30.665674603174605,27.43452380952381,4609,26
8,2,4,5,8,7,33.05654761904762,27.648809523809526,4645,34
4,4,6,8,10,6,38.04563492063492,27.345238095238095,4594,38
5,8,9,4,7,6,38.476190476190474,27.202380952380953,4570,39
3,7,2,2,1,4,21.049603174603174,27.023809523809526,4540,19
10,2,8,3,1,6,29.450396825396826,27.095238095238095,4552,30
1,4,3,3,10,9,27.365079365079364,27.327380952380953,4591,30
8,4,3,9,8,6,38.2281746031746,27.529761904761905,4625,38
4,5,9,3,8,8,35.05952380952381,27.607142857142858,4638,37
3,8,1,4,1,2,23.12202380952381,26.988095238095237,4534,19
7,2,2,2,8,6,27.4265873015873,27.11904761904762,4556,27
4,3,4,9,10,10,36.160714285714285,27.642857142857142,4644,40
7,5,7,3,1,8,29.226190476190474,26.779761904761905,4499,31
3,7,4,10,1,5,31.015873015873016,27.06547619047619,4547,30
7,9,4,8,1,7,35.35813492063492,27.19047619047619,4568,36
7,2,3,9,10,2,36.92162698412698,27.25595238095238,4579,33
3,2,10,3,5,7,29.00595238095238,27.30952380952381,4588,30
1,5,3,9,10,8,34.220238095238095,27.0,4536,36
1,5,2,7,7,6,28.131944444444443,27.386904761904763,4601,28
6,4,6,8,7,7,37.04761904761905,27.44047619047619,4610,38
5,5,2,4,9,4,30.898809523809526,27.410714285714285,4605,29
10,7,6,5,1,3,35.00595238095238,26.958333333333332,4529,32
5,9,6,3,9,2,38.004960317460316,27.11904761904762,4556,34
4,1,2,6,8,10,27.235119047619047,27.428571428571427,4608,31
2,6,3,6,4,1,26.881944444444443,27.476190476190474,4616,22
4,7,2,7,7,7,32.9156746031746,27.517857142857142,4623,34
3,10,10,8,5,1,42.02281746031746,27.458333333333332,4613,37
9,8,1,1,1,4,26.143849206349206,26.363095238095237,4429,24
10,9,10,1,2,1,37.9375,27.13095238095238,4558,33
1,3,2,7,6,3,25.324404761904763,27.172619047619047,4565,22
3,9,9,2,9,3,38.276785714285715,27.30952380952381,4588,35
10,6,6,8,1,1,36.901785714285715,27.297619047619047,4586,32
2,1,8,3,1,4,21.15972222222222,26.970238095238095,4531,19
7,6,4,2,6,1,31.078373015873016,27.38095238095238,4600,26
1,1,2,7,5,3,22.243055555555557,27.38095238095238,4600,19
8,1,7,9,1,3,32.19940476190476,26.845238095238095,4510,29
4,4,8,3,3,7,28.214285714285715,27.36904761904762,4598,29
7,2,3,7,1,6,26.293650793650794,26.988095238095237,4534,26
4,9,9,4,5,1,37.01884920634921,27.464285714285715,4614,32
6,4,5,8,6,7,35.467261904761905,27.261904761904763,4580,36
4,3,4,9,10,10,35.95238095238095,27.297619047619047,4586,40
3,5,4,6,1,4,24.916666666666668,27.125,4557,23
9,5,1,6,4,1,31.178571428571427,27.142857142857142,4560,26
1,4,3,2,9,9,25.253968253968253,27.44047619047619,4610,28
4,7,2,7,9,7,35.14384920634921,27.511904761904763,4622,36
3,7,9,2,9,3,36.35813492063492,26.970238095238095,4531,33
8,4,3,9,8,6,38.26587301587302,27.303571428571427,4587,38
8,2,4,5,8,7,33.30654761904762,27.339285714285715,4593,34
7,2,6,3,1,6,25.174603174603174,26.797619047619047,4502,25
3,8,1,6,1,4,25.44047619047619,26.75595238095238,4495,23
2,1,1,1,3,7,14.264880952380953,26.988095238095237,4534,15
3,7,8,4,7,6,35.426587301587304,27.25,4578,35
1,5,1,7,7,7,27.509920634920636,27.672619047619047,4649,28
4,1,2,2,7,3,21.993055555555557,27.327380952380953,4591,19
7,2,3,10,6,10,34.09325396825397,27.523809523809526,4624,38
2,4,3,3,7,6,25.08531746031746,27.297619047619047,4586,25
6,6,8,7,6,6,39.173611111111114,27.25,4578,39
2,4,4,4,4,1,23.85515873015873,27.386904761904763,4601,19
4,1,1,1,9,2,22.023809523809526,26.857142857142858,4512,18
4,7,10,8,6,5,40.20734126984127,27.19047619047619,4568,40
6,4,7,3,1,7,27.246031746031747,26.821428571428573,4506,28
9,6,6,9,1,7,37.157738095238095,26.99404761904762,4535,38
1,8,2,1,1,4,19.328373015873016,26.351190476190474,4427,17
7,2,2,2,8,6,27.200396825396826,27.470238095238095,4615,27
1,3,2,3,7,9,22.160714285714285,27.285714285714285,4584,25
7,2,4,7,1,4,27.240079365079364,26.958333333333332,4529,25
9,3,7,3,1,8,29.060515873015873,27.029761904761905,4541,31
8,1,2,1,8,9,26.154761904761905,26.541666666666668,4459,29
7,1,3,8,5,10,30.014880952380953,27.172619047619047,4565,34
6,2,9,3,1,7,26.893849206349206,26.99404761904762,4535,28
5,4,6,8,9,6,37.992063492063494,27.642857142857142,4644,38
5,4,6,8,7,5,35.882936507936506,27.61904761904762,4640,35
2,7,7,7,1,7,30.086309523809526,27.178571428571427,4566,31
3,7,1,2,1,4,19.8859126984127,26.892857142857142,4518,18
7,5,4,1,5,2,28.25793650793651,27.023809523809526,4540,24
7,2,2,2,8,1,27.12797619047619,27.511904761904763,4622,22
9,2,8,2,1,5,27.59722222222222,26.898809523809526,4519,27
1,5,3,9,9,8,33.23313492063492,27.38095238095238,4600,35
7,1,3,8,10,6,35.25694444444444,27.446428571428573,4611,35
2,6,3,6,3,1,26.014880952380953,27.613095238095237,4639,21
3,1,1,6,8,10,25.36904761904762,27.422619047619047,4607,29
6,4,6,8,6,1,36.12599206349206,27.172619047619047,4565,31
8,7,1,7,9,7,38.13095238095238,27.11904761904762,4556,39
1,7,2,1,1,4,18.19543650793651,26.535714285714285,4458,16
6,6,9,3,5,1,35.13194444444444,27.482142857142858,4617,30
2,1,1,1,3,4,14.130952380952381,27.00595238095238,4537,12
8,4,3,9,8,6,38.53769841269841,27.517857142857142,4623,38
3,4,1,6,8,9,28.33730158730159,27.345238095238095,4594,31
6,5,3,2,9,9,31.241071428571427,27.232142857142858,4575,34
4,1,2,1,7,3,21.278769841269842,26.797619047619047,4502,18
1,1,1,6,5,3,20.393849206349206,26.916666666666668,4522,17
7,2,2,2,8,4,27.228174603174605,27.38095238095238,4600,25
2,9,2,6,7,7,32.25198412698413,27.446428571428573,4611,33
4,3,1,7,8,9,29.311507936507937,27.279761904761905,4583,32
9,8,1,8,1,5,33.270833333333336,27.041666666666668,4543,32
6,1,5,1,1,7,20.25793650793651,26.577380952380953,4465,21
2,8,1,1,1,7,19.01984126984127,26.607142857142858,4470,20
2,6,3,6,3,1,26.10218253968254,27.30952380952381,4588,21
1,5,2,7,7,6,28.305555555555557,27.321428571428573,4590,28
7,1,3,1,9,6,26.849206349206348,26.80952380952381,4504,27
3,1,1,5,8,10,24.375,27.303571428571427,4587,28
1,10,4,3,5,9,29.041666666666668,27.547619047619047,4628,32
1,1,2,3,8,9,21.021825396825395,27.291666666666668,4585,24
4,1,2,2,7,3,22.291666666666668,27.36904761904762,4598,19
6,2,2,2,8,7,26.246031746031747,27.261904761904763,4580,27
3,1,3,5,8,7,26.3125,27.285714285714285,4584,27
1,5,1,7,8,7,28.52281746031746,27.74404761904762,4661,29
6,2,4,1,1,6,20.185515873015873,26.761904761904763,4496,20
2,7,1,2,1,6,19.043650793650794,26.577380952380953,4465,19
1,4,3,3,10,8,27.261904761904763,26.857142857142858,4512,29
5,1,6,7,8,6,32.895833333333336,27.202380952380953,4570,33
1,2,6,3,1,6,18.685515873015873,27.11904761904762,4556,19
9,7,1,1,1,4,25.466269841269842,26.666666666666668,4480,23
3,8,1,6,1,4,25.200396825396826,27.095238095238095,4552,23
2,7,2,2,1,5,20.05952380952381,27.11904761904762,4556,19
4,7,10,8,5,1,40.09623015873016,27.06547619047619,4547,35
4,6,4,8,9,7,36.757936507936506,27.017857142857142,4539,38
8,4,3,1,8,4,30.096230158730158,26.892857142857142,4518,28
6,2,1,3,1,5,19.209325396825395,27.19047619047619,4568,18
2,1,1,6,4,3,20.34027777777778,27.291666666666668,4585,17
3,5,1,2,1,4,18.18452380952381,27.023809523809526,4540,16
7,1,2,8,7,1,31.163690476190474,27.333333333333332,4592,26
7,1,2,2,8,6,26.3015873015873,27.136904761904763,4559,26
4,1,1,6,8,1,26.072420634920636,27.363095238095237,4597,21
3,3,1,1,6,1,20.206349206349206,26.80952380952381,4504,15
8,3,4,5,8,1,34.04761904761905,27.392857142857142,4602,29
7,2,6,2,1,6,24.071428571428573,26.666666666666668,4480,24
3,4,6,6,7,6,32.211309523809526,27.291666666666668,4585,32
2,2,4,4,4,6,22.208333333333332,27.363095238095237,4597,22
7,3,3,9,8,6,36.29662698412698,27.327380952380953,4591,36
5,8,1,8,1,4,29.411706349206348,26.80952380952381,4504,27
3,4,6,8,9,6,36.42162698412698,27.61904761904762,4640,36
2,1,2,6,1,5,18.103174603174605,27.023809523809526,4540,17
3,3,1,1,6,2,20.196428571428573,26.93452380952381,4525,16
3,8,1,1,1,1,20.1765873015873,26.803571428571427,4503,15
4,3,1,9,10,7,33.25,27.208333333333332,4571,34
7,6,4,2,6,2,30.703373015873016,27.303571428571427,4587,27
2,1,3,1,3,4,16.15674603174603,27.029761904761905,4541,14
4,10,4,3,5,9,32.02777777777778,27.113095238095237,4555,35
1,5,1,2,8,6,23.27480158730159,27.160714285714285,4563,23
2,4,1,4,2,7,19.101190476190474,27.273809523809526,4582,20
4,1,2,6,7,9,26.366071428571427,27.345238095238095,4594,29
2,7,2,8,1,4,25.857142857142858,26.821428571428573,4506,24
2,6,3,6,3,6,26.133928571428573,27.375,4599,26
7,2,3,4,6,10,27.95436507936508,27.75,4662,32
5,6,1,1,5,6,24.185515873015873,26.74404761904762,4493,24
2,1,1,6,7,10,23.410714285714285,27.464285714285715,4614,27
3,7,2,2,7,3,26.651785714285715,27.464285714285715,4614,24
7,2,1,2,8,1,26.091269841269842,27.30952380952381,4588,21
2,6,3,6,4,1,26.93154761904762,27.333333333333332,4592,22
5,4,6,8,9,2,37.59920634920635,27.178571428571427,4566,34
2,5,1,1,6,4,21.12797619047619,27.125,4557,19
1,9,4,3,4,9,27.15972222222222,27.05952380952381,4546,30
2,8,1,1,8,6,26.235119047619047,26.69047619047619,4484,26
3,1,2,1,4,2,16.98611111111111,26.845238095238095,4510,13
4,6,1,2,1,6,20.311507936507937,26.851190476190474,4511,20
2,6,2,2,4,4,22.37202380952381,27.488095238095237,4618,20
2,1,1,1,3,6,14.589285714285714,26.404761904761905,4436,14
1,7,1,3,1,4,19.379960317460316,26.970238095238095,4531,17
5,1,3,1,1,9,17.125992063492063,26.654761904761905,4478,20
3,6,1,2,1,4,19.368055555555557,26.702380952380953,4486,17
2,6,1,5,3,1,22.93154761904762,27.279761904761905,4583,18
1,5,9,4,8,8,32.98015873015873,27.416666666666668,4606,35
3,5,1,7,1,4,23.175595238095237,27.053571428571427,4545,21
8,8,4,1,7,7,33.763888888888886,27.160714285714285,4563,35
1,3,2,3,7,8,22.240079365079364,27.422619047619047,4607,24
4,3,4,2,9,10,28.21527777777778,27.43452380952381,4609,32
6,2,1,3,1,1,19.0,27.029761904761905,4541,14
8,2,4,9,8,7,37.02480158730159,27.398809523809526,4603,38
7,1,4,2,1,1,20.851190476190474,26.61904761904762,4472,16
4,1,2,2,1,3,15.938492063492063,26.666666666666668,4480,13
5,5,2,2,2,4,22.2609126984127,27.13095238095238,4558,20
2,1,1,6,3,3,19.333333333333332,27.11904761904762,4556,16
3,8,1,2,1,5,20.949404761904763,26.654761904761905,4478,20
2,1,2,3,3,6,17.25595238095238,27.25,4578,17
2,7,1,2,1,6,19.180555555555557,26.577380952380953,4465,19
1,4,3,1,1,9,15.90079365079365,26.68452380952381,4483,19
1,1,1,2,7,7,18.425595238095237,27.178571428571427,4566,19
3,7,1,2,1,4,20.296626984126984,26.94047619047619,4526,18
3,2,4,6,1,4,22.177579365079364,27.0,4536,20
1,5,1,7,8,7,28.16765873015873,27.136904761904763,4559,29
7,1,4,2,6,2,25.834325396825395,27.678571428571427,4650,22
1,6,2,2,4,4,21.1984126984127,27.297619047619047,4586,19
4,1,1,2,1,3,15.151785714285714,26.86904761904762,4514,12
6,2,2,2,1,1,19.214285714285715,27.25595238095238,4579,14
1,1,3,4,6,6,21.07638888888889,27.178571428571427,4566,21
1,4,3,1,1,9,16.10019841269841,26.523809523809526,4456,19
2,1,1,1,3,7,14.311507936507937,27.035714285714285,4542,15
4,2,9,3,1,8,25.10019841269841,27.261904761904763,4580,27
5,1,1,1,3,6,17.234126984126984,26.916666666666668,4522,17
1,1,1,3,8,9,20.237103174603174,27.392857142857142,4602,23
2,4,1,2,8,4,23.47222222222222,27.339285714285715,4593,21
2,1,2,3,7,10,21.479166666666668,27.398809523809526,4603,25
1,9,4,3,4,6,27.081349206349206,27.303571428571427,4587,27
1,1,1,5,3,3,16.995039682539684,27.541666666666668,4627,14
1,1,1,7,6,2,22.17361111111111,27.261904761904763,4580,18
2,1,1,6,1,6,17.091269841269842,26.761904761904763,4496,17
6,2,1,3,1,5,19.241071428571427,26.797619047619047,4502,18
1,1,3,1,1,8,13.136904761904763,26.422619047619047,4439,15
7,1,1,4,6,10,25.458333333333332,27.613095238095237,4639,29
4,1,3,2,1,2,16.884920634920636,26.803571428571427,4503,13
7,2,2,1,8,1,25.67063492063492,26.851190476190474,4511,21
1,9,2,3,3,9,24.256944444444443,27.49404761904762,4619,27
1,2,1,2,7,7,19.419642857142858,27.398809523809526,4603,20
8,6,4,5,8,7,37.23511904761905,27.446428571428573,4611,38
3,6,2,6,4,1,26.81845238095238,27.178571428571427,4566,22
6,1,1,2,1,5,17.30456349206349,26.845238095238095,4510,16
3,5,1,3,8,4,26.196428571428573,27.25,4578,24
6,5,1,7,7,9,32.40972222222222,27.648809523809526,4645,35
4,3,3,8,9,10,33.132936507936506,27.589285714285715,4635,37
1,5,1,5,3,1,20.95138888888889,27.458333333333332,4613,16
6,5,1,3,7,1,28.25,27.446428571428573,4611,23
2,5,2,1,2,4,17.86111111111111,26.946428571428573,4527,16
2,1,1,6,3,3,19.613095238095237,27.428571428571427,4608,16
1,1,1,8,3,6,20.452380952380953,27.56547619047619,4631,20
2,1,1,5,3,6,18.32936507936508,27.351190476190474,4595,18
2,1,2,3,3,9,17.375992063492063,27.428571428571427,4608,20
2,1,3,1,3,4,16.214285714285715,27.101190476190474,4553,14
2,5,2,6,4,1,24.674603174603174,27.279761904761905,4583,20
1,4,1,7,8,7,27.14484126984127,27.43452380952381,4609,28
2,1,1,1,4,6,15.246031746031745,26.946428571428573,4527,15
2,1,2,1,3,5,15.130952380952381,26.779761904761905,4499,14
7,6,2,2,6,2,28.98313492063492,27.107142857142858,4554,25
2,3,1,6,3,4,21.092261904761905,27.095238095238095,4552,19
6,1,3,1,1,6,17.884920634920636,26.708333333333332,4487,18
1,4,1,7,7,7,26.17361111111111,27.333333333333332,4592,27
8,1,4,5,8,7,32.179563492063494,27.303571428571427,4587,33
2,6,3,2,5,4,23.97519841269841,27.178571428571427,4566,22
4,1,4,2,9,9,26.23611111111111,27.577380952380953,4633,29
2,5,1,1,8,4,22.859126984126984,26.821428571428573,4506,21
1,5,1,8,6,6,27.471230158730158,27.88095238095238,4684,27
1,1,1,9,3,3,20.987103174603174,27.488095238095237,4618,18
2,5,1,8,3,4,25.33730158730159,26.970238095238095,4531,23
2,1,3,4,5,9,21.202380952380953,27.19047619047619,4568,24
2,6,3,1,4,4,22.325396825396826,27.035714285714285,4542,20
1,1,2,1,1,8,12.128968253968255,26.517857142857142,4455,14
1,9,1,5,3,9,25.546626984126984,27.154761904761905,4562,28
2,1,2,1,7,5,19.038690476190474,26.988095238095237,4534,18
6,5,1,8,3,9,29.32936507936508,27.071428571428573,4548,32
1,4,2,1,2,9,16.060515873015873,26.613095238095237,4471,19
8,1,4,5,8,7,32.14186507936508,27.31547619047619,4589,33
4,1,2,1,1,3,15.264880952380953,26.422619047619047,4439,12
7,2,1,4,3,4,23.35515873015873,27.38095238095238,4600,21
2,6,3,6,3,9,26.14781746031746,27.220238095238095,4573,29
2,1,1,1,6,3,17.38293650793651,27.154761904761905,4562,14
2,5,2,1,2,4,17.9890873015873,26.863095238095237,4513,16
4,1,4,5,8,8,27.82638888888889,27.113095238095237,4555,30
2,1,2,2,4,7,17.293650793650794,27.55952380952381,4630,18
6,1,3,7,6,9,29.081349206349206,27.30952380952381,4588,32
2,1,2,1,3,5,15.295634920634921,26.785714285714285,4500,14
2,6,2,3,3,9,22.17063492063492,27.273809523809526,4582,25
1,1,1,8,1,6,18.189484126984127,26.773809523809526,4498,18
1,5,1,1,8,7,22.39484126984127,27.053571428571427,4545,23
2,1,2,3,3,5,17.089285714285715,27.36904761904762,4598,16
6,1,1,3,7,10,24.118055555555557,27.30952380952381,4588,28
1,1,1,5,3,7,17.341269841269842,27.357142857142858,4596,18
1,1,1,1,6,7,16.1875,26.732142857142858,4491,17
7,1,1,4,3,9,22.37797619047619,27.297619047619047,4586,25
2,1,1,2,3,4,15.221230158730158,27.226190476190474,4574,13
2,2,1,2,6,7,19.19543650793651,27.148809523809526,4561,20
1,7,1,4,3,1,22.040674603174605,27.50595238095238,4621,17
1,1,1,2,3,7,14.016865079365079,27.142857142857142,4560,15
2,1,1,1,7,7,18.14781746031746,26.589285714285715,4467,19
2,1,3,3,3,6,18.27281746031746,26.958333333333332,4529,18
1,5,1,7,8,7,28.525793650793652,27.577380952380953,4633,29
2,1,1,1,4,6,15.185515873015873,26.99404761904762,4535,15
2,1,3,6,5,9,23.221230158730158,27.375,4599,26
2,1,1,6,7,2,23.379960317460316,27.38095238095238,4600,19
1,1,3,1,3,7,15.553571428571429,26.81547619047619,4505,16
7,1,4,2,9,9,29.033730158730158,27.226190476190474,4574,32
1,7,1,1,3,5,19.32638888888889,26.964285714285715,4530,18
2,5,1,5,3,6,22.52480158730159,27.166666666666668,4564,22
1,1,1,3,9,9,21.113095238095237,27.339285714285715,4593,24
7,1,4,2,6,2,26.078373015873016,27.113095238095237,4555,22
1,1,3,1,4,8,16.128968253968253,26.791666666666668,4501,18
2,1,1,7,3,6,20.345238095238095,27.285714285714285,4584,20
2,1,1,5,3,2,18.392857142857142,27.113095238095237,4555,14
1,1,2,4,6,10,20.48015873015873,27.279761904761905,4583,24
2,6,3,6,1,1,24.220238095238095,26.833333333333332,4508,19
2,9,3,1,3,9,24.175595238095237,26.94047619047619,4526,27
1,4,3,1,3,9,18.077380952380953,27.125,4557,21
8,2,4,5,8,6,33.1875,27.327380952380953,4591,33
1,1,1,1,4,6,14.281746031746032,26.803571428571427,4503,14
2,1,2,1,3,5,14.993055555555555,26.892857142857142,4518,14
1,1,1,1,3,7,13.321428571428571,27.017857142857142,4539,14
1,1,1,2,4,6,15.158730158730158,27.261904761904763,4580,15
1,10,4,3,6,9,30.24702380952381,27.285714285714285,4584,33
2,1,1,1,6,4,17.124007936507937,26.988095238095237,4534,15
1,5,1,8,3,7,24.2390873015873,27.25595238095238,4579,25
2,1,3,1,3,4,16.021825396825395,26.636904761904763,4475,14
2,1,1,5,3,6,18.07043650793651,27.398809523809526,4603,18
4,1,4,2,6,9,22.854166666666668,27.446428571428573,4611,26
2,1,2,3,3,9,17.23015873015873,27.023809523809526,4540,20
2,1,3,1,3,6,16.109126984126984,26.988095238095237,4534,16
2,1,2,2,3,5,16.375,27.297619047619047,4586,15
2,1,1,1,3,7,13.959325396825397,26.738095238095237,4492,15
1,5,1,7,6,6,25.700396825396826,27.273809523809526,4582,26
2,1,1,2,3,7,14.91765873015873,27.321428571428573,4590,16
1,1,3,1,3,4,14.685515873015873,26.571428571428573,4464,13
1,1,3,1,2,8,14.333333333333334,26.88095238095238,4516,16
2,1,1,3,3,9,16.15674603174603,27.357142857142858,4596,19
1,10,4,1,5,9,27.13888888888889,27.11904761904762,4556,30
1,5,1,2,6,2,21.331349206349206,27.333333333333332,4592,17
1,1,2,2,3,6,14.79265873015873,27.398809523809526,4603,15
1,1,3,1,1,9,12.989087301587302,26.446428571428573,4443,16
2,1,1,5,3,7,18.449404761904763,27.226190476190474,4574,19
6,5,1,7,7,9,32.24900793650794,27.238095238095237,4576,35
1,1,2,1,1,8,12.08829365079365,26.845238095238095,4510,14
2,1,2,3,3,5,16.952380952380953,27.398809523809526,4603,16
1,1,1,1,3,7,12.91170634920635,26.785714285714285,4500,14
7,2,4,4,5,10,27.89484126984127,27.511904761904763,4622,32
2,1,1,1,3,3,14.350198412698413,26.910714285714285,4521,11
1,5,1,6,6,1,25.205357142857142,27.24404761904762,4577,20
2,1,1,2,3,4,15.35218253968254,27.267857142857142,4581,13
2,1,1,2,4,7,16.459325396825395,27.351190476190474,4595,17
6,1,1,4,5,10,23.096230158730158,27.410714285714285,4605,27
6,5,1,7,9,9,34.163690476190474,27.279761904761905,4583,37
7,1,1,4,6,5,25.3125,27.398809523809526,4603,24
2,1,1,1,2,4,13.295634920634921,27.047619047619047,4544,11
4,1,3,1,9,9,24.278769841269842,27.136904761904763,4559,27
2,1,1,1,3,7,14.249007936507937,26.660714285714285,4479,15
2,1,1,1,8,3,19.30456349206349,26.898809523809526,4519,16
7,1,4,5,8,4,31.29861111111111,27.547619047619047,4628,29
2,1,1,5,3,7,18.330357142857142,27.357142857142858,4596,19
1,9,2,3,1,9,22.02777777777778,27.148809523809526,4561,25
2,1,2,5,3,6,19.325396825396826,27.333333333333332,4592,19
1,1,2,3,1,8,14.370039682539682,27.041666666666668,4543,16
7,1,4,8,6,6,32.104166666666664,27.529761904761905,4625,32
2,1,1,2,3,7,15.140873015873016,27.05952380952381,4546,16
2,1,2,6,3,5,20.10515873015873,27.148809523809526,4561,19
1,1,1,1,3,3,13.464285714285714,27.202380952380953,4570,10
2,6,3,6,7,1,29.625992063492063,27.273809523809526,4582,25
1,1,1,1,3,7,13.128968253968255,26.982142857142858,4533,14
2,1,1,2,7,9,18.8859126984127,27.226190476190474,4574,22
2,1,1,8,2,6,19.932539682539684,27.238095238095237,4576,20
1,4,1,2,6,7,19.919642857142858,27.273809523809526,4582,21
4,1,4,2,9,9,26.21031746031746,27.386904761904763,4601,29
1,1,1,4,1,1,14.295634920634921,27.077380952380953,4549,9
7,2,4,2,6,2,27.249007936507937,27.095238095238095,4552,23
7,1,1,4,6,10,25.154761904761905,27.095238095238095,4552,29
1,1,1,2,3,7,14.276785714285714,27.398809523809526,4603,15
2,9,2,2,4,4,25.30456349206349,27.18452380952381,4567,23
1,1,2,2,1,8,13.45734126984127,26.726190476190474,4490,15
2,1,1,5,3,6,17.53075396825397,27.541666666666668,4627,18
2,5,3,3,3,6,22.192460317460316,27.55952380952381,4630,22
1,1,3,1,1,8,12.882936507936508,26.333333333333332,4424,15
2,1,2,2,3,5,16.28769841269841,27.125,4557,15
1,1,1,5,3,6,17.21527777777778,27.196428571428573,4569,17
1,1,1,4,3,1,15.964285714285714,27.071428571428573,4548,11
4,1,4,2,9,9,25.813492063492063,27.172619047619047,4565,29
1,1,1,1,2,7,12.29265873015873,26.857142857142858,4512,13
2,1,1,2,7,7,19.27777777777778,27.339285714285715,4593,20
7,1,2,7,6,9,29.001984126984127,27.38095238095238,4600,32
2,1,1,1,6,3,17.08234126984127,26.94047619047619,4526,14
7,1,1,4,6,10,25.495039682539684,27.172619047619047,4565,29
1,5,1,8,3,7,23.803571428571427,27.208333333333332,4571,25
2,1,1,1,3,7,14.29265873015873,26.696428571428573,4485,15
6,5,1,7,3,7,27.782738095238095,27.267857142857142,4581,29
1,1,1,1,3,4,13.359126984126984,26.875,4515,11
2,1,1,8,3,6,21.375992063492063,27.339285714285715,4593,21
2,1,2,1,3,4,15.1875,26.75,4494,13
1,7,3,1,4,9,22.264880952380953,26.976190476190474,4532,25
7,1,3,4,6,9,27.38293650793651,27.11904761904762,4556,30
1,1,2,1,3,7,14.301587301587302,26.773809523809526,4498,15
1,1,2,1,1,8,12.175595238095237,25.845238095238095,4342,14
1,6,2,4,3,9,22.0734126984127,27.31547619047619,4589,25
2,1,2,1,4,7,16.302579365079364,26.613095238095237,4471,17
1,1,1,8,3,6,20.44543650793651,27.017857142857142,4539,20
2,1,1,5,3,1,18.098214285714285,27.708333333333332,4655,13
1,1,2,1,1,8,12.033730158730158,26.714285714285715,4488,14
2,6,1,2,4,6,21.1984126984127,27.43452380952381,4609,21
2,5,1,7,8,7,29.2390873015873,27.529761904761905,4625,30
7,7,3,4,6,10,32.817460317460316,27.398809523809526,4603,37
1,1,1,1,3,7,13.538690476190476,26.988095238095237,4534,14
1,1,1,9,3,3,21.074404761904763,27.178571428571427,4566,18
1,4,1,8,3,6,23.10019841269841,27.601190476190474,4637,23
1,5,2,1,1,8,15.909722222222221,26.81547619047619,4505,18
1,5,1,7,3,6,23.134920634920636,27.333333333333332,4592,23
1,1,1,1,3,7,13.334325396825397,26.875,4515,14
2,2,1,1,3,6,15.212301587301587,27.416666666666668,4606,15
1,1,1,8,3,4,20.463293650793652,27.267857142857142,4581,18
1,1,1,1,3,3,13.214285714285714,26.714285714285715,4488,10
1,1,1,8,3,6,20.249007936507937,27.220238095238095,4573,20
2,1,1,2,3,5,15.302579365079366,27.19047619047619,4568,14
1,4,1,7,3,7,22.092261904761905,27.05952380952381,4546,23
1,1,2,1,1,8,12.195436507936508,26.696428571428573,4485,14
2,1,1,2,3,7,15.16468253968254,27.321428571428573,4590,16
6,2,1,7,7,7,29.31845238095238,27.136904761904763,4559,30
1,1,3,4,3,10,18.124007936507937,27.63095238095238,4642,22
2,6,1,2,4,6,21.32638888888889,27.470238095238095,4615,21
1,6,2,6,3,1,24.06845238095238,27.43452380952381,4609,19
3,1,2,2,9,9,23.240079365079364,27.035714285714285,4542,26
2,1,2,6,3,3,20.03174603174603,27.208333333333332,4571,17
1,1,1,4,3,6,16.45138888888889,27.357142857142858,4596,16
1,1,1,1,3,3,13.131944444444445,26.571428571428573,4464,10
1,1,1,1,3,4,13.41468253968254,26.982142857142858,4533,11
2,1,1,2,2,4,14.52281746031746,27.083333333333332,4550,12
1,1,2,1,1,7,12.179563492063492,26.351190476190474,4427,13
7,2,4,2,3,2,24.1140873015873,27.06547619047619,4547,20
1,1,2,5,1,1,16.014880952380953,27.113095238095237,4555,11
2,1,2,2,3,6,16.080357142857142,27.148809523809526,4561,16
1,5,1,8,6,6,27.268849206349206,27.49404761904762,4619,27
1,1,2,3,3,9,15.94047619047619,27.220238095238095,4573,19
2,5,1,3,3,5,20.23611111111111,27.06547619047619,4547,19
2,5,2,1,3,8,19.091269841269842,27.238095238095237,4576,21
1,1,1,8,3,6,20.211309523809526,27.172619047619047,4565,20
2,5,3,3,2,6,21.02480158730159,27.226190476190474,4574,21
1,4,1,2,3,7,17.308531746031747,27.107142857142858,4554,18
1,1,1,5,3,7,17.120039682539684,27.416666666666668,4606,18
2,1,1,5,8,6,23.360119047619047,26.99404761904762,4535,23
1,1,1,5,3,1,17.07936507936508,27.375,4599,12
2,5,1,1,3,9,18.214285714285715,26.80952380952381,4504,21
7,1,1,1,6,4,22.243055555555557,26.666666666666668,4480,20
1,1,1,1,3,7,13.331349206349206,26.595238095238095,4468,14
1,1,2,1,1,8,12.284722222222221,26.458333333333332,4445,14
1,1,4,1,1,9,13.33829365079365,26.511904761904763,4454,17
2,1,1,3,3,9,16.38095238095238,27.077380952380953,4549,19
1,1,1,1,1,2,11.507936507936508,26.30952380952381,4420,7
2,1,3,1,1,8,14.283730158730158,26.779761904761905,4499,16
1,1,2,1,1,8,12.193452380952381,26.511904761904763,4454,14
2,2,1,1,3,7,15.383928571428571,26.81547619047619,4505,16
7,2,3,4,6,10,28.116071428571427,27.297619047619047,4586,32
2,1,1,1,6,6,17.290674603174605,27.017857142857142,4539,17
1,1,3,1,1,9,13.302579365079366,26.553571428571427,4461,16
1,1,1,5,3,1,17.11111111111111,27.029761904761905,4541,12
1,5,1,7,8,6,28.28472222222222,27.25,4578,28
2,1,3,1,1,9,13.836309523809524,26.672619047619047,4481,17
1,1,3,1,3,7,15.329365079365079,26.702380952380953,4486,16
1,1,3,6,1,1,17.913690476190474,26.541666666666668,4459,13
2,1,1,5,3,7,18.23313492063492,27.226190476190474,4574,19
2,1,1,5,3,6,18.404761904761905,27.267857142857142,4581,18
1,1,1,1,3,8,13.527777777777779,26.761904761904763,4496,15
1,1,1,1,3,1,13.158730158730158,27.035714285714285,4542,8
1,1,1,1,3,7,13.39484126984127,26.928571428571427,4524,14
3,1,1,8,6,9,25.36706349206349,26.916666666666668,4522,28
1,1,3,4,3,9,18.046626984126984,27.333333333333332,4592,21
1,1,1,7,1,2,17.232142857142858,26.952380952380953,4528,13
2,1,1,2,3,7,15.24702380952381,27.011904761904763,4538,16
2,1,1,1,5,3,16.142857142857142,26.839285714285715,4509,13
6,5,1,1,2,4,21.491071428571427,27.101190476190474,4553,19
2,1,1,5,3,4,18.286706349206348,27.428571428571427,4608,16
1,1,1,1,1,8,11.053571428571429,26.047619047619047,4376,13
7,1,1,7,6,3,28.506944444444443,27.833333333333332,4676,25
2,1,1,1,3,7,14.282738095238095,26.738095238095237,4492,15
7,2,3,5,6,10,28.904761904761905,27.422619047619047,4607,33
2,1,1,2,3,7,15.14484126984127,27.214285714285715,4572,16
1,5,1,8,1,6,21.93452380952381,27.136904761904763,4559,22
2,1,1,1,4,4,15.186507936507937,26.708333333333332,4487,13
2,1,1,2,2,4,14.402777777777779,27.214285714285715,4572,12
2,6,3,1,3,1,21.15674603174603,26.982142857142858,4533,16
1,1,2,1,1,8,12.179563492063492,26.982142857142858,4533,14
1,4,1,1,1,2,14.16765873015873,26.279761904761905,4415,10
2,1,1,1,3,7,14.159722222222221,26.839285714285715,4509,15
1,1,3,1,1,7,13.12202380952381,26.422619047619047,4439,14
2,1,1,5,3,4,18.044642857142858,27.178571428571427,4566,16
1,1,2,1,1,8,11.909722222222221,26.589285714285715,4467,14
2,5,1,3,3,6,20.536706349206348,27.30952380952381,4588,20
2,5,3,6,3,1,24.838293650793652,27.56547619047619,4631,20
1,4,1,1,8,7,21.273809523809526,26.833333333333332,4508,22
1,1,2,2,3,7,15.33234126984127,27.220238095238095,4573,16
6,1,4,2,3,2,21.69345238095238,27.398809523809526,4603,18
2,1,1,6,7,9,23.205357142857142,27.589285714285715,4635,26
2,1,1,1,3,7,14.287698412698413,26.988095238095237,4534,15
1,1,2,8,3,6,21.278769841269842,27.089285714285715,4551,21
2,2,1,1,3,6,15.319444444444445,26.773809523809526,4498,15
2,5,1,6,3,9,23.251984126984127,27.297619047619047,4586,26
1,1,1,1,3,3,13.320436507936508,27.113095238095237,4555,10
1,1,1,2,3,3,14.077380952380953,27.05952380952381,4546,11
1,1,3,1,3,4,15.26984126984127,26.613095238095237,4471,13
1,1,3,4,3,9,18.2390873015873,27.226190476190474,4574,21
1,1,2,1,6,9,16.976190476190474,26.708333333333332,4487,20
1,1,1,2,3,7,14.478174603174603,27.13095238095238,4558,15
2,1,1,5,3,1,18.23015873015873,27.13095238095238,4558,13
1,1,2,5,1,9,16.389880952380953,27.25,4578,19
7,1,1,4,6,9,25.1984126984127,27.261904761904763,4580,28
1,1,1,7,8,6,24.0734126984127,27.476190476190474,4616,24
1,1,1,1,2,3,12.310515873015873,26.99404761904762,4535,9
1,1,1,7,8,7,24.2609126984127,27.642857142857142,4644,25
2,1,2,3,3,5,17.43452380952381,27.107142857142858,4554,16
1,4,2,1,1,8,15.294642857142858,26.613095238095237,4471,17
3,1,2,2,4,6,17.874007936507937,27.220238095238095,4573,18
1,1,2,1,1,8,12.041666666666666,26.19047619047619,4400,14
1,1,1,5,2,4,16.178571428571427,27.464285714285715,4614,14
1,2,1,8,3,6,21.324404761904763,27.333333333333332,4592,21
1,1,2,1,3,7,13.893849206349206,26.767857142857142,4497,15
1,1,1,7,3,1,19.067460317460316,27.446428571428573,4611,14
1,1,2,1,1,2,11.807539682539682,26.285714285714285,4416,8
1,1,2,2,3,3,15.467261904761905,27.136904761904763,4559,12
1,1,1,7,6,7,22.386904761904763,27.613095238095237,4639,23
2,1,1,2,3,7,15.336309523809524,27.107142857142858,4554,16
1,1,3,7,8,7,26.14781746031746,26.81547619047619,4505,27
2,1,1,1,1,6,12.169642857142858,26.642857142857142,4476,12
1,1,2,1,1,8,12.253968253968255,26.571428571428573,4464,14
1,1,1,7,2,7,18.160714285714285,26.916666666666668,4522,19
7,1,1,2,3,6,20.136904761904763,27.19047619047619,4568,20
2,1,2,1,1,8,12.958333333333334,26.303571428571427,4419,15
2,5,1,2,3,4,19.177579365079364,27.470238095238095,4615,17
6,1,1,7,6,3,26.993055555555557,27.517857142857142,4623,24
1,1,3,1,1,2,12.921626984126984,26.714285714285715,4488,9
2,1,1,5,3,4,18.375,27.50595238095238,4621,16
2,1,1,8,6,1,24.229166666666668,27.166666666666668,4564,19
1,1,2,1,1,7,12.324404761904763,26.452380952380953,4444,13
2,1,1,4,3,10,17.25595238095238,27.303571428571427,4587,21
1,1,2,1,1,8,11.796626984126984,26.910714285714285,4521,14
2,1,1,2,3,3,15.52579365079365,27.357142857142858,4596,12
7,4,3,5,6,9,31.26388888888889,27.404761904761905,4604,34
1,1,1,8,1,8,18.41765873015873,26.660714285714285,4479,20
1,5,1,5,7,7,25.299603174603174,27.553571428571427,4629,26
1,1,1,1,1,8,10.959325396825397,26.083333333333332,4382,13
5,5,1,8,6,3,31.313492063492063,27.446428571428573,4611,28
1,1,1,2,3,7,14.282738095238095,27.357142857142858,4596,15
1,1,1,4,3,10,16.11111111111111,27.077380952380953,4549,20
1,2,1,1,3,8,14.329365079365079,26.863095238095237,4513,16
1,1,2,2,3,5,15.126984126984127,27.089285714285715,4551,14
1,1,2,2,3,6,15.229166666666666,27.446428571428573,4611,15
2,1,1,5,8,6,22.889880952380953,27.404761904761905,4604,23
1,1,4,2,6,2,20.22718253968254,27.327380952380953,4591,16
1,1,3,2,3,6,15.90079365079365,27.220238095238095,4573,16
1,1,1,8,2,6,19.25793650793651,27.172619047619047,4565,19
1,1,1,8,3,6,20.21527777777778,27.333333333333332,4592,20
1,1,1,1,1,8,11.068452380952381,26.43452380952381,4441,13
1,1,2,1,1,8,12.25297619047619,26.357142857142858,4428,14
1,4,1,5,3,6,20.288690476190474,27.160714285714285,4563,20
1,1,2,1,1,8,12.422619047619047,26.767857142857142,4497,14
1,1,3,1,3,3,14.646825396825397,26.74404761904762,4493,12
2,2,1,2,3,7,16.348214285714285,27.303571428571427,4587,17
2,1,1,5,3,1,18.050595238095237,27.345238095238095,4594,13
1,1,1,1,1,8,10.503968253968255,26.11904761904762,4388,13
1,1,2,2,3,6,15.049603174603174,27.166666666666668,4564,15
1,5,1,7,8,7,28.22718253968254,26.970238095238095,4531,29
1,1,1,1,2,6,12.294642857142858,26.779761904761905,4499,12
1,1,1,2,3,6,14.108134920634921,27.642857142857142,4644,14
1,5,1,5,3,7,21.419642857142858,27.5,4620,22
1,1,1,2,3,7,14.175595238095237,27.071428571428573,4548,15
1,1,2,1,1,8,11.975198412698413,26.767857142857142,4497,14
1,1,3,4,3,10,18.12202380952381,27.208333333333332,4571,22
1,1,1,2,7,3,18.278769841269842,27.25,4578,15
1,1,1,1,1,8,11.172619047619047,26.541666666666668,4459,13
1,1,1,1,6,7,16.196428571428573,26.857142857142858,4512,17
1,1,1,8,3,6,20.00595238095238,27.541666666666668,4627,20
1,1,2,2,4,8,16.52480158730159,27.482142857142858,4617,18
1,1,1,2,3,7,14.091269841269842,27.31547619047619,4589,15
1,1,1,1,1,8,11.370039682539682,26.5,4452,13
1,1,1,2,3,7,14.287698412698413,27.05952380952381,4546,15
2,1,1,4,3,8,17.629960317460316,27.404761904761905,4604,19
1,1,2,7,1,8,17.883928571428573,27.142857142857142,4560,20
1,1,1,1,1,3,11.20138888888889,26.797619047619047,4502,8
2,1,1,1,3,7,14.103174603174603,27.25,4578,15
2,1,1,2,6,3,18.346230158730158,27.113095238095237,4555,15
1,4,1,7,8,7,27.253968253968253,27.511904761904763,4622,28
2,1,1,8,3,6,21.23015873015873,27.654761904761905,4646,21
2,1,1,7,3,6,20.338293650793652,27.49404761904762,4619,20
1,5,1,8,6,6,27.27480158730159,27.583333333333332,4634,27
2,1,1,7,8,1,25.206349206349206,27.202380952380953,4570,20
1,1,1,1,3,2,13.392857142857142,26.74404761904762,4493,9
1,1,1,1,1,2,11.077380952380953,26.410714285714285,4437,7
1,1,2,1,1,8,12.249007936507937,26.50595238095238,4453,14
1,1,1,5,3,7,17.16269841269841,27.351190476190474,4595,18
2,5,1,7,3,7,24.165674603174605,27.154761904761905,4562,25
7,1,4,2,4,2,23.786706349206348,27.267857142857142,4581,20
7,2,1,7,6,3,29.40674603174603,27.642857142857142,4644,26
1,1,1,1,1,8,11.341269841269842,26.44047619047619,4442,13
1,1,3,7,1,2,19.422619047619047,27.208333333333332,4571,15
2,1,1,2,2,4,14.175595238095237,27.261904761904763,4580,12
2,1,1,1,1,7,12.374007936507937,26.648809523809526,4477,13
1,1,1,1,3,3,13.340277777777779,27.077380952380953,4549,10
1,1,1,1,1,8,11.435515873015873,26.678571428571427,4482,13
1,1,1,1,3,3,13.320436507936508,27.13095238095238,4558,10
1,1,4,1,1,9,13.494047619047619,26.56547619047619,4463,17
7,1,1,1,6,3,22.142857142857142,26.86904761904762,4514,19
2,1,1,2,2,9,14.323412698412698,27.238095238095237,4576,17
6,1,4,2,6,1,25.10218253968254,27.023809523809526,4540,20
1,5,1,8,3,6,24.22222222222222,27.392857142857142,4602,24
1,1,2,1,1,8,11.629960317460318,26.404761904761905,4436,14
1,5,1,7,7,7,27.3859126984127,27.392857142857142,4602,28
1,1,1,6,3,6,18.15277777777778,27.178571428571427,4566,18
1,1,1,5,6,1,20.22519841269841,27.404761904761905,4604,15
2,1,3,2,3,6,17.27480158730159,27.339285714285715,4593,17
1,1,1,2,3,3,14.323412698412698,27.160714285714285,4563,11
7,1,1,7,5,3,27.21031746031746,27.208333333333332,4571,24
2,1,1,1,3,3,14.12797619047619,26.863095238095237,4513,11
1,1,1,9,3,6,21.46527777777778,27.291666666666668,4585,21
7,1,1,2,5,2,22.240079365079364,27.398809523809526,4603,18
2,1,1,5,3,3,17.20734126984127,27.25595238095238,4579,15
2,1,1,2,2,4,14.14781746031746,27.011904761904763,4538,12
1,1,1,2,3,7,14.302579365079366,27.5,4620,15
1,1,1,1,1,8,11.255952380952381,26.291666666666668,4417,13
1,1,1,5,3,9,17.213293650793652,27.083333333333332,4550,20
1,2,2,4,6,10,20.979166666666668,27.446428571428573,4611,25
1,1,1,1,3,7,13.25,26.904761904761905,4520,14
1,2,1,2,1,6,13.481150793650794,26.863095238095237,4513,13
1,1,1,1,1,8,11.244047619047619,26.577380952380953,4465,13
2,2,1,7,3,6,21.250992063492063,27.113095238095237,4555,21
1,1,1,1,3,8,13.081349206349206,26.75,4494,15
1,1,1,1,3,8,13.056547619047619,26.839285714285715,4509,15
2,1,1,5,3,9,18.334325396825395,27.125,4557,21
1,1,2,2,3,6,15.360119047619047,27.238095238095237,4576,15
1,1,1,2,3,7,14.430555555555555,27.142857142857142,4560,15
1,1,1,7,8,7,24.189484126984127,27.345238095238095,4594,25
7,1,1,8,7,3,30.08531746031746,27.327380952380953,4591,27
1,1,1,1,1,8,11.601190476190476,26.75595238095238,4495,13
1,1,1,1,3,8,13.424603174603174,26.86904761904762,4514,15
1,4,3,1,8,7,23.08234126984127,27.178571428571427,4566,24
1,1,1,8,3,3,20.21527777777778,27.232142857142858,4575,17
1,1,1,7,6,7,22.203373015873016,27.333333333333332,4592,23
7,1,4,2,6,2,26.209325396825395,27.482142857142858,4617,22
2,1,1,1,1,8,12.380952380952381,26.571428571428573,4464,14
1,4,4,7,6,6,27.46825396825397,27.446428571428573,4611,28
3,1,1,1,3,1,15.117063492063492,27.011904761904763,4538,10
1,1,1,2,3,7,14.10218253968254,27.428571428571427,4608,15
7,1,1,7,7,3,29.092261904761905,27.36904761904762,4598,26
2,1,1,2,3,7,15.419642857142858,27.267857142857142,4581,16
1,5,4,8,6,6,30.338293650793652,27.214285714285715,4572,30
7,1,3,1,1,8,19.237103174603174,26.613095238095237,4471,21
1,4,1,7,8,7,27.174603174603174,27.172619047619047,4565,28
1,1,1,1,3,8,13.301587301587302,26.88095238095238,4516,15
1,1,1,1,1,8,11.156746031746032,26.708333333333332,4487,13
1,1,1,1,6,7,16.14781746031746,27.023809523809526,4540,17
1,1,1,9,1,7,19.157738095238095,26.875,4515,20
2,1,1,1,1,7,12.103174603174603,26.357142857142858,4428,13
1,1,1,1,1,5,11.090277777777779,26.74404761904762,4493,10
3,2,2,2,4,7,19.275793650793652,26.916666666666668,4522,20
1,1,2,1,3,7,14.243055555555555,26.785714285714285,4500,15
1,1,1,1,3,3,13.215277777777779,26.916666666666668,4522,10
2,1,1,7,3,6,20.1984126984127,27.166666666666668,4564,20
1,1,1,1,1,8,11.291666666666666,26.61904761904762,4472,13
1,1,1,9,1,6,19.049603174603174,26.68452380952381,4483,19
1,2,1,7,1,8,18.123015873015873,26.767857142857142,4497,20
1,5,1,1,6,6,20.34027777777778,26.583333333333332,4466,20
1,1,1,1,1,3,11.567460317460318,26.452380952380953,4444,8
1,1,1,1,3,7,12.875,26.988095238095237,4534,14
1,1,1,2,3,3,14.239087301587302,27.208333333333332,4571,11
1,1,4,1,3,9,16.27480158730159,27.13095238095238,4558,19
1,1,1,1,3,7,13.27579365079365,26.845238095238095,4510,14
1,5,1,7,8,6,27.987103174603174,27.279761904761905,4583,28
1,1,1,8,4,6,21.342261904761905,27.327380952380953,4591,21
1,1,1,1,1,5,11.121031746031745,26.363095238095237,4429,10
6,1,3,4,6,9,26.389880952380953,27.291666666666668,4585,29
7,1,4,2,6,4,26.371031746031747,27.63095238095238,4642,24
1,1,1,1,4,8,14.276785714285714,26.982142857142858,4533,16
1,1,1,1,1,8,11.319444444444445,26.291666666666668,4417,13
1,1,1,1,3,8,13.222222222222221,26.928571428571427,4524,15
1,1,1,7,6,7,22.163690476190474,27.327380952380953,4591,23
1,1,1,1,1,8,11.24702380952381,26.363095238095237,4429,13
1,5,1,1,8,7,22.265873015873016,27.06547619047619,4547,23
1,5,1,7,7,7,27.499007936507937,27.44047619047619,4610,28
1,4,1,8,7,7,27.11706349206349,27.595238095238095,4636,28
2,1,1,2,2,4,14.363095238095237,27.053571428571427,4545,12
1,1,1,1,2,7,12.249007936507937,26.94047619047619,4526,13
1,1,1,7,6,9,22.241071428571427,27.333333333333332,4592,25
1,1,1,1,1,8,11.362103174603174,26.363095238095237,4429,13
2,1,1,5,3,1,18.014880952380953,27.220238095238095,4573,13
1,1,4,1,3,3,16.017857142857142,27.113095238095237,4555,13
1,1,1,2,3,7,14.229166666666666,27.095238095238095,4552,15
1,1,1,1,1,8,11.071428571428571,26.458333333333332,4445,13
1,1,1,1,3,6,13.280753968253968,26.946428571428573,4527,13
3,1,1,4,3,6,18.383928571428573,27.267857142857142,4581,18
1,1,1,2,3,8,14.879960317460318,27.636904761904763,4643,16
1,5,1,8,7,6,28.146825396825395,27.351190476190474,4595,28
1,1,1,1,1,2,11.34920634920635,26.553571428571427,4461,7
1,1,1,1,1,8,11.162698412698413,26.386904761904763,4433,13
1,1,1,1,1,8,11.265873015873016,26.142857142857142,4392,13
1,1,1,1,3,2,13.089285714285714,27.041666666666668,4543,9
7,1,2,7,6,3,29.322420634920636,27.172619047619047,4565,26
1,5,1,7,7,7,27.669642857142858,27.172619047619047,4565,28
1,1,1,2,1,7,12.363095238095237,27.30952380952381,4588,13
2,1,1,8,3,7,21.145833333333332,27.375,4599,22
1,1,1,7,1,3,17.411706349206348,27.196428571428573,4569,14
1,1,1,7,8,7,24.373015873015873,27.386904761904763,4601,25
1,1,1,8,3,7,19.68452380952381,27.333333333333332,4592,21
1,1,1,1,1,8,11.366071428571429,26.892857142857142,4518,13
1,1,1,2,3,7,14.461309523809524,27.172619047619047,4565,15
1,1,1,1,1,6,11.25297619047619,26.636904761904763,4475,11
1,1,1,1,1,2,11.192460317460318,26.44047619047619,4442,7
1,1,1,1,3,3,13.152777777777779,26.958333333333332,4529,10
7,1,1,1,6,2,22.238095238095237,26.916666666666668,4522,18
1,1,1,2,4,6,15.158730158730158,27.458333333333332,4613,15
1,1,1,1,1,8,11.107142857142858,26.351190476190474,4427,13
1,5,1,7,7,6,27.26388888888889,27.291666666666668,4585,27
1,1,1,1,3,6,13.069444444444445,27.029761904761905,4541,13
1,1,1,1,1,8,11.23015873015873,26.261904761904763,4412,13
1,1,1,1,3,3,13.422619047619047,26.69047619047619,4484,10
1,1,1,1,1,8,11.23611111111111,26.541666666666668,4459,13
1,1,1,1,1,8,11.305555555555555,26.791666666666668,4501,13
1,1,1,1,1,7,11.350198412698413,26.595238095238095,4468,12
1,1,1,1,1,8,11.192460317460318,26.351190476190474,4427,13
1,1,1,2,1,2,11.998015873015873,27.071428571428573,4548,8
1,4,1,8,1,6,21.286706349206348,26.726190476190474,4490,21
1,1,3,4,3,9,18.02281746031746,27.482142857142858,4617,21
1,1,1,1,1,5,11.186507936507937,26.333333333333332,4424,10
1,1,1,1,1,3,11.274801587301587,26.547619047619047,4460,8
1,1,1,7,1,9,17.346230158730158,26.714285714285715,4488,20
2,5,1,8,8,7,30.415674603174605,27.285714285714285,4584,31
1,2,1,3,4,9,17.13095238095238,27.285714285714285,4584,20
1,1,1,2,1,9,12.49702380952381,26.886904761904763,4517,15
2,1,1,1,4,1,15.219246031746032,27.13095238095238,4558,10
1,1,1,2,2,6,13.28968253968254,26.976190476190474,4532,13
1,1,1,8,6,6,23.55654761904762,27.470238095238095,4615,23
1,1,3,4,3,9,17.91269841269841,27.363095238095237,4597,21
1,1,1,2,1,2,12.248015873015873,26.958333333333332,4529,8
2,1,1,2,3,7,15.323412698412698,27.273809523809526,4582,16
1,1,2,1,1,8,12.043650793650794,26.845238095238095,4510,14
1,1,1,1,3,8,13.48611111111111,26.535714285714285,4458,15
6,1,4,1,2,1,20.0515873015873,26.702380952380953,4486,15
1,1,1,1,6,4,16.5109126984127,26.875,4515,14
1,1,1,2,1,8,12.212301587301587,26.803571428571427,4503,14
1,1,1,2,3,6,14.628968253968255,27.273809523809526,4582,14
1,1,1,2,1,7,12.402777777777779,26.541666666666668,4459,13
7,1,1,7,6,4,28.383928571428573,27.49404761904762,4619,26
1,1,1,1,4,3,14.01984126984127,27.035714285714285,4542,11
7,2,3,4,6,10,28.291666666666668,27.333333333333332,4592,32
1,2,1,1,3,6,14.39781746031746,26.875,4515,14
1,1,2,1,6,8,16.898809523809526,26.666666666666668,4480,19
1,1,1,1,1,9,11.46031746031746,26.797619047619047,4502,14
2,1,1,5,3,1,18.27480158730159,27.43452380952381,4609,13
2,1,1,1,3,8,14.418650793650794,27.0,4536,16
1,1,1,1,8,7,18.16468253968254,26.976190476190474,4532,19
1,1,1,7,3,6,19.28968253968254,27.482142857142858,4617,19
1,1,2,1,1,6,12.20138888888889,26.31547619047619,4421,12
1,1,1,1,4,8,14.280753968253968,26.898809523809526,4519,16
1,1,1,6,1,8,16.234126984126984,26.851190476190474,4511,18
1,1,1,1,4,7,14.27281746031746,26.803571428571427,4503,15
1,4,1,1,1,8,13.949404761904763,26.529761904761905,4457,16
1,1,1,1,1,7,11.170634920634921,26.172619047619047,4397,12
1,1,1,1,2,7,12.266865079365079,26.922619047619047,4523,13
1,1,1,7,8,7,24.561507936507937,27.767857142857142,4665,25
1,5,1,7,8,6,28.34325396825397,27.142857142857142,4560,28
1,1,1,2,6,3,17.241071428571427,27.392857142857142,4602,14
7,1,1,7,1,9,23.35813492063492,26.988095238095237,4534,26
1,1,1,1,3,6,13.231150793650794,27.178571428571427,4566,13
1,4,1,8,6,4,26.366071428571427,27.101190476190474,4553,24
1,1,1,1,1,8,11.359126984126984,26.43452380952381,4441,13
2,1,1,8,3,6,21.185515873015873,27.24404761904762,4577,21
1,1,2,2,3,8,15.050595238095237,27.398809523809526,4603,17
1,1,4,2,6,6,20.05456349206349,27.422619047619047,4607,20
1,1,1,7,6,7,22.217261904761905,27.196428571428573,4569,23
1,1,1,1,1,2,11.229166666666666,26.452380952380953,4444,7
1,1,1,7,8,2,24.407738095238095,27.232142857142858,4575,20
1,5,1,8,7,6,28.041666666666668,27.297619047619047,4586,28
7,2,4,4,1,10,24.089285714285715,26.952380952380953,4528,28
1,1,1,7,8,8,24.143849206349206,27.416666666666668,4606,26
1,1,1,1,1,8,11.446428571428571,26.797619047619047,4502,13
1,1,1,1,1,8,11.428571428571429,26.833333333333332,4508,13
1,1,1,1,1,9,11.086309523809524,26.69047619047619,4484,14
1,1,1,2,3,7,13.969246031746032,27.303571428571427,4587,15
1,5,1,1,6,7,20.401785714285715,26.863095238095237,4513,21
1,1,1,1,1,3,11.068452380952381,26.702380952380953,4486,8
1,1,1,1,1,8,10.816468253968255,26.357142857142858,4428,13
6,2,3,4,6,10,27.5109126984127,27.279761904761905,4583,31
1,1,1,2,1,2,12.018849206349206,26.946428571428573,4527,8
1,1,1,1,3,7,13.3125,26.720238095238095,4489,14
1,1,2,2,1,8,13.418650793650794,26.845238095238095,4510,15
1,1,1,7,8,7,24.3234126984127,27.148809523809526,4561,25
1,4,1,1,3,7,16.338293650793652,26.636904761904763,4475,17
1,1,1,1,1,8,11.125992063492063,26.595238095238095,4468,13
1,1,3,1,1,8,12.806547619047619,26.43452380952381,4441,15
1,2,1,2,3,6,15.499007936507937,27.25595238095238,4579,15
1,1,1,1,1,7,11.089285714285714,26.357142857142858,4428,12
7,1,1,2,3,2,20.276785714285715,27.220238095238095,4573,16
7,1,1,7,8,3,30.038690476190474,27.226190476190474,4574,27
1,1,1,2,1,6,12.115079365079366,27.041666666666668,4543,12
1,5,1,1,1,7,15.419642857142858,26.50595238095238,4453,16
1,5,1,7,7,6,27.2609126984127,27.452380952380953,4612,27
1,1,1,1,6,8,16.356150793650794,26.970238095238095,4531,18
1,1,1,1,1,7,11.314484126984127,26.63095238095238,4474,12
1,1,1,2,1,7,11.766865079365079,27.011904761904763,4538,13
1,1,1,1,1,8,11.183531746031745,26.422619047619047,4439,13
2,1,1,9,3,6,22.324404761904763,27.273809523809526,4582,22
1,1,1,2,3,8,14.300595238095237,27.291666666666668,4585,16
1,1,1,8,1,6,18.39781746031746,27.214285714285715,4572,18
2,1,1,5,3,1,17.947420634920636,27.071428571428573,4548,13
1,1,1,1,1,8,10.892857142857142,26.029761904761905,4373,13
7,1,4,2,7,2,27.0,27.410714285714285,4605,23
1,1,3,4,3,10,18.06547619047619,27.30952380952381,4588,22
1,1,1,7,8,7,24.3640873015873,27.601190476190474,4637,25
1,1,1,1,3,7,13.413690476190476,27.339285714285715,4593,14
1,1,1,2,3,6,14.35218253968254,27.113095238095237,4555,14
1,2,1,7,9,6,26.300595238095237,27.375,4599,26
1,5,1,7,7,7,27.629960317460316,27.279761904761905,4583,28
1,1,2,2,3,6,15.020833333333334,27.398809523809526,4603,15
1,1,1,7,8,9,24.33234126984127,27.125,4557,27
1,1,1,2,3,9,14.459325396825397,27.470238095238095,4615,17
6,1,4,4,6,10,27.250992063492063,27.297619047619047,4586,31
1,1,3,1,3,9,14.918650793650794,26.732142857142858,4491,18
1,1,1,1,1,1,11.357142857142858,26.398809523809526,4435,6
2,1,1,2,1,8,12.851190476190476,26.892857142857142,4518,15
1,1,1,1,1,8,10.968253968253968,26.732142857142858,4491,13
1,1,1,1,1,8,11.268849206349206,26.285714285714285,4416,13
1,1,1,2,1,9,12.093253968253968,26.68452380952381,4483,15
1,4,1,8,6,6,25.971230158730158,27.476190476190474,4616,26
1,1,1,1,3,6,13.13888888888889,27.083333333333332,4550,13
1,1,1,1,3,7,13.357142857142858,26.678571428571427,4482,14
1,1,1,1,1,8,11.155753968253968,26.458333333333332,4445,13
2,1,1,1,1,3,12.476190476190476,26.708333333333332,4487,9
1,1,1,1,1,3,11.386904761904763,26.69047619047619,4484,8
1,1,1,1,1,7,10.928571428571429,26.464285714285715,4446,12
1,4,1,8,6,6,26.421626984126984,27.386904761904763,4601,26
1,1,1,2,3,7,14.499007936507937,27.24404761904762,4577,15
1,1,2,2,4,8,16.213293650793652,27.089285714285715,4551,18
1,1,1,2,3,7,14.153769841269842,27.023809523809526,4540,15
1,1,1,5,3,7,17.368055555555557,27.345238095238095,4594,18
1,1,1,8,1,7,18.428571428571427,27.476190476190474,4616,19
1,2,2,1,1,8,13.204365079365079,26.142857142857142,4392,15
1,1,1,7,8,6,24.205357142857142,27.214285714285715,4572,24
1,1,1,1,1,7,11.079365079365079,26.773809523809526,4498,12
1,1,1,2,3,7,14.3125,27.279761904761905,4583,15
1,1,1,4,1,8,14.253968253968255,27.18452380952381,4567,16
2,1,1,5,3,2,18.063492063492063,27.345238095238095,4594,14
1,1,1,1,4,8,14.251984126984127,27.05952380952381,4546,16
1,4,1,7,6,6,25.456349206349206,27.24404761904762,4577,25
1,1,1,1,2,3,12.05952380952381,26.666666666666668,4480,9
7,1,1,7,6,3,28.171626984126984,27.351190476190474,4595,25
1,1,1,8,3,3,20.216269841269842,27.482142857142858,4617,17
1,1,2,1,1,8,11.930555555555555,26.63095238095238,4474,14
1,2,1,2,1,7,13.383928571428571,27.023809523809526,4540,14
1,1,1,1,1,7,11.268849206349206,26.946428571428573,4527,12
1,1,1,7,8,9,24.055555555555557,27.24404761904762,4577,27
1,1,1,1,1,8,11.22420634920635,26.410714285714285,4437,13
7,1,3,1,6,2,24.279761904761905,26.892857142857142,4518,20
1,1,1,1,1,8,11.163690476190476,26.660714285714285,4479,13
1,1,1,1,3,6,13.100198412698413,27.0,4536,13
1,2,1,2,1,1,12.796626984126984,26.952380952380953,4528,8
2,1,1,1,3,8,14.363095238095237,26.958333333333332,4529,16
7,1,3,4,6,10,27.161706349206348,27.357142857142858,4596,31
1,5,1,7,6,7,26.25,27.607142857142858,4638,27
1,1,1,1,1,3,11.389880952380953,26.68452380952381,4483,8
1,1,1,1,1,2,11.360119047619047,26.458333333333332,4445,7
1,1,1,8,3,7,20.291666666666668,27.44047619047619,4610,21
7,1,4,2,6,2,25.713293650793652,27.077380952380953,4549,22
1,1,1,1,1,9,11.259920634920634,26.666666666666668,4480,14
2,1,1,2,1,6,13.280753968253968,26.714285714285715,4488,13
1,1,1,1,1,8,11.086309523809524,26.19047619047619,4400,13
7,1,1,1,6,3,22.341269841269842,26.845238095238095,4510,19
2,1,1,5,3,1,18.101190476190474,27.470238095238095,4615,13
1,1,1,1,1,4,11.012896825396826,26.845238095238095,4510,9
1,1,1,1,8,7,18.25297619047619,27.089285714285715,4551,19
2,1,3,2,5,6,19.165674603174605,27.297619047619047,4586,19
1,1,1,2,3,7,14.393849206349206,27.25,4578,15
1,1,1,1,1,8,11.196428571428571,26.30952380952381,4420,13
1,5,1,7,8,9,28.42956349206349,27.035714285714285,4542,31
1,1,1,2,3,8,14.581349206349206,27.214285714285715,4572,16
2,1,1,1,3,7,14.235119047619047,26.827380952380953,4507,15
1,5,1,1,6,6,20.129960317460316,26.93452380952381,4525,20
1,1,1,2,3,7,14.380952380952381,27.166666666666668,4564,15
1,1,1,2,1,2,12.33531746031746,26.86904761904762,4514,8
7,1,1,8,6,6,29.1875,27.24404761904762,4577,29
1,1,1,2,3,9,14.069444444444445,27.321428571428573,4590,17
1,1,1,1,3,6,13.572420634920634,26.946428571428573,4527,13
1,1,2,1,4,8,15.223214285714286,26.922619047619047,4523,17
1,1,1,1,1,7,10.840277777777779,26.44047619047619,4442,12
1,1,1,1,3,8,13.27281746031746,26.726190476190474,4490,15
1,1,1,2,3,4,14.240079365079366,27.267857142857142,4581,12
1,1,1,7,8,7,24.25793650793651,27.529761904761905,4625,25
1,1,1,7,1,8,17.038690476190474,27.0,4536,19
1,1,2,1,1,9,12.074404761904763,26.44047619047619,4442,15
1,1,2,7,1,9,18.13293650793651,26.482142857142858,4449,21
7,1,1,3,3,2,20.999007936507937,27.24404761904762,4577,17
1,1,1,2,3,8,14.27281746031746,27.25,4578,16
6,2,4,3,6,10,26.916666666666668,27.291666666666668,4585,31
1,2,1,2,3,7,15.028769841269842,27.053571428571427,4545,16
1,1,1,2,4,7,15.311507936507937,27.208333333333332,4571,16
1,1,1,1,1,6,10.98611111111111,26.196428571428573,4401,11
1,1,1,9,1,1,19.04563492063492,27.410714285714285,4605,14
1,1,1,8,1,7,18.150793650793652,26.946428571428573,4527,19
1,1,1,1,1,7,11.293650793650794,26.458333333333332,4445,12
7,2,3,4,5,9,27.040674603174605,27.113095238095237,4555,30
2,1,1,7,3,3,20.375,27.636904761904763,4643,17
1,5,1,8,6,6,27.32936507936508,27.077380952380953,4549,27
8,1,3,2,6,2,26.018849206349206,26.916666666666668,4522,22
1,1,1,1,1,8,11.290674603174603,26.589285714285715,4467,13
1,1,1,2,1,8,12.455357142857142,26.761904761904763,4496,14
1,1,1,1,1,8,11.083333333333334,26.458333333333332,4445,13
1,1,1,3,1,9,13.442460317460318,27.107142857142858,4554,16
1,1,1,2,1,6,12.185515873015873,26.696428571428573,4485,12
1,1,2,2,2,8,13.79265873015873,27.13095238095238,4558,16
1,1,1,1,1,6,11.323412698412698,26.446428571428573,4443,11
1,1,1,1,3,7,13.231150793650794,26.845238095238095,4510,14
1,1,1,1,1,8,11.096230158730158,26.38095238095238,4432,13
1,1,1,1,4,8,14.212301587301587,26.892857142857142,4518,16
1,1,2,2,3,8,15.250992063492063,27.089285714285715,4551,17
1,2,1,2,1,1,13.074404761904763,26.541666666666668,4459,8
1,1,1,5,1,6,15.077380952380953,26.75595238095238,4495,15
1,1,1,1,1,8,11.337301587301587,26.148809523809526,4393,13
1,2,1,1,3,8,14.328373015873016,26.946428571428573,4527,16
1,1,3,4,3,10,18.19345238095238,27.297619047619047,4586,22
1,4,1,7,1,7,20.26984126984127,26.970238095238095,4531,21
2,1,1,1,1,8,12.162698412698413,26.351190476190474,4427,14
1,1,1,8,3,7,20.072420634920636,27.279761904761905,4583,21
1,5,1,7,6,6,26.27281746031746,27.035714285714285,4542,26
1,1,1,2,7,8,18.21031746031746,27.273809523809526,4582,20
1,1,1,2,3,9,14.310515873015873,27.202380952380953,4570,17
1,1,1,7,1,3,17.458333333333332,27.023809523809526,4540,14
1,1,2,2,3,6,15.223214285714286,27.166666666666668,4564,15
1,5,1,8,8,7,29.341269841269842,27.333333333333332,4592,30
1,1,1,1,8,4,18.373015873015873,26.958333333333332,4529,16
2,1,2,2,1,7,14.17361111111111,26.952380952380953,4528,15
1,1,1,1,1,8,11.14781746031746,27.011904761904763,4538,13
2,1,1,8,3,2,21.44543650793651,26.982142857142858,4533,17
7,1,1,7,8,1,30.120039682539684,26.99404761904762,4535,25
1,1,1,4,3,10,16.30952380952381,27.178571428571427,4566,20
1,1,1,1,1,8,11.04861111111111,26.589285714285715,4467,13
2,1,1,5,3,1,18.223214285714285,27.482142857142858,4617,13
1,1,1,2,3,6,14.234126984126984,27.333333333333332,4592,14
1,1,2,1,4,6,14.945436507936508,26.952380952380953,4528,15
1,1,1,7,3,7,19.29861111111111,27.202380952380953,4570,20
1,1,1,1,1,6,11.46031746031746,26.875,4515,11
2,1,1,2,4,1,16.319444444444443,26.922619047619047,4523,11
1,1,1,1,1,8,11.204365079365079,26.56547619047619,4463,13
1,1,1,1,1,5,11.200396825396826,26.44047619047619,4442,10
7,2,3,4,6,10,28.050595238095237,27.422619047619047,4607,32
1,1,1,1,7,7,17.148809523809526,27.18452380952381,4567,18
1,1,1,2,3,6,14.317460317460318,27.464285714285715,4614,14
2,1,1,2,1,6,13.225198412698413,26.839285714285715,4509,13
1,1,1,8,8,6,25.200396825396826,27.095238095238095,4552,25
7,1,1,7,3,3,25.41765873015873,27.458333333333332,4613,22
1,1,2,2,4,6,16.275793650793652,27.107142857142858,4554,16
1,5,1,1,8,7,22.374007936507937,26.93452380952381,4525,23
1,1,1,1,1,4,11.238095238095237,26.5,4452,9
1,1,1,7,6,6,22.386904761904763,27.410714285714285,4605,22
1,1,1,7,1,7,17.214285714285715,27.017857142857142,4539,18
1,1,1,2,3,7,14.08531746031746,27.428571428571427,4608,15
1,1,1,1,1,8,11.432539682539682,26.196428571428573,4401,13
1,1,1,2,1,7,11.43452380952381,27.083333333333332,4550,13
1,1,4,2,6,7,19.59424603174603,27.446428571428573,4611,21
1,1,3,1,3,7,15.386904761904763,27.285714285714285,4584,16
1,1,1,2,3,8,14.465277777777779,27.071428571428573,4548,16
1,1,1,1,1,9,11.180555555555555,26.75595238095238,4495,14
1,2,1,1,1,7,12.200396825396826,26.339285714285715,4425,13
1,5,1,7,7,8,27.325396825396826,27.11904761904762,4556,29
7,1,1,2,7,3,24.20734126984127,27.31547619047619,4589,21
1,1,1,1,3,7,12.928571428571429,27.333333333333332,4592,14
1,1,1,2,1,8,11.302579365079366,26.541666666666668,4459,14
1,1,3,4,3,10,18.375992063492063,27.613095238095237,4639,22
1,1,1,1,1,8,11.095238095238095,26.589285714285715,4467,13
1,1,1,7,6,7,22.234126984126984,27.482142857142858,4617,23
7,1,1,7,3,4,25.229166666666668,27.476190476190474,4616,23
1,1,1,8,3,6,20.24404761904762,27.297619047619047,4586,20
1,1,1,1,1,3,11.35515873015873,26.529761904761905,4457,8
1,1,1,1,3,3,13.095238095238095,26.595238095238095,4468,10
1,1,1,2,3,8,14.442460317460318,27.541666666666668,4627,16
1,1,1,1,3,4,13.473214285714286,26.839285714285715,4509,11
1,1,1,2,3,7,14.198412698412698,27.13095238095238,4558,15
1,1,1,7,8,7,24.3234126984127,27.404761904761905,4604,25
1,1,1,1,1,9,11.1875,26.61904761904762,4472,14
1,5,1,8,6,6,27.25595238095238,27.06547619047619,4547,27
1,1,1,1,1,8,11.49702380952381,26.523809523809526,4456,13
1,1,1,1,1,8,11.218253968253968,26.55952380952381,4462,13
1,1,1,1,1,8,11.293650793650794,26.285714285714285,4416,13
7,1,4,1,2,2,21.447420634920636,27.107142857142858,4554,17
2,1,1,8,1,8,18.60218253968254,26.785714285714285,4500,21
1,4,1,1,8,6,21.166666666666668,26.785714285714285,4500,21
1,1,1,7,9,7,25.20138888888889,27.13095238095238,4558,26
1,1,1,1,1,8,11.108134920634921,26.422619047619047,4439,13
1,1,1,2,3,7,14.198412698412698,27.398809523809526,4603,15
1,1,1,1,3,3,13.04265873015873,26.74404761904762,4493,10
2,1,2,2,4,8,17.216269841269842,27.404761904761905,4604,19
1,1,1,1,3,8,13.24702380952381,26.678571428571427,4482,15
1,1,1,1,1,3,11.382936507936508,26.273809523809526,4414,8
1,1,1,1,1,8,10.983134920634921,26.589285714285715,4467,13
1,5,1,8,8,6,29.415674603174605,27.5,4620,29
2,2,3,4,6,8,23.032738095238095,27.196428571428573,4569,25
2,1,1,1,3,6,14.214285714285714,26.910714285714285,4521,14
2,1,1,5,3,1,18.137896825396826,27.232142857142858,4575,13
1,1,1,1,1,3,11.198412698412698,26.583333333333332,4466,8
1,1,1,1,1,6,11.444444444444445,26.339285714285715,4425,11
1,1,1,1,1,8,11.367063492063492,26.44047619047619,4442,13
1,1,1,2,1,7,12.12202380952381,26.88095238095238,4516,13
1,5,1,2,3,7,18.481150793650794,27.327380952380953,4591,19
1,1,1,2,3,6,14.393849206349206,27.285714285714285,4584,14
7,1,1,7,6,3,28.243055555555557,27.458333333333332,4613,25
1,1,1,1,1,8,11.395833333333334,26.43452380952381,4441,13
1,1,3,4,3,10,18.17063492063492,27.339285714285715,4593,22
1,1,1,2,3,8,14.32638888888889,26.952380952380953,4528,16
1,1,1,2,6,9,17.04265873015873,27.291666666666668,4585,20
1,1,1,1,3,6,13.37797619047619,26.94047619047619,4526,13
1,1,1,7,3,3,19.211309523809526,27.476190476190474,4616,16
7,2,3,4,5,10,26.95138888888889,27.726190476190474,4658,31
1,1,1,1,1,7,11.494047619047619,26.61904761904762,4472,12
1,1,1,2,1,7,12.14781746031746,27.166666666666668,4564,13
2,1,1,5,3,1,18.321428571428573,27.18452380952381,4567,13
1,1,1,7,3,4,19.401785714285715,27.196428571428573,4569,17
2,1,1,1,3,2,14.305555555555555,26.678571428571427,4482,10
1,1,1,1,1,7,11.219246031746032,26.601190476190474,4469,12
2,1,1,5,8,1,22.846230158730158,27.19047619047619,4568,18
1,2,2,2,1,9,14.29861111111111,26.976190476190474,4532,17
7,1,1,7,6,7,28.07936507936508,27.392857142857142,4602,29
2,2,1,7,8,7,26.54265873015873,27.523809523809526,4624,27
1,1,4,1,5,1,17.913690476190474,26.875,4515,13
1,1,3,4,1,7,16.038690476190474,26.988095238095237,4534,17
1,1,1,1,1,4,11.060515873015873,26.297619047619047,4418,9
1,1,1,2,1,9,12.363095238095237,26.56547619047619,4463,15
1,1,1,1,1,8,11.368055555555555,26.916666666666668,4522,13
1,1,1,2,1,7,12.313492063492063,27.017857142857142,4539,13
2,1,1,1,1,9,12.33829365079365,26.386904761904763,4433,15
1,1,1,1,3,6,13.345238095238095,26.571428571428573,4464,13
1,1,1,1,3,6,13.195436507936508,26.56547619047619,4463,13
1,1,1,8,1,7,18.305555555555557,27.11904761904762,4556,19
1,1,2,2,4,8,16.213293650793652,27.035714285714285,4542,18
1,1,1,1,1,8,11.228174603174603,26.333333333333332,4424,13
1,1,1,1,1,3,11.206349206349206,26.589285714285715,4467,8
1,1,1,1,1,8,11.219246031746032,26.36904761904762,4430,13
1,1,1,1,5,1,15.116071428571429,26.720238095238095,4489,10
1,1,1,7,8,7,23.626984126984127,27.452380952380953,4612,25
1,1,1,1,3,8,13.175595238095237,26.99404761904762,4535,15
1,1,1,7,1,8,17.270833333333332,27.071428571428573,4548,19
1,5,1,7,8,6,28.24206349206349,27.166666666666668,4564,28
1,1,1,7,3,7,19.150793650793652,27.607142857142858,4638,20
1,1,1,1,4,7,14.215277777777779,26.827380952380953,4507,15
1,4,1,8,6,3,26.442460317460316,27.238095238095237,4576,23
1,1,1,2,3,6,14.49702380952381,27.208333333333332,4571,14
6,1,1,1,1,7,16.228174603174605,26.666666666666668,4480,17
1,4,1,7,7,6,26.055555555555557,27.607142857142858,4638,26
1,1,1,1,3,10,13.225198412698413,26.99404761904762,4535,17
1,1,1,1,1,8,11.130952380952381,26.553571428571427,4461,13
1,1,1,1,1,7,11.115079365079366,26.61904761904762,4472,12
1,1,1,1,1,6,11.200396825396826,26.571428571428573,4464,11
1,1,1,1,1,7,11.23015873015873,26.636904761904763,4475,12
1,1,1,1,1,8,11.123015873015873,26.446428571428573,4443,13
1,1,1,1,1,8,11.276785714285714,26.363095238095237,4429,13
2,1,1,8,3,7,21.041666666666668,27.267857142857142,4581,22
1,1,1,1,8,7,18.112103174603174,26.827380952380953,4507,19
1,3,1,7,8,7,26.403769841269842,27.345238095238095,4594,27
7,1,1,7,6,3,28.327380952380953,27.613095238095237,4639,25
1,1,1,1,1,9,10.943452380952381,26.297619047619047,4418,14
7,4,3,8,6,7,34.023809523809526,27.517857142857142,4623,35
1,1,1,2,3,6,14.514880952380953,27.19047619047619,4568,14
1,1,1,2,1,8,12.206349206349206,26.738095238095237,4492,14
1,2,1,1,1,3,12.180555555555555,26.529761904761905,4457,9
3,1,1,7,3,3,21.028769841269842,27.011904761904763,4538,18
7,1,1,7,6,9,28.478174603174605,27.113095238095237,4555,31
1,1,1,7,8,7,24.30456349206349,27.375,4599,25
7,1,4,2,6,1,26.015873015873016,27.24404761904762,4577,21
1,1,1,1,3,6,13.225198412698413,27.19047619047619,4568,13
1,1,2,2,3,8,15.193452380952381,27.321428571428573,4590,17
1,1,1,1,3,7,12.578373015873016,27.053571428571427,4545,14
3,1,1,1,1,7,13.159722222222221,26.24404761904762,4409,14
1,1,1,1,2,8,12.465277777777779,26.845238095238095,4510,14
1,1,1,1,1,8,11.185515873015873,26.285714285714285,4416,13
1,4,1,8,7,6,27.092261904761905,27.351190476190474,4595,27
2,1,1,1,3,8,14.436507936507937,26.75,4494,16
1,1,1,1,1,7,11.13888888888889,26.19047619047619,4400,12
1,1,1,1,6,3,16.28968253968254,27.077380952380953,4549,13
1,1,3,5,3,10,19.020833333333332,27.30952380952381,4588,23
1,1,1,7,8,7,24.224206349206348,27.5,4620,25
1,1,1,2,4,6,15.313492063492063,27.261904761904763,4580,15
1,4,1,1,8,8,21.283730158730158,26.779761904761905,4499,23
1,1,3,4,1,9,15.976190476190476,26.988095238095237,4534,19
2,1,1,5,3,1,18.125,27.267857142857142,4581,13
1,1,2,3,4,8,17.389880952380953,27.660714285714285,4647,19
1,1,1,1,1,3,11.21329365079365,26.095238095238095,4384,8
7,1,4,2,5,2,24.650793650793652,27.160714285714285,4563,21
1,5,1,7,7,6,27.293650793650794,27.446428571428573,4611,27
1,5,1,1,1,6,15.143849206349206,26.18452380952381,4399,15
1,1,1,1,1,8,11.314484126984127,26.648809523809526,4477,13
1,1,1,7,8,6,24.34325396825397,27.428571428571427,4608,24
1,1,1,2,3,7,14.258928571428571,27.446428571428573,4611,15
1,1,1,2,3,6,14.248015873015873,27.05952380952381,4546,14
1,1,1,2,4,8,15.33829365079365,27.136904761904763,4559,17
7,2,2,4,5,9,26.107142857142858,27.154761904761905,4562,29
1,2,1,4,1,7,15.29861111111111,27.202380952380953,4570,16
1,1,1,2,3,8,14.520833333333334,27.232142857142858,4575,16
1,1,1,1,1,8,11.351190476190476,26.49404761904762,4451,13
2,1,1,6,3,1,19.264880952380953,27.345238095238095,4594,14
1,1,1,8,1,6,18.13888888888889,26.94047619047619,4526,18
1,1,1,7,8,6,24.392857142857142,27.25,4578,24
6,1,1,7,1,7,22.36706349206349,26.63095238095238,4474,23
1,5,1,7,8,7,28.07043650793651,27.55952380952381,4630,29
1,1,1,2,4,7,15.45734126984127,27.047619047619047,4544,16
1,1,1,7,1,6,17.245039682539684,26.678571428571427,4482,17
1,1,1,2,3,7,14.320436507936508,27.452380952380953,4612,15
7,2,4,4,6,10,29.213293650793652,27.31547619047619,4589,33
2,1,1,7,3,3,20.33234126984127,27.386904761904763,4601,17
1,1,1,1,1,8,11.133928571428571,26.63095238095238,4474,13
1,1,1,1,3,6,13.216269841269842,26.857142857142858,4512,13
6,1,1,7,6,3,27.05952380952381,27.410714285714285,4605,24
1,1,1,1,1,8,11.591269841269842,26.428571428571427,4440,13
1,1,1,8,6,8,23.368055555555557,27.422619047619047,4607,25
2,1,1,8,3,6,21.128968253968253,27.226190476190474,4574,21
1,1,1,2,1,6,12.257936507936508,26.61904761904762,4472,12
1,5,4,2,6,2,24.063492063492063,27.345238095238095,4594,20
6,1,1,7,7,7,28.408730158730158,27.154761904761905,4562,29
1,1,2,1,4,8,15.166666666666666,27.107142857142858,4554,17
2,1,1,7,6,1,23.270833333333332,27.297619047619047,4586,18
1,1,1,1,1,7,11.220238095238095,26.226190476190474,4406,12
1,1,1,1,1,8,11.12202380952381,26.517857142857142,4455,13
2,1,1,4,5,6,19.246031746031747,27.363095238095237,4597,19
1,1,1,1,3,7,13.439484126984127,26.81547619047619,4505,14
1,1,1,1,1,9,11.426587301587302,26.375,4431,14
1,1,1,1,1,7,11.278769841269842,26.589285714285715,4467,12
1,1,2,2,4,8,16.25,27.25595238095238,4579,18
1,1,1,7,8,6,24.163690476190474,27.50595238095238,4621,24
1,1,2,1,8,8,19.17361111111111,27.041666666666668,4543,21
7,1,1,2,6,2,23.125,27.19047619047619,4568,19
1,1,1,1,1,6,11.226190476190476,26.351190476190474,4427,11
1,1,2,7,8,8,25.0734126984127,27.226190476190474,4574,27
2,1,1,1,3,6,14.297619047619047,26.75595238095238,4495,14
1,1,1,7,8,7,24.40575396825397,27.470238095238095,4615,25
1,1,1,2,1,7,12.22718253968254,26.797619047619047,4502,13
1,1,1,1,1,8,11.242063492063492,26.13095238095238,4390,13
1,1,1,7,3,3,19.226190476190474,27.38095238095238,4600,16
7,5,4,1,6,6,29.202380952380953,26.863095238095237,4513,29
1,1,1,1,3,6,13.322420634920634,26.738095238095237,4492,13
1,1,1,5,1,8,14.973214285714286,26.886904761904763,4517,17
1,1,1,1,1,7,11.234126984126984,26.113095238095237,4387,12
1,1,1,2,3,7,14.362103174603174,27.220238095238095,4573,15
1,1,1,2,1,8,12.360119047619047,26.773809523809526,4498,14
7,1,1,5,3,4,23.3859126984127,27.232142857142858,4575,21
1,1,1,1,1,8,11.392857142857142,26.404761904761905,4436,13
1,1,1,1,1,8,11.334325396825397,26.773809523809526,4498,13
1,1,1,1,3,6,13.003968253968255,27.089285714285715,4551,13
7,2,3,9,3,9,30.271825396825395,27.589285714285715,4635,33
1,1,1,2,3,7,14.073412698412698,27.047619047619047,4544,15
1,1,1,2,3,7,13.697420634920634,27.351190476190474,4595,15
1,5,1,7,8,7,27.86904761904762,27.476190476190474,4616,29
1,5,1,8,6,6,27.09424603174603,27.125,4557,27
1,1,1,8,1,6,18.450396825396826,26.982142857142858,4533,18
1,1,3,7,8,7,26.078373015873016,27.648809523809526,4645,27
1,1,2,1,1,8,12.28670634920635,26.321428571428573,4422,14
1,4,1,3,4,7,19.033730158730158,27.30952380952381,4588,20
1,1,1,9,3,6,21.39484126984127,27.476190476190474,4616,21
1,1,1,2,3,7,13.86111111111111,27.041666666666668,4543,15
1,1,1,2,1,2,12.328373015873016,26.928571428571427,4524,8
1,1,2,2,3,8,14.972222222222221,27.398809523809526,4603,17
7,1,1,1,6,3,22.365079365079364,26.958333333333332,4529,19
1,1,1,8,6,2,23.168650793650794,27.077380952380953,4549,19
1,1,1,1,1,9,11.137896825396826,26.333333333333332,4424,14
6,1,3,1,5,10,21.916666666666668,26.69047619047619,4484,26
1,1,1,1,1,8,11.382936507936508,26.791666666666668,4501,13
1,1,1,1,3,7,13.452380952380953,27.148809523809526,4561,14
2,2,1,1,1,8,13.385912698412698,26.422619047619047,4439,15
1,1,1,8,3,6,20.34325396825397,27.404761904761905,4604,20
1,1,1,1,1,8,11.018849206349206,26.357142857142858,4428,13
1,1,1,2,4,7,15.070436507936508,27.422619047619047,4607,16
1,1,1,2,6,3,17.248015873015873,27.125,4557,14
1,1,1,1,7,5,17.435515873015873,26.898809523809526,4519,16
1,1,1,1,5,8,14.969246031746032,26.470238095238095,4447,17
1,1,1,2,3,8,14.468253968253968,27.041666666666668,4543,16
1,1,1,1,1,8,11.177579365079366,26.285714285714285,4416,13
1,1,1,2,1,7,12.23611111111111,26.571428571428573,4464,13
1,5,3,7,8,7,30.12202380952381,27.303571428571427,4587,31
1,1,1,2,1,9,12.140873015873016,26.648809523809526,4477,15
1,5,1,8,3,6,24.07638888888889,27.06547619047619,4547,24
7,1,4,4,5,10,26.879960317460316,27.410714285714285,4605,31
1,1,1,1,1,7,11.235119047619047,26.470238095238095,4447,12
1,1,1,7,8,8,24.49702380952381,27.375,4599,26
1,5,1,8,6,6,27.166666666666668,26.958333333333332,4529,27
7,1,3,1,1,8,19.20436507936508,26.5,4452,21
1,1,1,2,6,4,16.828373015873016,27.11904761904762,4556,15
1,1,1,1,1,8,11.214285714285714,26.55952380952381,4462,13
6,1,1,4,3,8,21.02281746031746,27.214285714285715,4572,23
1,1,1,2,1,6,12.489087301587302,27.13095238095238,4558,12
1,1,1,2,8,7,19.0,27.232142857142858,4575,20
1,1,1,2,1,9,12.364087301587302,26.577380952380953,4465,15
3,1,1,5,3,1,19.09722222222222,27.428571428571427,4608,14
1,1,1,1,1,7,11.254960317460318,26.636904761904763,4475,12
7,2,3,4,6,10,27.942460317460316,27.303571428571427,4587,32
1,2,1,7,8,6,25.243055555555557,27.553571428571427,4629,25
7,1,2,7,4,8,27.043650793650794,27.452380952380953,4612,29
1,1,1,7,2,8,18.496031746031747,27.642857142857142,4644,20
7,1,4,2,1,2,21.28174603174603,26.982142857142858,4533,17
1,1,2,2,4,8,16.20436507936508,27.25595238095238,4579,18
1,1,1,5,3,1,17.00793650793651,27.273809523809526,4582,12
1,1,1,1,1,8,11.112103174603174,26.81547619047619,4505,13
1,1,1,2,3,7,14.324404761904763,27.351190476190474,4595,15
1,1,1,7,8,7,24.25793650793651,27.297619047619047,4586,25
1,1,1,3,4,6,15.407738095238095,27.172619047619047,4565,16
1,1,1,2,6,8,17.270833333333332,27.56547619047619,4631,19
1,2,1,2,3,7,15.334325396825397,27.196428571428573,4569,16
1,1,1,1,1,4,10.906746031746032,26.398809523809526,4435,9
1,4,1,1,1,6,14.238095238095237,26.38095238095238,4432,14
1,1,2,1,4,8,15.484126984126984,26.726190476190474,4490,17
1,1,1,1,6,2,16.464285714285715,26.839285714285715,4509,12
7,1,1,7,3,7,25.52281746031746,27.333333333333332,4592,26
1,1,1,2,1,2,12.186507936507937,26.75,4494,8
1,1,4,2,6,10,20.125992063492063,27.345238095238095,4594,24
1,1,1,1,3,8,13.283730158730158,26.74404761904762,4493,15
1,1,1,7,1,6,17.33730158730159,27.053571428571427,4545,17
1,1,1,1,1,7,11.083333333333334,27.071428571428573,4548,12
2,1,1,8,3,6,21.1140873015873,27.571428571428573,4632,21
1,1,1,2,3,8,14.137896825396826,27.136904761904763,4559,16
1,1,1,1,1,8,11.008928571428571,26.660714285714285,4479,13
1,1,1,2,3,7,14.06547619047619,27.327380952380953,4591,15
1,1,1,2,1,7,11.77281746031746,26.696428571428573,4485,13
1,1,1,1,1,8,11.324404761904763,26.696428571428573,4485,13
2,1,1,5,3,1,18.241071428571427,27.113095238095237,4555,13
1,1,1,7,3,7,19.416666666666668,27.38095238095238,4600,20
1,1,1,2,3,7,14.248015873015873,27.339285714285715,4593,15
7,1,1,7,6,3,28.354166666666668,27.357142857142858,4596,25
1,1,1,2,1,8,12.25,26.898809523809526,4519,14
2,1,1,7,3,9,20.51984126984127,27.101190476190474,4553,23
1,1,1,1,1,8,11.323412698412698,26.113095238095237,4387,13
1,1,1,1,6,6,16.265873015873016,27.226190476190474,4574,16
1,1,1,1,1,8,11.220238095238095,26.50595238095238,4453,13
1,5,1,7,1,7,21.121031746031747,27.077380952380953,4549,22
1,1,1,1,3,3,13.093253968253968,27.136904761904763,4559,10
1,1,1,7,8,7,24.458333333333332,27.636904761904763,4643,25
1,1,1,7,3,6,19.199404761904763,27.267857142857142,4581,19
1,1,1,1,1,8,11.418650793650794,26.535714285714285,4458,13
1,1,1,7,1,8,17.38293650793651,27.011904761904763,4538,19
1,1,1,5,3,1,17.200396825396826,27.595238095238095,4636,12
1,1,1,2,1,6,12.251984126984127,27.00595238095238,4537,12
1,1,1,1,3,8,13.470238095238095,26.827380952380953,4507,15
7,1,1,7,6,7,28.080357142857142,27.458333333333332,4613,29
1,1,1,1,3,3,13.330357142857142,26.553571428571427,4461,10
1,1,1,2,1,8,12.121031746031745,26.74404761904762,4493,14
1,1,1,1,1,2,11.193452380952381,26.803571428571427,4503,7
1,1,1,2,1,6,12.23611111111111,26.916666666666668,4522,12
2,1,1,2,3,3,15.353174603174603,27.327380952380953,4591,12
1,1,1,1,3,6,13.310515873015873,26.898809523809526,4519,13
1,1,1,7,2,8,18.256944444444443,27.303571428571427,4587,20
2,1,1,8,8,7,26.044642857142858,27.44047619047619,4610,27
1,1,1,1,1,8,10.993055555555555,26.56547619047619,4463,13
1,1,1,2,3,7,14.449404761904763,26.916666666666668,4522,15
1,1,1,1,1,3,11.216269841269842,26.452380952380953,4444,8
1,4,1,8,1,8,21.104166666666668,27.148809523809526,4561,23
1,1,2,3,3,8,16.500992063492063,27.398809523809526,4603,18
1,1,1,2,7,7,18.359126984126984,27.107142857142858,4554,19
2,1,1,7,1,8,18.26686507936508,26.74404761904762,4493,20
1,1,1,1,1,8,11.156746031746032,26.404761904761905,4436,13
1,5,1,1,7,7,21.41269841269841,27.285714285714285,4584,22
1,1,1,2,3,7,14.344246031746032,27.589285714285715,4635,15
1,1,1,1,2,8,12.39781746031746,26.797619047619047,4502,14
2,1,1,2,3,9,15.439484126984127,27.24404761904762,4577,18
1,1,1,1,1,9,11.081349206349206,26.261904761904763,4412,14
1,1,1,1,1,6,11.46031746031746,26.291666666666668,4417,11
1,1,1,2,3,3,14.301587301587302,27.148809523809526,4561,11
7,2,3,4,5,10,27.23015873015873,27.386904761904763,4601,31
1,1,1,1,3,3,13.217261904761905,27.160714285714285,4563,10
7,1,4,2,6,6,26.15972222222222,26.958333333333332,4529,26
7,1,4,2,6,1,26.11111111111111,27.297619047619047,4586,21
1,1,1,2,3,7,14.303571428571429,27.392857142857142,4602,15
6,1,4,2,6,2,25.171626984126984,26.958333333333332,4529,21
1,1,1,2,3,8,14.070436507936508,27.101190476190474,4553,16
1,1,1,4,5,10,18.34027777777778,27.208333333333332,4571,22
2,1,1,1,3,7,14.005952380952381,26.785714285714285,4500,15
1,1,1,1,8,7,18.206349206349206,26.851190476190474,4511,19
1,5,1,7,8,8,28.26686507936508,27.333333333333332,4592,30
1,1,1,7,2,8,17.895833333333332,27.017857142857142,4539,20
1,1,1,1,1,9,11.34920634920635,26.761904761904763,4496,14
2,1,1,1,1,8,12.089285714285714,26.517857142857142,4455,14
2,1,1,7,7,6,24.208333333333332,27.25595238095238,4579,24
1,1,1,2,1,7,12.340277777777779,27.083333333333332,4550,13
1,2,1,1,1,8,12.268849206349206,26.446428571428573,4443,14
1,1,1,2,1,2,12.011904761904763,26.273809523809526,4414,8
1,1,1,2,3,7,14.08829365079365,27.029761904761905,4541,15
2,1,1,5,3,1,18.261904761904763,27.303571428571427,4587,13
1,1,1,1,1,8,11.365079365079366,26.660714285714285,4479,13
1,1,1,2,2,9,13.158730158730158,27.24404761904762,4577,16
1,1,1,1,1,9,11.331349206349206,26.708333333333332,4487,14
2,1,1,3,4,9,17.253968253968253,27.303571428571427,4587,20
1,1,1,1,1,8,11.087301587301587,26.351190476190474,4427,13
2,1,1,1,1,7,12.075396825396826,26.535714285714285,4458,13
7,1,1,7,6,3,28.1875,27.458333333333332,4613,25
1,1,1,1,1,8,11.209325396825397,26.30952380952381,4420,13
2,1,1,7,3,7,20.557539682539684,27.18452380952381,4567,21
1,1,1,1,1,8,11.299603174603174,26.303571428571427,4419,13
1,1,1,2,3,7,14.186507936507937,27.38095238095238,4600,15
7,1,4,1,3,6,21.974206349206348,26.74404761904762,4493,22
1,1,1,6,1,1,16.063492063492063,26.863095238095237,4513,11
1,1,1,7,1,8,17.3640873015873,27.083333333333332,4550,19
1,5,1,7,6,6,26.461309523809526,27.226190476190474,4574,26
1,1,1,1,1,7,11.174603174603174,26.75,4494,12
1,1,1,1,1,8,11.232142857142858,26.470238095238095,4447,13
1,1,1,7,3,3,19.543650793650794,27.25595238095238,4579,16
6,1,1,8,3,3,25.33531746031746,27.196428571428573,4569,22
1,1,1,3,1,7,13.442460317460318,26.648809523809526,4477,14
7,1,3,4,6,10,26.928571428571427,27.214285714285715,4572,31
1,1,1,2,1,7,12.214285714285714,26.732142857142858,4491,13
1,5,1,8,6,7,27.22222222222222,27.238095238095237,4576,28
1,1,1,1,1,7,11.317460317460318,26.482142857142858,4449,12
1,1,1,7,1,6,17.296626984126984,26.99404761904762,4535,17
1,1,1,1,1,6,11.334325396825397,26.220238095238095,4405,11
1,5,1,7,8,7,28.453373015873016,27.61904761904762,4640,29
1,1,1,5,3,1,16.982142857142858,27.285714285714285,4584,12
1,1,1,1,3,3,13.04861111111111,26.56547619047619,4463,10
1,1,1,7,3,3,19.313492063492063,27.220238095238095,4573,16
1,2,1,2,3,7,15.02579365079365,27.107142857142858,4554,16
1,1,1,1,1,9,11.383928571428571,26.625,4473,14
1,1,1,8,8,6,25.456349206349206,27.363095238095237,4597,25
1,1,1,2,1,8,12.396825396825397,26.601190476190474,4469,14
1,1,1,1,1,8,11.03968253968254,26.31547619047619,4421,13
1,1,1,2,3,7,14.196428571428571,27.416666666666668,4606,15
7,1,1,7,6,3,27.94047619047619,27.196428571428573,4569,25
1,1,1,5,3,1,17.04265873015873,27.553571428571427,4629,12
7,1,4,2,5,2,25.26388888888889,27.386904761904763,4601,21
1,1,1,2,1,7,12.244047619047619,26.833333333333332,4508,13
7,2,4,4,5,10,28.262896825396826,27.333333333333332,4592,32
1,4,1,1,9,7,22.14186507936508,27.023809523809526,4540,23
1,1,1,2,3,8,14.199404761904763,27.297619047619047,4586,16
1,1,1,1,1,9,11.303571428571429,26.386904761904763,4433,14
2,1,1,8,3,8,21.336309523809526,27.458333333333332,4613,23
2,1,1,5,3,8,18.379960317460316,26.976190476190474,4532,20
1,1,1,2,1,8,12.235119047619047,26.720238095238095,4489,14
2,1,2,3,4,8,18.153769841269842,27.398809523809526,4603,20
1,1,1,1,3,4,13.181547619047619,26.910714285714285,4521,11
1,1,1,1,3,7,13.25,26.892857142857142,4518,14
1,5,1,7,6,7,26.322420634920636,27.25595238095238,4579,27
1,1,1,7,3,3,19.523809523809526,27.392857142857142,4602,16
1,2,1,7,5,9,22.140873015873016,27.166666666666668,4564,25
1,1,1,5,3,7,17.297619047619047,27.642857142857142,4644,18
1,1,1,1,1,7,11.348214285714286,26.511904761904763,4454,12
1,1,2,2,3,6,14.871031746031745,27.327380952380953,4591,15
1,1,1,2,4,8,15.367063492063492,26.946428571428573,4527,17
2,1,1,1,3,7,14.240079365079366,27.148809523809526,4561,15
2,1,1,1,1,9,12.433531746031745,26.61904761904762,4472,15
1,1,1,2,1,7,12.091269841269842,26.678571428571427,4482,13
1,1,1,7,2,8,18.479166666666668,27.172619047619047,4565,20
1,1,1,1,1,7,10.919642857142858,26.577380952380953,4465,12
1,1,1,1,1,4,11.215277777777779,26.541666666666668,4459,9
1,1,1,6,1,6,16.00793650793651,27.053571428571427,4545,16
1,5,1,8,6,6,27.11904761904762,27.428571428571427,4608,27
1,1,1,2,3,7,14.262896825396826,27.428571428571427,4608,15
1,1,1,1,1,6,11.316468253968255,26.583333333333332,4466,11
1,1,1,1,1,1,11.123015873015873,26.55952380952381,4462,6
1,1,1,1,1,8,11.317460317460318,26.529761904761905,4457,13
1,1,1,8,3,7,20.34424603174603,27.18452380952381,4567,21
2,1,1,6,1,1,17.29861111111111,26.886904761904763,4517,12
1,1,1,1,1,9,11.238095238095237,26.232142857142858,4407,14
1,1,1,1,1,6,11.427579365079366,26.273809523809526,4414,11
1,5,1,8,8,6,29.36706349206349,27.553571428571427,4629,29
2,1,1,1,1,9,12.01984126984127,26.279761904761905,4415,15
7,1,3,5,8,7,29.98611111111111,27.172619047619047,4565,31
1,1,1,2,3,2,14.424603174603174,27.386904761904763,4601,10
1,1,1,2,3,7,14.546626984126984,27.19047619047619,4568,15
1,1,1,1,1,8,11.317460317460318,26.464285714285715,4446,13
7,1,1,7,6,3,27.796626984126984,27.476190476190474,4616,25
1,1,1,1,1,8,11.29861111111111,26.68452380952381,4483,13
1,1,1,8,8,3,25.066468253968253,26.952380952380953,4528,22
1,1,1,1,1,7,11.305555555555555,26.339285714285715,4425,12
1,1,1,1,1,7,11.262896825396826,26.553571428571427,4461,12
1,1,1,1,1,4,11.378968253968255,26.589285714285715,4467,9
1,5,1,7,8,7,28.488095238095237,27.321428571428573,4590,29
1,1,1,2,2,9,13.36111111111111,27.071428571428573,4548,16
1,1,1,1,1,8,11.333333333333334,26.797619047619047,4502,13
7,1,3,4,7,9,27.813492063492063,27.327380952380953,4591,31
1,1,1,8,3,9,20.297619047619047,27.25595238095238,4579,23
1,1,1,1,1,8,11.244047619047619,26.392857142857142,4434,13
1,2,1,1,1,1,12.078373015873016,26.136904761904763,4391,7
1,1,1,2,8,7,19.283730158730158,27.583333333333332,4634,20
1,1,1,1,1,8,10.821428571428571,26.517857142857142,4455,13
1,1,1,2,3,6,14.189484126984127,27.333333333333332,4592,14
6,2,3,4,5,10,26.069444444444443,27.363095238095237,4597,30
1,1,1,2,3,7,14.233134920634921,27.011904761904763,4538,15
1,1,1,1,1,7,11.258928571428571,26.464285714285715,4446,12
1,1,1,1,1,4,11.185515873015873,26.023809523809526,4372,9
1,1,4,1,1,8,14.257936507936508,26.517857142857142,4455,16
6,1,1,7,1,3,22.133928571428573,26.946428571428573,4527,19
7,2,3,5,4,10,27.310515873015873,27.261904761904763,4580,31
1,1,1,1,1,8,11.28670634920635,26.035714285714285,4374,13
1,5,2,7,8,7,29.11111111111111,27.273809523809526,4582,30
2,1,1,8,1,6,19.113095238095237,27.035714285714285,4542,19
1,1,1,1,1,6,11.464285714285714,26.547619047619047,4460,11
1,1,1,8,6,6,22.411706349206348,27.238095238095237,4576,23
1,1,1,1,1,7,11.31547619047619,26.279761904761905,4415,12
1,1,1,1,1,8,10.944444444444445,26.779761904761905,4499,13
2,1,1,2,3,7,15.545634920634921,27.172619047619047,4565,16
7,2,1,7,5,3,28.66269841269841,27.476190476190474,4616,25
2,1,1,2,1,6,13.52579365079365,26.601190476190474,4469,13
1,1,1,1,1,8,11.23611111111111,26.428571428571427,4440,13
2,1,1,5,3,6,18.273809523809526,26.922619047619047,4523,18
1,1,1,7,2,2,18.20138888888889,27.31547619047619,4589,14
1,1,1,7,2,8,18.154761904761905,27.267857142857142,4581,20
1,1,1,5,4,7,18.60218253968254,27.464285714285715,4614,19
1,1,2,3,4,8,17.012896825396826,27.50595238095238,4621,19
2,1,2,2,3,6,16.11111111111111,27.083333333333332,4550,16
6,1,4,2,6,2,25.208333333333332,27.267857142857142,4581,21
1,2,1,7,8,7,25.28968253968254,27.625,4641,26
1,1,1,2,1,7,12.206349206349206,26.952380952380953,4528,13
7,2,1,5,6,10,27.28472222222222,27.375,4599,31
1,1,1,2,7,2,18.116071428571427,27.232142857142858,4575,14
2,1,1,4,3,1,17.158730158730158,27.452380952380953,4612,12
1,1,1,1,1,9,11.259920634920634,26.488095238095237,4450,14
1,1,1,3,3,8,15.277777777777779,27.071428571428573,4548,17
1,1,1,1,3,4,13.279761904761905,27.136904761904763,4559,11
1,1,1,2,1,8,12.120039682539682,26.68452380952381,4483,14
1,4,1,7,2,9,21.48611111111111,27.375,4599,24
1,1,1,1,1,8,11.392857142857142,26.333333333333332,4424,13
1,1,1,1,2,1,12.177579365079366,26.791666666666668,4501,7
1,1,1,1,3,3,13.390873015873016,27.19047619047619,4568,10
7,1,4,2,6,8,26.297619047619047,27.345238095238095,4594,28
2,1,1,2,3,5,15.107142857142858,27.5,4620,14
1,1,1,1,1,8,10.840277777777779,26.666666666666668,4480,13
7,1,1,7,1,3,23.137896825396826,26.99404761904762,4535,20
1,1,1,1,4,6,14.03968253968254,26.886904761904763,4517,14
1,1,1,7,1,8,17.26686507936508,26.964285714285715,4530,19
1,1,1,1,1,8,11.296626984126984,26.55952380952381,4462,13
1,1,1,1,1,8,10.955357142857142,26.392857142857142,4434,13
1,1,1,2,3,6,14.333333333333334,27.142857142857142,4560,14
2,1,1,5,3,7,18.153769841269842,27.11904761904762,4556,19
1,1,2,3,4,8,17.228174603174605,27.357142857142858,4596,19
1,5,1,7,6,7,26.336309523809526,27.642857142857142,4644,27
1,2,4,1,1,7,14.889880952380953,26.660714285714285,4479,16
1,1,1,7,1,8,17.241071428571427,27.053571428571427,4545,19
1,1,1,2,3,7,14.401785714285714,27.375,4599,15
1,1,1,3,3,7,15.219246031746032,27.297619047619047,4586,16
2,1,1,5,3,1,18.120039682539684,27.321428571428573,4590,13
2,1,1,8,3,7,21.148809523809526,27.38095238095238,4600,22
1,1,1,2,1,7,11.79265873015873,27.0,4536,13
1,1,1,1,1,7,11.125,26.797619047619047,4502,12
1,1,1,1,1,7,11.294642857142858,26.36904761904762,4430,12
7,1,3,3,5,7,25.14980158730159,27.452380952380953,4612,26
2,1,1,2,3,6,15.255952380952381,26.904761904761905,4520,15
1,1,1,1,1,4,11.369047619047619,26.470238095238095,4447,9
1,1,1,1,1,8,11.216269841269842,26.24404761904762,4409,13
1,1,1,1,1,7,11.491071428571429,26.886904761904763,4517,12
1,1,1,1,7,8,17.262896825396826,26.714285714285715,4488,19
1,1,1,2,4,3,15.40079365079365,27.297619047619047,4586,12
1,1,1,1,2,4,12.285714285714286,26.517857142857142,4455,10
1,1,1,1,1,8,11.348214285714286,26.904761904761905,4520,13
1,1,1,1,1,8,11.459325396825397,26.428571428571427,4440,13
2,1,1,1,3,6,14.354166666666666,26.863095238095237,4513,14
1,1,1,1,1,3,11.152777777777779,26.18452380952381,4399,8
2,1,1,8,3,1,21.126984126984127,27.345238095238095,4594,16
1,5,1,7,8,7,28.374007936507937,27.297619047619047,4586,29
1,1,1,8,8,6,25.314484126984127,27.142857142857142,4560,25
7,1,1,2,6,2,23.03075396825397,27.035714285714285,4542,19
7,1,1,2,6,4,23.205357142857142,27.458333333333332,4613,21
1,1,1,2,1,7,12.232142857142858,26.61904761904762,4472,13
1,1,2,2,4,8,16.066468253968253,26.922619047619047,4523,18
1,5,1,8,6,6,27.359126984126984,27.148809523809526,4561,27
1,1,1,2,1,6,12.288690476190476,26.970238095238095,4531,12
7,1,4,2,6,2,25.748015873015873,27.410714285714285,4605,22
1,1,1,1,1,8,11.220238095238095,26.595238095238095,4468,13
1,1,1,2,1,7,12.253968253968255,26.886904761904763,4517,13
1,1,1,7,8,9,24.359126984126984,27.488095238095237,4618,27
1,1,1,1,1,9,11.205357142857142,26.589285714285715,4467,14
1,1,1,7,1,8,17.182539682539684,27.226190476190474,4574,19
1,1,1,1,1,8,11.33234126984127,26.452380952380953,4444,13
1,1,1,7,2,6,18.317460317460316,27.321428571428573,4590,18
1,1,1,2,3,7,14.261904761904763,27.30952380952381,4588,15
1,1,2,2,7,7,19.253968253968253,27.339285714285715,4593,20
7,1,1,1,6,2,21.981150793650794,26.982142857142858,4533,18
2,2,1,2,3,6,16.48015873015873,27.214285714285715,4572,16
1,5,1,9,6,6,28.294642857142858,27.11904761904762,4556,28
1,1,1,1,1,7,11.406746031746032,26.375,4431,12
1,1,1,3,3,8,15.243055555555555,27.18452380952381,4567,17
2,1,1,5,3,1,18.088293650793652,27.05952380952381,4546,13
1,1,1,1,1,7,11.223214285714286,26.642857142857142,4476,12
1,1,1,7,8,7,24.303571428571427,27.452380952380953,4612,25
1,1,1,7,1,9,17.29563492063492,27.05952380952381,4546,20
6,1,3,2,6,2,24.160714285714285,26.970238095238095,4531,20
1,1,1,2,3,6,14.181547619047619,27.261904761904763,4580,14
1,1,1,2,3,8,14.16468253968254,27.101190476190474,4553,16
1,1,1,2,1,7,12.327380952380953,26.976190476190474,4532,13
1,1,1,1,1,8,11.097222222222221,26.226190476190474,4406,13
1,1,1,2,3,8,14.243055555555555,27.214285714285715,4572,16
1,1,1,7,1,7,17.276785714285715,26.761904761904763,4496,18
1,1,1,1,3,3,13.264880952380953,26.767857142857142,4497,10
7,1,1,7,7,7,29.3015873015873,27.333333333333332,4592,30
1,1,1,8,1,8,18.22718253968254,27.273809523809526,4582,20
1,5,1,7,8,6,28.275793650793652,27.345238095238095,4594,28
7,1,3,6,3,1,25.92956349206349,27.238095238095237,4576,21
1,1,1,3,3,8,15.268849206349206,27.375,4599,17
1,1,1,1,1,7,11.131944444444445,26.44047619047619,4442,12
1,1,1,7,3,7,18.976190476190474,27.25,4578,20
1,1,1,2,3,7,14.12202380952381,27.06547619047619,4547,15
1,1,1,1,1,4,11.345238095238095,26.398809523809526,4435,9
1,1,1,2,1,7,12.260912698412698,26.845238095238095,4510,13
1,1,2,1,1,8,12.046626984126984,26.136904761904763,4391,14
2,1,1,8,3,6,21.246031746031747,27.029761904761905,4541,21
1,1,1,2,4,7,15.10515873015873,26.94047619047619,4526,16
1,1,1,2,4,6,15.364087301587302,27.18452380952381,4567,15
1,5,1,1,8,6,22.142857142857142,26.797619047619047,4502,22
7,2,3,5,6,9,29.017857142857142,27.470238095238095,4615,32
1,1,1,5,3,8,17.3640873015873,27.291666666666668,4585,19
1,1,1,1,1,7,11.365079365079366,26.327380952380953,4423,12
1,1,1,1,1,7,10.919642857142858,26.767857142857142,4497,12
2,1,1,8,3,6,21.123015873015873,27.30952380952381,4588,21
1,1,1,2,2,6,13.447420634920634,27.166666666666668,4564,13
3,1,1,1,2,9,14.25,26.636904761904763,4475,17
1,1,1,2,1,7,12.075396825396826,26.797619047619047,4502,13
7,2,3,4,5,10,27.353174603174605,27.607142857142858,4638,31
1,1,1,1,1,8,11.313492063492063,26.56547619047619,4463,13
1,1,1,1,1,3,11.159722222222221,26.529761904761905,4457,8
1,5,1,1,6,6,20.20734126984127,27.196428571428573,4569,20
1,1,1,1,1,8,11.177579365079366,26.761904761904763,4496,13
2,1,1,1,6,1,17.136904761904763,26.779761904761905,4499,12
1,1,2,2,4,7,16.03472222222222,27.25,4578,17
1,1,1,2,3,7,14.374007936507937,27.196428571428573,4569,15
1,5,1,7,8,7,28.136904761904763,27.404761904761905,4604,29
1,1,1,2,3,7,14.297619047619047,26.94047619047619,4526,15
1,1,1,2,3,8,14.39484126984127,27.541666666666668,4627,16
1,1,1,1,1,6,11.084325396825397,26.5,4452,11
2,1,1,1,3,6,14.33234126984127,27.196428571428573,4569,14
1,1,2,2,1,6,13.031746031746032,26.74404761904762,4493,13
1,1,2,2,4,8,16.15575396825397,27.029761904761905,4541,18
1,5,1,7,8,6,28.21230158730159,27.113095238095237,4555,28
1,1,1,1,4,1,14.117063492063492,26.672619047619047,4481,9
1,1,1,2,1,7,12.155753968253968,26.863095238095237,4513,13
1,1,1,6,1,7,16.333333333333332,27.196428571428573,4569,17
1,1,1,2,3,7,14.21329365079365,27.089285714285715,4551,15
1,1,1,7,2,8,18.32043650793651,27.5,4620,20
7,1,1,5,3,7,23.103174603174605,27.017857142857142,4539,24
1,1,1,1,1,7,11.321428571428571,26.75,4494,12
1,2,1,2,1,7,13.143849206349206,26.952380952380953,4528,14
1,1,1,1,1,7,11.149801587301587,26.351190476190474,4427,12
1,1,1,1,1,8,11.047619047619047,26.095238095238095,4384,13
1,1,3,2,6,7,19.21230158730159,27.38095238095238,4600,20
1,1,1,7,1,8,17.214285714285715,26.964285714285715,4530,19
1,1,1,1,3,8,13.16170634920635,26.75,4494,15
1,1,2,7,2,7,19.049603174603174,27.327380952380953,4591,20
1,1,1,2,8,6,19.424603174603174,27.160714285714285,4563,19
2,1,1,8,3,2,21.28174603174603,27.523809523809526,4624,17
2,1,1,5,3,8,18.16765873015873,27.452380952380953,4612,20
1,1,1,5,2,7,16.09027777777778,27.172619047619047,4565,17
1,1,1,1,2,7,12.479166666666666,26.988095238095237,4534,13
1,1,1,1,1,4,11.271825396825397,26.785714285714285,4500,9
1,1,1,2,3,7,14.478174603174603,27.31547619047619,4589,15
1,1,1,9,1,8,19.400793650793652,27.053571428571427,4545,21
1,5,1,8,6,6,27.419642857142858,27.06547619047619,4547,27
1,1,1,5,1,8,15.575396825396826,26.81547619047619,4505,17
7,1,3,5,6,10,28.029761904761905,27.178571428571427,4566,32
1,1,1,1,8,7,18.564484126984127,26.958333333333332,4529,19
1,1,1,1,1,8,10.475198412698413,26.25595238095238,4411,13
7,1,4,2,5,2,25.28769841269841,27.68452380952381,4651,21
2,1,1,7,6,3,23.40575396825397,27.44047619047619,4610,20
1,1,1,1,1,8,11.283730158730158,26.541666666666668,4459,13
1,1,1,2,1,7,12.455357142857142,27.00595238095238,4537,13
1,1,1,1,1,7,11.208333333333334,26.196428571428573,4401,12
1,5,1,8,6,6,27.504960317460316,27.511904761904763,4622,27
7,1,1,4,1,10,20.300595238095237,26.708333333333332,4487,24
7,1,1,1,6,3,22.290674603174605,27.333333333333332,4592,19
1,1,1,2,1,7,12.390873015873016,26.982142857142858,4533,13
1,1,1,1,1,8,11.240079365079366,26.38095238095238,4432,13
1,1,1,7,1,7,17.081349206349206,26.958333333333332,4529,18
1,1,1,2,1,6,12.371031746031745,27.053571428571427,4545,12
1,1,1,1,1,1,11.074404761904763,26.785714285714285,4500,6
2,1,1,1,3,8,14.221230158730158,27.041666666666668,4543,16
1,3,1,7,7,8,25.25,27.238095238095237,4576,27
1,1,1,1,1,8,11.181547619047619,26.708333333333332,4487,13
1,1,1,1,1,7,11.137896825396826,26.392857142857142,4434,12
1,1,1,2,3,6,14.282738095238095,27.05952380952381,4546,14
1,1,1,2,1,7,12.202380952380953,26.56547619047619,4463,13
1,1,1,2,1,8,12.371031746031745,26.946428571428573,4527,14
1,1,1,2,1,7,12.060515873015873,26.339285714285715,4425,13
1,1,1,5,3,1,17.231150793650794,27.404761904761905,4604,12
1,1,1,1,1,4,11.197420634920634,26.791666666666668,4501,9
7,1,1,1,1,3,17.04265873015873,26.636904761904763,4475,14
1,5,1,7,8,6,28.32936507936508,27.50595238095238,4621,28
1,1,1,1,1,8,11.245039682539682,26.547619047619047,4460,13
1,1,1,1,1,8,11.257936507936508,26.660714285714285,4479,13
1,1,1,7,6,2,22.14781746031746,27.017857142857142,4539,18
1,1,1,1,1,8,11.063492063492063,26.470238095238095,4447,13
7,1,4,2,5,2,24.99206349206349,27.31547619047619,4589,21
2,1,1,5,3,1,18.262896825396826,27.678571428571427,4650,13
1,1,1,1,3,4,13.337301587301587,26.720238095238095,4489,11
1,1,1,2,3,7,14.415674603174603,26.904761904761905,4520,15
1,1,1,2,3,7,14.489087301587302,27.053571428571427,4545,15
1,4,1,2,1,7,15.359126984126984,26.732142857142858,4491,16
1,1,1,1,1,8,11.512896825396826,26.875,4515,13
1,1,1,1,4,8,14.222222222222221,27.089285714285715,4551,16
1,1,1,2,2,9,13.093253968253968,27.327380952380953,4591,16
1,1,4,1,6,8,19.02480158730159,26.839285714285715,4509,21
8,1,1,7,6,3,29.401785714285715,27.464285714285715,4614,26
1,1,1,1,1,9,11.295634920634921,26.38095238095238,4432,14
1,1,1,1,3,8,13.408730158730158,26.672619047619047,4481,15
7,1,4,1,5,2,23.63888888888889,26.80952380952381,4504,20
1,2,1,1,3,7,14.31547619047619,26.99404761904762,4535,15
7,2,4,4,5,10,28.061507936507937,27.732142857142858,4659,32
1,1,1,1,1,8,11.211309523809524,26.267857142857142,4413,13
1,1,1,2,1,7,12.299603174603174,27.136904761904763,4559,13
1,1,1,7,7,7,22.8859126984127,27.345238095238095,4594,24
1,1,1,5,3,7,17.26686507936508,27.327380952380953,4591,18
1,5,1,8,6,6,26.93154761904762,27.416666666666668,4606,27
1,1,2,3,4,9,17.158730158730158,27.238095238095237,4576,20
7,1,4,1,8,6,27.313492063492063,27.00595238095238,4537,27
1,1,1,1,1,8,11.107142857142858,26.333333333333332,4424,13
1,1,1,1,3,6,13.175595238095237,26.75,4494,13
1,1,1,7,8,7,24.333333333333332,27.077380952380953,4549,25
2,1,2,5,1,6,16.892857142857142,26.696428571428573,4485,17
1,1,1,2,3,7,14.271825396825397,27.547619047619047,4628,15
1,6,1,8,6,6,28.57638888888889,27.345238095238095,4594,28
1,1,1,6,8,1,23.25793650793651,27.011904761904763,4538,18
1,1,1,1,1,8,11.090277777777779,26.18452380952381,4399,13
1,1,2,2,1,8,13.439484126984127,27.029761904761905,4541,15
6,2,1,4,1,10,20.186507936507937,27.047619047619047,4544,24
1,1,1,1,1,9,11.163690476190476,26.398809523809526,4435,14
7,1,4,5,6,1,28.922619047619047,27.11904761904762,4556,24
1,2,1,1,1,7,12.276785714285714,26.273809523809526,4414,13
2,1,1,1,3,1,14.153769841269842,26.970238095238095,4531,9
1,1,1,7,2,8,18.488095238095237,27.11904761904762,4556,20
1,1,1,1,1,8,11.069444444444445,26.583333333333332,4466,13
1,1,2,3,4,8,17.348214285714285,27.160714285714285,4563,19
1,4,1,1,1,7,13.965277777777779,26.125,4389,15
2,1,1,1,1,7,12.119047619047619,26.529761904761905,4457,13
1,1,1,2,3,8,14.392857142857142,27.208333333333332,4571,16
2,1,3,4,5,10,20.863095238095237,27.226190476190474,4574,25
1,1,1,2,8,7,19.41765873015873,27.023809523809526,4540,20
1,1,1,7,6,3,22.302579365079364,27.339285714285715,4593,19
1,1,1,2,3,1,13.959325396825397,26.922619047619047,4523,9
1,1,1,2,1,2,12.109126984126984,27.06547619047619,4547,8
1,1,1,5,3,7,17.40575396825397,27.321428571428573,4590,18
1,3,1,7,2,8,20.40575396825397,27.238095238095237,4576,22
7,1,4,1,8,2,27.158730158730158,27.101190476190474,4553,23
2,1,1,2,3,7,15.439484126984127,27.517857142857142,4623,16
1,1,1,1,1,9,11.200396825396826,26.642857142857142,4476,14
1,1,2,2,1,7,13.20138888888889,26.68452380952381,4483,14
1,1,1,1,1,8,11.131944444444445,26.571428571428573,4464,13
6,1,1,7,7,3,28.278769841269842,27.273809523809526,4582,25
1,1,1,2,3,8,14.288690476190476,27.041666666666668,4543,16
2,1,1,1,1,4,12.273809523809524,26.214285714285715,4404,10
6,1,1,1,5,1,19.814484126984127,27.047619047619047,4544,15
1,1,1,2,3,7,14.396825396825397,27.291666666666668,4585,15
7,1,4,2,3,8,23.148809523809526,27.69047619047619,4652,25
1,1,1,1,1,7,11.180555555555555,26.25,4410,12
2,1,1,1,1,4,12.370039682539682,26.25595238095238,4411,10
1,1,1,1,1,8,11.288690476190476,26.339285714285715,4425,13
1,1,1,8,6,6,22.845238095238095,27.261904761904763,4580,23
1,1,1,8,3,6,20.485119047619047,27.160714285714285,4563,20
1,1,1,1,1,8,11.265873015873016,26.517857142857142,4455,13
7,1,1,5,3,1,23.26388888888889,27.642857142857142,4644,18
1,1,1,7,3,7,19.185515873015873,27.452380952380953,4612,20
7,1,1,2,1,7,18.29563492063492,26.648809523809526,4477,19
2,1,1,5,3,8,18.51984126984127,27.351190476190474,4595,20
1,1,1,1,2,8,12.402777777777779,26.738095238095237,4492,14
1,1,1,1,1,8,11.22420634920635,26.601190476190474,4469,13
1,1,1,1,1,8,11.191468253968255,26.464285714285715,4446,13
1,1,1,9,5,7,22.89186507936508,27.375,4599,24
1,2,1,2,3,6,15.157738095238095,27.220238095238095,4573,15
1,4,1,7,8,7,27.29265873015873,27.351190476190474,4595,28
1,1,1,5,3,7,17.29265873015873,27.06547619047619,4547,18
1,1,1,1,1,8,11.035714285714286,26.160714285714285,4395,13
1,1,1,7,2,8,18.052579365079364,27.226190476190474,4574,20
2,1,1,5,3,1,18.041666666666668,27.18452380952381,4567,13
1,1,1,1,3,7,13.211309523809524,27.029761904761905,4541,14
1,1,4,1,1,8,13.858134920634921,26.61904761904762,4472,16
1,1,1,2,5,1,15.95138888888889,26.964285714285715,4530,11
1,1,1,1,1,8,11.234126984126984,26.422619047619047,4439,13
1,1,1,9,3,6,21.1765873015873,27.101190476190474,4553,21
1,1,4,2,1,1,14.949404761904763,26.86904761904762,4514,10
6,1,1,1,6,8,21.20734126984127,26.910714285714285,4521,23
1,1,1,1,1,8,11.241071428571429,26.386904761904763,4433,13
1,1,1,2,1,7,12.14781746031746,26.904761904761905,4520,13
7,1,1,6,6,3,27.316468253968253,27.303571428571427,4587,24
2,1,1,8,3,9,21.192460317460316,27.523809523809526,4624,24
2,1,1,5,3,2,17.979166666666668,27.297619047619047,4586,14
2,1,1,7,3,1,20.23611111111111,27.31547619047619,4589,15
1,1,1,1,1,8,11.193452380952381,26.452380952380953,4444,13
1,1,1,1,7,7,17.321428571428573,26.714285714285715,4488,18
1,1,1,1,1,2,10.993055555555555,26.654761904761905,4478,7
1,1,4,2,5,2,19.098214285714285,27.613095238095237,4639,15
1,5,1,2,7,8,22.064484126984127,27.24404761904762,4577,24
1,1,1,1,1,7,11.256944444444445,26.601190476190474,4469,12
1,1,1,5,8,7,22.191468253968253,27.375,4599,23
1,1,1,8,2,8,19.533730158730158,27.410714285714285,4605,21
1,1,1,1,1,8,11.249007936507937,26.166666666666668,4396,13
7,2,4,1,1,10,21.064484126984127,26.726190476190474,4490,25
1,1,1,1,1,9,11.443452380952381,26.571428571428573,4464,14
1,1,1,5,3,7,17.35019841269841,27.452380952380953,4612,18
1,1,1,2,1,2,12.053571428571429,26.982142857142858,4533,8
2,1,1,5,5,1,20.049603174603174,27.63095238095238,4642,15
1,1,1,2,3,8,14.177579365079366,27.410714285714285,4605,16
1,1,1,2,3,6,14.27579365079365,27.208333333333332,4571,14
1,1,1,1,1,8,11.250992063492063,26.529761904761905,4457,13
1,1,2,3,4,8,16.9484126984127,27.232142857142858,4575,19
1,1,1,1,1,7,11.100198412698413,26.642857142857142,4476,12
1,2,1,2,3,6,15.319444444444445,27.410714285714285,4605,15
1,1,1,1,4,8,14.321428571428571,26.595238095238095,4468,16
1,1,1,2,4,8,15.496031746031745,27.392857142857142,4602,17
7,2,3,4,5,6,27.199404761904763,27.232142857142858,4575,27
1,1,1,2,1,1,12.05952380952381,27.291666666666668,4585,7
1,1,1,5,2,8,16.366071428571427,27.101190476190474,4553,18
1,1,1,7,1,7,17.328373015873016,26.75,4494,18
1,1,1,2,1,8,12.258928571428571,26.970238095238095,4531,14
6,1,1,1,1,8,16.1359126984127,26.279761904761905,4415,18
1,1,1,8,3,6,20.286706349206348,26.946428571428573,4527,20
1,1,1,2,1,8,12.339285714285714,27.166666666666668,4564,14
1,5,1,7,3,7,23.168650793650794,27.291666666666668,4585,24
2,1,1,7,3,6,20.110119047619047,27.273809523809526,4582,20
1,1,1,1,1,8,11.383928571428571,26.714285714285715,4488,13
1,1,1,4,5,7,18.40277777777778,27.482142857142858,4617,19
7,1,1,7,6,3,28.078373015873016,27.357142857142858,4596,25
1,1,1,2,3,8,14.515873015873016,27.18452380952381,4567,16
1,2,1,2,2,9,14.325396825396826,27.511904761904763,4622,17
7,1,4,2,3,2,23.15277777777778,26.88095238095238,4516,19
1,5,1,8,6,6,27.40277777777778,27.303571428571427,4587,27
1,1,1,2,1,7,12.176587301587302,27.011904761904763,4538,13
1,1,1,1,1,8,11.255952380952381,26.767857142857142,4497,13
1,1,1,1,1,8,11.165674603174603,26.88095238095238,4516,13
1,1,1,7,8,7,24.096230158730158,27.273809523809526,4582,25
2,1,1,5,4,1,19.32638888888889,27.50595238095238,4621,14
3,1,1,5,3,1,19.208333333333332,27.232142857142858,4575,14
1,2,1,2,3,8,15.140873015873016,27.428571428571427,4608,17
2,2,1,4,5,10,20.401785714285715,27.470238095238095,4615,24
1,1,1,1,1,8,11.176587301587302,26.69047619047619,4484,13
1,1,4,2,5,1,18.754960317460316,27.154761904761905,4562,14
1,1,1,1,3,6,13.178571428571429,26.50595238095238,4453,13
1,5,1,7,7,8,27.39781746031746,27.44047619047619,4610,29
1,1,1,1,1,8,11.535714285714286,26.529761904761905,4457,13
1,1,1,1,1,8,11.563492063492063,26.351190476190474,4427,13
1,1,1,1,1,2,11.412698412698413,26.577380952380953,4465,7
1,4,1,2,6,2,20.182539682539684,27.392857142857142,4602,16
1,2,1,2,3,6,15.110119047619047,27.553571428571427,4629,15
1,1,1,7,6,6,22.206349206349206,27.613095238095237,4639,22
1,1,1,2,3,8,14.426587301587302,27.226190476190474,4574,16
1,1,1,2,1,7,12.541666666666666,27.017857142857142,4539,13
7,1,1,1,1,3,17.226190476190474,26.74404761904762,4493,14
2,1,1,5,3,1,18.273809523809526,27.36904761904762,4598,13
1,1,1,7,1,8,17.21230158730159,27.095238095238095,4552,19
1,1,2,2,4,6,16.40575396825397,27.113095238095237,4555,16
1,2,1,5,3,7,18.143849206349206,27.5,4620,19
1,1,4,1,1,8,14.186507936507937,26.50595238095238,4453,16
1,1,1,1,1,8,10.823412698412698,26.517857142857142,4455,13
1,1,1,1,1,7,11.129960317460318,26.892857142857142,4518,12
1,5,1,7,8,6,28.101190476190474,27.523809523809526,4624,28
1,1,1,1,1,8,11.381944444444445,26.56547619047619,4463,13
1,1,1,3,4,8,16.26984126984127,27.196428571428573,4569,18
6,1,3,8,3,6,27.308531746031747,27.285714285714285,4584,27
1,1,1,1,1,8,11.346230158730158,26.392857142857142,4434,13
6,1,1,7,8,7,29.11904761904762,27.327380952380953,4591,30
1,1,1,2,1,8,12.359126984126984,26.732142857142858,4491,14
1,1,1,7,1,7,17.28174603174603,26.93452380952381,4525,18
2,1,1,6,3,1,19.206349206349206,27.303571428571427,4587,14
1,1,1,2,1,8,12.366071428571429,26.714285714285715,4488,14
1,1,1,1,1,7,11.217261904761905,26.333333333333332,4424,12
1,2,1,7,1,6,18.171626984126984,27.083333333333332,4550,18
1,1,1,2,3,8,14.43452380952381,26.839285714285715,4509,16
1,4,1,2,2,9,16.109126984126984,27.166666666666668,4564,19
2,1,1,5,3,1,18.106150793650794,27.363095238095237,4597,13
1,1,1,2,1,6,12.270833333333334,26.88095238095238,4516,12
1,1,1,7,6,9,21.879960317460316,27.232142857142858,4575,25
1,1,1,1,8,7,18.44047619047619,27.25,4578,19
1,1,1,2,3,8,14.405753968253968,27.31547619047619,4589,16
1,1,1,2,3,7,14.537698412698413,27.113095238095237,4555,15
7,1,1,2,3,8,20.28968253968254,27.410714285714285,4605,22
1,1,1,1,1,8,10.840277777777779,26.291666666666668,4417,13
1,1,1,1,1,2,11.221230158730158,26.476190476190474,4448,7
1,1,1,1,3,7,13.221230158730158,26.791666666666668,4501,14
1,1,1,1,1,8,11.270833333333334,26.601190476190474,4469,13
2,1,1,2,3,8,15.18452380952381,27.303571428571427,4587,17
1,1,1,2,1,2,11.978174603174603,26.428571428571427,4440,8
1,1,1,1,1,6,11.011904761904763,26.404761904761905,4436,11
1,1,1,1,1,8,11.336309523809524,26.839285714285715,4509,13
2,1,1,5,3,1,18.15972222222222,27.125,4557,13
1,1,1,2,2,6,13.325396825396826,27.107142857142858,4554,13
1,1,1,2,2,8,13.487103174603174,27.0,4536,15
1,1,1,7,1,7,17.240079365079364,27.202380952380953,4570,18
7,1,4,2,3,8,23.3640873015873,27.089285714285715,4551,25
1,2,1,4,1,10,15.530753968253968,27.011904761904763,4538,19
1,1,1,5,1,7,15.17361111111111,26.672619047619047,4481,16
1,1,1,1,1,8,11.128968253968255,26.529761904761905,4457,13
1,1,1,2,6,8,17.09424603174603,27.464285714285715,4614,19
1,1,1,2,3,6,14.314484126984127,27.238095238095237,4576,14
1,1,1,7,6,6,22.21031746031746,27.386904761904763,4601,22
1,1,1,1,1,8,11.206349206349206,26.31547619047619,4421,13
2,1,1,2,3,7,15.277777777777779,27.327380952380953,4591,16
1,1,1,1,5,1,15.239087301587302,27.273809523809526,4582,10
1,1,1,1,1,8,11.412698412698413,26.482142857142858,4449,13
1,1,1,1,1,8,11.328373015873016,26.607142857142858,4470,13
6,1,3,4,6,9,26.004960317460316,27.327380952380953,4591,29
1,1,1,1,1,8,11.38888888888889,26.297619047619047,4418,13
1,1,1,1,1,4,11.143849206349206,26.523809523809526,4456,9
7,1,2,7,6,3,29.28472222222222,27.303571428571427,4587,26
1,5,1,8,6,6,27.113095238095237,27.43452380952381,4609,27
1,1,1,2,3,1,14.081349206349206,27.154761904761905,4562,9
1,1,1,2,1,8,12.035714285714286,27.136904761904763,4559,14
1,1,2,3,4,8,16.92956349206349,27.357142857142858,4596,19
1,1,1,2,3,7,14.22718253968254,27.166666666666668,4564,15
1,1,1,7,3,8,19.384920634920636,27.363095238095237,4597,21
1,4,1,1,8,6,21.26686507936508,26.928571428571427,4524,21
1,1,1,2,1,7,12.30952380952381,26.851190476190474,4511,13
6,1,3,1,7,8,24.245039682539684,26.863095238095237,4513,26
2,1,1,1,3,7,14.274801587301587,26.839285714285715,4509,15
1,1,1,2,1,1,12.027777777777779,26.648809523809526,4477,7
1,5,1,7,3,6,22.96527777777778,27.702380952380953,4654,23
6,1,1,2,1,4,17.250992063492063,27.077380952380953,4549,15
1,1,1,1,1,8,11.360119047619047,26.386904761904763,4433,13
1,1,1,8,1,6,17.890873015873016,26.726190476190474,4490,18
6,1,4,1,3,6,21.1765873015873,27.011904761904763,4538,21
1,1,1,7,2,8,18.148809523809526,27.166666666666668,4564,20
1,2,1,7,8,7,25.356150793650794,27.470238095238095,4615,26
1,1,1,2,3,8,14.20734126984127,27.43452380952381,4609,16
1,1,1,5,3,7,17.00595238095238,27.303571428571427,4587,18
1,1,1,1,1,8,11.276785714285714,26.38095238095238,4432,13
1,1,1,2,1,1,12.206349206349206,27.017857142857142,4539,7
1,1,1,3,4,8,16.40674603174603,27.125,4557,18
1,1,1,2,1,8,12.25297619047619,27.0,4536,14
1,1,1,2,1,6,12.080357142857142,26.94047619047619,4526,12
1,1,1,2,1,7,12.431547619047619,26.571428571428573,4464,13
2,1,1,5,6,1,20.96924603174603,27.43452380952381,4609,16
1,1,1,1,1,8,11.250992063492063,26.529761904761905,4457,13
1,1,1,1,1,8,10.961309523809524,26.363095238095237,4429,13
1,1,1,2,1,7,12.241071428571429,26.886904761904763,4517,13
1,1,1,5,4,1,18.057539682539684,27.291666666666668,4585,13
1,1,1,7,8,7,24.104166666666668,27.666666666666668,4648,25
1,1,2,3,1,8,14.427579365079366,27.05952380952381,4546,16
1,5,1,5,3,7,21.598214285714285,27.279761904761905,4583,22
1,1,1,1,1,8,11.40079365079365,26.49404761904762,4451,13
1,1,1,2,3,6,14.324404761904763,27.05952380952381,4546,14
7,1,1,7,3,7,25.577380952380953,27.154761904761905,4562,26
1,1,1,2,3,6,14.20734126984127,27.38095238095238,4600,14
1,2,3,4,6,6,22.043650793650794,27.19047619047619,4568,22
1,1,1,2,1,7,12.373015873015873,27.11904761904762,4556,13
2,1,1,5,1,1,15.846230158730158,26.821428571428573,4506,11
1,1,1,1,1,7,11.125,26.113095238095237,4387,12
1,1,2,3,3,8,16.25,27.160714285714285,4563,18
7,1,4,2,3,8,22.65972222222222,27.36904761904762,4598,25
1,1,1,2,1,7,12.45138888888889,27.05952380952381,4546,13
2,1,1,2,7,9,19.137896825396826,27.023809523809526,4540,22
1,1,1,1,8,7,18.2609126984127,26.208333333333332,4403,19
1,1,1,2,1,9,12.0625,26.916666666666668,4522,15
1,1,2,1,1,7,12.356150793650794,26.25595238095238,4411,13
1,1,1,2,1,2,11.946428571428571,26.654761904761905,4478,8
2,1,1,1,4,1,14.53968253968254,26.845238095238095,4510,10
7,1,2,2,6,2,24.10813492063492,27.398809523809526,4603,20
1,1,1,2,3,8,14.320436507936508,27.44047619047619,4610,16
1,1,1,1,1,4,11.060515873015873,26.589285714285715,4467,9
2,1,1,1,1,8,12.212301587301587,26.30952380952381,4420,14
2,1,1,7,3,1,19.878968253968253,27.18452380952381,4567,15
1,1,1,1,4,8,14.262896825396826,26.904761904761905,4520,16
1,1,1,8,7,6,24.246031746031747,27.333333333333332,4592,24
1,1,1,1,1,7,11.445436507936508,26.696428571428573,4485,12
1,5,1,7,8,7,28.261904761904763,27.285714285714285,4584,29
1,1,1,2,3,7,14.256944444444445,27.077380952380953,4549,15
1,1,1,2,6,4,17.535714285714285,27.410714285714285,4605,15
1,1,1,1,1,7,11.28670634920635,26.541666666666668,4459,12
7,1,1,2,3,9,20.091269841269842,27.095238095238095,4552,23
1,5,2,7,8,7,29.283730158730158,27.553571428571427,4629,30
1,1,1,2,3,7,14.194444444444445,27.464285714285715,4614,15
1,5,1,8,6,6,26.939484126984127,27.357142857142858,4596,27
1,1,1,2,1,8,11.636904761904763,27.041666666666668,4543,14
2,1,1,1,3,8,14.156746031746032,26.636904761904763,4475,16
1,1,1,1,1,8,11.284722222222221,26.595238095238095,4468,13
1,1,1,1,1,8,11.305555555555555,26.63095238095238,4474,13
1,1,1,7,1,8,17.34027777777778,26.625,4473,19
1,1,1,2,2,8,13.063492063492063,27.267857142857142,4581,15
1,1,1,5,3,3,17.38293650793651,27.232142857142858,4575,14
1,1,1,1,1,8,11.199404761904763,26.18452380952381,4399,13
1,1,1,6,3,8,18.264880952380953,27.077380952380953,4549,20
1,1,1,7,3,6,19.348214285714285,27.261904761904763,4580,19
1,1,1,1,1,8,11.366071428571429,26.68452380952381,4483,13
1,1,1,2,1,8,12.406746031746032,26.875,4515,14
1,1,1,3,4,7,16.32043650793651,27.357142857142858,4596,17
1,1,1,2,1,7,12.439484126984127,27.488095238095237,4618,13
1,1,1,1,1,8,11.271825396825397,26.583333333333332,4466,13
2,2,1,5,3,1,19.174603174603174,27.267857142857142,4581,14
7,2,3,4,6,7,28.32638888888889,27.19047619047619,4568,29
1,5,1,8,3,6,24.286706349206348,27.089285714285715,4551,24
7,1,1,7,6,3,28.241071428571427,27.571428571428573,4632,25
1,1,1,2,1,8,12.087301587301587,27.071428571428573,4548,14
7,1,3,4,5,9,26.248015873015873,27.488095238095237,4618,29
1,1,1,2,1,2,12.19047619047619,26.767857142857142,4497,8
1,1,1,5,1,7,14.847222222222221,26.696428571428573,4485,16
1,1,1,1,1,7,11.258928571428571,26.5,4452,12
1,1,1,2,1,7,12.034722222222221,27.18452380952381,4567,13
1,5,1,5,3,6,21.06547619047619,27.648809523809526,4645,21
1,1,1,6,3,7,18.288690476190474,27.261904761904763,4580,19
1,1,1,2,1,8,12.438492063492063,26.94047619047619,4526,14
7,4,3,4,5,9,29.25297619047619,27.404761904761905,4604,32
1,1,1,1,7,8,16.873015873015873,26.99404761904762,4535,19
1,1,1,2,1,7,12.554563492063492,26.821428571428573,4506,13
1,1,1,1,1,7,11.237103174603174,26.642857142857142,4476,12
1,1,1,2,8,8,19.202380952380953,27.50595238095238,4621,21
1,1,1,1,3,8,13.156746031746032,26.75,4494,15
1,1,1,2,3,8,14.407738095238095,27.101190476190474,4553,16
1,1,1,2,3,8,14.170634920634921,27.214285714285715,4572,16
1,1,1,1,3,8,13.32638888888889,26.761904761904763,4496,15
1,1,1,1,1,8,11.472222222222221,26.672619047619047,4481,13
1,1,1,2,6,8,17.363095238095237,27.095238095238095,4552,19
1,1,1,1,1,9,10.973214285714286,26.410714285714285,4437,14
1,5,1,8,7,6,28.386904761904763,27.422619047619047,4607,28
1,1,1,1,1,7,11.28968253968254,26.43452380952381,4441,12
1,1,1,2,1,7,12.259920634920634,27.053571428571427,4545,13
7,1,4,2,4,8,24.140873015873016,27.11904761904762,4556,26
1,1,1,7,8,7,24.220238095238095,27.25595238095238,4579,25
1,1,1,2,3,7,14.262896825396826,27.148809523809526,4561,15
1,1,1,7,8,6,24.363095238095237,26.970238095238095,4531,24
1,1,1,1,1,8,11.575396825396826,26.607142857142858,4470,13
1,1,1,1,1,4,11.505952380952381,26.726190476190474,4490,9
2,1,1,7,3,1,20.231150793650794,27.654761904761905,4646,15
1,1,2,3,4,8,16.89781746031746,27.273809523809526,4582,19
1,1,1,1,1,1,11.054563492063492,26.613095238095237,4471,6
1,2,1,8,6,6,24.4265873015873,27.30952380952381,4588,24
7,1,1,7,1,3,23.360119047619047,27.0,4536,20
1,1,1,2,6,8,17.220238095238095,27.226190476190474,4574,19
1,1,1,1,1,8,11.371031746031745,26.38095238095238,4432,13
1,5,1,7,1,7,21.145833333333332,26.851190476190474,4511,22
2,1,1,5,1,1,16.15972222222222,27.0,4536,11
6,1,1,8,1,8,23.351190476190474,26.892857142857142,4518,25
1,1,2,1,1,6,12.339285714285714,26.303571428571427,4419,12
1,1,1,1,6,3,16.16468253968254,26.916666666666668,4522,13
7,1,1,1,1,4,17.080357142857142,26.553571428571427,4461,15
1,1,2,3,1,8,14.318452380952381,27.017857142857142,4539,16
1,1,1,1,1,8,11.16468253968254,26.273809523809526,4414,13
6,1,4,1,7,8,25.217261904761905,26.86904761904762,4514,27
1,4,1,8,6,6,26.308531746031747,27.279761904761905,4583,26
2,1,1,7,3,1,20.17063492063492,27.261904761904763,4580,15
1,1,2,2,1,7,13.378968253968255,27.273809523809526,4582,14
1,1,1,1,1,8,11.353174603174603,26.345238095238095,4426,13
1,1,1,7,8,7,24.208333333333332,27.13095238095238,4558,25
1,1,1,1,1,8,11.183531746031745,26.31547619047619,4421,13
1,1,1,1,1,8,11.090277777777779,26.267857142857142,4413,13
1,5,1,7,2,6,22.148809523809526,27.166666666666668,4564,22
2,1,1,5,3,1,18.080357142857142,27.166666666666668,4564,13
1,1,1,1,3,7,13.240079365079366,27.023809523809526,4540,14
6,1,1,2,3,9,19.273809523809526,27.273809523809526,4582,22
1,1,1,1,1,8,11.172619047619047,26.386904761904763,4433,13
7,2,1,4,5,10,25.275793650793652,27.49404761904762,4619,29
1,1,1,1,3,8,13.256944444444445,26.75595238095238,4495,15
1,1,1,1,1,8,11.366071428571429,26.791666666666668,4501,13
1,1,1,1,1,2,11.290674603174603,26.422619047619047,4439,7
1,1,1,5,3,7,17.436507936507937,26.904761904761905,4520,18
1,1,1,7,8,7,24.192460317460316,27.511904761904763,4622,25
1,1,1,1,1,8,11.428571428571429,26.422619047619047,4439,13
1,1,1,7,8,7,24.30456349206349,26.976190476190474,4532,25
1,1,1,7,7,3,23.254960317460316,27.095238095238095,4552,20
1,1,1,1,4,8,14.11111111111111,26.797619047619047,4502,16
1,1,1,1,1,7,11.324404761904763,26.398809523809526,4435,12
7,1,3,4,3,9,24.125992063492063,26.88095238095238,4516,27
1,1,1,2,4,6,15.087301587301587,27.541666666666668,4627,15
1,1,1,1,1,7,11.450396825396826,26.625,4473,12
1,1,1,2,3,8,14.22718253968254,27.18452380952381,4567,16
1,1,1,2,2,7,13.12202380952381,27.339285714285715,4593,14
1,1,1,2,6,8,17.241071428571427,27.541666666666668,4627,19
1,1,1,1,1,8,11.339285714285714,26.410714285714285,4437,13
2,1,1,5,3,1,18.074404761904763,27.49404761904762,4619,13
1,1,1,1,1,7,11.180555555555555,26.25,4410,12
2,2,3,4,6,6,23.09325396825397,27.321428571428573,4590,23
1,1,1,2,1,7,12.270833333333334,26.517857142857142,4455,13
1,1,3,2,3,8,16.00793650793651,27.172619047619047,4565,18
2,1,1,5,1,1,16.20436507936508,26.952380952380953,4528,11
1,5,1,7,3,6,23.351190476190474,27.404761904761905,4604,23
1,1,2,3,4,7,17.42361111111111,27.357142857142858,4596,18
1,1,1,2,1,8,12.017857142857142,26.75595238095238,4495,14
2,1,1,6,3,1,19.08234126984127,27.654761904761905,4646,14
1,5,1,8,6,6,27.322420634920636,27.488095238095237,4618,27
1,1,1,1,1,4,11.024801587301587,26.452380952380953,4444,9
1,4,1,1,1,7,14.15079365079365,26.583333333333332,4466,15
1,1,1,1,1,8,11.293650793650794,26.464285714285715,4446,13
7,2,3,4,5,7,27.00595238095238,27.267857142857142,4581,28
1,1,1,1,1,8,11.319444444444445,26.25595238095238,4411,13
1,1,1,1,1,4,11.295634920634921,26.25595238095238,4411,9
7,1,3,4,5,10,26.35019841269841,27.00595238095238,4537,30
1,1,2,2,1,7,13.03968253968254,27.136904761904763,4559,14
1,1,1,1,1,8,11.271825396825397,26.761904761904763,4496,13
1,1,1,1,1,7,11.459325396825397,26.607142857142858,4470,12
1,1,1,1,1,8,11.305555555555555,26.56547619047619,4463,13
7,1,4,2,3,7,23.23611111111111,27.422619047619047,4607,24
2,1,1,2,1,7,13.358134920634921,26.55952380952381,4462,14
1,4,1,8,7,5,27.01984126984127,27.404761904761905,4604,26
1,1,1,2,4,7,15.321428571428571,27.053571428571427,4545,16
1,1,1,1,1,7,11.302579365079366,26.107142857142858,4386,12
1,4,1,2,1,6,15.180555555555555,27.202380952380953,4570,15
1,1,1,7,1,8,17.303571428571427,26.779761904761905,4499,19
1,1,2,7,5,1,21.889880952380953,27.208333333333332,4571,17
2,1,1,2,1,7,13.02281746031746,26.86904761904762,4514,14
7,1,1,1,1,8,17.203373015873016,26.166666666666668,4396,19
1,1,1,1,1,7,11.331349206349206,26.273809523809526,4414,12
1,1,1,2,1,7,12.109126984126984,26.333333333333332,4424,13
3,1,1,6,3,1,20.234126984126984,27.136904761904763,4559,15
1,1,1,2,1,6,12.015873015873016,26.708333333333332,4487,12
1,1,1,1,1,7,11.294642857142858,26.44047619047619,4442,12
1,1,1,1,1,7,10.554563492063492,26.81547619047619,4505,12
1,1,1,1,1,8,11.385912698412698,26.5,4452,13
7,2,1,7,6,3,29.21031746031746,27.333333333333332,4592,26
1,1,1,3,4,8,16.35019841269841,27.238095238095237,4576,18
1,1,1,2,3,7,14.331349206349206,27.398809523809526,4603,15
1,1,1,2,3,8,14.284722222222221,27.077380952380953,4549,16
1,1,1,1,1,8,11.182539682539682,26.517857142857142,4455,13
2,1,1,5,3,1,18.133928571428573,27.279761904761905,4583,13
1,1,1,1,1,7,11.4375,26.601190476190474,4469,12
1,1,1,5,3,7,17.466269841269842,26.94047619047619,4526,18
1,1,1,7,8,8,24.30456349206349,27.226190476190474,4574,26
1,5,1,7,8,7,28.463293650793652,27.107142857142858,4554,29
1,1,1,7,6,7,22.1765873015873,26.80952380952381,4504,23
1,1,1,1,8,7,18.290674603174605,26.928571428571427,4524,19
2,1,1,2,3,6,15.030753968253968,26.952380952380953,4528,15
1,1,1,1,1,8,11.256944444444445,26.351190476190474,4427,13
1,1,1,7,6,3,22.192460317460316,27.18452380952381,4567,19
1,1,1,1,2,8,12.336309523809524,26.648809523809526,4477,14
1,1,1,1,1,7,11.157738095238095,26.214285714285715,4404,12
6,1,4,1,3,8,21.026785714285715,26.732142857142858,4491,23
1,1,1,2,1,8,12.053571428571429,26.791666666666668,4501,14
1,1,1,1,4,4,14.27579365079365,26.785714285714285,4500,12
1,1,1,5,3,8,17.040674603174605,27.446428571428573,4611,19
1,1,2,3,4,8,17.28472222222222,27.535714285714285,4626,19
1,1,1,1,1,8,11.278769841269842,26.291666666666668,4417,13
1,1,1,1,1,9,10.87202380952381,26.476190476190474,4448,14
6,1,4,2,3,8,22.25,27.345238095238095,4594,24
1,1,1,1,1,4,11.04265873015873,26.595238095238095,4468,9
1,1,1,5,3,1,17.078373015873016,27.238095238095237,4576,12
1,1,1,2,4,6,15.410714285714286,27.279761904761905,4583,15
2,1,1,6,3,1,18.911706349206348,27.458333333333332,4613,14
1,1,1,2,3,8,13.996031746031745,27.05952380952381,4546,16
2,1,1,2,1,7,13.420634920634921,26.678571428571427,4482,14
1,4,1,8,6,6,26.16269841269841,27.511904761904763,4622,26
1,1,1,2,3,7,14.527777777777779,27.136904761904763,4559,15
1,1,1,1,1,7,11.37202380952381,26.702380952380953,4486,12
1,1,1,2,3,7,14.345238095238095,27.458333333333332,4613,15
1,1,1,2,1,6,11.954365079365079,26.708333333333332,4487,12
1,1,1,2,1,6,12.12797619047619,26.69047619047619,4484,12
1,1,1,1,1,8,11.334325396825397,26.696428571428573,4485,13
1,2,2,1,1,7,13.116071428571429,26.803571428571427,4503,14
1,1,1,4,1,8,14.484126984126984,26.833333333333332,4508,16
1,1,2,7,1,1,17.966269841269842,27.023809523809526,4540,13
1,1,1,1,1,6,10.895833333333334,26.529761904761905,4457,11
7,1,1,7,6,3,28.525793650793652,27.178571428571427,4566,25
1,1,1,1,1,8,11.31547619047619,26.375,4431,13
1,1,1,2,3,6,14.387896825396826,27.273809523809526,4582,14
1,1,2,2,1,7,12.699404761904763,26.714285714285715,4488,14
1,1,1,1,1,8,11.555555555555555,26.273809523809526,4414,13
1,1,1,2,7,8,18.23015873015873,27.273809523809526,4582,20
1,1,1,2,1,6,12.278769841269842,26.613095238095237,4471,12
1,1,1,2,3,7,14.336309523809524,27.011904761904763,4538,15
1,1,1,7,4,7,20.13293650793651,27.321428571428573,4590,21
1,1,1,1,1,8,11.363095238095237,26.452380952380953,4444,13
1,1,1,7,8,7,24.310515873015873,27.160714285714285,4563,25
1,1,1,2,1,7,12.491071428571429,27.19047619047619,4568,13
2,1,1,1,1,8,12.217261904761905,26.464285714285715,4446,14
1,1,1,2,1,1,11.965277777777779,26.779761904761905,4499,7
7,1,1,7,6,3,28.46527777777778,27.267857142857142,4581,25
1,5,1,8,3,6,24.378968253968253,27.285714285714285,4584,24
1,1,1,5,3,7,17.338293650793652,27.547619047619047,4628,18
1,1,1,2,3,7,14.383928571428571,27.410714285714285,4605,15
1,3,1,2,3,7,15.484126984126984,27.44047619047619,4610,17
1,5,1,7,8,8,28.267857142857142,27.363095238095237,4597,30
1,1,1,1,1,8,11.406746031746032,26.43452380952381,4441,13
1,1,1,1,1,8,11.069444444444445,26.583333333333332,4466,13
7,1,4,1,6,9,25.07638888888889,27.101190476190474,4553,28
1,1,1,1,3,7,13.121031746031745,26.982142857142858,4533,14
1,1,2,1,3,8,14.195436507936508,26.863095238095237,4513,16
2,1,1,2,1,7,13.4375,26.791666666666668,4501,14
1,1,1,1,1,6,11.20734126984127,26.803571428571427,4503,11
1,5,1,7,8,7,28.24404761904762,27.321428571428573,4590,29
1,1,1,2,1,7,12.270833333333334,26.86904761904762,4514,13
1,1,1,2,1,7,12.259920634920634,27.077380952380953,4549,13
1,5,1,8,3,7,24.324404761904763,27.047619047619047,4544,25
1,4,1,7,3,7,22.101190476190474,27.404761904761905,4604,23
2,1,1,6,4,1,20.2390873015873,27.113095238095237,4555,15
7,1,4,2,8,8,27.782738095238095,27.327380952380953,4591,30
1,1,1,1,1,8,11.300595238095237,26.422619047619047,4439,13
1,1,1,1,1,7,10.919642857142858,26.226190476190474,4406,12
1,1,1,7,7,7,22.28472222222222,27.547619047619047,4628,24
1,1,1,7,8,1,24.28968253968254,27.047619047619047,4544,19
1,1,3,4,1,10,16.053571428571427,26.738095238095237,4492,20
1,1,1,1,1,7,11.081349206349206,26.535714285714285,4458,12
1,1,1,1,1,8,11.214285714285714,26.375,4431,13
1,1,1,1,1,6,11.324404761904763,26.553571428571427,4461,11
1,1,1,2,1,7,12.212301587301587,26.857142857142858,4512,13
2,1,1,5,3,1,18.021825396825395,27.36904761904762,4598,13
1,1,1,2,1,6,12.221230158730158,26.916666666666668,4522,12
7,1,4,2,3,8,23.297619047619047,27.107142857142858,4554,25
1,1,1,2,1,8,12.316468253968255,27.011904761904763,4538,14
2,1,1,5,3,1,17.949404761904763,27.470238095238095,4615,13
1,1,1,2,3,8,14.104166666666666,27.261904761904763,4580,16
7,1,1,5,6,9,26.305555555555557,27.19047619047619,4568,29
1,1,1,2,1,7,12.22420634920635,27.011904761904763,4538,13
1,2,1,7,8,7,25.482142857142858,27.273809523809526,4582,26
2,1,1,5,3,1,18.330357142857142,27.660714285714285,4647,13
1,1,1,6,3,7,18.192460317460316,27.410714285714285,4605,19
1,1,1,1,1,8,11.387896825396826,26.529761904761905,4457,13
6,2,3,4,3,9,24.290674603174605,27.49404761904762,4619,27
1,5,1,8,6,7,27.39186507936508,27.339285714285715,4593,28
1,5,1,7,3,6,23.133928571428573,27.19047619047619,4568,23
1,1,1,2,1,7,11.995039682539682,26.68452380952381,4483,13
1,4,1,1,1,6,13.77579365079365,26.63095238095238,4474,14
2,1,1,6,3,7,19.109126984126984,27.446428571428573,4611,20
7,1,1,1,6,8,22.25595238095238,26.553571428571427,4461,24
1,1,1,1,1,8,11.159722222222221,26.125,4389,13
2,1,1,1,3,7,14.106150793650794,26.821428571428573,4506,15
1,4,1,7,3,6,22.32638888888889,27.56547619047619,4631,22
1,5,1,8,6,6,27.17361111111111,27.071428571428573,4548,27
7,1,3,4,5,10,26.546626984126984,27.30952380952381,4588,30
2,1,1,1,1,7,12.166666666666666,26.535714285714285,4458,13
1,1,1,1,1,7,11.427579365079366,26.541666666666668,4459,12
1,1,2,3,4,8,17.06547619047619,27.5,4620,19
1,1,1,1,1,8,10.973214285714286,26.678571428571427,4482,13
7,2,3,7,6,3,30.94047619047619,27.571428571428573,4632,28
1,5,1,8,8,7,29.327380952380953,27.5,4620,30
1,1,1,1,1,8,11.294642857142858,26.214285714285715,4404,13
1,1,1,1,1,8,11.124007936507937,26.547619047619047,4460,13
2,1,1,1,3,1,14.325396825396826,26.86904761904762,4514,9
1,1,1,1,1,6,11.093253968253968,26.482142857142858,4449,11
2,1,1,1,6,7,17.374007936507937,26.833333333333332,4508,18
1,1,1,1,1,6,11.14484126984127,26.541666666666668,4459,11
1,1,1,1,2,7,12.353174603174603,26.68452380952381,4483,13
1,1,1,2,3,8,13.905753968253968,27.303571428571427,4587,16
1,1,1,1,1,8,11.36111111111111,26.589285714285715,4467,13
1,1,1,2,1,7,12.276785714285714,27.13095238095238,4558,13
1,1,1,2,3,7,14.177579365079366,27.125,4557,15
7,1,1,7,6,3,28.370039682539684,27.339285714285715,4593,25
1,1,1,1,1,7,11.185515873015873,26.56547619047619,4463,12
1,1,1,2,1,7,12.33234126984127,26.827380952380953,4507,13
1,1,1,2,3,7,13.738095238095237,26.81547619047619,4505,15
1,1,1,2,6,6,17.197420634920636,27.446428571428573,4611,17
1,1,1,3,4,7,15.979166666666666,27.547619047619047,4628,17
2,1,1,6,3,1,18.84424603174603,27.220238095238095,4573,14
1,1,1,1,1,7,11.383928571428571,26.571428571428573,4464,12
1,1,1,1,1,1,11.080357142857142,26.779761904761905,4499,6
1,1,2,3,1,8,14.112103174603174,26.571428571428573,4464,16
1,1,1,2,7,7,18.381944444444443,26.857142857142858,4512,19
6,1,1,4,5,10,23.10019841269841,27.291666666666668,4585,27
7,1,1,2,8,8,25.330357142857142,27.160714285714285,4563,27
1,1,1,2,1,8,12.43452380952381,26.791666666666668,4501,14
2,1,1,1,3,1,14.180555555555555,26.636904761904763,4475,9
1,1,1,1,1,8,11.228174603174603,26.470238095238095,4447,13
7,1,1,7,6,6,28.10813492063492,27.38095238095238,4600,28
2,1,1,5,3,1,18.0,27.404761904761905,4604,13
1,1,1,7,1,7,17.487103174603174,26.797619047619047,4502,18
7,1,4,2,3,8,23.441468253968253,27.267857142857142,4581,25
1,1,1,1,3,6,13.246031746031745,26.863095238095237,4513,13
1,1,1,3,3,8,15.170634920634921,27.36904761904762,4598,17
1,1,2,2,4,7,16.10813492063492,27.19047619047619,4568,17
6,1,1,5,3,8,22.424603174603174,27.654761904761905,4646,24
1,1,1,1,1,8,11.077380952380953,26.86904761904762,4514,13
1,1,1,7,2,7,18.35813492063492,27.291666666666668,4585,19
1,1,1,1,1,8,11.484126984126984,26.904761904761905,4520,13
1,1,1,1,1,8,11.26388888888889,26.56547619047619,4463,13
1,4,1,8,1,2,21.18154761904762,26.833333333333332,4508,17
1,1,2,2,3,8,15.281746031746032,27.18452380952381,4567,17
2,1,1,2,3,7,15.419642857142858,27.547619047619047,4628,16
1,1,1,2,1,8,12.216269841269842,26.541666666666668,4459,14
2,1,1,5,3,7,18.03769841269841,27.142857142857142,4560,19
1,1,1,1,4,7,14.26388888888889,27.25595238095238,4579,15
7,1,1,7,3,3,25.55654761904762,27.238095238095237,4576,22
2,2,3,5,3,1,20.895833333333332,27.267857142857142,4581,16
1,1,4,7,3,7,22.165674603174605,27.595238095238095,4636,23
1,1,1,1,3,7,12.739087301587302,26.821428571428573,4506,14
1,1,1,5,1,8,15.300595238095237,26.68452380952381,4483,17
1,1,1,1,1,4,11.212301587301587,26.458333333333332,4445,9
2,2,1,2,3,6,16.408730158730158,27.148809523809526,4561,16
1,5,1,2,8,7,23.13095238095238,27.44047619047619,4610,24
1,5,1,8,6,6,27.51984126984127,27.392857142857142,4602,27
1,1,1,2,1,8,12.438492063492063,27.101190476190474,4553,14
1,1,2,1,1,8,11.899801587301587,26.5,4452,14
1,1,1,3,3,8,15.20734126984127,27.535714285714285,4626,17
1,1,3,4,5,2,20.34424603174603,27.541666666666668,4627,16
1,1,1,1,1,8,11.262896825396826,26.178571428571427,4398,13
1,1,1,2,8,7,19.09027777777778,26.958333333333332,4529,20
1,6,1,7,8,7,29.3859126984127,27.452380952380953,4612,30
1,5,1,8,6,6,27.34325396825397,27.482142857142858,4617,27
1,1,1,1,1,8,11.071428571428571,26.00595238095238,4369,13
7,2,1,4,1,10,21.333333333333332,27.017857142857142,4539,25
1,5,1,1,8,7,22.456349206349206,26.839285714285715,4509,23
7,1,4,1,3,6,22.02777777777778,26.93452380952381,4525,22
1,1,1,1,1,8,11.018849206349206,26.708333333333332,4487,13
1,1,1,3,3,8,15.08829365079365,27.017857142857142,4539,17
1,1,1,1,1,9,11.154761904761905,26.113095238095237,4387,14
2,1,1,1,1,8,12.283730158730158,26.601190476190474,4469,14
1,1,1,2,3,8,14.151785714285714,27.327380952380953,4591,16
1,1,1,2,1,1,12.081349206349206,26.75595238095238,4495,7
1,1,1,1,8,7,18.346230158730158,26.708333333333332,4487,19
2,4,1,5,7,7,25.061507936507937,26.982142857142858,4533,26
7,1,1,7,6,3,28.517857142857142,27.44047619047619,4610,25
1,1,1,3,3,7,15.136904761904763,26.946428571428573,4527,16
7,2,1,4,5,10,25.28075396825397,27.279761904761905,4583,29
2,1,1,7,6,3,23.302579365079364,27.273809523809526,4582,20
1,1,1,1,1,7,11.572420634920634,26.19047619047619,4400,12
1,1,1,1,1,8,11.026785714285714,26.577380952380953,4465,13
1,1,1,2,1,7,12.406746031746032,26.779761904761905,4499,13
1,1,1,5,3,7,17.432539682539684,27.154761904761905,4562,18
1,5,1,8,3,6,24.2390873015873,27.25,4578,24
1,1,1,2,1,8,12.243055555555555,26.595238095238095,4468,14
2,1,1,2,1,1,13.221230158730158,27.101190476190474,4553,8
1,1,1,2,1,8,12.149801587301587,26.833333333333332,4508,14
1,1,1,2,1,7,12.178571428571429,26.773809523809526,4498,13
1,1,2,2,1,7,13.117063492063492,26.708333333333332,4487,14
1,1,2,1,5,8,16.146825396825395,26.916666666666668,4522,18
1,1,1,7,3,7,19.353174603174605,27.196428571428573,4569,20
1,1,1,2,1,8,12.443452380952381,27.19047619047619,4568,14
1,1,2,2,4,6,16.325396825396826,27.202380952380953,4570,16
1,1,1,2,3,7,14.28670634920635,27.178571428571427,4566,15
1,1,1,5,3,1,17.258928571428573,27.470238095238095,4615,12
1,1,1,2,1,8,11.64781746031746,27.023809523809526,4540,14
2,1,1,5,3,7,18.366071428571427,27.095238095238095,4552,19
1,1,1,7,2,8,18.282738095238095,27.5,4620,20
1,1,1,8,3,6,20.381944444444443,27.226190476190474,4574,20
1,1,1,1,1,7,11.011904761904763,26.535714285714285,4458,12
1,1,2,1,4,8,15.078373015873016,26.94047619047619,4526,17
1,1,3,2,3,7,16.08531746031746,27.375,4599,17
7,1,1,2,3,7,20.498015873015873,27.267857142857142,4581,21
6,1,4,2,3,8,22.125992063492063,27.529761904761905,4625,24
1,1,1,2,3,8,14.438492063492063,27.660714285714285,4647,16
1,1,1,1,1,8,11.26388888888889,26.232142857142858,4407,13
1,4,1,7,8,7,27.463293650793652,27.511904761904763,4622,28
1,5,1,7,6,6,26.455357142857142,27.607142857142858,4638,26
1,1,1,1,1,8,11.31547619047619,26.660714285714285,4479,13
1,1,1,5,3,8,17.214285714285715,27.05952380952381,4546,19
1,1,1,1,1,6,11.217261904761905,26.595238095238095,4468,11
1,1,1,2,3,6,14.505952380952381,27.136904761904763,4559,14
1,1,1,1,1,8,11.158730158730158,26.208333333333332,4403,13
1,1,1,8,1,6,18.232142857142858,26.93452380952381,4525,18
1,5,1,2,1,2,15.91468253968254,26.732142857142858,4491,12
1,1,1,1,1,8,10.933531746031745,26.31547619047619,4421,13
1,1,1,2,3,7,14.318452380952381,27.523809523809526,4624,15
2,1,1,5,3,1,18.0,27.44047619047619,4610,13
1,1,1,2,3,8,14.166666666666666,27.24404761904762,4577,16
2,1,1,3,1,7,14.469246031746032,26.910714285714285,4521,15
2,1,2,5,3,6,19.46924603174603,27.30952380952381,4588,19
1,1,2,1,3,8,14.16170634920635,27.13095238095238,4558,16
1,1,1,2,1,7,11.874007936507937,26.86904761904762,4514,13
1,1,1,1,1,8,11.233134920634921,26.30952380952381,4420,13
1,1,1,1,3,7,12.748015873015873,27.38095238095238,4600,14
6,2,1,2,5,10,22.1765873015873,27.333333333333332,4592,26
1,1,1,5,4,1,18.19345238095238,27.43452380952381,4609,13
1,1,1,1,1,7,11.018849206349206,25.904761904761905,4352,12
1,1,1,5,3,1,17.303571428571427,27.267857142857142,4581,12
1,4,1,8,1,6,21.325396825396826,26.946428571428573,4527,21
7,1,1,7,3,3,25.293650793650794,27.160714285714285,4563,22
7,2,3,5,3,7,26.26388888888889,27.36904761904762,4598,27
1,1,1,1,1,8,11.206349206349206,26.404761904761905,4436,13
1,1,1,1,1,8,11.216269841269842,26.226190476190474,4406,13
1,4,1,7,1,6,19.97718253968254,26.99404761904762,4535,20
1,1,1,1,1,7,11.255952380952381,27.023809523809526,4540,12
1,1,1,2,1,8,12.407738095238095,26.75595238095238,4495,14
1,4,1,1,6,7,19.226190476190474,26.952380952380953,4528,20
1,1,1,7,8,6,24.22519841269841,27.601190476190474,4637,24
7,1,5,2,3,8,24.191468253968253,27.071428571428573,4548,26
1,1,1,1,1,7,11.241071428571429,26.398809523809526,4435,12
7,1,1,7,6,3,28.27777777777778,27.345238095238095,4594,25
2,1,1,5,3,1,18.297619047619047,27.303571428571427,4587,13
1,1,1,1,1,8,11.320436507936508,26.75595238095238,4495,13
1,1,1,2,1,1,12.320436507936508,26.946428571428573,4527,7
1,1,1,2,1,6,12.419642857142858,26.785714285714285,4500,12
1,1,1,1,2,7,12.295634920634921,26.726190476190474,4490,13
1,1,1,2,1,8,12.466269841269842,27.047619047619047,4544,14
1,1,1,1,1,8,11.392857142857142,26.470238095238095,4447,13
1,1,3,4,2,7,17.154761904761905,27.38095238095238,4600,18
1,4,1,7,8,7,27.23015873015873,27.654761904761905,4646,28
1,1,1,7,8,7,24.03075396825397,27.31547619047619,4589,25
1,1,1,1,1,7,11.215277777777779,26.428571428571427,4440,12
2,1,1,1,3,6,13.991071428571429,26.88095238095238,4516,14
1,1,1,1,6,8,16.080357142857142,26.636904761904763,4475,18
1,1,1,1,7,7,17.499007936507937,27.101190476190474,4553,18
1,1,1,4,5,9,18.1875,27.339285714285715,4593,21
1,1,1,1,1,8,11.26984126984127,26.38095238095238,4432,13
1,1,1,1,1,8,11.171626984126984,26.482142857142858,4449,13
1,1,1,1,3,7,13.124007936507937,26.845238095238095,4510,14
1,1,1,2,3,8,14.333333333333334,27.261904761904763,4580,16
1,1,1,1,1,1,11.125,26.18452380952381,4399,6
1,4,1,2,1,7,15.333333333333334,26.714285714285715,4488,16
1,5,1,1,1,7,15.188492063492063,26.5,4452,16
1,5,1,5,8,7,26.129960317460316,27.428571428571427,4608,27
1,1,1,2,3,7,14.37202380952381,27.303571428571427,4587,15
2,1,1,5,4,3,19.157738095238095,27.053571428571427,4545,16
2,1,1,5,3,1,18.131944444444443,27.375,4599,13
1,1,1,2,1,7,12.133928571428571,26.928571428571427,4524,13
1,1,1,2,1,8,12.271825396825397,26.50595238095238,4453,14
7,1,5,1,3,8,23.003968253968253,26.875,4515,25
1,4,1,7,3,6,22.28472222222222,27.077380952380953,4549,22
2,1,1,5,3,1,18.05654761904762,27.226190476190474,4574,13
1,1,1,7,8,7,24.21527777777778,27.363095238095237,4597,25
1,1,1,1,1,8,10.912698412698413,26.571428571428573,4464,13
1,1,1,1,1,8,11.399801587301587,26.839285714285715,4509,13
7,1,1,7,6,8,28.504960317460316,27.547619047619047,4628,30
1,1,1,1,3,7,13.266865079365079,26.636904761904763,4475,14
1,1,1,2,3,8,14.314484126984127,27.214285714285715,4572,16
1,5,1,5,6,6,24.235119047619047,27.261904761904763,4580,24
1,1,1,1,3,7,13.327380952380953,27.089285714285715,4551,14
2,1,1,1,3,1,14.044642857142858,27.31547619047619,4589,9
1,1,1,1,1,7,11.016865079365079,26.773809523809526,4498,12
1,1,3,1,1,7,13.01984126984127,26.529761904761905,4457,14
1,1,1,2,1,8,12.471230158730158,26.55952380952381,4462,14
1,1,1,1,3,7,12.995039682539682,26.696428571428573,4485,14
1,1,1,1,8,1,17.249007936507937,27.13095238095238,4558,13
1,1,1,6,6,6,20.716269841269842,27.06547619047619,4547,21
1,1,2,7,3,7,20.288690476190474,27.05952380952381,4546,21
1,1,1,2,1,8,11.961309523809524,26.488095238095237,4450,14
7,1,1,7,6,1,28.379960317460316,27.113095238095237,4555,23
1,1,1,1,1,8,11.031746031746032,26.095238095238095,4384,13
1,1,1,2,3,8,14.325396825396826,27.113095238095237,4555,16
1,1,1,1,1,8,11.084325396825397,26.428571428571427,4440,13
1,1,1,1,2,7,12.140873015873016,26.720238095238095,4489,13
1,1,1,1,1,8,11.015873015873016,26.113095238095237,4387,13
1,1,1,2,1,1,12.193452380952381,27.166666666666668,4564,7
1,1,1,1,1,6,11.077380952380953,26.36904761904762,4430,11
1,1,1,1,1,7,11.007936507936508,26.803571428571427,4503,12
1,1,1,1,1,2,11.32638888888889,26.488095238095237,4450,7
1,1,1,2,3,6,14.280753968253968,27.172619047619047,4565,14
2,1,1,5,3,1,18.151785714285715,27.31547619047619,4589,13
1,1,1,8,3,7,20.466269841269842,27.136904761904763,4559,21
1,1,1,7,8,7,24.275793650793652,27.5,4620,25
1,1,1,6,1,7,15.998015873015873,27.05952380952381,4546,17
1,2,1,2,3,7,15.209325396825397,27.226190476190474,4574,16
7,2,1,4,6,10,26.092261904761905,27.702380952380953,4654,30
2,1,1,5,3,1,18.0515873015873,27.166666666666668,4564,13
1,1,1,2,1,8,12.589285714285714,27.053571428571427,4545,14
1,5,1,7,1,7,21.34722222222222,26.625,4473,22
1,1,1,2,3,8,14.387896825396826,27.017857142857142,4539,16
1,1,1,2,1,7,12.293650793650794,26.583333333333332,4466,13
1,5,1,8,6,6,27.241071428571427,27.095238095238095,4552,27
1,1,1,1,1,8,11.500992063492063,26.654761904761905,4478,13
1,1,1,1,1,7,11.426587301587302,26.375,4431,12
1,4,2,8,6,8,27.17063492063492,27.339285714285715,4593,29
2,1,1,5,8,8,23.19345238095238,27.363095238095237,4597,25
7,1,1,7,3,6,25.360119047619047,27.375,4599,25
2,1,1,5,3,9,18.375992063492063,27.357142857142858,4596,21
1,1,1,1,1,8,11.101190476190476,26.625,4473,13
1,1,1,1,3,8,13.357142857142858,26.922619047619047,4523,15
1,1,1,2,3,8,14.177579365079366,27.31547619047619,4589,16
1,1,1,5,3,1,17.2390873015873,27.285714285714285,4584,12
1,1,1,1,1,8,11.093253968253968,26.291666666666668,4417,13
1,1,1,2,3,6,14.270833333333334,26.99404761904762,4535,14
1,5,1,7,3,6,23.334325396825395,27.547619047619047,4628,23
1,1,1,2,1,1,12.188492063492063,26.839285714285715,4509,7
1,1,1,1,3,8,13.139880952380953,26.821428571428573,4506,15
1,1,1,2,1,1,11.990079365079366,27.00595238095238,4537,7
1,1,1,1,2,7,12.45734126984127,26.261904761904763,4412,13
1,5,1,8,6,8,27.512896825396826,27.160714285714285,4563,29
1,1,1,1,1,8,11.433531746031745,26.31547619047619,4421,13
1,1,1,1,1,7,11.552579365079366,26.220238095238095,4405,12
7,5,1,7,3,8,29.349206349206348,27.38095238095238,4600,31
3,1,1,2,1,7,14.117063492063492,26.666666666666668,4480,15
1,1,1,6,1,1,16.251984126984127,26.714285714285715,4488,11
1,1,1,5,3,1,17.20436507936508,27.291666666666668,4585,12
7,1,2,7,6,3,29.487103174603174,27.589285714285715,4635,26
1,1,1,2,3,8,14.557539682539682,27.38095238095238,4600,16
1,1,1,1,1,8,11.216269841269842,26.095238095238095,4384,13
1,1,1,1,1,6,11.072420634920634,26.55952380952381,4462,11
1,1,1,7,3,1,18.907738095238095,27.511904761904763,4622,14
1,1,1,2,5,3,16.322420634920636,27.13095238095238,4558,13
7,2,3,4,5,1,26.65277777777778,27.541666666666668,4627,22
1,1,3,3,1,7,15.010912698412698,26.726190476190474,4490,16
7,1,4,2,3,7,23.174603174603174,27.101190476190474,4553,24
1,1,1,1,1,8,11.234126984126984,26.571428571428573,4464,13
2,1,1,5,3,7,18.261904761904763,27.136904761904763,4559,19
1,1,1,1,1,8,11.172619047619047,26.392857142857142,4434,13
1,5,1,7,8,7,28.095238095238095,27.363095238095237,4597,29
1,5,1,6,8,7,27.15277777777778,27.416666666666668,4606,28
1,1,1,2,1,8,12.26388888888889,27.071428571428573,4548,14
1,1,1,5,1,6,15.356150793650794,26.779761904761905,4499,15
1,1,1,7,8,6,24.064484126984127,27.113095238095237,4555,24
1,1,1,1,1,7,11.035714285714286,26.261904761904763,4412,12
1,1,1,1,1,6,11.283730158730158,26.232142857142858,4407,11
1,1,1,1,1,8,11.233134920634921,26.36904761904762,4430,13
1,1,1,2,1,8,12.09920634920635,26.904761904761905,4520,14
1,1,4,1,3,6,16.322420634920636,27.023809523809526,4540,16
1,1,1,2,3,7,14.50297619047619,27.267857142857142,4581,15
2,1,1,1,3,7,14.249007936507937,27.035714285714285,4542,15
2,1,1,1,1,8,11.841269841269842,25.970238095238095,4363,14
1,1,1,1,1,8,11.261904761904763,26.68452380952381,4483,13
1,1,1,1,1,1,11.160714285714286,26.583333333333332,4466,6
7,1,1,7,6,3,28.374007936507937,27.345238095238095,4594,25
1,1,1,1,1,7,11.28670634920635,26.43452380952381,4441,12
7,1,4,2,3,6,22.884920634920636,27.422619047619047,4607,23
1,4,1,7,8,1,27.3015873015873,27.392857142857142,4602,22
1,1,1,2,1,8,12.40079365079365,26.863095238095237,4513,14
2,1,1,5,3,1,18.143849206349206,27.285714285714285,4584,13
7,2,3,4,5,8,26.96031746031746,27.464285714285715,4614,29
1,1,1,7,1,8,17.27480158730159,27.035714285714285,4542,19
1,1,3,2,1,9,13.967261904761905,27.00595238095238,4537,17
1,1,1,2,3,7,13.846230158730158,27.208333333333332,4571,15
1,1,1,1,1,7,11.302579365079366,26.422619047619047,4439,12
1,1,1,1,2,7,12.709325396825397,26.589285714285715,4467,13
1,1,1,1,2,7,11.700396825396826,26.761904761904763,4496,13
1,1,1,3,1,1,13.336309523809524,26.982142857142858,4533,8
1,1,2,3,4,8,17.128968253968253,27.321428571428573,4590,19
1,1,1,2,1,7,12.181547619047619,26.714285714285715,4488,13
1,1,1,2,8,7,19.206349206349206,27.345238095238095,4594,20
1,1,1,5,3,7,17.165674603174605,27.261904761904763,4580,18
1,1,1,7,6,3,22.509920634920636,27.142857142857142,4560,19
1,1,1,1,1,1,10.768849206349206,26.583333333333332,4466,6
1,1,1,2,6,8,17.124007936507937,27.113095238095237,4555,19
1,1,1,2,1,8,12.185515873015873,26.672619047619047,4481,14
1,5,1,7,3,7,23.04563492063492,27.44047619047619,4610,24
2,1,1,6,3,1,19.178571428571427,27.321428571428573,4590,14
1,1,1,1,1,8,10.97420634920635,26.428571428571427,4440,13
1,1,1,1,1,8,11.347222222222221,26.75,4494,13
1,1,2,2,3,8,15.203373015873016,27.107142857142858,4554,17
1,1,1,2,1,7,12.375992063492063,27.214285714285715,4572,13
1,1,1,2,1,7,12.484126984126984,26.773809523809526,4498,13
1,1,1,1,1,8,11.341269841269842,26.892857142857142,4518,13
1,1,1,2,1,9,12.363095238095237,26.547619047619047,4460,15
1,1,1,1,8,7,18.357142857142858,26.86904761904762,4514,19
7,1,1,4,6,9,25.36904761904762,27.511904761904763,4622,28
1,1,1,2,3,6,14.424603174603174,27.38095238095238,4600,14
1,1,1,1,1,8,11.215277777777779,26.571428571428573,4464,13
7,1,4,2,3,8,23.33531746031746,27.238095238095237,4576,25
2,1,1,2,1,7,13.41170634920635,26.607142857142858,4470,14
1,1,1,1,1,8,11.342261904761905,26.345238095238095,4426,13
2,1,1,5,3,1,18.157738095238095,27.071428571428573,4548,13
2,1,1,5,3,1,18.171626984126984,27.589285714285715,4635,13
1,1,1,7,3,7,19.359126984126984,27.339285714285715,4593,20
1,1,1,1,3,7,13.343253968253968,27.089285714285715,4551,14
6,5,1,7,8,6,33.42162698412698,27.38095238095238,4600,33
2,1,1,5,3,8,18.334325396825395,27.172619047619047,4565,20
1,4,1,8,1,5,20.8125,26.827380952380953,4507,20
1,1,1,1,3,8,13.291666666666666,27.30952380952381,4588,15
7,1,3,4,6,10,27.2609126984127,27.220238095238095,4573,31
1,2,1,2,1,7,13.44047619047619,26.69047619047619,4484,14
1,1,2,1,1,8,12.22718253968254,26.666666666666668,4480,14
1,1,1,4,1,9,14.135912698412698,27.178571428571427,4566,17
1,1,1,2,3,8,13.875992063492063,27.50595238095238,4621,16
1,1,1,1,1,6,11.16170634920635,26.5,4452,11
1,1,1,1,3,7,13.266865079365079,27.107142857142858,4554,14
1,5,1,2,8,6,23.444444444444443,27.11904761904762,4556,23
1,1,1,2,1,7,12.389880952380953,27.017857142857142,4539,13
2,1,1,1,1,8,12.145833333333334,26.607142857142858,4470,14
1,1,1,1,3,6,13.364087301587302,26.678571428571427,4482,13
1,1,1,2,3,6,14.156746031746032,27.303571428571427,4587,14
1,1,1,1,2,1,12.117063492063492,26.851190476190474,4511,7
1,5,1,7,7,6,27.18452380952381,27.428571428571427,4608,27
1,1,1,5,3,1,17.168650793650794,27.18452380952381,4567,12
2,1,1,7,3,1,20.223214285714285,27.160714285714285,4563,15
7,2,3,4,5,10,26.509920634920636,27.416666666666668,4606,31
1,1,1,1,1,8,11.290674603174603,26.547619047619047,4460,13
1,2,1,2,1,7,13.054563492063492,26.958333333333332,4529,14
7,1,1,7,6,3,28.38293650793651,27.261904761904763,4580,25
1,4,1,2,3,8,17.166666666666668,27.220238095238095,4573,19
1,1,1,1,1,8,11.168650793650794,26.470238095238095,4447,13
1,1,1,2,1,5,12.081349206349206,26.732142857142858,4491,11
1,1,1,1,1,1,10.976190476190476,26.839285714285715,4509,6
7,1,4,2,3,8,23.033730158730158,27.208333333333332,4571,25
1,1,1,1,2,7,12.343253968253968,26.839285714285715,4509,13
7,2,3,4,6,9,27.831349206349206,27.56547619047619,4631,31
6,1,1,6,6,3,26.384920634920636,27.25595238095238,4579,23
7,2,3,1,5,8,23.848214285714285,27.172619047619047,4565,26
1,1,1,7,8,7,24.529761904761905,27.428571428571427,4608,25
1,1,1,1,1,8,11.283730158730158,26.535714285714285,4458,13
1,1,1,1,2,8,12.075396825396826,27.160714285714285,4563,14
1,1,1,7,3,6,19.291666666666668,27.398809523809526,4603,19
2,1,1,2,3,7,15.441468253968255,27.13095238095238,4558,16
2,1,2,2,1,7,14.29861111111111,26.928571428571427,4524,15
1,5,1,8,6,8,27.115079365079364,27.023809523809526,4540,29
2,1,1,5,3,1,18.136904761904763,27.416666666666668,4606,13
1,1,1,1,1,8,11.226190476190476,26.458333333333332,4445,13
1,5,1,8,3,6,24.39781746031746,27.738095238095237,4660,24
2,1,1,2,3,7,15.4375,27.208333333333332,4571,16
1,1,1,5,8,7,21.4484126984127,27.404761904761905,4604,23
1,1,1,2,3,6,14.337301587301587,27.333333333333332,4592,14
1,1,1,1,1,8,11.08829365079365,26.86904761904762,4514,13
1,1,1,1,3,8,13.454365079365079,26.898809523809526,4519,15
1,1,1,1,1,8,11.270833333333334,26.464285714285715,4446,13
1,1,1,7,8,7,24.188492063492063,26.922619047619047,4523,25
1,1,1,1,1,6,11.328373015873016,26.38095238095238,4432,11
1,1,1,1,1,8,11.197420634920634,26.535714285714285,4458,13
1,1,1,1,3,7,13.387896825396826,26.898809523809526,4519,14
1,1,1,2,3,7,14.385912698412698,27.13095238095238,4558,15
1,1,1,1,1,7,11.23015873015873,26.363095238095237,4429,12
1,1,1,1,3,7,13.496031746031745,27.047619047619047,4544,14
1,1,1,1,1,7,11.505952380952381,26.80952380952381,4504,12
1,1,1,2,3,7,14.412698412698413,27.178571428571427,4566,15
1,1,1,7,8,7,24.24206349206349,27.273809523809526,4582,25
1,1,1,2,4,7,15.375,27.517857142857142,4623,16
6,2,3,4,1,8,21.995039682539684,26.898809523809526,4519,24
1,1,2,2,1,8,13.317460317460318,26.547619047619047,4460,15
1,1,1,2,1,7,12.419642857142858,26.928571428571427,4524,13
1,1,4,8,6,6,26.19047619047619,27.654761904761905,4646,26
1,1,1,5,3,8,16.896825396825395,27.160714285714285,4563,19
1,1,1,5,3,1,16.996031746031747,27.136904761904763,4559,12
1,4,1,2,6,8,20.256944444444443,27.267857142857142,4581,22
7,1,1,7,6,3,28.3859126984127,27.333333333333332,4592,25
1,1,2,2,1,7,13.15079365079365,26.976190476190474,4532,14
1,1,1,2,1,7,12.258928571428571,27.11904761904762,4556,13
1,1,1,5,3,7,17.18452380952381,27.297619047619047,4586,18
2,1,1,5,3,1,18.161706349206348,27.476190476190474,4616,13
1,1,1,2,3,8,14.06547619047619,27.31547619047619,4589,16
1,5,1,1,7,6,21.36706349206349,27.06547619047619,4547,21
1,2,1,1,3,7,14.340277777777779,27.023809523809526,4540,15
1,1,1,2,3,7,14.203373015873016,27.398809523809526,4603,15
1,4,1,1,1,7,14.157738095238095,26.660714285714285,4479,15
1,1,1,1,1,1,10.943452380952381,26.50595238095238,4453,6
1,1,1,2,1,7,12.32638888888889,26.648809523809526,4477,13
1,1,1,7,8,7,24.064484126984127,27.25,4578,25
1,1,1,1,1,8,11.063492063492063,26.642857142857142,4476,13
7,1,4,2,3,8,22.450396825396826,27.357142857142858,4596,25
1,1,1,1,1,7,11.228174603174603,26.476190476190474,4448,12
1,1,1,1,1,7,11.310515873015873,26.226190476190474,4406,12
1,1,1,1,1,8,11.253968253968255,26.5,4452,13
1,1,1,1,6,9,16.31547619047619,26.839285714285715,4509,19
1,1,1,1,1,7,11.307539682539682,26.5,4452,12
1,5,1,7,8,7,28.28174603174603,27.553571428571427,4629,29
6,5,1,4,3,9,25.33730158730159,27.327380952380953,4591,28
2,1,1,1,1,1,11.88888888888889,26.386904761904763,4433,7
1,1,1,2,3,8,14.353174603174603,26.946428571428573,4527,16
1,1,1,8,3,6,20.124007936507937,27.333333333333332,4592,20
7,1,4,2,3,8,23.05654761904762,27.148809523809526,4561,25
1,1,1,1,1,7,11.537698412698413,26.577380952380953,4465,12
1,1,1,2,1,8,12.182539682539682,27.464285714285715,4614,14
1,1,1,1,1,8,11.136904761904763,26.422619047619047,4439,13
2,1,1,5,3,1,18.14980158730159,27.482142857142858,4617,13
1,4,1,7,3,6,22.28472222222222,27.571428571428573,4632,22
2,1,1,7,1,7,18.24702380952381,27.071428571428573,4548,19
1,5,1,8,8,6,29.686507936507937,27.523809523809526,4624,29
1,1,1,2,2,7,13.17361111111111,27.089285714285715,4551,14
1,1,1,8,3,6,20.495039682539684,27.261904761904763,4580,20
1,1,1,1,1,8,11.231150793650794,26.446428571428573,4443,13
1,1,1,1,1,8,11.375992063492063,26.577380952380953,4465,13
7,2,4,4,5,9,27.71527777777778,27.047619047619047,4544,31
1,1,1,1,1,8,11.185515873015873,26.607142857142858,4470,13
1,1,1,1,1,7,11.324404761904763,26.44047619047619,4442,12
