generation_index,individual_index,post_loading_buffer_capacity,post_conveyor_buffer_capacity,post_washing_buffer_capacity,pre_press1_buffer_capacity,pre_press2_buffer_capacity,post_press_buffer_capacity,wip,throughput
0,0,5,5,3,7,2,4,1840.4291197773773,30.0796875
0,1,6,2,8,3,7,4,1877.03931766358,30.105729166666666
0,2,2,5,3,8,7,6,1836.987246624105,29.723958333333336
0,3,1,4,6,10,7,1,1849.108861075,29.99010416666667
0,4,1,2,9,1,1,7,1864.8078962977524,30.069791666666667
0,5,10,8,1,10,8,4,1840.8424739025018,29.975520833333334
0,6,9,8,4,9,5,5,1874.3115386527913,30.055729166666666
0,7,2,1,5,5,9,2,1843.2508184191774,29.90625
0,8,10,1,1,4,10,5,1863.7753747937797,29.97083333333333
0,9,3,3,5,2,9,6,1873.2991688333125,29.860416666666666
0,10,4,3,8,3,5,1,1885.7568071142641,29.984895833333333
0,11,10,7,1,2,9,3,1885.5019968565498,29.938541666666666
0,12,7,5,10,2,10,9,1853.6783999248028,29.84166666666667
0,13,3,1,6,8,7,1,1854.2217927706697,29.8421875
0,14,10,7,1,7,4,5,1873.3709401310193,29.8203125
0,15,2,1,9,4,7,4,1897.3220559334372,29.973958333333332
0,16,1,7,5,1,4,6,1885.509603493193,29.918229166666666
0,17,4,9,5,5,2,4,1924.075104579978,29.93958333333333
0,18,5,10,10,7,9,1,1892.007365136245,29.897916666666667
0,19,6,8,6,6,9,6,1879.2245791951516,29.7109375
0,20,1,8,5,10,7,1,1886.586385384801,29.7828125
0,21,2,9,6,5,4,6,1908.6253947354141,29.9328125
0,22,1,6,8,7,2,10,1890.0373888201889,29.879166666666666
0,23,5,6,7,9,7,7,1879.2245791951516,29.7109375
0,24,10,3,8,1,10,1,1895.4900936334916,29.894270833333334
0,25,3,8,8,4,6,5,1890.582942360257,29.8625
0,26,9,7,5,7,5,9,1896.6398622624447,29.89270833333333
0,27,4,8,10,9,4,7,1895.0505185087638,29.843229166666667
0,28,4,2,10,3,9,5,1895.36348618165,29.671875
0,29,9,5,6,4,2,3,1910.4791387083988,29.8921875
0,30,6,3,8,7,2,3,1910.4791387083988,29.8921875
0,31,9,3,10,3,5,5,1901.6256652072823,29.889583333333334
0,32,7,6,8,8,4,3,1897.798063813653,29.8578125
0,33,3,5,8,7,3,4,1904.231085444971,29.863020833333334
0,34,2,2,8,5,3,5,1904.7248696417234,29.8859375
0,35,6,1,7,2,8,4,1899.0074814290153,29.778645833333332
0,36,6,10,7,6,5,3,1901.2792386246579,29.847916666666666
0,37,5,7,2,6,9,8,1901.2576808127574,29.790625
0,38,3,5,8,7,6,9,1899.2466605618527,29.780729166666667
0,39,3,3,5,7,8,10,1899.9268159373946,29.75
0,40,7,3,6,3,2,2,1911.0127130689111,29.805208333333333
0,41,8,7,5,7,10,9,1905.5225690556429,29.776041666666664
0,42,9,7,8,1,8,1,1900.8134290569556,29.5765625
0,43,6,3,2,2,1,3,1934.4898897358019,29.783333333333335
0,44,6,9,2,5,2,6,1926.166367625008,29.7734375
0,45,8,9,2,3,8,9,1905.2012607441338,29.72864583333333
0,46,6,6,9,3,4,10,1907.380728715622,29.733854166666667
0,47,8,6,7,4,4,9,1907.380728715622,29.733854166666667
0,48,3,3,5,7,6,9,1916.5153298226119,29.7046875
0,49,9,3,3,4,3,3,1963.3632039509419,29.667708333333334
1,0,5,5,3,7,2,4,1840.4291197773773,30.0796875
1,1,6,2,8,3,7,4,1877.03931766358,30.105729166666666
1,2,2,5,3,8,7,6,1836.987246624105,29.723958333333336
1,3,10,1,1,4,9,5,1865.5529329279977,30.0921875
1,4,1,4,6,10,7,1,1849.108861075,29.99010416666667
1,5,1,2,9,1,1,7,1864.8078962977524,30.069791666666667
1,6,10,8,1,10,8,4,1840.8424739025018,29.975520833333334
1,7,9,8,4,9,5,5,1874.3115386527913,30.055729166666666
1,8,2,1,5,5,9,2,1843.2508184191774,29.90625
1,9,10,1,1,4,10,5,1863.7753747937797,29.97083333333333
1,10,4,3,8,3,5,1,1885.7568071142641,29.984895833333333
1,11,7,5,10,2,10,9,1853.6783999248028,29.84166666666667
1,12,3,1,6,8,7,1,1854.2217927706697,29.8421875
1,13,8,6,5,7,10,7,1853.6783999248028,29.84166666666667
1,14,1,4,5,2,9,6,1889.0053606414824,30.020833333333332
1,15,2,8,2,1,9,5,1883.5211034651072,29.957291666666666
1,16,1,5,9,4,2,3,1870.578365327542,29.92760416666667
1,17,3,3,5,2,9,6,1873.2991688333125,29.860416666666666
1,18,10,7,1,2,9,3,1885.5019968565498,29.938541666666666
1,19,2,1,9,4,7,4,1897.3220559334372,29.973958333333332
1,20,9,3,3,9,4,2,1887.6339032466715,29.96302083333333
1,21,5,10,10,3,9,1,1864.7065614346332,29.797395833333333
1,22,2,2,6,9,7,1,1875.5304256427808,29.894791666666666
1,23,10,7,1,7,4,5,1873.3709401310193,29.8203125
1,24,1,7,5,1,4,6,1885.509603493193,29.918229166666666
1,25,6,10,8,7,7,1,1867.122223665195,29.698958333333334
1,26,6,5,10,6,9,9,1879.5109865767745,29.844791666666666
1,27,9,5,6,4,8,3,1897.085497769311,29.961458333333333
1,28,2,5,3,8,6,6,1882.3085443029247,29.881770833333334
1,29,1,4,6,8,6,1,1868.4722428612276,29.795833333333334
1,30,9,7,7,4,5,3,1897.085497769311,29.961458333333333
1,31,5,10,10,7,9,1,1892.007365136245,29.897916666666667
1,32,6,8,6,6,9,6,1879.2245791951516,29.7109375
1,33,1,6,8,7,2,10,1890.0373888201889,29.879166666666666
1,34,5,6,7,9,7,7,1879.2245791951516,29.7109375
1,35,3,7,7,4,6,5,1886.021476218834,29.8203125
1,36,4,7,1,4,2,3,1902.8259816502905,29.954166666666666
1,37,9,5,10,3,7,7,1879.2245791951516,29.7109375
1,38,2,1,5,5,9,8,1899.6279602801317,29.930208333333333
1,39,6,1,8,7,6,3,1884.324325118772,29.719270833333333
1,40,4,9,5,5,2,4,1924.075104579978,29.93958333333333
1,41,1,8,5,10,7,1,1886.586385384801,29.7828125
1,42,2,9,6,5,4,6,1908.6253947354141,29.9328125
1,43,10,3,8,1,10,1,1895.4900936334916,29.894270833333334
1,44,3,8,8,4,6,5,1890.582942360257,29.8625
1,45,1,7,5,1,4,4,1914.101340136381,29.927083333333332
1,46,9,5,6,3,2,3,1890.422247974527,29.708333333333336
1,47,9,7,5,7,5,9,1896.6398622624447,29.89270833333333
1,48,4,8,10,9,4,7,1895.0505185087638,29.843229166666667
1,49,9,1,5,4,7,4,1892.3136802624208,29.746875
2,0,5,5,3,7,2,4,1840.4291197773773,30.0796875
2,1,6,2,8,3,7,4,1877.03931766358,30.105729166666666
2,2,2,5,3,8,7,6,1836.987246624105,29.723958333333336
2,3,10,1,1,4,9,5,1865.5529329279977,30.0921875
2,4,2,3,6,5,4,6,1840.2454178877838,29.7609375
2,5,10,1,1,4,3,5,1856.4654119961626,30.0875
2,6,9,1,1,4,10,5,1865.5529329279977,30.0921875
2,7,1,4,6,10,7,1,1849.108861075,29.99010416666667
2,8,1,2,9,1,1,7,1864.8078962977524,30.069791666666667
2,9,10,8,1,10,8,4,1840.8424739025018,29.975520833333334
2,10,9,8,4,9,5,5,1874.3115386527913,30.055729166666666
2,11,2,1,5,5,9,2,1843.2508184191774,29.90625
2,12,10,1,1,4,10,5,1863.7753747937797,29.97083333333333
2,13,9,1,9,3,10,9,1873.6290285543225,29.9734375
2,14,9,6,6,9,5,5,1874.3115386527913,30.055729166666666
2,15,8,5,10,3,7,7,1874.3115386527913,30.055729166666666
2,16,7,5,10,2,10,9,1853.6783999248028,29.84166666666667
2,17,3,1,6,8,7,1,1854.2217927706697,29.8421875
2,18,8,6,5,7,10,7,1853.6783999248028,29.84166666666667
2,19,1,4,5,2,9,6,1889.0053606414824,30.020833333333332
2,20,1,5,9,4,2,3,1870.578365327542,29.92760416666667
2,21,9,2,8,3,9,3,1869.5849466902475,29.8609375
2,22,1,4,5,2,9,6,1889.0053606414824,30.020833333333332
2,23,6,10,5,7,6,1,1875.7125627248936,29.986979166666668
2,24,3,9,8,7,1,1,1884.959454130606,29.996875
2,25,4,3,8,3,5,1,1885.7568071142641,29.984895833333333
2,26,3,3,5,2,9,6,1873.2991688333125,29.860416666666666
2,27,5,10,10,3,9,1,1864.7065614346332,29.797395833333333
2,28,2,2,6,9,7,1,1875.5304256427808,29.894791666666666
2,29,8,2,7,7,9,6,1872.9346551433632,29.815625
2,30,10,3,2,1,10,1,1891.2049203881816,29.999479166666667
2,31,4,6,5,3,5,1,1885.7568071142641,29.984895833333333
2,32,1,9,6,10,7,1,1878.6730077154198,29.978125
2,33,3,3,5,8,4,5,1873.2991688333125,29.860416666666666
2,34,10,7,1,7,4,5,1873.3709401310193,29.8203125
2,35,6,10,8,7,7,1,1867.122223665195,29.698958333333334
2,36,1,4,6,8,6,1,1868.4722428612276,29.795833333333334
2,37,2,2,6,1,1,1,1881.1565588870683,29.973958333333332
2,38,5,5,1,6,9,4,1874.2242483403772,29.85625
2,39,2,8,2,1,9,5,1883.5211034651072,29.957291666666666
2,40,2,1,9,4,7,4,1897.3220559334372,29.973958333333332
2,41,9,3,3,9,4,2,1887.6339032466715,29.96302083333333
2,42,6,5,10,6,9,9,1879.5109865767745,29.844791666666666
2,43,6,8,6,6,9,6,1879.2245791951516,29.7109375
2,44,5,6,7,9,7,7,1879.2245791951516,29.7109375
2,45,9,5,10,3,7,7,1879.2245791951516,29.7109375
2,46,1,2,9,8,7,6,1881.4684023935454,29.908333333333335
2,47,1,4,5,7,7,1,1881.973640656191,29.858854166666667
2,48,9,5,6,4,8,3,1897.085497769311,29.961458333333333
2,49,9,7,7,4,5,3,1897.085497769311,29.961458333333333
3,0,5,5,3,7,2,4,1840.4291197773773,30.0796875
3,1,6,2,8,3,7,4,1877.03931766358,30.105729166666666
3,2,2,5,3,8,7,6,1836.987246624105,29.723958333333336
3,3,10,1,1,4,9,5,1865.5529329279977,30.0921875
3,4,2,3,6,5,4,6,1840.2454178877838,29.7609375
3,5,10,1,1,4,3,5,1856.4654119961626,30.0875
3,6,9,1,1,4,10,5,1865.5529329279977,30.0921875
3,7,9,1,1,4,10,5,1865.5529329279977,30.0921875
3,8,5,2,9,6,1,7,1877.03931766358,30.105729166666666
3,9,2,5,3,8,7,6,1836.987246624105,29.723958333333336
3,10,10,1,1,3,10,5,1865.5529329279977,30.0921875
3,11,1,4,6,10,7,1,1849.108861075,29.99010416666667
3,12,1,2,9,1,1,7,1864.8078962977524,30.069791666666667
3,13,10,8,1,10,8,4,1840.8424739025018,29.975520833333334
3,14,1,4,6,10,7,1,1849.108861075,29.99010416666667
3,15,9,8,4,9,5,5,1874.3115386527913,30.055729166666666
3,16,2,1,5,5,9,2,1843.2508184191774,29.90625
3,17,10,1,1,4,10,5,1863.7753747937797,29.97083333333333
3,18,9,1,9,3,10,9,1873.6290285543225,29.9734375
3,19,9,6,6,9,5,5,1874.3115386527913,30.055729166666666
3,20,8,5,10,3,7,7,1874.3115386527913,30.055729166666666
3,21,2,1,5,5,9,2,1843.2508184191774,29.90625
3,22,5,2,7,7,9,4,1856.0809728202782,29.917708333333334
3,23,1,4,5,2,9,6,1889.0053606414824,30.020833333333332
3,24,1,5,9,4,2,3,1870.578365327542,29.92760416666667
3,25,1,4,5,2,9,6,1889.0053606414824,30.020833333333332
3,26,6,10,5,7,6,1,1875.7125627248936,29.986979166666668
3,27,8,9,8,3,7,1,1881.7845552876422,30.016666666666666
3,28,1,3,5,8,5,5,1889.0053606414824,30.020833333333332
3,29,2,9,3,8,7,6,1863.9294498222719,29.871354166666666
3,30,9,3,9,9,9,2,1849.1882685053902,29.842708333333334
3,31,2,3,5,2,4,6,1889.9287689380774,30.04375
3,32,7,5,10,2,10,9,1853.6783999248028,29.84166666666667
3,33,3,1,6,8,7,1,1854.2217927706697,29.8421875
3,34,8,6,5,7,10,7,1853.6783999248028,29.84166666666667
3,35,9,2,8,3,9,3,1869.5849466902475,29.8609375
3,36,3,9,8,7,1,1,1884.959454130606,29.996875
3,37,2,2,6,9,7,1,1875.5304256427808,29.894791666666666
3,38,10,3,2,1,10,1,1891.2049203881816,29.999479166666667
3,39,1,9,6,10,7,1,1878.6730077154198,29.978125
3,40,3,2,5,8,4,4,1877.3767336498543,29.90625
3,41,7,5,10,2,10,9,1853.6783999248028,29.84166666666667
3,42,9,3,2,1,7,1,1868.662533627661,29.856770833333332
3,43,7,5,9,4,9,9,1853.6783999248028,29.84166666666667
3,44,4,3,8,3,5,1,1885.7568071142641,29.984895833333333
3,45,4,6,5,3,5,1,1885.7568071142641,29.984895833333333
3,46,5,10,10,3,9,1,1864.7065614346332,29.797395833333333
3,47,2,2,6,1,1,1,1881.1565588870683,29.973958333333332
3,48,8,2,7,7,9,6,1872.9346551433632,29.815625
3,49,3,3,5,2,9,6,1873.2991688333125,29.860416666666666
4,0,2,1,5,4,5,1,1835.4115877086429,30.135416666666668
4,1,5,5,3,7,2,4,1840.4291197773773,30.0796875
4,2,6,2,8,3,7,4,1877.03931766358,30.105729166666666
4,3,2,5,3,8,7,6,1836.987246624105,29.723958333333336
4,4,10,1,1,4,9,5,1865.5529329279977,30.0921875
4,5,2,3,6,5,4,6,1840.2454178877838,29.7609375
4,6,10,1,1,4,3,5,1856.4654119961626,30.0875
4,7,9,1,1,4,10,5,1865.5529329279977,30.0921875
4,8,9,1,1,4,10,5,1865.5529329279977,30.0921875
4,9,5,2,9,6,1,7,1877.03931766358,30.105729166666666
4,10,2,5,3,8,7,6,1836.987246624105,29.723958333333336
4,11,10,1,1,3,10,5,1865.5529329279977,30.0921875
4,12,5,5,3,7,2,4,1840.4291197773773,30.0796875
4,13,2,3,5,5,3,2,1865.9864451425044,30.102083333333333
4,14,10,8,1,10,8,4,1840.8424739025018,29.975520833333334
4,15,10,1,1,6,1,5,1843.785937296712,30.072916666666668
4,16,1,4,6,10,7,1,1849.108861075,29.99010416666667
4,17,1,2,9,1,1,7,1864.8078962977524,30.069791666666667
4,18,1,4,6,10,7,1,1849.108861075,29.99010416666667
4,19,2,1,5,5,9,2,1843.2508184191774,29.90625
4,20,2,1,5,5,9,2,1843.2508184191774,29.90625
4,21,1,2,9,1,1,7,1864.8078962977524,30.069791666666667
4,22,2,1,4,8,7,2,1843.2508184191774,29.90625
4,23,9,8,4,9,5,5,1874.3115386527913,30.055729166666666
4,24,9,6,6,9,5,5,1874.3115386527913,30.055729166666666
4,25,8,5,10,3,7,7,1874.3115386527913,30.055729166666666
4,26,9,3,9,9,9,2,1849.1882685053902,29.842708333333334
4,27,9,9,5,9,10,1,1860.767090648043,29.975
4,28,2,3,6,1,3,1,1860.1183020937785,29.945833333333333
4,29,5,1,5,5,9,1,1850.1298338711451,29.932291666666668
4,30,10,1,1,4,10,5,1863.7753747937797,29.97083333333333
4,31,9,1,9,3,10,9,1873.6290285543225,29.9734375
4,32,5,2,7,7,9,4,1856.0809728202782,29.917708333333334
4,33,6,10,5,7,6,1,1875.7125627248936,29.986979166666668
4,34,8,9,8,3,7,1,1881.7845552876422,30.016666666666666
4,35,2,3,5,2,4,6,1889.9287689380774,30.04375
4,36,7,5,10,2,10,9,1853.6783999248028,29.84166666666667
4,37,3,1,6,8,7,1,1854.2217927706697,29.8421875
4,38,8,6,5,7,10,7,1853.6783999248028,29.84166666666667
4,39,7,5,10,2,10,9,1853.6783999248028,29.84166666666667
4,40,7,5,9,4,9,9,1853.6783999248028,29.84166666666667
4,41,2,3,5,2,4,6,1889.9287689380774,30.04375
4,42,1,5,3,4,8,6,1888.6866573166535,30.033854166666668
4,43,1,3,5,8,5,5,1889.0053606414824,30.020833333333332
4,44,1,4,5,2,9,6,1889.0053606414824,30.020833333333332
4,45,2,9,3,8,7,6,1863.9294498222719,29.871354166666666
4,46,1,9,6,10,7,1,1878.6730077154198,29.978125
4,47,1,5,9,4,2,3,1870.578365327542,29.92760416666667
4,48,3,9,8,7,1,1,1884.959454130606,29.996875
4,49,1,5,9,4,2,3,1870.578365327542,29.92760416666667
5,0,2,1,5,4,5,1,1835.4115877086429,30.135416666666668
5,1,5,5,3,7,2,4,1840.4291197773773,30.0796875
5,2,6,2,8,3,7,4,1877.03931766358,30.105729166666666
5,3,2,5,3,8,7,6,1836.987246624105,29.723958333333336
5,4,10,1,1,4,9,5,1865.5529329279977,30.0921875
5,5,2,3,6,5,4,6,1840.2454178877838,29.7609375
5,6,10,1,1,4,3,5,1856.4654119961626,30.0875
5,7,9,1,1,4,10,5,1865.5529329279977,30.0921875
5,8,9,1,1,4,10,5,1865.5529329279977,30.0921875
5,9,5,2,9,6,1,7,1877.03931766358,30.105729166666666
5,10,2,5,3,8,7,6,1836.987246624105,29.723958333333336
5,11,10,1,1,3,10,5,1865.5529329279977,30.0921875
5,12,5,5,3,7,2,4,1840.4291197773773,30.0796875
5,13,2,3,5,5,3,2,1865.9864451425044,30.102083333333333
5,14,2,5,3,8,7,6,1836.987246624105,29.723958333333336
5,15,10,8,1,10,8,4,1840.8424739025018,29.975520833333334
5,16,10,1,1,6,1,5,1843.785937296712,30.072916666666668
5,17,1,4,6,10,7,1,1849.108861075,29.99010416666667
5,18,1,2,9,1,1,7,1864.8078962977524,30.069791666666667
5,19,1,4,6,10,7,1,1849.108861075,29.99010416666667
5,20,2,1,5,5,9,2,1843.2508184191774,29.90625
5,21,2,1,5,5,9,2,1843.2508184191774,29.90625
5,22,1,2,9,1,1,7,1864.8078962977524,30.069791666666667
5,23,2,1,4,8,7,2,1843.2508184191774,29.90625
5,24,9,8,4,9,5,5,1874.3115386527913,30.055729166666666
5,25,9,6,6,9,5,5,1874.3115386527913,30.055729166666666
5,26,8,5,10,3,7,7,1874.3115386527913,30.055729166666666
5,27,9,3,9,9,9,2,1849.1882685053902,29.842708333333334
5,28,9,9,5,9,10,1,1860.767090648043,29.975
5,29,2,3,6,1,3,1,1860.1183020937785,29.945833333333333
5,30,5,1,5,5,9,1,1850.1298338711451,29.932291666666668
5,31,9,5,9,3,7,7,1874.3115386527913,30.055729166666666
5,32,10,1,1,4,10,5,1863.7753747937797,29.97083333333333
5,33,9,1,9,3,10,9,1873.6290285543225,29.9734375
5,34,5,2,7,7,9,4,1856.0809728202782,29.917708333333334
5,35,6,10,5,7,6,1,1875.7125627248936,29.986979166666668
5,36,8,9,8,3,7,1,1881.7845552876422,30.016666666666666
5,37,2,3,5,2,4,6,1889.9287689380774,30.04375
5,38,7,5,10,2,10,9,1853.6783999248028,29.84166666666667
5,39,3,1,6,8,7,1,1854.2217927706697,29.8421875
5,40,8,6,5,7,10,7,1853.6783999248028,29.84166666666667
5,41,7,5,10,2,10,9,1853.6783999248028,29.84166666666667
5,42,7,5,9,4,9,9,1853.6783999248028,29.84166666666667
5,43,2,3,5,2,4,6,1889.9287689380774,30.04375
5,44,9,9,6,9,1,1,1875.7125627248936,29.986979166666668
5,45,9,3,9,4,9,2,1883.0898247964597,30.0390625
5,46,1,5,3,4,8,6,1888.6866573166535,30.033854166666668
5,47,1,3,5,1,3,1,1862.7726785466755,29.832291666666666
5,48,2,9,3,8,7,6,1863.9294498222719,29.871354166666666
5,49,1,9,6,10,7,1,1878.6730077154198,29.978125
6,0,2,1,5,4,5,1,1835.4115877086429,30.135416666666668
6,1,5,5,3,7,2,4,1840.4291197773773,30.0796875
6,2,6,2,8,3,7,4,1877.03931766358,30.105729166666666
6,3,2,5,3,8,7,6,1836.987246624105,29.723958333333336
6,4,10,1,1,4,9,5,1865.5529329279977,30.0921875
6,5,10,1,1,4,3,5,1856.4654119961626,30.0875
6,6,9,1,1,4,10,5,1865.5529329279977,30.0921875
6,7,9,1,1,4,10,5,1865.5529329279977,30.0921875
6,8,5,2,9,6,1,7,1877.03931766358,30.105729166666666
6,9,2,5,3,8,7,6,1836.987246624105,29.723958333333336
6,10,10,1,1,3,10,5,1865.5529329279977,30.0921875
6,11,5,5,3,7,2,4,1840.4291197773773,30.0796875
6,12,2,3,5,5,3,2,1865.9864451425044,30.102083333333333
6,13,2,5,3,8,7,6,1836.987246624105,29.723958333333336
6,14,5,5,3,7,2,1,1839.7220295915217,30.014583333333334
6,15,2,3,6,5,4,6,1840.2454178877838,29.7609375
6,16,10,8,1,10,8,4,1840.8424739025018,29.975520833333334
6,17,10,1,1,6,1,5,1843.785937296712,30.072916666666668
6,18,10,1,1,6,1,5,1843.785937296712,30.072916666666668
6,19,1,4,6,10,7,1,1849.108861075,29.99010416666667
6,20,1,2,9,1,1,7,1864.8078962977524,30.069791666666667
6,21,1,4,6,10,7,1,1849.108861075,29.99010416666667
6,22,2,1,5,5,9,2,1843.2508184191774,29.90625
6,23,2,1,5,5,9,2,1843.2508184191774,29.90625
6,24,1,2,9,1,1,7,1864.8078962977524,30.069791666666667
6,25,2,1,4,8,7,2,1843.2508184191774,29.90625
6,26,1,4,5,9,9,1,1849.108861075,29.99010416666667
6,27,9,8,4,9,5,5,1874.3115386527913,30.055729166666666
6,28,9,6,6,9,5,5,1874.3115386527913,30.055729166666666
6,29,8,5,10,3,7,7,1874.3115386527913,30.055729166666666
6,30,9,3,9,9,9,2,1849.1882685053902,29.842708333333334
6,31,9,9,5,9,10,1,1860.767090648043,29.975
6,32,5,1,5,5,9,1,1850.1298338711451,29.932291666666668
6,33,9,5,9,3,7,7,1874.3115386527913,30.055729166666666
6,34,9,5,9,3,7,7,1874.3115386527913,30.055729166666666
6,35,2,3,5,2,1,6,1871.205525924049,29.98125
6,36,1,1,6,1,1,7,1859.9737069394312,29.9546875
6,37,7,5,9,4,9,9,1853.6783999248028,29.84166666666667
6,38,2,3,5,2,4,6,1889.9287689380774,30.04375
6,39,2,3,5,2,4,6,1889.9287689380774,30.04375
6,40,7,5,10,2,10,9,1853.6783999248028,29.84166666666667
6,41,5,2,7,7,9,4,1856.0809728202782,29.917708333333334
6,42,10,1,1,4,10,5,1863.7753747937797,29.97083333333333
6,43,8,9,8,3,7,1,1881.7845552876422,30.016666666666666
6,44,3,1,6,8,7,1,1854.2217927706697,29.8421875
6,45,9,1,9,3,10,9,1873.6290285543225,29.9734375
6,46,9,3,9,4,9,2,1883.0898247964597,30.0390625
6,47,2,3,6,1,3,1,1860.1183020937785,29.945833333333333
6,48,2,3,6,1,3,1,1860.1183020937785,29.945833333333333
6,49,9,9,6,9,1,1,1875.7125627248936,29.986979166666668
7,0,2,1,5,4,5,1,1835.4115877086429,30.135416666666668
7,1,2,1,5,4,5,1,1835.4115877086429,30.135416666666668
7,2,5,5,3,7,2,4,1840.4291197773773,30.0796875
7,3,6,2,8,3,7,4,1877.03931766358,30.105729166666666
7,4,2,5,3,8,7,6,1836.987246624105,29.723958333333336
7,5,10,1,1,4,9,5,1865.5529329279977,30.0921875
7,6,10,1,1,4,3,5,1856.4654119961626,30.0875
7,7,9,1,1,4,10,5,1865.5529329279977,30.0921875
7,8,9,1,1,4,10,5,1865.5529329279977,30.0921875
7,9,5,2,9,6,1,7,1877.03931766358,30.105729166666666
7,10,2,5,3,8,7,6,1836.987246624105,29.723958333333336
7,11,10,1,1,3,10,5,1865.5529329279977,30.0921875
7,12,5,5,3,7,2,4,1840.4291197773773,30.0796875
7,13,2,3,5,5,3,2,1865.9864451425044,30.102083333333333
7,14,2,5,3,8,7,6,1836.987246624105,29.723958333333336
7,15,5,5,3,7,2,1,1839.7220295915217,30.014583333333334
7,16,6,2,8,3,6,5,1877.03931766358,30.105729166666666
7,17,2,3,6,5,4,6,1840.2454178877838,29.7609375
7,18,10,8,1,10,8,4,1840.8424739025018,29.975520833333334
7,19,10,1,1,6,1,5,1843.785937296712,30.072916666666668
7,20,10,1,1,6,1,5,1843.785937296712,30.072916666666668
7,21,10,1,1,6,1,5,1843.785937296712,30.072916666666668
7,22,9,1,1,6,1,6,1843.785937296712,30.072916666666668
7,23,2,5,3,7,3,6,1840.2454178877838,29.7609375
7,24,1,4,6,10,7,1,1849.108861075,29.99010416666667
7,25,1,2,9,1,1,7,1864.8078962977524,30.069791666666667
7,26,1,4,6,10,7,1,1849.108861075,29.99010416666667
7,27,2,1,5,5,9,2,1843.2508184191774,29.90625
7,28,2,1,5,5,9,2,1843.2508184191774,29.90625
7,29,1,2,9,1,1,7,1864.8078962977524,30.069791666666667
7,30,2,1,4,8,7,2,1843.2508184191774,29.90625
7,31,1,4,5,9,9,1,1849.108861075,29.99010416666667
7,32,1,4,6,10,7,1,1849.108861075,29.99010416666667
7,33,1,2,9,1,1,7,1864.8078962977524,30.069791666666667
7,34,2,1,4,8,7,2,1843.2508184191774,29.90625
7,35,9,8,4,9,5,5,1874.3115386527913,30.055729166666666
7,36,9,6,6,9,5,5,1874.3115386527913,30.055729166666666
7,37,8,5,10,3,7,7,1874.3115386527913,30.055729166666666
7,38,9,9,5,9,10,1,1860.767090648043,29.975
7,39,5,1,5,5,9,1,1850.1298338711451,29.932291666666668
7,40,9,5,9,3,7,7,1874.3115386527913,30.055729166666666
7,41,9,5,9,3,7,7,1874.3115386527913,30.055729166666666
7,42,2,3,5,2,1,6,1871.205525924049,29.98125
7,43,1,1,6,1,1,7,1859.9737069394312,29.9546875
7,44,5,1,1,6,2,5,1847.543061122663,29.8890625
7,45,9,3,9,9,9,2,1849.1882685053902,29.842708333333334
7,46,2,3,5,2,4,6,1889.9287689380774,30.04375
7,47,2,3,5,2,4,6,1889.9287689380774,30.04375
7,48,8,1,5,3,9,2,1855.4284104749795,29.883854166666666
7,49,10,1,1,4,10,5,1863.7753747937797,29.97083333333333
8,0,2,1,5,4,5,1,1835.4115877086429,30.135416666666668
8,1,2,1,5,4,5,1,1835.4115877086429,30.135416666666668
8,2,2,1,5,4,5,1,1835.4115877086429,30.135416666666668
8,3,2,1,5,4,5,1,1835.4115877086429,30.135416666666668
8,4,2,1,5,4,5,1,1835.4115877086429,30.135416666666668
8,5,2,1,5,4,5,1,1835.4115877086429,30.135416666666668
8,6,5,5,3,7,2,4,1840.4291197773773,30.0796875
8,7,6,2,8,3,7,4,1877.03931766358,30.105729166666666
8,8,2,5,3,8,7,6,1836.987246624105,29.723958333333336
8,9,10,1,1,4,9,5,1865.5529329279977,30.0921875
8,10,10,1,1,4,3,5,1856.4654119961626,30.0875
8,11,9,1,1,4,10,5,1865.5529329279977,30.0921875
8,12,9,1,1,4,10,5,1865.5529329279977,30.0921875
8,13,5,2,9,6,1,7,1877.03931766358,30.105729166666666
8,14,2,5,3,8,7,6,1836.987246624105,29.723958333333336
8,15,10,1,1,3,10,5,1865.5529329279977,30.0921875
8,16,5,5,3,7,2,4,1840.4291197773773,30.0796875
8,17,2,3,5,5,3,2,1865.9864451425044,30.102083333333333
8,18,2,5,3,8,7,6,1836.987246624105,29.723958333333336
8,19,5,5,3,7,2,1,1839.7220295915217,30.014583333333334
8,20,6,2,8,3,6,5,1877.03931766358,30.105729166666666
8,21,5,5,3,7,2,1,1839.7220295915217,30.014583333333334
8,22,6,2,8,3,6,5,1877.03931766358,30.105729166666666
8,23,2,3,6,5,4,6,1840.2454178877838,29.7609375
8,24,10,8,1,10,8,4,1840.8424739025018,29.975520833333334
8,25,10,1,1,6,1,5,1843.785937296712,30.072916666666668
8,26,10,1,1,6,1,5,1843.785937296712,30.072916666666668
8,27,10,1,1,6,1,5,1843.785937296712,30.072916666666668
8,28,9,1,1,6,1,6,1843.785937296712,30.072916666666668
8,29,2,5,3,7,3,6,1840.2454178877838,29.7609375
8,30,10,1,1,6,1,5,1843.785937296712,30.072916666666668
8,31,1,4,6,10,7,1,1849.108861075,29.99010416666667
8,32,1,2,9,1,1,7,1864.8078962977524,30.069791666666667
8,33,1,4,6,10,7,1,1849.108861075,29.99010416666667
8,34,2,1,5,5,9,2,1843.2508184191774,29.90625
8,35,2,1,5,5,9,2,1843.2508184191774,29.90625
8,36,1,2,9,1,1,7,1864.8078962977524,30.069791666666667
8,37,2,1,4,8,7,2,1843.2508184191774,29.90625
8,38,1,4,5,9,9,1,1849.108861075,29.99010416666667
8,39,1,4,6,10,7,1,1849.108861075,29.99010416666667
8,40,1,2,9,1,1,7,1864.8078962977524,30.069791666666667
8,41,2,1,4,8,7,2,1843.2508184191774,29.90625
8,42,2,1,4,8,7,2,1843.2508184191774,29.90625
8,43,1,2,9,1,1,7,1864.8078962977524,30.069791666666667
8,44,1,5,6,9,7,1,1849.108861075,29.99010416666667
8,45,9,1,9,9,9,2,1862.0352156477452,30.040625
8,46,1,2,9,1,1,7,1864.8078962977524,30.069791666666667
8,47,5,1,1,6,2,5,1847.543061122663,29.8890625
8,48,9,5,9,3,7,7,1874.3115386527913,30.055729166666666
8,49,9,8,4,9,5,5,1874.3115386527913,30.055729166666666
9,0,2,1,5,4,5,1,1835.4115877086429,30.135416666666668
9,1,2,1,5,4,5,1,1835.4115877086429,30.135416666666668
9,2,2,1,5,4,5,1,1835.4115877086429,30.135416666666668
9,3,2,1,5,4,5,1,1835.4115877086429,30.135416666666668
9,4,2,1,5,4,5,1,1835.4115877086429,30.135416666666668
9,5,2,1,5,4,5,1,1835.4115877086429,30.135416666666668
9,6,2,1,5,4,5,1,1835.4115877086429,30.135416666666668
9,7,2,1,5,4,5,1,1835.4115877086429,30.135416666666668
9,8,2,1,5,4,5,1,1835.4115877086429,30.135416666666668
9,9,5,5,3,7,2,4,1840.4291197773773,30.0796875
9,10,6,2,8,3,7,4,1877.03931766358,30.105729166666666
9,11,2,5,3,8,7,6,1836.987246624105,29.723958333333336
9,12,10,1,1,4,9,5,1865.5529329279977,30.0921875
9,13,10,1,1,4,3,5,1856.4654119961626,30.0875
9,14,9,1,1,4,10,5,1865.5529329279977,30.0921875
9,15,9,1,1,4,10,5,1865.5529329279977,30.0921875
9,16,5,2,9,6,1,7,1877.03931766358,30.105729166666666
9,17,2,5,3,8,7,6,1836.987246624105,29.723958333333336
9,18,10,1,1,3,10,5,1865.5529329279977,30.0921875
9,19,5,5,3,7,2,4,1840.4291197773773,30.0796875
9,20,2,3,5,5,3,2,1865.9864451425044,30.102083333333333
9,21,2,5,3,8,7,6,1836.987246624105,29.723958333333336
9,22,5,5,3,7,2,1,1839.7220295915217,30.014583333333334
9,23,6,2,8,3,6,5,1877.03931766358,30.105729166666666
9,24,5,5,3,7,2,1,1839.7220295915217,30.014583333333334
9,25,6,2,8,3,6,5,1877.03931766358,30.105729166666666
9,26,6,2,8,3,7,4,1877.03931766358,30.105729166666666
9,27,10,1,1,8,6,4,1865.5529329279977,30.0921875
9,28,6,2,8,3,6,5,1877.03931766358,30.105729166666666
9,29,2,3,6,5,4,6,1840.2454178877838,29.7609375
9,30,10,8,1,10,8,4,1840.8424739025018,29.975520833333334
9,31,2,5,3,7,3,6,1840.2454178877838,29.7609375
9,32,5,4,3,9,2,3,1841.0603658994821,30.077083333333334
9,33,10,1,1,4,9,2,1871.533163396975,30.095833333333335
9,34,10,1,1,6,1,5,1843.785937296712,30.072916666666668
9,35,10,1,1,6,1,5,1843.785937296712,30.072916666666668
9,36,10,1,1,6,1,5,1843.785937296712,30.072916666666668
9,37,9,1,1,6,1,6,1843.785937296712,30.072916666666668
9,38,10,1,1,6,1,5,1843.785937296712,30.072916666666668
9,39,2,1,5,5,9,2,1843.2508184191774,29.90625
9,40,2,1,5,5,9,2,1843.2508184191774,29.90625
9,41,2,1,4,8,7,2,1843.2508184191774,29.90625
9,42,2,1,4,8,7,2,1843.2508184191774,29.90625
9,43,2,1,4,8,7,2,1843.2508184191774,29.90625
9,44,2,1,5,5,9,2,1843.2508184191774,29.90625
9,45,10,1,1,6,1,5,1843.785937296712,30.072916666666668
9,46,10,1,1,6,1,5,1843.785937296712,30.072916666666668
9,47,5,1,1,6,2,5,1847.543061122663,29.8890625
9,48,1,2,9,1,1,7,1864.8078962977524,30.069791666666667
9,49,5,1,1,6,2,5,1847.543061122663,29.8890625
10,0,2,1,5,4,5,1,1835.4115877086429,30.135416666666668
10,1,2,1,5,4,5,1,1835.4115877086429,30.135416666666668
10,2,2,1,5,4,5,1,1835.4115877086429,30.135416666666668
10,3,2,1,5,4,5,1,1835.4115877086429,30.135416666666668
10,4,2,1,5,4,5,1,1835.4115877086429,30.135416666666668
10,5,2,1,5,4,5,1,1835.4115877086429,30.135416666666668
10,6,2,1,5,4,5,1,1835.4115877086429,30.135416666666668
10,7,2,1,5,4,5,1,1835.4115877086429,30.135416666666668
10,8,2,1,5,4,5,1,1835.4115877086429,30.135416666666668
10,9,2,1,5,4,5,1,1835.4115877086429,30.135416666666668
10,10,2,1,5,4,5,1,1835.4115877086429,30.135416666666668
10,11,1,1,5,4,5,1,1869.887095960533,30.152083333333334
10,12,2,1,5,4,5,1,1835.4115877086429,30.135416666666668
10,13,2,1,5,4,5,1,1835.4115877086429,30.135416666666668
10,14,2,1,5,4,5,1,1835.4115877086429,30.135416666666668
10,15,2,1,5,4,5,1,1835.4115877086429,30.135416666666668
10,16,1,1,5,4,5,1,1869.887095960533,30.152083333333334
10,17,5,5,3,7,2,4,1840.4291197773773,30.0796875
10,18,6,2,8,3,7,4,1877.03931766358,30.105729166666666
10,19,2,5,3,8,7,6,1836.987246624105,29.723958333333336
10,20,10,1,1,4,9,5,1865.5529329279977,30.0921875
10,21,10,1,1,4,3,5,1856.4654119961626,30.0875
10,22,9,1,1,4,10,5,1865.5529329279977,30.0921875
10,23,9,1,1,4,10,5,1865.5529329279977,30.0921875
10,24,5,2,9,6,1,7,1877.03931766358,30.105729166666666
10,25,2,5,3,8,7,6,1836.987246624105,29.723958333333336
10,26,10,1,1,3,10,5,1865.5529329279977,30.0921875
10,27,5,5,3,7,2,4,1840.4291197773773,30.0796875
10,28,2,3,5,5,3,2,1865.9864451425044,30.102083333333333
10,29,2,5,3,8,7,6,1836.987246624105,29.723958333333336
10,30,5,5,3,7,2,1,1839.7220295915217,30.014583333333334
10,31,6,2,8,3,6,5,1877.03931766358,30.105729166666666
10,32,5,5,3,7,2,1,1839.7220295915217,30.014583333333334
10,33,6,2,8,3,6,5,1877.03931766358,30.105729166666666
10,34,6,2,8,3,7,4,1877.03931766358,30.105729166666666
10,35,10,1,1,8,6,4,1865.5529329279977,30.0921875
10,36,6,2,8,3,6,5,1877.03931766358,30.105729166666666
10,37,2,5,3,8,7,6,1836.987246624105,29.723958333333336
10,38,2,3,6,5,4,6,1840.2454178877838,29.7609375
10,39,10,8,1,10,8,4,1840.8424739025018,29.975520833333334
10,40,2,5,3,7,3,6,1840.2454178877838,29.7609375
10,41,5,4,3,9,2,3,1841.0603658994821,30.077083333333334
10,42,10,1,1,4,9,2,1871.533163396975,30.095833333333335
10,43,10,1,1,6,1,5,1843.785937296712,30.072916666666668
10,44,2,1,5,5,9,2,1843.2508184191774,29.90625
10,45,10,1,1,6,1,5,1843.785937296712,30.072916666666668
10,46,2,1,5,5,9,2,1843.2508184191774,29.90625
10,47,2,1,5,5,9,2,1843.2508184191774,29.90625
10,48,10,1,1,6,1,5,1843.785937296712,30.072916666666668
10,49,2,1,4,8,7,2,1843.2508184191774,29.90625
11,0,1,1,5,4,5,1,1869.887095960533,30.152083333333334
11,1,1,1,5,4,5,1,1869.887095960533,30.152083333333334
11,2,1,1,5,4,5,1,1869.887095960533,30.152083333333334
11,3,2,2,6,3,5,4,1828.2601605770185,30.146875
11,4,1,1,5,4,5,1,1869.887095960533,30.152083333333334
11,5,1,1,5,4,5,1,1869.887095960533,30.152083333333334
11,6,1,1,5,4,5,1,1869.887095960533,30.152083333333334
11,7,2,1,5,4,5,1,1835.4115877086429,30.135416666666668
11,8,2,1,5,4,5,1,1835.4115877086429,30.135416666666668
11,9,2,1,5,4,5,1,1835.4115877086429,30.135416666666668
11,10,2,1,5,4,5,1,1835.4115877086429,30.135416666666668
11,11,2,1,5,4,5,1,1835.4115877086429,30.135416666666668
11,12,2,1,5,4,5,1,1835.4115877086429,30.135416666666668
11,13,2,1,5,4,5,1,1835.4115877086429,30.135416666666668
11,14,2,1,5,4,5,1,1835.4115877086429,30.135416666666668
11,15,2,1,5,4,5,1,1835.4115877086429,30.135416666666668
11,16,2,1,5,4,5,1,1835.4115877086429,30.135416666666668
11,17,2,1,5,4,5,1,1835.4115877086429,30.135416666666668
11,18,2,1,5,4,5,1,1835.4115877086429,30.135416666666668
11,19,2,1,5,4,5,1,1835.4115877086429,30.135416666666668
11,20,2,1,5,4,5,1,1835.4115877086429,30.135416666666668
11,21,2,1,5,4,5,1,1835.4115877086429,30.135416666666668
11,22,2,1,5,4,5,1,1835.4115877086429,30.135416666666668
11,23,2,1,5,4,5,1,1835.4115877086429,30.135416666666668
11,24,2,1,5,4,5,1,1835.4115877086429,30.135416666666668
11,25,2,1,5,4,5,1,1835.4115877086429,30.135416666666668
11,26,2,1,5,4,5,1,1835.4115877086429,30.135416666666668
11,27,2,1,5,4,5,1,1835.4115877086429,30.135416666666668
11,28,2,1,5,4,5,1,1835.4115877086429,30.135416666666668
11,29,2,1,5,4,5,1,1835.4115877086429,30.135416666666668
11,30,2,1,5,4,5,1,1835.4115877086429,30.135416666666668
11,31,2,5,3,8,7,6,1836.987246624105,29.723958333333336
11,32,6,2,8,3,6,5,1877.03931766358,30.105729166666666
11,33,6,2,8,3,7,4,1877.03931766358,30.105729166666666
11,34,2,5,3,8,7,6,1836.987246624105,29.723958333333336
11,35,5,5,3,7,2,1,1839.7220295915217,30.014583333333334
11,36,10,1,1,4,3,5,1856.4654119961626,30.0875
11,37,5,5,3,7,2,4,1840.4291197773773,30.0796875
11,38,2,3,5,5,3,2,1865.9864451425044,30.102083333333333
11,39,10,1,1,4,9,5,1865.5529329279977,30.0921875
11,40,5,5,3,7,2,1,1839.7220295915217,30.014583333333334
11,41,5,5,3,7,2,4,1840.4291197773773,30.0796875
11,42,10,1,1,8,6,4,1865.5529329279977,30.0921875
11,43,2,5,3,8,7,6,1836.987246624105,29.723958333333336
11,44,9,1,1,4,10,5,1865.5529329279977,30.0921875
11,45,6,2,8,3,6,5,1877.03931766358,30.105729166666666
11,46,9,1,1,4,10,5,1865.5529329279977,30.0921875
11,47,6,2,8,3,6,5,1877.03931766358,30.105729166666666
11,48,5,2,9,6,1,7,1877.03931766358,30.105729166666666
11,49,6,2,8,3,7,4,1877.03931766358,30.105729166666666
12,0,1,1,5,4,5,1,1869.887095960533,30.152083333333334
12,1,1,1,5,4,5,1,1869.887095960533,30.152083333333334
12,2,1,1,5,4,5,1,1869.887095960533,30.152083333333334
12,3,2,2,6,3,5,4,1828.2601605770185,30.146875
12,4,1,1,5,4,5,1,1869.887095960533,30.152083333333334
12,5,1,1,5,4,5,1,1869.887095960533,30.152083333333334
12,6,1,1,5,4,5,1,1869.887095960533,30.152083333333334
12,7,2,2,6,3,5,4,1828.2601605770185,30.146875
12,8,1,1,5,4,5,1,1869.887095960533,30.152083333333334
12,9,1,1,5,4,5,1,1869.887095960533,30.152083333333334
12,10,1,1,5,4,5,1,1869.887095960533,30.152083333333334
12,11,1,1,5,4,5,1,1869.887095960533,30.152083333333334
12,12,1,1,5,4,5,1,1869.887095960533,30.152083333333334
12,13,1,1,5,4,5,1,1869.887095960533,30.152083333333334
12,14,1,1,5,4,5,1,1869.887095960533,30.152083333333334
12,15,2,1,5,4,5,1,1835.4115877086429,30.135416666666668
12,16,2,1,5,4,5,1,1835.4115877086429,30.135416666666668
12,17,2,1,5,4,5,1,1835.4115877086429,30.135416666666668
12,18,2,1,5,4,5,1,1835.4115877086429,30.135416666666668
12,19,2,1,5,4,5,1,1835.4115877086429,30.135416666666668
12,20,2,1,5,4,5,1,1835.4115877086429,30.135416666666668
12,21,2,1,5,4,5,1,1835.4115877086429,30.135416666666668
12,22,2,1,5,4,5,1,1835.4115877086429,30.135416666666668
12,23,2,1,5,4,5,1,1835.4115877086429,30.135416666666668
12,24,2,1,5,4,5,1,1835.4115877086429,30.135416666666668
12,25,2,1,5,4,5,1,1835.4115877086429,30.135416666666668
12,26,2,1,5,4,5,1,1835.4115877086429,30.135416666666668
12,27,2,1,5,4,5,1,1835.4115877086429,30.135416666666668
12,28,2,1,5,4,5,1,1835.4115877086429,30.135416666666668
12,29,2,1,5,4,5,1,1835.4115877086429,30.135416666666668
12,30,2,1,5,4,5,1,1835.4115877086429,30.135416666666668
12,31,2,1,5,4,5,1,1835.4115877086429,30.135416666666668
12,32,2,1,5,4,5,1,1835.4115877086429,30.135416666666668
12,33,2,1,5,4,5,1,1835.4115877086429,30.135416666666668
12,34,2,1,5,4,5,1,1835.4115877086429,30.135416666666668
12,35,2,1,5,4,5,1,1835.4115877086429,30.135416666666668
12,36,2,1,5,4,5,1,1835.4115877086429,30.135416666666668
12,37,2,1,5,4,5,1,1835.4115877086429,30.135416666666668
12,38,2,1,5,4,5,1,1835.4115877086429,30.135416666666668
12,39,2,1,5,4,5,1,1835.4115877086429,30.135416666666668
12,40,2,1,5,4,5,1,1835.4115877086429,30.135416666666668
12,41,2,1,5,4,5,1,1835.4115877086429,30.135416666666668
12,42,2,1,5,4,5,1,1835.4115877086429,30.135416666666668
12,43,2,1,5,4,5,1,1835.4115877086429,30.135416666666668
12,44,2,1,5,4,5,1,1835.4115877086429,30.135416666666668
12,45,2,1,5,4,5,1,1835.4115877086429,30.135416666666668
12,46,2,1,5,4,5,1,1835.4115877086429,30.135416666666668
12,47,2,1,5,4,5,1,1835.4115877086429,30.135416666666668
12,48,2,1,5,4,5,1,1835.4115877086429,30.135416666666668
12,49,2,1,5,4,5,1,1835.4115877086429,30.135416666666668
13,0,1,1,5,4,5,1,1869.887095960533,30.152083333333334
13,1,1,1,5,4,5,1,1869.887095960533,30.152083333333334
13,2,1,1,5,4,5,1,1869.887095960533,30.152083333333334
13,3,2,2,6,3,5,4,1828.2601605770185,30.146875
13,4,1,1,5,4,5,1,1869.887095960533,30.152083333333334
13,5,1,1,5,4,5,1,1869.887095960533,30.152083333333334
13,6,1,1,5,4,5,1,1869.887095960533,30.152083333333334
13,7,2,2,6,3,5,4,1828.2601605770185,30.146875
13,8,1,1,5,4,5,1,1869.887095960533,30.152083333333334
13,9,1,1,5,4,5,1,1869.887095960533,30.152083333333334
13,10,1,1,5,4,5,1,1869.887095960533,30.152083333333334
13,11,1,1,5,4,5,1,1869.887095960533,30.152083333333334
13,12,1,1,5,4,5,1,1869.887095960533,30.152083333333334
13,13,1,1,5,4,5,1,1869.887095960533,30.152083333333334
13,14,1,1,5,4,5,1,1869.887095960533,30.152083333333334
13,15,1,1,5,4,5,1,1869.887095960533,30.152083333333334
13,16,2,2,6,3,5,4,1828.2601605770185,30.146875
13,17,1,1,5,4,5,1,1869.887095960533,30.152083333333334
13,18,1,1,5,4,5,1,1869.887095960533,30.152083333333334
13,19,1,1,5,4,5,1,1869.887095960533,30.152083333333334
13,20,1,1,5,4,5,1,1869.887095960533,30.152083333333334
13,21,1,1,5,4,5,1,1869.887095960533,30.152083333333334
13,22,1,1,5,4,5,1,1869.887095960533,30.152083333333334
13,23,1,1,5,4,5,1,1869.887095960533,30.152083333333334
13,24,1,1,5,4,5,1,1869.887095960533,30.152083333333334
13,25,1,1,5,4,5,1,1869.887095960533,30.152083333333334
13,26,1,1,5,4,5,1,1869.887095960533,30.152083333333334
13,27,1,1,5,4,5,1,1869.887095960533,30.152083333333334
13,28,1,1,5,4,5,1,1869.887095960533,30.152083333333334
13,29,2,1,5,4,5,1,1835.4115877086429,30.135416666666668
13,30,2,1,5,4,5,1,1835.4115877086429,30.135416666666668
13,31,2,1,5,4,5,1,1835.4115877086429,30.135416666666668
13,32,2,1,5,4,5,1,1835.4115877086429,30.135416666666668
13,33,2,1,5,4,5,1,1835.4115877086429,30.135416666666668
13,34,2,1,5,4,5,1,1835.4115877086429,30.135416666666668
13,35,2,1,5,4,5,1,1835.4115877086429,30.135416666666668
13,36,2,1,5,4,5,1,1835.4115877086429,30.135416666666668
13,37,2,1,5,4,5,1,1835.4115877086429,30.135416666666668
13,38,2,1,5,4,5,1,1835.4115877086429,30.135416666666668
13,39,2,1,5,4,5,1,1835.4115877086429,30.135416666666668
13,40,2,1,5,4,5,1,1835.4115877086429,30.135416666666668
13,41,2,1,5,4,5,1,1835.4115877086429,30.135416666666668
13,42,2,1,5,4,5,1,1835.4115877086429,30.135416666666668
13,43,2,1,5,4,5,1,1835.4115877086429,30.135416666666668
13,44,2,1,5,4,5,1,1835.4115877086429,30.135416666666668
13,45,2,1,5,4,5,1,1835.4115877086429,30.135416666666668
13,46,2,1,5,4,5,1,1835.4115877086429,30.135416666666668
13,47,2,1,5,4,5,1,1835.4115877086429,30.135416666666668
13,48,2,1,5,4,5,1,1835.4115877086429,30.135416666666668
13,49,2,1,5,4,5,1,1835.4115877086429,30.135416666666668
14,0,1,1,5,4,5,1,1869.887095960533,30.152083333333334
14,1,2,2,6,3,5,4,1828.2601605770185,30.146875
14,2,2,2,6,3,5,4,1828.2601605770185,30.146875
14,3,1,1,5,4,5,1,1869.887095960533,30.152083333333334
14,4,1,1,5,4,5,1,1869.887095960533,30.152083333333334
14,5,2,2,6,3,5,4,1828.2601605770185,30.146875
14,6,1,1,5,4,5,1,1869.887095960533,30.152083333333334
14,7,1,1,5,4,5,1,1869.887095960533,30.152083333333334
14,8,1,1,5,4,5,1,1869.887095960533,30.152083333333334
14,9,1,1,5,4,5,1,1869.887095960533,30.152083333333334
14,10,1,1,5,4,5,1,1869.887095960533,30.152083333333334
14,11,1,1,5,4,5,1,1869.887095960533,30.152083333333334
14,12,1,1,5,4,5,1,1869.887095960533,30.152083333333334
14,13,1,1,5,4,5,1,1869.887095960533,30.152083333333334
14,14,1,1,5,4,5,1,1869.887095960533,30.152083333333334
14,15,1,1,5,4,5,1,1869.887095960533,30.152083333333334
14,16,1,1,5,4,5,1,1869.887095960533,30.152083333333334
14,17,1,1,5,4,5,1,1869.887095960533,30.152083333333334
14,18,1,1,5,4,5,1,1869.887095960533,30.152083333333334
14,19,1,1,5,4,5,1,1869.887095960533,30.152083333333334
14,20,1,1,5,4,5,1,1869.887095960533,30.152083333333334
14,21,1,1,5,4,5,1,1869.887095960533,30.152083333333334
14,22,1,1,5,4,5,1,1869.887095960533,30.152083333333334
14,23,1,1,5,4,5,1,1869.887095960533,30.152083333333334
14,24,1,1,5,4,5,1,1869.887095960533,30.152083333333334
14,25,1,1,5,4,5,1,1869.887095960533,30.152083333333334
14,26,1,1,5,4,5,1,1869.887095960533,30.152083333333334
14,27,1,1,5,4,5,1,1869.887095960533,30.152083333333334
14,28,1,1,5,4,5,1,1869.887095960533,30.152083333333334
14,29,1,1,5,4,5,1,1869.887095960533,30.152083333333334
14,30,1,1,5,4,5,1,1869.887095960533,30.152083333333334
14,31,1,1,5,4,5,1,1869.887095960533,30.152083333333334
14,32,1,1,5,4,5,1,1869.887095960533,30.152083333333334
14,33,1,1,5,4,5,1,1869.887095960533,30.152083333333334
14,34,1,1,5,4,5,1,1869.887095960533,30.152083333333334
14,35,1,1,5,4,5,1,1869.887095960533,30.152083333333334
14,36,1,1,5,4,5,1,1869.887095960533,30.152083333333334
14,37,1,1,5,4,5,1,1869.887095960533,30.152083333333334
14,38,1,1,5,4,5,1,1869.887095960533,30.152083333333334
14,39,1,1,5,4,5,1,1869.887095960533,30.152083333333334
14,40,1,1,5,4,5,1,1869.887095960533,30.152083333333334
14,41,1,1,5,4,5,1,1869.887095960533,30.152083333333334
14,42,1,1,5,4,5,1,1869.887095960533,30.152083333333334
14,43,1,1,5,4,5,1,1869.887095960533,30.152083333333334
14,44,1,1,5,4,5,1,1869.887095960533,30.152083333333334
14,45,1,1,5,4,5,1,1869.887095960533,30.152083333333334
14,46,1,1,5,4,5,1,1869.887095960533,30.152083333333334
14,47,1,1,5,4,5,1,1869.887095960533,30.152083333333334
14,48,1,1,5,4,5,1,1869.887095960533,30.152083333333334
14,49,1,1,5,4,5,1,1869.887095960533,30.152083333333334
15,0,1,1,5,4,5,1,1869.887095960533,30.152083333333334
15,1,2,2,6,3,5,4,1828.2601605770185,30.146875
15,2,2,2,6,3,5,4,1828.2601605770185,30.146875
15,3,1,1,5,4,5,1,1869.887095960533,30.152083333333334
15,4,1,1,5,4,5,1,1869.887095960533,30.152083333333334
15,5,1,1,5,4,5,1,1869.887095960533,30.152083333333334
15,6,1,1,5,4,5,1,1869.887095960533,30.152083333333334
15,7,1,1,5,4,5,1,1869.887095960533,30.152083333333334
15,8,1,1,5,4,5,1,1869.887095960533,30.152083333333334
15,9,1,1,5,4,5,1,1869.887095960533,30.152083333333334
15,10,1,1,5,4,5,1,1869.887095960533,30.152083333333334
15,11,2,2,6,3,5,4,1828.2601605770185,30.146875
15,12,1,1,5,4,5,1,1869.887095960533,30.152083333333334
15,13,1,1,5,4,5,1,1869.887095960533,30.152083333333334
15,14,1,1,5,4,5,1,1869.887095960533,30.152083333333334
15,15,1,1,5,4,5,1,1869.887095960533,30.152083333333334
15,16,1,1,5,4,5,1,1869.887095960533,30.152083333333334
15,17,1,1,5,4,5,1,1869.887095960533,30.152083333333334
15,18,1,1,5,4,5,1,1869.887095960533,30.152083333333334
15,19,1,1,5,4,5,1,1869.887095960533,30.152083333333334
15,20,1,1,5,4,5,1,1869.887095960533,30.152083333333334
15,21,1,1,5,4,5,1,1869.887095960533,30.152083333333334
15,22,1,1,5,4,5,1,1869.887095960533,30.152083333333334
15,23,1,1,5,4,5,1,1869.887095960533,30.152083333333334
15,24,1,1,5,4,5,1,1869.887095960533,30.152083333333334
15,25,1,1,5,4,5,1,1869.887095960533,30.152083333333334
15,26,1,1,5,4,5,1,1869.887095960533,30.152083333333334
15,27,2,2,6,3,5,4,1828.2601605770185,30.146875
15,28,1,1,5,4,5,1,1869.887095960533,30.152083333333334
15,29,1,1,5,4,5,1,1869.887095960533,30.152083333333334
15,30,1,1,5,4,5,1,1869.887095960533,30.152083333333334
15,31,1,1,5,4,5,1,1869.887095960533,30.152083333333334
15,32,1,1,5,4,5,1,1869.887095960533,30.152083333333334
15,33,1,1,5,4,5,1,1869.887095960533,30.152083333333334
15,34,1,1,5,4,5,1,1869.887095960533,30.152083333333334
15,35,1,1,5,4,5,1,1869.887095960533,30.152083333333334
15,36,1,1,5,4,5,1,1869.887095960533,30.152083333333334
15,37,1,1,5,4,5,1,1869.887095960533,30.152083333333334
15,38,1,1,5,4,5,1,1869.887095960533,30.152083333333334
15,39,1,1,5,4,5,1,1869.887095960533,30.152083333333334
15,40,1,1,5,4,5,1,1869.887095960533,30.152083333333334
15,41,1,1,5,4,5,1,1869.887095960533,30.152083333333334
15,42,1,1,5,4,5,1,1869.887095960533,30.152083333333334
15,43,1,1,5,4,5,1,1869.887095960533,30.152083333333334
15,44,1,1,5,4,5,1,1869.887095960533,30.152083333333334
15,45,1,1,5,4,5,1,1869.887095960533,30.152083333333334
15,46,1,1,5,4,5,1,1869.887095960533,30.152083333333334
15,47,1,1,5,4,5,1,1869.887095960533,30.152083333333334
15,48,1,1,5,4,5,1,1869.887095960533,30.152083333333334
15,49,1,1,5,4,5,1,1869.887095960533,30.152083333333334
16,0,1,1,5,4,5,1,1869.887095960533,30.152083333333334
16,1,2,2,6,3,5,4,1828.2601605770185,30.146875
16,2,1,1,5,4,5,1,1869.887095960533,30.152083333333334
16,3,2,2,6,3,5,4,1828.2601605770185,30.146875
16,4,2,2,6,3,5,4,1828.2601605770185,30.146875
16,5,1,1,5,4,5,1,1869.887095960533,30.152083333333334
16,6,1,1,5,4,5,1,1869.887095960533,30.152083333333334
16,7,1,1,5,4,5,1,1869.887095960533,30.152083333333334
16,8,1,1,5,4,5,1,1869.887095960533,30.152083333333334
16,9,2,2,6,3,5,4,1828.2601605770185,30.146875
16,10,1,1,5,4,5,1,1869.887095960533,30.152083333333334
16,11,1,1,5,4,5,1,1869.887095960533,30.152083333333334
16,12,1,1,5,4,5,1,1869.887095960533,30.152083333333334
16,13,1,1,5,4,5,1,1869.887095960533,30.152083333333334
16,14,1,1,5,4,5,1,1869.887095960533,30.152083333333334
16,15,1,1,5,4,5,1,1869.887095960533,30.152083333333334
16,16,1,1,5,4,5,1,1869.887095960533,30.152083333333334
16,17,1,1,5,4,5,1,1869.887095960533,30.152083333333334
16,18,1,1,5,4,5,1,1869.887095960533,30.152083333333334
16,19,1,1,5,4,5,1,1869.887095960533,30.152083333333334
16,20,1,1,5,4,5,1,1869.887095960533,30.152083333333334
16,21,1,1,5,4,5,1,1869.887095960533,30.152083333333334
16,22,1,1,5,4,5,1,1869.887095960533,30.152083333333334
16,23,1,1,5,4,5,1,1869.887095960533,30.152083333333334
16,24,1,1,5,4,5,1,1869.887095960533,30.152083333333334
16,25,1,1,5,4,5,1,1869.887095960533,30.152083333333334
16,26,1,1,5,4,5,1,1869.887095960533,30.152083333333334
16,27,1,1,5,4,5,1,1869.887095960533,30.152083333333334
16,28,1,1,5,4,5,1,1869.887095960533,30.152083333333334
16,29,1,1,5,4,5,1,1869.887095960533,30.152083333333334
16,30,1,1,5,4,5,1,1869.887095960533,30.152083333333334
16,31,1,1,5,4,5,1,1869.887095960533,30.152083333333334
16,32,1,1,5,4,5,1,1869.887095960533,30.152083333333334
16,33,1,1,5,4,5,1,1869.887095960533,30.152083333333334
16,34,1,1,5,4,5,1,1869.887095960533,30.152083333333334
16,35,2,2,6,3,5,4,1828.2601605770185,30.146875
16,36,1,1,5,4,5,1,1869.887095960533,30.152083333333334
16,37,1,1,5,4,5,1,1869.887095960533,30.152083333333334
16,38,2,2,6,3,5,4,1828.2601605770185,30.146875
16,39,1,1,5,4,5,1,1869.887095960533,30.152083333333334
16,40,1,1,5,4,5,1,1869.887095960533,30.152083333333334
16,41,1,1,5,4,5,1,1869.887095960533,30.152083333333334
16,42,1,1,5,4,5,1,1869.887095960533,30.152083333333334
16,43,1,1,5,4,5,1,1869.887095960533,30.152083333333334
16,44,1,1,5,4,5,1,1869.887095960533,30.152083333333334
16,45,1,1,5,4,5,1,1869.887095960533,30.152083333333334
16,46,1,1,5,4,5,1,1869.887095960533,30.152083333333334
16,47,1,1,5,4,5,1,1869.887095960533,30.152083333333334
16,48,1,1,5,4,5,1,1869.887095960533,30.152083333333334
16,49,1,1,5,4,5,1,1869.887095960533,30.152083333333334
17,0,2,2,6,3,5,4,1828.2601605770185,30.146875
17,1,2,2,6,3,5,4,1828.2601605770185,30.146875
17,2,1,1,5,4,5,1,1869.887095960533,30.152083333333334
17,3,1,1,5,4,5,1,1869.887095960533,30.152083333333334
17,4,1,1,5,4,5,1,1869.887095960533,30.152083333333334
17,5,1,1,5,4,5,1,1869.887095960533,30.152083333333334
17,6,1,1,5,4,5,1,1869.887095960533,30.152083333333334
17,7,1,1,5,4,5,1,1869.887095960533,30.152083333333334
17,8,1,1,5,4,5,1,1869.887095960533,30.152083333333334
17,9,1,1,5,4,5,1,1869.887095960533,30.152083333333334
17,10,2,2,5,4,5,4,1828.2601605770185,30.146875
17,11,1,1,5,4,5,1,1869.887095960533,30.152083333333334
17,12,1,1,5,4,5,1,1869.887095960533,30.152083333333334
17,13,1,1,5,4,5,1,1869.887095960533,30.152083333333334
17,14,1,1,5,4,5,1,1869.887095960533,30.152083333333334
17,15,1,1,5,4,5,1,1869.887095960533,30.152083333333334
17,16,1,1,5,4,5,1,1869.887095960533,30.152083333333334
17,17,1,1,5,4,5,1,1869.887095960533,30.152083333333334
17,18,1,1,5,4,5,1,1869.887095960533,30.152083333333334
17,19,1,1,5,4,5,1,1869.887095960533,30.152083333333334
17,20,1,1,5,4,5,1,1869.887095960533,30.152083333333334
17,21,1,1,5,4,5,1,1869.887095960533,30.152083333333334
17,22,1,1,5,4,5,1,1869.887095960533,30.152083333333334
17,23,1,1,5,4,5,1,1869.887095960533,30.152083333333334
17,24,1,1,5,4,5,1,1869.887095960533,30.152083333333334
17,25,1,1,5,4,5,1,1869.887095960533,30.152083333333334
17,26,1,1,5,4,5,1,1869.887095960533,30.152083333333334
17,27,1,1,5,4,5,1,1869.887095960533,30.152083333333334
17,28,2,2,6,3,5,4,1828.2601605770185,30.146875
17,29,1,1,5,4,5,1,1869.887095960533,30.152083333333334
17,30,1,1,5,4,5,1,1869.887095960533,30.152083333333334
17,31,1,1,5,4,5,1,1869.887095960533,30.152083333333334
17,32,1,1,5,4,5,1,1869.887095960533,30.152083333333334
17,33,1,1,5,4,5,1,1869.887095960533,30.152083333333334
17,34,1,1,5,4,5,1,1869.887095960533,30.152083333333334
17,35,1,1,5,4,5,1,1869.887095960533,30.152083333333334
17,36,1,1,5,4,5,1,1869.887095960533,30.152083333333334
17,37,1,1,5,4,5,1,1869.887095960533,30.152083333333334
17,38,1,1,5,4,5,1,1869.887095960533,30.152083333333334
17,39,2,2,6,3,5,4,1828.2601605770185,30.146875
17,40,1,1,5,4,5,1,1869.887095960533,30.152083333333334
17,41,1,1,5,4,5,1,1869.887095960533,30.152083333333334
17,42,1,1,5,4,5,1,1869.887095960533,30.152083333333334
17,43,1,1,5,4,5,1,1869.887095960533,30.152083333333334
17,44,1,1,5,4,5,1,1869.887095960533,30.152083333333334
17,45,1,1,5,4,5,1,1869.887095960533,30.152083333333334
17,46,1,1,5,4,5,1,1869.887095960533,30.152083333333334
17,47,1,1,5,4,5,1,1869.887095960533,30.152083333333334
17,48,1,1,5,4,5,1,1869.887095960533,30.152083333333334
17,49,1,1,5,4,5,1,1869.887095960533,30.152083333333334
18,0,2,2,6,3,5,4,1828.2601605770185,30.146875
18,1,1,1,5,4,5,1,1869.887095960533,30.152083333333334
18,2,1,1,5,4,5,1,1869.887095960533,30.152083333333334
18,3,2,2,6,3,5,4,1828.2601605770185,30.146875
18,4,1,1,5,4,5,1,1869.887095960533,30.152083333333334
18,5,1,1,5,4,5,1,1869.887095960533,30.152083333333334
18,6,1,1,5,4,5,1,1869.887095960533,30.152083333333334
18,7,1,1,5,4,5,1,1869.887095960533,30.152083333333334
18,8,1,1,5,4,5,1,1869.887095960533,30.152083333333334
18,9,1,1,5,4,5,1,1869.887095960533,30.152083333333334
18,10,1,1,5,4,5,1,1869.887095960533,30.152083333333334
18,11,1,1,5,4,5,1,1869.887095960533,30.152083333333334
18,12,2,2,6,3,5,4,1828.2601605770185,30.146875
18,13,1,1,5,4,5,1,1869.887095960533,30.152083333333334
18,14,1,1,5,4,5,1,1869.887095960533,30.152083333333334
18,15,1,1,5,4,5,1,1869.887095960533,30.152083333333334
18,16,1,1,5,4,5,1,1869.887095960533,30.152083333333334
18,17,1,1,5,4,5,1,1869.887095960533,30.152083333333334
18,18,1,1,5,4,5,1,1869.887095960533,30.152083333333334
18,19,1,1,5,4,5,1,1869.887095960533,30.152083333333334
18,20,1,1,5,4,5,1,1869.887095960533,30.152083333333334
18,21,1,1,5,4,5,1,1869.887095960533,30.152083333333334
18,22,1,1,5,4,5,1,1869.887095960533,30.152083333333334
18,23,1,1,5,4,5,1,1869.887095960533,30.152083333333334
18,24,1,1,5,4,5,1,1869.887095960533,30.152083333333334
18,25,1,1,5,4,5,1,1869.887095960533,30.152083333333334
18,26,1,1,5,4,5,1,1869.887095960533,30.152083333333334
18,27,1,1,5,4,5,1,1869.887095960533,30.152083333333334
18,28,2,2,6,3,5,4,1828.2601605770185,30.146875
18,29,1,1,5,4,5,1,1869.887095960533,30.152083333333334
18,30,1,1,5,4,5,1,1869.887095960533,30.152083333333334
18,31,1,1,5,4,5,1,1869.887095960533,30.152083333333334
18,32,1,1,5,4,5,1,1869.887095960533,30.152083333333334
18,33,1,1,5,4,5,1,1869.887095960533,30.152083333333334
18,34,1,1,5,4,5,1,1869.887095960533,30.152083333333334
18,35,1,1,5,4,5,1,1869.887095960533,30.152083333333334
18,36,1,1,5,4,5,1,1869.887095960533,30.152083333333334
18,37,1,1,5,4,5,1,1869.887095960533,30.152083333333334
18,38,1,1,5,4,5,1,1869.887095960533,30.152083333333334
18,39,1,1,5,4,5,1,1869.887095960533,30.152083333333334
18,40,1,1,5,4,5,1,1869.887095960533,30.152083333333334
18,41,1,1,5,4,5,1,1869.887095960533,30.152083333333334
18,42,1,1,5,4,5,1,1869.887095960533,30.152083333333334
18,43,1,1,5,4,5,1,1869.887095960533,30.152083333333334
18,44,2,2,6,3,5,4,1828.2601605770185,30.146875
18,45,1,1,5,4,5,1,1869.887095960533,30.152083333333334
18,46,1,1,5,4,5,1,1869.887095960533,30.152083333333334
18,47,2,2,5,4,5,4,1828.2601605770185,30.146875
18,48,1,1,5,4,5,1,1869.887095960533,30.152083333333334
18,49,1,1,5,4,5,1,1869.887095960533,30.152083333333334
19,0,2,2,6,3,5,4,1828.2601605770185,30.146875
19,1,1,1,5,4,5,1,1869.887095960533,30.152083333333334
19,2,2,2,6,3,5,4,1828.2601605770185,30.146875
19,3,1,1,5,4,5,1,1869.887095960533,30.152083333333334
19,4,1,1,5,4,5,1,1869.887095960533,30.152083333333334
19,5,1,1,5,4,5,1,1869.887095960533,30.152083333333334
19,6,1,1,5,4,5,1,1869.887095960533,30.152083333333334
19,7,1,1,5,4,5,1,1869.887095960533,30.152083333333334
19,8,1,1,5,4,5,1,1869.887095960533,30.152083333333334
19,9,1,1,5,4,5,1,1869.887095960533,30.152083333333334
19,10,1,1,5,4,5,1,1869.887095960533,30.152083333333334
19,11,1,1,5,4,5,1,1869.887095960533,30.152083333333334
19,12,1,1,5,4,5,1,1869.887095960533,30.152083333333334
19,13,1,1,5,4,5,1,1869.887095960533,30.152083333333334
19,14,1,1,5,4,5,1,1869.887095960533,30.152083333333334
19,15,1,1,5,4,5,1,1869.887095960533,30.152083333333334
19,16,1,1,5,4,5,1,1869.887095960533,30.152083333333334
19,17,1,1,5,4,5,1,1869.887095960533,30.152083333333334
19,18,1,1,5,4,5,1,1869.887095960533,30.152083333333334
19,19,1,1,5,4,5,1,1869.887095960533,30.152083333333334
19,20,1,1,5,4,5,1,1869.887095960533,30.152083333333334
19,21,1,1,5,4,5,1,1869.887095960533,30.152083333333334
19,22,1,1,5,4,5,1,1869.887095960533,30.152083333333334
19,23,1,1,5,4,5,1,1869.887095960533,30.152083333333334
19,24,1,1,5,4,5,1,1869.887095960533,30.152083333333334
19,25,1,1,5,4,5,1,1869.887095960533,30.152083333333334
19,26,2,2,6,3,5,4,1828.2601605770185,30.146875
19,27,2,2,6,3,5,4,1828.2601605770185,30.146875
19,28,1,1,5,4,5,1,1869.887095960533,30.152083333333334
19,29,1,1,5,4,5,1,1869.887095960533,30.152083333333334
19,30,2,2,6,3,5,4,1828.2601605770185,30.146875
19,31,1,1,5,4,5,1,1869.887095960533,30.152083333333334
19,32,1,1,5,4,5,1,1869.887095960533,30.152083333333334
19,33,1,1,5,4,5,1,1869.887095960533,30.152083333333334
19,34,1,1,5,4,5,1,1869.887095960533,30.152083333333334
19,35,2,2,6,3,5,4,1828.2601605770185,30.146875
19,36,1,1,5,4,5,1,1869.887095960533,30.152083333333334
19,37,1,1,5,4,5,1,1869.887095960533,30.152083333333334
19,38,2,2,6,3,5,4,1828.2601605770185,30.146875
19,39,1,1,5,4,5,1,1869.887095960533,30.152083333333334
19,40,1,1,5,4,5,1,1869.887095960533,30.152083333333334
19,41,1,1,5,4,5,1,1869.887095960533,30.152083333333334
19,42,1,1,5,4,5,1,1869.887095960533,30.152083333333334
19,43,1,1,5,4,5,1,1869.887095960533,30.152083333333334
19,44,1,1,5,4,5,1,1869.887095960533,30.152083333333334
19,45,1,1,5,4,5,1,1869.887095960533,30.152083333333334
19,46,1,1,5,4,5,1,1869.887095960533,30.152083333333334
19,47,1,1,5,4,5,1,1869.887095960533,30.152083333333334
19,48,1,1,5,4,5,1,1869.887095960533,30.152083333333334
19,49,1,1,5,4,5,1,1869.887095960533,30.152083333333334
20,0,2,2,5,4,5,4,1828.2601605770185,30.146875
20,1,1,1,5,4,5,1,1869.887095960533,30.152083333333334
20,2,2,2,6,3,5,4,1828.2601605770185,30.146875
20,3,1,1,5,4,5,1,1869.887095960533,30.152083333333334
20,4,1,1,5,4,5,1,1869.887095960533,30.152083333333334
20,5,1,1,5,4,5,1,1869.887095960533,30.152083333333334
20,6,1,1,5,4,5,1,1869.887095960533,30.152083333333334
20,7,1,1,5,4,5,1,1869.887095960533,30.152083333333334
20,8,1,1,5,4,5,1,1869.887095960533,30.152083333333334
20,9,1,1,5,4,5,1,1869.887095960533,30.152083333333334
20,10,1,1,5,4,5,1,1869.887095960533,30.152083333333334
20,11,1,1,5,4,5,1,1869.887095960533,30.152083333333334
20,12,1,1,5,4,5,1,1869.887095960533,30.152083333333334
20,13,1,1,5,4,5,1,1869.887095960533,30.152083333333334
20,14,1,1,5,4,5,1,1869.887095960533,30.152083333333334
20,15,1,1,5,4,5,1,1869.887095960533,30.152083333333334
20,16,1,1,5,4,5,1,1869.887095960533,30.152083333333334
20,17,1,1,5,4,5,1,1869.887095960533,30.152083333333334
20,18,1,1,5,4,5,1,1869.887095960533,30.152083333333334
20,19,1,1,5,4,5,1,1869.887095960533,30.152083333333334
20,20,1,1,5,4,5,1,1869.887095960533,30.152083333333334
20,21,1,1,5,4,5,1,1869.887095960533,30.152083333333334
20,22,1,1,5,4,5,1,1869.887095960533,30.152083333333334
20,23,2,2,6,3,5,4,1828.2601605770185,30.146875
20,24,1,1,5,4,5,1,1869.887095960533,30.152083333333334
20,25,1,1,5,4,5,1,1869.887095960533,30.152083333333334
20,26,1,1,5,4,5,1,1869.887095960533,30.152083333333334
20,27,1,1,5,4,5,1,1869.887095960533,30.152083333333334
20,28,1,1,5,4,5,1,1869.887095960533,30.152083333333334
20,29,1,1,5,4,5,1,1869.887095960533,30.152083333333334
20,30,1,1,5,4,5,1,1869.887095960533,30.152083333333334
20,31,1,1,5,4,5,1,1869.887095960533,30.152083333333334
20,32,1,1,5,4,5,1,1869.887095960533,30.152083333333334
20,33,1,1,5,4,5,1,1869.887095960533,30.152083333333334
20,34,1,1,5,4,5,1,1869.887095960533,30.152083333333334
20,35,1,1,5,4,5,1,1869.887095960533,30.152083333333334
20,36,1,1,5,4,5,1,1869.887095960533,30.152083333333334
20,37,2,2,6,3,5,4,1828.2601605770185,30.146875
20,38,1,1,5,4,5,1,1869.887095960533,30.152083333333334
20,39,1,1,5,4,5,1,1869.887095960533,30.152083333333334
20,40,2,2,6,4,4,4,1828.2601605770185,30.146875
20,41,1,1,5,4,5,1,1869.887095960533,30.152083333333334
20,42,1,1,5,4,5,1,1869.887095960533,30.152083333333334
20,43,1,1,5,4,5,1,1869.887095960533,30.152083333333334
20,44,1,1,5,4,5,1,1869.887095960533,30.152083333333334
20,45,1,1,5,4,5,1,1869.887095960533,30.152083333333334
20,46,1,1,5,4,5,1,1869.887095960533,30.152083333333334
20,47,1,1,5,4,5,1,1869.887095960533,30.152083333333334
20,48,2,2,6,3,5,4,1828.2601605770185,30.146875
20,49,1,1,5,4,5,1,1869.887095960533,30.152083333333334
21,0,1,1,5,4,5,1,1869.887095960533,30.152083333333334
21,1,2,2,6,3,5,4,1828.2601605770185,30.146875
21,2,2,2,5,4,5,4,1828.2601605770185,30.146875
21,3,1,1,5,4,5,1,1869.887095960533,30.152083333333334
21,4,1,1,5,4,5,1,1869.887095960533,30.152083333333334
21,5,1,1,5,4,5,1,1869.887095960533,30.152083333333334
21,6,1,1,5,4,5,1,1869.887095960533,30.152083333333334
21,7,1,1,5,4,5,1,1869.887095960533,30.152083333333334
21,8,1,1,5,4,5,1,1869.887095960533,30.152083333333334
21,9,1,1,5,4,5,1,1869.887095960533,30.152083333333334
21,10,1,1,5,4,5,1,1869.887095960533,30.152083333333334
21,11,1,1,5,4,5,1,1869.887095960533,30.152083333333334
21,12,1,1,5,4,5,1,1869.887095960533,30.152083333333334
21,13,1,1,5,4,5,1,1869.887095960533,30.152083333333334
21,14,1,1,5,4,5,1,1869.887095960533,30.152083333333334
21,15,1,1,5,4,5,1,1869.887095960533,30.152083333333334
21,16,1,1,5,4,5,1,1869.887095960533,30.152083333333334
21,17,1,1,5,4,5,1,1869.887095960533,30.152083333333334
21,18,2,2,6,4,4,4,1828.2601605770185,30.146875
21,19,1,1,5,4,5,1,1869.887095960533,30.152083333333334
21,20,2,2,6,3,5,4,1828.2601605770185,30.146875
21,21,1,1,5,4,5,1,1869.887095960533,30.152083333333334
21,22,1,1,5,4,5,1,1869.887095960533,30.152083333333334
21,23,1,1,5,4,5,1,1869.887095960533,30.152083333333334
21,24,1,1,5,4,5,1,1869.887095960533,30.152083333333334
21,25,1,1,5,4,5,1,1869.887095960533,30.152083333333334
21,26,1,1,5,4,5,1,1869.887095960533,30.152083333333334
21,27,1,1,5,4,5,1,1869.887095960533,30.152083333333334
21,28,1,1,5,4,5,1,1869.887095960533,30.152083333333334
21,29,1,1,5,4,5,1,1869.887095960533,30.152083333333334
21,30,1,1,5,4,5,1,1869.887095960533,30.152083333333334
21,31,1,1,5,4,5,1,1869.887095960533,30.152083333333334
21,32,1,1,5,4,5,1,1869.887095960533,30.152083333333334
21,33,1,1,5,4,5,1,1869.887095960533,30.152083333333334
21,34,1,1,5,4,5,1,1869.887095960533,30.152083333333334
21,35,1,1,5,4,5,1,1869.887095960533,30.152083333333334
21,36,1,1,5,4,5,1,1869.887095960533,30.152083333333334
21,37,2,2,6,3,5,4,1828.2601605770185,30.146875
21,38,1,1,5,4,5,1,1869.887095960533,30.152083333333334
21,39,1,1,5,4,5,1,1869.887095960533,30.152083333333334
21,40,1,1,5,4,5,1,1869.887095960533,30.152083333333334
21,41,1,1,5,4,5,1,1869.887095960533,30.152083333333334
21,42,1,1,5,4,5,1,1869.887095960533,30.152083333333334
21,43,1,1,5,4,5,1,1869.887095960533,30.152083333333334
21,44,1,1,5,4,5,1,1869.887095960533,30.152083333333334
21,45,1,1,5,4,5,1,1869.887095960533,30.152083333333334
21,46,1,1,5,4,5,1,1869.887095960533,30.152083333333334
21,47,1,1,5,4,5,1,1869.887095960533,30.152083333333334
21,48,1,1,5,4,5,1,1869.887095960533,30.152083333333334
21,49,1,1,5,4,5,1,1869.887095960533,30.152083333333334
22,0,1,1,5,4,5,1,1869.887095960533,30.152083333333334
22,1,1,1,5,4,5,1,1869.887095960533,30.152083333333334
22,2,2,2,6,3,5,4,1828.2601605770185,30.146875
22,3,2,2,6,3,5,4,1828.2601605770185,30.146875
22,4,1,1,5,4,5,1,1869.887095960533,30.152083333333334
22,5,1,1,5,4,5,1,1869.887095960533,30.152083333333334
22,6,1,1,5,4,5,1,1869.887095960533,30.152083333333334
22,7,1,1,5,4,5,1,1869.887095960533,30.152083333333334
22,8,1,1,5,4,5,1,1869.887095960533,30.152083333333334
22,9,2,2,6,3,5,4,1828.2601605770185,30.146875
22,10,1,1,5,4,5,1,1869.887095960533,30.152083333333334
22,11,1,1,5,4,5,1,1869.887095960533,30.152083333333334
22,12,1,1,5,4,5,1,1869.887095960533,30.152083333333334
22,13,1,1,5,4,5,1,1869.887095960533,30.152083333333334
22,14,1,1,5,4,5,1,1869.887095960533,30.152083333333334
22,15,1,1,5,4,5,1,1869.887095960533,30.152083333333334
22,16,1,1,5,4,5,1,1869.887095960533,30.152083333333334
22,17,1,1,5,4,5,1,1869.887095960533,30.152083333333334
22,18,1,1,5,4,5,1,1869.887095960533,30.152083333333334
22,19,1,1,5,4,5,1,1869.887095960533,30.152083333333334
22,20,1,1,5,4,5,1,1869.887095960533,30.152083333333334
22,21,1,1,5,4,5,1,1869.887095960533,30.152083333333334
22,22,1,1,5,4,5,1,1869.887095960533,30.152083333333334
22,23,1,1,5,4,5,1,1869.887095960533,30.152083333333334
22,24,1,1,5,4,5,1,1869.887095960533,30.152083333333334
22,25,1,1,5,4,5,1,1869.887095960533,30.152083333333334
22,26,1,1,5,4,5,1,1869.887095960533,30.152083333333334
22,27,1,1,5,4,5,1,1869.887095960533,30.152083333333334
22,28,1,1,5,4,5,1,1869.887095960533,30.152083333333334
22,29,1,1,5,4,5,1,1869.887095960533,30.152083333333334
22,30,1,1,5,4,5,1,1869.887095960533,30.152083333333334
22,31,1,1,5,4,5,1,1869.887095960533,30.152083333333334
22,32,1,1,5,4,5,1,1869.887095960533,30.152083333333334
22,33,1,1,5,4,5,1,1869.887095960533,30.152083333333334
22,34,1,1,5,4,5,1,1869.887095960533,30.152083333333334
22,35,1,1,5,4,5,1,1869.887095960533,30.152083333333334
22,36,1,1,5,4,5,1,1869.887095960533,30.152083333333334
22,37,1,1,5,4,5,1,1869.887095960533,30.152083333333334
22,38,1,1,5,4,5,1,1869.887095960533,30.152083333333334
22,39,1,1,5,4,5,1,1869.887095960533,30.152083333333334
22,40,1,1,5,4,5,1,1869.887095960533,30.152083333333334
22,41,1,1,5,4,5,1,1869.887095960533,30.152083333333334
22,42,1,1,5,4,5,1,1869.887095960533,30.152083333333334
22,43,1,1,5,4,5,1,1869.887095960533,30.152083333333334
22,44,1,1,5,4,5,1,1869.887095960533,30.152083333333334
22,45,1,1,5,4,5,1,1869.887095960533,30.152083333333334
22,46,1,1,5,4,5,1,1869.887095960533,30.152083333333334
22,47,2,2,6,4,4,4,1828.2601605770185,30.146875
22,48,1,1,5,4,5,1,1869.887095960533,30.152083333333334
22,49,1,1,5,4,5,1,1869.887095960533,30.152083333333334
23,0,1,1,5,4,5,1,1869.887095960533,30.152083333333334
23,1,2,2,6,3,5,4,1828.2601605770185,30.146875
23,2,1,1,5,4,5,1,1869.887095960533,30.152083333333334
23,3,2,2,6,4,4,4,1828.2601605770185,30.146875
23,4,1,1,5,4,5,1,1869.887095960533,30.152083333333334
23,5,1,1,5,4,5,1,1869.887095960533,30.152083333333334
23,6,1,1,5,4,5,1,1869.887095960533,30.152083333333334
23,7,1,1,5,4,5,1,1869.887095960533,30.152083333333334
23,8,1,1,5,4,5,1,1869.887095960533,30.152083333333334
23,9,1,1,5,4,5,1,1869.887095960533,30.152083333333334
23,10,1,1,5,4,5,1,1869.887095960533,30.152083333333334
23,11,1,1,5,4,5,1,1869.887095960533,30.152083333333334
23,12,1,1,5,4,5,1,1869.887095960533,30.152083333333334
23,13,1,1,5,4,5,1,1869.887095960533,30.152083333333334
23,14,1,1,5,4,5,1,1869.887095960533,30.152083333333334
23,15,1,1,5,4,5,1,1869.887095960533,30.152083333333334
23,16,1,1,5,4,5,1,1869.887095960533,30.152083333333334
23,17,1,1,5,4,5,1,1869.887095960533,30.152083333333334
23,18,1,1,5,4,5,1,1869.887095960533,30.152083333333334
23,19,1,1,5,4,5,1,1869.887095960533,30.152083333333334
23,20,1,1,5,4,5,1,1869.887095960533,30.152083333333334
23,21,1,1,5,4,5,1,1869.887095960533,30.152083333333334
23,22,1,1,5,4,5,1,1869.887095960533,30.152083333333334
23,23,1,1,5,4,5,1,1869.887095960533,30.152083333333334
23,24,1,1,5,4,5,1,1869.887095960533,30.152083333333334
23,25,1,1,5,4,5,1,1869.887095960533,30.152083333333334
23,26,1,1,5,4,5,1,1869.887095960533,30.152083333333334
23,27,1,1,5,4,5,1,1869.887095960533,30.152083333333334
23,28,1,1,5,4,5,1,1869.887095960533,30.152083333333334
23,29,1,1,5,4,5,1,1869.887095960533,30.152083333333334
23,30,1,1,5,4,5,1,1869.887095960533,30.152083333333334
23,31,1,1,5,4,5,1,1869.887095960533,30.152083333333334
23,32,1,1,5,4,5,1,1869.887095960533,30.152083333333334
23,33,1,1,5,4,5,1,1869.887095960533,30.152083333333334
23,34,1,1,5,4,5,1,1869.887095960533,30.152083333333334
23,35,1,1,5,4,5,1,1869.887095960533,30.152083333333334
23,36,1,1,5,4,5,1,1869.887095960533,30.152083333333334
23,37,1,1,5,4,5,1,1869.887095960533,30.152083333333334
23,38,1,1,5,4,5,1,1869.887095960533,30.152083333333334
23,39,1,1,5,4,5,1,1869.887095960533,30.152083333333334
23,40,1,1,5,4,5,1,1869.887095960533,30.152083333333334
23,41,1,1,5,4,5,1,1869.887095960533,30.152083333333334
23,42,1,1,5,4,5,1,1869.887095960533,30.152083333333334
23,43,1,1,5,4,5,1,1869.887095960533,30.152083333333334
23,44,1,1,5,4,5,1,1869.887095960533,30.152083333333334
23,45,1,1,5,4,5,1,1869.887095960533,30.152083333333334
23,46,1,1,5,4,5,1,1869.887095960533,30.152083333333334
23,47,1,1,5,4,5,1,1869.887095960533,30.152083333333334
23,48,1,1,5,4,5,1,1869.887095960533,30.152083333333334
23,49,1,1,5,4,5,1,1869.887095960533,30.152083333333334
24,0,2,2,5,4,5,4,1828.2601605770185,30.146875
24,1,2,2,6,3,5,4,1828.2601605770185,30.146875
24,2,1,1,5,4,5,1,1869.887095960533,30.152083333333334
24,3,1,1,5,4,5,1,1869.887095960533,30.152083333333334
24,4,1,1,5,4,5,1,1869.887095960533,30.152083333333334
24,5,1,1,5,4,5,1,1869.887095960533,30.152083333333334
24,6,1,1,5,4,5,1,1869.887095960533,30.152083333333334
24,7,1,1,5,4,5,1,1869.887095960533,30.152083333333334
24,8,1,1,5,4,5,1,1869.887095960533,30.152083333333334
24,9,1,1,5,4,5,1,1869.887095960533,30.152083333333334
24,10,1,1,5,4,5,1,1869.887095960533,30.152083333333334
24,11,1,1,5,4,5,1,1869.887095960533,30.152083333333334
24,12,1,1,5,4,5,1,1869.887095960533,30.152083333333334
24,13,1,1,5,4,5,1,1869.887095960533,30.152083333333334
24,14,1,1,5,4,5,1,1869.887095960533,30.152083333333334
24,15,1,1,5,4,5,1,1869.887095960533,30.152083333333334
24,16,1,1,5,4,5,1,1869.887095960533,30.152083333333334
24,17,1,1,5,4,5,1,1869.887095960533,30.152083333333334
24,18,1,1,5,4,5,1,1869.887095960533,30.152083333333334
24,19,1,1,5,4,5,1,1869.887095960533,30.152083333333334
24,20,1,1,5,4,5,1,1869.887095960533,30.152083333333334
24,21,1,1,5,4,5,1,1869.887095960533,30.152083333333334
24,22,1,1,5,4,5,1,1869.887095960533,30.152083333333334
24,23,1,1,5,4,5,1,1869.887095960533,30.152083333333334
24,24,1,1,5,4,5,1,1869.887095960533,30.152083333333334
24,25,1,1,5,4,5,1,1869.887095960533,30.152083333333334
24,26,1,1,5,4,5,1,1869.887095960533,30.152083333333334
24,27,1,1,5,4,5,1,1869.887095960533,30.152083333333334
24,28,1,1,5,4,5,1,1869.887095960533,30.152083333333334
24,29,1,1,5,4,5,1,1869.887095960533,30.152083333333334
24,30,1,1,5,4,5,1,1869.887095960533,30.152083333333334
24,31,1,1,5,4,5,1,1869.887095960533,30.152083333333334
24,32,1,1,5,4,5,1,1869.887095960533,30.152083333333334
24,33,1,1,5,4,5,1,1869.887095960533,30.152083333333334
24,34,1,1,5,4,5,1,1869.887095960533,30.152083333333334
24,35,1,1,5,4,5,1,1869.887095960533,30.152083333333334
24,36,1,1,5,4,5,1,1869.887095960533,30.152083333333334
24,37,1,1,5,4,5,1,1869.887095960533,30.152083333333334
24,38,1,1,5,4,5,1,1869.887095960533,30.152083333333334
24,39,1,1,5,4,5,1,1869.887095960533,30.152083333333334
24,40,1,1,5,4,5,1,1869.887095960533,30.152083333333334
24,41,2,2,6,4,4,4,1828.2601605770185,30.146875
24,42,1,1,5,4,5,1,1869.887095960533,30.152083333333334
24,43,1,1,5,4,5,1,1869.887095960533,30.152083333333334
24,44,1,1,5,4,5,1,1869.887095960533,30.152083333333334
24,45,1,1,5,4,5,1,1869.887095960533,30.152083333333334
24,46,1,1,5,4,5,1,1869.887095960533,30.152083333333334
24,47,1,1,5,4,5,1,1869.887095960533,30.152083333333334
24,48,1,1,5,4,5,1,1869.887095960533,30.152083333333334
24,49,1,1,5,4,5,1,1869.887095960533,30.152083333333334
25,0,1,1,5,4,5,1,1869.887095960533,30.152083333333334
25,1,1,1,5,4,5,1,1869.887095960533,30.152083333333334
25,2,2,2,5,4,5,4,1828.2601605770185,30.146875
25,3,2,2,5,4,5,4,1828.2601605770185,30.146875
25,4,1,1,5,4,5,1,1869.887095960533,30.152083333333334
25,5,2,2,6,4,4,4,1828.2601605770185,30.146875
25,6,1,1,5,4,5,1,1869.887095960533,30.152083333333334
25,7,1,1,5,4,5,1,1869.887095960533,30.152083333333334
25,8,1,1,5,4,5,1,1869.887095960533,30.152083333333334
25,9,1,1,5,4,5,1,1869.887095960533,30.152083333333334
25,10,1,1,5,4,5,1,1869.887095960533,30.152083333333334
25,11,1,1,5,4,5,1,1869.887095960533,30.152083333333334
25,12,1,1,5,4,5,1,1869.887095960533,30.152083333333334
25,13,1,1,5,4,5,1,1869.887095960533,30.152083333333334
25,14,1,1,5,4,5,1,1869.887095960533,30.152083333333334
25,15,1,1,5,4,5,1,1869.887095960533,30.152083333333334
25,16,1,1,5,4,5,1,1869.887095960533,30.152083333333334
25,17,1,1,5,4,5,1,1869.887095960533,30.152083333333334
25,18,1,1,5,4,5,1,1869.887095960533,30.152083333333334
25,19,1,1,5,4,5,1,1869.887095960533,30.152083333333334
25,20,1,1,5,4,5,1,1869.887095960533,30.152083333333334
25,21,2,2,6,3,5,4,1828.2601605770185,30.146875
25,22,1,1,5,4,5,1,1869.887095960533,30.152083333333334
25,23,1,1,5,4,5,1,1869.887095960533,30.152083333333334
25,24,1,1,5,4,5,1,1869.887095960533,30.152083333333334
25,25,1,1,5,4,5,1,1869.887095960533,30.152083333333334
25,26,1,1,5,4,5,1,1869.887095960533,30.152083333333334
25,27,1,1,5,4,5,1,1869.887095960533,30.152083333333334
25,28,1,1,5,4,5,1,1869.887095960533,30.152083333333334
25,29,1,1,5,4,5,1,1869.887095960533,30.152083333333334
25,30,1,1,5,4,5,1,1869.887095960533,30.152083333333334
25,31,1,1,5,4,5,1,1869.887095960533,30.152083333333334
25,32,1,1,5,4,5,1,1869.887095960533,30.152083333333334
25,33,1,1,5,4,5,1,1869.887095960533,30.152083333333334
25,34,1,1,5,4,5,1,1869.887095960533,30.152083333333334
25,35,1,1,5,4,5,1,1869.887095960533,30.152083333333334
25,36,1,1,5,4,5,1,1869.887095960533,30.152083333333334
25,37,1,1,5,4,5,1,1869.887095960533,30.152083333333334
25,38,1,1,5,4,5,1,1869.887095960533,30.152083333333334
25,39,1,1,5,4,5,1,1869.887095960533,30.152083333333334
25,40,1,1,5,4,5,1,1869.887095960533,30.152083333333334
25,41,1,1,5,4,5,1,1869.887095960533,30.152083333333334
25,42,1,1,5,4,5,1,1869.887095960533,30.152083333333334
25,43,1,1,5,4,5,1,1869.887095960533,30.152083333333334
25,44,1,1,5,4,5,1,1869.887095960533,30.152083333333334
25,45,1,1,5,4,5,1,1869.887095960533,30.152083333333334
25,46,1,1,5,4,5,1,1869.887095960533,30.152083333333334
25,47,1,1,5,4,5,1,1869.887095960533,30.152083333333334
25,48,1,1,5,4,5,1,1869.887095960533,30.152083333333334
25,49,1,1,5,4,5,1,1869.887095960533,30.152083333333334
26,0,2,2,5,4,5,4,1828.2601605770185,30.146875
26,1,2,2,6,4,4,4,1828.2601605770185,30.146875
26,2,1,1,5,4,5,1,1869.887095960533,30.152083333333334
26,3,1,1,5,4,5,1,1869.887095960533,30.152083333333334
26,4,1,1,5,4,5,1,1869.887095960533,30.152083333333334
26,5,1,1,5,4,5,1,1869.887095960533,30.152083333333334
26,6,2,2,5,4,5,4,1828.2601605770185,30.146875
26,7,1,1,5,4,5,1,1869.887095960533,30.152083333333334
26,8,1,1,5,4,5,1,1869.887095960533,30.152083333333334
26,9,1,1,5,4,5,1,1869.887095960533,30.152083333333334
26,10,1,1,5,4,5,1,1869.887095960533,30.152083333333334
26,11,1,1,5,4,5,1,1869.887095960533,30.152083333333334
26,12,1,1,5,4,5,1,1869.887095960533,30.152083333333334
26,13,1,1,5,4,5,1,1869.887095960533,30.152083333333334
26,14,1,1,5,4,5,1,1869.887095960533,30.152083333333334
26,15,1,1,5,4,5,1,1869.887095960533,30.152083333333334
26,16,1,1,5,4,5,1,1869.887095960533,30.152083333333334
26,17,2,2,6,3,5,4,1828.2601605770185,30.146875
26,18,1,1,5,4,5,1,1869.887095960533,30.152083333333334
26,19,1,1,5,4,5,1,1869.887095960533,30.152083333333334
26,20,1,1,5,4,5,1,1869.887095960533,30.152083333333334
26,21,1,1,5,4,5,1,1869.887095960533,30.152083333333334
26,22,1,1,5,4,5,1,1869.887095960533,30.152083333333334
26,23,1,1,5,4,5,1,1869.887095960533,30.152083333333334
26,24,1,1,5,4,5,1,1869.887095960533,30.152083333333334
26,25,1,1,5,4,5,1,1869.887095960533,30.152083333333334
26,26,1,1,5,4,5,1,1869.887095960533,30.152083333333334
26,27,1,1,5,4,5,1,1869.887095960533,30.152083333333334
26,28,1,1,5,4,5,1,1869.887095960533,30.152083333333334
26,29,1,1,5,4,5,1,1869.887095960533,30.152083333333334
26,30,1,1,5,4,5,1,1869.887095960533,30.152083333333334
26,31,1,1,5,4,5,1,1869.887095960533,30.152083333333334
26,32,1,1,5,4,5,1,1869.887095960533,30.152083333333334
26,33,1,1,5,4,5,1,1869.887095960533,30.152083333333334
26,34,1,1,5,4,5,1,1869.887095960533,30.152083333333334
26,35,1,1,5,4,5,1,1869.887095960533,30.152083333333334
26,36,1,1,5,4,5,1,1869.887095960533,30.152083333333334
26,37,1,1,5,4,5,1,1869.887095960533,30.152083333333334
26,38,1,1,5,4,5,1,1869.887095960533,30.152083333333334
26,39,2,2,6,4,4,4,1828.2601605770185,30.146875
26,40,1,1,5,4,5,1,1869.887095960533,30.152083333333334
26,41,1,1,5,4,5,1,1869.887095960533,30.152083333333334
26,42,1,1,5,4,5,1,1869.887095960533,30.152083333333334
26,43,1,1,5,4,5,1,1869.887095960533,30.152083333333334
26,44,1,1,5,4,5,1,1869.887095960533,30.152083333333334
26,45,1,1,5,4,5,1,1869.887095960533,30.152083333333334
26,46,1,1,5,4,5,1,1869.887095960533,30.152083333333334
26,47,1,1,5,4,5,1,1869.887095960533,30.152083333333334
26,48,1,1,5,4,5,1,1869.887095960533,30.152083333333334
26,49,1,1,5,4,5,1,1869.887095960533,30.152083333333334
27,0,2,2,5,4,5,4,1828.2601605770185,30.146875
27,1,1,1,5,4,5,1,1869.887095960533,30.152083333333334
27,2,2,2,5,4,5,4,1828.2601605770185,30.146875
27,3,1,1,5,4,5,1,1869.887095960533,30.152083333333334
27,4,1,1,5,4,5,1,1869.887095960533,30.152083333333334
27,5,1,1,5,4,5,1,1869.887095960533,30.152083333333334
27,6,1,1,5,4,5,1,1869.887095960533,30.152083333333334
27,7,1,1,5,4,5,1,1869.887095960533,30.152083333333334
27,8,1,1,5,4,5,1,1869.887095960533,30.152083333333334
27,9,1,1,5,4,5,1,1869.887095960533,30.152083333333334
27,10,1,1,5,4,5,1,1869.887095960533,30.152083333333334
27,11,1,1,5,4,5,1,1869.887095960533,30.152083333333334
27,12,1,1,5,4,5,1,1869.887095960533,30.152083333333334
27,13,1,1,5,4,5,1,1869.887095960533,30.152083333333334
27,14,1,1,5,4,5,1,1869.887095960533,30.152083333333334
27,15,1,1,5,4,5,1,1869.887095960533,30.152083333333334
27,16,1,1,5,4,5,1,1869.887095960533,30.152083333333334
27,17,1,1,5,4,5,1,1869.887095960533,30.152083333333334
27,18,1,1,5,4,5,1,1869.887095960533,30.152083333333334
27,19,1,1,5,4,5,1,1869.887095960533,30.152083333333334
27,20,1,1,5,4,5,1,1869.887095960533,30.152083333333334
27,21,1,1,5,4,5,1,1869.887095960533,30.152083333333334
27,22,1,1,5,4,5,1,1869.887095960533,30.152083333333334
27,23,1,1,5,4,5,1,1869.887095960533,30.152083333333334
27,24,1,1,5,4,5,1,1869.887095960533,30.152083333333334
27,25,1,1,5,4,5,1,1869.887095960533,30.152083333333334
27,26,1,1,5,4,5,1,1869.887095960533,30.152083333333334
27,27,1,1,5,4,5,1,1869.887095960533,30.152083333333334
27,28,1,1,5,4,5,1,1869.887095960533,30.152083333333334
27,29,1,1,5,4,5,1,1869.887095960533,30.152083333333334
27,30,1,1,5,4,5,1,1869.887095960533,30.152083333333334
27,31,1,1,5,4,5,1,1869.887095960533,30.152083333333334
27,32,1,1,5,4,5,1,1869.887095960533,30.152083333333334
27,33,1,1,5,4,5,1,1869.887095960533,30.152083333333334
27,34,1,1,5,4,5,1,1869.887095960533,30.152083333333334
27,35,1,1,5,4,5,1,1869.887095960533,30.152083333333334
27,36,1,1,5,4,5,1,1869.887095960533,30.152083333333334
27,37,1,1,5,4,5,1,1869.887095960533,30.152083333333334
27,38,1,1,5,4,5,1,1869.887095960533,30.152083333333334
27,39,1,1,5,4,5,1,1869.887095960533,30.152083333333334
27,40,1,1,5,4,5,1,1869.887095960533,30.152083333333334
27,41,1,1,5,4,5,1,1869.887095960533,30.152083333333334
27,42,1,1,5,4,5,1,1869.887095960533,30.152083333333334
27,43,2,2,6,4,4,4,1828.2601605770185,30.146875
27,44,2,2,6,3,5,4,1828.2601605770185,30.146875
27,45,1,1,5,4,5,1,1869.887095960533,30.152083333333334
27,46,1,1,5,4,5,1,1869.887095960533,30.152083333333334
27,47,1,1,5,4,5,1,1869.887095960533,30.152083333333334
27,48,1,1,5,4,5,1,1869.887095960533,30.152083333333334
27,49,1,1,5,4,5,1,1869.887095960533,30.152083333333334
28,0,2,2,5,4,5,4,1828.2601605770185,30.146875
28,1,1,1,5,4,5,1,1869.887095960533,30.152083333333334
28,2,2,2,5,4,5,4,1828.2601605770185,30.146875
28,3,1,1,5,4,5,1,1869.887095960533,30.152083333333334
28,4,1,1,5,4,5,1,1869.887095960533,30.152083333333334
28,5,1,1,5,4,5,1,1869.887095960533,30.152083333333334
28,6,1,1,5,4,5,1,1869.887095960533,30.152083333333334
28,7,1,1,5,4,5,1,1869.887095960533,30.152083333333334
28,8,1,1,5,4,5,1,1869.887095960533,30.152083333333334
28,9,1,1,5,4,5,1,1869.887095960533,30.152083333333334
28,10,1,1,5,4,5,1,1869.887095960533,30.152083333333334
28,11,1,1,5,4,5,1,1869.887095960533,30.152083333333334
28,12,1,1,5,4,5,1,1869.887095960533,30.152083333333334
28,13,1,1,5,4,5,1,1869.887095960533,30.152083333333334
28,14,2,2,5,4,5,4,1828.2601605770185,30.146875
28,15,1,1,5,4,5,1,1869.887095960533,30.152083333333334
28,16,1,1,5,4,5,1,1869.887095960533,30.152083333333334
28,17,1,1,5,4,5,1,1869.887095960533,30.152083333333334
28,18,1,1,5,4,5,1,1869.887095960533,30.152083333333334
28,19,1,1,5,4,5,1,1869.887095960533,30.152083333333334
28,20,1,1,5,4,5,1,1869.887095960533,30.152083333333334
28,21,1,1,5,4,5,1,1869.887095960533,30.152083333333334
28,22,1,1,5,4,5,1,1869.887095960533,30.152083333333334
28,23,1,1,5,4,5,1,1869.887095960533,30.152083333333334
28,24,1,1,5,4,5,1,1869.887095960533,30.152083333333334
28,25,1,1,5,4,5,1,1869.887095960533,30.152083333333334
28,26,1,1,5,4,5,1,1869.887095960533,30.152083333333334
28,27,1,1,5,4,5,1,1869.887095960533,30.152083333333334
28,28,1,1,5,4,5,1,1869.887095960533,30.152083333333334
28,29,1,1,5,4,5,1,1869.887095960533,30.152083333333334
28,30,1,1,5,4,5,1,1869.887095960533,30.152083333333334
28,31,1,1,5,4,5,1,1869.887095960533,30.152083333333334
28,32,1,1,5,4,5,1,1869.887095960533,30.152083333333334
28,33,1,1,5,4,5,1,1869.887095960533,30.152083333333334
28,34,1,1,5,4,5,1,1869.887095960533,30.152083333333334
28,35,1,1,5,4,5,1,1869.887095960533,30.152083333333334
28,36,1,1,5,4,5,1,1869.887095960533,30.152083333333334
28,37,1,1,5,4,5,1,1869.887095960533,30.152083333333334
28,38,1,1,5,4,5,1,1869.887095960533,30.152083333333334
28,39,1,1,5,4,5,1,1869.887095960533,30.152083333333334
28,40,1,1,5,4,5,1,1869.887095960533,30.152083333333334
28,41,1,1,5,4,5,1,1869.887095960533,30.152083333333334
28,42,1,1,5,4,5,1,1869.887095960533,30.152083333333334
28,43,1,1,5,4,5,1,1869.887095960533,30.152083333333334
28,44,1,1,5,4,5,1,1869.887095960533,30.152083333333334
28,45,1,1,5,4,5,1,1869.887095960533,30.152083333333334
28,46,1,1,5,4,5,1,1869.887095960533,30.152083333333334
28,47,1,1,5,4,5,1,1869.887095960533,30.152083333333334
28,48,1,1,5,4,5,1,1869.887095960533,30.152083333333334
28,49,1,1,5,4,5,1,1869.887095960533,30.152083333333334
29,0,2,2,5,4,5,4,1828.2601605770185,30.146875
29,1,2,2,5,4,5,4,1828.2601605770185,30.146875
29,2,1,1,5,4,5,1,1869.887095960533,30.152083333333334
29,3,1,1,5,4,5,1,1869.887095960533,30.152083333333334
29,4,1,1,5,4,5,1,1869.887095960533,30.152083333333334
29,5,1,1,5,4,5,1,1869.887095960533,30.152083333333334
29,6,1,1,5,4,5,1,1869.887095960533,30.152083333333334
29,7,1,1,5,4,5,1,1869.887095960533,30.152083333333334
29,8,1,1,5,4,5,1,1869.887095960533,30.152083333333334
29,9,1,1,5,4,5,1,1869.887095960533,30.152083333333334
29,10,1,1,5,4,5,1,1869.887095960533,30.152083333333334
29,11,1,1,5,4,5,1,1869.887095960533,30.152083333333334
29,12,2,2,5,4,5,4,1828.2601605770185,30.146875
29,13,2,2,5,4,5,4,1828.2601605770185,30.146875
29,14,1,1,5,4,5,1,1869.887095960533,30.152083333333334
29,15,1,1,5,4,5,1,1869.887095960533,30.152083333333334
29,16,1,1,5,4,5,1,1869.887095960533,30.152083333333334
29,17,1,1,5,4,5,1,1869.887095960533,30.152083333333334
29,18,1,1,5,4,5,1,1869.887095960533,30.152083333333334
29,19,1,1,5,4,5,1,1869.887095960533,30.152083333333334
29,20,1,1,5,4,5,1,1869.887095960533,30.152083333333334
29,21,1,1,5,4,5,1,1869.887095960533,30.152083333333334
29,22,1,1,5,4,5,1,1869.887095960533,30.152083333333334
29,23,1,1,5,4,5,1,1869.887095960533,30.152083333333334
29,24,1,1,5,4,5,1,1869.887095960533,30.152083333333334
29,25,2,2,5,4,5,4,1828.2601605770185,30.146875
29,26,1,1,5,4,5,1,1869.887095960533,30.152083333333334
29,27,1,1,5,4,5,1,1869.887095960533,30.152083333333334
29,28,1,1,5,4,5,1,1869.887095960533,30.152083333333334
29,29,1,1,5,4,5,1,1869.887095960533,30.152083333333334
29,30,1,1,5,4,5,1,1869.887095960533,30.152083333333334
29,31,1,1,5,4,5,1,1869.887095960533,30.152083333333334
29,32,1,1,5,4,5,1,1869.887095960533,30.152083333333334
29,33,1,1,5,4,5,1,1869.887095960533,30.152083333333334
29,34,1,1,5,4,5,1,1869.887095960533,30.152083333333334
29,35,1,1,5,4,5,1,1869.887095960533,30.152083333333334
29,36,1,1,5,4,5,1,1869.887095960533,30.152083333333334
29,37,1,1,5,4,5,1,1869.887095960533,30.152083333333334
29,38,1,1,5,4,5,1,1869.887095960533,30.152083333333334
29,39,1,1,5,4,5,1,1869.887095960533,30.152083333333334
29,40,1,1,5,4,5,1,1869.887095960533,30.152083333333334
29,41,1,1,5,4,5,1,1869.887095960533,30.152083333333334
29,42,1,1,5,4,5,1,1869.887095960533,30.152083333333334
29,43,1,1,5,4,5,1,1869.887095960533,30.152083333333334
29,44,1,1,5,4,5,1,1869.887095960533,30.152083333333334
29,45,1,1,5,4,5,1,1869.887095960533,30.152083333333334
29,46,1,1,5,4,5,1,1869.887095960533,30.152083333333334
29,47,1,1,5,4,5,1,1869.887095960533,30.152083333333334
29,48,1,1,5,4,5,1,1869.887095960533,30.152083333333334
29,49,1,1,5,4,5,1,1869.887095960533,30.152083333333334
30,0,2,2,5,4,5,4,1828.2601605770185,30.146875
30,1,2,2,5,4,5,4,1828.2601605770185,30.146875
30,2,1,1,5,4,5,1,1869.887095960533,30.152083333333334
30,3,1,1,5,4,5,1,1869.887095960533,30.152083333333334
30,4,2,2,5,4,5,4,1828.2601605770185,30.146875
30,5,1,1,5,4,5,1,1869.887095960533,30.152083333333334
30,6,1,1,5,4,5,1,1869.887095960533,30.152083333333334
30,7,1,1,5,4,5,1,1869.887095960533,30.152083333333334
30,8,1,1,5,4,5,1,1869.887095960533,30.152083333333334
30,9,1,1,5,4,5,1,1869.887095960533,30.152083333333334
30,10,1,1,5,4,5,1,1869.887095960533,30.152083333333334
30,11,1,1,5,4,5,1,1869.887095960533,30.152083333333334
30,12,1,1,5,4,5,1,1869.887095960533,30.152083333333334
30,13,1,1,5,4,5,1,1869.887095960533,30.152083333333334
30,14,2,2,5,4,5,4,1828.2601605770185,30.146875
30,15,1,1,5,4,5,1,1869.887095960533,30.152083333333334
30,16,1,1,5,4,5,1,1869.887095960533,30.152083333333334
30,17,1,1,5,4,5,1,1869.887095960533,30.152083333333334
30,18,1,1,5,4,5,1,1869.887095960533,30.152083333333334
30,19,1,1,5,4,5,1,1869.887095960533,30.152083333333334
30,20,1,1,5,4,5,1,1869.887095960533,30.152083333333334
30,21,2,2,5,4,5,4,1828.2601605770185,30.146875
30,22,1,1,5,4,5,1,1869.887095960533,30.152083333333334
30,23,1,1,5,4,5,1,1869.887095960533,30.152083333333334
30,24,1,1,5,4,5,1,1869.887095960533,30.152083333333334
30,25,1,1,5,4,5,1,1869.887095960533,30.152083333333334
30,26,1,1,5,4,5,1,1869.887095960533,30.152083333333334
30,27,1,1,5,4,5,1,1869.887095960533,30.152083333333334
30,28,1,1,5,4,5,1,1869.887095960533,30.152083333333334
30,29,1,1,5,4,5,1,1869.887095960533,30.152083333333334
30,30,1,1,5,4,5,1,1869.887095960533,30.152083333333334
30,31,1,1,5,4,5,1,1869.887095960533,30.152083333333334
30,32,1,1,5,4,5,1,1869.887095960533,30.152083333333334
30,33,1,1,5,4,5,1,1869.887095960533,30.152083333333334
30,34,1,1,5,4,5,1,1869.887095960533,30.152083333333334
30,35,1,1,5,4,5,1,1869.887095960533,30.152083333333334
30,36,1,1,5,4,5,1,1869.887095960533,30.152083333333334
30,37,2,2,5,4,5,4,1828.2601605770185,30.146875
30,38,1,1,5,4,5,1,1869.887095960533,30.152083333333334
30,39,1,1,5,4,5,1,1869.887095960533,30.152083333333334
30,40,1,1,5,4,5,1,1869.887095960533,30.152083333333334
30,41,1,1,5,4,5,1,1869.887095960533,30.152083333333334
30,42,1,1,5,4,5,1,1869.887095960533,30.152083333333334
30,43,2,2,5,4,5,4,1828.2601605770185,30.146875
30,44,1,1,5,4,5,1,1869.887095960533,30.152083333333334
30,45,1,1,5,4,5,1,1869.887095960533,30.152083333333334
30,46,1,1,5,4,5,1,1869.887095960533,30.152083333333334
30,47,1,1,5,4,5,1,1869.887095960533,30.152083333333334
30,48,1,1,5,4,5,1,1869.887095960533,30.152083333333334
30,49,1,1,5,4,5,1,1869.887095960533,30.152083333333334
31,0,1,1,5,4,5,1,1869.887095960533,30.152083333333334
31,1,2,2,5,4,5,4,1828.2601605770185,30.146875
31,2,1,1,5,4,5,1,1869.887095960533,30.152083333333334
31,3,2,2,5,4,5,4,1828.2601605770185,30.146875
31,4,1,1,5,4,5,1,1869.887095960533,30.152083333333334
31,5,1,1,5,4,5,1,1869.887095960533,30.152083333333334
31,6,1,1,5,4,5,1,1869.887095960533,30.152083333333334
31,7,2,2,5,4,5,4,1828.2601605770185,30.146875
31,8,1,1,5,4,5,1,1869.887095960533,30.152083333333334
31,9,1,1,5,4,5,1,1869.887095960533,30.152083333333334
31,10,1,1,5,4,5,1,1869.887095960533,30.152083333333334
31,11,1,1,5,4,5,1,1869.887095960533,30.152083333333334
31,12,1,1,5,4,5,1,1869.887095960533,30.152083333333334
31,13,1,1,5,4,5,1,1869.887095960533,30.152083333333334
31,14,1,1,5,4,5,1,1869.887095960533,30.152083333333334
31,15,1,1,5,4,5,1,1869.887095960533,30.152083333333334
31,16,1,1,5,4,5,1,1869.887095960533,30.152083333333334
31,17,1,1,5,4,5,1,1869.887095960533,30.152083333333334
31,18,1,1,5,4,5,1,1869.887095960533,30.152083333333334
31,19,1,1,5,4,5,1,1869.887095960533,30.152083333333334
31,20,1,1,5,4,5,1,1869.887095960533,30.152083333333334
31,21,1,1,5,4,5,1,1869.887095960533,30.152083333333334
31,22,1,1,5,4,5,1,1869.887095960533,30.152083333333334
31,23,1,1,5,4,5,1,1869.887095960533,30.152083333333334
31,24,1,1,5,4,5,1,1869.887095960533,30.152083333333334
31,25,2,2,5,4,5,4,1828.2601605770185,30.146875
31,26,2,2,5,4,5,4,1828.2601605770185,30.146875
31,27,2,2,5,4,5,4,1828.2601605770185,30.146875
31,28,1,1,5,4,5,1,1869.887095960533,30.152083333333334
31,29,1,1,5,4,5,1,1869.887095960533,30.152083333333334
31,30,1,1,5,4,5,1,1869.887095960533,30.152083333333334
31,31,1,1,5,4,5,1,1869.887095960533,30.152083333333334
31,32,1,1,5,4,5,1,1869.887095960533,30.152083333333334
31,33,1,1,5,4,5,1,1869.887095960533,30.152083333333334
31,34,1,1,5,4,5,1,1869.887095960533,30.152083333333334
31,35,1,1,5,4,5,1,1869.887095960533,30.152083333333334
31,36,1,1,5,4,5,1,1869.887095960533,30.152083333333334
31,37,1,1,5,4,5,1,1869.887095960533,30.152083333333334
31,38,1,1,5,4,5,1,1869.887095960533,30.152083333333334
31,39,1,1,5,4,5,1,1869.887095960533,30.152083333333334
31,40,1,1,5,4,5,1,1869.887095960533,30.152083333333334
31,41,1,1,5,4,5,1,1869.887095960533,30.152083333333334
31,42,1,1,5,4,5,1,1869.887095960533,30.152083333333334
31,43,2,2,5,4,5,4,1828.2601605770185,30.146875
31,44,1,1,5,4,5,1,1869.887095960533,30.152083333333334
31,45,1,1,5,4,5,1,1869.887095960533,30.152083333333334
31,46,1,1,5,4,5,1,1869.887095960533,30.152083333333334
31,47,1,1,5,4,5,1,1869.887095960533,30.152083333333334
31,48,1,1,5,4,5,1,1869.887095960533,30.152083333333334
31,49,1,1,5,4,5,1,1869.887095960533,30.152083333333334
32,0,1,1,5,4,5,1,1869.887095960533,30.152083333333334
32,1,2,2,5,4,5,4,1828.2601605770185,30.146875
32,2,2,2,5,4,5,4,1828.2601605770185,30.146875
32,3,1,1,5,4,5,1,1869.887095960533,30.152083333333334
32,4,1,1,5,4,5,1,1869.887095960533,30.152083333333334
32,5,2,2,5,4,5,4,1828.2601605770185,30.146875
32,6,1,1,5,4,5,1,1869.887095960533,30.152083333333334
32,7,1,1,5,4,5,1,1869.887095960533,30.152083333333334
32,8,1,1,5,4,5,1,1869.887095960533,30.152083333333334
32,9,1,1,5,4,5,1,1869.887095960533,30.152083333333334
32,10,1,1,5,4,5,1,1869.887095960533,30.152083333333334
32,11,1,1,5,4,5,1,1869.887095960533,30.152083333333334
32,12,1,1,5,4,5,1,1869.887095960533,30.152083333333334
32,13,1,1,5,4,5,1,1869.887095960533,30.152083333333334
32,14,2,2,5,4,5,4,1828.2601605770185,30.146875
32,15,1,1,5,4,5,1,1869.887095960533,30.152083333333334
32,16,1,1,5,4,5,1,1869.887095960533,30.152083333333334
32,17,1,1,5,4,5,1,1869.887095960533,30.152083333333334
32,18,1,1,5,4,5,1,1869.887095960533,30.152083333333334
32,19,1,1,5,4,5,1,1869.887095960533,30.152083333333334
32,20,1,1,5,4,5,1,1869.887095960533,30.152083333333334
32,21,1,1,5,4,5,1,1869.887095960533,30.152083333333334
32,22,1,1,5,4,5,1,1869.887095960533,30.152083333333334
32,23,1,1,5,4,5,1,1869.887095960533,30.152083333333334
32,24,1,1,5,4,5,1,1869.887095960533,30.152083333333334
32,25,1,1,5,4,5,1,1869.887095960533,30.152083333333334
32,26,2,2,5,4,5,4,1828.2601605770185,30.146875
32,27,1,1,5,4,5,1,1869.887095960533,30.152083333333334
32,28,1,1,5,4,5,1,1869.887095960533,30.152083333333334
32,29,1,1,5,4,5,1,1869.887095960533,30.152083333333334
32,30,1,1,5,4,5,1,1869.887095960533,30.152083333333334
32,31,2,2,5,4,5,4,1828.2601605770185,30.146875
32,32,1,1,5,4,5,1,1869.887095960533,30.152083333333334
32,33,1,1,5,4,5,1,1869.887095960533,30.152083333333334
32,34,1,1,5,4,5,1,1869.887095960533,30.152083333333334
32,35,1,1,5,4,5,1,1869.887095960533,30.152083333333334
32,36,1,1,5,4,5,1,1869.887095960533,30.152083333333334
32,37,1,1,5,4,5,1,1869.887095960533,30.152083333333334
32,38,2,2,5,4,5,4,1828.2601605770185,30.146875
32,39,1,1,5,4,5,1,1869.887095960533,30.152083333333334
32,40,1,1,5,4,5,1,1869.887095960533,30.152083333333334
32,41,1,1,5,4,5,1,1869.887095960533,30.152083333333334
32,42,1,1,5,4,5,1,1869.887095960533,30.152083333333334
32,43,1,1,5,4,5,1,1869.887095960533,30.152083333333334
32,44,1,1,5,4,5,1,1869.887095960533,30.152083333333334
32,45,1,1,5,4,5,1,1869.887095960533,30.152083333333334
32,46,1,1,5,4,5,1,1869.887095960533,30.152083333333334
32,47,1,1,5,4,5,1,1869.887095960533,30.152083333333334
32,48,1,1,5,4,5,1,1869.887095960533,30.152083333333334
32,49,1,1,5,4,5,1,1869.887095960533,30.152083333333334
33,0,1,1,5,4,5,1,1869.887095960533,30.152083333333334
33,1,2,2,5,4,5,4,1828.2601605770185,30.146875
33,2,1,1,5,4,5,1,1869.887095960533,30.152083333333334
33,3,2,2,5,4,5,4,1828.2601605770185,30.146875
33,4,1,1,5,4,5,1,1869.887095960533,30.152083333333334
33,5,1,1,5,4,5,1,1869.887095960533,30.152083333333334
33,6,1,1,5,4,5,1,1869.887095960533,30.152083333333334
33,7,1,1,5,4,5,1,1869.887095960533,30.152083333333334
33,8,1,1,5,4,5,1,1869.887095960533,30.152083333333334
33,9,1,1,5,4,5,1,1869.887095960533,30.152083333333334
33,10,1,1,5,4,5,1,1869.887095960533,30.152083333333334
33,11,1,1,5,4,5,1,1869.887095960533,30.152083333333334
33,12,1,1,5,4,5,1,1869.887095960533,30.152083333333334
33,13,1,1,5,4,5,1,1869.887095960533,30.152083333333334
33,14,2,2,5,4,5,4,1828.2601605770185,30.146875
33,15,1,1,5,4,5,1,1869.887095960533,30.152083333333334
33,16,1,1,5,4,5,1,1869.887095960533,30.152083333333334
33,17,1,1,5,4,5,1,1869.887095960533,30.152083333333334
33,18,1,1,5,4,5,1,1869.887095960533,30.152083333333334
33,19,1,1,5,4,5,1,1869.887095960533,30.152083333333334
33,20,2,2,5,4,5,4,1828.2601605770185,30.146875
33,21,1,1,5,4,5,1,1869.887095960533,30.152083333333334
33,22,1,1,5,4,5,1,1869.887095960533,30.152083333333334
33,23,1,1,5,4,5,1,1869.887095960533,30.152083333333334
33,24,1,1,5,4,5,1,1869.887095960533,30.152083333333334
33,25,1,1,5,4,5,1,1869.887095960533,30.152083333333334
33,26,1,1,5,4,5,1,1869.887095960533,30.152083333333334
33,27,1,1,5,4,5,1,1869.887095960533,30.152083333333334
33,28,1,1,5,4,5,1,1869.887095960533,30.152083333333334
33,29,1,1,5,4,5,1,1869.887095960533,30.152083333333334
33,30,1,1,5,4,5,1,1869.887095960533,30.152083333333334
33,31,1,1,5,4,5,1,1869.887095960533,30.152083333333334
33,32,2,2,5,4,5,4,1828.2601605770185,30.146875
33,33,1,1,5,4,5,1,1869.887095960533,30.152083333333334
33,34,1,1,5,4,5,1,1869.887095960533,30.152083333333334
33,35,1,1,5,4,5,1,1869.887095960533,30.152083333333334
33,36,1,1,5,4,5,1,1869.887095960533,30.152083333333334
33,37,2,2,5,4,5,4,1828.2601605770185,30.146875
33,38,1,1,5,4,5,1,1869.887095960533,30.152083333333334
33,39,2,2,5,4,5,4,1828.2601605770185,30.146875
33,40,1,1,5,4,5,1,1869.887095960533,30.152083333333334
33,41,1,1,5,4,5,1,1869.887095960533,30.152083333333334
33,42,1,1,5,4,5,1,1869.887095960533,30.152083333333334
33,43,1,1,5,4,5,1,1869.887095960533,30.152083333333334
33,44,1,1,5,4,5,1,1869.887095960533,30.152083333333334
33,45,1,1,5,4,5,1,1869.887095960533,30.152083333333334
33,46,2,2,5,4,5,4,1828.2601605770185,30.146875
33,47,1,1,5,4,5,1,1869.887095960533,30.152083333333334
33,48,1,1,5,4,5,1,1869.887095960533,30.152083333333334
33,49,2,2,5,4,5,4,1828.2601605770185,30.146875
34,0,2,2,5,4,5,4,1828.2601605770185,30.146875
34,1,1,1,5,4,5,1,1869.887095960533,30.152083333333334
34,2,2,2,5,4,5,4,1828.2601605770185,30.146875
34,3,1,1,5,4,5,1,1869.887095960533,30.152083333333334
34,4,1,1,5,4,5,1,1869.887095960533,30.152083333333334
34,5,1,1,5,4,5,1,1869.887095960533,30.152083333333334
34,6,1,1,5,4,5,1,1869.887095960533,30.152083333333334
34,7,1,1,5,4,5,1,1869.887095960533,30.152083333333334
34,8,1,1,5,4,5,1,1869.887095960533,30.152083333333334
34,9,1,1,5,4,5,1,1869.887095960533,30.152083333333334
34,10,1,1,5,4,5,1,1869.887095960533,30.152083333333334
34,11,1,1,5,4,5,1,1869.887095960533,30.152083333333334
34,12,1,1,5,4,5,1,1869.887095960533,30.152083333333334
34,13,2,2,5,4,5,4,1828.2601605770185,30.146875
34,14,1,1,5,4,5,1,1869.887095960533,30.152083333333334
34,15,1,1,5,4,5,1,1869.887095960533,30.152083333333334
34,16,2,2,5,4,5,4,1828.2601605770185,30.146875
34,17,1,1,5,4,5,1,1869.887095960533,30.152083333333334
34,18,1,1,5,4,5,1,1869.887095960533,30.152083333333334
34,19,1,1,5,4,5,1,1869.887095960533,30.152083333333334
34,20,1,1,5,4,5,1,1869.887095960533,30.152083333333334
34,21,1,1,5,4,5,1,1869.887095960533,30.152083333333334
34,22,2,2,5,4,5,4,1828.2601605770185,30.146875
34,23,1,1,5,4,5,1,1869.887095960533,30.152083333333334
34,24,1,1,5,4,5,1,1869.887095960533,30.152083333333334
34,25,1,1,5,4,5,1,1869.887095960533,30.152083333333334
34,26,2,2,5,4,5,4,1828.2601605770185,30.146875
34,27,1,1,5,4,5,1,1869.887095960533,30.152083333333334
34,28,1,1,5,4,5,1,1869.887095960533,30.152083333333334
34,29,1,1,5,4,5,1,1869.887095960533,30.152083333333334
34,30,1,1,5,4,5,1,1869.887095960533,30.152083333333334
34,31,1,1,5,4,5,1,1869.887095960533,30.152083333333334
34,32,1,1,5,4,5,1,1869.887095960533,30.152083333333334
34,33,2,2,5,4,5,4,1828.2601605770185,30.146875
34,34,1,1,5,4,5,1,1869.887095960533,30.152083333333334
34,35,2,2,5,4,5,4,1828.2601605770185,30.146875
34,36,1,1,5,4,5,1,1869.887095960533,30.152083333333334
34,37,1,1,5,4,5,1,1869.887095960533,30.152083333333334
34,38,1,1,5,4,5,1,1869.887095960533,30.152083333333334
34,39,1,1,5,4,5,1,1869.887095960533,30.152083333333334
34,40,1,1,5,4,5,1,1869.887095960533,30.152083333333334
34,41,1,1,5,4,5,1,1869.887095960533,30.152083333333334
34,42,1,1,5,4,5,1,1869.887095960533,30.152083333333334
34,43,1,1,5,4,5,1,1869.887095960533,30.152083333333334
34,44,2,2,5,4,5,4,1828.2601605770185,30.146875
34,45,1,1,5,4,5,1,1869.887095960533,30.152083333333334
34,46,1,1,5,4,5,1,1869.887095960533,30.152083333333334
34,47,2,2,5,4,5,4,1828.2601605770185,30.146875
34,48,1,1,5,4,5,1,1869.887095960533,30.152083333333334
34,49,1,1,5,4,5,1,1869.887095960533,30.152083333333334
35,0,1,1,5,4,5,1,1869.887095960533,30.152083333333334
35,1,2,2,5,4,5,4,1828.2601605770185,30.146875
35,2,2,2,5,4,5,4,1828.2601605770185,30.146875
35,3,1,1,5,4,5,1,1869.887095960533,30.152083333333334
35,4,1,1,5,4,5,1,1869.887095960533,30.152083333333334
35,5,2,2,5,4,5,4,1828.2601605770185,30.146875
35,6,1,1,5,4,5,1,1869.887095960533,30.152083333333334
35,7,1,1,5,4,5,1,1869.887095960533,30.152083333333334
35,8,1,1,5,4,5,1,1869.887095960533,30.152083333333334
35,9,1,1,5,4,5,1,1869.887095960533,30.152083333333334
35,10,1,1,5,4,5,1,1869.887095960533,30.152083333333334
35,11,1,1,5,4,5,1,1869.887095960533,30.152083333333334
35,12,1,1,5,4,5,1,1869.887095960533,30.152083333333334
35,13,1,1,5,4,5,1,1869.887095960533,30.152083333333334
35,14,1,1,5,4,5,1,1869.887095960533,30.152083333333334
35,15,1,1,5,4,5,1,1869.887095960533,30.152083333333334
35,16,1,1,5,4,5,1,1869.887095960533,30.152083333333334
35,17,1,1,5,4,5,1,1869.887095960533,30.152083333333334
35,18,1,1,5,4,5,1,1869.887095960533,30.152083333333334
35,19,1,1,5,4,5,1,1869.887095960533,30.152083333333334
35,20,1,1,5,4,5,1,1869.887095960533,30.152083333333334
35,21,2,2,5,4,5,4,1828.2601605770185,30.146875
35,22,1,1,5,4,5,1,1869.887095960533,30.152083333333334
35,23,1,1,5,4,5,1,1869.887095960533,30.152083333333334
35,24,1,1,5,4,5,1,1869.887095960533,30.152083333333334
35,25,1,1,5,4,5,1,1869.887095960533,30.152083333333334
35,26,1,1,5,4,5,1,1869.887095960533,30.152083333333334
35,27,1,1,5,4,5,1,1869.887095960533,30.152083333333334
35,28,1,1,5,4,5,1,1869.887095960533,30.152083333333334
35,29,1,1,5,4,5,1,1869.887095960533,30.152083333333334
35,30,2,2,5,4,5,4,1828.2601605770185,30.146875
35,31,1,1,5,4,5,1,1869.887095960533,30.152083333333334
35,32,1,1,5,4,5,1,1869.887095960533,30.152083333333334
35,33,2,2,5,4,5,4,1828.2601605770185,30.146875
35,34,2,2,5,4,5,4,1828.2601605770185,30.146875
35,35,2,2,5,4,5,4,1828.2601605770185,30.146875
35,36,1,1,5,4,5,1,1869.887095960533,30.152083333333334
35,37,2,2,5,4,5,4,1828.2601605770185,30.146875
35,38,1,1,5,4,5,1,1869.887095960533,30.152083333333334
35,39,1,1,5,4,5,1,1869.887095960533,30.152083333333334
35,40,1,1,5,4,5,1,1869.887095960533,30.152083333333334
35,41,1,1,5,4,5,1,1869.887095960533,30.152083333333334
35,42,1,1,5,4,5,1,1869.887095960533,30.152083333333334
35,43,1,1,5,4,5,1,1869.887095960533,30.152083333333334
35,44,1,1,5,4,5,1,1869.887095960533,30.152083333333334
35,45,1,1,5,4,5,1,1869.887095960533,30.152083333333334
35,46,1,1,5,4,5,1,1869.887095960533,30.152083333333334
35,47,1,1,5,4,5,1,1869.887095960533,30.152083333333334
35,48,1,1,5,4,5,1,1869.887095960533,30.152083333333334
35,49,1,1,5,4,5,1,1869.887095960533,30.152083333333334
36,0,2,2,5,4,5,4,1828.2601605770185,30.146875
36,1,1,1,5,4,5,1,1869.887095960533,30.152083333333334
36,2,2,2,5,4,5,4,1828.2601605770185,30.146875
36,3,1,1,5,4,5,1,1869.887095960533,30.152083333333334
36,4,1,1,5,4,5,1,1869.887095960533,30.152083333333334
36,5,1,1,5,4,5,1,1869.887095960533,30.152083333333334
36,6,1,1,5,4,5,1,1869.887095960533,30.152083333333334
36,7,1,1,5,4,5,1,1869.887095960533,30.152083333333334
36,8,1,1,5,4,5,1,1869.887095960533,30.152083333333334
36,9,1,1,5,4,5,1,1869.887095960533,30.152083333333334
36,10,1,1,5,4,5,1,1869.887095960533,30.152083333333334
36,11,1,1,5,4,5,1,1869.887095960533,30.152083333333334
36,12,1,1,5,4,5,1,1869.887095960533,30.152083333333334
36,13,1,1,5,4,5,1,1869.887095960533,30.152083333333334
36,14,1,1,5,4,5,1,1869.887095960533,30.152083333333334
36,15,1,1,5,4,5,1,1869.887095960533,30.152083333333334
36,16,1,1,5,4,5,1,1869.887095960533,30.152083333333334
36,17,1,1,5,4,5,1,1869.887095960533,30.152083333333334
36,18,1,1,5,4,5,1,1869.887095960533,30.152083333333334
36,19,1,1,5,4,5,1,1869.887095960533,30.152083333333334
36,20,1,1,5,4,5,1,1869.887095960533,30.152083333333334
36,21,1,1,5,4,5,1,1869.887095960533,30.152083333333334
36,22,1,1,5,4,5,1,1869.887095960533,30.152083333333334
36,23,1,1,5,4,5,1,1869.887095960533,30.152083333333334
36,24,1,1,5,4,5,1,1869.887095960533,30.152083333333334
36,25,2,2,5,4,5,4,1828.2601605770185,30.146875
36,26,1,1,5,4,5,1,1869.887095960533,30.152083333333334
36,27,1,1,5,4,5,1,1869.887095960533,30.152083333333334
36,28,2,2,5,4,5,4,1828.2601605770185,30.146875
36,29,2,2,5,4,5,4,1828.2601605770185,30.146875
36,30,1,1,5,4,5,1,1869.887095960533,30.152083333333334
36,31,1,1,5,4,5,1,1869.887095960533,30.152083333333334
36,32,1,1,5,4,5,1,1869.887095960533,30.152083333333334
36,33,1,1,5,4,5,1,1869.887095960533,30.152083333333334
36,34,1,1,5,4,5,1,1869.887095960533,30.152083333333334
36,35,2,2,5,4,5,4,1828.2601605770185,30.146875
36,36,1,1,5,4,5,1,1869.887095960533,30.152083333333334
36,37,1,1,5,4,5,1,1869.887095960533,30.152083333333334
36,38,1,1,5,4,5,1,1869.887095960533,30.152083333333334
36,39,2,2,5,4,5,4,1828.2601605770185,30.146875
36,40,2,2,5,4,5,4,1828.2601605770185,30.146875
36,41,2,2,5,4,5,4,1828.2601605770185,30.146875
36,42,1,1,5,4,5,1,1869.887095960533,30.152083333333334
36,43,1,1,5,4,5,1,1869.887095960533,30.152083333333334
36,44,1,1,5,4,5,1,1869.887095960533,30.152083333333334
36,45,1,1,5,4,5,1,1869.887095960533,30.152083333333334
36,46,1,1,5,4,5,1,1869.887095960533,30.152083333333334
36,47,1,1,5,4,5,1,1869.887095960533,30.152083333333334
36,48,2,2,5,4,5,4,1828.2601605770185,30.146875
36,49,1,1,5,4,5,1,1869.887095960533,30.152083333333334
37,0,1,1,5,4,5,1,1869.887095960533,30.152083333333334
37,1,1,1,5,4,5,1,1869.887095960533,30.152083333333334
37,2,2,2,5,4,5,4,1828.2601605770185,30.146875
37,3,2,2,5,4,5,4,1828.2601605770185,30.146875
37,4,2,2,5,4,5,4,1828.2601605770185,30.146875
37,5,1,1,5,4,5,1,1869.887095960533,30.152083333333334
37,6,1,1,5,4,5,1,1869.887095960533,30.152083333333334
37,7,1,1,5,4,5,1,1869.887095960533,30.152083333333334
37,8,1,1,5,4,5,1,1869.887095960533,30.152083333333334
37,9,1,1,5,4,5,1,1869.887095960533,30.152083333333334
37,10,1,1,5,4,5,1,1869.887095960533,30.152083333333334
37,11,1,1,5,4,5,1,1869.887095960533,30.152083333333334
37,12,1,1,5,4,5,1,1869.887095960533,30.152083333333334
37,13,1,1,5,4,5,1,1869.887095960533,30.152083333333334
37,14,1,1,5,4,5,1,1869.887095960533,30.152083333333334
37,15,1,1,5,4,5,1,1869.887095960533,30.152083333333334
37,16,1,1,5,4,5,1,1869.887095960533,30.152083333333334
37,17,1,1,5,4,5,1,1869.887095960533,30.152083333333334
37,18,1,1,5,4,5,1,1869.887095960533,30.152083333333334
37,19,1,1,5,4,5,1,1869.887095960533,30.152083333333334
37,20,1,1,5,4,5,1,1869.887095960533,30.152083333333334
37,21,1,1,5,4,5,1,1869.887095960533,30.152083333333334
37,22,1,1,5,4,5,1,1869.887095960533,30.152083333333334
37,23,1,1,5,4,5,1,1869.887095960533,30.152083333333334
37,24,2,2,5,4,5,4,1828.2601605770185,30.146875
37,25,1,1,5,4,5,1,1869.887095960533,30.152083333333334
37,26,1,1,5,4,5,1,1869.887095960533,30.152083333333334
37,27,1,1,5,4,5,1,1869.887095960533,30.152083333333334
37,28,1,1,5,4,5,1,1869.887095960533,30.152083333333334
37,29,2,2,5,4,5,4,1828.2601605770185,30.146875
37,30,1,1,5,4,5,1,1869.887095960533,30.152083333333334
37,31,1,1,5,4,5,1,1869.887095960533,30.152083333333334
37,32,2,2,5,4,5,4,1828.2601605770185,30.146875
37,33,2,2,5,4,5,4,1828.2601605770185,30.146875
37,34,1,1,5,4,5,1,1869.887095960533,30.152083333333334
37,35,1,1,5,4,5,1,1869.887095960533,30.152083333333334
37,36,1,1,5,4,5,1,1869.887095960533,30.152083333333334
37,37,1,1,5,4,5,1,1869.887095960533,30.152083333333334
37,38,1,1,5,4,5,1,1869.887095960533,30.152083333333334
37,39,1,1,5,4,5,1,1869.887095960533,30.152083333333334
37,40,1,1,5,4,5,1,1869.887095960533,30.152083333333334
37,41,1,1,5,4,5,1,1869.887095960533,30.152083333333334
37,42,1,1,5,4,5,1,1869.887095960533,30.152083333333334
37,43,1,1,5,4,5,1,1869.887095960533,30.152083333333334
37,44,2,2,5,4,5,4,1828.2601605770185,30.146875
37,45,2,2,5,4,5,4,1828.2601605770185,30.146875
37,46,2,2,5,4,5,4,1828.2601605770185,30.146875
37,47,1,1,5,4,5,1,1869.887095960533,30.152083333333334
37,48,1,1,5,4,5,1,1869.887095960533,30.152083333333334
37,49,1,1,5,4,5,1,1869.887095960533,30.152083333333334
38,0,1,1,5,4,5,1,1869.887095960533,30.152083333333334
38,1,2,2,5,4,5,4,1828.2601605770185,30.146875
38,2,1,1,5,4,5,1,1869.887095960533,30.152083333333334
38,3,2,2,5,4,5,4,1828.2601605770185,30.146875
38,4,1,1,5,4,5,1,1869.887095960533,30.152083333333334
38,5,2,2,5,4,5,4,1828.2601605770185,30.146875
38,6,1,1,5,4,5,1,1869.887095960533,30.152083333333334
38,7,1,1,5,4,5,1,1869.887095960533,30.152083333333334
38,8,1,1,5,4,5,1,1869.887095960533,30.152083333333334
38,9,1,1,5,4,5,1,1869.887095960533,30.152083333333334
38,10,1,1,5,4,5,1,1869.887095960533,30.152083333333334
38,11,1,1,5,4,5,1,1869.887095960533,30.152083333333334
38,12,1,1,5,4,5,1,1869.887095960533,30.152083333333334
38,13,1,1,5,4,5,1,1869.887095960533,30.152083333333334
38,14,1,1,5,4,5,1,1869.887095960533,30.152083333333334
38,15,1,1,5,4,5,1,1869.887095960533,30.152083333333334
38,16,2,2,5,4,5,4,1828.2601605770185,30.146875
38,17,1,1,5,4,5,1,1869.887095960533,30.152083333333334
38,18,2,2,5,4,5,4,1828.2601605770185,30.146875
38,19,2,2,5,4,5,4,1828.2601605770185,30.146875
38,20,1,1,5,4,5,1,1869.887095960533,30.152083333333334
38,21,1,1,5,4,5,1,1869.887095960533,30.152083333333334
38,22,2,2,5,4,5,4,1828.2601605770185,30.146875
38,23,1,1,5,4,5,1,1869.887095960533,30.152083333333334
38,24,1,1,5,4,5,1,1869.887095960533,30.152083333333334
38,25,1,1,5,4,5,1,1869.887095960533,30.152083333333334
38,26,2,2,5,4,5,4,1828.2601605770185,30.146875
38,27,1,1,5,4,5,1,1869.887095960533,30.152083333333334
38,28,1,1,5,4,5,1,1869.887095960533,30.152083333333334
38,29,2,2,5,4,5,4,1828.2601605770185,30.146875
38,30,1,1,5,4,5,1,1869.887095960533,30.152083333333334
38,31,1,1,5,4,5,1,1869.887095960533,30.152083333333334
38,32,1,1,5,4,5,1,1869.887095960533,30.152083333333334
38,33,1,1,5,4,5,1,1869.887095960533,30.152083333333334
38,34,1,1,5,4,5,1,1869.887095960533,30.152083333333334
38,35,1,1,5,4,5,1,1869.887095960533,30.152083333333334
38,36,2,2,5,4,5,4,1828.2601605770185,30.146875
38,37,1,1,5,4,5,1,1869.887095960533,30.152083333333334
38,38,1,1,5,4,5,1,1869.887095960533,30.152083333333334
38,39,1,1,5,4,5,1,1869.887095960533,30.152083333333334
38,40,1,1,5,4,5,1,1869.887095960533,30.152083333333334
38,41,1,1,5,4,5,1,1869.887095960533,30.152083333333334
38,42,1,1,5,4,5,1,1869.887095960533,30.152083333333334
38,43,1,1,5,4,5,1,1869.887095960533,30.152083333333334
38,44,1,1,5,4,5,1,1869.887095960533,30.152083333333334
38,45,1,1,5,4,5,1,1869.887095960533,30.152083333333334
38,46,1,1,5,4,5,1,1869.887095960533,30.152083333333334
38,47,1,1,5,4,5,1,1869.887095960533,30.152083333333334
38,48,1,1,5,4,5,1,1869.887095960533,30.152083333333334
38,49,1,1,5,4,5,1,1869.887095960533,30.152083333333334
39,0,1,1,5,4,5,1,1869.887095960533,30.152083333333334
39,1,2,2,5,4,5,4,1828.2601605770185,30.146875
39,2,2,2,5,4,5,4,1828.2601605770185,30.146875
39,3,1,1,5,4,5,1,1869.887095960533,30.152083333333334
39,4,1,1,5,4,5,1,1869.887095960533,30.152083333333334
39,5,2,2,5,4,5,4,1828.2601605770185,30.146875
39,6,1,1,5,4,5,1,1869.887095960533,30.152083333333334
39,7,1,1,5,4,5,1,1869.887095960533,30.152083333333334
39,8,2,2,5,4,5,4,1828.2601605770185,30.146875
39,9,2,2,5,4,5,4,1828.2601605770185,30.146875
39,10,1,1,5,4,5,1,1869.887095960533,30.152083333333334
39,11,1,1,5,4,5,1,1869.887095960533,30.152083333333334
39,12,2,2,5,4,5,4,1828.2601605770185,30.146875
39,13,1,1,5,4,5,1,1869.887095960533,30.152083333333334
39,14,1,1,5,4,5,1,1869.887095960533,30.152083333333334
39,15,1,1,5,4,5,1,1869.887095960533,30.152083333333334
39,16,2,2,5,4,5,4,1828.2601605770185,30.146875
39,17,2,2,5,4,5,4,1828.2601605770185,30.146875
39,18,1,1,5,4,5,1,1869.887095960533,30.152083333333334
39,19,1,1,5,4,5,1,1869.887095960533,30.152083333333334
39,20,1,1,5,4,5,1,1869.887095960533,30.152083333333334
39,21,1,1,5,4,5,1,1869.887095960533,30.152083333333334
39,22,1,1,5,4,5,1,1869.887095960533,30.152083333333334
39,23,1,1,5,4,5,1,1869.887095960533,30.152083333333334
39,24,1,1,5,4,5,1,1869.887095960533,30.152083333333334
39,25,1,1,5,4,5,1,1869.887095960533,30.152083333333334
39,26,1,1,5,4,5,1,1869.887095960533,30.152083333333334
39,27,1,1,5,4,5,1,1869.887095960533,30.152083333333334
39,28,1,1,5,4,5,1,1869.887095960533,30.152083333333334
39,29,1,1,5,4,5,1,1869.887095960533,30.152083333333334
39,30,1,1,5,4,5,1,1869.887095960533,30.152083333333334
39,31,1,1,5,4,5,1,1869.887095960533,30.152083333333334
39,32,1,1,5,4,5,1,1869.887095960533,30.152083333333334
39,33,1,1,5,4,5,1,1869.887095960533,30.152083333333334
39,34,2,2,5,4,5,4,1828.2601605770185,30.146875
39,35,1,1,5,4,5,1,1869.887095960533,30.152083333333334
39,36,2,2,5,4,5,4,1828.2601605770185,30.146875
39,37,1,1,5,4,5,1,1869.887095960533,30.152083333333334
39,38,1,1,5,4,5,1,1869.887095960533,30.152083333333334
39,39,1,1,5,4,5,1,1869.887095960533,30.152083333333334
39,40,1,1,5,4,5,1,1869.887095960533,30.152083333333334
39,41,1,1,5,4,5,1,1869.887095960533,30.152083333333334
39,42,1,1,5,4,5,1,1869.887095960533,30.152083333333334
39,43,1,1,5,4,5,1,1869.887095960533,30.152083333333334
39,44,1,1,5,4,5,1,1869.887095960533,30.152083333333334
39,45,1,1,5,4,5,1,1869.887095960533,30.152083333333334
39,46,1,1,5,4,5,1,1869.887095960533,30.152083333333334
39,47,1,1,5,4,5,1,1869.887095960533,30.152083333333334
39,48,1,1,5,4,5,1,1869.887095960533,30.152083333333334
39,49,1,1,5,4,5,1,1869.887095960533,30.152083333333334
40,0,1,1,5,4,5,1,1869.887095960533,30.152083333333334
40,1,2,2,5,4,5,4,1828.2601605770185,30.146875
40,2,1,1,5,4,5,1,1869.887095960533,30.152083333333334
40,3,2,2,5,4,5,4,1828.2601605770185,30.146875
40,4,1,1,5,4,5,1,1869.887095960533,30.152083333333334
40,5,1,1,5,4,5,1,1869.887095960533,30.152083333333334
40,6,1,1,5,4,5,1,1869.887095960533,30.152083333333334
40,7,1,1,5,4,5,1,1869.887095960533,30.152083333333334
40,8,2,2,5,4,5,4,1828.2601605770185,30.146875
40,9,2,2,5,4,5,4,1828.2601605770185,30.146875
40,10,1,1,5,4,5,1,1869.887095960533,30.152083333333334
40,11,1,1,5,4,5,1,1869.887095960533,30.152083333333334
40,12,1,1,5,4,5,1,1869.887095960533,30.152083333333334
40,13,1,1,5,4,5,1,1869.887095960533,30.152083333333334
40,14,1,1,5,4,5,1,1869.887095960533,30.152083333333334
40,15,1,1,5,4,5,1,1869.887095960533,30.152083333333334
40,16,1,1,5,4,5,1,1869.887095960533,30.152083333333334
40,17,1,1,5,4,5,1,1869.887095960533,30.152083333333334
40,18,1,1,5,4,5,1,1869.887095960533,30.152083333333334
40,19,1,1,5,4,5,1,1869.887095960533,30.152083333333334
40,20,1,1,5,4,5,1,1869.887095960533,30.152083333333334
40,21,1,1,5,4,5,1,1869.887095960533,30.152083333333334
40,22,1,1,5,4,5,1,1869.887095960533,30.152083333333334
40,23,1,1,5,4,5,1,1869.887095960533,30.152083333333334
40,24,1,1,5,4,5,1,1869.887095960533,30.152083333333334
40,25,1,1,5,4,5,1,1869.887095960533,30.152083333333334
40,26,1,1,5,4,5,1,1869.887095960533,30.152083333333334
40,27,1,1,5,4,5,1,1869.887095960533,30.152083333333334
40,28,2,2,5,4,5,4,1828.2601605770185,30.146875
40,29,1,1,5,4,5,1,1869.887095960533,30.152083333333334
40,30,1,1,5,4,5,1,1869.887095960533,30.152083333333334
40,31,2,2,5,4,5,4,1828.2601605770185,30.146875
40,32,1,1,5,4,5,1,1869.887095960533,30.152083333333334
40,33,2,2,5,4,5,4,1828.2601605770185,30.146875
40,34,2,2,5,4,5,4,1828.2601605770185,30.146875
40,35,1,1,5,4,5,1,1869.887095960533,30.152083333333334
40,36,1,1,5,4,5,1,1869.887095960533,30.152083333333334
40,37,1,1,5,4,5,1,1869.887095960533,30.152083333333334
40,38,1,1,5,4,5,1,1869.887095960533,30.152083333333334
40,39,1,1,5,4,5,1,1869.887095960533,30.152083333333334
40,40,1,1,5,4,5,1,1869.887095960533,30.152083333333334
40,41,1,1,5,4,5,1,1869.887095960533,30.152083333333334
40,42,1,1,5,4,5,1,1869.887095960533,30.152083333333334
40,43,1,1,5,4,5,1,1869.887095960533,30.152083333333334
40,44,1,1,5,4,5,1,1869.887095960533,30.152083333333334
40,45,1,1,5,4,5,1,1869.887095960533,30.152083333333334
40,46,1,1,5,4,5,1,1869.887095960533,30.152083333333334
40,47,2,2,5,4,5,4,1828.2601605770185,30.146875
40,48,1,1,5,4,5,1,1869.887095960533,30.152083333333334
40,49,1,1,5,4,5,1,1869.887095960533,30.152083333333334
41,0,1,1,5,4,5,1,1869.887095960533,30.152083333333334
41,1,2,2,5,4,5,4,1828.2601605770185,30.146875
41,2,1,1,5,4,5,1,1869.887095960533,30.152083333333334
41,3,2,2,5,4,5,4,1828.2601605770185,30.146875
41,4,1,1,5,4,5,1,1869.887095960533,30.152083333333334
41,5,1,1,5,4,5,1,1869.887095960533,30.152083333333334
41,6,1,1,5,4,5,1,1869.887095960533,30.152083333333334
41,7,1,1,5,4,5,1,1869.887095960533,30.152083333333334
41,8,2,2,5,4,5,4,1828.2601605770185,30.146875
41,9,1,1,5,4,5,1,1869.887095960533,30.152083333333334
41,10,1,1,5,4,5,1,1869.887095960533,30.152083333333334
41,11,1,1,5,4,5,1,1869.887095960533,30.152083333333334
41,12,1,1,5,4,5,1,1869.887095960533,30.152083333333334
41,13,1,1,5,4,5,1,1869.887095960533,30.152083333333334
41,14,2,2,5,4,5,4,1828.2601605770185,30.146875
41,15,1,1,5,4,5,1,1869.887095960533,30.152083333333334
41,16,1,1,5,4,5,1,1869.887095960533,30.152083333333334
41,17,1,1,5,4,5,1,1869.887095960533,30.152083333333334
41,18,2,2,5,4,5,4,1828.2601605770185,30.146875
41,19,1,1,5,4,5,1,1869.887095960533,30.152083333333334
41,20,1,1,5,4,5,1,1869.887095960533,30.152083333333334
41,21,1,1,5,4,5,1,1869.887095960533,30.152083333333334
41,22,1,1,5,4,5,1,1869.887095960533,30.152083333333334
41,23,1,1,5,4,5,1,1869.887095960533,30.152083333333334
41,24,1,1,5,4,5,1,1869.887095960533,30.152083333333334
41,25,1,1,5,4,5,1,1869.887095960533,30.152083333333334
41,26,1,1,5,4,5,1,1869.887095960533,30.152083333333334
41,27,1,1,5,4,5,1,1869.887095960533,30.152083333333334
41,28,1,1,5,4,5,1,1869.887095960533,30.152083333333334
41,29,1,1,5,4,5,1,1869.887095960533,30.152083333333334
41,30,1,1,5,4,5,1,1869.887095960533,30.152083333333334
41,31,1,1,5,4,5,1,1869.887095960533,30.152083333333334
41,32,1,1,5,4,5,1,1869.887095960533,30.152083333333334
41,33,1,1,5,4,5,1,1869.887095960533,30.152083333333334
41,34,1,1,5,4,5,1,1869.887095960533,30.152083333333334
41,35,1,1,5,4,5,1,1869.887095960533,30.152083333333334
41,36,1,1,5,4,5,1,1869.887095960533,30.152083333333334
41,37,1,1,5,4,5,1,1869.887095960533,30.152083333333334
41,38,1,1,5,4,5,1,1869.887095960533,30.152083333333334
41,39,1,1,5,4,5,1,1869.887095960533,30.152083333333334
41,40,1,1,5,4,5,1,1869.887095960533,30.152083333333334
41,41,1,1,5,4,5,1,1869.887095960533,30.152083333333334
41,42,1,1,5,4,5,1,1869.887095960533,30.152083333333334
41,43,1,1,5,4,5,1,1869.887095960533,30.152083333333334
41,44,1,1,5,4,5,1,1869.887095960533,30.152083333333334
41,45,1,1,5,4,5,1,1869.887095960533,30.152083333333334
41,46,1,1,5,4,5,1,1869.887095960533,30.152083333333334
41,47,2,2,5,4,5,4,1828.2601605770185,30.146875
41,48,1,1,5,4,5,1,1869.887095960533,30.152083333333334
41,49,1,1,5,4,5,1,1869.887095960533,30.152083333333334
42,0,1,1,5,4,5,1,1869.887095960533,30.152083333333334
42,1,2,2,5,4,5,4,1828.2601605770185,30.146875
42,2,2,2,5,4,5,4,1828.2601605770185,30.146875
42,3,1,1,5,4,5,1,1869.887095960533,30.152083333333334
42,4,2,2,5,4,5,4,1828.2601605770185,30.146875
42,5,1,1,5,4,5,1,1869.887095960533,30.152083333333334
42,6,1,1,5,4,5,1,1869.887095960533,30.152083333333334
42,7,1,1,5,4,5,1,1869.887095960533,30.152083333333334
42,8,1,1,5,4,5,1,1869.887095960533,30.152083333333334
42,9,2,2,5,4,5,4,1828.2601605770185,30.146875
42,10,1,1,5,4,5,1,1869.887095960533,30.152083333333334
42,11,2,2,5,4,5,4,1828.2601605770185,30.146875
42,12,1,1,5,4,5,1,1869.887095960533,30.152083333333334
42,13,1,1,5,4,5,1,1869.887095960533,30.152083333333334
42,14,1,1,5,4,5,1,1869.887095960533,30.152083333333334
42,15,1,1,5,4,5,1,1869.887095960533,30.152083333333334
42,16,2,2,5,4,5,4,1828.2601605770185,30.146875
42,17,1,1,5,4,5,1,1869.887095960533,30.152083333333334
42,18,1,1,5,4,5,1,1869.887095960533,30.152083333333334
42,19,1,1,5,4,5,1,1869.887095960533,30.152083333333334
42,20,1,1,5,4,5,1,1869.887095960533,30.152083333333334
42,21,1,1,5,4,5,1,1869.887095960533,30.152083333333334
42,22,1,1,5,4,5,1,1869.887095960533,30.152083333333334
42,23,1,1,5,4,5,1,1869.887095960533,30.152083333333334
42,24,1,1,5,4,5,1,1869.887095960533,30.152083333333334
42,25,1,1,5,4,5,1,1869.887095960533,30.152083333333334
42,26,1,1,5,4,5,1,1869.887095960533,30.152083333333334
42,27,1,1,5,4,5,1,1869.887095960533,30.152083333333334
42,28,1,1,5,4,5,1,1869.887095960533,30.152083333333334
42,29,1,1,5,4,5,1,1869.887095960533,30.152083333333334
42,30,1,1,5,4,5,1,1869.887095960533,30.152083333333334
42,31,1,1,5,4,5,1,1869.887095960533,30.152083333333334
42,32,1,1,5,4,5,1,1869.887095960533,30.152083333333334
42,33,1,1,5,4,5,1,1869.887095960533,30.152083333333334
42,34,1,1,5,4,5,1,1869.887095960533,30.152083333333334
42,35,1,1,5,4,5,1,1869.887095960533,30.152083333333334
42,36,1,1,5,4,5,1,1869.887095960533,30.152083333333334
42,37,1,1,5,4,5,1,1869.887095960533,30.152083333333334
42,38,1,1,5,4,5,1,1869.887095960533,30.152083333333334
42,39,1,1,5,4,5,1,1869.887095960533,30.152083333333334
42,40,1,1,5,4,5,1,1869.887095960533,30.152083333333334
42,41,1,1,5,4,5,1,1869.887095960533,30.152083333333334
42,42,1,1,5,4,5,1,1869.887095960533,30.152083333333334
42,43,1,1,5,4,5,1,1869.887095960533,30.152083333333334
42,44,1,1,5,4,5,1,1869.887095960533,30.152083333333334
42,45,1,1,5,4,5,1,1869.887095960533,30.152083333333334
42,46,1,1,5,4,5,1,1869.887095960533,30.152083333333334
42,47,1,1,5,4,5,1,1869.887095960533,30.152083333333334
42,48,1,1,5,4,5,1,1869.887095960533,30.152083333333334
42,49,1,1,5,4,5,1,1869.887095960533,30.152083333333334
43,0,2,2,5,4,5,4,1828.2601605770185,30.146875
43,1,2,2,5,4,5,4,1828.2601605770185,30.146875
43,2,1,1,5,4,5,1,1869.887095960533,30.152083333333334
43,3,1,1,5,4,5,1,1869.887095960533,30.152083333333334
43,4,1,1,5,4,5,1,1869.887095960533,30.152083333333334
43,5,1,1,5,4,5,1,1869.887095960533,30.152083333333334
43,6,1,1,5,4,5,1,1869.887095960533,30.152083333333334
43,7,1,1,5,4,5,1,1869.887095960533,30.152083333333334
43,8,1,1,5,4,5,1,1869.887095960533,30.152083333333334
43,9,1,1,5,4,5,1,1869.887095960533,30.152083333333334
43,10,1,1,5,4,5,1,1869.887095960533,30.152083333333334
43,11,1,1,5,4,5,1,1869.887095960533,30.152083333333334
43,12,1,1,5,4,5,1,1869.887095960533,30.152083333333334
43,13,1,1,5,4,5,1,1869.887095960533,30.152083333333334
43,14,1,1,5,4,5,1,1869.887095960533,30.152083333333334
43,15,1,1,5,4,5,1,1869.887095960533,30.152083333333334
43,16,1,1,5,4,5,1,1869.887095960533,30.152083333333334
43,17,1,1,5,4,5,1,1869.887095960533,30.152083333333334
43,18,2,2,5,4,5,4,1828.2601605770185,30.146875
43,19,1,1,5,4,5,1,1869.887095960533,30.152083333333334
43,20,1,1,5,4,5,1,1869.887095960533,30.152083333333334
43,21,1,1,5,4,5,1,1869.887095960533,30.152083333333334
43,22,2,2,5,4,5,4,1828.2601605770185,30.146875
43,23,1,1,5,4,5,1,1869.887095960533,30.152083333333334
43,24,1,1,5,4,5,1,1869.887095960533,30.152083333333334
43,25,1,1,5,4,5,1,1869.887095960533,30.152083333333334
43,26,1,1,5,4,5,1,1869.887095960533,30.152083333333334
43,27,1,1,5,4,5,1,1869.887095960533,30.152083333333334
43,28,1,1,5,4,5,1,1869.887095960533,30.152083333333334
43,29,1,1,5,4,5,1,1869.887095960533,30.152083333333334
43,30,1,1,5,4,5,1,1869.887095960533,30.152083333333334
43,31,1,1,5,4,5,1,1869.887095960533,30.152083333333334
43,32,1,1,5,4,5,1,1869.887095960533,30.152083333333334
43,33,1,1,5,4,5,1,1869.887095960533,30.152083333333334
43,34,1,1,5,4,5,1,1869.887095960533,30.152083333333334
43,35,1,1,5,4,5,1,1869.887095960533,30.152083333333334
43,36,2,2,5,4,5,4,1828.2601605770185,30.146875
43,37,1,1,5,4,5,1,1869.887095960533,30.152083333333334
43,38,1,1,5,4,5,1,1869.887095960533,30.152083333333334
43,39,1,1,5,4,5,1,1869.887095960533,30.152083333333334
43,40,1,1,5,4,5,1,1869.887095960533,30.152083333333334
43,41,2,2,5,4,5,4,1828.2601605770185,30.146875
43,42,1,1,5,4,5,1,1869.887095960533,30.152083333333334
43,43,1,1,5,4,5,1,1869.887095960533,30.152083333333334
43,44,1,1,5,4,5,1,1869.887095960533,30.152083333333334
43,45,1,1,5,4,5,1,1869.887095960533,30.152083333333334
43,46,1,1,5,4,5,1,1869.887095960533,30.152083333333334
43,47,1,1,5,4,5,1,1869.887095960533,30.152083333333334
43,48,1,1,5,4,5,1,1869.887095960533,30.152083333333334
43,49,1,1,5,4,5,1,1869.887095960533,30.152083333333334
44,0,1,1,5,4,5,1,1869.887095960533,30.152083333333334
44,1,1,1,5,4,5,1,1869.887095960533,30.152083333333334
44,2,2,2,5,4,5,4,1828.2601605770185,30.146875
44,3,2,2,5,4,5,4,1828.2601605770185,30.146875
44,4,1,1,5,4,5,1,1869.887095960533,30.152083333333334
44,5,1,1,5,4,5,1,1869.887095960533,30.152083333333334
44,6,1,1,5,4,5,1,1869.887095960533,30.152083333333334
44,7,1,1,5,4,5,1,1869.887095960533,30.152083333333334
44,8,1,1,5,4,5,1,1869.887095960533,30.152083333333334
44,9,2,2,5,4,5,4,1828.2601605770185,30.146875
44,10,2,2,5,4,5,4,1828.2601605770185,30.146875
44,11,1,1,5,4,5,1,1869.887095960533,30.152083333333334
44,12,1,1,5,4,5,1,1869.887095960533,30.152083333333334
44,13,1,1,5,4,5,1,1869.887095960533,30.152083333333334
44,14,1,1,5,4,5,1,1869.887095960533,30.152083333333334
44,15,1,1,5,4,5,1,1869.887095960533,30.152083333333334
44,16,1,1,5,4,5,1,1869.887095960533,30.152083333333334
44,17,1,1,5,4,5,1,1869.887095960533,30.152083333333334
44,18,1,1,5,4,5,1,1869.887095960533,30.152083333333334
44,19,2,2,5,4,5,4,1828.2601605770185,30.146875
44,20,1,1,5,4,5,1,1869.887095960533,30.152083333333334
44,21,1,1,5,4,5,1,1869.887095960533,30.152083333333334
44,22,1,1,5,4,5,1,1869.887095960533,30.152083333333334
44,23,1,1,5,4,5,1,1869.887095960533,30.152083333333334
44,24,1,1,5,4,5,1,1869.887095960533,30.152083333333334
44,25,1,1,5,4,5,1,1869.887095960533,30.152083333333334
44,26,1,1,5,4,5,1,1869.887095960533,30.152083333333334
44,27,1,1,5,4,5,1,1869.887095960533,30.152083333333334
44,28,1,1,5,4,5,1,1869.887095960533,30.152083333333334
44,29,1,1,5,4,5,1,1869.887095960533,30.152083333333334
44,30,1,1,5,4,5,1,1869.887095960533,30.152083333333334
44,31,1,1,5,4,5,1,1869.887095960533,30.152083333333334
44,32,1,1,5,4,5,1,1869.887095960533,30.152083333333334
44,33,1,1,5,4,5,1,1869.887095960533,30.152083333333334
44,34,1,1,5,4,5,1,1869.887095960533,30.152083333333334
44,35,1,1,5,4,5,1,1869.887095960533,30.152083333333334
44,36,1,1,5,4,5,1,1869.887095960533,30.152083333333334
44,37,1,1,5,4,5,1,1869.887095960533,30.152083333333334
44,38,1,1,5,4,5,1,1869.887095960533,30.152083333333334
44,39,1,1,5,4,5,1,1869.887095960533,30.152083333333334
44,40,1,1,5,4,5,1,1869.887095960533,30.152083333333334
44,41,1,1,5,4,5,1,1869.887095960533,30.152083333333334
44,42,1,1,5,4,5,1,1869.887095960533,30.152083333333334
44,43,2,2,5,4,5,4,1828.2601605770185,30.146875
44,44,1,1,5,4,5,1,1869.887095960533,30.152083333333334
44,45,1,1,5,4,5,1,1869.887095960533,30.152083333333334
44,46,1,1,5,4,5,1,1869.887095960533,30.152083333333334
44,47,1,1,5,4,5,1,1869.887095960533,30.152083333333334
44,48,1,1,5,4,5,1,1869.887095960533,30.152083333333334
44,49,1,1,5,4,5,1,1869.887095960533,30.152083333333334
45,0,1,1,5,4,5,1,1869.887095960533,30.152083333333334
45,1,2,2,5,4,5,4,1828.2601605770185,30.146875
45,2,1,1,5,4,5,1,1869.887095960533,30.152083333333334
45,3,2,2,5,4,5,4,1828.2601605770185,30.146875
45,4,1,1,5,4,5,1,1869.887095960533,30.152083333333334
45,5,1,1,5,4,5,1,1869.887095960533,30.152083333333334
45,6,1,1,5,4,5,1,1869.887095960533,30.152083333333334
45,7,1,1,5,4,5,1,1869.887095960533,30.152083333333334
45,8,1,1,5,4,5,1,1869.887095960533,30.152083333333334
45,9,1,1,5,4,5,1,1869.887095960533,30.152083333333334
45,10,1,1,5,4,5,1,1869.887095960533,30.152083333333334
45,11,1,1,5,4,5,1,1869.887095960533,30.152083333333334
45,12,1,1,5,4,5,1,1869.887095960533,30.152083333333334
45,13,1,1,5,4,5,1,1869.887095960533,30.152083333333334
45,14,1,1,5,4,5,1,1869.887095960533,30.152083333333334
45,15,1,1,5,4,5,1,1869.887095960533,30.152083333333334
45,16,1,1,5,4,5,1,1869.887095960533,30.152083333333334
45,17,1,1,5,4,5,1,1869.887095960533,30.152083333333334
45,18,1,1,5,4,5,1,1869.887095960533,30.152083333333334
45,19,1,1,5,4,5,1,1869.887095960533,30.152083333333334
45,20,1,1,5,4,5,1,1869.887095960533,30.152083333333334
45,21,1,1,5,4,5,1,1869.887095960533,30.152083333333334
45,22,2,2,5,4,5,4,1828.2601605770185,30.146875
45,23,1,1,5,4,5,1,1869.887095960533,30.152083333333334
45,24,1,1,5,4,5,1,1869.887095960533,30.152083333333334
45,25,1,1,5,4,5,1,1869.887095960533,30.152083333333334
45,26,1,1,5,4,5,1,1869.887095960533,30.152083333333334
45,27,1,1,5,4,5,1,1869.887095960533,30.152083333333334
45,28,1,1,5,4,5,1,1869.887095960533,30.152083333333334
45,29,1,1,5,4,5,1,1869.887095960533,30.152083333333334
45,30,1,1,5,4,5,1,1869.887095960533,30.152083333333334
45,31,1,1,5,4,5,1,1869.887095960533,30.152083333333334
45,32,1,1,5,4,5,1,1869.887095960533,30.152083333333334
45,33,1,1,5,4,5,1,1869.887095960533,30.152083333333334
45,34,1,1,5,4,5,1,1869.887095960533,30.152083333333334
45,35,1,1,5,4,5,1,1869.887095960533,30.152083333333334
45,36,1,1,5,4,5,1,1869.887095960533,30.152083333333334
45,37,1,1,5,4,5,1,1869.887095960533,30.152083333333334
45,38,2,2,5,4,5,4,1828.2601605770185,30.146875
45,39,1,1,5,4,5,1,1869.887095960533,30.152083333333334
45,40,1,1,5,4,5,1,1869.887095960533,30.152083333333334
45,41,1,1,5,4,5,1,1869.887095960533,30.152083333333334
45,42,1,1,5,4,5,1,1869.887095960533,30.152083333333334
45,43,1,1,5,4,5,1,1869.887095960533,30.152083333333334
45,44,1,1,5,4,5,1,1869.887095960533,30.152083333333334
45,45,1,1,5,4,5,1,1869.887095960533,30.152083333333334
45,46,1,1,5,4,5,1,1869.887095960533,30.152083333333334
45,47,1,1,5,4,5,1,1869.887095960533,30.152083333333334
45,48,2,2,5,4,5,4,1828.2601605770185,30.146875
45,49,1,1,5,4,5,1,1869.887095960533,30.152083333333334
46,0,1,1,5,4,5,1,1869.887095960533,30.152083333333334
46,1,1,1,5,4,5,1,1869.887095960533,30.152083333333334
46,2,2,2,5,4,5,4,1828.2601605770185,30.146875
46,3,2,2,5,4,5,4,1828.2601605770185,30.146875
46,4,1,1,5,4,5,1,1869.887095960533,30.152083333333334
46,5,1,1,5,4,5,1,1869.887095960533,30.152083333333334
46,6,1,1,5,4,5,1,1869.887095960533,30.152083333333334
46,7,1,1,5,4,5,1,1869.887095960533,30.152083333333334
46,8,1,1,5,4,5,1,1869.887095960533,30.152083333333334
46,9,1,1,5,4,5,1,1869.887095960533,30.152083333333334
46,10,1,1,5,4,5,1,1869.887095960533,30.152083333333334
46,11,1,1,5,4,5,1,1869.887095960533,30.152083333333334
46,12,1,1,5,4,5,1,1869.887095960533,30.152083333333334
46,13,1,1,5,4,5,1,1869.887095960533,30.152083333333334
46,14,1,1,5,4,5,1,1869.887095960533,30.152083333333334
46,15,1,1,5,4,5,1,1869.887095960533,30.152083333333334
46,16,1,1,5,4,5,1,1869.887095960533,30.152083333333334
46,17,1,1,5,4,5,1,1869.887095960533,30.152083333333334
46,18,2,2,5,4,5,4,1828.2601605770185,30.146875
46,19,1,1,5,4,5,1,1869.887095960533,30.152083333333334
46,20,1,1,5,4,5,1,1869.887095960533,30.152083333333334
46,21,1,1,5,4,5,1,1869.887095960533,30.152083333333334
46,22,1,1,5,4,5,1,1869.887095960533,30.152083333333334
46,23,1,1,5,4,5,1,1869.887095960533,30.152083333333334
46,24,1,1,5,4,5,1,1869.887095960533,30.152083333333334
46,25,1,1,5,4,5,1,1869.887095960533,30.152083333333334
46,26,1,1,5,4,5,1,1869.887095960533,30.152083333333334
46,27,1,1,5,4,5,1,1869.887095960533,30.152083333333334
46,28,1,1,5,4,5,1,1869.887095960533,30.152083333333334
46,29,1,1,5,4,5,1,1869.887095960533,30.152083333333334
46,30,1,1,5,4,5,1,1869.887095960533,30.152083333333334
46,31,1,1,5,4,5,1,1869.887095960533,30.152083333333334
46,32,2,2,5,4,5,4,1828.2601605770185,30.146875
46,33,1,1,5,4,5,1,1869.887095960533,30.152083333333334
46,34,1,1,5,4,5,1,1869.887095960533,30.152083333333334
46,35,1,1,5,4,5,1,1869.887095960533,30.152083333333334
46,36,1,1,5,4,5,1,1869.887095960533,30.152083333333334
46,37,1,1,5,4,5,1,1869.887095960533,30.152083333333334
46,38,1,1,5,4,5,1,1869.887095960533,30.152083333333334
46,39,1,1,5,4,5,1,1869.887095960533,30.152083333333334
46,40,1,1,5,4,5,1,1869.887095960533,30.152083333333334
46,41,1,1,5,4,5,1,1869.887095960533,30.152083333333334
46,42,1,1,5,4,5,1,1869.887095960533,30.152083333333334
46,43,1,1,5,4,5,1,1869.887095960533,30.152083333333334
46,44,1,1,5,4,5,1,1869.887095960533,30.152083333333334
46,45,1,1,5,4,5,1,1869.887095960533,30.152083333333334
46,46,1,1,5,4,5,1,1869.887095960533,30.152083333333334
46,47,1,1,5,4,5,1,1869.887095960533,30.152083333333334
46,48,1,1,5,4,5,1,1869.887095960533,30.152083333333334
46,49,1,1,5,4,5,1,1869.887095960533,30.152083333333334
47,0,2,2,5,4,5,4,1828.2601605770185,30.146875
47,1,1,1,5,4,5,1,1869.887095960533,30.152083333333334
47,2,1,1,5,4,5,1,1869.887095960533,30.152083333333334
47,3,2,2,5,4,5,4,1828.2601605770185,30.146875
47,4,1,1,5,4,5,1,1869.887095960533,30.152083333333334
47,5,1,1,5,4,5,1,1869.887095960533,30.152083333333334
47,6,1,1,5,4,5,1,1869.887095960533,30.152083333333334
47,7,1,1,5,4,5,1,1869.887095960533,30.152083333333334
47,8,1,1,5,4,5,1,1869.887095960533,30.152083333333334
47,9,1,1,5,4,5,1,1869.887095960533,30.152083333333334
47,10,1,1,5,4,5,1,1869.887095960533,30.152083333333334
47,11,1,1,5,4,5,1,1869.887095960533,30.152083333333334
47,12,1,1,5,4,5,1,1869.887095960533,30.152083333333334
47,13,1,1,5,4,5,1,1869.887095960533,30.152083333333334
47,14,1,1,5,4,5,1,1869.887095960533,30.152083333333334
47,15,1,1,5,4,5,1,1869.887095960533,30.152083333333334
47,16,1,1,5,4,5,1,1869.887095960533,30.152083333333334
47,17,1,1,5,4,5,1,1869.887095960533,30.152083333333334
47,18,1,1,5,4,5,1,1869.887095960533,30.152083333333334
47,19,1,1,5,4,5,1,1869.887095960533,30.152083333333334
47,20,2,2,5,4,5,4,1828.2601605770185,30.146875
47,21,1,1,5,4,5,1,1869.887095960533,30.152083333333334
47,22,1,1,5,4,5,1,1869.887095960533,30.152083333333334
47,23,1,1,5,4,5,1,1869.887095960533,30.152083333333334
47,24,1,1,5,4,5,1,1869.887095960533,30.152083333333334
47,25,1,1,5,4,5,1,1869.887095960533,30.152083333333334
47,26,1,1,5,4,5,1,1869.887095960533,30.152083333333334
47,27,1,1,5,4,5,1,1869.887095960533,30.152083333333334
47,28,1,1,5,4,5,1,1869.887095960533,30.152083333333334
47,29,2,2,5,4,5,4,1828.2601605770185,30.146875
47,30,1,1,5,4,5,1,1869.887095960533,30.152083333333334
47,31,1,1,5,4,5,1,1869.887095960533,30.152083333333334
47,32,1,1,5,4,5,1,1869.887095960533,30.152083333333334
47,33,1,1,5,4,5,1,1869.887095960533,30.152083333333334
47,34,1,1,5,4,5,1,1869.887095960533,30.152083333333334
47,35,1,1,5,4,5,1,1869.887095960533,30.152083333333334
47,36,1,1,5,4,5,1,1869.887095960533,30.152083333333334
47,37,1,1,5,4,5,1,1869.887095960533,30.152083333333334
47,38,1,1,5,4,5,1,1869.887095960533,30.152083333333334
47,39,1,1,5,4,5,1,1869.887095960533,30.152083333333334
47,40,1,1,5,4,5,1,1869.887095960533,30.152083333333334
47,41,1,1,5,4,5,1,1869.887095960533,30.152083333333334
47,42,1,1,5,4,5,1,1869.887095960533,30.152083333333334
47,43,1,1,5,4,5,1,1869.887095960533,30.152083333333334
47,44,1,1,5,4,5,1,1869.887095960533,30.152083333333334
47,45,1,1,5,4,5,1,1869.887095960533,30.152083333333334
47,46,1,1,5,4,5,1,1869.887095960533,30.152083333333334
47,47,1,1,5,4,5,1,1869.887095960533,30.152083333333334
47,48,1,1,5,4,5,1,1869.887095960533,30.152083333333334
47,49,1,1,5,4,5,1,1869.887095960533,30.152083333333334
48,0,1,1,5,4,5,1,1869.887095960533,30.152083333333334
48,1,2,2,5,4,5,4,1828.2601605770185,30.146875
48,2,1,1,5,4,5,1,1869.887095960533,30.152083333333334
48,3,2,2,5,4,5,4,1828.2601605770185,30.146875
48,4,1,1,5,4,5,1,1869.887095960533,30.152083333333334
48,5,1,1,5,4,5,1,1869.887095960533,30.152083333333334
48,6,1,1,5,4,5,1,1869.887095960533,30.152083333333334
48,7,1,1,5,4,5,1,1869.887095960533,30.152083333333334
48,8,1,1,5,4,5,1,1869.887095960533,30.152083333333334
48,9,1,1,5,4,5,1,1869.887095960533,30.152083333333334
48,10,1,1,5,4,5,1,1869.887095960533,30.152083333333334
48,11,1,1,5,4,5,1,1869.887095960533,30.152083333333334
48,12,1,1,5,4,5,1,1869.887095960533,30.152083333333334
48,13,1,1,5,4,5,1,1869.887095960533,30.152083333333334
48,14,1,1,5,4,5,1,1869.887095960533,30.152083333333334
48,15,1,1,5,4,5,1,1869.887095960533,30.152083333333334
48,16,1,1,5,4,5,1,1869.887095960533,30.152083333333334
48,17,1,1,5,4,5,1,1869.887095960533,30.152083333333334
48,18,2,2,5,4,5,4,1828.2601605770185,30.146875
48,19,1,1,5,4,5,1,1869.887095960533,30.152083333333334
48,20,1,1,5,4,5,1,1869.887095960533,30.152083333333334
48,21,1,1,5,4,5,1,1869.887095960533,30.152083333333334
48,22,1,1,5,4,5,1,1869.887095960533,30.152083333333334
48,23,1,1,5,4,5,1,1869.887095960533,30.152083333333334
48,24,1,1,5,4,5,1,1869.887095960533,30.152083333333334
48,25,1,1,5,4,5,1,1869.887095960533,30.152083333333334
48,26,1,1,5,4,5,1,1869.887095960533,30.152083333333334
48,27,1,1,5,4,5,1,1869.887095960533,30.152083333333334
48,28,1,1,5,4,5,1,1869.887095960533,30.152083333333334
48,29,1,1,5,4,5,1,1869.887095960533,30.152083333333334
48,30,1,1,5,4,5,1,1869.887095960533,30.152083333333334
48,31,1,1,5,4,5,1,1869.887095960533,30.152083333333334
48,32,1,1,5,4,5,1,1869.887095960533,30.152083333333334
48,33,1,1,5,4,5,1,1869.887095960533,30.152083333333334
48,34,1,1,5,4,5,1,1869.887095960533,30.152083333333334
48,35,1,1,5,4,5,1,1869.887095960533,30.152083333333334
48,36,1,1,5,4,5,1,1869.887095960533,30.152083333333334
48,37,1,1,5,4,5,1,1869.887095960533,30.152083333333334
48,38,1,1,5,4,5,1,1869.887095960533,30.152083333333334
48,39,1,1,5,4,5,1,1869.887095960533,30.152083333333334
48,40,1,1,5,4,5,1,1869.887095960533,30.152083333333334
48,41,2,2,5,4,5,4,1828.2601605770185,30.146875
48,42,1,1,5,4,5,1,1869.887095960533,30.152083333333334
48,43,1,1,5,4,5,1,1869.887095960533,30.152083333333334
48,44,1,1,5,4,5,1,1869.887095960533,30.152083333333334
48,45,1,1,5,4,5,1,1869.887095960533,30.152083333333334
48,46,1,1,5,4,5,1,1869.887095960533,30.152083333333334
48,47,1,1,5,4,5,1,1869.887095960533,30.152083333333334
48,48,1,1,5,4,5,1,1869.887095960533,30.152083333333334
48,49,1,1,5,4,5,1,1869.887095960533,30.152083333333334
49,0,1,1,5,4,5,1,1869.887095960533,30.152083333333334
49,1,2,2,5,4,5,4,1828.2601605770185,30.146875
49,2,1,1,5,4,5,1,1869.887095960533,30.152083333333334
49,3,2,2,5,4,5,4,1828.2601605770185,30.146875
49,4,1,1,5,4,5,1,1869.887095960533,30.152083333333334
49,5,1,1,5,4,5,1,1869.887095960533,30.152083333333334
49,6,1,1,5,4,5,1,1869.887095960533,30.152083333333334
49,7,1,1,5,4,5,1,1869.887095960533,30.152083333333334
49,8,2,2,5,4,5,4,1828.2601605770185,30.146875
49,9,1,1,5,4,5,1,1869.887095960533,30.152083333333334
49,10,1,1,5,4,5,1,1869.887095960533,30.152083333333334
49,11,1,1,5,4,5,1,1869.887095960533,30.152083333333334
49,12,1,1,5,4,5,1,1869.887095960533,30.152083333333334
49,13,1,1,5,4,5,1,1869.887095960533,30.152083333333334
49,14,1,1,5,4,5,1,1869.887095960533,30.152083333333334
49,15,1,1,5,4,5,1,1869.887095960533,30.152083333333334
49,16,1,1,5,4,5,1,1869.887095960533,30.152083333333334
49,17,1,1,5,4,5,1,1869.887095960533,30.152083333333334
49,18,1,1,5,4,5,1,1869.887095960533,30.152083333333334
49,19,1,1,5,4,5,1,1869.887095960533,30.152083333333334
49,20,1,1,5,4,5,1,1869.887095960533,30.152083333333334
49,21,1,1,5,4,5,1,1869.887095960533,30.152083333333334
49,22,1,1,5,4,5,1,1869.887095960533,30.152083333333334
49,23,1,1,5,4,5,1,1869.887095960533,30.152083333333334
49,24,1,1,5,4,5,1,1869.887095960533,30.152083333333334
49,25,1,1,5,4,5,1,1869.887095960533,30.152083333333334
49,26,1,1,5,4,5,1,1869.887095960533,30.152083333333334
49,27,1,1,5,4,5,1,1869.887095960533,30.152083333333334
49,28,1,1,5,4,5,1,1869.887095960533,30.152083333333334
49,29,1,1,5,4,5,1,1869.887095960533,30.152083333333334
49,30,1,1,5,4,5,1,1869.887095960533,30.152083333333334
49,31,1,1,5,4,5,1,1869.887095960533,30.152083333333334
49,32,1,1,5,4,5,1,1869.887095960533,30.152083333333334
49,33,1,1,5,4,5,1,1869.887095960533,30.152083333333334
49,34,1,1,5,4,5,1,1869.887095960533,30.152083333333334
49,35,1,1,5,4,5,1,1869.887095960533,30.152083333333334
49,36,1,1,5,4,5,1,1869.887095960533,30.152083333333334
49,37,1,1,5,4,5,1,1869.887095960533,30.152083333333334
49,38,1,1,5,4,5,1,1869.887095960533,30.152083333333334
49,39,1,1,5,4,5,1,1869.887095960533,30.152083333333334
49,40,1,1,5,4,5,1,1869.887095960533,30.152083333333334
49,41,1,1,5,4,5,1,1869.887095960533,30.152083333333334
49,42,1,1,5,4,5,1,1869.887095960533,30.152083333333334
49,43,1,1,5,4,5,1,1869.887095960533,30.152083333333334
49,44,1,1,5,4,5,1,1869.887095960533,30.152083333333334
49,45,1,1,5,4,5,1,1869.887095960533,30.152083333333334
49,46,1,1,5,4,5,1,1869.887095960533,30.152083333333334
49,47,1,1,5,4,5,1,1869.887095960533,30.152083333333334
49,48,1,1,5,4,5,1,1869.887095960533,30.152083333333334
49,49,1,1,5,4,5,1,1869.887095960533,30.152083333333334
