generation_index,individual_index_in_generation,cap_post_loading,cap_post_conveyor,cap_post_washing,cap_pre_press1,cap_pre_press2,cap_post_press12,wip,throughput
0,0,7,8,5,4,5,1,34.84781746031746,27.464285714285715
0,1,2,9,2,9,5,6,33.21904761904762,27.457142857142856
0,2,3,1,4,6,2,4,22.030555555555555,27.15595238095238
0,3,2,5,9,2,4,5,27.807142857142857,27.332142857142856
0,4,1,5,3,10,8,5,33.098015873015875,27.43809523809524
0,5,4,2,4,5,10,8,31.058333333333334,27.37857142857143
0,6,4,1,3,4,10,7,28.03988095238095,27.333333333333332
0,7,6,6,1,5,4,7,28.23234126984127,27.370238095238093
0,8,9,5,5,3,6,2,34.075,27.404761904761905
0,9,6,9,7,8,7,8,42.688293650793646,27.464285714285715
0,10,4,3,1,1,10,1,25.130753968253966,26.80595238095238
0,11,8,7,7,2,4,9,34.00555555555555,27.392857142857142
0,12,5,1,9,5,6,9,31.899404761904762,27.35238095238095
0,13,4,8,2,1,6,9,27.16785714285714,27.010714285714286
0,14,3,2,8,2,8,5,28.89920634920635,27.34642857142857
0,15,1,8,6,8,5,7,33.93571428571428,27.35238095238095
0,16,4,7,7,10,9,8,42.8781746031746,27.386904761904763
0,17,5,1,9,4,4,4,29.013492063492063,27.34285714285714
0,18,7,5,7,2,2,10,28.907738095238095,27.21904761904762
0,19,4,8,6,4,1,3,28.90198412698413,27.039285714285715
0,20,6,3,2,9,10,3,36.17896825396825,27.379761904761903
0,21,3,8,3,9,8,10,37.14503968253968,27.38095238095238
0,22,8,10,9,4,6,4,43.07123015873016,27.360714285714284
0,23,4,10,2,4,10,5,36.112896825396824,27.347619047619048
0,24,5,1,2,7,8,2,29.112698412698414,27.32857142857143
0,25,6,3,7,4,4,1,29.80297619047619,27.339285714285715
0,26,1,4,9,10,10,3,39.98730158730159,27.34285714285714
0,27,2,10,3,2,6,4,29.226388888888888,27.285714285714285
0,28,1,5,4,6,8,7,30.105555555555554,27.330952380952382
0,29,7,10,5,10,5,7,43.13234126984127,27.33809523809524
0,30,6,9,5,8,2,2,35.93670634920635,27.323809523809523
0,31,7,8,5,2,2,5,29.995436507936507,27.271428571428572
0,32,3,6,6,10,3,1,33.67261904761905,27.288095238095238
0,33,5,4,6,1,8,1,29.8015873015873,26.86904761904762
0,34,4,5,7,8,1,3,31.107738095238094,27.002380952380953
0,35,5,6,9,7,4,2,36.84265873015873,27.316666666666666
0,36,4,7,6,8,2,4,32.87559523809524,27.26904761904762
0,37,1,3,9,8,8,2,35.0172619047619,27.288095238095238
0,38,4,10,2,2,8,10,32.09464285714286,27.175
0,39,2,9,10,9,3,7,38.87638888888889,27.288095238095238
0,40,10,4,4,1,6,10,31.137301587301586,26.901190476190475
0,41,3,7,6,5,8,10,35.024206349206345,27.275
0,42,10,6,10,4,10,8,46.04087301587302,27.297619047619047
0,43,2,7,10,8,1,2,33.849404761904765,27.051190476190477
0,44,10,2,1,7,10,9,36.336507936507935,27.275
0,45,1,6,10,10,6,6,38.984920634920634,27.275
0,46,9,2,7,8,7,5,39.035912698412695,27.216666666666665
0,47,10,8,5,8,8,9,45.114087301587304,27.270238095238096
0,48,7,7,7,9,5,4,41.08273809523809,27.248809523809523
0,49,5,7,9,10,6,1,42.80992063492064,27.233333333333334
1,0,2,5,9,2,4,5,27.807142857142857,27.332142857142856
1,1,5,1,5,4,5,1,25.790277777777778,27.326190476190476
1,2,7,5,7,2,2,9,29.09722222222222,27.401190476190475
1,3,3,2,4,2,5,5,22.125198412698413,27.31190476190476
1,4,2,2,2,5,9,7,26.301785714285714,27.32857142857143
1,5,3,1,3,2,2,3,17.039682539682538,27.151190476190475
1,6,5,1,2,3,5,1,21.966269841269842,27.239285714285714
1,7,3,8,3,6,2,4,28.199007936507936,27.377380952380953
1,8,4,1,3,4,10,6,27.88888888888889,27.366666666666667
1,9,3,1,8,6,7,5,30.87956349206349,27.498809523809523
1,10,8,1,8,4,4,7,30.71924603174603,27.433333333333334
1,11,7,8,5,4,5,1,34.84781746031746,27.464285714285715
1,12,2,9,2,9,5,6,33.21904761904762,27.457142857142856
1,13,3,1,4,6,2,4,22.030555555555555,27.15595238095238
1,14,1,5,3,10,8,5,33.098015873015875,27.43809523809524
1,15,4,2,4,5,10,8,31.058333333333334,27.37857142857143
1,16,6,6,1,5,4,7,28.23234126984127,27.370238095238093
1,17,6,3,2,4,4,1,25.07718253968254,27.210714285714285
1,18,1,4,2,1,7,1,20.960317460317462,26.92738095238095
1,19,5,1,9,3,4,4,28.002777777777776,27.364285714285714
1,20,3,6,1,5,4,7,25.158333333333335,27.238095238095237
1,21,4,2,1,4,1,1,18.049603174603174,26.84404761904762
1,22,4,1,3,4,10,7,28.03988095238095,27.333333333333332
1,23,9,5,5,3,6,2,34.075,27.404761904761905
1,24,6,9,7,8,7,8,42.688293650793646,27.464285714285715
1,25,8,7,7,2,4,9,34.00555555555555,27.392857142857142
1,26,5,1,9,5,6,9,31.899404761904762,27.35238095238095
1,27,4,8,2,1,6,9,27.16785714285714,27.010714285714286
1,28,3,2,8,2,8,5,28.89920634920635,27.34642857142857
1,29,2,8,5,1,2,5,23.85238095238095,26.920238095238094
1,30,4,3,1,1,10,1,25.130753968253966,26.80595238095238
1,31,1,8,6,8,5,7,33.93571428571428,27.35238095238095
1,32,4,7,7,10,9,8,42.8781746031746,27.386904761904763
1,33,5,1,9,4,4,4,29.013492063492063,27.34285714285714
1,34,3,8,3,9,8,10,37.14503968253968,27.38095238095238
1,35,4,8,5,4,1,3,27.93888888888889,26.88095238095238
1,36,8,7,2,2,3,9,28.133333333333333,27.266666666666666
1,37,9,2,1,7,9,8,34.22797619047619,27.373809523809523
1,38,3,4,3,10,10,3,36.10793650793651,27.379761904761903
1,39,3,8,3,1,6,8,27.051388888888887,26.810714285714287
1,40,6,2,7,1,6,8,28.06547619047619,26.945238095238096
1,41,6,2,7,4,4,3,28.933730158730157,27.276190476190475
1,42,2,10,3,1,6,4,28.099801587301588,26.880952380952383
1,43,6,3,2,9,10,3,36.17896825396825,27.379761904761903
1,44,3,9,3,9,5,6,35.07123015873016,27.35238095238095
1,45,6,3,7,4,4,1,29.80297619047619,27.339285714285715
1,46,7,5,7,2,2,10,28.907738095238095,27.21904761904762
1,47,4,8,6,4,1,3,28.90198412698413,27.039285714285715
1,48,3,7,6,1,6,9,28.840476190476192,26.94404761904762
1,49,5,1,2,7,8,2,29.112698412698414,27.32857142857143
2,0,3,2,4,2,5,5,22.125198412698413,27.31190476190476
2,1,3,1,3,2,2,3,17.039682539682538,27.151190476190475
2,2,6,2,1,4,4,7,23.185714285714287,27.43452380952381
2,3,3,1,2,6,2,4,20.12738095238095,27.229761904761904
2,4,3,1,4,5,2,4,21.036706349206348,27.267857142857142
2,5,5,1,1,5,5,7,23.353571428571428,27.50357142857143
2,6,5,1,5,4,5,1,25.790277777777778,27.326190476190476
2,7,7,5,7,2,2,9,29.09722222222222,27.401190476190475
2,8,5,1,2,3,5,1,21.966269841269842,27.239285714285714
2,9,3,1,8,6,7,5,30.87956349206349,27.498809523809523
2,10,8,1,8,4,4,7,30.71924603174603,27.433333333333334
2,11,3,1,3,2,2,9,17.142063492063492,27.10238095238095
2,12,5,1,2,3,5,1,21.966269841269842,27.239285714285714
2,13,3,6,5,3,3,1,25.91706349206349,27.398809523809526
2,14,2,2,2,5,9,7,26.301785714285714,27.32857142857143
2,15,3,8,3,6,2,4,28.199007936507936,27.377380952380953
2,16,4,1,3,4,10,6,27.88888888888889,27.366666666666667
2,17,7,8,5,4,5,1,34.84781746031746,27.464285714285715
2,18,2,9,2,9,5,6,33.21904761904762,27.457142857142856
2,19,3,1,4,6,2,4,22.030555555555555,27.15595238095238
2,20,1,5,3,10,8,5,33.098015873015875,27.43809523809524
2,21,4,2,4,5,10,8,31.058333333333334,27.37857142857143
2,22,6,3,2,4,4,1,25.07718253968254,27.210714285714285
2,23,3,6,1,5,4,7,25.158333333333335,27.238095238095237
2,24,1,2,5,2,8,5,23.989484126984127,27.179761904761907
2,25,5,6,1,4,4,7,26.309920634920633,27.357142857142858
2,26,3,6,4,2,5,5,25.971626984126985,27.311904761904763
2,27,1,5,3,10,8,1,32.82003968253969,27.39047619047619
2,28,7,7,5,4,4,1,32.72777777777778,27.38809523809524
2,29,1,4,1,1,7,8,20.142460317460316,26.93690476190476
2,30,4,1,1,4,1,5,17.27420634920635,26.892857142857142
2,31,3,6,1,5,4,1,25.067857142857143,27.182142857142857
2,32,2,5,9,2,4,5,27.807142857142857,27.332142857142856
2,33,6,6,1,5,4,7,28.23234126984127,27.370238095238093
2,34,1,4,2,1,7,1,20.960317460317462,26.92738095238095
2,35,5,1,9,3,4,4,28.002777777777776,27.364285714285714
2,36,4,2,1,4,1,1,18.049603174603174,26.84404761904762
2,37,9,5,5,3,6,2,34.075,27.404761904761905
2,38,6,9,7,8,7,8,42.688293650793646,27.464285714285715
2,39,8,7,7,2,4,9,34.00555555555555,27.392857142857142
2,40,4,8,2,1,6,9,27.16785714285714,27.010714285714286
2,41,8,7,1,2,3,9,27.268849206349206,27.201190476190476
2,42,3,1,8,8,8,5,33.96527777777778,27.379761904761903
2,43,6,3,7,2,4,1,27.575198412698413,27.320238095238096
2,44,1,5,5,1,2,4,20.071825396825396,26.85595238095238
2,45,3,8,2,1,5,9,25.288690476190478,26.939285714285713
2,46,3,8,3,9,5,5,34.20059523809524,27.43452380952381
2,47,2,8,5,1,2,5,23.85238095238095,26.920238095238094
2,48,4,7,7,10,9,8,42.8781746031746,27.386904761904763
2,49,2,5,9,1,4,7,27.02261904761905,26.929761904761904
3,0,3,1,3,2,2,3,17.039682539682538,27.151190476190475
3,1,5,1,1,5,5,7,23.353571428571428,27.50357142857143
3,2,2,2,5,4,4,7,23.055753968253967,27.44404761904762
3,3,2,1,3,4,2,3,18.12202380952381,27.30357142857143
3,4,2,1,4,1,2,1,15.974404761904761,27.079761904761906
3,5,3,1,1,6,6,5,23.23472222222222,27.495238095238097
3,6,4,1,2,3,5,8,21.165277777777778,27.436904761904763
3,7,3,1,5,6,2,4,23.062103174603173,27.470238095238095
3,8,3,2,4,2,5,5,22.125198412698413,27.31190476190476
3,9,6,2,1,4,4,7,23.185714285714287,27.43452380952381
3,10,3,1,2,6,2,4,20.12738095238095,27.229761904761904
3,11,3,1,4,5,2,4,21.036706349206348,27.267857142857142
3,12,3,1,8,6,7,5,30.87956349206349,27.498809523809523
3,13,3,1,3,2,2,9,17.142063492063492,27.10238095238095
3,14,5,1,2,4,4,1,22.085714285714285,27.276190476190475
3,15,5,1,1,9,5,7,27.074801587301586,27.445238095238096
3,16,4,2,3,4,10,1,29.113492063492064,27.473809523809525
3,17,3,1,8,5,8,5,30.87956349206349,27.498809523809523
3,18,3,1,2,6,2,3,20.17222222222222,27.245238095238093
3,19,3,2,4,2,5,5,22.125198412698413,27.31190476190476
3,20,8,1,3,2,2,6,22.145238095238096,27.34285714285714
3,21,1,1,2,6,2,4,18.1375,27.183333333333334
3,22,5,1,2,3,5,1,21.966269841269842,27.239285714285714
3,23,8,1,8,4,4,7,30.71924603174603,27.433333333333334
3,24,5,1,2,3,5,1,21.966269841269842,27.239285714285714
3,25,7,8,5,4,5,1,34.84781746031746,27.464285714285715
3,26,2,9,2,9,5,6,33.21904761904762,27.457142857142856
3,27,1,5,3,10,8,5,33.098015873015875,27.43809523809524
3,28,4,1,1,4,1,5,17.27420634920635,26.892857142857142
3,29,7,8,5,4,5,1,34.84781746031746,27.464285714285715
3,30,4,7,2,3,5,4,27.13095238095238,27.423809523809524
3,31,4,1,1,4,1,1,17.148015873015872,26.816666666666666
3,32,3,1,4,5,1,4,20.053571428571427,27.041666666666668
3,33,2,1,8,4,4,9,24.8359126984127,27.404761904761905
3,34,5,1,1,5,5,8,23.251785714285713,27.354761904761904
3,35,7,5,7,2,2,9,29.09722222222222,27.401190476190475
3,36,3,6,5,3,3,1,25.91706349206349,27.398809523809526
3,37,3,1,4,6,2,4,22.030555555555555,27.15595238095238
3,38,1,4,1,1,7,8,20.142460317460316,26.93690476190476
3,39,9,5,5,3,6,2,34.075,27.404761904761905
3,40,6,9,7,8,7,8,42.688293650793646,27.464285714285715
3,41,3,8,3,9,5,5,34.20059523809524,27.43452380952381
3,42,3,2,1,4,1,5,17.274404761904762,26.892857142857142
3,43,3,1,4,2,8,5,23.891468253968256,27.333333333333332
3,44,4,2,1,4,1,1,18.049603174603174,26.84404761904762
3,45,8,7,7,2,4,9,34.00555555555555,27.392857142857142
3,46,7,5,1,2,2,9,23.278968253968255,27.09642857142857
3,47,1,4,2,1,7,1,20.960317460317462,26.92738095238095
3,48,1,2,5,2,8,5,23.989484126984127,27.179761904761907
3,49,3,1,3,9,2,3,23.996626984126983,27.248809523809523
4,0,5,1,1,5,5,7,23.353571428571428,27.50357142857143
4,1,2,2,5,4,4,7,23.055753968253967,27.44404761904762
4,2,2,1,3,4,2,3,18.12202380952381,27.30357142857143
4,3,2,1,4,1,2,1,15.974404761904761,27.079761904761906
4,4,3,1,1,6,6,5,23.23472222222222,27.495238095238097
4,5,4,1,2,3,5,8,21.165277777777778,27.436904761904763
4,6,3,1,5,6,2,4,23.062103174603173,27.470238095238095
4,7,4,1,8,5,4,8,27.84940476190476,27.508333333333333
4,8,3,1,5,6,2,4,23.062103174603173,27.470238095238095
4,9,4,1,1,3,5,1,20.131349206349206,27.34285714285714
4,10,2,1,3,3,2,3,17.003373015873017,27.158333333333335
4,11,2,1,3,2,2,4,16.059722222222224,27.151190476190475
4,12,3,1,1,1,1,9,13.187103174603175,26.31547619047619
4,13,1,1,1,6,2,4,17.261309523809523,27.26309523809524
4,14,3,1,3,2,2,3,17.039682539682538,27.151190476190475
4,15,3,2,4,2,5,5,22.125198412698413,27.31190476190476
4,16,6,2,1,4,4,7,23.185714285714287,27.43452380952381
4,17,3,1,2,6,2,4,20.12738095238095,27.229761904761904
4,18,3,1,4,5,2,4,21.036706349206348,27.267857142857142
4,19,3,1,8,6,7,5,30.87956349206349,27.498809523809523
4,20,5,1,2,4,4,1,22.085714285714285,27.276190476190475
4,21,4,2,3,4,10,1,29.113492063492064,27.473809523809525
4,22,3,1,8,5,8,5,30.87956349206349,27.498809523809523
4,23,3,1,2,6,2,3,20.17222222222222,27.245238095238093
4,24,3,2,4,2,5,5,22.125198412698413,27.31190476190476
4,25,8,1,3,2,2,6,22.145238095238096,27.34285714285714
4,26,1,1,2,6,2,4,18.1375,27.183333333333334
4,27,3,1,3,2,2,3,17.039682539682538,27.151190476190475
4,28,6,2,2,3,3,7,22.196825396825396,27.391666666666666
4,29,4,1,2,5,5,7,23.281150793650795,27.460714285714285
4,30,2,1,4,1,2,4,16.061904761904763,26.957142857142856
4,31,7,2,5,4,5,1,29.027380952380952,27.464285714285715
4,32,3,1,2,3,8,5,23.130753968253966,27.398809523809522
4,33,3,1,4,5,2,4,21.036706349206348,27.267857142857142
4,34,3,2,1,3,1,1,16.15595238095238,27.00952380952381
4,35,7,1,1,2,2,9,19.178174603174604,27.19404761904762
4,36,3,1,3,2,2,9,17.142063492063492,27.10238095238095
4,37,5,1,2,3,5,1,21.966269841269842,27.239285714285714
4,38,5,1,2,3,5,1,21.966269841269842,27.239285714285714
4,39,7,8,5,4,5,1,34.84781746031746,27.464285714285715
4,40,7,8,5,4,5,1,34.84781746031746,27.464285714285715
4,41,5,1,1,5,5,8,23.251785714285713,27.354761904761904
4,42,3,2,1,3,1,5,16.11626984126984,26.952380952380953
4,43,5,1,2,3,5,1,21.966269841269842,27.239285714285714
4,44,8,1,2,2,2,6,21.26468253968254,27.23690476190476
4,45,3,1,2,6,5,4,23.079960317460316,27.325
4,46,3,1,3,5,6,4,24.145039682539682,27.460714285714285
4,47,4,1,1,3,1,9,16.403769841269842,26.936904761904763
4,48,6,9,7,8,7,8,42.688293650793646,27.464285714285715
4,49,2,9,2,9,5,6,33.21904761904762,27.457142857142856
5,0,5,1,1,5,5,7,23.353571428571428,27.50357142857143
5,1,2,2,5,4,4,7,23.055753968253967,27.44404761904762
5,2,2,1,3,4,2,3,18.12202380952381,27.30357142857143
5,3,2,1,4,1,2,1,15.974404761904761,27.079761904761906
5,4,3,1,1,6,6,5,23.23472222222222,27.495238095238097
5,5,3,1,5,6,2,4,23.062103174603173,27.470238095238095
5,6,4,1,8,5,4,8,27.84940476190476,27.508333333333333
5,7,3,1,5,6,2,4,23.062103174603173,27.470238095238095
5,8,4,1,1,3,5,1,20.131349206349206,27.34285714285714
5,9,2,1,3,2,2,4,16.059722222222224,27.151190476190475
5,10,1,1,1,6,2,4,17.261309523809523,27.26309523809524
5,11,4,2,2,3,3,8,20.23670634920635,27.439285714285713
5,12,2,1,2,3,2,3,16.1875,27.239285714285714
5,13,2,1,1,1,1,9,12.211904761904762,26.461904761904762
5,14,4,1,1,3,5,1,20.131349206349206,27.34285714285714
5,15,2,1,3,2,2,4,16.059722222222224,27.151190476190475
5,16,3,1,2,2,1,9,15.261111111111111,26.90357142857143
5,17,2,1,1,1,2,3,13.348611111111111,26.863095238095237
5,18,4,1,2,3,5,8,21.165277777777778,27.436904761904763
5,19,2,1,3,3,2,3,17.003373015873017,27.158333333333335
5,20,3,1,1,1,1,9,13.187103174603175,26.31547619047619
5,21,3,1,8,6,7,5,30.87956349206349,27.498809523809523
5,22,4,2,3,4,10,1,29.113492063492064,27.473809523809525
5,23,3,1,8,5,8,5,30.87956349206349,27.498809523809523
5,24,1,1,2,6,2,4,18.1375,27.183333333333334
5,25,4,1,2,5,5,7,23.281150793650795,27.460714285714285
5,26,2,1,4,1,2,4,16.061904761904763,26.957142857142856
5,27,7,2,5,4,5,1,29.027380952380952,27.464285714285715
5,28,3,2,1,3,1,1,16.15595238095238,27.00952380952381
5,29,2,1,3,3,2,3,17.003373015873017,27.158333333333335
5,30,3,1,2,4,2,3,18.281150793650795,27.245238095238093
5,31,2,1,3,3,2,3,17.003373015873017,27.158333333333335
5,32,3,2,1,3,1,1,16.15595238095238,27.00952380952381
5,33,2,1,1,5,5,7,20.1640873015873,27.33809523809524
5,34,2,1,4,1,2,4,16.061904761904763,26.957142857142856
5,35,3,1,1,1,1,9,13.187103174603175,26.31547619047619
5,36,3,1,8,5,8,5,30.87956349206349,27.498809523809523
5,37,2,1,2,1,2,6,14.04861111111111,26.73690476190476
5,38,3,2,1,3,1,5,16.11626984126984,26.952380952380953
5,39,5,1,7,6,6,5,30.889087301587303,27.498809523809523
5,40,3,1,3,5,6,4,24.145039682539682,27.460714285714285
5,41,3,1,3,2,2,3,17.039682539682538,27.151190476190475
5,42,7,1,1,2,2,9,19.178174603174604,27.19404761904762
5,43,5,1,2,3,5,7,22.16488095238095,27.436904761904763
5,44,8,1,3,2,2,6,22.145238095238096,27.34285714285714
5,45,3,1,2,6,2,4,20.12738095238095,27.229761904761904
5,46,3,1,3,2,2,3,17.039682539682538,27.151190476190475
5,47,3,2,3,2,5,3,21.166865079365078,27.30595238095238
5,48,3,1,5,5,2,3,21.838293650793652,27.317857142857143
5,49,3,1,2,6,2,3,20.17222222222222,27.245238095238093
6,0,5,1,1,5,5,7,23.353571428571428,27.50357142857143
6,1,2,2,5,4,4,7,23.055753968253967,27.44404761904762
6,2,2,1,3,4,2,3,18.12202380952381,27.30357142857143
6,3,3,1,1,6,6,5,23.23472222222222,27.495238095238097
6,4,3,1,5,6,2,4,23.062103174603173,27.470238095238095
6,5,3,1,5,6,2,4,23.062103174603173,27.470238095238095
6,6,4,1,1,3,5,1,20.131349206349206,27.34285714285714
6,7,1,1,1,6,2,4,17.261309523809523,27.26309523809524
6,8,4,2,2,3,3,8,20.23670634920635,27.439285714285713
6,9,2,1,2,3,2,3,16.1875,27.239285714285714
6,10,2,1,1,1,1,9,12.211904761904762,26.461904761904762
6,11,4,1,1,3,5,1,20.131349206349206,27.34285714285714
6,12,1,1,1,6,2,9,17.297420634920634,27.26904761904762
6,13,2,1,1,1,2,4,13.173214285714286,26.99047619047619
6,14,2,1,1,2,2,4,14.293849206349206,27.235714285714284
6,15,3,1,1,6,6,5,23.23472222222222,27.495238095238097
6,16,1,1,1,6,2,4,17.261309523809523,27.26309523809524
6,17,3,1,2,5,7,4,24.263492063492063,27.529761904761905
6,18,3,1,5,6,2,4,23.062103174603173,27.470238095238095
6,19,2,1,4,1,2,1,15.974404761904761,27.079761904761906
6,20,4,1,8,5,4,8,27.84940476190476,27.508333333333333
6,21,2,1,3,2,2,4,16.059722222222224,27.151190476190475
6,22,2,1,3,2,2,4,16.059722222222224,27.151190476190475
6,23,4,1,2,3,5,8,21.165277777777778,27.436904761904763
6,24,2,1,3,3,2,3,17.003373015873017,27.158333333333335
6,25,1,1,2,6,2,4,18.1375,27.183333333333334
6,26,4,1,2,5,5,7,23.281150793650795,27.460714285714285
6,27,2,1,3,3,2,3,17.003373015873017,27.158333333333335
6,28,3,1,2,4,2,3,18.281150793650795,27.245238095238093
6,29,2,1,3,3,2,3,17.003373015873017,27.158333333333335
6,30,2,1,1,5,5,7,20.1640873015873,27.33809523809524
6,31,2,1,1,2,1,9,13.335119047619047,26.909523809523808
6,32,2,1,1,5,5,7,20.1640873015873,27.33809523809524
6,33,3,1,1,1,1,4,13.117063492063492,26.452380952380953
6,34,3,1,2,4,2,3,18.281150793650795,27.245238095238093
6,35,3,1,1,6,7,4,24.332738095238096,27.497619047619047
6,36,2,1,3,2,2,4,16.059722222222224,27.151190476190475
6,37,3,1,1,1,1,9,13.187103174603175,26.31547619047619
6,38,3,1,8,5,7,6,29.879761904761903,27.498809523809523
6,39,3,1,1,1,1,9,13.187103174603175,26.31547619047619
6,40,2,1,1,1,2,3,13.348611111111111,26.863095238095237
6,41,3,1,3,5,6,4,24.145039682539682,27.460714285714285
6,42,7,2,5,4,5,1,29.027380952380952,27.464285714285715
6,43,3,1,3,2,2,3,17.039682539682538,27.151190476190475
6,44,3,1,2,2,1,9,15.261111111111111,26.90357142857143
6,45,5,1,2,3,5,7,22.16488095238095,27.436904761904763
6,46,8,1,3,2,2,6,22.145238095238096,27.34285714285714
6,47,5,1,3,3,2,7,20.20595238095238,27.325
6,48,7,1,1,2,2,9,19.178174603174604,27.19404761904762
6,49,3,2,1,3,1,1,16.15595238095238,27.00952380952381
7,0,5,1,1,5,5,7,23.353571428571428,27.50357142857143
7,1,3,1,1,6,6,5,23.23472222222222,27.495238095238097
7,2,3,1,5,6,2,4,23.062103174603173,27.470238095238095
7,3,3,1,5,6,2,4,23.062103174603173,27.470238095238095
7,4,1,1,1,6,2,4,17.261309523809523,27.26309523809524
7,5,2,1,2,3,2,3,16.1875,27.239285714285714
7,6,2,1,1,1,1,9,12.211904761904762,26.461904761904762
7,7,1,1,1,6,2,9,17.297420634920634,27.26904761904762
7,8,2,1,1,1,2,4,13.173214285714286,26.99047619047619
7,9,2,1,1,2,2,4,14.293849206349206,27.235714285714284
7,10,3,1,1,6,6,5,23.23472222222222,27.495238095238097
7,11,1,1,1,6,2,4,17.261309523809523,27.26309523809524
7,12,3,1,2,5,7,4,24.263492063492063,27.529761904761905
7,13,3,1,5,6,2,4,23.062103174603173,27.470238095238095
7,14,2,1,1,1,2,4,13.173214285714286,26.99047619047619
7,15,3,1,2,5,2,9,19.229365079365078,27.46785714285714
7,16,2,1,1,1,1,9,12.211904761904762,26.461904761904762
7,17,2,1,1,1,2,4,13.173214285714286,26.99047619047619
7,18,2,1,1,1,1,9,12.211904761904762,26.461904761904762
7,19,2,1,1,1,1,9,12.211904761904762,26.461904761904762
7,20,2,1,1,2,2,9,14.281746031746032,27.06904761904762
7,21,2,1,1,2,2,4,14.293849206349206,27.235714285714284
7,22,2,1,1,1,2,4,13.173214285714286,26.99047619047619
7,23,3,2,2,3,2,4,18.084126984126986,27.31547619047619
7,24,2,2,5,4,4,7,23.055753968253967,27.44404761904762
7,25,2,1,3,4,2,3,18.12202380952381,27.30357142857143
7,26,4,1,1,3,5,1,20.131349206349206,27.34285714285714
7,27,4,2,2,3,3,8,20.23670634920635,27.439285714285713
7,28,4,1,1,3,5,1,20.131349206349206,27.34285714285714
7,29,4,1,8,5,4,8,27.84940476190476,27.508333333333333
7,30,4,1,2,5,5,7,23.281150793650795,27.460714285714285
7,31,2,1,1,2,1,9,13.335119047619047,26.909523809523808
7,32,3,1,1,1,1,4,13.117063492063492,26.452380952380953
7,33,3,1,1,6,7,4,24.332738095238096,27.497619047619047
7,34,3,1,3,2,2,4,16.994642857142857,27.214285714285715
7,35,2,1,1,1,1,4,12.337301587301587,26.445238095238096
7,36,2,1,1,6,2,1,18.018650793650792,27.21904761904762
7,37,3,1,1,2,2,4,15.44047619047619,27.177380952380954
7,38,2,1,3,1,2,2,15.099603174603175,27.017857142857142
7,39,3,1,1,1,1,9,13.187103174603175,26.31547619047619
7,40,3,1,7,5,7,7,28.886904761904763,27.498809523809523
7,41,3,1,1,1,1,9,13.187103174603175,26.31547619047619
7,42,2,1,1,1,2,3,13.348611111111111,26.863095238095237
7,43,3,1,3,5,6,4,24.145039682539682,27.460714285714285
7,44,4,1,2,3,5,8,21.165277777777778,27.436904761904763
7,45,6,1,5,4,5,1,26.90277777777778,27.492857142857144
7,46,2,1,4,1,2,1,15.974404761904761,27.079761904761906
7,47,3,1,2,2,1,9,15.261111111111111,26.90357142857143
7,48,4,1,1,3,4,1,19.228174603174605,27.264285714285716
7,49,3,1,1,3,1,1,15.044246031746033,26.898809523809522
8,0,5,1,1,5,5,7,23.353571428571428,27.50357142857143
8,1,3,1,1,6,6,5,23.23472222222222,27.495238095238097
8,2,3,1,5,6,2,4,23.062103174603173,27.470238095238095
8,3,3,1,5,6,2,4,23.062103174603173,27.470238095238095
8,4,2,1,2,3,2,3,16.1875,27.239285714285714
8,5,2,1,1,1,2,4,13.173214285714286,26.99047619047619
8,6,2,1,1,2,2,4,14.293849206349206,27.235714285714284
8,7,3,1,1,6,6,5,23.23472222222222,27.495238095238097
8,8,3,1,2,5,7,4,24.263492063492063,27.529761904761905
8,9,3,1,5,6,2,4,23.062103174603173,27.470238095238095
8,10,2,1,1,1,2,4,13.173214285714286,26.99047619047619
8,11,3,1,2,5,2,9,19.229365079365078,27.46785714285714
8,12,2,1,1,1,2,4,13.173214285714286,26.99047619047619
8,13,2,1,1,2,2,9,14.281746031746032,27.06904761904762
8,14,2,1,1,2,2,4,14.293849206349206,27.235714285714284
8,15,2,1,1,1,2,4,13.173214285714286,26.99047619047619
8,16,3,2,2,3,2,4,18.084126984126986,27.31547619047619
8,17,1,1,1,1,2,3,12.175396825396826,26.898809523809526
8,18,2,1,1,2,2,9,14.281746031746032,27.06904761904762
8,19,2,1,1,1,2,4,13.173214285714286,26.99047619047619
8,20,3,1,5,6,2,4,23.062103174603173,27.470238095238095
8,21,3,1,2,5,7,4,24.263492063492063,27.529761904761905
8,22,5,1,1,5,5,7,23.353571428571428,27.50357142857143
8,23,2,1,1,2,5,1,17.191468253968253,27.30952380952381
8,24,3,1,2,5,2,9,19.229365079365078,27.46785714285714
8,25,2,1,1,1,2,4,13.173214285714286,26.99047619047619
8,26,2,1,2,3,2,3,16.1875,27.239285714285714
8,27,2,1,1,2,2,4,14.293849206349206,27.235714285714284
8,28,4,1,8,5,4,8,27.84940476190476,27.508333333333333
8,29,2,1,1,1,1,9,12.211904761904762,26.461904761904762
8,30,2,1,1,1,1,9,12.211904761904762,26.461904761904762
8,31,2,1,1,1,2,9,13.176984126984127,26.695238095238096
8,32,4,1,2,3,4,8,20.231150793650794,27.44404761904762
8,33,3,1,1,6,7,4,24.332738095238096,27.497619047619047
8,34,4,1,2,5,5,7,23.281150793650795,27.460714285714285
8,35,4,1,1,5,2,9,19.27718253968254,27.366666666666667
8,36,2,1,3,4,2,3,18.12202380952381,27.30357142857143
8,37,3,1,1,2,1,4,14.307738095238095,26.922619047619047
8,38,2,1,1,1,2,8,13.2625,26.901190476190475
8,39,3,1,3,2,2,4,16.994642857142857,27.214285714285715
8,40,3,1,1,2,2,4,15.44047619047619,27.177380952380954
8,41,2,1,1,3,2,4,15.218055555555555,27.135714285714286
8,42,2,1,3,1,2,2,15.099603174603175,27.017857142857142
8,43,2,1,3,1,2,2,15.099603174603175,27.017857142857142
8,44,2,1,1,2,1,9,13.335119047619047,26.909523809523808
8,45,1,1,1,6,2,9,17.297420634920634,27.26904761904762
8,46,1,1,1,6,2,4,17.261309523809523,27.26309523809524
8,47,1,1,1,6,2,9,17.297420634920634,27.26904761904762
8,48,1,1,1,6,2,4,17.261309523809523,27.26309523809524
8,49,2,1,1,2,1,9,13.335119047619047,26.909523809523808
9,0,5,1,1,5,5,7,23.353571428571428,27.50357142857143
9,1,3,1,1,6,6,5,23.23472222222222,27.495238095238097
9,2,3,1,5,6,2,4,23.062103174603173,27.470238095238095
9,3,3,1,5,6,2,4,23.062103174603173,27.470238095238095
9,4,2,1,2,3,2,3,16.1875,27.239285714285714
9,5,2,1,1,1,2,4,13.173214285714286,26.99047619047619
9,6,2,1,1,2,2,4,14.293849206349206,27.235714285714284
9,7,3,1,1,6,6,5,23.23472222222222,27.495238095238097
9,8,3,1,2,5,7,4,24.263492063492063,27.529761904761905
9,9,3,1,5,6,2,4,23.062103174603173,27.470238095238095
9,10,2,1,1,1,2,4,13.173214285714286,26.99047619047619
9,11,3,1,2,5,2,9,19.229365079365078,27.46785714285714
9,12,2,1,1,1,2,4,13.173214285714286,26.99047619047619
9,13,2,1,1,2,2,9,14.281746031746032,27.06904761904762
9,14,2,1,1,2,2,4,14.293849206349206,27.235714285714284
9,15,2,1,1,1,2,4,13.173214285714286,26.99047619047619
9,16,3,2,2,3,2,4,18.084126984126986,27.31547619047619
9,17,1,1,1,1,2,3,12.175396825396826,26.898809523809526
9,18,2,1,1,2,2,9,14.281746031746032,27.06904761904762
9,19,2,1,1,1,2,4,13.173214285714286,26.99047619047619
9,20,3,1,5,6,2,4,23.062103174603173,27.470238095238095
9,21,3,1,2,5,7,4,24.263492063492063,27.529761904761905
9,22,5,1,1,5,5,7,23.353571428571428,27.50357142857143
9,23,2,1,1,2,5,1,17.191468253968253,27.30952380952381
9,24,3,1,2,5,2,9,19.229365079365078,27.46785714285714
9,25,2,1,1,1,2,4,13.173214285714286,26.99047619047619
9,26,2,1,2,3,2,3,16.1875,27.239285714285714
9,27,2,1,1,2,2,4,14.293849206349206,27.235714285714284
9,28,3,1,1,3,2,4,16.235119047619047,27.242857142857144
9,29,3,1,5,6,2,4,23.062103174603173,27.470238095238095
9,30,2,1,1,2,2,9,14.281746031746032,27.06904761904762
9,31,3,1,5,6,2,4,23.062103174603173,27.470238095238095
9,32,2,1,3,3,2,4,17.065674603174603,27.29642857142857
9,33,2,1,1,2,2,4,14.293849206349206,27.235714285714284
9,34,2,1,1,1,2,4,13.173214285714286,26.99047619047619
9,35,4,1,8,5,4,8,27.84940476190476,27.508333333333333
9,36,2,1,1,1,1,9,12.211904761904762,26.461904761904762
9,37,2,1,1,1,1,9,12.211904761904762,26.461904761904762
9,38,4,1,2,5,2,9,20.159920634920635,27.454761904761906
9,39,3,1,1,6,7,4,24.332738095238096,27.497619047619047
9,40,1,1,1,2,1,3,12.319246031746031,26.70952380952381
9,41,2,1,1,1,2,8,13.2625,26.901190476190475
9,42,4,1,2,5,5,7,23.281150793650795,27.460714285714285
9,43,3,1,1,2,1,4,14.307738095238095,26.922619047619047
9,44,1,1,1,2,1,3,12.319246031746031,26.70952380952381
9,45,2,1,3,1,2,2,15.099603174603175,27.017857142857142
9,46,2,1,3,4,2,3,18.12202380952381,27.30357142857143
9,47,2,1,1,3,2,4,15.218055555555555,27.135714285714286
9,48,3,1,2,2,2,9,16.26984126984127,27.189285714285713
9,49,2,1,3,5,2,2,19.129166666666666,27.307142857142857
10,0,5,1,1,5,5,7,23.353571428571428,27.50357142857143
10,1,3,1,1,6,6,5,23.23472222222222,27.495238095238097
10,2,3,1,5,6,2,4,23.062103174603173,27.470238095238095
10,3,3,1,5,6,2,4,23.062103174603173,27.470238095238095
10,4,2,1,1,1,2,4,13.173214285714286,26.99047619047619
10,5,2,1,1,2,2,4,14.293849206349206,27.235714285714284
10,6,3,1,1,6,6,5,23.23472222222222,27.495238095238097
10,7,3,1,2,5,7,4,24.263492063492063,27.529761904761905
10,8,3,1,5,6,2,4,23.062103174603173,27.470238095238095
10,9,2,1,1,1,2,4,13.173214285714286,26.99047619047619
10,10,3,1,2,5,2,9,19.229365079365078,27.46785714285714
10,11,2,1,1,1,2,4,13.173214285714286,26.99047619047619
10,12,2,1,1,2,2,9,14.281746031746032,27.06904761904762
10,13,2,1,1,2,2,4,14.293849206349206,27.235714285714284
10,14,2,1,1,1,2,4,13.173214285714286,26.99047619047619
10,15,3,2,2,3,2,4,18.084126984126986,27.31547619047619
10,16,1,1,1,1,2,3,12.175396825396826,26.898809523809526
10,17,2,1,1,2,2,9,14.281746031746032,27.06904761904762
10,18,2,1,1,1,2,4,13.173214285714286,26.99047619047619
10,19,3,1,5,6,2,4,23.062103174603173,27.470238095238095
10,20,3,1,2,5,7,4,24.263492063492063,27.529761904761905
10,21,5,1,1,5,5,7,23.353571428571428,27.50357142857143
10,22,2,1,1,2,5,1,17.191468253968253,27.30952380952381
10,23,3,1,2,5,2,9,19.229365079365078,27.46785714285714
10,24,2,1,1,1,2,4,13.173214285714286,26.99047619047619
10,25,2,1,1,2,2,4,14.293849206349206,27.235714285714284
10,26,3,1,5,6,2,4,23.062103174603173,27.470238095238095
10,27,2,1,1,2,2,9,14.281746031746032,27.06904761904762
10,28,3,1,5,6,2,4,23.062103174603173,27.470238095238095
10,29,2,1,3,3,2,4,17.065674603174603,27.29642857142857
10,30,2,1,1,2,2,4,14.293849206349206,27.235714285714284
10,31,2,1,1,1,2,4,13.173214285714286,26.99047619047619
10,32,2,1,3,3,2,4,17.065674603174603,27.29642857142857
10,33,3,1,5,6,2,4,23.062103174603173,27.470238095238095
10,34,2,1,1,2,2,4,14.293849206349206,27.235714285714284
10,35,2,1,1,1,2,4,13.173214285714286,26.99047619047619
10,36,3,1,1,2,2,9,15.245039682539682,27.28095238095238
10,37,2,1,1,2,2,9,14.281746031746032,27.06904761904762
10,38,3,1,2,5,7,4,24.263492063492063,27.529761904761905
10,39,1,1,1,1,2,3,12.175396825396826,26.898809523809526
10,40,3,1,1,6,6,5,23.23472222222222,27.495238095238097
10,41,2,1,1,1,1,9,12.211904761904762,26.461904761904762
10,42,4,1,8,5,4,8,27.84940476190476,27.508333333333333
10,43,2,1,1,1,1,9,12.211904761904762,26.461904761904762
10,44,1,1,1,2,1,4,12.257539682539683,26.79642857142857
10,45,4,1,2,5,2,9,20.159920634920635,27.454761904761906
10,46,4,1,2,5,5,7,23.281150793650795,27.460714285714285
10,47,2,1,3,1,2,2,15.099603174603175,27.017857142857142
10,48,3,1,1,6,7,4,24.332738095238096,27.497619047619047
10,49,2,1,1,1,2,8,13.2625,26.901190476190475
11,0,5,1,1,5,5,7,23.353571428571428,27.50357142857143
11,1,3,1,1,6,6,5,23.23472222222222,27.495238095238097
11,2,2,1,1,1,2,4,13.173214285714286,26.99047619047619
11,3,2,1,1,2,2,4,14.293849206349206,27.235714285714284
11,4,3,1,1,6,6,5,23.23472222222222,27.495238095238097
11,5,3,1,2,5,7,4,24.263492063492063,27.529761904761905
11,6,2,1,1,1,2,4,13.173214285714286,26.99047619047619
11,7,3,1,2,5,2,9,19.229365079365078,27.46785714285714
11,8,2,1,1,1,2,4,13.173214285714286,26.99047619047619
11,9,2,1,1,2,2,9,14.281746031746032,27.06904761904762
11,10,2,1,1,2,2,4,14.293849206349206,27.235714285714284
11,11,2,1,1,1,2,4,13.173214285714286,26.99047619047619
11,12,3,2,2,3,2,4,18.084126984126986,27.31547619047619
11,13,1,1,1,1,2,3,12.175396825396826,26.898809523809526
11,14,2,1,1,2,2,9,14.281746031746032,27.06904761904762
11,15,2,1,1,1,2,4,13.173214285714286,26.99047619047619
11,16,3,1,2,5,7,4,24.263492063492063,27.529761904761905
11,17,5,1,1,5,5,7,23.353571428571428,27.50357142857143
11,18,2,1,1,2,5,1,17.191468253968253,27.30952380952381
11,19,3,1,2,5,2,9,19.229365079365078,27.46785714285714
11,20,2,1,1,1,2,4,13.173214285714286,26.99047619047619
11,21,2,1,1,2,2,4,14.293849206349206,27.235714285714284
11,22,2,1,1,2,2,9,14.281746031746032,27.06904761904762
11,23,2,1,3,3,2,4,17.065674603174603,27.29642857142857
11,24,2,1,1,2,2,4,14.293849206349206,27.235714285714284
11,25,2,1,1,1,2,4,13.173214285714286,26.99047619047619
11,26,2,1,3,3,2,4,17.065674603174603,27.29642857142857
11,27,2,1,1,2,2,4,14.293849206349206,27.235714285714284
11,28,2,1,1,1,2,4,13.173214285714286,26.99047619047619
11,29,3,1,1,2,2,9,15.245039682539682,27.28095238095238
11,30,2,1,1,2,2,9,14.281746031746032,27.06904761904762
11,31,3,1,2,5,7,4,24.263492063492063,27.529761904761905
11,32,1,1,1,1,2,3,12.175396825396826,26.898809523809526
11,33,3,1,1,6,6,5,23.23472222222222,27.495238095238097
11,34,2,1,1,2,5,1,17.191468253968253,27.30952380952381
11,35,4,1,2,5,4,8,22.218650793650795,27.475
11,36,2,1,1,2,2,4,14.293849206349206,27.235714285714284
11,37,2,1,1,2,2,4,14.293849206349206,27.235714285714284
11,38,2,1,1,1,2,4,13.173214285714286,26.99047619047619
11,39,3,1,2,5,2,9,19.229365079365078,27.46785714285714
11,40,2,1,1,1,2,4,13.173214285714286,26.99047619047619
11,41,3,1,2,5,2,9,19.229365079365078,27.46785714285714
11,42,2,1,1,1,1,9,12.211904761904762,26.461904761904762
11,43,2,1,1,1,1,9,12.211904761904762,26.461904761904762
11,44,4,1,8,5,4,8,27.84940476190476,27.508333333333333
11,45,4,1,2,5,2,9,20.159920634920635,27.454761904761906
11,46,1,1,1,2,1,4,12.257539682539683,26.79642857142857
11,47,2,1,2,5,2,9,18.151785714285715,27.273809523809526
11,48,3,1,1,5,7,7,23.353968253968254,27.50357142857143
11,49,2,1,1,1,1,7,12.250992063492063,26.51547619047619
12,0,2,1,2,5,7,5,23.265873015873016,27.529761904761905
12,1,2,1,1,1,1,8,12.112103174603176,26.458333333333332
12,2,1,1,1,1,2,3,12.175396825396826,26.898809523809526
12,3,2,1,1,1,1,1,12.146031746031746,26.489285714285714
12,4,3,1,2,5,2,9,19.229365079365078,27.46785714285714
12,5,4,1,2,5,4,8,22.218650793650795,27.475
12,6,3,2,2,3,2,4,18.084126984126986,27.31547619047619
12,7,2,1,1,2,2,2,14.214285714285715,27.21904761904762
12,8,2,1,1,1,2,4,13.173214285714286,26.99047619047619
12,9,2,1,1,1,2,4,13.173214285714286,26.99047619047619
12,10,2,1,1,2,4,9,16.118055555555557,27.285714285714285
12,11,3,1,1,2,2,9,15.245039682539682,27.28095238095238
12,12,3,1,1,5,7,5,23.204960317460316,27.47857142857143
12,13,3,1,2,5,2,9,19.229365079365078,27.46785714285714
12,14,2,1,1,2,2,4,14.293849206349206,27.235714285714284
12,15,2,1,3,3,2,4,17.065674603174603,27.29642857142857
12,16,2,1,1,2,5,1,17.191468253968253,27.30952380952381
12,17,3,1,1,2,2,9,15.245039682539682,27.28095238095238
12,18,1,1,1,1,2,3,12.175396825396826,26.898809523809526
12,19,2,1,1,2,2,4,14.293849206349206,27.235714285714284
12,20,3,1,1,6,6,5,23.23472222222222,27.495238095238097
12,21,2,1,3,3,2,4,17.065674603174603,27.29642857142857
12,22,3,1,1,6,6,5,23.23472222222222,27.495238095238097
12,23,2,1,1,2,5,1,17.191468253968253,27.30952380952381
12,24,2,1,1,1,2,4,13.173214285714286,26.99047619047619
12,25,3,1,1,2,2,9,15.245039682539682,27.28095238095238
12,26,3,1,1,2,2,9,15.245039682539682,27.28095238095238
12,27,3,1,1,6,6,5,23.23472222222222,27.495238095238097
12,28,1,1,1,1,2,3,12.175396825396826,26.898809523809526
12,29,2,1,1,1,2,4,13.173214285714286,26.99047619047619
12,30,2,1,1,2,2,4,14.293849206349206,27.235714285714284
12,31,3,1,2,5,2,9,19.229365079365078,27.46785714285714
12,32,2,1,1,2,2,4,14.293849206349206,27.235714285714284
12,33,2,1,1,1,2,4,13.173214285714286,26.99047619047619
12,34,2,1,1,2,2,4,14.293849206349206,27.235714285714284
12,35,2,1,1,1,2,4,13.173214285714286,26.99047619047619
12,36,2,1,1,1,2,4,13.173214285714286,26.99047619047619
12,37,3,1,1,6,6,5,23.23472222222222,27.495238095238097
12,38,1,1,1,1,2,3,12.175396825396826,26.898809523809526
12,39,3,1,2,5,2,9,19.229365079365078,27.46785714285714
12,40,3,1,2,5,2,9,19.229365079365078,27.46785714285714
12,41,2,1,1,1,2,4,13.173214285714286,26.99047619047619
12,42,2,1,1,1,2,4,13.173214285714286,26.99047619047619
12,43,3,1,1,2,2,9,15.245039682539682,27.28095238095238
12,44,2,1,1,1,2,4,13.173214285714286,26.99047619047619
12,45,1,1,1,1,2,3,12.175396825396826,26.898809523809526
12,46,2,1,1,2,2,4,14.293849206349206,27.235714285714284
12,47,2,1,1,1,2,4,13.173214285714286,26.99047619047619
12,48,2,1,1,2,2,4,14.293849206349206,27.235714285714284
12,49,1,1,1,1,2,3,12.175396825396826,26.898809523809526
13,0,2,1,2,5,7,5,23.265873015873016,27.529761904761905
13,1,2,1,2,5,7,5,23.265873015873016,27.529761904761905
13,2,2,1,1,1,1,8,12.112103174603176,26.458333333333332
13,3,2,1,1,1,1,8,12.112103174603176,26.458333333333332
13,4,1,1,1,1,2,3,12.175396825396826,26.898809523809526
13,5,2,1,1,2,4,1,16.15357142857143,27.32857142857143
13,6,3,1,2,5,2,9,19.229365079365078,27.46785714285714
13,7,2,1,1,1,1,1,12.146031746031746,26.489285714285714
13,8,2,1,1,2,2,2,14.214285714285715,27.21904761904762
13,9,2,1,1,1,2,4,13.173214285714286,26.99047619047619
13,10,3,1,2,5,2,9,19.229365079365078,27.46785714285714
13,11,4,1,2,5,4,8,22.218650793650795,27.475
13,12,2,1,1,1,2,4,13.173214285714286,26.99047619047619
13,13,3,1,1,2,2,9,15.245039682539682,27.28095238095238
13,14,2,1,1,2,4,9,16.118055555555557,27.285714285714285
13,15,3,1,1,5,7,5,23.204960317460316,27.47857142857143
13,16,2,1,1,2,2,4,14.293849206349206,27.235714285714284
13,17,4,1,2,5,4,8,22.218650793650795,27.475
13,18,3,1,1,2,2,9,15.245039682539682,27.28095238095238
13,19,1,1,1,1,2,3,12.175396825396826,26.898809523809526
13,20,2,1,1,2,2,4,14.293849206349206,27.235714285714284
13,21,3,1,1,6,6,5,23.23472222222222,27.495238095238097
13,22,2,1,1,1,1,1,12.146031746031746,26.489285714285714
13,23,3,1,1,6,6,5,23.23472222222222,27.495238095238097
13,24,2,1,1,2,4,9,16.118055555555557,27.285714285714285
13,25,3,1,1,2,2,9,15.245039682539682,27.28095238095238
13,26,2,1,1,1,2,4,13.173214285714286,26.99047619047619
13,27,2,1,1,1,2,4,13.173214285714286,26.99047619047619
13,28,2,1,1,1,2,4,13.173214285714286,26.99047619047619
13,29,2,1,1,1,2,4,13.173214285714286,26.99047619047619
13,30,2,1,1,1,2,4,13.173214285714286,26.99047619047619
13,31,2,1,1,2,2,4,14.293849206349206,27.235714285714284
13,32,2,1,1,2,2,4,14.293849206349206,27.235714285714284
13,33,1,1,1,1,2,3,12.175396825396826,26.898809523809526
13,34,3,1,2,5,2,9,19.229365079365078,27.46785714285714
13,35,1,1,1,1,2,3,12.175396825396826,26.898809523809526
13,36,2,1,1,1,2,4,13.173214285714286,26.99047619047619
13,37,1,1,1,1,2,3,12.175396825396826,26.898809523809526
13,38,2,1,1,2,2,4,14.293849206349206,27.235714285714284
13,39,2,1,1,2,2,4,14.293849206349206,27.235714285714284
13,40,3,1,1,6,6,5,23.23472222222222,27.495238095238097
13,41,2,1,1,1,2,4,13.173214285714286,26.99047619047619
13,42,2,1,1,1,2,4,13.173214285714286,26.99047619047619
13,43,2,1,1,1,2,4,13.173214285714286,26.99047619047619
13,44,2,1,1,2,2,4,14.293849206349206,27.235714285714284
13,45,3,1,1,2,2,9,15.245039682539682,27.28095238095238
13,46,1,1,1,1,2,3,12.175396825396826,26.898809523809526
13,47,2,1,1,1,2,4,13.173214285714286,26.99047619047619
13,48,1,1,1,1,2,3,12.175396825396826,26.898809523809526
13,49,3,1,2,5,2,9,19.229365079365078,27.46785714285714
14,0,2,1,1,1,1,8,12.112103174603176,26.458333333333332
14,1,2,1,1,1,1,8,12.112103174603176,26.458333333333332
14,2,2,1,2,5,7,5,23.265873015873016,27.529761904761905
14,3,2,1,2,5,7,5,23.265873015873016,27.529761904761905
14,4,1,1,1,1,2,3,12.175396825396826,26.898809523809526
14,5,2,1,1,2,4,1,16.15357142857143,27.32857142857143
14,6,3,1,2,5,2,9,19.229365079365078,27.46785714285714
14,7,2,1,1,1,1,1,12.146031746031746,26.489285714285714
14,8,1,1,1,2,2,4,13.239880952380952,27.164285714285715
14,9,3,1,2,5,2,9,19.229365079365078,27.46785714285714
14,10,4,1,2,5,4,8,22.218650793650795,27.475
14,11,2,1,1,1,2,4,13.173214285714286,26.99047619047619
14,12,3,1,1,2,2,9,15.245039682539682,27.28095238095238
14,13,2,1,1,2,4,9,16.118055555555557,27.285714285714285
14,14,3,1,1,5,7,5,23.204960317460316,27.47857142857143
14,15,2,1,1,2,2,2,14.214285714285715,27.21904761904762
14,16,2,1,1,2,2,4,14.293849206349206,27.235714285714284
14,17,4,1,2,5,4,8,22.218650793650795,27.475
14,18,2,1,1,1,2,4,13.173214285714286,26.99047619047619
14,19,3,1,1,2,2,9,15.245039682539682,27.28095238095238
14,20,1,1,1,1,2,3,12.175396825396826,26.898809523809526
14,21,2,1,1,2,2,2,14.214285714285715,27.21904761904762
14,22,2,1,1,2,2,4,14.293849206349206,27.235714285714284
14,23,3,1,1,6,6,5,23.23472222222222,27.495238095238097
14,24,2,1,1,1,1,1,12.146031746031746,26.489285714285714
14,25,3,1,1,6,6,5,23.23472222222222,27.495238095238097
14,26,2,1,1,2,4,9,16.118055555555557,27.285714285714285
14,27,3,1,1,2,2,9,15.245039682539682,27.28095238095238
14,28,2,1,1,2,2,4,14.293849206349206,27.235714285714284
14,29,2,1,1,2,4,9,16.118055555555557,27.285714285714285
14,30,3,1,1,2,2,9,15.245039682539682,27.28095238095238
14,31,3,1,2,5,2,9,19.229365079365078,27.46785714285714
14,32,2,1,1,2,2,4,14.293849206349206,27.235714285714284
14,33,2,1,1,2,2,4,14.293849206349206,27.235714285714284
14,34,2,1,1,1,2,4,13.173214285714286,26.99047619047619
14,35,2,1,1,2,2,4,14.293849206349206,27.235714285714284
14,36,3,1,1,6,6,5,23.23472222222222,27.495238095238097
14,37,2,1,1,2,2,4,14.293849206349206,27.235714285714284
14,38,2,1,1,1,2,4,13.173214285714286,26.99047619047619
14,39,1,1,1,1,2,3,12.175396825396826,26.898809523809526
14,40,3,1,1,2,2,9,15.245039682539682,27.28095238095238
14,41,2,1,1,1,2,4,13.173214285714286,26.99047619047619
14,42,1,1,1,1,2,3,12.175396825396826,26.898809523809526
14,43,2,1,1,1,2,4,13.173214285714286,26.99047619047619
14,44,1,1,1,1,2,3,12.175396825396826,26.898809523809526
14,45,2,1,1,1,1,1,12.146031746031746,26.489285714285714
14,46,1,1,1,1,2,3,12.175396825396826,26.898809523809526
14,47,2,1,1,2,4,9,16.118055555555557,27.285714285714285
14,48,2,1,1,2,2,4,14.293849206349206,27.235714285714284
14,49,2,1,1,1,2,4,13.173214285714286,26.99047619047619
15,0,2,1,1,1,1,8,12.112103174603176,26.458333333333332
15,1,2,1,2,5,7,5,23.265873015873016,27.529761904761905
15,2,2,1,1,1,1,8,12.112103174603176,26.458333333333332
15,3,2,1,2,5,7,5,23.265873015873016,27.529761904761905
15,4,1,1,1,1,2,3,12.175396825396826,26.898809523809526
15,5,3,1,2,5,2,9,19.229365079365078,27.46785714285714
15,6,2,1,1,1,1,1,12.146031746031746,26.489285714285714
15,7,2,1,1,2,4,1,16.15357142857143,27.32857142857143
15,8,3,1,2,5,2,9,19.229365079365078,27.46785714285714
15,9,4,1,2,5,4,8,22.218650793650795,27.475
15,10,2,1,1,1,2,4,13.173214285714286,26.99047619047619
15,11,1,1,1,2,2,4,13.239880952380952,27.164285714285715
15,12,2,1,1,2,4,1,16.15357142857143,27.32857142857143
15,13,3,1,1,2,2,9,15.245039682539682,27.28095238095238
15,14,2,1,1,2,4,9,16.118055555555557,27.285714285714285
15,15,3,1,1,5,7,5,23.204960317460316,27.47857142857143
15,16,2,1,1,2,2,2,14.214285714285715,27.21904761904762
15,17,2,1,1,2,2,4,14.293849206349206,27.235714285714284
15,18,4,1,2,5,4,8,22.218650793650795,27.475
15,19,2,1,1,1,2,4,13.173214285714286,26.99047619047619
15,20,3,1,1,2,2,9,15.245039682539682,27.28095238095238
15,21,1,1,1,1,2,3,12.175396825396826,26.898809523809526
15,22,2,1,1,2,2,2,14.214285714285715,27.21904761904762
15,23,1,1,1,2,2,4,13.239880952380952,27.164285714285715
15,24,2,1,1,2,2,4,14.293849206349206,27.235714285714284
15,25,3,1,1,6,6,5,23.23472222222222,27.495238095238097
15,26,2,1,1,1,1,1,12.146031746031746,26.489285714285714
15,27,3,1,1,6,6,5,23.23472222222222,27.495238095238097
15,28,2,1,1,2,4,9,16.118055555555557,27.285714285714285
15,29,4,1,2,5,4,8,22.218650793650795,27.475
15,30,3,1,1,6,6,5,23.23472222222222,27.495238095238097
15,31,3,1,1,6,6,5,23.23472222222222,27.495238095238097
15,32,2,1,1,2,2,4,14.293849206349206,27.235714285714284
15,33,1,1,1,1,2,3,12.175396825396826,26.898809523809526
15,34,2,1,1,2,2,2,14.214285714285715,27.21904761904762
15,35,2,1,1,1,2,4,13.173214285714286,26.99047619047619
15,36,2,1,1,2,2,4,14.293849206349206,27.235714285714284
15,37,3,1,2,5,2,9,19.229365079365078,27.46785714285714
15,38,3,1,1,2,2,9,15.245039682539682,27.28095238095238
15,39,2,1,1,2,2,4,14.293849206349206,27.235714285714284
15,40,2,1,1,1,2,4,13.173214285714286,26.99047619047619
15,41,2,1,1,2,2,4,14.293849206349206,27.235714285714284
15,42,2,1,1,2,4,1,16.15357142857143,27.32857142857143
15,43,2,1,2,5,7,5,23.265873015873016,27.529761904761905
15,44,2,1,1,1,2,4,13.173214285714286,26.99047619047619
15,45,2,1,1,1,2,4,13.173214285714286,26.99047619047619
15,46,2,1,1,1,2,4,13.173214285714286,26.99047619047619
15,47,3,1,1,2,2,9,15.245039682539682,27.28095238095238
15,48,1,1,1,1,2,3,12.175396825396826,26.898809523809526
15,49,2,1,1,2,2,2,14.214285714285715,27.21904761904762
16,0,2,1,1,1,1,8,12.112103174603176,26.458333333333332
16,1,2,1,1,1,1,8,12.112103174603176,26.458333333333332
16,2,2,1,2,5,7,5,23.265873015873016,27.529761904761905
16,3,2,1,2,5,7,5,23.265873015873016,27.529761904761905
16,4,1,1,1,1,2,3,12.175396825396826,26.898809523809526
16,5,3,1,2,5,2,9,19.229365079365078,27.46785714285714
16,6,2,1,1,1,1,1,12.146031746031746,26.489285714285714
16,7,2,1,1,2,4,1,16.15357142857143,27.32857142857143
16,8,3,1,2,5,2,9,19.229365079365078,27.46785714285714
16,9,4,1,2,5,4,8,22.218650793650795,27.475
16,10,1,1,1,2,2,4,13.239880952380952,27.164285714285715
16,11,2,1,1,1,2,2,13.171031746031746,26.913095238095238
16,12,2,1,1,1,2,4,13.173214285714286,26.99047619047619
16,13,2,1,1,2,4,1,16.15357142857143,27.32857142857143
16,14,1,1,1,2,4,1,15.195436507936508,27.27857142857143
16,15,2,1,1,2,4,9,16.118055555555557,27.285714285714285
16,16,3,1,1,5,7,5,23.204960317460316,27.47857142857143
16,17,2,1,1,2,2,2,14.214285714285715,27.21904761904762
16,18,2,1,1,2,2,4,14.293849206349206,27.235714285714284
16,19,4,1,2,5,4,8,22.218650793650795,27.475
16,20,3,1,1,2,2,9,15.245039682539682,27.28095238095238
16,21,2,1,1,1,2,4,13.173214285714286,26.99047619047619
16,22,2,1,1,2,2,2,14.214285714285715,27.21904761904762
16,23,1,1,1,2,2,4,13.239880952380952,27.164285714285715
16,24,2,1,1,2,2,4,14.293849206349206,27.235714285714284
16,25,3,1,1,6,6,5,23.23472222222222,27.495238095238097
16,26,2,1,1,1,1,1,12.146031746031746,26.489285714285714
16,27,3,1,1,6,6,5,23.23472222222222,27.495238095238097
16,28,1,1,1,1,2,3,12.175396825396826,26.898809523809526
16,29,3,1,1,2,2,9,15.245039682539682,27.28095238095238
16,30,2,1,1,2,4,9,16.118055555555557,27.285714285714285
16,31,3,1,1,5,7,5,23.204960317460316,27.47857142857143
16,32,4,1,2,5,4,8,22.218650793650795,27.475
16,33,2,1,1,1,2,4,13.173214285714286,26.99047619047619
16,34,2,1,1,2,2,4,14.293849206349206,27.235714285714284
16,35,2,1,1,1,1,8,12.112103174603176,26.458333333333332
16,36,2,1,1,1,2,4,13.173214285714286,26.99047619047619
16,37,3,1,1,2,2,9,15.245039682539682,27.28095238095238
16,38,3,1,1,6,6,5,23.23472222222222,27.495238095238097
16,39,3,1,1,2,2,9,15.245039682539682,27.28095238095238
16,40,2,1,1,2,2,4,14.293849206349206,27.235714285714284
16,41,2,1,1,2,2,4,14.293849206349206,27.235714285714284
16,42,2,1,1,2,4,1,16.15357142857143,27.32857142857143
16,43,2,1,1,2,2,4,14.293849206349206,27.235714285714284
16,44,1,1,1,1,2,3,12.175396825396826,26.898809523809526
16,45,2,1,1,1,2,4,13.173214285714286,26.99047619047619
16,46,3,1,1,6,6,5,23.23472222222222,27.495238095238097
16,47,2,1,1,2,2,4,14.293849206349206,27.235714285714284
16,48,2,1,2,5,7,5,23.265873015873016,27.529761904761905
16,49,3,1,1,2,2,9,15.245039682539682,27.28095238095238
17,0,2,1,1,1,1,8,12.112103174603176,26.458333333333332
17,1,2,1,1,1,1,8,12.112103174603176,26.458333333333332
17,2,2,1,2,5,7,5,23.265873015873016,27.529761904761905
17,3,2,1,2,5,7,5,23.265873015873016,27.529761904761905
17,4,1,1,1,1,2,3,12.175396825396826,26.898809523809526
17,5,1,1,1,6,4,1,19.15297619047619,27.34404761904762
17,6,2,1,1,1,1,1,12.146031746031746,26.489285714285714
17,7,3,1,2,5,2,9,19.229365079365078,27.46785714285714
17,8,2,1,1,2,4,1,16.15357142857143,27.32857142857143
17,9,4,1,2,5,4,8,22.218650793650795,27.475
17,10,1,1,1,2,2,4,13.239880952380952,27.164285714285715
17,11,2,1,1,1,2,2,13.171031746031746,26.913095238095238
17,12,2,1,1,1,2,4,13.173214285714286,26.99047619047619
17,13,1,1,1,2,4,1,15.195436507936508,27.27857142857143
17,14,2,1,1,2,4,9,16.118055555555557,27.285714285714285
17,15,3,1,1,5,7,5,23.204960317460316,27.47857142857143
17,16,2,1,1,2,2,2,14.214285714285715,27.21904761904762
17,17,2,1,1,2,2,4,14.293849206349206,27.235714285714284
17,18,4,1,2,5,4,8,22.218650793650795,27.475
17,19,3,1,1,2,2,9,15.245039682539682,27.28095238095238
17,20,2,1,1,1,2,4,13.173214285714286,26.99047619047619
17,21,2,1,1,2,2,2,14.214285714285715,27.21904761904762
17,22,1,1,1,2,2,4,13.239880952380952,27.164285714285715
17,23,2,1,1,2,2,4,14.293849206349206,27.235714285714284
17,24,3,1,1,6,6,5,23.23472222222222,27.495238095238097
17,25,2,1,1,1,1,1,12.146031746031746,26.489285714285714
17,26,3,1,1,6,6,5,23.23472222222222,27.495238095238097
17,27,2,1,1,2,4,1,16.15357142857143,27.32857142857143
17,28,1,1,1,1,2,3,12.175396825396826,26.898809523809526
17,29,3,1,2,5,2,9,19.229365079365078,27.46785714285714
17,30,3,1,1,2,2,9,15.245039682539682,27.28095238095238
17,31,2,1,1,2,4,9,16.118055555555557,27.285714285714285
17,32,3,1,1,5,7,5,23.204960317460316,27.47857142857143
17,33,1,1,1,1,2,3,12.175396825396826,26.898809523809526
17,34,2,1,1,1,2,4,13.173214285714286,26.99047619047619
17,35,2,1,1,2,2,4,14.293849206349206,27.235714285714284
17,36,2,1,1,1,2,4,13.173214285714286,26.99047619047619
17,37,2,1,1,1,2,4,13.173214285714286,26.99047619047619
17,38,2,1,1,2,2,4,14.293849206349206,27.235714285714284
17,39,3,1,1,2,2,9,15.245039682539682,27.28095238095238
17,40,3,1,1,5,7,5,23.204960317460316,27.47857142857143
17,41,2,1,1,2,2,2,14.214285714285715,27.21904761904762
17,42,2,1,1,2,2,4,14.293849206349206,27.235714285714284
17,43,3,1,1,2,2,9,15.245039682539682,27.28095238095238
17,44,1,1,1,1,2,3,12.175396825396826,26.898809523809526
17,45,2,1,1,1,2,4,13.173214285714286,26.99047619047619
17,46,2,1,1,2,4,1,16.15357142857143,27.32857142857143
17,47,2,1,1,2,2,2,14.214285714285715,27.21904761904762
17,48,1,1,1,2,2,4,13.239880952380952,27.164285714285715
17,49,3,1,1,6,6,5,23.23472222222222,27.495238095238097
18,0,1,1,1,1,1,3,11.264484126984128,26.341666666666665
18,1,2,1,2,5,7,5,23.265873015873016,27.529761904761905
18,2,2,1,2,5,7,5,23.265873015873016,27.529761904761905
18,3,1,1,1,1,2,3,12.175396825396826,26.898809523809526
18,4,1,1,1,6,4,1,19.15297619047619,27.34404761904762
18,5,3,1,2,5,2,9,19.229365079365078,27.46785714285714
18,6,2,1,1,1,1,1,12.146031746031746,26.489285714285714
18,7,2,1,1,2,4,1,16.15357142857143,27.32857142857143
18,8,4,1,2,5,4,8,22.218650793650795,27.475
18,9,2,1,1,1,2,2,13.171031746031746,26.913095238095238
18,10,1,1,1,2,2,4,13.239880952380952,27.164285714285715
18,11,2,1,1,1,2,4,13.173214285714286,26.99047619047619
18,12,1,1,1,2,2,3,13.242857142857144,27.204761904761906
18,13,2,1,1,2,4,9,16.118055555555557,27.285714285714285
18,14,2,1,1,1,1,8,12.112103174603176,26.458333333333332
18,15,2,1,1,1,1,8,12.112103174603176,26.458333333333332
18,16,3,1,1,5,7,5,23.204960317460316,27.47857142857143
18,17,2,1,1,2,2,2,14.214285714285715,27.21904761904762
18,18,2,1,1,2,2,4,14.293849206349206,27.235714285714284
18,19,4,1,2,5,4,8,22.218650793650795,27.475
18,20,1,1,1,2,4,1,15.195436507936508,27.27857142857143
18,21,3,1,1,2,2,9,15.245039682539682,27.28095238095238
18,22,2,1,1,1,2,4,13.173214285714286,26.99047619047619
18,23,2,1,1,2,2,4,14.293849206349206,27.235714285714284
18,24,1,1,1,2,4,1,15.195436507936508,27.27857142857143
18,25,1,1,1,2,2,4,13.239880952380952,27.164285714285715
18,26,3,1,1,6,6,5,23.23472222222222,27.495238095238097
18,27,2,1,1,1,1,1,12.146031746031746,26.489285714285714
18,28,1,1,1,6,4,1,19.15297619047619,27.34404761904762
18,29,2,1,1,2,2,2,14.214285714285715,27.21904761904762
18,30,3,1,1,6,6,5,23.23472222222222,27.495238095238097
18,31,2,1,1,2,4,1,16.15357142857143,27.32857142857143
18,32,1,1,1,1,2,3,12.175396825396826,26.898809523809526
18,33,3,1,2,5,2,9,19.229365079365078,27.46785714285714
18,34,2,1,1,1,2,2,13.171031746031746,26.913095238095238
18,35,3,1,1,2,2,9,15.245039682539682,27.28095238095238
18,36,2,1,1,2,4,9,16.118055555555557,27.285714285714285
18,37,3,1,1,5,7,5,23.204960317460316,27.47857142857143
18,38,3,1,1,5,7,5,23.204960317460316,27.47857142857143
18,39,3,1,1,2,2,9,15.245039682539682,27.28095238095238
18,40,1,1,1,2,4,1,15.195436507936508,27.27857142857143
18,41,2,1,1,2,2,4,14.293849206349206,27.235714285714284
18,42,1,1,1,1,2,3,12.175396825396826,26.898809523809526
18,43,4,1,2,5,4,8,22.218650793650795,27.475
18,44,2,1,1,2,2,4,14.293849206349206,27.235714285714284
18,45,1,1,1,1,2,3,12.175396825396826,26.898809523809526
18,46,2,1,1,1,2,4,13.173214285714286,26.99047619047619
18,47,2,1,1,2,4,1,16.15357142857143,27.32857142857143
18,48,2,1,1,2,2,2,14.214285714285715,27.21904761904762
18,49,2,1,1,1,2,4,13.173214285714286,26.99047619047619
19,0,2,1,2,5,7,5,23.265873015873016,27.529761904761905
19,1,2,1,2,5,7,5,23.265873015873016,27.529761904761905
19,2,1,1,1,1,2,3,12.175396825396826,26.898809523809526
19,3,3,1,2,5,2,9,19.229365079365078,27.46785714285714
19,4,2,1,1,1,2,2,13.171031746031746,26.913095238095238
19,5,1,1,1,2,2,4,13.239880952380952,27.164285714285715
19,6,2,1,1,1,2,4,13.173214285714286,26.99047619047619
19,7,1,1,1,2,2,3,13.242857142857144,27.204761904761906
19,8,3,1,1,5,7,5,23.204960317460316,27.47857142857143
19,9,2,1,1,2,2,2,14.214285714285715,27.21904761904762
19,10,2,1,1,2,2,4,14.293849206349206,27.235714285714284
19,11,1,1,1,2,4,1,15.195436507936508,27.27857142857143
19,12,2,1,1,1,2,4,13.173214285714286,26.99047619047619
19,13,2,1,1,2,2,4,14.293849206349206,27.235714285714284
19,14,1,1,1,2,4,1,15.195436507936508,27.27857142857143
19,15,1,1,1,2,2,4,13.239880952380952,27.164285714285715
19,16,3,1,1,6,6,5,23.23472222222222,27.495238095238097
19,17,2,1,1,2,2,2,14.214285714285715,27.21904761904762
19,18,3,1,1,6,6,5,23.23472222222222,27.495238095238097
19,19,1,1,1,1,2,3,12.175396825396826,26.898809523809526
19,20,3,1,2,5,2,9,19.229365079365078,27.46785714285714
19,21,2,1,1,1,2,2,13.171031746031746,26.913095238095238
19,22,3,1,1,5,7,5,23.204960317460316,27.47857142857143
19,23,3,1,1,5,7,5,23.204960317460316,27.47857142857143
19,24,1,1,1,2,4,1,15.195436507936508,27.27857142857143
19,25,2,1,1,2,2,4,14.293849206349206,27.235714285714284
19,26,1,1,1,1,2,3,12.175396825396826,26.898809523809526
19,27,2,1,1,2,2,4,14.293849206349206,27.235714285714284
19,28,1,1,1,1,2,3,12.175396825396826,26.898809523809526
19,29,2,1,1,1,2,4,13.173214285714286,26.99047619047619
19,30,2,1,1,2,2,2,14.214285714285715,27.21904761904762
19,31,2,1,1,1,2,4,13.173214285714286,26.99047619047619
19,32,2,1,1,2,2,2,14.214285714285715,27.21904761904762
19,33,1,1,1,2,4,1,15.195436507936508,27.27857142857143
19,34,1,1,1,1,1,4,11.159722222222221,26.50595238095238
19,35,1,1,1,2,4,2,15.235714285714286,27.32857142857143
19,36,2,1,1,2,2,4,14.293849206349206,27.235714285714284
19,37,1,1,1,1,2,3,12.175396825396826,26.898809523809526
19,38,1,1,1,1,2,3,12.175396825396826,26.898809523809526
19,39,2,1,1,1,2,4,13.173214285714286,26.99047619047619
19,40,2,1,1,2,2,2,14.214285714285715,27.21904761904762
19,41,2,1,1,1,2,4,13.173214285714286,26.99047619047619
19,42,1,1,2,2,4,1,16.085317460317462,27.383333333333333
19,43,2,1,1,1,2,4,13.173214285714286,26.99047619047619
19,44,2,1,1,1,2,4,13.173214285714286,26.99047619047619
19,45,3,1,2,5,4,9,21.21825396825397,27.475
19,46,2,1,1,1,2,4,13.173214285714286,26.99047619047619
19,47,1,1,1,2,2,4,13.239880952380952,27.164285714285715
19,48,4,1,2,5,4,8,22.218650793650795,27.475
19,49,4,1,2,5,4,8,22.218650793650795,27.475
20,0,2,1,2,5,7,5,23.265873015873016,27.529761904761905
20,1,2,1,2,5,7,5,23.265873015873016,27.529761904761905
20,2,1,1,1,1,1,4,11.159722222222221,26.50595238095238
20,3,1,1,1,1,1,4,11.159722222222221,26.50595238095238
20,4,1,1,2,2,2,3,14.316468253968255,27.40595238095238
20,5,1,1,1,1,2,3,12.175396825396826,26.898809523809526
20,6,3,1,2,5,2,9,19.229365079365078,27.46785714285714
20,7,3,1,2,5,2,9,19.229365079365078,27.46785714285714
20,8,3,1,1,5,7,5,23.204960317460316,27.47857142857143
20,9,2,1,1,2,2,4,14.293849206349206,27.235714285714284
20,10,3,1,2,5,4,9,21.21825396825397,27.475
20,11,1,1,1,2,2,4,13.239880952380952,27.164285714285715
20,12,2,1,1,1,2,4,13.173214285714286,26.99047619047619
20,13,3,1,2,5,4,9,21.21825396825397,27.475
20,14,2,1,1,1,2,2,13.171031746031746,26.913095238095238
20,15,1,1,1,2,2,3,13.242857142857144,27.204761904761906
20,16,1,1,1,1,2,3,12.175396825396826,26.898809523809526
20,17,2,1,1,2,2,2,14.214285714285715,27.21904761904762
20,18,2,1,1,1,2,4,13.173214285714286,26.99047619047619
20,19,1,1,1,2,2,4,13.239880952380952,27.164285714285715
20,20,3,1,1,6,6,5,23.23472222222222,27.495238095238097
20,21,2,1,1,2,2,2,14.214285714285715,27.21904761904762
20,22,3,1,1,6,6,5,23.23472222222222,27.495238095238097
20,23,2,1,1,2,2,4,14.293849206349206,27.235714285714284
20,24,1,1,1,2,2,3,13.242857142857144,27.204761904761906
20,25,2,1,1,1,2,2,13.171031746031746,26.913095238095238
20,26,3,1,1,5,7,5,23.204960317460316,27.47857142857143
20,27,1,1,1,1,2,3,12.175396825396826,26.898809523809526
20,28,3,1,1,5,7,5,23.204960317460316,27.47857142857143
20,29,1,1,1,1,1,4,11.159722222222221,26.50595238095238
20,30,2,1,1,1,2,4,13.173214285714286,26.99047619047619
20,31,2,1,1,2,2,2,14.214285714285715,27.21904761904762
20,32,3,1,1,5,7,5,23.204960317460316,27.47857142857143
20,33,1,1,1,1,2,3,12.175396825396826,26.898809523809526
20,34,2,1,1,1,2,4,13.173214285714286,26.99047619047619
20,35,2,1,1,1,2,4,13.173214285714286,26.99047619047619
20,36,2,1,1,2,2,2,14.214285714285715,27.21904761904762
20,37,1,1,1,1,2,3,12.175396825396826,26.898809523809526
20,38,2,1,1,1,2,4,13.173214285714286,26.99047619047619
20,39,2,1,1,2,2,4,14.293849206349206,27.235714285714284
20,40,2,1,1,2,2,4,14.293849206349206,27.235714285714284
20,41,2,1,1,1,2,4,13.173214285714286,26.99047619047619
20,42,2,1,1,1,2,4,13.173214285714286,26.99047619047619
20,43,2,1,1,2,2,2,14.214285714285715,27.21904761904762
20,44,2,1,1,2,2,4,14.293849206349206,27.235714285714284
20,45,1,1,1,1,2,3,12.175396825396826,26.898809523809526
20,46,3,1,1,5,7,5,23.204960317460316,27.47857142857143
20,47,1,1,1,1,2,3,12.175396825396826,26.898809523809526
20,48,2,1,1,1,2,4,13.173214285714286,26.99047619047619
20,49,2,1,1,1,2,4,13.173214285714286,26.99047619047619
21,0,2,1,2,5,7,5,23.265873015873016,27.529761904761905
21,1,2,1,2,5,7,5,23.265873015873016,27.529761904761905
21,2,1,1,1,1,1,4,11.159722222222221,26.50595238095238
21,3,1,1,1,1,1,4,11.159722222222221,26.50595238095238
21,4,1,1,2,2,2,3,14.316468253968255,27.40595238095238
21,5,1,1,1,1,1,2,11.175992063492064,26.579761904761906
21,6,1,1,2,5,4,9,19.200396825396826,27.416666666666668
21,7,1,1,1,1,2,5,12.19047619047619,27.00595238095238
21,8,1,1,1,1,2,3,12.175396825396826,26.898809523809526
21,9,3,1,2,5,2,9,19.229365079365078,27.46785714285714
21,10,1,1,1,1,2,3,12.175396825396826,26.898809523809526
21,11,3,1,1,5,7,5,23.204960317460316,27.47857142857143
21,12,2,1,1,2,2,4,14.293849206349206,27.235714285714284
21,13,3,1,2,5,4,9,21.21825396825397,27.475
21,14,3,1,2,5,4,9,21.21825396825397,27.475
21,15,1,1,1,2,2,4,13.239880952380952,27.164285714285715
21,16,1,1,1,2,2,4,13.239880952380952,27.164285714285715
21,17,1,1,1,2,2,3,13.242857142857144,27.204761904761906
21,18,2,1,1,2,2,2,14.214285714285715,27.21904761904762
21,19,3,1,1,6,6,5,23.23472222222222,27.495238095238097
21,20,2,1,1,2,2,2,14.214285714285715,27.21904761904762
21,21,3,1,1,6,6,5,23.23472222222222,27.495238095238097
21,22,2,1,1,2,2,4,14.293849206349206,27.235714285714284
21,23,1,1,1,2,2,3,13.242857142857144,27.204761904761906
21,24,3,1,2,5,2,9,19.229365079365078,27.46785714285714
21,25,3,1,1,5,7,5,23.204960317460316,27.47857142857143
21,26,1,1,1,1,2,3,12.175396825396826,26.898809523809526
21,27,3,1,2,5,4,9,21.21825396825397,27.475
21,28,2,1,2,5,7,5,23.265873015873016,27.529761904761905
21,29,1,1,1,1,2,3,12.175396825396826,26.898809523809526
21,30,3,1,2,5,2,9,19.229365079365078,27.46785714285714
21,31,1,1,1,1,1,4,11.159722222222221,26.50595238095238
21,32,3,1,2,5,2,9,19.229365079365078,27.46785714285714
21,33,2,1,1,2,2,2,14.214285714285715,27.21904761904762
21,34,1,1,1,1,2,3,12.175396825396826,26.898809523809526
21,35,3,1,1,5,7,5,23.204960317460316,27.47857142857143
21,36,1,1,1,2,2,4,13.239880952380952,27.164285714285715
21,37,1,1,1,1,2,3,12.175396825396826,26.898809523809526
21,38,1,1,1,1,1,4,11.159722222222221,26.50595238095238
21,39,1,1,1,1,2,3,12.175396825396826,26.898809523809526
21,40,1,1,1,1,1,4,11.159722222222221,26.50595238095238
21,41,2,1,1,2,2,4,14.293849206349206,27.235714285714284
21,42,2,1,1,2,2,4,14.293849206349206,27.235714285714284
21,43,2,1,1,2,2,4,14.293849206349206,27.235714285714284
21,44,3,1,1,5,7,5,23.204960317460316,27.47857142857143
21,45,2,1,1,2,2,4,14.293849206349206,27.235714285714284
21,46,3,1,2,5,4,9,21.21825396825397,27.475
21,47,1,1,1,1,2,3,12.175396825396826,26.898809523809526
21,48,2,1,1,2,2,2,14.214285714285715,27.21904761904762
21,49,2,1,1,2,2,2,14.214285714285715,27.21904761904762
22,0,2,1,2,5,7,5,23.265873015873016,27.529761904761905
22,1,2,1,2,5,7,5,23.265873015873016,27.529761904761905
22,2,1,1,1,1,1,4,11.159722222222221,26.50595238095238
22,3,1,1,1,1,1,4,11.159722222222221,26.50595238095238
22,4,1,1,2,2,2,3,14.316468253968255,27.40595238095238
22,5,1,1,2,5,4,9,19.200396825396826,27.416666666666668
22,6,1,1,1,1,1,2,11.175992063492064,26.579761904761906
22,7,1,1,1,1,2,3,12.175396825396826,26.898809523809526
22,8,1,1,1,2,2,5,13.29702380952381,27.235714285714284
22,9,3,1,2,5,2,9,19.229365079365078,27.46785714285714
22,10,1,1,1,1,2,5,12.19047619047619,27.00595238095238
22,11,1,1,1,1,2,3,12.175396825396826,26.898809523809526
22,12,3,1,1,5,7,5,23.204960317460316,27.47857142857143
22,13,3,1,2,5,4,9,21.21825396825397,27.475
22,14,3,1,2,5,4,9,21.21825396825397,27.475
22,15,1,1,1,1,2,5,12.19047619047619,27.00595238095238
22,16,1,1,1,2,2,4,13.239880952380952,27.164285714285715
22,17,1,1,1,1,1,2,11.175992063492064,26.579761904761906
22,18,1,1,1,2,2,4,13.239880952380952,27.164285714285715
22,19,1,1,2,2,2,3,14.316468253968255,27.40595238095238
22,20,1,1,1,2,2,3,13.242857142857144,27.204761904761906
22,21,3,1,1,6,6,5,23.23472222222222,27.495238095238097
22,22,1,1,1,2,2,3,13.242857142857144,27.204761904761906
22,23,3,1,1,6,6,5,23.23472222222222,27.495238095238097
22,24,1,1,2,5,4,9,19.200396825396826,27.416666666666668
22,25,3,1,2,5,2,9,19.229365079365078,27.46785714285714
22,26,3,1,1,5,7,5,23.204960317460316,27.47857142857143
22,27,2,1,2,5,7,5,23.265873015873016,27.529761904761905
22,28,1,1,1,1,1,4,11.159722222222221,26.50595238095238
22,29,1,1,1,1,2,3,12.175396825396826,26.898809523809526
22,30,1,1,1,1,1,4,11.159722222222221,26.50595238095238
22,31,3,1,1,5,7,5,23.204960317460316,27.47857142857143
22,32,1,1,1,1,2,3,12.175396825396826,26.898809523809526
22,33,1,1,1,1,2,3,12.175396825396826,26.898809523809526
22,34,1,1,1,1,2,3,12.175396825396826,26.898809523809526
22,35,1,1,1,1,1,4,11.159722222222221,26.50595238095238
22,36,3,1,1,5,7,5,23.204960317460316,27.47857142857143
22,37,3,1,1,5,7,5,23.204960317460316,27.47857142857143
22,38,3,1,2,5,2,9,19.229365079365078,27.46785714285714
22,39,3,1,2,5,2,9,19.229365079365078,27.46785714285714
22,40,3,1,2,5,4,9,21.21825396825397,27.475
22,41,3,1,2,5,4,9,21.21825396825397,27.475
22,42,1,1,1,1,2,3,12.175396825396826,26.898809523809526
22,43,1,1,1,1,2,3,12.175396825396826,26.898809523809526
22,44,3,1,2,5,4,9,21.21825396825397,27.475
22,45,3,1,1,5,7,5,23.204960317460316,27.47857142857143
22,46,3,1,1,5,7,5,23.204960317460316,27.47857142857143
22,47,1,1,1,1,1,4,11.159722222222221,26.50595238095238
22,48,1,1,1,2,2,4,13.239880952380952,27.164285714285715
22,49,3,1,2,5,2,9,19.229365079365078,27.46785714285714
23,0,1,1,1,1,1,4,11.159722222222221,26.50595238095238
23,1,2,1,2,5,7,5,23.265873015873016,27.529761904761905
23,2,2,1,2,5,7,5,23.265873015873016,27.529761904761905
23,3,1,1,1,1,1,4,11.159722222222221,26.50595238095238
23,4,1,1,2,2,2,3,14.316468253968255,27.40595238095238
23,5,1,1,2,5,4,9,19.200396825396826,27.416666666666668
23,6,1,1,1,1,1,2,11.175992063492064,26.579761904761906
23,7,1,1,1,1,2,3,12.175396825396826,26.898809523809526
23,8,1,1,1,2,2,5,13.29702380952381,27.235714285714284
23,9,3,1,2,5,2,9,19.229365079365078,27.46785714285714
23,10,1,1,1,1,2,5,12.19047619047619,27.00595238095238
23,11,1,1,1,1,2,3,12.175396825396826,26.898809523809526
23,12,3,1,1,5,7,5,23.204960317460316,27.47857142857143
23,13,3,1,2,5,4,9,21.21825396825397,27.475
23,14,3,1,2,5,4,9,21.21825396825397,27.475
23,15,1,1,1,1,2,5,12.19047619047619,27.00595238095238
23,16,1,1,1,2,2,4,13.239880952380952,27.164285714285715
23,17,1,1,1,1,1,2,11.175992063492064,26.579761904761906
23,18,1,1,1,2,2,4,13.239880952380952,27.164285714285715
23,19,1,1,2,2,2,3,14.316468253968255,27.40595238095238
23,20,1,1,1,2,2,3,13.242857142857144,27.204761904761906
23,21,3,1,1,6,6,5,23.23472222222222,27.495238095238097
23,22,1,1,1,2,2,3,13.242857142857144,27.204761904761906
23,23,3,1,1,6,6,5,23.23472222222222,27.495238095238097
23,24,1,1,2,5,4,9,19.200396825396826,27.416666666666668
23,25,3,1,2,5,2,9,19.229365079365078,27.46785714285714
23,26,3,1,1,5,7,5,23.204960317460316,27.47857142857143
23,27,1,1,1,1,1,2,11.175992063492064,26.579761904761906
23,28,1,1,1,1,2,3,12.175396825396826,26.898809523809526
23,29,3,1,1,5,7,5,23.204960317460316,27.47857142857143
23,30,2,1,2,5,7,5,23.265873015873016,27.529761904761905
23,31,3,1,2,5,2,9,19.229365079365078,27.46785714285714
23,32,3,1,2,5,4,9,21.21825396825397,27.475
23,33,3,1,1,5,7,5,23.204960317460316,27.47857142857143
23,34,1,1,1,1,1,4,11.159722222222221,26.50595238095238
23,35,1,1,1,1,1,4,11.159722222222221,26.50595238095238
23,36,1,1,1,1,2,3,12.175396825396826,26.898809523809526
23,37,3,1,2,5,4,9,21.21825396825397,27.475
23,38,1,1,1,2,2,3,13.242857142857144,27.204761904761906
23,39,1,1,1,1,1,4,11.159722222222221,26.50595238095238
23,40,3,1,1,5,7,5,23.204960317460316,27.47857142857143
23,41,1,1,1,1,2,3,12.175396825396826,26.898809523809526
23,42,3,1,1,5,7,5,23.204960317460316,27.47857142857143
23,43,3,1,2,5,4,9,21.21825396825397,27.475
23,44,3,1,2,5,2,9,19.229365079365078,27.46785714285714
23,45,1,1,1,1,1,2,11.175992063492064,26.579761904761906
23,46,3,1,1,5,7,5,23.204960317460316,27.47857142857143
23,47,3,1,2,5,2,9,19.229365079365078,27.46785714285714
23,48,3,1,1,5,7,5,23.204960317460316,27.47857142857143
23,49,1,1,1,1,2,3,12.175396825396826,26.898809523809526
24,0,1,1,1,1,1,4,11.159722222222221,26.50595238095238
24,1,2,1,2,5,7,5,23.265873015873016,27.529761904761905
24,2,1,1,1,1,1,4,11.159722222222221,26.50595238095238
24,3,2,1,2,5,7,5,23.265873015873016,27.529761904761905
24,4,1,1,2,2,2,3,14.316468253968255,27.40595238095238
24,5,1,1,2,5,4,9,19.200396825396826,27.416666666666668
24,6,1,1,1,1,1,2,11.175992063492064,26.579761904761906
24,7,1,1,1,1,2,3,12.175396825396826,26.898809523809526
24,8,3,1,2,5,2,9,19.229365079365078,27.46785714285714
24,9,1,1,1,1,2,5,12.19047619047619,27.00595238095238
24,10,1,1,1,1,2,3,12.175396825396826,26.898809523809526
24,11,3,1,1,5,7,5,23.204960317460316,27.47857142857143
24,12,3,1,2,5,4,9,21.21825396825397,27.475
24,13,1,1,1,2,2,5,13.29702380952381,27.235714285714284
24,14,3,1,2,5,4,9,21.21825396825397,27.475
24,15,1,1,1,1,2,5,12.19047619047619,27.00595238095238
24,16,1,1,1,2,2,4,13.239880952380952,27.164285714285715
24,17,1,1,1,1,1,2,11.175992063492064,26.579761904761906
24,18,1,1,1,2,2,4,13.239880952380952,27.164285714285715
24,19,1,1,1,2,2,5,13.29702380952381,27.235714285714284
24,20,1,1,2,2,2,3,14.316468253968255,27.40595238095238
24,21,1,1,1,2,2,3,13.242857142857144,27.204761904761906
24,22,3,1,1,6,6,5,23.23472222222222,27.495238095238097
24,23,1,1,1,2,2,3,13.242857142857144,27.204761904761906
24,24,3,1,1,6,6,5,23.23472222222222,27.495238095238097
24,25,1,1,2,5,4,9,19.200396825396826,27.416666666666668
24,26,3,1,2,5,2,9,19.229365079365078,27.46785714285714
24,27,3,1,1,5,7,5,23.204960317460316,27.47857142857143
24,28,1,1,1,1,1,4,11.159722222222221,26.50595238095238
24,29,3,1,2,5,2,9,19.229365079365078,27.46785714285714
24,30,3,1,2,5,4,9,21.21825396825397,27.475
24,31,1,1,1,1,1,4,11.159722222222221,26.50595238095238
24,32,1,1,1,1,1,2,11.175992063492064,26.579761904761906
24,33,2,1,2,5,7,5,23.265873015873016,27.529761904761905
24,34,3,1,2,5,4,9,21.21825396825397,27.475
24,35,3,1,2,5,2,9,19.229365079365078,27.46785714285714
24,36,1,1,1,2,2,3,13.242857142857144,27.204761904761906
24,37,3,1,1,5,7,5,23.204960317460316,27.47857142857143
24,38,3,1,1,5,7,5,23.204960317460316,27.47857142857143
24,39,3,1,1,5,7,5,23.204960317460316,27.47857142857143
24,40,1,1,2,5,4,9,19.200396825396826,27.416666666666668
24,41,1,1,1,1,1,4,11.159722222222221,26.50595238095238
24,42,1,1,1,1,1,4,11.159722222222221,26.50595238095238
24,43,1,1,2,5,4,9,19.200396825396826,27.416666666666668
24,44,1,1,1,1,2,5,12.19047619047619,27.00595238095238
24,45,1,1,1,1,1,4,11.159722222222221,26.50595238095238
24,46,3,1,2,5,2,9,19.229365079365078,27.46785714285714
24,47,1,1,1,1,2,3,12.175396825396826,26.898809523809526
24,48,3,1,2,5,2,9,19.229365079365078,27.46785714285714
24,49,2,1,2,5,7,5,23.265873015873016,27.529761904761905
25,0,2,1,2,5,7,5,23.265873015873016,27.529761904761905
25,1,2,1,2,5,7,5,23.265873015873016,27.529761904761905
25,2,1,1,1,1,1,4,11.159722222222221,26.50595238095238
25,3,1,1,1,1,1,4,11.159722222222221,26.50595238095238
25,4,1,1,2,2,2,3,14.316468253968255,27.40595238095238
25,5,1,1,2,5,4,9,19.200396825396826,27.416666666666668
25,6,1,1,1,1,1,2,11.175992063492064,26.579761904761906
25,7,1,1,1,1,2,3,12.175396825396826,26.898809523809526
25,8,3,1,2,5,2,9,19.229365079365078,27.46785714285714
25,9,1,1,1,1,2,5,12.19047619047619,27.00595238095238
25,10,1,1,1,1,2,3,12.175396825396826,26.898809523809526
25,11,3,1,1,5,7,5,23.204960317460316,27.47857142857143
25,12,3,1,2,5,4,9,21.21825396825397,27.475
25,13,1,1,1,2,2,5,13.29702380952381,27.235714285714284
25,14,3,1,2,5,4,9,21.21825396825397,27.475
25,15,1,1,1,1,2,5,12.19047619047619,27.00595238095238
25,16,1,1,1,2,2,4,13.239880952380952,27.164285714285715
25,17,1,1,1,1,1,2,11.175992063492064,26.579761904761906
25,18,1,1,1,2,2,4,13.239880952380952,27.164285714285715
25,19,1,1,1,2,2,5,13.29702380952381,27.235714285714284
25,20,1,1,2,2,2,3,14.316468253968255,27.40595238095238
25,21,1,1,1,2,2,3,13.242857142857144,27.204761904761906
25,22,3,1,1,6,6,5,23.23472222222222,27.495238095238097
25,23,1,1,1,2,2,3,13.242857142857144,27.204761904761906
25,24,3,1,1,6,6,5,23.23472222222222,27.495238095238097
25,25,1,1,2,5,4,9,19.200396825396826,27.416666666666668
25,26,3,1,2,5,2,9,19.229365079365078,27.46785714285714
25,27,3,1,1,5,7,5,23.204960317460316,27.47857142857143
25,28,3,1,1,5,7,5,23.204960317460316,27.47857142857143
25,29,1,1,1,1,2,3,12.175396825396826,26.898809523809526
25,30,3,1,1,5,7,5,23.204960317460316,27.47857142857143
25,31,3,1,2,5,2,9,19.229365079365078,27.46785714285714
25,32,1,1,1,1,1,4,11.159722222222221,26.50595238095238
25,33,1,1,1,1,2,5,12.19047619047619,27.00595238095238
25,34,1,1,1,1,2,5,12.19047619047619,27.00595238095238
25,35,1,1,1,2,2,3,13.242857142857144,27.204761904761906
25,36,3,1,2,5,4,9,21.21825396825397,27.475
25,37,1,1,1,1,1,2,11.175992063492064,26.579761904761906
25,38,3,1,2,5,2,9,19.229365079365078,27.46785714285714
25,39,3,1,2,5,4,9,21.21825396825397,27.475
25,40,1,1,1,1,2,5,12.19047619047619,27.00595238095238
25,41,1,1,2,5,4,9,19.200396825396826,27.416666666666668
25,42,1,1,1,2,2,5,13.29702380952381,27.235714285714284
25,43,1,1,1,2,2,3,13.242857142857144,27.204761904761906
25,44,3,1,2,5,2,9,19.229365079365078,27.46785714285714
25,45,3,1,1,5,7,5,23.204960317460316,27.47857142857143
25,46,3,1,2,5,4,9,21.21825396825397,27.475
25,47,1,1,1,2,2,3,13.242857142857144,27.204761904761906
25,48,1,1,1,1,2,3,12.175396825396826,26.898809523809526
25,49,1,1,1,1,1,4,11.159722222222221,26.50595238095238
26,0,2,1,2,5,7,5,23.265873015873016,27.529761904761905
26,1,2,1,2,5,7,5,23.265873015873016,27.529761904761905
26,2,1,1,1,1,1,4,11.159722222222221,26.50595238095238
26,3,1,1,1,1,1,4,11.159722222222221,26.50595238095238
26,4,1,1,2,2,2,3,14.316468253968255,27.40595238095238
26,5,1,1,2,5,4,9,19.200396825396826,27.416666666666668
26,6,1,1,1,1,1,2,11.175992063492064,26.579761904761906
26,7,1,1,1,1,2,3,12.175396825396826,26.898809523809526
26,8,3,1,2,5,2,9,19.229365079365078,27.46785714285714
26,9,1,1,1,1,2,5,12.19047619047619,27.00595238095238
26,10,1,1,1,1,2,3,12.175396825396826,26.898809523809526
26,11,3,1,1,5,7,5,23.204960317460316,27.47857142857143
26,12,3,1,2,5,4,9,21.21825396825397,27.475
26,13,1,1,1,2,2,5,13.29702380952381,27.235714285714284
26,14,3,1,2,5,4,9,21.21825396825397,27.475
26,15,1,1,1,1,2,5,12.19047619047619,27.00595238095238
26,16,1,1,1,2,2,4,13.239880952380952,27.164285714285715
26,17,1,1,1,1,1,2,11.175992063492064,26.579761904761906
26,18,1,1,1,2,2,4,13.239880952380952,27.164285714285715
26,19,1,1,1,2,2,5,13.29702380952381,27.235714285714284
26,20,1,1,2,2,2,3,14.316468253968255,27.40595238095238
26,21,1,1,1,2,2,3,13.242857142857144,27.204761904761906
26,22,3,1,1,6,6,5,23.23472222222222,27.495238095238097
26,23,1,1,1,2,2,3,13.242857142857144,27.204761904761906
26,24,3,1,1,6,6,5,23.23472222222222,27.495238095238097
26,25,1,1,2,5,4,9,19.200396825396826,27.416666666666668
26,26,3,1,2,5,2,9,19.229365079365078,27.46785714285714
26,27,3,1,1,5,7,5,23.204960317460316,27.47857142857143
26,28,1,1,1,1,2,3,12.175396825396826,26.898809523809526
26,29,1,1,1,1,1,2,11.175992063492064,26.579761904761906
26,30,1,1,1,1,2,3,12.175396825396826,26.898809523809526
26,31,3,1,2,5,4,9,21.21825396825397,27.475
26,32,1,1,1,1,2,5,12.19047619047619,27.00595238095238
26,33,1,1,1,1,2,5,12.19047619047619,27.00595238095238
26,34,2,1,2,5,7,5,23.265873015873016,27.529761904761905
26,35,3,1,1,5,7,5,23.204960317460316,27.47857142857143
26,36,3,1,2,5,2,9,19.229365079365078,27.46785714285714
26,37,1,1,1,2,2,5,13.29702380952381,27.235714285714284
26,38,3,1,2,5,2,9,19.229365079365078,27.46785714285714
26,39,1,1,1,2,2,3,13.242857142857144,27.204761904761906
26,40,1,1,1,1,1,2,11.175992063492064,26.579761904761906
26,41,1,1,1,1,1,4,11.159722222222221,26.50595238095238
26,42,1,1,1,1,1,2,11.175992063492064,26.579761904761906
26,43,1,1,2,2,2,3,14.316468253968255,27.40595238095238
26,44,3,1,1,5,7,5,23.204960317460316,27.47857142857143
26,45,3,1,1,5,7,5,23.204960317460316,27.47857142857143
26,46,3,1,1,5,7,5,23.204960317460316,27.47857142857143
26,47,1,1,1,2,2,5,13.29702380952381,27.235714285714284
26,48,1,1,2,2,2,3,14.316468253968255,27.40595238095238
26,49,1,1,1,1,2,3,12.175396825396826,26.898809523809526
27,0,2,1,2,5,7,5,23.265873015873016,27.529761904761905
27,1,1,1,1,1,1,9,11.103769841269841,26.44642857142857
27,2,2,1,2,5,7,5,23.265873015873016,27.529761904761905
27,3,1,1,2,2,2,3,14.316468253968255,27.40595238095238
27,4,1,1,2,5,4,9,19.200396825396826,27.416666666666668
27,5,1,1,1,1,1,2,11.175992063492064,26.579761904761906
27,6,1,1,1,1,2,3,12.175396825396826,26.898809523809526
27,7,3,1,2,5,2,9,19.229365079365078,27.46785714285714
27,8,1,1,1,1,2,5,12.19047619047619,27.00595238095238
27,9,1,1,1,1,2,3,12.175396825396826,26.898809523809526
27,10,3,1,1,5,7,5,23.204960317460316,27.47857142857143
27,11,3,1,2,5,4,9,21.21825396825397,27.475
27,12,3,1,2,5,4,9,21.21825396825397,27.475
27,13,1,1,1,2,2,5,13.29702380952381,27.235714285714284
27,14,1,1,1,1,1,2,11.175992063492064,26.579761904761906
27,15,1,1,1,1,2,5,12.19047619047619,27.00595238095238
27,16,1,1,1,2,2,4,13.239880952380952,27.164285714285715
27,17,1,1,1,2,2,4,13.239880952380952,27.164285714285715
27,18,1,1,1,2,2,5,13.29702380952381,27.235714285714284
27,19,1,1,2,2,2,3,14.316468253968255,27.40595238095238
27,20,1,1,1,1,1,4,11.159722222222221,26.50595238095238
27,21,1,1,1,1,1,4,11.159722222222221,26.50595238095238
27,22,1,1,1,2,2,3,13.242857142857144,27.204761904761906
27,23,3,1,1,6,6,5,23.23472222222222,27.495238095238097
27,24,1,1,1,2,2,3,13.242857142857144,27.204761904761906
27,25,3,1,1,6,6,5,23.23472222222222,27.495238095238097
27,26,1,1,2,5,4,9,19.200396825396826,27.416666666666668
27,27,3,1,2,5,2,9,19.229365079365078,27.46785714285714
27,28,3,1,1,5,7,5,23.204960317460316,27.47857142857143
27,29,1,1,2,2,2,3,14.316468253968255,27.40595238095238
27,30,1,1,1,2,2,5,13.29702380952381,27.235714285714284
27,31,3,1,1,5,7,5,23.204960317460316,27.47857142857143
27,32,1,1,1,2,2,5,13.29702380952381,27.235714285714284
27,33,1,1,2,2,2,3,14.316468253968255,27.40595238095238
27,34,3,1,2,5,2,9,19.229365079365078,27.46785714285714
27,35,1,1,1,1,2,5,12.19047619047619,27.00595238095238
27,36,3,1,1,5,7,5,23.204960317460316,27.47857142857143
27,37,1,1,1,1,2,5,12.19047619047619,27.00595238095238
27,38,1,1,1,1,2,3,12.175396825396826,26.898809523809526
27,39,1,1,1,2,2,3,13.242857142857144,27.204761904761906
27,40,3,1,1,5,7,5,23.204960317460316,27.47857142857143
27,41,1,1,2,2,2,3,14.316468253968255,27.40595238095238
27,42,1,1,1,1,2,5,12.19047619047619,27.00595238095238
27,43,1,1,1,1,2,5,12.19047619047619,27.00595238095238
27,44,1,1,1,1,1,4,11.159722222222221,26.50595238095238
27,45,3,1,2,5,2,9,19.229365079365078,27.46785714285714
27,46,1,1,1,1,1,2,11.175992063492064,26.579761904761906
27,47,1,1,1,2,2,4,13.239880952380952,27.164285714285715
27,48,1,1,1,1,1,4,11.159722222222221,26.50595238095238
27,49,1,1,1,1,2,3,12.175396825396826,26.898809523809526
28,0,2,1,2,5,7,5,23.265873015873016,27.529761904761905
28,1,1,1,1,1,1,9,11.103769841269841,26.44642857142857
28,2,2,1,2,5,7,5,23.265873015873016,27.529761904761905
28,3,1,1,1,1,1,9,11.103769841269841,26.44642857142857
28,4,1,1,2,2,2,3,14.316468253968255,27.40595238095238
28,5,1,1,2,5,4,9,19.200396825396826,27.416666666666668
28,6,1,1,1,1,1,2,11.175992063492064,26.579761904761906
28,7,1,1,1,1,2,3,12.175396825396826,26.898809523809526
28,8,3,1,2,5,2,9,19.229365079365078,27.46785714285714
28,9,1,1,1,1,2,5,12.19047619047619,27.00595238095238
28,10,1,1,1,1,2,3,12.175396825396826,26.898809523809526
28,11,3,1,1,5,7,5,23.204960317460316,27.47857142857143
28,12,3,1,2,5,4,9,21.21825396825397,27.475
28,13,3,1,2,5,4,9,21.21825396825397,27.475
28,14,1,1,1,2,2,5,13.29702380952381,27.235714285714284
28,15,1,1,1,1,1,2,11.175992063492064,26.579761904761906
28,16,1,1,1,1,2,5,12.19047619047619,27.00595238095238
28,17,1,1,1,2,2,4,13.239880952380952,27.164285714285715
28,18,1,1,1,2,2,4,13.239880952380952,27.164285714285715
28,19,1,1,1,2,2,5,13.29702380952381,27.235714285714284
28,20,1,1,2,2,2,3,14.316468253968255,27.40595238095238
28,21,1,1,1,1,1,4,11.159722222222221,26.50595238095238
28,22,1,1,1,1,1,4,11.159722222222221,26.50595238095238
28,23,1,1,1,2,2,3,13.242857142857144,27.204761904761906
28,24,3,1,1,6,6,5,23.23472222222222,27.495238095238097
28,25,1,1,1,2,2,3,13.242857142857144,27.204761904761906
28,26,3,1,1,6,6,5,23.23472222222222,27.495238095238097
28,27,1,1,2,5,4,9,19.200396825396826,27.416666666666668
28,28,3,1,2,5,2,9,19.229365079365078,27.46785714285714
28,29,3,1,1,5,7,5,23.204960317460316,27.47857142857143
28,30,3,1,1,5,7,5,23.204960317460316,27.47857142857143
28,31,3,1,2,5,2,9,19.229365079365078,27.46785714285714
28,32,1,1,2,2,2,3,14.316468253968255,27.40595238095238
28,33,1,1,1,1,1,2,11.175992063492064,26.579761904761906
28,34,1,1,1,1,2,5,12.19047619047619,27.00595238095238
28,35,1,1,1,1,2,3,12.175396825396826,26.898809523809526
28,36,1,1,2,2,2,3,14.316468253968255,27.40595238095238
28,37,1,1,2,2,2,3,14.316468253968255,27.40595238095238
28,38,1,1,1,1,2,3,12.175396825396826,26.898809523809526
28,39,1,1,1,1,2,5,12.19047619047619,27.00595238095238
28,40,3,1,1,5,7,5,23.204960317460316,27.47857142857143
28,41,1,1,1,2,2,5,13.29702380952381,27.235714285714284
28,42,1,1,1,2,2,4,13.239880952380952,27.164285714285715
28,43,1,1,1,2,2,5,13.29702380952381,27.235714285714284
28,44,1,1,1,1,2,5,12.19047619047619,27.00595238095238
28,45,1,1,1,2,2,3,13.242857142857144,27.204761904761906
28,46,1,1,1,2,2,5,13.29702380952381,27.235714285714284
28,47,1,1,2,2,2,3,14.316468253968255,27.40595238095238
28,48,1,1,1,1,2,3,12.175396825396826,26.898809523809526
28,49,1,1,1,2,2,4,13.239880952380952,27.164285714285715
29,0,2,1,2,5,7,5,23.265873015873016,27.529761904761905
29,1,1,1,1,1,1,9,11.103769841269841,26.44642857142857
29,2,1,1,1,1,1,9,11.103769841269841,26.44642857142857
29,3,2,1,2,5,7,5,23.265873015873016,27.529761904761905
29,4,1,1,2,2,2,3,14.316468253968255,27.40595238095238
29,5,1,1,2,5,4,9,19.200396825396826,27.416666666666668
29,6,1,1,1,1,1,2,11.175992063492064,26.579761904761906
29,7,1,1,1,1,2,3,12.175396825396826,26.898809523809526
29,8,3,1,2,5,2,9,19.229365079365078,27.46785714285714
29,9,1,1,1,1,2,5,12.19047619047619,27.00595238095238
29,10,1,1,1,1,2,3,12.175396825396826,26.898809523809526
29,11,3,1,1,5,7,5,23.204960317460316,27.47857142857143
29,12,3,1,2,5,4,9,21.21825396825397,27.475
29,13,3,1,2,5,4,9,21.21825396825397,27.475
29,14,1,1,1,2,2,5,13.29702380952381,27.235714285714284
29,15,1,1,1,1,1,2,11.175992063492064,26.579761904761906
29,16,1,1,1,1,2,5,12.19047619047619,27.00595238095238
29,17,1,1,1,2,2,4,13.239880952380952,27.164285714285715
29,18,1,1,1,2,2,4,13.239880952380952,27.164285714285715
29,19,1,1,1,2,2,5,13.29702380952381,27.235714285714284
29,20,1,1,2,2,2,3,14.316468253968255,27.40595238095238
29,21,1,1,1,1,1,4,11.159722222222221,26.50595238095238
29,22,1,1,1,1,1,4,11.159722222222221,26.50595238095238
29,23,1,1,1,2,2,3,13.242857142857144,27.204761904761906
29,24,3,1,1,6,6,5,23.23472222222222,27.495238095238097
29,25,1,1,1,2,2,3,13.242857142857144,27.204761904761906
29,26,3,1,1,6,6,5,23.23472222222222,27.495238095238097
29,27,1,1,2,5,4,9,19.200396825396826,27.416666666666668
29,28,3,1,2,5,2,9,19.229365079365078,27.46785714285714
29,29,3,1,1,5,7,5,23.204960317460316,27.47857142857143
29,30,1,1,1,2,2,3,13.242857142857144,27.204761904761906
29,31,1,1,1,1,1,9,11.103769841269841,26.44642857142857
29,32,1,1,1,2,2,4,13.239880952380952,27.164285714285715
29,33,1,1,1,1,2,3,12.175396825396826,26.898809523809526
29,34,1,1,1,1,2,5,12.19047619047619,27.00595238095238
29,35,1,1,2,5,4,9,19.200396825396826,27.416666666666668
29,36,1,1,1,1,2,5,12.19047619047619,27.00595238095238
29,37,1,1,1,1,2,3,12.175396825396826,26.898809523809526
29,38,1,1,1,1,1,2,11.175992063492064,26.579761904761906
29,39,1,1,2,2,2,3,14.316468253968255,27.40595238095238
29,40,1,1,2,2,2,3,14.316468253968255,27.40595238095238
29,41,3,1,2,5,2,9,19.229365079365078,27.46785714285714
29,42,1,1,2,2,2,3,14.316468253968255,27.40595238095238
29,43,3,1,2,5,4,9,21.21825396825397,27.475
29,44,1,1,2,2,2,3,14.316468253968255,27.40595238095238
29,45,1,1,1,2,2,4,13.239880952380952,27.164285714285715
29,46,1,1,1,2,2,4,13.239880952380952,27.164285714285715
29,47,3,1,2,5,2,9,19.229365079365078,27.46785714285714
29,48,1,1,2,2,2,3,14.316468253968255,27.40595238095238
29,49,1,1,2,2,2,3,14.316468253968255,27.40595238095238
30,0,1,1,1,1,1,9,11.103769841269841,26.44642857142857
30,1,1,1,1,1,1,9,11.103769841269841,26.44642857142857
30,2,2,1,2,5,7,5,23.265873015873016,27.529761904761905
30,3,2,1,2,5,7,5,23.265873015873016,27.529761904761905
30,4,1,1,1,5,2,9,16.33452380952381,27.409523809523808
30,5,1,1,2,2,2,3,14.316468253968255,27.40595238095238
30,6,1,1,1,1,1,2,11.175992063492064,26.579761904761906
30,7,1,1,1,1,2,3,12.175396825396826,26.898809523809526
30,8,1,1,2,5,4,9,19.200396825396826,27.416666666666668
30,9,3,1,2,5,2,9,19.229365079365078,27.46785714285714
30,10,1,1,1,1,2,5,12.19047619047619,27.00595238095238
30,11,1,1,1,1,2,3,12.175396825396826,26.898809523809526
30,12,3,1,1,5,7,5,23.204960317460316,27.47857142857143
30,13,3,1,2,5,4,9,21.21825396825397,27.475
30,14,3,1,2,5,4,9,21.21825396825397,27.475
30,15,1,1,1,2,2,5,13.29702380952381,27.235714285714284
30,16,1,1,1,1,1,2,11.175992063492064,26.579761904761906
30,17,1,1,1,1,2,5,12.19047619047619,27.00595238095238
30,18,1,1,1,2,2,4,13.239880952380952,27.164285714285715
30,19,1,1,1,2,2,4,13.239880952380952,27.164285714285715
30,20,1,1,1,2,2,5,13.29702380952381,27.235714285714284
30,21,1,1,2,2,2,3,14.316468253968255,27.40595238095238
30,22,1,1,1,1,1,4,11.159722222222221,26.50595238095238
30,23,1,1,1,1,1,4,11.159722222222221,26.50595238095238
30,24,1,1,1,2,2,3,13.242857142857144,27.204761904761906
30,25,3,1,1,6,6,5,23.23472222222222,27.495238095238097
30,26,1,1,1,2,2,3,13.242857142857144,27.204761904761906
30,27,3,1,1,6,6,5,23.23472222222222,27.495238095238097
30,28,1,1,2,5,4,9,19.200396825396826,27.416666666666668
30,29,3,1,2,5,2,9,19.229365079365078,27.46785714285714
30,30,3,1,1,5,7,5,23.204960317460316,27.47857142857143
30,31,1,1,1,1,2,3,12.175396825396826,26.898809523809526
30,32,1,1,1,2,2,3,13.242857142857144,27.204761904761906
30,33,1,1,1,1,2,5,12.19047619047619,27.00595238095238
30,34,1,1,2,2,2,3,14.316468253968255,27.40595238095238
30,35,1,1,1,1,2,3,12.175396825396826,26.898809523809526
30,36,3,1,2,5,2,9,19.229365079365078,27.46785714285714
30,37,1,1,1,1,2,3,12.175396825396826,26.898809523809526
30,38,1,1,1,2,2,4,13.239880952380952,27.164285714285715
30,39,1,1,2,2,2,3,14.316468253968255,27.40595238095238
30,40,1,1,1,1,1,9,11.103769841269841,26.44642857142857
30,41,1,1,1,1,2,5,12.19047619047619,27.00595238095238
30,42,1,1,1,2,2,3,13.242857142857144,27.204761904761906
30,43,1,1,2,2,2,3,14.316468253968255,27.40595238095238
30,44,1,1,1,1,2,5,12.19047619047619,27.00595238095238
30,45,3,1,2,5,4,9,21.21825396825397,27.475
30,46,1,1,1,1,2,5,12.19047619047619,27.00595238095238
30,47,1,1,2,2,2,3,14.316468253968255,27.40595238095238
30,48,3,1,1,5,7,5,23.204960317460316,27.47857142857143
30,49,1,1,1,1,1,2,11.175992063492064,26.579761904761906
31,0,1,1,1,1,1,9,11.103769841269841,26.44642857142857
31,1,1,1,1,1,1,9,11.103769841269841,26.44642857142857
31,2,2,1,2,5,7,5,23.265873015873016,27.529761904761905
31,3,2,1,2,5,7,5,23.265873015873016,27.529761904761905
31,4,1,1,2,2,2,3,14.316468253968255,27.40595238095238
31,5,1,1,1,1,1,2,11.175992063492064,26.579761904761906
31,6,1,1,1,1,2,3,12.175396825396826,26.898809523809526
31,7,1,1,2,5,4,9,19.200396825396826,27.416666666666668
31,8,1,1,1,5,2,9,16.33452380952381,27.409523809523808
31,9,3,1,2,5,2,9,19.229365079365078,27.46785714285714
31,10,1,1,1,1,2,5,12.19047619047619,27.00595238095238
31,11,1,1,1,1,2,3,12.175396825396826,26.898809523809526
31,12,3,1,1,5,7,5,23.204960317460316,27.47857142857143
31,13,1,1,1,5,2,9,16.33452380952381,27.409523809523808
31,14,3,1,2,5,4,9,21.21825396825397,27.475
31,15,3,1,2,5,4,9,21.21825396825397,27.475
31,16,1,1,1,2,2,5,13.29702380952381,27.235714285714284
31,17,1,1,1,1,1,2,11.175992063492064,26.579761904761906
31,18,1,1,1,1,2,5,12.19047619047619,27.00595238095238
31,19,1,1,1,2,2,4,13.239880952380952,27.164285714285715
31,20,1,1,1,2,2,4,13.239880952380952,27.164285714285715
31,21,1,1,1,2,2,5,13.29702380952381,27.235714285714284
31,22,1,1,2,2,2,3,14.316468253968255,27.40595238095238
31,23,1,1,1,1,1,4,11.159722222222221,26.50595238095238
31,24,1,1,1,1,1,4,11.159722222222221,26.50595238095238
31,25,1,1,1,2,2,3,13.242857142857144,27.204761904761906
31,26,3,1,1,6,6,5,23.23472222222222,27.495238095238097
31,27,1,1,1,2,2,3,13.242857142857144,27.204761904761906
31,28,3,1,1,6,6,5,23.23472222222222,27.495238095238097
31,29,3,1,2,5,2,9,19.229365079365078,27.46785714285714
31,30,1,1,2,5,4,9,19.200396825396826,27.416666666666668
31,31,3,1,1,5,7,5,23.204960317460316,27.47857142857143
31,32,1,1,1,2,2,3,13.242857142857144,27.204761904761906
31,33,3,1,1,5,7,5,23.204960317460316,27.47857142857143
31,34,1,1,2,2,2,3,14.316468253968255,27.40595238095238
31,35,1,1,1,1,2,5,12.19047619047619,27.00595238095238
31,36,1,1,1,1,2,5,12.19047619047619,27.00595238095238
31,37,1,1,1,1,1,9,11.103769841269841,26.44642857142857
31,38,1,1,1,1,2,5,12.19047619047619,27.00595238095238
31,39,1,1,2,5,4,9,19.200396825396826,27.416666666666668
31,40,1,1,1,1,1,2,11.175992063492064,26.579761904761906
31,41,3,1,1,6,6,5,23.23472222222222,27.495238095238097
31,42,1,1,2,2,2,3,14.316468253968255,27.40595238095238
31,43,1,1,2,2,2,3,14.316468253968255,27.40595238095238
31,44,3,1,2,5,2,9,19.229365079365078,27.46785714285714
31,45,1,1,1,1,2,5,12.19047619047619,27.00595238095238
31,46,1,1,2,2,2,3,14.316468253968255,27.40595238095238
31,47,1,1,1,1,2,5,12.19047619047619,27.00595238095238
31,48,3,1,1,5,7,5,23.204960317460316,27.47857142857143
31,49,1,1,2,2,2,3,14.316468253968255,27.40595238095238
32,0,2,1,2,5,7,5,23.265873015873016,27.529761904761905
32,1,1,1,1,1,1,9,11.103769841269841,26.44642857142857
32,2,2,1,2,5,7,5,23.265873015873016,27.529761904761905
32,3,1,1,1,1,1,9,11.103769841269841,26.44642857142857
32,4,1,1,2,2,2,3,14.316468253968255,27.40595238095238
32,5,1,1,1,1,1,2,11.175992063492064,26.579761904761906
32,6,1,1,1,1,2,3,12.175396825396826,26.898809523809526
32,7,1,1,2,5,4,9,19.200396825396826,27.416666666666668
32,8,1,1,1,5,2,9,16.33452380952381,27.409523809523808
32,9,3,1,2,5,2,9,19.229365079365078,27.46785714285714
32,10,1,1,1,1,2,5,12.19047619047619,27.00595238095238
32,11,1,1,1,1,2,3,12.175396825396826,26.898809523809526
32,12,3,1,1,5,7,5,23.204960317460316,27.47857142857143
32,13,1,1,1,5,2,9,16.33452380952381,27.409523809523808
32,14,3,1,2,5,4,9,21.21825396825397,27.475
32,15,3,1,2,5,4,9,21.21825396825397,27.475
32,16,1,1,1,2,2,5,13.29702380952381,27.235714285714284
32,17,1,1,1,1,1,2,11.175992063492064,26.579761904761906
32,18,1,1,1,1,2,5,12.19047619047619,27.00595238095238
32,19,1,1,1,2,2,4,13.239880952380952,27.164285714285715
32,20,1,1,1,2,2,4,13.239880952380952,27.164285714285715
32,21,1,1,1,2,2,5,13.29702380952381,27.235714285714284
32,22,1,1,2,2,2,3,14.316468253968255,27.40595238095238
32,23,1,1,1,1,1,4,11.159722222222221,26.50595238095238
32,24,1,1,1,1,1,4,11.159722222222221,26.50595238095238
32,25,1,1,1,2,2,3,13.242857142857144,27.204761904761906
32,26,3,1,1,6,6,5,23.23472222222222,27.495238095238097
32,27,1,1,1,2,2,3,13.242857142857144,27.204761904761906
32,28,3,1,1,6,6,5,23.23472222222222,27.495238095238097
32,29,1,1,2,5,4,9,19.200396825396826,27.416666666666668
32,30,3,1,2,5,2,9,19.229365079365078,27.46785714285714
32,31,3,1,1,5,7,5,23.204960317460316,27.47857142857143
32,32,1,1,1,1,1,9,11.103769841269841,26.44642857142857
32,33,1,1,1,1,1,9,11.103769841269841,26.44642857142857
32,34,3,1,2,5,2,9,19.229365079365078,27.46785714285714
32,35,2,1,2,5,7,5,23.265873015873016,27.529761904761905
32,36,1,1,1,1,1,4,11.159722222222221,26.50595238095238
32,37,1,1,1,1,1,2,11.175992063492064,26.579761904761906
32,38,3,1,2,5,2,9,19.229365079365078,27.46785714285714
32,39,1,1,2,2,2,3,14.316468253968255,27.40595238095238
32,40,1,1,1,1,2,5,12.19047619047619,27.00595238095238
32,41,3,1,1,5,7,5,23.204960317460316,27.47857142857143
32,42,3,1,1,6,6,5,23.23472222222222,27.495238095238097
32,43,1,1,2,2,2,3,14.316468253968255,27.40595238095238
32,44,1,1,1,1,2,5,12.19047619047619,27.00595238095238
32,45,1,1,2,2,2,3,14.316468253968255,27.40595238095238
32,46,1,1,2,2,2,3,14.316468253968255,27.40595238095238
32,47,2,1,2,5,7,5,23.265873015873016,27.529761904761905
32,48,1,1,2,2,2,3,14.316468253968255,27.40595238095238
32,49,1,1,1,1,2,5,12.19047619047619,27.00595238095238
33,0,1,1,1,1,1,9,11.103769841269841,26.44642857142857
33,1,2,1,2,5,7,5,23.265873015873016,27.529761904761905
33,2,2,1,2,5,7,5,23.265873015873016,27.529761904761905
33,3,1,1,1,1,1,9,11.103769841269841,26.44642857142857
33,4,1,1,2,2,2,3,14.316468253968255,27.40595238095238
33,5,1,1,1,1,1,2,11.175992063492064,26.579761904761906
33,6,1,1,1,1,2,3,12.175396825396826,26.898809523809526
33,7,1,1,2,5,4,9,19.200396825396826,27.416666666666668
33,8,1,1,1,5,2,9,16.33452380952381,27.409523809523808
33,9,3,1,2,5,2,9,19.229365079365078,27.46785714285714
33,10,1,1,1,1,2,5,12.19047619047619,27.00595238095238
33,11,1,1,1,1,2,3,12.175396825396826,26.898809523809526
33,12,3,1,1,5,7,5,23.204960317460316,27.47857142857143
33,13,1,1,1,5,2,9,16.33452380952381,27.409523809523808
33,14,3,1,2,5,4,9,21.21825396825397,27.475
33,15,3,1,2,5,4,9,21.21825396825397,27.475
33,16,1,1,1,2,2,5,13.29702380952381,27.235714285714284
33,17,1,1,1,1,1,2,11.175992063492064,26.579761904761906
33,18,1,1,1,1,2,5,12.19047619047619,27.00595238095238
33,19,1,1,1,2,2,4,13.239880952380952,27.164285714285715
33,20,1,1,1,2,2,4,13.239880952380952,27.164285714285715
33,21,1,1,1,2,2,5,13.29702380952381,27.235714285714284
33,22,1,1,2,2,2,3,14.316468253968255,27.40595238095238
33,23,1,1,1,1,1,4,11.159722222222221,26.50595238095238
33,24,1,1,1,1,1,4,11.159722222222221,26.50595238095238
33,25,1,1,1,2,2,3,13.242857142857144,27.204761904761906
33,26,3,1,1,6,6,5,23.23472222222222,27.495238095238097
33,27,1,1,1,2,2,3,13.242857142857144,27.204761904761906
33,28,3,1,1,6,6,5,23.23472222222222,27.495238095238097
33,29,3,1,2,5,2,9,19.229365079365078,27.46785714285714
33,30,1,1,2,5,4,9,19.200396825396826,27.416666666666668
33,31,3,1,1,5,7,5,23.204960317460316,27.47857142857143
33,32,1,1,2,2,2,3,14.316468253968255,27.40595238095238
33,33,1,1,2,2,2,3,14.316468253968255,27.40595238095238
33,34,1,1,1,1,1,2,11.175992063492064,26.579761904761906
33,35,1,1,1,1,2,3,12.175396825396826,26.898809523809526
33,36,3,1,1,5,7,5,23.204960317460316,27.47857142857143
33,37,1,1,1,2,2,3,13.242857142857144,27.204761904761906
33,38,1,1,1,1,1,2,11.175992063492064,26.579761904761906
33,39,1,1,1,1,2,5,12.19047619047619,27.00595238095238
33,40,1,1,1,1,2,3,12.175396825396826,26.898809523809526
33,41,3,1,1,6,6,5,23.23472222222222,27.495238095238097
33,42,1,1,1,1,1,4,11.159722222222221,26.50595238095238
33,43,3,1,2,5,4,9,21.21825396825397,27.475
33,44,1,1,1,1,2,3,12.175396825396826,26.898809523809526
33,45,1,1,2,2,2,3,14.316468253968255,27.40595238095238
33,46,3,1,2,5,2,9,19.229365079365078,27.46785714285714
33,47,3,1,2,5,4,9,21.21825396825397,27.475
33,48,3,1,2,5,4,9,21.21825396825397,27.475
33,49,1,1,1,1,2,3,12.175396825396826,26.898809523809526
34,0,1,1,1,1,1,9,11.103769841269841,26.44642857142857
34,1,2,1,2,5,7,5,23.265873015873016,27.529761904761905
34,2,1,1,1,1,1,9,11.103769841269841,26.44642857142857
34,3,2,1,2,5,7,5,23.265873015873016,27.529761904761905
34,4,1,1,2,1,1,3,12.141865079365079,26.58809523809524
34,5,1,1,2,2,2,3,14.316468253968255,27.40595238095238
34,6,1,1,1,1,2,3,12.175396825396826,26.898809523809526
34,7,1,1,2,5,4,9,19.200396825396826,27.416666666666668
34,8,1,1,1,5,2,9,16.33452380952381,27.409523809523808
34,9,3,1,2,5,2,9,19.229365079365078,27.46785714285714
34,10,1,1,1,1,2,5,12.19047619047619,27.00595238095238
34,11,3,1,1,5,7,5,23.204960317460316,27.47857142857143
34,12,1,1,1,5,2,9,16.33452380952381,27.409523809523808
34,13,3,1,2,5,4,9,21.21825396825397,27.475
34,14,3,1,2,5,4,9,21.21825396825397,27.475
34,15,1,1,1,2,2,5,13.29702380952381,27.235714285714284
34,16,1,1,1,1,1,2,11.175992063492064,26.579761904761906
34,17,1,1,1,1,2,5,12.19047619047619,27.00595238095238
34,18,1,1,1,2,2,4,13.239880952380952,27.164285714285715
34,19,1,1,1,2,2,4,13.239880952380952,27.164285714285715
34,20,1,1,1,2,2,5,13.29702380952381,27.235714285714284
34,21,1,1,1,1,2,3,12.175396825396826,26.898809523809526
34,22,1,1,2,2,2,3,14.316468253968255,27.40595238095238
34,23,1,1,1,1,1,4,11.159722222222221,26.50595238095238
34,24,1,1,1,1,1,4,11.159722222222221,26.50595238095238
34,25,1,1,1,2,2,3,13.242857142857144,27.204761904761906
34,26,3,1,1,6,6,5,23.23472222222222,27.495238095238097
34,27,1,1,1,2,2,3,13.242857142857144,27.204761904761906
34,28,3,1,1,6,6,5,23.23472222222222,27.495238095238097
34,29,1,1,1,1,1,2,11.175992063492064,26.579761904761906
34,30,3,1,2,5,2,9,19.229365079365078,27.46785714285714
34,31,1,1,2,5,4,9,19.200396825396826,27.416666666666668
34,32,3,1,1,5,7,5,23.204960317460316,27.47857142857143
34,33,1,1,1,1,1,4,11.159722222222221,26.50595238095238
34,34,1,1,2,2,2,3,14.316468253968255,27.40595238095238
34,35,3,1,1,6,6,5,23.23472222222222,27.495238095238097
34,36,3,1,1,5,7,5,23.204960317460316,27.47857142857143
34,37,1,1,1,1,1,2,11.175992063492064,26.579761904761906
34,38,1,1,1,1,2,3,12.175396825396826,26.898809523809526
34,39,3,1,2,5,4,9,21.21825396825397,27.475
34,40,1,1,1,2,2,3,13.242857142857144,27.204761904761906
34,41,1,1,2,5,4,9,19.200396825396826,27.416666666666668
34,42,1,1,1,1,2,3,12.175396825396826,26.898809523809526
34,43,3,1,1,5,7,5,23.204960317460316,27.47857142857143
34,44,1,1,1,1,2,5,12.19047619047619,27.00595238095238
34,45,1,1,2,2,2,3,14.316468253968255,27.40595238095238
34,46,1,1,1,1,2,3,12.175396825396826,26.898809523809526
34,47,3,1,2,5,4,9,21.21825396825397,27.475
34,48,1,1,1,1,2,3,12.175396825396826,26.898809523809526
34,49,1,1,1,1,1,4,11.159722222222221,26.50595238095238
35,0,2,1,2,5,7,5,23.265873015873016,27.529761904761905
35,1,1,1,1,1,1,9,11.103769841269841,26.44642857142857
35,2,2,1,2,5,7,5,23.265873015873016,27.529761904761905
35,3,1,1,1,1,1,9,11.103769841269841,26.44642857142857
35,4,1,1,2,1,1,3,12.141865079365079,26.58809523809524
35,5,1,1,2,2,2,3,14.316468253968255,27.40595238095238
35,6,1,1,1,1,2,3,12.175396825396826,26.898809523809526
35,7,1,1,2,5,4,9,19.200396825396826,27.416666666666668
35,8,1,1,1,5,2,9,16.33452380952381,27.409523809523808
35,9,3,1,2,5,2,9,19.229365079365078,27.46785714285714
35,10,1,1,1,1,2,5,12.19047619047619,27.00595238095238
35,11,3,1,1,5,7,5,23.204960317460316,27.47857142857143
35,12,1,1,1,5,2,9,16.33452380952381,27.409523809523808
35,13,3,1,2,5,4,9,21.21825396825397,27.475
35,14,3,1,2,5,4,9,21.21825396825397,27.475
35,15,1,1,1,2,2,5,13.29702380952381,27.235714285714284
35,16,1,1,1,1,1,2,11.175992063492064,26.579761904761906
35,17,1,1,1,1,2,5,12.19047619047619,27.00595238095238
35,18,1,1,1,2,2,4,13.239880952380952,27.164285714285715
35,19,1,1,1,2,2,4,13.239880952380952,27.164285714285715
35,20,1,1,1,2,2,5,13.29702380952381,27.235714285714284
35,21,1,1,1,1,2,3,12.175396825396826,26.898809523809526
35,22,1,1,2,2,2,3,14.316468253968255,27.40595238095238
35,23,1,1,1,1,1,4,11.159722222222221,26.50595238095238
35,24,1,1,1,1,1,4,11.159722222222221,26.50595238095238
35,25,1,1,1,2,2,3,13.242857142857144,27.204761904761906
35,26,3,1,1,6,6,5,23.23472222222222,27.495238095238097
35,27,1,1,1,2,2,3,13.242857142857144,27.204761904761906
35,28,3,1,1,6,6,5,23.23472222222222,27.495238095238097
35,29,1,1,2,1,1,3,12.141865079365079,26.58809523809524
35,30,1,1,1,1,1,2,11.175992063492064,26.579761904761906
35,31,3,1,2,5,2,9,19.229365079365078,27.46785714285714
35,32,1,1,2,5,4,9,19.200396825396826,27.416666666666668
35,33,3,1,1,5,7,5,23.204960317460316,27.47857142857143
35,34,3,1,1,5,7,5,23.204960317460316,27.47857142857143
35,35,1,1,1,2,2,5,13.29702380952381,27.235714285714284
35,36,1,1,1,2,2,4,13.239880952380952,27.164285714285715
35,37,1,1,1,1,2,5,12.19047619047619,27.00595238095238
35,38,3,1,1,6,6,5,23.23472222222222,27.495238095238097
35,39,1,1,1,2,2,5,13.29702380952381,27.235714285714284
35,40,1,1,1,1,1,4,11.159722222222221,26.50595238095238
35,41,1,1,2,5,4,9,19.200396825396826,27.416666666666668
35,42,1,1,1,1,2,5,12.19047619047619,27.00595238095238
35,43,1,1,1,1,2,3,12.175396825396826,26.898809523809526
35,44,1,1,2,5,4,9,19.200396825396826,27.416666666666668
35,45,3,1,2,5,4,9,21.21825396825397,27.475
35,46,3,1,2,5,4,9,21.21825396825397,27.475
35,47,1,1,1,1,1,4,11.159722222222221,26.50595238095238
35,48,3,1,2,5,4,9,21.21825396825397,27.475
35,49,1,1,1,1,2,3,12.175396825396826,26.898809523809526
36,0,2,1,2,5,7,5,23.265873015873016,27.529761904761905
36,1,1,1,1,1,1,9,11.103769841269841,26.44642857142857
36,2,1,1,1,1,1,9,11.103769841269841,26.44642857142857
36,3,2,1,2,5,7,5,23.265873015873016,27.529761904761905
36,4,1,1,2,1,1,3,12.141865079365079,26.58809523809524
36,5,1,1,2,2,2,3,14.316468253968255,27.40595238095238
36,6,1,1,1,1,2,3,12.175396825396826,26.898809523809526
36,7,1,1,2,5,4,9,19.200396825396826,27.416666666666668
36,8,1,1,1,5,2,9,16.33452380952381,27.409523809523808
36,9,3,1,2,5,2,9,19.229365079365078,27.46785714285714
36,10,1,1,1,1,2,5,12.19047619047619,27.00595238095238
36,11,3,1,1,5,7,5,23.204960317460316,27.47857142857143
36,12,1,1,1,5,2,9,16.33452380952381,27.409523809523808
36,13,3,1,2,5,4,9,21.21825396825397,27.475
36,14,3,1,2,5,4,9,21.21825396825397,27.475
36,15,1,1,1,2,2,5,13.29702380952381,27.235714285714284
36,16,1,1,1,1,1,2,11.175992063492064,26.579761904761906
36,17,1,1,1,1,2,5,12.19047619047619,27.00595238095238
36,18,1,1,1,2,2,4,13.239880952380952,27.164285714285715
36,19,1,1,1,2,2,4,13.239880952380952,27.164285714285715
36,20,1,1,1,2,2,5,13.29702380952381,27.235714285714284
36,21,1,1,1,1,2,3,12.175396825396826,26.898809523809526
36,22,1,1,2,2,2,3,14.316468253968255,27.40595238095238
36,23,1,1,1,1,1,4,11.159722222222221,26.50595238095238
36,24,1,1,1,1,1,4,11.159722222222221,26.50595238095238
36,25,1,1,1,2,2,3,13.242857142857144,27.204761904761906
36,26,3,1,1,6,6,5,23.23472222222222,27.495238095238097
36,27,1,1,1,2,2,3,13.242857142857144,27.204761904761906
36,28,3,1,1,6,6,5,23.23472222222222,27.495238095238097
36,29,1,1,2,1,1,3,12.141865079365079,26.58809523809524
36,30,1,1,1,1,1,2,11.175992063492064,26.579761904761906
36,31,3,1,2,5,2,9,19.229365079365078,27.46785714285714
36,32,1,1,2,5,4,9,19.200396825396826,27.416666666666668
36,33,3,1,1,5,7,5,23.204960317460316,27.47857142857143
36,34,3,1,2,5,4,9,21.21825396825397,27.475
36,35,1,1,1,1,2,3,12.175396825396826,26.898809523809526
36,36,3,1,1,5,7,5,23.204960317460316,27.47857142857143
36,37,2,1,2,5,7,5,23.265873015873016,27.529761904761905
36,38,1,1,1,1,2,5,12.19047619047619,27.00595238095238
36,39,3,1,1,6,6,5,23.23472222222222,27.495238095238097
36,40,1,1,1,1,2,3,12.175396825396826,26.898809523809526
36,41,1,1,1,1,2,5,12.19047619047619,27.00595238095238
36,42,3,1,1,5,7,5,23.204960317460316,27.47857142857143
36,43,1,1,1,2,2,3,13.242857142857144,27.204761904761906
36,44,1,1,1,2,2,3,13.242857142857144,27.204761904761906
36,45,3,1,2,5,4,9,21.21825396825397,27.475
36,46,1,1,1,1,2,5,12.19047619047619,27.00595238095238
36,47,1,1,1,1,2,5,12.19047619047619,27.00595238095238
36,48,1,1,2,5,4,9,19.200396825396826,27.416666666666668
36,49,1,1,1,1,2,3,12.175396825396826,26.898809523809526
37,0,1,1,1,1,1,9,11.103769841269841,26.44642857142857
37,1,1,1,1,1,1,9,11.103769841269841,26.44642857142857
37,2,2,1,2,5,7,5,23.265873015873016,27.529761904761905
37,3,2,1,2,5,7,5,23.265873015873016,27.529761904761905
37,4,1,1,2,1,1,3,12.141865079365079,26.58809523809524
37,5,1,1,2,2,2,3,14.316468253968255,27.40595238095238
37,6,1,1,1,1,2,3,12.175396825396826,26.898809523809526
37,7,1,1,2,5,4,9,19.200396825396826,27.416666666666668
37,8,1,1,1,5,2,9,16.33452380952381,27.409523809523808
37,9,3,1,2,5,2,9,19.229365079365078,27.46785714285714
37,10,1,1,1,1,2,5,12.19047619047619,27.00595238095238
37,11,3,1,1,5,7,5,23.204960317460316,27.47857142857143
37,12,1,1,1,5,2,9,16.33452380952381,27.409523809523808
37,13,3,1,2,5,4,9,21.21825396825397,27.475
37,14,3,1,2,5,4,9,21.21825396825397,27.475
37,15,1,1,1,2,2,5,13.29702380952381,27.235714285714284
37,16,1,1,1,1,1,2,11.175992063492064,26.579761904761906
37,17,1,1,1,1,2,5,12.19047619047619,27.00595238095238
37,18,1,1,1,2,2,4,13.239880952380952,27.164285714285715
37,19,1,1,1,2,2,4,13.239880952380952,27.164285714285715
37,20,1,1,1,2,2,5,13.29702380952381,27.235714285714284
37,21,1,1,1,1,2,3,12.175396825396826,26.898809523809526
37,22,1,1,2,2,2,3,14.316468253968255,27.40595238095238
37,23,1,1,1,1,1,4,11.159722222222221,26.50595238095238
37,24,1,1,1,1,1,4,11.159722222222221,26.50595238095238
37,25,1,1,1,2,2,3,13.242857142857144,27.204761904761906
37,26,3,1,1,6,6,5,23.23472222222222,27.495238095238097
37,27,1,1,1,2,2,3,13.242857142857144,27.204761904761906
37,28,3,1,1,6,6,5,23.23472222222222,27.495238095238097
37,29,1,1,2,1,1,3,12.141865079365079,26.58809523809524
37,30,1,1,1,1,1,2,11.175992063492064,26.579761904761906
37,31,1,1,2,5,4,9,19.200396825396826,27.416666666666668
37,32,3,1,2,5,2,9,19.229365079365078,27.46785714285714
37,33,3,1,1,5,7,5,23.204960317460316,27.47857142857143
37,34,1,1,1,2,2,3,13.242857142857144,27.204761904761906
37,35,1,1,1,1,1,4,11.159722222222221,26.50595238095238
37,36,1,1,1,1,1,4,11.159722222222221,26.50595238095238
37,37,1,1,1,1,1,9,11.103769841269841,26.44642857142857
37,38,1,1,2,1,1,3,12.141865079365079,26.58809523809524
37,39,1,1,1,2,2,5,13.29702380952381,27.235714285714284
37,40,3,1,1,5,7,5,23.204960317460316,27.47857142857143
37,41,1,1,2,1,1,3,12.141865079365079,26.58809523809524
37,42,1,1,1,2,2,3,13.242857142857144,27.204761904761906
37,43,1,1,1,2,2,3,13.242857142857144,27.204761904761906
37,44,1,1,1,1,2,5,12.19047619047619,27.00595238095238
37,45,1,1,1,1,2,5,12.19047619047619,27.00595238095238
37,46,1,1,1,1,2,3,12.175396825396826,26.898809523809526
37,47,3,1,1,6,6,5,23.23472222222222,27.495238095238097
37,48,1,1,1,2,2,3,13.242857142857144,27.204761904761906
37,49,1,1,1,1,2,5,12.19047619047619,27.00595238095238
38,0,2,1,2,5,7,5,23.265873015873016,27.529761904761905
38,1,2,1,2,5,7,5,23.265873015873016,27.529761904761905
38,2,1,1,1,1,1,9,11.103769841269841,26.44642857142857
38,3,1,1,1,1,1,9,11.103769841269841,26.44642857142857
38,4,1,1,2,1,1,3,12.141865079365079,26.58809523809524
38,5,1,1,2,2,2,3,14.316468253968255,27.40595238095238
38,6,1,1,1,1,2,3,12.175396825396826,26.898809523809526
38,7,1,1,2,5,4,9,19.200396825396826,27.416666666666668
38,8,1,1,1,5,2,9,16.33452380952381,27.409523809523808
38,9,3,1,2,5,2,9,19.229365079365078,27.46785714285714
38,10,1,1,1,1,2,5,12.19047619047619,27.00595238095238
38,11,3,1,1,5,7,5,23.204960317460316,27.47857142857143
38,12,1,1,1,5,2,9,16.33452380952381,27.409523809523808
38,13,3,1,2,5,4,9,21.21825396825397,27.475
38,14,3,1,2,5,4,9,21.21825396825397,27.475
38,15,1,1,1,2,2,5,13.29702380952381,27.235714285714284
38,16,1,1,1,1,1,2,11.175992063492064,26.579761904761906
38,17,1,1,1,1,2,5,12.19047619047619,27.00595238095238
38,18,1,1,1,2,2,4,13.239880952380952,27.164285714285715
38,19,1,1,1,2,2,4,13.239880952380952,27.164285714285715
38,20,1,1,1,2,2,5,13.29702380952381,27.235714285714284
38,21,1,1,1,1,2,3,12.175396825396826,26.898809523809526
38,22,1,1,2,2,2,3,14.316468253968255,27.40595238095238
38,23,1,1,1,1,1,4,11.159722222222221,26.50595238095238
38,24,1,1,1,1,1,4,11.159722222222221,26.50595238095238
38,25,1,1,1,2,2,3,13.242857142857144,27.204761904761906
38,26,3,1,1,6,6,5,23.23472222222222,27.495238095238097
38,27,1,1,1,2,2,3,13.242857142857144,27.204761904761906
38,28,3,1,1,6,6,5,23.23472222222222,27.495238095238097
38,29,1,1,2,1,1,3,12.141865079365079,26.58809523809524
38,30,1,1,1,1,1,2,11.175992063492064,26.579761904761906
38,31,3,1,2,5,2,9,19.229365079365078,27.46785714285714
38,32,1,1,2,5,4,9,19.200396825396826,27.416666666666668
38,33,3,1,1,5,7,5,23.204960317460316,27.47857142857143
38,34,3,1,1,5,7,5,23.204960317460316,27.47857142857143
38,35,1,1,1,1,2,5,12.19047619047619,27.00595238095238
38,36,1,1,1,1,2,5,12.19047619047619,27.00595238095238
38,37,1,1,1,1,2,5,12.19047619047619,27.00595238095238
38,38,1,1,1,2,2,3,13.242857142857144,27.204761904761906
38,39,1,1,2,1,1,3,12.141865079365079,26.58809523809524
38,40,1,1,1,1,1,2,11.175992063492064,26.579761904761906
38,41,1,1,1,1,2,3,12.175396825396826,26.898809523809526
38,42,1,1,1,2,2,3,13.242857142857144,27.204761904761906
38,43,3,1,1,6,6,5,23.23472222222222,27.495238095238097
38,44,1,1,2,1,1,3,12.141865079365079,26.58809523809524
38,45,1,1,1,2,2,3,13.242857142857144,27.204761904761906
38,46,2,1,2,5,7,5,23.265873015873016,27.529761904761905
38,47,1,1,1,1,2,3,12.175396825396826,26.898809523809526
38,48,1,1,2,2,2,3,14.316468253968255,27.40595238095238
38,49,3,1,1,6,6,5,23.23472222222222,27.495238095238097
39,0,2,1,2,5,7,5,23.265873015873016,27.529761904761905
39,1,1,1,1,1,1,9,11.103769841269841,26.44642857142857
39,2,1,1,1,1,1,9,11.103769841269841,26.44642857142857
39,3,2,1,2,5,7,5,23.265873015873016,27.529761904761905
39,4,1,1,2,1,1,3,12.141865079365079,26.58809523809524
39,5,1,1,2,2,2,3,14.316468253968255,27.40595238095238
39,6,1,1,1,1,2,3,12.175396825396826,26.898809523809526
39,7,1,1,2,5,4,9,19.200396825396826,27.416666666666668
39,8,1,1,1,5,2,9,16.33452380952381,27.409523809523808
39,9,3,1,2,5,2,9,19.229365079365078,27.46785714285714
39,10,1,1,1,1,2,5,12.19047619047619,27.00595238095238
39,11,3,1,1,5,7,5,23.204960317460316,27.47857142857143
39,12,1,1,1,5,2,9,16.33452380952381,27.409523809523808
39,13,3,1,2,5,4,9,21.21825396825397,27.475
39,14,3,1,2,5,4,9,21.21825396825397,27.475
39,15,1,1,1,2,2,5,13.29702380952381,27.235714285714284
39,16,1,1,1,1,1,2,11.175992063492064,26.579761904761906
39,17,1,1,1,1,2,5,12.19047619047619,27.00595238095238
39,18,1,1,1,2,2,4,13.239880952380952,27.164285714285715
39,19,1,1,1,2,2,4,13.239880952380952,27.164285714285715
39,20,1,1,1,2,2,5,13.29702380952381,27.235714285714284
39,21,1,1,1,1,2,3,12.175396825396826,26.898809523809526
39,22,1,1,2,2,2,3,14.316468253968255,27.40595238095238
39,23,1,1,1,1,1,4,11.159722222222221,26.50595238095238
39,24,1,1,1,1,1,4,11.159722222222221,26.50595238095238
39,25,1,1,1,2,2,3,13.242857142857144,27.204761904761906
39,26,3,1,1,6,6,5,23.23472222222222,27.495238095238097
39,27,1,1,1,2,2,3,13.242857142857144,27.204761904761906
39,28,3,1,1,6,6,5,23.23472222222222,27.495238095238097
39,29,1,1,2,1,1,3,12.141865079365079,26.58809523809524
39,30,1,1,1,1,1,2,11.175992063492064,26.579761904761906
39,31,3,1,2,5,2,9,19.229365079365078,27.46785714285714
39,32,1,1,2,5,4,9,19.200396825396826,27.416666666666668
39,33,3,1,1,5,7,5,23.204960317460316,27.47857142857143
39,34,3,1,1,6,6,5,23.23472222222222,27.495238095238097
39,35,1,1,2,2,2,3,14.316468253968255,27.40595238095238
39,36,1,1,1,1,2,5,12.19047619047619,27.00595238095238
39,37,1,1,2,5,4,9,19.200396825396826,27.416666666666668
39,38,1,1,1,5,2,9,16.33452380952381,27.409523809523808
39,39,3,1,1,5,7,5,23.204960317460316,27.47857142857143
39,40,1,1,1,2,2,3,13.242857142857144,27.204761904761906
39,41,1,1,1,2,2,3,13.242857142857144,27.204761904761906
39,42,3,1,2,5,4,9,21.21825396825397,27.475
39,43,1,1,1,5,2,9,16.33452380952381,27.409523809523808
39,44,1,1,1,1,2,5,12.19047619047619,27.00595238095238
39,45,1,1,1,2,2,3,13.242857142857144,27.204761904761906
39,46,1,1,2,2,2,3,14.316468253968255,27.40595238095238
39,47,1,1,1,2,2,3,13.242857142857144,27.204761904761906
39,48,3,1,1,5,7,5,23.204960317460316,27.47857142857143
39,49,3,1,1,6,6,5,23.23472222222222,27.495238095238097
40,0,1,1,1,1,1,9,11.103769841269841,26.44642857142857
40,1,2,1,2,5,7,5,23.265873015873016,27.529761904761905
40,2,1,1,1,1,1,9,11.103769841269841,26.44642857142857
40,3,2,1,2,5,7,5,23.265873015873016,27.529761904761905
40,4,1,1,2,1,1,3,12.141865079365079,26.58809523809524
40,5,1,1,2,2,2,3,14.316468253968255,27.40595238095238
40,6,1,1,1,1,2,3,12.175396825396826,26.898809523809526
40,7,1,1,2,5,4,9,19.200396825396826,27.416666666666668
40,8,1,1,1,5,2,9,16.33452380952381,27.409523809523808
40,9,3,1,2,5,2,9,19.229365079365078,27.46785714285714
40,10,1,1,1,1,2,5,12.19047619047619,27.00595238095238
40,11,3,1,1,5,7,5,23.204960317460316,27.47857142857143
40,12,1,1,1,5,2,9,16.33452380952381,27.409523809523808
40,13,3,1,2,5,4,9,21.21825396825397,27.475
40,14,3,1,2,5,4,9,21.21825396825397,27.475
40,15,1,1,1,2,2,5,13.29702380952381,27.235714285714284
40,16,1,1,1,1,1,2,11.175992063492064,26.579761904761906
40,17,1,1,1,1,2,5,12.19047619047619,27.00595238095238
40,18,1,1,1,2,2,4,13.239880952380952,27.164285714285715
40,19,1,1,1,2,2,4,13.239880952380952,27.164285714285715
40,20,1,1,1,2,2,5,13.29702380952381,27.235714285714284
40,21,1,1,1,1,2,3,12.175396825396826,26.898809523809526
40,22,1,1,2,2,2,3,14.316468253968255,27.40595238095238
40,23,1,1,1,1,1,4,11.159722222222221,26.50595238095238
40,24,1,1,1,1,1,4,11.159722222222221,26.50595238095238
40,25,1,1,1,2,2,3,13.242857142857144,27.204761904761906
40,26,3,1,1,6,6,5,23.23472222222222,27.495238095238097
40,27,1,1,1,2,2,3,13.242857142857144,27.204761904761906
40,28,3,1,1,6,6,5,23.23472222222222,27.495238095238097
40,29,1,1,2,1,1,3,12.141865079365079,26.58809523809524
40,30,1,1,1,1,1,2,11.175992063492064,26.579761904761906
40,31,1,1,2,5,4,9,19.200396825396826,27.416666666666668
40,32,3,1,2,5,2,9,19.229365079365078,27.46785714285714
40,33,3,1,1,5,7,5,23.204960317460316,27.47857142857143
40,34,3,1,1,5,7,5,23.204960317460316,27.47857142857143
40,35,1,1,1,1,2,3,12.175396825396826,26.898809523809526
40,36,1,1,1,5,2,9,16.33452380952381,27.409523809523808
40,37,1,1,1,1,1,9,11.103769841269841,26.44642857142857
40,38,1,1,2,2,2,3,14.316468253968255,27.40595238095238
40,39,1,1,1,1,1,9,11.103769841269841,26.44642857142857
40,40,1,1,1,1,2,5,12.19047619047619,27.00595238095238
40,41,1,1,1,2,2,3,13.242857142857144,27.204761904761906
40,42,1,1,1,2,2,3,13.242857142857144,27.204761904761906
40,43,2,1,2,5,7,5,23.265873015873016,27.529761904761905
40,44,3,1,1,5,7,5,23.204960317460316,27.47857142857143
40,45,1,1,1,1,1,4,11.159722222222221,26.50595238095238
40,46,1,1,1,2,2,3,13.242857142857144,27.204761904761906
40,47,1,1,1,1,2,3,12.175396825396826,26.898809523809526
40,48,3,1,2,5,4,9,21.21825396825397,27.475
40,49,3,1,2,5,4,9,21.21825396825397,27.475
41,0,1,1,1,1,1,9,11.103769841269841,26.44642857142857
41,1,1,1,1,1,1,9,11.103769841269841,26.44642857142857
41,2,2,1,2,5,7,5,23.265873015873016,27.529761904761905
41,3,2,1,2,5,7,5,23.265873015873016,27.529761904761905
41,4,1,1,2,1,1,3,12.141865079365079,26.58809523809524
41,5,1,1,2,2,2,3,14.316468253968255,27.40595238095238
41,6,1,1,1,1,2,3,12.175396825396826,26.898809523809526
41,7,1,1,2,5,4,9,19.200396825396826,27.416666666666668
41,8,1,1,1,5,2,9,16.33452380952381,27.409523809523808
41,9,3,1,2,5,2,9,19.229365079365078,27.46785714285714
41,10,1,1,1,1,2,5,12.19047619047619,27.00595238095238
41,11,3,1,1,5,7,5,23.204960317460316,27.47857142857143
41,12,1,1,1,5,2,9,16.33452380952381,27.409523809523808
41,13,3,1,2,5,4,9,21.21825396825397,27.475
41,14,3,1,2,5,4,9,21.21825396825397,27.475
41,15,1,1,1,2,2,5,13.29702380952381,27.235714285714284
41,16,1,1,1,1,1,2,11.175992063492064,26.579761904761906
41,17,1,1,1,1,2,5,12.19047619047619,27.00595238095238
41,18,1,1,1,2,2,4,13.239880952380952,27.164285714285715
41,19,1,1,1,2,2,4,13.239880952380952,27.164285714285715
41,20,1,1,1,2,2,5,13.29702380952381,27.235714285714284
41,21,1,1,1,1,2,3,12.175396825396826,26.898809523809526
41,22,1,1,2,2,2,3,14.316468253968255,27.40595238095238
41,23,1,1,1,1,1,4,11.159722222222221,26.50595238095238
41,24,1,1,1,1,1,4,11.159722222222221,26.50595238095238
41,25,1,1,1,2,2,3,13.242857142857144,27.204761904761906
41,26,3,1,1,6,6,5,23.23472222222222,27.495238095238097
41,27,1,1,1,2,2,3,13.242857142857144,27.204761904761906
41,28,3,1,1,6,6,5,23.23472222222222,27.495238095238097
41,29,1,1,2,1,1,3,12.141865079365079,26.58809523809524
41,30,1,1,1,1,1,2,11.175992063492064,26.579761904761906
41,31,3,1,2,5,2,9,19.229365079365078,27.46785714285714
41,32,1,1,2,5,4,9,19.200396825396826,27.416666666666668
41,33,3,1,1,5,7,5,23.204960317460316,27.47857142857143
41,34,1,1,1,1,1,9,11.103769841269841,26.44642857142857
41,35,1,1,1,1,1,9,11.103769841269841,26.44642857142857
41,36,1,1,2,5,4,9,19.200396825396826,27.416666666666668
41,37,1,1,1,5,2,9,16.33452380952381,27.409523809523808
41,38,1,1,1,2,2,3,13.242857142857144,27.204761904761906
41,39,3,1,1,5,7,5,23.204960317460316,27.47857142857143
41,40,1,1,1,1,1,4,11.159722222222221,26.50595238095238
41,41,1,1,1,1,1,9,11.103769841269841,26.44642857142857
41,42,1,1,1,1,1,2,11.175992063492064,26.579761904761906
41,43,1,1,1,5,2,9,16.33452380952381,27.409523809523808
41,44,1,1,1,2,2,3,13.242857142857144,27.204761904761906
41,45,1,1,1,5,2,9,16.33452380952381,27.409523809523808
41,46,1,1,1,1,2,5,12.19047619047619,27.00595238095238
41,47,1,1,2,2,2,3,14.316468253968255,27.40595238095238
41,48,1,1,2,5,4,9,19.200396825396826,27.416666666666668
41,49,1,1,1,2,2,3,13.242857142857144,27.204761904761906
42,0,2,1,2,5,7,5,23.265873015873016,27.529761904761905
42,1,2,1,2,5,7,5,23.265873015873016,27.529761904761905
42,2,1,1,1,1,1,9,11.103769841269841,26.44642857142857
42,3,1,1,1,1,1,9,11.103769841269841,26.44642857142857
42,4,1,1,2,1,1,3,12.141865079365079,26.58809523809524
42,5,1,1,2,2,2,3,14.316468253968255,27.40595238095238
42,6,1,1,1,1,2,3,12.175396825396826,26.898809523809526
42,7,1,1,2,5,4,9,19.200396825396826,27.416666666666668
42,8,1,1,1,5,2,9,16.33452380952381,27.409523809523808
42,9,3,1,2,5,2,9,19.229365079365078,27.46785714285714
42,10,1,1,1,1,2,5,12.19047619047619,27.00595238095238
42,11,3,1,1,5,7,5,23.204960317460316,27.47857142857143
42,12,1,1,1,5,2,9,16.33452380952381,27.409523809523808
42,13,3,1,2,5,4,9,21.21825396825397,27.475
42,14,3,1,2,5,4,9,21.21825396825397,27.475
42,15,1,1,1,2,2,5,13.29702380952381,27.235714285714284
42,16,1,1,1,1,1,2,11.175992063492064,26.579761904761906
42,17,1,1,1,1,2,5,12.19047619047619,27.00595238095238
42,18,1,1,1,2,2,4,13.239880952380952,27.164285714285715
42,19,1,1,1,2,2,4,13.239880952380952,27.164285714285715
42,20,1,1,1,2,2,5,13.29702380952381,27.235714285714284
42,21,1,1,1,1,2,3,12.175396825396826,26.898809523809526
42,22,1,1,2,2,2,3,14.316468253968255,27.40595238095238
42,23,1,1,1,1,1,4,11.159722222222221,26.50595238095238
42,24,1,1,1,1,1,4,11.159722222222221,26.50595238095238
42,25,1,1,1,2,2,3,13.242857142857144,27.204761904761906
42,26,3,1,1,6,6,5,23.23472222222222,27.495238095238097
42,27,1,1,1,2,2,3,13.242857142857144,27.204761904761906
42,28,3,1,1,6,6,5,23.23472222222222,27.495238095238097
42,29,1,1,2,1,1,3,12.141865079365079,26.58809523809524
42,30,1,1,1,1,1,2,11.175992063492064,26.579761904761906
42,31,1,1,2,5,4,9,19.200396825396826,27.416666666666668
42,32,3,1,2,5,2,9,19.229365079365078,27.46785714285714
42,33,3,1,1,5,7,5,23.204960317460316,27.47857142857143
42,34,1,1,1,5,2,9,16.33452380952381,27.409523809523808
42,35,1,1,2,2,2,3,14.316468253968255,27.40595238095238
42,36,1,1,1,5,2,9,16.33452380952381,27.409523809523808
42,37,1,1,1,2,2,5,13.29702380952381,27.235714285714284
42,38,1,1,1,2,2,3,13.242857142857144,27.204761904761906
42,39,3,1,1,5,7,5,23.204960317460316,27.47857142857143
42,40,1,1,2,5,4,9,19.200396825396826,27.416666666666668
42,41,1,1,2,2,2,3,14.316468253968255,27.40595238095238
42,42,1,1,2,1,1,3,12.141865079365079,26.58809523809524
42,43,1,1,1,1,2,3,12.175396825396826,26.898809523809526
42,44,1,1,2,5,4,9,19.200396825396826,27.416666666666668
42,45,1,1,2,5,4,9,19.200396825396826,27.416666666666668
42,46,1,1,1,2,2,3,13.242857142857144,27.204761904761906
42,47,1,1,1,1,2,5,12.19047619047619,27.00595238095238
42,48,1,1,1,2,2,4,13.239880952380952,27.164285714285715
42,49,1,1,1,5,2,9,16.33452380952381,27.409523809523808
43,0,1,1,1,1,1,9,11.103769841269841,26.44642857142857
43,1,2,1,2,5,7,5,23.265873015873016,27.529761904761905
43,2,1,1,1,1,1,9,11.103769841269841,26.44642857142857
43,3,2,1,2,5,7,5,23.265873015873016,27.529761904761905
43,4,1,1,2,1,1,3,12.141865079365079,26.58809523809524
43,5,1,1,2,2,2,3,14.316468253968255,27.40595238095238
43,6,1,1,1,1,2,3,12.175396825396826,26.898809523809526
43,7,1,1,2,5,4,9,19.200396825396826,27.416666666666668
43,8,1,1,1,5,2,9,16.33452380952381,27.409523809523808
43,9,1,1,1,5,7,9,21.356944444444444,27.50357142857143
43,10,3,1,2,5,2,9,19.229365079365078,27.46785714285714
43,11,3,1,2,5,4,9,21.21825396825397,27.475
43,12,1,1,1,1,2,5,12.19047619047619,27.00595238095238
43,13,1,1,1,5,2,9,16.33452380952381,27.409523809523808
43,14,1,1,1,2,2,5,13.29702380952381,27.235714285714284
43,15,1,1,1,1,1,2,11.175992063492064,26.579761904761906
43,16,1,1,1,1,2,5,12.19047619047619,27.00595238095238
43,17,1,1,1,2,2,4,13.239880952380952,27.164285714285715
43,18,1,1,1,2,2,4,13.239880952380952,27.164285714285715
43,19,1,1,1,2,2,5,13.29702380952381,27.235714285714284
43,20,1,1,1,1,2,3,12.175396825396826,26.898809523809526
43,21,1,1,2,2,2,3,14.316468253968255,27.40595238095238
43,22,1,1,1,1,1,4,11.159722222222221,26.50595238095238
43,23,1,1,1,1,1,4,11.159722222222221,26.50595238095238
43,24,1,1,1,2,2,3,13.242857142857144,27.204761904761906
43,25,1,1,1,2,2,3,13.242857142857144,27.204761904761906
43,26,3,1,2,5,4,9,21.21825396825397,27.475
43,27,1,1,2,1,1,3,12.141865079365079,26.58809523809524
43,28,1,1,1,1,1,2,11.175992063492064,26.579761904761906
43,29,3,1,2,5,2,9,19.229365079365078,27.46785714285714
43,30,1,1,2,5,4,9,19.200396825396826,27.416666666666668
43,31,1,1,1,2,2,3,13.242857142857144,27.204761904761906
43,32,1,1,1,2,2,3,13.242857142857144,27.204761904761906
43,33,1,1,2,1,1,3,12.141865079365079,26.58809523809524
43,34,1,1,1,5,2,9,16.33452380952381,27.409523809523808
43,35,1,1,1,2,2,3,13.242857142857144,27.204761904761906
43,36,1,1,1,2,2,5,13.29702380952381,27.235714285714284
43,37,1,1,1,2,2,5,13.29702380952381,27.235714285714284
43,38,1,1,2,5,4,9,19.200396825396826,27.416666666666668
43,39,1,1,1,1,2,3,12.175396825396826,26.898809523809526
43,40,2,1,2,5,7,5,23.265873015873016,27.529761904761905
43,41,1,1,1,1,1,2,11.175992063492064,26.579761904761906
43,42,1,1,1,2,2,3,13.242857142857144,27.204761904761906
43,43,2,1,2,5,7,5,23.265873015873016,27.529761904761905
43,44,1,1,1,1,2,3,12.175396825396826,26.898809523809526
43,45,1,1,1,1,2,3,12.175396825396826,26.898809523809526
43,46,1,1,2,5,4,9,19.200396825396826,27.416666666666668
43,47,1,1,1,1,1,2,11.175992063492064,26.579761904761906
43,48,1,1,1,2,2,4,13.239880952380952,27.164285714285715
43,49,1,1,1,1,2,3,12.175396825396826,26.898809523809526
44,0,1,1,1,1,1,9,11.103769841269841,26.44642857142857
44,1,1,1,1,1,1,9,11.103769841269841,26.44642857142857
44,2,2,1,2,5,7,5,23.265873015873016,27.529761904761905
44,3,2,1,2,5,7,5,23.265873015873016,27.529761904761905
44,4,1,1,2,1,1,3,12.141865079365079,26.58809523809524
44,5,1,1,2,2,2,3,14.316468253968255,27.40595238095238
44,6,1,1,1,1,2,3,12.175396825396826,26.898809523809526
44,7,1,1,2,5,4,9,19.200396825396826,27.416666666666668
44,8,1,1,1,5,2,9,16.33452380952381,27.409523809523808
44,9,1,1,1,5,7,9,21.356944444444444,27.50357142857143
44,10,3,1,2,5,2,9,19.229365079365078,27.46785714285714
44,11,3,1,2,5,4,9,21.21825396825397,27.475
44,12,1,1,1,1,2,5,12.19047619047619,27.00595238095238
44,13,1,1,1,5,2,9,16.33452380952381,27.409523809523808
44,14,1,1,1,2,2,5,13.29702380952381,27.235714285714284
44,15,1,1,1,1,1,2,11.175992063492064,26.579761904761906
44,16,1,1,1,1,2,5,12.19047619047619,27.00595238095238
44,17,1,1,1,2,2,4,13.239880952380952,27.164285714285715
44,18,1,1,1,2,2,4,13.239880952380952,27.164285714285715
44,19,1,1,1,2,2,5,13.29702380952381,27.235714285714284
44,20,1,1,1,1,2,3,12.175396825396826,26.898809523809526
44,21,1,1,2,2,2,3,14.316468253968255,27.40595238095238
44,22,1,1,1,1,1,4,11.159722222222221,26.50595238095238
44,23,1,1,1,1,1,4,11.159722222222221,26.50595238095238
44,24,1,1,1,2,2,3,13.242857142857144,27.204761904761906
44,25,1,1,1,2,2,3,13.242857142857144,27.204761904761906
44,26,3,1,2,5,4,9,21.21825396825397,27.475
44,27,1,1,2,1,1,3,12.141865079365079,26.58809523809524
44,28,1,1,1,1,1,2,11.175992063492064,26.579761904761906
44,29,1,1,2,5,4,9,19.200396825396826,27.416666666666668
44,30,3,1,2,5,2,9,19.229365079365078,27.46785714285714
44,31,1,1,1,2,2,3,13.242857142857144,27.204761904761906
44,32,2,1,2,5,7,5,23.265873015873016,27.529761904761905
44,33,1,1,1,1,1,2,11.175992063492064,26.579761904761906
44,34,1,1,1,1,2,3,12.175396825396826,26.898809523809526
44,35,1,1,2,5,4,9,19.200396825396826,27.416666666666668
44,36,1,1,1,5,2,9,16.33452380952381,27.409523809523808
44,37,1,1,1,1,2,5,12.19047619047619,27.00595238095238
44,38,1,1,1,1,1,2,11.175992063492064,26.579761904761906
44,39,1,1,1,1,2,3,12.175396825396826,26.898809523809526
44,40,1,1,2,5,4,9,19.200396825396826,27.416666666666668
44,41,1,1,1,2,2,3,13.242857142857144,27.204761904761906
44,42,1,1,1,2,2,4,13.239880952380952,27.164285714285715
44,43,1,1,1,1,1,2,11.175992063492064,26.579761904761906
44,44,1,1,2,1,1,3,12.141865079365079,26.58809523809524
44,45,1,1,1,2,2,3,13.242857142857144,27.204761904761906
44,46,2,1,2,5,7,5,23.265873015873016,27.529761904761905
44,47,1,1,1,1,2,3,12.175396825396826,26.898809523809526
44,48,1,1,1,1,2,5,12.19047619047619,27.00595238095238
44,49,1,1,1,1,2,3,12.175396825396826,26.898809523809526
45,0,2,1,2,5,7,5,23.265873015873016,27.529761904761905
45,1,1,1,1,1,1,9,11.103769841269841,26.44642857142857
45,2,1,1,1,1,1,9,11.103769841269841,26.44642857142857
45,3,2,1,2,5,7,5,23.265873015873016,27.529761904761905
45,4,1,1,2,1,1,3,12.141865079365079,26.58809523809524
45,5,1,1,2,2,2,3,14.316468253968255,27.40595238095238
45,6,1,1,1,1,2,3,12.175396825396826,26.898809523809526
45,7,1,1,2,5,4,9,19.200396825396826,27.416666666666668
45,8,1,1,1,5,2,9,16.33452380952381,27.409523809523808
45,9,3,1,2,5,2,9,19.229365079365078,27.46785714285714
45,10,3,1,2,5,4,9,21.21825396825397,27.475
45,11,1,1,1,1,2,5,12.19047619047619,27.00595238095238
45,12,1,1,1,5,7,9,21.356944444444444,27.50357142857143
45,13,1,1,1,5,2,9,16.33452380952381,27.409523809523808
45,14,1,1,1,2,2,5,13.29702380952381,27.235714285714284
45,15,1,1,1,1,1,2,11.175992063492064,26.579761904761906
45,16,1,1,1,1,2,5,12.19047619047619,27.00595238095238
45,17,1,1,1,2,2,4,13.239880952380952,27.164285714285715
45,18,1,1,1,2,2,4,13.239880952380952,27.164285714285715
45,19,1,1,1,2,2,5,13.29702380952381,27.235714285714284
45,20,1,1,1,1,2,3,12.175396825396826,26.898809523809526
45,21,1,1,2,2,2,3,14.316468253968255,27.40595238095238
45,22,1,1,1,1,1,4,11.159722222222221,26.50595238095238
45,23,1,1,1,1,1,4,11.159722222222221,26.50595238095238
45,24,1,1,1,2,2,3,13.242857142857144,27.204761904761906
45,25,1,1,1,5,7,9,21.356944444444444,27.50357142857143
45,26,1,1,1,2,2,3,13.242857142857144,27.204761904761906
45,27,3,1,2,5,4,9,21.21825396825397,27.475
45,28,1,1,2,1,1,3,12.141865079365079,26.58809523809524
45,29,1,1,1,1,1,2,11.175992063492064,26.579761904761906
45,30,1,1,2,5,4,9,19.200396825396826,27.416666666666668
45,31,3,1,2,5,2,9,19.229365079365078,27.46785714285714
45,32,1,1,1,1,2,3,12.175396825396826,26.898809523809526
45,33,1,1,1,1,2,5,12.19047619047619,27.00595238095238
45,34,1,1,1,2,2,3,13.242857142857144,27.204761904761906
45,35,1,1,1,1,2,3,12.175396825396826,26.898809523809526
45,36,1,1,2,1,1,3,12.141865079365079,26.58809523809524
45,37,1,1,1,1,1,2,11.175992063492064,26.579761904761906
45,38,1,1,1,2,2,5,13.29702380952381,27.235714285714284
45,39,1,1,1,2,2,3,13.242857142857144,27.204761904761906
45,40,2,1,2,5,7,5,23.265873015873016,27.529761904761905
45,41,1,1,1,1,2,3,12.175396825396826,26.898809523809526
45,42,1,1,1,1,1,2,11.175992063492064,26.579761904761906
45,43,1,1,2,1,1,3,12.141865079365079,26.58809523809524
45,44,1,1,1,1,2,3,12.175396825396826,26.898809523809526
45,45,1,1,1,1,2,3,12.175396825396826,26.898809523809526
45,46,1,1,1,1,2,3,12.175396825396826,26.898809523809526
45,47,1,1,2,5,4,9,19.200396825396826,27.416666666666668
45,48,1,1,1,5,2,9,16.33452380952381,27.409523809523808
45,49,1,1,1,2,2,4,13.239880952380952,27.164285714285715
46,0,1,1,1,1,1,9,11.103769841269841,26.44642857142857
46,1,2,1,2,5,7,5,23.265873015873016,27.529761904761905
46,2,2,1,2,5,7,5,23.265873015873016,27.529761904761905
46,3,1,1,1,1,1,9,11.103769841269841,26.44642857142857
46,4,1,1,2,1,1,3,12.141865079365079,26.58809523809524
46,5,1,1,2,2,2,3,14.316468253968255,27.40595238095238
46,6,1,1,1,1,2,3,12.175396825396826,26.898809523809526
46,7,1,1,2,5,4,9,19.200396825396826,27.416666666666668
46,8,1,1,1,5,2,9,16.33452380952381,27.409523809523808
46,9,3,1,2,5,2,9,19.229365079365078,27.46785714285714
46,10,3,1,2,5,4,9,21.21825396825397,27.475
46,11,1,1,1,1,2,5,12.19047619047619,27.00595238095238
46,12,1,1,1,5,7,9,21.356944444444444,27.50357142857143
46,13,1,1,1,5,2,9,16.33452380952381,27.409523809523808
46,14,1,1,1,2,2,5,13.29702380952381,27.235714285714284
46,15,1,1,1,1,1,2,11.175992063492064,26.579761904761906
46,16,1,1,1,1,2,5,12.19047619047619,27.00595238095238
46,17,1,1,1,2,2,4,13.239880952380952,27.164285714285715
46,18,1,1,1,2,2,4,13.239880952380952,27.164285714285715
46,19,1,1,1,2,2,5,13.29702380952381,27.235714285714284
46,20,1,1,1,1,2,3,12.175396825396826,26.898809523809526
46,21,1,1,2,2,2,3,14.316468253968255,27.40595238095238
46,22,1,1,1,1,1,4,11.159722222222221,26.50595238095238
46,23,1,1,1,1,1,4,11.159722222222221,26.50595238095238
46,24,1,1,1,2,2,3,13.242857142857144,27.204761904761906
46,25,1,1,1,5,7,9,21.356944444444444,27.50357142857143
46,26,1,1,1,2,2,3,13.242857142857144,27.204761904761906
46,27,3,1,2,5,4,9,21.21825396825397,27.475
46,28,1,1,2,1,1,3,12.141865079365079,26.58809523809524
46,29,1,1,1,1,1,2,11.175992063492064,26.579761904761906
46,30,1,1,2,5,4,9,19.200396825396826,27.416666666666668
46,31,3,1,2,5,2,9,19.229365079365078,27.46785714285714
46,32,1,1,2,2,2,3,14.316468253968255,27.40595238095238
46,33,1,1,1,2,2,4,13.239880952380952,27.164285714285715
46,34,1,1,1,1,2,3,12.175396825396826,26.898809523809526
46,35,1,1,1,5,2,9,16.33452380952381,27.409523809523808
46,36,1,1,1,2,2,3,13.242857142857144,27.204761904761906
46,37,1,1,1,1,2,3,12.175396825396826,26.898809523809526
46,38,1,1,1,1,1,2,11.175992063492064,26.579761904761906
46,39,1,1,1,2,2,3,13.242857142857144,27.204761904761906
46,40,1,1,1,1,2,3,12.175396825396826,26.898809523809526
46,41,1,1,1,1,1,2,11.175992063492064,26.579761904761906
46,42,1,1,1,1,2,3,12.175396825396826,26.898809523809526
46,43,1,1,1,1,2,3,12.175396825396826,26.898809523809526
46,44,1,1,2,1,1,3,12.141865079365079,26.58809523809524
46,45,1,1,1,1,1,9,11.103769841269841,26.44642857142857
46,46,1,1,1,1,2,5,12.19047619047619,27.00595238095238
46,47,2,1,2,5,7,5,23.265873015873016,27.529761904761905
46,48,1,1,1,5,2,9,16.33452380952381,27.409523809523808
46,49,1,1,1,5,2,9,16.33452380952381,27.409523809523808
47,0,1,1,1,1,1,9,11.103769841269841,26.44642857142857
47,1,2,1,2,5,7,5,23.265873015873016,27.529761904761905
47,2,1,1,1,1,1,9,11.103769841269841,26.44642857142857
47,3,2,1,2,5,7,5,23.265873015873016,27.529761904761905
47,4,1,1,2,1,1,3,12.141865079365079,26.58809523809524
47,5,1,1,2,2,2,3,14.316468253968255,27.40595238095238
47,6,1,1,1,1,2,3,12.175396825396826,26.898809523809526
47,7,1,1,2,5,4,9,19.200396825396826,27.416666666666668
47,8,1,1,1,5,2,9,16.33452380952381,27.409523809523808
47,9,3,1,2,5,2,9,19.229365079365078,27.46785714285714
47,10,3,1,2,5,4,9,21.21825396825397,27.475
47,11,1,1,1,1,2,5,12.19047619047619,27.00595238095238
47,12,1,1,1,5,7,9,21.356944444444444,27.50357142857143
47,13,1,1,1,5,2,9,16.33452380952381,27.409523809523808
47,14,1,1,1,2,2,5,13.29702380952381,27.235714285714284
47,15,1,1,1,1,1,2,11.175992063492064,26.579761904761906
47,16,1,1,1,1,2,5,12.19047619047619,27.00595238095238
47,17,1,1,1,2,2,4,13.239880952380952,27.164285714285715
47,18,1,1,1,2,2,4,13.239880952380952,27.164285714285715
47,19,1,1,1,2,2,5,13.29702380952381,27.235714285714284
47,20,1,1,1,1,2,3,12.175396825396826,26.898809523809526
47,21,1,1,2,2,2,3,14.316468253968255,27.40595238095238
47,22,1,1,1,1,1,4,11.159722222222221,26.50595238095238
47,23,1,1,1,1,1,4,11.159722222222221,26.50595238095238
47,24,1,1,1,2,2,3,13.242857142857144,27.204761904761906
47,25,1,1,1,5,7,9,21.356944444444444,27.50357142857143
47,26,1,1,1,2,2,3,13.242857142857144,27.204761904761906
47,27,3,1,2,5,4,9,21.21825396825397,27.475
47,28,1,1,2,1,1,3,12.141865079365079,26.58809523809524
47,29,1,1,1,1,1,2,11.175992063492064,26.579761904761906
47,30,1,1,2,5,4,9,19.200396825396826,27.416666666666668
47,31,3,1,2,5,2,9,19.229365079365078,27.46785714285714
47,32,1,1,1,1,1,2,11.175992063492064,26.579761904761906
47,33,1,1,2,1,1,3,12.141865079365079,26.58809523809524
47,34,1,1,1,1,2,3,12.175396825396826,26.898809523809526
47,35,1,1,1,1,2,3,12.175396825396826,26.898809523809526
47,36,1,1,1,2,2,4,13.239880952380952,27.164285714285715
47,37,1,1,1,1,2,3,12.175396825396826,26.898809523809526
47,38,1,1,2,2,2,3,14.316468253968255,27.40595238095238
47,39,1,1,1,1,1,4,11.159722222222221,26.50595238095238
47,40,1,1,1,1,2,3,12.175396825396826,26.898809523809526
47,41,3,1,2,5,2,9,19.229365079365078,27.46785714285714
47,42,2,1,2,5,7,5,23.265873015873016,27.529761904761905
47,43,3,1,2,5,2,9,19.229365079365078,27.46785714285714
47,44,1,1,1,5,2,9,16.33452380952381,27.409523809523808
47,45,1,1,1,5,2,9,16.33452380952381,27.409523809523808
47,46,2,1,2,5,7,5,23.265873015873016,27.529761904761905
47,47,1,1,1,1,2,5,12.19047619047619,27.00595238095238
47,48,1,1,2,1,1,3,12.141865079365079,26.58809523809524
47,49,1,1,2,1,1,3,12.141865079365079,26.58809523809524
48,0,1,1,1,1,1,9,11.103769841269841,26.44642857142857
48,1,2,1,2,5,7,5,23.265873015873016,27.529761904761905
48,2,1,1,1,1,1,9,11.103769841269841,26.44642857142857
48,3,2,1,2,5,7,5,23.265873015873016,27.529761904761905
48,4,1,1,2,1,1,3,12.141865079365079,26.58809523809524
48,5,1,1,2,2,2,3,14.316468253968255,27.40595238095238
48,6,1,1,1,1,2,3,12.175396825396826,26.898809523809526
48,7,1,1,2,5,4,9,19.200396825396826,27.416666666666668
48,8,1,1,1,5,2,9,16.33452380952381,27.409523809523808
48,9,3,1,2,5,2,9,19.229365079365078,27.46785714285714
48,10,3,1,2,5,4,9,21.21825396825397,27.475
48,11,1,1,1,1,2,5,12.19047619047619,27.00595238095238
48,12,1,1,1,5,7,9,21.356944444444444,27.50357142857143
48,13,1,1,1,5,2,9,16.33452380952381,27.409523809523808
48,14,1,1,1,2,2,5,13.29702380952381,27.235714285714284
48,15,1,1,1,1,1,2,11.175992063492064,26.579761904761906
48,16,1,1,1,1,2,5,12.19047619047619,27.00595238095238
48,17,1,1,1,2,2,4,13.239880952380952,27.164285714285715
48,18,1,1,1,2,2,4,13.239880952380952,27.164285714285715
48,19,1,1,1,2,2,5,13.29702380952381,27.235714285714284
48,20,1,1,1,1,2,3,12.175396825396826,26.898809523809526
48,21,1,1,2,2,2,3,14.316468253968255,27.40595238095238
48,22,1,1,1,1,1,4,11.159722222222221,26.50595238095238
48,23,1,1,1,1,1,4,11.159722222222221,26.50595238095238
48,24,1,1,1,2,2,3,13.242857142857144,27.204761904761906
48,25,1,1,1,5,7,9,21.356944444444444,27.50357142857143
48,26,1,1,1,2,2,3,13.242857142857144,27.204761904761906
48,27,3,1,2,5,4,9,21.21825396825397,27.475
48,28,1,1,2,1,1,3,12.141865079365079,26.58809523809524
48,29,1,1,1,1,1,2,11.175992063492064,26.579761904761906
48,30,1,1,2,5,4,9,19.200396825396826,27.416666666666668
48,31,3,1,2,5,2,9,19.229365079365078,27.46785714285714
48,32,1,1,1,1,1,9,11.103769841269841,26.44642857142857
48,33,2,1,2,5,7,5,23.265873015873016,27.529761904761905
48,34,1,1,1,5,2,9,16.33452380952381,27.409523809523808
48,35,1,1,1,2,2,5,13.29702380952381,27.235714285714284
48,36,1,1,2,1,1,3,12.141865079365079,26.58809523809524
48,37,1,1,1,1,1,9,11.103769841269841,26.44642857142857
48,38,1,1,2,2,2,3,14.316468253968255,27.40595238095238
48,39,1,1,2,1,1,3,12.141865079365079,26.58809523809524
48,40,1,1,1,1,1,9,11.103769841269841,26.44642857142857
48,41,1,1,2,2,2,3,14.316468253968255,27.40595238095238
48,42,1,1,1,5,7,9,21.356944444444444,27.50357142857143
48,43,1,1,1,2,2,5,13.29702380952381,27.235714285714284
48,44,1,1,1,5,2,9,16.33452380952381,27.409523809523808
48,45,2,1,2,5,7,5,23.265873015873016,27.529761904761905
48,46,1,1,2,2,2,3,14.316468253968255,27.40595238095238
48,47,1,1,1,1,2,5,12.19047619047619,27.00595238095238
48,48,3,1,2,5,2,9,19.229365079365078,27.46785714285714
48,49,1,1,1,1,1,9,11.103769841269841,26.44642857142857
49,0,2,1,2,5,7,5,23.265873015873016,27.529761904761905
49,1,1,1,1,1,1,9,11.103769841269841,26.44642857142857
49,2,1,1,1,1,1,9,11.103769841269841,26.44642857142857
49,3,2,1,2,5,7,5,23.265873015873016,27.529761904761905
49,4,1,1,2,1,1,3,12.141865079365079,26.58809523809524
49,5,1,1,2,2,2,3,14.316468253968255,27.40595238095238
49,6,1,1,1,1,2,3,12.175396825396826,26.898809523809526
49,7,1,1,2,5,4,9,19.200396825396826,27.416666666666668
49,8,1,1,1,5,2,9,16.33452380952381,27.409523809523808
49,9,3,1,2,5,2,9,19.229365079365078,27.46785714285714
49,10,3,1,2,5,4,9,21.21825396825397,27.475
49,11,1,1,1,1,2,5,12.19047619047619,27.00595238095238
49,12,1,1,1,5,7,9,21.356944444444444,27.50357142857143
49,13,1,1,1,5,2,9,16.33452380952381,27.409523809523808
49,14,1,1,1,2,2,5,13.29702380952381,27.235714285714284
49,15,1,1,1,1,1,2,11.175992063492064,26.579761904761906
49,16,1,1,1,1,2,5,12.19047619047619,27.00595238095238
49,17,1,1,1,2,2,4,13.239880952380952,27.164285714285715
49,18,1,1,1,2,2,4,13.239880952380952,27.164285714285715
49,19,1,1,1,2,2,5,13.29702380952381,27.235714285714284
49,20,1,1,1,1,2,3,12.175396825396826,26.898809523809526
49,21,1,1,2,2,2,3,14.316468253968255,27.40595238095238
49,22,1,1,1,1,1,4,11.159722222222221,26.50595238095238
49,23,1,1,1,1,1,4,11.159722222222221,26.50595238095238
49,24,1,1,1,2,2,3,13.242857142857144,27.204761904761906
49,25,1,1,1,5,7,9,21.356944444444444,27.50357142857143
49,26,1,1,1,2,2,3,13.242857142857144,27.204761904761906
49,27,3,1,2,5,4,9,21.21825396825397,27.475
49,28,1,1,2,1,1,3,12.141865079365079,26.58809523809524
49,29,1,1,1,1,1,2,11.175992063492064,26.579761904761906
49,30,1,1,2,5,4,9,19.200396825396826,27.416666666666668
49,31,3,1,2,5,2,9,19.229365079365078,27.46785714285714
49,32,1,1,1,5,7,9,21.356944444444444,27.50357142857143
49,33,1,1,1,2,2,5,13.29702380952381,27.235714285714284
49,34,1,1,1,2,2,5,13.29702380952381,27.235714285714284
49,35,1,1,2,2,2,3,14.316468253968255,27.40595238095238
49,36,1,1,1,2,2,5,13.29702380952381,27.235714285714284
49,37,1,1,1,1,2,5,12.19047619047619,27.00595238095238
49,38,2,1,2,5,7,5,23.265873015873016,27.529761904761905
49,39,2,1,2,5,7,5,23.265873015873016,27.529761904761905
49,40,1,1,1,2,2,3,13.242857142857144,27.204761904761906
49,41,1,1,1,5,2,9,16.33452380952381,27.409523809523808
49,42,1,1,1,2,2,3,13.242857142857144,27.204761904761906
49,43,2,1,2,5,7,5,23.265873015873016,27.529761904761905
49,44,1,1,1,1,1,9,11.103769841269841,26.44642857142857
49,45,1,1,2,1,1,3,12.141865079365079,26.58809523809524
49,46,1,1,2,2,2,3,14.316468253968255,27.40595238095238
49,47,1,1,1,2,2,4,13.239880952380952,27.164285714285715
49,48,1,1,1,2,2,5,13.29702380952381,27.235714285714284
49,49,1,1,1,1,1,9,11.103769841269841,26.44642857142857
