generation,individual_index,cap_post_loading,cap_post_conveyor,cap_post_washing,cap_pre_press1,cap_pre_press2,cap_post_press12,cap_pre_press_splitter_in,cap_press1_out,cap_press2_out,wip,throughput
0,0,10,2,7,4,2,7,10,3,7,30.997222222222224,27.398809523809522
0,1,4,3,1,3,1,5,9,10,9,18.38968253968254,27.035714285714285
0,2,1,4,1,3,7,3,8,2,1,22.26825396825397,27.336904761904762
0,3,3,7,6,9,5,10,5,7,6,36.00396825396825,27.476190476190474
0,4,10,3,2,4,6,5,9,2,8,31.176785714285714,27.320238095238096
0,5,7,6,1,2,6,2,10,4,9,28.209126984126982,27.31547619047619
0,6,6,2,5,1,3,1,6,3,4,22.904166666666665,27.064285714285713
0,7,6,3,2,3,4,2,6,8,2,24.114880952380954,27.279761904761905
0,8,7,2,7,3,3,6,5,8,8,27.810515873015873,27.289285714285715
0,9,4,4,1,9,8,1,1,3,7,32.02182539682539,27.39761904761905
0,10,4,4,4,10,10,3,10,4,8,38.02043650793651,27.445238095238096
0,11,5,10,10,6,5,3,5,7,2,41.97797619047619,27.461904761904762
0,12,5,8,8,4,6,8,2,9,3,36.93730158730159,27.42142857142857
0,13,6,6,8,4,7,4,7,5,6,36.989285714285714,27.37142857142857
0,14,2,6,4,6,1,6,9,4,1,25.036706349206348,26.923809523809524
0,15,4,10,8,9,4,1,2,1,6,40.67916666666667,27.401190476190475
0,16,5,1,8,9,8,10,10,6,8,36.974404761904765,27.361904761904764
0,17,2,9,4,5,5,1,9,8,8,30.94047619047619,27.310714285714287
0,18,4,6,9,10,6,2,1,6,6,41.03829365079365,27.40595238095238
0,19,3,6,3,6,2,9,4,9,3,25.959126984126986,27.2
0,20,3,10,7,8,3,5,2,6,1,36.93214285714286,27.345238095238095
0,21,4,7,4,3,6,9,4,8,3,29.918650793650794,27.28690476190476
0,22,8,4,5,7,5,9,10,5,6,34.99940476190476,27.340476190476192
0,23,4,6,1,1,6,2,10,10,3,24.18373015873016,26.90595238095238
0,24,1,3,6,9,3,1,5,7,5,28.025793650793652,27.279761904761905
0,25,6,6,8,7,3,6,9,4,6,35.97222222222222,27.332142857142856
0,26,4,3,2,9,4,3,5,1,4,28.16845238095238,27.247619047619047
0,27,10,3,8,10,8,9,9,2,6,44.97242063492064,27.361904761904764
0,28,8,10,3,8,8,3,5,2,4,43.099801587301585,27.34166666666667
0,29,7,7,4,8,3,5,6,3,10,35.138492063492066,27.30952380952381
0,30,8,6,8,6,3,9,8,9,8,36.80634920634921,27.333333333333332
0,31,1,8,3,4,7,9,10,2,4,29.067261904761907,27.27857142857143
0,32,8,6,10,5,5,9,7,5,4,39.93472222222222,27.340476190476192
0,33,10,3,9,5,6,6,8,5,9,39.03492063492064,27.329761904761906
0,34,6,7,7,6,4,4,4,9,5,35.59107142857143,27.29642857142857
0,35,3,1,9,5,5,5,9,8,9,28.79186507936508,27.191666666666666
0,36,10,1,4,1,6,7,2,7,5,28.227777777777778,26.920238095238094
0,37,7,5,3,5,4,5,7,1,3,30.192857142857143,27.26547619047619
0,38,7,1,6,5,10,4,5,9,7,34.928174603174604,27.227380952380955
0,39,4,7,4,3,7,7,4,1,3,31.020238095238096,27.183333333333334
0,40,4,8,3,5,10,9,8,2,3,35.79087301587302,27.252380952380953
0,41,7,4,10,5,4,6,6,4,2,35.93849206349206,27.275
0,42,8,3,5,10,6,3,8,4,4,37.98452380952381,27.29642857142857
0,43,1,9,3,9,4,9,4,8,7,31.98035714285714,27.22142857142857
0,44,7,5,9,5,7,7,8,1,7,39.131349206349206,27.29047619047619
0,45,10,3,3,2,7,9,6,8,5,31.14345238095238,27.173809523809524
0,46,9,6,9,2,8,1,2,8,3,39.85039682539683,27.294047619047618
0,47,8,9,5,1,7,8,2,7,3,36.09742063492064,26.85
0,48,10,7,5,9,1,10,3,4,6,37.9625,26.929761904761904
0,49,10,8,8,1,9,4,3,7,10,41.96904761904762,27.06904761904762
1,0,4,3,1,3,1,5,9,10,9,18.38968253968254,27.035714285714285
1,1,1,4,1,3,7,3,8,2,1,22.26825396825397,27.336904761904762
1,2,3,7,6,9,5,10,5,7,6,36.00396825396825,27.476190476190474
1,3,2,2,1,6,1,2,9,4,1,18.231150793650794,27.01547619047619
1,4,9,2,7,3,3,1,5,8,8,29.853571428571428,27.43095238095238
1,5,1,4,1,2,7,4,9,1,1,21.425396825396824,27.28095238095238
1,6,1,6,4,8,3,5,6,2,10,27.976190476190474,27.39404761904762
1,7,4,3,1,2,3,4,9,9,4,19.34503968253968,27.276190476190475
1,8,3,1,9,5,5,3,7,8,9,29.092261904761905,27.401190476190475
1,9,6,2,5,1,3,1,6,3,4,22.904166666666665,27.064285714285713
1,10,4,4,4,10,10,3,10,4,8,38.02043650793651,27.445238095238096
1,11,5,10,10,6,5,3,5,7,2,41.97797619047619,27.461904761904762
1,12,3,3,2,9,4,2,6,8,1,27.25357142857143,27.321428571428573
1,13,3,1,9,5,6,7,9,6,9,30.152579365079365,27.419047619047618
1,14,7,1,9,3,2,6,5,8,8,28.141666666666666,27.37142857142857
1,15,7,3,1,2,6,2,10,4,9,25.13234126984127,27.31547619047619
1,16,7,1,3,5,2,4,6,9,9,24.086309523809526,27.311904761904763
1,17,3,1,1,1,6,6,1,10,3,18.255357142857143,26.571428571428573
1,18,3,6,2,1,2,8,6,3,3,20.117857142857144,26.979761904761904
1,19,5,8,7,4,6,8,4,8,3,35.94365079365079,27.42142857142857
1,20,10,2,7,4,2,7,10,3,7,30.997222222222224,27.398809523809522
1,21,7,6,1,2,6,2,10,4,9,28.209126984126982,27.31547619047619
1,22,6,3,2,3,4,2,6,8,2,24.114880952380954,27.279761904761905
1,23,7,2,7,3,3,6,5,8,8,27.810515873015873,27.289285714285715
1,24,5,8,8,4,6,8,2,9,3,36.93730158730159,27.42142857142857
1,25,6,5,1,1,3,1,6,3,4,22.105753968253968,26.866666666666667
1,26,5,2,1,4,1,4,1,9,3,19.03293650793651,26.525000000000002
1,27,6,6,9,3,6,2,1,6,6,35.91170634920635,27.404761904761905
1,28,4,2,4,1,6,2,10,10,3,23.095833333333335,26.939285714285713
1,29,4,3,3,8,6,9,6,7,5,30.025992063492062,27.317857142857143
1,30,10,2,8,9,8,9,9,2,5,42.992261904761904,27.44404761904762
1,31,10,3,2,4,6,5,9,2,8,31.176785714285714,27.320238095238096
1,32,4,4,1,9,8,1,1,3,7,32.02182539682539,27.39761904761905
1,33,2,6,4,6,1,6,9,4,1,25.036706349206348,26.923809523809524
1,34,2,9,4,5,5,1,9,8,8,30.94047619047619,27.310714285714287
1,35,4,6,1,1,6,2,10,10,3,24.18373015873016,26.90595238095238
1,36,1,3,6,9,3,1,5,7,5,28.025793650793652,27.279761904761905
1,37,4,3,4,10,10,2,10,4,8,37.209920634920636,27.419047619047618
1,38,5,2,5,5,3,1,3,8,4,25.932142857142857,27.27857142857143
1,39,6,3,2,3,5,3,6,6,2,25.22738095238095,27.191666666666666
1,40,4,6,1,2,1,2,1,5,6,20.151190476190475,26.52261904761905
1,41,4,7,4,2,6,9,1,8,3,28.937103174603177,27.29047619047619
1,42,10,3,2,10,8,9,9,2,2,39.3297619047619,27.419047619047618
1,43,10,1,3,1,4,4,2,8,5,25.00436507936508,26.69404761904762
1,44,3,6,3,6,2,9,4,9,3,25.959126984126986,27.2
1,45,4,3,9,9,6,5,9,9,9,37.08611111111111,27.382142857142856
1,46,7,4,9,5,3,6,4,3,1,34.00436507936508,27.377380952380953
1,47,4,6,4,8,4,6,5,1,4,32.09107142857143,27.310714285714287
1,48,4,3,2,9,4,3,5,1,4,28.16845238095238,27.247619047619047
1,49,4,7,4,3,6,9,4,8,3,29.918650793650794,27.28690476190476
2,0,4,3,1,3,1,5,9,10,9,18.38968253968254,27.035714285714285
2,1,1,4,1,3,7,3,8,2,1,22.26825396825397,27.336904761904762
2,2,2,2,1,6,1,2,9,4,1,18.231150793650794,27.01547619047619
2,3,1,4,1,2,7,4,9,1,1,21.425396825396824,27.28095238095238
2,4,4,3,1,2,3,4,9,9,4,19.34503968253968,27.276190476190475
2,5,4,3,1,3,1,5,9,10,8,18.227777777777778,27.002380952380953
2,6,2,2,1,1,1,4,1,9,3,13.05734126984127,26.135714285714286
2,7,2,3,1,6,1,2,9,4,1,19.239285714285714,27.048809523809524
2,8,9,4,8,5,3,7,4,3,1,34.949801587301586,27.51309523809524
2,9,5,1,1,3,6,6,1,10,3,22.224206349206348,27.285714285714285
2,10,5,2,1,1,3,1,3,8,4,18.106150793650794,26.797619047619047
2,11,6,4,1,3,3,1,6,3,3,23.084325396825395,27.43690476190476
2,12,3,1,1,1,3,5,1,10,4,14.99345238095238,26.50357142857143
2,13,4,3,1,2,3,4,9,9,4,19.34503968253968,27.276190476190475
2,14,1,5,4,8,3,5,6,2,10,27.041666666666668,27.502380952380953
2,15,3,7,6,9,5,10,5,7,6,36.00396825396825,27.476190476190474
2,16,9,2,7,3,3,1,5,8,8,29.853571428571428,27.43095238095238
2,17,1,6,4,8,3,5,6,2,10,27.976190476190474,27.39404761904762
2,18,3,1,9,5,5,3,7,8,9,29.092261904761905,27.401190476190475
2,19,7,3,1,2,6,2,10,4,9,25.13234126984127,27.31547619047619
2,20,7,1,3,5,2,4,6,9,9,24.086309523809526,27.311904761904763
2,21,3,1,1,1,6,6,1,10,3,18.255357142857143,26.571428571428573
2,22,3,6,2,1,2,8,6,3,3,20.117857142857144,26.979761904761904
2,23,3,6,2,2,4,3,1,4,6,23.18829365079365,27.257142857142856
2,24,1,4,1,2,7,5,8,3,1,21.252777777777776,27.173809523809524
2,25,5,2,1,1,1,4,1,9,3,16.174206349206347,25.99047619047619
2,26,1,5,4,8,3,5,6,2,9,27.064484126984127,27.34285714285714
2,27,3,2,2,9,4,2,6,8,2,26.22222222222222,27.340476190476192
2,28,7,1,3,5,2,4,6,9,9,24.086309523809526,27.311904761904763
2,29,6,2,5,1,3,1,6,3,4,22.904166666666665,27.064285714285713
2,30,4,4,4,10,10,3,10,4,8,38.02043650793651,27.445238095238096
2,31,5,10,10,6,5,3,5,7,2,41.97797619047619,27.461904761904762
2,32,3,3,2,9,4,2,6,8,1,27.25357142857143,27.321428571428573
2,33,3,1,9,5,6,7,9,6,9,30.152579365079365,27.419047619047618
2,34,7,1,9,3,2,6,5,8,8,28.141666666666666,27.37142857142857
2,35,5,8,7,4,6,8,4,8,3,35.94365079365079,27.42142857142857
2,36,6,3,2,3,4,2,6,8,2,24.114880952380954,27.279761904761905
2,37,5,2,1,4,1,4,1,9,3,19.03293650793651,26.525000000000002
2,38,3,6,2,1,2,8,6,2,1,20.13095238095238,26.93809523809524
2,39,1,4,1,1,7,1,9,1,1,20.135119047619046,26.975
2,40,4,4,4,8,3,5,6,2,9,28.975595238095238,27.39404761904762
2,41,1,5,4,6,1,3,9,2,1,23.07063492063492,27.06547619047619
2,42,4,2,3,8,6,9,6,2,5,28.93968253968254,27.389285714285716
2,43,4,6,1,2,6,4,10,9,2,25.147420634920636,27.31547619047619
2,44,10,2,8,9,8,9,9,2,5,42.992261904761904,27.44404761904762
2,45,4,6,1,1,1,9,1,5,6,19.159523809523808,25.955952380952382
2,46,4,6,1,2,1,2,1,5,6,20.151190476190475,26.52261904761905
2,47,9,1,1,1,1,2,1,8,5,19.211309523809526,26.103571428571428
2,48,4,2,4,1,6,2,10,10,3,23.095833333333335,26.939285714285713
2,49,3,3,2,9,2,1,6,8,1,25.12797619047619,27.247619047619047
3,0,2,2,1,1,1,4,1,9,3,13.05734126984127,26.135714285714286
3,1,9,4,8,5,3,7,4,3,1,34.949801587301586,27.51309523809524
3,2,6,4,1,3,3,1,6,3,3,23.084325396825395,27.43690476190476
3,3,1,5,4,8,3,5,6,2,10,27.041666666666668,27.502380952380953
3,4,2,3,1,2,3,4,9,8,3,17.384722222222223,27.276190476190475
3,5,3,2,1,3,1,5,9,9,2,16.228571428571428,26.879761904761907
3,6,1,5,4,2,3,9,6,2,10,21.16626984126984,27.34642857142857
3,7,3,2,1,1,1,4,8,8,3,14.32797619047619,26.601190476190474
3,8,1,3,1,3,6,3,8,2,1,20.30297619047619,27.332142857142856
3,9,4,3,1,3,1,5,9,10,9,18.38968253968254,27.035714285714285
3,10,1,4,1,3,7,3,8,2,1,22.26825396825397,27.336904761904762
3,11,2,2,1,6,1,2,9,4,1,18.231150793650794,27.01547619047619
3,12,1,4,1,2,7,4,9,1,1,21.425396825396824,27.28095238095238
3,13,4,3,1,2,3,4,9,9,4,19.34503968253968,27.276190476190475
3,14,4,3,1,3,1,5,9,10,8,18.227777777777778,27.002380952380953
3,15,2,3,1,6,1,2,9,4,1,19.239285714285714,27.048809523809524
3,16,5,1,1,3,6,6,1,10,3,22.224206349206348,27.285714285714285
3,17,5,2,1,1,3,1,3,8,4,18.106150793650794,26.797619047619047
3,18,3,1,1,1,3,5,1,10,4,14.99345238095238,26.50357142857143
3,19,4,3,1,2,3,4,9,9,4,19.34503968253968,27.276190476190475
3,20,3,7,6,9,5,10,5,7,6,36.00396825396825,27.476190476190474
3,21,9,2,7,3,3,1,5,8,8,29.853571428571428,27.43095238095238
3,22,1,6,4,8,3,5,6,2,10,27.976190476190474,27.39404761904762
3,23,3,1,9,5,5,3,7,8,9,29.092261904761905,27.401190476190475
3,24,3,1,1,1,3,4,1,4,3,15.097619047619048,26.57857142857143
3,25,5,8,1,3,6,6,4,8,3,29.337896825396825,27.42142857142857
3,26,4,2,7,2,3,4,9,9,5,24.18154761904762,27.345238095238095
3,27,3,7,6,9,5,10,5,7,6,36.00396825396825,27.476190476190474
3,28,1,4,1,3,7,3,8,2,1,22.26825396825397,27.336904761904762
3,29,9,3,2,3,3,7,6,2,2,26.23611111111111,27.38809523809524
3,30,5,10,10,6,5,3,5,7,2,41.97797619047619,27.461904761904762
3,31,5,1,1,1,1,4,1,9,2,15.031944444444445,26.026190476190475
3,32,4,1,1,1,3,5,1,9,4,15.997420634920635,26.533333333333335
3,33,5,2,2,1,3,4,3,8,6,19.164285714285715,26.857142857142858
3,34,3,1,1,1,6,6,1,10,3,18.255357142857143,26.571428571428573
3,35,5,8,7,4,6,8,4,8,3,35.94365079365079,27.42142857142857
3,36,3,1,9,5,6,7,9,6,9,30.152579365079365,27.419047619047618
3,37,4,4,4,10,10,3,10,4,8,38.02043650793651,27.445238095238096
3,38,3,6,1,2,3,1,1,5,3,20.75952380952381,27.06904761904762
3,39,1,4,1,2,7,4,5,1,1,21.162896825396825,27.24642857142857
3,40,2,3,1,6,1,2,9,3,1,19.230555555555554,27.01547619047619
3,41,3,6,2,2,4,3,1,4,6,23.18829365079365,27.257142857142856
3,42,7,1,9,3,2,6,5,8,8,28.141666666666666,27.37142857142857
3,43,1,5,4,8,3,5,6,2,9,27.064484126984127,27.34285714285714
3,44,7,3,1,2,6,2,10,4,9,25.13234126984127,27.31547619047619
3,45,3,2,2,9,4,2,6,8,2,26.22222222222222,27.340476190476192
3,46,2,3,2,9,2,1,9,8,1,23.959126984126986,27.310714285714283
3,47,4,4,4,8,3,5,6,2,9,28.975595238095238,27.39404761904762
3,48,4,2,3,8,6,9,6,2,5,28.93968253968254,27.389285714285716
3,49,4,3,1,2,8,4,9,8,4,24.24563492063492,27.314285714285713
4,0,9,4,8,5,3,7,4,3,1,34.949801587301586,27.51309523809524
4,1,6,4,1,3,3,1,6,3,3,23.084325396825395,27.43690476190476
4,2,1,5,4,8,3,5,6,2,10,27.041666666666668,27.502380952380953
4,3,2,3,1,2,3,4,9,8,3,17.384722222222223,27.276190476190475
4,4,1,5,4,2,3,9,6,2,10,21.16626984126984,27.34642857142857
4,5,3,2,1,1,1,4,8,8,3,14.32797619047619,26.601190476190474
4,6,2,2,1,3,4,5,9,9,2,18.267460317460316,27.30952380952381
4,7,1,3,1,2,3,4,9,1,1,16.25952380952381,27.267857142857142
4,8,2,3,1,2,3,4,9,8,3,17.384722222222223,27.276190476190475
4,9,4,1,1,3,1,5,9,10,8,16.132738095238096,27.061904761904763
4,10,2,1,1,1,1,4,4,7,6,12.192063492063493,26.216666666666665
4,11,1,2,1,1,1,5,1,9,3,12.173214285714286,26.02261904761905
4,12,3,1,1,1,3,5,1,9,4,15.179365079365079,26.611904761904764
4,13,4,3,1,2,3,3,9,9,3,19.298412698412697,27.33452380952381
4,14,2,2,1,1,1,4,1,9,3,13.05734126984127,26.135714285714286
4,15,3,2,1,3,1,5,9,9,2,16.228571428571428,26.879761904761907
4,16,1,3,1,3,6,3,8,2,1,20.30297619047619,27.332142857142856
4,17,1,4,1,3,7,3,8,2,1,22.26825396825397,27.336904761904762
4,18,4,3,1,2,3,4,9,9,4,19.34503968253968,27.276190476190475
4,19,4,3,1,2,3,4,9,9,4,19.34503968253968,27.276190476190475
4,20,3,7,6,9,5,10,5,7,6,36.00396825396825,27.476190476190474
4,21,9,2,7,3,3,1,5,8,8,29.853571428571428,27.43095238095238
4,22,1,6,4,8,3,5,6,2,10,27.976190476190474,27.39404761904762
4,23,3,1,9,5,5,3,7,8,9,29.092261904761905,27.401190476190475
4,24,3,1,1,1,3,4,1,4,3,15.097619047619048,26.57857142857143
4,25,5,8,1,3,6,6,4,8,3,29.337896825396825,27.42142857142857
4,26,4,2,7,2,3,4,9,9,5,24.18154761904762,27.345238095238095
4,27,3,7,6,9,5,10,5,7,6,36.00396825396825,27.476190476190474
4,28,1,4,1,3,7,3,8,2,1,22.26825396825397,27.336904761904762
4,29,9,3,2,3,3,7,6,2,2,26.23611111111111,27.38809523809524
4,30,5,1,1,1,1,4,8,8,3,15.189880952380951,26.58214285714286
4,31,4,4,4,10,5,3,9,3,3,32.80515873015873,27.436904761904763
4,32,3,2,1,2,2,5,9,9,5,16.28551587301587,27.15595238095238
4,33,1,4,1,1,1,4,5,1,1,14.338690476190477,26.516666666666666
4,34,5,10,10,6,5,3,5,7,2,41.97797619047619,27.461904761904762
4,35,3,1,1,1,3,5,1,10,4,14.99345238095238,26.50357142857143
4,36,6,1,1,1,3,1,6,3,3,18.033730158730158,26.852380952380955
4,37,4,1,1,1,3,6,1,9,4,16.040873015873018,26.534523809523808
4,38,3,1,9,5,6,7,9,6,9,30.152579365079365,27.419047619047618
4,39,4,4,4,10,10,3,10,4,8,38.02043650793651,27.445238095238096
4,40,5,8,7,4,6,8,4,8,3,35.94365079365079,27.42142857142857
4,41,2,2,2,6,1,2,9,8,1,19.09404761904762,27.125
4,42,1,4,4,5,3,7,6,3,9,23.123809523809523,27.33095238095238
4,43,1,3,1,3,6,3,4,2,1,20.34543650793651,27.241666666666667
4,44,4,3,1,3,1,5,9,10,8,18.227777777777778,27.002380952380953
4,45,3,2,2,9,4,2,6,8,2,26.22222222222222,27.340476190476192
4,46,2,4,1,4,2,5,1,10,4,18.898214285714285,27.08809523809524
4,47,6,4,1,4,6,2,9,3,3,27.349007936507938,27.38095238095238
4,48,5,1,1,3,6,6,1,10,3,22.224206349206348,27.285714285714285
4,49,9,4,8,5,4,6,4,7,6,36.14484126984127,27.43690476190476
5,0,9,4,8,5,3,7,4,3,1,34.949801587301586,27.51309523809524
5,1,1,5,4,8,3,5,6,2,10,27.041666666666668,27.502380952380953
5,2,2,3,1,2,3,4,9,8,3,17.384722222222223,27.276190476190475
5,3,1,5,4,2,3,9,6,2,10,21.16626984126984,27.34642857142857
5,4,3,2,1,1,1,4,8,8,3,14.32797619047619,26.601190476190474
5,5,2,2,1,3,4,5,9,9,2,18.267460317460316,27.30952380952381
5,6,1,3,1,2,3,4,9,1,1,16.25952380952381,27.267857142857142
5,7,2,3,1,2,3,4,9,8,3,17.384722222222223,27.276190476190475
5,8,4,1,1,3,1,5,9,10,8,16.132738095238096,27.061904761904763
5,9,2,1,1,1,1,4,4,7,6,12.192063492063493,26.216666666666665
5,10,1,2,1,1,1,5,1,9,3,12.173214285714286,26.02261904761905
5,11,4,3,1,2,3,3,9,9,3,19.298412698412697,27.33452380952381
5,12,1,4,1,3,7,4,7,1,6,22.311904761904763,27.476190476190474
5,13,2,1,1,1,1,4,4,7,6,12.192063492063493,26.216666666666665
5,14,2,2,1,1,1,5,9,8,1,13.134920634920634,26.56547619047619
5,15,2,1,1,1,1,3,4,7,1,12.261507936507936,26.452380952380953
5,16,1,1,1,1,1,6,1,9,4,11.052777777777777,25.941666666666666
5,17,1,1,3,1,3,5,1,9,4,14.95357142857143,26.71785714285714
5,18,1,3,1,3,1,3,4,2,2,15.274801587301587,26.94047619047619
5,19,6,4,1,3,3,1,6,3,3,23.084325396825395,27.43690476190476
5,20,3,1,1,1,3,5,1,9,4,15.179365079365079,26.611904761904764
5,21,1,3,1,3,6,3,8,2,1,20.30297619047619,27.332142857142856
5,22,1,4,1,3,7,3,8,2,1,22.26825396825397,27.336904761904762
5,23,4,3,1,2,3,4,9,9,4,19.34503968253968,27.276190476190475
5,24,4,3,1,2,3,4,9,9,4,19.34503968253968,27.276190476190475
5,25,3,1,1,1,3,4,1,4,3,15.097619047619048,26.57857142857143
5,26,1,4,1,3,7,3,8,2,1,22.26825396825397,27.336904761904762
5,27,4,4,4,10,5,3,9,3,3,32.80515873015873,27.436904761904763
5,28,3,2,1,2,2,5,9,9,5,16.28551587301587,27.15595238095238
5,29,1,4,1,1,1,4,5,1,1,14.338690476190477,26.516666666666666
5,30,1,4,1,3,7,3,8,2,1,22.26825396825397,27.336904761904762
5,31,3,2,1,1,3,1,8,9,3,16.213492063492062,26.984523809523807
5,32,3,2,7,2,3,4,9,9,5,23.020238095238096,27.35238095238095
5,33,2,1,1,1,3,9,1,10,4,14.187301587301587,26.501190476190477
5,34,1,2,1,1,1,4,5,1,3,12.301587301587302,26.40714285714286
5,35,3,1,1,1,3,4,1,4,2,15.195634920634921,26.652380952380952
5,36,1,2,1,1,1,5,1,8,3,12.101587301587301,25.922619047619047
5,37,3,4,9,5,6,7,9,6,9,32.983134920634924,27.49642857142857
5,38,3,2,1,2,3,4,8,8,3,17.286507936507935,27.266666666666666
5,39,3,7,6,9,5,10,5,7,6,36.00396825396825,27.476190476190474
5,40,3,7,6,9,5,10,5,7,6,36.00396825396825,27.476190476190474
5,41,2,2,1,1,1,4,1,9,3,13.05734126984127,26.135714285714286
5,42,4,2,1,2,2,4,9,9,5,17.284920634920635,27.15595238095238
5,43,3,2,1,1,1,5,5,9,2,14.272222222222222,26.47142857142857
5,44,5,1,1,1,1,4,8,8,3,15.189880952380951,26.58214285714286
5,45,9,2,7,3,3,1,5,8,8,29.853571428571428,27.43095238095238
5,46,3,2,1,3,1,5,9,9,2,16.228571428571428,26.879761904761907
5,47,3,2,1,3,5,5,9,9,2,20.165674603174605,27.270238095238096
5,48,1,4,1,3,1,3,9,1,1,16.31686507936508,26.889285714285716
5,49,9,3,2,3,3,7,6,2,2,26.23611111111111,27.38809523809524
6,0,9,4,8,5,3,7,4,3,1,34.949801587301586,27.51309523809524
6,1,1,5,4,8,3,5,6,2,10,27.041666666666668,27.502380952380953
6,2,2,2,1,3,4,5,9,9,2,18.267460317460316,27.30952380952381
6,3,1,3,1,2,3,4,9,1,1,16.25952380952381,27.267857142857142
6,4,4,3,1,2,3,3,9,9,3,19.298412698412697,27.33452380952381
6,5,1,4,1,3,7,4,7,1,6,22.311904761904763,27.476190476190474
6,6,2,2,1,1,1,5,9,8,1,13.134920634920634,26.56547619047619
6,7,1,1,1,1,1,6,1,9,4,11.052777777777777,25.941666666666666
6,8,1,1,1,3,1,3,4,9,4,13.279166666666667,26.946428571428573
6,9,4,2,1,2,2,4,9,9,9,17.21686507936508,27.28214285714286
6,10,1,4,1,3,5,4,7,1,6,20.30456349206349,27.44047619047619
6,11,1,3,1,2,2,1,8,9,3,15.103968253968254,27.166666666666668
6,12,1,1,1,1,1,6,1,9,4,11.052777777777777,25.941666666666666
6,13,1,2,1,1,1,4,5,9,2,12.071626984126985,26.295238095238094
6,14,1,2,1,3,1,5,9,1,2,14.266468253968254,27.051190476190477
6,15,1,2,1,1,1,5,9,2,1,12.220039682539683,26.501190476190477
6,16,2,3,1,2,3,4,9,8,3,17.384722222222223,27.276190476190475
6,17,1,5,4,2,3,9,6,2,10,21.16626984126984,27.34642857142857
6,18,2,3,1,2,3,4,9,8,3,17.384722222222223,27.276190476190475
6,19,4,1,1,3,1,5,9,10,8,16.132738095238096,27.061904761904763
6,20,2,1,1,1,1,4,4,7,6,12.192063492063493,26.216666666666665
6,21,1,2,1,1,1,5,1,9,3,12.173214285714286,26.02261904761905
6,22,2,1,1,1,1,4,4,7,6,12.192063492063493,26.216666666666665
6,23,2,1,1,1,1,3,4,7,1,12.261507936507936,26.452380952380953
6,24,6,4,1,3,3,1,6,3,3,23.084325396825395,27.43690476190476
6,25,1,3,1,3,6,3,8,2,1,20.30297619047619,27.332142857142856
6,26,4,4,4,10,5,3,9,3,3,32.80515873015873,27.436904761904763
6,27,3,2,1,2,2,5,9,9,5,16.28551587301587,27.15595238095238
6,28,3,2,7,2,3,4,9,9,5,23.020238095238096,27.35238095238095
6,29,2,1,1,1,3,9,1,10,4,14.187301587301587,26.501190476190477
6,30,3,4,9,5,6,7,9,6,9,32.983134920634924,27.49642857142857
6,31,3,2,1,2,3,4,8,8,3,17.286507936507935,27.266666666666666
6,32,1,2,1,3,1,5,9,8,2,14.197222222222223,26.891666666666666
6,33,2,1,1,1,1,4,1,7,5,12.100793650793651,25.922619047619047
6,34,4,1,1,2,1,5,9,10,5,15.164880952380953,26.975
6,35,2,1,1,1,3,4,9,1,1,14.222222222222223,26.892857142857142
6,36,2,1,1,1,2,2,1,9,4,12.900595238095239,26.495238095238097
6,37,1,2,1,1,1,5,1,8,3,12.101587301587301,25.922619047619047
6,38,3,7,6,9,5,10,5,7,6,36.00396825396825,27.476190476190474
6,39,3,7,6,9,5,10,5,7,6,36.00396825396825,27.476190476190474
6,40,9,2,7,3,3,1,5,8,8,29.853571428571428,27.43095238095238
6,41,2,1,1,1,1,3,1,9,3,12.225198412698413,25.98452380952381
6,42,4,2,1,2,2,4,9,9,5,17.284920634920635,27.15595238095238
6,43,1,2,1,1,1,4,5,1,3,12.301587301587302,26.40714285714286
6,44,2,7,6,9,5,10,5,7,6,34.98373015873016,27.445238095238096
6,45,9,3,2,3,3,7,6,2,2,26.23611111111111,27.38809523809524
6,46,3,2,1,1,3,1,8,9,3,16.213492063492062,26.984523809523807
6,47,2,4,1,4,5,3,5,2,1,22.26904761904762,27.341666666666665
6,48,1,4,8,5,3,9,6,2,9,27.0859126984127,27.41785714285714
6,49,1,2,1,3,1,5,1,9,2,14.186309523809523,26.478571428571428
7,0,9,4,8,5,3,7,4,3,1,34.949801587301586,27.51309523809524
7,1,1,5,4,8,3,5,6,2,10,27.041666666666668,27.502380952380953
7,2,2,2,1,3,4,5,9,9,2,18.267460317460316,27.30952380952381
7,3,1,1,1,3,1,3,4,9,4,13.279166666666667,26.946428571428573
7,4,4,2,1,2,2,4,9,9,9,17.21686507936508,27.28214285714286
7,5,1,3,1,2,2,1,8,9,3,15.103968253968254,27.166666666666668
7,6,1,2,1,3,1,5,9,1,2,14.266468253968254,27.051190476190477
7,7,1,1,1,1,1,4,5,1,3,11.10873015873016,26.41904761904762
7,8,1,2,1,1,1,5,9,8,1,12.15079365079365,26.639285714285716
7,9,4,1,1,3,4,9,9,9,6,19.185714285714287,27.485714285714284
7,10,1,1,1,1,1,1,1,9,3,10.949603174603174,26.19047619047619
7,11,3,1,1,3,2,5,9,9,1,16.25873015873016,27.28095238095238
7,12,1,3,1,2,3,4,9,1,1,16.25952380952381,27.267857142857142
7,13,4,3,1,2,3,3,9,9,3,19.298412698412697,27.33452380952381
7,14,1,4,1,3,7,4,7,1,6,22.311904761904763,27.476190476190474
7,15,2,2,1,1,1,5,9,8,1,13.134920634920634,26.56547619047619
7,16,1,1,1,1,1,6,1,9,4,11.052777777777777,25.941666666666666
7,17,1,4,1,3,5,4,7,1,6,20.30456349206349,27.44047619047619
7,18,1,1,1,1,1,6,1,9,4,11.052777777777777,25.941666666666666
7,19,1,2,1,1,1,5,9,2,1,12.220039682539683,26.501190476190477
7,20,2,3,1,2,3,4,9,8,3,17.384722222222223,27.276190476190475
7,21,2,3,1,2,3,4,9,8,3,17.384722222222223,27.276190476190475
7,22,4,1,1,3,1,5,9,10,8,16.132738095238096,27.061904761904763
7,23,3,4,9,5,6,7,9,6,9,32.983134920634924,27.49642857142857
7,24,4,1,1,2,1,5,9,10,5,15.164880952380953,26.975
7,25,1,1,1,1,1,6,6,9,4,11.212896825396825,26.35952380952381
7,26,1,3,1,1,2,1,8,9,3,14.167063492063493,26.901190476190475
7,27,2,2,1,3,3,1,8,9,3,17.198412698412696,27.27261904761905
7,28,1,1,1,1,1,6,1,9,4,11.052777777777777,25.941666666666666
7,29,1,2,1,2,1,5,9,2,1,13.369047619047619,26.877380952380953
7,30,1,1,1,1,1,3,1,1,4,11.208333333333334,25.885714285714286
7,31,3,7,6,9,5,10,5,7,6,36.00396825396825,27.476190476190474
7,32,3,7,6,9,5,10,5,7,6,36.00396825396825,27.476190476190474
7,33,4,4,4,10,5,3,9,3,3,32.80515873015873,27.436904761904763
7,34,6,4,1,3,3,1,6,3,3,23.084325396825395,27.43690476190476
7,35,1,2,1,1,1,4,5,9,2,12.071626984126985,26.295238095238094
7,36,2,1,1,1,3,9,1,10,4,14.187301587301587,26.501190476190477
7,37,3,2,1,1,3,1,8,9,3,16.213492063492062,26.984523809523807
7,38,1,2,1,3,1,5,9,8,2,14.197222222222223,26.891666666666666
7,39,3,2,1,2,3,4,8,8,3,17.286507936507935,27.266666666666666
7,40,3,2,1,2,2,5,9,9,5,16.28551587301587,27.15595238095238
7,41,1,2,1,3,7,4,7,2,6,20.26984126984127,27.282142857142855
7,42,2,1,1,1,1,3,4,7,1,12.261507936507936,26.452380952380953
7,43,2,7,6,9,5,10,5,7,6,34.98373015873016,27.445238095238096
7,44,2,1,1,1,3,4,9,1,1,14.222222222222223,26.892857142857142
7,45,3,2,7,2,3,4,9,9,5,23.020238095238096,27.35238095238095
7,46,1,5,4,2,3,9,6,2,10,21.16626984126984,27.34642857142857
7,47,2,1,1,1,2,2,1,9,4,12.900595238095239,26.495238095238097
7,48,1,3,1,3,6,3,8,2,1,20.30297619047619,27.332142857142856
7,49,1,2,1,1,3,9,1,10,4,14.187301587301587,26.501190476190477
8,0,9,4,8,5,3,7,4,3,1,34.949801587301586,27.51309523809524
8,1,1,5,4,8,3,5,6,2,10,27.041666666666668,27.502380952380953
8,2,1,2,1,3,1,5,9,1,2,14.266468253968254,27.051190476190477
8,3,4,1,1,3,4,9,9,9,6,19.185714285714287,27.485714285714284
8,4,1,1,1,1,1,1,1,9,3,10.949603174603174,26.19047619047619
8,5,3,1,1,3,2,5,9,9,1,16.25873015873016,27.28095238095238
8,6,1,1,1,1,1,3,5,1,4,11.106944444444444,26.41904761904762
8,7,1,1,1,2,3,6,8,8,4,14.28888888888889,27.266666666666666
8,8,1,1,1,1,1,4,9,8,2,11.232936507936508,26.62857142857143
8,9,1,1,1,3,2,5,9,8,2,14.288095238095238,27.14047619047619
8,10,1,1,1,1,3,1,9,9,3,13.075198412698413,26.96904761904762
8,11,2,1,1,1,1,5,9,8,1,12.150198412698412,26.639285714285716
8,12,1,1,1,1,1,6,7,1,6,11.209523809523809,26.54047619047619
8,13,4,1,1,3,4,9,9,9,6,19.185714285714287,27.485714285714284
8,14,1,3,3,2,2,1,8,8,3,17.009325396825396,27.310714285714287
8,15,2,2,1,3,4,5,9,9,2,18.267460317460316,27.30952380952381
8,16,1,1,1,3,1,3,4,9,4,13.279166666666667,26.946428571428573
8,17,4,2,1,2,2,4,9,9,9,17.21686507936508,27.28214285714286
8,18,1,3,1,2,2,1,8,9,3,15.103968253968254,27.166666666666668
8,19,1,1,1,1,1,4,5,1,3,11.10873015873016,26.41904761904762
8,20,1,2,1,1,1,5,9,8,1,12.15079365079365,26.639285714285716
8,21,1,3,1,2,3,4,9,1,1,16.25952380952381,27.267857142857142
8,22,4,3,1,2,3,3,9,9,3,19.298412698412697,27.33452380952381
8,23,1,4,1,3,7,4,7,1,6,22.311904761904763,27.476190476190474
8,24,1,1,1,1,1,6,1,9,4,11.052777777777777,25.941666666666666
8,25,1,4,1,3,5,4,7,1,6,20.30456349206349,27.44047619047619
8,26,1,1,1,1,1,6,1,9,4,11.052777777777777,25.941666666666666
8,27,3,4,9,5,6,7,9,6,9,32.983134920634924,27.49642857142857
8,28,2,2,1,3,3,1,8,9,3,17.198412698412696,27.27261904761905
8,29,1,1,1,1,1,6,1,9,4,11.052777777777777,25.941666666666666
8,30,1,2,1,2,1,5,9,1,1,13.24563492063492,26.76309523809524
8,31,1,1,1,1,1,6,1,9,4,11.052777777777777,25.941666666666666
8,32,1,2,1,1,1,5,9,8,1,12.15079365079365,26.639285714285716
8,33,1,2,1,1,1,4,8,9,2,12.10436507936508,26.50595238095238
8,34,1,1,1,3,1,3,4,9,4,13.279166666666667,26.946428571428573
8,35,1,1,1,1,1,3,1,1,4,11.208333333333334,25.885714285714286
8,36,3,7,6,9,5,10,5,7,6,36.00396825396825,27.476190476190474
8,37,3,7,6,9,5,10,5,7,6,36.00396825396825,27.476190476190474
8,38,2,4,9,5,6,7,9,6,9,31.922420634920634,27.445238095238096
8,39,1,1,1,1,1,6,6,9,4,11.212896825396825,26.35952380952381
8,40,6,4,1,3,3,1,6,3,3,23.084325396825395,27.43690476190476
8,41,1,2,1,2,1,5,9,2,1,13.369047619047619,26.877380952380953
8,42,1,1,1,1,3,4,1,9,4,13.051190476190477,26.633333333333333
8,43,1,2,1,1,1,5,9,2,1,12.220039682539683,26.501190476190477
8,44,3,2,1,2,2,5,9,9,5,16.28551587301587,27.15595238095238
8,45,1,2,1,3,7,4,7,2,6,20.26984126984127,27.282142857142855
8,46,3,2,7,2,3,4,9,9,5,23.020238095238096,27.35238095238095
8,47,1,3,1,1,2,1,8,9,3,14.167063492063493,26.901190476190475
8,48,4,1,1,2,1,5,9,10,5,15.164880952380953,26.975
8,49,2,3,1,2,3,4,9,8,3,17.384722222222223,27.276190476190475
9,0,9,4,8,5,3,7,4,3,1,34.949801587301586,27.51309523809524
9,1,1,5,4,8,3,5,6,2,10,27.041666666666668,27.502380952380953
9,2,4,1,1,3,4,9,9,9,6,19.185714285714287,27.485714285714284
9,3,1,1,1,1,1,1,1,9,3,10.949603174603174,26.19047619047619
9,4,1,1,1,1,1,3,5,1,4,11.106944444444444,26.41904761904762
9,5,1,1,1,1,1,4,9,8,2,11.232936507936508,26.62857142857143
9,6,1,1,1,1,3,1,9,9,3,13.075198412698413,26.96904761904762
9,7,2,1,1,1,1,5,9,8,1,12.150198412698412,26.639285714285716
9,8,1,1,1,1,1,6,7,1,6,11.209523809523809,26.54047619047619
9,9,4,1,1,3,4,9,9,9,6,19.185714285714287,27.485714285714284
9,10,1,1,1,1,1,3,5,1,4,11.106944444444444,26.41904761904762
9,11,1,1,1,2,1,5,9,2,1,12.246825396825397,26.76309523809524
9,12,1,1,1,3,2,5,9,8,4,14.263492063492064,27.267857142857142
9,13,1,1,1,1,3,1,9,9,3,13.075198412698413,26.96904761904762
9,14,1,1,4,3,3,3,4,9,3,18.214484126984125,27.46785714285714
9,15,1,1,1,1,1,1,5,9,3,11.086507936507937,26.40595238095238
9,16,1,1,1,1,3,4,9,9,4,13.258928571428571,27.080952380952382
9,17,2,1,1,1,1,5,9,8,1,12.150198412698412,26.639285714285716
9,18,1,1,1,2,3,5,8,8,2,14.360119047619047,27.460714285714285
9,19,4,1,1,3,4,9,9,9,6,19.185714285714287,27.485714285714284
9,20,1,1,1,1,1,6,7,1,6,11.209523809523809,26.54047619047619
9,21,1,2,1,3,1,5,9,1,2,14.266468253968254,27.051190476190477
9,22,3,1,1,3,2,5,9,9,1,16.25873015873016,27.28095238095238
9,23,1,1,1,2,3,6,8,8,4,14.28888888888889,27.266666666666666
9,24,1,1,1,3,2,5,9,8,2,14.288095238095238,27.14047619047619
9,25,1,3,3,2,2,1,8,8,3,17.009325396825396,27.310714285714287
9,26,1,1,1,3,1,3,4,9,4,13.279166666666667,26.946428571428573
9,27,1,1,1,1,1,4,5,1,3,11.10873015873016,26.41904761904762
9,28,1,2,1,1,1,5,9,8,1,12.15079365079365,26.639285714285716
9,29,4,3,1,2,3,3,9,9,3,19.298412698412697,27.33452380952381
9,30,1,4,1,3,7,4,7,1,6,22.311904761904763,27.476190476190474
9,31,1,1,1,1,1,6,1,9,4,11.052777777777777,25.941666666666666
9,32,1,4,1,3,5,4,7,1,6,20.30456349206349,27.44047619047619
9,33,1,1,1,1,1,6,1,9,4,11.052777777777777,25.941666666666666
9,34,3,4,9,5,6,7,9,6,9,32.983134920634924,27.49642857142857
9,35,1,1,1,1,1,6,1,9,4,11.052777777777777,25.941666666666666
9,36,1,2,1,2,1,5,9,1,1,13.24563492063492,26.76309523809524
9,37,1,1,1,1,1,6,1,9,4,11.052777777777777,25.941666666666666
9,38,1,2,1,1,1,5,9,8,1,12.15079365079365,26.639285714285716
9,39,1,2,1,1,1,4,8,9,2,12.10436507936508,26.50595238095238
9,40,1,1,1,3,1,3,4,9,4,13.279166666666667,26.946428571428573
9,41,1,1,1,1,1,9,4,9,4,11.210714285714285,26.48095238095238
9,42,1,1,1,1,1,6,1,9,4,11.052777777777777,25.941666666666666
9,43,1,1,1,3,1,3,4,9,4,13.279166666666667,26.946428571428573
9,44,3,4,9,5,6,7,9,6,9,32.983134920634924,27.49642857142857
9,45,3,7,6,9,5,10,5,7,6,36.00396825396825,27.476190476190474
9,46,1,1,1,1,1,3,1,1,3,11.061706349206348,25.867857142857144
9,47,3,7,6,9,5,10,5,7,6,36.00396825396825,27.476190476190474
9,48,2,4,9,5,6,7,9,6,9,31.922420634920634,27.445238095238096
9,49,6,4,1,3,3,1,6,3,3,23.084325396825395,27.43690476190476
10,0,9,4,8,5,3,7,4,3,1,34.949801587301586,27.51309523809524
10,1,1,5,4,8,3,5,6,2,10,27.041666666666668,27.502380952380953
10,2,4,1,1,3,4,9,9,9,6,19.185714285714287,27.485714285714284
10,3,1,1,1,1,1,1,1,9,3,10.949603174603174,26.19047619047619
10,4,1,1,1,1,1,3,5,1,4,11.106944444444444,26.41904761904762
10,5,1,1,1,1,1,4,9,8,2,11.232936507936508,26.62857142857143
10,6,1,1,1,1,3,1,9,9,3,13.075198412698413,26.96904761904762
10,7,2,1,1,1,1,5,9,8,1,12.150198412698412,26.639285714285716
10,8,1,1,1,1,1,6,7,1,6,11.209523809523809,26.54047619047619
10,9,4,1,1,3,4,9,9,9,6,19.185714285714287,27.485714285714284
10,10,1,1,1,1,1,3,5,1,4,11.106944444444444,26.41904761904762
10,11,1,1,1,3,2,5,9,8,4,14.263492063492064,27.267857142857142
10,12,1,1,1,1,3,1,9,9,3,13.075198412698413,26.96904761904762
10,13,1,1,4,3,3,3,4,9,3,18.214484126984125,27.46785714285714
10,14,1,1,1,1,1,1,5,9,3,11.086507936507937,26.40595238095238
10,15,1,1,1,1,3,4,9,9,4,13.258928571428571,27.080952380952382
10,16,2,1,1,1,1,5,9,8,1,12.150198412698412,26.639285714285716
10,17,1,1,1,2,3,5,8,8,2,14.360119047619047,27.460714285714285
10,18,4,1,1,3,4,9,9,9,6,19.185714285714287,27.485714285714284
10,19,1,1,1,1,1,6,7,1,6,11.209523809523809,26.54047619047619
10,20,1,1,1,2,3,5,8,8,2,14.360119047619047,27.460714285714285
10,21,1,1,1,1,1,1,1,9,3,10.949603174603174,26.19047619047619
10,22,1,1,1,3,2,1,6,3,4,14.10436507936508,27.09285714285714
10,23,1,1,1,1,1,3,5,1,4,11.106944444444444,26.41904761904762
10,24,1,1,1,1,1,2,5,1,4,11.227380952380951,26.557142857142857
10,25,1,1,1,2,3,5,8,8,4,14.246626984126983,27.226190476190478
10,26,1,1,1,2,1,3,4,9,4,12.16825396825397,26.77857142857143
10,27,3,4,9,5,6,7,9,6,9,32.983134920634924,27.49642857142857
10,28,3,4,9,5,6,7,9,6,9,32.983134920634924,27.49642857142857
10,29,1,1,1,1,1,6,1,9,4,11.052777777777777,25.941666666666666
10,30,1,1,1,1,1,6,1,9,4,11.052777777777777,25.941666666666666
10,31,1,4,1,3,7,4,7,1,6,22.311904761904763,27.476190476190474
10,32,4,1,1,3,4,9,8,9,6,19.222420634920635,27.458333333333332
10,33,1,1,1,1,1,4,5,1,3,11.10873015873016,26.41904761904762
10,34,1,3,1,2,2,4,7,1,6,15.36626984126984,27.41190476190476
10,35,1,1,1,2,1,5,9,2,1,12.246825396825397,26.76309523809524
10,36,1,1,1,1,3,1,9,9,4,13.158730158730158,26.896428571428572
10,37,1,2,1,1,1,4,8,9,2,12.10436507936508,26.50595238095238
10,38,1,1,1,3,3,5,9,9,2,15.225396825396825,27.283333333333335
10,39,1,1,1,3,2,5,9,8,2,14.288095238095238,27.14047619047619
10,40,1,1,1,2,3,6,8,8,4,14.28888888888889,27.266666666666666
10,41,1,2,1,3,1,5,9,1,2,14.266468253968254,27.051190476190477
10,42,1,1,1,1,1,9,4,9,4,11.210714285714285,26.48095238095238
10,43,1,2,1,1,1,5,9,8,1,12.15079365079365,26.639285714285716
10,44,1,2,1,1,1,5,9,8,1,12.15079365079365,26.639285714285716
10,45,1,1,1,3,1,3,4,9,4,13.279166666666667,26.946428571428573
10,46,1,1,1,3,1,3,4,9,4,13.279166666666667,26.946428571428573
10,47,1,2,1,3,1,5,9,2,1,14.266468253968254,27.051190476190477
10,48,1,1,1,1,1,6,1,9,4,11.052777777777777,25.941666666666666
10,49,1,1,1,1,1,6,1,9,4,11.052777777777777,25.941666666666666
11,0,9,4,8,5,3,7,4,3,1,34.949801587301586,27.51309523809524
11,1,1,5,4,8,3,5,6,2,10,27.041666666666668,27.502380952380953
11,2,4,1,1,3,4,9,9,9,6,19.185714285714287,27.485714285714284
11,3,1,1,1,1,1,1,1,9,3,10.949603174603174,26.19047619047619
11,4,4,1,1,3,4,9,9,9,6,19.185714285714287,27.485714285714284
11,5,1,1,4,3,3,3,4,9,3,18.214484126984125,27.46785714285714
11,6,1,1,1,1,3,4,9,9,4,13.258928571428571,27.080952380952382
11,7,1,1,1,2,3,5,8,8,2,14.360119047619047,27.460714285714285
11,8,4,1,1,3,4,9,9,9,6,19.185714285714287,27.485714285714284
11,9,1,1,1,2,3,5,8,8,2,14.360119047619047,27.460714285714285
11,10,1,1,1,1,1,1,1,9,3,10.949603174603174,26.19047619047619
11,11,1,1,1,2,1,3,4,9,4,12.16825396825397,26.77857142857143
11,12,1,1,1,2,2,5,9,8,4,13.393849206349206,27.36190476190476
11,13,1,1,1,2,1,2,4,9,2,12.057539682539682,26.777380952380952
11,14,1,1,1,1,1,1,9,2,3,11.075992063492064,26.632142857142856
11,15,1,1,1,1,1,1,1,9,3,10.949603174603174,26.19047619047619
11,16,1,1,1,2,1,4,9,8,6,12.389285714285714,27.020238095238096
11,17,1,1,1,1,1,1,1,9,3,10.949603174603174,26.19047619047619
11,18,1,1,1,1,1,3,5,1,4,11.106944444444444,26.41904761904762
11,19,1,1,1,1,1,4,9,8,2,11.232936507936508,26.62857142857143
11,20,1,1,1,1,3,1,9,9,3,13.075198412698413,26.96904761904762
11,21,2,1,1,1,1,5,9,8,1,12.150198412698412,26.639285714285716
11,22,1,1,1,1,1,3,5,1,4,11.106944444444444,26.41904761904762
11,23,1,1,1,1,3,1,9,9,3,13.075198412698413,26.96904761904762
11,24,1,1,1,1,1,1,5,9,3,11.086507936507937,26.40595238095238
11,25,2,1,1,1,1,5,9,8,1,12.150198412698412,26.639285714285716
11,26,1,1,1,3,2,1,6,3,4,14.10436507936508,27.09285714285714
11,27,1,1,1,1,1,3,5,1,4,11.106944444444444,26.41904761904762
11,28,3,4,9,5,6,7,9,6,9,32.983134920634924,27.49642857142857
11,29,3,4,9,5,6,7,9,6,9,32.983134920634924,27.49642857142857
11,30,1,1,1,1,1,6,1,9,4,11.052777777777777,25.941666666666666
11,31,1,1,1,1,1,6,1,9,4,11.052777777777777,25.941666666666666
11,32,1,4,1,3,7,4,7,1,6,22.311904761904763,27.476190476190474
11,33,4,1,1,3,4,9,8,9,6,19.222420634920635,27.458333333333332
11,34,1,3,1,2,2,4,7,1,6,15.36626984126984,27.41190476190476
11,35,1,1,1,2,1,5,9,2,1,12.246825396825397,26.76309523809524
11,36,1,1,1,1,1,6,1,9,4,11.052777777777777,25.941666666666666
11,37,1,1,1,1,1,6,1,9,4,11.052777777777777,25.941666666666666
11,38,2,1,1,1,3,1,9,9,6,14.078174603174602,27.080952380952382
11,39,1,1,1,2,3,5,8,2,9,14.23531746031746,27.302380952380954
11,40,1,1,1,1,1,6,8,9,4,11.165079365079364,26.57857142857143
11,41,1,1,1,1,1,1,5,9,3,11.086507936507937,26.40595238095238
11,42,4,2,1,3,4,9,9,9,3,20.423412698412697,27.461904761904762
11,43,1,1,1,5,3,1,9,9,3,17.082142857142856,27.420238095238094
11,44,1,1,1,1,3,1,9,9,3,13.075198412698413,26.96904761904762
11,45,1,1,1,1,1,1,1,9,4,11.054960317460317,25.89047619047619
11,46,2,1,9,5,5,7,9,6,9,27.986309523809524,27.461904761904762
11,47,4,1,1,3,3,9,9,9,6,18.346230158730158,27.379761904761907
11,48,1,6,4,8,3,5,6,8,4,27.976190476190474,27.39404761904762
11,49,1,1,1,1,1,4,5,1,3,11.10873015873016,26.41904761904762
12,0,9,4,8,5,3,7,4,3,1,34.949801587301586,27.51309523809524
12,1,1,5,4,8,3,5,6,2,10,27.041666666666668,27.502380952380953
12,2,4,1,1,3,4,9,9,9,6,19.185714285714287,27.485714285714284
12,3,1,1,1,1,1,1,1,9,3,10.949603174603174,26.19047619047619
12,4,4,1,1,3,4,9,9,9,6,19.185714285714287,27.485714285714284
12,5,1,1,4,3,3,3,4,9,3,18.214484126984125,27.46785714285714
12,6,1,1,1,1,3,4,9,9,4,13.258928571428571,27.080952380952382
12,7,1,1,1,2,3,5,8,8,2,14.360119047619047,27.460714285714285
12,8,4,1,1,3,4,9,9,9,6,19.185714285714287,27.485714285714284
12,9,1,1,1,2,3,5,8,8,2,14.360119047619047,27.460714285714285
12,10,1,1,1,1,1,1,1,9,3,10.949603174603174,26.19047619047619
12,11,1,1,1,2,1,3,4,9,4,12.16825396825397,26.77857142857143
12,12,1,1,1,2,2,5,9,8,4,13.393849206349206,27.36190476190476
12,13,1,1,1,2,1,2,4,9,2,12.057539682539682,26.777380952380952
12,14,1,1,1,1,1,1,9,2,3,11.075992063492064,26.632142857142856
12,15,1,1,1,1,1,1,1,9,3,10.949603174603174,26.19047619047619
12,16,1,1,1,2,1,4,9,8,6,12.389285714285714,27.020238095238096
12,17,1,1,1,1,1,1,1,9,3,10.949603174603174,26.19047619047619
12,18,1,1,1,1,1,1,1,9,3,10.949603174603174,26.19047619047619
12,19,1,1,1,2,1,4,8,8,4,12.170833333333333,26.936904761904763
12,20,1,1,1,1,3,4,9,9,4,13.258928571428571,27.080952380952382
12,21,1,1,1,2,2,5,8,2,9,13.30376984126984,27.277380952380952
12,22,1,1,1,1,1,1,9,2,3,11.075992063492064,26.632142857142856
12,23,1,1,1,2,2,2,4,8,4,13.293253968253968,27.13452380952381
12,24,1,1,1,2,2,5,9,8,4,13.393849206349206,27.36190476190476
12,25,3,4,9,5,6,7,9,6,9,32.983134920634924,27.49642857142857
12,26,3,4,9,5,6,7,9,6,9,32.983134920634924,27.49642857142857
12,27,1,1,1,1,1,1,1,9,9,10.967063492063492,25.941666666666666
12,28,1,4,1,3,7,4,7,1,6,22.311904761904763,27.476190476190474
12,29,1,1,1,1,1,1,5,9,3,11.086507936507937,26.40595238095238
12,30,1,1,1,5,3,1,9,9,3,17.082142857142856,27.420238095238094
12,31,2,1,1,1,1,5,9,8,1,12.150198412698412,26.639285714285716
12,32,1,3,1,2,2,4,7,1,6,15.36626984126984,27.41190476190476
12,33,4,1,1,3,4,9,8,9,6,19.222420634920635,27.458333333333332
12,34,1,1,1,2,1,1,9,9,6,12.186706349206348,26.860714285714284
12,35,4,2,1,3,4,9,9,9,3,20.423412698412697,27.461904761904762
12,36,1,1,1,3,2,1,6,3,4,14.10436507936508,27.09285714285714
12,37,1,1,1,2,3,5,8,9,2,14.23531746031746,27.302380952380954
12,38,2,1,1,1,3,1,9,9,6,14.078174603174602,27.080952380952382
12,39,1,1,1,2,3,4,9,8,4,14.359325396825398,27.332142857142856
12,40,1,1,1,1,1,4,9,8,4,11.136111111111111,26.56547619047619
12,41,1,1,1,1,1,3,5,1,4,11.106944444444444,26.41904761904762
12,42,1,1,1,1,3,1,9,9,3,13.075198412698413,26.96904761904762
12,43,1,1,1,3,1,1,5,3,4,13.068650793650793,26.898809523809526
12,44,1,1,1,1,1,4,9,8,2,11.232936507936508,26.62857142857143
12,45,1,1,1,1,3,1,9,9,3,13.075198412698413,26.96904761904762
12,46,1,1,1,1,2,6,8,9,4,12.251587301587302,26.89404761904762
12,47,1,1,1,1,1,6,8,9,4,11.165079365079364,26.57857142857143
12,48,1,1,1,2,3,5,8,2,9,14.23531746031746,27.302380952380954
12,49,1,1,1,1,1,1,5,9,3,11.086507936507937,26.40595238095238
13,0,9,4,8,5,3,7,4,3,1,34.949801587301586,27.51309523809524
13,1,1,5,4,8,3,5,6,2,10,27.041666666666668,27.502380952380953
13,2,4,1,1,3,4,9,9,9,6,19.185714285714287,27.485714285714284
13,3,1,1,1,1,1,1,1,9,3,10.949603174603174,26.19047619047619
13,4,4,1,1,3,4,9,9,9,6,19.185714285714287,27.485714285714284
13,5,1,1,4,3,3,3,4,9,3,18.214484126984125,27.46785714285714
13,6,1,1,1,2,3,5,8,8,2,14.360119047619047,27.460714285714285
13,7,4,1,1,3,4,9,9,9,6,19.185714285714287,27.485714285714284
13,8,1,1,1,2,3,5,8,8,2,14.360119047619047,27.460714285714285
13,9,1,1,1,1,1,1,1,9,3,10.949603174603174,26.19047619047619
13,10,1,1,1,2,2,5,9,8,4,13.393849206349206,27.36190476190476
13,11,1,1,1,1,1,1,9,2,3,11.075992063492064,26.632142857142856
13,12,1,1,1,1,1,1,1,9,3,10.949603174603174,26.19047619047619
13,13,1,1,1,1,1,1,1,9,3,10.949603174603174,26.19047619047619
13,14,1,1,1,1,1,1,1,9,3,10.949603174603174,26.19047619047619
13,15,1,1,1,2,2,5,8,2,9,13.30376984126984,27.277380952380952
13,16,1,1,1,1,1,1,9,2,3,11.075992063492064,26.632142857142856
13,17,1,1,1,2,2,5,9,8,4,13.393849206349206,27.36190476190476
13,18,1,1,1,2,1,1,5,9,3,11.964484126984127,26.775
13,19,1,1,4,3,3,3,4,9,3,18.214484126984125,27.46785714285714
13,20,1,5,4,8,3,5,6,2,10,27.041666666666668,27.502380952380953
13,21,1,1,1,1,1,1,5,3,4,10.975,26.41904761904762
13,22,1,1,1,2,2,5,7,1,6,13.290277777777778,27.23690476190476
13,23,1,1,1,1,1,1,1,9,3,10.949603174603174,26.19047619047619
13,24,9,4,8,5,3,7,4,3,1,34.949801587301586,27.51309523809524
13,25,1,1,1,2,2,5,8,2,9,13.30376984126984,27.277380952380952
13,26,1,1,1,2,1,1,9,9,4,12.162301587301588,27.09285714285714
13,27,1,1,1,1,1,1,9,2,3,11.075992063492064,26.632142857142856
13,28,1,1,1,2,1,2,5,9,2,12.052182539682539,26.807142857142857
13,29,1,1,1,1,2,1,9,9,3,12.114087301587302,26.879761904761907
13,30,3,4,9,5,6,7,9,6,9,32.983134920634924,27.49642857142857
13,31,3,4,9,5,6,7,9,6,9,32.983134920634924,27.49642857142857
13,32,1,1,1,1,1,1,1,9,9,10.967063492063492,25.941666666666666
13,33,1,1,1,1,1,1,1,9,9,10.967063492063492,25.941666666666666
13,34,1,4,1,3,7,4,7,1,6,22.311904761904763,27.476190476190474
13,35,1,1,1,1,1,1,5,9,3,11.086507936507937,26.40595238095238
13,36,1,1,1,1,1,1,1,2,9,10.968253968253968,26.035714285714285
13,37,1,3,1,2,2,4,7,1,6,15.36626984126984,27.41190476190476
13,38,1,1,1,1,1,4,9,8,2,11.232936507936508,26.62857142857143
13,39,1,1,1,2,1,4,8,8,4,12.170833333333333,26.936904761904763
13,40,4,1,1,3,4,9,8,9,6,19.222420634920635,27.458333333333332
13,41,4,2,1,3,4,9,9,9,3,20.423412698412697,27.461904761904762
13,42,1,1,1,2,2,5,9,8,6,13.302182539682539,27.205952380952382
13,43,1,1,1,2,1,2,4,9,2,12.057539682539682,26.777380952380952
13,44,1,1,1,2,3,4,9,8,4,14.359325396825398,27.332142857142856
13,45,1,1,1,5,3,1,6,9,4,17.16626984126984,27.442857142857143
13,46,1,1,1,2,1,3,4,9,4,12.16825396825397,26.77857142857143
13,47,1,1,1,1,1,4,9,8,4,11.136111111111111,26.56547619047619
13,48,1,1,1,1,1,3,5,1,4,11.106944444444444,26.41904761904762
13,49,1,1,1,5,3,1,9,9,3,17.082142857142856,27.420238095238094
14,0,9,4,8,5,3,7,4,3,1,34.949801587301586,27.51309523809524
14,1,1,5,4,8,3,5,6,2,10,27.041666666666668,27.502380952380953
14,2,4,1,1,3,4,9,9,9,6,19.185714285714287,27.485714285714284
14,3,1,1,1,1,1,1,1,9,3,10.949603174603174,26.19047619047619
14,4,4,1,1,3,4,9,9,9,6,19.185714285714287,27.485714285714284
14,5,1,1,4,3,3,3,4,9,3,18.214484126984125,27.46785714285714
14,6,1,1,1,2,3,5,8,8,2,14.360119047619047,27.460714285714285
14,7,4,1,1,3,4,9,9,9,6,19.185714285714287,27.485714285714284
14,8,1,1,1,2,3,5,8,8,2,14.360119047619047,27.460714285714285
14,9,1,1,1,1,1,1,1,9,3,10.949603174603174,26.19047619047619
14,10,1,1,1,2,2,5,9,8,4,13.393849206349206,27.36190476190476
14,11,1,1,1,1,1,1,9,2,3,11.075992063492064,26.632142857142856
14,12,1,1,1,1,1,1,1,9,3,10.949603174603174,26.19047619047619
14,13,1,1,1,1,1,1,1,9,3,10.949603174603174,26.19047619047619
14,14,1,1,1,1,1,1,1,9,3,10.949603174603174,26.19047619047619
14,15,1,1,1,1,1,1,9,2,3,11.075992063492064,26.632142857142856
14,16,1,1,1,2,2,5,9,8,4,13.393849206349206,27.36190476190476
14,17,1,1,1,2,1,1,5,9,3,11.964484126984127,26.775
14,18,1,1,4,3,3,3,4,9,3,18.214484126984125,27.46785714285714
14,19,1,5,4,8,3,5,6,2,10,27.041666666666668,27.502380952380953
14,20,1,1,1,1,1,1,5,3,4,10.975,26.41904761904762
14,21,1,1,1,1,1,1,1,9,3,10.949603174603174,26.19047619047619
14,22,9,4,8,5,3,7,4,3,1,34.949801587301586,27.51309523809524
14,23,1,1,1,2,1,1,9,9,4,12.162301587301588,27.09285714285714
14,24,1,1,1,1,1,1,9,2,3,11.075992063492064,26.632142857142856
14,25,1,1,1,2,1,2,5,9,2,12.052182539682539,26.807142857142857
14,26,1,1,1,1,2,1,9,9,3,12.114087301587302,26.879761904761907
14,27,1,1,1,2,1,1,9,9,4,12.162301587301588,27.09285714285714
14,28,1,1,1,2,2,5,9,9,6,13.248214285714285,27.29047619047619
14,29,1,5,4,8,3,5,6,2,10,27.041666666666668,27.502380952380953
14,30,1,1,1,1,1,1,1,2,3,10.795039682539683,25.90357142857143
14,31,1,1,1,1,1,1,1,9,3,10.949603174603174,26.19047619047619
14,32,1,1,1,1,1,1,5,3,4,10.975,26.41904761904762
14,33,1,1,1,2,3,5,8,8,2,14.360119047619047,27.460714285714285
14,34,1,1,1,2,2,1,6,2,6,13.031150793650793,27.18095238095238
14,35,1,5,4,8,3,5,6,2,10,27.041666666666668,27.502380952380953
14,36,1,1,1,2,2,1,9,8,4,13.089682539682538,27.276190476190475
14,37,3,4,9,5,6,7,9,6,9,32.983134920634924,27.49642857142857
14,38,1,1,1,1,1,1,1,9,9,10.967063492063492,25.941666666666666
14,39,3,4,9,5,6,7,9,6,9,32.983134920634924,27.49642857142857
14,40,1,1,1,1,1,1,1,9,9,10.967063492063492,25.941666666666666
14,41,1,4,1,3,7,4,7,1,6,22.311904761904763,27.476190476190474
14,42,1,1,1,1,1,1,1,2,9,10.968253968253968,26.035714285714285
14,43,1,1,1,2,1,4,8,8,4,12.170833333333333,26.936904761904763
14,44,1,1,1,1,1,1,5,9,3,11.086507936507937,26.40595238095238
14,45,1,1,1,2,2,2,9,9,3,13.18015873015873,27.116666666666667
14,46,1,3,1,2,2,4,7,1,6,15.36626984126984,27.41190476190476
14,47,1,1,1,2,3,4,9,8,4,14.359325396825398,27.332142857142856
14,48,1,1,1,1,1,4,9,8,2,11.232936507936508,26.62857142857143
14,49,4,1,1,3,4,9,8,9,6,19.222420634920635,27.458333333333332
15,0,9,4,8,5,3,7,4,3,1,34.949801587301586,27.51309523809524
15,1,1,5,4,8,3,5,6,2,10,27.041666666666668,27.502380952380953
15,2,4,1,1,3,4,9,9,9,6,19.185714285714287,27.485714285714284
15,3,1,1,1,1,1,1,1,9,3,10.949603174603174,26.19047619047619
15,4,4,1,1,3,4,9,9,9,6,19.185714285714287,27.485714285714284
15,5,1,1,4,3,3,3,4,9,3,18.214484126984125,27.46785714285714
15,6,1,1,1,2,3,5,8,8,2,14.360119047619047,27.460714285714285
15,7,4,1,1,3,4,9,9,9,6,19.185714285714287,27.485714285714284
15,8,1,1,1,2,3,5,8,8,2,14.360119047619047,27.460714285714285
15,9,1,1,1,1,1,1,1,9,3,10.949603174603174,26.19047619047619
15,10,1,1,1,2,2,5,9,8,4,13.393849206349206,27.36190476190476
15,11,1,1,1,1,1,1,9,2,3,11.075992063492064,26.632142857142856
15,12,1,1,1,1,1,1,1,9,3,10.949603174603174,26.19047619047619
15,13,1,1,1,1,1,1,1,9,3,10.949603174603174,26.19047619047619
15,14,1,1,1,1,1,1,1,9,3,10.949603174603174,26.19047619047619
15,15,1,1,1,1,1,1,9,2,3,11.075992063492064,26.632142857142856
15,16,1,1,1,2,2,5,9,8,4,13.393849206349206,27.36190476190476
15,17,1,1,1,2,1,1,5,9,3,11.964484126984127,26.775
15,18,1,1,4,3,3,3,4,9,3,18.214484126984125,27.46785714285714
15,19,1,5,4,8,3,5,6,2,10,27.041666666666668,27.502380952380953
15,20,1,1,1,1,1,1,5,3,4,10.975,26.41904761904762
15,21,1,1,1,1,1,1,1,9,3,10.949603174603174,26.19047619047619
15,22,9,4,8,5,3,7,4,3,1,34.949801587301586,27.51309523809524
15,23,1,1,1,2,1,1,9,9,4,12.162301587301588,27.09285714285714
15,24,1,1,1,1,1,1,9,2,3,11.075992063492064,26.632142857142856
15,25,1,1,1,2,1,2,5,9,2,12.052182539682539,26.807142857142857
15,26,1,1,1,2,1,1,9,9,4,12.162301587301588,27.09285714285714
15,27,1,1,1,2,2,5,9,9,6,13.248214285714285,27.29047619047619
15,28,1,5,4,8,3,5,6,2,10,27.041666666666668,27.502380952380953
15,29,1,1,1,1,1,1,1,2,3,10.795039682539683,25.90357142857143
15,30,1,1,1,1,1,1,1,9,3,10.949603174603174,26.19047619047619
15,31,1,1,1,1,1,1,5,3,4,10.975,26.41904761904762
15,32,1,1,1,2,3,5,8,8,2,14.360119047619047,27.460714285714285
15,33,1,1,1,2,2,1,6,2,6,13.031150793650793,27.18095238095238
15,34,1,5,4,8,3,5,6,2,10,27.041666666666668,27.502380952380953
15,35,1,1,1,2,2,1,9,8,4,13.089682539682538,27.276190476190475
15,36,1,1,1,2,2,5,9,9,6,13.248214285714285,27.29047619047619
15,37,1,1,1,1,2,1,9,2,1,12.092261904761905,27.023809523809522
15,38,9,4,8,5,3,7,4,3,1,34.949801587301586,27.51309523809524
15,39,1,1,1,2,2,1,9,9,3,13.089682539682538,27.276190476190475
15,40,1,1,1,2,1,1,9,9,4,12.162301587301588,27.09285714285714
15,41,1,1,1,1,1,1,9,9,9,11.009722222222221,26.613095238095237
15,42,9,4,8,5,3,7,4,3,1,34.949801587301586,27.51309523809524
15,43,1,1,1,1,1,1,1,9,3,10.949603174603174,26.19047619047619
15,44,1,1,1,2,2,5,9,8,4,13.393849206349206,27.36190476190476
15,45,1,1,1,1,1,1,9,2,3,11.075992063492064,26.632142857142856
15,46,1,1,1,1,1,1,1,9,3,10.949603174603174,26.19047619047619
15,47,1,1,1,1,1,1,1,9,9,10.967063492063492,25.941666666666666
15,48,3,4,9,5,6,7,9,6,9,32.983134920634924,27.49642857142857
15,49,1,1,1,1,1,1,1,9,9,10.967063492063492,25.941666666666666
16,0,1,1,1,1,1,1,1,2,3,10.795039682539683,25.90357142857143
16,1,9,4,8,5,3,7,4,3,1,34.949801587301586,27.51309523809524
16,2,9,4,8,5,3,7,4,3,1,34.949801587301586,27.51309523809524
16,3,1,5,4,8,3,5,6,2,10,27.041666666666668,27.502380952380953
16,4,4,1,1,3,4,9,9,9,6,19.185714285714287,27.485714285714284
16,5,1,5,4,8,3,5,6,2,10,27.041666666666668,27.502380952380953
16,6,1,1,1,2,3,5,8,8,2,14.360119047619047,27.460714285714285
16,7,1,1,1,1,1,1,1,9,3,10.949603174603174,26.19047619047619
16,8,1,1,4,3,3,3,4,9,3,18.214484126984125,27.46785714285714
16,9,1,1,1,2,1,2,5,9,2,12.052182539682539,26.807142857142857
16,10,1,1,1,2,1,1,5,9,3,11.964484126984127,26.775
16,11,1,1,1,1,1,1,1,9,3,10.949603174603174,26.19047619047619
16,12,1,1,1,1,1,1,5,3,4,10.975,26.41904761904762
16,13,1,1,1,1,2,1,9,2,1,12.092261904761905,27.023809523809522
16,14,1,1,1,1,1,1,9,2,4,10.992460317460317,26.55952380952381
16,15,1,1,1,2,2,1,6,2,6,13.031150793650793,27.18095238095238
16,16,1,1,1,1,1,1,9,2,3,11.075992063492064,26.632142857142856
16,17,1,1,1,1,1,1,5,3,4,10.975,26.41904761904762
16,18,1,1,1,2,2,5,9,8,4,13.393849206349206,27.36190476190476
16,19,1,1,1,2,1,1,9,9,4,12.162301587301588,27.09285714285714
16,20,1,1,1,2,2,5,9,8,4,13.393849206349206,27.36190476190476
16,21,1,1,1,2,2,1,9,8,4,13.089682539682538,27.276190476190475
16,22,1,1,1,2,1,1,9,9,4,12.162301587301588,27.09285714285714
16,23,1,1,1,2,2,1,6,2,6,13.031150793650793,27.18095238095238
16,24,4,1,1,3,4,9,9,9,6,19.185714285714287,27.485714285714284
16,25,1,1,1,2,2,5,9,9,6,13.248214285714285,27.29047619047619
16,26,1,1,1,1,1,1,9,2,3,11.075992063492064,26.632142857142856
16,27,1,1,1,1,1,1,9,9,9,11.009722222222221,26.613095238095237
16,28,1,1,4,3,3,3,4,9,3,18.214484126984125,27.46785714285714
16,29,1,1,1,1,2,1,9,2,1,12.092261904761905,27.023809523809522
16,30,1,1,1,2,3,5,8,8,2,14.360119047619047,27.460714285714285
16,31,1,1,1,2,2,1,8,9,6,13.11845238095238,27.277380952380952
16,32,1,1,1,2,2,5,9,9,6,13.248214285714285,27.29047619047619
16,33,1,1,1,2,2,1,9,8,4,13.089682539682538,27.276190476190475
16,34,1,1,1,1,1,1,1,9,3,10.949603174603174,26.19047619047619
16,35,1,1,1,1,1,1,1,9,3,10.949603174603174,26.19047619047619
16,36,1,1,1,1,1,1,9,2,3,11.075992063492064,26.632142857142856
16,37,1,1,1,1,1,1,1,9,3,10.949603174603174,26.19047619047619
16,38,1,1,1,1,1,1,9,2,3,11.075992063492064,26.632142857142856
16,39,1,1,1,2,1,1,9,9,4,12.162301587301588,27.09285714285714
16,40,1,1,1,1,1,1,9,2,3,11.075992063492064,26.632142857142856
16,41,4,1,1,3,4,9,9,9,6,19.185714285714287,27.485714285714284
16,42,1,5,4,8,3,5,6,2,10,27.041666666666668,27.502380952380953
16,43,1,5,4,8,3,5,6,2,10,27.041666666666668,27.502380952380953
16,44,1,1,1,2,2,1,9,9,3,13.089682539682538,27.276190476190475
16,45,1,1,1,1,1,1,1,9,3,10.949603174603174,26.19047619047619
16,46,1,1,1,1,1,1,1,9,3,10.949603174603174,26.19047619047619
16,47,1,1,1,1,1,1,1,9,3,10.949603174603174,26.19047619047619
16,48,1,1,1,2,3,5,8,8,2,14.360119047619047,27.460714285714285
16,49,1,1,1,1,1,1,1,9,3,10.949603174603174,26.19047619047619
17,0,1,1,1,1,1,1,1,2,3,10.795039682539683,25.90357142857143
17,1,9,4,8,5,3,7,4,3,1,34.949801587301586,27.51309523809524
17,2,9,4,8,5,3,7,4,3,1,34.949801587301586,27.51309523809524
17,3,1,5,4,8,3,5,6,2,10,27.041666666666668,27.502380952380953
17,4,4,1,1,3,4,9,9,9,6,19.185714285714287,27.485714285714284
17,5,1,5,4,8,3,5,6,2,10,27.041666666666668,27.502380952380953
17,6,1,1,1,2,3,5,8,8,2,14.360119047619047,27.460714285714285
17,7,1,1,4,3,3,3,4,9,3,18.214484126984125,27.46785714285714
17,8,1,1,1,2,1,1,5,9,3,11.964484126984127,26.775
17,9,1,1,1,1,2,1,9,2,1,12.092261904761905,27.023809523809522
17,10,1,1,1,2,2,1,6,2,6,13.031150793650793,27.18095238095238
17,11,1,1,1,1,1,1,9,2,3,11.075992063492064,26.632142857142856
17,12,1,1,1,2,2,5,9,8,4,13.393849206349206,27.36190476190476
17,13,1,1,1,2,1,1,9,9,4,12.162301587301588,27.09285714285714
17,14,1,1,1,2,2,5,9,8,4,13.393849206349206,27.36190476190476
17,15,1,1,1,2,1,1,9,9,4,12.162301587301588,27.09285714285714
17,16,1,1,1,2,2,1,6,2,6,13.031150793650793,27.18095238095238
17,17,4,1,1,3,4,9,9,9,6,19.185714285714287,27.485714285714284
17,18,1,1,1,1,1,1,9,2,3,11.075992063492064,26.632142857142856
17,19,1,1,1,1,1,1,9,9,9,11.009722222222221,26.613095238095237
17,20,1,1,4,3,3,3,4,9,3,18.214484126984125,27.46785714285714
17,21,1,1,1,1,2,1,9,2,1,12.092261904761905,27.023809523809522
17,22,1,1,1,2,3,5,8,8,2,14.360119047619047,27.460714285714285
17,23,1,1,1,1,1,1,9,2,3,11.075992063492064,26.632142857142856
17,24,1,1,1,1,1,1,9,2,3,11.075992063492064,26.632142857142856
17,25,1,1,1,2,1,1,9,9,4,12.162301587301588,27.09285714285714
17,26,1,1,1,1,1,1,9,2,3,11.075992063492064,26.632142857142856
17,27,4,1,1,3,4,9,9,9,6,19.185714285714287,27.485714285714284
17,28,1,5,4,8,3,5,6,2,10,27.041666666666668,27.502380952380953
17,29,1,5,4,8,3,5,6,2,10,27.041666666666668,27.502380952380953
17,30,1,1,1,2,3,5,8,8,2,14.360119047619047,27.460714285714285
17,31,1,1,1,2,2,1,9,2,1,13.076984126984128,27.322619047619046
17,32,1,1,1,1,1,1,1,2,3,10.795039682539683,25.90357142857143
17,33,1,1,1,1,1,1,5,2,3,10.887301587301588,26.607142857142858
17,34,1,1,1,2,3,5,8,8,2,14.360119047619047,27.460714285714285
17,35,1,1,1,2,1,1,9,9,4,12.162301587301588,27.09285714285714
17,36,1,1,1,2,2,1,6,2,6,13.031150793650793,27.18095238095238
17,37,1,1,1,1,1,1,9,2,3,11.075992063492064,26.632142857142856
17,38,1,1,1,1,1,1,5,2,3,10.887301587301588,26.607142857142858
17,39,1,1,1,2,3,5,8,8,2,14.360119047619047,27.460714285714285
17,40,1,1,1,1,1,1,9,2,3,11.075992063492064,26.632142857142856
17,41,1,1,1,1,2,1,6,2,4,12.041666666666666,26.961904761904762
17,42,4,4,9,4,3,7,9,3,1,29.965476190476192,27.501190476190477
17,43,1,1,1,1,1,1,1,9,3,10.949603174603174,26.19047619047619
17,44,1,1,1,1,1,1,1,9,3,10.949603174603174,26.19047619047619
17,45,4,4,1,3,4,7,4,3,1,22.295436507936508,27.38809523809524
17,46,4,1,1,3,4,1,5,2,4,19.15654761904762,27.379761904761903
17,47,1,1,1,2,3,5,9,9,6,14.283531746031747,27.336904761904762
17,48,1,1,1,1,1,1,9,9,4,11.136309523809524,26.62857142857143
17,49,1,1,1,3,1,1,9,2,4,13.023214285714285,26.991666666666667
18,0,1,1,1,1,1,1,1,2,3,10.795039682539683,25.90357142857143
18,1,9,4,8,5,3,7,4,3,1,34.949801587301586,27.51309523809524
18,2,9,4,8,5,3,7,4,3,1,34.949801587301586,27.51309523809524
18,3,1,5,4,8,3,5,6,2,10,27.041666666666668,27.502380952380953
18,4,4,1,1,3,4,9,9,9,6,19.185714285714287,27.485714285714284
18,5,1,5,4,8,3,5,6,2,10,27.041666666666668,27.502380952380953
18,6,1,1,1,2,3,5,8,8,2,14.360119047619047,27.460714285714285
18,7,1,1,4,3,3,3,4,9,3,18.214484126984125,27.46785714285714
18,8,1,1,1,2,1,1,5,9,3,11.964484126984127,26.775
18,9,1,1,1,1,2,1,9,2,1,12.092261904761905,27.023809523809522
18,10,1,1,1,2,2,1,6,2,6,13.031150793650793,27.18095238095238
18,11,1,1,1,1,1,1,9,2,3,11.075992063492064,26.632142857142856
18,12,1,1,1,2,2,5,9,8,4,13.393849206349206,27.36190476190476
18,13,1,1,1,2,1,1,9,9,4,12.162301587301588,27.09285714285714
18,14,1,1,1,2,2,5,9,8,4,13.393849206349206,27.36190476190476
18,15,1,1,1,2,1,1,9,9,4,12.162301587301588,27.09285714285714
18,16,1,1,1,2,2,1,6,2,6,13.031150793650793,27.18095238095238
18,17,4,1,1,3,4,9,9,9,6,19.185714285714287,27.485714285714284
18,18,1,1,1,1,1,1,9,2,3,11.075992063492064,26.632142857142856
18,19,1,1,1,1,1,1,9,9,9,11.009722222222221,26.613095238095237
18,20,1,1,4,3,3,3,4,9,3,18.214484126984125,27.46785714285714
18,21,1,1,1,1,2,1,9,2,1,12.092261904761905,27.023809523809522
18,22,1,1,1,2,3,5,8,8,2,14.360119047619047,27.460714285714285
18,23,1,1,1,1,1,1,9,2,3,11.075992063492064,26.632142857142856
18,24,1,1,1,1,1,1,9,2,3,11.075992063492064,26.632142857142856
18,25,1,1,1,2,1,1,9,9,4,12.162301587301588,27.09285714285714
18,26,1,1,1,1,1,1,9,2,3,11.075992063492064,26.632142857142856
18,27,4,1,1,3,4,9,9,9,6,19.185714285714287,27.485714285714284
18,28,1,5,4,8,3,5,6,2,10,27.041666666666668,27.502380952380953
18,29,1,5,4,8,3,5,6,2,10,27.041666666666668,27.502380952380953
18,30,1,1,1,2,3,5,8,8,2,14.360119047619047,27.460714285714285
18,31,1,1,1,2,2,1,9,2,1,13.076984126984128,27.322619047619046
18,32,1,1,1,1,1,1,1,2,3,10.795039682539683,25.90357142857143
18,33,1,1,1,1,1,1,5,2,3,10.887301587301588,26.607142857142858
18,34,1,1,1,2,3,5,8,8,2,14.360119047619047,27.460714285714285
18,35,1,1,1,2,1,1,9,9,4,12.162301587301588,27.09285714285714
18,36,1,1,1,2,2,1,6,2,6,13.031150793650793,27.18095238095238
18,37,1,1,1,1,1,1,9,2,3,11.075992063492064,26.632142857142856
18,38,1,1,1,1,1,1,5,2,3,10.887301587301588,26.607142857142858
18,39,1,1,1,2,3,5,8,8,2,14.360119047619047,27.460714285714285
18,40,1,1,1,1,1,1,9,2,3,11.075992063492064,26.632142857142856
18,41,1,1,1,1,2,1,6,2,4,12.041666666666666,26.961904761904762
18,42,1,1,1,1,2,1,9,2,1,12.092261904761905,27.023809523809522
18,43,1,1,1,2,1,1,9,9,4,12.162301587301588,27.09285714285714
18,44,9,4,8,5,3,7,4,3,1,34.949801587301586,27.51309523809524
18,45,1,1,1,2,1,1,5,9,3,11.964484126984127,26.775
18,46,1,1,1,2,1,1,9,9,4,12.162301587301588,27.09285714285714
18,47,1,5,4,8,3,5,6,2,10,27.041666666666668,27.502380952380953
18,48,1,1,1,1,1,1,1,9,3,10.949603174603174,26.19047619047619
18,49,1,1,1,1,1,1,1,9,3,10.949603174603174,26.19047619047619
19,0,1,1,1,1,1,1,1,2,3,10.795039682539683,25.90357142857143
19,1,9,4,8,5,3,7,4,3,1,34.949801587301586,27.51309523809524
19,2,9,4,8,5,3,7,4,3,1,34.949801587301586,27.51309523809524
19,3,1,1,1,1,1,1,1,2,3,10.795039682539683,25.90357142857143
19,4,1,1,1,1,1,1,5,2,3,10.887301587301588,26.607142857142858
19,5,1,5,4,8,3,5,6,2,10,27.041666666666668,27.502380952380953
19,6,4,1,1,3,4,9,9,9,6,19.185714285714287,27.485714285714284
19,7,1,5,4,8,3,5,6,2,10,27.041666666666668,27.502380952380953
19,8,1,1,1,2,3,5,8,8,2,14.360119047619047,27.460714285714285
19,9,1,1,4,3,3,3,4,9,3,18.214484126984125,27.46785714285714
19,10,1,1,1,2,2,1,6,2,6,13.031150793650793,27.18095238095238
19,11,1,1,1,2,1,1,5,3,3,12.018253968253967,26.875
19,12,1,1,1,2,2,1,9,2,1,13.076984126984128,27.322619047619046
19,13,1,1,1,2,1,1,5,9,3,11.964484126984127,26.775
19,14,1,1,1,1,2,1,6,2,4,12.041666666666666,26.961904761904762
19,15,1,1,1,1,1,1,9,2,3,11.075992063492064,26.632142857142856
19,16,1,1,1,2,1,1,5,9,3,11.964484126984127,26.775
19,17,1,1,1,2,1,1,9,9,4,12.162301587301588,27.09285714285714
19,18,1,1,1,2,2,5,9,8,4,13.393849206349206,27.36190476190476
19,19,1,1,1,2,2,5,9,8,4,13.393849206349206,27.36190476190476
19,20,1,1,1,2,1,1,9,9,4,12.162301587301588,27.09285714285714
19,21,1,1,1,2,2,1,6,2,6,13.031150793650793,27.18095238095238
19,22,4,1,1,3,4,9,9,9,6,19.185714285714287,27.485714285714284
19,23,1,1,1,1,1,1,9,2,3,11.075992063492064,26.632142857142856
19,24,1,1,1,1,2,1,9,2,1,12.092261904761905,27.023809523809522
19,25,1,1,4,3,3,3,4,9,3,18.214484126984125,27.46785714285714
19,26,1,1,1,2,3,5,8,8,2,14.360119047619047,27.460714285714285
19,27,1,1,1,1,2,1,9,2,1,12.092261904761905,27.023809523809522
19,28,1,1,1,2,2,1,9,2,1,13.076984126984128,27.322619047619046
19,29,1,1,1,1,1,1,9,9,9,11.009722222222221,26.613095238095237
19,30,1,1,1,1,1,1,5,2,3,10.887301587301588,26.607142857142858
19,31,1,1,1,1,1,1,9,2,3,11.075992063492064,26.632142857142856
19,32,1,1,1,2,1,1,9,9,4,12.162301587301588,27.09285714285714
19,33,1,1,1,1,1,1,9,2,3,11.075992063492064,26.632142857142856
19,34,1,1,1,1,1,1,1,2,3,10.795039682539683,25.90357142857143
19,35,1,1,1,1,1,1,9,2,3,11.075992063492064,26.632142857142856
19,36,1,1,1,2,1,1,5,9,3,11.964484126984127,26.775
19,37,1,5,4,8,3,5,6,2,10,27.041666666666668,27.502380952380953
19,38,9,4,8,5,3,7,4,3,1,34.949801587301586,27.51309523809524
19,39,1,1,1,1,1,1,9,2,3,11.075992063492064,26.632142857142856
19,40,1,1,1,2,3,5,8,8,2,14.360119047619047,27.460714285714285
19,41,1,1,1,2,3,5,8,8,2,14.360119047619047,27.460714285714285
19,42,1,1,1,1,1,1,9,2,3,11.075992063492064,26.632142857142856
19,43,1,1,1,2,3,5,8,8,2,14.360119047619047,27.460714285714285
19,44,1,1,1,2,1,1,9,9,4,12.162301587301588,27.09285714285714
19,45,1,1,1,1,1,1,9,2,3,11.075992063492064,26.632142857142856
19,46,1,1,1,2,2,1,6,2,6,13.031150793650793,27.18095238095238
19,47,1,5,4,8,3,5,6,2,10,27.041666666666668,27.502380952380953
19,48,1,1,1,1,2,1,9,2,1,12.092261904761905,27.023809523809522
19,49,1,1,1,2,1,1,9,9,4,12.162301587301588,27.09285714285714
20,0,1,1,1,1,1,1,1,2,3,10.795039682539683,25.90357142857143
20,1,1,1,1,1,1,1,1,2,3,10.795039682539683,25.90357142857143
20,2,9,4,8,5,3,7,4,3,1,34.949801587301586,27.51309523809524
20,3,9,4,8,5,3,7,4,3,1,34.949801587301586,27.51309523809524
20,4,1,1,1,1,1,1,5,2,3,10.887301587301588,26.607142857142858
20,5,1,5,4,8,3,5,6,2,10,27.041666666666668,27.502380952380953
20,6,4,1,1,3,4,9,9,9,6,19.185714285714287,27.485714285714284
20,7,1,5,4,8,3,5,6,2,10,27.041666666666668,27.502380952380953
20,8,1,1,1,2,3,5,8,8,2,14.360119047619047,27.460714285714285
20,9,1,1,4,3,3,3,4,9,3,18.214484126984125,27.46785714285714
20,10,1,1,1,2,2,5,9,8,2,13.32718253968254,27.382142857142856
20,11,1,1,1,2,2,1,6,2,6,13.031150793650793,27.18095238095238
20,12,1,1,1,2,1,1,5,9,3,11.964484126984127,26.775
20,13,1,1,1,2,2,1,9,2,1,13.076984126984128,27.322619047619046
20,14,1,1,1,1,2,1,6,2,4,12.041666666666666,26.961904761904762
20,15,1,1,1,1,1,1,9,2,3,11.075992063492064,26.632142857142856
20,16,1,1,1,2,1,1,5,9,3,11.964484126984127,26.775
20,17,1,1,1,2,1,1,9,9,4,12.162301587301588,27.09285714285714
20,18,1,1,1,2,1,1,5,3,3,12.018253968253967,26.875
20,19,1,1,1,2,1,1,9,9,4,12.162301587301588,27.09285714285714
20,20,1,1,1,2,2,1,6,2,6,13.031150793650793,27.18095238095238
20,21,1,1,1,2,1,1,5,3,3,12.018253968253967,26.875
20,22,4,1,1,3,4,9,9,9,6,19.185714285714287,27.485714285714284
20,23,1,1,1,1,1,1,9,2,3,11.075992063492064,26.632142857142856
20,24,1,1,1,2,3,5,8,8,2,14.360119047619047,27.460714285714285
20,25,1,1,1,1,2,1,9,2,1,12.092261904761905,27.023809523809522
20,26,1,1,4,3,3,3,4,9,3,18.214484126984125,27.46785714285714
20,27,1,1,1,1,2,1,9,2,1,12.092261904761905,27.023809523809522
20,28,1,1,1,2,2,1,9,2,1,13.076984126984128,27.322619047619046
20,29,1,1,1,1,1,1,9,9,9,11.009722222222221,26.613095238095237
20,30,1,1,1,1,1,1,5,2,3,10.887301587301588,26.607142857142858
20,31,4,1,1,3,4,9,9,9,6,19.185714285714287,27.485714285714284
20,32,1,1,1,2,1,1,5,9,3,11.964484126984127,26.775
20,33,1,1,1,1,1,1,5,2,3,10.887301587301588,26.607142857142858
20,34,1,1,1,2,2,1,6,2,6,13.031150793650793,27.18095238095238
20,35,1,1,1,2,3,5,8,8,2,14.360119047619047,27.460714285714285
20,36,1,1,1,2,1,1,9,9,4,12.162301587301588,27.09285714285714
20,37,1,5,4,8,3,5,6,2,10,27.041666666666668,27.502380952380953
20,38,1,1,1,1,1,1,9,2,3,11.075992063492064,26.632142857142856
20,39,1,5,4,8,3,5,6,2,10,27.041666666666668,27.502380952380953
20,40,1,1,1,1,1,1,9,2,3,11.075992063492064,26.632142857142856
20,41,1,1,1,2,1,1,9,9,4,12.162301587301588,27.09285714285714
20,42,1,1,1,1,1,1,9,2,3,11.075992063492064,26.632142857142856
20,43,1,1,1,1,2,1,9,2,1,12.092261904761905,27.023809523809522
20,44,1,1,1,2,1,1,5,9,3,11.964484126984127,26.775
20,45,1,1,1,2,3,5,8,8,2,14.360119047619047,27.460714285714285
20,46,1,1,1,2,3,5,8,8,2,14.360119047619047,27.460714285714285
20,47,1,1,1,2,3,5,8,8,2,14.360119047619047,27.460714285714285
20,48,1,1,1,1,1,1,9,2,3,11.075992063492064,26.632142857142856
20,49,1,5,4,8,3,5,6,2,10,27.041666666666668,27.502380952380953
21,0,1,1,1,1,1,1,1,2,3,10.795039682539683,25.90357142857143
21,1,9,4,8,5,3,7,4,3,1,34.949801587301586,27.51309523809524
21,2,9,4,8,5,3,7,4,3,1,34.949801587301586,27.51309523809524
21,3,1,1,1,1,1,1,1,2,3,10.795039682539683,25.90357142857143
21,4,1,1,1,1,1,1,5,2,3,10.887301587301588,26.607142857142858
21,5,1,5,4,8,3,5,6,2,10,27.041666666666668,27.502380952380953
21,6,4,1,1,3,4,9,9,9,6,19.185714285714287,27.485714285714284
21,7,1,5,4,8,3,5,6,2,10,27.041666666666668,27.502380952380953
21,8,1,1,1,2,3,5,8,8,2,14.360119047619047,27.460714285714285
21,9,1,1,4,3,3,3,4,9,3,18.214484126984125,27.46785714285714
21,10,1,1,1,2,2,5,9,8,2,13.32718253968254,27.382142857142856
21,11,1,1,1,2,2,1,6,2,6,13.031150793650793,27.18095238095238
21,12,1,1,1,2,1,1,5,9,3,11.964484126984127,26.775
21,13,1,1,1,2,2,1,9,2,1,13.076984126984128,27.322619047619046
21,14,1,1,1,1,2,1,6,2,4,12.041666666666666,26.961904761904762
21,15,1,1,1,1,1,1,9,2,3,11.075992063492064,26.632142857142856
21,16,1,1,1,2,1,1,5,9,3,11.964484126984127,26.775
21,17,1,1,1,2,1,1,9,9,4,12.162301587301588,27.09285714285714
21,18,1,1,1,2,1,1,5,3,3,12.018253968253967,26.875
21,19,1,1,1,2,1,1,9,9,4,12.162301587301588,27.09285714285714
21,20,1,1,1,2,2,1,6,2,6,13.031150793650793,27.18095238095238
21,21,1,1,1,2,1,1,5,3,3,12.018253968253967,26.875
21,22,4,1,1,3,4,9,9,9,6,19.185714285714287,27.485714285714284
21,23,1,1,1,1,1,1,9,2,3,11.075992063492064,26.632142857142856
21,24,1,1,1,2,3,5,8,8,2,14.360119047619047,27.460714285714285
21,25,1,1,1,1,2,1,9,2,1,12.092261904761905,27.023809523809522
21,26,1,1,4,3,3,3,4,9,3,18.214484126984125,27.46785714285714
21,27,1,1,1,1,2,1,9,2,1,12.092261904761905,27.023809523809522
21,28,1,1,1,2,2,1,9,2,1,13.076984126984128,27.322619047619046
21,29,1,1,1,1,1,1,9,9,9,11.009722222222221,26.613095238095237
21,30,1,1,1,1,1,1,5,2,3,10.887301587301588,26.607142857142858
21,31,1,1,1,1,1,1,5,2,3,10.887301587301588,26.607142857142858
21,32,1,1,1,2,3,5,8,8,2,14.360119047619047,27.460714285714285
21,33,1,5,4,8,3,5,6,2,10,27.041666666666668,27.502380952380953
21,34,1,1,1,1,1,1,9,2,3,11.075992063492064,26.632142857142856
21,35,1,5,4,8,3,5,6,2,10,27.041666666666668,27.502380952380953
21,36,4,1,1,3,4,9,9,9,6,19.185714285714287,27.485714285714284
21,37,1,1,1,1,1,1,9,2,3,11.075992063492064,26.632142857142856
21,38,1,1,1,1,2,1,9,2,1,12.092261904761905,27.023809523809522
21,39,1,1,1,2,1,1,5,9,3,11.964484126984127,26.775
21,40,1,1,1,2,3,5,8,8,2,14.360119047619047,27.460714285714285
21,41,1,5,4,8,3,5,6,2,10,27.041666666666668,27.502380952380953
21,42,1,5,4,8,3,5,6,2,10,27.041666666666668,27.502380952380953
21,43,4,1,1,3,4,9,9,9,6,19.185714285714287,27.485714285714284
21,44,1,1,1,1,1,1,9,2,3,11.075992063492064,26.632142857142856
21,45,1,1,1,2,1,1,5,9,3,11.964484126984127,26.775
21,46,1,1,1,2,1,1,9,9,4,12.162301587301588,27.09285714285714
21,47,1,1,1,2,2,1,6,2,6,13.031150793650793,27.18095238095238
21,48,1,1,1,2,1,1,9,9,4,12.162301587301588,27.09285714285714
21,49,1,1,1,1,1,1,9,2,3,11.075992063492064,26.632142857142856
22,0,9,4,8,5,3,7,4,3,1,34.949801587301586,27.51309523809524
22,1,9,4,8,5,3,7,4,3,1,34.949801587301586,27.51309523809524
22,2,1,1,1,1,1,1,1,2,3,10.795039682539683,25.90357142857143
22,3,1,1,1,1,1,1,1,2,3,10.795039682539683,25.90357142857143
22,4,1,1,1,1,1,1,5,2,3,10.887301587301588,26.607142857142858
22,5,1,1,1,7,3,5,5,8,2,19.272817460317462,27.49047619047619
22,6,1,5,4,8,3,5,6,2,10,27.041666666666668,27.502380952380953
22,7,1,5,4,8,3,5,6,2,10,27.041666666666668,27.502380952380953
22,8,1,1,1,2,3,5,8,8,2,14.360119047619047,27.460714285714285
22,9,1,1,1,2,1,1,4,9,3,11.963690476190475,26.777380952380952
22,10,1,1,4,3,3,3,4,9,3,18.214484126984125,27.46785714285714
22,11,1,1,1,2,2,5,9,8,2,13.32718253968254,27.382142857142856
22,12,1,1,1,1,1,1,9,8,3,11.133134920634921,26.654761904761905
22,13,1,1,1,2,2,1,6,2,6,13.031150793650793,27.18095238095238
22,14,1,1,1,2,2,1,9,2,1,13.076984126984128,27.322619047619046
22,15,1,1,1,1,2,1,6,2,4,12.041666666666666,26.961904761904762
22,16,1,1,1,2,1,1,9,9,4,12.162301587301588,27.09285714285714
22,17,1,1,1,2,1,1,5,3,3,12.018253968253967,26.875
22,18,1,1,1,2,1,1,9,9,4,12.162301587301588,27.09285714285714
22,19,1,1,1,2,2,1,6,2,6,13.031150793650793,27.18095238095238
22,20,1,1,1,2,1,1,5,3,3,12.018253968253967,26.875
22,21,1,1,1,2,3,5,8,8,2,14.360119047619047,27.460714285714285
22,22,1,1,1,1,2,1,9,2,1,12.092261904761905,27.023809523809522
22,23,1,1,4,3,3,3,4,9,3,18.214484126984125,27.46785714285714
22,24,4,1,1,3,4,9,9,9,6,19.185714285714287,27.485714285714284
22,25,1,1,1,1,2,1,9,2,1,12.092261904761905,27.023809523809522
22,26,1,1,1,2,2,1,9,2,1,13.076984126984128,27.322619047619046
22,27,1,1,1,1,1,1,9,9,9,11.009722222222221,26.613095238095237
22,28,1,1,1,1,1,1,9,2,3,11.075992063492064,26.632142857142856
22,29,4,1,1,3,4,9,9,9,6,19.185714285714287,27.485714285714284
22,30,1,1,1,1,1,1,9,2,3,11.075992063492064,26.632142857142856
22,31,1,1,1,1,1,1,5,2,3,10.887301587301588,26.607142857142858
22,32,1,5,4,8,3,5,6,2,10,27.041666666666668,27.502380952380953
22,33,9,4,8,5,3,7,4,3,1,34.949801587301586,27.51309523809524
22,34,1,1,1,1,1,1,9,2,3,11.075992063492064,26.632142857142856
22,35,1,1,4,3,3,3,4,9,3,18.214484126984125,27.46785714285714
22,36,1,1,1,2,3,5,8,8,2,14.360119047619047,27.460714285714285
22,37,1,1,1,1,1,1,1,2,3,10.795039682539683,25.90357142857143
22,38,4,1,1,3,4,9,9,9,6,19.185714285714287,27.485714285714284
22,39,1,1,1,2,2,1,6,2,6,13.031150793650793,27.18095238095238
22,40,1,1,1,2,1,1,5,3,3,12.018253968253967,26.875
22,41,1,1,1,1,2,1,9,2,1,12.092261904761905,27.023809523809522
22,42,1,1,1,2,3,5,8,8,2,14.360119047619047,27.460714285714285
22,43,1,1,1,2,2,1,9,2,1,13.076984126984128,27.322619047619046
22,44,1,1,1,2,1,1,9,9,4,12.162301587301588,27.09285714285714
22,45,1,1,1,1,1,1,9,2,3,11.075992063492064,26.632142857142856
22,46,1,1,1,2,2,1,6,2,6,13.031150793650793,27.18095238095238
22,47,1,1,1,1,1,1,9,2,3,11.075992063492064,26.632142857142856
22,48,1,1,1,2,1,1,9,9,4,12.162301587301588,27.09285714285714
22,49,1,5,4,8,3,5,6,2,10,27.041666666666668,27.502380952380953
23,0,1,1,1,1,1,1,1,2,3,10.795039682539683,25.90357142857143
23,1,9,4,8,4,3,7,5,3,1,33.96666666666667,27.51309523809524
23,2,1,1,1,1,1,1,1,2,3,10.795039682539683,25.90357142857143
23,3,1,1,1,1,1,1,5,2,3,10.887301587301588,26.607142857142858
23,4,1,1,1,7,3,5,5,8,2,19.272817460317462,27.49047619047619
23,5,1,5,4,8,3,5,6,2,10,27.041666666666668,27.502380952380953
23,6,1,5,4,8,3,5,6,2,10,27.041666666666668,27.502380952380953
23,7,1,1,1,2,3,5,8,8,2,14.360119047619047,27.460714285714285
23,8,1,1,4,3,3,3,4,9,3,18.214484126984125,27.46785714285714
23,9,1,1,1,2,2,5,9,8,2,13.32718253968254,27.382142857142856
23,10,1,1,1,1,1,1,9,8,3,11.133134920634921,26.654761904761905
23,11,1,1,1,2,2,1,6,2,6,13.031150793650793,27.18095238095238
23,12,1,1,1,2,2,1,9,2,1,13.076984126984128,27.322619047619046
23,13,1,1,1,2,1,1,4,9,3,11.963690476190475,26.777380952380952
23,14,1,1,1,1,2,1,6,2,4,12.041666666666666,26.961904761904762
23,15,1,1,1,2,1,1,9,9,4,12.162301587301588,27.09285714285714
23,16,1,1,1,2,1,1,4,9,3,11.963690476190475,26.777380952380952
23,17,1,1,1,2,1,1,5,3,3,12.018253968253967,26.875
23,18,1,1,1,2,1,1,9,9,4,12.162301587301588,27.09285714285714
23,19,1,1,1,2,2,1,6,2,6,13.031150793650793,27.18095238095238
23,20,1,1,1,2,1,1,5,3,3,12.018253968253967,26.875
23,21,1,1,1,2,3,5,8,8,2,14.360119047619047,27.460714285714285
23,22,1,1,4,3,3,3,4,9,3,18.214484126984125,27.46785714285714
23,23,1,1,1,1,2,1,9,2,1,12.092261904761905,27.023809523809522
23,24,4,1,1,3,4,9,9,9,6,19.185714285714287,27.485714285714284
23,25,1,1,1,1,2,1,9,2,1,12.092261904761905,27.023809523809522
23,26,1,1,1,2,2,1,9,2,1,13.076984126984128,27.322619047619046
23,27,1,1,1,1,1,1,9,9,9,11.009722222222221,26.613095238095237
23,28,1,1,1,1,1,1,9,2,3,11.075992063492064,26.632142857142856
23,29,4,1,1,3,4,9,9,9,6,19.185714285714287,27.485714285714284
23,30,1,1,1,1,1,1,9,2,3,11.075992063492064,26.632142857142856
23,31,1,1,1,1,1,1,5,2,3,10.887301587301588,26.607142857142858
23,32,1,1,1,1,1,1,1,2,3,10.795039682539683,25.90357142857143
23,33,1,1,1,2,3,5,8,8,2,14.360119047619047,27.460714285714285
23,34,1,1,1,2,3,5,8,8,2,14.360119047619047,27.460714285714285
23,35,1,1,1,2,3,5,8,8,2,14.360119047619047,27.460714285714285
23,36,1,1,1,2,2,1,9,2,1,13.076984126984128,27.322619047619046
23,37,1,1,4,3,3,3,4,9,3,18.214484126984125,27.46785714285714
23,38,1,1,1,2,1,1,9,9,4,12.162301587301588,27.09285714285714
23,39,1,1,1,1,2,1,9,2,1,12.092261904761905,27.023809523809522
23,40,1,1,1,2,2,1,9,2,1,13.076984126984128,27.322619047619046
23,41,1,1,1,2,3,5,8,8,2,14.360119047619047,27.460714285714285
23,42,1,5,4,8,3,5,6,2,10,27.041666666666668,27.502380952380953
23,43,1,1,1,1,1,1,9,2,3,11.075992063492064,26.632142857142856
23,44,1,1,1,1,1,1,1,2,3,10.795039682539683,25.90357142857143
23,45,1,1,1,2,2,1,6,2,6,13.031150793650793,27.18095238095238
23,46,1,1,1,2,1,1,9,9,4,12.162301587301588,27.09285714285714
23,47,4,1,1,3,4,9,9,9,6,19.185714285714287,27.485714285714284
23,48,4,1,1,3,4,9,9,9,6,19.185714285714287,27.485714285714284
23,49,1,1,1,2,3,5,8,8,2,14.360119047619047,27.460714285714285
24,0,9,4,8,4,3,7,5,3,1,33.96666666666667,27.51309523809524
24,1,1,1,1,1,1,1,1,2,3,10.795039682539683,25.90357142857143
24,2,1,1,1,1,1,1,1,2,3,10.795039682539683,25.90357142857143
24,3,1,1,1,1,1,1,5,2,3,10.887301587301588,26.607142857142858
24,4,1,5,4,8,3,5,6,2,10,27.041666666666668,27.502380952380953
24,5,1,1,1,7,3,5,5,8,2,19.272817460317462,27.49047619047619
24,6,1,5,4,8,3,5,6,2,10,27.041666666666668,27.502380952380953
24,7,1,1,1,2,3,5,8,8,2,14.360119047619047,27.460714285714285
24,8,1,1,4,3,3,3,4,9,3,18.214484126984125,27.46785714285714
24,9,1,1,1,2,2,5,9,8,2,13.32718253968254,27.382142857142856
24,10,1,1,1,2,2,1,6,2,6,13.031150793650793,27.18095238095238
24,11,1,1,1,2,2,1,9,2,1,13.076984126984128,27.322619047619046
24,12,1,1,1,2,1,1,4,9,3,11.963690476190475,26.777380952380952
24,13,1,1,1,1,2,1,6,2,4,12.041666666666666,26.961904761904762
24,14,1,1,1,2,1,1,9,9,4,12.162301587301588,27.09285714285714
24,15,1,1,1,1,1,1,9,8,3,11.133134920634921,26.654761904761905
24,16,1,1,1,2,1,1,4,9,3,11.963690476190475,26.777380952380952
24,17,1,1,1,2,1,1,5,3,3,12.018253968253967,26.875
24,18,1,1,1,2,1,1,9,9,4,12.162301587301588,27.09285714285714
24,19,1,1,1,2,2,1,6,2,6,13.031150793650793,27.18095238095238
24,20,1,1,1,2,1,1,5,3,3,12.018253968253967,26.875
24,21,1,1,1,1,1,1,9,8,3,11.133134920634921,26.654761904761905
24,22,1,1,1,2,3,5,8,8,2,14.360119047619047,27.460714285714285
24,23,1,1,4,3,3,3,4,9,3,18.214484126984125,27.46785714285714
24,24,1,1,1,1,2,1,9,2,1,12.092261904761905,27.023809523809522
24,25,4,1,1,3,4,9,9,9,6,19.185714285714287,27.485714285714284
24,26,1,1,1,1,2,1,9,2,1,12.092261904761905,27.023809523809522
24,27,1,1,1,2,2,1,9,2,1,13.076984126984128,27.322619047619046
24,28,1,1,1,1,1,1,9,9,9,11.009722222222221,26.613095238095237
24,29,1,1,1,1,1,1,9,2,3,11.075992063492064,26.632142857142856
24,30,4,1,1,3,4,9,9,9,6,19.185714285714287,27.485714285714284
24,31,1,1,1,1,1,1,9,2,3,11.075992063492064,26.632142857142856
24,32,1,1,1,7,3,5,5,8,2,19.272817460317462,27.49047619047619
24,33,1,1,1,1,1,1,5,2,3,10.887301587301588,26.607142857142858
24,34,1,1,1,1,1,1,9,9,9,11.009722222222221,26.613095238095237
24,35,1,1,1,2,3,5,8,8,2,14.360119047619047,27.460714285714285
24,36,1,1,1,1,2,1,9,2,1,12.092261904761905,27.023809523809522
24,37,1,1,1,1,1,1,9,2,3,11.075992063492064,26.632142857142856
24,38,1,1,1,1,1,1,1,2,3,10.795039682539683,25.90357142857143
24,39,1,1,1,1,1,1,1,2,3,10.795039682539683,25.90357142857143
24,40,1,1,1,2,3,5,8,8,2,14.360119047619047,27.460714285714285
24,41,1,1,1,2,2,1,6,2,6,13.031150793650793,27.18095238095238
24,42,1,5,4,8,3,5,6,2,10,27.041666666666668,27.502380952380953
24,43,1,1,1,2,3,5,8,8,2,14.360119047619047,27.460714285714285
24,44,1,1,1,2,1,1,9,9,4,12.162301587301588,27.09285714285714
24,45,1,1,1,1,1,1,9,2,3,11.075992063492064,26.632142857142856
24,46,1,1,1,2,2,1,9,2,1,13.076984126984128,27.322619047619046
24,47,1,1,1,2,1,1,5,3,3,12.018253968253967,26.875
24,48,1,1,1,2,3,5,8,8,2,14.360119047619047,27.460714285714285
24,49,1,1,1,2,3,5,8,8,2,14.360119047619047,27.460714285714285
25,0,9,4,8,4,3,7,5,3,1,33.96666666666667,27.51309523809524
25,1,1,1,1,1,1,1,1,2,3,10.795039682539683,25.90357142857143
25,2,1,1,1,1,1,1,1,2,3,10.795039682539683,25.90357142857143
25,3,1,1,1,1,1,1,5,2,3,10.887301587301588,26.607142857142858
25,4,1,5,4,8,3,5,6,2,10,27.041666666666668,27.502380952380953
25,5,1,1,1,7,3,5,5,8,2,19.272817460317462,27.49047619047619
25,6,1,5,4,8,3,5,6,2,10,27.041666666666668,27.502380952380953
25,7,1,1,1,2,3,5,8,8,2,14.360119047619047,27.460714285714285
25,8,1,1,4,3,3,3,4,9,3,18.214484126984125,27.46785714285714
25,9,1,1,1,2,2,5,9,8,2,13.32718253968254,27.382142857142856
25,10,1,1,1,2,2,1,6,2,6,13.031150793650793,27.18095238095238
25,11,1,1,1,2,2,1,9,2,1,13.076984126984128,27.322619047619046
25,12,1,1,1,2,1,1,4,9,3,11.963690476190475,26.777380952380952
25,13,1,1,1,2,1,1,9,9,4,12.162301587301588,27.09285714285714
25,14,1,1,1,1,1,1,9,8,3,11.133134920634921,26.654761904761905
25,15,1,1,1,2,1,1,4,9,3,11.963690476190475,26.777380952380952
25,16,1,1,1,2,1,1,5,3,3,12.018253968253967,26.875
25,17,1,1,1,2,1,1,9,9,4,12.162301587301588,27.09285714285714
25,18,1,1,1,2,2,1,6,2,6,13.031150793650793,27.18095238095238
25,19,1,1,1,2,1,1,5,3,3,12.018253968253967,26.875
25,20,1,1,1,1,2,1,6,2,4,12.041666666666666,26.961904761904762
25,21,1,1,1,1,1,1,9,8,3,11.133134920634921,26.654761904761905
25,22,1,1,1,2,3,5,8,8,2,14.360119047619047,27.460714285714285
25,23,1,1,4,3,3,3,4,9,3,18.214484126984125,27.46785714285714
25,24,1,1,1,1,2,1,9,2,1,12.092261904761905,27.023809523809522
25,25,4,1,1,3,4,9,9,9,6,19.185714285714287,27.485714285714284
25,26,1,1,1,1,2,1,9,2,1,12.092261904761905,27.023809523809522
25,27,1,1,1,1,2,1,6,2,4,12.041666666666666,26.961904761904762
25,28,1,1,1,2,2,1,9,2,1,13.076984126984128,27.322619047619046
25,29,1,1,1,1,1,1,9,9,9,11.009722222222221,26.613095238095237
25,30,1,1,1,1,1,1,9,2,3,11.075992063492064,26.632142857142856
25,31,4,1,1,3,4,9,9,9,6,19.185714285714287,27.485714285714284
25,32,1,1,1,1,1,1,9,2,3,11.075992063492064,26.632142857142856
25,33,1,1,1,7,3,5,5,8,2,19.272817460317462,27.49047619047619
25,34,1,1,1,1,1,1,5,2,3,10.887301587301588,26.607142857142858
25,35,1,1,1,1,1,1,9,9,9,11.009722222222221,26.613095238095237
25,36,1,1,1,2,1,1,9,9,4,12.162301587301588,27.09285714285714
25,37,1,1,1,1,1,1,1,2,3,10.795039682539683,25.90357142857143
25,38,1,1,1,2,3,5,8,8,2,14.360119047619047,27.460714285714285
25,39,1,5,4,8,3,5,6,2,10,27.041666666666668,27.502380952380953
25,40,1,1,1,2,3,5,8,8,2,14.360119047619047,27.460714285714285
25,41,1,1,1,2,3,5,8,8,2,14.360119047619047,27.460714285714285
25,42,1,1,1,2,1,1,5,3,3,12.018253968253967,26.875
25,43,1,1,1,1,1,1,9,2,3,11.075992063492064,26.632142857142856
25,44,1,1,1,2,1,1,5,3,3,12.018253968253967,26.875
25,45,1,1,1,1,1,1,9,2,3,11.075992063492064,26.632142857142856
25,46,1,1,1,1,1,1,1,2,3,10.795039682539683,25.90357142857143
25,47,1,1,1,1,2,1,9,2,1,12.092261904761905,27.023809523809522
25,48,1,1,1,1,1,1,9,2,3,11.075992063492064,26.632142857142856
25,49,1,1,1,2,3,5,8,8,2,14.360119047619047,27.460714285714285
26,0,1,1,1,1,1,1,1,2,3,10.795039682539683,25.90357142857143
26,1,9,4,8,4,3,7,5,3,1,33.96666666666667,27.51309523809524
26,2,1,1,1,1,1,1,1,2,3,10.795039682539683,25.90357142857143
26,3,1,1,1,1,1,1,5,2,3,10.887301587301588,26.607142857142858
26,4,1,5,4,8,3,5,6,2,10,27.041666666666668,27.502380952380953
26,5,1,1,1,7,3,5,5,8,2,19.272817460317462,27.49047619047619
26,6,1,5,4,8,3,5,6,2,10,27.041666666666668,27.502380952380953
26,7,1,1,1,2,3,5,8,8,2,14.360119047619047,27.460714285714285
26,8,1,1,4,3,3,3,4,9,3,18.214484126984125,27.46785714285714
26,9,1,1,1,2,2,5,9,8,2,13.32718253968254,27.382142857142856
26,10,1,1,1,2,2,1,6,2,6,13.031150793650793,27.18095238095238
26,11,1,1,1,2,2,1,9,2,1,13.076984126984128,27.322619047619046
26,12,1,1,1,2,1,1,4,9,3,11.963690476190475,26.777380952380952
26,13,1,1,1,2,1,1,9,9,4,12.162301587301588,27.09285714285714
26,14,1,1,1,1,1,1,9,8,3,11.133134920634921,26.654761904761905
26,15,1,1,1,2,1,1,4,9,3,11.963690476190475,26.777380952380952
26,16,1,1,1,2,1,1,5,3,3,12.018253968253967,26.875
26,17,1,1,1,2,1,1,9,9,4,12.162301587301588,27.09285714285714
26,18,1,1,1,2,2,1,6,2,6,13.031150793650793,27.18095238095238
26,19,1,1,1,2,1,1,5,3,3,12.018253968253967,26.875
26,20,1,1,1,1,2,1,6,2,4,12.041666666666666,26.961904761904762
26,21,1,1,1,1,1,1,9,8,3,11.133134920634921,26.654761904761905
26,22,1,1,1,2,3,5,8,8,2,14.360119047619047,27.460714285714285
26,23,1,1,4,3,3,3,4,9,3,18.214484126984125,27.46785714285714
26,24,1,1,1,1,2,1,9,2,1,12.092261904761905,27.023809523809522
26,25,4,1,1,3,4,9,9,9,6,19.185714285714287,27.485714285714284
26,26,1,1,1,1,2,1,9,2,1,12.092261904761905,27.023809523809522
26,27,1,1,1,1,2,1,6,2,4,12.041666666666666,26.961904761904762
26,28,1,1,1,2,2,1,9,2,1,13.076984126984128,27.322619047619046
26,29,1,1,1,1,1,1,9,9,9,11.009722222222221,26.613095238095237
26,30,1,1,1,1,1,1,9,2,3,11.075992063492064,26.632142857142856
26,31,4,1,1,3,4,9,9,9,6,19.185714285714287,27.485714285714284
26,32,1,1,1,1,1,1,9,2,3,11.075992063492064,26.632142857142856
26,33,1,1,1,7,3,5,5,8,2,19.272817460317462,27.49047619047619
26,34,1,1,1,1,1,1,5,2,3,10.887301587301588,26.607142857142858
26,35,1,1,1,1,1,1,9,9,9,11.009722222222221,26.613095238095237
26,36,1,1,1,1,1,1,1,2,3,10.795039682539683,25.90357142857143
26,37,1,5,4,8,3,5,6,2,10,27.041666666666668,27.502380952380953
26,38,1,1,1,2,3,5,8,8,2,14.360119047619047,27.460714285714285
26,39,1,1,1,2,1,1,5,3,3,12.018253968253967,26.875
26,40,1,1,1,2,1,1,9,9,4,12.162301587301588,27.09285714285714
26,41,1,1,1,2,2,1,9,2,1,13.076984126984128,27.322619047619046
26,42,1,1,1,2,3,5,8,8,2,14.360119047619047,27.460714285714285
26,43,1,1,1,2,3,5,8,8,2,14.360119047619047,27.460714285714285
26,44,1,1,1,2,3,5,8,8,2,14.360119047619047,27.460714285714285
26,45,1,1,1,2,1,1,5,3,3,12.018253968253967,26.875
26,46,1,1,1,1,1,1,1,2,3,10.795039682539683,25.90357142857143
26,47,1,1,1,2,1,1,5,3,3,12.018253968253967,26.875
26,48,1,1,1,1,2,1,9,2,1,12.092261904761905,27.023809523809522
26,49,1,1,1,1,1,1,5,2,3,10.887301587301588,26.607142857142858
27,0,1,1,1,1,1,1,1,2,3,10.795039682539683,25.90357142857143
27,1,9,4,8,4,3,7,5,3,1,33.96666666666667,27.51309523809524
27,2,1,1,1,1,1,1,1,2,3,10.795039682539683,25.90357142857143
27,3,1,1,1,1,1,1,5,2,3,10.887301587301588,26.607142857142858
27,4,1,5,4,8,3,5,6,2,10,27.041666666666668,27.502380952380953
27,5,1,1,1,7,3,5,5,8,2,19.272817460317462,27.49047619047619
27,6,1,5,4,8,3,5,6,2,10,27.041666666666668,27.502380952380953
27,7,1,1,1,2,3,5,8,8,2,14.360119047619047,27.460714285714285
27,8,1,1,4,3,3,3,4,9,3,18.214484126984125,27.46785714285714
27,9,1,1,1,2,2,1,6,2,6,13.031150793650793,27.18095238095238
27,10,1,1,1,2,2,1,9,2,1,13.076984126984128,27.322619047619046
27,11,1,1,1,2,1,1,4,9,3,11.963690476190475,26.777380952380952
27,12,1,1,1,2,2,5,9,8,2,13.32718253968254,27.382142857142856
27,13,1,1,1,2,1,1,9,9,4,12.162301587301588,27.09285714285714
27,14,1,1,1,1,1,1,9,8,3,11.133134920634921,26.654761904761905
27,15,1,1,1,2,1,1,4,9,3,11.963690476190475,26.777380952380952
27,16,1,1,1,2,1,1,6,2,4,11.97420634920635,26.861904761904764
27,17,1,1,1,2,2,5,9,8,2,13.32718253968254,27.382142857142856
27,18,1,1,1,2,1,1,9,9,4,12.162301587301588,27.09285714285714
27,19,1,1,1,2,2,1,6,2,6,13.031150793650793,27.18095238095238
27,20,1,1,1,1,2,1,6,2,4,12.041666666666666,26.961904761904762
27,21,1,1,1,2,1,1,5,3,3,12.018253968253967,26.875
27,22,1,1,1,1,1,1,9,8,3,11.133134920634921,26.654761904761905
27,23,1,1,1,2,3,5,8,8,2,14.360119047619047,27.460714285714285
27,24,1,1,4,3,3,3,4,9,3,18.214484126984125,27.46785714285714
27,25,1,1,1,1,2,1,9,2,1,12.092261904761905,27.023809523809522
27,26,4,1,1,3,4,9,9,9,6,19.185714285714287,27.485714285714284
27,27,1,1,1,1,2,1,9,2,1,12.092261904761905,27.023809523809522
27,28,1,1,1,1,2,1,6,2,4,12.041666666666666,26.961904761904762
27,29,1,1,1,2,2,1,9,2,1,13.076984126984128,27.322619047619046
27,30,1,1,1,1,1,1,9,9,9,11.009722222222221,26.613095238095237
27,31,1,1,1,1,1,1,9,2,3,11.075992063492064,26.632142857142856
27,32,4,1,1,3,4,9,9,9,6,19.185714285714287,27.485714285714284
27,33,1,1,1,1,1,1,9,2,3,11.075992063492064,26.632142857142856
27,34,1,1,1,7,3,5,5,8,2,19.272817460317462,27.49047619047619
27,35,1,1,1,2,1,1,5,3,3,12.018253968253967,26.875
27,36,1,1,1,1,1,1,5,2,3,10.887301587301588,26.607142857142858
27,37,1,1,1,1,1,1,9,9,9,11.009722222222221,26.613095238095237
27,38,1,1,1,2,3,5,8,8,2,14.360119047619047,27.460714285714285
27,39,1,1,1,1,1,1,9,2,3,11.075992063492064,26.632142857142856
27,40,1,1,1,2,2,1,9,2,1,13.076984126984128,27.322619047619046
27,41,1,1,1,2,1,1,5,3,3,12.018253968253967,26.875
27,42,1,1,1,1,1,1,1,2,3,10.795039682539683,25.90357142857143
27,43,1,1,1,2,1,1,9,9,4,12.162301587301588,27.09285714285714
27,44,1,1,1,1,1,1,9,2,3,11.075992063492064,26.632142857142856
27,45,1,1,1,2,3,5,8,8,2,14.360119047619047,27.460714285714285
27,46,1,1,1,1,2,1,9,2,1,12.092261904761905,27.023809523809522
27,47,1,5,4,8,3,5,6,2,10,27.041666666666668,27.502380952380953
27,48,1,1,1,1,1,1,5,2,3,10.887301587301588,26.607142857142858
27,49,1,1,1,2,1,1,5,3,3,12.018253968253967,26.875
28,0,1,1,1,1,1,1,1,2,3,10.795039682539683,25.90357142857143
28,1,9,4,8,4,3,7,5,3,1,33.96666666666667,27.51309523809524
28,2,1,1,1,1,1,1,1,2,3,10.795039682539683,25.90357142857143
28,3,1,1,1,1,1,1,5,2,3,10.887301587301588,26.607142857142858
28,4,1,5,4,8,3,5,6,2,10,27.041666666666668,27.502380952380953
28,5,1,1,1,7,3,5,5,8,2,19.272817460317462,27.49047619047619
28,6,1,5,4,8,3,5,6,2,10,27.041666666666668,27.502380952380953
28,7,1,1,1,2,3,5,8,8,2,14.360119047619047,27.460714285714285
28,8,1,1,1,2,2,1,6,2,4,12.988095238095237,27.28214285714286
28,9,1,1,4,3,3,3,4,9,3,18.214484126984125,27.46785714285714
28,10,1,1,1,2,1,1,9,9,4,12.162301587301588,27.09285714285714
28,11,1,1,1,2,1,1,4,9,3,11.963690476190475,26.777380952380952
28,12,1,1,1,2,2,5,9,8,2,13.32718253968254,27.382142857142856
28,13,1,1,1,1,1,1,9,8,3,11.133134920634921,26.654761904761905
28,14,1,1,1,2,1,1,9,9,4,12.162301587301588,27.09285714285714
28,15,1,1,1,2,1,1,4,9,3,11.963690476190475,26.777380952380952
28,16,1,1,1,2,1,1,6,2,4,11.97420634920635,26.861904761904764
28,17,1,1,1,2,2,5,9,8,2,13.32718253968254,27.382142857142856
28,18,1,1,1,1,2,1,6,2,4,12.041666666666666,26.961904761904762
28,19,1,1,1,2,1,1,5,3,3,12.018253968253967,26.875
28,20,1,1,1,1,1,1,9,8,3,11.133134920634921,26.654761904761905
28,21,1,1,1,2,3,5,8,8,2,14.360119047619047,27.460714285714285
28,22,1,1,4,3,3,3,4,9,3,18.214484126984125,27.46785714285714
28,23,1,1,1,1,2,1,9,2,1,12.092261904761905,27.023809523809522
28,24,4,1,1,3,4,9,9,9,6,19.185714285714287,27.485714285714284
28,25,1,1,1,1,2,1,9,2,1,12.092261904761905,27.023809523809522
28,26,1,1,1,2,2,1,9,2,1,13.076984126984128,27.322619047619046
28,27,1,1,1,1,2,1,6,2,4,12.041666666666666,26.961904761904762
28,28,1,1,1,2,2,1,9,2,1,13.076984126984128,27.322619047619046
28,29,1,1,1,1,1,1,9,9,9,11.009722222222221,26.613095238095237
28,30,1,1,1,1,1,1,9,2,3,11.075992063492064,26.632142857142856
28,31,4,1,1,3,4,9,9,9,6,19.185714285714287,27.485714285714284
28,32,1,1,1,1,1,1,9,2,3,11.075992063492064,26.632142857142856
28,33,1,1,1,7,3,5,5,8,2,19.272817460317462,27.49047619047619
28,34,1,1,1,2,1,1,5,3,3,12.018253968253967,26.875
28,35,1,1,1,1,1,1,5,2,3,10.887301587301588,26.607142857142858
28,36,1,1,1,1,1,1,9,9,9,11.009722222222221,26.613095238095237
28,37,1,1,1,2,1,1,5,3,3,12.018253968253967,26.875
28,38,1,1,1,2,1,1,9,9,4,12.162301587301588,27.09285714285714
28,39,1,1,1,2,3,5,8,8,2,14.360119047619047,27.460714285714285
28,40,1,1,1,2,3,5,8,8,2,14.360119047619047,27.460714285714285
28,41,1,1,1,1,1,1,9,8,3,11.133134920634921,26.654761904761905
28,42,1,1,1,1,2,1,9,2,1,12.092261904761905,27.023809523809522
28,43,1,1,1,7,3,5,5,8,2,19.272817460317462,27.49047619047619
28,44,1,1,1,2,2,1,9,2,1,13.076984126984128,27.322619047619046
28,45,1,1,1,2,1,1,5,3,3,12.018253968253967,26.875
28,46,1,1,1,1,2,1,6,2,4,12.041666666666666,26.961904761904762
28,47,1,5,4,8,3,5,6,2,10,27.041666666666668,27.502380952380953
28,48,1,1,1,1,1,1,1,2,3,10.795039682539683,25.90357142857143
28,49,1,1,1,1,1,1,9,2,3,11.075992063492064,26.632142857142856
29,0,1,1,1,1,1,1,1,2,3,10.795039682539683,25.90357142857143
29,1,1,1,1,1,1,1,1,2,3,10.795039682539683,25.90357142857143
29,2,9,4,8,4,3,7,5,3,1,33.96666666666667,27.51309523809524
29,3,1,1,1,1,1,1,5,2,3,10.887301587301588,26.607142857142858
29,4,1,5,4,8,3,5,6,2,10,27.041666666666668,27.502380952380953
29,5,1,1,1,7,3,5,5,8,2,19.272817460317462,27.49047619047619
29,6,1,5,4,8,3,5,6,2,10,27.041666666666668,27.502380952380953
29,7,1,1,1,2,3,5,8,8,2,14.360119047619047,27.460714285714285
29,8,1,1,1,2,2,1,6,2,4,12.988095238095237,27.28214285714286
29,9,1,1,4,3,3,3,4,9,3,18.214484126984125,27.46785714285714
29,10,1,1,1,2,1,1,9,9,4,12.162301587301588,27.09285714285714
29,11,1,1,1,2,1,1,4,9,3,11.963690476190475,26.777380952380952
29,12,1,1,1,1,2,1,9,8,1,12.088095238095239,27.026190476190475
29,13,1,1,1,2,2,5,9,8,2,13.32718253968254,27.382142857142856
29,14,1,1,1,1,1,1,9,8,3,11.133134920634921,26.654761904761905
29,15,1,1,1,2,1,1,9,9,4,12.162301587301588,27.09285714285714
29,16,1,1,1,2,1,1,4,9,3,11.963690476190475,26.777380952380952
29,17,1,1,1,2,1,1,6,2,4,11.97420634920635,26.861904761904764
29,18,1,1,1,2,2,5,9,8,2,13.32718253968254,27.382142857142856
29,19,1,1,1,1,2,1,6,2,4,12.041666666666666,26.961904761904762
29,20,1,1,1,2,1,1,5,3,3,12.018253968253967,26.875
29,21,1,1,1,1,1,1,9,8,3,11.133134920634921,26.654761904761905
29,22,1,1,1,2,3,5,8,8,2,14.360119047619047,27.460714285714285
29,23,1,1,4,3,3,3,4,9,3,18.214484126984125,27.46785714285714
29,24,4,1,1,3,4,9,9,9,6,19.185714285714287,27.485714285714284
29,25,1,1,1,1,2,1,6,2,4,12.041666666666666,26.961904761904762
29,26,1,1,1,2,2,1,9,2,1,13.076984126984128,27.322619047619046
29,27,1,1,1,2,2,1,9,2,1,13.076984126984128,27.322619047619046
29,28,1,1,1,1,1,1,9,9,9,11.009722222222221,26.613095238095237
29,29,1,1,1,1,1,1,9,2,3,11.075992063492064,26.632142857142856
29,30,4,1,1,3,4,9,9,9,6,19.185714285714287,27.485714285714284
29,31,1,1,1,1,1,1,9,2,3,11.075992063492064,26.632142857142856
29,32,1,1,1,7,3,5,5,8,2,19.272817460317462,27.49047619047619
29,33,1,1,1,2,1,1,5,3,3,12.018253968253967,26.875
29,34,1,1,1,1,1,1,5,2,3,10.887301587301588,26.607142857142858
29,35,1,1,1,1,1,1,9,9,9,11.009722222222221,26.613095238095237
29,36,1,1,1,1,1,1,9,2,3,11.075992063492064,26.632142857142856
29,37,1,1,1,1,1,1,9,8,3,11.133134920634921,26.654761904761905
29,38,1,1,1,2,2,1,9,2,1,13.076984126984128,27.322619047619046
29,39,1,5,4,8,3,5,6,2,10,27.041666666666668,27.502380952380953
29,40,1,1,1,1,1,1,1,2,3,10.795039682539683,25.90357142857143
29,41,1,1,1,1,1,1,1,2,3,10.795039682539683,25.90357142857143
29,42,1,5,4,8,3,5,6,2,10,27.041666666666668,27.502380952380953
29,43,1,1,1,1,1,1,9,8,3,11.133134920634921,26.654761904761905
29,44,1,1,1,2,1,1,4,9,3,11.963690476190475,26.777380952380952
29,45,1,1,1,2,1,1,9,9,4,12.162301587301588,27.09285714285714
29,46,1,1,1,2,1,1,5,3,3,12.018253968253967,26.875
29,47,1,5,4,8,3,5,6,2,10,27.041666666666668,27.502380952380953
29,48,1,1,1,1,1,1,9,8,3,11.133134920634921,26.654761904761905
29,49,1,1,1,1,1,1,1,2,3,10.795039682539683,25.90357142857143
30,0,1,1,1,1,1,1,1,2,3,10.795039682539683,25.90357142857143
30,1,9,4,8,4,3,7,5,3,1,33.96666666666667,27.51309523809524
30,2,1,1,1,1,1,1,1,2,3,10.795039682539683,25.90357142857143
30,3,1,1,1,1,1,1,5,2,3,10.887301587301588,26.607142857142858
30,4,1,5,4,8,3,5,6,2,10,27.041666666666668,27.502380952380953
30,5,1,1,1,7,3,5,5,8,2,19.272817460317462,27.49047619047619
30,6,1,5,4,8,3,5,6,2,10,27.041666666666668,27.502380952380953
30,7,1,1,1,2,3,5,8,8,2,14.360119047619047,27.460714285714285
30,8,1,1,4,3,3,3,4,9,3,18.214484126984125,27.46785714285714
30,9,1,1,1,2,2,1,6,2,4,12.988095238095237,27.28214285714286
30,10,1,1,1,2,1,1,9,9,4,12.162301587301588,27.09285714285714
30,11,1,1,1,2,1,1,4,9,3,11.963690476190475,26.777380952380952
30,12,1,1,1,1,2,1,9,8,1,12.088095238095239,27.026190476190475
30,13,1,1,1,2,2,5,9,8,2,13.32718253968254,27.382142857142856
30,14,1,1,1,1,1,1,9,8,3,11.133134920634921,26.654761904761905
30,15,1,1,1,2,1,1,9,9,4,12.162301587301588,27.09285714285714
30,16,1,1,1,2,1,1,4,9,3,11.963690476190475,26.777380952380952
30,17,1,1,1,2,2,1,6,2,4,12.988095238095237,27.28214285714286
30,18,1,1,1,2,2,5,9,8,2,13.32718253968254,27.382142857142856
30,19,1,1,1,1,2,1,6,2,4,12.041666666666666,26.961904761904762
30,20,1,1,1,2,1,1,5,3,3,12.018253968253967,26.875
30,21,1,1,1,2,1,1,6,2,4,11.97420634920635,26.861904761904764
30,22,1,1,1,1,1,1,9,8,3,11.133134920634921,26.654761904761905
30,23,1,1,1,2,3,5,8,8,2,14.360119047619047,27.460714285714285
30,24,1,1,4,3,3,3,4,9,3,18.214484126984125,27.46785714285714
30,25,4,1,1,3,4,9,9,9,6,19.185714285714287,27.485714285714284
30,26,1,1,1,1,2,1,6,2,4,12.041666666666666,26.961904761904762
30,27,1,1,1,2,2,1,9,2,1,13.076984126984128,27.322619047619046
30,28,1,1,1,2,2,1,9,2,1,13.076984126984128,27.322619047619046
30,29,1,1,1,1,1,1,9,9,9,11.009722222222221,26.613095238095237
30,30,1,1,1,1,1,1,9,2,3,11.075992063492064,26.632142857142856
30,31,4,1,1,3,4,9,9,9,6,19.185714285714287,27.485714285714284
30,32,1,1,1,1,1,1,9,2,3,11.075992063492064,26.632142857142856
30,33,1,1,1,7,3,5,5,8,2,19.272817460317462,27.49047619047619
30,34,1,1,1,2,1,1,5,3,3,12.018253968253967,26.875
30,35,1,1,1,2,1,1,6,2,4,11.97420634920635,26.861904761904764
30,36,1,1,1,1,1,1,5,2,3,10.887301587301588,26.607142857142858
30,37,1,1,1,1,1,1,9,9,9,11.009722222222221,26.613095238095237
30,38,1,1,1,2,1,1,6,2,4,11.97420634920635,26.861904761904764
30,39,1,1,1,1,1,1,9,8,3,11.133134920634921,26.654761904761905
30,40,1,5,4,8,3,5,6,2,10,27.041666666666668,27.502380952380953
30,41,1,1,1,2,2,1,9,2,1,13.076984126984128,27.322619047619046
30,42,1,1,1,2,1,1,5,3,3,12.018253968253967,26.875
30,43,4,1,1,3,4,9,9,9,6,19.185714285714287,27.485714285714284
30,44,1,5,4,8,3,5,6,2,10,27.041666666666668,27.502380952380953
30,45,1,1,1,1,1,1,1,2,3,10.795039682539683,25.90357142857143
30,46,1,1,1,2,1,1,9,9,4,12.162301587301588,27.09285714285714
30,47,1,1,1,2,1,1,4,9,3,11.963690476190475,26.777380952380952
30,48,1,1,1,1,1,1,9,8,3,11.133134920634921,26.654761904761905
30,49,1,1,1,1,1,1,1,2,3,10.795039682539683,25.90357142857143
31,0,9,4,8,4,3,7,5,3,1,33.96666666666667,27.51309523809524
31,1,1,1,1,1,1,1,1,2,3,10.795039682539683,25.90357142857143
31,2,1,1,1,1,1,1,1,2,3,10.795039682539683,25.90357142857143
31,3,1,1,1,1,1,1,5,2,3,10.887301587301588,26.607142857142858
31,4,1,5,4,8,3,5,6,2,10,27.041666666666668,27.502380952380953
31,5,1,1,1,7,3,5,5,8,2,19.272817460317462,27.49047619047619
31,6,1,5,4,8,3,5,6,2,10,27.041666666666668,27.502380952380953
31,7,1,1,1,2,3,5,8,8,2,14.360119047619047,27.460714285714285
31,8,1,1,4,3,3,3,4,9,3,18.214484126984125,27.46785714285714
31,9,1,1,1,2,2,1,6,2,4,12.988095238095237,27.28214285714286
31,10,1,1,1,2,1,1,9,9,4,12.162301587301588,27.09285714285714
31,11,1,1,1,2,1,1,4,9,3,11.963690476190475,26.777380952380952
31,12,1,1,1,1,2,1,9,8,1,12.088095238095239,27.026190476190475
31,13,1,1,1,2,2,5,9,8,2,13.32718253968254,27.382142857142856
31,14,1,1,1,1,1,1,9,8,3,11.133134920634921,26.654761904761905
31,15,1,1,1,2,1,1,9,9,4,12.162301587301588,27.09285714285714
31,16,1,1,1,2,1,1,4,9,3,11.963690476190475,26.777380952380952
31,17,1,1,1,2,2,1,6,2,4,12.988095238095237,27.28214285714286
31,18,1,1,1,2,2,5,9,8,2,13.32718253968254,27.382142857142856
31,19,1,1,1,1,2,1,6,2,4,12.041666666666666,26.961904761904762
31,20,1,1,1,2,1,1,5,3,3,12.018253968253967,26.875
31,21,1,1,1,2,1,1,6,2,4,11.97420634920635,26.861904761904764
31,22,1,1,1,1,1,1,9,8,3,11.133134920634921,26.654761904761905
31,23,1,1,1,2,3,5,8,8,2,14.360119047619047,27.460714285714285
31,24,1,1,4,3,3,3,4,9,3,18.214484126984125,27.46785714285714
31,25,4,1,1,3,4,9,9,9,6,19.185714285714287,27.485714285714284
31,26,1,1,1,1,2,1,6,2,4,12.041666666666666,26.961904761904762
31,27,1,1,1,2,2,1,9,2,1,13.076984126984128,27.322619047619046
31,28,1,1,1,2,2,1,9,2,1,13.076984126984128,27.322619047619046
31,29,1,1,1,1,1,1,9,9,9,11.009722222222221,26.613095238095237
31,30,1,1,1,1,1,1,9,2,3,11.075992063492064,26.632142857142856
31,31,4,1,1,3,4,9,9,9,6,19.185714285714287,27.485714285714284
31,32,1,1,1,1,1,1,9,2,3,11.075992063492064,26.632142857142856
31,33,1,1,1,7,3,5,5,8,2,19.272817460317462,27.49047619047619
31,34,1,1,1,2,1,1,5,3,3,12.018253968253967,26.875
31,35,1,1,1,2,1,1,6,2,4,11.97420634920635,26.861904761904764
31,36,1,1,1,1,1,1,5,2,3,10.887301587301588,26.607142857142858
31,37,1,1,1,1,1,1,9,9,9,11.009722222222221,26.613095238095237
31,38,1,1,1,1,1,1,9,8,3,11.133134920634921,26.654761904761905
31,39,1,1,1,2,1,1,4,9,3,11.963690476190475,26.777380952380952
31,40,1,1,1,1,1,1,9,8,3,11.133134920634921,26.654761904761905
31,41,1,5,4,8,3,5,6,2,10,27.041666666666668,27.502380952380953
31,42,1,1,1,2,1,1,4,9,3,11.963690476190475,26.777380952380952
31,43,1,1,1,2,2,1,6,2,4,12.988095238095237,27.28214285714286
31,44,1,1,1,2,3,5,8,8,2,14.360119047619047,27.460714285714285
31,45,4,1,1,3,4,9,9,9,6,19.185714285714287,27.485714285714284
31,46,1,1,1,1,1,1,5,2,3,10.887301587301588,26.607142857142858
31,47,1,1,1,1,1,1,1,2,3,10.795039682539683,25.90357142857143
31,48,1,1,1,2,1,1,5,3,3,12.018253968253967,26.875
31,49,1,1,4,3,3,3,4,9,3,18.214484126984125,27.46785714285714
32,0,1,1,1,1,1,1,1,2,3,10.795039682539683,25.90357142857143
32,1,9,4,8,4,3,7,5,3,1,33.96666666666667,27.51309523809524
32,2,1,1,1,1,1,1,1,2,3,10.795039682539683,25.90357142857143
32,3,1,1,1,1,1,1,5,2,3,10.887301587301588,26.607142857142858
32,4,1,5,4,8,3,5,6,2,10,27.041666666666668,27.502380952380953
32,5,1,1,1,7,3,5,5,8,2,19.272817460317462,27.49047619047619
32,6,1,5,4,8,3,5,6,2,10,27.041666666666668,27.502380952380953
32,7,1,1,1,2,3,5,8,8,2,14.360119047619047,27.460714285714285
32,8,1,1,4,3,3,3,4,9,3,18.214484126984125,27.46785714285714
32,9,1,1,1,2,2,1,6,2,4,12.988095238095237,27.28214285714286
32,10,1,1,1,2,1,1,9,9,4,12.162301587301588,27.09285714285714
32,11,1,1,1,2,1,1,4,9,3,11.963690476190475,26.777380952380952
32,12,1,1,1,1,2,1,9,8,1,12.088095238095239,27.026190476190475
32,13,1,1,1,2,2,5,9,8,2,13.32718253968254,27.382142857142856
32,14,1,1,1,1,1,1,9,8,3,11.133134920634921,26.654761904761905
32,15,1,1,1,2,1,1,9,9,4,12.162301587301588,27.09285714285714
32,16,1,1,1,2,1,1,4,9,3,11.963690476190475,26.777380952380952
32,17,1,1,1,2,2,1,6,2,4,12.988095238095237,27.28214285714286
32,18,1,1,1,2,2,5,9,8,2,13.32718253968254,27.382142857142856
32,19,1,1,1,1,2,1,6,2,4,12.041666666666666,26.961904761904762
32,20,1,1,1,2,1,1,5,3,3,12.018253968253967,26.875
32,21,1,1,1,2,1,1,6,2,4,11.97420634920635,26.861904761904764
32,22,1,1,1,1,1,1,9,8,3,11.133134920634921,26.654761904761905
32,23,1,1,1,2,3,5,8,8,2,14.360119047619047,27.460714285714285
32,24,1,1,4,3,3,3,4,9,3,18.214484126984125,27.46785714285714
32,25,4,1,1,3,4,9,9,9,6,19.185714285714287,27.485714285714284
32,26,1,1,1,1,2,1,6,2,4,12.041666666666666,26.961904761904762
32,27,1,1,1,2,2,1,9,2,1,13.076984126984128,27.322619047619046
32,28,1,1,1,2,2,1,9,2,1,13.076984126984128,27.322619047619046
32,29,1,1,1,1,1,1,9,9,9,11.009722222222221,26.613095238095237
32,30,1,1,1,1,1,1,9,2,3,11.075992063492064,26.632142857142856
32,31,4,1,1,3,4,9,9,9,6,19.185714285714287,27.485714285714284
32,32,1,1,1,1,1,1,9,2,3,11.075992063492064,26.632142857142856
32,33,1,1,1,7,3,5,5,8,2,19.272817460317462,27.49047619047619
32,34,1,1,1,2,1,1,5,2,4,12.018253968253967,26.875
32,35,1,1,1,2,1,1,6,2,4,11.97420634920635,26.861904761904764
32,36,1,1,1,1,1,1,5,2,3,10.887301587301588,26.607142857142858
32,37,1,1,1,1,1,1,9,9,9,11.009722222222221,26.613095238095237
32,38,1,1,1,2,1,1,9,9,4,12.162301587301588,27.09285714285714
32,39,1,1,1,2,1,1,6,2,4,11.97420634920635,26.861904761904764
32,40,1,1,1,2,1,1,4,9,3,11.963690476190475,26.777380952380952
32,41,1,1,1,2,1,1,4,9,3,11.963690476190475,26.777380952380952
32,42,1,1,1,1,1,1,5,2,3,10.887301587301588,26.607142857142858
32,43,1,1,1,2,3,5,8,8,2,14.360119047619047,27.460714285714285
32,44,1,1,1,2,1,1,6,2,4,11.97420634920635,26.861904761904764
32,45,1,1,1,1,1,1,1,2,3,10.795039682539683,25.90357142857143
32,46,1,1,1,7,3,5,5,8,2,19.272817460317462,27.49047619047619
32,47,1,1,1,1,1,1,9,8,3,11.133134920634921,26.654761904761905
32,48,1,1,1,2,2,1,6,2,4,12.988095238095237,27.28214285714286
32,49,1,5,4,8,3,5,6,2,10,27.041666666666668,27.502380952380953
33,0,1,1,1,1,1,1,1,2,3,10.795039682539683,25.90357142857143
33,1,9,4,8,4,3,7,5,3,1,33.96666666666667,27.51309523809524
33,2,1,1,1,1,1,1,1,2,3,10.795039682539683,25.90357142857143
33,3,1,1,1,1,1,1,5,2,3,10.887301587301588,26.607142857142858
33,4,1,5,4,8,3,5,6,2,10,27.041666666666668,27.502380952380953
33,5,1,1,1,7,3,5,5,8,2,19.272817460317462,27.49047619047619
33,6,1,5,4,8,3,5,6,2,10,27.041666666666668,27.502380952380953
33,7,1,1,1,2,3,5,8,8,2,14.360119047619047,27.460714285714285
33,8,1,1,1,2,2,1,6,1,4,12.961904761904762,27.28214285714286
33,9,1,1,4,3,3,3,4,9,3,18.214484126984125,27.46785714285714
33,10,1,1,1,2,1,1,9,9,4,12.162301587301588,27.09285714285714
33,11,1,1,1,2,1,1,4,9,3,11.963690476190475,26.777380952380952
33,12,1,1,1,2,2,5,9,8,2,13.32718253968254,27.382142857142856
33,13,1,1,1,1,1,1,9,8,3,11.133134920634921,26.654761904761905
33,14,1,1,1,2,1,1,4,9,3,11.963690476190475,26.777380952380952
33,15,1,1,1,2,1,1,9,9,4,12.162301587301588,27.09285714285714
33,16,1,1,1,2,2,5,9,8,2,13.32718253968254,27.382142857142856
33,17,1,1,1,2,1,1,6,9,4,12.025595238095239,26.90595238095238
33,18,1,1,1,2,1,1,6,2,4,11.97420634920635,26.861904761904764
33,19,1,1,1,1,1,1,9,8,3,11.133134920634921,26.654761904761905
33,20,1,1,1,2,3,5,8,8,2,14.360119047619047,27.460714285714285
33,21,1,1,4,3,3,3,4,9,3,18.214484126984125,27.46785714285714
33,22,4,1,1,3,4,9,9,9,6,19.185714285714287,27.485714285714284
33,23,1,1,1,1,2,1,9,8,1,12.088095238095239,27.026190476190475
33,24,1,1,1,1,2,1,9,8,1,12.088095238095239,27.026190476190475
33,25,1,1,1,2,2,1,9,2,1,13.076984126984128,27.322619047619046
33,26,1,1,1,1,2,1,6,2,4,12.041666666666666,26.961904761904762
33,27,1,1,1,1,2,1,6,2,4,12.041666666666666,26.961904761904762
33,28,1,1,1,2,2,1,9,2,1,13.076984126984128,27.322619047619046
33,29,1,1,1,2,1,1,5,3,3,12.018253968253967,26.875
33,30,1,1,1,1,1,1,9,9,9,11.009722222222221,26.613095238095237
33,31,1,1,1,1,1,1,9,2,3,11.075992063492064,26.632142857142856
33,32,4,1,1,3,4,9,9,9,6,19.185714285714287,27.485714285714284
33,33,1,1,1,1,1,1,9,2,3,11.075992063492064,26.632142857142856
33,34,1,1,1,7,3,5,5,8,2,19.272817460317462,27.49047619047619
33,35,1,1,1,2,1,1,6,2,4,11.97420634920635,26.861904761904764
33,36,1,1,1,2,1,1,5,3,3,12.018253968253967,26.875
33,37,1,1,1,1,1,1,5,2,3,10.887301587301588,26.607142857142858
33,38,1,1,1,1,1,1,9,9,9,11.009722222222221,26.613095238095237
33,39,1,1,1,2,1,1,4,9,3,11.963690476190475,26.777380952380952
33,40,1,1,1,2,1,1,9,9,4,12.162301587301588,27.09285714285714
33,41,1,1,1,1,1,1,9,2,3,11.075992063492064,26.632142857142856
33,42,1,1,1,7,3,5,5,8,2,19.272817460317462,27.49047619047619
33,43,1,1,1,1,1,1,9,8,3,11.133134920634921,26.654761904761905
33,44,1,1,1,1,1,1,9,8,3,11.133134920634921,26.654761904761905
33,45,1,1,1,1,1,1,5,2,3,10.887301587301588,26.607142857142858
33,46,1,1,1,2,3,5,8,8,2,14.360119047619047,27.460714285714285
33,47,1,1,1,2,1,1,6,2,4,11.97420634920635,26.861904761904764
33,48,1,1,1,2,1,1,9,9,4,12.162301587301588,27.09285714285714
33,49,1,1,1,2,1,1,9,9,4,12.162301587301588,27.09285714285714
34,0,1,1,1,1,1,1,1,2,3,10.795039682539683,25.90357142857143
34,1,9,4,8,4,3,7,5,3,1,33.96666666666667,27.51309523809524
34,2,1,1,1,1,1,1,1,2,3,10.795039682539683,25.90357142857143
34,3,1,1,1,1,1,1,5,2,3,10.887301587301588,26.607142857142858
34,4,1,5,4,8,3,5,6,2,10,27.041666666666668,27.502380952380953
34,5,1,1,1,7,3,5,5,8,2,19.272817460317462,27.49047619047619
34,6,1,5,4,8,3,5,6,2,10,27.041666666666668,27.502380952380953
34,7,1,1,1,2,3,5,8,8,2,14.360119047619047,27.460714285714285
34,8,1,1,1,2,2,1,6,1,4,12.961904761904762,27.28214285714286
34,9,1,1,4,3,3,3,4,9,3,18.214484126984125,27.46785714285714
34,10,1,1,1,2,1,1,9,9,4,12.162301587301588,27.09285714285714
34,11,1,1,1,2,2,5,9,8,2,13.32718253968254,27.382142857142856
34,12,1,1,1,1,1,1,9,8,3,11.133134920634921,26.654761904761905
34,13,1,1,1,2,1,1,9,9,4,12.162301587301588,27.09285714285714
34,14,1,1,1,2,2,5,9,8,2,13.32718253968254,27.382142857142856
34,15,1,1,1,2,1,1,6,9,4,12.025595238095239,26.90595238095238
34,16,1,1,1,1,1,1,9,8,3,11.133134920634921,26.654761904761905
34,17,1,1,1,2,3,5,8,8,2,14.360119047619047,27.460714285714285
34,18,1,1,4,3,3,3,4,9,3,18.214484126984125,27.46785714285714
34,19,4,1,1,3,4,9,9,9,6,19.185714285714287,27.485714285714284
34,20,1,1,1,1,2,1,9,8,1,12.088095238095239,27.026190476190475
34,21,1,1,1,1,2,1,9,8,1,12.088095238095239,27.026190476190475
34,22,1,1,1,2,2,1,9,2,1,13.076984126984128,27.322619047619046
34,23,1,1,1,1,2,1,6,2,4,12.041666666666666,26.961904761904762
34,24,1,1,1,1,2,1,6,2,4,12.041666666666666,26.961904761904762
34,25,1,1,1,2,2,1,9,2,1,13.076984126984128,27.322619047619046
34,26,1,1,1,2,1,1,5,3,3,12.018253968253967,26.875
34,27,1,1,1,1,1,1,9,9,9,11.009722222222221,26.613095238095237
34,28,1,1,1,1,1,1,9,2,3,11.075992063492064,26.632142857142856
34,29,4,1,1,3,4,9,9,9,6,19.185714285714287,27.485714285714284
34,30,1,1,1,1,1,1,9,2,3,11.075992063492064,26.632142857142856
34,31,1,1,1,7,3,5,5,8,2,19.272817460317462,27.49047619047619
34,32,1,1,1,2,1,1,5,3,3,12.018253968253967,26.875
34,33,1,1,1,1,1,1,5,2,3,10.887301587301588,26.607142857142858
34,34,1,1,1,1,1,1,9,9,9,11.009722222222221,26.613095238095237
34,35,1,1,1,2,1,1,9,9,4,12.162301587301588,27.09285714285714
34,36,1,1,1,1,1,1,9,2,3,11.075992063492064,26.632142857142856
34,37,1,1,1,7,3,5,5,8,2,19.272817460317462,27.49047619047619
34,38,1,1,1,1,1,1,9,8,3,11.133134920634921,26.654761904761905
34,39,1,1,1,1,1,1,9,8,3,11.133134920634921,26.654761904761905
34,40,1,1,1,1,1,1,5,2,3,10.887301587301588,26.607142857142858
34,41,1,1,1,2,3,5,8,8,2,14.360119047619047,27.460714285714285
34,42,1,1,1,2,1,1,9,9,4,12.162301587301588,27.09285714285714
34,43,1,1,1,2,1,1,9,9,4,12.162301587301588,27.09285714285714
34,44,1,1,1,2,1,1,6,1,4,11.938690476190477,26.87142857142857
34,45,1,1,1,1,1,1,1,2,3,10.795039682539683,25.90357142857143
34,46,1,1,1,1,1,1,5,2,3,10.887301587301588,26.607142857142858
34,47,1,1,1,1,1,1,1,9,3,10.949603174603174,26.19047619047619
34,48,1,1,4,8,3,5,6,9,10,23.211904761904762,27.404761904761905
34,49,1,1,1,2,3,1,9,9,4,14.204960317460317,27.367857142857144
35,0,1,1,1,1,1,1,1,2,3,10.795039682539683,25.90357142857143
35,1,1,1,1,1,1,1,1,2,3,10.795039682539683,25.90357142857143
35,2,9,4,8,4,3,7,5,3,1,33.96666666666667,27.51309523809524
35,3,1,1,1,1,1,1,5,2,3,10.887301587301588,26.607142857142858
35,4,1,5,4,8,3,5,6,2,10,27.041666666666668,27.502380952380953
35,5,1,1,1,7,3,5,5,8,2,19.272817460317462,27.49047619047619
35,6,1,5,4,8,3,5,6,2,10,27.041666666666668,27.502380952380953
35,7,1,1,1,2,3,5,8,8,2,14.360119047619047,27.460714285714285
35,8,1,1,4,3,3,3,4,9,3,18.214484126984125,27.46785714285714
35,9,1,1,1,2,1,1,6,1,4,11.938690476190477,26.87142857142857
35,10,1,1,1,1,1,1,9,8,3,11.133134920634921,26.654761904761905
35,11,1,1,1,2,2,1,6,1,4,12.961904761904762,27.28214285714286
35,12,1,1,1,2,1,1,9,9,4,12.162301587301588,27.09285714285714
35,13,1,1,1,2,2,5,9,8,2,13.32718253968254,27.382142857142856
35,14,1,1,1,2,1,1,9,9,4,12.162301587301588,27.09285714285714
35,15,1,1,1,2,2,1,6,1,4,12.961904761904762,27.28214285714286
35,16,1,1,1,2,2,5,9,8,2,13.32718253968254,27.382142857142856
35,17,1,1,1,2,3,5,8,8,2,14.360119047619047,27.460714285714285
35,18,1,1,1,1,1,1,9,8,3,11.133134920634921,26.654761904761905
35,19,1,1,4,3,3,3,4,9,3,18.214484126984125,27.46785714285714
35,20,4,1,1,3,4,9,9,9,6,19.185714285714287,27.485714285714284
35,21,1,1,1,1,2,1,9,8,1,12.088095238095239,27.026190476190475
35,22,1,1,1,1,2,1,9,8,1,12.088095238095239,27.026190476190475
35,23,1,1,1,2,2,1,9,2,1,13.076984126984128,27.322619047619046
35,24,1,1,1,1,2,1,6,2,4,12.041666666666666,26.961904761904762
35,25,1,1,1,2,1,1,6,1,4,11.938690476190477,26.87142857142857
35,26,1,1,1,1,2,1,6,2,4,12.041666666666666,26.961904761904762
35,27,1,1,1,2,2,1,9,2,1,13.076984126984128,27.322619047619046
35,28,1,1,1,2,1,1,6,9,4,12.025595238095239,26.90595238095238
35,29,1,1,1,2,1,1,5,3,3,12.018253968253967,26.875
35,30,1,1,1,2,1,1,6,9,4,12.025595238095239,26.90595238095238
35,31,1,1,1,1,1,1,9,9,9,11.009722222222221,26.613095238095237
35,32,1,1,1,1,1,1,9,2,3,11.075992063492064,26.632142857142856
35,33,4,1,1,3,4,9,9,9,6,19.185714285714287,27.485714285714284
35,34,1,1,1,1,1,1,9,2,3,11.075992063492064,26.632142857142856
35,35,1,1,1,7,3,5,5,8,2,19.272817460317462,27.49047619047619
35,36,1,1,1,1,1,1,5,2,3,10.887301587301588,26.607142857142858
35,37,1,1,1,1,1,1,9,9,9,11.009722222222221,26.613095238095237
35,38,1,1,1,2,1,1,5,3,3,12.018253968253967,26.875
35,39,1,1,1,2,2,1,9,2,1,13.076984126984128,27.322619047619046
35,40,1,5,4,8,3,5,6,2,10,27.041666666666668,27.502380952380953
35,41,1,1,1,7,3,5,5,8,2,19.272817460317462,27.49047619047619
35,42,1,1,1,2,1,1,9,9,4,12.162301587301588,27.09285714285714
35,43,1,1,1,1,2,1,6,2,4,12.041666666666666,26.961904761904762
35,44,1,1,1,2,1,1,9,9,4,12.162301587301588,27.09285714285714
35,45,1,1,1,1,1,1,5,2,3,10.887301587301588,26.607142857142858
35,46,1,1,1,1,1,1,1,2,3,10.795039682539683,25.90357142857143
35,47,1,1,1,1,1,1,1,2,3,10.795039682539683,25.90357142857143
35,48,1,1,1,1,1,1,9,8,3,11.133134920634921,26.654761904761905
35,49,1,1,1,1,1,1,1,2,3,10.795039682539683,25.90357142857143
36,0,1,1,1,1,1,1,1,2,3,10.795039682539683,25.90357142857143
36,1,1,1,1,1,1,1,1,2,3,10.795039682539683,25.90357142857143
36,2,9,4,8,4,3,7,5,3,1,33.96666666666667,27.51309523809524
36,3,1,1,1,1,1,1,5,2,3,10.887301587301588,26.607142857142858
36,4,1,5,4,8,3,5,6,2,10,27.041666666666668,27.502380952380953
36,5,1,1,1,7,3,5,5,8,2,19.272817460317462,27.49047619047619
36,6,1,5,4,8,3,5,6,2,10,27.041666666666668,27.502380952380953
36,7,1,1,1,2,3,5,8,8,2,14.360119047619047,27.460714285714285
36,8,1,1,4,3,3,3,4,9,3,18.214484126984125,27.46785714285714
36,9,1,1,1,2,1,1,6,1,4,11.938690476190477,26.87142857142857
36,10,1,1,1,1,1,1,9,8,3,11.133134920634921,26.654761904761905
36,11,1,1,1,2,2,1,6,1,4,12.961904761904762,27.28214285714286
36,12,1,1,1,2,1,1,9,9,4,12.162301587301588,27.09285714285714
36,13,1,1,1,2,3,1,9,1,1,14.184126984126983,27.39761904761905
36,14,1,1,1,2,2,1,9,9,5,13.143055555555556,27.382142857142856
36,15,1,1,1,2,1,1,9,9,4,12.162301587301588,27.09285714285714
36,16,1,1,1,2,2,1,6,1,4,12.961904761904762,27.28214285714286
36,17,1,1,1,1,1,1,9,8,3,11.133134920634921,26.654761904761905
36,18,1,1,4,3,3,3,4,9,3,18.214484126984125,27.46785714285714
36,19,4,1,1,3,4,9,9,9,6,19.185714285714287,27.485714285714284
36,20,1,1,1,1,2,1,9,8,1,12.088095238095239,27.026190476190475
36,21,1,1,1,1,2,1,9,8,1,12.088095238095239,27.026190476190475
36,22,1,1,1,2,2,1,9,2,1,13.076984126984128,27.322619047619046
36,23,1,1,1,1,2,1,6,2,4,12.041666666666666,26.961904761904762
36,24,1,1,1,2,1,1,6,1,4,11.938690476190477,26.87142857142857
36,25,1,1,1,1,2,1,6,2,4,12.041666666666666,26.961904761904762
36,26,1,1,1,2,1,1,6,9,4,12.025595238095239,26.90595238095238
36,27,1,1,1,2,2,1,9,2,1,13.076984126984128,27.322619047619046
36,28,1,1,1,2,1,1,5,3,3,12.018253968253967,26.875
36,29,1,1,1,2,1,1,6,9,4,12.025595238095239,26.90595238095238
36,30,1,1,1,1,1,1,9,9,9,11.009722222222221,26.613095238095237
36,31,1,1,1,1,1,1,9,2,3,11.075992063492064,26.632142857142856
36,32,4,1,1,3,4,9,9,9,6,19.185714285714287,27.485714285714284
36,33,1,1,1,1,1,1,9,2,3,11.075992063492064,26.632142857142856
36,34,1,1,1,2,3,5,8,8,2,14.360119047619047,27.460714285714285
36,35,1,1,1,7,3,5,5,8,2,19.272817460317462,27.49047619047619
36,36,1,1,1,1,1,1,5,2,3,10.887301587301588,26.607142857142858
36,37,1,1,1,1,1,1,9,9,9,11.009722222222221,26.613095238095237
36,38,1,1,1,2,1,1,5,3,3,12.018253968253967,26.875
36,39,1,1,1,2,3,5,8,8,2,14.360119047619047,27.460714285714285
36,40,1,1,1,2,1,1,9,9,4,12.162301587301588,27.09285714285714
36,41,1,1,1,2,1,1,6,9,4,12.025595238095239,26.90595238095238
36,42,1,1,1,2,1,1,9,9,4,12.162301587301588,27.09285714285714
36,43,1,1,1,1,1,1,5,2,3,10.887301587301588,26.607142857142858
36,44,1,1,1,1,2,1,6,2,4,12.041666666666666,26.961904761904762
36,45,1,5,4,8,3,5,6,2,10,27.041666666666668,27.502380952380953
36,46,1,1,1,2,1,1,9,9,4,12.162301587301588,27.09285714285714
36,47,1,1,1,1,1,1,5,2,3,10.887301587301588,26.607142857142858
36,48,1,1,1,1,1,1,9,8,3,11.133134920634921,26.654761904761905
36,49,1,1,1,1,1,1,5,2,3,10.887301587301588,26.607142857142858
37,0,1,1,1,1,1,1,1,2,3,10.795039682539683,25.90357142857143
37,1,9,4,9,4,3,7,5,2,1,34.962896825396825,27.517857142857142
37,2,1,1,1,1,1,1,1,2,3,10.795039682539683,25.90357142857143
37,3,1,1,1,1,1,1,5,2,3,10.887301587301588,26.607142857142858
37,4,9,4,8,4,3,7,5,3,1,33.96666666666667,27.51309523809524
37,5,1,5,4,8,3,5,6,2,10,27.041666666666668,27.502380952380953
37,6,1,1,1,7,3,5,5,8,2,19.272817460317462,27.49047619047619
37,7,1,5,4,8,3,5,6,2,10,27.041666666666668,27.502380952380953
37,8,1,1,1,2,3,5,8,8,2,14.360119047619047,27.460714285714285
37,9,1,1,4,3,3,3,4,9,3,18.214484126984125,27.46785714285714
37,10,1,1,1,2,1,1,6,1,4,11.938690476190477,26.87142857142857
37,11,1,1,1,1,1,1,9,8,3,11.133134920634921,26.654761904761905
37,12,1,1,1,2,2,1,6,1,4,12.961904761904762,27.28214285714286
37,13,1,1,1,2,1,1,9,9,4,12.162301587301588,27.09285714285714
37,14,1,1,1,2,3,1,9,1,1,14.184126984126983,27.39761904761905
37,15,1,1,1,2,2,1,9,9,5,13.143055555555556,27.382142857142856
37,16,1,1,1,2,1,1,9,9,4,12.162301587301588,27.09285714285714
37,17,1,1,1,2,2,1,6,1,4,12.961904761904762,27.28214285714286
37,18,1,1,1,1,1,1,9,8,3,11.133134920634921,26.654761904761905
37,19,1,1,4,3,3,3,4,9,3,18.214484126984125,27.46785714285714
37,20,1,1,1,1,2,1,9,8,1,12.088095238095239,27.026190476190475
37,21,4,1,1,3,4,9,9,9,6,19.185714285714287,27.485714285714284
37,22,1,1,1,1,2,1,9,8,1,12.088095238095239,27.026190476190475
37,23,1,1,1,2,2,1,9,2,1,13.076984126984128,27.322619047619046
37,24,1,1,1,1,2,1,6,2,4,12.041666666666666,26.961904761904762
37,25,1,1,1,1,2,1,6,2,4,12.041666666666666,26.961904761904762
37,26,1,1,1,2,1,1,6,1,4,11.938690476190477,26.87142857142857
37,27,1,1,1,2,1,1,6,9,4,12.025595238095239,26.90595238095238
37,28,1,1,1,2,2,1,9,2,1,13.076984126984128,27.322619047619046
37,29,1,1,1,2,1,1,5,3,3,12.018253968253967,26.875
37,30,1,1,1,2,1,1,6,9,4,12.025595238095239,26.90595238095238
37,31,1,1,1,1,1,1,9,9,9,11.009722222222221,26.613095238095237
37,32,1,1,1,1,1,1,9,2,3,11.075992063492064,26.632142857142856
37,33,4,1,1,3,4,9,9,9,6,19.185714285714287,27.485714285714284
37,34,1,1,1,1,1,1,9,2,3,11.075992063492064,26.632142857142856
37,35,1,1,1,2,3,5,8,8,2,14.360119047619047,27.460714285714285
37,36,1,1,1,7,3,5,5,8,2,19.272817460317462,27.49047619047619
37,37,1,1,1,1,1,1,5,2,3,10.887301587301588,26.607142857142858
37,38,1,1,1,1,1,1,9,9,9,11.009722222222221,26.613095238095237
37,39,1,1,1,2,1,1,5,3,3,12.018253968253967,26.875
37,40,1,1,1,1,1,1,5,2,3,10.887301587301588,26.607142857142858
37,41,1,1,1,2,1,1,9,9,4,12.162301587301588,27.09285714285714
37,42,1,1,1,1,2,1,6,2,4,12.041666666666666,26.961904761904762
37,43,1,1,1,2,1,1,9,9,4,12.162301587301588,27.09285714285714
37,44,1,1,1,1,1,1,5,2,3,10.887301587301588,26.607142857142858
37,45,1,1,4,3,3,3,4,9,3,18.214484126984125,27.46785714285714
37,46,1,1,1,1,1,1,5,2,3,10.887301587301588,26.607142857142858
37,47,1,1,1,2,3,5,8,8,2,14.360119047619047,27.460714285714285
37,48,1,1,1,2,1,1,9,9,4,12.162301587301588,27.09285714285714
37,49,1,1,1,1,1,1,9,8,3,11.133134920634921,26.654761904761905
38,0,9,4,9,4,3,7,5,2,1,34.962896825396825,27.517857142857142
38,1,1,1,1,1,1,1,1,2,3,10.795039682539683,25.90357142857143
38,2,1,1,1,1,1,1,1,2,3,10.795039682539683,25.90357142857143
38,3,1,1,1,1,1,1,5,2,3,10.887301587301588,26.607142857142858
38,4,9,4,8,4,3,7,5,3,1,33.96666666666667,27.51309523809524
38,5,1,5,4,8,3,5,8,1,9,27.03392857142857,27.497619047619047
38,6,1,1,1,7,3,5,5,8,2,19.272817460317462,27.49047619047619
38,7,1,5,4,8,3,5,6,2,10,27.041666666666668,27.502380952380953
38,8,1,1,1,2,3,5,8,8,2,14.360119047619047,27.460714285714285
38,9,1,1,4,3,3,3,4,9,3,18.214484126984125,27.46785714285714
38,10,1,1,1,1,1,1,9,8,3,11.133134920634921,26.654761904761905
38,11,1,1,1,2,1,1,6,1,4,11.938690476190477,26.87142857142857
38,12,1,1,1,2,2,1,6,1,4,12.961904761904762,27.28214285714286
38,13,1,1,1,2,1,1,9,9,4,12.162301587301588,27.09285714285714
38,14,1,1,1,2,3,1,9,1,1,14.184126984126983,27.39761904761905
38,15,1,1,1,2,2,1,9,9,5,13.143055555555556,27.382142857142856
38,16,1,1,1,2,1,1,9,9,4,12.162301587301588,27.09285714285714
38,17,1,1,1,2,2,1,6,1,4,12.961904761904762,27.28214285714286
38,18,1,1,4,3,3,3,4,9,3,18.214484126984125,27.46785714285714
38,19,1,1,1,1,2,1,9,8,1,12.088095238095239,27.026190476190475
38,20,4,1,1,3,4,9,9,9,6,19.185714285714287,27.485714285714284
38,21,1,1,1,1,1,1,9,8,3,11.133134920634921,26.654761904761905
38,22,1,1,1,1,2,1,9,8,1,12.088095238095239,27.026190476190475
38,23,1,1,1,2,2,1,9,2,1,13.076984126984128,27.322619047619046
38,24,1,1,1,1,2,1,6,2,4,12.041666666666666,26.961904761904762
38,25,1,1,1,1,1,1,9,9,5,10.967063492063492,26.639285714285716
38,26,1,1,1,1,2,1,6,2,4,12.041666666666666,26.961904761904762
38,27,1,1,1,2,1,1,6,1,4,11.938690476190477,26.87142857142857
38,28,1,1,1,2,1,1,6,9,4,12.025595238095239,26.90595238095238
38,29,1,1,1,2,2,1,9,2,1,13.076984126984128,27.322619047619046
38,30,1,1,1,1,1,1,5,2,3,10.887301587301588,26.607142857142858
38,31,1,1,1,2,1,1,5,3,3,12.018253968253967,26.875
38,32,1,1,1,2,1,1,6,9,4,12.025595238095239,26.90595238095238
38,33,4,1,1,3,4,9,9,9,6,19.185714285714287,27.485714285714284
38,34,1,1,1,2,3,5,8,8,2,14.360119047619047,27.460714285714285
38,35,1,1,1,7,3,5,5,8,2,19.272817460317462,27.49047619047619
38,36,1,5,4,8,3,5,6,2,10,27.041666666666668,27.502380952380953
38,37,1,1,1,2,1,1,5,3,3,12.018253968253967,26.875
38,38,1,1,1,2,1,1,6,1,4,11.938690476190477,26.87142857142857
38,39,1,1,1,2,2,1,6,1,4,12.961904761904762,27.28214285714286
38,40,1,1,1,2,1,1,9,9,4,12.162301587301588,27.09285714285714
38,41,1,1,1,2,1,1,6,1,4,11.938690476190477,26.87142857142857
38,42,1,1,1,2,1,1,9,9,4,12.162301587301588,27.09285714285714
38,43,1,1,4,3,3,3,4,9,3,18.214484126984125,27.46785714285714
38,44,1,1,1,2,3,5,8,8,2,14.360119047619047,27.460714285714285
38,45,1,1,1,1,1,1,1,2,3,10.795039682539683,25.90357142857143
38,46,1,1,1,1,1,1,5,2,3,10.887301587301588,26.607142857142858
38,47,1,1,1,1,2,1,6,2,4,12.041666666666666,26.961904761904762
38,48,1,1,4,3,3,3,4,9,3,18.214484126984125,27.46785714285714
38,49,1,1,1,2,2,1,6,1,4,12.961904761904762,27.28214285714286
39,0,1,1,1,1,1,1,1,2,3,10.795039682539683,25.90357142857143
39,1,9,4,9,4,3,7,5,2,1,34.962896825396825,27.517857142857142
39,2,1,1,1,1,1,1,1,2,3,10.795039682539683,25.90357142857143
39,3,1,1,1,1,1,1,5,2,3,10.887301587301588,26.607142857142858
39,4,9,4,8,4,3,7,5,3,1,33.96666666666667,27.51309523809524
39,5,1,5,4,8,3,5,8,1,9,27.03392857142857,27.497619047619047
39,6,1,1,1,7,3,5,5,8,2,19.272817460317462,27.49047619047619
39,7,1,5,4,8,3,5,6,2,10,27.041666666666668,27.502380952380953
39,8,1,1,1,2,3,5,8,8,2,14.360119047619047,27.460714285714285
39,9,1,1,4,3,3,3,4,9,3,18.214484126984125,27.46785714285714
39,10,1,1,1,1,1,1,9,8,3,11.133134920634921,26.654761904761905
39,11,1,1,1,2,1,1,6,1,4,11.938690476190477,26.87142857142857
39,12,1,1,1,2,2,1,6,1,4,12.961904761904762,27.28214285714286
39,13,1,1,1,2,1,1,9,9,4,12.162301587301588,27.09285714285714
39,14,1,1,1,2,3,1,9,1,1,14.184126984126983,27.39761904761905
39,15,1,1,1,2,2,1,9,9,5,13.143055555555556,27.382142857142856
39,16,1,1,1,2,1,1,9,9,4,12.162301587301588,27.09285714285714
39,17,1,1,1,2,2,1,6,1,4,12.961904761904762,27.28214285714286
39,18,1,1,4,3,3,3,4,9,3,18.214484126984125,27.46785714285714
39,19,1,1,1,1,2,1,9,8,1,12.088095238095239,27.026190476190475
39,20,4,1,1,3,4,9,9,9,6,19.185714285714287,27.485714285714284
39,21,1,1,1,1,1,1,9,8,3,11.133134920634921,26.654761904761905
39,22,1,1,1,1,2,1,9,8,1,12.088095238095239,27.026190476190475
39,23,1,1,1,2,2,1,9,2,1,13.076984126984128,27.322619047619046
39,24,1,1,1,1,2,1,6,2,4,12.041666666666666,26.961904761904762
39,25,1,1,1,1,1,1,9,9,5,10.967063492063492,26.639285714285716
39,26,1,1,1,1,2,1,6,2,4,12.041666666666666,26.961904761904762
39,27,1,1,1,2,1,1,6,1,4,11.938690476190477,26.87142857142857
39,28,1,1,1,2,1,1,6,9,4,12.025595238095239,26.90595238095238
39,29,1,1,1,2,2,1,9,2,1,13.076984126984128,27.322619047619046
39,30,1,1,1,1,1,1,5,2,3,10.887301587301588,26.607142857142858
39,31,1,1,1,2,1,1,5,3,3,12.018253968253967,26.875
39,32,1,1,1,2,1,1,6,9,4,12.025595238095239,26.90595238095238
39,33,4,1,1,3,4,9,9,9,6,19.185714285714287,27.485714285714284
39,34,1,1,1,2,3,5,8,8,2,14.360119047619047,27.460714285714285
39,35,1,1,1,7,3,5,5,8,2,19.272817460317462,27.49047619047619
39,36,1,5,4,8,3,5,6,2,10,27.041666666666668,27.502380952380953
39,37,1,1,1,2,1,1,5,3,3,12.018253968253967,26.875
39,38,1,1,1,1,1,1,5,2,3,10.887301587301588,26.607142857142858
39,39,1,1,1,2,1,1,6,1,4,11.938690476190477,26.87142857142857
39,40,1,1,1,1,1,1,1,2,3,10.795039682539683,25.90357142857143
39,41,1,1,4,3,3,3,4,9,3,18.214484126984125,27.46785714285714
39,42,1,1,1,2,2,1,6,1,4,12.961904761904762,27.28214285714286
39,43,1,1,4,3,3,3,4,9,3,18.214484126984125,27.46785714285714
39,44,1,5,4,8,3,5,6,2,10,27.041666666666668,27.502380952380953
39,45,1,1,1,2,1,1,9,9,4,12.162301587301588,27.09285714285714
39,46,1,1,1,2,1,1,9,9,4,12.162301587301588,27.09285714285714
39,47,1,1,1,2,1,1,6,1,4,11.938690476190477,26.87142857142857
39,48,1,1,1,1,2,1,6,2,4,12.041666666666666,26.961904761904762
39,49,1,1,1,1,1,1,5,2,3,10.887301587301588,26.607142857142858
40,0,1,1,1,1,1,1,1,2,3,10.795039682539683,25.90357142857143
40,1,1,1,1,1,1,1,1,2,3,10.795039682539683,25.90357142857143
40,2,9,4,9,4,3,7,5,2,1,34.962896825396825,27.517857142857142
40,3,1,5,4,7,3,4,6,9,5,26.023611111111112,27.502380952380953
40,4,1,1,1,1,1,1,5,2,3,10.887301587301588,26.607142857142858
40,5,9,4,8,4,3,7,5,3,1,33.96666666666667,27.51309523809524
40,6,1,1,1,7,3,5,5,8,2,19.272817460317462,27.49047619047619
40,7,1,1,1,2,3,5,8,8,2,14.360119047619047,27.460714285714285
40,8,1,1,4,3,3,3,4,9,3,18.214484126984125,27.46785714285714
40,9,1,1,1,1,1,1,9,8,3,11.133134920634921,26.654761904761905
40,10,1,1,1,2,1,1,6,1,4,11.938690476190477,26.87142857142857
40,11,1,1,1,2,2,1,6,1,4,12.961904761904762,27.28214285714286
40,12,1,1,1,2,1,1,9,9,4,12.162301587301588,27.09285714285714
40,13,1,1,1,2,2,1,9,9,5,13.143055555555556,27.382142857142856
40,14,1,1,1,2,3,1,9,1,1,14.184126984126983,27.39761904761905
40,15,1,1,1,2,1,1,9,9,4,12.162301587301588,27.09285714285714
40,16,1,1,1,2,2,1,6,1,4,12.961904761904762,27.28214285714286
40,17,9,4,8,4,3,7,5,3,1,33.96666666666667,27.51309523809524
40,18,1,1,4,3,3,3,4,9,3,18.214484126984125,27.46785714285714
40,19,1,1,1,1,2,1,9,8,1,12.088095238095239,27.026190476190475
40,20,4,1,1,3,4,9,9,9,6,19.185714285714287,27.485714285714284
40,21,1,1,1,1,1,1,9,8,3,11.133134920634921,26.654761904761905
40,22,1,1,1,1,2,1,9,8,1,12.088095238095239,27.026190476190475
40,23,1,1,1,2,2,1,9,2,1,13.076984126984128,27.322619047619046
40,24,1,1,1,1,2,1,6,2,4,12.041666666666666,26.961904761904762
40,25,1,1,1,1,2,1,6,2,4,12.041666666666666,26.961904761904762
40,26,1,1,1,2,1,1,6,1,4,11.938690476190477,26.87142857142857
40,27,1,1,1,2,1,1,6,9,4,12.025595238095239,26.90595238095238
40,28,1,1,1,2,2,1,9,2,1,13.076984126984128,27.322619047619046
40,29,1,1,1,1,1,1,9,9,5,10.967063492063492,26.639285714285716
40,30,1,1,1,1,1,1,5,2,3,10.887301587301588,26.607142857142858
40,31,1,1,1,2,1,1,5,3,3,12.018253968253967,26.875
40,32,1,1,1,2,1,1,6,9,4,12.025595238095239,26.90595238095238
40,33,1,1,1,2,3,1,9,1,1,14.184126984126983,27.39761904761905
40,34,4,1,1,3,4,9,9,9,6,19.185714285714287,27.485714285714284
40,35,1,1,1,1,1,1,9,9,5,10.967063492063492,26.639285714285716
40,36,1,1,1,2,3,5,8,8,2,14.360119047619047,27.460714285714285
40,37,1,1,1,7,3,5,5,8,2,19.272817460317462,27.49047619047619
40,38,1,1,1,2,1,1,5,3,3,12.018253968253967,26.875
40,39,1,1,1,2,2,1,9,2,1,13.076984126984128,27.322619047619046
40,40,1,1,1,2,1,1,9,9,4,12.162301587301588,27.09285714285714
40,41,1,1,1,2,3,5,8,8,2,14.360119047619047,27.460714285714285
40,42,1,1,1,2,2,1,6,1,4,12.961904761904762,27.28214285714286
40,43,1,1,1,2,1,1,6,1,4,11.938690476190477,26.87142857142857
40,44,1,1,1,1,2,1,6,2,4,12.041666666666666,26.961904761904762
40,45,1,1,1,1,2,1,6,2,4,12.041666666666666,26.961904761904762
40,46,1,1,1,1,1,1,1,2,3,10.795039682539683,25.90357142857143
40,47,1,1,1,1,1,1,5,2,3,10.887301587301588,26.607142857142858
40,48,1,1,1,1,1,1,5,2,3,10.887301587301588,26.607142857142858
40,49,1,1,1,2,1,1,6,1,4,11.938690476190477,26.87142857142857
41,0,1,1,1,1,1,1,1,2,3,10.795039682539683,25.90357142857143
41,1,9,4,9,4,3,7,5,2,1,34.962896825396825,27.517857142857142
41,2,1,1,1,1,1,1,1,2,3,10.795039682539683,25.90357142857143
41,3,1,5,4,7,3,4,6,9,5,26.023611111111112,27.502380952380953
41,4,1,1,1,1,1,1,5,2,3,10.887301587301588,26.607142857142858
41,5,9,4,8,4,3,7,5,3,1,33.96666666666667,27.51309523809524
41,6,1,1,1,7,3,5,5,8,2,19.272817460317462,27.49047619047619
41,7,1,1,1,2,3,5,8,8,2,14.360119047619047,27.460714285714285
41,8,1,1,4,3,3,3,4,9,3,18.214484126984125,27.46785714285714
41,9,1,1,1,1,1,1,9,8,3,11.133134920634921,26.654761904761905
41,10,1,1,1,2,1,1,6,1,4,11.938690476190477,26.87142857142857
41,11,1,1,1,2,2,1,6,1,4,12.961904761904762,27.28214285714286
41,12,1,1,1,2,1,1,9,9,4,12.162301587301588,27.09285714285714
41,13,1,1,1,2,2,1,9,9,5,13.143055555555556,27.382142857142856
41,14,1,1,1,2,3,1,9,1,1,14.184126984126983,27.39761904761905
41,15,1,1,1,2,1,1,9,9,4,12.162301587301588,27.09285714285714
41,16,1,1,1,2,2,1,6,1,4,12.961904761904762,27.28214285714286
41,17,9,4,8,4,3,7,5,3,1,33.96666666666667,27.51309523809524
41,18,1,1,4,3,3,3,4,9,3,18.214484126984125,27.46785714285714
41,19,1,1,1,1,2,1,9,8,1,12.088095238095239,27.026190476190475
41,20,4,1,1,3,4,9,9,9,6,19.185714285714287,27.485714285714284
41,21,1,1,1,1,1,1,9,8,3,11.133134920634921,26.654761904761905
41,22,1,1,1,1,2,1,9,8,1,12.088095238095239,27.026190476190475
41,23,1,1,1,2,2,1,9,2,1,13.076984126984128,27.322619047619046
41,24,1,1,1,1,2,1,6,2,4,12.041666666666666,26.961904761904762
41,25,1,1,1,1,2,1,6,2,4,12.041666666666666,26.961904761904762
41,26,1,1,1,2,1,1,6,1,4,11.938690476190477,26.87142857142857
41,27,1,1,1,2,1,1,6,9,4,12.025595238095239,26.90595238095238
41,28,1,1,1,2,2,1,9,2,1,13.076984126984128,27.322619047619046
41,29,1,1,1,1,1,1,9,9,5,10.967063492063492,26.639285714285716
41,30,1,1,1,1,1,1,5,2,3,10.887301587301588,26.607142857142858
41,31,1,1,1,1,2,1,9,9,5,12.021825396825397,26.876190476190477
41,32,1,1,1,2,1,1,6,9,4,12.025595238095239,26.90595238095238
41,33,1,1,1,2,3,1,9,1,1,14.184126984126983,27.39761904761905
41,34,4,1,1,3,4,9,9,9,6,19.185714285714287,27.485714285714284
41,35,1,1,1,1,1,1,9,9,5,10.967063492063492,26.639285714285716
41,36,1,1,1,2,3,5,8,8,2,14.360119047619047,27.460714285714285
41,37,1,1,1,7,3,5,5,8,2,19.272817460317462,27.49047619047619
41,38,1,1,1,2,1,1,5,3,3,12.018253968253967,26.875
41,39,1,1,1,2,1,1,5,3,3,12.018253968253967,26.875
41,40,1,1,1,1,2,1,6,2,4,12.041666666666666,26.961904761904762
41,41,1,1,1,1,2,1,6,2,4,12.041666666666666,26.961904761904762
41,42,1,1,1,1,2,1,6,2,4,12.041666666666666,26.961904761904762
41,43,1,1,1,2,1,1,6,9,4,12.025595238095239,26.90595238095238
41,44,1,1,1,1,1,1,5,2,3,10.887301587301588,26.607142857142858
41,45,1,1,1,2,2,1,9,2,1,13.076984126984128,27.322619047619046
41,46,1,1,1,1,1,1,1,2,3,10.795039682539683,25.90357142857143
41,47,1,1,1,2,1,1,6,1,4,11.938690476190477,26.87142857142857
41,48,1,1,1,1,1,1,9,8,3,11.133134920634921,26.654761904761905
41,49,1,1,1,2,3,5,8,8,2,14.360119047619047,27.460714285714285
42,0,9,4,9,4,3,7,5,2,1,34.962896825396825,27.517857142857142
42,1,1,1,1,1,1,1,1,2,3,10.795039682539683,25.90357142857143
42,2,1,1,1,1,1,1,1,2,3,10.795039682539683,25.90357142857143
42,3,9,4,9,4,3,7,5,2,1,34.962896825396825,27.517857142857142
42,4,1,5,4,7,3,4,6,9,5,26.023611111111112,27.502380952380953
42,5,1,1,1,1,1,1,5,2,3,10.887301587301588,26.607142857142858
42,6,9,4,8,4,3,7,5,3,1,33.96666666666667,27.51309523809524
42,7,1,1,1,7,3,5,5,8,2,19.272817460317462,27.49047619047619
42,8,1,1,1,1,2,1,6,1,5,12.043849206349206,27.11904761904762
42,9,4,1,1,2,4,1,9,9,6,18.0625,27.485714285714288
42,10,1,1,1,2,3,5,8,8,2,14.360119047619047,27.460714285714285
42,11,1,1,1,1,1,1,9,8,3,11.133134920634921,26.654761904761905
42,12,1,1,1,2,1,1,6,1,4,11.938690476190477,26.87142857142857
42,13,1,1,1,2,2,1,6,1,4,12.961904761904762,27.28214285714286
42,14,1,1,1,1,2,1,6,2,4,12.041666666666666,26.961904761904762
42,15,1,1,1,2,2,1,9,9,5,13.143055555555556,27.382142857142856
42,16,1,1,1,2,3,1,9,1,1,14.184126984126983,27.39761904761905
42,17,1,1,1,2,2,1,6,1,4,12.961904761904762,27.28214285714286
42,18,1,1,1,7,3,5,5,8,2,19.272817460317462,27.49047619047619
42,19,9,4,8,4,3,7,5,3,1,33.96666666666667,27.51309523809524
42,20,1,1,1,1,1,1,9,8,3,11.133134920634921,26.654761904761905
42,21,1,1,1,2,2,1,9,2,1,13.076984126984128,27.322619047619046
42,22,1,1,1,2,1,1,6,1,4,11.938690476190477,26.87142857142857
42,23,1,1,1,2,1,1,6,9,4,12.025595238095239,26.90595238095238
42,24,1,1,1,1,2,1,6,2,4,12.041666666666666,26.961904761904762
42,25,1,1,1,2,2,1,9,2,1,13.076984126984128,27.322619047619046
42,26,1,1,1,1,1,1,9,9,5,10.967063492063492,26.639285714285716
42,27,1,1,1,1,1,1,5,2,3,10.887301587301588,26.607142857142858
42,28,1,1,1,2,3,5,8,8,2,14.360119047619047,27.460714285714285
42,29,1,1,1,1,2,1,9,9,5,12.021825396825397,26.876190476190477
42,30,1,1,1,2,1,1,6,9,4,12.025595238095239,26.90595238095238
42,31,1,1,1,2,3,1,9,1,1,14.184126984126983,27.39761904761905
42,32,1,1,1,1,1,1,9,9,5,10.967063492063492,26.639285714285716
42,33,1,1,1,2,1,1,5,3,3,12.018253968253967,26.875
42,34,1,1,1,2,1,1,5,3,3,12.018253968253967,26.875
42,35,1,1,1,1,1,1,9,8,3,11.133134920634921,26.654761904761905
42,36,1,1,1,1,2,1,6,2,4,12.041666666666666,26.961904761904762
42,37,1,1,1,1,1,1,1,2,3,10.795039682539683,25.90357142857143
42,38,1,1,1,1,1,1,5,2,3,10.887301587301588,26.607142857142858
42,39,1,1,1,1,1,1,5,2,3,10.887301587301588,26.607142857142858
42,40,9,4,9,4,3,7,5,2,1,34.962896825396825,27.517857142857142
42,41,1,1,1,1,2,1,6,2,4,12.041666666666666,26.961904761904762
42,42,1,1,1,2,2,1,9,2,1,13.076984126984128,27.322619047619046
42,43,1,1,1,1,2,1,6,2,4,12.041666666666666,26.961904761904762
42,44,1,1,1,1,1,1,1,2,3,10.795039682539683,25.90357142857143
42,45,1,1,1,2,1,1,6,9,4,12.025595238095239,26.90595238095238
42,46,1,1,1,1,2,1,6,2,4,12.041666666666666,26.961904761904762
42,47,1,1,1,2,2,1,6,1,4,12.961904761904762,27.28214285714286
42,48,1,1,1,1,1,1,9,8,3,11.133134920634921,26.654761904761905
42,49,1,1,1,2,3,5,8,8,2,14.360119047619047,27.460714285714285
43,0,9,4,9,4,3,7,5,2,1,34.962896825396825,27.517857142857142
43,1,1,1,1,1,1,1,1,2,3,10.795039682539683,25.90357142857143
43,2,1,1,1,1,1,1,1,2,3,10.795039682539683,25.90357142857143
43,3,9,4,9,4,3,7,5,2,1,34.962896825396825,27.517857142857142
43,4,1,1,1,1,1,1,5,2,3,10.887301587301588,26.607142857142858
43,5,1,5,4,7,3,4,6,9,5,26.023611111111112,27.502380952380953
43,6,4,4,8,4,3,7,5,3,6,28.967261904761905,27.51309523809524
43,7,1,1,1,7,3,5,5,8,2,19.272817460317462,27.49047619047619
43,8,4,1,1,2,4,1,9,9,6,18.0625,27.485714285714288
43,9,1,1,1,2,3,5,8,8,2,14.360119047619047,27.460714285714285
43,10,1,1,1,1,1,1,9,8,3,11.133134920634921,26.654761904761905
43,11,1,1,1,2,1,1,6,1,4,11.938690476190477,26.87142857142857
43,12,1,1,1,1,2,1,6,1,5,12.043849206349206,27.11904761904762
43,13,1,1,1,2,2,1,6,1,4,12.961904761904762,27.28214285714286
43,14,1,1,1,1,2,1,6,1,5,12.043849206349206,27.11904761904762
43,15,1,1,1,1,2,1,6,2,4,12.041666666666666,26.961904761904762
43,16,1,1,1,2,2,1,9,9,5,13.143055555555556,27.382142857142856
43,17,1,1,1,2,3,1,9,1,1,14.184126984126983,27.39761904761905
43,18,1,1,1,2,1,1,6,1,4,11.938690476190477,26.87142857142857
43,19,1,1,1,2,2,1,6,1,4,12.961904761904762,27.28214285714286
43,20,1,1,1,1,2,1,6,2,5,12.00515873015873,26.920238095238094
43,21,1,1,1,7,3,5,5,8,2,19.272817460317462,27.49047619047619
43,22,1,1,1,1,1,1,9,8,3,11.133134920634921,26.654761904761905
43,23,1,1,1,2,2,1,9,2,1,13.076984126984128,27.322619047619046
43,24,1,1,1,2,2,1,9,2,1,13.076984126984128,27.322619047619046
43,25,1,1,1,1,1,1,9,9,5,10.967063492063492,26.639285714285716
43,26,1,1,1,1,2,1,6,2,4,12.041666666666666,26.961904761904762
43,27,1,1,1,1,1,1,5,2,3,10.887301587301588,26.607142857142858
43,28,1,1,1,2,3,5,8,8,2,14.360119047619047,27.460714285714285
43,29,1,1,1,2,3,1,9,1,1,14.184126984126983,27.39761904761905
43,30,1,1,1,1,1,1,9,9,5,10.967063492063492,26.639285714285716
43,31,1,1,1,1,1,1,5,2,3,10.887301587301588,26.607142857142858
43,32,1,1,1,2,1,1,6,1,4,11.938690476190477,26.87142857142857
43,33,1,1,1,2,1,1,6,1,4,11.938690476190477,26.87142857142857
43,34,1,1,1,2,2,1,6,1,4,12.961904761904762,27.28214285714286
43,35,1,1,1,2,3,5,8,8,2,14.360119047619047,27.460714285714285
43,36,1,1,1,1,1,1,1,2,3,10.795039682539683,25.90357142857143
43,37,1,1,1,1,2,1,6,2,4,12.041666666666666,26.961904761904762
43,38,1,1,1,1,1,1,9,8,3,11.133134920634921,26.654761904761905
43,39,1,1,1,1,1,1,5,2,3,10.887301587301588,26.607142857142858
43,40,1,1,1,2,2,1,6,1,4,12.961904761904762,27.28214285714286
43,41,1,1,1,1,1,1,1,2,3,10.795039682539683,25.90357142857143
43,42,1,1,1,1,1,1,9,8,3,11.133134920634921,26.654761904761905
43,43,1,1,1,1,2,1,6,2,4,12.041666666666666,26.961904761904762
43,44,1,1,1,1,2,1,6,2,4,12.041666666666666,26.961904761904762
43,45,1,1,1,1,1,1,9,8,3,11.133134920634921,26.654761904761905
43,46,1,1,1,2,2,1,9,2,1,13.076984126984128,27.322619047619046
43,47,1,1,1,2,1,1,6,1,4,11.938690476190477,26.87142857142857
43,48,1,1,1,2,2,1,6,1,4,12.961904761904762,27.28214285714286
43,49,1,1,1,2,2,1,6,1,4,12.961904761904762,27.28214285714286
44,0,1,1,1,1,1,1,1,2,3,10.795039682539683,25.90357142857143
44,1,1,1,1,1,1,1,1,2,3,10.795039682539683,25.90357142857143
44,2,9,4,9,4,3,7,5,2,1,34.962896825396825,27.517857142857142
44,3,9,4,9,4,3,7,5,2,1,34.962896825396825,27.517857142857142
44,4,1,1,1,1,1,1,5,2,3,10.887301587301588,26.607142857142858
44,5,1,5,4,7,3,4,6,9,5,26.023611111111112,27.502380952380953
44,6,4,4,8,4,3,7,5,3,6,28.967261904761905,27.51309523809524
44,7,1,1,1,7,3,5,5,8,2,19.272817460317462,27.49047619047619
44,8,1,1,1,2,3,5,8,8,2,14.360119047619047,27.460714285714285
44,9,4,1,1,2,4,1,9,9,6,18.0625,27.485714285714288
44,10,1,1,1,1,1,1,9,8,3,11.133134920634921,26.654761904761905
44,11,1,1,1,2,1,1,6,1,4,11.938690476190477,26.87142857142857
44,12,1,1,1,1,2,1,6,1,5,12.043849206349206,27.11904761904762
44,13,1,1,1,2,2,1,6,1,4,12.961904761904762,27.28214285714286
44,14,1,1,1,1,2,1,6,1,5,12.043849206349206,27.11904761904762
44,15,1,1,1,1,2,1,6,2,4,12.041666666666666,26.961904761904762
44,16,1,1,1,2,2,1,9,9,5,13.143055555555556,27.382142857142856
44,17,1,1,1,2,3,1,9,1,1,14.184126984126983,27.39761904761905
44,18,4,1,1,2,4,1,9,9,6,18.0625,27.485714285714288
44,19,1,1,1,2,1,1,6,1,4,11.938690476190477,26.87142857142857
44,20,1,1,1,2,2,1,6,1,4,12.961904761904762,27.28214285714286
44,21,1,1,1,7,3,5,5,8,2,19.272817460317462,27.49047619047619
44,22,1,1,1,1,1,1,9,8,3,11.133134920634921,26.654761904761905
44,23,1,1,1,2,2,1,9,2,1,13.076984126984128,27.322619047619046
44,24,1,1,1,1,2,1,6,2,5,12.00515873015873,26.920238095238094
44,25,1,1,1,1,2,1,6,2,5,12.00515873015873,26.920238095238094
44,26,1,1,1,2,2,1,9,2,1,13.076984126984128,27.322619047619046
44,27,1,1,1,1,1,1,9,9,5,10.967063492063492,26.639285714285716
44,28,1,1,1,1,2,1,6,2,4,12.041666666666666,26.961904761904762
44,29,1,1,1,1,1,1,5,2,3,10.887301587301588,26.607142857142858
44,30,1,1,1,2,3,5,8,8,2,14.360119047619047,27.460714285714285
44,31,1,1,1,2,3,1,9,1,1,14.184126984126983,27.39761904761905
44,32,1,1,1,1,1,1,9,9,5,10.967063492063492,26.639285714285716
44,33,1,1,1,1,2,1,6,1,5,12.043849206349206,27.11904761904762
44,34,1,1,1,1,2,1,6,1,5,12.043849206349206,27.11904761904762
44,35,1,1,1,2,2,1,9,2,1,13.076984126984128,27.322619047619046
44,36,1,1,1,2,1,1,6,1,4,11.938690476190477,26.87142857142857
44,37,1,1,1,1,1,1,1,2,3,10.795039682539683,25.90357142857143
44,38,1,1,1,1,1,1,1,2,3,10.795039682539683,25.90357142857143
44,39,1,1,1,2,2,1,6,1,4,12.961904761904762,27.28214285714286
44,40,1,1,1,2,1,1,6,1,4,11.938690476190477,26.87142857142857
44,41,1,1,1,1,1,1,5,2,3,10.887301587301588,26.607142857142858
44,42,1,1,1,1,2,1,6,2,4,12.041666666666666,26.961904761904762
44,43,9,4,9,4,3,7,5,2,1,34.962896825396825,27.517857142857142
44,44,1,1,1,2,1,1,6,1,4,11.938690476190477,26.87142857142857
44,45,1,1,1,2,2,1,6,1,4,12.961904761904762,27.28214285714286
44,46,1,1,1,1,1,1,1,2,3,10.795039682539683,25.90357142857143
44,47,1,1,1,2,3,5,8,8,2,14.360119047619047,27.460714285714285
44,48,1,1,1,1,1,1,5,2,3,10.887301587301588,26.607142857142858
44,49,1,1,1,1,2,1,6,2,4,12.041666666666666,26.961904761904762
45,0,9,4,9,4,3,7,5,2,1,34.962896825396825,27.517857142857142
45,1,1,1,1,1,1,1,1,2,3,10.795039682539683,25.90357142857143
45,2,1,1,1,1,1,1,1,2,3,10.795039682539683,25.90357142857143
45,3,9,4,9,4,3,7,5,2,1,34.962896825396825,27.517857142857142
45,4,1,1,1,1,1,1,5,2,3,10.887301587301588,26.607142857142858
45,5,1,5,4,7,3,4,6,9,5,26.023611111111112,27.502380952380953
45,6,4,4,8,4,3,7,5,3,6,28.967261904761905,27.51309523809524
45,7,1,1,1,7,3,5,5,8,2,19.272817460317462,27.49047619047619
45,8,1,1,1,2,3,5,8,8,2,14.360119047619047,27.460714285714285
45,9,4,1,1,2,4,1,9,9,6,18.0625,27.485714285714288
45,10,1,1,1,1,1,1,9,8,3,11.133134920634921,26.654761904761905
45,11,1,1,1,2,1,1,6,1,4,11.938690476190477,26.87142857142857
45,12,1,1,1,1,2,1,6,1,5,12.043849206349206,27.11904761904762
45,13,1,1,1,2,2,1,6,1,4,12.961904761904762,27.28214285714286
45,14,1,1,1,1,2,1,6,1,5,12.043849206349206,27.11904761904762
45,15,1,1,1,1,2,1,6,2,4,12.041666666666666,26.961904761904762
45,16,1,1,1,2,2,1,9,9,5,13.143055555555556,27.382142857142856
45,17,1,1,1,2,3,1,9,1,1,14.184126984126983,27.39761904761905
45,18,4,1,1,2,4,1,9,9,6,18.0625,27.485714285714288
45,19,1,1,1,2,1,1,6,1,4,11.938690476190477,26.87142857142857
45,20,1,1,1,2,2,1,6,1,4,12.961904761904762,27.28214285714286
45,21,1,1,1,7,3,5,5,8,2,19.272817460317462,27.49047619047619
45,22,1,1,1,1,1,1,9,8,3,11.133134920634921,26.654761904761905
45,23,1,1,1,2,2,1,9,2,1,13.076984126984128,27.322619047619046
45,24,1,1,1,1,2,1,6,2,5,12.00515873015873,26.920238095238094
45,25,1,1,1,1,2,1,6,2,5,12.00515873015873,26.920238095238094
45,26,1,1,1,2,2,1,9,2,1,13.076984126984128,27.322619047619046
45,27,1,1,1,1,1,1,9,9,5,10.967063492063492,26.639285714285716
45,28,1,1,1,1,2,1,6,2,4,12.041666666666666,26.961904761904762
45,29,1,1,1,1,1,1,5,2,3,10.887301587301588,26.607142857142858
45,30,1,1,1,2,3,5,8,8,2,14.360119047619047,27.460714285714285
45,31,1,1,1,2,3,1,9,1,1,14.184126984126983,27.39761904761905
45,32,1,1,1,1,1,1,9,9,5,10.967063492063492,26.639285714285716
45,33,1,1,1,2,3,5,8,8,2,14.360119047619047,27.460714285714285
45,34,1,1,1,1,2,1,6,2,4,12.041666666666666,26.961904761904762
45,35,1,1,1,2,2,1,6,1,4,12.961904761904762,27.28214285714286
45,36,1,1,1,7,3,5,5,8,2,19.272817460317462,27.49047619047619
45,37,1,1,1,2,1,1,6,1,4,11.938690476190477,26.87142857142857
45,38,1,1,1,1,1,1,1,2,3,10.795039682539683,25.90357142857143
45,39,1,1,1,1,2,1,6,1,5,12.043849206349206,27.11904761904762
45,40,1,1,1,2,2,1,9,2,1,13.076984126984128,27.322619047619046
45,41,1,1,1,1,1,1,1,2,3,10.795039682539683,25.90357142857143
45,42,1,1,1,1,1,1,1,2,3,10.795039682539683,25.90357142857143
45,43,1,1,1,2,3,5,8,8,2,14.360119047619047,27.460714285714285
45,44,4,1,1,2,4,1,9,9,6,18.0625,27.485714285714288
45,45,1,1,1,2,2,1,9,2,1,13.076984126984128,27.322619047619046
45,46,1,1,1,2,1,1,6,1,4,11.938690476190477,26.87142857142857
45,47,1,1,1,1,1,1,5,2,3,10.887301587301588,26.607142857142858
45,48,1,1,1,1,2,1,6,2,4,12.041666666666666,26.961904761904762
45,49,1,1,1,1,2,1,6,2,5,12.00515873015873,26.920238095238094
46,0,9,4,9,4,3,7,5,2,1,34.962896825396825,27.517857142857142
46,1,1,1,1,1,1,1,1,2,3,10.795039682539683,25.90357142857143
46,2,1,1,1,1,1,1,1,2,3,10.795039682539683,25.90357142857143
46,3,9,4,9,4,3,7,5,2,1,34.962896825396825,27.517857142857142
46,4,1,1,1,1,1,1,5,2,3,10.887301587301588,26.607142857142858
46,5,4,4,8,4,3,1,5,9,6,28.749404761904763,27.51309523809524
46,6,1,5,4,7,3,4,6,9,5,26.023611111111112,27.502380952380953
46,7,1,1,1,7,3,5,5,8,2,19.272817460317462,27.49047619047619
46,8,1,1,1,2,3,5,8,8,2,14.360119047619047,27.460714285714285
46,9,4,1,1,2,4,1,9,9,6,18.0625,27.485714285714288
46,10,1,1,1,1,1,1,9,8,3,11.133134920634921,26.654761904761905
46,11,1,1,1,2,1,1,6,1,4,11.938690476190477,26.87142857142857
46,12,1,1,1,1,2,1,6,1,5,12.043849206349206,27.11904761904762
46,13,1,5,4,7,3,4,6,9,5,26.023611111111112,27.502380952380953
46,14,1,1,1,2,2,1,6,1,4,12.961904761904762,27.28214285714286
46,15,1,1,1,1,2,1,6,1,5,12.043849206349206,27.11904761904762
46,16,1,1,1,1,2,1,6,2,4,12.041666666666666,26.961904761904762
46,17,1,1,1,2,2,1,9,9,5,13.143055555555556,27.382142857142856
46,18,1,1,1,2,3,1,9,1,1,14.184126984126983,27.39761904761905
46,19,4,1,1,2,4,1,9,9,6,18.0625,27.485714285714288
46,20,1,1,1,2,1,1,6,1,4,11.938690476190477,26.87142857142857
46,21,1,1,1,2,2,1,6,1,4,12.961904761904762,27.28214285714286
46,22,1,1,1,7,3,5,5,8,2,19.272817460317462,27.49047619047619
46,23,1,1,1,1,1,1,9,8,3,11.133134920634921,26.654761904761905
46,24,1,1,1,2,2,1,9,2,1,13.076984126984128,27.322619047619046
46,25,1,1,1,1,2,1,6,2,5,12.00515873015873,26.920238095238094
46,26,1,1,1,1,2,1,6,2,5,12.00515873015873,26.920238095238094
46,27,1,1,1,2,2,1,9,2,1,13.076984126984128,27.322619047619046
46,28,1,1,1,1,1,1,9,9,5,10.967063492063492,26.639285714285716
46,29,1,1,1,1,2,1,6,2,4,12.041666666666666,26.961904761904762
46,30,1,1,1,1,1,1,5,2,3,10.887301587301588,26.607142857142858
46,31,1,1,1,2,3,5,8,8,2,14.360119047619047,27.460714285714285
46,32,1,1,1,2,3,1,9,1,1,14.184126984126983,27.39761904761905
46,33,1,1,1,1,1,1,9,9,5,10.967063492063492,26.639285714285716
46,34,1,1,1,1,2,1,6,2,4,12.041666666666666,26.961904761904762
46,35,1,1,1,1,1,1,1,2,3,10.795039682539683,25.90357142857143
46,36,1,1,1,1,1,1,5,2,3,10.887301587301588,26.607142857142858
46,37,1,1,1,1,2,1,6,2,5,12.00515873015873,26.920238095238094
46,38,1,1,1,1,2,1,6,1,5,12.043849206349206,27.11904761904762
46,39,1,1,1,2,2,1,9,2,1,13.076984126984128,27.322619047619046
46,40,1,1,1,2,3,5,8,8,2,14.360119047619047,27.460714285714285
46,41,1,1,1,2,2,1,6,1,4,12.961904761904762,27.28214285714286
46,42,1,1,1,2,2,1,6,1,4,12.961904761904762,27.28214285714286
46,43,1,1,1,2,3,5,8,8,2,14.360119047619047,27.460714285714285
46,44,1,1,1,2,2,1,9,2,1,13.076984126984128,27.322619047619046
46,45,1,1,1,1,2,1,6,2,5,12.00515873015873,26.920238095238094
46,46,1,1,1,7,3,5,5,8,2,19.272817460317462,27.49047619047619
46,47,1,1,1,1,2,1,6,2,4,12.041666666666666,26.961904761904762
46,48,1,1,1,2,2,1,9,2,1,13.076984126984128,27.322619047619046
46,49,1,1,1,1,1,1,1,2,3,10.795039682539683,25.90357142857143
47,0,9,4,9,4,3,7,5,2,1,34.962896825396825,27.517857142857142
47,1,1,1,1,1,1,1,1,2,3,10.795039682539683,25.90357142857143
47,2,9,4,9,4,3,7,5,2,1,34.962896825396825,27.517857142857142
47,3,1,1,1,1,1,1,1,2,3,10.795039682539683,25.90357142857143
47,4,1,5,3,7,3,5,6,9,5,25.09940476190476,27.514285714285716
47,5,1,1,1,1,1,1,5,2,3,10.887301587301588,26.607142857142858
47,6,1,1,1,7,3,5,5,8,2,19.272817460317462,27.49047619047619
47,7,1,1,1,2,3,5,8,8,2,14.360119047619047,27.460714285714285
47,8,4,1,1,2,4,1,9,9,6,18.0625,27.485714285714288
47,9,1,1,1,1,1,1,9,8,3,11.133134920634921,26.654761904761905
47,10,1,1,1,2,1,1,6,1,4,11.938690476190477,26.87142857142857
47,11,1,1,1,1,2,1,6,1,5,12.043849206349206,27.11904761904762
47,12,1,1,1,2,2,1,6,1,4,12.961904761904762,27.28214285714286
47,13,1,1,1,1,2,1,6,1,5,12.043849206349206,27.11904761904762
47,14,1,1,1,1,2,1,6,2,4,12.041666666666666,26.961904761904762
47,15,1,1,1,2,2,1,9,9,5,13.143055555555556,27.382142857142856
47,16,1,1,1,2,3,1,9,1,1,14.184126984126983,27.39761904761905
47,17,4,1,1,2,4,1,9,9,6,18.0625,27.485714285714288
47,18,1,1,1,7,3,5,5,8,2,19.272817460317462,27.49047619047619
47,19,1,1,1,2,1,1,6,1,4,11.938690476190477,26.87142857142857
47,20,1,1,1,2,2,1,6,1,4,12.961904761904762,27.28214285714286
47,21,1,1,1,1,1,1,9,8,3,11.133134920634921,26.654761904761905
47,22,1,1,1,2,2,1,9,2,1,13.076984126984128,27.322619047619046
47,23,1,1,1,1,2,1,6,2,5,12.00515873015873,26.920238095238094
47,24,1,1,1,2,2,1,9,1,5,13.037896825396825,27.321428571428573
47,25,1,1,1,1,2,1,6,2,5,12.00515873015873,26.920238095238094
47,26,1,1,1,1,1,1,9,9,5,10.967063492063492,26.639285714285716
47,27,1,1,1,1,2,1,6,2,4,12.041666666666666,26.961904761904762
47,28,1,1,1,1,1,1,5,2,3,10.887301587301588,26.607142857142858
47,29,1,1,1,2,3,5,8,8,2,14.360119047619047,27.460714285714285
47,30,1,1,1,2,3,1,9,1,1,14.184126984126983,27.39761904761905
47,31,1,1,1,1,1,1,9,9,5,10.967063492063492,26.639285714285716
47,32,1,1,1,2,2,1,9,2,1,13.076984126984128,27.322619047619046
47,33,1,1,1,1,1,1,9,9,5,10.967063492063492,26.639285714285716
47,34,1,1,1,2,2,1,6,1,4,12.961904761904762,27.28214285714286
47,35,1,1,1,1,2,1,6,2,4,12.041666666666666,26.961904761904762
47,36,1,1,1,2,2,1,6,1,4,12.961904761904762,27.28214285714286
47,37,1,1,1,1,1,1,5,2,3,10.887301587301588,26.607142857142858
47,38,1,1,1,7,3,5,5,8,2,19.272817460317462,27.49047619047619
47,39,1,1,1,2,2,1,9,2,1,13.076984126984128,27.322619047619046
47,40,1,1,1,2,2,1,9,2,1,13.076984126984128,27.322619047619046
47,41,1,1,1,1,1,1,1,2,3,10.795039682539683,25.90357142857143
47,42,1,1,1,2,2,1,9,2,1,13.076984126984128,27.322619047619046
47,43,1,1,1,1,2,1,6,2,5,12.00515873015873,26.920238095238094
47,44,1,1,1,7,3,5,5,8,2,19.272817460317462,27.49047619047619
47,45,1,1,1,2,3,5,8,8,2,14.360119047619047,27.460714285714285
47,46,1,1,1,2,1,1,6,1,4,11.938690476190477,26.87142857142857
47,47,1,1,1,1,1,1,5,2,3,10.887301587301588,26.607142857142858
47,48,1,1,1,2,3,5,8,8,2,14.360119047619047,27.460714285714285
47,49,1,1,1,1,2,1,6,2,4,12.041666666666666,26.961904761904762
48,0,1,1,1,1,1,1,1,2,3,10.795039682539683,25.90357142857143
48,1,1,1,1,1,1,1,1,2,3,10.795039682539683,25.90357142857143
48,2,9,4,9,4,3,7,5,2,1,34.962896825396825,27.517857142857142
48,3,9,4,9,4,3,7,5,2,1,34.962896825396825,27.517857142857142
48,4,1,5,3,7,3,5,6,9,5,25.09940476190476,27.514285714285716
48,5,1,1,1,1,1,1,5,2,3,10.887301587301588,26.607142857142858
48,6,1,1,1,7,3,5,5,8,2,19.272817460317462,27.49047619047619
48,7,1,1,1,2,3,5,8,8,2,14.360119047619047,27.460714285714285
48,8,4,1,1,2,4,1,9,9,6,18.0625,27.485714285714288
48,9,1,1,1,1,1,1,9,8,3,11.133134920634921,26.654761904761905
48,10,1,1,1,2,1,1,6,1,4,11.938690476190477,26.87142857142857
48,11,1,1,1,1,2,1,6,1,5,12.043849206349206,27.11904761904762
48,12,1,1,1,2,2,1,6,1,4,12.961904761904762,27.28214285714286
48,13,1,1,1,1,2,1,6,1,5,12.043849206349206,27.11904761904762
48,14,1,1,1,1,2,1,6,2,4,12.041666666666666,26.961904761904762
48,15,1,1,1,2,2,1,9,9,5,13.143055555555556,27.382142857142856
48,16,1,1,1,2,3,1,9,1,1,14.184126984126983,27.39761904761905
48,17,4,1,1,2,4,1,9,9,6,18.0625,27.485714285714288
48,18,1,1,1,7,3,5,5,8,2,19.272817460317462,27.49047619047619
48,19,1,1,1,2,1,1,6,1,4,11.938690476190477,26.87142857142857
48,20,1,1,1,2,2,1,6,1,4,12.961904761904762,27.28214285714286
48,21,1,1,1,1,1,1,9,8,3,11.133134920634921,26.654761904761905
48,22,1,1,1,2,2,1,9,2,1,13.076984126984128,27.322619047619046
48,23,1,1,1,1,2,1,6,2,5,12.00515873015873,26.920238095238094
48,24,1,1,1,1,2,1,6,2,5,12.00515873015873,26.920238095238094
48,25,1,1,1,1,1,1,9,9,5,10.967063492063492,26.639285714285716
48,26,1,1,1,2,2,1,9,1,5,13.037896825396825,27.321428571428573
48,27,1,1,1,1,2,1,6,2,4,12.041666666666666,26.961904761904762
48,28,1,1,1,1,1,1,5,2,3,10.887301587301588,26.607142857142858
48,29,1,1,1,2,3,5,8,8,2,14.360119047619047,27.460714285714285
48,30,1,1,1,2,3,1,9,1,1,14.184126984126983,27.39761904761905
48,31,1,1,1,1,1,1,9,9,5,10.967063492063492,26.639285714285716
48,32,1,1,1,2,2,1,9,1,5,13.037896825396825,27.321428571428573
48,33,1,1,1,2,2,1,9,2,1,13.076984126984128,27.322619047619046
48,34,1,1,1,2,1,1,6,1,4,11.938690476190477,26.87142857142857
48,35,1,1,1,2,2,1,6,1,4,12.961904761904762,27.28214285714286
48,36,1,1,1,1,1,1,9,9,5,10.967063492063492,26.639285714285716
48,37,1,1,1,2,2,1,6,1,4,12.961904761904762,27.28214285714286
48,38,1,1,1,1,1,1,9,8,3,11.133134920634921,26.654761904761905
48,39,1,1,1,1,1,1,5,2,3,10.887301587301588,26.607142857142858
48,40,1,1,1,7,3,5,5,8,2,19.272817460317462,27.49047619047619
48,41,1,1,1,1,2,1,6,1,5,12.043849206349206,27.11904761904762
48,42,1,1,1,1,2,1,6,2,4,12.041666666666666,26.961904761904762
48,43,1,1,1,1,2,1,6,2,4,12.041666666666666,26.961904761904762
48,44,1,1,1,7,3,5,5,8,2,19.272817460317462,27.49047619047619
48,45,1,1,1,1,2,1,6,2,5,12.00515873015873,26.920238095238094
48,46,1,1,1,2,2,1,9,2,1,13.076984126984128,27.322619047619046
48,47,1,1,1,1,2,1,6,2,4,12.041666666666666,26.961904761904762
48,48,1,1,1,2,2,1,9,2,1,13.076984126984128,27.322619047619046
48,49,1,1,1,2,2,1,9,2,1,13.076984126984128,27.322619047619046
49,0,9,4,9,4,3,7,5,2,1,34.962896825396825,27.517857142857142
49,1,1,1,1,1,1,1,1,2,3,10.795039682539683,25.90357142857143
49,2,1,1,1,1,1,1,1,2,3,10.795039682539683,25.90357142857143
49,3,9,4,9,4,3,7,5,2,1,34.962896825396825,27.517857142857142
49,4,1,5,3,7,3,5,6,9,5,25.09940476190476,27.514285714285716
49,5,1,1,1,1,1,1,5,2,3,10.887301587301588,26.607142857142858
49,6,1,1,1,7,3,5,5,8,2,19.272817460317462,27.49047619047619
49,7,1,1,1,2,3,5,8,8,2,14.360119047619047,27.460714285714285
49,8,4,1,1,2,4,1,9,9,6,18.0625,27.485714285714288
49,9,1,1,1,1,1,1,9,8,3,11.133134920634921,26.654761904761905
49,10,1,1,1,2,1,1,6,1,4,11.938690476190477,26.87142857142857
49,11,1,1,1,1,2,1,6,1,5,12.043849206349206,27.11904761904762
49,12,1,1,1,2,2,1,6,1,4,12.961904761904762,27.28214285714286
49,13,1,1,1,1,2,1,6,1,5,12.043849206349206,27.11904761904762
49,14,1,1,1,1,2,1,6,2,4,12.041666666666666,26.961904761904762
49,15,1,1,1,2,3,1,9,1,1,14.184126984126983,27.39761904761905
49,16,1,1,1,2,2,1,9,9,5,13.143055555555556,27.382142857142856
49,17,4,1,1,2,4,1,9,9,6,18.0625,27.485714285714288
49,18,1,1,1,7,3,5,5,8,2,19.272817460317462,27.49047619047619
49,19,1,1,1,2,1,1,6,1,4,11.938690476190477,26.87142857142857
49,20,1,1,1,2,2,1,6,1,4,12.961904761904762,27.28214285714286
49,21,1,1,1,1,1,1,9,8,3,11.133134920634921,26.654761904761905
49,22,1,1,1,2,2,1,9,2,1,13.076984126984128,27.322619047619046
49,23,1,1,1,1,2,1,6,2,5,12.00515873015873,26.920238095238094
49,24,1,1,1,1,2,1,6,2,5,12.00515873015873,26.920238095238094
49,25,1,1,1,1,1,1,9,9,5,10.967063492063492,26.639285714285716
49,26,1,1,1,2,2,1,9,1,5,13.037896825396825,27.321428571428573
49,27,1,1,1,1,2,1,6,2,4,12.041666666666666,26.961904761904762
49,28,1,1,1,1,1,1,5,2,3,10.887301587301588,26.607142857142858
49,29,1,1,1,2,3,5,8,8,2,14.360119047619047,27.460714285714285
49,30,1,1,1,2,3,1,9,1,1,14.184126984126983,27.39761904761905
49,31,1,1,1,1,1,1,9,9,5,10.967063492063492,26.639285714285716
49,32,1,1,1,2,2,1,9,9,5,13.143055555555556,27.382142857142856
49,33,1,1,1,2,2,1,9,1,5,13.037896825396825,27.321428571428573
49,34,1,1,1,2,2,1,9,2,1,13.076984126984128,27.322619047619046
49,35,1,1,1,2,2,1,6,1,4,12.961904761904762,27.28214285714286
49,36,1,1,1,1,2,1,6,2,5,12.00515873015873,26.920238095238094
49,37,1,1,1,2,2,1,6,1,4,12.961904761904762,27.28214285714286
49,38,1,1,1,1,2,1,6,2,5,12.00515873015873,26.920238095238094
49,39,1,1,1,2,2,1,9,2,1,13.076984126984128,27.322619047619046
49,40,1,1,1,7,3,5,5,8,2,19.272817460317462,27.49047619047619
49,41,9,4,9,4,3,7,5,2,1,34.962896825396825,27.517857142857142
49,42,1,1,1,1,2,1,6,2,4,12.041666666666666,26.961904761904762
49,43,1,1,1,1,2,1,6,2,4,12.041666666666666,26.961904761904762
49,44,1,1,1,1,1,1,5,2,3,10.887301587301588,26.607142857142858
49,45,9,4,9,4,3,7,5,2,1,34.962896825396825,27.517857142857142
49,46,1,1,1,2,2,1,6,1,4,12.961904761904762,27.28214285714286
49,47,1,1,1,7,3,5,5,8,2,19.272817460317462,27.49047619047619
49,48,1,1,1,1,1,1,9,8,3,11.133134920634921,26.654761904761905
49,49,9,4,9,4,3,7,5,2,1,34.962896825396825,27.517857142857142
