generation,individual_index,cap_post_loading,cap_post_conveyor,cap_post_washing,cap_pre_press1,cap_pre_press2,cap_post_press12,wip,throughput
0,0,7,4,10,5,3,4,34.94563492063492,27.51547619047619
0,1,6,1,8,5,7,8,32.990873015873014,27.420238095238094
0,2,8,1,4,2,2,7,23.151785714285715,27.292857142857144
0,3,10,2,8,4,5,1,34.582142857142856,27.436904761904763
0,4,1,9,1,4,4,6,25.31924603174603,27.39047619047619
0,5,1,1,6,9,6,4,29.057936507936507,27.40357142857143
0,6,8,8,9,3,9,4,42.98690476190476,27.38809523809524
0,7,3,10,2,3,4,5,28.193253968253966,27.317857142857143
0,8,5,4,2,3,4,5,24.08730158730159,27.26309523809524
0,9,6,5,10,9,10,6,46.07718253968254,27.427380952380954
0,10,5,6,5,1,1,1,23.924603174603174,26.745238095238097
0,11,9,3,1,3,7,2,29.232142857142858,27.36190476190476
0,12,4,10,2,3,5,8,30.265873015873016,27.373809523809523
0,13,3,1,2,9,3,9,24.16924603174603,27.241666666666667
0,14,1,2,3,9,10,9,31.062896825396827,27.26309523809524
0,15,9,4,7,6,3,6,34.9625,27.348809523809525
0,16,5,3,6,3,10,1,32.75575396825397,27.33452380952381
0,17,9,7,7,8,10,2,46.792857142857144,27.370238095238097
0,18,9,8,5,9,10,6,47.129960317460316,27.423809523809524
0,19,6,2,1,2,7,3,24.386904761904763,27.179761904761904
0,20,6,8,8,5,2,7,35.11190476190476,27.30357142857143
0,21,4,6,6,3,8,6,33.022222222222226,27.294047619047618
0,22,10,3,7,8,5,6,39.092460317460315,27.342857142857145
0,23,8,10,7,7,10,5,48.07519841269841,27.423809523809524
0,24,8,2,4,3,3,1,25.948809523809523,27.18095238095238
0,25,4,3,2,9,2,9,26.18313492063492,27.211904761904762
0,26,9,6,1,2,3,9,27.164285714285715,27.21547619047619
0,27,6,6,9,3,10,5,39.93472222222222,27.33214285714286
0,28,10,8,6,10,9,9,48.95773809523809,27.423809523809524
0,29,3,4,6,4,4,5,26.935119047619047,27.208333333333332
0,30,1,6,10,3,1,7,26.928968253968254,27.029761904761905
0,31,10,4,9,8,3,5,39.951190476190476,27.33452380952381
0,32,5,2,6,9,10,10,37.798809523809524,27.270238095238096
0,33,5,10,4,7,10,5,42.00019841269842,27.326190476190476
0,34,3,4,1,6,7,1,27.06686507936508,27.12142857142857
0,35,3,9,6,3,7,4,34.11944444444445,27.188095238095237
0,36,6,9,7,10,2,6,40.07519841269841,27.302380952380954
0,37,10,7,7,8,3,9,41.0859126984127,27.295238095238094
0,38,3,10,10,1,1,3,30.672420634920634,26.483333333333334
0,39,1,3,10,10,1,9,30.702380952380953,27.060714285714287
0,40,10,1,10,1,5,4,32.837698412698415,27.114285714285714
0,41,9,6,7,8,10,1,45.72380952380953,27.326190476190476
0,42,1,9,8,10,9,5,42.769444444444446,27.292857142857144
0,43,9,4,10,4,1,10,34.10575396825397,26.90595238095238
0,44,5,6,8,9,8,6,41.775396825396825,27.285714285714285
0,45,9,10,3,6,1,3,35.205357142857146,27.01547619047619
0,46,8,5,10,10,8,1,46.635714285714286,27.292857142857144
0,47,9,8,6,1,6,10,35.97956349206349,26.807142857142857
0,48,7,9,5,1,10,9,37.837896825396825,26.94404761904762
0,49,7,8,6,1,10,9,37.9218253968254,26.89761904761905
1,0,7,4,10,5,3,4,34.94563492063492,27.51547619047619
1,1,5,5,3,1,1,9,21.00873015873016,26.416666666666664
1,2,3,3,2,3,4,4,21.010714285714286,27.483333333333334
1,3,6,1,8,5,7,8,32.990873015873014,27.420238095238094
1,4,10,2,8,4,5,1,34.582142857142856,27.436904761904763
1,5,1,9,1,4,4,6,25.31924603174603,27.39047619047619
1,6,1,1,6,9,6,4,29.057936507936507,27.40357142857143
1,7,1,8,1,2,3,1,21.05595238095238,27.163095238095238
1,8,9,8,5,9,7,6,44.15079365079365,27.455952380952382
1,9,4,4,1,3,5,7,23.090476190476192,27.385714285714286
1,10,3,2,2,7,2,9,22.23611111111111,27.330952380952382
1,11,5,10,2,3,4,7,30.187698412698413,27.419047619047618
1,12,6,5,10,9,10,6,46.07718253968254,27.427380952380954
1,13,9,3,1,3,7,2,29.232142857142858,27.36190476190476
1,14,3,6,2,1,3,8,21.20714285714286,26.951190476190476
1,15,1,9,1,2,3,2,22.234722222222224,27.159523809523808
1,16,8,1,4,2,2,8,23.02281746031746,27.323809523809523
1,17,7,3,6,5,8,4,35.16924603174603,27.40714285714286
1,18,9,6,6,8,10,6,45.08769841269841,27.419047619047618
1,19,1,2,4,8,9,1,29.90535714285714,27.40357142857143
1,20,5,3,2,1,4,5,21.18670634920635,26.93095238095238
1,21,8,1,4,2,2,7,23.151785714285715,27.292857142857144
1,22,4,6,9,3,2,6,29.98174603174603,27.348809523809525
1,23,2,1,6,9,6,3,30.055555555555557,27.40357142857143
1,24,8,2,4,4,3,6,27.141468253968256,27.317857142857143
1,25,10,8,4,9,9,7,46.21210317460317,27.423809523809524
1,26,6,2,1,1,6,4,22.242460317460317,26.79047619047619
1,27,8,8,9,3,9,4,42.98690476190476,27.38809523809524
1,28,3,10,2,3,4,5,28.193253968253966,27.317857142857143
1,29,5,4,2,3,4,5,24.08730158730159,27.26309523809524
1,30,5,6,5,1,1,1,23.924603174603174,26.745238095238097
1,31,4,10,2,3,5,8,30.265873015873016,27.373809523809523
1,32,4,4,1,3,7,1,25.079563492063492,27.279761904761905
1,33,5,2,1,2,9,3,25.305555555555557,27.288095238095238
1,34,8,5,10,10,8,6,47.00476190476191,27.423809523809524
1,35,3,4,2,5,4,5,24.069642857142856,27.214285714285715
1,36,9,8,6,9,9,9,46.959722222222226,27.410714285714285
1,37,9,3,1,4,7,5,30.20297619047619,27.340476190476192
1,38,9,4,7,6,3,6,34.9625,27.348809523809525
1,39,5,3,6,3,10,1,32.75575396825397,27.33452380952381
1,40,9,8,5,9,10,6,47.129960317460316,27.423809523809524
1,41,6,2,1,3,7,3,25.191468253968253,27.27261904761905
1,42,1,3,6,4,4,5,24.09503968253968,27.260714285714286
1,43,10,3,7,8,9,6,42.80694444444445,27.370238095238097
1,44,3,1,2,9,3,9,24.16924603174603,27.241666666666667
1,45,8,10,7,7,10,5,48.07519841269841,27.423809523809524
1,46,9,7,7,8,10,2,46.792857142857144,27.370238095238097
1,47,10,3,7,8,5,6,39.092460317460315,27.342857142857145
1,48,2,7,7,8,3,2,32.782738095238095,27.29642857142857
1,49,1,1,6,8,6,4,28.03829365079365,27.266666666666666
2,0,7,4,10,5,3,4,34.94563492063492,27.51547619047619
2,1,3,3,2,3,4,4,21.010714285714286,27.483333333333334
2,2,7,4,10,5,3,4,34.94563492063492,27.51547619047619
2,3,3,3,2,3,4,4,21.010714285714286,27.483333333333334
2,4,2,2,2,3,1,9,16.019444444444446,26.957142857142856
2,5,10,2,8,4,5,1,34.582142857142856,27.436904761904763
2,6,1,8,1,2,3,1,21.05595238095238,27.163095238095238
2,7,4,4,1,3,4,7,22.15753968253968,27.40714285714286
2,8,6,1,1,5,4,8,23.359920634920634,27.41904761904762
2,9,1,1,6,8,4,4,25.910119047619048,27.43452380952381
2,10,4,4,1,3,4,7,22.15753968253968,27.40714285714286
2,11,9,4,9,9,7,6,44.096626984126985,27.455952380952382
2,12,4,3,2,1,3,5,19.079563492063492,26.882142857142856
2,13,1,1,6,9,6,4,29.057936507936507,27.40357142857143
2,14,9,8,5,9,7,6,44.15079365079365,27.455952380952382
2,15,4,4,1,3,5,7,23.090476190476192,27.385714285714286
2,16,3,2,2,7,2,9,22.23611111111111,27.330952380952382
2,17,5,10,2,3,4,7,30.187698412698413,27.419047619047618
2,18,1,9,1,2,3,2,22.234722222222224,27.159523809523808
2,19,1,4,6,9,6,4,31.816468253968253,27.42142857142857
2,20,5,5,2,1,1,9,20.08531746031746,26.478571428571428
2,21,1,3,6,4,5,5,24.79722222222222,27.392857142857142
2,22,3,2,2,7,1,9,21.176984126984127,27.04642857142857
2,23,5,5,3,1,1,9,21.00873015873016,26.416666666666664
2,24,6,1,8,5,7,8,32.990873015873014,27.420238095238094
2,25,1,9,1,4,4,6,25.31924603174603,27.39047619047619
2,26,3,6,2,1,3,8,21.20714285714286,26.951190476190476
2,27,8,1,4,2,2,8,23.02281746031746,27.323809523809523
2,28,1,2,4,8,9,1,29.90535714285714,27.40357142857143
2,29,5,3,2,1,4,5,21.18670634920635,26.93095238095238
2,30,5,3,2,1,4,5,21.18670634920635,26.93095238095238
2,31,10,7,4,9,9,7,45.17043650793651,27.427380952380954
2,32,5,3,2,1,4,5,21.18670634920635,26.93095238095238
2,33,3,1,1,9,3,8,23.24404761904762,27.366666666666667
2,34,5,5,3,1,1,9,21.00873015873016,26.416666666666664
2,35,6,5,10,9,10,6,46.07718253968254,27.427380952380954
2,36,9,3,1,3,7,2,29.232142857142858,27.36190476190476
2,37,7,3,6,5,8,4,35.16924603174603,27.40714285714286
2,38,9,6,6,8,10,6,45.08769841269841,27.419047619047618
2,39,8,1,4,2,2,7,23.151785714285715,27.292857142857144
2,40,2,1,6,9,6,3,30.055555555555557,27.40357142857143
2,41,8,2,4,4,3,6,27.141468253968256,27.317857142857143
2,42,6,2,1,1,6,4,22.242460317460317,26.79047619047619
2,43,4,6,5,1,1,1,22.83730158730159,26.62142857142857
2,44,8,8,8,9,7,6,46.09007936507937,27.427380952380954
2,45,5,5,3,1,3,9,23.156944444444445,26.902380952380952
2,46,10,8,1,8,9,1,42.12638888888889,27.392857142857142
2,47,6,2,1,2,6,4,23.35297619047619,27.198809523809526
2,48,10,2,7,7,5,6,36.985119047619044,27.383333333333333
2,49,3,10,2,3,4,5,28.193253968253966,27.317857142857143
3,0,7,4,10,5,3,4,34.94563492063492,27.51547619047619
3,1,3,3,2,3,4,4,21.010714285714286,27.483333333333334
3,2,7,4,10,5,3,4,34.94563492063492,27.51547619047619
3,3,3,3,2,3,4,4,21.010714285714286,27.483333333333334
3,4,2,2,2,3,1,9,16.019444444444446,26.957142857142856
3,5,1,1,1,2,7,1,18.171230158730157,27.452380952380953
3,6,10,2,8,4,5,1,34.582142857142856,27.436904761904763
3,7,4,4,1,3,4,7,22.15753968253968,27.40714285714286
3,8,6,1,1,5,4,8,23.359920634920634,27.41904761904762
3,9,1,1,6,8,4,4,25.910119047619048,27.43452380952381
3,10,4,4,1,3,4,7,22.15753968253968,27.40714285714286
3,11,9,4,9,9,7,6,44.096626984126985,27.455952380952382
3,12,2,3,2,3,4,4,20.12420634920635,27.372619047619047
3,13,4,1,2,1,3,5,17.085714285714285,26.848809523809525
3,14,4,2,2,1,3,4,18.129761904761907,26.896428571428572
3,15,4,3,2,1,3,5,19.079563492063492,26.882142857142856
3,16,1,1,6,9,6,4,29.057936507936507,27.40357142857143
3,17,9,8,5,9,7,6,44.15079365079365,27.455952380952382
3,18,4,4,1,3,5,7,23.090476190476192,27.385714285714286
3,19,5,10,2,3,4,7,30.187698412698413,27.419047619047618
3,20,1,4,6,9,6,4,31.816468253968253,27.42142857142857
3,21,1,3,6,4,5,5,24.79722222222222,27.392857142857142
3,22,5,1,2,4,1,9,19.055555555555557,26.841666666666665
3,23,9,9,5,8,7,6,44.15079365079365,27.455952380952382
3,24,1,1,1,8,4,4,21.34880952380952,27.33809523809524
3,25,2,5,3,1,1,9,18.179761904761904,26.44761904761905
3,26,1,7,1,2,3,1,20.154761904761905,27.24642857142857
3,27,1,4,6,9,6,4,31.816468253968253,27.42142857142857
3,28,3,1,2,7,2,9,21.181150793650794,27.28095238095238
3,29,3,4,1,3,4,3,21.202579365079366,27.31547619047619
3,30,1,8,1,2,3,1,21.05595238095238,27.163095238095238
3,31,3,2,2,7,2,9,22.23611111111111,27.330952380952382
3,32,5,5,2,1,1,9,20.08531746031746,26.478571428571428
3,33,6,1,8,5,7,8,32.990873015873014,27.420238095238094
3,34,1,9,1,4,4,6,25.31924603174603,27.39047619047619
3,35,1,2,4,8,9,1,29.90535714285714,27.40357142857143
3,36,10,7,4,9,9,7,45.17043650793651,27.427380952380954
3,37,3,1,1,9,3,8,23.24404761904762,27.366666666666667
3,38,10,7,4,9,9,7,45.17043650793651,27.427380952380954
3,39,9,4,5,9,3,6,36.011904761904766,27.42142857142857
3,40,3,3,2,3,5,7,22.105555555555554,27.25595238095238
3,41,6,5,10,9,10,6,46.07718253968254,27.427380952380954
3,42,5,5,2,1,1,6,20.196031746031746,26.416666666666668
3,43,5,5,3,1,1,4,21.07718253968254,26.808333333333334
3,44,7,3,6,5,8,4,35.16924603174603,27.40714285714286
3,45,9,6,6,8,10,6,45.08769841269841,27.419047619047618
3,46,2,1,6,9,6,3,30.055555555555557,27.40357142857143
3,47,1,1,6,8,4,8,25.872222222222224,27.386904761904763
3,48,1,9,1,2,3,2,22.234722222222224,27.159523809523808
3,49,3,2,2,7,1,9,21.176984126984127,27.04642857142857
4,0,7,4,10,5,3,4,34.94563492063492,27.51547619047619
4,1,3,3,2,3,4,4,21.010714285714286,27.483333333333334
4,2,7,4,10,5,3,4,34.94563492063492,27.51547619047619
4,3,3,3,2,3,4,4,21.010714285714286,27.483333333333334
4,4,2,2,2,3,1,9,16.019444444444446,26.957142857142856
4,5,1,1,1,2,7,1,18.171230158730157,27.452380952380953
4,6,2,1,2,3,4,5,18.110714285714288,27.422619047619047
4,7,2,2,2,3,1,9,16.019444444444446,26.957142857142856
4,8,3,3,2,3,4,4,21.010714285714286,27.483333333333334
4,9,10,2,1,4,5,5,28.37420634920635,27.488095238095237
4,10,10,2,8,4,5,1,34.582142857142856,27.436904761904763
4,11,4,4,1,3,4,7,22.15753968253968,27.40714285714286
4,12,6,1,1,5,4,8,23.359920634920634,27.41904761904762
4,13,1,1,6,8,4,4,25.910119047619048,27.43452380952381
4,14,4,4,1,3,4,7,22.15753968253968,27.40714285714286
4,15,2,3,2,3,4,4,20.12420634920635,27.372619047619047
4,16,4,1,2,1,3,5,17.085714285714285,26.848809523809525
4,17,4,2,2,1,3,4,18.129761904761907,26.896428571428572
4,18,7,4,9,5,4,4,35.20892857142857,27.457142857142856
4,19,4,2,2,1,3,3,18.09642857142857,26.891666666666666
4,20,4,3,2,1,3,3,19.105357142857144,26.935714285714283
4,21,2,3,2,2,1,4,16.121825396825397,26.697619047619046
4,22,2,3,2,3,3,4,19.191468253968253,27.366666666666667
4,23,4,3,2,1,3,5,19.079563492063492,26.882142857142856
4,24,4,4,1,3,5,7,23.090476190476192,27.385714285714286
4,25,5,10,2,3,4,7,30.187698412698413,27.419047619047618
4,26,1,4,6,9,6,4,31.816468253968253,27.42142857142857
4,27,1,3,6,4,5,5,24.79722222222222,27.392857142857142
4,28,5,1,2,4,1,9,19.055555555555557,26.841666666666665
4,29,1,1,1,8,4,4,21.34880952380952,27.33809523809524
4,30,2,5,3,1,1,9,18.179761904761904,26.44761904761905
4,31,1,7,1,2,3,1,20.154761904761905,27.24642857142857
4,32,1,4,6,9,6,4,31.816468253968253,27.42142857142857
4,33,3,4,1,3,4,3,21.202579365079366,27.31547619047619
4,34,10,2,8,8,4,1,37.99166666666667,27.457142857142856
4,35,5,1,2,4,1,9,19.055555555555557,26.841666666666665
4,36,1,7,1,2,3,1,20.154761904761905,27.24642857142857
4,37,5,1,2,4,3,9,21.107539682539684,27.28095238095238
4,38,3,4,4,1,1,6,18.810515873015873,26.59166666666667
4,39,1,1,6,9,4,4,27.117063492063494,27.40357142857143
4,40,2,5,4,1,1,9,19.097023809523808,26.448809523809523
4,41,9,4,9,9,7,6,44.096626984126985,27.455952380952382
4,42,1,9,1,2,1,2,20.149404761904762,26.72142857142857
4,43,1,8,1,2,3,1,21.05595238095238,27.163095238095238
4,44,9,4,5,9,3,6,36.011904761904766,27.42142857142857
4,45,6,1,8,5,7,8,32.990873015873014,27.420238095238094
4,46,5,5,2,1,1,9,20.08531746031746,26.478571428571428
4,47,1,9,1,4,4,6,25.31924603174603,27.39047619047619
4,48,3,1,2,7,2,9,21.181150793650794,27.28095238095238
4,49,1,1,6,9,6,4,29.057936507936507,27.40357142857143
5,0,7,4,10,5,3,4,34.94563492063492,27.51547619047619
5,1,3,3,2,3,4,4,21.010714285714286,27.483333333333334
5,2,7,4,10,5,3,4,34.94563492063492,27.51547619047619
5,3,3,3,2,3,4,4,21.010714285714286,27.483333333333334
5,4,2,2,2,3,1,9,16.019444444444446,26.957142857142856
5,5,1,1,1,2,7,1,18.171230158730157,27.452380952380953
5,6,2,1,2,3,4,5,18.110714285714288,27.422619047619047
5,7,2,2,2,3,1,9,16.019444444444446,26.957142857142856
5,8,3,3,2,3,4,4,21.010714285714286,27.483333333333334
5,9,10,2,1,4,5,5,28.37420634920635,27.488095238095237
5,10,2,1,2,3,4,4,18.007539682539683,27.247619047619047
5,11,1,1,6,1,3,5,17.999007936507937,27.09404761904762
5,12,7,4,10,5,3,4,34.94563492063492,27.51547619047619
5,13,10,2,8,4,5,1,34.582142857142856,27.436904761904763
5,14,1,1,6,8,4,4,25.910119047619048,27.43452380952381
5,15,4,2,2,1,3,4,18.129761904761907,26.896428571428572
5,16,7,4,9,5,4,4,35.20892857142857,27.457142857142856
5,17,4,2,2,1,3,3,18.09642857142857,26.891666666666666
5,18,2,3,2,2,1,4,16.121825396825397,26.697619047619046
5,19,1,1,1,4,5,5,18.328968253968252,27.42142857142857
5,20,2,2,2,4,1,1,16.838492063492062,26.864285714285714
5,21,1,1,1,2,7,8,18.168849206349208,27.264285714285716
5,22,4,4,1,3,4,7,22.15753968253968,27.40714285714286
5,23,6,1,1,5,4,8,23.359920634920634,27.41904761904762
5,24,4,4,1,3,4,7,22.15753968253968,27.40714285714286
5,25,4,1,2,1,3,5,17.085714285714285,26.848809523809525
5,26,4,3,2,1,3,3,19.105357142857144,26.935714285714283
5,27,2,3,2,3,3,4,19.191468253968253,27.366666666666667
5,28,4,3,2,1,3,5,19.079563492063492,26.882142857142856
5,29,1,4,6,9,6,4,31.816468253968253,27.42142857142857
5,30,1,4,6,9,6,4,31.816468253968253,27.42142857142857
5,31,4,3,2,1,3,3,19.105357142857144,26.935714285714283
5,32,4,3,2,1,3,5,19.079563492063492,26.882142857142856
5,33,4,3,2,1,3,3,19.105357142857144,26.935714285714283
5,34,2,3,2,3,3,5,19.110119047619047,27.339285714285715
5,35,4,1,2,1,3,5,17.085714285714285,26.848809523809525
5,36,9,2,6,8,4,4,35.233531746031744,27.457142857142856
5,37,3,2,2,3,4,4,20.124007936507937,27.372619047619047
5,38,2,5,3,1,1,9,18.179761904761904,26.44761904761905
5,39,10,2,8,8,4,1,37.99166666666667,27.457142857142856
5,40,2,3,1,2,5,3,19.313690476190477,27.245238095238093
5,41,3,4,4,1,1,6,18.810515873015873,26.59166666666667
5,42,5,1,2,4,1,9,19.055555555555557,26.841666666666665
5,43,2,3,2,3,4,4,20.12420634920635,27.372619047619047
5,44,5,10,2,3,4,7,30.187698412698413,27.419047619047618
5,45,1,1,6,9,4,4,27.117063492063494,27.40357142857143
5,46,6,1,8,5,7,8,32.990873015873014,27.420238095238094
5,47,9,4,5,9,3,6,36.011904761904766,27.42142857142857
5,48,5,1,2,4,1,9,19.055555555555557,26.841666666666665
5,49,4,4,1,3,5,7,23.090476190476192,27.385714285714286
6,0,7,4,10,5,3,4,34.94563492063492,27.51547619047619
6,1,3,3,2,3,4,4,21.010714285714286,27.483333333333334
6,2,7,4,10,5,3,4,34.94563492063492,27.51547619047619
6,3,3,3,2,3,4,4,21.010714285714286,27.483333333333334
6,4,1,1,1,2,7,1,18.171230158730157,27.452380952380953
6,5,2,1,2,3,4,5,18.110714285714288,27.422619047619047
6,6,3,3,2,3,4,4,21.010714285714286,27.483333333333334
6,7,10,2,1,4,5,5,28.37420634920635,27.488095238095237
6,8,7,4,10,5,3,4,34.94563492063492,27.51547619047619
6,9,2,2,2,1,2,1,15.042261904761904,26.72142857142857
6,10,7,4,10,5,3,4,34.94563492063492,27.51547619047619
6,11,2,1,2,3,3,3,17.19047619047619,27.33452380952381
6,12,1,1,1,2,7,1,18.171230158730157,27.452380952380953
6,13,2,1,2,2,4,5,17.325198412698413,27.35595238095238
6,14,2,1,2,3,1,4,15.099007936507936,27.04047619047619
6,15,2,2,2,3,1,9,16.019444444444446,26.957142857142856
6,16,2,2,2,3,1,9,16.019444444444446,26.957142857142856
6,17,7,4,9,5,4,4,35.20892857142857,27.457142857142856
6,18,1,1,1,4,5,5,18.328968253968252,27.42142857142857
6,19,2,1,2,3,1,9,15.217857142857142,26.946428571428573
6,20,4,2,2,3,3,5,20.153968253968255,27.441666666666666
6,21,10,2,6,9,5,5,38.015277777777776,27.458333333333332
6,22,1,1,1,3,5,5,17.276785714285715,27.28095238095238
6,23,2,3,2,3,2,3,18.28829365079365,27.30952380952381
6,24,7,4,9,5,4,4,35.20892857142857,27.457142857142856
6,25,2,1,1,4,1,1,15.114285714285714,26.832142857142856
6,26,2,1,2,3,4,4,18.007539682539683,27.247619047619047
6,27,1,1,6,1,3,5,17.999007936507937,27.09404761904762
6,28,10,2,8,4,5,1,34.582142857142856,27.436904761904763
6,29,1,1,6,8,4,4,25.910119047619048,27.43452380952381
6,30,2,3,2,2,1,4,16.121825396825397,26.697619047619046
6,31,1,1,1,2,7,8,18.168849206349208,27.264285714285716
6,32,4,4,1,3,4,7,22.15753968253968,27.40714285714286
6,33,6,1,1,5,4,8,23.359920634920634,27.41904761904762
6,34,4,4,1,3,4,7,22.15753968253968,27.40714285714286
6,35,2,3,2,3,3,4,19.191468253968253,27.366666666666667
6,36,2,3,2,3,3,5,19.110119047619047,27.339285714285715
6,37,9,2,6,8,4,4,35.233531746031744,27.457142857142856
6,38,3,2,2,3,4,4,20.124007936507937,27.372619047619047
6,39,2,3,3,1,1,3,15.995238095238095,26.54642857142857
6,40,2,2,2,3,1,4,16.20575396825397,26.86547619047619
6,41,2,2,2,4,1,1,16.838492063492062,26.864285714285714
6,42,10,2,8,8,4,1,37.99166666666667,27.457142857142856
6,43,1,2,1,2,6,8,18.170238095238094,27.233333333333334
6,44,4,2,2,1,3,4,18.129761904761907,26.896428571428572
6,45,9,2,1,3,4,4,25.157142857142855,27.40714285714286
6,46,9,3,6,8,4,5,36.085119047619045,27.428571428571427
6,47,5,10,2,3,4,7,30.187698412698413,27.419047619047618
6,48,2,2,2,3,4,9,19.129166666666666,27.295238095238094
6,49,4,4,1,3,5,7,23.090476190476192,27.385714285714286
7,0,7,4,10,5,3,4,34.94563492063492,27.51547619047619
7,1,3,3,2,3,4,4,21.010714285714286,27.483333333333334
7,2,7,4,10,5,3,4,34.94563492063492,27.51547619047619
7,3,3,3,2,3,4,4,21.010714285714286,27.483333333333334
7,4,3,3,2,3,4,4,21.010714285714286,27.483333333333334
7,5,10,2,1,4,5,5,28.37420634920635,27.488095238095237
7,6,7,4,10,5,3,4,34.94563492063492,27.51547619047619
7,7,2,2,2,1,2,1,15.042261904761904,26.72142857142857
7,8,7,4,10,5,3,4,34.94563492063492,27.51547619047619
7,9,2,1,2,3,1,4,15.099007936507936,27.04047619047619
7,10,2,1,2,1,1,9,13.222222222222221,26.639285714285712
7,11,1,1,1,3,4,5,16.275793650793652,27.45714285714286
7,12,2,2,2,1,2,1,15.042261904761904,26.72142857142857
7,13,3,3,2,3,4,4,21.010714285714286,27.483333333333334
7,14,1,1,1,2,7,1,18.171230158730157,27.452380952380953
7,15,2,1,2,3,4,5,18.110714285714288,27.422619047619047
7,16,1,1,1,2,7,1,18.171230158730157,27.452380952380953
7,17,2,1,2,2,4,5,17.325198412698413,27.35595238095238
7,18,2,2,2,3,1,9,16.019444444444446,26.957142857142856
7,19,2,2,2,3,1,9,16.019444444444446,26.957142857142856
7,20,7,4,9,5,4,4,35.20892857142857,27.457142857142856
7,21,2,1,2,3,1,9,15.217857142857142,26.946428571428573
7,22,10,2,6,9,5,5,38.015277777777776,27.458333333333332
7,23,7,4,9,5,4,4,35.20892857142857,27.457142857142856
7,24,2,1,1,4,1,1,15.114285714285714,26.832142857142856
7,25,2,1,2,3,4,5,18.110714285714288,27.422619047619047
7,26,7,4,9,5,4,4,35.20892857142857,27.457142857142856
7,27,2,1,1,4,3,1,17.17797619047619,27.336904761904762
7,28,2,2,2,3,1,3,16.09543650793651,27.04047619047619
7,29,1,1,1,2,7,1,18.171230158730157,27.452380952380953
7,30,2,2,2,3,1,9,16.019444444444446,26.957142857142856
7,31,2,1,2,2,4,5,17.325198412698413,27.35595238095238
7,32,2,1,1,4,1,1,15.114285714285714,26.832142857142856
7,33,2,1,2,3,3,3,17.19047619047619,27.33452380952381
7,34,1,1,1,4,5,5,18.328968253968252,27.42142857142857
7,35,4,2,2,3,3,5,20.153968253968255,27.441666666666666
7,36,2,3,2,2,1,4,16.121825396825397,26.697619047619046
7,37,9,2,6,8,4,4,35.233531746031744,27.457142857142856
7,38,2,3,3,1,1,3,15.995238095238095,26.54642857142857
7,39,2,2,2,3,1,4,16.20575396825397,26.86547619047619
7,40,2,2,2,4,1,4,17.165873015873014,26.978571428571428
7,41,2,2,2,3,1,4,16.20575396825397,26.86547619047619
7,42,3,1,2,3,4,4,19.10952380952381,27.422619047619047
7,43,2,2,2,4,1,1,16.838492063492062,26.864285714285714
7,44,2,2,2,4,1,1,16.838492063492062,26.864285714285714
7,45,10,2,8,8,4,1,37.99166666666667,27.457142857142856
7,46,1,1,1,3,5,5,17.276785714285715,27.28095238095238
7,47,10,2,8,4,5,1,34.582142857142856,27.436904761904763
7,48,1,1,6,8,4,4,25.910119047619048,27.43452380952381
7,49,2,3,2,3,3,3,19.171031746031748,27.383333333333333
8,0,7,4,10,5,3,4,34.94563492063492,27.51547619047619
8,1,3,3,2,3,4,4,21.010714285714286,27.483333333333334
8,2,7,4,10,5,3,4,34.94563492063492,27.51547619047619
8,3,3,3,2,3,4,4,21.010714285714286,27.483333333333334
8,4,3,3,2,3,4,4,21.010714285714286,27.483333333333334
8,5,10,2,1,4,5,5,28.37420634920635,27.488095238095237
8,6,7,4,10,5,3,4,34.94563492063492,27.51547619047619
8,7,7,4,10,5,3,4,34.94563492063492,27.51547619047619
8,8,2,1,2,1,1,9,13.222222222222221,26.639285714285712
8,9,1,1,1,3,4,5,16.275793650793652,27.45714285714286
8,10,3,3,2,3,4,4,21.010714285714286,27.483333333333334
8,11,2,1,2,2,1,9,14.081150793650794,26.775000000000002
8,12,2,1,2,2,1,4,14.128571428571428,27.05952380952381
8,13,1,1,1,2,7,1,18.171230158730157,27.452380952380953
8,14,2,1,2,3,4,5,18.110714285714288,27.422619047619047
8,15,1,1,1,2,7,1,18.171230158730157,27.452380952380953
8,16,7,4,9,5,4,4,35.20892857142857,27.457142857142856
8,17,10,2,6,9,5,5,38.015277777777776,27.458333333333332
8,18,7,4,9,5,4,4,35.20892857142857,27.457142857142856
8,19,2,1,2,3,4,5,18.110714285714288,27.422619047619047
8,20,7,4,9,5,4,4,35.20892857142857,27.457142857142856
8,21,1,1,1,2,7,1,18.171230158730157,27.452380952380953
8,22,1,1,2,3,1,9,14.130952380952381,27.04642857142857
8,23,2,1,1,3,3,9,16.337103174603175,27.408333333333335
8,24,2,2,2,1,2,1,15.042261904761904,26.72142857142857
8,25,2,1,2,3,1,4,15.099007936507936,27.04047619047619
8,26,2,2,2,1,2,1,15.042261904761904,26.72142857142857
8,27,2,1,2,2,4,5,17.325198412698413,27.35595238095238
8,28,2,1,1,4,3,1,17.17797619047619,27.336904761904762
8,29,2,1,2,2,4,5,17.325198412698413,27.35595238095238
8,30,1,1,1,4,5,5,18.328968253968252,27.42142857142857
8,31,4,2,2,3,3,5,20.153968253968255,27.441666666666666
8,32,9,2,6,8,4,4,35.233531746031744,27.457142857142856
8,33,3,1,2,3,4,4,19.10952380952381,27.422619047619047
8,34,1,1,2,3,4,1,17.087896825396825,27.326190476190476
8,35,2,1,2,3,1,4,15.099007936507936,27.04047619047619
8,36,2,1,2,3,1,4,15.099007936507936,27.04047619047619
8,37,1,3,1,3,4,5,18.250396825396827,27.357142857142858
8,38,2,1,2,3,1,9,15.217857142857142,26.946428571428573
8,39,2,2,2,3,1,3,16.09543650793651,27.04047619047619
8,40,2,1,2,3,3,3,17.19047619047619,27.33452380952381
8,41,10,2,8,8,4,1,37.99166666666667,27.457142857142856
8,42,2,3,2,3,3,3,19.171031746031748,27.383333333333333
8,43,6,2,2,3,3,3,22.117460317460317,27.441666666666666
8,44,2,1,3,3,1,5,15.994444444444444,26.974999999999998
8,45,2,1,2,3,1,3,15.114285714285714,26.932142857142857
8,46,2,1,1,4,1,4,15.156349206349207,26.936904761904763
8,47,2,2,2,3,1,3,16.09543650793651,27.04047619047619
8,48,2,1,2,4,1,1,16.024603174603172,27.011904761904763
8,49,2,1,2,3,3,3,17.19047619047619,27.33452380952381
9,0,7,4,10,5,3,4,34.94563492063492,27.51547619047619
9,1,3,3,2,3,4,4,21.010714285714286,27.483333333333334
9,2,7,4,10,5,3,4,34.94563492063492,27.51547619047619
9,3,3,3,2,3,4,4,21.010714285714286,27.483333333333334
9,4,3,3,2,3,4,4,21.010714285714286,27.483333333333334
9,5,10,2,1,4,5,5,28.37420634920635,27.488095238095237
9,6,7,4,10,5,3,4,34.94563492063492,27.51547619047619
9,7,7,4,10,5,3,4,34.94563492063492,27.51547619047619
9,8,2,1,2,1,1,9,13.222222222222221,26.639285714285712
9,9,1,1,1,3,4,5,16.275793650793652,27.45714285714286
9,10,3,3,2,3,4,4,21.010714285714286,27.483333333333334
9,11,2,1,2,2,1,9,14.081150793650794,26.775000000000002
9,12,2,1,2,2,1,4,14.128571428571428,27.05952380952381
9,13,2,1,2,1,1,9,13.222222222222221,26.639285714285712
9,14,1,1,1,1,1,1,11.083333333333334,26.614285714285714
9,15,1,1,1,3,4,5,16.275793650793652,27.45714285714286
9,16,3,3,2,2,4,4,20.152380952380952,27.47142857142857
9,17,1,1,1,2,7,1,18.171230158730157,27.452380952380953
9,18,2,1,2,3,4,5,18.110714285714288,27.422619047619047
9,19,1,1,1,2,7,1,18.171230158730157,27.452380952380953
9,20,7,4,9,5,4,4,35.20892857142857,27.457142857142856
9,21,10,2,6,9,5,5,38.015277777777776,27.458333333333332
9,22,7,4,9,5,4,4,35.20892857142857,27.457142857142856
9,23,2,1,2,3,4,5,18.110714285714288,27.422619047619047
9,24,7,4,9,5,4,4,35.20892857142857,27.457142857142856
9,25,1,1,1,2,7,1,18.171230158730157,27.452380952380953
9,26,1,1,2,3,1,9,14.130952380952381,27.04642857142857
9,27,2,1,1,3,3,9,16.337103174603175,27.408333333333335
9,28,2,2,2,1,1,1,14.07857142857143,26.47142857142857
9,29,7,4,9,5,4,4,35.20892857142857,27.457142857142856
9,30,1,1,1,2,7,1,18.171230158730157,27.452380952380953
9,31,1,1,1,2,7,1,18.171230158730157,27.452380952380953
9,32,1,1,2,3,1,9,14.130952380952381,27.04642857142857
9,33,9,2,6,8,4,4,35.233531746031744,27.457142857142856
9,34,2,2,2,1,1,3,14.09484126984127,26.454761904761906
9,35,1,1,9,4,4,5,24.79345238095238,27.442857142857143
9,36,2,1,2,3,1,4,15.099007936507936,27.04047619047619
9,37,1,1,2,3,4,1,17.087896825396825,27.326190476190476
9,38,2,2,2,1,2,1,15.042261904761904,26.72142857142857
9,39,4,2,2,3,3,5,20.153968253968255,27.441666666666666
9,40,2,1,2,3,1,4,15.099007936507936,27.04047619047619
9,41,2,2,2,1,2,1,15.042261904761904,26.72142857142857
9,42,1,3,1,3,4,5,18.250396825396827,27.357142857142858
9,43,3,1,2,3,4,4,19.10952380952381,27.422619047619047
9,44,1,1,1,4,5,5,18.328968253968252,27.42142857142857
9,45,2,1,2,2,4,5,17.325198412698413,27.35595238095238
9,46,2,1,1,4,3,1,17.17797619047619,27.336904761904762
9,47,2,1,2,2,4,5,17.325198412698413,27.35595238095238
9,48,1,1,1,4,5,5,18.328968253968252,27.42142857142857
9,49,1,3,1,3,4,5,18.250396825396827,27.357142857142858
10,0,1,1,1,3,4,5,16.275793650793652,27.45714285714286
10,1,2,1,2,2,1,4,14.128571428571428,27.05952380952381
10,2,1,1,1,1,1,1,11.083333333333334,26.614285714285714
10,3,1,1,1,3,4,5,16.275793650793652,27.45714285714286
10,4,2,1,2,2,1,4,14.128571428571428,27.05952380952381
10,5,1,1,1,1,1,1,11.083333333333334,26.614285714285714
10,6,2,1,2,2,4,4,17.09285714285714,27.538095238095238
10,7,2,1,2,1,2,1,13.98829365079365,26.864285714285714
10,8,1,2,1,1,2,1,13.098412698412698,26.789285714285715
10,9,2,1,2,1,4,5,16.200992063492063,27.066666666666666
10,10,3,3,2,3,4,4,21.010714285714286,27.483333333333334
10,11,3,3,2,3,4,4,21.010714285714286,27.483333333333334
10,12,3,3,2,3,4,4,21.010714285714286,27.483333333333334
10,13,10,2,1,4,5,5,28.37420634920635,27.488095238095237
10,14,2,1,2,1,1,9,13.222222222222221,26.639285714285712
10,15,3,3,2,3,4,4,21.010714285714286,27.483333333333334
10,16,2,1,2,2,1,9,14.081150793650794,26.775000000000002
10,17,2,1,2,1,1,9,13.222222222222221,26.639285714285712
10,18,3,3,2,2,4,4,20.152380952380952,27.47142857142857
10,19,1,1,1,2,7,1,18.171230158730157,27.452380952380953
10,20,2,1,2,3,4,5,18.110714285714288,27.422619047619047
10,21,1,1,1,2,7,1,18.171230158730157,27.452380952380953
10,22,2,1,2,3,4,5,18.110714285714288,27.422619047619047
10,23,1,1,1,2,7,1,18.171230158730157,27.452380952380953
10,24,1,1,2,3,1,9,14.130952380952381,27.04642857142857
10,25,2,1,1,3,3,9,16.337103174603175,27.408333333333335
10,26,1,1,1,2,7,1,18.171230158730157,27.452380952380953
10,27,1,1,1,2,7,1,18.171230158730157,27.452380952380953
10,28,1,1,2,3,1,9,14.130952380952381,27.04642857142857
10,29,1,1,2,1,1,9,12.190674603174603,26.613095238095237
10,30,7,3,10,5,3,5,33.94623015873016,27.51547619047619
10,31,3,3,2,3,4,4,21.010714285714286,27.483333333333334
10,32,1,2,2,3,4,1,18.12777777777778,27.43809523809524
10,33,2,1,2,1,1,9,13.222222222222221,26.639285714285712
10,34,2,1,2,3,4,5,18.110714285714288,27.422619047619047
10,35,1,1,1,2,7,1,18.171230158730157,27.452380952380953
10,36,2,1,2,1,1,9,13.222222222222221,26.639285714285712
10,37,2,1,2,2,1,9,14.081150793650794,26.775000000000002
10,38,1,1,2,1,1,9,12.190674603174603,26.613095238095237
10,39,7,4,10,5,3,4,34.94563492063492,27.51547619047619
10,40,2,1,2,1,1,1,12.996031746031747,26.498809523809523
10,41,2,1,2,1,1,1,12.996031746031747,26.498809523809523
10,42,7,4,10,5,3,4,34.94563492063492,27.51547619047619
10,43,1,1,9,4,4,5,24.79345238095238,27.442857142857143
10,44,2,2,2,1,2,1,15.042261904761904,26.72142857142857
10,45,2,1,2,3,1,4,15.099007936507936,27.04047619047619
10,46,1,1,2,3,4,1,17.087896825396825,27.326190476190476
10,47,2,1,2,3,1,4,15.099007936507936,27.04047619047619
10,48,4,2,2,3,3,5,20.153968253968255,27.441666666666666
10,49,2,2,2,1,2,1,15.042261904761904,26.72142857142857
11,0,1,1,1,3,4,5,16.275793650793652,27.45714285714286
11,1,2,1,2,2,1,4,14.128571428571428,27.05952380952381
11,2,1,1,1,1,1,1,11.083333333333334,26.614285714285714
11,3,1,1,1,3,4,5,16.275793650793652,27.45714285714286
11,4,2,1,2,2,1,4,14.128571428571428,27.05952380952381
11,5,1,1,1,1,1,1,11.083333333333334,26.614285714285714
11,6,2,1,2,2,4,4,17.09285714285714,27.538095238095238
11,7,1,2,1,1,2,1,13.098412698412698,26.789285714285715
11,8,2,1,2,2,1,4,14.128571428571428,27.05952380952381
11,9,1,1,1,1,1,1,11.083333333333334,26.614285714285714
11,10,1,1,1,2,5,1,16.0859126984127,27.359523809523807
11,11,2,1,2,2,1,4,14.128571428571428,27.05952380952381
11,12,2,1,1,1,2,5,13.426388888888889,26.89047619047619
11,13,1,1,1,1,1,1,11.083333333333334,26.614285714285714
11,14,2,1,1,1,3,5,14.358134920634921,27.08809523809524
11,15,2,2,1,1,2,1,14.102777777777778,27.01309523809524
11,16,1,1,2,1,3,1,13.999801587301587,26.94047619047619
11,17,1,1,1,1,1,1,11.083333333333334,26.614285714285714
11,18,7,3,10,5,3,5,33.94623015873016,27.51547619047619
11,19,1,1,1,1,1,9,11.254166666666666,26.35952380952381
11,20,10,2,1,4,5,5,28.37420634920635,27.488095238095237
11,21,3,3,2,3,4,4,21.010714285714286,27.483333333333334
11,22,1,2,2,3,2,1,16.101984126984124,27.21904761904762
11,23,1,1,2,1,1,5,12.098611111111111,26.454761904761906
11,24,1,1,2,3,1,9,14.130952380952381,27.04642857142857
11,25,2,1,2,1,2,1,13.98829365079365,26.864285714285714
11,26,2,1,2,1,1,9,13.222222222222221,26.639285714285712
11,27,2,1,2,1,2,1,13.98829365079365,26.864285714285714
11,28,1,1,2,1,1,9,12.190674603174603,26.613095238095237
11,29,2,1,1,3,3,9,16.337103174603175,27.408333333333335
11,30,1,1,1,3,4,8,16.20734126984127,27.31547619047619
11,31,1,1,2,3,1,9,14.130952380952381,27.04642857142857
11,32,3,3,2,2,4,4,20.152380952380952,27.47142857142857
11,33,1,1,1,2,7,1,18.171230158730157,27.452380952380953
11,34,2,1,2,3,4,5,18.110714285714288,27.422619047619047
11,35,2,1,2,1,1,5,13.108531746031746,26.620238095238093
11,36,2,1,2,1,1,9,13.222222222222221,26.639285714285712
11,37,3,3,2,3,4,4,21.010714285714286,27.483333333333334
11,38,1,2,2,3,4,1,18.12777777777778,27.43809523809524
11,39,1,1,1,2,7,1,18.171230158730157,27.452380952380953
11,40,2,1,2,3,4,5,18.110714285714288,27.422619047619047
11,41,1,1,2,1,1,9,12.190674603174603,26.613095238095237
11,42,2,1,2,3,4,5,18.110714285714288,27.422619047619047
11,43,1,1,1,2,7,1,18.171230158730157,27.452380952380953
11,44,1,1,1,2,7,1,18.171230158730157,27.452380952380953
11,45,3,3,2,3,4,4,21.010714285714286,27.483333333333334
11,46,1,1,1,2,7,1,18.171230158730157,27.452380952380953
11,47,3,3,2,3,4,4,21.010714285714286,27.483333333333334
11,48,1,1,1,2,7,1,18.171230158730157,27.452380952380953
11,49,2,1,2,1,1,9,13.222222222222221,26.639285714285712
12,0,1,1,1,3,4,5,16.275793650793652,27.45714285714286
12,1,1,1,1,1,1,1,11.083333333333334,26.614285714285714
12,2,1,1,1,3,4,5,16.275793650793652,27.45714285714286
12,3,1,1,1,1,1,1,11.083333333333334,26.614285714285714
12,4,2,1,2,2,4,4,17.09285714285714,27.538095238095238
12,5,1,2,1,1,2,1,13.098412698412698,26.789285714285715
12,6,1,1,1,1,1,1,11.083333333333334,26.614285714285714
12,7,1,1,1,2,5,1,16.0859126984127,27.359523809523807
12,8,2,1,1,1,2,5,13.426388888888889,26.89047619047619
12,9,1,1,1,1,1,1,11.083333333333334,26.614285714285714
12,10,1,1,2,1,3,1,13.999801587301587,26.94047619047619
12,11,1,1,1,1,1,1,11.083333333333334,26.614285714285714
12,12,1,1,1,2,3,1,14.100595238095238,27.26547619047619
12,13,1,2,1,1,2,1,13.098412698412698,26.789285714285715
12,14,1,1,1,1,1,1,11.083333333333334,26.614285714285714
12,15,1,1,2,1,3,1,13.999801587301587,26.94047619047619
12,16,1,1,1,1,1,1,11.083333333333334,26.614285714285714
12,17,1,1,1,3,4,5,16.275793650793652,27.45714285714286
12,18,1,1,1,1,1,1,11.083333333333334,26.614285714285714
12,19,1,1,1,3,4,5,16.275793650793652,27.45714285714286
12,20,1,1,1,1,2,9,12.321428571428571,26.725
12,21,1,1,1,1,1,9,11.254166666666666,26.35952380952381
12,22,1,1,1,1,1,9,11.254166666666666,26.35952380952381
12,23,7,3,10,5,3,5,33.94623015873016,27.51547619047619
12,24,10,2,1,4,5,5,28.37420634920635,27.488095238095237
12,25,3,3,2,3,4,4,21.010714285714286,27.483333333333334
12,26,1,1,2,1,1,1,11.994246031746032,26.491666666666667
12,27,1,2,1,3,2,5,15.210515873015874,27.242857142857144
12,28,1,1,1,3,1,9,13.277380952380952,26.76309523809524
12,29,2,1,1,1,3,5,14.358134920634921,27.08809523809524
12,30,2,1,1,3,3,9,16.337103174603175,27.408333333333335
12,31,2,1,2,1,2,1,13.98829365079365,26.864285714285714
12,32,3,3,2,2,4,4,20.152380952380952,27.47142857142857
12,33,1,1,2,1,1,9,12.190674603174603,26.613095238095237
12,34,2,2,1,1,2,1,14.102777777777778,27.01309523809524
12,35,2,1,2,1,1,9,13.222222222222221,26.639285714285712
12,36,1,1,2,2,4,1,16.14920634920635,27.288095238095238
12,37,1,1,2,4,4,1,18.081349206349206,27.426190476190477
12,38,1,1,1,2,7,1,18.171230158730157,27.452380952380953
12,39,2,1,2,1,2,1,13.98829365079365,26.864285714285714
12,40,1,1,1,3,4,8,16.20734126984127,27.31547619047619
12,41,2,1,2,1,1,5,13.108531746031746,26.620238095238093
12,42,2,1,2,2,1,4,14.128571428571428,27.05952380952381
12,43,2,2,1,1,2,1,14.102777777777778,27.01309523809524
12,44,3,3,2,3,4,4,21.010714285714286,27.483333333333334
12,45,1,1,1,3,4,8,16.20734126984127,27.31547619047619
12,46,1,2,2,3,4,1,18.12777777777778,27.43809523809524
12,47,2,1,2,2,1,4,14.128571428571428,27.05952380952381
12,48,2,1,2,1,1,9,13.222222222222221,26.639285714285712
12,49,1,1,1,2,7,1,18.171230158730157,27.452380952380953
13,0,1,1,1,3,4,5,16.275793650793652,27.45714285714286
13,1,1,1,1,1,1,1,11.083333333333334,26.614285714285714
13,2,1,1,1,3,4,5,16.275793650793652,27.45714285714286
13,3,1,1,1,1,1,1,11.083333333333334,26.614285714285714
13,4,2,1,2,2,4,4,17.09285714285714,27.538095238095238
13,5,1,1,1,1,1,1,11.083333333333334,26.614285714285714
13,6,1,1,1,1,1,1,11.083333333333334,26.614285714285714
13,7,1,1,2,1,3,1,13.999801587301587,26.94047619047619
13,8,1,1,1,1,1,1,11.083333333333334,26.614285714285714
13,9,1,1,1,2,3,1,14.100595238095238,27.26547619047619
13,10,1,1,1,1,1,1,11.083333333333334,26.614285714285714
13,11,1,1,2,1,3,1,13.999801587301587,26.94047619047619
13,12,1,1,1,1,1,1,11.083333333333334,26.614285714285714
13,13,1,1,1,3,4,5,16.275793650793652,27.45714285714286
13,14,1,1,1,1,1,1,11.083333333333334,26.614285714285714
13,15,1,1,1,3,4,5,16.275793650793652,27.45714285714286
13,16,1,1,2,1,3,1,13.999801587301587,26.94047619047619
13,17,2,1,1,1,2,9,13.241468253968254,26.936904761904763
13,18,1,1,1,1,1,1,11.083333333333334,26.614285714285714
13,19,1,1,1,1,1,1,11.083333333333334,26.614285714285714
13,20,1,1,1,3,4,5,16.275793650793652,27.45714285714286
13,21,1,1,1,1,2,5,12.123015873015873,26.783333333333335
13,22,1,1,1,1,1,1,11.083333333333334,26.614285714285714
13,23,1,1,1,1,2,1,12.120238095238095,26.654761904761905
13,24,1,1,1,1,1,1,11.083333333333334,26.614285714285714
13,25,1,1,1,2,3,1,14.100595238095238,27.26547619047619
13,26,1,1,2,1,2,1,13.034126984126985,26.851190476190474
13,27,1,1,1,1,1,1,11.083333333333334,26.614285714285714
13,28,1,1,1,3,4,5,16.275793650793652,27.45714285714286
13,29,1,1,2,1,3,1,13.999801587301587,26.94047619047619
13,30,1,1,2,2,3,1,15.068452380952381,27.407142857142855
13,31,2,1,1,1,2,9,13.241468253968254,26.936904761904763
13,32,1,1,1,1,2,1,12.120238095238095,26.654761904761905
13,33,7,3,10,5,3,5,33.94623015873016,27.51547619047619
13,34,7,3,10,5,3,5,33.94623015873016,27.51547619047619
13,35,1,1,1,1,1,5,11.2,26.476190476190474
13,36,10,2,1,4,5,5,28.37420634920635,27.488095238095237
13,37,3,3,2,3,4,4,21.010714285714286,27.483333333333334
13,38,2,1,1,3,2,1,15.159722222222221,27.26309523809524
13,39,2,1,1,1,2,5,13.426388888888889,26.89047619047619
13,40,10,2,1,4,5,5,28.37420634920635,27.488095238095237
13,41,2,1,1,1,3,5,14.358134920634921,27.08809523809524
13,42,1,1,1,1,2,9,12.321428571428571,26.725
13,43,1,1,1,2,4,4,15.342261904761905,27.37857142857143
13,44,2,1,1,3,3,9,16.337103174603175,27.408333333333335
13,45,3,3,2,2,4,4,20.152380952380952,27.47142857142857
13,46,1,1,2,1,1,1,11.994246031746032,26.491666666666667
13,47,1,2,1,1,2,1,13.098412698412698,26.789285714285715
13,48,2,2,2,3,2,6,17.344841269841268,27.45
13,49,1,1,2,1,1,9,12.190674603174603,26.613095238095237
14,0,1,1,1,1,1,1,11.083333333333334,26.614285714285714
14,1,1,1,1,1,1,1,11.083333333333334,26.614285714285714
14,2,2,1,2,2,4,4,17.09285714285714,27.538095238095238
14,3,1,1,1,1,1,1,11.083333333333334,26.614285714285714
14,4,1,1,1,1,1,1,11.083333333333334,26.614285714285714
14,5,1,1,1,1,1,1,11.083333333333334,26.614285714285714
14,6,1,1,1,2,3,1,14.100595238095238,27.26547619047619
14,7,1,1,1,1,1,1,11.083333333333334,26.614285714285714
14,8,1,1,1,1,1,1,11.083333333333334,26.614285714285714
14,9,1,1,1,1,1,1,11.083333333333334,26.614285714285714
14,10,1,1,1,1,1,1,11.083333333333334,26.614285714285714
14,11,1,1,1,1,1,1,11.083333333333334,26.614285714285714
14,12,1,1,1,1,2,5,12.123015873015873,26.783333333333335
14,13,1,1,1,1,1,1,11.083333333333334,26.614285714285714
14,14,1,1,1,1,2,1,12.120238095238095,26.654761904761905
14,15,1,1,1,1,1,1,11.083333333333334,26.614285714285714
14,16,1,1,1,2,3,1,14.100595238095238,27.26547619047619
14,17,1,1,1,1,1,1,11.083333333333334,26.614285714285714
14,18,1,1,1,1,2,1,12.120238095238095,26.654761904761905
14,19,1,1,1,2,3,5,14.109126984126984,27.45357142857143
14,20,1,1,1,1,1,1,11.083333333333334,26.614285714285714
14,21,1,1,1,2,1,1,12.203968253968254,26.99047619047619
14,22,1,1,1,2,3,1,14.100595238095238,27.26547619047619
14,23,1,1,1,1,1,1,11.083333333333334,26.614285714285714
14,24,1,1,1,2,3,1,14.100595238095238,27.26547619047619
14,25,1,1,1,1,1,1,11.083333333333334,26.614285714285714
14,26,1,1,1,1,1,1,11.083333333333334,26.614285714285714
14,27,1,1,1,1,1,1,11.083333333333334,26.614285714285714
14,28,1,1,1,3,2,1,13.95734126984127,27.152380952380952
14,29,1,1,1,1,1,1,11.083333333333334,26.614285714285714
14,30,1,1,1,1,2,1,12.120238095238095,26.654761904761905
14,31,1,1,1,2,3,1,14.100595238095238,27.26547619047619
14,32,1,1,1,3,4,1,16.05515873015873,27.47142857142857
14,33,1,1,1,1,1,5,11.2,26.476190476190474
14,34,7,3,10,5,3,5,33.94623015873016,27.51547619047619
14,35,7,3,10,5,3,5,33.94623015873016,27.51547619047619
14,36,1,1,1,1,1,5,11.2,26.476190476190474
14,37,2,1,1,1,3,5,14.358134920634921,27.08809523809524
14,38,1,1,2,2,3,1,15.068452380952381,27.407142857142855
14,39,10,2,1,4,5,5,28.37420634920635,27.488095238095237
14,40,3,3,2,3,4,4,21.010714285714286,27.483333333333334
14,41,1,1,1,2,1,4,12.300595238095239,26.816666666666666
14,42,10,2,1,4,5,5,28.37420634920635,27.488095238095237
14,43,3,3,2,2,4,4,20.152380952380952,27.47142857142857
14,44,1,1,1,3,4,5,16.275793650793652,27.45714285714286
14,45,1,1,2,1,1,9,12.190674603174603,26.613095238095237
14,46,1,1,2,1,3,1,13.999801587301587,26.94047619047619
14,47,2,1,1,1,1,1,12.07638888888889,26.516666666666666
14,48,1,1,2,1,1,9,12.190674603174603,26.613095238095237
14,49,1,1,1,3,1,1,13.104761904761904,26.898809523809522
15,0,1,1,1,1,1,1,11.083333333333334,26.614285714285714
15,1,1,1,1,1,1,1,11.083333333333334,26.614285714285714
15,2,2,1,2,2,4,4,17.09285714285714,27.538095238095238
15,3,1,1,1,3,4,1,16.05515873015873,27.47142857142857
15,4,1,1,1,2,3,5,14.109126984126984,27.45357142857143
15,5,1,1,1,1,3,6,13.35218253968254,27.01904761904762
15,6,1,1,1,2,1,1,12.203968253968254,26.99047619047619
15,7,1,1,1,1,2,1,12.120238095238095,26.654761904761905
15,8,1,1,1,2,3,1,14.100595238095238,27.26547619047619
15,9,1,1,1,1,2,5,12.123015873015873,26.783333333333335
15,10,1,1,1,3,2,1,13.95734126984127,27.152380952380952
15,11,1,1,1,3,2,1,13.95734126984127,27.152380952380952
15,12,1,1,1,1,2,5,12.123015873015873,26.783333333333335
15,13,1,1,1,2,3,1,14.100595238095238,27.26547619047619
15,14,1,1,1,2,1,1,12.203968253968254,26.99047619047619
15,15,1,1,1,1,2,1,12.120238095238095,26.654761904761905
15,16,1,1,1,2,3,5,14.109126984126984,27.45357142857143
15,17,1,1,1,1,1,1,11.083333333333334,26.614285714285714
15,18,1,1,1,1,1,1,11.083333333333334,26.614285714285714
15,19,1,1,1,1,1,1,11.083333333333334,26.614285714285714
15,20,1,1,1,1,1,1,11.083333333333334,26.614285714285714
15,21,1,1,1,2,3,1,14.100595238095238,27.26547619047619
15,22,1,1,1,1,2,1,12.120238095238095,26.654761904761905
15,23,1,1,1,1,1,1,11.083333333333334,26.614285714285714
15,24,1,1,1,1,2,5,12.123015873015873,26.783333333333335
15,25,1,1,1,1,1,1,11.083333333333334,26.614285714285714
15,26,1,1,1,2,3,1,14.100595238095238,27.26547619047619
15,27,1,1,1,1,1,1,11.083333333333334,26.614285714285714
15,28,1,1,1,1,1,1,11.083333333333334,26.614285714285714
15,29,1,1,1,2,3,1,14.100595238095238,27.26547619047619
15,30,1,1,1,1,1,1,11.083333333333334,26.614285714285714
15,31,1,1,1,1,1,1,11.083333333333334,26.614285714285714
15,32,1,1,1,1,1,1,11.083333333333334,26.614285714285714
15,33,1,1,1,1,1,1,11.083333333333334,26.614285714285714
15,34,1,1,1,2,3,1,14.100595238095238,27.26547619047619
15,35,1,1,1,2,3,1,14.100595238095238,27.26547619047619
15,36,1,1,1,1,1,1,11.083333333333334,26.614285714285714
15,37,1,1,1,1,1,1,11.083333333333334,26.614285714285714
15,38,1,1,1,1,2,5,12.123015873015873,26.783333333333335
15,39,1,1,1,1,1,1,11.083333333333334,26.614285714285714
15,40,1,1,1,1,1,1,11.083333333333334,26.614285714285714
15,41,1,1,1,1,1,1,11.083333333333334,26.614285714285714
15,42,1,1,1,1,1,1,11.083333333333334,26.614285714285714
15,43,1,1,1,1,1,1,11.083333333333334,26.614285714285714
15,44,1,1,1,1,1,1,11.083333333333334,26.614285714285714
15,45,1,1,1,1,2,1,12.120238095238095,26.654761904761905
15,46,1,1,1,1,1,1,11.083333333333334,26.614285714285714
15,47,1,1,1,1,1,1,11.083333333333334,26.614285714285714
15,48,1,1,1,2,1,1,12.203968253968254,26.99047619047619
15,49,1,1,1,1,1,1,11.083333333333334,26.614285714285714
16,0,1,1,1,1,1,1,11.083333333333334,26.614285714285714
16,1,1,1,1,1,1,1,11.083333333333334,26.614285714285714
16,2,2,1,2,2,4,4,17.09285714285714,27.538095238095238
16,3,1,1,1,3,4,1,16.05515873015873,27.47142857142857
16,4,1,1,1,2,3,5,14.109126984126984,27.45357142857143
16,5,1,1,1,2,1,1,12.203968253968254,26.99047619047619
16,6,1,1,1,1,3,6,13.35218253968254,27.01904761904762
16,7,1,1,1,1,2,1,12.120238095238095,26.654761904761905
16,8,1,1,1,2,3,1,14.100595238095238,27.26547619047619
16,9,1,1,1,1,2,5,12.123015873015873,26.783333333333335
16,10,1,1,1,3,2,1,13.95734126984127,27.152380952380952
16,11,1,1,1,3,2,1,13.95734126984127,27.152380952380952
16,12,1,1,1,1,2,5,12.123015873015873,26.783333333333335
16,13,1,1,1,1,3,6,13.35218253968254,27.01904761904762
16,14,1,1,1,2,3,1,14.100595238095238,27.26547619047619
16,15,1,1,1,2,1,1,12.203968253968254,26.99047619047619
16,16,1,1,1,1,2,1,12.120238095238095,26.654761904761905
16,17,1,1,1,2,3,5,14.109126984126984,27.45357142857143
16,18,1,1,1,1,1,1,11.083333333333334,26.614285714285714
16,19,1,1,1,2,3,1,14.100595238095238,27.26547619047619
16,20,1,1,1,2,3,1,14.100595238095238,27.26547619047619
16,21,1,1,1,1,1,1,11.083333333333334,26.614285714285714
16,22,1,1,1,1,1,1,11.083333333333334,26.614285714285714
16,23,1,1,1,1,3,6,13.35218253968254,27.01904761904762
16,24,1,1,1,1,1,1,11.083333333333334,26.614285714285714
16,25,1,1,1,1,1,1,11.083333333333334,26.614285714285714
16,26,1,1,1,1,1,1,11.083333333333334,26.614285714285714
16,27,1,1,1,1,2,1,12.120238095238095,26.654761904761905
16,28,1,1,1,1,1,1,11.083333333333334,26.614285714285714
16,29,1,1,1,2,3,1,14.100595238095238,27.26547619047619
16,30,1,1,1,1,1,1,11.083333333333334,26.614285714285714
16,31,1,1,1,1,1,1,11.083333333333334,26.614285714285714
16,32,1,1,1,2,3,1,14.100595238095238,27.26547619047619
16,33,1,1,1,2,3,1,14.100595238095238,27.26547619047619
16,34,1,1,1,2,1,1,12.203968253968254,26.99047619047619
16,35,1,1,1,1,1,1,11.083333333333334,26.614285714285714
16,36,1,1,1,1,2,5,12.123015873015873,26.783333333333335
16,37,1,1,1,1,1,1,11.083333333333334,26.614285714285714
16,38,1,1,1,1,1,1,11.083333333333334,26.614285714285714
16,39,1,1,1,1,2,1,12.120238095238095,26.654761904761905
16,40,1,1,1,1,1,1,11.083333333333334,26.614285714285714
16,41,1,1,1,1,1,1,11.083333333333334,26.614285714285714
16,42,1,1,1,1,2,1,12.120238095238095,26.654761904761905
16,43,1,1,1,2,3,1,14.100595238095238,27.26547619047619
16,44,1,1,1,1,1,1,11.083333333333334,26.614285714285714
16,45,1,1,1,1,1,1,11.083333333333334,26.614285714285714
16,46,1,1,1,1,1,1,11.083333333333334,26.614285714285714
16,47,1,1,1,1,1,1,11.083333333333334,26.614285714285714
16,48,1,1,1,1,1,1,11.083333333333334,26.614285714285714
16,49,1,1,1,1,1,1,11.083333333333334,26.614285714285714
17,0,1,1,1,1,1,1,11.083333333333334,26.614285714285714
17,1,2,1,2,2,4,4,17.09285714285714,27.538095238095238
17,2,1,1,1,1,1,1,11.083333333333334,26.614285714285714
17,3,2,1,2,2,4,4,17.09285714285714,27.538095238095238
17,4,1,1,1,2,3,5,14.109126984126984,27.45357142857143
17,5,1,1,1,2,1,1,12.203968253968254,26.99047619047619
17,6,1,1,1,3,4,1,16.05515873015873,27.47142857142857
17,7,1,1,1,1,3,6,13.35218253968254,27.01904761904762
17,8,1,1,1,1,2,1,12.120238095238095,26.654761904761905
17,9,1,1,1,2,3,1,14.100595238095238,27.26547619047619
17,10,1,1,1,1,2,5,12.123015873015873,26.783333333333335
17,11,1,1,1,3,2,1,13.95734126984127,27.152380952380952
17,12,1,1,1,3,4,1,16.05515873015873,27.47142857142857
17,13,1,1,1,3,2,1,13.95734126984127,27.152380952380952
17,14,1,1,1,1,2,5,12.123015873015873,26.783333333333335
17,15,1,1,1,1,3,6,13.35218253968254,27.01904761904762
17,16,1,1,1,2,3,1,14.100595238095238,27.26547619047619
17,17,1,1,1,2,1,1,12.203968253968254,26.99047619047619
17,18,1,1,1,1,2,1,12.120238095238095,26.654761904761905
17,19,1,1,1,2,3,5,14.109126984126984,27.45357142857143
17,20,1,1,1,1,3,6,13.35218253968254,27.01904761904762
17,21,1,1,1,1,1,1,11.083333333333334,26.614285714285714
17,22,1,1,1,1,2,1,12.120238095238095,26.654761904761905
17,23,1,1,1,1,1,1,11.083333333333334,26.614285714285714
17,24,1,1,1,1,2,5,12.123015873015873,26.783333333333335
17,25,1,1,1,1,2,1,12.120238095238095,26.654761904761905
17,26,1,1,1,1,1,1,11.083333333333334,26.614285714285714
17,27,1,1,1,2,1,1,12.203968253968254,26.99047619047619
17,28,1,1,1,1,1,1,11.083333333333334,26.614285714285714
17,29,1,1,1,2,3,1,14.100595238095238,27.26547619047619
17,30,1,1,1,1,3,6,13.35218253968254,27.01904761904762
17,31,1,1,1,1,1,1,11.083333333333334,26.614285714285714
17,32,1,1,1,2,1,1,12.203968253968254,26.99047619047619
17,33,1,1,1,1,1,1,11.083333333333334,26.614285714285714
17,34,1,1,1,2,3,1,14.100595238095238,27.26547619047619
17,35,1,1,1,2,3,1,14.100595238095238,27.26547619047619
17,36,1,1,1,1,1,1,11.083333333333334,26.614285714285714
17,37,1,1,1,1,1,1,11.083333333333334,26.614285714285714
17,38,1,1,1,2,1,1,12.203968253968254,26.99047619047619
17,39,1,1,1,1,2,1,12.120238095238095,26.654761904761905
17,40,1,1,1,2,1,1,12.203968253968254,26.99047619047619
17,41,1,1,1,2,3,1,14.100595238095238,27.26547619047619
17,42,1,1,1,1,1,1,11.083333333333334,26.614285714285714
17,43,1,1,1,1,2,5,12.123015873015873,26.783333333333335
17,44,1,1,1,1,1,1,11.083333333333334,26.614285714285714
17,45,1,1,1,1,1,1,11.083333333333334,26.614285714285714
17,46,1,1,1,1,2,1,12.120238095238095,26.654761904761905
17,47,1,1,1,1,1,1,11.083333333333334,26.614285714285714
17,48,1,1,1,1,2,1,12.120238095238095,26.654761904761905
17,49,1,1,1,1,1,1,11.083333333333334,26.614285714285714
18,0,1,1,1,1,1,1,11.083333333333334,26.614285714285714
18,1,1,1,1,1,1,1,11.083333333333334,26.614285714285714
18,2,2,1,2,2,4,4,17.09285714285714,27.538095238095238
18,3,2,1,2,2,4,4,17.09285714285714,27.538095238095238
18,4,1,1,1,2,3,5,14.109126984126984,27.45357142857143
18,5,1,1,1,2,1,1,12.203968253968254,26.99047619047619
18,6,1,1,1,3,4,1,16.05515873015873,27.47142857142857
18,7,1,1,1,1,3,6,13.35218253968254,27.01904761904762
18,8,1,1,1,1,2,1,12.120238095238095,26.654761904761905
18,9,1,1,1,2,3,1,14.100595238095238,27.26547619047619
18,10,1,1,1,1,2,5,12.123015873015873,26.783333333333335
18,11,1,1,1,3,2,1,13.95734126984127,27.152380952380952
18,12,1,1,1,3,4,1,16.05515873015873,27.47142857142857
18,13,1,1,1,3,2,1,13.95734126984127,27.152380952380952
18,14,1,1,1,1,2,5,12.123015873015873,26.783333333333335
18,15,1,1,1,1,3,6,13.35218253968254,27.01904761904762
18,16,1,1,1,2,3,1,14.100595238095238,27.26547619047619
18,17,1,1,1,2,1,1,12.203968253968254,26.99047619047619
18,18,1,1,1,1,2,1,12.120238095238095,26.654761904761905
18,19,1,1,1,2,3,5,14.109126984126984,27.45357142857143
18,20,1,1,1,2,3,5,14.109126984126984,27.45357142857143
18,21,1,1,1,1,2,1,12.120238095238095,26.654761904761905
18,22,1,1,1,1,1,1,11.083333333333334,26.614285714285714
18,23,1,1,1,1,2,1,12.120238095238095,26.654761904761905
18,24,1,1,1,2,1,1,12.203968253968254,26.99047619047619
18,25,1,1,1,1,1,1,11.083333333333334,26.614285714285714
18,26,1,1,1,1,2,1,12.120238095238095,26.654761904761905
18,27,1,1,1,1,2,1,12.120238095238095,26.654761904761905
18,28,1,1,1,3,2,1,13.95734126984127,27.152380952380952
18,29,1,1,1,2,1,1,12.203968253968254,26.99047619047619
18,30,1,1,1,1,1,1,11.083333333333334,26.614285714285714
18,31,1,1,1,1,1,1,11.083333333333334,26.614285714285714
18,32,1,1,1,1,2,5,12.123015873015873,26.783333333333335
18,33,1,1,1,2,3,1,14.100595238095238,27.26547619047619
18,34,2,1,2,2,4,4,17.09285714285714,27.538095238095238
18,35,1,1,1,1,1,1,11.083333333333334,26.614285714285714
18,36,1,1,1,1,1,1,11.083333333333334,26.614285714285714
18,37,1,1,1,1,1,1,11.083333333333334,26.614285714285714
18,38,1,1,1,1,1,1,11.083333333333334,26.614285714285714
18,39,1,1,1,2,3,5,14.109126984126984,27.45357142857143
18,40,1,1,1,1,2,1,12.120238095238095,26.654761904761905
18,41,1,1,1,2,1,1,12.203968253968254,26.99047619047619
18,42,1,1,1,1,1,1,11.083333333333334,26.614285714285714
18,43,1,1,1,2,3,1,14.100595238095238,27.26547619047619
18,44,1,1,1,2,1,1,12.203968253968254,26.99047619047619
18,45,1,1,1,1,2,5,12.123015873015873,26.783333333333335
18,46,1,1,1,1,1,1,11.083333333333334,26.614285714285714
18,47,1,1,1,2,1,1,12.203968253968254,26.99047619047619
18,48,1,1,1,2,1,1,12.203968253968254,26.99047619047619
18,49,1,1,1,1,1,1,11.083333333333334,26.614285714285714
19,0,1,1,1,1,1,1,11.083333333333334,26.614285714285714
19,1,2,1,2,2,4,4,17.09285714285714,27.538095238095238
19,2,2,1,2,2,4,4,17.09285714285714,27.538095238095238
19,3,1,1,1,1,1,1,11.083333333333334,26.614285714285714
19,4,1,1,1,2,1,5,12.071031746031746,26.92142857142857
19,5,1,1,1,2,3,5,14.109126984126984,27.45357142857143
19,6,1,1,1,3,4,1,16.05515873015873,27.47142857142857
19,7,1,1,1,1,3,6,13.35218253968254,27.01904761904762
19,8,1,1,1,2,1,1,12.203968253968254,26.99047619047619
19,9,1,1,1,2,3,1,14.100595238095238,27.26547619047619
19,10,1,1,1,3,2,1,13.95734126984127,27.152380952380952
19,11,1,1,1,3,4,1,16.05515873015873,27.47142857142857
19,12,1,1,1,3,2,1,13.95734126984127,27.152380952380952
19,13,1,1,1,1,3,6,13.35218253968254,27.01904761904762
19,14,1,1,1,2,3,1,14.100595238095238,27.26547619047619
19,15,1,1,1,2,1,1,12.203968253968254,26.99047619047619
19,16,1,1,1,2,3,5,14.109126984126984,27.45357142857143
19,17,1,1,1,2,3,5,14.109126984126984,27.45357142857143
19,18,1,1,1,2,3,5,14.109126984126984,27.45357142857143
19,19,1,1,1,2,1,1,12.203968253968254,26.99047619047619
19,20,1,1,1,2,1,1,12.203968253968254,26.99047619047619
19,21,1,1,1,1,1,1,11.083333333333334,26.614285714285714
19,22,1,1,1,2,1,1,12.203968253968254,26.99047619047619
19,23,1,1,1,1,1,1,11.083333333333334,26.614285714285714
19,24,1,1,1,2,1,1,12.203968253968254,26.99047619047619
19,25,1,1,1,1,1,1,11.083333333333334,26.614285714285714
19,26,1,1,1,2,3,5,14.109126984126984,27.45357142857143
19,27,1,1,1,2,1,1,12.203968253968254,26.99047619047619
19,28,1,1,1,1,1,1,11.083333333333334,26.614285714285714
19,29,1,1,1,1,1,1,11.083333333333334,26.614285714285714
19,30,1,1,1,2,3,1,14.100595238095238,27.26547619047619
19,31,1,1,1,1,1,1,11.083333333333334,26.614285714285714
19,32,1,1,1,2,1,1,12.203968253968254,26.99047619047619
19,33,2,1,2,2,4,4,17.09285714285714,27.538095238095238
19,34,1,1,1,3,2,1,13.95734126984127,27.152380952380952
19,35,1,1,1,3,2,1,13.95734126984127,27.152380952380952
19,36,1,1,1,2,3,1,14.100595238095238,27.26547619047619
19,37,1,1,1,2,3,1,14.100595238095238,27.26547619047619
19,38,1,1,1,1,1,1,11.083333333333334,26.614285714285714
19,39,1,1,1,1,3,6,13.35218253968254,27.01904761904762
19,40,1,1,1,2,3,5,14.109126984126984,27.45357142857143
19,41,1,1,1,2,3,5,14.109126984126984,27.45357142857143
19,42,1,1,1,1,1,1,11.083333333333334,26.614285714285714
19,43,1,1,1,1,1,1,11.083333333333334,26.614285714285714
19,44,1,1,1,2,1,1,12.203968253968254,26.99047619047619
19,45,1,1,1,1,1,1,11.083333333333334,26.614285714285714
19,46,1,1,1,1,1,1,11.083333333333334,26.614285714285714
19,47,1,1,1,2,3,1,14.100595238095238,27.26547619047619
19,48,1,1,1,2,3,1,14.100595238095238,27.26547619047619
19,49,1,1,1,1,1,1,11.083333333333334,26.614285714285714
20,0,1,1,1,1,1,1,11.083333333333334,26.614285714285714
20,1,1,1,1,1,1,1,11.083333333333334,26.614285714285714
20,2,2,1,2,2,4,4,17.09285714285714,27.538095238095238
20,3,2,1,2,2,4,4,17.09285714285714,27.538095238095238
20,4,1,1,1,2,3,5,14.109126984126984,27.45357142857143
20,5,1,1,1,3,4,1,16.05515873015873,27.47142857142857
20,6,1,1,1,2,1,5,12.071031746031746,26.92142857142857
20,7,1,1,1,1,3,6,13.35218253968254,27.01904761904762
20,8,1,1,1,2,1,1,12.203968253968254,26.99047619047619
20,9,1,1,1,2,1,5,12.071031746031746,26.92142857142857
20,10,1,1,1,2,3,1,14.100595238095238,27.26547619047619
20,11,1,1,1,3,2,1,13.95734126984127,27.152380952380952
20,12,1,1,1,3,4,1,16.05515873015873,27.47142857142857
20,13,1,1,1,3,2,1,13.95734126984127,27.152380952380952
20,14,1,1,1,1,3,6,13.35218253968254,27.01904761904762
20,15,1,1,1,2,3,1,14.100595238095238,27.26547619047619
20,16,1,1,1,2,1,1,12.203968253968254,26.99047619047619
20,17,1,1,1,2,3,5,14.109126984126984,27.45357142857143
20,18,1,1,1,1,3,6,13.35218253968254,27.01904761904762
20,19,1,1,1,2,1,1,12.203968253968254,26.99047619047619
20,20,1,1,1,2,1,1,12.203968253968254,26.99047619047619
20,21,1,1,1,2,1,1,12.203968253968254,26.99047619047619
20,22,1,1,1,3,2,1,13.95734126984127,27.152380952380952
20,23,1,1,1,1,1,1,11.083333333333334,26.614285714285714
20,24,1,1,1,2,3,5,14.109126984126984,27.45357142857143
20,25,1,1,1,2,1,1,12.203968253968254,26.99047619047619
20,26,1,1,1,1,1,1,11.083333333333334,26.614285714285714
20,27,1,1,1,2,3,5,14.109126984126984,27.45357142857143
20,28,1,1,1,1,3,6,13.35218253968254,27.01904761904762
20,29,1,1,1,2,3,5,14.109126984126984,27.45357142857143
20,30,1,1,1,2,3,5,14.109126984126984,27.45357142857143
20,31,1,1,1,1,3,6,13.35218253968254,27.01904761904762
20,32,1,1,1,2,3,1,14.100595238095238,27.26547619047619
20,33,1,1,1,3,2,1,13.95734126984127,27.152380952380952
20,34,1,1,1,2,1,5,12.071031746031746,26.92142857142857
20,35,1,1,1,1,1,1,11.083333333333334,26.614285714285714
20,36,1,1,1,2,3,1,14.100595238095238,27.26547619047619
20,37,1,1,1,2,3,5,14.109126984126984,27.45357142857143
20,38,1,1,1,2,1,1,12.203968253968254,26.99047619047619
20,39,1,1,1,1,1,1,11.083333333333334,26.614285714285714
20,40,1,1,1,3,4,1,16.05515873015873,27.47142857142857
20,41,1,1,1,2,1,1,12.203968253968254,26.99047619047619
20,42,1,1,1,2,1,1,12.203968253968254,26.99047619047619
20,43,1,1,1,2,3,1,14.100595238095238,27.26547619047619
20,44,2,1,2,2,4,4,17.09285714285714,27.538095238095238
20,45,1,1,1,1,1,1,11.083333333333334,26.614285714285714
20,46,1,1,1,2,1,1,12.203968253968254,26.99047619047619
20,47,1,1,1,2,3,1,14.100595238095238,27.26547619047619
20,48,1,1,1,2,3,1,14.100595238095238,27.26547619047619
20,49,1,1,1,2,1,5,12.071031746031746,26.92142857142857
21,0,2,1,2,2,4,4,17.09285714285714,27.538095238095238
21,1,1,1,1,1,1,1,11.083333333333334,26.614285714285714
21,2,1,1,1,1,1,1,11.083333333333334,26.614285714285714
21,3,2,1,2,2,4,4,17.09285714285714,27.538095238095238
21,4,1,1,1,2,3,5,14.109126984126984,27.45357142857143
21,5,1,1,1,3,4,1,16.05515873015873,27.47142857142857
21,6,1,1,1,2,1,5,12.071031746031746,26.92142857142857
21,7,1,1,1,1,3,6,13.35218253968254,27.01904761904762
21,8,1,1,1,2,1,1,12.203968253968254,26.99047619047619
21,9,1,1,1,2,1,5,12.071031746031746,26.92142857142857
21,10,1,1,1,2,3,1,14.100595238095238,27.26547619047619
21,11,1,1,1,3,2,1,13.95734126984127,27.152380952380952
21,12,1,1,1,3,4,1,16.05515873015873,27.47142857142857
21,13,1,1,1,3,2,1,13.95734126984127,27.152380952380952
21,14,1,1,1,1,3,6,13.35218253968254,27.01904761904762
21,15,1,1,1,2,3,1,14.100595238095238,27.26547619047619
21,16,1,1,1,2,1,1,12.203968253968254,26.99047619047619
21,17,1,1,1,2,3,5,14.109126984126984,27.45357142857143
21,18,1,1,1,3,4,1,16.05515873015873,27.47142857142857
21,19,1,1,1,2,1,1,12.203968253968254,26.99047619047619
21,20,2,1,2,2,4,4,17.09285714285714,27.538095238095238
21,21,1,1,1,1,1,1,11.083333333333334,26.614285714285714
21,22,1,1,1,1,1,1,11.083333333333334,26.614285714285714
21,23,1,1,1,2,3,5,14.109126984126984,27.45357142857143
21,24,1,1,1,2,1,1,12.203968253968254,26.99047619047619
21,25,2,1,2,2,4,4,17.09285714285714,27.538095238095238
21,26,1,1,1,3,4,1,16.05515873015873,27.47142857142857
21,27,1,1,1,2,3,1,14.100595238095238,27.26547619047619
21,28,1,1,1,1,1,1,11.083333333333334,26.614285714285714
21,29,1,1,1,2,3,1,14.100595238095238,27.26547619047619
21,30,1,1,1,2,1,1,12.203968253968254,26.99047619047619
21,31,1,1,1,1,3,6,13.35218253968254,27.01904761904762
21,32,1,1,1,2,1,1,12.203968253968254,26.99047619047619
21,33,1,1,1,1,1,1,11.083333333333334,26.614285714285714
21,34,1,1,1,2,1,1,12.203968253968254,26.99047619047619
21,35,1,1,1,2,3,1,14.100595238095238,27.26547619047619
21,36,1,1,1,3,2,1,13.95734126984127,27.152380952380952
21,37,1,1,1,2,3,1,14.100595238095238,27.26547619047619
21,38,1,1,1,2,1,5,12.071031746031746,26.92142857142857
21,39,1,1,1,2,1,1,12.203968253968254,26.99047619047619
21,40,1,1,1,3,2,1,13.95734126984127,27.152380952380952
21,41,1,1,1,1,1,1,11.083333333333334,26.614285714285714
21,42,1,1,1,1,3,6,13.35218253968254,27.01904761904762
21,43,1,1,1,2,3,5,14.109126984126984,27.45357142857143
21,44,1,1,1,2,1,1,12.203968253968254,26.99047619047619
21,45,1,1,1,2,1,5,12.071031746031746,26.92142857142857
21,46,1,1,1,2,3,1,14.100595238095238,27.26547619047619
21,47,1,1,1,3,4,1,16.05515873015873,27.47142857142857
21,48,1,1,1,1,3,6,13.35218253968254,27.01904761904762
21,49,1,1,1,2,3,5,14.109126984126984,27.45357142857143
22,0,1,1,1,1,1,1,11.083333333333334,26.614285714285714
22,1,1,1,1,1,1,1,11.083333333333334,26.614285714285714
22,2,2,1,2,2,4,4,17.09285714285714,27.538095238095238
22,3,2,1,2,2,4,4,17.09285714285714,27.538095238095238
22,4,1,1,1,2,3,5,14.109126984126984,27.45357142857143
22,5,1,1,2,2,1,5,13.147023809523809,27.05952380952381
22,6,1,1,1,3,4,1,16.05515873015873,27.47142857142857
22,7,1,1,1,2,1,5,12.071031746031746,26.92142857142857
22,8,1,1,1,3,2,1,13.95734126984127,27.152380952380952
22,9,1,1,1,2,1,5,12.071031746031746,26.92142857142857
22,10,1,1,1,2,1,1,12.203968253968254,26.99047619047619
22,11,1,1,1,2,3,1,14.100595238095238,27.26547619047619
22,12,1,1,1,3,4,1,16.05515873015873,27.47142857142857
22,13,1,1,1,3,2,1,13.95734126984127,27.152380952380952
22,14,1,1,1,2,3,1,14.100595238095238,27.26547619047619
22,15,1,1,1,2,1,1,12.203968253968254,26.99047619047619
22,16,1,1,1,2,3,5,14.109126984126984,27.45357142857143
22,17,1,1,1,1,1,1,11.083333333333334,26.614285714285714
22,18,1,1,1,2,1,1,12.203968253968254,26.99047619047619
22,19,1,1,1,2,3,5,14.109126984126984,27.45357142857143
22,20,1,1,1,2,1,5,12.071031746031746,26.92142857142857
22,21,1,1,1,1,1,1,11.083333333333334,26.614285714285714
22,22,1,1,1,3,4,1,16.05515873015873,27.47142857142857
22,23,1,1,1,1,1,1,11.083333333333334,26.614285714285714
22,24,1,1,1,2,3,1,14.100595238095238,27.26547619047619
22,25,1,1,1,2,3,5,14.109126984126984,27.45357142857143
22,26,1,1,1,1,1,1,11.083333333333334,26.614285714285714
22,27,1,1,1,3,4,1,16.05515873015873,27.47142857142857
22,28,1,1,1,1,1,1,11.083333333333334,26.614285714285714
22,29,2,1,2,2,4,4,17.09285714285714,27.538095238095238
22,30,1,1,1,1,1,1,11.083333333333334,26.614285714285714
22,31,1,1,1,2,1,1,12.203968253968254,26.99047619047619
22,32,1,1,1,1,1,1,11.083333333333334,26.614285714285714
22,33,1,1,1,2,1,1,12.203968253968254,26.99047619047619
22,34,1,1,1,3,4,1,16.05515873015873,27.47142857142857
22,35,1,1,1,1,1,1,11.083333333333334,26.614285714285714
22,36,1,1,1,2,1,1,12.203968253968254,26.99047619047619
22,37,1,1,1,1,1,1,11.083333333333334,26.614285714285714
22,38,1,1,1,2,1,1,12.203968253968254,26.99047619047619
22,39,1,1,1,2,3,5,14.109126984126984,27.45357142857143
22,40,1,1,1,2,1,1,12.203968253968254,26.99047619047619
22,41,1,1,1,2,3,1,14.100595238095238,27.26547619047619
22,42,1,1,1,1,1,1,11.083333333333334,26.614285714285714
22,43,1,1,1,2,1,1,12.203968253968254,26.99047619047619
22,44,1,1,1,2,3,1,14.100595238095238,27.26547619047619
22,45,1,1,1,2,1,5,12.071031746031746,26.92142857142857
22,46,1,1,1,2,1,1,12.203968253968254,26.99047619047619
22,47,1,1,1,1,1,1,11.083333333333334,26.614285714285714
22,48,1,1,1,2,3,1,14.100595238095238,27.26547619047619
22,49,1,1,1,2,1,1,12.203968253968254,26.99047619047619
23,0,2,1,2,2,4,4,17.09285714285714,27.538095238095238
23,1,2,1,2,2,4,4,17.09285714285714,27.538095238095238
23,2,1,1,1,1,1,1,11.083333333333334,26.614285714285714
23,3,1,1,1,1,1,1,11.083333333333334,26.614285714285714
23,4,1,1,1,2,3,5,14.109126984126984,27.45357142857143
23,5,1,1,2,2,1,5,13.147023809523809,27.05952380952381
23,6,1,1,1,3,4,1,16.05515873015873,27.47142857142857
23,7,1,1,1,2,1,5,12.071031746031746,26.92142857142857
23,8,1,1,1,3,2,1,13.95734126984127,27.152380952380952
23,9,1,1,1,2,1,5,12.071031746031746,26.92142857142857
23,10,1,1,1,2,1,1,12.203968253968254,26.99047619047619
23,11,1,1,1,2,3,1,14.100595238095238,27.26547619047619
23,12,1,1,1,3,4,1,16.05515873015873,27.47142857142857
23,13,1,1,1,3,2,1,13.95734126984127,27.152380952380952
23,14,1,1,1,2,3,1,14.100595238095238,27.26547619047619
23,15,1,1,1,2,1,1,12.203968253968254,26.99047619047619
23,16,1,1,1,2,3,5,14.109126984126984,27.45357142857143
23,17,1,1,1,2,1,1,12.203968253968254,26.99047619047619
23,18,1,1,1,2,1,1,12.203968253968254,26.99047619047619
23,19,1,1,1,2,1,5,12.071031746031746,26.92142857142857
23,20,1,1,1,2,1,5,12.071031746031746,26.92142857142857
23,21,1,1,1,2,1,5,12.071031746031746,26.92142857142857
23,22,2,1,2,2,4,4,17.09285714285714,27.538095238095238
23,23,1,1,1,1,1,1,11.083333333333334,26.614285714285714
23,24,1,1,1,2,1,1,12.203968253968254,26.99047619047619
23,25,1,1,1,1,1,1,11.083333333333334,26.614285714285714
23,26,1,1,1,1,1,1,11.083333333333334,26.614285714285714
23,27,1,1,1,2,1,1,12.203968253968254,26.99047619047619
23,28,1,1,1,2,1,1,12.203968253968254,26.99047619047619
23,29,1,1,1,1,1,1,11.083333333333334,26.614285714285714
23,30,1,1,1,2,3,5,14.109126984126984,27.45357142857143
23,31,2,1,2,2,4,4,17.09285714285714,27.538095238095238
23,32,1,1,1,2,1,1,12.203968253968254,26.99047619047619
23,33,1,1,1,2,1,1,12.203968253968254,26.99047619047619
23,34,1,1,1,3,4,1,16.05515873015873,27.47142857142857
23,35,2,1,2,2,4,4,17.09285714285714,27.538095238095238
23,36,1,1,1,1,1,1,11.083333333333334,26.614285714285714
23,37,1,1,1,2,3,1,14.100595238095238,27.26547619047619
23,38,1,1,1,1,1,1,11.083333333333334,26.614285714285714
23,39,1,1,1,3,4,1,16.05515873015873,27.47142857142857
23,40,1,1,1,2,1,1,12.203968253968254,26.99047619047619
23,41,1,1,1,2,1,1,12.203968253968254,26.99047619047619
23,42,1,1,1,2,1,1,12.203968253968254,26.99047619047619
23,43,1,1,1,3,4,1,16.05515873015873,27.47142857142857
23,44,1,1,1,2,3,1,14.100595238095238,27.26547619047619
23,45,1,1,1,1,1,1,11.083333333333334,26.614285714285714
23,46,1,1,1,1,1,1,11.083333333333334,26.614285714285714
23,47,1,1,1,2,1,1,12.203968253968254,26.99047619047619
23,48,1,1,1,2,1,5,12.071031746031746,26.92142857142857
23,49,2,1,2,2,4,4,17.09285714285714,27.538095238095238
24,0,1,1,1,1,1,1,11.083333333333334,26.614285714285714
24,1,1,1,2,2,4,5,16.252380952380953,27.577380952380953
24,2,1,1,1,1,1,1,11.083333333333334,26.614285714285714
24,3,1,1,1,2,3,5,14.109126984126984,27.45357142857143
24,4,1,1,1,3,4,1,16.05515873015873,27.47142857142857
24,5,1,1,2,2,1,5,13.147023809523809,27.05952380952381
24,6,1,1,1,2,1,5,12.071031746031746,26.92142857142857
24,7,1,1,1,2,1,5,12.071031746031746,26.92142857142857
24,8,1,1,1,2,1,1,12.203968253968254,26.99047619047619
24,9,1,1,1,2,2,4,13.261309523809524,27.133333333333333
24,10,1,1,1,3,2,1,13.95734126984127,27.152380952380952
24,11,1,1,1,2,3,1,14.100595238095238,27.26547619047619
24,12,1,1,1,2,3,1,14.100595238095238,27.26547619047619
24,13,1,1,1,2,1,1,12.203968253968254,26.99047619047619
24,14,1,1,1,3,4,1,16.05515873015873,27.47142857142857
24,15,1,1,1,3,2,1,13.95734126984127,27.152380952380952
24,16,1,1,1,2,3,5,14.109126984126984,27.45357142857143
24,17,1,1,1,2,1,1,12.203968253968254,26.99047619047619
24,18,1,1,1,3,4,1,16.05515873015873,27.47142857142857
24,19,1,1,1,3,4,1,16.05515873015873,27.47142857142857
24,20,1,1,1,2,1,1,12.203968253968254,26.99047619047619
24,21,1,1,1,2,3,1,14.100595238095238,27.26547619047619
24,22,1,1,1,1,1,1,11.083333333333334,26.614285714285714
24,23,1,1,1,2,1,5,12.071031746031746,26.92142857142857
24,24,1,1,1,2,1,5,12.071031746031746,26.92142857142857
24,25,1,1,1,2,1,5,12.071031746031746,26.92142857142857
24,26,1,1,1,1,1,1,11.083333333333334,26.614285714285714
24,27,1,1,1,1,1,1,11.083333333333334,26.614285714285714
24,28,1,1,1,2,1,1,12.203968253968254,26.99047619047619
24,29,1,1,1,2,1,1,12.203968253968254,26.99047619047619
24,30,1,1,1,1,1,1,11.083333333333334,26.614285714285714
24,31,1,1,1,1,1,1,11.083333333333334,26.614285714285714
24,32,1,1,1,1,1,1,11.083333333333334,26.614285714285714
24,33,1,1,1,2,3,5,14.109126984126984,27.45357142857143
24,34,1,1,1,3,4,1,16.05515873015873,27.47142857142857
24,35,1,1,1,1,1,1,11.083333333333334,26.614285714285714
24,36,1,1,1,3,4,1,16.05515873015873,27.47142857142857
24,37,1,1,1,3,4,1,16.05515873015873,27.47142857142857
24,38,1,1,1,2,1,1,12.203968253968254,26.99047619047619
24,39,1,1,1,2,1,1,12.203968253968254,26.99047619047619
24,40,1,1,1,2,1,1,12.203968253968254,26.99047619047619
24,41,1,1,1,2,1,5,12.071031746031746,26.92142857142857
24,42,1,1,1,3,2,1,13.95734126984127,27.152380952380952
24,43,1,1,1,2,3,1,14.100595238095238,27.26547619047619
24,44,1,1,1,2,1,1,12.203968253968254,26.99047619047619
24,45,1,1,1,2,1,1,12.203968253968254,26.99047619047619
24,46,1,1,1,3,4,1,16.05515873015873,27.47142857142857
24,47,1,1,1,1,1,1,11.083333333333334,26.614285714285714
24,48,1,1,1,1,1,1,11.083333333333334,26.614285714285714
24,49,1,1,1,2,3,1,14.100595238095238,27.26547619047619
25,0,1,1,1,1,1,1,11.083333333333334,26.614285714285714
25,1,1,1,1,1,1,1,11.083333333333334,26.614285714285714
25,2,1,1,2,2,4,5,16.252380952380953,27.577380952380953
25,3,1,1,1,2,3,5,14.109126984126984,27.45357142857143
25,4,1,1,1,2,2,5,13.302579365079366,27.335714285714285
25,5,1,1,1,3,4,1,16.05515873015873,27.47142857142857
25,6,1,1,1,2,1,5,12.071031746031746,26.92142857142857
25,7,1,1,1,2,1,5,12.071031746031746,26.92142857142857
25,8,1,1,2,2,1,5,13.147023809523809,27.05952380952381
25,9,1,1,1,2,1,1,12.203968253968254,26.99047619047619
25,10,1,1,1,2,2,4,13.261309523809524,27.133333333333333
25,11,1,1,1,2,3,5,14.109126984126984,27.45357142857143
25,12,1,1,1,2,1,1,12.203968253968254,26.99047619047619
25,13,1,1,2,2,1,5,13.147023809523809,27.05952380952381
25,14,1,1,1,2,2,4,13.261309523809524,27.133333333333333
25,15,1,1,1,3,4,1,16.05515873015873,27.47142857142857
25,16,1,1,1,1,1,1,11.083333333333334,26.614285714285714
25,17,1,1,1,2,1,1,12.203968253968254,26.99047619047619
25,18,1,1,1,2,3,5,14.109126984126984,27.45357142857143
25,19,1,1,1,1,1,1,11.083333333333334,26.614285714285714
25,20,1,1,1,1,1,1,11.083333333333334,26.614285714285714
25,21,1,1,1,2,1,1,12.203968253968254,26.99047619047619
25,22,1,1,1,1,1,1,11.083333333333334,26.614285714285714
25,23,1,1,1,2,3,5,14.109126984126984,27.45357142857143
25,24,1,1,1,2,1,1,12.203968253968254,26.99047619047619
25,25,1,1,1,1,1,1,11.083333333333334,26.614285714285714
25,26,1,1,1,2,1,5,12.071031746031746,26.92142857142857
25,27,1,1,1,2,3,5,14.109126984126984,27.45357142857143
25,28,1,1,1,2,1,1,12.203968253968254,26.99047619047619
25,29,1,1,1,2,1,1,12.203968253968254,26.99047619047619
25,30,1,1,1,3,4,1,16.05515873015873,27.47142857142857
25,31,1,1,1,2,1,5,12.071031746031746,26.92142857142857
25,32,1,1,1,1,1,1,11.083333333333334,26.614285714285714
25,33,1,1,1,1,1,1,11.083333333333334,26.614285714285714
25,34,1,1,1,2,1,1,12.203968253968254,26.99047619047619
25,35,1,1,1,3,4,1,16.05515873015873,27.47142857142857
25,36,1,1,1,2,1,5,12.071031746031746,26.92142857142857
25,37,1,1,1,2,1,5,12.071031746031746,26.92142857142857
25,38,1,1,1,3,4,1,16.05515873015873,27.47142857142857
25,39,1,1,1,1,1,1,11.083333333333334,26.614285714285714
25,40,1,1,1,1,1,1,11.083333333333334,26.614285714285714
25,41,1,1,1,2,1,5,12.071031746031746,26.92142857142857
25,42,1,1,1,2,1,1,12.203968253968254,26.99047619047619
25,43,1,1,1,2,1,5,12.071031746031746,26.92142857142857
25,44,1,1,1,2,1,1,12.203968253968254,26.99047619047619
25,45,1,1,1,2,1,5,12.071031746031746,26.92142857142857
25,46,1,1,1,2,1,5,12.071031746031746,26.92142857142857
25,47,1,1,1,2,1,1,12.203968253968254,26.99047619047619
25,48,1,1,1,1,1,1,11.083333333333334,26.614285714285714
25,49,1,1,1,3,4,1,16.05515873015873,27.47142857142857
26,0,1,1,2,2,4,5,16.252380952380953,27.577380952380953
26,1,1,1,1,1,1,1,11.083333333333334,26.614285714285714
26,2,1,1,2,2,4,5,16.252380952380953,27.577380952380953
26,3,1,1,1,1,1,1,11.083333333333334,26.614285714285714
26,4,1,1,1,2,3,5,14.109126984126984,27.45357142857143
26,5,1,1,1,3,4,1,16.05515873015873,27.47142857142857
26,6,1,1,1,2,2,5,13.302579365079366,27.335714285714285
26,7,1,1,1,2,1,5,12.071031746031746,26.92142857142857
26,8,1,1,1,2,1,5,12.071031746031746,26.92142857142857
26,9,1,1,2,2,1,5,13.147023809523809,27.05952380952381
26,10,1,1,1,2,1,1,12.203968253968254,26.99047619047619
26,11,1,1,1,2,2,4,13.261309523809524,27.133333333333333
26,12,1,1,1,2,3,5,14.109126984126984,27.45357142857143
26,13,1,1,1,2,2,5,13.302579365079366,27.335714285714285
26,14,1,1,1,2,1,1,12.203968253968254,26.99047619047619
26,15,1,1,2,2,1,5,13.147023809523809,27.05952380952381
26,16,1,1,1,2,2,4,13.261309523809524,27.133333333333333
26,17,1,1,1,3,4,1,16.05515873015873,27.47142857142857
26,18,1,1,1,2,1,5,12.071031746031746,26.92142857142857
26,19,1,1,2,2,1,5,13.147023809523809,27.05952380952381
26,20,1,1,1,1,1,1,11.083333333333334,26.614285714285714
26,21,1,1,1,1,1,1,11.083333333333334,26.614285714285714
26,22,1,1,1,2,1,5,12.071031746031746,26.92142857142857
26,23,1,1,1,2,1,1,12.203968253968254,26.99047619047619
26,24,1,1,1,3,4,1,16.05515873015873,27.47142857142857
26,25,1,1,1,3,4,1,16.05515873015873,27.47142857142857
26,26,1,1,1,1,1,1,11.083333333333334,26.614285714285714
26,27,1,1,1,2,1,5,12.071031746031746,26.92142857142857
26,28,1,1,1,2,1,5,12.071031746031746,26.92142857142857
26,29,1,1,1,1,1,1,11.083333333333334,26.614285714285714
26,30,1,1,1,2,1,1,12.203968253968254,26.99047619047619
26,31,1,1,1,2,1,1,12.203968253968254,26.99047619047619
26,32,1,1,1,2,1,1,12.203968253968254,26.99047619047619
26,33,1,1,1,2,3,5,14.109126984126984,27.45357142857143
26,34,1,1,1,2,1,1,12.203968253968254,26.99047619047619
26,35,1,1,1,2,1,1,12.203968253968254,26.99047619047619
26,36,1,1,1,2,1,1,12.203968253968254,26.99047619047619
26,37,1,1,1,2,1,1,12.203968253968254,26.99047619047619
26,38,1,1,1,1,1,1,11.083333333333334,26.614285714285714
26,39,1,1,1,2,1,1,12.203968253968254,26.99047619047619
26,40,1,1,1,1,1,1,11.083333333333334,26.614285714285714
26,41,1,1,1,2,1,1,12.203968253968254,26.99047619047619
26,42,1,1,1,3,4,1,16.05515873015873,27.47142857142857
26,43,1,1,1,3,4,1,16.05515873015873,27.47142857142857
26,44,1,1,1,2,3,5,14.109126984126984,27.45357142857143
26,45,1,1,1,2,2,5,13.302579365079366,27.335714285714285
26,46,1,1,1,2,3,5,14.109126984126984,27.45357142857143
26,47,1,1,1,2,1,5,12.071031746031746,26.92142857142857
26,48,1,1,1,2,1,1,12.203968253968254,26.99047619047619
26,49,1,1,1,2,1,5,12.071031746031746,26.92142857142857
27,0,1,1,1,1,1,1,11.083333333333334,26.614285714285714
27,1,1,1,2,2,4,5,16.252380952380953,27.577380952380953
27,2,1,1,1,1,1,1,11.083333333333334,26.614285714285714
27,3,1,1,2,2,4,5,16.252380952380953,27.577380952380953
27,4,1,1,1,2,3,5,14.109126984126984,27.45357142857143
27,5,1,1,1,3,4,1,16.05515873015873,27.47142857142857
27,6,1,1,1,2,2,5,13.302579365079366,27.335714285714285
27,7,1,1,1,2,1,5,12.071031746031746,26.92142857142857
27,8,1,1,1,2,1,5,12.071031746031746,26.92142857142857
27,9,1,1,2,2,1,5,13.147023809523809,27.05952380952381
27,10,1,1,1,2,1,1,12.203968253968254,26.99047619047619
27,11,1,1,1,2,2,4,13.261309523809524,27.133333333333333
27,12,1,1,1,2,3,5,14.109126984126984,27.45357142857143
27,13,1,1,1,2,2,5,13.302579365079366,27.335714285714285
27,14,1,1,1,2,1,1,12.203968253968254,26.99047619047619
27,15,1,1,2,2,1,5,13.147023809523809,27.05952380952381
27,16,1,1,1,2,2,4,13.261309523809524,27.133333333333333
27,17,1,1,1,3,4,1,16.05515873015873,27.47142857142857
27,18,1,1,1,2,1,1,12.203968253968254,26.99047619047619
27,19,1,1,1,2,1,5,12.071031746031746,26.92142857142857
27,20,1,1,1,2,1,1,12.203968253968254,26.99047619047619
27,21,1,1,1,2,1,1,12.203968253968254,26.99047619047619
27,22,1,1,1,2,3,5,14.109126984126984,27.45357142857143
27,23,1,1,1,3,4,1,16.05515873015873,27.47142857142857
27,24,1,1,2,2,1,5,13.147023809523809,27.05952380952381
27,25,1,1,1,2,1,1,12.203968253968254,26.99047619047619
27,26,1,1,1,2,2,4,13.261309523809524,27.133333333333333
27,27,1,1,1,1,1,1,11.083333333333334,26.614285714285714
27,28,1,1,1,3,4,1,16.05515873015873,27.47142857142857
27,29,1,1,1,2,1,5,12.071031746031746,26.92142857142857
27,30,1,1,1,2,3,5,14.109126984126984,27.45357142857143
27,31,1,1,1,2,1,1,12.203968253968254,26.99047619047619
27,32,1,1,1,1,1,1,11.083333333333334,26.614285714285714
27,33,1,1,1,2,1,5,12.071031746031746,26.92142857142857
27,34,1,1,1,2,1,1,12.203968253968254,26.99047619047619
27,35,1,1,1,1,1,1,11.083333333333334,26.614285714285714
27,36,1,1,1,3,4,1,16.05515873015873,27.47142857142857
27,37,1,1,1,2,2,5,13.302579365079366,27.335714285714285
27,38,1,1,1,1,1,1,11.083333333333334,26.614285714285714
27,39,1,1,1,2,2,4,13.261309523809524,27.133333333333333
27,40,1,1,1,2,3,5,14.109126984126984,27.45357142857143
27,41,1,1,1,2,3,5,14.109126984126984,27.45357142857143
27,42,1,1,1,2,1,5,12.071031746031746,26.92142857142857
27,43,1,1,1,2,1,1,12.203968253968254,26.99047619047619
27,44,1,1,2,2,4,5,16.252380952380953,27.577380952380953
27,45,1,1,1,2,1,1,12.203968253968254,26.99047619047619
27,46,1,1,1,3,4,1,16.05515873015873,27.47142857142857
27,47,1,1,1,2,1,5,12.071031746031746,26.92142857142857
27,48,1,1,1,2,2,5,13.302579365079366,27.335714285714285
27,49,1,1,1,2,1,1,12.203968253968254,26.99047619047619
28,0,1,1,1,1,1,1,11.083333333333334,26.614285714285714
28,1,1,1,2,2,4,5,16.252380952380953,27.577380952380953
28,2,1,1,1,1,1,1,11.083333333333334,26.614285714285714
28,3,1,1,2,2,4,5,16.252380952380953,27.577380952380953
28,4,1,1,1,2,3,5,14.109126984126984,27.45357142857143
28,5,1,1,1,3,4,1,16.05515873015873,27.47142857142857
28,6,1,1,1,2,2,5,13.302579365079366,27.335714285714285
28,7,1,1,1,2,1,5,12.071031746031746,26.92142857142857
28,8,1,1,1,2,1,5,12.071031746031746,26.92142857142857
28,9,1,1,2,2,1,5,13.147023809523809,27.05952380952381
28,10,1,1,1,2,1,1,12.203968253968254,26.99047619047619
28,11,1,1,1,2,2,4,13.261309523809524,27.133333333333333
28,12,1,1,1,2,3,5,14.109126984126984,27.45357142857143
28,13,1,1,1,2,2,5,13.302579365079366,27.335714285714285
28,14,1,1,1,2,1,1,12.203968253968254,26.99047619047619
28,15,1,1,2,2,1,5,13.147023809523809,27.05952380952381
28,16,1,1,1,2,2,4,13.261309523809524,27.133333333333333
28,17,1,1,1,3,4,1,16.05515873015873,27.47142857142857
28,18,1,1,1,2,1,5,12.071031746031746,26.92142857142857
28,19,1,1,1,2,2,5,13.302579365079366,27.335714285714285
28,20,1,1,2,2,1,5,13.147023809523809,27.05952380952381
28,21,1,1,1,2,3,5,14.109126984126984,27.45357142857143
28,22,1,1,1,2,1,5,12.071031746031746,26.92142857142857
28,23,1,1,1,2,1,5,12.071031746031746,26.92142857142857
28,24,1,1,2,2,1,5,13.147023809523809,27.05952380952381
28,25,1,1,1,2,2,4,13.261309523809524,27.133333333333333
28,26,1,1,1,1,1,1,11.083333333333334,26.614285714285714
28,27,1,1,1,2,3,5,14.109126984126984,27.45357142857143
28,28,1,1,1,2,3,5,14.109126984126984,27.45357142857143
28,29,1,1,1,1,1,1,11.083333333333334,26.614285714285714
28,30,1,1,1,3,4,1,16.05515873015873,27.47142857142857
28,31,1,1,1,2,1,1,12.203968253968254,26.99047619047619
28,32,1,1,1,1,1,1,11.083333333333334,26.614285714285714
28,33,1,1,1,2,1,5,12.071031746031746,26.92142857142857
28,34,1,1,2,2,4,5,16.252380952380953,27.577380952380953
28,35,1,1,1,2,2,4,13.261309523809524,27.133333333333333
28,36,1,1,1,2,2,4,13.261309523809524,27.133333333333333
28,37,1,1,1,3,4,1,16.05515873015873,27.47142857142857
28,38,1,1,1,2,1,5,12.071031746031746,26.92142857142857
28,39,1,1,1,2,1,5,12.071031746031746,26.92142857142857
28,40,1,1,1,1,1,1,11.083333333333334,26.614285714285714
28,41,1,1,1,2,1,1,12.203968253968254,26.99047619047619
28,42,1,1,1,2,1,5,12.071031746031746,26.92142857142857
28,43,1,1,1,2,1,1,12.203968253968254,26.99047619047619
28,44,1,1,1,2,1,1,12.203968253968254,26.99047619047619
28,45,1,1,1,2,1,5,12.071031746031746,26.92142857142857
28,46,1,1,1,2,2,5,13.302579365079366,27.335714285714285
28,47,1,1,1,2,1,5,12.071031746031746,26.92142857142857
28,48,1,1,1,2,1,1,12.203968253968254,26.99047619047619
28,49,1,1,1,2,1,5,12.071031746031746,26.92142857142857
29,0,1,1,1,1,1,1,11.083333333333334,26.614285714285714
29,1,1,1,2,2,4,5,16.252380952380953,27.577380952380953
29,2,1,1,1,1,1,1,11.083333333333334,26.614285714285714
29,3,1,1,2,2,4,5,16.252380952380953,27.577380952380953
29,4,1,1,1,2,3,5,14.109126984126984,27.45357142857143
29,5,1,1,1,3,4,1,16.05515873015873,27.47142857142857
29,6,1,1,1,2,2,5,13.302579365079366,27.335714285714285
29,7,1,1,1,2,1,5,12.071031746031746,26.92142857142857
29,8,1,1,1,2,1,5,12.071031746031746,26.92142857142857
29,9,1,1,2,2,1,5,13.147023809523809,27.05952380952381
29,10,1,1,1,2,1,1,12.203968253968254,26.99047619047619
29,11,1,1,1,2,2,4,13.261309523809524,27.133333333333333
29,12,1,1,1,2,3,5,14.109126984126984,27.45357142857143
29,13,1,1,1,2,2,5,13.302579365079366,27.335714285714285
29,14,1,1,1,2,1,1,12.203968253968254,26.99047619047619
29,15,1,1,2,2,1,5,13.147023809523809,27.05952380952381
29,16,1,1,1,2,2,4,13.261309523809524,27.133333333333333
29,17,1,1,1,3,4,1,16.05515873015873,27.47142857142857
29,18,1,1,1,2,1,5,12.071031746031746,26.92142857142857
29,19,1,1,2,2,1,5,13.147023809523809,27.05952380952381
29,20,1,1,1,2,1,5,12.071031746031746,26.92142857142857
29,21,1,1,2,2,1,5,13.147023809523809,27.05952380952381
29,22,1,1,1,2,2,4,13.261309523809524,27.133333333333333
29,23,1,1,1,2,1,5,12.071031746031746,26.92142857142857
29,24,1,1,1,2,1,5,12.071031746031746,26.92142857142857
29,25,1,1,1,2,2,5,13.302579365079366,27.335714285714285
29,26,1,1,1,2,1,5,12.071031746031746,26.92142857142857
29,27,1,1,1,2,1,5,12.071031746031746,26.92142857142857
29,28,1,1,1,3,4,1,16.05515873015873,27.47142857142857
29,29,1,1,1,2,1,5,12.071031746031746,26.92142857142857
29,30,1,1,1,2,2,5,13.302579365079366,27.335714285714285
29,31,1,1,1,2,1,1,12.203968253968254,26.99047619047619
29,32,1,1,1,2,1,1,12.203968253968254,26.99047619047619
29,33,1,1,1,1,1,1,11.083333333333334,26.614285714285714
29,34,1,1,2,2,4,5,16.252380952380953,27.577380952380953
29,35,1,1,1,2,3,5,14.109126984126984,27.45357142857143
29,36,1,1,2,2,1,5,13.147023809523809,27.05952380952381
29,37,1,1,1,2,1,5,12.071031746031746,26.92142857142857
29,38,1,1,1,2,3,5,14.109126984126984,27.45357142857143
29,39,1,1,1,2,1,5,12.071031746031746,26.92142857142857
29,40,1,1,2,2,1,5,13.147023809523809,27.05952380952381
29,41,1,1,1,2,1,5,12.071031746031746,26.92142857142857
29,42,1,1,1,2,1,5,12.071031746031746,26.92142857142857
29,43,1,1,2,2,1,5,13.147023809523809,27.05952380952381
29,44,1,1,1,2,1,1,12.203968253968254,26.99047619047619
29,45,1,1,1,3,4,1,16.05515873015873,27.47142857142857
29,46,1,1,1,2,2,4,13.261309523809524,27.133333333333333
29,47,1,1,1,1,1,1,11.083333333333334,26.614285714285714
29,48,1,1,1,2,1,5,12.071031746031746,26.92142857142857
29,49,1,1,1,2,1,1,12.203968253968254,26.99047619047619
30,0,1,1,1,1,1,1,11.083333333333334,26.614285714285714
30,1,1,1,2,2,4,5,16.252380952380953,27.577380952380953
30,2,1,1,1,1,1,1,11.083333333333334,26.614285714285714
30,3,1,1,2,2,4,5,16.252380952380953,27.577380952380953
30,4,1,1,1,2,3,5,14.109126984126984,27.45357142857143
30,5,1,1,1,3,4,1,16.05515873015873,27.47142857142857
30,6,1,1,1,2,2,5,13.302579365079366,27.335714285714285
30,7,1,1,1,2,1,5,12.071031746031746,26.92142857142857
30,8,1,1,1,2,1,5,12.071031746031746,26.92142857142857
30,9,1,1,2,2,1,5,13.147023809523809,27.05952380952381
30,10,1,1,1,2,1,1,12.203968253968254,26.99047619047619
30,11,1,1,1,2,2,4,13.261309523809524,27.133333333333333
30,12,1,1,1,2,3,5,14.109126984126984,27.45357142857143
30,13,1,1,1,2,2,5,13.302579365079366,27.335714285714285
30,14,1,1,1,2,1,1,12.203968253968254,26.99047619047619
30,15,1,1,2,2,1,5,13.147023809523809,27.05952380952381
30,16,1,1,1,2,2,4,13.261309523809524,27.133333333333333
30,17,1,1,1,3,4,1,16.05515873015873,27.47142857142857
30,18,1,1,1,1,1,1,11.083333333333334,26.614285714285714
30,19,1,1,1,2,1,5,12.071031746031746,26.92142857142857
30,20,1,1,2,2,1,5,13.147023809523809,27.05952380952381
30,21,1,1,1,2,2,5,13.302579365079366,27.335714285714285
30,22,1,1,1,2,3,5,14.109126984126984,27.45357142857143
30,23,1,1,1,2,1,1,12.203968253968254,26.99047619047619
30,24,1,1,2,2,1,5,13.147023809523809,27.05952380952381
30,25,1,1,1,2,2,4,13.261309523809524,27.133333333333333
30,26,1,1,1,2,1,5,12.071031746031746,26.92142857142857
30,27,1,1,1,2,3,5,14.109126984126984,27.45357142857143
30,28,1,1,2,2,1,5,13.147023809523809,27.05952380952381
30,29,1,1,1,2,2,4,13.261309523809524,27.133333333333333
30,30,1,1,2,2,1,5,13.147023809523809,27.05952380952381
30,31,1,1,1,2,2,5,13.302579365079366,27.335714285714285
30,32,1,1,2,2,4,5,16.252380952380953,27.577380952380953
30,33,1,1,1,2,2,5,13.302579365079366,27.335714285714285
30,34,1,1,1,2,1,5,12.071031746031746,26.92142857142857
30,35,1,1,1,3,4,1,16.05515873015873,27.47142857142857
30,36,1,1,1,2,2,5,13.302579365079366,27.335714285714285
30,37,1,1,2,2,1,5,13.147023809523809,27.05952380952381
30,38,1,1,1,1,1,1,11.083333333333334,26.614285714285714
30,39,1,1,1,2,1,1,12.203968253968254,26.99047619047619
30,40,1,1,1,2,1,1,12.203968253968254,26.99047619047619
30,41,1,1,1,2,2,4,13.261309523809524,27.133333333333333
30,42,1,1,2,2,1,5,13.147023809523809,27.05952380952381
30,43,1,1,1,2,1,1,12.203968253968254,26.99047619047619
30,44,1,1,1,2,1,5,12.071031746031746,26.92142857142857
30,45,1,1,2,2,1,5,13.147023809523809,27.05952380952381
30,46,1,1,1,2,1,5,12.071031746031746,26.92142857142857
30,47,1,1,1,2,2,4,13.261309523809524,27.133333333333333
30,48,1,1,1,2,1,5,12.071031746031746,26.92142857142857
30,49,1,1,1,2,1,5,12.071031746031746,26.92142857142857
31,0,1,1,2,2,4,5,16.252380952380953,27.577380952380953
31,1,1,1,1,1,1,1,11.083333333333334,26.614285714285714
31,2,1,1,2,2,4,5,16.252380952380953,27.577380952380953
31,3,1,1,1,1,1,1,11.083333333333334,26.614285714285714
31,4,1,1,1,2,3,5,14.109126984126984,27.45357142857143
31,5,1,1,1,3,4,1,16.05515873015873,27.47142857142857
31,6,1,1,1,2,2,5,13.302579365079366,27.335714285714285
31,7,1,1,1,2,1,5,12.071031746031746,26.92142857142857
31,8,1,1,1,2,1,5,12.071031746031746,26.92142857142857
31,9,1,1,2,2,1,5,13.147023809523809,27.05952380952381
31,10,1,1,1,2,1,1,12.203968253968254,26.99047619047619
31,11,1,1,1,2,2,4,13.261309523809524,27.133333333333333
31,12,1,1,1,2,3,5,14.109126984126984,27.45357142857143
31,13,1,1,1,2,2,5,13.302579365079366,27.335714285714285
31,14,1,1,1,2,1,1,12.203968253968254,26.99047619047619
31,15,1,1,2,2,1,5,13.147023809523809,27.05952380952381
31,16,1,1,1,2,2,4,13.261309523809524,27.133333333333333
31,17,1,1,1,3,4,1,16.05515873015873,27.47142857142857
31,18,1,1,1,2,1,5,12.071031746031746,26.92142857142857
31,19,1,1,2,2,1,5,13.147023809523809,27.05952380952381
31,20,1,1,2,2,4,5,16.252380952380953,27.577380952380953
31,21,1,1,1,2,1,1,12.203968253968254,26.99047619047619
31,22,1,1,2,2,1,5,13.147023809523809,27.05952380952381
31,23,1,1,1,2,1,5,12.071031746031746,26.92142857142857
31,24,1,1,1,2,2,5,13.302579365079366,27.335714285714285
31,25,1,1,1,2,1,1,12.203968253968254,26.99047619047619
31,26,1,1,1,2,1,5,12.071031746031746,26.92142857142857
31,27,1,1,1,2,1,5,12.071031746031746,26.92142857142857
31,28,1,1,1,2,1,1,12.203968253968254,26.99047619047619
31,29,1,1,1,2,1,1,12.203968253968254,26.99047619047619
31,30,1,1,1,2,1,1,12.203968253968254,26.99047619047619
31,31,1,1,1,2,1,1,12.203968253968254,26.99047619047619
31,32,1,1,1,2,1,5,12.071031746031746,26.92142857142857
31,33,1,1,1,2,1,5,12.071031746031746,26.92142857142857
31,34,1,1,1,2,1,5,12.071031746031746,26.92142857142857
31,35,1,1,1,2,1,5,12.071031746031746,26.92142857142857
31,36,1,1,1,2,2,5,13.302579365079366,27.335714285714285
31,37,1,1,1,2,2,5,13.302579365079366,27.335714285714285
31,38,1,1,1,2,2,4,13.261309523809524,27.133333333333333
31,39,1,1,1,2,2,4,13.261309523809524,27.133333333333333
31,40,1,1,2,2,1,5,13.147023809523809,27.05952380952381
31,41,1,1,1,2,2,4,13.261309523809524,27.133333333333333
31,42,1,1,2,2,1,5,13.147023809523809,27.05952380952381
31,43,1,1,1,2,1,5,12.071031746031746,26.92142857142857
31,44,1,1,1,2,1,1,12.203968253968254,26.99047619047619
31,45,1,1,1,2,1,5,12.071031746031746,26.92142857142857
31,46,1,1,1,2,3,5,14.109126984126984,27.45357142857143
31,47,1,1,2,2,1,5,13.147023809523809,27.05952380952381
31,48,1,1,1,2,1,5,12.071031746031746,26.92142857142857
31,49,1,1,1,2,2,5,13.302579365079366,27.335714285714285
32,0,1,1,2,2,4,5,16.252380952380953,27.577380952380953
32,1,1,1,2,2,4,5,16.252380952380953,27.577380952380953
32,2,1,1,1,1,1,1,11.083333333333334,26.614285714285714
32,3,1,1,1,1,1,1,11.083333333333334,26.614285714285714
32,4,1,1,1,2,3,5,14.109126984126984,27.45357142857143
32,5,1,1,1,3,4,1,16.05515873015873,27.47142857142857
32,6,1,1,1,2,2,5,13.302579365079366,27.335714285714285
32,7,1,1,1,2,1,5,12.071031746031746,26.92142857142857
32,8,1,1,1,2,1,5,12.071031746031746,26.92142857142857
32,9,1,1,2,2,1,5,13.147023809523809,27.05952380952381
32,10,1,1,1,2,1,1,12.203968253968254,26.99047619047619
32,11,1,1,1,2,2,4,13.261309523809524,27.133333333333333
32,12,1,1,1,2,3,5,14.109126984126984,27.45357142857143
32,13,1,1,1,2,2,5,13.302579365079366,27.335714285714285
32,14,1,1,1,2,1,1,12.203968253968254,26.99047619047619
32,15,1,1,2,2,1,5,13.147023809523809,27.05952380952381
32,16,1,1,1,2,2,4,13.261309523809524,27.133333333333333
32,17,1,1,1,3,4,1,16.05515873015873,27.47142857142857
32,18,1,1,1,2,1,1,12.203968253968254,26.99047619047619
32,19,1,1,1,2,1,1,12.203968253968254,26.99047619047619
32,20,1,1,1,2,1,5,12.071031746031746,26.92142857142857
32,21,1,1,1,2,2,5,13.302579365079366,27.335714285714285
32,22,1,1,1,2,2,5,13.302579365079366,27.335714285714285
32,23,1,1,1,2,1,5,12.071031746031746,26.92142857142857
32,24,1,1,2,2,4,5,16.252380952380953,27.577380952380953
32,25,1,1,1,2,1,1,12.203968253968254,26.99047619047619
32,26,1,1,1,2,3,5,14.109126984126984,27.45357142857143
32,27,1,1,1,2,2,4,13.261309523809524,27.133333333333333
32,28,1,1,1,2,1,5,12.071031746031746,26.92142857142857
32,29,1,1,1,2,1,1,12.203968253968254,26.99047619047619
32,30,1,1,1,2,1,5,12.071031746031746,26.92142857142857
32,31,1,1,1,2,2,4,13.261309523809524,27.133333333333333
32,32,1,1,1,2,2,5,13.302579365079366,27.335714285714285
32,33,1,1,1,2,2,5,13.302579365079366,27.335714285714285
32,34,1,1,1,2,2,5,13.302579365079366,27.335714285714285
32,35,1,1,1,2,2,4,13.261309523809524,27.133333333333333
32,36,1,1,2,2,1,5,13.147023809523809,27.05952380952381
32,37,1,1,1,2,2,4,13.261309523809524,27.133333333333333
32,38,1,1,2,2,1,5,13.147023809523809,27.05952380952381
32,39,1,1,2,2,4,5,16.252380952380953,27.577380952380953
32,40,1,1,1,2,1,5,12.071031746031746,26.92142857142857
32,41,1,1,1,2,2,4,13.261309523809524,27.133333333333333
32,42,1,1,1,2,2,4,13.261309523809524,27.133333333333333
32,43,1,1,1,2,2,4,13.261309523809524,27.133333333333333
32,44,1,1,1,2,2,5,13.302579365079366,27.335714285714285
32,45,1,1,1,2,3,5,14.109126984126984,27.45357142857143
32,46,1,1,1,2,3,5,14.109126984126984,27.45357142857143
32,47,1,1,1,2,1,5,12.071031746031746,26.92142857142857
32,48,1,1,1,2,2,5,13.302579365079366,27.335714285714285
32,49,1,1,1,2,2,5,13.302579365079366,27.335714285714285
33,0,1,1,2,2,4,5,16.252380952380953,27.577380952380953
33,1,1,1,1,1,1,1,11.083333333333334,26.614285714285714
33,2,1,1,2,2,4,5,16.252380952380953,27.577380952380953
33,3,1,1,1,1,1,1,11.083333333333334,26.614285714285714
33,4,1,1,1,2,3,5,14.109126984126984,27.45357142857143
33,5,1,1,1,3,4,1,16.05515873015873,27.47142857142857
33,6,1,1,1,2,2,5,13.302579365079366,27.335714285714285
33,7,1,1,1,2,1,5,12.071031746031746,26.92142857142857
33,8,1,1,1,2,1,5,12.071031746031746,26.92142857142857
33,9,1,1,2,2,1,5,13.147023809523809,27.05952380952381
33,10,1,1,1,2,1,1,12.203968253968254,26.99047619047619
33,11,1,1,1,2,2,4,13.261309523809524,27.133333333333333
33,12,1,1,1,2,3,5,14.109126984126984,27.45357142857143
33,13,1,1,1,2,2,5,13.302579365079366,27.335714285714285
33,14,1,1,1,2,1,1,12.203968253968254,26.99047619047619
33,15,1,1,2,2,1,5,13.147023809523809,27.05952380952381
33,16,1,1,1,2,2,4,13.261309523809524,27.133333333333333
33,17,1,1,1,3,4,1,16.05515873015873,27.47142857142857
33,18,1,1,1,2,1,1,12.203968253968254,26.99047619047619
33,19,1,1,1,2,3,5,14.109126984126984,27.45357142857143
33,20,1,1,2,2,4,5,16.252380952380953,27.577380952380953
33,21,1,1,1,2,2,4,13.261309523809524,27.133333333333333
33,22,1,1,1,2,2,4,13.261309523809524,27.133333333333333
33,23,1,1,2,2,4,5,16.252380952380953,27.577380952380953
33,24,1,1,1,2,2,5,13.302579365079366,27.335714285714285
33,25,1,1,2,2,1,5,13.147023809523809,27.05952380952381
33,26,1,1,1,2,1,5,12.071031746031746,26.92142857142857
33,27,1,1,1,2,1,5,12.071031746031746,26.92142857142857
33,28,1,1,1,2,2,5,13.302579365079366,27.335714285714285
33,29,1,1,1,2,2,5,13.302579365079366,27.335714285714285
33,30,1,1,1,2,3,5,14.109126984126984,27.45357142857143
33,31,1,1,1,2,2,5,13.302579365079366,27.335714285714285
33,32,1,1,1,2,1,5,12.071031746031746,26.92142857142857
33,33,1,1,1,2,2,4,13.261309523809524,27.133333333333333
33,34,1,1,1,2,1,1,12.203968253968254,26.99047619047619
33,35,1,1,1,2,2,5,13.302579365079366,27.335714285714285
33,36,1,1,1,2,3,5,14.109126984126984,27.45357142857143
33,37,1,1,1,2,2,5,13.302579365079366,27.335714285714285
33,38,1,1,1,2,2,4,13.261309523809524,27.133333333333333
33,39,1,1,1,2,1,5,12.071031746031746,26.92142857142857
33,40,1,1,1,2,1,5,12.071031746031746,26.92142857142857
33,41,1,1,1,2,2,5,13.302579365079366,27.335714285714285
33,42,1,1,1,2,2,5,13.302579365079366,27.335714285714285
33,43,1,1,1,2,1,5,12.071031746031746,26.92142857142857
33,44,1,1,2,2,1,5,13.147023809523809,27.05952380952381
33,45,1,1,1,2,2,4,13.261309523809524,27.133333333333333
33,46,1,1,1,2,2,5,13.302579365079366,27.335714285714285
33,47,1,1,1,1,1,1,11.083333333333334,26.614285714285714
33,48,1,1,1,2,1,5,12.071031746031746,26.92142857142857
33,49,1,1,1,2,2,4,13.261309523809524,27.133333333333333
34,0,1,1,1,1,1,1,11.083333333333334,26.614285714285714
34,1,1,1,2,2,4,5,16.252380952380953,27.577380952380953
34,2,1,1,2,2,4,5,16.252380952380953,27.577380952380953
34,3,1,1,1,1,1,1,11.083333333333334,26.614285714285714
34,4,1,1,1,2,3,5,14.109126984126984,27.45357142857143
34,5,1,1,1,3,4,1,16.05515873015873,27.47142857142857
34,6,1,1,1,2,2,5,13.302579365079366,27.335714285714285
34,7,1,1,1,2,1,5,12.071031746031746,26.92142857142857
34,8,1,1,1,2,1,5,12.071031746031746,26.92142857142857
34,9,1,1,2,2,1,5,13.147023809523809,27.05952380952381
34,10,1,1,1,2,1,1,12.203968253968254,26.99047619047619
34,11,1,1,1,2,2,4,13.261309523809524,27.133333333333333
34,12,1,1,1,2,3,5,14.109126984126984,27.45357142857143
34,13,1,1,1,2,2,5,13.302579365079366,27.335714285714285
34,14,1,1,1,2,1,1,12.203968253968254,26.99047619047619
34,15,1,1,2,2,1,5,13.147023809523809,27.05952380952381
34,16,1,1,1,2,2,4,13.261309523809524,27.133333333333333
34,17,1,1,1,3,4,1,16.05515873015873,27.47142857142857
34,18,1,1,1,2,2,4,13.261309523809524,27.133333333333333
34,19,1,1,1,2,1,5,12.071031746031746,26.92142857142857
34,20,1,1,1,3,4,1,16.05515873015873,27.47142857142857
34,21,1,1,1,1,1,1,11.083333333333334,26.614285714285714
34,22,1,1,1,2,3,5,14.109126984126984,27.45357142857143
34,23,1,1,1,2,1,1,12.203968253968254,26.99047619047619
34,24,1,1,1,2,1,5,12.071031746031746,26.92142857142857
34,25,1,1,1,2,1,5,12.071031746031746,26.92142857142857
34,26,1,1,1,2,3,5,14.109126984126984,27.45357142857143
34,27,1,1,1,2,2,5,13.302579365079366,27.335714285714285
34,28,1,1,1,2,2,4,13.261309523809524,27.133333333333333
34,29,1,1,1,2,1,1,12.203968253968254,26.99047619047619
34,30,1,1,1,2,2,4,13.261309523809524,27.133333333333333
34,31,1,1,2,2,4,5,16.252380952380953,27.577380952380953
34,32,1,1,1,2,1,5,12.071031746031746,26.92142857142857
34,33,1,1,1,2,3,5,14.109126984126984,27.45357142857143
34,34,1,1,1,2,1,5,12.071031746031746,26.92142857142857
34,35,1,1,1,2,1,1,12.203968253968254,26.99047619047619
34,36,1,1,2,2,1,5,13.147023809523809,27.05952380952381
34,37,1,1,1,2,1,5,12.071031746031746,26.92142857142857
34,38,1,1,1,3,4,1,16.05515873015873,27.47142857142857
34,39,1,1,1,2,1,5,12.071031746031746,26.92142857142857
34,40,1,1,1,2,2,5,13.302579365079366,27.335714285714285
34,41,1,1,1,1,1,1,11.083333333333334,26.614285714285714
34,42,1,1,1,2,1,1,12.203968253968254,26.99047619047619
34,43,1,1,1,2,3,5,14.109126984126984,27.45357142857143
34,44,1,1,1,2,2,4,13.261309523809524,27.133333333333333
34,45,1,1,2,2,1,5,13.147023809523809,27.05952380952381
34,46,1,1,1,1,1,1,11.083333333333334,26.614285714285714
34,47,1,1,1,2,1,5,12.071031746031746,26.92142857142857
34,48,1,1,2,2,4,5,16.252380952380953,27.577380952380953
34,49,1,1,1,2,2,5,13.302579365079366,27.335714285714285
35,0,1,1,1,1,1,1,11.083333333333334,26.614285714285714
35,1,1,1,2,2,4,5,16.252380952380953,27.577380952380953
35,2,1,1,1,1,1,1,11.083333333333334,26.614285714285714
35,3,1,1,2,2,4,5,16.252380952380953,27.577380952380953
35,4,1,1,1,2,3,5,14.109126984126984,27.45357142857143
35,5,1,1,1,3,4,1,16.05515873015873,27.47142857142857
35,6,1,1,1,2,2,5,13.302579365079366,27.335714285714285
35,7,1,1,1,2,1,5,12.071031746031746,26.92142857142857
35,8,1,1,1,2,1,5,12.071031746031746,26.92142857142857
35,9,1,1,1,2,1,1,12.203968253968254,26.99047619047619
35,10,1,1,2,2,1,5,13.147023809523809,27.05952380952381
35,11,1,1,1,2,2,4,13.261309523809524,27.133333333333333
35,12,1,1,1,2,3,5,14.109126984126984,27.45357142857143
35,13,1,1,1,2,2,5,13.302579365079366,27.335714285714285
35,14,1,1,1,2,2,3,13.244444444444445,27.116666666666667
35,15,1,1,1,2,1,1,12.203968253968254,26.99047619047619
35,16,1,1,2,2,1,5,13.147023809523809,27.05952380952381
35,17,1,1,1,3,4,1,16.05515873015873,27.47142857142857
35,18,1,1,1,2,2,4,13.261309523809524,27.133333333333333
35,19,1,1,1,2,2,5,13.302579365079366,27.335714285714285
35,20,1,1,1,1,1,1,11.083333333333334,26.614285714285714
35,21,1,1,1,3,4,1,16.05515873015873,27.47142857142857
35,22,1,1,2,2,4,5,16.252380952380953,27.577380952380953
35,23,1,1,1,2,3,5,14.109126984126984,27.45357142857143
35,24,1,1,1,1,1,1,11.083333333333334,26.614285714285714
35,25,1,1,1,2,1,5,12.071031746031746,26.92142857142857
35,26,1,1,1,2,1,5,12.071031746031746,26.92142857142857
35,27,1,1,1,2,2,4,13.261309523809524,27.133333333333333
35,28,1,1,1,2,1,5,12.071031746031746,26.92142857142857
35,29,1,1,1,2,1,5,12.071031746031746,26.92142857142857
35,30,1,1,1,2,3,5,14.109126984126984,27.45357142857143
35,31,1,1,1,2,1,1,12.203968253968254,26.99047619047619
35,32,1,1,1,1,1,1,11.083333333333334,26.614285714285714
35,33,1,1,1,1,1,1,11.083333333333334,26.614285714285714
35,34,1,1,1,2,1,5,12.071031746031746,26.92142857142857
35,35,1,1,1,2,1,5,12.071031746031746,26.92142857142857
35,36,1,1,2,2,4,5,16.252380952380953,27.577380952380953
35,37,1,1,1,2,1,5,12.071031746031746,26.92142857142857
35,38,1,1,1,2,2,4,13.261309523809524,27.133333333333333
35,39,1,1,1,2,1,5,12.071031746031746,26.92142857142857
35,40,1,1,1,2,2,5,13.302579365079366,27.335714285714285
35,41,1,1,1,2,1,5,12.071031746031746,26.92142857142857
35,42,1,1,2,2,1,5,13.147023809523809,27.05952380952381
35,43,1,1,1,2,1,1,12.203968253968254,26.99047619047619
35,44,1,1,1,1,1,1,11.083333333333334,26.614285714285714
35,45,1,1,1,2,2,5,13.302579365079366,27.335714285714285
35,46,1,1,1,2,3,5,14.109126984126984,27.45357142857143
35,47,1,1,1,2,2,5,13.302579365079366,27.335714285714285
35,48,1,1,1,2,2,5,13.302579365079366,27.335714285714285
35,49,1,1,1,2,1,5,12.071031746031746,26.92142857142857
36,0,1,1,2,2,4,5,16.252380952380953,27.577380952380953
36,1,1,1,1,1,1,1,11.083333333333334,26.614285714285714
36,2,1,1,1,1,1,1,11.083333333333334,26.614285714285714
36,3,1,1,2,2,4,5,16.252380952380953,27.577380952380953
36,4,1,1,1,2,3,5,14.109126984126984,27.45357142857143
36,5,1,1,1,3,4,1,16.05515873015873,27.47142857142857
36,6,1,1,1,2,2,5,13.302579365079366,27.335714285714285
36,7,1,1,1,2,1,5,12.071031746031746,26.92142857142857
36,8,1,1,1,2,1,5,12.071031746031746,26.92142857142857
36,9,1,1,1,2,1,1,12.203968253968254,26.99047619047619
36,10,1,1,2,2,1,5,13.147023809523809,27.05952380952381
36,11,1,1,1,2,2,4,13.261309523809524,27.133333333333333
36,12,1,1,1,2,3,5,14.109126984126984,27.45357142857143
36,13,1,1,1,2,2,5,13.302579365079366,27.335714285714285
36,14,1,1,1,2,1,1,12.203968253968254,26.99047619047619
36,15,1,1,2,2,1,5,13.147023809523809,27.05952380952381
36,16,1,1,1,2,2,3,13.244444444444445,27.116666666666667
36,17,1,1,1,3,4,1,16.05515873015873,27.47142857142857
36,18,1,1,1,2,2,3,13.244444444444445,27.116666666666667
36,19,1,1,1,2,2,4,13.261309523809524,27.133333333333333
36,20,1,1,2,2,1,5,13.147023809523809,27.05952380952381
36,21,1,1,1,1,1,1,11.083333333333334,26.614285714285714
36,22,1,1,2,2,4,5,16.252380952380953,27.577380952380953
36,23,1,1,1,2,1,5,12.071031746031746,26.92142857142857
36,24,1,1,1,2,2,4,13.261309523809524,27.133333333333333
36,25,1,1,1,2,1,1,12.203968253968254,26.99047619047619
36,26,1,1,1,2,2,5,13.302579365079366,27.335714285714285
36,27,1,1,1,2,1,5,12.071031746031746,26.92142857142857
36,28,1,1,1,2,1,1,12.203968253968254,26.99047619047619
36,29,1,1,1,2,2,5,13.302579365079366,27.335714285714285
36,30,1,1,1,2,1,5,12.071031746031746,26.92142857142857
36,31,1,1,1,3,4,1,16.05515873015873,27.47142857142857
36,32,1,1,1,2,1,1,12.203968253968254,26.99047619047619
36,33,1,1,1,2,3,5,14.109126984126984,27.45357142857143
36,34,1,1,1,2,1,5,12.071031746031746,26.92142857142857
36,35,1,1,1,2,3,5,14.109126984126984,27.45357142857143
36,36,1,1,2,2,4,5,16.252380952380953,27.577380952380953
36,37,1,1,1,2,1,5,12.071031746031746,26.92142857142857
36,38,1,1,1,3,4,1,16.05515873015873,27.47142857142857
36,39,1,1,1,2,1,5,12.071031746031746,26.92142857142857
36,40,1,1,1,2,2,5,13.302579365079366,27.335714285714285
36,41,1,1,1,2,1,5,12.071031746031746,26.92142857142857
36,42,1,1,1,2,1,1,12.203968253968254,26.99047619047619
36,43,1,1,1,2,2,5,13.302579365079366,27.335714285714285
36,44,1,1,1,2,2,5,13.302579365079366,27.335714285714285
36,45,1,1,2,2,4,5,16.252380952380953,27.577380952380953
36,46,1,1,1,1,1,1,11.083333333333334,26.614285714285714
36,47,1,1,1,2,1,5,12.071031746031746,26.92142857142857
36,48,1,1,1,2,1,5,12.071031746031746,26.92142857142857
36,49,1,1,1,2,2,3,13.244444444444445,27.116666666666667
37,0,1,1,1,1,1,1,11.083333333333334,26.614285714285714
37,1,1,1,2,2,4,5,16.252380952380953,27.577380952380953
37,2,1,1,1,1,1,1,11.083333333333334,26.614285714285714
37,3,1,1,2,2,4,5,16.252380952380953,27.577380952380953
37,4,1,1,1,2,3,5,14.109126984126984,27.45357142857143
37,5,1,1,1,3,4,1,16.05515873015873,27.47142857142857
37,6,1,1,1,2,1,5,12.071031746031746,26.92142857142857
37,7,1,1,1,2,1,5,12.071031746031746,26.92142857142857
37,8,1,1,1,2,1,1,12.203968253968254,26.99047619047619
37,9,1,1,2,2,1,5,13.147023809523809,27.05952380952381
37,10,1,1,1,2,2,6,13.26388888888889,27.32142857142857
37,11,1,1,1,2,2,4,13.261309523809524,27.133333333333333
37,12,1,1,1,2,3,5,14.109126984126984,27.45357142857143
37,13,1,1,1,2,2,5,13.302579365079366,27.335714285714285
37,14,1,1,1,2,2,5,13.302579365079366,27.335714285714285
37,15,1,1,1,2,1,1,12.203968253968254,26.99047619047619
37,16,1,1,2,2,1,5,13.147023809523809,27.05952380952381
37,17,1,1,1,2,2,3,13.244444444444445,27.116666666666667
37,18,1,1,1,3,4,1,16.05515873015873,27.47142857142857
37,19,1,1,1,2,2,3,13.244444444444445,27.116666666666667
37,20,1,1,1,2,2,4,13.261309523809524,27.133333333333333
37,21,1,1,1,2,3,5,14.109126984126984,27.45357142857143
37,22,1,1,1,2,1,5,12.071031746031746,26.92142857142857
37,23,1,1,1,2,1,1,12.203968253968254,26.99047619047619
37,24,1,1,1,1,1,1,11.083333333333334,26.614285714285714
37,25,1,1,1,2,1,5,12.071031746031746,26.92142857142857
37,26,1,1,1,2,1,1,12.203968253968254,26.99047619047619
37,27,1,1,1,2,2,5,13.302579365079366,27.335714285714285
37,28,1,1,1,2,3,5,14.109126984126984,27.45357142857143
37,29,1,1,1,3,4,1,16.05515873015873,27.47142857142857
37,30,1,1,1,2,1,5,12.071031746031746,26.92142857142857
37,31,1,1,1,2,2,5,13.302579365079366,27.335714285714285
37,32,1,1,1,2,2,3,13.244444444444445,27.116666666666667
37,33,1,1,1,1,1,1,11.083333333333334,26.614285714285714
37,34,1,1,1,2,1,1,12.203968253968254,26.99047619047619
37,35,1,1,1,2,1,5,12.071031746031746,26.92142857142857
37,36,1,1,1,2,1,5,12.071031746031746,26.92142857142857
37,37,1,1,1,2,1,5,12.071031746031746,26.92142857142857
37,38,1,1,2,2,4,5,16.252380952380953,27.577380952380953
37,39,1,1,1,1,1,1,11.083333333333334,26.614285714285714
37,40,1,1,1,1,1,1,11.083333333333334,26.614285714285714
37,41,1,1,2,2,1,5,13.147023809523809,27.05952380952381
37,42,1,1,1,2,2,5,13.302579365079366,27.335714285714285
37,43,1,1,1,2,2,4,13.261309523809524,27.133333333333333
37,44,1,1,2,2,1,5,13.147023809523809,27.05952380952381
37,45,1,1,1,1,1,1,11.083333333333334,26.614285714285714
37,46,1,1,1,2,2,5,13.302579365079366,27.335714285714285
37,47,1,1,1,2,3,5,14.109126984126984,27.45357142857143
37,48,1,1,1,2,2,5,13.302579365079366,27.335714285714285
37,49,1,1,1,2,2,5,13.302579365079366,27.335714285714285
38,0,1,1,2,2,4,5,16.252380952380953,27.577380952380953
38,1,1,1,2,2,4,5,16.252380952380953,27.577380952380953
38,2,1,1,1,1,1,1,11.083333333333334,26.614285714285714
38,3,1,1,1,1,1,1,11.083333333333334,26.614285714285714
38,4,1,1,1,2,3,5,14.109126984126984,27.45357142857143
38,5,1,1,1,3,4,1,16.05515873015873,27.47142857142857
38,6,1,1,1,2,1,5,12.071031746031746,26.92142857142857
38,7,1,1,1,2,1,5,12.071031746031746,26.92142857142857
38,8,1,1,1,2,1,1,12.203968253968254,26.99047619047619
38,9,1,1,2,2,1,5,13.147023809523809,27.05952380952381
38,10,1,1,1,2,2,6,13.26388888888889,27.32142857142857
38,11,1,1,1,2,2,4,13.261309523809524,27.133333333333333
38,12,1,1,1,2,3,5,14.109126984126984,27.45357142857143
38,13,1,1,1,2,2,5,13.302579365079366,27.335714285714285
38,14,1,1,1,2,2,5,13.302579365079366,27.335714285714285
38,15,1,1,1,2,1,1,12.203968253968254,26.99047619047619
38,16,1,1,2,2,1,5,13.147023809523809,27.05952380952381
38,17,1,1,1,2,2,3,13.244444444444445,27.116666666666667
38,18,1,1,1,3,4,1,16.05515873015873,27.47142857142857
38,19,1,1,1,2,2,3,13.244444444444445,27.116666666666667
38,20,1,1,1,2,2,4,13.261309523809524,27.133333333333333
38,21,1,1,1,2,2,4,13.261309523809524,27.133333333333333
38,22,1,1,1,2,3,5,14.109126984126984,27.45357142857143
38,23,1,1,2,2,4,5,16.252380952380953,27.577380952380953
38,24,1,1,2,2,1,5,13.147023809523809,27.05952380952381
38,25,1,1,1,2,1,5,12.071031746031746,26.92142857142857
38,26,1,1,1,2,1,5,12.071031746031746,26.92142857142857
38,27,1,1,1,2,2,4,13.261309523809524,27.133333333333333
38,28,1,1,1,2,1,1,12.203968253968254,26.99047619047619
38,29,1,1,1,2,1,5,12.071031746031746,26.92142857142857
38,30,1,1,1,1,1,1,11.083333333333334,26.614285714285714
38,31,1,1,1,2,1,5,12.071031746031746,26.92142857142857
38,32,1,1,1,2,3,5,14.109126984126984,27.45357142857143
38,33,1,1,1,2,1,5,12.071031746031746,26.92142857142857
38,34,1,1,1,2,2,5,13.302579365079366,27.335714285714285
38,35,1,1,1,2,2,5,13.302579365079366,27.335714285714285
38,36,1,1,1,2,1,5,12.071031746031746,26.92142857142857
38,37,1,1,1,2,1,5,12.071031746031746,26.92142857142857
38,38,1,1,1,2,1,1,12.203968253968254,26.99047619047619
38,39,1,1,1,2,1,1,12.203968253968254,26.99047619047619
38,40,1,1,1,1,1,1,11.083333333333334,26.614285714285714
38,41,1,1,1,2,3,5,14.109126984126984,27.45357142857143
38,42,1,1,1,2,1,5,12.071031746031746,26.92142857142857
38,43,1,1,1,2,1,5,12.071031746031746,26.92142857142857
38,44,1,1,1,2,2,3,13.244444444444445,27.116666666666667
38,45,1,1,1,2,2,5,13.302579365079366,27.335714285714285
38,46,1,1,1,2,1,5,12.071031746031746,26.92142857142857
38,47,1,1,1,1,1,1,11.083333333333334,26.614285714285714
38,48,1,1,1,2,3,5,14.109126984126984,27.45357142857143
38,49,1,1,1,2,1,5,12.071031746031746,26.92142857142857
39,0,1,1,2,2,4,5,16.252380952380953,27.577380952380953
39,1,1,1,1,1,1,1,11.083333333333334,26.614285714285714
39,2,1,1,2,2,4,5,16.252380952380953,27.577380952380953
39,3,1,1,1,1,1,1,11.083333333333334,26.614285714285714
39,4,1,1,1,2,3,5,14.109126984126984,27.45357142857143
39,5,1,1,1,3,4,1,16.05515873015873,27.47142857142857
39,6,1,1,1,2,1,5,12.071031746031746,26.92142857142857
39,7,1,1,1,2,1,5,12.071031746031746,26.92142857142857
39,8,1,1,1,2,1,1,12.203968253968254,26.99047619047619
39,9,1,1,2,2,1,5,13.147023809523809,27.05952380952381
39,10,1,1,1,2,2,6,13.26388888888889,27.32142857142857
39,11,1,1,1,2,2,4,13.261309523809524,27.133333333333333
39,12,1,1,1,2,3,5,14.109126984126984,27.45357142857143
39,13,1,1,1,2,2,5,13.302579365079366,27.335714285714285
39,14,1,1,1,2,2,5,13.302579365079366,27.335714285714285
39,15,1,1,1,2,1,1,12.203968253968254,26.99047619047619
39,16,1,1,2,2,1,5,13.147023809523809,27.05952380952381
39,17,1,1,1,2,2,3,13.244444444444445,27.116666666666667
39,18,1,1,1,3,4,1,16.05515873015873,27.47142857142857
39,19,1,1,1,2,2,3,13.244444444444445,27.116666666666667
39,20,1,1,1,2,2,4,13.261309523809524,27.133333333333333
39,21,1,1,1,2,2,6,13.26388888888889,27.32142857142857
39,22,1,1,1,1,1,1,11.083333333333334,26.614285714285714
39,23,1,1,1,2,1,1,12.203968253968254,26.99047619047619
39,24,1,1,2,2,1,5,13.147023809523809,27.05952380952381
39,25,1,1,1,2,2,4,13.261309523809524,27.133333333333333
39,26,1,1,1,2,1,5,12.071031746031746,26.92142857142857
39,27,1,1,1,2,1,5,12.071031746031746,26.92142857142857
39,28,1,1,1,2,1,1,12.203968253968254,26.99047619047619
39,29,1,1,1,2,1,5,12.071031746031746,26.92142857142857
39,30,1,1,1,2,1,5,12.071031746031746,26.92142857142857
39,31,1,1,1,2,3,5,14.109126984126984,27.45357142857143
39,32,1,1,1,2,1,5,12.071031746031746,26.92142857142857
39,33,1,1,1,1,1,1,11.083333333333334,26.614285714285714
39,34,1,1,1,2,2,3,13.244444444444445,27.116666666666667
39,35,1,1,1,2,2,5,13.302579365079366,27.335714285714285
39,36,1,1,1,1,1,1,11.083333333333334,26.614285714285714
39,37,1,1,1,2,1,5,12.071031746031746,26.92142857142857
39,38,1,1,1,2,2,4,13.261309523809524,27.133333333333333
39,39,1,1,1,2,2,5,13.302579365079366,27.335714285714285
39,40,1,1,1,2,2,5,13.302579365079366,27.335714285714285
39,41,1,1,1,2,1,5,12.071031746031746,26.92142857142857
39,42,1,1,1,1,1,1,11.083333333333334,26.614285714285714
39,43,1,1,1,2,3,5,14.109126984126984,27.45357142857143
39,44,1,1,1,2,3,5,14.109126984126984,27.45357142857143
39,45,1,1,1,2,1,5,12.071031746031746,26.92142857142857
39,46,1,1,1,2,1,5,12.071031746031746,26.92142857142857
39,47,1,1,2,2,1,5,13.147023809523809,27.05952380952381
39,48,1,1,1,2,3,5,14.109126984126984,27.45357142857143
39,49,1,1,1,2,1,5,12.071031746031746,26.92142857142857
40,0,1,1,2,2,4,5,16.252380952380953,27.577380952380953
40,1,1,1,1,1,1,1,11.083333333333334,26.614285714285714
40,2,1,1,2,2,4,5,16.252380952380953,27.577380952380953
40,3,1,1,1,1,1,1,11.083333333333334,26.614285714285714
40,4,1,1,1,2,3,5,14.109126984126984,27.45357142857143
40,5,1,1,1,3,4,1,16.05515873015873,27.47142857142857
40,6,1,1,1,2,1,5,12.071031746031746,26.92142857142857
40,7,1,1,1,2,1,5,12.071031746031746,26.92142857142857
40,8,1,1,1,2,1,1,12.203968253968254,26.99047619047619
40,9,1,1,2,2,1,5,13.147023809523809,27.05952380952381
40,10,1,1,1,2,2,6,13.26388888888889,27.32142857142857
40,11,1,1,1,2,2,4,13.261309523809524,27.133333333333333
40,12,1,1,1,2,3,5,14.109126984126984,27.45357142857143
40,13,1,1,1,2,2,5,13.302579365079366,27.335714285714285
40,14,1,1,1,2,2,5,13.302579365079366,27.335714285714285
40,15,1,1,1,2,1,1,12.203968253968254,26.99047619047619
40,16,1,1,2,2,1,5,13.147023809523809,27.05952380952381
40,17,1,1,1,2,2,3,13.244444444444445,27.116666666666667
40,18,1,1,1,3,4,1,16.05515873015873,27.47142857142857
40,19,1,1,1,2,2,3,13.244444444444445,27.116666666666667
40,20,1,1,1,2,2,4,13.261309523809524,27.133333333333333
40,21,1,1,1,2,2,6,13.26388888888889,27.32142857142857
40,22,1,1,1,2,2,5,13.302579365079366,27.335714285714285
40,23,1,1,1,2,1,5,12.071031746031746,26.92142857142857
40,24,1,1,1,1,1,1,11.083333333333334,26.614285714285714
40,25,1,1,1,2,1,1,12.203968253968254,26.99047619047619
40,26,1,1,1,2,1,1,12.203968253968254,26.99047619047619
40,27,1,1,1,2,1,5,12.071031746031746,26.92142857142857
40,28,1,1,1,2,1,5,12.071031746031746,26.92142857142857
40,29,1,1,1,2,2,5,13.302579365079366,27.335714285714285
40,30,1,1,1,2,2,5,13.302579365079366,27.335714285714285
40,31,1,1,1,2,1,5,12.071031746031746,26.92142857142857
40,32,1,1,1,1,1,1,11.083333333333334,26.614285714285714
40,33,1,1,1,2,2,5,13.302579365079366,27.335714285714285
40,34,1,1,1,2,1,5,12.071031746031746,26.92142857142857
40,35,1,1,1,2,2,5,13.302579365079366,27.335714285714285
40,36,1,1,1,2,1,5,12.071031746031746,26.92142857142857
40,37,1,1,1,2,1,5,12.071031746031746,26.92142857142857
40,38,1,1,1,2,1,5,12.071031746031746,26.92142857142857
40,39,1,1,2,2,1,5,13.147023809523809,27.05952380952381
40,40,1,1,1,2,1,5,12.071031746031746,26.92142857142857
40,41,1,1,2,2,1,5,13.147023809523809,27.05952380952381
40,42,1,1,1,2,1,5,12.071031746031746,26.92142857142857
40,43,1,1,1,2,2,5,13.302579365079366,27.335714285714285
40,44,1,1,1,2,1,5,12.071031746031746,26.92142857142857
40,45,1,1,1,2,1,5,12.071031746031746,26.92142857142857
40,46,1,1,1,2,2,4,13.261309523809524,27.133333333333333
40,47,1,1,1,1,1,1,11.083333333333334,26.614285714285714
40,48,1,1,2,2,1,5,13.147023809523809,27.05952380952381
40,49,1,1,1,2,1,5,12.071031746031746,26.92142857142857
41,0,1,1,1,1,1,1,11.083333333333334,26.614285714285714
41,1,1,1,2,2,4,5,16.252380952380953,27.577380952380953
41,2,1,1,1,1,1,1,11.083333333333334,26.614285714285714
41,3,1,1,2,2,4,5,16.252380952380953,27.577380952380953
41,4,1,1,1,2,3,5,14.109126984126984,27.45357142857143
41,5,1,1,1,3,4,1,16.05515873015873,27.47142857142857
41,6,1,1,1,2,1,5,12.071031746031746,26.92142857142857
41,7,1,1,1,2,1,5,12.071031746031746,26.92142857142857
41,8,1,1,1,2,1,1,12.203968253968254,26.99047619047619
41,9,1,1,2,2,1,5,13.147023809523809,27.05952380952381
41,10,1,1,1,2,2,6,13.26388888888889,27.32142857142857
41,11,1,1,1,2,2,4,13.261309523809524,27.133333333333333
41,12,1,1,1,2,3,5,14.109126984126984,27.45357142857143
41,13,1,1,1,2,2,5,13.302579365079366,27.335714285714285
41,14,1,1,1,2,2,5,13.302579365079366,27.335714285714285
41,15,1,1,1,2,1,1,12.203968253968254,26.99047619047619
41,16,1,1,2,2,1,5,13.147023809523809,27.05952380952381
41,17,1,1,1,2,2,3,13.244444444444445,27.116666666666667
41,18,1,1,1,3,4,1,16.05515873015873,27.47142857142857
41,19,1,1,1,2,2,3,13.244444444444445,27.116666666666667
41,20,1,1,1,2,2,4,13.261309523809524,27.133333333333333
41,21,1,1,1,2,2,6,13.26388888888889,27.32142857142857
41,22,1,1,1,2,2,4,13.261309523809524,27.133333333333333
41,23,1,1,1,2,1,5,12.071031746031746,26.92142857142857
41,24,1,1,2,2,4,5,16.252380952380953,27.577380952380953
41,25,1,1,1,2,2,6,13.26388888888889,27.32142857142857
41,26,1,1,1,1,1,1,11.083333333333334,26.614285714285714
41,27,1,1,1,2,2,3,13.244444444444445,27.116666666666667
41,28,1,1,1,2,1,5,12.071031746031746,26.92142857142857
41,29,1,1,1,2,1,5,12.071031746031746,26.92142857142857
41,30,1,1,1,2,1,5,12.071031746031746,26.92142857142857
41,31,1,1,1,1,1,1,11.083333333333334,26.614285714285714
41,32,1,1,1,2,2,5,13.302579365079366,27.335714285714285
41,33,1,1,1,2,2,3,13.244444444444445,27.116666666666667
41,34,1,1,1,1,1,1,11.083333333333334,26.614285714285714
41,35,1,1,1,2,1,5,12.071031746031746,26.92142857142857
41,36,1,1,1,2,3,5,14.109126984126984,27.45357142857143
41,37,1,1,2,2,4,5,16.252380952380953,27.577380952380953
41,38,1,1,1,2,1,1,12.203968253968254,26.99047619047619
41,39,1,1,1,2,1,5,12.071031746031746,26.92142857142857
41,40,1,1,1,1,1,1,11.083333333333334,26.614285714285714
41,41,1,1,1,2,1,1,12.203968253968254,26.99047619047619
41,42,1,1,2,2,4,5,16.252380952380953,27.577380952380953
41,43,1,1,1,2,2,5,13.302579365079366,27.335714285714285
41,44,1,1,1,2,1,5,12.071031746031746,26.92142857142857
41,45,1,1,1,2,1,5,12.071031746031746,26.92142857142857
41,46,1,1,1,2,1,5,12.071031746031746,26.92142857142857
41,47,1,1,1,2,1,1,12.203968253968254,26.99047619047619
41,48,1,1,1,1,1,1,11.083333333333334,26.614285714285714
41,49,1,1,1,2,3,5,14.109126984126984,27.45357142857143
42,0,1,1,1,1,1,1,11.083333333333334,26.614285714285714
42,1,1,1,2,2,4,5,16.252380952380953,27.577380952380953
42,2,1,1,1,1,1,1,11.083333333333334,26.614285714285714
42,3,1,1,2,2,4,5,16.252380952380953,27.577380952380953
42,4,1,1,1,2,3,5,14.109126984126984,27.45357142857143
42,5,1,1,1,3,4,1,16.05515873015873,27.47142857142857
42,6,1,1,1,2,1,5,12.071031746031746,26.92142857142857
42,7,1,1,1,2,1,5,12.071031746031746,26.92142857142857
42,8,1,1,1,2,1,1,12.203968253968254,26.99047619047619
42,9,1,1,2,2,1,5,13.147023809523809,27.05952380952381
42,10,1,1,1,2,2,6,13.26388888888889,27.32142857142857
42,11,1,1,1,2,2,4,13.261309523809524,27.133333333333333
42,12,1,1,1,2,3,5,14.109126984126984,27.45357142857143
42,13,1,1,1,2,2,5,13.302579365079366,27.335714285714285
42,14,1,1,1,2,2,5,13.302579365079366,27.335714285714285
42,15,1,1,1,2,1,1,12.203968253968254,26.99047619047619
42,16,1,1,2,2,1,5,13.147023809523809,27.05952380952381
42,17,1,1,1,2,2,3,13.244444444444445,27.116666666666667
42,18,1,1,1,3,4,1,16.05515873015873,27.47142857142857
42,19,1,1,1,2,2,3,13.244444444444445,27.116666666666667
42,20,1,1,1,2,2,4,13.261309523809524,27.133333333333333
42,21,1,1,1,2,2,6,13.26388888888889,27.32142857142857
42,22,1,1,2,2,4,5,16.252380952380953,27.577380952380953
42,23,1,1,1,2,2,3,13.244444444444445,27.116666666666667
42,24,1,1,1,2,1,5,12.071031746031746,26.92142857142857
42,25,1,1,2,2,4,5,16.252380952380953,27.577380952380953
42,26,1,1,1,2,2,6,13.26388888888889,27.32142857142857
42,27,1,1,1,2,1,1,12.203968253968254,26.99047619047619
42,28,1,1,1,2,1,5,12.071031746031746,26.92142857142857
42,29,1,1,1,1,1,1,11.083333333333334,26.614285714285714
42,30,1,1,1,2,1,5,12.071031746031746,26.92142857142857
42,31,1,1,1,2,2,5,13.302579365079366,27.335714285714285
42,32,1,1,1,1,1,1,11.083333333333334,26.614285714285714
42,33,1,1,1,1,1,1,11.083333333333334,26.614285714285714
42,34,1,1,1,2,1,5,12.071031746031746,26.92142857142857
42,35,1,1,1,2,1,5,12.071031746031746,26.92142857142857
42,36,1,1,1,1,1,1,11.083333333333334,26.614285714285714
42,37,1,1,1,2,1,1,12.203968253968254,26.99047619047619
42,38,1,1,1,2,3,5,14.109126984126984,27.45357142857143
42,39,1,1,1,2,1,5,12.071031746031746,26.92142857142857
42,40,1,1,1,2,1,1,12.203968253968254,26.99047619047619
42,41,1,1,1,2,1,5,12.071031746031746,26.92142857142857
42,42,1,1,1,1,1,1,11.083333333333334,26.614285714285714
42,43,1,1,1,2,2,3,13.244444444444445,27.116666666666667
42,44,1,1,1,2,2,3,13.244444444444445,27.116666666666667
42,45,1,1,1,2,1,5,12.071031746031746,26.92142857142857
42,46,1,1,1,2,2,5,13.302579365079366,27.335714285714285
42,47,1,1,1,2,2,5,13.302579365079366,27.335714285714285
42,48,1,1,1,2,1,1,12.203968253968254,26.99047619047619
42,49,1,1,1,2,2,5,13.302579365079366,27.335714285714285
43,0,1,1,2,2,4,5,16.252380952380953,27.577380952380953
43,1,1,1,1,1,1,1,11.083333333333334,26.614285714285714
43,2,1,1,2,2,4,5,16.252380952380953,27.577380952380953
43,3,1,1,1,1,1,1,11.083333333333334,26.614285714285714
43,4,1,1,1,2,3,5,14.109126984126984,27.45357142857143
43,5,1,1,1,3,4,1,16.05515873015873,27.47142857142857
43,6,1,1,1,2,1,5,12.071031746031746,26.92142857142857
43,7,1,1,1,2,1,5,12.071031746031746,26.92142857142857
43,8,1,1,1,2,1,1,12.203968253968254,26.99047619047619
43,9,1,1,2,2,1,5,13.147023809523809,27.05952380952381
43,10,1,1,1,2,2,6,13.26388888888889,27.32142857142857
43,11,1,1,1,2,2,4,13.261309523809524,27.133333333333333
43,12,1,1,1,2,3,5,14.109126984126984,27.45357142857143
43,13,1,1,1,2,2,5,13.302579365079366,27.335714285714285
43,14,1,1,1,2,2,5,13.302579365079366,27.335714285714285
43,15,1,1,1,2,1,1,12.203968253968254,26.99047619047619
43,16,1,1,2,2,1,5,13.147023809523809,27.05952380952381
43,17,1,1,1,2,2,3,13.244444444444445,27.116666666666667
43,18,1,1,1,3,4,1,16.05515873015873,27.47142857142857
43,19,1,1,1,2,2,3,13.244444444444445,27.116666666666667
43,20,1,1,1,2,2,4,13.261309523809524,27.133333333333333
43,21,1,1,1,2,2,6,13.26388888888889,27.32142857142857
43,22,1,1,1,1,1,1,11.083333333333334,26.614285714285714
43,23,1,1,1,2,1,5,12.071031746031746,26.92142857142857
43,24,1,1,1,2,2,3,13.244444444444445,27.116666666666667
43,25,1,1,2,2,4,5,16.252380952380953,27.577380952380953
43,26,1,1,1,3,4,1,16.05515873015873,27.47142857142857
43,27,1,1,1,2,2,3,13.244444444444445,27.116666666666667
43,28,1,1,1,1,1,1,11.083333333333334,26.614285714285714
43,29,1,1,1,2,2,6,13.26388888888889,27.32142857142857
43,30,1,1,1,1,1,1,11.083333333333334,26.614285714285714
43,31,1,1,1,2,1,5,12.071031746031746,26.92142857142857
43,32,1,1,2,2,4,5,16.252380952380953,27.577380952380953
43,33,1,1,1,2,2,3,13.244444444444445,27.116666666666667
43,34,1,1,1,2,2,3,13.244444444444445,27.116666666666667
43,35,1,1,1,2,1,5,12.071031746031746,26.92142857142857
43,36,1,1,1,2,1,1,12.203968253968254,26.99047619047619
43,37,1,1,1,2,1,5,12.071031746031746,26.92142857142857
43,38,1,1,1,2,1,1,12.203968253968254,26.99047619047619
43,39,1,1,2,2,4,5,16.252380952380953,27.577380952380953
43,40,1,1,1,2,1,1,12.203968253968254,26.99047619047619
43,41,1,1,1,2,1,5,12.071031746031746,26.92142857142857
43,42,1,1,1,2,1,5,12.071031746031746,26.92142857142857
43,43,1,1,1,1,1,1,11.083333333333334,26.614285714285714
43,44,1,1,1,2,3,5,14.109126984126984,27.45357142857143
43,45,1,1,1,2,1,1,12.203968253968254,26.99047619047619
43,46,1,1,1,2,3,5,14.109126984126984,27.45357142857143
43,47,1,1,1,2,1,1,12.203968253968254,26.99047619047619
43,48,1,1,1,2,2,5,13.302579365079366,27.335714285714285
43,49,1,1,1,2,1,5,12.071031746031746,26.92142857142857
44,0,1,1,2,2,4,5,16.252380952380953,27.577380952380953
44,1,1,1,2,2,4,5,16.252380952380953,27.577380952380953
44,2,1,1,1,1,1,1,11.083333333333334,26.614285714285714
44,3,1,1,1,1,1,1,11.083333333333334,26.614285714285714
44,4,1,1,1,2,3,5,14.109126984126984,27.45357142857143
44,5,1,1,1,3,4,1,16.05515873015873,27.47142857142857
44,6,1,1,1,2,1,5,12.071031746031746,26.92142857142857
44,7,1,1,1,2,1,5,12.071031746031746,26.92142857142857
44,8,1,1,1,1,2,3,12.269642857142857,27.047619047619047
44,9,1,1,2,2,1,5,13.147023809523809,27.05952380952381
44,10,1,1,1,2,2,6,13.26388888888889,27.32142857142857
44,11,1,1,1,2,2,4,13.261309523809524,27.133333333333333
44,12,1,1,1,2,3,5,14.109126984126984,27.45357142857143
44,13,1,1,1,2,2,5,13.302579365079366,27.335714285714285
44,14,1,1,1,2,2,5,13.302579365079366,27.335714285714285
44,15,1,1,1,2,1,1,12.203968253968254,26.99047619047619
44,16,1,1,1,2,1,1,12.203968253968254,26.99047619047619
44,17,1,1,1,2,2,3,13.244444444444445,27.116666666666667
44,18,1,1,1,3,4,1,16.05515873015873,27.47142857142857
44,19,1,1,1,2,2,3,13.244444444444445,27.116666666666667
44,20,1,1,2,2,1,5,13.147023809523809,27.05952380952381
44,21,1,1,1,2,2,4,13.261309523809524,27.133333333333333
44,22,1,1,1,2,2,6,13.26388888888889,27.32142857142857
44,23,1,1,1,2,2,5,13.302579365079366,27.335714285714285
44,24,1,1,1,2,1,5,12.071031746031746,26.92142857142857
44,25,1,1,1,2,1,1,12.203968253968254,26.99047619047619
44,26,1,1,2,2,4,5,16.252380952380953,27.577380952380953
44,27,1,1,1,2,1,1,12.203968253968254,26.99047619047619
44,28,1,1,1,2,1,5,12.071031746031746,26.92142857142857
44,29,1,1,1,2,2,3,13.244444444444445,27.116666666666667
44,30,1,1,1,3,4,1,16.05515873015873,27.47142857142857
44,31,1,1,1,2,1,5,12.071031746031746,26.92142857142857
44,32,1,1,1,2,1,5,12.071031746031746,26.92142857142857
44,33,1,1,1,2,2,6,13.26388888888889,27.32142857142857
44,34,1,1,2,2,1,5,13.147023809523809,27.05952380952381
44,35,1,1,1,2,1,5,12.071031746031746,26.92142857142857
44,36,1,1,1,2,2,3,13.244444444444445,27.116666666666667
44,37,1,1,1,2,1,1,12.203968253968254,26.99047619047619
44,38,1,1,2,2,4,5,16.252380952380953,27.577380952380953
44,39,1,1,1,2,3,5,14.109126984126984,27.45357142857143
44,40,1,1,1,2,1,5,12.071031746031746,26.92142857142857
44,41,1,1,1,2,2,6,13.26388888888889,27.32142857142857
44,42,1,1,1,2,1,5,12.071031746031746,26.92142857142857
44,43,1,1,1,2,1,5,12.071031746031746,26.92142857142857
44,44,1,1,1,1,1,1,11.083333333333334,26.614285714285714
44,45,1,1,2,2,4,5,16.252380952380953,27.577380952380953
44,46,1,1,1,2,1,1,12.203968253968254,26.99047619047619
44,47,1,1,1,2,1,1,12.203968253968254,26.99047619047619
44,48,1,1,2,2,1,5,13.147023809523809,27.05952380952381
44,49,1,1,1,1,1,1,11.083333333333334,26.614285714285714
45,0,1,1,2,2,4,5,16.252380952380953,27.577380952380953
45,1,1,1,1,1,1,1,11.083333333333334,26.614285714285714
45,2,1,1,1,1,1,1,11.083333333333334,26.614285714285714
45,3,1,1,2,2,4,5,16.252380952380953,27.577380952380953
45,4,1,1,1,2,3,5,14.109126984126984,27.45357142857143
45,5,1,1,1,3,4,1,16.05515873015873,27.47142857142857
45,6,1,1,1,2,1,5,12.071031746031746,26.92142857142857
45,7,1,1,1,2,1,5,12.071031746031746,26.92142857142857
45,8,1,1,1,1,2,3,12.269642857142857,27.047619047619047
45,9,1,1,2,2,1,5,13.147023809523809,27.05952380952381
45,10,1,1,1,2,2,6,13.26388888888889,27.32142857142857
45,11,1,1,1,2,2,4,13.261309523809524,27.133333333333333
45,12,1,1,1,2,3,5,14.109126984126984,27.45357142857143
45,13,1,1,1,2,2,5,13.302579365079366,27.335714285714285
45,14,1,1,1,2,2,5,13.302579365079366,27.335714285714285
45,15,1,1,1,2,1,1,12.203968253968254,26.99047619047619
45,16,1,1,1,2,1,1,12.203968253968254,26.99047619047619
45,17,1,1,1,2,2,3,13.244444444444445,27.116666666666667
45,18,1,1,1,3,4,1,16.05515873015873,27.47142857142857
45,19,1,1,1,2,2,3,13.244444444444445,27.116666666666667
45,20,1,1,2,2,1,5,13.147023809523809,27.05952380952381
45,21,1,1,1,1,2,3,12.269642857142857,27.047619047619047
45,22,1,1,1,2,2,4,13.261309523809524,27.133333333333333
45,23,1,1,1,2,2,6,13.26388888888889,27.32142857142857
45,24,1,1,1,2,1,1,12.203968253968254,26.99047619047619
45,25,1,1,1,2,2,5,13.302579365079366,27.335714285714285
45,26,1,1,1,2,1,1,12.203968253968254,26.99047619047619
45,27,1,1,1,2,3,5,14.109126984126984,27.45357142857143
45,28,1,1,1,1,1,1,11.083333333333334,26.614285714285714
45,29,1,1,1,2,1,5,12.071031746031746,26.92142857142857
45,30,1,1,1,2,2,6,13.26388888888889,27.32142857142857
45,31,1,1,1,3,4,1,16.05515873015873,27.47142857142857
45,32,1,1,1,2,3,5,14.109126984126984,27.45357142857143
45,33,1,1,1,2,1,5,12.071031746031746,26.92142857142857
45,34,1,1,1,2,2,5,13.302579365079366,27.335714285714285
45,35,1,1,1,2,1,5,12.071031746031746,26.92142857142857
45,36,1,1,1,2,2,5,13.302579365079366,27.335714285714285
45,37,1,1,1,1,1,1,11.083333333333334,26.614285714285714
45,38,1,1,2,2,4,5,16.252380952380953,27.577380952380953
45,39,1,1,2,2,1,5,13.147023809523809,27.05952380952381
45,40,1,1,1,2,1,5,12.071031746031746,26.92142857142857
45,41,1,1,2,2,4,5,16.252380952380953,27.577380952380953
45,42,1,1,1,2,2,5,13.302579365079366,27.335714285714285
45,43,1,1,1,2,2,6,13.26388888888889,27.32142857142857
45,44,1,1,1,2,3,5,14.109126984126984,27.45357142857143
45,45,1,1,1,2,2,5,13.302579365079366,27.335714285714285
45,46,1,1,1,1,1,1,11.083333333333334,26.614285714285714
45,47,1,1,1,1,1,1,11.083333333333334,26.614285714285714
45,48,1,1,1,2,3,5,14.109126984126984,27.45357142857143
45,49,1,1,1,2,3,5,14.109126984126984,27.45357142857143
46,0,1,1,1,1,1,1,11.083333333333334,26.614285714285714
46,1,1,1,2,2,4,5,16.252380952380953,27.577380952380953
46,2,1,1,1,1,1,1,11.083333333333334,26.614285714285714
46,3,1,1,2,2,4,5,16.252380952380953,27.577380952380953
46,4,1,1,1,2,3,5,14.109126984126984,27.45357142857143
46,5,1,1,1,3,4,1,16.05515873015873,27.47142857142857
46,6,1,1,1,2,1,5,12.071031746031746,26.92142857142857
46,7,1,1,1,2,1,5,12.071031746031746,26.92142857142857
46,8,1,1,1,1,2,3,12.269642857142857,27.047619047619047
46,9,1,1,2,2,1,5,13.147023809523809,27.05952380952381
46,10,1,1,1,2,2,6,13.26388888888889,27.32142857142857
46,11,1,1,1,2,2,4,13.261309523809524,27.133333333333333
46,12,1,1,1,2,3,5,14.109126984126984,27.45357142857143
46,13,1,1,1,2,2,5,13.302579365079366,27.335714285714285
46,14,1,1,1,2,2,5,13.302579365079366,27.335714285714285
46,15,1,1,1,2,1,1,12.203968253968254,26.99047619047619
46,16,1,1,1,2,1,1,12.203968253968254,26.99047619047619
46,17,1,1,1,2,2,3,13.244444444444445,27.116666666666667
46,18,1,1,1,3,4,1,16.05515873015873,27.47142857142857
46,19,1,1,1,2,2,3,13.244444444444445,27.116666666666667
46,20,1,1,2,2,1,5,13.147023809523809,27.05952380952381
46,21,1,1,1,1,2,3,12.269642857142857,27.047619047619047
46,22,1,1,1,2,2,4,13.261309523809524,27.133333333333333
46,23,1,1,1,2,2,6,13.26388888888889,27.32142857142857
46,24,1,1,1,2,2,6,13.26388888888889,27.32142857142857
46,25,1,1,1,2,3,5,14.109126984126984,27.45357142857143
46,26,1,1,1,2,3,5,14.109126984126984,27.45357142857143
46,27,1,1,2,2,4,5,16.252380952380953,27.577380952380953
46,28,1,1,1,2,2,5,13.302579365079366,27.335714285714285
46,29,1,1,1,2,2,3,13.244444444444445,27.116666666666667
46,30,1,1,1,2,2,5,13.302579365079366,27.335714285714285
46,31,1,1,1,1,1,1,11.083333333333334,26.614285714285714
46,32,1,1,1,1,1,1,11.083333333333334,26.614285714285714
46,33,1,1,1,1,1,1,11.083333333333334,26.614285714285714
46,34,1,1,1,2,2,5,13.302579365079366,27.335714285714285
46,35,1,1,1,2,2,5,13.302579365079366,27.335714285714285
46,36,1,1,1,2,2,5,13.302579365079366,27.335714285714285
46,37,1,1,1,2,2,5,13.302579365079366,27.335714285714285
46,38,1,1,1,1,1,1,11.083333333333334,26.614285714285714
46,39,1,1,1,2,2,5,13.302579365079366,27.335714285714285
46,40,1,1,1,2,1,5,12.071031746031746,26.92142857142857
46,41,1,1,1,2,1,1,12.203968253968254,26.99047619047619
46,42,1,1,1,2,1,1,12.203968253968254,26.99047619047619
46,43,1,1,1,3,4,1,16.05515873015873,27.47142857142857
46,44,1,1,1,3,4,1,16.05515873015873,27.47142857142857
46,45,1,1,1,1,1,1,11.083333333333334,26.614285714285714
46,46,1,1,2,2,4,5,16.252380952380953,27.577380952380953
46,47,1,1,1,2,1,5,12.071031746031746,26.92142857142857
46,48,1,1,1,2,3,5,14.109126984126984,27.45357142857143
46,49,1,1,1,2,2,5,13.302579365079366,27.335714285714285
47,0,1,1,2,2,4,5,16.252380952380953,27.577380952380953
47,1,1,1,1,1,1,1,11.083333333333334,26.614285714285714
47,2,1,1,1,1,1,1,11.083333333333334,26.614285714285714
47,3,1,1,2,2,4,5,16.252380952380953,27.577380952380953
47,4,1,1,1,2,3,5,14.109126984126984,27.45357142857143
47,5,1,1,1,3,4,1,16.05515873015873,27.47142857142857
47,6,1,1,1,2,1,5,12.071031746031746,26.92142857142857
47,7,1,1,1,2,1,5,12.071031746031746,26.92142857142857
47,8,1,1,1,1,2,3,12.269642857142857,27.047619047619047
47,9,1,1,2,2,1,5,13.147023809523809,27.05952380952381
47,10,1,1,1,2,2,6,13.26388888888889,27.32142857142857
47,11,1,1,1,2,2,4,13.261309523809524,27.133333333333333
47,12,1,1,1,2,3,5,14.109126984126984,27.45357142857143
47,13,1,1,1,2,2,5,13.302579365079366,27.335714285714285
47,14,1,1,1,2,2,5,13.302579365079366,27.335714285714285
47,15,1,1,1,2,1,1,12.203968253968254,26.99047619047619
47,16,1,1,1,2,1,1,12.203968253968254,26.99047619047619
47,17,1,1,1,2,2,3,13.244444444444445,27.116666666666667
47,18,1,1,1,3,4,1,16.05515873015873,27.47142857142857
47,19,1,1,1,2,2,3,13.244444444444445,27.116666666666667
47,20,1,1,2,2,1,5,13.147023809523809,27.05952380952381
47,21,1,1,1,1,2,3,12.269642857142857,27.047619047619047
47,22,1,1,1,2,2,4,13.261309523809524,27.133333333333333
47,23,1,1,1,2,2,6,13.26388888888889,27.32142857142857
47,24,1,1,1,2,2,4,13.261309523809524,27.133333333333333
47,25,1,1,1,2,2,3,13.244444444444445,27.116666666666667
47,26,1,1,1,3,4,1,16.05515873015873,27.47142857142857
47,27,1,1,1,2,1,1,12.203968253968254,26.99047619047619
47,28,1,1,1,2,2,5,13.302579365079366,27.335714285714285
47,29,1,1,1,2,2,6,13.26388888888889,27.32142857142857
47,30,1,1,1,1,1,1,11.083333333333334,26.614285714285714
47,31,1,1,1,3,4,1,16.05515873015873,27.47142857142857
47,32,1,1,1,2,3,5,14.109126984126984,27.45357142857143
47,33,1,1,1,2,1,5,12.071031746031746,26.92142857142857
47,34,1,1,1,2,1,5,12.071031746031746,26.92142857142857
47,35,1,1,1,2,2,5,13.302579365079366,27.335714285714285
47,36,1,1,1,1,1,1,11.083333333333334,26.614285714285714
47,37,1,1,1,2,2,5,13.302579365079366,27.335714285714285
47,38,1,1,1,1,1,1,11.083333333333334,26.614285714285714
47,39,1,1,1,2,2,5,13.302579365079366,27.335714285714285
47,40,1,1,1,2,1,1,12.203968253968254,26.99047619047619
47,41,1,1,1,2,1,1,12.203968253968254,26.99047619047619
47,42,1,1,1,2,2,3,13.244444444444445,27.116666666666667
47,43,1,1,1,2,2,5,13.302579365079366,27.335714285714285
47,44,1,1,1,2,1,5,12.071031746031746,26.92142857142857
47,45,1,1,1,2,1,5,12.071031746031746,26.92142857142857
47,46,1,1,1,2,1,5,12.071031746031746,26.92142857142857
47,47,1,1,1,3,4,1,16.05515873015873,27.47142857142857
47,48,1,1,1,2,2,5,13.302579365079366,27.335714285714285
47,49,1,1,1,2,1,1,12.203968253968254,26.99047619047619
48,0,1,1,1,1,1,1,11.083333333333334,26.614285714285714
48,1,1,1,2,2,4,5,16.252380952380953,27.577380952380953
48,2,1,1,2,2,4,5,16.252380952380953,27.577380952380953
48,3,1,1,1,1,1,1,11.083333333333334,26.614285714285714
48,4,1,1,1,2,3,5,14.109126984126984,27.45357142857143
48,5,1,1,1,3,4,1,16.05515873015873,27.47142857142857
48,6,1,1,1,2,1,5,12.071031746031746,26.92142857142857
48,7,1,1,1,2,1,5,12.071031746031746,26.92142857142857
48,8,1,1,2,2,1,5,13.147023809523809,27.05952380952381
48,9,1,1,1,1,2,3,12.269642857142857,27.047619047619047
48,10,1,1,1,2,2,6,13.26388888888889,27.32142857142857
48,11,1,1,1,2,2,4,13.261309523809524,27.133333333333333
48,12,1,1,1,2,3,5,14.109126984126984,27.45357142857143
48,13,1,1,1,2,2,5,13.302579365079366,27.335714285714285
48,14,1,1,1,2,2,5,13.302579365079366,27.335714285714285
48,15,1,1,1,2,1,1,12.203968253968254,26.99047619047619
48,16,1,1,1,2,1,1,12.203968253968254,26.99047619047619
48,17,1,1,1,2,2,3,13.244444444444445,27.116666666666667
48,18,1,1,1,3,4,1,16.05515873015873,27.47142857142857
48,19,1,1,1,2,2,3,13.244444444444445,27.116666666666667
48,20,1,1,2,2,1,5,13.147023809523809,27.05952380952381
48,21,1,1,1,1,2,3,12.269642857142857,27.047619047619047
48,22,1,1,1,2,2,4,13.261309523809524,27.133333333333333
48,23,1,1,1,2,2,6,13.26388888888889,27.32142857142857
48,24,1,1,2,2,4,5,16.252380952380953,27.577380952380953
48,25,1,1,1,2,2,3,13.244444444444445,27.116666666666667
48,26,1,1,1,2,1,1,12.203968253968254,26.99047619047619
48,27,1,1,1,1,2,3,12.269642857142857,27.047619047619047
48,28,1,1,1,2,2,5,13.302579365079366,27.335714285714285
48,29,1,1,1,2,2,3,13.244444444444445,27.116666666666667
48,30,1,1,1,2,2,3,13.244444444444445,27.116666666666667
48,31,1,1,1,2,2,4,13.261309523809524,27.133333333333333
48,32,1,1,2,2,1,5,13.147023809523809,27.05952380952381
48,33,1,1,1,2,2,5,13.302579365079366,27.335714285714285
48,34,1,1,1,2,2,3,13.244444444444445,27.116666666666667
48,35,1,1,1,2,1,5,12.071031746031746,26.92142857142857
48,36,1,1,1,2,1,5,12.071031746031746,26.92142857142857
48,37,1,1,1,3,4,1,16.05515873015873,27.47142857142857
48,38,1,1,1,2,2,6,13.26388888888889,27.32142857142857
48,39,1,1,1,2,2,5,13.302579365079366,27.335714285714285
48,40,1,1,1,2,2,5,13.302579365079366,27.335714285714285
48,41,1,1,1,2,2,5,13.302579365079366,27.335714285714285
48,42,1,1,1,2,1,1,12.203968253968254,26.99047619047619
48,43,1,1,1,2,1,1,12.203968253968254,26.99047619047619
48,44,1,1,1,2,1,5,12.071031746031746,26.92142857142857
48,45,1,1,1,2,1,5,12.071031746031746,26.92142857142857
48,46,1,1,1,1,1,1,11.083333333333334,26.614285714285714
48,47,1,1,1,3,4,1,16.05515873015873,27.47142857142857
48,48,1,1,1,3,4,1,16.05515873015873,27.47142857142857
48,49,1,1,1,3,4,1,16.05515873015873,27.47142857142857
49,0,1,1,1,1,1,1,11.083333333333334,26.614285714285714
49,1,1,1,1,1,1,1,11.083333333333334,26.614285714285714
49,2,1,1,2,2,4,5,16.252380952380953,27.577380952380953
49,3,1,1,2,2,4,5,16.252380952380953,27.577380952380953
49,4,1,1,1,2,3,5,14.109126984126984,27.45357142857143
49,5,1,1,1,3,4,1,16.05515873015873,27.47142857142857
49,6,1,1,1,2,1,5,12.071031746031746,26.92142857142857
49,7,1,1,1,2,1,5,12.071031746031746,26.92142857142857
49,8,1,1,2,2,1,5,13.147023809523809,27.05952380952381
49,9,1,1,1,1,2,3,12.269642857142857,27.047619047619047
49,10,1,1,1,2,2,6,13.26388888888889,27.32142857142857
49,11,1,1,1,2,2,4,13.261309523809524,27.133333333333333
49,12,1,1,1,2,3,5,14.109126984126984,27.45357142857143
49,13,1,1,1,2,2,5,13.302579365079366,27.335714285714285
49,14,1,1,1,2,2,5,13.302579365079366,27.335714285714285
49,15,1,1,1,2,1,1,12.203968253968254,26.99047619047619
49,16,1,1,1,2,1,1,12.203968253968254,26.99047619047619
49,17,1,1,1,2,2,3,13.244444444444445,27.116666666666667
49,18,1,1,1,3,4,1,16.05515873015873,27.47142857142857
49,19,1,1,1,2,2,3,13.244444444444445,27.116666666666667
49,20,1,1,2,2,1,5,13.147023809523809,27.05952380952381
49,21,1,1,1,1,2,3,12.269642857142857,27.047619047619047
49,22,1,1,1,2,2,4,13.261309523809524,27.133333333333333
49,23,1,1,1,2,2,6,13.26388888888889,27.32142857142857
49,24,1,1,1,1,1,1,11.083333333333334,26.614285714285714
49,25,1,1,1,2,2,4,13.261309523809524,27.133333333333333
49,26,1,1,1,2,1,1,12.203968253968254,26.99047619047619
49,27,1,1,1,2,2,3,13.244444444444445,27.116666666666667
49,28,1,1,2,2,1,5,13.147023809523809,27.05952380952381
49,29,1,1,1,1,2,3,12.269642857142857,27.047619047619047
49,30,1,1,1,2,2,5,13.302579365079366,27.335714285714285
49,31,1,1,1,1,1,1,11.083333333333334,26.614285714285714
49,32,1,1,1,2,1,5,12.071031746031746,26.92142857142857
49,33,1,1,1,3,4,1,16.05515873015873,27.47142857142857
49,34,1,1,1,2,2,5,13.302579365079366,27.335714285714285
49,35,1,1,1,2,2,3,13.244444444444445,27.116666666666667
49,36,1,1,1,2,1,1,12.203968253968254,26.99047619047619
49,37,1,1,1,2,2,3,13.244444444444445,27.116666666666667
49,38,1,1,1,2,1,5,12.071031746031746,26.92142857142857
49,39,1,1,2,2,1,5,13.147023809523809,27.05952380952381
49,40,1,1,1,2,1,1,12.203968253968254,26.99047619047619
49,41,1,1,1,1,1,1,11.083333333333334,26.614285714285714
49,42,1,1,1,2,2,5,13.302579365079366,27.335714285714285
49,43,1,1,1,2,2,4,13.261309523809524,27.133333333333333
49,44,1,1,1,2,1,5,12.071031746031746,26.92142857142857
49,45,1,1,1,2,1,5,12.071031746031746,26.92142857142857
49,46,1,1,1,2,1,5,12.071031746031746,26.92142857142857
49,47,1,1,1,3,4,1,16.05515873015873,27.47142857142857
49,48,1,1,1,2,2,5,13.302579365079366,27.335714285714285
49,49,1,1,1,2,2,5,13.302579365079366,27.335714285714285
