gen,ind,post_loading_buffer_cap,post_conveyor_buffer_cap,post_washing_buffer_cap,pre_press1_buffer_cap,pre_press2_buffer_cap,post_press12_buffer_cap,wip,throughput
0,0,10,4,5,9,2,3,35.965873015873015,27.551190476190477
0,1,4,3,3,7,5,10,28.043055555555554,27.36904761904762
0,2,4,2,3,2,5,4,22.09484126984127,27.21904761904762
0,3,3,2,10,7,5,7,33.03015873015873,27.49404761904762
0,4,4,2,8,6,5,9,30.978373015873018,27.438095238095237
0,5,1,2,5,6,3,4,23.15496031746032,27.366666666666667
0,6,7,1,4,2,1,6,20.99781746031746,26.873809523809523
0,7,9,5,9,8,4,10,41.03174603174603,27.483333333333334
0,8,2,10,1,3,2,7,24.268849206349206,27.222619047619048
0,9,10,4,2,4,3,1,28.791468253968254,27.329761904761906
0,10,9,1,1,5,9,8,31.181944444444444,27.41071428571429
0,11,2,1,8,7,5,9,29.021626984126986,27.33214285714286
0,12,3,4,8,4,3,4,27.768650793650796,27.242857142857144
0,13,8,2,10,2,9,2,36.768253968253966,27.457142857142856
0,14,10,4,1,2,2,1,24.95,26.96785714285714
0,15,7,7,2,7,5,3,34.1843253968254,27.385714285714286
0,16,9,1,3,7,6,2,32.13968253968254,27.379761904761903
0,17,2,7,10,2,4,7,31.089285714285715,27.316666666666666
0,18,8,9,6,8,5,9,42.013888888888886,27.458333333333332
0,19,6,2,7,8,5,3,33.74583333333334,27.38095238095238
0,20,3,5,9,5,8,3,35.94761904761905,27.40714285714286
0,21,3,9,10,8,10,8,45.83015873015873,27.46785714285714
0,22,5,7,1,2,7,8,28.226388888888888,27.164285714285715
0,23,3,7,3,5,9,1,33.032539682539685,27.34642857142857
0,24,7,3,4,9,2,9,31.13015873015873,27.261904761904763
0,25,6,8,2,10,6,5,38.17202380952381,27.358333333333334
0,26,2,9,6,2,5,3,30.158333333333335,27.154761904761905
0,27,6,2,3,8,1,10,26.100992063492065,26.854761904761904
0,28,9,5,8,5,6,2,38.9313492063492,27.35238095238095
0,29,10,7,3,6,3,8,35.00257936507936,27.267857142857142
0,30,8,5,2,8,2,1,30.920238095238094,27.13809523809524
0,31,7,7,5,6,7,2,37.84920634920635,27.302380952380954
0,32,10,2,5,7,10,1,39.7984126984127,27.358333333333334
0,33,1,8,5,9,2,2,31.05019841269841,27.13809523809524
0,34,9,8,6,7,3,5,39.13829365079365,27.211904761904762
0,35,5,9,10,3,7,10,39.97400793650794,27.313095238095237
0,36,10,10,3,4,10,5,42.90277777777778,27.32857142857143
0,37,5,10,5,8,10,9,44.01011904761905,27.33214285714286
0,38,10,10,2,9,6,5,43.03650793650794,27.288095238095238
0,39,7,7,8,10,10,5,47.94206349206349,27.33214285714286
0,40,5,5,9,6,1,9,32.137301587301586,27.101190476190474
0,41,5,9,8,9,3,4,40.08670634920635,27.232142857142858
0,42,5,8,5,9,10,1,42.67460317460318,27.261904761904763
0,43,9,10,3,1,3,2,32.17301587301587,26.94047619047619
0,44,10,10,5,9,3,3,43.06805555555555,27.245238095238097
0,45,10,8,3,5,1,8,33.046031746031744,26.960714285714285
0,46,7,1,9,1,10,10,33.80277777777778,26.858333333333334
0,47,5,8,9,1,5,10,33.975,26.863095238095237
0,48,9,10,8,8,3,9,43.97698412698413,27.23690476190476
0,49,8,9,7,7,7,2,44.06547619047619,27.19761904761905
1,0,10,4,5,9,2,3,35.965873015873015,27.551190476190477
1,1,4,3,3,7,5,10,28.043055555555554,27.36904761904762
1,2,3,2,10,7,5,7,33.03015873015873,27.49404761904762
1,3,4,2,8,6,5,9,30.978373015873018,27.438095238095237
1,4,1,2,5,6,3,4,23.15496031746032,27.366666666666667
1,5,7,1,4,2,1,6,20.99781746031746,26.873809523809523
1,6,3,1,1,3,1,7,15.271825396825397,26.677380952380954
1,7,4,2,3,2,5,6,22.064484126984127,27.257142857142856
1,8,6,1,5,9,3,4,30.019444444444446,27.385714285714286
1,9,4,2,3,2,5,4,22.09484126984127,27.21904761904762
1,10,9,5,9,8,4,10,41.03174603174603,27.483333333333334
1,11,2,10,1,3,2,7,24.268849206349206,27.222619047619048
1,12,10,4,2,4,3,1,28.791468253968254,27.329761904761906
1,13,9,1,1,5,9,8,31.181944444444444,27.41071428571429
1,14,2,1,8,7,5,9,29.021626984126986,27.33214285714286
1,15,8,2,10,2,9,2,36.768253968253966,27.457142857142856
1,16,6,7,5,7,5,3,35.9406746031746,27.426190476190477
1,17,10,4,1,7,2,1,30.04186507936508,27.33809523809524
1,18,1,1,4,7,1,6,20.17797619047619,26.80952380952381
1,19,4,7,1,6,7,8,31.115277777777777,27.402380952380952
1,20,8,5,2,2,2,1,25.004563492063493,27.24047619047619
1,21,3,4,5,4,3,4,25.10079365079365,27.28214285714286
1,22,3,4,8,4,3,4,27.768650793650796,27.242857142857144
1,23,2,7,10,2,4,7,31.089285714285715,27.316666666666666
1,24,8,9,6,8,5,9,42.013888888888886,27.458333333333332
1,25,3,5,9,5,8,3,35.94761904761905,27.40714285714286
1,26,3,9,10,8,10,8,45.83015873015873,27.46785714285714
1,27,8,1,3,1,3,6,22.288888888888888,27.03214285714286
1,28,10,2,2,3,2,1,24.87718253968254,27.186904761904763
1,29,9,2,3,7,5,7,32.04702380952381,27.404761904761905
1,30,10,4,1,2,2,1,24.95,26.96785714285714
1,31,9,1,3,7,6,2,32.13968253968254,27.379761904761903
1,32,5,7,1,2,7,8,28.226388888888888,27.164285714285715
1,33,7,3,4,9,2,9,31.13015873015873,27.261904761904763
1,34,2,7,9,7,6,2,36.93988095238095,27.40714285714286
1,35,2,9,1,3,2,4,23.141468253968252,27.260714285714286
1,36,9,4,1,8,3,10,31.213690476190475,27.294047619047618
1,37,9,9,1,5,3,8,33.295833333333334,27.404761904761905
1,38,7,7,2,7,5,3,34.1843253968254,27.385714285714286
1,39,6,2,7,8,5,3,33.74583333333334,27.38095238095238
1,40,3,7,3,5,9,1,33.032539682539685,27.34642857142857
1,41,2,9,6,2,5,3,30.158333333333335,27.154761904761905
1,42,6,2,3,8,1,10,26.100992063492065,26.854761904761904
1,43,3,4,9,5,5,3,32.016666666666666,27.228571428571428
1,44,5,9,9,3,7,10,38.91130952380953,27.40357142857143
1,45,8,5,2,8,2,1,30.920238095238094,27.13809523809524
1,46,7,1,8,1,5,9,27.95654761904762,27.048809523809524
1,47,10,3,5,7,10,2,40.9140873015873,27.38452380952381
1,48,8,5,2,4,9,1,33.964484126984125,27.363095238095237
1,49,7,1,4,8,3,6,29.053373015873017,27.258333333333333
2,0,10,4,5,9,2,3,35.965873015873015,27.551190476190477
2,1,4,3,3,7,5,10,28.043055555555554,27.36904761904762
2,2,3,2,10,7,5,7,33.03015873015873,27.49404761904762
2,3,4,2,8,6,5,9,30.978373015873018,27.438095238095237
2,4,1,2,5,6,3,4,23.15496031746032,27.366666666666667
2,5,7,1,4,2,1,6,20.99781746031746,26.873809523809523
2,6,3,1,1,3,1,7,15.271825396825397,26.677380952380954
2,7,4,2,3,2,5,6,22.064484126984127,27.257142857142856
2,8,6,1,5,9,3,4,30.019444444444446,27.385714285714286
2,9,1,1,4,7,1,6,20.17797619047619,26.80952380952381
2,10,2,9,1,3,2,4,23.141468253968252,27.260714285714286
2,11,4,2,3,2,5,4,22.09484126984127,27.21904761904762
2,12,9,5,9,8,4,10,41.03174603174603,27.483333333333334
2,13,2,10,1,3,2,7,24.268849206349206,27.222619047619048
2,14,10,4,2,4,3,1,28.791468253968254,27.329761904761906
2,15,9,1,1,5,9,8,31.181944444444444,27.41071428571429
2,16,2,1,8,7,5,9,29.021626984126986,27.33214285714286
2,17,8,2,10,2,9,2,36.768253968253966,27.457142857142856
2,18,6,7,5,7,5,3,35.9406746031746,27.426190476190477
2,19,10,4,1,7,2,1,30.04186507936508,27.33809523809524
2,20,4,7,1,6,7,8,31.115277777777777,27.402380952380952
2,21,8,5,2,2,2,1,25.004563492063493,27.24047619047619
2,22,3,4,5,4,3,4,25.10079365079365,27.28214285714286
2,23,3,4,8,4,3,4,27.768650793650796,27.242857142857144
2,24,2,7,10,2,4,7,31.089285714285715,27.316666666666666
2,25,8,9,6,8,5,9,42.013888888888886,27.458333333333332
2,26,3,5,9,5,8,3,35.94761904761905,27.40714285714286
2,27,3,9,10,8,10,8,45.83015873015873,27.46785714285714
2,28,8,1,3,1,3,6,22.288888888888888,27.03214285714286
2,29,10,2,2,3,2,1,24.87718253968254,27.186904761904763
2,30,9,2,3,7,5,7,32.04702380952381,27.404761904761905
2,31,7,1,4,8,3,6,29.053373015873017,27.258333333333333
2,32,10,4,1,2,2,1,24.95,26.96785714285714
2,33,9,1,3,7,6,2,32.13968253968254,27.379761904761903
2,34,5,7,1,2,7,8,28.226388888888888,27.164285714285715
2,35,7,3,4,9,2,9,31.13015873015873,27.261904761904763
2,36,2,7,9,7,6,2,36.93988095238095,27.40714285714286
2,37,9,4,1,8,3,10,31.213690476190475,27.294047619047618
2,38,9,9,1,5,3,8,33.295833333333334,27.404761904761905
2,39,7,1,8,1,5,9,27.95654761904762,27.048809523809524
2,40,7,7,2,7,5,3,34.1843253968254,27.385714285714286
2,41,6,2,7,8,5,3,33.74583333333334,27.38095238095238
2,42,3,7,3,5,9,1,33.032539682539685,27.34642857142857
2,43,2,9,6,2,5,3,30.158333333333335,27.154761904761905
2,44,6,2,3,8,1,10,26.100992063492065,26.854761904761904
2,45,3,4,9,5,5,3,32.016666666666666,27.228571428571428
2,46,5,9,9,3,7,10,38.91130952380953,27.40357142857143
2,47,8,5,2,8,2,1,30.920238095238094,27.13809523809524
2,48,10,3,5,7,10,2,40.9140873015873,27.38452380952381
2,49,8,5,2,4,9,1,33.964484126984125,27.363095238095237
3,0,10,4,5,9,2,3,35.965873015873015,27.551190476190477
3,1,4,3,3,7,5,10,28.043055555555554,27.36904761904762
3,2,3,2,10,7,5,7,33.03015873015873,27.49404761904762
3,3,4,2,8,6,5,9,30.978373015873018,27.438095238095237
3,4,1,2,5,6,3,4,23.15496031746032,27.366666666666667
3,5,7,1,4,2,1,6,20.99781746031746,26.873809523809523
3,6,3,1,1,3,1,7,15.271825396825397,26.677380952380954
3,7,4,2,3,2,5,6,22.064484126984127,27.257142857142856
3,8,6,1,5,9,3,4,30.019444444444446,27.385714285714286
3,9,1,1,4,7,1,6,20.17797619047619,26.80952380952381
3,10,2,9,1,3,2,4,23.141468253968252,27.260714285714286
3,11,4,2,3,2,5,4,22.09484126984127,27.21904761904762
3,12,9,5,9,8,4,10,41.03174603174603,27.483333333333334
3,13,2,10,1,3,2,7,24.268849206349206,27.222619047619048
3,14,10,4,2,4,3,1,28.791468253968254,27.329761904761906
3,15,9,1,1,5,9,8,31.181944444444444,27.41071428571429
3,16,2,1,8,7,5,9,29.021626984126986,27.33214285714286
3,17,8,2,10,2,9,2,36.768253968253966,27.457142857142856
3,18,6,7,5,7,5,3,35.9406746031746,27.426190476190477
3,19,10,4,1,7,2,1,30.04186507936508,27.33809523809524
3,20,4,7,1,6,7,8,31.115277777777777,27.402380952380952
3,21,8,5,2,2,2,1,25.004563492063493,27.24047619047619
3,22,3,4,5,4,3,4,25.10079365079365,27.28214285714286
3,23,3,4,8,4,3,4,27.768650793650796,27.242857142857144
3,24,2,7,10,2,4,7,31.089285714285715,27.316666666666666
3,25,8,9,6,8,5,9,42.013888888888886,27.458333333333332
3,26,3,5,9,5,8,3,35.94761904761905,27.40714285714286
3,27,3,9,10,8,10,8,45.83015873015873,27.46785714285714
3,28,8,1,3,1,3,6,22.288888888888888,27.03214285714286
3,29,10,2,2,3,2,1,24.87718253968254,27.186904761904763
3,30,9,2,3,7,5,7,32.04702380952381,27.404761904761905
3,31,7,1,4,8,3,6,29.053373015873017,27.258333333333333
3,32,10,4,1,2,2,1,24.95,26.96785714285714
3,33,9,1,3,7,6,2,32.13968253968254,27.379761904761903
3,34,5,7,1,2,7,8,28.226388888888888,27.164285714285715
3,35,7,3,4,9,2,9,31.13015873015873,27.261904761904763
3,36,2,7,9,7,6,2,36.93988095238095,27.40714285714286
3,37,9,4,1,8,3,10,31.213690476190475,27.294047619047618
3,38,9,9,1,5,3,8,33.295833333333334,27.404761904761905
3,39,7,1,8,1,5,9,27.95654761904762,27.048809523809524
3,40,7,7,2,7,5,3,34.1843253968254,27.385714285714286
3,41,6,2,7,8,5,3,33.74583333333334,27.38095238095238
3,42,3,7,3,5,9,1,33.032539682539685,27.34642857142857
3,43,2,9,6,2,5,3,30.158333333333335,27.154761904761905
3,44,6,2,3,8,1,10,26.100992063492065,26.854761904761904
3,45,3,4,9,5,5,3,32.016666666666666,27.228571428571428
3,46,5,9,9,3,7,10,38.91130952380953,27.40357142857143
3,47,8,5,2,8,2,1,30.920238095238094,27.13809523809524
3,48,10,3,5,7,10,2,40.9140873015873,27.38452380952381
3,49,8,5,2,4,9,1,33.964484126984125,27.363095238095237
4,0,10,4,5,9,2,3,35.965873015873015,27.551190476190477
4,1,4,3,3,7,5,10,28.043055555555554,27.36904761904762
4,2,3,2,10,7,5,7,33.03015873015873,27.49404761904762
4,3,4,2,8,6,5,9,30.978373015873018,27.438095238095237
4,4,1,2,5,6,3,4,23.15496031746032,27.366666666666667
4,5,7,1,4,2,1,6,20.99781746031746,26.873809523809523
4,6,3,1,1,3,1,7,15.271825396825397,26.677380952380954
4,7,4,2,3,2,5,6,22.064484126984127,27.257142857142856
4,8,6,1,5,9,3,4,30.019444444444446,27.385714285714286
4,9,1,1,4,7,1,6,20.17797619047619,26.80952380952381
4,10,2,9,1,3,2,4,23.141468253968252,27.260714285714286
4,11,4,2,3,2,5,4,22.09484126984127,27.21904761904762
4,12,9,5,9,8,4,10,41.03174603174603,27.483333333333334
4,13,2,10,1,3,2,7,24.268849206349206,27.222619047619048
4,14,10,4,2,4,3,1,28.791468253968254,27.329761904761906
4,15,9,1,1,5,9,8,31.181944444444444,27.41071428571429
4,16,2,1,8,7,5,9,29.021626984126986,27.33214285714286
4,17,8,2,10,2,9,2,36.768253968253966,27.457142857142856
4,18,6,7,5,7,5,3,35.9406746031746,27.426190476190477
4,19,10,4,1,7,2,1,30.04186507936508,27.33809523809524
4,20,4,7,1,6,7,8,31.115277777777777,27.402380952380952
4,21,8,5,2,2,2,1,25.004563492063493,27.24047619047619
4,22,3,4,5,4,3,4,25.10079365079365,27.28214285714286
4,23,3,4,8,4,3,4,27.768650793650796,27.242857142857144
4,24,2,7,10,2,4,7,31.089285714285715,27.316666666666666
4,25,8,9,6,8,5,9,42.013888888888886,27.458333333333332
4,26,3,5,9,5,8,3,35.94761904761905,27.40714285714286
4,27,3,9,10,8,10,8,45.83015873015873,27.46785714285714
4,28,8,1,3,1,3,6,22.288888888888888,27.03214285714286
4,29,10,2,2,3,2,1,24.87718253968254,27.186904761904763
4,30,9,2,3,7,5,7,32.04702380952381,27.404761904761905
4,31,7,1,4,8,3,6,29.053373015873017,27.258333333333333
4,32,10,4,1,2,2,1,24.95,26.96785714285714
4,33,9,1,3,7,6,2,32.13968253968254,27.379761904761903
4,34,5,7,1,2,7,8,28.226388888888888,27.164285714285715
4,35,7,3,4,9,2,9,31.13015873015873,27.261904761904763
4,36,2,7,9,7,6,2,36.93988095238095,27.40714285714286
4,37,9,4,1,8,3,10,31.213690476190475,27.294047619047618
4,38,9,9,1,5,3,8,33.295833333333334,27.404761904761905
4,39,7,1,8,1,5,9,27.95654761904762,27.048809523809524
4,40,7,7,2,7,5,3,34.1843253968254,27.385714285714286
4,41,6,2,7,8,5,3,33.74583333333334,27.38095238095238
4,42,3,7,3,5,9,1,33.032539682539685,27.34642857142857
4,43,2,9,6,2,5,3,30.158333333333335,27.154761904761905
4,44,6,2,3,8,1,10,26.100992063492065,26.854761904761904
4,45,3,4,9,5,5,3,32.016666666666666,27.228571428571428
4,46,5,9,9,3,7,10,38.91130952380953,27.40357142857143
4,47,8,5,2,8,2,1,30.920238095238094,27.13809523809524
4,48,10,3,5,7,10,2,40.9140873015873,27.38452380952381
4,49,8,5,2,4,9,1,33.964484126984125,27.363095238095237
5,0,10,4,5,9,2,3,35.965873015873015,27.551190476190477
5,1,4,3,3,7,5,10,28.043055555555554,27.36904761904762
5,2,3,2,10,7,5,7,33.03015873015873,27.49404761904762
5,3,4,2,8,6,5,9,30.978373015873018,27.438095238095237
5,4,1,2,5,6,3,4,23.15496031746032,27.366666666666667
5,5,7,1,4,2,1,6,20.99781746031746,26.873809523809523
5,6,3,1,1,3,1,7,15.271825396825397,26.677380952380954
5,7,4,2,3,2,5,6,22.064484126984127,27.257142857142856
5,8,6,1,5,9,3,4,30.019444444444446,27.385714285714286
5,9,1,1,4,7,1,6,20.17797619047619,26.80952380952381
5,10,2,9,1,3,2,4,23.141468253968252,27.260714285714286
5,11,4,2,3,2,5,4,22.09484126984127,27.21904761904762
5,12,9,5,9,8,4,10,41.03174603174603,27.483333333333334
5,13,2,10,1,3,2,7,24.268849206349206,27.222619047619048
5,14,10,4,2,4,3,1,28.791468253968254,27.329761904761906
5,15,9,1,1,5,9,8,31.181944444444444,27.41071428571429
5,16,2,1,8,7,5,9,29.021626984126986,27.33214285714286
5,17,8,2,10,2,9,2,36.768253968253966,27.457142857142856
5,18,6,7,5,7,5,3,35.9406746031746,27.426190476190477
5,19,10,4,1,7,2,1,30.04186507936508,27.33809523809524
5,20,4,7,1,6,7,8,31.115277777777777,27.402380952380952
5,21,8,5,2,2,2,1,25.004563492063493,27.24047619047619
5,22,3,4,5,4,3,4,25.10079365079365,27.28214285714286
5,23,3,4,8,4,3,4,27.768650793650796,27.242857142857144
5,24,2,7,10,2,4,7,31.089285714285715,27.316666666666666
5,25,8,9,6,8,5,9,42.013888888888886,27.458333333333332
5,26,3,5,9,5,8,3,35.94761904761905,27.40714285714286
5,27,3,9,10,8,10,8,45.83015873015873,27.46785714285714
5,28,8,1,3,1,3,6,22.288888888888888,27.03214285714286
5,29,10,2,2,3,2,1,24.87718253968254,27.186904761904763
5,30,9,2,3,7,5,7,32.04702380952381,27.404761904761905
5,31,7,1,4,8,3,6,29.053373015873017,27.258333333333333
5,32,10,4,1,2,2,1,24.95,26.96785714285714
5,33,9,1,3,7,6,2,32.13968253968254,27.379761904761903
5,34,5,7,1,2,7,8,28.226388888888888,27.164285714285715
5,35,7,3,4,9,2,9,31.13015873015873,27.261904761904763
5,36,2,7,9,7,6,2,36.93988095238095,27.40714285714286
5,37,9,4,1,8,3,10,31.213690476190475,27.294047619047618
5,38,9,9,1,5,3,8,33.295833333333334,27.404761904761905
5,39,7,1,8,1,5,9,27.95654761904762,27.048809523809524
5,40,7,7,2,7,5,3,34.1843253968254,27.385714285714286
5,41,6,2,7,8,5,3,33.74583333333334,27.38095238095238
5,42,3,7,3,5,9,1,33.032539682539685,27.34642857142857
5,43,2,9,6,2,5,3,30.158333333333335,27.154761904761905
5,44,6,2,3,8,1,10,26.100992063492065,26.854761904761904
5,45,3,4,9,5,5,3,32.016666666666666,27.228571428571428
5,46,5,9,9,3,7,10,38.91130952380953,27.40357142857143
5,47,8,5,2,8,2,1,30.920238095238094,27.13809523809524
5,48,10,3,5,7,10,2,40.9140873015873,27.38452380952381
5,49,8,5,2,4,9,1,33.964484126984125,27.363095238095237
6,0,10,4,5,9,2,3,35.965873015873015,27.551190476190477
6,1,4,3,3,7,5,10,28.043055555555554,27.36904761904762
6,2,3,2,10,7,5,7,33.03015873015873,27.49404761904762
6,3,4,2,8,6,5,9,30.978373015873018,27.438095238095237
6,4,1,2,5,6,3,4,23.15496031746032,27.366666666666667
6,5,7,1,4,2,1,6,20.99781746031746,26.873809523809523
6,6,3,1,1,3,1,7,15.271825396825397,26.677380952380954
6,7,4,2,3,2,5,6,22.064484126984127,27.257142857142856
6,8,6,1,5,9,3,4,30.019444444444446,27.385714285714286
6,9,1,1,4,7,1,6,20.17797619047619,26.80952380952381
6,10,2,9,1,3,2,4,23.141468253968252,27.260714285714286
6,11,4,2,3,2,5,4,22.09484126984127,27.21904761904762
6,12,9,5,9,8,4,10,41.03174603174603,27.483333333333334
6,13,2,10,1,3,2,7,24.268849206349206,27.222619047619048
6,14,10,4,2,4,3,1,28.791468253968254,27.329761904761906
6,15,9,1,1,5,9,8,31.181944444444444,27.41071428571429
6,16,2,1,8,7,5,9,29.021626984126986,27.33214285714286
6,17,8,2,10,2,9,2,36.768253968253966,27.457142857142856
6,18,6,7,5,7,5,3,35.9406746031746,27.426190476190477
6,19,10,4,1,7,2,1,30.04186507936508,27.33809523809524
6,20,4,7,1,6,7,8,31.115277777777777,27.402380952380952
6,21,8,5,2,2,2,1,25.004563492063493,27.24047619047619
6,22,3,4,5,4,3,4,25.10079365079365,27.28214285714286
6,23,3,4,8,4,3,4,27.768650793650796,27.242857142857144
6,24,2,7,10,2,4,7,31.089285714285715,27.316666666666666
6,25,8,9,6,8,5,9,42.013888888888886,27.458333333333332
6,26,3,5,9,5,8,3,35.94761904761905,27.40714285714286
6,27,3,9,10,8,10,8,45.83015873015873,27.46785714285714
6,28,8,1,3,1,3,6,22.288888888888888,27.03214285714286
6,29,10,2,2,3,2,1,24.87718253968254,27.186904761904763
6,30,9,2,3,7,5,7,32.04702380952381,27.404761904761905
6,31,7,1,4,8,3,6,29.053373015873017,27.258333333333333
6,32,10,4,1,2,2,1,24.95,26.96785714285714
6,33,9,1,3,7,6,2,32.13968253968254,27.379761904761903
6,34,5,7,1,2,7,8,28.226388888888888,27.164285714285715
6,35,7,3,4,9,2,9,31.13015873015873,27.261904761904763
6,36,2,7,9,7,6,2,36.93988095238095,27.40714285714286
6,37,9,4,1,8,3,10,31.213690476190475,27.294047619047618
6,38,9,9,1,5,3,8,33.295833333333334,27.404761904761905
6,39,7,1,8,1,5,9,27.95654761904762,27.048809523809524
6,40,7,7,2,7,5,3,34.1843253968254,27.385714285714286
6,41,6,2,7,8,5,3,33.74583333333334,27.38095238095238
6,42,3,7,3,5,9,1,33.032539682539685,27.34642857142857
6,43,2,9,6,2,5,3,30.158333333333335,27.154761904761905
6,44,6,2,3,8,1,10,26.100992063492065,26.854761904761904
6,45,3,4,9,5,5,3,32.016666666666666,27.228571428571428
6,46,5,9,9,3,7,10,38.91130952380953,27.40357142857143
6,47,8,5,2,8,2,1,30.920238095238094,27.13809523809524
6,48,10,3,5,7,10,2,40.9140873015873,27.38452380952381
6,49,8,5,2,4,9,1,33.964484126984125,27.363095238095237
7,0,10,4,5,9,2,3,35.965873015873015,27.551190476190477
7,1,4,3,3,7,5,10,28.043055555555554,27.36904761904762
7,2,3,2,10,7,5,7,33.03015873015873,27.49404761904762
7,3,4,2,8,6,5,9,30.978373015873018,27.438095238095237
7,4,1,2,5,6,3,4,23.15496031746032,27.366666666666667
7,5,7,1,4,2,1,6,20.99781746031746,26.873809523809523
7,6,3,1,1,3,1,7,15.271825396825397,26.677380952380954
7,7,4,2,3,2,5,6,22.064484126984127,27.257142857142856
7,8,6,1,5,9,3,4,30.019444444444446,27.385714285714286
7,9,1,1,4,7,1,6,20.17797619047619,26.80952380952381
7,10,2,9,1,3,2,4,23.141468253968252,27.260714285714286
7,11,4,2,3,2,5,4,22.09484126984127,27.21904761904762
7,12,9,5,9,8,4,10,41.03174603174603,27.483333333333334
7,13,2,10,1,3,2,7,24.268849206349206,27.222619047619048
7,14,10,4,2,4,3,1,28.791468253968254,27.329761904761906
7,15,9,1,1,5,9,8,31.181944444444444,27.41071428571429
7,16,2,1,8,7,5,9,29.021626984126986,27.33214285714286
7,17,8,2,10,2,9,2,36.768253968253966,27.457142857142856
7,18,6,7,5,7,5,3,35.9406746031746,27.426190476190477
7,19,10,4,1,7,2,1,30.04186507936508,27.33809523809524
7,20,4,7,1,6,7,8,31.115277777777777,27.402380952380952
7,21,8,5,2,2,2,1,25.004563492063493,27.24047619047619
7,22,3,4,5,4,3,4,25.10079365079365,27.28214285714286
7,23,3,4,8,4,3,4,27.768650793650796,27.242857142857144
7,24,2,7,10,2,4,7,31.089285714285715,27.316666666666666
7,25,8,9,6,8,5,9,42.013888888888886,27.458333333333332
7,26,3,5,9,5,8,3,35.94761904761905,27.40714285714286
7,27,3,9,10,8,10,8,45.83015873015873,27.46785714285714
7,28,8,1,3,1,3,6,22.288888888888888,27.03214285714286
7,29,10,2,2,3,2,1,24.87718253968254,27.186904761904763
7,30,9,2,3,7,5,7,32.04702380952381,27.404761904761905
7,31,7,1,4,8,3,6,29.053373015873017,27.258333333333333
7,32,10,4,1,2,2,1,24.95,26.96785714285714
7,33,9,1,3,7,6,2,32.13968253968254,27.379761904761903
7,34,5,7,1,2,7,8,28.226388888888888,27.164285714285715
7,35,7,3,4,9,2,9,31.13015873015873,27.261904761904763
7,36,2,7,9,7,6,2,36.93988095238095,27.40714285714286
7,37,9,4,1,8,3,10,31.213690476190475,27.294047619047618
7,38,9,9,1,5,3,8,33.295833333333334,27.404761904761905
7,39,7,1,8,1,5,9,27.95654761904762,27.048809523809524
7,40,7,7,2,7,5,3,34.1843253968254,27.385714285714286
7,41,6,2,7,8,5,3,33.74583333333334,27.38095238095238
7,42,3,7,3,5,9,1,33.032539682539685,27.34642857142857
7,43,2,9,6,2,5,3,30.158333333333335,27.154761904761905
7,44,6,2,3,8,1,10,26.100992063492065,26.854761904761904
7,45,3,4,9,5,5,3,32.016666666666666,27.228571428571428
7,46,5,9,9,3,7,10,38.91130952380953,27.40357142857143
7,47,8,5,2,8,2,1,30.920238095238094,27.13809523809524
7,48,10,3,5,7,10,2,40.9140873015873,27.38452380952381
7,49,8,5,2,4,9,1,33.964484126984125,27.363095238095237
8,0,10,4,5,9,2,3,35.965873015873015,27.551190476190477
8,1,4,3,3,7,5,10,28.043055555555554,27.36904761904762
8,2,3,2,10,7,5,7,33.03015873015873,27.49404761904762
8,3,4,2,8,6,5,9,30.978373015873018,27.438095238095237
8,4,1,2,5,6,3,4,23.15496031746032,27.366666666666667
8,5,7,1,4,2,1,6,20.99781746031746,26.873809523809523
8,6,3,1,1,3,1,7,15.271825396825397,26.677380952380954
8,7,4,2,3,2,5,6,22.064484126984127,27.257142857142856
8,8,6,1,5,9,3,4,30.019444444444446,27.385714285714286
8,9,1,1,4,7,1,6,20.17797619047619,26.80952380952381
8,10,2,9,1,3,2,4,23.141468253968252,27.260714285714286
8,11,4,2,3,2,5,4,22.09484126984127,27.21904761904762
8,12,9,5,9,8,4,10,41.03174603174603,27.483333333333334
8,13,2,10,1,3,2,7,24.268849206349206,27.222619047619048
8,14,10,4,2,4,3,1,28.791468253968254,27.329761904761906
8,15,9,1,1,5,9,8,31.181944444444444,27.41071428571429
8,16,2,1,8,7,5,9,29.021626984126986,27.33214285714286
8,17,8,2,10,2,9,2,36.768253968253966,27.457142857142856
8,18,6,7,5,7,5,3,35.9406746031746,27.426190476190477
8,19,10,4,1,7,2,1,30.04186507936508,27.33809523809524
8,20,4,7,1,6,7,8,31.115277777777777,27.402380952380952
8,21,8,5,2,2,2,1,25.004563492063493,27.24047619047619
8,22,3,4,5,4,3,4,25.10079365079365,27.28214285714286
8,23,3,4,8,4,3,4,27.768650793650796,27.242857142857144
8,24,2,7,10,2,4,7,31.089285714285715,27.316666666666666
8,25,8,9,6,8,5,9,42.013888888888886,27.458333333333332
8,26,3,5,9,5,8,3,35.94761904761905,27.40714285714286
8,27,3,9,10,8,10,8,45.83015873015873,27.46785714285714
8,28,8,1,3,1,3,6,22.288888888888888,27.03214285714286
8,29,10,2,2,3,2,1,24.87718253968254,27.186904761904763
8,30,9,2,3,7,5,7,32.04702380952381,27.404761904761905
8,31,7,1,4,8,3,6,29.053373015873017,27.258333333333333
8,32,10,4,1,2,2,1,24.95,26.96785714285714
8,33,9,1,3,7,6,2,32.13968253968254,27.379761904761903
8,34,5,7,1,2,7,8,28.226388888888888,27.164285714285715
8,35,7,3,4,9,2,9,31.13015873015873,27.261904761904763
8,36,2,7,9,7,6,2,36.93988095238095,27.40714285714286
8,37,9,4,1,8,3,10,31.213690476190475,27.294047619047618
8,38,9,9,1,5,3,8,33.295833333333334,27.404761904761905
8,39,7,1,8,1,5,9,27.95654761904762,27.048809523809524
8,40,7,7,2,7,5,3,34.1843253968254,27.385714285714286
8,41,6,2,7,8,5,3,33.74583333333334,27.38095238095238
8,42,3,7,3,5,9,1,33.032539682539685,27.34642857142857
8,43,2,9,6,2,5,3,30.158333333333335,27.154761904761905
8,44,6,2,3,8,1,10,26.100992063492065,26.854761904761904
8,45,3,4,9,5,5,3,32.016666666666666,27.228571428571428
8,46,5,9,9,3,7,10,38.91130952380953,27.40357142857143
8,47,8,5,2,8,2,1,30.920238095238094,27.13809523809524
8,48,10,3,5,7,10,2,40.9140873015873,27.38452380952381
8,49,8,5,2,4,9,1,33.964484126984125,27.363095238095237
9,0,10,4,5,9,2,3,35.965873015873015,27.551190476190477
9,1,4,3,3,7,5,10,28.043055555555554,27.36904761904762
9,2,3,2,10,7,5,7,33.03015873015873,27.49404761904762
9,3,4,2,8,6,5,9,30.978373015873018,27.438095238095237
9,4,1,2,5,6,3,4,23.15496031746032,27.366666666666667
9,5,7,1,4,2,1,6,20.99781746031746,26.873809523809523
9,6,3,1,1,3,1,7,15.271825396825397,26.677380952380954
9,7,4,2,3,2,5,6,22.064484126984127,27.257142857142856
9,8,6,1,5,9,3,4,30.019444444444446,27.385714285714286
9,9,1,1,4,7,1,6,20.17797619047619,26.80952380952381
9,10,2,9,1,3,2,4,23.141468253968252,27.260714285714286
9,11,4,2,3,2,5,4,22.09484126984127,27.21904761904762
9,12,9,5,9,8,4,10,41.03174603174603,27.483333333333334
9,13,2,10,1,3,2,7,24.268849206349206,27.222619047619048
9,14,10,4,2,4,3,1,28.791468253968254,27.329761904761906
9,15,9,1,1,5,9,8,31.181944444444444,27.41071428571429
9,16,2,1,8,7,5,9,29.021626984126986,27.33214285714286
9,17,8,2,10,2,9,2,36.768253968253966,27.457142857142856
9,18,6,7,5,7,5,3,35.9406746031746,27.426190476190477
9,19,10,4,1,7,2,1,30.04186507936508,27.33809523809524
9,20,4,7,1,6,7,8,31.115277777777777,27.402380952380952
9,21,8,5,2,2,2,1,25.004563492063493,27.24047619047619
9,22,3,4,5,4,3,4,25.10079365079365,27.28214285714286
9,23,3,4,8,4,3,4,27.768650793650796,27.242857142857144
9,24,2,7,10,2,4,7,31.089285714285715,27.316666666666666
9,25,8,9,6,8,5,9,42.013888888888886,27.458333333333332
9,26,3,5,9,5,8,3,35.94761904761905,27.40714285714286
9,27,3,9,10,8,10,8,45.83015873015873,27.46785714285714
9,28,8,1,3,1,3,6,22.288888888888888,27.03214285714286
9,29,10,2,2,3,2,1,24.87718253968254,27.186904761904763
9,30,9,2,3,7,5,7,32.04702380952381,27.404761904761905
9,31,7,1,4,8,3,6,29.053373015873017,27.258333333333333
9,32,10,4,1,2,2,1,24.95,26.96785714285714
9,33,9,1,3,7,6,2,32.13968253968254,27.379761904761903
9,34,5,7,1,2,7,8,28.226388888888888,27.164285714285715
9,35,7,3,4,9,2,9,31.13015873015873,27.261904761904763
9,36,2,7,9,7,6,2,36.93988095238095,27.40714285714286
9,37,9,4,1,8,3,10,31.213690476190475,27.294047619047618
9,38,9,9,1,5,3,8,33.295833333333334,27.404761904761905
9,39,7,1,8,1,5,9,27.95654761904762,27.048809523809524
9,40,7,7,2,7,5,3,34.1843253968254,27.385714285714286
9,41,6,2,7,8,5,3,33.74583333333334,27.38095238095238
9,42,3,7,3,5,9,1,33.032539682539685,27.34642857142857
9,43,2,9,6,2,5,3,30.158333333333335,27.154761904761905
9,44,6,2,3,8,1,10,26.100992063492065,26.854761904761904
9,45,3,4,9,5,5,3,32.016666666666666,27.228571428571428
9,46,5,9,9,3,7,10,38.91130952380953,27.40357142857143
9,47,8,5,2,8,2,1,30.920238095238094,27.13809523809524
9,48,10,3,5,7,10,2,40.9140873015873,27.38452380952381
9,49,8,5,2,4,9,1,33.964484126984125,27.363095238095237
10,0,10,4,5,9,2,3,35.965873015873015,27.551190476190477
10,1,4,3,3,7,5,10,28.043055555555554,27.36904761904762
10,2,3,2,10,7,5,7,33.03015873015873,27.49404761904762
10,3,4,2,8,6,5,9,30.978373015873018,27.438095238095237
10,4,1,2,5,6,3,4,23.15496031746032,27.366666666666667
10,5,7,1,4,2,1,6,20.99781746031746,26.873809523809523
10,6,3,1,1,3,1,7,15.271825396825397,26.677380952380954
10,7,4,2,3,2,5,6,22.064484126984127,27.257142857142856
10,8,6,1,5,9,3,4,30.019444444444446,27.385714285714286
10,9,1,1,4,7,1,6,20.17797619047619,26.80952380952381
10,10,2,9,1,3,2,4,23.141468253968252,27.260714285714286
10,11,4,2,3,2,5,4,22.09484126984127,27.21904761904762
10,12,9,5,9,8,4,10,41.03174603174603,27.483333333333334
10,13,2,10,1,3,2,7,24.268849206349206,27.222619047619048
10,14,10,4,2,4,3,1,28.791468253968254,27.329761904761906
10,15,9,1,1,5,9,8,31.181944444444444,27.41071428571429
10,16,2,1,8,7,5,9,29.021626984126986,27.33214285714286
10,17,8,2,10,2,9,2,36.768253968253966,27.457142857142856
10,18,6,7,5,7,5,3,35.9406746031746,27.426190476190477
10,19,10,4,1,7,2,1,30.04186507936508,27.33809523809524
10,20,4,7,1,6,7,8,31.115277777777777,27.402380952380952
10,21,8,5,2,2,2,1,25.004563492063493,27.24047619047619
10,22,3,4,5,4,3,4,25.10079365079365,27.28214285714286
10,23,3,4,8,4,3,4,27.768650793650796,27.242857142857144
10,24,2,7,10,2,4,7,31.089285714285715,27.316666666666666
10,25,8,9,6,8,5,9,42.013888888888886,27.458333333333332
10,26,3,5,9,5,8,3,35.94761904761905,27.40714285714286
10,27,3,9,10,8,10,8,45.83015873015873,27.46785714285714
10,28,8,1,3,1,3,6,22.288888888888888,27.03214285714286
10,29,10,2,2,3,2,1,24.87718253968254,27.186904761904763
10,30,9,2,3,7,5,7,32.04702380952381,27.404761904761905
10,31,7,1,4,8,3,6,29.053373015873017,27.258333333333333
10,32,10,4,1,2,2,1,24.95,26.96785714285714
10,33,9,1,3,7,6,2,32.13968253968254,27.379761904761903
10,34,5,7,1,2,7,8,28.226388888888888,27.164285714285715
10,35,7,3,4,9,2,9,31.13015873015873,27.261904761904763
10,36,2,7,9,7,6,2,36.93988095238095,27.40714285714286
10,37,9,4,1,8,3,10,31.213690476190475,27.294047619047618
10,38,9,9,1,5,3,8,33.295833333333334,27.404761904761905
10,39,7,1,8,1,5,9,27.95654761904762,27.048809523809524
10,40,7,7,2,7,5,3,34.1843253968254,27.385714285714286
10,41,6,2,7,8,5,3,33.74583333333334,27.38095238095238
10,42,3,7,3,5,9,1,33.032539682539685,27.34642857142857
10,43,2,9,6,2,5,3,30.158333333333335,27.154761904761905
10,44,6,2,3,8,1,10,26.100992063492065,26.854761904761904
10,45,3,4,9,5,5,3,32.016666666666666,27.228571428571428
10,46,5,9,9,3,7,10,38.91130952380953,27.40357142857143
10,47,8,5,2,8,2,1,30.920238095238094,27.13809523809524
10,48,10,3,5,7,10,2,40.9140873015873,27.38452380952381
10,49,8,5,2,4,9,1,33.964484126984125,27.363095238095237
11,0,10,4,5,9,2,3,35.965873015873015,27.551190476190477
11,1,4,3,3,7,5,10,28.043055555555554,27.36904761904762
11,2,3,2,10,7,5,7,33.03015873015873,27.49404761904762
11,3,4,2,8,6,5,9,30.978373015873018,27.438095238095237
11,4,1,2,5,6,3,4,23.15496031746032,27.366666666666667
11,5,7,1,4,2,1,6,20.99781746031746,26.873809523809523
11,6,3,1,1,3,1,7,15.271825396825397,26.677380952380954
11,7,4,2,3,2,5,6,22.064484126984127,27.257142857142856
11,8,6,1,5,9,3,4,30.019444444444446,27.385714285714286
11,9,1,1,4,7,1,6,20.17797619047619,26.80952380952381
11,10,2,9,1,3,2,4,23.141468253968252,27.260714285714286
11,11,4,2,3,2,5,4,22.09484126984127,27.21904761904762
11,12,9,5,9,8,4,10,41.03174603174603,27.483333333333334
11,13,2,10,1,3,2,7,24.268849206349206,27.222619047619048
11,14,10,4,2,4,3,1,28.791468253968254,27.329761904761906
11,15,9,1,1,5,9,8,31.181944444444444,27.41071428571429
11,16,2,1,8,7,5,9,29.021626984126986,27.33214285714286
11,17,8,2,10,2,9,2,36.768253968253966,27.457142857142856
11,18,6,7,5,7,5,3,35.9406746031746,27.426190476190477
11,19,10,4,1,7,2,1,30.04186507936508,27.33809523809524
11,20,4,7,1,6,7,8,31.115277777777777,27.402380952380952
11,21,8,5,2,2,2,1,25.004563492063493,27.24047619047619
11,22,3,4,5,4,3,4,25.10079365079365,27.28214285714286
11,23,3,4,8,4,3,4,27.768650793650796,27.242857142857144
11,24,2,7,10,2,4,7,31.089285714285715,27.316666666666666
11,25,8,9,6,8,5,9,42.013888888888886,27.458333333333332
11,26,3,5,9,5,8,3,35.94761904761905,27.40714285714286
11,27,3,9,10,8,10,8,45.83015873015873,27.46785714285714
11,28,8,1,3,1,3,6,22.288888888888888,27.03214285714286
11,29,10,2,2,3,2,1,24.87718253968254,27.186904761904763
11,30,9,2,3,7,5,7,32.04702380952381,27.404761904761905
11,31,7,1,4,8,3,6,29.053373015873017,27.258333333333333
11,32,10,4,1,2,2,1,24.95,26.96785714285714
11,33,9,1,3,7,6,2,32.13968253968254,27.379761904761903
11,34,5,7,1,2,7,8,28.226388888888888,27.164285714285715
11,35,7,3,4,9,2,9,31.13015873015873,27.261904761904763
11,36,2,7,9,7,6,2,36.93988095238095,27.40714285714286
11,37,9,4,1,8,3,10,31.213690476190475,27.294047619047618
11,38,9,9,1,5,3,8,33.295833333333334,27.404761904761905
11,39,7,1,8,1,5,9,27.95654761904762,27.048809523809524
11,40,7,7,2,7,5,3,34.1843253968254,27.385714285714286
11,41,6,2,7,8,5,3,33.74583333333334,27.38095238095238
11,42,3,7,3,5,9,1,33.032539682539685,27.34642857142857
11,43,2,9,6,2,5,3,30.158333333333335,27.154761904761905
11,44,6,2,3,8,1,10,26.100992063492065,26.854761904761904
11,45,3,4,9,5,5,3,32.016666666666666,27.228571428571428
11,46,5,9,9,3,7,10,38.91130952380953,27.40357142857143
11,47,8,5,2,8,2,1,30.920238095238094,27.13809523809524
11,48,10,3,5,7,10,2,40.9140873015873,27.38452380952381
11,49,8,5,2,4,9,1,33.964484126984125,27.363095238095237
12,0,10,4,5,9,2,3,35.965873015873015,27.551190476190477
12,1,4,3,3,7,5,10,28.043055555555554,27.36904761904762
12,2,3,2,10,7,5,7,33.03015873015873,27.49404761904762
12,3,4,2,8,6,5,9,30.978373015873018,27.438095238095237
12,4,1,2,5,6,3,4,23.15496031746032,27.366666666666667
12,5,7,1,4,2,1,6,20.99781746031746,26.873809523809523
12,6,3,1,1,3,1,7,15.271825396825397,26.677380952380954
12,7,4,2,3,2,5,6,22.064484126984127,27.257142857142856
12,8,6,1,5,9,3,4,30.019444444444446,27.385714285714286
12,9,1,1,4,7,1,6,20.17797619047619,26.80952380952381
12,10,2,9,1,3,2,4,23.141468253968252,27.260714285714286
12,11,4,2,3,2,5,4,22.09484126984127,27.21904761904762
12,12,9,5,9,8,4,10,41.03174603174603,27.483333333333334
12,13,2,10,1,3,2,7,24.268849206349206,27.222619047619048
12,14,10,4,2,4,3,1,28.791468253968254,27.329761904761906
12,15,9,1,1,5,9,8,31.181944444444444,27.41071428571429
12,16,2,1,8,7,5,9,29.021626984126986,27.33214285714286
12,17,8,2,10,2,9,2,36.768253968253966,27.457142857142856
12,18,6,7,5,7,5,3,35.9406746031746,27.426190476190477
12,19,10,4,1,7,2,1,30.04186507936508,27.33809523809524
12,20,4,7,1,6,7,8,31.115277777777777,27.402380952380952
12,21,8,5,2,2,2,1,25.004563492063493,27.24047619047619
12,22,3,4,5,4,3,4,25.10079365079365,27.28214285714286
12,23,3,4,8,4,3,4,27.768650793650796,27.242857142857144
12,24,2,7,10,2,4,7,31.089285714285715,27.316666666666666
12,25,8,9,6,8,5,9,42.013888888888886,27.458333333333332
12,26,3,5,9,5,8,3,35.94761904761905,27.40714285714286
12,27,3,9,10,8,10,8,45.83015873015873,27.46785714285714
12,28,8,1,3,1,3,6,22.288888888888888,27.03214285714286
12,29,10,2,2,3,2,1,24.87718253968254,27.186904761904763
12,30,9,2,3,7,5,7,32.04702380952381,27.404761904761905
12,31,7,1,4,8,3,6,29.053373015873017,27.258333333333333
12,32,10,4,1,2,2,1,24.95,26.96785714285714
12,33,9,1,3,7,6,2,32.13968253968254,27.379761904761903
12,34,5,7,1,2,7,8,28.226388888888888,27.164285714285715
12,35,7,3,4,9,2,9,31.13015873015873,27.261904761904763
12,36,2,7,9,7,6,2,36.93988095238095,27.40714285714286
12,37,9,4,1,8,3,10,31.213690476190475,27.294047619047618
12,38,9,9,1,5,3,8,33.295833333333334,27.404761904761905
12,39,7,1,8,1,5,9,27.95654761904762,27.048809523809524
12,40,7,7,2,7,5,3,34.1843253968254,27.385714285714286
12,41,6,2,7,8,5,3,33.74583333333334,27.38095238095238
12,42,3,7,3,5,9,1,33.032539682539685,27.34642857142857
12,43,2,9,6,2,5,3,30.158333333333335,27.154761904761905
12,44,6,2,3,8,1,10,26.100992063492065,26.854761904761904
12,45,3,4,9,5,5,3,32.016666666666666,27.228571428571428
12,46,5,9,9,3,7,10,38.91130952380953,27.40357142857143
12,47,8,5,2,8,2,1,30.920238095238094,27.13809523809524
12,48,10,3,5,7,10,2,40.9140873015873,27.38452380952381
12,49,8,5,2,4,9,1,33.964484126984125,27.363095238095237
13,0,10,4,5,9,2,3,35.965873015873015,27.551190476190477
13,1,4,3,3,7,5,10,28.043055555555554,27.36904761904762
13,2,3,2,10,7,5,7,33.03015873015873,27.49404761904762
13,3,4,2,8,6,5,9,30.978373015873018,27.438095238095237
13,4,1,2,5,6,3,4,23.15496031746032,27.366666666666667
13,5,7,1,4,2,1,6,20.99781746031746,26.873809523809523
13,6,3,1,1,3,1,7,15.271825396825397,26.677380952380954
13,7,4,2,3,2,5,6,22.064484126984127,27.257142857142856
13,8,6,1,5,9,3,4,30.019444444444446,27.385714285714286
13,9,1,1,4,7,1,6,20.17797619047619,26.80952380952381
13,10,2,9,1,3,2,4,23.141468253968252,27.260714285714286
13,11,4,2,3,2,5,4,22.09484126984127,27.21904761904762
13,12,9,5,9,8,4,10,41.03174603174603,27.483333333333334
13,13,2,10,1,3,2,7,24.268849206349206,27.222619047619048
13,14,10,4,2,4,3,1,28.791468253968254,27.329761904761906
13,15,9,1,1,5,9,8,31.181944444444444,27.41071428571429
13,16,2,1,8,7,5,9,29.021626984126986,27.33214285714286
13,17,8,2,10,2,9,2,36.768253968253966,27.457142857142856
13,18,6,7,5,7,5,3,35.9406746031746,27.426190476190477
13,19,10,4,1,7,2,1,30.04186507936508,27.33809523809524
13,20,4,7,1,6,7,8,31.115277777777777,27.402380952380952
13,21,8,5,2,2,2,1,25.004563492063493,27.24047619047619
13,22,3,4,5,4,3,4,25.10079365079365,27.28214285714286
13,23,3,4,8,4,3,4,27.768650793650796,27.242857142857144
13,24,2,7,10,2,4,7,31.089285714285715,27.316666666666666
13,25,8,9,6,8,5,9,42.013888888888886,27.458333333333332
13,26,3,5,9,5,8,3,35.94761904761905,27.40714285714286
13,27,3,9,10,8,10,8,45.83015873015873,27.46785714285714
13,28,8,1,3,1,3,6,22.288888888888888,27.03214285714286
13,29,10,2,2,3,2,1,24.87718253968254,27.186904761904763
13,30,9,2,3,7,5,7,32.04702380952381,27.404761904761905
13,31,7,1,4,8,3,6,29.053373015873017,27.258333333333333
13,32,10,4,1,2,2,1,24.95,26.96785714285714
13,33,9,1,3,7,6,2,32.13968253968254,27.379761904761903
13,34,5,7,1,2,7,8,28.226388888888888,27.164285714285715
13,35,7,3,4,9,2,9,31.13015873015873,27.261904761904763
13,36,2,7,9,7,6,2,36.93988095238095,27.40714285714286
13,37,9,4,1,8,3,10,31.213690476190475,27.294047619047618
13,38,9,9,1,5,3,8,33.295833333333334,27.404761904761905
13,39,7,1,8,1,5,9,27.95654761904762,27.048809523809524
13,40,7,7,2,7,5,3,34.1843253968254,27.385714285714286
13,41,6,2,7,8,5,3,33.74583333333334,27.38095238095238
13,42,3,7,3,5,9,1,33.032539682539685,27.34642857142857
13,43,2,9,6,2,5,3,30.158333333333335,27.154761904761905
13,44,6,2,3,8,1,10,26.100992063492065,26.854761904761904
13,45,3,4,9,5,5,3,32.016666666666666,27.228571428571428
13,46,5,9,9,3,7,10,38.91130952380953,27.40357142857143
13,47,8,5,2,8,2,1,30.920238095238094,27.13809523809524
13,48,10,3,5,7,10,2,40.9140873015873,27.38452380952381
13,49,8,5,2,4,9,1,33.964484126984125,27.363095238095237
14,0,10,4,5,9,2,3,35.965873015873015,27.551190476190477
14,1,4,3,3,7,5,10,28.043055555555554,27.36904761904762
14,2,3,2,10,7,5,7,33.03015873015873,27.49404761904762
14,3,4,2,8,6,5,9,30.978373015873018,27.438095238095237
14,4,1,2,5,6,3,4,23.15496031746032,27.366666666666667
14,5,7,1,4,2,1,6,20.99781746031746,26.873809523809523
14,6,3,1,1,3,1,7,15.271825396825397,26.677380952380954
14,7,4,2,3,2,5,6,22.064484126984127,27.257142857142856
14,8,6,1,5,9,3,4,30.019444444444446,27.385714285714286
14,9,1,1,4,7,1,6,20.17797619047619,26.80952380952381
14,10,2,9,1,3,2,4,23.141468253968252,27.260714285714286
14,11,4,2,3,2,5,4,22.09484126984127,27.21904761904762
14,12,9,5,9,8,4,10,41.03174603174603,27.483333333333334
14,13,2,10,1,3,2,7,24.268849206349206,27.222619047619048
14,14,10,4,2,4,3,1,28.791468253968254,27.329761904761906
14,15,9,1,1,5,9,8,31.181944444444444,27.41071428571429
14,16,2,1,8,7,5,9,29.021626984126986,27.33214285714286
14,17,8,2,10,2,9,2,36.768253968253966,27.457142857142856
14,18,6,7,5,7,5,3,35.9406746031746,27.426190476190477
14,19,10,4,1,7,2,1,30.04186507936508,27.33809523809524
14,20,4,7,1,6,7,8,31.115277777777777,27.402380952380952
14,21,8,5,2,2,2,1,25.004563492063493,27.24047619047619
14,22,3,4,5,4,3,4,25.10079365079365,27.28214285714286
14,23,3,4,8,4,3,4,27.768650793650796,27.242857142857144
14,24,2,7,10,2,4,7,31.089285714285715,27.316666666666666
14,25,8,9,6,8,5,9,42.013888888888886,27.458333333333332
14,26,3,5,9,5,8,3,35.94761904761905,27.40714285714286
14,27,3,9,10,8,10,8,45.83015873015873,27.46785714285714
14,28,8,1,3,1,3,6,22.288888888888888,27.03214285714286
14,29,10,2,2,3,2,1,24.87718253968254,27.186904761904763
14,30,9,2,3,7,5,7,32.04702380952381,27.404761904761905
14,31,7,1,4,8,3,6,29.053373015873017,27.258333333333333
14,32,10,4,1,2,2,1,24.95,26.96785714285714
14,33,9,1,3,7,6,2,32.13968253968254,27.379761904761903
14,34,5,7,1,2,7,8,28.226388888888888,27.164285714285715
14,35,7,3,4,9,2,9,31.13015873015873,27.261904761904763
14,36,2,7,9,7,6,2,36.93988095238095,27.40714285714286
14,37,9,4,1,8,3,10,31.213690476190475,27.294047619047618
14,38,9,9,1,5,3,8,33.295833333333334,27.404761904761905
14,39,7,1,8,1,5,9,27.95654761904762,27.048809523809524
14,40,7,7,2,7,5,3,34.1843253968254,27.385714285714286
14,41,6,2,7,8,5,3,33.74583333333334,27.38095238095238
14,42,3,7,3,5,9,1,33.032539682539685,27.34642857142857
14,43,2,9,6,2,5,3,30.158333333333335,27.154761904761905
14,44,6,2,3,8,1,10,26.100992063492065,26.854761904761904
14,45,3,4,9,5,5,3,32.016666666666666,27.228571428571428
14,46,5,9,9,3,7,10,38.91130952380953,27.40357142857143
14,47,8,5,2,8,2,1,30.920238095238094,27.13809523809524
14,48,10,3,5,7,10,2,40.9140873015873,27.38452380952381
14,49,8,5,2,4,9,1,33.964484126984125,27.363095238095237
15,0,10,4,5,9,2,3,35.965873015873015,27.551190476190477
15,1,4,3,3,7,5,10,28.043055555555554,27.36904761904762
15,2,3,2,10,7,5,7,33.03015873015873,27.49404761904762
15,3,4,2,8,6,5,9,30.978373015873018,27.438095238095237
15,4,1,2,5,6,3,4,23.15496031746032,27.366666666666667
15,5,7,1,4,2,1,6,20.99781746031746,26.873809523809523
15,6,3,1,1,3,1,7,15.271825396825397,26.677380952380954
15,7,4,2,3,2,5,6,22.064484126984127,27.257142857142856
15,8,6,1,5,9,3,4,30.019444444444446,27.385714285714286
15,9,1,1,4,7,1,6,20.17797619047619,26.80952380952381
15,10,2,9,1,3,2,4,23.141468253968252,27.260714285714286
15,11,4,2,3,2,5,4,22.09484126984127,27.21904761904762
15,12,9,5,9,8,4,10,41.03174603174603,27.483333333333334
15,13,2,10,1,3,2,7,24.268849206349206,27.222619047619048
15,14,10,4,2,4,3,1,28.791468253968254,27.329761904761906
15,15,9,1,1,5,9,8,31.181944444444444,27.41071428571429
15,16,2,1,8,7,5,9,29.021626984126986,27.33214285714286
15,17,8,2,10,2,9,2,36.768253968253966,27.457142857142856
15,18,6,7,5,7,5,3,35.9406746031746,27.426190476190477
15,19,10,4,1,7,2,1,30.04186507936508,27.33809523809524
15,20,4,7,1,6,7,8,31.115277777777777,27.402380952380952
15,21,8,5,2,2,2,1,25.004563492063493,27.24047619047619
15,22,3,4,5,4,3,4,25.10079365079365,27.28214285714286
15,23,3,4,8,4,3,4,27.768650793650796,27.242857142857144
15,24,2,7,10,2,4,7,31.089285714285715,27.316666666666666
15,25,8,9,6,8,5,9,42.013888888888886,27.458333333333332
15,26,3,5,9,5,8,3,35.94761904761905,27.40714285714286
15,27,3,9,10,8,10,8,45.83015873015873,27.46785714285714
15,28,8,1,3,1,3,6,22.288888888888888,27.03214285714286
15,29,10,2,2,3,2,1,24.87718253968254,27.186904761904763
15,30,9,2,3,7,5,7,32.04702380952381,27.404761904761905
15,31,7,1,4,8,3,6,29.053373015873017,27.258333333333333
15,32,10,4,1,2,2,1,24.95,26.96785714285714
15,33,9,1,3,7,6,2,32.13968253968254,27.379761904761903
15,34,5,7,1,2,7,8,28.226388888888888,27.164285714285715
15,35,7,3,4,9,2,9,31.13015873015873,27.261904761904763
15,36,2,7,9,7,6,2,36.93988095238095,27.40714285714286
15,37,9,4,1,8,3,10,31.213690476190475,27.294047619047618
15,38,9,9,1,5,3,8,33.295833333333334,27.404761904761905
15,39,7,1,8,1,5,9,27.95654761904762,27.048809523809524
15,40,7,7,2,7,5,3,34.1843253968254,27.385714285714286
15,41,6,2,7,8,5,3,33.74583333333334,27.38095238095238
15,42,3,7,3,5,9,1,33.032539682539685,27.34642857142857
15,43,2,9,6,2,5,3,30.158333333333335,27.154761904761905
15,44,6,2,3,8,1,10,26.100992063492065,26.854761904761904
15,45,3,4,9,5,5,3,32.016666666666666,27.228571428571428
15,46,5,9,9,3,7,10,38.91130952380953,27.40357142857143
15,47,8,5,2,8,2,1,30.920238095238094,27.13809523809524
15,48,10,3,5,7,10,2,40.9140873015873,27.38452380952381
15,49,8,5,2,4,9,1,33.964484126984125,27.363095238095237
16,0,10,4,5,9,2,3,35.965873015873015,27.551190476190477
16,1,4,3,3,7,5,10,28.043055555555554,27.36904761904762
16,2,3,2,10,7,5,7,33.03015873015873,27.49404761904762
16,3,4,2,8,6,5,9,30.978373015873018,27.438095238095237
16,4,1,2,5,6,3,4,23.15496031746032,27.366666666666667
16,5,7,1,4,2,1,6,20.99781746031746,26.873809523809523
16,6,3,1,1,3,1,7,15.271825396825397,26.677380952380954
16,7,4,2,3,2,5,6,22.064484126984127,27.257142857142856
16,8,6,1,5,9,3,4,30.019444444444446,27.385714285714286
16,9,1,1,4,7,1,6,20.17797619047619,26.80952380952381
16,10,2,9,1,3,2,4,23.141468253968252,27.260714285714286
16,11,4,2,3,2,5,4,22.09484126984127,27.21904761904762
16,12,9,5,9,8,4,10,41.03174603174603,27.483333333333334
16,13,2,10,1,3,2,7,24.268849206349206,27.222619047619048
16,14,10,4,2,4,3,1,28.791468253968254,27.329761904761906
16,15,9,1,1,5,9,8,31.181944444444444,27.41071428571429
16,16,2,1,8,7,5,9,29.021626984126986,27.33214285714286
16,17,8,2,10,2,9,2,36.768253968253966,27.457142857142856
16,18,6,7,5,7,5,3,35.9406746031746,27.426190476190477
16,19,10,4,1,7,2,1,30.04186507936508,27.33809523809524
16,20,4,7,1,6,7,8,31.115277777777777,27.402380952380952
16,21,8,5,2,2,2,1,25.004563492063493,27.24047619047619
16,22,3,4,5,4,3,4,25.10079365079365,27.28214285714286
16,23,3,4,8,4,3,4,27.768650793650796,27.242857142857144
16,24,2,7,10,2,4,7,31.089285714285715,27.316666666666666
16,25,8,9,6,8,5,9,42.013888888888886,27.458333333333332
16,26,3,5,9,5,8,3,35.94761904761905,27.40714285714286
16,27,3,9,10,8,10,8,45.83015873015873,27.46785714285714
16,28,8,1,3,1,3,6,22.288888888888888,27.03214285714286
16,29,10,2,2,3,2,1,24.87718253968254,27.186904761904763
16,30,9,2,3,7,5,7,32.04702380952381,27.404761904761905
16,31,7,1,4,8,3,6,29.053373015873017,27.258333333333333
16,32,10,4,1,2,2,1,24.95,26.96785714285714
16,33,9,1,3,7,6,2,32.13968253968254,27.379761904761903
16,34,5,7,1,2,7,8,28.226388888888888,27.164285714285715
16,35,7,3,4,9,2,9,31.13015873015873,27.261904761904763
16,36,2,7,9,7,6,2,36.93988095238095,27.40714285714286
16,37,9,4,1,8,3,10,31.213690476190475,27.294047619047618
16,38,9,9,1,5,3,8,33.295833333333334,27.404761904761905
16,39,7,1,8,1,5,9,27.95654761904762,27.048809523809524
16,40,7,7,2,7,5,3,34.1843253968254,27.385714285714286
16,41,6,2,7,8,5,3,33.74583333333334,27.38095238095238
16,42,3,7,3,5,9,1,33.032539682539685,27.34642857142857
16,43,2,9,6,2,5,3,30.158333333333335,27.154761904761905
16,44,6,2,3,8,1,10,26.100992063492065,26.854761904761904
16,45,3,4,9,5,5,3,32.016666666666666,27.228571428571428
16,46,5,9,9,3,7,10,38.91130952380953,27.40357142857143
16,47,8,5,2,8,2,1,30.920238095238094,27.13809523809524
16,48,10,3,5,7,10,2,40.9140873015873,27.38452380952381
16,49,8,5,2,4,9,1,33.964484126984125,27.363095238095237
17,0,10,4,5,9,2,3,35.965873015873015,27.551190476190477
17,1,4,3,3,7,5,10,28.043055555555554,27.36904761904762
17,2,3,2,10,7,5,7,33.03015873015873,27.49404761904762
17,3,4,2,8,6,5,9,30.978373015873018,27.438095238095237
17,4,1,2,5,6,3,4,23.15496031746032,27.366666666666667
17,5,7,1,4,2,1,6,20.99781746031746,26.873809523809523
17,6,3,1,1,3,1,7,15.271825396825397,26.677380952380954
17,7,4,2,3,2,5,6,22.064484126984127,27.257142857142856
17,8,6,1,5,9,3,4,30.019444444444446,27.385714285714286
17,9,1,1,4,7,1,6,20.17797619047619,26.80952380952381
17,10,2,9,1,3,2,4,23.141468253968252,27.260714285714286
17,11,4,2,3,2,5,4,22.09484126984127,27.21904761904762
17,12,9,5,9,8,4,10,41.03174603174603,27.483333333333334
17,13,2,10,1,3,2,7,24.268849206349206,27.222619047619048
17,14,10,4,2,4,3,1,28.791468253968254,27.329761904761906
17,15,9,1,1,5,9,8,31.181944444444444,27.41071428571429
17,16,2,1,8,7,5,9,29.021626984126986,27.33214285714286
17,17,8,2,10,2,9,2,36.768253968253966,27.457142857142856
17,18,6,7,5,7,5,3,35.9406746031746,27.426190476190477
17,19,10,4,1,7,2,1,30.04186507936508,27.33809523809524
17,20,4,7,1,6,7,8,31.115277777777777,27.402380952380952
17,21,8,5,2,2,2,1,25.004563492063493,27.24047619047619
17,22,3,4,5,4,3,4,25.10079365079365,27.28214285714286
17,23,3,4,8,4,3,4,27.768650793650796,27.242857142857144
17,24,2,7,10,2,4,7,31.089285714285715,27.316666666666666
17,25,8,9,6,8,5,9,42.013888888888886,27.458333333333332
17,26,3,5,9,5,8,3,35.94761904761905,27.40714285714286
17,27,3,9,10,8,10,8,45.83015873015873,27.46785714285714
17,28,8,1,3,1,3,6,22.288888888888888,27.03214285714286
17,29,10,2,2,3,2,1,24.87718253968254,27.186904761904763
17,30,9,2,3,7,5,7,32.04702380952381,27.404761904761905
17,31,7,1,4,8,3,6,29.053373015873017,27.258333333333333
17,32,10,4,1,2,2,1,24.95,26.96785714285714
17,33,9,1,3,7,6,2,32.13968253968254,27.379761904761903
17,34,5,7,1,2,7,8,28.226388888888888,27.164285714285715
17,35,7,3,4,9,2,9,31.13015873015873,27.261904761904763
17,36,2,7,9,7,6,2,36.93988095238095,27.40714285714286
17,37,9,4,1,8,3,10,31.213690476190475,27.294047619047618
17,38,9,9,1,5,3,8,33.295833333333334,27.404761904761905
17,39,7,1,8,1,5,9,27.95654761904762,27.048809523809524
17,40,7,7,2,7,5,3,34.1843253968254,27.385714285714286
17,41,6,2,7,8,5,3,33.74583333333334,27.38095238095238
17,42,3,7,3,5,9,1,33.032539682539685,27.34642857142857
17,43,2,9,6,2,5,3,30.158333333333335,27.154761904761905
17,44,6,2,3,8,1,10,26.100992063492065,26.854761904761904
17,45,3,4,9,5,5,3,32.016666666666666,27.228571428571428
17,46,5,9,9,3,7,10,38.91130952380953,27.40357142857143
17,47,8,5,2,8,2,1,30.920238095238094,27.13809523809524
17,48,10,3,5,7,10,2,40.9140873015873,27.38452380952381
17,49,8,5,2,4,9,1,33.964484126984125,27.363095238095237
18,0,10,4,5,9,2,3,35.965873015873015,27.551190476190477
18,1,4,3,3,7,5,10,28.043055555555554,27.36904761904762
18,2,3,2,10,7,5,7,33.03015873015873,27.49404761904762
18,3,4,2,8,6,5,9,30.978373015873018,27.438095238095237
18,4,1,2,5,6,3,4,23.15496031746032,27.366666666666667
18,5,7,1,4,2,1,6,20.99781746031746,26.873809523809523
18,6,3,1,1,3,1,7,15.271825396825397,26.677380952380954
18,7,4,2,3,2,5,6,22.064484126984127,27.257142857142856
18,8,6,1,5,9,3,4,30.019444444444446,27.385714285714286
18,9,1,1,4,7,1,6,20.17797619047619,26.80952380952381
18,10,2,9,1,3,2,4,23.141468253968252,27.260714285714286
18,11,4,2,3,2,5,4,22.09484126984127,27.21904761904762
18,12,9,5,9,8,4,10,41.03174603174603,27.483333333333334
18,13,2,10,1,3,2,7,24.268849206349206,27.222619047619048
18,14,10,4,2,4,3,1,28.791468253968254,27.329761904761906
18,15,9,1,1,5,9,8,31.181944444444444,27.41071428571429
18,16,2,1,8,7,5,9,29.021626984126986,27.33214285714286
18,17,8,2,10,2,9,2,36.768253968253966,27.457142857142856
18,18,6,7,5,7,5,3,35.9406746031746,27.426190476190477
18,19,10,4,1,7,2,1,30.04186507936508,27.33809523809524
18,20,4,7,1,6,7,8,31.115277777777777,27.402380952380952
18,21,8,5,2,2,2,1,25.004563492063493,27.24047619047619
18,22,3,4,5,4,3,4,25.10079365079365,27.28214285714286
18,23,3,4,8,4,3,4,27.768650793650796,27.242857142857144
18,24,2,7,10,2,4,7,31.089285714285715,27.316666666666666
18,25,8,9,6,8,5,9,42.013888888888886,27.458333333333332
18,26,3,5,9,5,8,3,35.94761904761905,27.40714285714286
18,27,3,9,10,8,10,8,45.83015873015873,27.46785714285714
18,28,8,1,3,1,3,6,22.288888888888888,27.03214285714286
18,29,10,2,2,3,2,1,24.87718253968254,27.186904761904763
18,30,9,2,3,7,5,7,32.04702380952381,27.404761904761905
18,31,7,1,4,8,3,6,29.053373015873017,27.258333333333333
18,32,10,4,1,2,2,1,24.95,26.96785714285714
18,33,9,1,3,7,6,2,32.13968253968254,27.379761904761903
18,34,5,7,1,2,7,8,28.226388888888888,27.164285714285715
18,35,7,3,4,9,2,9,31.13015873015873,27.261904761904763
18,36,2,7,9,7,6,2,36.93988095238095,27.40714285714286
18,37,9,4,1,8,3,10,31.213690476190475,27.294047619047618
18,38,9,9,1,5,3,8,33.295833333333334,27.404761904761905
18,39,7,1,8,1,5,9,27.95654761904762,27.048809523809524
18,40,7,7,2,7,5,3,34.1843253968254,27.385714285714286
18,41,6,2,7,8,5,3,33.74583333333334,27.38095238095238
18,42,3,7,3,5,9,1,33.032539682539685,27.34642857142857
18,43,2,9,6,2,5,3,30.158333333333335,27.154761904761905
18,44,6,2,3,8,1,10,26.100992063492065,26.854761904761904
18,45,3,4,9,5,5,3,32.016666666666666,27.228571428571428
18,46,5,9,9,3,7,10,38.91130952380953,27.40357142857143
18,47,8,5,2,8,2,1,30.920238095238094,27.13809523809524
18,48,10,3,5,7,10,2,40.9140873015873,27.38452380952381
18,49,8,5,2,4,9,1,33.964484126984125,27.363095238095237
19,0,10,4,5,9,2,3,35.965873015873015,27.551190476190477
19,1,4,3,3,7,5,10,28.043055555555554,27.36904761904762
19,2,3,2,10,7,5,7,33.03015873015873,27.49404761904762
19,3,4,2,8,6,5,9,30.978373015873018,27.438095238095237
19,4,1,2,5,6,3,4,23.15496031746032,27.366666666666667
19,5,7,1,4,2,1,6,20.99781746031746,26.873809523809523
19,6,3,1,1,3,1,7,15.271825396825397,26.677380952380954
19,7,4,2,3,2,5,6,22.064484126984127,27.257142857142856
19,8,6,1,5,9,3,4,30.019444444444446,27.385714285714286
19,9,1,1,4,7,1,6,20.17797619047619,26.80952380952381
19,10,2,9,1,3,2,4,23.141468253968252,27.260714285714286
19,11,4,2,3,2,5,4,22.09484126984127,27.21904761904762
19,12,9,5,9,8,4,10,41.03174603174603,27.483333333333334
19,13,2,10,1,3,2,7,24.268849206349206,27.222619047619048
19,14,10,4,2,4,3,1,28.791468253968254,27.329761904761906
19,15,9,1,1,5,9,8,31.181944444444444,27.41071428571429
19,16,2,1,8,7,5,9,29.021626984126986,27.33214285714286
19,17,8,2,10,2,9,2,36.768253968253966,27.457142857142856
19,18,6,7,5,7,5,3,35.9406746031746,27.426190476190477
19,19,10,4,1,7,2,1,30.04186507936508,27.33809523809524
19,20,4,7,1,6,7,8,31.115277777777777,27.402380952380952
19,21,8,5,2,2,2,1,25.004563492063493,27.24047619047619
19,22,3,4,5,4,3,4,25.10079365079365,27.28214285714286
19,23,3,4,8,4,3,4,27.768650793650796,27.242857142857144
19,24,2,7,10,2,4,7,31.089285714285715,27.316666666666666
19,25,8,9,6,8,5,9,42.013888888888886,27.458333333333332
19,26,3,5,9,5,8,3,35.94761904761905,27.40714285714286
19,27,3,9,10,8,10,8,45.83015873015873,27.46785714285714
19,28,8,1,3,1,3,6,22.288888888888888,27.03214285714286
19,29,10,2,2,3,2,1,24.87718253968254,27.186904761904763
19,30,9,2,3,7,5,7,32.04702380952381,27.404761904761905
19,31,7,1,4,8,3,6,29.053373015873017,27.258333333333333
19,32,10,4,1,2,2,1,24.95,26.96785714285714
19,33,9,1,3,7,6,2,32.13968253968254,27.379761904761903
19,34,5,7,1,2,7,8,28.226388888888888,27.164285714285715
19,35,7,3,4,9,2,9,31.13015873015873,27.261904761904763
19,36,2,7,9,7,6,2,36.93988095238095,27.40714285714286
19,37,9,4,1,8,3,10,31.213690476190475,27.294047619047618
19,38,9,9,1,5,3,8,33.295833333333334,27.404761904761905
19,39,7,1,8,1,5,9,27.95654761904762,27.048809523809524
19,40,7,7,2,7,5,3,34.1843253968254,27.385714285714286
19,41,6,2,7,8,5,3,33.74583333333334,27.38095238095238
19,42,3,7,3,5,9,1,33.032539682539685,27.34642857142857
19,43,2,9,6,2,5,3,30.158333333333335,27.154761904761905
19,44,6,2,3,8,1,10,26.100992063492065,26.854761904761904
19,45,3,4,9,5,5,3,32.016666666666666,27.228571428571428
19,46,5,9,9,3,7,10,38.91130952380953,27.40357142857143
19,47,8,5,2,8,2,1,30.920238095238094,27.13809523809524
19,48,10,3,5,7,10,2,40.9140873015873,27.38452380952381
19,49,8,5,2,4,9,1,33.964484126984125,27.363095238095237
20,0,10,4,5,9,2,3,35.965873015873015,27.551190476190477
20,1,4,3,3,7,5,10,28.043055555555554,27.36904761904762
20,2,3,2,10,7,5,7,33.03015873015873,27.49404761904762
20,3,4,2,8,6,5,9,30.978373015873018,27.438095238095237
20,4,1,2,5,6,3,4,23.15496031746032,27.366666666666667
20,5,7,1,4,2,1,6,20.99781746031746,26.873809523809523
20,6,3,1,1,3,1,7,15.271825396825397,26.677380952380954
20,7,4,2,3,2,5,6,22.064484126984127,27.257142857142856
20,8,6,1,5,9,3,4,30.019444444444446,27.385714285714286
20,9,1,1,4,7,1,6,20.17797619047619,26.80952380952381
20,10,2,9,1,3,2,4,23.141468253968252,27.260714285714286
20,11,4,2,3,2,5,4,22.09484126984127,27.21904761904762
20,12,9,5,9,8,4,10,41.03174603174603,27.483333333333334
20,13,2,10,1,3,2,7,24.268849206349206,27.222619047619048
20,14,10,4,2,4,3,1,28.791468253968254,27.329761904761906
20,15,9,1,1,5,9,8,31.181944444444444,27.41071428571429
20,16,2,1,8,7,5,9,29.021626984126986,27.33214285714286
20,17,8,2,10,2,9,2,36.768253968253966,27.457142857142856
20,18,6,7,5,7,5,3,35.9406746031746,27.426190476190477
20,19,10,4,1,7,2,1,30.04186507936508,27.33809523809524
20,20,4,7,1,6,7,8,31.115277777777777,27.402380952380952
20,21,8,5,2,2,2,1,25.004563492063493,27.24047619047619
20,22,3,4,5,4,3,4,25.10079365079365,27.28214285714286
20,23,3,4,8,4,3,4,27.768650793650796,27.242857142857144
20,24,2,7,10,2,4,7,31.089285714285715,27.316666666666666
20,25,8,9,6,8,5,9,42.013888888888886,27.458333333333332
20,26,3,5,9,5,8,3,35.94761904761905,27.40714285714286
20,27,3,9,10,8,10,8,45.83015873015873,27.46785714285714
20,28,8,1,3,1,3,6,22.288888888888888,27.03214285714286
20,29,10,2,2,3,2,1,24.87718253968254,27.186904761904763
20,30,9,2,3,7,5,7,32.04702380952381,27.404761904761905
20,31,7,1,4,8,3,6,29.053373015873017,27.258333333333333
20,32,10,4,1,2,2,1,24.95,26.96785714285714
20,33,9,1,3,7,6,2,32.13968253968254,27.379761904761903
20,34,5,7,1,2,7,8,28.226388888888888,27.164285714285715
20,35,7,3,4,9,2,9,31.13015873015873,27.261904761904763
20,36,2,7,9,7,6,2,36.93988095238095,27.40714285714286
20,37,9,4,1,8,3,10,31.213690476190475,27.294047619047618
20,38,9,9,1,5,3,8,33.295833333333334,27.404761904761905
20,39,7,1,8,1,5,9,27.95654761904762,27.048809523809524
20,40,7,7,2,7,5,3,34.1843253968254,27.385714285714286
20,41,6,2,7,8,5,3,33.74583333333334,27.38095238095238
20,42,3,7,3,5,9,1,33.032539682539685,27.34642857142857
20,43,2,9,6,2,5,3,30.158333333333335,27.154761904761905
20,44,6,2,3,8,1,10,26.100992063492065,26.854761904761904
20,45,3,4,9,5,5,3,32.016666666666666,27.228571428571428
20,46,5,9,9,3,7,10,38.91130952380953,27.40357142857143
20,47,8,5,2,8,2,1,30.920238095238094,27.13809523809524
20,48,10,3,5,7,10,2,40.9140873015873,27.38452380952381
20,49,8,5,2,4,9,1,33.964484126984125,27.363095238095237
21,0,10,4,5,9,2,3,35.965873015873015,27.551190476190477
21,1,4,3,3,7,5,10,28.043055555555554,27.36904761904762
21,2,3,2,10,7,5,7,33.03015873015873,27.49404761904762
21,3,4,2,8,6,5,9,30.978373015873018,27.438095238095237
21,4,1,2,5,6,3,4,23.15496031746032,27.366666666666667
21,5,7,1,4,2,1,6,20.99781746031746,26.873809523809523
21,6,3,1,1,3,1,7,15.271825396825397,26.677380952380954
21,7,4,2,3,2,5,6,22.064484126984127,27.257142857142856
21,8,6,1,5,9,3,4,30.019444444444446,27.385714285714286
21,9,1,1,4,7,1,6,20.17797619047619,26.80952380952381
21,10,2,9,1,3,2,4,23.141468253968252,27.260714285714286
21,11,4,2,3,2,5,4,22.09484126984127,27.21904761904762
21,12,9,5,9,8,4,10,41.03174603174603,27.483333333333334
21,13,2,10,1,3,2,7,24.268849206349206,27.222619047619048
21,14,10,4,2,4,3,1,28.791468253968254,27.329761904761906
21,15,9,1,1,5,9,8,31.181944444444444,27.41071428571429
21,16,2,1,8,7,5,9,29.021626984126986,27.33214285714286
21,17,8,2,10,2,9,2,36.768253968253966,27.457142857142856
21,18,6,7,5,7,5,3,35.9406746031746,27.426190476190477
21,19,10,4,1,7,2,1,30.04186507936508,27.33809523809524
21,20,4,7,1,6,7,8,31.115277777777777,27.402380952380952
21,21,8,5,2,2,2,1,25.004563492063493,27.24047619047619
21,22,3,4,5,4,3,4,25.10079365079365,27.28214285714286
21,23,3,4,8,4,3,4,27.768650793650796,27.242857142857144
21,24,2,7,10,2,4,7,31.089285714285715,27.316666666666666
21,25,8,9,6,8,5,9,42.013888888888886,27.458333333333332
21,26,3,5,9,5,8,3,35.94761904761905,27.40714285714286
21,27,3,9,10,8,10,8,45.83015873015873,27.46785714285714
21,28,8,1,3,1,3,6,22.288888888888888,27.03214285714286
21,29,10,2,2,3,2,1,24.87718253968254,27.186904761904763
21,30,9,2,3,7,5,7,32.04702380952381,27.404761904761905
21,31,7,1,4,8,3,6,29.053373015873017,27.258333333333333
21,32,10,4,1,2,2,1,24.95,26.96785714285714
21,33,9,1,3,7,6,2,32.13968253968254,27.379761904761903
21,34,5,7,1,2,7,8,28.226388888888888,27.164285714285715
21,35,7,3,4,9,2,9,31.13015873015873,27.261904761904763
21,36,2,7,9,7,6,2,36.93988095238095,27.40714285714286
21,37,9,4,1,8,3,10,31.213690476190475,27.294047619047618
21,38,9,9,1,5,3,8,33.295833333333334,27.404761904761905
21,39,7,1,8,1,5,9,27.95654761904762,27.048809523809524
21,40,7,7,2,7,5,3,34.1843253968254,27.385714285714286
21,41,6,2,7,8,5,3,33.74583333333334,27.38095238095238
21,42,3,7,3,5,9,1,33.032539682539685,27.34642857142857
21,43,2,9,6,2,5,3,30.158333333333335,27.154761904761905
21,44,6,2,3,8,1,10,26.100992063492065,26.854761904761904
21,45,3,4,9,5,5,3,32.016666666666666,27.228571428571428
21,46,5,9,9,3,7,10,38.91130952380953,27.40357142857143
21,47,8,5,2,8,2,1,30.920238095238094,27.13809523809524
21,48,10,3,5,7,10,2,40.9140873015873,27.38452380952381
21,49,8,5,2,4,9,1,33.964484126984125,27.363095238095237
22,0,10,4,5,9,2,3,35.965873015873015,27.551190476190477
22,1,4,3,3,7,5,10,28.043055555555554,27.36904761904762
22,2,3,2,10,7,5,7,33.03015873015873,27.49404761904762
22,3,4,2,8,6,5,9,30.978373015873018,27.438095238095237
22,4,1,2,5,6,3,4,23.15496031746032,27.366666666666667
22,5,7,1,4,2,1,6,20.99781746031746,26.873809523809523
22,6,3,1,1,3,1,7,15.271825396825397,26.677380952380954
22,7,4,2,3,2,5,6,22.064484126984127,27.257142857142856
22,8,6,1,5,9,3,4,30.019444444444446,27.385714285714286
22,9,1,1,4,7,1,6,20.17797619047619,26.80952380952381
22,10,2,9,1,3,2,4,23.141468253968252,27.260714285714286
22,11,4,2,3,2,5,4,22.09484126984127,27.21904761904762
22,12,9,5,9,8,4,10,41.03174603174603,27.483333333333334
22,13,2,10,1,3,2,7,24.268849206349206,27.222619047619048
22,14,10,4,2,4,3,1,28.791468253968254,27.329761904761906
22,15,9,1,1,5,9,8,31.181944444444444,27.41071428571429
22,16,2,1,8,7,5,9,29.021626984126986,27.33214285714286
22,17,8,2,10,2,9,2,36.768253968253966,27.457142857142856
22,18,6,7,5,7,5,3,35.9406746031746,27.426190476190477
22,19,10,4,1,7,2,1,30.04186507936508,27.33809523809524
22,20,4,7,1,6,7,8,31.115277777777777,27.402380952380952
22,21,8,5,2,2,2,1,25.004563492063493,27.24047619047619
22,22,3,4,5,4,3,4,25.10079365079365,27.28214285714286
22,23,3,4,8,4,3,4,27.768650793650796,27.242857142857144
22,24,2,7,10,2,4,7,31.089285714285715,27.316666666666666
22,25,8,9,6,8,5,9,42.013888888888886,27.458333333333332
22,26,3,5,9,5,8,3,35.94761904761905,27.40714285714286
22,27,3,9,10,8,10,8,45.83015873015873,27.46785714285714
22,28,8,1,3,1,3,6,22.288888888888888,27.03214285714286
22,29,10,2,2,3,2,1,24.87718253968254,27.186904761904763
22,30,9,2,3,7,5,7,32.04702380952381,27.404761904761905
22,31,7,1,4,8,3,6,29.053373015873017,27.258333333333333
22,32,10,4,1,2,2,1,24.95,26.96785714285714
22,33,9,1,3,7,6,2,32.13968253968254,27.379761904761903
22,34,5,7,1,2,7,8,28.226388888888888,27.164285714285715
22,35,7,3,4,9,2,9,31.13015873015873,27.261904761904763
22,36,2,7,9,7,6,2,36.93988095238095,27.40714285714286
22,37,9,4,1,8,3,10,31.213690476190475,27.294047619047618
22,38,9,9,1,5,3,8,33.295833333333334,27.404761904761905
22,39,7,1,8,1,5,9,27.95654761904762,27.048809523809524
22,40,7,7,2,7,5,3,34.1843253968254,27.385714285714286
22,41,6,2,7,8,5,3,33.74583333333334,27.38095238095238
22,42,3,7,3,5,9,1,33.032539682539685,27.34642857142857
22,43,2,9,6,2,5,3,30.158333333333335,27.154761904761905
22,44,6,2,3,8,1,10,26.100992063492065,26.854761904761904
22,45,3,4,9,5,5,3,32.016666666666666,27.228571428571428
22,46,5,9,9,3,7,10,38.91130952380953,27.40357142857143
22,47,8,5,2,8,2,1,30.920238095238094,27.13809523809524
22,48,10,3,5,7,10,2,40.9140873015873,27.38452380952381
22,49,8,5,2,4,9,1,33.964484126984125,27.363095238095237
23,0,10,4,5,9,2,3,35.965873015873015,27.551190476190477
23,1,4,3,3,7,5,10,28.043055555555554,27.36904761904762
23,2,3,2,10,7,5,7,33.03015873015873,27.49404761904762
23,3,4,2,8,6,5,9,30.978373015873018,27.438095238095237
23,4,1,2,5,6,3,4,23.15496031746032,27.366666666666667
23,5,7,1,4,2,1,6,20.99781746031746,26.873809523809523
23,6,3,1,1,3,1,7,15.271825396825397,26.677380952380954
23,7,4,2,3,2,5,6,22.064484126984127,27.257142857142856
23,8,6,1,5,9,3,4,30.019444444444446,27.385714285714286
23,9,1,1,4,7,1,6,20.17797619047619,26.80952380952381
23,10,2,9,1,3,2,4,23.141468253968252,27.260714285714286
23,11,4,2,3,2,5,4,22.09484126984127,27.21904761904762
23,12,9,5,9,8,4,10,41.03174603174603,27.483333333333334
23,13,2,10,1,3,2,7,24.268849206349206,27.222619047619048
23,14,10,4,2,4,3,1,28.791468253968254,27.329761904761906
23,15,9,1,1,5,9,8,31.181944444444444,27.41071428571429
23,16,2,1,8,7,5,9,29.021626984126986,27.33214285714286
23,17,8,2,10,2,9,2,36.768253968253966,27.457142857142856
23,18,6,7,5,7,5,3,35.9406746031746,27.426190476190477
23,19,10,4,1,7,2,1,30.04186507936508,27.33809523809524
23,20,4,7,1,6,7,8,31.115277777777777,27.402380952380952
23,21,8,5,2,2,2,1,25.004563492063493,27.24047619047619
23,22,3,4,5,4,3,4,25.10079365079365,27.28214285714286
23,23,3,4,8,4,3,4,27.768650793650796,27.242857142857144
23,24,2,7,10,2,4,7,31.089285714285715,27.316666666666666
23,25,8,9,6,8,5,9,42.013888888888886,27.458333333333332
23,26,3,5,9,5,8,3,35.94761904761905,27.40714285714286
23,27,3,9,10,8,10,8,45.83015873015873,27.46785714285714
23,28,8,1,3,1,3,6,22.288888888888888,27.03214285714286
23,29,10,2,2,3,2,1,24.87718253968254,27.186904761904763
23,30,9,2,3,7,5,7,32.04702380952381,27.404761904761905
23,31,7,1,4,8,3,6,29.053373015873017,27.258333333333333
23,32,10,4,1,2,2,1,24.95,26.96785714285714
23,33,9,1,3,7,6,2,32.13968253968254,27.379761904761903
23,34,5,7,1,2,7,8,28.226388888888888,27.164285714285715
23,35,7,3,4,9,2,9,31.13015873015873,27.261904761904763
23,36,2,7,9,7,6,2,36.93988095238095,27.40714285714286
23,37,9,4,1,8,3,10,31.213690476190475,27.294047619047618
23,38,9,9,1,5,3,8,33.295833333333334,27.404761904761905
23,39,7,1,8,1,5,9,27.95654761904762,27.048809523809524
23,40,7,7,2,7,5,3,34.1843253968254,27.385714285714286
23,41,6,2,7,8,5,3,33.74583333333334,27.38095238095238
23,42,3,7,3,5,9,1,33.032539682539685,27.34642857142857
23,43,2,9,6,2,5,3,30.158333333333335,27.154761904761905
23,44,6,2,3,8,1,10,26.100992063492065,26.854761904761904
23,45,3,4,9,5,5,3,32.016666666666666,27.228571428571428
23,46,5,9,9,3,7,10,38.91130952380953,27.40357142857143
23,47,8,5,2,8,2,1,30.920238095238094,27.13809523809524
23,48,10,3,5,7,10,2,40.9140873015873,27.38452380952381
23,49,8,5,2,4,9,1,33.964484126984125,27.363095238095237
24,0,10,4,5,9,2,3,35.965873015873015,27.551190476190477
24,1,4,3,3,7,5,10,28.043055555555554,27.36904761904762
24,2,3,2,10,7,5,7,33.03015873015873,27.49404761904762
24,3,4,2,8,6,5,9,30.978373015873018,27.438095238095237
24,4,1,2,5,6,3,4,23.15496031746032,27.366666666666667
24,5,7,1,4,2,1,6,20.99781746031746,26.873809523809523
24,6,3,1,1,3,1,7,15.271825396825397,26.677380952380954
24,7,4,2,3,2,5,6,22.064484126984127,27.257142857142856
24,8,6,1,5,9,3,4,30.019444444444446,27.385714285714286
24,9,1,1,4,7,1,6,20.17797619047619,26.80952380952381
24,10,2,9,1,3,2,4,23.141468253968252,27.260714285714286
24,11,4,2,3,2,5,4,22.09484126984127,27.21904761904762
24,12,9,5,9,8,4,10,41.03174603174603,27.483333333333334
24,13,2,10,1,3,2,7,24.268849206349206,27.222619047619048
24,14,10,4,2,4,3,1,28.791468253968254,27.329761904761906
24,15,9,1,1,5,9,8,31.181944444444444,27.41071428571429
24,16,2,1,8,7,5,9,29.021626984126986,27.33214285714286
24,17,8,2,10,2,9,2,36.768253968253966,27.457142857142856
24,18,6,7,5,7,5,3,35.9406746031746,27.426190476190477
24,19,10,4,1,7,2,1,30.04186507936508,27.33809523809524
24,20,4,7,1,6,7,8,31.115277777777777,27.402380952380952
24,21,8,5,2,2,2,1,25.004563492063493,27.24047619047619
24,22,3,4,5,4,3,4,25.10079365079365,27.28214285714286
24,23,3,4,8,4,3,4,27.768650793650796,27.242857142857144
24,24,2,7,10,2,4,7,31.089285714285715,27.316666666666666
24,25,8,9,6,8,5,9,42.013888888888886,27.458333333333332
24,26,3,5,9,5,8,3,35.94761904761905,27.40714285714286
24,27,3,9,10,8,10,8,45.83015873015873,27.46785714285714
24,28,8,1,3,1,3,6,22.288888888888888,27.03214285714286
24,29,10,2,2,3,2,1,24.87718253968254,27.186904761904763
24,30,9,2,3,7,5,7,32.04702380952381,27.404761904761905
24,31,7,1,4,8,3,6,29.053373015873017,27.258333333333333
24,32,10,4,1,2,2,1,24.95,26.96785714285714
24,33,9,1,3,7,6,2,32.13968253968254,27.379761904761903
24,34,5,7,1,2,7,8,28.226388888888888,27.164285714285715
24,35,7,3,4,9,2,9,31.13015873015873,27.261904761904763
24,36,2,7,9,7,6,2,36.93988095238095,27.40714285714286
24,37,9,4,1,8,3,10,31.213690476190475,27.294047619047618
24,38,9,9,1,5,3,8,33.295833333333334,27.404761904761905
24,39,7,1,8,1,5,9,27.95654761904762,27.048809523809524
24,40,7,7,2,7,5,3,34.1843253968254,27.385714285714286
24,41,6,2,7,8,5,3,33.74583333333334,27.38095238095238
24,42,3,7,3,5,9,1,33.032539682539685,27.34642857142857
24,43,2,9,6,2,5,3,30.158333333333335,27.154761904761905
24,44,6,2,3,8,1,10,26.100992063492065,26.854761904761904
24,45,3,4,9,5,5,3,32.016666666666666,27.228571428571428
24,46,5,9,9,3,7,10,38.91130952380953,27.40357142857143
24,47,8,5,2,8,2,1,30.920238095238094,27.13809523809524
24,48,10,3,5,7,10,2,40.9140873015873,27.38452380952381
24,49,8,5,2,4,9,1,33.964484126984125,27.363095238095237
25,0,10,4,5,9,2,3,35.965873015873015,27.551190476190477
25,1,4,3,3,7,5,10,28.043055555555554,27.36904761904762
25,2,3,2,10,7,5,7,33.03015873015873,27.49404761904762
25,3,4,2,8,6,5,9,30.978373015873018,27.438095238095237
25,4,1,2,5,6,3,4,23.15496031746032,27.366666666666667
25,5,7,1,4,2,1,6,20.99781746031746,26.873809523809523
25,6,3,1,1,3,1,7,15.271825396825397,26.677380952380954
25,7,4,2,3,2,5,6,22.064484126984127,27.257142857142856
25,8,6,1,5,9,3,4,30.019444444444446,27.385714285714286
25,9,1,1,4,7,1,6,20.17797619047619,26.80952380952381
25,10,2,9,1,3,2,4,23.141468253968252,27.260714285714286
25,11,4,2,3,2,5,4,22.09484126984127,27.21904761904762
25,12,9,5,9,8,4,10,41.03174603174603,27.483333333333334
25,13,2,10,1,3,2,7,24.268849206349206,27.222619047619048
25,14,10,4,2,4,3,1,28.791468253968254,27.329761904761906
25,15,9,1,1,5,9,8,31.181944444444444,27.41071428571429
25,16,2,1,8,7,5,9,29.021626984126986,27.33214285714286
25,17,8,2,10,2,9,2,36.768253968253966,27.457142857142856
25,18,6,7,5,7,5,3,35.9406746031746,27.426190476190477
25,19,10,4,1,7,2,1,30.04186507936508,27.33809523809524
25,20,4,7,1,6,7,8,31.115277777777777,27.402380952380952
25,21,8,5,2,2,2,1,25.004563492063493,27.24047619047619
25,22,3,4,5,4,3,4,25.10079365079365,27.28214285714286
25,23,3,4,8,4,3,4,27.768650793650796,27.242857142857144
25,24,2,7,10,2,4,7,31.089285714285715,27.316666666666666
25,25,8,9,6,8,5,9,42.013888888888886,27.458333333333332
25,26,3,5,9,5,8,3,35.94761904761905,27.40714285714286
25,27,3,9,10,8,10,8,45.83015873015873,27.46785714285714
25,28,8,1,3,1,3,6,22.288888888888888,27.03214285714286
25,29,10,2,2,3,2,1,24.87718253968254,27.186904761904763
25,30,9,2,3,7,5,7,32.04702380952381,27.404761904761905
25,31,7,1,4,8,3,6,29.053373015873017,27.258333333333333
25,32,10,4,1,2,2,1,24.95,26.96785714285714
25,33,9,1,3,7,6,2,32.13968253968254,27.379761904761903
25,34,5,7,1,2,7,8,28.226388888888888,27.164285714285715
25,35,7,3,4,9,2,9,31.13015873015873,27.261904761904763
25,36,2,7,9,7,6,2,36.93988095238095,27.40714285714286
25,37,9,4,1,8,3,10,31.213690476190475,27.294047619047618
25,38,9,9,1,5,3,8,33.295833333333334,27.404761904761905
25,39,7,1,8,1,5,9,27.95654761904762,27.048809523809524
25,40,7,7,2,7,5,3,34.1843253968254,27.385714285714286
25,41,6,2,7,8,5,3,33.74583333333334,27.38095238095238
25,42,3,7,3,5,9,1,33.032539682539685,27.34642857142857
25,43,2,9,6,2,5,3,30.158333333333335,27.154761904761905
25,44,6,2,3,8,1,10,26.100992063492065,26.854761904761904
25,45,3,4,9,5,5,3,32.016666666666666,27.228571428571428
25,46,5,9,9,3,7,10,38.91130952380953,27.40357142857143
25,47,8,5,2,8,2,1,30.920238095238094,27.13809523809524
25,48,10,3,5,7,10,2,40.9140873015873,27.38452380952381
25,49,8,5,2,4,9,1,33.964484126984125,27.363095238095237
26,0,10,4,5,9,2,3,35.965873015873015,27.551190476190477
26,1,4,3,3,7,5,10,28.043055555555554,27.36904761904762
26,2,3,2,10,7,5,7,33.03015873015873,27.49404761904762
26,3,4,2,8,6,5,9,30.978373015873018,27.438095238095237
26,4,1,2,5,6,3,4,23.15496031746032,27.366666666666667
26,5,7,1,4,2,1,6,20.99781746031746,26.873809523809523
26,6,3,1,1,3,1,7,15.271825396825397,26.677380952380954
26,7,4,2,3,2,5,6,22.064484126984127,27.257142857142856
26,8,6,1,5,9,3,4,30.019444444444446,27.385714285714286
26,9,1,1,4,7,1,6,20.17797619047619,26.80952380952381
26,10,2,9,1,3,2,4,23.141468253968252,27.260714285714286
26,11,4,2,3,2,5,4,22.09484126984127,27.21904761904762
26,12,9,5,9,8,4,10,41.03174603174603,27.483333333333334
26,13,2,10,1,3,2,7,24.268849206349206,27.222619047619048
26,14,10,4,2,4,3,1,28.791468253968254,27.329761904761906
26,15,9,1,1,5,9,8,31.181944444444444,27.41071428571429
26,16,2,1,8,7,5,9,29.021626984126986,27.33214285714286
26,17,8,2,10,2,9,2,36.768253968253966,27.457142857142856
26,18,6,7,5,7,5,3,35.9406746031746,27.426190476190477
26,19,10,4,1,7,2,1,30.04186507936508,27.33809523809524
26,20,4,7,1,6,7,8,31.115277777777777,27.402380952380952
26,21,8,5,2,2,2,1,25.004563492063493,27.24047619047619
26,22,3,4,5,4,3,4,25.10079365079365,27.28214285714286
26,23,3,4,8,4,3,4,27.768650793650796,27.242857142857144
26,24,2,7,10,2,4,7,31.089285714285715,27.316666666666666
26,25,8,9,6,8,5,9,42.013888888888886,27.458333333333332
26,26,3,5,9,5,8,3,35.94761904761905,27.40714285714286
26,27,3,9,10,8,10,8,45.83015873015873,27.46785714285714
26,28,8,1,3,1,3,6,22.288888888888888,27.03214285714286
26,29,10,2,2,3,2,1,24.87718253968254,27.186904761904763
26,30,9,2,3,7,5,7,32.04702380952381,27.404761904761905
26,31,7,1,4,8,3,6,29.053373015873017,27.258333333333333
26,32,10,4,1,2,2,1,24.95,26.96785714285714
26,33,9,1,3,7,6,2,32.13968253968254,27.379761904761903
26,34,5,7,1,2,7,8,28.226388888888888,27.164285714285715
26,35,7,3,4,9,2,9,31.13015873015873,27.261904761904763
26,36,2,7,9,7,6,2,36.93988095238095,27.40714285714286
26,37,9,4,1,8,3,10,31.213690476190475,27.294047619047618
26,38,9,9,1,5,3,8,33.295833333333334,27.404761904761905
26,39,7,1,8,1,5,9,27.95654761904762,27.048809523809524
26,40,7,7,2,7,5,3,34.1843253968254,27.385714285714286
26,41,6,2,7,8,5,3,33.74583333333334,27.38095238095238
26,42,3,7,3,5,9,1,33.032539682539685,27.34642857142857
26,43,2,9,6,2,5,3,30.158333333333335,27.154761904761905
26,44,6,2,3,8,1,10,26.100992063492065,26.854761904761904
26,45,3,4,9,5,5,3,32.016666666666666,27.228571428571428
26,46,5,9,9,3,7,10,38.91130952380953,27.40357142857143
26,47,8,5,2,8,2,1,30.920238095238094,27.13809523809524
26,48,10,3,5,7,10,2,40.9140873015873,27.38452380952381
26,49,8,5,2,4,9,1,33.964484126984125,27.363095238095237
27,0,10,4,5,9,2,3,35.965873015873015,27.551190476190477
27,1,4,3,3,7,5,10,28.043055555555554,27.36904761904762
27,2,3,2,10,7,5,7,33.03015873015873,27.49404761904762
27,3,4,2,8,6,5,9,30.978373015873018,27.438095238095237
27,4,1,2,5,6,3,4,23.15496031746032,27.366666666666667
27,5,7,1,4,2,1,6,20.99781746031746,26.873809523809523
27,6,3,1,1,3,1,7,15.271825396825397,26.677380952380954
27,7,4,2,3,2,5,6,22.064484126984127,27.257142857142856
27,8,6,1,5,9,3,4,30.019444444444446,27.385714285714286
27,9,1,1,4,7,1,6,20.17797619047619,26.80952380952381
27,10,2,9,1,3,2,4,23.141468253968252,27.260714285714286
27,11,4,2,3,2,5,4,22.09484126984127,27.21904761904762
27,12,9,5,9,8,4,10,41.03174603174603,27.483333333333334
27,13,2,10,1,3,2,7,24.268849206349206,27.222619047619048
27,14,10,4,2,4,3,1,28.791468253968254,27.329761904761906
27,15,9,1,1,5,9,8,31.181944444444444,27.41071428571429
27,16,2,1,8,7,5,9,29.021626984126986,27.33214285714286
27,17,8,2,10,2,9,2,36.768253968253966,27.457142857142856
27,18,6,7,5,7,5,3,35.9406746031746,27.426190476190477
27,19,10,4,1,7,2,1,30.04186507936508,27.33809523809524
27,20,4,7,1,6,7,8,31.115277777777777,27.402380952380952
27,21,8,5,2,2,2,1,25.004563492063493,27.24047619047619
27,22,3,4,5,4,3,4,25.10079365079365,27.28214285714286
27,23,3,4,8,4,3,4,27.768650793650796,27.242857142857144
27,24,2,7,10,2,4,7,31.089285714285715,27.316666666666666
27,25,8,9,6,8,5,9,42.013888888888886,27.458333333333332
27,26,3,5,9,5,8,3,35.94761904761905,27.40714285714286
27,27,3,9,10,8,10,8,45.83015873015873,27.46785714285714
27,28,8,1,3,1,3,6,22.288888888888888,27.03214285714286
27,29,10,2,2,3,2,1,24.87718253968254,27.186904761904763
27,30,9,2,3,7,5,7,32.04702380952381,27.404761904761905
27,31,7,1,4,8,3,6,29.053373015873017,27.258333333333333
27,32,10,4,1,2,2,1,24.95,26.96785714285714
27,33,9,1,3,7,6,2,32.13968253968254,27.379761904761903
27,34,5,7,1,2,7,8,28.226388888888888,27.164285714285715
27,35,7,3,4,9,2,9,31.13015873015873,27.261904761904763
27,36,2,7,9,7,6,2,36.93988095238095,27.40714285714286
27,37,9,4,1,8,3,10,31.213690476190475,27.294047619047618
27,38,9,9,1,5,3,8,33.295833333333334,27.404761904761905
27,39,7,1,8,1,5,9,27.95654761904762,27.048809523809524
27,40,7,7,2,7,5,3,34.1843253968254,27.385714285714286
27,41,6,2,7,8,5,3,33.74583333333334,27.38095238095238
27,42,3,7,3,5,9,1,33.032539682539685,27.34642857142857
27,43,2,9,6,2,5,3,30.158333333333335,27.154761904761905
27,44,6,2,3,8,1,10,26.100992063492065,26.854761904761904
27,45,3,4,9,5,5,3,32.016666666666666,27.228571428571428
27,46,5,9,9,3,7,10,38.91130952380953,27.40357142857143
27,47,8,5,2,8,2,1,30.920238095238094,27.13809523809524
27,48,10,3,5,7,10,2,40.9140873015873,27.38452380952381
27,49,8,5,2,4,9,1,33.964484126984125,27.363095238095237
28,0,10,4,5,9,2,3,35.965873015873015,27.551190476190477
28,1,4,3,3,7,5,10,28.043055555555554,27.36904761904762
28,2,3,2,10,7,5,7,33.03015873015873,27.49404761904762
28,3,4,2,8,6,5,9,30.978373015873018,27.438095238095237
28,4,1,2,5,6,3,4,23.15496031746032,27.366666666666667
28,5,7,1,4,2,1,6,20.99781746031746,26.873809523809523
28,6,3,1,1,3,1,7,15.271825396825397,26.677380952380954
28,7,4,2,3,2,5,6,22.064484126984127,27.257142857142856
28,8,6,1,5,9,3,4,30.019444444444446,27.385714285714286
28,9,1,1,4,7,1,6,20.17797619047619,26.80952380952381
28,10,2,9,1,3,2,4,23.141468253968252,27.260714285714286
28,11,4,2,3,2,5,4,22.09484126984127,27.21904761904762
28,12,9,5,9,8,4,10,41.03174603174603,27.483333333333334
28,13,2,10,1,3,2,7,24.268849206349206,27.222619047619048
28,14,10,4,2,4,3,1,28.791468253968254,27.329761904761906
28,15,9,1,1,5,9,8,31.181944444444444,27.41071428571429
28,16,2,1,8,7,5,9,29.021626984126986,27.33214285714286
28,17,8,2,10,2,9,2,36.768253968253966,27.457142857142856
28,18,6,7,5,7,5,3,35.9406746031746,27.426190476190477
28,19,10,4,1,7,2,1,30.04186507936508,27.33809523809524
28,20,4,7,1,6,7,8,31.115277777777777,27.402380952380952
28,21,8,5,2,2,2,1,25.004563492063493,27.24047619047619
28,22,3,4,5,4,3,4,25.10079365079365,27.28214285714286
28,23,3,4,8,4,3,4,27.768650793650796,27.242857142857144
28,24,2,7,10,2,4,7,31.089285714285715,27.316666666666666
28,25,8,9,6,8,5,9,42.013888888888886,27.458333333333332
28,26,3,5,9,5,8,3,35.94761904761905,27.40714285714286
28,27,3,9,10,8,10,8,45.83015873015873,27.46785714285714
28,28,8,1,3,1,3,6,22.288888888888888,27.03214285714286
28,29,10,2,2,3,2,1,24.87718253968254,27.186904761904763
28,30,9,2,3,7,5,7,32.04702380952381,27.404761904761905
28,31,7,1,4,8,3,6,29.053373015873017,27.258333333333333
28,32,10,4,1,2,2,1,24.95,26.96785714285714
28,33,9,1,3,7,6,2,32.13968253968254,27.379761904761903
28,34,5,7,1,2,7,8,28.226388888888888,27.164285714285715
28,35,7,3,4,9,2,9,31.13015873015873,27.261904761904763
28,36,2,7,9,7,6,2,36.93988095238095,27.40714285714286
28,37,9,4,1,8,3,10,31.213690476190475,27.294047619047618
28,38,9,9,1,5,3,8,33.295833333333334,27.404761904761905
28,39,7,1,8,1,5,9,27.95654761904762,27.048809523809524
28,40,7,7,2,7,5,3,34.1843253968254,27.385714285714286
28,41,6,2,7,8,5,3,33.74583333333334,27.38095238095238
28,42,3,7,3,5,9,1,33.032539682539685,27.34642857142857
28,43,2,9,6,2,5,3,30.158333333333335,27.154761904761905
28,44,6,2,3,8,1,10,26.100992063492065,26.854761904761904
28,45,3,4,9,5,5,3,32.016666666666666,27.228571428571428
28,46,5,9,9,3,7,10,38.91130952380953,27.40357142857143
28,47,8,5,2,8,2,1,30.920238095238094,27.13809523809524
28,48,10,3,5,7,10,2,40.9140873015873,27.38452380952381
28,49,8,5,2,4,9,1,33.964484126984125,27.363095238095237
29,0,10,4,5,9,2,3,35.965873015873015,27.551190476190477
29,1,4,3,3,7,5,10,28.043055555555554,27.36904761904762
29,2,3,2,10,7,5,7,33.03015873015873,27.49404761904762
29,3,4,2,8,6,5,9,30.978373015873018,27.438095238095237
29,4,1,2,5,6,3,4,23.15496031746032,27.366666666666667
29,5,7,1,4,2,1,6,20.99781746031746,26.873809523809523
29,6,3,1,1,3,1,7,15.271825396825397,26.677380952380954
29,7,4,2,3,2,5,6,22.064484126984127,27.257142857142856
29,8,6,1,5,9,3,4,30.019444444444446,27.385714285714286
29,9,1,1,4,7,1,6,20.17797619047619,26.80952380952381
29,10,2,9,1,3,2,4,23.141468253968252,27.260714285714286
29,11,4,2,3,2,5,4,22.09484126984127,27.21904761904762
29,12,9,5,9,8,4,10,41.03174603174603,27.483333333333334
29,13,2,10,1,3,2,7,24.268849206349206,27.222619047619048
29,14,10,4,2,4,3,1,28.791468253968254,27.329761904761906
29,15,9,1,1,5,9,8,31.181944444444444,27.41071428571429
29,16,2,1,8,7,5,9,29.021626984126986,27.33214285714286
29,17,8,2,10,2,9,2,36.768253968253966,27.457142857142856
29,18,6,7,5,7,5,3,35.9406746031746,27.426190476190477
29,19,10,4,1,7,2,1,30.04186507936508,27.33809523809524
29,20,4,7,1,6,7,8,31.115277777777777,27.402380952380952
29,21,8,5,2,2,2,1,25.004563492063493,27.24047619047619
29,22,3,4,5,4,3,4,25.10079365079365,27.28214285714286
29,23,3,4,8,4,3,4,27.768650793650796,27.242857142857144
29,24,2,7,10,2,4,7,31.089285714285715,27.316666666666666
29,25,8,9,6,8,5,9,42.013888888888886,27.458333333333332
29,26,3,5,9,5,8,3,35.94761904761905,27.40714285714286
29,27,3,9,10,8,10,8,45.83015873015873,27.46785714285714
29,28,8,1,3,1,3,6,22.288888888888888,27.03214285714286
29,29,10,2,2,3,2,1,24.87718253968254,27.186904761904763
29,30,9,2,3,7,5,7,32.04702380952381,27.404761904761905
29,31,7,1,4,8,3,6,29.053373015873017,27.258333333333333
29,32,10,4,1,2,2,1,24.95,26.96785714285714
29,33,9,1,3,7,6,2,32.13968253968254,27.379761904761903
29,34,5,7,1,2,7,8,28.226388888888888,27.164285714285715
29,35,7,3,4,9,2,9,31.13015873015873,27.261904761904763
29,36,2,7,9,7,6,2,36.93988095238095,27.40714285714286
29,37,9,4,1,8,3,10,31.213690476190475,27.294047619047618
29,38,9,9,1,5,3,8,33.295833333333334,27.404761904761905
29,39,7,1,8,1,5,9,27.95654761904762,27.048809523809524
29,40,7,7,2,7,5,3,34.1843253968254,27.385714285714286
29,41,6,2,7,8,5,3,33.74583333333334,27.38095238095238
29,42,3,7,3,5,9,1,33.032539682539685,27.34642857142857
29,43,2,9,6,2,5,3,30.158333333333335,27.154761904761905
29,44,6,2,3,8,1,10,26.100992063492065,26.854761904761904
29,45,3,4,9,5,5,3,32.016666666666666,27.228571428571428
29,46,5,9,9,3,7,10,38.91130952380953,27.40357142857143
29,47,8,5,2,8,2,1,30.920238095238094,27.13809523809524
29,48,10,3,5,7,10,2,40.9140873015873,27.38452380952381
29,49,8,5,2,4,9,1,33.964484126984125,27.363095238095237
30,0,10,4,5,9,2,3,35.965873015873015,27.551190476190477
30,1,4,3,3,7,5,10,28.043055555555554,27.36904761904762
30,2,3,2,10,7,5,7,33.03015873015873,27.49404761904762
30,3,4,2,8,6,5,9,30.978373015873018,27.438095238095237
30,4,1,2,5,6,3,4,23.15496031746032,27.366666666666667
30,5,7,1,4,2,1,6,20.99781746031746,26.873809523809523
30,6,3,1,1,3,1,7,15.271825396825397,26.677380952380954
30,7,4,2,3,2,5,6,22.064484126984127,27.257142857142856
30,8,6,1,5,9,3,4,30.019444444444446,27.385714285714286
30,9,1,1,4,7,1,6,20.17797619047619,26.80952380952381
30,10,2,9,1,3,2,4,23.141468253968252,27.260714285714286
30,11,4,2,3,2,5,4,22.09484126984127,27.21904761904762
30,12,9,5,9,8,4,10,41.03174603174603,27.483333333333334
30,13,2,10,1,3,2,7,24.268849206349206,27.222619047619048
30,14,10,4,2,4,3,1,28.791468253968254,27.329761904761906
30,15,9,1,1,5,9,8,31.181944444444444,27.41071428571429
30,16,2,1,8,7,5,9,29.021626984126986,27.33214285714286
30,17,8,2,10,2,9,2,36.768253968253966,27.457142857142856
30,18,6,7,5,7,5,3,35.9406746031746,27.426190476190477
30,19,10,4,1,7,2,1,30.04186507936508,27.33809523809524
30,20,4,7,1,6,7,8,31.115277777777777,27.402380952380952
30,21,8,5,2,2,2,1,25.004563492063493,27.24047619047619
30,22,3,4,5,4,3,4,25.10079365079365,27.28214285714286
30,23,3,4,8,4,3,4,27.768650793650796,27.242857142857144
30,24,2,7,10,2,4,7,31.089285714285715,27.316666666666666
30,25,8,9,6,8,5,9,42.013888888888886,27.458333333333332
30,26,3,5,9,5,8,3,35.94761904761905,27.40714285714286
30,27,3,9,10,8,10,8,45.83015873015873,27.46785714285714
30,28,8,1,3,1,3,6,22.288888888888888,27.03214285714286
30,29,10,2,2,3,2,1,24.87718253968254,27.186904761904763
30,30,9,2,3,7,5,7,32.04702380952381,27.404761904761905
30,31,7,1,4,8,3,6,29.053373015873017,27.258333333333333
30,32,10,4,1,2,2,1,24.95,26.96785714285714
30,33,9,1,3,7,6,2,32.13968253968254,27.379761904761903
30,34,5,7,1,2,7,8,28.226388888888888,27.164285714285715
30,35,7,3,4,9,2,9,31.13015873015873,27.261904761904763
30,36,2,7,9,7,6,2,36.93988095238095,27.40714285714286
30,37,9,4,1,8,3,10,31.213690476190475,27.294047619047618
30,38,9,9,1,5,3,8,33.295833333333334,27.404761904761905
30,39,7,1,8,1,5,9,27.95654761904762,27.048809523809524
30,40,7,7,2,7,5,3,34.1843253968254,27.385714285714286
30,41,6,2,7,8,5,3,33.74583333333334,27.38095238095238
30,42,3,7,3,5,9,1,33.032539682539685,27.34642857142857
30,43,2,9,6,2,5,3,30.158333333333335,27.154761904761905
30,44,6,2,3,8,1,10,26.100992063492065,26.854761904761904
30,45,3,4,9,5,5,3,32.016666666666666,27.228571428571428
30,46,5,9,9,3,7,10,38.91130952380953,27.40357142857143
30,47,8,5,2,8,2,1,30.920238095238094,27.13809523809524
30,48,10,3,5,7,10,2,40.9140873015873,27.38452380952381
30,49,8,5,2,4,9,1,33.964484126984125,27.363095238095237
31,0,10,4,5,9,2,3,35.965873015873015,27.551190476190477
31,1,4,3,3,7,5,10,28.043055555555554,27.36904761904762
31,2,3,2,10,7,5,7,33.03015873015873,27.49404761904762
31,3,4,2,8,6,5,9,30.978373015873018,27.438095238095237
31,4,1,2,5,6,3,4,23.15496031746032,27.366666666666667
31,5,7,1,4,2,1,6,20.99781746031746,26.873809523809523
31,6,3,1,1,3,1,7,15.271825396825397,26.677380952380954
31,7,4,2,3,2,5,6,22.064484126984127,27.257142857142856
31,8,6,1,5,9,3,4,30.019444444444446,27.385714285714286
31,9,1,1,4,7,1,6,20.17797619047619,26.80952380952381
31,10,2,9,1,3,2,4,23.141468253968252,27.260714285714286
31,11,4,2,3,2,5,4,22.09484126984127,27.21904761904762
31,12,9,5,9,8,4,10,41.03174603174603,27.483333333333334
31,13,2,10,1,3,2,7,24.268849206349206,27.222619047619048
31,14,10,4,2,4,3,1,28.791468253968254,27.329761904761906
31,15,9,1,1,5,9,8,31.181944444444444,27.41071428571429
31,16,2,1,8,7,5,9,29.021626984126986,27.33214285714286
31,17,8,2,10,2,9,2,36.768253968253966,27.457142857142856
31,18,6,7,5,7,5,3,35.9406746031746,27.426190476190477
31,19,10,4,1,7,2,1,30.04186507936508,27.33809523809524
31,20,4,7,1,6,7,8,31.115277777777777,27.402380952380952
31,21,8,5,2,2,2,1,25.004563492063493,27.24047619047619
31,22,3,4,5,4,3,4,25.10079365079365,27.28214285714286
31,23,3,4,8,4,3,4,27.768650793650796,27.242857142857144
31,24,2,7,10,2,4,7,31.089285714285715,27.316666666666666
31,25,8,9,6,8,5,9,42.013888888888886,27.458333333333332
31,26,3,5,9,5,8,3,35.94761904761905,27.40714285714286
31,27,3,9,10,8,10,8,45.83015873015873,27.46785714285714
31,28,8,1,3,1,3,6,22.288888888888888,27.03214285714286
31,29,10,2,2,3,2,1,24.87718253968254,27.186904761904763
31,30,9,2,3,7,5,7,32.04702380952381,27.404761904761905
31,31,7,1,4,8,3,6,29.053373015873017,27.258333333333333
31,32,10,4,1,2,2,1,24.95,26.96785714285714
31,33,9,1,3,7,6,2,32.13968253968254,27.379761904761903
31,34,5,7,1,2,7,8,28.226388888888888,27.164285714285715
31,35,7,3,4,9,2,9,31.13015873015873,27.261904761904763
31,36,2,7,9,7,6,2,36.93988095238095,27.40714285714286
31,37,9,4,1,8,3,10,31.213690476190475,27.294047619047618
31,38,9,9,1,5,3,8,33.295833333333334,27.404761904761905
31,39,7,1,8,1,5,9,27.95654761904762,27.048809523809524
31,40,7,7,2,7,5,3,34.1843253968254,27.385714285714286
31,41,6,2,7,8,5,3,33.74583333333334,27.38095238095238
31,42,3,7,3,5,9,1,33.032539682539685,27.34642857142857
31,43,2,9,6,2,5,3,30.158333333333335,27.154761904761905
31,44,6,2,3,8,1,10,26.100992063492065,26.854761904761904
31,45,3,4,9,5,5,3,32.016666666666666,27.228571428571428
31,46,5,9,9,3,7,10,38.91130952380953,27.40357142857143
31,47,8,5,2,8,2,1,30.920238095238094,27.13809523809524
31,48,10,3,5,7,10,2,40.9140873015873,27.38452380952381
31,49,8,5,2,4,9,1,33.964484126984125,27.363095238095237
32,0,10,4,5,9,2,3,35.965873015873015,27.551190476190477
32,1,4,3,3,7,5,10,28.043055555555554,27.36904761904762
32,2,3,2,10,7,5,7,33.03015873015873,27.49404761904762
32,3,4,2,8,6,5,9,30.978373015873018,27.438095238095237
32,4,1,2,5,6,3,4,23.15496031746032,27.366666666666667
32,5,7,1,4,2,1,6,20.99781746031746,26.873809523809523
32,6,3,1,1,3,1,7,15.271825396825397,26.677380952380954
32,7,4,2,3,2,5,6,22.064484126984127,27.257142857142856
32,8,6,1,5,9,3,4,30.019444444444446,27.385714285714286
32,9,1,1,4,7,1,6,20.17797619047619,26.80952380952381
32,10,2,9,1,3,2,4,23.141468253968252,27.260714285714286
32,11,4,2,3,2,5,4,22.09484126984127,27.21904761904762
32,12,9,5,9,8,4,10,41.03174603174603,27.483333333333334
32,13,2,10,1,3,2,7,24.268849206349206,27.222619047619048
32,14,10,4,2,4,3,1,28.791468253968254,27.329761904761906
32,15,9,1,1,5,9,8,31.181944444444444,27.41071428571429
32,16,2,1,8,7,5,9,29.021626984126986,27.33214285714286
32,17,8,2,10,2,9,2,36.768253968253966,27.457142857142856
32,18,6,7,5,7,5,3,35.9406746031746,27.426190476190477
32,19,10,4,1,7,2,1,30.04186507936508,27.33809523809524
32,20,4,7,1,6,7,8,31.115277777777777,27.402380952380952
32,21,8,5,2,2,2,1,25.004563492063493,27.24047619047619
32,22,3,4,5,4,3,4,25.10079365079365,27.28214285714286
32,23,3,4,8,4,3,4,27.768650793650796,27.242857142857144
32,24,2,7,10,2,4,7,31.089285714285715,27.316666666666666
32,25,8,9,6,8,5,9,42.013888888888886,27.458333333333332
32,26,3,5,9,5,8,3,35.94761904761905,27.40714285714286
32,27,3,9,10,8,10,8,45.83015873015873,27.46785714285714
32,28,8,1,3,1,3,6,22.288888888888888,27.03214285714286
32,29,10,2,2,3,2,1,24.87718253968254,27.186904761904763
32,30,9,2,3,7,5,7,32.04702380952381,27.404761904761905
32,31,7,1,4,8,3,6,29.053373015873017,27.258333333333333
32,32,10,4,1,2,2,1,24.95,26.96785714285714
32,33,9,1,3,7,6,2,32.13968253968254,27.379761904761903
32,34,5,7,1,2,7,8,28.226388888888888,27.164285714285715
32,35,7,3,4,9,2,9,31.13015873015873,27.261904761904763
32,36,2,7,9,7,6,2,36.93988095238095,27.40714285714286
32,37,9,4,1,8,3,10,31.213690476190475,27.294047619047618
32,38,9,9,1,5,3,8,33.295833333333334,27.404761904761905
32,39,7,1,8,1,5,9,27.95654761904762,27.048809523809524
32,40,7,7,2,7,5,3,34.1843253968254,27.385714285714286
32,41,6,2,7,8,5,3,33.74583333333334,27.38095238095238
32,42,3,7,3,5,9,1,33.032539682539685,27.34642857142857
32,43,2,9,6,2,5,3,30.158333333333335,27.154761904761905
32,44,6,2,3,8,1,10,26.100992063492065,26.854761904761904
32,45,3,4,9,5,5,3,32.016666666666666,27.228571428571428
32,46,5,9,9,3,7,10,38.91130952380953,27.40357142857143
32,47,8,5,2,8,2,1,30.920238095238094,27.13809523809524
32,48,10,3,5,7,10,2,40.9140873015873,27.38452380952381
32,49,8,5,2,4,9,1,33.964484126984125,27.363095238095237
33,0,10,4,5,9,2,3,35.965873015873015,27.551190476190477
33,1,4,3,3,7,5,10,28.043055555555554,27.36904761904762
33,2,3,2,10,7,5,7,33.03015873015873,27.49404761904762
33,3,4,2,8,6,5,9,30.978373015873018,27.438095238095237
33,4,1,2,5,6,3,4,23.15496031746032,27.366666666666667
33,5,7,1,4,2,1,6,20.99781746031746,26.873809523809523
33,6,3,1,1,3,1,7,15.271825396825397,26.677380952380954
33,7,4,2,3,2,5,6,22.064484126984127,27.257142857142856
33,8,6,1,5,9,3,4,30.019444444444446,27.385714285714286
33,9,1,1,4,7,1,6,20.17797619047619,26.80952380952381
33,10,2,9,1,3,2,4,23.141468253968252,27.260714285714286
33,11,4,2,3,2,5,4,22.09484126984127,27.21904761904762
33,12,9,5,9,8,4,10,41.03174603174603,27.483333333333334
33,13,2,10,1,3,2,7,24.268849206349206,27.222619047619048
33,14,10,4,2,4,3,1,28.791468253968254,27.329761904761906
33,15,9,1,1,5,9,8,31.181944444444444,27.41071428571429
33,16,2,1,8,7,5,9,29.021626984126986,27.33214285714286
33,17,8,2,10,2,9,2,36.768253968253966,27.457142857142856
33,18,6,7,5,7,5,3,35.9406746031746,27.426190476190477
33,19,10,4,1,7,2,1,30.04186507936508,27.33809523809524
33,20,4,7,1,6,7,8,31.115277777777777,27.402380952380952
33,21,8,5,2,2,2,1,25.004563492063493,27.24047619047619
33,22,3,4,5,4,3,4,25.10079365079365,27.28214285714286
33,23,3,4,8,4,3,4,27.768650793650796,27.242857142857144
33,24,2,7,10,2,4,7,31.089285714285715,27.316666666666666
33,25,8,9,6,8,5,9,42.013888888888886,27.458333333333332
33,26,3,5,9,5,8,3,35.94761904761905,27.40714285714286
33,27,3,9,10,8,10,8,45.83015873015873,27.46785714285714
33,28,8,1,3,1,3,6,22.288888888888888,27.03214285714286
33,29,10,2,2,3,2,1,24.87718253968254,27.186904761904763
33,30,9,2,3,7,5,7,32.04702380952381,27.404761904761905
33,31,7,1,4,8,3,6,29.053373015873017,27.258333333333333
33,32,10,4,1,2,2,1,24.95,26.96785714285714
33,33,9,1,3,7,6,2,32.13968253968254,27.379761904761903
33,34,5,7,1,2,7,8,28.226388888888888,27.164285714285715
33,35,7,3,4,9,2,9,31.13015873015873,27.261904761904763
33,36,2,7,9,7,6,2,36.93988095238095,27.40714285714286
33,37,9,4,1,8,3,10,31.213690476190475,27.294047619047618
33,38,9,9,1,5,3,8,33.295833333333334,27.404761904761905
33,39,7,1,8,1,5,9,27.95654761904762,27.048809523809524
33,40,7,7,2,7,5,3,34.1843253968254,27.385714285714286
33,41,6,2,7,8,5,3,33.74583333333334,27.38095238095238
33,42,3,7,3,5,9,1,33.032539682539685,27.34642857142857
33,43,2,9,6,2,5,3,30.158333333333335,27.154761904761905
33,44,6,2,3,8,1,10,26.100992063492065,26.854761904761904
33,45,3,4,9,5,5,3,32.016666666666666,27.228571428571428
33,46,5,9,9,3,7,10,38.91130952380953,27.40357142857143
33,47,8,5,2,8,2,1,30.920238095238094,27.13809523809524
33,48,10,3,5,7,10,2,40.9140873015873,27.38452380952381
33,49,8,5,2,4,9,1,33.964484126984125,27.363095238095237
34,0,10,4,5,9,2,3,35.965873015873015,27.551190476190477
34,1,4,3,3,7,5,10,28.043055555555554,27.36904761904762
34,2,3,2,10,7,5,7,33.03015873015873,27.49404761904762
34,3,4,2,8,6,5,9,30.978373015873018,27.438095238095237
34,4,1,2,5,6,3,4,23.15496031746032,27.366666666666667
34,5,7,1,4,2,1,6,20.99781746031746,26.873809523809523
34,6,3,1,1,3,1,7,15.271825396825397,26.677380952380954
34,7,4,2,3,2,5,6,22.064484126984127,27.257142857142856
34,8,6,1,5,9,3,4,30.019444444444446,27.385714285714286
34,9,1,1,4,7,1,6,20.17797619047619,26.80952380952381
34,10,2,9,1,3,2,4,23.141468253968252,27.260714285714286
34,11,4,2,3,2,5,4,22.09484126984127,27.21904761904762
34,12,9,5,9,8,4,10,41.03174603174603,27.483333333333334
34,13,2,10,1,3,2,7,24.268849206349206,27.222619047619048
34,14,10,4,2,4,3,1,28.791468253968254,27.329761904761906
34,15,9,1,1,5,9,8,31.181944444444444,27.41071428571429
34,16,2,1,8,7,5,9,29.021626984126986,27.33214285714286
34,17,8,2,10,2,9,2,36.768253968253966,27.457142857142856
34,18,6,7,5,7,5,3,35.9406746031746,27.426190476190477
34,19,10,4,1,7,2,1,30.04186507936508,27.33809523809524
34,20,4,7,1,6,7,8,31.115277777777777,27.402380952380952
34,21,8,5,2,2,2,1,25.004563492063493,27.24047619047619
34,22,3,4,5,4,3,4,25.10079365079365,27.28214285714286
34,23,3,4,8,4,3,4,27.768650793650796,27.242857142857144
34,24,2,7,10,2,4,7,31.089285714285715,27.316666666666666
34,25,8,9,6,8,5,9,42.013888888888886,27.458333333333332
34,26,3,5,9,5,8,3,35.94761904761905,27.40714285714286
34,27,3,9,10,8,10,8,45.83015873015873,27.46785714285714
34,28,8,1,3,1,3,6,22.288888888888888,27.03214285714286
34,29,10,2,2,3,2,1,24.87718253968254,27.186904761904763
34,30,9,2,3,7,5,7,32.04702380952381,27.404761904761905
34,31,7,1,4,8,3,6,29.053373015873017,27.258333333333333
34,32,10,4,1,2,2,1,24.95,26.96785714285714
34,33,9,1,3,7,6,2,32.13968253968254,27.379761904761903
34,34,5,7,1,2,7,8,28.226388888888888,27.164285714285715
34,35,7,3,4,9,2,9,31.13015873015873,27.261904761904763
34,36,2,7,9,7,6,2,36.93988095238095,27.40714285714286
34,37,9,4,1,8,3,10,31.213690476190475,27.294047619047618
34,38,9,9,1,5,3,8,33.295833333333334,27.404761904761905
34,39,7,1,8,1,5,9,27.95654761904762,27.048809523809524
34,40,7,7,2,7,5,3,34.1843253968254,27.385714285714286
34,41,6,2,7,8,5,3,33.74583333333334,27.38095238095238
34,42,3,7,3,5,9,1,33.032539682539685,27.34642857142857
34,43,2,9,6,2,5,3,30.158333333333335,27.154761904761905
34,44,6,2,3,8,1,10,26.100992063492065,26.854761904761904
34,45,3,4,9,5,5,3,32.016666666666666,27.228571428571428
34,46,5,9,9,3,7,10,38.91130952380953,27.40357142857143
34,47,8,5,2,8,2,1,30.920238095238094,27.13809523809524
34,48,10,3,5,7,10,2,40.9140873015873,27.38452380952381
34,49,8,5,2,4,9,1,33.964484126984125,27.363095238095237
35,0,10,4,5,9,2,3,35.965873015873015,27.551190476190477
35,1,4,3,3,7,5,10,28.043055555555554,27.36904761904762
35,2,3,2,10,7,5,7,33.03015873015873,27.49404761904762
35,3,4,2,8,6,5,9,30.978373015873018,27.438095238095237
35,4,1,2,5,6,3,4,23.15496031746032,27.366666666666667
35,5,7,1,4,2,1,6,20.99781746031746,26.873809523809523
35,6,3,1,1,3,1,7,15.271825396825397,26.677380952380954
35,7,4,2,3,2,5,6,22.064484126984127,27.257142857142856
35,8,6,1,5,9,3,4,30.019444444444446,27.385714285714286
35,9,1,1,4,7,1,6,20.17797619047619,26.80952380952381
35,10,2,9,1,3,2,4,23.141468253968252,27.260714285714286
35,11,4,2,3,2,5,4,22.09484126984127,27.21904761904762
35,12,9,5,9,8,4,10,41.03174603174603,27.483333333333334
35,13,2,10,1,3,2,7,24.268849206349206,27.222619047619048
35,14,10,4,2,4,3,1,28.791468253968254,27.329761904761906
35,15,9,1,1,5,9,8,31.181944444444444,27.41071428571429
35,16,2,1,8,7,5,9,29.021626984126986,27.33214285714286
35,17,8,2,10,2,9,2,36.768253968253966,27.457142857142856
35,18,6,7,5,7,5,3,35.9406746031746,27.426190476190477
35,19,10,4,1,7,2,1,30.04186507936508,27.33809523809524
35,20,4,7,1,6,7,8,31.115277777777777,27.402380952380952
35,21,8,5,2,2,2,1,25.004563492063493,27.24047619047619
35,22,3,4,5,4,3,4,25.10079365079365,27.28214285714286
35,23,3,4,8,4,3,4,27.768650793650796,27.242857142857144
35,24,2,7,10,2,4,7,31.089285714285715,27.316666666666666
35,25,8,9,6,8,5,9,42.013888888888886,27.458333333333332
35,26,3,5,9,5,8,3,35.94761904761905,27.40714285714286
35,27,3,9,10,8,10,8,45.83015873015873,27.46785714285714
35,28,8,1,3,1,3,6,22.288888888888888,27.03214285714286
35,29,10,2,2,3,2,1,24.87718253968254,27.186904761904763
35,30,9,2,3,7,5,7,32.04702380952381,27.404761904761905
35,31,7,1,4,8,3,6,29.053373015873017,27.258333333333333
35,32,10,4,1,2,2,1,24.95,26.96785714285714
35,33,9,1,3,7,6,2,32.13968253968254,27.379761904761903
35,34,5,7,1,2,7,8,28.226388888888888,27.164285714285715
35,35,7,3,4,9,2,9,31.13015873015873,27.261904761904763
35,36,2,7,9,7,6,2,36.93988095238095,27.40714285714286
35,37,9,4,1,8,3,10,31.213690476190475,27.294047619047618
35,38,9,9,1,5,3,8,33.295833333333334,27.404761904761905
35,39,7,1,8,1,5,9,27.95654761904762,27.048809523809524
35,40,7,7,2,7,5,3,34.1843253968254,27.385714285714286
35,41,6,2,7,8,5,3,33.74583333333334,27.38095238095238
35,42,3,7,3,5,9,1,33.032539682539685,27.34642857142857
35,43,2,9,6,2,5,3,30.158333333333335,27.154761904761905
35,44,6,2,3,8,1,10,26.100992063492065,26.854761904761904
35,45,3,4,9,5,5,3,32.016666666666666,27.228571428571428
35,46,5,9,9,3,7,10,38.91130952380953,27.40357142857143
35,47,8,5,2,8,2,1,30.920238095238094,27.13809523809524
35,48,10,3,5,7,10,2,40.9140873015873,27.38452380952381
35,49,8,5,2,4,9,1,33.964484126984125,27.363095238095237
36,0,10,4,5,9,2,3,35.965873015873015,27.551190476190477
36,1,4,3,3,7,5,10,28.043055555555554,27.36904761904762
36,2,3,2,10,7,5,7,33.03015873015873,27.49404761904762
36,3,4,2,8,6,5,9,30.978373015873018,27.438095238095237
36,4,1,2,5,6,3,4,23.15496031746032,27.366666666666667
36,5,7,1,4,2,1,6,20.99781746031746,26.873809523809523
36,6,3,1,1,3,1,7,15.271825396825397,26.677380952380954
36,7,4,2,3,2,5,6,22.064484126984127,27.257142857142856
36,8,6,1,5,9,3,4,30.019444444444446,27.385714285714286
36,9,1,1,4,7,1,6,20.17797619047619,26.80952380952381
36,10,2,9,1,3,2,4,23.141468253968252,27.260714285714286
36,11,4,2,3,2,5,4,22.09484126984127,27.21904761904762
36,12,9,5,9,8,4,10,41.03174603174603,27.483333333333334
36,13,2,10,1,3,2,7,24.268849206349206,27.222619047619048
36,14,10,4,2,4,3,1,28.791468253968254,27.329761904761906
36,15,9,1,1,5,9,8,31.181944444444444,27.41071428571429
36,16,2,1,8,7,5,9,29.021626984126986,27.33214285714286
36,17,8,2,10,2,9,2,36.768253968253966,27.457142857142856
36,18,6,7,5,7,5,3,35.9406746031746,27.426190476190477
36,19,10,4,1,7,2,1,30.04186507936508,27.33809523809524
36,20,4,7,1,6,7,8,31.115277777777777,27.402380952380952
36,21,8,5,2,2,2,1,25.004563492063493,27.24047619047619
36,22,3,4,5,4,3,4,25.10079365079365,27.28214285714286
36,23,3,4,8,4,3,4,27.768650793650796,27.242857142857144
36,24,2,7,10,2,4,7,31.089285714285715,27.316666666666666
36,25,8,9,6,8,5,9,42.013888888888886,27.458333333333332
36,26,3,5,9,5,8,3,35.94761904761905,27.40714285714286
36,27,3,9,10,8,10,8,45.83015873015873,27.46785714285714
36,28,8,1,3,1,3,6,22.288888888888888,27.03214285714286
36,29,10,2,2,3,2,1,24.87718253968254,27.186904761904763
36,30,9,2,3,7,5,7,32.04702380952381,27.404761904761905
36,31,7,1,4,8,3,6,29.053373015873017,27.258333333333333
36,32,10,4,1,2,2,1,24.95,26.96785714285714
36,33,9,1,3,7,6,2,32.13968253968254,27.379761904761903
36,34,5,7,1,2,7,8,28.226388888888888,27.164285714285715
36,35,7,3,4,9,2,9,31.13015873015873,27.261904761904763
36,36,2,7,9,7,6,2,36.93988095238095,27.40714285714286
36,37,9,4,1,8,3,10,31.213690476190475,27.294047619047618
36,38,9,9,1,5,3,8,33.295833333333334,27.404761904761905
36,39,7,1,8,1,5,9,27.95654761904762,27.048809523809524
36,40,7,7,2,7,5,3,34.1843253968254,27.385714285714286
36,41,6,2,7,8,5,3,33.74583333333334,27.38095238095238
36,42,3,7,3,5,9,1,33.032539682539685,27.34642857142857
36,43,2,9,6,2,5,3,30.158333333333335,27.154761904761905
36,44,6,2,3,8,1,10,26.100992063492065,26.854761904761904
36,45,3,4,9,5,5,3,32.016666666666666,27.228571428571428
36,46,5,9,9,3,7,10,38.91130952380953,27.40357142857143
36,47,8,5,2,8,2,1,30.920238095238094,27.13809523809524
36,48,10,3,5,7,10,2,40.9140873015873,27.38452380952381
36,49,8,5,2,4,9,1,33.964484126984125,27.363095238095237
37,0,10,4,5,9,2,3,35.965873015873015,27.551190476190477
37,1,4,3,3,7,5,10,28.043055555555554,27.36904761904762
37,2,3,2,10,7,5,7,33.03015873015873,27.49404761904762
37,3,4,2,8,6,5,9,30.978373015873018,27.438095238095237
37,4,1,2,5,6,3,4,23.15496031746032,27.366666666666667
37,5,7,1,4,2,1,6,20.99781746031746,26.873809523809523
37,6,3,1,1,3,1,7,15.271825396825397,26.677380952380954
37,7,4,2,3,2,5,6,22.064484126984127,27.257142857142856
37,8,6,1,5,9,3,4,30.019444444444446,27.385714285714286
37,9,1,1,4,7,1,6,20.17797619047619,26.80952380952381
37,10,2,9,1,3,2,4,23.141468253968252,27.260714285714286
37,11,4,2,3,2,5,4,22.09484126984127,27.21904761904762
37,12,9,5,9,8,4,10,41.03174603174603,27.483333333333334
37,13,2,10,1,3,2,7,24.268849206349206,27.222619047619048
37,14,10,4,2,4,3,1,28.791468253968254,27.329761904761906
37,15,9,1,1,5,9,8,31.181944444444444,27.41071428571429
37,16,2,1,8,7,5,9,29.021626984126986,27.33214285714286
37,17,8,2,10,2,9,2,36.768253968253966,27.457142857142856
37,18,6,7,5,7,5,3,35.9406746031746,27.426190476190477
37,19,10,4,1,7,2,1,30.04186507936508,27.33809523809524
37,20,4,7,1,6,7,8,31.115277777777777,27.402380952380952
37,21,8,5,2,2,2,1,25.004563492063493,27.24047619047619
37,22,3,4,5,4,3,4,25.10079365079365,27.28214285714286
37,23,3,4,8,4,3,4,27.768650793650796,27.242857142857144
37,24,2,7,10,2,4,7,31.089285714285715,27.316666666666666
37,25,8,9,6,8,5,9,42.013888888888886,27.458333333333332
37,26,3,5,9,5,8,3,35.94761904761905,27.40714285714286
37,27,3,9,10,8,10,8,45.83015873015873,27.46785714285714
37,28,8,1,3,1,3,6,22.288888888888888,27.03214285714286
37,29,10,2,2,3,2,1,24.87718253968254,27.186904761904763
37,30,9,2,3,7,5,7,32.04702380952381,27.404761904761905
37,31,7,1,4,8,3,6,29.053373015873017,27.258333333333333
37,32,10,4,1,2,2,1,24.95,26.96785714285714
37,33,9,1,3,7,6,2,32.13968253968254,27.379761904761903
37,34,5,7,1,2,7,8,28.226388888888888,27.164285714285715
37,35,7,3,4,9,2,9,31.13015873015873,27.261904761904763
37,36,2,7,9,7,6,2,36.93988095238095,27.40714285714286
37,37,9,4,1,8,3,10,31.213690476190475,27.294047619047618
37,38,9,9,1,5,3,8,33.295833333333334,27.404761904761905
37,39,7,1,8,1,5,9,27.95654761904762,27.048809523809524
37,40,7,7,2,7,5,3,34.1843253968254,27.385714285714286
37,41,6,2,7,8,5,3,33.74583333333334,27.38095238095238
37,42,3,7,3,5,9,1,33.032539682539685,27.34642857142857
37,43,2,9,6,2,5,3,30.158333333333335,27.154761904761905
37,44,6,2,3,8,1,10,26.100992063492065,26.854761904761904
37,45,3,4,9,5,5,3,32.016666666666666,27.228571428571428
37,46,5,9,9,3,7,10,38.91130952380953,27.40357142857143
37,47,8,5,2,8,2,1,30.920238095238094,27.13809523809524
37,48,10,3,5,7,10,2,40.9140873015873,27.38452380952381
37,49,8,5,2,4,9,1,33.964484126984125,27.363095238095237
38,0,10,4,5,9,2,3,35.965873015873015,27.551190476190477
38,1,4,3,3,7,5,10,28.043055555555554,27.36904761904762
38,2,3,2,10,7,5,7,33.03015873015873,27.49404761904762
38,3,4,2,8,6,5,9,30.978373015873018,27.438095238095237
38,4,1,2,5,6,3,4,23.15496031746032,27.366666666666667
38,5,7,1,4,2,1,6,20.99781746031746,26.873809523809523
38,6,3,1,1,3,1,7,15.271825396825397,26.677380952380954
38,7,4,2,3,2,5,6,22.064484126984127,27.257142857142856
38,8,6,1,5,9,3,4,30.019444444444446,27.385714285714286
38,9,1,1,4,7,1,6,20.17797619047619,26.80952380952381
38,10,2,9,1,3,2,4,23.141468253968252,27.260714285714286
38,11,4,2,3,2,5,4,22.09484126984127,27.21904761904762
38,12,9,5,9,8,4,10,41.03174603174603,27.483333333333334
38,13,2,10,1,3,2,7,24.268849206349206,27.222619047619048
38,14,10,4,2,4,3,1,28.791468253968254,27.329761904761906
38,15,9,1,1,5,9,8,31.181944444444444,27.41071428571429
38,16,2,1,8,7,5,9,29.021626984126986,27.33214285714286
38,17,8,2,10,2,9,2,36.768253968253966,27.457142857142856
38,18,6,7,5,7,5,3,35.9406746031746,27.426190476190477
38,19,10,4,1,7,2,1,30.04186507936508,27.33809523809524
38,20,4,7,1,6,7,8,31.115277777777777,27.402380952380952
38,21,8,5,2,2,2,1,25.004563492063493,27.24047619047619
38,22,3,4,5,4,3,4,25.10079365079365,27.28214285714286
38,23,3,4,8,4,3,4,27.768650793650796,27.242857142857144
38,24,2,7,10,2,4,7,31.089285714285715,27.316666666666666
38,25,8,9,6,8,5,9,42.013888888888886,27.458333333333332
38,26,3,5,9,5,8,3,35.94761904761905,27.40714285714286
38,27,3,9,10,8,10,8,45.83015873015873,27.46785714285714
38,28,8,1,3,1,3,6,22.288888888888888,27.03214285714286
38,29,10,2,2,3,2,1,24.87718253968254,27.186904761904763
38,30,9,2,3,7,5,7,32.04702380952381,27.404761904761905
38,31,7,1,4,8,3,6,29.053373015873017,27.258333333333333
38,32,10,4,1,2,2,1,24.95,26.96785714285714
38,33,9,1,3,7,6,2,32.13968253968254,27.379761904761903
38,34,5,7,1,2,7,8,28.226388888888888,27.164285714285715
38,35,7,3,4,9,2,9,31.13015873015873,27.261904761904763
38,36,2,7,9,7,6,2,36.93988095238095,27.40714285714286
38,37,9,4,1,8,3,10,31.213690476190475,27.294047619047618
38,38,9,9,1,5,3,8,33.295833333333334,27.404761904761905
38,39,7,1,8,1,5,9,27.95654761904762,27.048809523809524
38,40,7,7,2,7,5,3,34.1843253968254,27.385714285714286
38,41,6,2,7,8,5,3,33.74583333333334,27.38095238095238
38,42,3,7,3,5,9,1,33.032539682539685,27.34642857142857
38,43,2,9,6,2,5,3,30.158333333333335,27.154761904761905
38,44,6,2,3,8,1,10,26.100992063492065,26.854761904761904
38,45,3,4,9,5,5,3,32.016666666666666,27.228571428571428
38,46,5,9,9,3,7,10,38.91130952380953,27.40357142857143
38,47,8,5,2,8,2,1,30.920238095238094,27.13809523809524
38,48,10,3,5,7,10,2,40.9140873015873,27.38452380952381
38,49,8,5,2,4,9,1,33.964484126984125,27.363095238095237
39,0,10,4,5,9,2,3,35.965873015873015,27.551190476190477
39,1,4,3,3,7,5,10,28.043055555555554,27.36904761904762
39,2,3,2,10,7,5,7,33.03015873015873,27.49404761904762
39,3,4,2,8,6,5,9,30.978373015873018,27.438095238095237
39,4,1,2,5,6,3,4,23.15496031746032,27.366666666666667
39,5,7,1,4,2,1,6,20.99781746031746,26.873809523809523
39,6,3,1,1,3,1,7,15.271825396825397,26.677380952380954
39,7,4,2,3,2,5,6,22.064484126984127,27.257142857142856
39,8,6,1,5,9,3,4,30.019444444444446,27.385714285714286
39,9,1,1,4,7,1,6,20.17797619047619,26.80952380952381
39,10,2,9,1,3,2,4,23.141468253968252,27.260714285714286
39,11,4,2,3,2,5,4,22.09484126984127,27.21904761904762
39,12,9,5,9,8,4,10,41.03174603174603,27.483333333333334
39,13,2,10,1,3,2,7,24.268849206349206,27.222619047619048
39,14,10,4,2,4,3,1,28.791468253968254,27.329761904761906
39,15,9,1,1,5,9,8,31.181944444444444,27.41071428571429
39,16,2,1,8,7,5,9,29.021626984126986,27.33214285714286
39,17,8,2,10,2,9,2,36.768253968253966,27.457142857142856
39,18,6,7,5,7,5,3,35.9406746031746,27.426190476190477
39,19,10,4,1,7,2,1,30.04186507936508,27.33809523809524
39,20,4,7,1,6,7,8,31.115277777777777,27.402380952380952
39,21,8,5,2,2,2,1,25.004563492063493,27.24047619047619
39,22,3,4,5,4,3,4,25.10079365079365,27.28214285714286
39,23,3,4,8,4,3,4,27.768650793650796,27.242857142857144
39,24,2,7,10,2,4,7,31.089285714285715,27.316666666666666
39,25,8,9,6,8,5,9,42.013888888888886,27.458333333333332
39,26,3,5,9,5,8,3,35.94761904761905,27.40714285714286
39,27,3,9,10,8,10,8,45.83015873015873,27.46785714285714
39,28,8,1,3,1,3,6,22.288888888888888,27.03214285714286
39,29,10,2,2,3,2,1,24.87718253968254,27.186904761904763
39,30,9,2,3,7,5,7,32.04702380952381,27.404761904761905
39,31,7,1,4,8,3,6,29.053373015873017,27.258333333333333
39,32,10,4,1,2,2,1,24.95,26.96785714285714
39,33,9,1,3,7,6,2,32.13968253968254,27.379761904761903
39,34,5,7,1,2,7,8,28.226388888888888,27.164285714285715
39,35,7,3,4,9,2,9,31.13015873015873,27.261904761904763
39,36,2,7,9,7,6,2,36.93988095238095,27.40714285714286
39,37,9,4,1,8,3,10,31.213690476190475,27.294047619047618
39,38,9,9,1,5,3,8,33.295833333333334,27.404761904761905
39,39,7,1,8,1,5,9,27.95654761904762,27.048809523809524
39,40,7,7,2,7,5,3,34.1843253968254,27.385714285714286
39,41,6,2,7,8,5,3,33.74583333333334,27.38095238095238
39,42,3,7,3,5,9,1,33.032539682539685,27.34642857142857
39,43,2,9,6,2,5,3,30.158333333333335,27.154761904761905
39,44,6,2,3,8,1,10,26.100992063492065,26.854761904761904
39,45,3,4,9,5,5,3,32.016666666666666,27.228571428571428
39,46,5,9,9,3,7,10,38.91130952380953,27.40357142857143
39,47,8,5,2,8,2,1,30.920238095238094,27.13809523809524
39,48,10,3,5,7,10,2,40.9140873015873,27.38452380952381
39,49,8,5,2,4,9,1,33.964484126984125,27.363095238095237
40,0,10,4,5,9,2,3,35.965873015873015,27.551190476190477
40,1,4,3,3,7,5,10,28.043055555555554,27.36904761904762
40,2,3,2,10,7,5,7,33.03015873015873,27.49404761904762
40,3,4,2,8,6,5,9,30.978373015873018,27.438095238095237
40,4,1,2,5,6,3,4,23.15496031746032,27.366666666666667
40,5,7,1,4,2,1,6,20.99781746031746,26.873809523809523
40,6,3,1,1,3,1,7,15.271825396825397,26.677380952380954
40,7,4,2,3,2,5,6,22.064484126984127,27.257142857142856
40,8,6,1,5,9,3,4,30.019444444444446,27.385714285714286
40,9,1,1,4,7,1,6,20.17797619047619,26.80952380952381
40,10,2,9,1,3,2,4,23.141468253968252,27.260714285714286
40,11,4,2,3,2,5,4,22.09484126984127,27.21904761904762
40,12,9,5,9,8,4,10,41.03174603174603,27.483333333333334
40,13,2,10,1,3,2,7,24.268849206349206,27.222619047619048
40,14,10,4,2,4,3,1,28.791468253968254,27.329761904761906
40,15,9,1,1,5,9,8,31.181944444444444,27.41071428571429
40,16,2,1,8,7,5,9,29.021626984126986,27.33214285714286
40,17,8,2,10,2,9,2,36.768253968253966,27.457142857142856
40,18,6,7,5,7,5,3,35.9406746031746,27.426190476190477
40,19,10,4,1,7,2,1,30.04186507936508,27.33809523809524
40,20,4,7,1,6,7,8,31.115277777777777,27.402380952380952
40,21,8,5,2,2,2,1,25.004563492063493,27.24047619047619
40,22,3,4,5,4,3,4,25.10079365079365,27.28214285714286
40,23,3,4,8,4,3,4,27.768650793650796,27.242857142857144
40,24,2,7,10,2,4,7,31.089285714285715,27.316666666666666
40,25,8,9,6,8,5,9,42.013888888888886,27.458333333333332
40,26,3,5,9,5,8,3,35.94761904761905,27.40714285714286
40,27,3,9,10,8,10,8,45.83015873015873,27.46785714285714
40,28,8,1,3,1,3,6,22.288888888888888,27.03214285714286
40,29,10,2,2,3,2,1,24.87718253968254,27.186904761904763
40,30,9,2,3,7,5,7,32.04702380952381,27.404761904761905
40,31,7,1,4,8,3,6,29.053373015873017,27.258333333333333
40,32,10,4,1,2,2,1,24.95,26.96785714285714
40,33,9,1,3,7,6,2,32.13968253968254,27.379761904761903
40,34,5,7,1,2,7,8,28.226388888888888,27.164285714285715
40,35,7,3,4,9,2,9,31.13015873015873,27.261904761904763
40,36,2,7,9,7,6,2,36.93988095238095,27.40714285714286
40,37,9,4,1,8,3,10,31.213690476190475,27.294047619047618
40,38,9,9,1,5,3,8,33.295833333333334,27.404761904761905
40,39,7,1,8,1,5,9,27.95654761904762,27.048809523809524
40,40,7,7,2,7,5,3,34.1843253968254,27.385714285714286
40,41,6,2,7,8,5,3,33.74583333333334,27.38095238095238
40,42,3,7,3,5,9,1,33.032539682539685,27.34642857142857
40,43,2,9,6,2,5,3,30.158333333333335,27.154761904761905
40,44,6,2,3,8,1,10,26.100992063492065,26.854761904761904
40,45,3,4,9,5,5,3,32.016666666666666,27.228571428571428
40,46,5,9,9,3,7,10,38.91130952380953,27.40357142857143
40,47,8,5,2,8,2,1,30.920238095238094,27.13809523809524
40,48,10,3,5,7,10,2,40.9140873015873,27.38452380952381
40,49,8,5,2,4,9,1,33.964484126984125,27.363095238095237
41,0,10,4,5,9,2,3,35.965873015873015,27.551190476190477
41,1,4,3,3,7,5,10,28.043055555555554,27.36904761904762
41,2,3,2,10,7,5,7,33.03015873015873,27.49404761904762
41,3,4,2,8,6,5,9,30.978373015873018,27.438095238095237
41,4,1,2,5,6,3,4,23.15496031746032,27.366666666666667
41,5,7,1,4,2,1,6,20.99781746031746,26.873809523809523
41,6,3,1,1,3,1,7,15.271825396825397,26.677380952380954
41,7,4,2,3,2,5,6,22.064484126984127,27.257142857142856
41,8,6,1,5,9,3,4,30.019444444444446,27.385714285714286
41,9,1,1,4,7,1,6,20.17797619047619,26.80952380952381
41,10,2,9,1,3,2,4,23.141468253968252,27.260714285714286
41,11,4,2,3,2,5,4,22.09484126984127,27.21904761904762
41,12,9,5,9,8,4,10,41.03174603174603,27.483333333333334
41,13,2,10,1,3,2,7,24.268849206349206,27.222619047619048
41,14,10,4,2,4,3,1,28.791468253968254,27.329761904761906
41,15,9,1,1,5,9,8,31.181944444444444,27.41071428571429
41,16,2,1,8,7,5,9,29.021626984126986,27.33214285714286
41,17,8,2,10,2,9,2,36.768253968253966,27.457142857142856
41,18,6,7,5,7,5,3,35.9406746031746,27.426190476190477
41,19,10,4,1,7,2,1,30.04186507936508,27.33809523809524
41,20,4,7,1,6,7,8,31.115277777777777,27.402380952380952
41,21,8,5,2,2,2,1,25.004563492063493,27.24047619047619
41,22,3,4,5,4,3,4,25.10079365079365,27.28214285714286
41,23,3,4,8,4,3,4,27.768650793650796,27.242857142857144
41,24,2,7,10,2,4,7,31.089285714285715,27.316666666666666
41,25,8,9,6,8,5,9,42.013888888888886,27.458333333333332
41,26,3,5,9,5,8,3,35.94761904761905,27.40714285714286
41,27,3,9,10,8,10,8,45.83015873015873,27.46785714285714
41,28,8,1,3,1,3,6,22.288888888888888,27.03214285714286
41,29,10,2,2,3,2,1,24.87718253968254,27.186904761904763
41,30,9,2,3,7,5,7,32.04702380952381,27.404761904761905
41,31,7,1,4,8,3,6,29.053373015873017,27.258333333333333
41,32,10,4,1,2,2,1,24.95,26.96785714285714
41,33,9,1,3,7,6,2,32.13968253968254,27.379761904761903
41,34,5,7,1,2,7,8,28.226388888888888,27.164285714285715
41,35,7,3,4,9,2,9,31.13015873015873,27.261904761904763
41,36,2,7,9,7,6,2,36.93988095238095,27.40714285714286
41,37,9,4,1,8,3,10,31.213690476190475,27.294047619047618
41,38,9,9,1,5,3,8,33.295833333333334,27.404761904761905
41,39,7,1,8,1,5,9,27.95654761904762,27.048809523809524
41,40,7,7,2,7,5,3,34.1843253968254,27.385714285714286
41,41,6,2,7,8,5,3,33.74583333333334,27.38095238095238
41,42,3,7,3,5,9,1,33.032539682539685,27.34642857142857
41,43,2,9,6,2,5,3,30.158333333333335,27.154761904761905
41,44,6,2,3,8,1,10,26.100992063492065,26.854761904761904
41,45,3,4,9,5,5,3,32.016666666666666,27.228571428571428
41,46,5,9,9,3,7,10,38.91130952380953,27.40357142857143
41,47,8,5,2,8,2,1,30.920238095238094,27.13809523809524
41,48,10,3,5,7,10,2,40.9140873015873,27.38452380952381
41,49,8,5,2,4,9,1,33.964484126984125,27.363095238095237
42,0,10,4,5,9,2,3,35.965873015873015,27.551190476190477
42,1,4,3,3,7,5,10,28.043055555555554,27.36904761904762
42,2,3,2,10,7,5,7,33.03015873015873,27.49404761904762
42,3,4,2,8,6,5,9,30.978373015873018,27.438095238095237
42,4,1,2,5,6,3,4,23.15496031746032,27.366666666666667
42,5,7,1,4,2,1,6,20.99781746031746,26.873809523809523
42,6,3,1,1,3,1,7,15.271825396825397,26.677380952380954
42,7,4,2,3,2,5,6,22.064484126984127,27.257142857142856
42,8,6,1,5,9,3,4,30.019444444444446,27.385714285714286
42,9,1,1,4,7,1,6,20.17797619047619,26.80952380952381
42,10,2,9,1,3,2,4,23.141468253968252,27.260714285714286
42,11,4,2,3,2,5,4,22.09484126984127,27.21904761904762
42,12,9,5,9,8,4,10,41.03174603174603,27.483333333333334
42,13,2,10,1,3,2,7,24.268849206349206,27.222619047619048
42,14,10,4,2,4,3,1,28.791468253968254,27.329761904761906
42,15,9,1,1,5,9,8,31.181944444444444,27.41071428571429
42,16,2,1,8,7,5,9,29.021626984126986,27.33214285714286
42,17,8,2,10,2,9,2,36.768253968253966,27.457142857142856
42,18,6,7,5,7,5,3,35.9406746031746,27.426190476190477
42,19,10,4,1,7,2,1,30.04186507936508,27.33809523809524
42,20,4,7,1,6,7,8,31.115277777777777,27.402380952380952
42,21,8,5,2,2,2,1,25.004563492063493,27.24047619047619
42,22,3,4,5,4,3,4,25.10079365079365,27.28214285714286
42,23,3,4,8,4,3,4,27.768650793650796,27.242857142857144
42,24,2,7,10,2,4,7,31.089285714285715,27.316666666666666
42,25,8,9,6,8,5,9,42.013888888888886,27.458333333333332
42,26,3,5,9,5,8,3,35.94761904761905,27.40714285714286
42,27,3,9,10,8,10,8,45.83015873015873,27.46785714285714
42,28,8,1,3,1,3,6,22.288888888888888,27.03214285714286
42,29,10,2,2,3,2,1,24.87718253968254,27.186904761904763
42,30,9,2,3,7,5,7,32.04702380952381,27.404761904761905
42,31,7,1,4,8,3,6,29.053373015873017,27.258333333333333
42,32,10,4,1,2,2,1,24.95,26.96785714285714
42,33,9,1,3,7,6,2,32.13968253968254,27.379761904761903
42,34,5,7,1,2,7,8,28.226388888888888,27.164285714285715
42,35,7,3,4,9,2,9,31.13015873015873,27.261904761904763
42,36,2,7,9,7,6,2,36.93988095238095,27.40714285714286
42,37,9,4,1,8,3,10,31.213690476190475,27.294047619047618
42,38,9,9,1,5,3,8,33.295833333333334,27.404761904761905
42,39,7,1,8,1,5,9,27.95654761904762,27.048809523809524
42,40,7,7,2,7,5,3,34.1843253968254,27.385714285714286
42,41,6,2,7,8,5,3,33.74583333333334,27.38095238095238
42,42,3,7,3,5,9,1,33.032539682539685,27.34642857142857
42,43,2,9,6,2,5,3,30.158333333333335,27.154761904761905
42,44,6,2,3,8,1,10,26.100992063492065,26.854761904761904
42,45,3,4,9,5,5,3,32.016666666666666,27.228571428571428
42,46,5,9,9,3,7,10,38.91130952380953,27.40357142857143
42,47,8,5,2,8,2,1,30.920238095238094,27.13809523809524
42,48,10,3,5,7,10,2,40.9140873015873,27.38452380952381
42,49,8,5,2,4,9,1,33.964484126984125,27.363095238095237
43,0,10,4,5,9,2,3,35.965873015873015,27.551190476190477
43,1,4,3,3,7,5,10,28.043055555555554,27.36904761904762
43,2,3,2,10,7,5,7,33.03015873015873,27.49404761904762
43,3,4,2,8,6,5,9,30.978373015873018,27.438095238095237
43,4,1,2,5,6,3,4,23.15496031746032,27.366666666666667
43,5,7,1,4,2,1,6,20.99781746031746,26.873809523809523
43,6,3,1,1,3,1,7,15.271825396825397,26.677380952380954
43,7,4,2,3,2,5,6,22.064484126984127,27.257142857142856
43,8,6,1,5,9,3,4,30.019444444444446,27.385714285714286
43,9,1,1,4,7,1,6,20.17797619047619,26.80952380952381
43,10,2,9,1,3,2,4,23.141468253968252,27.260714285714286
43,11,4,2,3,2,5,4,22.09484126984127,27.21904761904762
43,12,9,5,9,8,4,10,41.03174603174603,27.483333333333334
43,13,2,10,1,3,2,7,24.268849206349206,27.222619047619048
43,14,10,4,2,4,3,1,28.791468253968254,27.329761904761906
43,15,9,1,1,5,9,8,31.181944444444444,27.41071428571429
43,16,2,1,8,7,5,9,29.021626984126986,27.33214285714286
43,17,8,2,10,2,9,2,36.768253968253966,27.457142857142856
43,18,6,7,5,7,5,3,35.9406746031746,27.426190476190477
43,19,10,4,1,7,2,1,30.04186507936508,27.33809523809524
43,20,4,7,1,6,7,8,31.115277777777777,27.402380952380952
43,21,8,5,2,2,2,1,25.004563492063493,27.24047619047619
43,22,3,4,5,4,3,4,25.10079365079365,27.28214285714286
43,23,3,4,8,4,3,4,27.768650793650796,27.242857142857144
43,24,2,7,10,2,4,7,31.089285714285715,27.316666666666666
43,25,8,9,6,8,5,9,42.013888888888886,27.458333333333332
43,26,3,5,9,5,8,3,35.94761904761905,27.40714285714286
43,27,3,9,10,8,10,8,45.83015873015873,27.46785714285714
43,28,8,1,3,1,3,6,22.288888888888888,27.03214285714286
43,29,10,2,2,3,2,1,24.87718253968254,27.186904761904763
43,30,9,2,3,7,5,7,32.04702380952381,27.404761904761905
43,31,7,1,4,8,3,6,29.053373015873017,27.258333333333333
43,32,10,4,1,2,2,1,24.95,26.96785714285714
43,33,9,1,3,7,6,2,32.13968253968254,27.379761904761903
43,34,5,7,1,2,7,8,28.226388888888888,27.164285714285715
43,35,7,3,4,9,2,9,31.13015873015873,27.261904761904763
43,36,2,7,9,7,6,2,36.93988095238095,27.40714285714286
43,37,9,4,1,8,3,10,31.213690476190475,27.294047619047618
43,38,9,9,1,5,3,8,33.295833333333334,27.404761904761905
43,39,7,1,8,1,5,9,27.95654761904762,27.048809523809524
43,40,7,7,2,7,5,3,34.1843253968254,27.385714285714286
43,41,6,2,7,8,5,3,33.74583333333334,27.38095238095238
43,42,3,7,3,5,9,1,33.032539682539685,27.34642857142857
43,43,2,9,6,2,5,3,30.158333333333335,27.154761904761905
43,44,6,2,3,8,1,10,26.100992063492065,26.854761904761904
43,45,3,4,9,5,5,3,32.016666666666666,27.228571428571428
43,46,5,9,9,3,7,10,38.91130952380953,27.40357142857143
43,47,8,5,2,8,2,1,30.920238095238094,27.13809523809524
43,48,10,3,5,7,10,2,40.9140873015873,27.38452380952381
43,49,8,5,2,4,9,1,33.964484126984125,27.363095238095237
44,0,10,4,5,9,2,3,35.965873015873015,27.551190476190477
44,1,4,3,3,7,5,10,28.043055555555554,27.36904761904762
44,2,3,2,10,7,5,7,33.03015873015873,27.49404761904762
44,3,4,2,8,6,5,9,30.978373015873018,27.438095238095237
44,4,1,2,5,6,3,4,23.15496031746032,27.366666666666667
44,5,7,1,4,2,1,6,20.99781746031746,26.873809523809523
44,6,3,1,1,3,1,7,15.271825396825397,26.677380952380954
44,7,4,2,3,2,5,6,22.064484126984127,27.257142857142856
44,8,6,1,5,9,3,4,30.019444444444446,27.385714285714286
44,9,1,1,4,7,1,6,20.17797619047619,26.80952380952381
44,10,2,9,1,3,2,4,23.141468253968252,27.260714285714286
44,11,4,2,3,2,5,4,22.09484126984127,27.21904761904762
44,12,9,5,9,8,4,10,41.03174603174603,27.483333333333334
44,13,2,10,1,3,2,7,24.268849206349206,27.222619047619048
44,14,10,4,2,4,3,1,28.791468253968254,27.329761904761906
44,15,9,1,1,5,9,8,31.181944444444444,27.41071428571429
44,16,2,1,8,7,5,9,29.021626984126986,27.33214285714286
44,17,8,2,10,2,9,2,36.768253968253966,27.457142857142856
44,18,6,7,5,7,5,3,35.9406746031746,27.426190476190477
44,19,10,4,1,7,2,1,30.04186507936508,27.33809523809524
44,20,4,7,1,6,7,8,31.115277777777777,27.402380952380952
44,21,8,5,2,2,2,1,25.004563492063493,27.24047619047619
44,22,3,4,5,4,3,4,25.10079365079365,27.28214285714286
44,23,3,4,8,4,3,4,27.768650793650796,27.242857142857144
44,24,2,7,10,2,4,7,31.089285714285715,27.316666666666666
44,25,8,9,6,8,5,9,42.013888888888886,27.458333333333332
44,26,3,5,9,5,8,3,35.94761904761905,27.40714285714286
44,27,3,9,10,8,10,8,45.83015873015873,27.46785714285714
44,28,8,1,3,1,3,6,22.288888888888888,27.03214285714286
44,29,10,2,2,3,2,1,24.87718253968254,27.186904761904763
44,30,9,2,3,7,5,7,32.04702380952381,27.404761904761905
44,31,7,1,4,8,3,6,29.053373015873017,27.258333333333333
44,32,10,4,1,2,2,1,24.95,26.96785714285714
44,33,9,1,3,7,6,2,32.13968253968254,27.379761904761903
44,34,5,7,1,2,7,8,28.226388888888888,27.164285714285715
44,35,7,3,4,9,2,9,31.13015873015873,27.261904761904763
44,36,2,7,9,7,6,2,36.93988095238095,27.40714285714286
44,37,9,4,1,8,3,10,31.213690476190475,27.294047619047618
44,38,9,9,1,5,3,8,33.295833333333334,27.404761904761905
44,39,7,1,8,1,5,9,27.95654761904762,27.048809523809524
44,40,7,7,2,7,5,3,34.1843253968254,27.385714285714286
44,41,6,2,7,8,5,3,33.74583333333334,27.38095238095238
44,42,3,7,3,5,9,1,33.032539682539685,27.34642857142857
44,43,2,9,6,2,5,3,30.158333333333335,27.154761904761905
44,44,6,2,3,8,1,10,26.100992063492065,26.854761904761904
44,45,3,4,9,5,5,3,32.016666666666666,27.228571428571428
44,46,5,9,9,3,7,10,38.91130952380953,27.40357142857143
44,47,8,5,2,8,2,1,30.920238095238094,27.13809523809524
44,48,10,3,5,7,10,2,40.9140873015873,27.38452380952381
44,49,8,5,2,4,9,1,33.964484126984125,27.363095238095237
45,0,10,4,5,9,2,3,35.965873015873015,27.551190476190477
45,1,4,3,3,7,5,10,28.043055555555554,27.36904761904762
45,2,3,2,10,7,5,7,33.03015873015873,27.49404761904762
45,3,4,2,8,6,5,9,30.978373015873018,27.438095238095237
45,4,1,2,5,6,3,4,23.15496031746032,27.366666666666667
45,5,7,1,4,2,1,6,20.99781746031746,26.873809523809523
45,6,3,1,1,3,1,7,15.271825396825397,26.677380952380954
45,7,4,2,3,2,5,6,22.064484126984127,27.257142857142856
45,8,6,1,5,9,3,4,30.019444444444446,27.385714285714286
45,9,1,1,4,7,1,6,20.17797619047619,26.80952380952381
45,10,2,9,1,3,2,4,23.141468253968252,27.260714285714286
45,11,4,2,3,2,5,4,22.09484126984127,27.21904761904762
45,12,9,5,9,8,4,10,41.03174603174603,27.483333333333334
45,13,2,10,1,3,2,7,24.268849206349206,27.222619047619048
45,14,10,4,2,4,3,1,28.791468253968254,27.329761904761906
45,15,9,1,1,5,9,8,31.181944444444444,27.41071428571429
45,16,2,1,8,7,5,9,29.021626984126986,27.33214285714286
45,17,8,2,10,2,9,2,36.768253968253966,27.457142857142856
45,18,6,7,5,7,5,3,35.9406746031746,27.426190476190477
45,19,10,4,1,7,2,1,30.04186507936508,27.33809523809524
45,20,4,7,1,6,7,8,31.115277777777777,27.402380952380952
45,21,8,5,2,2,2,1,25.004563492063493,27.24047619047619
45,22,3,4,5,4,3,4,25.10079365079365,27.28214285714286
45,23,3,4,8,4,3,4,27.768650793650796,27.242857142857144
45,24,2,7,10,2,4,7,31.089285714285715,27.316666666666666
45,25,8,9,6,8,5,9,42.013888888888886,27.458333333333332
45,26,3,5,9,5,8,3,35.94761904761905,27.40714285714286
45,27,3,9,10,8,10,8,45.83015873015873,27.46785714285714
45,28,8,1,3,1,3,6,22.288888888888888,27.03214285714286
45,29,10,2,2,3,2,1,24.87718253968254,27.186904761904763
45,30,9,2,3,7,5,7,32.04702380952381,27.404761904761905
45,31,7,1,4,8,3,6,29.053373015873017,27.258333333333333
45,32,10,4,1,2,2,1,24.95,26.96785714285714
45,33,9,1,3,7,6,2,32.13968253968254,27.379761904761903
45,34,5,7,1,2,7,8,28.226388888888888,27.164285714285715
45,35,7,3,4,9,2,9,31.13015873015873,27.261904761904763
45,36,2,7,9,7,6,2,36.93988095238095,27.40714285714286
45,37,9,4,1,8,3,10,31.213690476190475,27.294047619047618
45,38,9,9,1,5,3,8,33.295833333333334,27.404761904761905
45,39,7,1,8,1,5,9,27.95654761904762,27.048809523809524
45,40,7,7,2,7,5,3,34.1843253968254,27.385714285714286
45,41,6,2,7,8,5,3,33.74583333333334,27.38095238095238
45,42,3,7,3,5,9,1,33.032539682539685,27.34642857142857
45,43,2,9,6,2,5,3,30.158333333333335,27.154761904761905
45,44,6,2,3,8,1,10,26.100992063492065,26.854761904761904
45,45,3,4,9,5,5,3,32.016666666666666,27.228571428571428
45,46,5,9,9,3,7,10,38.91130952380953,27.40357142857143
45,47,8,5,2,8,2,1,30.920238095238094,27.13809523809524
45,48,10,3,5,7,10,2,40.9140873015873,27.38452380952381
45,49,8,5,2,4,9,1,33.964484126984125,27.363095238095237
46,0,10,4,5,9,2,3,35.965873015873015,27.551190476190477
46,1,4,3,3,7,5,10,28.043055555555554,27.36904761904762
46,2,3,2,10,7,5,7,33.03015873015873,27.49404761904762
46,3,4,2,8,6,5,9,30.978373015873018,27.438095238095237
46,4,1,2,5,6,3,4,23.15496031746032,27.366666666666667
46,5,7,1,4,2,1,6,20.99781746031746,26.873809523809523
46,6,3,1,1,3,1,7,15.271825396825397,26.677380952380954
46,7,4,2,3,2,5,6,22.064484126984127,27.257142857142856
46,8,6,1,5,9,3,4,30.019444444444446,27.385714285714286
46,9,1,1,4,7,1,6,20.17797619047619,26.80952380952381
46,10,2,9,1,3,2,4,23.141468253968252,27.260714285714286
46,11,4,2,3,2,5,4,22.09484126984127,27.21904761904762
46,12,9,5,9,8,4,10,41.03174603174603,27.483333333333334
46,13,2,10,1,3,2,7,24.268849206349206,27.222619047619048
46,14,10,4,2,4,3,1,28.791468253968254,27.329761904761906
46,15,9,1,1,5,9,8,31.181944444444444,27.41071428571429
46,16,2,1,8,7,5,9,29.021626984126986,27.33214285714286
46,17,8,2,10,2,9,2,36.768253968253966,27.457142857142856
46,18,6,7,5,7,5,3,35.9406746031746,27.426190476190477
46,19,10,4,1,7,2,1,30.04186507936508,27.33809523809524
46,20,4,7,1,6,7,8,31.115277777777777,27.402380952380952
46,21,8,5,2,2,2,1,25.004563492063493,27.24047619047619
46,22,3,4,5,4,3,4,25.10079365079365,27.28214285714286
46,23,3,4,8,4,3,4,27.768650793650796,27.242857142857144
46,24,2,7,10,2,4,7,31.089285714285715,27.316666666666666
46,25,8,9,6,8,5,9,42.013888888888886,27.458333333333332
46,26,3,5,9,5,8,3,35.94761904761905,27.40714285714286
46,27,3,9,10,8,10,8,45.83015873015873,27.46785714285714
46,28,8,1,3,1,3,6,22.288888888888888,27.03214285714286
46,29,10,2,2,3,2,1,24.87718253968254,27.186904761904763
46,30,9,2,3,7,5,7,32.04702380952381,27.404761904761905
46,31,7,1,4,8,3,6,29.053373015873017,27.258333333333333
46,32,10,4,1,2,2,1,24.95,26.96785714285714
46,33,9,1,3,7,6,2,32.13968253968254,27.379761904761903
46,34,5,7,1,2,7,8,28.226388888888888,27.164285714285715
46,35,7,3,4,9,2,9,31.13015873015873,27.261904761904763
46,36,2,7,9,7,6,2,36.93988095238095,27.40714285714286
46,37,9,4,1,8,3,10,31.213690476190475,27.294047619047618
46,38,9,9,1,5,3,8,33.295833333333334,27.404761904761905
46,39,7,1,8,1,5,9,27.95654761904762,27.048809523809524
46,40,7,7,2,7,5,3,34.1843253968254,27.385714285714286
46,41,6,2,7,8,5,3,33.74583333333334,27.38095238095238
46,42,3,7,3,5,9,1,33.032539682539685,27.34642857142857
46,43,2,9,6,2,5,3,30.158333333333335,27.154761904761905
46,44,6,2,3,8,1,10,26.100992063492065,26.854761904761904
46,45,3,4,9,5,5,3,32.016666666666666,27.228571428571428
46,46,5,9,9,3,7,10,38.91130952380953,27.40357142857143
46,47,8,5,2,8,2,1,30.920238095238094,27.13809523809524
46,48,10,3,5,7,10,2,40.9140873015873,27.38452380952381
46,49,8,5,2,4,9,1,33.964484126984125,27.363095238095237
47,0,10,4,5,9,2,3,35.965873015873015,27.551190476190477
47,1,4,3,3,7,5,10,28.043055555555554,27.36904761904762
47,2,3,2,10,7,5,7,33.03015873015873,27.49404761904762
47,3,4,2,8,6,5,9,30.978373015873018,27.438095238095237
47,4,1,2,5,6,3,4,23.15496031746032,27.366666666666667
47,5,7,1,4,2,1,6,20.99781746031746,26.873809523809523
47,6,3,1,1,3,1,7,15.271825396825397,26.677380952380954
47,7,4,2,3,2,5,6,22.064484126984127,27.257142857142856
47,8,6,1,5,9,3,4,30.019444444444446,27.385714285714286
47,9,1,1,4,7,1,6,20.17797619047619,26.80952380952381
47,10,2,9,1,3,2,4,23.141468253968252,27.260714285714286
47,11,4,2,3,2,5,4,22.09484126984127,27.21904761904762
47,12,9,5,9,8,4,10,41.03174603174603,27.483333333333334
47,13,2,10,1,3,2,7,24.268849206349206,27.222619047619048
47,14,10,4,2,4,3,1,28.791468253968254,27.329761904761906
47,15,9,1,1,5,9,8,31.181944444444444,27.41071428571429
47,16,2,1,8,7,5,9,29.021626984126986,27.33214285714286
47,17,8,2,10,2,9,2,36.768253968253966,27.457142857142856
47,18,6,7,5,7,5,3,35.9406746031746,27.426190476190477
47,19,10,4,1,7,2,1,30.04186507936508,27.33809523809524
47,20,4,7,1,6,7,8,31.115277777777777,27.402380952380952
47,21,8,5,2,2,2,1,25.004563492063493,27.24047619047619
47,22,3,4,5,4,3,4,25.10079365079365,27.28214285714286
47,23,3,4,8,4,3,4,27.768650793650796,27.242857142857144
47,24,2,7,10,2,4,7,31.089285714285715,27.316666666666666
47,25,8,9,6,8,5,9,42.013888888888886,27.458333333333332
47,26,3,5,9,5,8,3,35.94761904761905,27.40714285714286
47,27,3,9,10,8,10,8,45.83015873015873,27.46785714285714
47,28,8,1,3,1,3,6,22.288888888888888,27.03214285714286
47,29,10,2,2,3,2,1,24.87718253968254,27.186904761904763
47,30,9,2,3,7,5,7,32.04702380952381,27.404761904761905
47,31,7,1,4,8,3,6,29.053373015873017,27.258333333333333
47,32,10,4,1,2,2,1,24.95,26.96785714285714
47,33,9,1,3,7,6,2,32.13968253968254,27.379761904761903
47,34,5,7,1,2,7,8,28.226388888888888,27.164285714285715
47,35,7,3,4,9,2,9,31.13015873015873,27.261904761904763
47,36,2,7,9,7,6,2,36.93988095238095,27.40714285714286
47,37,9,4,1,8,3,10,31.213690476190475,27.294047619047618
47,38,9,9,1,5,3,8,33.295833333333334,27.404761904761905
47,39,7,1,8,1,5,9,27.95654761904762,27.048809523809524
47,40,7,7,2,7,5,3,34.1843253968254,27.385714285714286
47,41,6,2,7,8,5,3,33.74583333333334,27.38095238095238
47,42,3,7,3,5,9,1,33.032539682539685,27.34642857142857
47,43,2,9,6,2,5,3,30.158333333333335,27.154761904761905
47,44,6,2,3,8,1,10,26.100992063492065,26.854761904761904
47,45,3,4,9,5,5,3,32.016666666666666,27.228571428571428
47,46,5,9,9,3,7,10,38.91130952380953,27.40357142857143
47,47,8,5,2,8,2,1,30.920238095238094,27.13809523809524
47,48,10,3,5,7,10,2,40.9140873015873,27.38452380952381
47,49,8,5,2,4,9,1,33.964484126984125,27.363095238095237
48,0,10,4,5,9,2,3,35.965873015873015,27.551190476190477
48,1,4,3,3,7,5,10,28.043055555555554,27.36904761904762
48,2,3,2,10,7,5,7,33.03015873015873,27.49404761904762
48,3,4,2,8,6,5,9,30.978373015873018,27.438095238095237
48,4,1,2,5,6,3,4,23.15496031746032,27.366666666666667
48,5,7,1,4,2,1,6,20.99781746031746,26.873809523809523
48,6,3,1,1,3,1,7,15.271825396825397,26.677380952380954
48,7,4,2,3,2,5,6,22.064484126984127,27.257142857142856
48,8,6,1,5,9,3,4,30.019444444444446,27.385714285714286
48,9,1,1,4,7,1,6,20.17797619047619,26.80952380952381
48,10,2,9,1,3,2,4,23.141468253968252,27.260714285714286
48,11,4,2,3,2,5,4,22.09484126984127,27.21904761904762
48,12,9,5,9,8,4,10,41.03174603174603,27.483333333333334
48,13,2,10,1,3,2,7,24.268849206349206,27.222619047619048
48,14,10,4,2,4,3,1,28.791468253968254,27.329761904761906
48,15,9,1,1,5,9,8,31.181944444444444,27.41071428571429
48,16,2,1,8,7,5,9,29.021626984126986,27.33214285714286
48,17,8,2,10,2,9,2,36.768253968253966,27.457142857142856
48,18,6,7,5,7,5,3,35.9406746031746,27.426190476190477
48,19,10,4,1,7,2,1,30.04186507936508,27.33809523809524
48,20,4,7,1,6,7,8,31.115277777777777,27.402380952380952
48,21,8,5,2,2,2,1,25.004563492063493,27.24047619047619
48,22,3,4,5,4,3,4,25.10079365079365,27.28214285714286
48,23,3,4,8,4,3,4,27.768650793650796,27.242857142857144
48,24,2,7,10,2,4,7,31.089285714285715,27.316666666666666
48,25,8,9,6,8,5,9,42.013888888888886,27.458333333333332
48,26,3,5,9,5,8,3,35.94761904761905,27.40714285714286
48,27,3,9,10,8,10,8,45.83015873015873,27.46785714285714
48,28,8,1,3,1,3,6,22.288888888888888,27.03214285714286
48,29,10,2,2,3,2,1,24.87718253968254,27.186904761904763
48,30,9,2,3,7,5,7,32.04702380952381,27.404761904761905
48,31,7,1,4,8,3,6,29.053373015873017,27.258333333333333
48,32,10,4,1,2,2,1,24.95,26.96785714285714
48,33,9,1,3,7,6,2,32.13968253968254,27.379761904761903
48,34,5,7,1,2,7,8,28.226388888888888,27.164285714285715
48,35,7,3,4,9,2,9,31.13015873015873,27.261904761904763
48,36,2,7,9,7,6,2,36.93988095238095,27.40714285714286
48,37,9,4,1,8,3,10,31.213690476190475,27.294047619047618
48,38,9,9,1,5,3,8,33.295833333333334,27.404761904761905
48,39,7,1,8,1,5,9,27.95654761904762,27.048809523809524
48,40,7,7,2,7,5,3,34.1843253968254,27.385714285714286
48,41,6,2,7,8,5,3,33.74583333333334,27.38095238095238
48,42,3,7,3,5,9,1,33.032539682539685,27.34642857142857
48,43,2,9,6,2,5,3,30.158333333333335,27.154761904761905
48,44,6,2,3,8,1,10,26.100992063492065,26.854761904761904
48,45,3,4,9,5,5,3,32.016666666666666,27.228571428571428
48,46,5,9,9,3,7,10,38.91130952380953,27.40357142857143
48,47,8,5,2,8,2,1,30.920238095238094,27.13809523809524
48,48,10,3,5,7,10,2,40.9140873015873,27.38452380952381
48,49,8,5,2,4,9,1,33.964484126984125,27.363095238095237
49,0,10,4,5,9,2,3,35.965873015873015,27.551190476190477
49,1,4,3,3,7,5,10,28.043055555555554,27.36904761904762
49,2,3,2,10,7,5,7,33.03015873015873,27.49404761904762
49,3,4,2,8,6,5,9,30.978373015873018,27.438095238095237
49,4,1,2,5,6,3,4,23.15496031746032,27.366666666666667
49,5,7,1,4,2,1,6,20.99781746031746,26.873809523809523
49,6,3,1,1,3,1,7,15.271825396825397,26.677380952380954
49,7,4,2,3,2,5,6,22.064484126984127,27.257142857142856
49,8,6,1,5,9,3,4,30.019444444444446,27.385714285714286
49,9,1,1,4,7,1,6,20.17797619047619,26.80952380952381
49,10,2,9,1,3,2,4,23.141468253968252,27.260714285714286
49,11,4,2,3,2,5,4,22.09484126984127,27.21904761904762
49,12,9,5,9,8,4,10,41.03174603174603,27.483333333333334
49,13,2,10,1,3,2,7,24.268849206349206,27.222619047619048
49,14,10,4,2,4,3,1,28.791468253968254,27.329761904761906
49,15,9,1,1,5,9,8,31.181944444444444,27.41071428571429
49,16,2,1,8,7,5,9,29.021626984126986,27.33214285714286
49,17,8,2,10,2,9,2,36.768253968253966,27.457142857142856
49,18,6,7,5,7,5,3,35.9406746031746,27.426190476190477
49,19,10,4,1,7,2,1,30.04186507936508,27.33809523809524
49,20,4,7,1,6,7,8,31.115277777777777,27.402380952380952
49,21,8,5,2,2,2,1,25.004563492063493,27.24047619047619
49,22,3,4,5,4,3,4,25.10079365079365,27.28214285714286
49,23,3,4,8,4,3,4,27.768650793650796,27.242857142857144
49,24,2,7,10,2,4,7,31.089285714285715,27.316666666666666
49,25,8,9,6,8,5,9,42.013888888888886,27.458333333333332
49,26,3,5,9,5,8,3,35.94761904761905,27.40714285714286
49,27,3,9,10,8,10,8,45.83015873015873,27.46785714285714
49,28,8,1,3,1,3,6,22.288888888888888,27.03214285714286
49,29,10,2,2,3,2,1,24.87718253968254,27.186904761904763
49,30,9,2,3,7,5,7,32.04702380952381,27.404761904761905
49,31,7,1,4,8,3,6,29.053373015873017,27.258333333333333
49,32,10,4,1,2,2,1,24.95,26.96785714285714
49,33,9,1,3,7,6,2,32.13968253968254,27.379761904761903
49,34,5,7,1,2,7,8,28.226388888888888,27.164285714285715
49,35,7,3,4,9,2,9,31.13015873015873,27.261904761904763
49,36,2,7,9,7,6,2,36.93988095238095,27.40714285714286
49,37,9,4,1,8,3,10,31.213690476190475,27.294047619047618
49,38,9,9,1,5,3,8,33.295833333333334,27.404761904761905
49,39,7,1,8,1,5,9,27.95654761904762,27.048809523809524
49,40,7,7,2,7,5,3,34.1843253968254,27.385714285714286
49,41,6,2,7,8,5,3,33.74583333333334,27.38095238095238
49,42,3,7,3,5,9,1,33.032539682539685,27.34642857142857
49,43,2,9,6,2,5,3,30.158333333333335,27.154761904761905
49,44,6,2,3,8,1,10,26.100992063492065,26.854761904761904
49,45,3,4,9,5,5,3,32.016666666666666,27.228571428571428
49,46,5,9,9,3,7,10,38.91130952380953,27.40357142857143
49,47,8,5,2,8,2,1,30.920238095238094,27.13809523809524
49,48,10,3,5,7,10,2,40.9140873015873,27.38452380952381
49,49,8,5,2,4,9,1,33.964484126984125,27.363095238095237
