0,0,3,4,1,10,8,3,27.428571428571427,32.27876984126984
0,1,2,6,2,4,5,1,27.303571428571427,24.520833333333332
0,2,6,10,3,9,7,1,27.357142857142858,41.21825396825397
0,3,10,1,10,5,5,7,27.279761904761905,37.076388888888886
0,4,4,3,2,10,9,10,27.482142857142858,34.3968253968254
0,5,1,6,10,6,5,3,27.660714285714285,33.992063492063494
0,6,7,5,9,3,5,5,27.053571428571427,34.64980158730159
0,7,3,7,1,6,9,1,27.672619047619047,32.11309523809524
0,8,7,5,9,5,9,7,27.44047619047619,40.038690476190474
0,9,7,3,5,10,6,7,27.392857142857142,37.25198412698413
0,10,10,1,5,10,10,9,27.273809523809526,41.88392857142857
0,11,9,9,7,9,7,2,27.226190476190474,47.004960317460316
0,12,2,8,6,2,7,7,27.06547619047619,31.28075396825397
0,13,1,4,9,4,7,1,27.375,30.892857142857142
0,14,2,8,4,3,1,9,26.738095238095237,24.28769841269841
0,15,7,6,3,6,6,4,27.089285714285715,34.05059523809524
0,16,8,1,2,9,3,4,27.095238095238095,28.53968253968254
0,17,2,1,4,7,2,3,27.375,22.169642857142858
0,18,10,8,1,2,8,9,27.19047619047619,35.092261904761905
0,19,3,10,5,8,8,2,27.273809523809526,40.160714285714285
0,20,6,2,10,5,2,1,27.547619047619047,31.214285714285715
0,21,3,9,6,2,6,2,27.285714285714285,32.20337301587302
0,22,3,10,7,5,3,1,27.75595238095238,34.04563492063492
0,23,2,4,6,2,4,9,27.470238095238095,24.000992063492063
0,24,5,8,2,3,1,5,27.017857142857142,25.22222222222222
0,25,2,10,8,10,4,7,27.30952380952381,39.79265873015873
0,26,6,2,9,3,1,4,26.821428571428573,27.02281746031746
0,27,7,10,1,4,4,8,27.392857142857142,32.01289682539682
0,28,7,1,7,8,5,4,27.452380952380953,34.214285714285715
0,29,4,2,5,2,10,3,27.38095238095238,28.95436507936508
0,30,3,6,1,1,8,3,27.0,25.378968253968253
0,31,10,5,1,8,1,5,26.922619047619047,31.03968253968254
0,32,1,4,8,4,8,9,27.279761904761905,31.234126984126984
0,33,7,3,6,6,5,1,27.327380952380953,32.82738095238095
0,34,7,10,2,3,10,9,27.410714285714285,38.282738095238095
0,35,6,5,9,5,4,5,27.297619047619047,34.92857142857143
0,36,5,9,3,6,9,8,27.482142857142858,38.56547619047619
0,37,8,3,9,4,8,7,27.386904761904763,38.007936507936506
0,38,6,2,7,9,4,3,27.125,33.961309523809526
0,39,2,1,7,6,4,1,27.529761904761905,25.903769841269842
0,40,9,9,3,4,9,6,27.351190476190474,39.99900793650794
0,41,10,1,9,6,1,2,26.964285714285715,33.12698412698413
0,42,9,1,2,2,10,2,27.113095238095237,29.97718253968254
0,43,3,5,9,5,6,7,27.69047619047619,34.21329365079365
0,44,10,10,9,9,6,6,27.297619047619047,49.842261904761905
0,45,1,4,9,6,5,1,27.19047619047619,31.092261904761905
0,46,4,4,1,2,6,5,27.101190476190474,23.10019841269841
0,47,1,6,2,2,8,6,27.613095238095237,24.758928571428573
0,48,3,3,8,5,7,7,27.273809523809526,32.33234126984127
0,49,6,3,7,5,4,9,27.261904761904763,31.10813492063492
1,0,2,8,6,4,7,1,27.49404761904762,32.95634920634921
1,1,4,4,9,2,7,7,27.202380952380953,31.976190476190474
1,2,10,10,9,9,6,3,27.19047619047619,49.84325396825397
1,3,3,4,1,10,8,6,27.095238095238095,32.2718253968254
1,4,3,1,6,6,5,1,27.18452380952381,26.60813492063492
1,5,7,3,5,10,10,9,27.357142857142858,40.57440476190476
1,6,8,3,7,4,7,2,27.19047619047619,34.89384920634921
1,7,9,9,9,4,8,7,27.357142857142858,45.23412698412698
1,8,1,4,9,4,7,5,27.5,31.148809523809526
1,9,7,5,9,3,3,1,27.101190476190474,32.82440476190476
1,10,7,1,7,6,4,1,27.25595238095238,30.918650793650794
1,11,2,3,5,10,6,7,27.43452380952381,32.40277777777778
1,12,9,8,6,2,7,7,27.458333333333332,38.020833333333336
1,13,2,5,9,3,6,5,27.297619047619047,30.936507936507937
1,14,6,9,3,6,9,8,27.30952380952381,39.260912698412696
1,15,5,10,8,5,2,1,27.267857142857142,35.89384920634921
1,16,4,2,9,5,2,7,27.279761904761905,27.85515873015873
1,17,3,5,5,2,10,3,26.946428571428573,31.307539682539684
1,18,7,5,7,8,5,1,27.261904761904763,37.95734126984127
1,19,7,3,6,6,5,4,26.970238095238095,32.64781746031746
1,20,3,10,5,7,2,3,26.964285714285715,32.74900793650794
1,21,2,1,4,8,8,2,27.43452380952381,29.161706349206348
1,22,2,6,2,4,5,1,27.273809523809526,24.77281746031746
1,23,9,9,7,9,7,2,27.267857142857142,46.72222222222222
1,24,1,6,1,2,10,10,27.24404761904762,26.150793650793652
1,25,4,3,2,10,9,6,27.529761904761905,34.145833333333336
1,26,5,9,3,6,9,3,27.458333333333332,38.24305555555556
1,27,1,6,2,6,5,8,27.339285714285715,26.0515873015873
1,28,10,5,1,5,9,7,27.452380952380953,36.442460317460316
1,29,5,7,9,8,1,5,27.172619047619047,36.051587301587304
1,30,7,4,9,4,7,1,27.601190476190474,36.88194444444444
1,31,1,3,7,8,5,4,27.345238095238095,30.02281746031746
1,32,1,6,10,6,5,3,27.202380952380953,33.47123015873016
1,33,10,1,10,5,5,7,27.279761904761905,37.12599206349206
1,34,6,5,9,5,10,9,27.30952380952381,40.97519841269841
1,35,6,1,5,10,5,5,27.202380952380953,33.404761904761905
1,36,3,10,2,5,2,7,27.208333333333332,28.10019841269841
1,37,7,7,1,6,9,1,27.55952380952381,36.04761904761905
1,38,1,6,2,2,6,7,26.93452380952381,23.36904761904762
1,39,3,5,9,5,8,6,27.392857142857142,36.23412698412698
1,40,4,2,5,10,6,7,27.642857142857142,33.145833333333336
1,41,5,3,5,2,10,3,27.428571428571427,31.1875
1,42,8,6,2,4,5,5,27.517857142857142,31.113095238095237
1,43,7,5,10,3,5,1,27.196428571428573,35.95436507936508
1,44,4,3,2,10,2,3,27.25,26.900793650793652
1,45,3,1,4,5,9,10,27.666666666666668,28.003968253968253
1,46,10,5,1,8,8,2,27.25595238095238,38.20337301587302
1,47,3,10,5,8,1,5,26.99404761904762,33.22420634920635
1,48,1,4,9,6,6,5,27.0,32.086309523809526
1,49,4,4,1,2,5,1,27.047619047619047,21.924603174603174
2,0,1,6,4,10,8,2,27.386904761904763,35.02777777777778
2,1,2,1,2,2,6,7,26.958333333333332,19.30952380952381
2,2,8,6,2,8,5,4,27.25595238095238,35.14980158730159
2,3,1,3,7,4,5,5,27.166666666666668,25.953373015873016
2,4,7,4,9,6,6,5,27.470238095238095,37.95734126984127
2,5,1,3,5,10,10,9,27.38095238095238,35.179563492063494
2,6,6,1,5,10,8,7,27.529761904761905,36.010912698412696
2,7,9,9,9,3,5,5,27.351190476190474,41.14186507936508
2,8,7,8,6,2,7,5,27.18452380952381,36.17559523809524
2,9,9,7,2,6,9,1,27.529761904761905,38.923611111111114
2,10,4,4,9,5,2,7,27.351190476190474,30.064484126984127
2,11,4,2,10,1,7,7,27.196428571428573,29.958333333333332
2,12,4,2,5,4,1,2,27.011904761904763,22.27281746031746
2,13,8,3,7,10,6,3,27.5,40.10019841269841
2,14,4,2,5,10,6,7,27.351190476190474,32.9593253968254
2,15,4,2,9,5,2,7,27.202380952380953,28.092261904761905
2,16,9,6,1,4,7,5,27.56547619047619,33.25099206349206
2,17,1,4,2,6,5,8,27.38095238095238,24.24404761904762
2,18,5,3,2,10,2,3,26.982142857142858,28.09325396825397
2,19,4,7,9,8,1,5,27.095238095238095,35.138888888888886
2,20,1,4,9,6,6,9,27.136904761904763,31.395833333333332
2,21,2,10,5,8,1,5,27.035714285714285,31.896825396825395
2,22,7,4,9,2,5,9,27.053571428571427,33.13690476190476
2,23,7,5,7,4,7,1,27.24404761904762,35.60515873015873
2,24,3,5,5,2,5,1,27.125,25.532738095238095
2,25,2,6,2,4,10,5,27.154761904761905,30.058531746031747
2,26,10,10,5,7,2,3,27.238095238095237,39.64186507936508
2,27,3,5,1,5,9,7,27.482142857142858,29.026785714285715
2,28,4,4,1,2,5,4,27.470238095238095,22.40277777777778
2,29,1,3,7,8,5,1,27.160714285714285,29.375992063492063
2,30,1,6,8,2,10,3,27.017857142857142,32.65079365079365
2,31,3,5,5,2,10,10,27.672619047619047,31.01686507936508
2,32,1,6,5,5,10,3,27.291666666666668,33.30654761904762
2,33,3,5,2,6,5,8,27.422619047619047,27.220238095238095
2,34,7,4,9,2,3,1,27.172619047619047,31.121031746031747
2,35,7,5,10,4,7,1,27.61904761904762,38.15972222222222
2,36,7,5,7,8,5,8,27.25,38.43452380952381
2,37,1,6,2,6,5,1,27.672619047619047,26.133928571428573
2,38,3,5,9,5,10,3,27.267857142857142,38.03968253968254
2,39,5,3,5,2,3,6,27.25595238095238,24.163690476190474
2,40,6,4,5,10,5,1,27.392857142857142,36.02876984126984
2,41,3,1,6,6,5,5,27.25,27.19345238095238
2,42,7,5,7,5,10,1,27.017857142857142,39.83730158730159
2,43,7,3,5,8,5,1,27.351190476190474,33.989087301587304
2,44,7,5,5,2,6,3,27.06547619047619,31.075396825396826
2,45,6,3,5,10,10,9,27.392857142857142,40.25396825396825
2,46,1,6,10,3,5,1,27.416666666666668,30.88888888888889
2,47,7,5,10,6,5,3,27.047619047619047,38.138888888888886
2,48,1,4,3,6,9,3,27.297619047619047,29.223214285714285
2,49,5,9,9,4,7,5,27.06547619047619,40.24702380952381
3,0,7,8,6,2,7,7,27.30952380952381,36.214285714285715
3,1,1,4,9,5,2,5,27.196428571428573,26.873015873015873
3,2,4,4,1,1,6,7,26.803571428571427,22.325396825396826
3,3,2,1,2,2,5,8,27.50595238095238,18.264880952380953
3,4,3,1,2,2,6,7,27.363095238095237,20.057539682539684
3,5,2,1,6,6,5,6,27.642857142857142,25.99206349206349
3,6,1,4,9,6,6,9,27.61904761904762,31.85515873015873
3,7,1,6,8,2,8,3,27.232142857142858,30.967261904761905
3,8,1,6,8,2,9,7,27.273809523809526,31.884920634920636
3,9,1,4,3,8,10,3,27.541666666666668,32.101190476190474
3,10,3,4,5,10,5,1,27.416666666666668,32.46626984126984
3,11,6,5,1,5,9,7,27.273809523809526,32.25099206349206
3,12,7,5,7,8,2,3,27.601190476190474,35.17261904761905
3,13,5,3,2,10,5,6,27.38095238095238,31.09325396825397
3,14,1,6,5,10,8,7,27.50595238095238,36.257936507936506
3,15,7,1,5,5,10,3,27.422619047619047,34.17757936507937
3,16,7,5,10,2,3,1,26.916666666666668,32.88789682539682
3,17,7,4,9,6,1,1,26.875,33.09027777777778
3,18,1,6,3,6,9,1,27.267857142857142,30.963293650793652
3,19,1,2,2,6,5,1,27.595238095238095,22.241071428571427
3,20,6,3,5,8,5,1,27.178571428571427,32.41269841269841
3,21,7,3,5,10,10,9,27.517857142857142,41.46230158730159
3,22,7,1,6,6,5,5,27.345238095238095,30.69345238095238
3,23,3,4,9,6,6,7,27.214285714285715,33.964285714285715
3,24,1,3,2,8,5,4,27.422619047619047,25.20436507936508
3,25,8,3,5,10,10,9,27.38095238095238,42.089285714285715
3,26,1,6,4,10,8,3,27.226190476190474,34.589285714285715
3,27,1,6,8,2,10,3,27.101190476190474,32.526785714285715
3,28,3,1,6,6,5,3,27.279761904761905,27.11111111111111
3,29,1,6,8,2,10,5,27.0,32.68154761904762
3,30,1,1,2,4,5,5,27.339285714285715,19.31845238095238
3,31,1,2,7,2,6,7,27.261904761904763,24.157738095238095
3,32,4,2,3,8,1,5,26.827380952380953,23.822420634920636
3,33,2,6,9,5,2,7,27.303571428571427,30.196428571428573
3,34,9,6,1,4,7,5,27.113095238095237,33.229166666666664
3,35,7,4,9,2,3,1,26.99404761904762,30.96825396825397
3,36,4,3,7,8,5,8,27.446428571428573,32.635912698412696
3,37,9,5,9,8,2,7,27.047619047619047,39.11507936507937
3,38,3,5,1,2,5,1,27.160714285714285,22.124007936507937
3,39,3,5,5,8,9,7,27.416666666666668,36.46924603174603
3,40,1,6,5,10,10,9,27.285714285714285,38.23015873015873
3,41,6,3,5,10,10,3,27.74404761904762,40.18849206349206
3,42,2,10,2,4,1,5,26.886904761904763,24.996031746031747
3,43,4,2,9,8,10,5,27.196428571428573,39.01884920634921
3,44,7,6,1,5,9,7,26.857142857142858,34.36011904761905
3,45,3,3,7,5,10,9,27.202380952380953,33.88095238095238
3,46,7,5,10,4,8,1,27.291666666666668,39.523809523809526
3,47,9,6,1,4,2,5,27.30952380952381,28.194444444444443
3,48,2,10,5,8,5,5,27.238095238095237,35.94742063492063
3,49,1,3,7,4,1,5,27.05952380952381,21.751984126984127
4,0,7,5,10,6,3,9,27.06547619047619,37.23809523809524
4,1,1,4,9,7,6,1,27.017857142857142,32.43948412698413
4,2,7,1,1,5,10,3,27.351190476190474,30.430555555555557
4,3,6,5,5,5,10,3,27.482142857142858,37.28472222222222
4,4,2,4,5,9,8,7,27.5,34.21924603174603
4,5,1,6,5,8,5,5,27.470238095238095,30.648809523809526
4,6,2,1,2,2,1,7,26.946428571428573,13.947420634920634
4,7,4,2,3,8,6,7,27.428571428571427,29.055555555555557
4,8,3,5,9,8,2,7,27.06547619047619,33.25694444444444
4,9,9,5,5,8,9,7,27.529761904761905,41.916666666666664
4,10,2,1,6,6,8,5,27.398809523809526,28.904761904761905
4,11,7,4,5,10,5,1,27.25595238095238,36.96924603174603
4,12,3,5,5,8,9,1,27.291666666666668,35.986111111111114
4,13,10,6,3,6,9,3,27.363095238095237,40.23115079365079
4,14,9,6,1,4,9,7,27.357142857142858,35.242063492063494
4,15,6,5,1,5,7,5,27.43452380952381,30.330357142857142
4,16,1,4,5,6,9,1,27.61904761904762,31.20436507936508
4,17,1,6,3,6,6,9,27.101190476190474,28.125992063492063
4,18,4,10,5,8,5,5,27.386904761904763,38.151785714285715
4,19,9,6,1,4,7,5,27.303571428571427,33.304563492063494
4,20,1,4,9,5,10,3,27.208333333333332,34.93154761904762
4,21,6,3,5,10,2,5,27.273809523809526,32.18849206349206
4,22,1,10,7,2,6,7,27.291666666666668,31.692460317460316
4,23,3,1,2,2,6,7,26.982142857142858,20.125
4,24,2,10,2,4,1,5,26.898809523809526,25.106150793650794
4,25,4,2,3,8,8,5,27.142857142857142,31.311507936507937
4,26,7,5,7,8,9,7,27.345238095238095,42.21329365079365
4,27,6,3,1,5,2,3,27.30952380952381,23.27480158730159
4,28,6,5,1,5,2,7,27.392857142857142,25.321428571428573
4,29,4,6,9,5,9,7,27.607142857142858,39.15972222222222
4,30,7,6,6,6,5,6,27.345238095238095,36.129960317460316
4,31,2,9,1,5,9,7,27.226190476190474,31.94543650793651
4,32,3,4,5,10,5,1,27.226190476190474,32.09722222222222
4,33,1,6,8,2,10,6,27.25,33.1656746031746
4,34,1,3,7,4,1,5,26.678571428571427,22.17956349206349
4,35,1,3,7,4,1,5,26.99404761904762,22.243055555555557
4,36,4,4,9,6,6,7,27.351190476190474,35.20039682539682
4,37,3,3,3,10,10,9,27.38095238095238,35.201388888888886
4,38,6,5,9,4,1,5,26.75595238095238,31.14484126984127
4,39,2,10,1,5,9,7,27.232142857142858,33.13988095238095
4,40,5,1,2,4,5,5,27.321428571428573,23.071428571428573
4,41,1,1,6,6,5,5,27.547619047619047,24.995039682539684
4,42,1,2,6,6,8,7,27.06547619047619,29.133928571428573
4,43,1,6,5,10,5,1,27.416666666666668,32.63789682539682
4,44,9,5,9,8,2,5,27.202380952380953,39.010912698412696
4,45,1,4,9,5,2,7,27.321428571428573,27.188492063492063
4,46,4,2,1,2,5,1,27.25,20.25297619047619
4,47,3,5,3,8,1,5,27.285714285714285,26.311507936507937
4,48,2,10,2,4,1,5,27.172619047619047,25.1875
4,49,2,8,2,4,1,5,26.75595238095238,23.25297619047619
5,0,1,6,5,2,5,8,27.30952380952381,24.96527777777778
5,1,4,2,1,10,5,1,27.339285714285715,28.000992063492063
5,2,7,6,6,6,5,6,27.297619047619047,36.19742063492063
5,3,7,5,7,8,9,7,27.398809523809526,41.97123015873016
5,4,4,2,1,9,2,3,27.291666666666668,24.3859126984127
5,5,6,1,3,8,6,7,27.071428571428573,30.17063492063492
5,6,4,2,1,2,5,1,27.30952380952381,20.183531746031747
5,7,7,5,10,6,3,9,26.99404761904762,36.23115079365079
5,8,2,10,6,6,5,5,27.363095238095237,34.95337301587302
5,9,1,1,2,4,1,5,27.148809523809526,15.324404761904763
5,10,7,3,1,8,2,7,27.386904761904763,27.262896825396826
5,11,3,5,9,5,10,3,27.351190476190474,37.84325396825397
5,12,6,5,1,6,9,1,27.452380952380953,33.195436507936506
5,13,1,4,5,5,7,5,27.488095238095237,28.256944444444443
5,14,3,5,2,4,1,5,26.88095238095238,21.011904761904763
5,15,2,10,3,8,1,5,26.785714285714285,30.28075396825397
5,16,4,4,9,6,6,7,27.416666666666668,34.845238095238095
5,17,4,2,3,8,8,5,27.261904761904763,31.03174603174603
5,18,4,2,1,2,5,3,27.24404761904762,20.34325396825397
5,19,6,3,10,5,2,1,26.982142857142858,31.60019841269841
5,20,1,6,3,6,6,7,27.422619047619047,28.34325396825397
5,21,2,4,9,6,6,9,27.208333333333332,33.12797619047619
5,22,6,3,5,10,6,4,27.25595238095238,36.17162698412698
5,23,1,4,9,7,2,5,27.333333333333332,28.82043650793651
5,24,1,10,2,4,1,10,26.904761904761905,24.333333333333332
5,25,2,6,3,6,6,9,27.351190476190474,29.177579365079364
5,26,1,4,9,7,2,3,27.089285714285715,28.65972222222222
5,27,6,3,1,8,6,1,27.047619047619047,30.241071428571427
5,28,4,4,5,10,5,1,27.541666666666668,33.06547619047619
5,29,7,2,3,8,6,7,27.125,32.10218253968254
5,30,9,5,4,8,9,5,27.261904761904763,41.02281746031746
5,31,2,8,9,4,1,7,27.00595238095238,30.07043650793651
5,32,4,2,3,8,6,7,26.93452380952381,29.178571428571427
5,33,5,1,2,4,5,5,27.517857142857142,23.150793650793652
5,34,1,4,9,7,5,1,27.613095238095237,31.904761904761905
5,35,2,10,2,4,1,5,26.61904761904762,25.125
5,36,1,4,9,6,6,2,27.226190476190474,31.800595238095237
5,37,1,1,6,6,5,7,27.261904761904763,25.01984126984127
5,38,4,6,3,6,9,3,27.601190476190474,34.06547619047619
5,39,10,2,3,8,6,7,27.375,35.54365079365079
5,40,3,5,9,2,5,1,27.291666666666668,29.949404761904763
5,41,4,2,1,8,2,7,27.06547619047619,23.314484126984127
5,42,1,5,3,8,1,5,27.023809523809526,23.9375
5,43,3,2,6,6,8,7,27.297619047619047,31.020833333333332
5,44,4,4,5,8,5,5,27.589285714285715,32.0625
5,45,1,6,9,6,10,7,27.50595238095238,38.31150793650794
5,46,3,1,2,2,6,7,27.422619047619047,20.1140873015873
5,47,3,5,5,8,9,1,27.071428571428573,34.907738095238095
5,48,4,3,7,4,6,9,27.261904761904763,29.96825396825397
5,49,1,6,3,9,1,5,27.023809523809526,25.42063492063492
6,0,4,2,3,8,6,7,26.970238095238095,29.278769841269842
6,1,4,4,7,8,5,5,27.375,33.73710317460318
6,2,1,1,10,6,5,7,27.166666666666668,29.125992063492063
6,3,5,8,9,4,1,7,27.30952380952381,32.982142857142854
6,4,1,4,9,4,6,9,27.43452380952381,29.842261904761905
6,5,4,3,7,7,3,1,27.279761904761905,29.939484126984127
6,6,9,2,1,8,1,7,27.148809523809526,27.27281746031746
6,7,4,5,4,8,7,5,27.035714285714285,33.70039682539682
6,8,7,5,9,6,6,9,27.273809523809526,39.32142857142857
6,9,2,4,7,8,9,7,27.095238095238095,35.692460317460316
6,10,1,1,9,6,5,6,27.25,27.81845238095238
6,11,7,1,6,7,2,3,27.202380952380953,29.018849206349206
6,12,7,6,9,6,10,7,27.285714285714285,43.9781746031746
6,13,1,6,6,6,5,6,26.970238095238095,30.052579365079364
6,14,2,10,3,4,4,5,27.136904761904763,29.043650793650794
6,15,5,1,2,8,1,5,26.785714285714285,23.24702380952381
6,16,4,6,6,6,10,6,27.291666666666668,37.6031746031746
6,17,7,4,5,8,5,10,27.30952380952381,35.10615079365079
6,18,7,10,2,4,1,10,26.886904761904763,30.34722222222222
6,19,1,6,6,6,5,6,27.25,29.884920634920636
6,20,4,3,1,2,3,3,27.36904761904762,19.308531746031747
6,21,7,2,3,8,6,7,27.398809523809526,31.116071428571427
6,22,1,4,9,6,6,1,27.148809523809526,32.07242063492063
6,23,4,4,5,10,5,2,27.107142857142858,33.888888888888886
6,24,1,6,3,9,4,5,27.452380952380953,29.39980158730159
6,25,2,10,3,9,1,5,26.952380952380953,30.942460317460316
6,26,7,5,9,6,6,7,27.136904761904763,39.05257936507937
6,27,4,4,7,8,9,7,27.44047619047619,37.54265873015873
6,28,7,6,2,8,2,7,27.357142857142858,31.21230158730159
6,29,4,2,1,8,5,2,27.267857142857142,26.23015873015873
6,30,7,5,7,6,3,3,27.375,34.14980158730159
6,31,6,5,10,8,4,7,27.113095238095237,38.71626984126984
6,32,3,2,6,6,8,7,27.196428571428573,30.726190476190474
6,33,6,5,1,8,6,1,27.30952380952381,32.23313492063492
6,34,9,5,4,8,1,5,26.773809523809526,32.88789682539682
6,35,1,5,3,8,9,5,27.148809523809526,32.24305555555556
6,36,4,2,1,9,2,3,27.339285714285715,24.28174603174603
6,37,2,4,9,6,6,9,27.535714285714285,32.967261904761905
6,38,1,9,2,4,6,7,27.541666666666668,27.726190476190474
6,39,4,6,3,6,1,5,27.107142857142858,25.979166666666668
6,40,2,10,2,4,1,5,26.761904761904763,25.177579365079364
6,41,2,10,7,4,8,5,27.779761904761905,36.432539682539684
6,42,1,4,9,7,9,1,27.422619047619047,36.10912698412698
6,43,3,5,5,8,2,1,27.416666666666668,29.1765873015873
6,44,4,2,1,9,2,3,27.023809523809526,24.286706349206348
6,45,7,2,2,3,6,7,27.279761904761905,25.881944444444443
6,46,1,1,6,6,5,1,27.202380952380953,24.959325396825395
6,47,6,5,1,6,9,7,27.148809523809526,33.50992063492063
6,48,3,1,2,8,2,7,27.339285714285715,22.14186507936508
6,49,4,2,1,2,6,7,27.19047619047619,21.151785714285715
7,0,1,6,6,6,5,5,27.172619047619047,30.126984126984127
7,1,1,1,9,9,5,6,27.375,31.078373015873016
7,2,4,4,7,1,5,5,26.88095238095238,27.113095238095237
7,3,1,5,3,4,4,5,27.18452380952381,23.35019841269841
7,4,5,8,9,4,1,7,26.99404761904762,33.29761904761905
7,5,7,2,3,8,6,1,27.422619047619047,31.9890873015873
7,6,4,2,7,8,5,6,27.154761904761905,32.05952380952381
7,7,4,4,1,9,2,3,27.36904761904762,26.506944444444443
7,8,4,4,5,10,5,2,27.24404761904762,34.05257936507937
7,9,4,4,5,10,5,2,27.49404761904762,33.96230158730159
7,10,7,6,9,6,8,7,27.529761904761905,42.05059523809524
7,11,3,2,6,6,10,7,27.517857142857142,32.95734126984127
7,12,7,5,9,6,9,7,27.11904761904762,41.24305555555556
7,13,6,6,9,6,10,7,27.160714285714285,42.604166666666664
7,14,1,10,2,7,3,1,27.291666666666668,29.232142857142858
7,15,4,3,7,4,6,7,27.214285714285715,29.261904761904763
7,16,7,5,5,10,5,1,27.327380952380953,38.089285714285715
7,17,2,5,9,6,6,9,27.49404761904762,34.05357142857143
7,18,1,6,6,6,5,5,27.297619047619047,29.85019841269841
7,19,4,6,3,6,1,6,27.125,25.81845238095238
7,20,3,2,3,8,2,7,27.351190476190474,23.974206349206348
7,21,7,5,2,8,6,2,27.19047619047619,34.38988095238095
7,22,4,2,7,8,1,5,27.047619047619047,27.776785714285715
7,23,2,10,2,4,5,10,27.291666666666668,29.310515873015873
7,24,5,5,1,9,2,3,27.05952380952381,28.403769841269842
7,25,4,2,5,8,2,1,27.357142857142858,27.157738095238095
7,26,5,8,6,4,10,6,27.571428571428573,38.845238095238095
7,27,4,6,6,6,1,7,26.827380952380953,29.16269841269841
7,28,6,5,10,8,4,7,27.422619047619047,39.117063492063494
7,29,6,5,10,8,4,7,27.458333333333332,38.81150793650794
7,30,7,1,6,7,6,7,27.529761904761905,32.94742063492063
7,31,7,8,3,8,2,3,27.029761904761905,34.163690476190474
7,32,5,8,7,8,5,5,27.113095238095237,39.354166666666664
7,33,4,4,9,4,9,2,27.416666666666668,36.129960317460316
7,34,4,4,7,8,4,5,27.55952380952381,33.24801587301587
7,35,1,6,3,9,5,5,27.18452380952381,30.15972222222222
7,36,4,6,9,6,10,7,27.553571428571427,40.97519841269841
7,37,7,4,7,8,9,3,27.089285714285715,40.61507936507937
7,38,7,10,3,8,7,5,27.267857142857142,41.12103174603175
7,39,4,5,4,4,1,10,27.029761904761905,24.160714285714285
7,40,1,7,6,6,5,6,27.18452380952381,30.45138888888889
7,41,6,5,1,6,9,7,27.071428571428573,33.41865079365079
7,42,4,10,2,4,1,10,27.13095238095238,27.191468253968253
7,43,7,4,5,10,5,2,27.321428571428573,37.03670634920635
7,44,2,4,9,6,6,1,27.517857142857142,33.00595238095238
7,45,2,4,9,6,6,9,27.357142857142858,32.551587301587304
7,46,1,1,6,6,5,1,27.458333333333332,24.625
7,47,6,5,1,6,9,7,27.24404761904762,33.364087301587304
7,48,2,2,2,10,5,2,27.345238095238095,27.165674603174605
7,49,4,4,3,4,2,5,27.273809523809526,23.03174603174603
8,0,5,2,5,8,2,1,27.375,27.824404761904763
8,1,4,5,1,6,9,7,27.279761904761905,31.163690476190474
8,2,1,5,3,6,5,10,27.24404761904762,26.238095238095237
8,3,2,10,2,4,4,9,27.089285714285715,28.35019841269841
8,4,6,5,1,6,9,5,27.267857142857142,33.12698412698413
8,5,4,4,7,1,5,7,26.886904761904763,27.136904761904763
8,6,4,4,7,1,10,7,27.113095238095237,32.114087301587304
8,7,4,6,9,6,5,3,27.523809523809526,36.24900793650794
8,8,1,7,6,6,6,9,27.470238095238095,32.10813492063492
8,9,2,4,9,6,5,6,27.44047619047619,32.26190476190476
8,10,2,3,7,4,6,7,27.386904761904763,28.092261904761905
8,11,4,2,2,10,5,2,27.357142857142858,29.21230158730159
8,12,4,6,3,6,9,7,27.529761904761905,34.15873015873016
8,13,7,5,9,6,1,6,26.791666666666668,32.98412698412698
8,14,5,8,7,8,2,3,27.327380952380953,36.17757936507937
8,15,7,8,3,8,5,5,27.261904761904763,37.18551587301587
8,16,7,8,3,8,3,9,27.113095238095237,34.89384920634921
8,17,2,5,9,6,6,3,27.529761904761905,33.86607142857143
8,18,4,8,6,4,10,6,27.24404761904762,38.076388888888886
8,19,5,4,3,4,2,5,27.267857142857142,24.03472222222222
8,20,4,3,7,1,5,5,26.613095238095237,26.20436507936508
8,21,4,4,5,10,5,2,27.136904761904763,34.32837301587302
8,22,4,2,7,8,9,9,27.50595238095238,35.66170634920635
8,23,4,3,7,4,8,5,27.50595238095238,32.30654761904762
8,24,1,6,3,6,10,7,27.166666666666668,32.27777777777778
8,25,4,6,9,9,5,5,27.63095238095238,38.916666666666664
8,26,6,4,7,8,4,5,27.386904761904763,35.27579365079365
8,27,4,5,3,8,4,7,27.398809523809526,30.116071428571427
8,28,9,5,1,9,8,3,27.470238095238095,38.25198412698413
8,29,4,6,9,6,10,7,27.261904761904763,41.19146825396825
8,30,3,2,9,4,9,2,27.238095238095237,33.09027777777778
8,31,4,4,3,8,2,7,27.077380952380953,27.33531746031746
8,32,4,6,9,6,10,2,27.297619047619047,41.00396825396825
8,33,2,5,2,10,5,7,27.363095238095237,30.1984126984127
8,34,5,2,6,10,5,2,27.404761904761905,33.992063492063494
8,35,4,4,5,4,10,6,27.279761904761905,33.31944444444444
8,36,7,4,5,4,2,5,27.208333333333332,27.995039682539684
8,37,4,4,3,10,5,2,27.363095238095237,31.67956349206349
8,38,5,8,6,4,10,6,27.31547619047619,39.09920634920635
8,39,4,6,3,6,1,6,26.720238095238095,25.41269841269841
8,40,4,2,10,8,4,4,27.345238095238095,33.958333333333336
8,41,6,5,3,8,2,7,27.601190476190474,30.04563492063492
8,42,1,5,3,4,4,5,27.571428571428573,23.28174603174603
8,43,1,6,6,6,5,5,26.916666666666668,30.160714285714285
8,44,5,2,3,8,9,3,27.488095238095237,33.18154761904762
8,45,7,4,7,8,2,7,27.035714285714285,34.192460317460316
8,46,4,2,3,8,2,7,27.178571428571427,24.964285714285715
8,47,3,2,7,8,5,9,26.88095238095238,31.109126984126984
8,48,6,5,2,4,5,10,27.101190476190474,28.46031746031746
8,49,2,10,1,6,9,7,27.101190476190474,34.37896825396825
9,0,1,6,6,9,6,3,27.392857142857142,33.45337301587302
9,1,2,2,9,6,5,5,27.31547619047619,30.08234126984127
9,2,4,2,10,8,2,7,27.291666666666668,32.01190476190476
9,3,4,2,3,8,4,4,27.523809523809526,27.32936507936508
9,4,7,8,5,8,5,5,27.55952380952381,39.18849206349206
9,5,2,4,9,6,5,6,27.386904761904763,31.868055555555557
9,6,7,6,3,6,10,7,27.529761904761905,38.104166666666664
9,7,1,4,8,1,2,9,26.845238095238095,22.345238095238095
9,8,4,8,3,8,3,9,27.482142857142858,32.267857142857146
9,9,7,2,3,10,2,7,27.511904761904763,30.217261904761905
9,10,4,6,9,6,5,3,27.214285714285715,36.07440476190476
9,11,10,7,6,6,10,9,27.589285714285715,44.87202380952381
9,12,4,4,6,4,6,7,27.279761904761905,29.94047619047619
9,13,6,3,2,8,2,7,27.285714285714285,27.296626984126984
9,14,6,5,8,8,4,4,27.214285714285715,36.99900793650794
9,15,8,2,10,6,9,5,27.523809523809526,41.132936507936506
9,16,9,4,3,10,5,2,27.5,37.23412698412698
9,17,4,6,3,6,1,6,27.11904761904762,25.964285714285715
9,18,8,8,8,6,5,6,27.24404761904762,41.08730158730159
9,19,2,8,3,8,5,5,27.517857142857142,32.2906746031746
9,20,4,2,9,6,1,6,27.166666666666668,28.223214285714285
9,21,7,5,10,8,4,4,27.202380952380953,39.842261904761905
9,22,5,4,3,6,10,7,27.136904761904763,34.17757936507937
9,23,1,4,3,4,2,5,27.886904761904763,20.317460317460316
9,24,4,6,9,9,2,7,27.553571428571427,36.19940476190476
9,25,4,2,3,8,7,5,27.446428571428573,30.305555555555557
9,26,1,6,5,4,10,6,27.345238095238095,32.29563492063492
9,27,4,4,3,9,10,7,27.232142857142858,36.351190476190474
9,28,4,8,2,4,2,7,27.482142857142858,26.129960317460316
9,29,4,2,3,8,10,7,26.982142857142858,32.83730158730159
9,30,4,4,5,8,2,7,27.428571428571427,29.21031746031746
9,31,7,4,7,10,10,2,27.238095238095237,44.02777777777778
9,32,4,4,7,4,4,9,27.19047619047619,28.650793650793652
9,33,2,10,2,1,10,7,26.523809523809526,31.096230158730158
9,34,5,4,10,4,2,5,27.38095238095238,30.036706349206348
9,35,4,6,3,6,9,7,27.327380952380953,34.336309523809526
9,36,4,4,5,10,5,2,27.11904761904762,34.25099206349206
9,37,4,2,9,6,5,7,27.101190476190474,32.0218253968254
9,38,4,5,9,6,1,6,26.916666666666668,30.493055555555557
9,39,7,6,9,6,5,3,27.357142857142858,39.39781746031746
9,40,7,3,7,4,4,5,27.267857142857142,31.078373015873016
9,41,4,2,9,4,9,2,27.333333333333332,34.03373015873016
9,42,4,2,1,8,4,4,27.38095238095238,25.29861111111111
9,43,7,5,7,3,8,6,27.535714285714285,36.038690476190474
9,44,5,4,3,4,5,2,26.875,26.922619047619047
9,45,4,4,3,2,2,5,27.452380952380953,21.270833333333332
9,46,4,5,3,8,4,7,27.208333333333332,30.214285714285715
9,47,4,4,5,10,5,7,26.922619047619047,34.160714285714285
9,48,4,6,5,8,2,10,27.160714285714285,31.17361111111111
9,49,5,2,9,6,10,2,27.166666666666668,38.111111111111114
10,0,4,1,3,6,1,5,27.166666666666668,21.140873015873016
10,1,2,10,9,6,5,6,27.041666666666668,38.211309523809526
10,2,4,2,1,8,4,7,26.946428571428573,25.359126984126984
10,3,4,2,3,8,4,4,27.452380952380953,27.235119047619047
10,4,2,10,9,6,1,6,27.06547619047619,33.24007936507937
10,5,4,5,9,6,5,6,27.19047619047619,34.70238095238095
10,6,4,2,3,8,4,7,27.428571428571427,27.512896825396826
10,7,4,5,9,8,7,8,27.458333333333332,39.28968253968254
10,8,1,6,5,4,10,7,27.095238095238095,32.24305555555556
10,9,4,8,4,4,2,6,27.428571428571427,28.22222222222222
10,10,4,10,3,6,1,7,26.952380952380953,30.012896825396826
10,11,4,6,3,6,1,6,27.148809523809526,25.90674603174603
10,12,5,2,3,10,6,7,27.44047619047619,32.1875
10,13,4,2,1,8,4,4,27.267857142857142,25.384920634920636
10,14,8,4,10,6,9,7,27.410714285714285,43.285714285714285
10,15,4,4,6,4,6,7,27.470238095238095,30.206349206349206
10,16,1,4,7,4,4,9,27.339285714285715,25.450396825396826
10,17,4,4,3,4,2,5,27.071428571428573,23.38293650793651
10,18,4,6,5,4,10,6,27.38095238095238,35.18055555555556
10,19,1,2,9,6,1,6,27.196428571428573,25.14484126984127
10,20,4,5,1,10,2,1,27.404761904761905,28.020833333333332
10,21,4,2,9,6,5,2,27.232142857142858,31.386904761904763
10,22,4,5,10,8,2,7,27.327380952380953,34.51289682539682
10,23,4,2,3,8,7,5,27.446428571428573,30.38888888888889
10,24,4,2,1,8,4,7,27.202380952380953,25.316468253968253
10,25,4,5,10,8,2,4,27.19047619047619,35.10813492063492
10,26,4,4,3,9,4,7,27.392857142857142,30.317460317460316
10,27,4,5,3,8,10,7,27.642857142857142,36.083333333333336
10,28,4,6,9,6,10,9,27.535714285714285,41.06448412698413
10,29,10,7,6,6,5,3,27.363095238095237,40.30654761904762
10,30,2,8,3,8,2,7,27.392857142857142,29.143849206349206
10,31,4,8,2,4,3,9,27.196428571428573,27.42361111111111
10,32,4,10,3,9,10,7,27.547619047619047,42.24107142857143
10,33,4,4,3,3,9,6,27.452380952380953,28.802579365079364
10,34,6,5,9,6,1,6,26.970238095238095,33.14484126984127
10,35,4,2,2,8,2,4,27.142857142857142,24.09424603174603
10,36,1,2,9,6,1,6,26.821428571428573,24.863095238095237
10,37,4,2,9,4,9,2,27.386904761904763,34.10912698412698
10,38,4,2,9,6,1,6,26.785714285714285,28.032738095238095
10,39,4,5,3,8,4,7,27.5,29.6984126984127
10,40,7,4,7,10,10,2,27.196428571428573,44.176587301587304
10,41,4,4,7,4,4,9,27.214285714285715,28.339285714285715
10,42,8,4,3,8,2,7,27.279761904761905,30.9375
10,43,4,6,9,9,4,5,27.392857142857142,37.989087301587304
10,44,10,2,1,8,1,4,26.898809523809526,28.341269841269842
10,45,4,7,6,6,10,9,27.160714285714285,38.5218253968254
10,46,2,8,3,8,2,9,27.55952380952381,29.256944444444443
10,47,4,3,10,8,5,5,27.13095238095238,36.19444444444444
10,48,4,2,10,6,9,5,27.279761904761905,35.85813492063492
10,49,8,2,3,8,7,5,26.964285714285715,34.17857142857143
11,0,5,3,10,8,5,5,27.357142857142858,37.17460317460318
11,1,4,4,7,4,4,9,27.476190476190474,29.106150793650794
11,2,1,4,7,8,4,9,27.321428571428573,29.922619047619047
11,3,4,4,7,4,4,9,27.404761904761905,29.24404761904762
11,4,6,2,2,8,2,2,27.172619047619047,26.28075396825397
11,5,4,5,9,6,5,6,27.261904761904763,35.2281746031746
11,6,4,8,2,4,1,6,26.80952380952381,25.075396825396826
11,7,2,10,9,6,3,7,26.99404761904762,36.07539682539682
11,8,8,4,3,5,7,5,27.547619047619047,32.82539682539682
11,9,4,2,3,8,2,7,27.238095238095237,25.14781746031746
11,10,4,5,9,8,7,8,27.410714285714285,38.71230158730159
11,11,10,4,10,6,1,7,27.023809523809526,37.076388888888886
11,12,4,4,3,9,1,6,27.19047619047619,27.096230158730158
11,13,7,10,9,6,4,7,27.178571428571427,41.88789682539682
11,14,1,4,3,3,9,7,27.535714285714285,26.03075396825397
11,15,5,2,3,10,6,6,27.18452380952381,30.216269841269842
11,16,6,5,10,8,2,5,27.297619047619047,36.88789682539682
11,17,4,5,9,6,1,6,26.94047619047619,30.77480158730159
11,18,4,5,3,8,6,7,27.148809523809526,31.961309523809526
11,19,5,2,3,10,10,7,27.339285714285715,36.101190476190474
11,20,4,2,3,8,7,5,27.410714285714285,30.360119047619047
11,21,8,4,3,9,4,7,27.38095238095238,34.21527777777778
11,22,4,8,4,2,2,7,27.06547619047619,26.049603174603174
11,23,7,8,10,6,9,6,27.517857142857142,46.1875
11,24,6,2,9,4,9,2,27.11904761904762,36.10218253968254
11,25,4,2,9,1,1,6,26.428571428571427,23.231150793650794
11,26,4,5,10,9,2,7,27.321428571428573,36.39781746031746
11,27,4,5,3,8,10,7,27.25,36.017857142857146
11,28,4,6,5,4,10,7,27.291666666666668,35.101190476190474
11,29,4,5,3,8,10,6,27.404761904761905,36.30853174603175
11,30,4,10,2,4,1,5,27.166666666666668,27.341269841269842
11,31,4,1,3,6,3,9,27.291666666666668,23.26388888888889
11,32,4,6,3,6,9,5,27.517857142857142,33.63392857142857
11,33,4,2,10,6,1,5,27.18452380952381,29.336309523809526
11,34,4,4,3,6,5,6,27.422619047619047,28.26388888888889
11,35,4,5,9,9,4,7,27.166666666666668,37.00099206349206
11,36,4,3,6,6,2,9,27.708333333333332,26.814484126984127
11,37,2,8,3,8,2,2,27.31547619047619,28.956349206349206
11,38,3,6,5,4,3,9,27.297619047619047,27.183531746031747
11,39,4,8,2,4,10,6,27.339285714285715,34.09325396825397
11,40,8,2,2,8,2,4,27.5,28.209325396825395
11,41,4,2,7,8,7,7,27.208333333333332,34.12797619047619
11,42,4,5,5,8,10,7,27.410714285714285,37.62896825396825
11,43,4,10,3,9,2,7,27.113095238095237,33.94345238095238
11,44,10,7,6,8,10,7,27.446428571428573,47.09126984126984
11,45,4,5,3,4,5,3,27.571428571428573,27.19543650793651
11,46,8,4,3,5,3,5,27.017857142857142,29.24206349206349
11,47,4,8,2,8,2,7,27.19047619047619,30.574404761904763
11,48,4,2,3,10,6,7,27.363095238095237,31.259920634920636
11,49,5,10,3,9,10,7,27.047619047619047,43.10019841269841
12,0,4,5,3,9,4,7,27.404761904761905,30.596230158730158
12,1,8,4,3,8,6,4,27.113095238095237,35.220238095238095
12,2,7,10,9,9,4,6,27.06547619047619,45.10615079365079
12,3,4,5,9,6,1,7,26.886904761904763,30.97718253968254
12,4,3,6,5,6,1,9,27.196428571428573,27.146825396825395
12,5,4,1,3,4,3,6,27.303571428571427,21.098214285714285
12,6,4,5,3,8,2,2,27.482142857142858,28.05456349206349
12,7,2,8,9,6,1,6,27.107142857142858,32.03373015873016
12,8,4,10,2,4,1,6,27.154761904761905,26.982142857142858
12,9,4,5,9,6,4,5,27.36904761904762,33.36309523809524
12,10,4,5,9,6,5,6,27.470238095238095,35.129960317460316
12,11,5,5,3,8,10,7,27.452380952380953,37.04265873015873
12,12,5,3,10,8,2,9,27.285714285714285,33.96329365079365
12,13,4,4,7,4,5,5,27.047619047619047,29.952380952380953
12,14,2,2,7,6,4,7,27.029761904761905,27.036706349206348
12,15,7,10,9,8,7,7,27.392857142857142,47.08829365079365
12,16,4,10,3,9,2,1,27.279761904761905,34.09325396825397
12,17,4,5,9,8,7,8,27.511904761904763,39.148809523809526
12,18,3,6,5,8,2,7,27.25,30.185515873015873
12,19,4,8,2,4,3,9,27.416666666666668,26.79563492063492
12,20,8,2,3,8,7,2,27.648809523809526,33.96329365079365
12,21,4,2,3,8,2,4,27.077380952380953,25.07043650793651
12,22,4,2,2,2,2,7,27.351190476190474,18.354166666666668
12,23,4,8,3,10,2,7,27.31547619047619,32.6875
12,24,4,10,2,4,3,9,27.410714285714285,29.202380952380953
12,25,4,1,3,6,1,5,26.910714285714285,21.10019841269841
12,26,4,2,7,8,3,6,27.672619047619047,29.762896825396826
12,27,8,4,3,5,7,3,27.738095238095237,32.90376984126984
12,28,3,1,5,6,3,9,27.56547619047619,24.088293650793652
12,29,4,8,2,4,1,6,27.05952380952381,25.02281746031746
12,30,1,4,3,3,9,7,27.422619047619047,26.064484126984127
12,31,4,2,3,8,2,7,27.053571428571427,25.060515873015873
12,32,4,2,2,4,1,5,27.095238095238095,19.125992063492063
12,33,4,10,3,7,2,7,27.303571428571427,32.0843253968254
12,34,3,6,5,6,3,5,27.511904761904763,28.978174603174605
12,35,4,6,3,6,9,9,27.25,33.94444444444444
12,36,4,5,7,2,7,7,27.101190476190474,31.12202380952381
12,37,4,2,9,6,5,9,27.583333333333332,32.073412698412696
12,38,4,2,3,8,2,7,27.19047619047619,25.313492063492063
12,39,4,3,1,10,2,9,27.148809523809526,25.97222222222222
12,40,8,2,2,8,2,7,27.226190476190474,28.381944444444443
12,41,4,2,3,8,2,4,27.083333333333332,25.060515873015873
12,42,4,2,2,8,2,2,27.55952380952381,24.088293650793652
12,43,6,6,3,9,9,5,27.0,39.09722222222222
12,44,4,4,5,4,10,7,27.113095238095237,32.84126984126984
12,45,4,6,3,9,1,6,26.964285714285715,29.27281746031746
12,46,4,6,10,6,9,7,27.220238095238095,40.901785714285715
12,47,10,4,3,4,9,5,27.083333333333332,35.98710317460318
12,48,4,5,3,8,5,5,27.214285714285715,30.606150793650794
12,49,5,6,10,4,5,3,27.55952380952381,35.648809523809526
13,0,4,2,2,8,2,7,27.267857142857142,24.3859126984127
13,1,4,5,9,6,1,2,27.05952380952381,30.580357142857142
13,2,5,3,10,8,2,9,27.273809523809526,34.12599206349206
13,3,4,2,3,3,2,7,27.214285714285715,20.011904761904763
13,4,4,5,3,9,2,7,27.404761904761905,29.606150793650794
13,5,4,10,3,8,5,3,27.583333333333332,36.29761904761905
13,6,4,5,8,2,10,7,27.267857142857142,35.017857142857146
13,7,5,5,9,6,1,7,27.071428571428573,32.232142857142854
13,8,4,2,2,4,9,9,27.261904761904763,27.178571428571427
13,9,4,8,2,8,2,2,27.398809523809526,29.866071428571427
13,10,4,6,5,6,1,9,26.898809523809526,27.51388888888889
13,11,3,9,7,2,7,7,27.113095238095237,34.01884920634921
13,12,4,5,3,8,3,7,27.363095238095237,29.321428571428573
13,13,7,10,9,8,7,5,27.345238095238095,46.90079365079365
13,14,4,3,2,4,1,7,26.821428571428573,20.378968253968253
13,15,4,5,9,6,1,6,27.196428571428573,30.991071428571427
13,16,4,5,3,8,7,2,27.333333333333332,33.00396825396825
13,17,8,2,3,8,5,5,27.148809523809526,31.949404761904763
13,18,4,1,3,6,8,7,27.19047619047619,28.008928571428573
13,19,2,2,7,6,1,5,26.88095238095238,23.362103174603174
13,20,4,5,3,8,2,2,26.982142857142858,28.09027777777778
13,21,4,2,9,6,5,9,27.30952380952381,32.276785714285715
13,22,4,3,3,8,6,4,27.303571428571427,30.316468253968253
13,23,8,3,1,10,2,9,27.178571428571427,30.2609126984127
13,24,4,6,10,6,9,7,27.642857142857142,40.32142857142857
13,25,7,10,9,8,7,7,27.136904761904763,47.12301587301587
13,26,4,2,7,8,2,6,27.422619047619047,28.797619047619047
13,27,2,8,9,6,1,7,26.892857142857142,31.52480158730159
13,28,4,3,1,4,2,9,27.011904761904763,20.418650793650794
13,29,4,2,2,8,2,2,27.351190476190474,24.311507936507937
13,30,5,3,4,8,2,9,27.452380952380953,28.172619047619047
13,31,4,8,3,9,1,6,27.029761904761905,31.403769841269842
13,32,7,5,9,6,5,9,27.00595238095238,38.38392857142857
13,33,4,2,9,8,7,8,27.345238095238095,35.73412698412698
13,34,4,5,7,7,4,7,27.327380952380953,32.88095238095238
13,35,2,2,7,6,7,7,26.946428571428573,30.14980158730159
13,36,8,2,2,6,9,9,27.5,33.301587301587304
13,37,4,6,3,8,2,7,27.375,29.278769841269842
13,38,3,2,9,8,3,6,27.386904761904763,31.110119047619047
13,39,4,6,5,1,1,9,26.49404761904762,22.857142857142858
13,40,4,3,1,9,2,1,27.178571428571427,25.158730158730158
13,41,4,10,3,10,2,9,27.25595238095238,35.06547619047619
13,42,8,4,3,9,4,7,27.446428571428573,33.58234126984127
13,43,4,5,3,8,6,4,26.964285714285715,31.794642857142858
13,44,4,8,2,8,10,9,27.267857142857142,38.08730158730159
13,45,5,3,10,4,1,6,26.94047619047619,28.816468253968253
13,46,3,6,5,1,2,7,26.875,22.76388888888889
13,47,2,2,2,8,4,7,27.214285714285715,24.432539682539684
13,48,4,5,7,2,7,3,27.547619047619047,31.10218253968254
13,49,3,6,10,4,5,7,27.172619047619047,33.95238095238095
14,0,4,3,2,6,5,9,27.226190476190474,26.16269841269841
14,1,2,2,9,4,1,3,27.154761904761905,24.29563492063492
14,2,4,6,5,6,1,9,26.958333333333332,28.08730158730159
14,3,4,6,5,6,1,9,26.75,27.853174603174605
14,4,3,6,5,1,2,7,26.779761904761905,23.148809523809526
14,5,4,6,5,1,1,9,26.339285714285715,23.033730158730158
14,6,4,6,3,3,2,7,27.196428571428573,23.374007936507937
14,7,4,2,5,1,1,9,26.648809523809526,18.998015873015873
14,8,10,2,2,6,9,9,27.446428571428573,35.267857142857146
14,9,8,10,9,8,7,7,27.345238095238095,48.00595238095238
14,10,4,6,8,8,2,7,27.386904761904763,34.24305555555556
14,11,4,6,3,4,2,2,27.428571428571427,25.245039682539684
14,12,7,2,7,6,7,7,27.285714285714285,35.02579365079365
14,13,2,10,9,8,7,7,27.232142857142858,41.82242063492063
14,14,4,5,3,8,2,2,27.279761904761905,27.95734126984127
14,15,4,5,3,7,6,4,27.19047619047619,31.19543650793651
14,16,8,5,3,9,2,7,27.303571428571427,33.273809523809526
14,17,9,2,3,8,5,5,27.291666666666668,32.76884920634921
14,18,4,5,3,8,10,7,27.178571428571427,36.304563492063494
14,19,4,5,7,2,7,3,27.238095238095237,31.29265873015873
14,20,4,2,5,8,2,7,27.464285714285715,27.026785714285715
14,21,4,2,2,8,7,8,27.226190476190474,29.248015873015873
14,22,8,4,3,9,2,9,27.041666666666668,31.63888888888889
14,23,6,3,1,4,4,7,27.43452380952381,24.125
14,24,4,6,10,4,8,6,27.345238095238095,37.98710317460318
14,25,5,2,5,6,1,9,27.029761904761905,25.07043650793651
14,26,3,6,5,1,2,7,26.875,22.842261904761905
14,27,4,2,2,8,2,7,27.166666666666668,23.938492063492063
14,28,4,6,5,1,2,7,26.946428571428573,23.839285714285715
14,29,3,5,7,3,4,1,27.30952380952381,28.02777777777778
14,30,4,5,8,2,10,7,27.285714285714285,34.86805555555556
14,31,10,10,7,8,5,3,27.595238095238095,45.804563492063494
14,32,4,3,3,8,7,2,27.196428571428573,31.213293650793652
14,33,4,5,3,8,6,4,27.333333333333332,32.23809523809524
14,34,8,2,9,8,7,8,27.333333333333332,39.89781746031746
14,35,4,5,3,8,2,7,27.25,27.842261904761905
14,36,7,10,10,8,2,9,27.18452380952381,42.94146825396825
14,37,5,3,9,8,7,7,27.529761904761905,37.907738095238095
14,38,4,5,9,8,7,5,27.238095238095237,39.0406746031746
14,39,7,10,3,2,7,3,27.327380952380953,34.98313492063492
14,40,4,10,7,6,7,7,27.202380952380953,39.48710317460318
14,41,2,2,3,10,2,9,27.291666666666668,25.26388888888889
14,42,4,5,7,4,6,4,27.208333333333332,32.39384920634921
14,43,4,5,8,2,10,7,27.55952380952381,35.44940476190476
14,44,8,3,1,10,2,8,27.148809523809526,30.145833333333332
14,45,4,5,3,8,6,4,27.523809523809526,31.961309523809526
14,46,5,8,9,6,1,7,26.571428571428573,34.92162698412698
14,47,5,3,5,4,1,6,26.928571428571427,23.958333333333332
14,48,8,9,3,9,2,9,27.25595238095238,37.09027777777778
14,49,5,3,10,5,4,7,27.172619047619047,33.37400793650794
15,0,4,5,3,5,7,8,27.446428571428573,30.235119047619047
15,1,8,2,9,8,6,4,27.452380952380953,38.89781746031746
15,2,5,3,5,4,1,5,27.238095238095237,23.558531746031747
15,3,5,3,10,5,4,6,27.642857142857142,33.17460317460318
15,4,4,5,2,2,1,7,26.714285714285715,19.73313492063492
15,5,8,4,3,9,2,9,27.25,31.927579365079364
15,6,4,5,5,4,2,10,27.49404761904762,26.126984126984127
15,7,3,6,3,8,6,4,27.053571428571427,32.02480158730159
15,8,10,2,2,6,9,7,27.232142857142858,35.26984126984127
15,9,4,2,2,8,2,9,26.904761904761905,24.259920634920636
15,10,6,3,3,7,6,4,27.166666666666668,30.78968253968254
15,11,7,2,1,4,4,7,27.56547619047619,24.043650793650794
15,12,4,5,9,8,7,5,27.24404761904762,39.142857142857146
15,13,4,5,7,2,7,3,27.13095238095238,30.683531746031747
15,14,8,2,9,8,10,4,27.375,43.06448412698413
15,15,4,5,3,8,7,8,27.238095238095237,33.15376984126984
15,16,4,5,10,5,7,7,27.05952380952381,36.6656746031746
15,17,5,3,3,8,6,4,27.24404761904762,31.25793650793651
15,18,4,6,5,3,2,9,27.261904761904763,25.726190476190474
15,19,7,10,10,5,1,9,26.928571428571427,38.65079365079365
15,20,4,10,7,6,7,5,27.375,40.13194444444444
15,21,4,5,9,8,5,1,27.083333333333332,36.74007936507937
15,22,4,6,5,6,9,7,27.11904761904762,36.379960317460316
15,23,4,6,5,6,1,9,26.81547619047619,28.116071428571427
15,24,4,6,5,6,1,9,27.107142857142858,27.599206349206348
15,25,4,2,2,8,2,7,27.321428571428573,23.915674603174605
15,26,4,6,10,4,5,9,27.392857142857142,35.15376984126984
15,27,4,3,2,6,8,6,27.285714285714285,29.331349206349206
15,28,4,3,10,5,1,7,27.047619047619047,29.03075396825397
15,29,5,3,9,6,5,9,27.363095238095237,34.03670634920635
15,30,8,2,8,2,10,7,27.351190476190474,36.14781746031746
15,31,4,5,3,8,7,8,27.363095238095237,33.49305555555556
15,32,4,6,3,5,2,7,27.113095238095237,25.732142857142858
15,33,4,2,2,8,7,8,27.464285714285715,29.11904761904762
15,34,5,5,3,4,6,4,27.345238095238095,29.25793650793651
15,35,9,3,9,8,7,7,27.226190476190474,41.958333333333336
15,36,2,10,9,8,7,3,27.041666666666668,41.97519841269841
15,37,10,10,7,8,9,8,27.261904761904763,50.15277777777778
15,38,4,6,5,6,1,9,26.910714285714285,28.183531746031747
15,39,4,6,5,6,1,9,26.851190476190474,28.223214285714285
15,40,5,3,9,8,7,7,27.458333333333332,38.138888888888886
15,41,4,7,4,1,2,7,26.94047619047619,23.70734126984127
15,42,8,4,3,9,2,7,27.267857142857142,32.28373015873016
15,43,5,3,9,8,7,9,27.49404761904762,38.16765873015873
15,44,4,5,3,9,2,9,27.333333333333332,29.459325396825395
15,45,8,4,3,8,6,4,27.333333333333332,35.285714285714285
15,46,5,3,4,1,4,7,27.24404761904762,23.05456349206349
15,47,5,3,10,5,1,6,27.101190476190474,30.185515873015873
15,48,4,6,5,6,1,8,27.029761904761905,28.121031746031747
15,49,4,2,2,8,7,9,27.339285714285715,29.39484126984127
16,0,10,10,7,5,3,7,27.446428571428573,41.05853174603175
16,1,4,5,10,8,9,8,27.392857142857142,42.33531746031746
16,2,5,3,5,4,1,5,27.06547619047619,23.97718253968254
16,3,4,6,5,6,1,1,27.196428571428573,27.691468253968253
16,4,4,6,5,6,1,7,27.113095238095237,28.099206349206348
16,5,5,6,5,6,9,9,27.44047619047619,37.10912698412698
16,6,4,5,7,5,1,9,26.875,28.061507936507937
16,7,4,6,9,6,7,3,27.625,37.85218253968254
16,8,4,6,10,4,5,9,27.321428571428573,34.93948412698413
16,9,4,2,7,8,1,8,27.077380952380953,27.95436507936508
16,10,4,6,5,6,1,9,27.035714285714285,28.09325396825397
16,11,7,4,10,5,1,8,27.136904761904763,32.77579365079365
16,12,5,3,9,8,7,9,27.428571428571427,38.21825396825397
16,13,5,3,9,6,5,1,27.702380952380953,33.85515873015873
16,14,10,2,5,6,1,9,27.095238095238095,29.907738095238095
16,15,4,6,2,6,9,7,27.101190476190474,33.21031746031746
16,16,8,2,1,8,5,8,27.363095238095237,30.150793650793652
16,17,4,5,7,4,4,7,27.583333333333332,29.643849206349206
16,18,4,5,2,2,1,7,26.857142857142858,20.226190476190474
16,19,4,5,2,3,1,7,26.886904761904763,21.116071428571427
16,20,4,2,2,8,2,9,27.220238095238095,23.797619047619047
16,21,7,10,10,5,1,7,27.095238095238095,38.348214285714285
16,22,4,5,3,5,7,8,27.232142857142858,30.294642857142858
16,23,4,5,2,2,1,7,26.625,20.31845238095238
16,24,4,6,3,5,7,8,27.261904761904763,31.121031746031747
16,25,4,5,5,6,1,5,27.023809523809526,27.139880952380953
16,26,5,3,9,8,7,7,27.5,37.70238095238095
16,27,5,3,9,6,5,9,27.595238095238095,33.90674603174603
16,28,8,2,1,5,4,6,27.392857142857142,26.366071428571427
16,29,4,9,10,8,6,4,27.077380952380953,42.31448412698413
16,30,4,6,5,6,1,7,26.970238095238095,28.308531746031747
16,31,4,2,9,2,10,9,27.398809523809526,33.044642857142854
16,32,10,3,6,6,8,4,27.25,39.166666666666664
16,33,4,3,3,8,7,9,27.351190476190474,31.251984126984127
16,34,4,2,2,8,7,6,27.398809523809526,29.32936507936508
16,35,8,5,7,2,2,9,27.06547619047619,30.226190476190474
16,36,4,5,8,2,10,7,27.476190476190474,35.19345238095238
16,37,8,2,2,2,1,7,26.535714285714285,21.33531746031746
16,38,10,7,7,8,6,4,27.214285714285715,44.00694444444444
16,39,5,3,3,8,9,9,27.410714285714285,34.44146825396825
16,40,5,2,2,8,7,9,27.160714285714285,30.120039682539684
16,41,4,3,10,5,4,6,27.678571428571427,32.25099206349206
16,42,5,5,3,8,7,10,27.172619047619047,33.95337301587302
16,43,9,5,3,4,10,4,27.50595238095238,36.78373015873016
16,44,4,6,5,6,1,9,27.089285714285715,28.290674603174605
16,45,4,7,4,1,2,7,26.839285714285715,23.58234126984127
16,46,4,5,3,8,5,9,27.458333333333332,30.892857142857142
16,47,5,3,1,8,7,1,27.452380952380953,30.208333333333332
16,48,8,6,5,9,7,9,27.267857142857142,41.217261904761905
16,49,4,4,3,9,2,9,27.232142857142858,28.221230158730158
17,0,4,6,5,6,1,1,26.642857142857142,27.952380952380953
17,1,10,7,7,8,6,4,27.49404761904762,44.201388888888886
17,2,4,6,5,6,1,9,26.898809523809526,27.90972222222222
17,3,4,7,9,6,7,3,27.446428571428573,38.48511904761905
17,4,5,3,1,9,10,9,27.339285714285715,34.32242063492063
17,5,4,3,9,8,5,1,27.178571428571427,34.65277777777778
17,6,8,6,7,8,6,4,27.267857142857142,41.06051587301587
17,7,3,10,5,9,5,9,27.178571428571427,38.21825396825397
17,8,4,5,7,2,2,9,27.297619047619047,25.194444444444443
17,9,2,5,8,2,10,7,27.30952380952381,33.00297619047619
17,10,4,5,10,8,7,6,27.220238095238095,39.94742063492063
17,11,4,2,2,8,9,8,27.416666666666668,30.75297619047619
17,12,6,6,5,4,1,3,26.779761904761905,27.62797619047619
17,13,5,3,7,6,9,9,27.279761904761905,36.423611111111114
17,14,4,8,6,2,10,7,27.30952380952381,36.35515873015873
17,15,4,6,2,6,9,7,27.172619047619047,33.26488095238095
17,16,5,5,3,8,7,4,27.529761904761905,34.22222222222222
17,17,4,5,5,6,1,10,26.571428571428573,27.13888888888889
17,18,5,3,1,8,2,9,27.30952380952381,24.895833333333332
17,19,4,4,3,9,7,1,27.345238095238095,32.976190476190474
17,20,4,6,7,7,4,7,27.24404761904762,33.81150793650794
17,21,4,5,5,6,1,9,27.11904761904762,26.60019841269841
17,22,5,3,3,8,9,9,27.482142857142858,34.195436507936506
17,23,10,2,5,6,1,9,26.863095238095237,30.208333333333332
17,24,8,5,7,2,2,7,27.523809523809526,30.058531746031747
17,25,7,8,10,5,1,9,26.785714285714285,37.13492063492063
17,26,8,5,7,3,1,7,26.821428571428573,29.9375
17,27,4,5,2,2,2,9,27.261904761904763,21.353174603174605
17,28,8,5,7,2,2,9,27.18452380952381,30.084325396825395
17,29,5,3,9,6,5,9,27.36904761904762,34.00694444444444
17,30,4,5,8,5,4,6,27.208333333333332,32.06150793650794
17,31,4,3,10,3,10,7,27.571428571428573,35.76289682539682
17,32,10,5,10,8,9,9,27.357142857142858,48.12896825396825
17,33,7,3,3,8,9,8,27.50595238095238,36.25892857142857
17,34,4,6,10,4,9,7,27.297619047619047,39.407738095238095
17,35,4,6,2,6,7,9,27.511904761904763,31.296626984126984
17,36,4,6,5,6,1,9,27.017857142857142,27.51984126984127
17,37,6,6,5,6,1,1,26.833333333333332,29.547619047619047
17,38,4,6,5,6,5,8,27.18452380952381,31.62202380952381
17,39,8,2,1,8,1,1,27.220238095238095,25.967261904761905
17,40,4,5,5,6,1,5,27.148809523809526,26.952380952380953
17,41,5,9,10,8,6,4,27.488095238095237,44.12896825396825
17,42,4,5,2,2,2,9,27.529761904761905,21.21924603174603
17,43,4,2,5,6,1,5,26.99404761904762,24.305555555555557
17,44,4,5,5,8,6,4,27.24404761904762,34.24603174603175
17,45,10,7,7,6,1,5,26.541666666666668,36.82242063492063
17,46,4,5,7,6,1,5,27.125,28.80952380952381
17,47,4,5,5,2,2,9,27.339285714285715,23.498015873015873
17,48,1,6,5,8,7,6,27.607142857142858,32.82837301587302
17,49,4,3,10,5,2,9,27.279761904761905,30.14980158730159
18,0,5,3,1,8,2,9,27.273809523809526,25.072420634920636
18,1,5,2,5,5,1,5,27.047619047619047,23.668650793650794
18,2,4,5,5,6,1,9,26.886904761904763,27.091269841269842
18,3,4,7,9,6,7,3,27.30952380952381,38.96924603174603
18,4,4,6,5,6,1,5,27.077380952380953,28.053571428571427
18,5,4,5,5,6,5,8,27.345238095238095,31.23611111111111
18,6,8,5,8,2,5,7,27.113095238095237,34.245039682539684
18,7,2,5,7,6,1,5,26.702380952380953,27.020833333333332
18,8,8,6,7,1,1,7,26.386904761904763,29.303571428571427
18,9,8,5,7,3,6,8,27.61904761904762,35.23115079365079
18,10,4,4,2,9,3,9,27.363095238095237,27.776785714285715
18,11,3,9,5,6,1,5,26.821428571428573,29.666666666666668
18,12,6,3,7,6,9,9,27.44047619047619,37.08134920634921
18,13,2,5,2,2,9,9,27.36904761904762,26.026785714285715
18,14,3,10,5,5,5,9,27.273809523809526,34.02579365079365
18,15,6,6,5,6,1,1,27.196428571428573,30.043650793650794
18,16,4,6,5,6,9,8,27.327380952380953,35.19742063492063
18,17,3,10,5,9,5,9,27.261904761904763,37.74801587301587
18,18,4,5,7,2,2,4,27.220238095238095,25.958333333333332
18,19,5,10,10,8,6,9,27.345238095238095,44.82539682539682
18,20,2,3,1,9,10,9,27.375,31.351190476190474
18,21,5,5,8,2,10,7,27.38095238095238,36.20337301587302
18,22,10,7,7,6,1,5,26.892857142857142,37.182539682539684
18,23,4,4,5,8,6,4,27.30952380952381,32.66468253968254
18,24,4,6,2,8,9,8,27.035714285714285,35.354166666666664
18,25,6,6,5,5,1,1,26.75,28.85019841269841
18,26,1,10,9,8,4,1,27.267857142857142,37.94146825396825
18,27,4,3,5,9,5,9,27.285714285714285,32.35218253968254
18,28,7,6,5,8,7,7,27.333333333333332,38.89087301587302
18,29,4,6,7,7,4,6,27.648809523809526,34.29265873015873
18,30,3,2,5,6,1,1,27.125,22.834325396825395
18,31,6,6,5,5,5,9,27.333333333333332,32.84027777777778
18,32,8,5,2,6,1,9,26.88095238095238,28.267857142857142
18,33,7,7,2,2,2,9,27.041666666666668,26.28769841269841
18,34,10,6,5,7,5,8,27.36904761904762,39.15376984126984
18,35,4,6,5,6,1,9,26.791666666666668,28.137896825396826
18,36,8,10,7,3,1,7,26.797619047619047,35.148809523809526
18,37,4,3,6,2,10,7,27.529761904761905,29.896825396825395
18,38,7,8,10,9,10,9,27.30952380952381,49.57936507936508
18,39,5,5,1,5,1,9,26.81547619047619,23.06845238095238
18,40,5,3,7,6,9,9,27.279761904761905,35.96031746031746
18,41,4,5,5,2,2,9,27.077380952380953,23.633928571428573
18,42,4,5,7,6,1,5,26.845238095238095,28.6875
18,43,8,6,7,8,6,4,27.38095238095238,41.054563492063494
18,44,4,5,7,3,1,7,27.095238095238095,26.0625
18,45,8,5,5,6,1,5,26.892857142857142,31.146825396825395
18,46,7,8,10,5,1,9,26.94047619047619,37.142857142857146
18,47,4,6,5,6,1,9,27.375,28.186507936507937
18,48,4,6,3,6,9,8,27.297619047619047,34.30654761904762
18,49,10,6,5,6,5,7,26.86904761904762,37.673611111111114
19,0,6,3,7,6,3,5,27.142857142857142,30.942460317460316
19,1,4,6,3,6,9,9,27.428571428571427,33.96825396825397
19,2,8,10,5,6,1,9,26.666666666666668,36.39484126984127
19,3,4,6,7,3,1,7,26.952380952380953,27.24702380952381
19,4,7,6,5,8,5,9,27.517857142857142,37.25099206349206
19,5,3,10,5,9,7,7,27.30952380952381,40.3125
19,6,7,8,10,8,6,1,27.18452380952381,44.98015873015873
19,7,5,10,10,5,1,8,27.18452380952381,37.11805555555556
19,8,5,3,1,8,2,9,27.178571428571427,25.46230158730159
19,9,4,3,5,1,5,9,26.910714285714285,24.256944444444443
19,10,6,7,5,6,1,9,26.50595238095238,31.01984126984127
19,11,4,6,5,5,1,1,27.19047619047619,27.178571428571427
19,12,8,6,3,4,9,8,27.30952380952381,35.7281746031746
19,13,4,5,8,2,5,7,27.392857142857142,30.339285714285715
19,14,8,5,5,8,2,9,27.428571428571427,34.03174603174603
19,15,5,3,1,6,1,5,26.976190476190474,22.39186507936508
19,16,4,5,5,6,1,9,26.892857142857142,27.20436507936508
19,17,8,3,7,6,9,9,27.107142857142858,39.19940476190476
19,18,7,8,10,9,10,9,27.25,49.92460317460318
19,19,4,5,7,2,2,9,27.148809523809526,25.979166666666668
19,20,4,3,6,6,1,5,27.095238095238095,25.293650793650794
19,21,4,6,5,2,10,7,27.31547619047619,33.27777777777778
19,22,4,6,2,6,1,9,26.916666666666668,25.17956349206349
19,23,4,3,5,9,5,5,27.035714285714285,32.09126984126984
19,24,6,8,10,10,6,9,27.25595238095238,46.304563492063494
19,25,4,6,5,6,10,9,27.24404761904762,36.39484126984127
19,26,6,6,5,6,1,5,26.946428571428573,30.060515873015873
19,27,4,6,5,5,5,9,27.107142857142858,31.036706349206348
19,28,7,7,4,7,5,8,27.333333333333332,36.08531746031746
19,29,10,6,2,2,2,3,27.25,27.89781746031746
19,30,2,6,5,6,1,9,27.113095238095237,25.547619047619047
19,31,4,5,2,2,9,9,27.25595238095238,28.028769841269842
19,32,4,5,7,3,1,7,26.88095238095238,25.91468253968254
19,33,4,5,7,3,1,7,27.023809523809526,26.220238095238095
19,34,6,8,10,9,10,9,27.488095238095237,48.801587301587304
19,35,7,6,5,6,1,5,27.148809523809526,30.903769841269842
19,36,3,10,5,9,5,7,27.363095238095237,38.21031746031746
19,37,8,5,8,10,5,9,27.125,42.157738095238095
19,38,4,9,1,9,10,9,27.18452380952381,39.14384920634921
19,39,2,3,5,6,1,5,26.904761904761905,23.390873015873016
19,40,3,2,5,5,1,9,27.071428571428573,22.199404761904763
19,41,7,8,10,6,1,3,26.761904761904763,38.117063492063494
19,42,4,3,6,6,1,9,27.011904761904763,26.041666666666668
19,43,4,6,5,2,10,7,27.398809523809526,33.01488095238095
19,44,4,5,8,2,5,7,27.351190476190474,30.346230158730158
19,45,8,7,9,6,8,3,27.50595238095238,43.63492063492063
19,46,3,2,5,10,7,7,27.50595238095238,32.595238095238095
19,47,4,3,6,6,1,3,27.142857142857142,25.142857142857142
19,48,3,10,7,3,1,7,26.94047619047619,30.25297619047619
19,49,4,5,5,5,5,9,27.339285714285715,30.21527777777778
20,0,5,3,1,6,1,9,27.083333333333332,22.31845238095238
20,1,4,6,6,6,9,5,27.196428571428573,36.85019841269841
20,2,4,6,5,2,5,8,27.601190476190474,28.028769841269842
20,3,7,7,4,7,10,7,27.410714285714285,41.23015873015873
20,4,7,8,10,8,5,9,27.511904761904763,43.93154761904762
20,5,4,3,5,1,5,1,27.136904761904763,23.666666666666668
20,6,3,8,10,2,5,7,26.99404761904762,34.15079365079365
20,7,4,10,5,9,7,7,27.517857142857142,40.81845238095238
20,8,4,5,7,7,1,9,26.75595238095238,30.05654761904762
20,9,3,2,2,3,1,7,26.964285714285715,17.220238095238095
20,10,8,6,5,2,2,7,27.333333333333332,29.191468253968253
20,11,7,8,10,8,6,1,27.398809523809526,45.182539682539684
20,12,6,6,5,6,1,9,26.833333333333332,29.39186507936508
20,13,6,7,5,6,1,5,27.101190476190474,31.04265873015873
20,14,4,5,7,2,5,7,27.511904761904763,29.0109126984127
20,15,4,5,10,3,1,7,26.94047619047619,29.128968253968253
20,16,4,2,8,2,5,1,27.166666666666668,27.069444444444443
20,17,4,9,1,9,10,9,27.43452380952381,38.95039682539682
20,18,4,6,2,6,3,10,27.273809523809526,27.317460317460316
20,19,6,3,7,6,1,9,27.017857142857142,29.084325396825395
20,20,8,7,9,6,10,9,27.303571428571427,46.25992063492063
20,21,4,9,1,9,8,3,27.285714285714285,36.88194444444444
20,22,5,10,4,5,1,8,26.851190476190474,31.16269841269841
20,23,4,6,5,2,10,7,27.023809523809526,33.00992063492063
20,24,10,3,1,6,1,5,26.761904761904763,26.51686507936508
20,25,4,6,2,2,3,3,27.06547619047619,23.02480158730159
20,26,4,6,7,8,2,9,27.113095238095237,33.29662698412698
20,27,5,3,8,2,8,7,27.392857142857142,32.16468253968254
20,28,5,3,8,10,5,1,27.38095238095238,36.35813492063492
20,29,8,5,1,6,1,5,26.851190476190474,27.095238095238095
20,30,5,10,10,5,1,5,27.113095238095237,37.2718253968254
20,31,7,6,5,7,1,8,26.803571428571427,32.044642857142854
20,32,8,6,2,5,5,9,27.38095238095238,32.44940476190476
20,33,4,7,9,6,8,3,27.303571428571427,40.223214285714285
20,34,4,9,1,6,1,3,26.589285714285715,26.631944444444443
20,35,7,8,10,9,10,9,27.345238095238095,49.86309523809524
20,36,4,6,2,5,4,9,27.035714285714285,27.21825396825397
20,37,4,10,6,4,1,9,26.886904761904763,30.790674603174605
20,38,4,6,5,2,10,3,27.404761904761905,32.71924603174603
20,39,7,8,10,6,1,7,26.863095238095237,37.96527777777778
20,40,4,7,9,6,8,3,27.392857142857142,40.07142857142857
20,41,10,6,8,6,3,9,27.55952380952381,38.392857142857146
20,42,7,5,1,9,10,9,27.101190476190474,37.82539682539682
20,43,9,8,10,5,10,9,27.845238095238095,48.1031746031746
20,44,3,10,5,9,5,3,27.5,38.18849206349206
20,45,7,8,10,6,1,7,26.773809523809526,37.82142857142857
20,46,6,8,10,9,5,7,27.470238095238095,43.74603174603175
20,47,4,1,8,2,10,9,27.363095238095237,30.713293650793652
20,48,4,5,5,5,5,9,27.357142857142858,29.92063492063492
20,49,8,10,5,7,1,4,26.99404761904762,36.95039682539682
21,0,7,8,10,6,9,5,27.458333333333332,46.39384920634921
21,1,4,6,6,2,3,7,27.214285714285715,27.08730158730159
21,2,7,8,10,8,5,9,27.36904761904762,44.15575396825397
21,3,5,6,5,2,10,7,26.976190476190474,33.870039682539684
21,4,6,3,10,3,1,7,26.93452380952381,29.092261904761905
21,5,9,5,7,6,1,9,26.94047619047619,33.3125
21,6,4,3,8,10,5,1,27.220238095238095,35.73809523809524
21,7,5,5,7,7,1,9,26.75595238095238,30.874007936507937
21,8,4,10,6,4,1,9,26.910714285714285,30.563492063492063
21,9,4,6,2,5,4,9,27.083333333333332,27.321428571428573
21,10,8,3,5,1,5,1,27.214285714285715,28.01984126984127
21,11,4,7,9,6,10,9,27.291666666666668,42.279761904761905
21,12,5,3,8,6,1,9,27.017857142857142,28.91765873015873
21,13,5,3,1,2,8,7,27.476190476190474,25.374007936507937
21,14,7,8,10,6,1,7,27.083333333333332,38.26190476190476
21,15,5,6,2,10,7,6,27.482142857142858,36.31051587301587
21,16,8,6,5,2,2,7,27.422619047619047,28.79265873015873
21,17,4,5,10,3,7,7,27.482142857142858,35.02579365079365
21,18,5,3,8,9,10,9,27.196428571428573,40.526785714285715
21,19,9,9,1,2,8,7,27.672619047619047,35.330357142857146
21,20,5,10,4,7,10,7,27.089285714285715,41.698412698412696
21,21,7,7,10,5,1,5,26.851190476190474,35.90376984126984
21,22,7,8,10,7,10,7,27.36904761904762,47.7718253968254
21,23,7,7,4,6,1,7,26.803571428571427,30.947420634920636
21,24,10,8,10,8,5,7,27.398809523809526,47.11607142857143
21,25,7,3,5,1,6,1,26.523809523809526,28.044642857142858
21,26,5,3,8,2,5,1,27.202380952380953,28.856150793650794
21,27,4,3,5,1,8,7,26.857142857142858,27.290674603174605
21,28,6,7,5,6,1,9,26.63095238095238,31.129960317460316
21,29,10,6,8,6,3,5,27.25,39.33234126984127
21,30,3,2,5,7,1,8,26.958333333333332,23.842261904761905
21,31,7,6,2,3,1,7,26.761904761904763,25.29861111111111
21,32,6,8,10,9,5,7,27.351190476190474,44.2281746031746
21,33,6,1,10,9,5,7,27.386904761904763,36.91765873015873
21,34,4,5,1,6,1,5,27.226190476190474,23.46924603174603
21,35,8,10,5,9,7,7,27.345238095238095,45.020833333333336
21,36,8,4,1,6,8,5,27.25595238095238,33.37400793650794
21,37,10,7,9,6,10,9,27.452380952380953,46.426587301587304
21,38,4,5,1,6,1,5,27.0,23.23015873015873
21,39,8,10,5,9,7,6,27.101190476190474,44.892857142857146
21,40,8,6,5,9,1,6,27.041666666666668,35.092261904761905
21,41,6,5,1,6,1,5,26.785714285714285,24.80952380952381
21,42,10,9,7,6,1,3,27.035714285714285,39.06349206349206
21,43,6,10,1,6,1,5,26.714285714285715,30.535714285714285
21,44,5,4,10,6,1,9,26.625,31.688492063492063
21,45,6,6,5,5,1,5,26.99404761904762,29.131944444444443
21,46,4,3,5,1,5,9,27.077380952380953,24.121031746031747
21,47,4,10,6,4,6,1,27.327380952380953,35.74702380952381
21,48,5,10,5,5,5,9,26.916666666666668,35.36210317460318
21,49,8,6,2,9,5,3,27.232142857142858,36.15674603174603
22,0,8,6,5,4,2,9,27.523809523809526,31.15575396825397
22,1,5,10,3,5,6,7,27.476190476190474,35.03373015873016
22,2,5,4,4,7,10,7,27.416666666666668,36.076388888888886
22,3,5,10,10,6,1,9,27.13095238095238,38.15674603174603
22,4,10,9,1,9,8,10,27.083333333333332,43.31646825396825
22,5,5,3,7,6,1,3,26.660714285714285,27.90575396825397
22,6,4,6,2,5,4,9,27.345238095238095,27.325396825396826
22,7,4,5,1,6,10,5,27.702380952380953,32.11309523809524
22,8,8,4,10,9,5,7,27.583333333333332,41.81944444444444
22,9,6,1,1,6,8,2,27.517857142857142,28.129960317460316
22,10,4,3,5,6,3,5,27.55952380952381,27.14980158730159
22,11,10,6,8,5,8,7,27.303571428571427,43.083333333333336
22,12,7,8,5,6,9,6,27.0,41.31547619047619
22,13,8,7,9,9,7,5,27.303571428571427,46.15079365079365
22,14,5,10,8,9,10,6,27.113095238095237,48.25396825396825
22,15,8,10,5,2,7,9,27.261904761904763,38.18452380952381
22,16,5,3,6,4,6,1,27.232142857142858,29.71825396825397
22,17,4,10,1,2,8,7,27.363095238095237,31.427579365079364
22,18,10,8,10,3,5,7,27.541666666666668,42.107142857142854
22,19,5,3,1,2,8,7,27.267857142857142,25.23015873015873
22,20,7,7,10,5,1,5,27.029761904761905,35.83531746031746
22,21,8,6,2,9,5,3,27.25,35.56944444444444
22,22,5,3,8,2,1,7,26.601190476190474,25.34722222222222
22,23,7,7,4,6,5,7,27.351190476190474,34.71527777777778
22,24,6,6,5,5,1,5,26.988095238095237,29.14484126984127
22,25,8,6,5,9,1,6,26.732142857142858,34.95238095238095
22,26,5,3,8,9,7,9,27.327380952380953,37.842261904761905
22,27,5,3,8,9,10,9,27.178571428571427,40.87202380952381
22,28,8,6,5,2,2,7,27.113095238095237,29.11904761904762
22,29,6,8,10,8,5,7,27.488095238095237,42.95436507936508
22,30,4,3,5,6,2,9,27.43452380952381,25.400793650793652
22,31,6,7,6,1,5,9,26.839285714285715,30.96031746031746
22,32,4,3,5,1,8,6,27.06547619047619,27.203373015873016
22,33,8,6,5,9,1,7,27.428571428571427,35.279761904761905
22,34,6,8,10,9,6,7,27.029761904761905,45.182539682539684
22,35,6,1,10,9,5,7,27.19047619047619,37.17757936507937
22,36,3,2,5,7,1,8,27.011904761904763,24.118055555555557
22,37,4,5,1,9,1,5,27.125,26.07936507936508
22,38,10,7,1,2,8,7,27.101190476190474,34.21825396825397
22,39,9,9,9,1,10,1,27.077380952380953,43.576388888888886
22,40,8,6,5,6,1,3,27.083333333333332,32.17460317460318
22,41,10,9,7,9,1,6,26.732142857142858,41.541666666666664
22,42,8,10,5,9,1,6,26.964285714285715,38.03769841269841
22,43,8,6,5,9,7,6,27.416666666666668,41.1031746031746
22,44,10,7,4,6,10,7,27.613095238095237,43.00198412698413
22,45,7,6,2,3,1,9,27.077380952380953,25.20734126984127
22,46,3,2,5,7,5,1,27.31547619047619,27.49404761904762
22,47,5,3,8,2,1,8,27.06547619047619,24.680555555555557
22,48,6,1,10,9,8,7,27.61904761904762,39.913690476190474
22,49,4,3,5,1,6,7,26.898809523809526,24.88888888888889
23,0,2,3,1,6,8,4,27.357142857142858,26.26686507936508
23,1,6,1,5,1,8,6,26.952380952380953,27.18452380952381
23,2,8,6,5,9,1,8,26.99404761904762,34.75099206349206
23,3,7,8,5,6,9,6,27.43452380952381,41.2281746031746
23,4,5,3,8,2,1,9,27.238095238095237,25.192460317460316
23,5,8,10,5,1,7,7,26.970238095238095,36.919642857142854
23,6,6,7,6,1,5,10,27.142857142857142,30.410714285714285
23,7,4,3,5,6,2,9,27.238095238095237,26.15972222222222
23,8,9,7,9,9,7,5,27.452380952380953,46.576388888888886
23,9,8,9,9,1,10,1,27.023809523809526,42.7718253968254
23,10,4,6,5,4,2,9,27.095238095238095,27.206349206349206
23,11,8,6,6,5,4,9,27.422619047619047,35.13095238095238
23,12,8,6,5,7,1,8,27.0,33.413690476190474
23,13,3,2,5,9,1,7,27.273809523809526,26.34424603174603
23,14,9,8,10,9,6,7,27.214285714285715,47.964285714285715
23,15,6,9,9,1,10,8,27.113095238095237,40.9593253968254
23,16,8,1,4,4,10,7,27.398809523809526,32.63194444444444
23,17,5,3,8,2,1,7,27.047619047619047,24.9890873015873
23,18,5,9,7,9,1,6,27.363095238095237,36.89087301587302
23,19,10,7,4,6,10,7,27.297619047619047,43.21527777777778
23,20,7,7,10,2,2,7,27.428571428571427,33.96031746031746
23,21,8,6,5,5,1,5,26.797619047619047,31.071428571428573
23,22,6,6,5,6,5,5,27.458333333333332,34.017857142857146
23,23,4,4,1,5,1,5,26.773809523809526,21.395833333333332
23,24,5,10,2,3,1,9,26.863095238095237,27.31547619047619
23,25,7,6,3,5,6,7,27.50595238095238,32.87599206349206
23,26,5,3,8,9,1,5,26.63095238095238,31.73015873015873
23,27,6,6,5,5,7,9,27.375,35.19742063492063
23,28,9,6,5,9,7,6,27.30952380952381,41.598214285714285
23,29,8,9,9,1,10,1,26.904761904761905,42.97718253968254
23,30,5,3,8,2,1,3,27.00595238095238,25.01984126984127
23,31,8,6,2,9,5,7,27.470238095238095,36.32142857142857
23,32,10,7,1,2,8,9,27.220238095238095,34.345238095238095
23,33,4,10,1,2,8,7,27.24404761904762,31.35218253968254
23,34,4,6,2,5,4,5,27.392857142857142,26.36111111111111
23,35,4,5,1,6,10,9,27.297619047619047,32.15376984126984
23,36,6,6,5,5,9,7,27.238095238095237,37.13492063492063
23,37,6,8,10,8,5,4,27.482142857142858,43.03174603174603
23,38,4,5,8,5,8,7,27.422619047619047,36.19642857142857
23,39,10,6,1,6,10,5,27.535714285714285,39.473214285714285
23,40,8,7,9,9,7,8,27.291666666666668,45.48412698412698
23,41,5,3,8,2,1,5,26.886904761904763,25.171626984126984
23,42,7,8,5,6,9,6,27.44047619047619,41.02480158730159
23,43,10,7,1,2,8,7,27.345238095238095,33.979166666666664
23,44,7,8,10,9,6,7,27.101190476190474,46.15079365079365
23,45,6,7,4,6,5,7,27.178571428571427,34.06349206349206
23,46,6,10,10,9,9,6,27.267857142857142,50.29662698412698
23,47,5,1,10,9,8,7,27.428571428571427,39.18452380952381
23,48,3,2,5,4,8,7,27.476190476190474,27.683531746031747
23,49,6,1,10,7,7,1,27.113095238095237,36.79761904761905
24,0,4,1,10,2,2,7,27.19047619047619,24.8234126984127
24,1,7,7,1,2,8,7,27.226190476190474,31.15674603174603
24,2,6,1,10,7,10,5,27.541666666666668,40.20337301587302
24,3,6,8,5,4,5,1,27.428571428571427,34.06150793650794
24,4,4,6,5,1,10,1,27.041666666666668,31.970238095238095
24,5,8,9,9,4,2,9,27.226190476190474,37.47420634920635
24,6,8,6,2,1,1,8,26.363095238095237,24.316468253968253
24,7,6,6,5,1,5,7,27.017857142857142,28.964285714285715
24,8,5,9,7,9,1,8,27.011904761904763,37.08234126984127
24,9,7,8,10,5,6,6,27.023809523809526,41.70238095238095
24,10,6,9,9,1,10,7,26.857142857142858,41.06150793650794
24,11,3,2,5,9,1,8,27.077380952380953,26.15575396825397
24,12,5,3,8,9,10,9,27.38095238095238,40.99603174603175
24,13,6,6,10,5,1,5,26.922619047619047,34.01884920634921
24,14,7,8,1,9,6,3,27.571428571428573,37.267857142857146
24,15,6,6,5,5,8,9,27.363095238095237,35.620039682539684
24,16,8,9,9,1,5,7,26.916666666666668,37.41865079365079
24,17,8,6,2,9,10,1,27.660714285714285,40.74404761904762
24,18,3,2,5,4,8,7,27.035714285714285,27.66765873015873
24,19,6,7,4,6,5,7,27.297619047619047,34.07738095238095
24,20,8,6,5,5,9,7,27.482142857142858,39.11309523809524
24,21,3,6,5,5,10,5,26.958333333333332,35.23809523809524
24,22,10,7,5,4,8,7,27.214285714285715,39.961309523809526
24,23,3,2,1,2,8,7,26.988095238095237,22.27777777777778
24,24,7,6,5,9,7,6,27.303571428571427,40.044642857142854
24,25,9,6,5,5,7,9,27.178571428571427,37.99007936507937
24,26,5,9,7,9,8,7,27.25595238095238,44.34722222222222
24,27,3,2,5,4,1,6,26.970238095238095,20.613095238095237
24,28,10,6,1,2,8,1,27.238095238095237,33.12698412698413
24,29,4,3,1,6,8,7,27.375,28.49206349206349
24,30,8,8,10,10,9,8,27.25595238095238,50.58829365079365
24,31,10,8,5,5,1,5,27.035714285714285,34.56448412698413
24,32,5,3,8,9,1,7,26.88095238095238,32.323412698412696
24,33,4,10,1,2,8,5,27.404761904761905,31.3125
24,34,7,6,3,5,6,1,27.327380952380953,32.92261904761905
24,35,6,1,10,7,7,6,27.470238095238095,36.93055555555556
24,36,7,6,3,5,6,9,27.279761904761905,32.6031746031746
24,37,8,6,6,5,4,7,27.303571428571427,35.125
24,38,5,9,7,9,10,1,27.55952380952381,45.74404761904762
24,39,8,9,9,1,1,6,26.476190476190474,33.9593253968254
24,40,5,7,9,9,7,8,27.303571428571427,42.88492063492063
24,41,6,10,2,3,1,9,27.297619047619047,28.089285714285715
24,42,8,6,5,2,1,3,26.99404761904762,27.745039682539684
24,43,5,3,8,5,1,5,26.922619047619047,27.916666666666668
24,44,5,3,1,5,1,5,27.0,21.28968253968254
24,45,4,4,8,2,1,9,26.726190476190474,25.206349206349206
24,46,7,8,5,2,2,7,27.30952380952381,30.49702380952381
24,47,7,5,10,6,9,6,27.339285714285715,42.7093253968254
24,48,5,3,5,1,10,1,26.791666666666668,30.01984126984127
24,49,8,2,9,9,1,5,26.88095238095238,35.25396825396825
25,0,8,6,6,5,4,5,27.267857142857142,34.94642857142857
25,1,5,3,8,5,1,7,27.041666666666668,27.802579365079364
25,2,2,6,5,9,1,7,27.392857142857142,29.487103174603174
25,3,5,3,8,2,1,3,26.5,24.950396825396826
25,4,8,6,5,1,9,7,27.071428571428573,35.09623015873016
25,5,3,2,10,2,8,10,27.327380952380953,31.032738095238095
25,6,8,8,6,5,4,7,27.452380952380953,37.104166666666664
25,7,4,3,1,6,8,7,27.5,28.043650793650794
25,8,9,6,5,1,1,3,26.529761904761905,27.66269841269841
25,9,8,6,4,2,10,1,27.214285714285715,35.96230158730159
25,10,3,2,5,9,8,9,27.422619047619047,32.94742063492063
25,11,6,6,5,5,1,8,26.595238095238095,29.128968253968253
25,12,3,2,5,5,1,5,26.773809523809526,22.28174603174603
25,13,10,8,3,2,1,6,26.916666666666668,30.36706349206349
25,14,3,2,5,4,8,1,27.422619047619047,27.96031746031746
25,15,4,6,5,1,10,7,27.011904761904763,32.239087301587304
25,16,5,9,7,3,1,8,27.077380952380953,31.182539682539684
25,17,5,9,7,7,10,1,27.321428571428573,44.06944444444444
25,18,3,6,5,5,1,5,27.125,25.947420634920636
25,19,6,1,2,5,10,5,27.511904761904763,30.22519841269841
25,20,4,6,5,1,1,5,26.595238095238095,22.971230158730158
25,21,10,8,5,5,10,10,27.422619047619047,43.970238095238095
25,22,6,6,10,5,1,1,26.636904761904763,34.0406746031746
25,23,10,6,1,2,8,5,27.196428571428573,33.291666666666664
25,24,8,6,2,9,10,7,27.38095238095238,41.18154761904762
25,25,7,7,1,2,8,1,27.238095238095237,31.0734126984127
25,26,5,3,8,5,1,8,26.886904761904763,27.924603174603174
25,27,2,8,10,10,9,6,27.095238095238095,44.93154761904762
25,28,2,9,9,1,1,2,26.178571428571427,28.151785714285715
25,29,8,8,10,5,6,6,27.18452380952381,42.845238095238095
25,30,2,9,8,4,1,5,27.38095238095238,30.112103174603174
25,31,5,3,1,5,2,9,27.166666666666668,22.290674603174605
25,32,10,7,5,4,4,8,27.172619047619047,35.848214285714285
25,33,8,6,2,1,1,7,26.571428571428573,23.6359126984127
25,34,7,5,9,1,5,7,26.666666666666668,32.75892857142857
25,35,8,9,10,6,9,6,27.428571428571427,48.05555555555556
25,36,8,6,5,2,1,8,26.88095238095238,28.29563492063492
25,37,8,6,2,1,1,3,26.68452380952381,24.223214285714285
25,38,7,8,2,2,10,1,27.041666666666668,35.11011904761905
25,39,8,6,5,2,2,7,26.642857142857142,29.1359126984127
25,40,3,2,1,2,2,9,27.071428571428573,16.356150793650794
25,41,8,9,9,3,9,7,27.482142857142858,43.625
25,42,4,6,10,2,2,7,27.06547619047619,30.41269841269841
25,43,4,1,5,1,10,1,26.625,26.81845238095238
25,44,7,10,2,3,1,9,26.75,29.153769841269842
25,45,6,2,5,2,2,7,27.398809523809526,23.422619047619047
25,46,6,4,10,2,8,7,27.232142857142858,36.157738095238095
25,47,7,7,7,7,10,5,27.363095238095237,43.676587301587304
25,48,8,7,7,4,8,7,27.06547619047619,39.882936507936506
25,49,10,6,5,1,10,1,26.779761904761905,37.695436507936506
26,0,4,3,1,6,1,3,26.99404761904762,21.10218253968254
26,1,8,5,2,1,8,7,26.964285714285715,30.248015873015873
26,2,3,8,5,9,8,9,27.303571428571427,38.73809523809524
26,3,3,2,5,4,8,1,27.654761904761905,27.643849206349206
26,4,10,6,1,4,7,3,27.49404761904762,33.77876984126984
26,5,2,6,5,1,1,1,26.702380952380953,20.5625
26,6,4,9,10,6,9,6,27.422619047619047,44.419642857142854
26,7,8,6,6,1,1,5,26.80952380952381,27.919642857142858
26,8,5,3,8,2,8,3,27.363095238095237,32.163690476190474
26,9,8,7,7,4,9,3,27.446428571428573,41.107142857142854
26,10,3,6,5,4,1,5,26.93452380952381,25.15674603174603
26,11,2,6,5,9,1,7,26.988095238095237,29.16468253968254
26,12,7,8,2,7,7,5,27.238095238095237,37.007936507936506
26,13,7,7,7,2,10,1,27.172619047619047,38.94642857142857
26,14,4,9,5,2,2,7,27.416666666666668,28.14980158730159
26,15,8,6,5,1,1,5,26.44047619047619,27.09424603174603
26,16,8,6,5,1,10,1,26.904761904761905,35.53174603174603
26,17,8,6,4,2,9,7,27.339285714285715,35.291666666666664
26,18,10,7,5,4,4,8,27.261904761904763,36.27876984126984
26,19,7,4,10,2,8,7,27.0,36.864087301587304
26,20,8,6,5,2,2,8,27.68452380952381,29.334325396825395
26,21,5,3,8,5,1,7,26.970238095238095,28.188492063492063
26,22,2,6,5,8,1,3,26.75,28.086309523809526
26,23,8,6,2,1,1,7,26.761904761904763,23.904761904761905
26,24,8,6,7,2,2,9,27.202380952380953,31.086309523809526
26,25,3,5,1,2,2,7,27.398809523809526,19.35813492063492
26,26,5,6,1,1,10,7,26.773809523809526,28.839285714285715
26,27,4,6,5,5,2,9,27.38095238095238,28.4890873015873
26,28,10,8,10,2,2,7,27.202380952380953,38.179563492063494
26,29,4,6,6,5,4,10,27.333333333333332,30.82638888888889
26,30,8,9,10,2,2,9,27.392857142857142,37.31349206349206
26,31,3,2,2,9,10,7,27.089285714285715,32.04960317460318
26,32,6,6,2,9,10,7,27.136904761904763,39.01289682539682
26,33,8,2,5,2,2,8,27.172619047619047,24.805555555555557
26,34,3,2,10,2,8,10,27.547619047619047,31.011904761904763
26,35,5,9,7,3,1,8,26.851190476190474,30.85515873015873
26,36,9,6,5,1,1,9,26.648809523809526,28.3015873015873
26,37,3,2,1,2,3,3,27.303571428571427,17.180555555555557
26,38,7,2,5,9,8,5,27.5,36.9375
26,39,6,1,2,5,10,9,27.214285714285715,30.1359126984127
26,40,8,6,2,3,1,9,26.946428571428573,26.363095238095237
26,41,7,10,5,2,2,7,27.11904761904762,32.157738095238095
26,42,10,5,2,9,10,5,26.946428571428573,42.0406746031746
26,43,6,1,3,2,1,6,26.863095238095237,18.838293650793652
26,44,3,9,8,4,2,9,27.232142857142858,31.68452380952381
26,45,5,3,1,5,1,5,27.208333333333332,21.378968253968253
26,46,2,9,9,1,1,5,26.785714285714285,27.871031746031747
26,47,2,9,8,4,1,2,27.00595238095238,30.15972222222222
26,48,8,6,2,9,1,8,26.726190476190474,32.31646825396825
26,49,5,9,7,3,10,7,27.107142857142858,40.035714285714285
27,0,2,9,10,4,1,3,26.702380952380953,32.16765873015873
27,1,3,6,5,8,5,5,27.178571428571427,33.06448412698413
27,2,8,6,5,4,8,1,27.61904761904762,36.698412698412696
27,3,3,2,2,3,1,9,26.821428571428573,16.98015873015873
27,4,3,9,9,1,1,5,26.970238095238095,28.38095238095238
27,5,7,5,7,4,9,3,27.482142857142858,38.02876984126984
27,6,2,9,8,4,1,7,26.851190476190474,30.240079365079364
27,7,5,9,7,3,1,8,26.928571428571427,30.544642857142858
27,8,2,10,7,2,10,1,27.25595238095238,36.97420634920635
27,9,7,6,5,8,1,3,27.011904761904763,32.92063492063492
27,10,8,2,5,2,2,8,27.101190476190474,25.063492063492063
27,11,2,6,5,8,1,3,27.017857142857142,28.05456349206349
27,12,4,6,6,2,2,7,27.30952380952381,26.316468253968253
27,13,1,5,1,5,5,10,27.06547619047619,23.197420634920636
27,14,3,9,10,2,8,5,27.24404761904762,38.16765873015873
27,15,8,6,5,10,7,10,27.261904761904763,41.8968253968254
27,16,9,6,5,1,1,2,26.607142857142858,28.157738095238095
27,17,5,3,8,5,1,9,26.69047619047619,27.876984126984127
27,18,6,1,3,2,1,7,26.886904761904763,18.95734126984127
27,19,5,6,1,1,10,7,27.095238095238095,29.35019841269841
27,20,8,6,2,2,2,7,27.142857142857142,26.142857142857142
27,21,3,5,1,1,1,8,26.351190476190474,17.267857142857142
27,22,3,6,2,9,10,7,27.642857142857142,35.913690476190474
27,23,3,2,5,4,1,5,27.023809523809526,20.544642857142858
27,24,8,2,5,2,2,8,27.113095238095237,25.15575396825397
27,25,8,2,5,2,2,6,27.291666666666668,24.956349206349206
27,26,10,10,8,4,7,5,27.095238095238095,44.81150793650794
27,27,3,6,5,4,1,3,27.214285714285715,25.28174603174603
27,28,4,9,1,2,2,7,27.404761904761905,24.645833333333332
27,29,4,9,6,2,2,7,27.422619047619047,29.186507936507937
27,30,8,7,5,4,4,8,27.31547619047619,33.632936507936506
27,31,10,6,5,1,1,3,26.577380952380953,29.1875
27,32,2,3,5,9,1,2,26.988095238095237,26.243055555555557
27,33,2,9,5,4,1,7,27.166666666666668,26.654761904761905
27,34,2,6,5,8,1,3,27.023809523809526,28.077380952380953
27,35,2,9,10,4,1,6,26.791666666666668,31.8234126984127
27,36,7,2,2,9,7,7,27.458333333333332,33.26488095238095
27,37,3,8,2,7,7,5,27.017857142857142,33.132936507936506
27,38,10,1,1,8,1,3,26.886904761904763,27.185515873015873
27,39,2,6,5,4,7,3,27.232142857142858,30.216269841269842
27,40,7,10,5,8,5,3,27.279761904761905,41.342261904761905
27,41,2,6,5,2,2,7,27.142857142857142,23.058531746031747
27,42,10,7,5,4,1,3,27.077380952380953,32.8125
27,43,5,3,1,5,4,8,27.553571428571427,24.153769841269842
27,44,8,2,5,2,2,8,27.291666666666668,24.97718253968254
27,45,3,6,5,4,1,5,26.595238095238095,24.407738095238095
27,46,3,9,8,4,1,5,26.839285714285715,31.069444444444443
27,47,5,3,1,6,2,9,27.19047619047619,23.129960317460316
27,48,8,7,7,4,9,3,27.375,40.87301587301587
27,49,3,2,1,2,10,3,27.636904761904763,24.390873015873016
28,0,4,9,5,2,2,10,27.422619047619047,28.21825396825397
28,1,7,10,5,8,5,3,27.422619047619047,40.82440476190476
28,2,5,9,8,9,1,2,26.982142857142858,37.61011904761905
28,3,2,3,5,4,1,7,26.904761904761905,21.24404761904762
28,4,5,1,1,7,1,3,27.333333333333332,20.993055555555557
28,5,10,9,7,3,1,8,27.00595238095238,36.09126984126984
28,6,4,9,10,4,1,6,26.93452380952381,33.410714285714285
28,7,2,9,6,2,2,7,26.946428571428573,26.841269841269842
28,8,7,6,8,8,4,8,27.345238095238095,38.59126984126984
28,9,5,3,1,5,1,3,26.74404761904762,21.199404761904763
28,10,10,7,5,2,2,6,27.267857142857142,32.02579365079365
28,11,8,2,5,4,1,3,27.160714285714285,25.89781746031746
28,12,4,6,10,2,2,7,27.0,30.095238095238095
28,13,8,2,2,2,2,8,27.113095238095237,22.14980158730159
28,14,2,9,8,4,1,9,27.166666666666668,29.5515873015873
28,15,3,2,2,3,1,7,26.648809523809526,17.34325396825397
28,16,3,2,2,3,1,9,26.625,17.109126984126984
28,17,3,2,5,4,1,3,26.738095238095237,21.186507936507937
28,18,8,6,5,8,1,3,27.125,34.067460317460316
28,19,10,1,1,10,7,10,27.327380952380953,35.09920634920635
28,20,5,6,2,2,2,7,27.148809523809526,23.283730158730158
28,21,8,3,1,5,9,8,27.261904761904763,32.46825396825397
28,22,10,1,1,8,2,9,26.863095238095237,28.049603174603174
28,23,5,3,1,6,1,3,27.083333333333332,22.297619047619047
28,24,3,5,1,1,1,5,26.517857142857142,16.814484126984127
28,25,3,9,9,1,1,8,26.607142857142858,28.88293650793651
28,26,3,9,10,2,8,5,27.297619047619047,38.02281746031746
28,27,9,6,5,1,1,2,26.625,27.490079365079364
28,28,3,2,1,8,1,3,26.642857142857142,21.189484126984127
28,29,7,6,5,2,10,3,27.345238095238095,36.28075396825397
28,30,2,6,5,2,2,8,27.50595238095238,23.16269841269841
28,31,8,2,5,4,7,3,27.24404761904762,31.53968253968254
28,32,3,1,1,8,1,3,26.464285714285715,20.32043650793651
28,33,10,5,3,1,1,8,26.553571428571427,26.124007936507937
28,34,8,9,5,2,10,1,27.404761904761905,40.06944444444444
28,35,2,10,7,4,9,2,27.321428571428573,37.601190476190474
28,36,3,6,5,9,10,7,27.30952380952381,38.88194444444444
28,37,3,6,2,4,1,5,26.964285714285715,22.308531746031747
28,38,3,2,1,2,1,3,26.964285714285715,15.294642857142858
28,39,10,6,5,1,1,3,26.839285714285715,29.092261904761905
28,40,2,6,5,4,1,3,26.970238095238095,24.107142857142858
28,41,3,9,8,4,1,3,27.107142857142858,30.432539682539684
28,42,5,9,7,3,1,3,27.107142857142858,30.984126984126984
28,43,3,6,5,4,6,8,27.327380952380953,30.421626984126984
28,44,7,4,2,4,9,2,27.303571428571427,32.00198412698413
28,45,2,3,5,9,1,3,26.720238095238095,26.07936507936508
28,46,8,2,5,4,8,1,27.214285714285715,33.026785714285715
28,47,8,6,5,2,2,8,27.196428571428573,29.20436507936508
28,48,5,6,1,1,10,7,26.910714285714285,29.2390873015873
28,49,8,2,5,2,3,6,27.321428571428573,26.214285714285715
29,0,3,2,2,1,1,2,26.398809523809526,15.306547619047619
29,1,5,9,8,3,1,9,27.267857142857142,32.160714285714285
29,2,3,5,1,1,1,8,26.50595238095238,17.286706349206348
29,3,8,2,2,2,1,5,26.678571428571427,21.249007936507937
29,4,3,8,2,3,1,8,26.541666666666668,23.116071428571427
29,5,8,3,4,5,9,9,27.404761904761905,35.054563492063494
29,6,10,1,1,10,1,5,26.863095238095237,29.51984126984127
29,7,3,5,1,1,7,10,26.773809523809526,23.282738095238095
29,8,10,6,5,1,1,3,26.38095238095238,28.946428571428573
29,9,8,2,6,4,8,1,27.172619047619047,33.24404761904762
29,10,3,5,1,2,10,1,27.148809523809526,26.936507936507937
29,11,8,9,5,1,1,5,26.464285714285715,29.482142857142858
29,12,2,3,2,3,1,9,27.041666666666668,17.11706349206349
29,13,3,2,5,4,1,7,26.833333333333332,20.941468253968253
29,14,3,6,2,2,2,10,27.232142857142858,21.01984126984127
29,15,7,9,4,4,1,5,26.946428571428573,31.317460317460316
29,16,9,9,7,3,1,3,27.071428571428573,34.885912698412696
29,17,5,3,1,5,1,3,26.99404761904762,21.137896825396826
29,18,5,1,1,3,1,9,26.446428571428573,17.113095238095237
29,19,3,2,2,7,6,3,27.279761904761905,26.321428571428573
29,20,2,3,1,2,1,7,26.607142857142858,15.45138888888889
29,21,2,9,6,2,2,3,27.142857142857142,26.87202380952381
29,22,8,2,5,4,8,1,27.095238095238095,33.03968253968254
29,23,7,6,8,8,4,8,27.410714285714285,38.58531746031746
29,24,8,6,5,2,2,8,27.285714285714285,29.0109126984127
29,25,2,2,5,4,8,1,27.726190476190474,27.038690476190474
29,26,10,9,5,2,10,3,27.25,42.354166666666664
29,27,2,3,4,1,1,1,26.422619047619047,16.8640873015873
29,28,5,3,1,8,1,3,27.13095238095238,24.28075396825397
29,29,3,2,1,5,1,3,26.75595238095238,18.200396825396826
29,30,4,2,5,4,7,3,27.535714285714285,28.120039682539684
29,31,8,9,5,2,2,10,27.166666666666668,32.0843253968254
29,32,8,2,2,5,9,8,27.398809523809526,31.984126984126984
29,33,8,3,1,2,2,8,27.166666666666668,22.246031746031747
29,34,8,3,1,5,9,2,27.333333333333332,32.254960317460316
29,35,5,9,8,9,1,8,27.047619047619047,38.1656746031746
29,36,4,9,5,9,1,3,26.75595238095238,33.75892857142857
29,37,2,3,5,2,2,10,27.107142857142858,20.216269841269842
29,38,10,10,5,1,1,3,26.529761904761905,33.388888888888886
29,39,2,9,3,2,2,7,27.333333333333332,23.883928571428573
29,40,5,9,1,6,1,3,26.785714285714285,28.095238095238095
29,41,5,3,7,3,1,3,26.833333333333332,24.86706349206349
29,42,2,4,5,2,2,10,26.958333333333332,20.90277777777778
29,43,4,4,5,9,1,3,26.654761904761905,29.142857142857142
29,44,2,6,5,9,10,7,27.31547619047619,38.201388888888886
29,45,7,3,5,1,1,3,26.833333333333332,22.636904761904763
29,46,3,2,2,3,8,9,27.386904761904763,23.903769841269842
29,47,2,9,6,2,2,7,27.05952380952381,27.262896825396826
29,48,4,9,5,2,2,10,27.30952380952381,28.185515873015873
29,49,4,9,5,2,2,10,27.547619047619047,28.146825396825395
30,0,2,7,5,2,10,3,27.279761904761905,32.192460317460316
30,1,10,6,2,2,2,10,26.821428571428573,28.123015873015873
30,2,7,3,4,7,1,1,26.75,27.961309523809526
30,3,2,3,5,1,1,3,26.714285714285715,17.78174603174603
30,4,10,1,1,10,1,1,26.75595238095238,29.15674603174603
30,5,8,2,6,4,8,5,27.303571428571427,34.0406746031746
30,6,8,4,1,5,7,3,27.166666666666668,31.40575396825397
30,7,6,2,6,4,8,1,27.303571428571427,31.79861111111111
30,8,3,5,1,5,9,8,27.24404761904762,29.235119047619047
30,9,2,2,2,1,1,8,26.511904761904763,14.106150793650794
30,10,3,6,5,2,2,8,27.089285714285715,24.29563492063492
30,11,8,2,5,4,1,7,26.839285714285715,25.66269841269841
30,12,5,3,3,5,1,3,27.017857142857142,22.913690476190474
30,13,4,4,5,9,1,3,26.892857142857142,28.978174603174605
30,14,4,5,8,5,1,3,26.738095238095237,28.278769841269842
30,15,4,4,5,9,1,3,26.910714285714285,28.8859126984127
30,16,10,10,5,1,1,7,26.81547619047619,33.25396825396825
30,17,2,3,1,2,1,6,26.928571428571427,15.148809523809524
30,18,2,3,1,10,2,5,27.363095238095237,24.520833333333332
30,19,10,1,4,1,1,1,26.55952380952381,22.86904761904762
30,20,10,1,1,10,1,5,26.714285714285715,29.1765873015873
30,21,2,9,6,1,2,7,26.99404761904762,25.91269841269841
30,22,8,9,3,1,1,6,26.63095238095238,27.953373015873016
30,23,7,3,5,2,2,10,27.279761904761905,25.089285714285715
30,24,3,2,2,1,1,10,26.803571428571427,14.780753968253968
30,25,2,3,5,2,2,2,27.226190476190474,20.025793650793652
30,26,7,3,5,1,1,3,26.220238095238095,23.004960317460316
30,27,10,6,3,1,1,3,26.761904761904763,26.72222222222222
30,28,8,2,5,2,2,8,27.416666666666668,25.21031746031746
30,29,8,6,2,2,1,5,26.970238095238095,25.282738095238095
30,30,9,3,1,5,2,2,26.910714285714285,26.25
30,31,8,2,2,9,9,8,27.404761904761905,35.76587301587302
30,32,8,6,5,1,1,1,26.154761904761905,26.741071428571427
30,33,7,3,5,2,2,8,27.095238095238095,24.987103174603174
30,34,7,3,5,6,9,10,27.36904761904762,36.495039682539684
30,35,8,9,5,1,1,3,26.678571428571427,30.228174603174605
30,36,3,2,1,3,1,9,27.13095238095238,16.248015873015873
30,37,5,9,2,6,6,3,27.714285714285715,34.20337301587302
30,38,5,9,7,3,1,3,27.18452380952381,30.94047619047619
30,39,2,9,8,9,1,8,27.107142857142858,35.32142857142857
30,40,4,9,5,9,2,7,27.333333333333332,35.173611111111114
30,41,3,2,5,4,1,5,27.25,20.845238095238095
30,42,8,9,5,10,8,1,27.446428571428573,46.120039682539684
30,43,8,2,5,1,1,5,26.767857142857142,23.26984126984127
30,44,3,6,2,2,2,8,26.982142857142858,20.903769841269842
30,45,8,3,1,2,2,10,26.80952380952381,22.271825396825395
30,46,3,2,5,2,2,6,27.31547619047619,19.799603174603174
30,47,2,9,6,4,1,7,26.88095238095238,27.285714285714285
30,48,2,1,9,1,1,10,26.625,19.81547619047619
30,49,2,3,5,2,2,1,27.357142857142858,20.012896825396826
31,0,10,3,3,5,4,5,27.375,31.160714285714285
31,1,10,1,1,10,1,3,27.0,29.387896825396826
31,2,10,10,9,1,1,10,26.464285714285715,36.82837301587302
31,3,2,1,5,1,1,7,26.577380952380953,16.294642857142858
31,4,8,9,5,1,1,3,26.464285714285715,29.950396825396826
31,5,8,6,5,1,1,1,26.428571428571427,27.026785714285715
31,6,2,8,5,2,2,5,27.226190476190474,25.083333333333332
31,7,2,6,1,10,2,1,27.238095238095237,27.21031746031746
31,8,10,10,3,1,1,3,26.196428571428573,30.963293650793652
31,9,10,6,5,1,2,7,27.327380952380953,30.1875
31,10,7,1,1,10,1,1,27.023809523809526,26.183531746031747
31,11,10,8,5,1,1,3,26.571428571428573,30.491071428571427
31,12,2,3,5,1,2,1,26.898809523809526,19.071428571428573
31,13,8,3,7,2,1,3,26.81547619047619,26.987103174603174
31,14,10,10,5,1,1,7,26.410714285714285,33.245039682539684
31,15,10,10,5,1,1,7,26.702380952380953,33.1031746031746
31,16,2,3,5,2,2,8,27.261904761904763,20.393849206349206
31,17,2,3,1,10,2,2,27.333333333333332,24.061507936507937
31,18,8,9,5,10,1,5,26.952380952380953,38.39484126984127
31,19,10,1,1,10,1,1,26.99404761904762,29.229166666666668
31,20,8,9,3,1,1,3,26.68452380952381,27.94345238095238
31,21,5,9,7,3,1,6,26.708333333333332,31.099206349206348
31,22,2,9,6,4,1,3,26.696428571428573,27.890873015873016
31,23,6,9,2,1,1,7,26.863095238095237,25.143849206349206
31,24,8,2,2,9,9,8,27.511904761904763,36.36507936507937
31,25,8,2,5,2,2,8,27.25595238095238,25.178571428571427
31,26,2,3,2,2,7,10,27.202380952380953,22.28472222222222
31,27,10,6,5,9,2,7,27.285714285714285,38.09920634920635
31,28,7,3,4,7,1,3,26.660714285714285,28.146825396825395
31,29,5,3,3,5,1,9,26.535714285714285,23.191468253968253
31,30,5,8,7,5,8,1,27.589285714285715,38.092261904761905
31,31,7,2,6,4,1,3,27.029761904761905,26.032738095238095
31,32,3,2,5,4,1,7,26.642857142857142,20.811507936507937
31,33,8,2,5,2,2,6,26.88095238095238,24.978174603174605
31,34,5,9,2,8,6,1,27.047619047619047,35.979166666666664
31,35,7,9,4,7,1,3,27.321428571428573,34.11805555555556
31,36,8,2,2,9,9,10,27.458333333333332,36.29563492063492
31,37,7,3,5,6,9,8,27.321428571428573,36.02777777777778
31,38,2,9,6,4,1,9,27.047619047619047,27.553571428571427
31,39,8,6,1,1,1,7,26.56547619047619,23.157738095238095
31,40,8,9,3,1,1,8,26.541666666666668,28.213293650793652
31,41,2,2,2,1,1,6,26.482142857142858,14.113095238095237
31,42,2,3,4,7,1,1,26.767857142857142,22.71031746031746
31,43,7,3,5,2,2,2,27.357142857142858,24.821428571428573
31,44,2,3,6,4,8,4,27.083333333333332,29.256944444444443
31,45,8,2,1,2,1,6,26.791666666666668,19.979166666666668
31,46,2,5,1,5,1,1,26.875,20.025793650793652
31,47,8,6,5,1,9,8,26.791666666666668,35.1031746031746
31,48,2,1,9,1,1,10,26.339285714285715,20
31,49,7,3,6,6,9,10,27.648809523809526,37.07738095238095
32,0,3,1,2,1,1,6,26.446428571428573,13.858134920634921
32,1,2,1,9,8,1,9,27.071428571428573,27.095238095238095
32,2,8,2,5,3,1,6,27.279761904761905,25.06547619047619
32,3,5,9,7,2,2,6,27.25,31.1765873015873
32,4,10,1,1,10,7,1,27.511904761904763,35.35019841269841
32,5,7,1,1,10,1,1,27.077380952380953,25.924603174603174
32,6,2,6,5,1,9,4,27.077380952380953,28.915674603174605
32,7,8,9,6,4,1,9,27.053571428571427,33.742063492063494
32,8,8,2,8,9,9,10,27.458333333333332,41.79365079365079
32,9,2,3,9,2,1,8,26.93452380952381,23.288690476190474
32,10,10,10,5,7,1,1,27.023809523809526,38.67162698412698
32,11,2,3,4,1,2,7,26.875,18.106150793650794
32,12,6,3,3,6,9,3,27.339285714285715,33.31646825396825
32,13,7,3,6,5,4,5,27.214285714285715,30.939484126984127
32,14,8,9,3,1,8,3,27.017857142857142,35.14186507936508
32,15,8,2,5,2,2,8,27.43452380952381,24.78472222222222
32,16,8,9,3,9,2,7,26.946428571428573,37.23412698412698
32,17,10,6,5,1,8,3,26.88095238095238,36.14384920634921
32,18,2,9,6,4,9,10,27.345238095238095,35.892857142857146
32,19,7,3,6,6,1,3,26.63095238095238,29.03174603174603
32,20,7,3,4,9,9,10,27.31547619047619,38.104166666666664
32,21,8,2,2,7,1,3,26.86904761904762,26.052579365079364
32,22,2,3,5,10,1,3,26.982142857142858,26.961309523809526
32,23,10,1,1,2,9,8,27.464285714285715,29.103174603174605
32,24,2,3,5,4,1,3,27.089285714285715,21.237103174603174
32,25,7,2,6,2,2,8,27.291666666666668,25.074404761904763
32,26,2,1,5,1,1,7,26.55952380952381,16.029761904761905
32,27,8,9,6,1,1,7,26.607142857142858,30.875992063492063
32,28,2,3,3,5,1,9,26.875,20.38888888888889
32,29,5,3,1,10,2,2,27.416666666666668,27.265873015873016
32,30,8,9,3,1,1,10,26.279761904761905,28.092261904761905
32,31,2,1,9,1,1,1,26.398809523809526,19.79861111111111
32,32,10,9,5,1,1,3,26.571428571428573,32.24801587301587
32,33,8,1,1,10,1,1,27.142857142857142,27.103174603174605
32,34,2,1,1,10,1,1,27.202380952380953,21.128968253968253
32,35,10,3,4,8,1,3,27.047619047619047,31.933531746031747
32,36,8,9,3,1,1,7,26.636904761904763,28.238095238095237
32,37,2,8,5,2,2,5,27.154761904761905,25.061507936507937
32,38,8,8,10,1,1,3,26.446428571428573,34.051587301587304
32,39,10,9,3,1,2,8,26.779761904761905,31.325396825396826
32,40,5,3,7,5,8,10,26.964285714285715,34.236111111111114
32,41,7,3,6,6,9,1,27.571428571428573,37.06845238095238
32,42,2,9,6,1,1,6,26.357142857142858,25.10218253968254
32,43,2,2,2,6,1,4,27.0,19.189484126984127
32,44,10,10,5,10,1,5,26.636904761904763,41.79761904761905
32,45,2,9,9,1,1,7,26.375,28.038690476190474
32,46,8,2,3,2,2,7,27.089285714285715,23.143849206349206
32,47,8,6,2,1,1,8,26.482142857142858,24.25297619047619
32,48,10,3,4,7,1,3,26.767857142857142,30.879960317460316
32,49,7,8,5,1,9,3,27.107142857142858,36.30257936507937
33,0,7,3,3,5,1,9,27.095238095238095,25.07043650793651
33,1,2,1,1,10,10,1,27.458333333333332,30.297619047619047
33,2,5,3,1,10,1,8,26.93452380952381,26.116071428571427
33,3,8,6,2,1,2,2,26.833333333333332,25.01686507936508
33,4,8,9,4,1,1,7,26.410714285714285,28.938492063492063
33,5,10,9,3,1,2,8,27.06547619047619,31.16765873015873
33,6,8,9,3,1,2,7,27.136904761904763,28.99702380952381
33,7,2,3,4,1,5,7,27.11904761904762,21.10019841269841
33,8,1,1,1,1,1,10,26.18452380952381,11.090277777777779
33,9,8,9,3,10,7,1,27.083333333333332,43.151785714285715
33,10,10,3,8,1,1,9,26.464285714285715,29.36904761904762
33,11,8,2,6,6,1,3,26.821428571428573,29.196428571428573
33,12,10,1,1,10,1,1,26.523809523809526,28.854166666666668
33,13,2,1,1,10,7,1,27.386904761904763,27.0625
33,14,2,3,5,3,1,6,27.202380952380953,19.89980158730159
33,15,8,2,10,1,2,7,27.047619047619047,28.58531746031746
33,16,8,9,6,1,1,7,26.363095238095237,31.032738095238095
33,17,8,9,6,1,1,7,26.69047619047619,30.967261904761905
33,18,8,9,6,1,1,10,26.458333333333332,30.738095238095237
33,19,5,3,7,5,8,7,27.577380952380953,33.98115079365079
33,20,2,1,1,10,1,1,27.0,21.258928571428573
33,21,2,1,5,1,1,7,26.517857142857142,15.978174603174603
33,22,8,2,5,8,1,4,26.99404761904762,30.02480158730159
33,23,2,2,2,3,1,6,27.11904761904762,16.229166666666668
33,24,8,9,3,1,1,1,26.642857142857142,27.97222222222222
33,25,2,1,1,10,1,7,27.083333333333332,21.205357142857142
33,26,10,3,6,6,9,1,27.202380952380953,39.926587301587304
33,27,7,9,3,1,2,8,27.0,28.15674603174603
33,28,2,4,3,2,2,7,27.38095238095238,19.375992063492063
33,29,8,2,6,4,9,10,27.30952380952381,35.11805555555556
33,30,2,3,5,10,9,4,27.410714285714285,34.67559523809524
33,31,2,6,5,1,1,3,26.285714285714285,21.036706349206348
33,32,10,1,1,2,9,3,27.291666666666668,28.758928571428573
33,33,8,3,6,6,9,5,27.273809523809526,38.098214285714285
33,34,2,4,5,4,1,3,27.05952380952381,22.262896825396826
33,35,10,3,4,8,1,3,26.88095238095238,32.26190476190476
33,36,10,9,3,1,2,3,26.93452380952381,31.009920634920636
33,37,6,3,3,6,9,8,27.601190476190474,33.18849206349206
33,38,8,2,5,1,1,3,26.589285714285715,22.85813492063492
33,39,8,8,10,3,10,6,27.238095238095237,44.93650793650794
33,40,7,3,6,6,9,2,27.279761904761905,37.09325396825397
33,41,5,3,10,10,2,1,27.160714285714285,35.992063492063494
33,42,2,1,5,1,8,3,26.398809523809526,23.099206349206348
33,43,8,9,3,1,1,10,26.488095238095237,28.26388888888889
33,44,7,3,3,6,9,3,27.267857142857142,33.8968253968254
33,45,6,1,1,3,1,1,27.053571428571427,18.09424603174603
33,46,2,9,6,1,2,8,27.154761904761905,25.79563492063492
33,47,7,2,6,2,1,6,27.00595238095238,24.098214285714285
33,48,5,3,7,5,8,4,27.613095238095237,34.070436507936506
33,49,2,2,2,6,1,4,26.660714285714285,19.32936507936508
34,0,2,1,1,10,10,1,27.363095238095237,30.336309523809526
34,1,8,9,3,1,2,7,27.101190476190474,29.0515873015873
34,2,2,3,4,1,1,1,26.726190476190474,16.910714285714285
34,3,8,9,3,1,5,7,26.93452380952381,32.12103174603175
34,4,10,1,4,1,5,7,26.81547619047619,26.84325396825397
34,5,2,3,1,10,1,1,26.666666666666668,22.96924603174603
34,6,5,3,10,10,2,1,27.267857142857142,35.5843253968254
34,7,5,3,7,5,8,4,27.547619047619047,34.09623015873016
34,8,6,3,3,1,3,8,26.839285714285715,22.1140873015873
34,9,7,9,3,6,9,8,27.386904761904763,40.20337301587302
34,10,6,6,6,10,1,1,26.851190476190474,35.03075396825397
34,11,8,9,3,1,1,8,26.422619047619047,28.139880952380953
34,12,1,6,3,2,2,8,27.238095238095237,20.21924603174603
34,13,2,1,10,1,1,10,26.529761904761905,21.336309523809526
34,14,7,2,3,10,7,1,27.523809523809526,34.93650793650794
34,15,8,9,6,2,1,6,27.136904761904763,32.17559523809524
34,16,2,4,6,2,1,6,26.577380952380953,20.621031746031747
34,17,7,2,5,1,8,4,26.928571428571427,29.063492063492063
34,18,2,2,3,6,9,8,27.303571428571427,28.19047619047619
34,19,6,3,2,6,1,4,26.80952380952381,24.256944444444443
34,20,1,1,1,1,2,7,26.75595238095238,12.268849206349206
34,21,8,9,3,1,1,2,26.36904761904762,27.761904761904763
34,22,10,1,8,1,1,7,26.529761904761905,26.95734126984127
34,23,2,3,4,1,5,9,27.023809523809526,21.107142857142858
34,24,10,3,5,1,1,3,26.547619047619047,26.14781746031746
34,25,8,2,4,8,6,7,27.583333333333332,34.21924603174603
34,26,8,1,1,10,1,1,26.821428571428573,27.234126984126984
34,27,6,6,2,1,2,2,26.446428571428573,23.34027777777778
34,28,2,9,6,1,10,6,26.75595238095238,33.99900793650794
34,29,8,8,10,3,10,8,27.00595238095238,45.18055555555556
34,30,2,2,2,3,1,1,27.053571428571427,15.939484126984127
34,31,6,1,5,6,3,4,27.31547619047619,27.172619047619047
34,32,2,3,1,10,1,8,26.672619047619047,23.422619047619047
34,33,5,1,4,10,10,1,27.404761904761905,35.919642857142854
34,34,1,3,3,6,9,3,27.196428571428573,28.128968253968253
34,35,7,9,3,1,2,8,26.94047619047619,27.950396825396826
34,36,2,3,5,10,9,4,27.642857142857142,34.989087301587304
34,37,1,3,4,1,5,7,27.053571428571427,19.785714285714285
34,38,3,9,6,1,1,7,26.81547619047619,26.075396825396826
34,39,8,8,10,3,10,6,27.05952380952381,45.157738095238095
34,40,2,9,4,1,1,7,26.392857142857142,22.898809523809526
34,41,8,4,5,4,1,3,26.75595238095238,28.211309523809526
34,42,2,3,3,5,1,9,26.875,20.40972222222222
34,43,7,4,5,1,1,3,26.541666666666668,24.116071428571427
34,44,5,3,7,5,8,7,27.041666666666668,33.33531746031746
34,45,10,3,4,1,1,9,26.63095238095238,24.990079365079364
34,46,2,1,1,2,9,3,27.422619047619047,21.13293650793651
34,47,10,3,4,1,5,9,26.910714285714285,29.220238095238095
34,48,8,9,3,1,1,4,26.470238095238095,28.069444444444443
34,49,2,2,2,6,1,1,26.648809523809526,18.838293650793652
35,0,3,9,6,1,1,1,26.583333333333332,25.557539682539684
35,1,2,2,2,6,1,4,27.166666666666668,19.2609126984127
35,2,8,8,1,10,1,1,27.273809523809526,34.138888888888886
35,3,2,6,6,3,10,6,27.023809523809526,32.31646825396825
35,4,8,9,3,1,9,3,26.833333333333332,36.16865079365079
35,5,1,3,6,6,1,8,27.136904761904763,23.26984126984127
35,6,7,2,5,1,8,4,26.839285714285715,28.932539682539684
35,7,5,2,3,10,7,1,27.357142857142858,33.11210317460318
35,8,2,1,1,1,1,10,26.541666666666668,12.329365079365079
35,9,2,1,10,1,1,10,26.321428571428573,21.064484126984127
35,10,2,4,2,6,1,6,27.178571428571427,21.262896825396826
35,11,2,3,3,5,1,9,26.875,20.151785714285715
35,12,10,3,5,1,1,6,26.607142857142858,26.145833333333332
35,13,8,9,6,2,1,3,27.196428571428573,31.8859126984127
35,14,2,3,1,10,1,3,26.875,23.197420634920636
35,15,10,3,5,1,1,1,26.238095238095237,25.896825396825395
35,16,3,3,5,1,1,2,26.36904761904762,18.99206349206349
35,17,6,6,2,1,2,3,26.946428571428573,22.999007936507937
35,18,6,1,3,2,2,8,27.31547619047619,20.229166666666668
35,19,1,6,2,1,2,3,27.172619047619047,18.035714285714285
35,20,9,3,3,1,2,7,26.982142857142858,24.262896825396826
35,21,8,3,3,6,9,4,27.267857142857142,35.32837301587302
35,22,6,3,5,10,1,3,26.952380952380953,30.996031746031747
35,23,10,3,2,6,1,4,26.916666666666668,28.209325396825395
35,24,2,3,4,1,1,9,26.339285714285715,16.754960317460316
35,25,2,6,4,1,5,1,27.392857142857142,24.11706349206349
35,26,7,9,3,6,9,6,27.333333333333332,40.208333333333336
35,27,8,9,6,2,1,8,27.101190476190474,31.756944444444443
35,28,8,3,4,1,5,9,26.964285714285715,27.231150793650794
35,29,1,2,4,8,6,7,27.541666666666668,27.116071428571427
35,30,7,9,3,1,2,7,26.964285714285715,28.118055555555557
35,31,1,1,1,1,9,10,26.922619047619047,19.410714285714285
35,32,8,9,6,4,10,6,27.392857142857142,43.04365079365079
35,33,2,9,3,1,1,8,26.577380952380953,22.1984126984127
35,34,7,9,5,1,8,4,26.720238095238095,35.76587301587302
35,35,7,2,3,6,6,8,27.261904761904763,30.1984126984127
35,36,5,10,4,1,10,6,27.041666666666668,35.73710317460318
35,37,2,9,6,1,1,5,26.172619047619047,25.069444444444443
35,38,8,9,2,4,1,1,27.089285714285715,30.044642857142858
35,39,2,2,6,1,1,2,26.851190476190474,17.677579365079364
35,40,8,9,1,10,10,1,27.767857142857142,44.157738095238095
35,41,2,1,6,2,1,6,27.017857142857142,18.129960317460316
35,42,6,6,3,9,3,8,27.285714285714285,33.30952380952381
35,43,2,2,3,6,4,8,27.357142857142858,23.1359126984127
35,44,4,1,4,6,8,5,27.392857142857142,29.09027777777778
35,45,5,3,3,1,10,1,26.464285714285715,28.004960317460316
35,46,5,1,4,2,1,7,27.125,18.610119047619047
35,47,10,1,8,1,10,1,27.529761904761905,35.926587301587304
35,48,5,2,2,1,8,4,26.904761904761905,24.37797619047619
35,49,7,3,7,5,8,4,27.613095238095237,36.04563492063492
36,0,7,9,6,2,1,8,27.035714285714285,30.9484126984127
36,1,8,2,3,6,6,8,27.226190476190474,31.19047619047619
36,2,8,3,2,6,1,4,26.946428571428573,26.245039682539684
36,3,2,2,3,6,9,4,27.595238095238095,28.172619047619047
36,4,2,3,8,1,10,1,26.779761904761905,30.213293650793652
36,5,10,1,3,5,1,9,26.952380952380953,26.27777777777778
36,6,2,3,5,1,1,1,26.553571428571427,17.639880952380953
36,7,10,4,10,6,1,6,26.857142857142858,37.24900793650794
36,8,1,6,6,2,1,3,26.607142857142858,21.921626984126984
36,9,8,9,2,1,2,3,26.642857142857142,27.90674603174603
36,10,4,9,6,1,1,5,26.547619047619047,26.27777777777778
36,11,2,9,6,1,1,5,26.81547619047619,25.071428571428573
36,12,2,9,3,6,4,8,27.267857142857142,29.949404761904763
36,13,2,2,6,1,1,5,26.547619047619047,18.032738095238095
36,14,8,1,3,2,2,8,27.31547619047619,22.425595238095237
36,15,6,9,1,10,10,1,27.220238095238095,42.15873015873016
36,16,6,6,5,1,1,2,26.583333333333332,24.933531746031747
36,17,3,3,3,9,3,8,27.452380952380953,27.185515873015873
36,18,8,9,2,1,8,4,26.94047619047619,34.31547619047619
36,19,5,2,6,2,1,8,26.68452380952381,22.086309523809526
36,20,2,6,4,1,5,3,27.19047619047619,24.064484126984127
36,21,6,6,2,1,2,1,26.988095238095237,23.19047619047619
36,22,8,2,6,2,1,2,26.821428571428573,24.955357142857142
36,23,2,10,2,4,1,1,27.0,24.9890873015873
36,24,2,6,6,1,1,7,26.601190476190474,22.14484126984127
36,25,3,9,4,1,5,1,26.74404761904762,27.955357142857142
36,26,5,6,2,1,2,3,26.732142857142858,22.088293650793652
36,27,6,10,4,1,10,6,26.68452380952381,37.260912698412696
36,28,6,1,3,7,2,8,27.25595238095238,25.129960317460316
36,29,6,1,3,10,2,8,27.38095238095238,27.84027777777778
36,30,8,9,1,1,10,3,26.511904761904763,35.25694444444444
36,31,10,3,6,6,1,1,27.113095238095237,32.06448412698413
36,32,8,2,5,1,9,10,26.928571428571427,30.889880952380953
36,33,1,10,1,1,8,4,26.738095238095237,27.38293650793651
36,34,5,10,4,1,10,6,26.75,36.02281746031746
36,35,2,2,3,6,4,8,27.589285714285715,23.299603174603174
36,36,2,3,5,1,1,2,26.583333333333332,17.98611111111111
36,37,3,3,10,1,1,10,26.660714285714285,23.466269841269842
36,38,2,9,4,1,10,6,26.875,32.16170634920635
36,39,5,10,6,1,1,5,26.74404761904762,29.011904761904763
36,40,4,1,4,1,5,1,27.279761904761905,21.06845238095238
36,41,2,4,4,6,8,5,27.452380952380953,30.51984126984127
36,42,1,10,5,5,1,3,26.946428571428573,27.89781746031746
36,43,10,3,4,1,10,6,26.988095238095237,34.22718253968254
36,44,5,2,3,10,8,4,27.541666666666668,34.45337301587302
36,45,7,3,7,5,7,1,27.523809523809526,34.71329365079365
36,46,7,3,7,1,1,1,26.678571428571427,24.384920634920636
36,47,2,2,6,5,8,4,27.148809523809526,28.87797619047619
36,48,1,3,5,1,1,6,26.541666666666668,17.205357142857142
36,49,10,3,5,1,1,6,26.958333333333332,26
37,0,7,3,7,5,8,4,27.577380952380953,36.04563492063492
37,1,2,4,4,6,4,1,27.107142857142858,26.11904761904762
37,2,2,6,5,2,1,2,26.708333333333332,21.77480158730159
37,3,6,1,3,9,2,8,27.297619047619047,27.46924603174603
37,4,10,3,5,6,1,6,27.113095238095237,30.935515873015873
37,5,10,4,10,1,1,6,26.25,32.23115079365079
37,6,8,2,3,6,9,4,27.226190476190474,33.98511904761905
37,7,8,9,2,1,8,4,26.982142857142858,34.21924603174603
37,8,2,4,1,6,8,4,27.166666666666668,27.378968253968253
37,9,4,10,4,6,8,5,27.18452380952381,38.18154761904762
37,10,2,6,7,1,3,6,27.208333333333332,24.889880952380953
37,11,10,7,10,1,10,7,26.910714285714285,43.72718253968254
37,12,10,3,7,1,1,1,26.511904761904763,27.946428571428573
37,13,7,4,10,6,1,6,26.833333333333332,34.041666666666664
37,14,8,9,4,1,10,9,27.410714285714285,37.82440476190476
37,15,2,2,6,2,1,2,27.339285714285715,19.10813492063492
37,16,1,10,1,1,8,2,26.958333333333332,27.2390873015873
37,17,8,2,6,2,1,4,26.797619047619047,25.20138888888889
37,18,2,9,7,1,2,1,26.714285714285715,27.003968253968253
37,19,6,6,2,1,10,6,26.875,31.109126984126984
37,20,8,9,2,1,1,1,26.88095238095238,27.008928571428573
37,21,7,3,10,1,2,3,27.023809523809526,29.216269841269842
37,22,5,6,4,1,5,1,26.488095238095237,26.868055555555557
37,23,3,9,2,1,2,3,26.761904761904763,23.299603174603174
37,24,2,2,6,2,1,8,27.160714285714285,18.987103174603174
37,25,5,2,6,1,1,5,26.654761904761905,21.17956349206349
37,26,2,3,4,6,8,5,27.31547619047619,28.981150793650794
37,27,2,4,5,1,1,1,26.702380952380953,18.567460317460316
37,28,6,1,3,10,2,1,27.029761904761905,27.71031746031746
37,29,2,3,8,1,10,8,27.06547619047619,30.121031746031747
37,30,4,4,3,5,1,9,26.886904761904763,23.433531746031747
37,31,10,1,4,6,8,5,27.482142857142858,35.11607142857143
37,32,2,6,4,1,5,8,26.797619047619047,24.21031746031746
37,33,2,2,10,6,4,3,27.238095238095237,29.68452380952381
37,34,6,1,3,10,2,8,26.964285714285715,27.692460317460316
37,35,6,1,3,2,2,8,27.053571428571427,20.023809523809526
37,36,2,6,6,1,1,2,26.476190476190474,22.00297619047619
37,37,5,6,4,1,5,3,26.607142857142858,27.38095238095238
37,38,8,7,3,6,6,7,27.392857142857142,36.06845238095238
37,39,2,6,6,1,1,8,26.916666666666668,22.006944444444443
37,40,8,4,3,6,1,1,26.833333333333332,28.129960317460316
37,41,9,3,5,1,8,3,27.142857142857142,32.117063492063494
37,42,8,9,6,1,1,5,26.726190476190474,31.046626984126984
37,43,4,2,6,2,1,2,26.81547619047619,20.9265873015873
37,44,4,9,6,5,1,5,27.125,31.10515873015873
37,45,2,3,7,1,1,1,26.648809523809526,19.875992063492063
37,46,8,9,4,1,5,1,26.863095238095237,32.89186507936508
37,47,3,9,2,1,8,4,27.011904761904763,29.410714285714285
37,48,8,9,2,6,1,4,26.69047619047619,32.29365079365079
37,49,8,3,1,1,10,3,26.833333333333332,28.533730158730158
38,0,3,9,2,1,9,4,26.773809523809526,30.084325396825395
38,1,8,2,3,6,2,3,27.511904761904763,27.123015873015873
38,2,8,2,3,1,10,7,26.839285714285715,30.163690476190474
38,3,10,7,3,6,9,4,27.523809523809526,41.07242063492063
38,4,2,6,10,6,4,7,27.31547619047619,33.57738095238095
38,5,2,2,7,1,3,6,27.303571428571427,21.033730158730158
38,6,7,9,4,1,1,5,26.422619047619047,28.25793650793651
38,7,8,9,6,1,5,1,26.636904761904763,34.74305555555556
38,8,2,6,7,4,10,3,27.5,35.211309523809526
38,9,5,3,10,1,3,6,26.99404761904762,27.025793650793652
38,10,8,9,4,1,10,9,27.136904761904763,37.882936507936506
38,11,8,9,2,6,1,4,27.05952380952381,32.14087301587302
38,12,6,1,3,2,2,8,27.077380952380953,19.794642857142858
38,13,2,3,4,6,8,5,27.613095238095237,29.091269841269842
38,14,2,4,3,6,6,7,27.5,27.017857142857142
38,15,8,7,5,1,2,1,26.88095238095238,28.8125
38,16,9,3,5,1,5,4,27.113095238095237,28.974206349206348
38,17,8,2,5,2,1,3,27.297619047619047,24.19047619047619
38,18,10,3,9,6,2,3,27.422619047619047,35.51686507936508
38,19,7,3,2,1,1,6,26.482142857142858,20.341269841269842
38,20,3,10,4,6,1,6,27.25,30.330357142857142
38,21,10,3,4,6,8,5,27.19047619047619,37.276785714285715
38,22,8,9,2,2,1,5,26.761904761904763,28.107142857142858
38,23,5,2,6,1,1,4,26.761904761904763,21.058531746031747
38,24,3,9,3,6,6,7,27.291666666666668,33.26190476190476
38,25,8,7,2,1,8,4,26.892857142857142,32.24603174603175
38,26,2,2,6,2,1,8,26.892857142857142,19.24206349206349
38,27,8,9,2,1,1,2,26.55952380952381,27.256944444444443
38,28,2,6,6,1,1,4,26.357142857142858,22.075396825396826
38,29,2,2,6,2,1,8,27.178571428571427,18.62202380952381
38,30,9,3,5,1,8,3,27.196428571428573,31.466269841269842
38,31,2,6,4,1,5,8,26.81547619047619,24.189484126984127
38,32,3,3,7,1,3,6,27.0,22.889880952380953
38,33,2,6,1,1,10,3,27.047619047619047,26.28968253968254
38,34,10,7,7,6,1,6,26.529761904761905,37.25892857142857
38,35,7,4,10,1,10,7,27.011904761904763,38.05357142857143
38,36,2,6,6,1,1,8,26.601190476190474,21.856150793650794
38,37,2,4,1,6,8,4,27.5,27.359126984126984
38,38,5,2,3,5,1,9,26.964285714285715,22.20734126984127
38,39,4,4,6,1,1,5,26.607142857142858,22.430555555555557
38,40,10,4,10,1,9,4,26.886904761904763,39.88095238095238
38,41,8,2,3,6,1,6,26.80952380952381,26.112103174603174
38,42,8,6,6,1,7,2,26.56547619047619,34.17460317460318
38,43,2,9,2,1,1,1,26.726190476190474,20.96527777777778
38,44,2,2,10,10,8,4,27.261904761904763,38.06547619047619
38,45,7,3,7,5,4,3,27.470238095238095,32.223214285714285
38,46,7,6,3,5,1,9,26.982142857142858,28.044642857142858
38,47,4,4,4,1,5,3,27.00595238095238,23.85813492063492
38,48,2,2,6,8,1,7,26.982142857142858,25.28075396825397
38,49,2,6,5,2,1,2,27.0,22.055555555555557
39,0,4,4,6,1,1,5,26.827380952380953,21.67956349206349
39,1,8,9,4,1,1,1,26.761904761904763,28.685515873015873
39,2,3,9,2,1,6,4,26.93452380952381,27.157738095238095
39,3,9,3,5,1,9,4,27.06547619047619,32.99007936507937
39,4,3,6,5,2,1,2,27.023809523809526,22.908730158730158
39,5,2,3,7,1,3,6,27.25,22.089285714285715
39,6,10,9,4,1,10,7,26.93452380952381,39.942460317460316
39,7,2,4,7,6,8,5,27.30952380952381,33.10019841269841
39,8,7,9,6,1,5,1,27.154761904761905,33.760912698412696
39,9,8,4,10,6,10,7,27.482142857142858,43.99007936507937
39,10,2,10,4,1,5,3,26.785714285714285,28.256944444444443
39,11,8,2,5,2,1,3,26.595238095238095,24.14980158730159
39,12,2,6,10,7,4,7,27.428571428571427,34.90972222222222
39,13,2,6,1,1,10,3,27.00595238095238,26.22222222222222
39,14,8,2,5,1,10,9,27.05952380952381,32.21924603174603
39,15,10,9,4,2,1,3,27.00595238095238,31.96527777777778
39,16,2,2,6,8,1,7,27.208333333333332,25.18452380952381
39,17,3,3,7,1,3,6,27.24404761904762,23.131944444444443
39,18,1,9,6,6,6,7,27.446428571428573,34.467261904761905
39,19,2,4,6,1,5,1,26.86904761904762,23.85019841269841
39,20,2,2,6,8,1,9,26.845238095238095,25.02777777777778
39,21,2,2,6,2,1,7,27.00595238095238,19.03174603174603
39,22,2,2,6,8,9,4,27.148809523809526,33.24702380952381
39,23,10,1,10,1,1,7,26.946428571428573,28.878968253968253
39,24,6,1,3,2,1,5,26.636904761904763,18.96924603174603
39,25,7,9,4,1,2,8,26.851190476190474,28.91468253968254
39,26,4,4,5,1,5,4,26.577380952380953,25.27281746031746
39,27,9,3,4,1,5,3,26.964285714285715,27.759920634920636
39,28,10,7,7,6,7,4,26.916666666666668,43.20734126984127
39,29,10,4,10,9,1,6,26.964285714285715,40.22718253968254
39,30,7,9,4,6,1,5,26.958333333333332,32.63789682539682
39,31,7,3,7,5,4,3,27.517857142857142,31.979166666666668
39,32,2,6,6,1,1,7,26.31547619047619,21.916666666666668
39,33,2,2,6,8,1,8,26.875,24.84027777777778
39,34,5,2,2,1,1,6,27.053571428571427,17.21825396825397
39,35,7,3,3,1,1,4,26.38095238095238,21.241071428571427
39,36,6,1,3,6,1,8,26.714285714285715,23.047619047619047
39,37,3,10,4,2,2,8,27.345238095238095,27.28968253968254
39,38,10,9,6,10,8,1,27.547619047619047,48.86904761904762
39,39,2,2,10,1,5,1,26.964285714285715,26.035714285714285
39,40,2,2,7,1,3,6,27.029761904761905,21.1765873015873
39,41,2,2,6,2,1,8,26.958333333333332,18.808531746031747
39,42,6,1,3,2,2,8,27.339285714285715,19.79861111111111
39,43,7,4,10,1,10,7,27.053571428571427,38.20734126984127
39,44,7,9,2,1,4,1,26.94047619047619,29
39,45,2,9,4,1,1,5,26.553571428571427,23.235119047619047
39,46,2,6,10,3,4,7,27.38095238095238,31.01686507936508
39,47,2,2,7,8,1,7,27.220238095238095,26.172619047619047
39,48,2,4,6,1,1,5,26.392857142857142,20.19345238095238
39,49,4,6,6,1,1,4,26.333333333333332,24.180555555555557
40,0,6,7,3,2,2,8,27.24404761904762,26.120039682539684
40,1,7,9,4,4,1,5,26.797619047619047,30.827380952380953
40,2,7,4,3,2,2,8,27.220238095238095,23.953373015873016
40,3,6,1,10,1,10,7,27.029761904761905,34.041666666666664
40,4,4,7,6,2,10,8,27.06547619047619,34.99007936507937
40,5,2,2,6,1,1,4,26.583333333333332,17.942460317460316
40,6,9,6,6,1,1,4,26.36904761904762,28.642857142857142
40,7,4,3,5,1,9,5,26.952380952380953,28.1984126984127
40,8,4,4,6,1,1,7,26.24404761904762,21.8859126984127
40,9,10,1,10,1,1,3,26.56547619047619,28.584325396825395
40,10,2,2,6,8,1,8,26.875,24.875992063492063
40,11,2,2,7,8,1,7,27.160714285714285,25.96031746031746
40,12,10,7,7,6,5,1,27.571428571428573,40.56547619047619
40,13,2,2,10,1,7,4,26.678571428571427,27.865079365079364
40,14,10,7,10,1,4,6,26.696428571428573,38.14087301587302
40,15,5,1,10,1,1,7,26.458333333333332,24.043650793650794
40,16,2,2,7,1,1,5,26.571428571428573,18.672619047619047
40,17,2,4,6,1,3,7,26.80952380952381,22.02777777777778
40,18,1,9,6,1,3,6,26.904761904761905,26.168650793650794
40,19,2,2,7,6,6,7,27.261904761904763,29.169642857142858
40,20,2,4,6,2,2,8,27.291666666666668,22.196428571428573
40,21,7,1,3,9,5,1,27.11904761904762,30.819444444444443
40,22,7,9,7,1,3,6,26.970238095238095,32.779761904761905
40,23,3,3,4,1,2,8,26.946428571428573,18.887896825396826
40,24,2,5,4,1,5,3,26.732142857142858,23.096230158730158
40,25,2,10,10,3,4,7,27.416666666666668,34.5218253968254
40,26,4,4,6,1,10,7,27.148809523809526,31.235119047619047
40,27,10,9,4,1,1,5,26.839285714285715,31.407738095238095
40,28,7,9,2,3,9,4,27.06547619047619,36.20634920634921
40,29,9,3,5,1,7,5,26.875,31.101190476190474
40,30,2,2,6,1,5,1,27.05952380952381,22.052579365079364
40,31,2,4,6,2,1,8,26.761904761904763,20.99702380952381
40,32,4,6,6,8,1,8,26.970238095238095,30.998015873015873
40,33,2,2,6,1,1,4,26.482142857142858,18.166666666666668
40,34,2,2,10,1,5,1,26.863095238095237,25.800595238095237
40,35,3,6,5,2,1,2,26.660714285714285,22.91765873015873
40,36,2,2,7,8,1,6,26.613095238095237,26.08531746031746
40,37,2,2,6,2,1,7,27.107142857142858,19.10813492063492
40,38,3,6,5,8,1,7,27.035714285714285,28.82936507936508
40,39,2,4,7,2,1,2,27.113095238095237,22.01984126984127
40,40,3,10,6,1,1,5,26.696428571428573,27.202380952380953
40,41,4,4,4,2,2,8,27.410714285714285,21.881944444444443
40,42,2,4,6,1,1,5,26.541666666666668,20.106150793650794
40,43,10,1,10,1,1,7,26.74404761904762,29.473214285714285
40,44,10,9,4,1,1,5,26.279761904761905,31.112103174603174
40,45,2,4,10,9,1,6,27.053571428571427,32.073412698412696
40,46,2,3,6,1,1,2,26.422619047619047,18.90674603174603
40,47,4,6,7,6,1,7,27.089285714285715,30.125
40,48,2,2,7,8,1,2,27.077380952380953,25.506944444444443
40,49,3,6,5,2,1,7,26.886904761904763,23.205357142857142
41,0,9,3,5,4,7,5,27.226190476190474,34.086309523809526
41,1,4,6,6,8,1,8,27.113095238095237,30.96527777777778
41,2,3,6,5,8,1,2,27.13095238095238,28.583333333333332
41,3,2,2,7,2,1,7,26.767857142857142,19.860119047619047
41,4,4,6,10,1,1,3,26.99404761904762,27.849206349206348
41,5,10,1,6,8,1,8,27.107142857142858,32.19940476190476
41,6,9,4,6,8,9,8,27.178571428571427,42.15079365079365
41,7,2,3,5,6,7,5,27.30952380952381,28.849206349206348
41,8,5,1,10,2,1,10,27.101190476190474,25.325396825396826
41,9,3,6,10,1,1,7,26.136904761904763,26.936507936507937
41,10,5,1,1,6,1,7,27.041666666666668,20.336309523809526
41,11,4,6,10,1,1,7,26.785714285714285,27.78075396825397
41,12,7,9,7,1,3,7,27.238095238095237,32.86904761904762
41,13,2,2,7,6,6,6,27.333333333333332,29.02480158730159
41,14,6,1,7,8,1,7,27.297619047619047,29.017857142857142
41,15,3,2,10,1,10,7,26.94047619047619,32.21924603174603
41,16,3,3,4,1,1,7,26.678571428571427,18.109126984126984
41,17,3,6,5,8,2,6,27.11904761904762,29.910714285714285
41,18,2,4,6,4,3,7,27.285714285714285,24.91765873015873
41,19,2,4,6,1,1,3,26.625,20.126984126984127
41,20,2,2,10,1,5,1,26.904761904761905,25.955357142857142
41,21,9,2,6,5,5,9,27.279761904761905,32.67559523809524
41,22,4,4,4,2,2,8,27.279761904761905,22.28075396825397
41,23,7,9,2,3,9,4,27.136904761904763,36.03075396825397
41,24,2,4,6,1,5,1,27.089285714285715,23.903769841269842
41,25,2,2,6,1,1,5,26.488095238095237,18.064484126984127
41,26,2,2,6,8,1,7,26.946428571428573,25.351190476190474
41,27,2,2,7,1,5,1,27.0,22.34325396825397
41,28,2,2,6,1,1,7,26.571428571428573,18.197420634920636
41,29,5,1,10,1,1,8,26.708333333333332,24.11111111111111
41,30,10,10,10,3,4,7,27.535714285714285,43.17261904761905
41,31,1,7,9,6,5,1,27.178571428571427,33.97718253968254
41,32,3,6,5,2,1,7,26.785714285714285,23.157738095238095
41,33,8,6,5,2,1,2,27.089285714285715,27.463293650793652
41,34,2,1,4,1,1,7,26.458333333333332,15.078373015873016
41,35,5,2,9,2,1,7,26.970238095238095,25.101190476190474
41,36,2,9,6,2,1,8,27.154761904761905,26.360119047619047
41,37,3,6,5,2,1,7,27.011904761904763,22.84424603174603
41,38,3,2,6,8,1,8,26.886904761904763,25.387896825396826
41,39,2,6,5,2,1,7,27.011904761904763,21.5625
41,40,2,4,7,2,9,4,27.172619047619047,29.450396825396826
41,41,7,9,2,3,1,3,27.226190476190474,28.17063492063492
41,42,2,3,6,1,1,2,26.18452380952381,18.949404761904763
41,43,2,10,7,8,1,7,26.827380952380953,34.160714285714285
41,44,6,7,3,2,1,7,26.863095238095237,25.01388888888889
41,45,3,6,7,2,2,8,27.583333333333332,26.248015873015873
41,46,4,6,6,8,1,8,26.773809523809526,30.97519841269841
41,47,4,4,4,2,2,8,27.166666666666668,22.04563492063492
41,48,3,6,5,2,10,5,27.31547619047619,32.333333333333336
41,49,2,2,6,2,1,7,26.857142857142858,19.550595238095237
42,0,2,2,6,1,1,8,26.625,17.79265873015873
42,1,3,2,6,8,1,7,27.053571428571427,26.157738095238095
42,2,4,4,4,2,1,7,26.863095238095237,21.137896825396826
42,3,3,6,5,2,2,8,27.63095238095238,24.17063492063492
42,4,2,3,6,1,5,1,26.976190476190474,22.963293650793652
42,5,1,7,9,6,1,2,27.089285714285715,29.92956349206349
42,6,3,3,4,2,9,4,27.357142857142858,27.080357142857142
42,7,2,4,7,1,1,7,26.452380952380953,21.216269841269842
42,8,7,9,7,2,1,2,26.928571428571427,32.06646825396825
42,9,8,6,5,1,3,7,27.208333333333332,28.810515873015873
42,10,4,6,6,1,1,3,26.74404761904762,24.229166666666668
42,11,2,4,6,8,4,8,27.339285714285715,29.459325396825395
42,12,8,2,9,2,1,7,27.113095238095237,27.991071428571427
42,13,3,2,6,8,1,1,26.773809523809526,25.863095238095237
42,14,3,2,6,8,9,8,27.279761904761905,34.364087301587304
42,15,9,4,6,8,1,8,27.25,33.99603174603175
42,16,8,6,6,8,1,8,26.886904761904763,34.92559523809524
42,17,4,6,5,2,1,2,27.13095238095238,23.941468253968253
42,18,2,2,6,1,1,7,26.398809523809526,18.003968253968253
42,19,3,6,5,2,1,9,26.678571428571427,23.063492063492063
42,20,3,6,10,1,1,7,26.696428571428573,26.6984126984127
42,21,6,7,3,2,1,7,27.077380952380953,25.353174603174605
42,22,3,6,5,6,6,3,27.482142857142858,32.07142857142857
42,23,2,2,7,8,2,6,27.285714285714285,27.125
42,24,2,2,5,8,1,2,26.761904761904763,23.886904761904763
42,25,3,6,7,2,1,7,27.071428571428573,24.34027777777778
42,26,7,3,7,2,9,4,26.970238095238095,34.07936507936508
42,27,2,9,7,1,2,7,26.571428571428573,27.041666666666668
42,28,2,2,5,1,5,5,27.18452380952381,21.11706349206349
42,29,2,2,6,2,1,7,26.892857142857142,18.928571428571427
42,30,5,3,5,4,7,5,27.19047619047619,30.13095238095238
42,31,9,1,10,1,1,8,26.720238095238095,27.91468253968254
42,32,9,3,5,8,2,6,27.071428571428573,33.220238095238095
42,33,3,9,9,4,7,5,27.261904761904763,37.78373015873016
42,34,2,3,6,1,10,7,27.154761904761905,27.998015873015873
42,35,3,2,10,1,1,2,26.916666666666668,22.8234126984127
42,36,2,9,7,1,3,7,27.113095238095237,27.705357142857142
42,37,7,4,7,2,9,4,27.226190476190474,34.97718253968254
42,38,5,1,10,1,1,7,26.547619047619047,23.79563492063492
42,39,6,2,6,5,5,8,27.38095238095238,29.84027777777778
42,40,4,6,6,8,5,1,27.452380952380953,34.529761904761905
42,41,5,7,9,6,1,8,26.767857142857142,34.11607142857143
42,42,4,4,4,2,1,7,26.660714285714285,20.938492063492063
42,43,6,1,7,8,2,8,27.178571428571427,29.014880952380953
42,44,2,3,7,1,3,7,26.875,22.00595238095238
42,45,7,9,6,1,9,2,26.99404761904762,37.879960317460316
42,46,2,4,6,2,1,7,26.845238095238095,20.79265873015873
42,47,3,6,5,4,3,7,27.148809523809526,26.76686507936508
42,48,2,2,7,9,5,1,27.30952380952381,30.99404761904762
42,49,2,2,7,6,6,6,27.398809523809526,28.90674603174603
43,0,3,2,6,4,3,7,27.595238095238095,23.82638888888889
43,1,3,3,5,8,1,7,27.208333333333332,25.65277777777778
43,2,8,6,6,8,1,8,27.053571428571427,35.05555555555556
43,3,3,2,6,8,1,7,26.93452380952381,26.0109126984127
43,4,2,4,9,6,1,2,26.738095238095237,27.67063492063492
43,5,1,7,6,8,4,8,27.303571428571427,32.25892857142857
43,6,4,6,5,1,3,7,26.988095238095237,24.6359126984127
43,7,8,6,5,2,1,2,26.952380952380953,28.221230158730158
43,8,7,3,7,1,2,8,27.089285714285715,25.69345238095238
43,9,6,1,7,2,5,4,27.035714285714285,27.166666666666668
43,10,2,2,9,1,1,8,26.625,20.665674603174605
43,11,3,3,4,2,9,4,27.363095238095237,27.02777777777778
43,12,9,7,9,6,3,7,27.416666666666668,39.83531746031746
43,13,6,3,7,1,1,2,26.928571428571427,24.028769841269842
43,14,1,9,7,1,2,7,27.011904761904763,26.02480158730159
43,15,4,4,4,2,6,7,27.19047619047619,26.22519841269841
43,16,3,2,6,8,1,9,27.089285714285715,26.24702380952381
43,17,3,6,5,2,1,7,27.071428571428573,22.583333333333332
43,18,2,2,7,6,9,2,27.345238095238095,32.02579365079365
43,19,7,9,6,1,6,6,27.43452380952381,35.24603174603175
43,20,2,2,5,8,1,8,27.035714285714285,23.88293650793651
43,21,9,1,6,8,1,2,27.208333333333332,31.04861111111111
43,22,2,3,7,1,2,7,26.892857142857142,21.03472222222222
43,23,2,9,7,1,5,1,27.0,29.955357142857142
43,24,8,8,10,5,1,8,26.75595238095238,38.226190476190474
43,25,9,1,5,1,3,7,26.898809523809526,24.859126984126984
43,26,3,6,10,1,8,2,26.607142857142858,33.25
43,27,3,2,10,1,1,7,26.327380952380953,22.648809523809526
43,28,6,3,6,8,1,3,27.041666666666668,30.078373015873016
43,29,8,6,7,8,2,8,27.660714285714285,37.17559523809524
43,30,3,6,5,8,1,8,26.916666666666668,29.28968253968254
43,31,9,4,6,4,3,7,27.31547619047619,31.99206349206349
43,32,3,2,6,8,6,7,27.053571428571427,31.278769841269842
43,33,2,3,7,1,3,7,26.916666666666668,22.020833333333332
43,34,2,6,6,7,1,3,26.845238095238095,28.279761904761905
43,35,8,3,6,1,10,7,26.720238095238095,34.18551587301587
43,36,2,2,6,8,1,1,26.857142857142858,24.938492063492063
43,37,3,2,9,1,1,7,26.482142857142858,22.02281746031746
43,38,2,2,7,8,4,6,27.416666666666668,29.04265873015873
43,39,2,2,5,1,5,5,27.202380952380953,21.004960317460316
43,40,2,4,7,6,6,3,27.38095238095238,31.131944444444443
43,41,3,6,5,1,1,7,26.428571428571427,21.961309523809526
43,42,2,4,6,8,10,8,27.529761904761905,36.023809523809526
43,43,3,2,6,8,1,7,26.952380952380953,26.03075396825397
43,44,2,9,7,1,4,8,26.803571428571427,29.166666666666668
43,45,2,4,6,8,3,7,27.428571428571427,29.145833333333332
43,46,1,1,7,8,2,8,27.357142857142858,25.092261904761905
43,47,6,7,9,6,1,2,27.136904761904763,34.842261904761905
43,48,2,4,3,2,1,7,26.952380952380953,17.930555555555557
43,49,6,7,6,8,4,8,27.44047619047619,36.72222222222222
44,0,6,2,9,6,1,2,27.160714285714285,30.163690476190474
44,1,10,4,9,2,1,2,27.19047619047619,32.01488095238095
44,2,3,6,6,8,1,8,26.791666666666668,30.231150793650794
44,3,8,2,6,8,1,9,26.726190476190474,31.077380952380953
44,4,9,6,5,8,1,8,26.88095238095238,35.17460317460318
44,5,3,7,9,6,3,7,27.345238095238095,33.82142857142857
44,6,7,3,10,1,4,4,27.166666666666668,30.936507936507937
44,7,2,9,6,2,9,4,27.31547619047619,33.67857142857143
44,8,1,1,7,8,1,1,26.875,23.112103174603174
44,9,2,2,6,8,2,10,27.31547619047619,26.10218253968254
44,10,6,7,6,8,1,7,27.196428571428573,33.76190476190476
44,11,3,2,6,8,4,8,27.482142857142858,29.34027777777778
44,12,2,2,5,1,5,5,27.25,21.148809523809526
44,13,3,1,6,8,6,7,27.523809523809526,29.106150793650794
44,14,3,6,8,8,1,3,26.857142857142858,32.12202380952381
44,15,6,3,6,1,8,2,26.666666666666668,30.245039682539684
44,16,3,2,10,1,1,7,26.220238095238095,22.77480158730159
44,17,3,10,5,1,1,7,26.702380952380953,25.422619047619047
44,18,3,6,6,7,1,3,26.958333333333332,28.947420634920636
44,19,2,2,6,4,3,7,27.428571428571427,22.98611111111111
44,20,1,1,5,1,1,7,26.571428571428573,15.112103174603174
44,21,3,6,7,8,2,8,27.101190476190474,31.991071428571427
44,22,8,6,7,8,2,8,27.357142857142858,37.03769841269841
44,23,8,6,7,1,7,10,26.892857142857142,35.08730158730159
44,24,6,7,6,5,1,7,26.916666666666668,31.074404761904763
44,25,3,3,5,8,4,8,27.446428571428573,28.950396825396826
44,26,4,6,10,8,6,7,27.38095238095238,39.94345238095238
44,27,3,2,6,5,8,2,27.077380952380953,30.175595238095237
44,28,1,7,9,6,5,2,27.44047619047619,34.14384920634921
44,29,6,1,7,8,2,8,27.285714285714285,30.078373015873016
44,30,8,6,7,8,2,8,27.261904761904763,36.94742063492063
44,31,8,6,5,8,2,8,27.321428571428573,35.41468253968254
44,32,8,6,6,4,4,8,27.095238095238095,33.942460317460316
44,33,1,7,6,8,1,8,26.845238095238095,28.854166666666668
44,34,8,6,7,8,2,8,27.273809523809526,37.38988095238095
44,35,8,6,7,8,2,8,27.36904761904762,37.01884920634921
44,36,2,2,5,1,5,7,26.964285714285715,21.126984126984127
44,37,2,4,3,2,1,5,27.083333333333332,18.006944444444443
44,38,2,2,9,1,4,8,27.00595238095238,23.919642857142858
44,39,2,9,7,1,1,8,26.773809523809526,25.918650793650794
44,40,3,2,6,8,1,8,26.81547619047619,25.988095238095237
44,41,8,8,10,5,8,7,27.178571428571427,45.307539682539684
44,42,2,2,7,8,4,6,27.49404761904762,29.125992063492063
44,43,8,1,6,8,1,2,26.946428571428573,30.185515873015873
44,44,3,6,5,2,1,2,27.047619047619047,23.18452380952381
44,45,8,9,5,8,3,8,27.160714285714285,38.67757936507937
44,46,3,2,6,4,6,3,27.148809523809526,26.83730158730159
44,47,2,4,7,6,3,7,27.654761904761905,28.043650793650794
44,48,2,2,6,4,3,7,27.226190476190474,22.735119047619047
44,49,3,4,9,6,1,2,26.732142857142858,28.785714285714285
45,0,2,9,7,1,1,8,27.00595238095238,25.833333333333332
45,1,2,3,5,8,4,8,26.976190476190474,28.303571428571427
45,2,3,2,6,4,6,3,27.321428571428573,27.229166666666668
45,3,2,2,9,1,4,8,27.273809523809526,23.711309523809526
45,4,7,7,6,5,1,7,27.279761904761905,31.773809523809526
45,5,6,5,10,5,3,7,27.678571428571427,34.38095238095238
45,6,3,6,7,1,7,10,27.113095238095237,29.831349206349206
45,7,8,2,6,8,5,8,27.214285714285715,34.05654761904762
45,8,8,6,6,5,8,9,26.99404761904762,39.12797619047619
45,9,3,2,7,1,7,10,26.970238095238095,26.014880952380953
45,10,1,7,6,8,3,8,27.398809523809526,31.11904761904762
45,11,3,3,9,8,1,8,26.982142857142858,30.35019841269841
45,12,1,3,5,8,7,8,27.303571428571427,29.54563492063492
45,13,9,7,6,8,1,8,27.077380952380953,36.726190476190474
45,14,3,6,6,8,1,8,26.946428571428573,30.086309523809526
45,15,1,7,8,8,9,3,27.428571428571427,39.28472222222222
45,16,6,1,7,8,3,7,27.5,31.098214285714285
45,17,3,7,9,6,2,8,27.083333333333332,32.71626984126984
45,18,8,6,7,8,1,4,26.886904761904763,36.01984126984127
45,19,8,2,6,8,2,6,27.470238095238095,32.242063492063494
45,20,8,1,6,8,1,2,27.220238095238095,29.69047619047619
45,21,8,6,7,8,2,8,26.86904761904762,37.04662698412698
45,22,10,4,9,4,1,3,26.821428571428573,33.74404761904762
45,23,3,6,8,8,1,2,27.077380952380953,32.11210317460318
45,24,8,6,5,2,1,7,26.958333333333332,27.876984126984127
45,25,1,1,7,9,7,10,27.446428571428573,31.165674603174605
45,26,3,8,6,4,6,8,27.410714285714285,33.07936507936508
45,27,8,6,9,8,2,3,27.5,39.10912698412698
45,28,3,6,6,2,1,5,26.61904761904762,24.270833333333332
45,29,2,4,3,7,8,3,27.095238095238095,30.21924603174603
45,30,3,7,6,8,1,7,26.946428571428573,30.39980158730159
45,31,6,3,1,2,4,8,26.99404761904762,22.13888888888889
45,32,2,2,6,8,1,8,27.160714285714285,25.104166666666668
45,33,7,2,9,1,4,8,26.773809523809526,28.96527777777778
45,34,3,2,6,8,4,7,27.327380952380953,28.876984126984127
45,35,1,1,7,7,1,1,27.220238095238095,23.035714285714285
45,36,3,2,6,8,4,8,27.136904761904763,29.154761904761905
45,37,3,2,6,4,9,3,27.351190476190474,30.091269841269842
45,38,6,2,6,5,8,9,27.25595238095238,33.09424603174603
45,39,3,2,9,6,1,5,27.089285714285715,26.793650793650794
45,40,1,6,7,8,2,8,27.428571428571427,29.706349206349206
45,41,1,1,5,1,7,7,27.25595238095238,21.258928571428573
45,42,3,1,6,8,6,7,27.297619047619047,30.06547619047619
45,43,3,2,10,1,1,7,26.50595238095238,23.211309523809526
45,44,3,2,9,6,1,2,26.922619047619047,27.066468253968253
45,45,6,7,10,6,3,7,27.392857142857142,38.263888888888886
45,46,3,2,6,8,1,9,26.875,26.36706349206349
45,47,8,6,6,8,1,8,26.833333333333332,35.13690476190476
45,48,6,7,6,8,1,7,26.875,33.801587301587304
45,49,1,7,9,6,5,2,27.297619047619047,33.75694444444444
46,0,2,3,5,8,1,9,26.964285714285715,24.982142857142858
46,1,3,2,6,8,4,8,27.25595238095238,29.055555555555557
46,2,10,4,1,4,1,3,27.00595238095238,26.203373015873016
46,3,1,9,7,1,1,8,26.404761904761905,25.015873015873016
46,4,7,7,6,8,1,7,26.720238095238095,34.80357142857143
46,5,9,7,6,5,1,7,26.851190476190474,33.804563492063494
46,6,8,2,6,6,2,8,27.476190476190474,29.910714285714285
46,7,3,7,9,8,5,8,27.398809523809526,38.19642857142857
46,8,6,7,10,6,7,7,27.226190476190474,42.03373015873016
46,9,1,1,4,1,3,7,26.654761904761905,15.742063492063492
46,10,1,3,5,1,1,8,26.363095238095237,16.8640873015873
46,11,2,2,6,8,7,8,27.607142857142858,31.165674603174605
46,12,3,2,9,1,4,8,26.821428571428573,24.8125
46,13,5,4,5,7,8,3,27.464285714285715,34.87202380952381
46,14,2,3,5,8,1,8,26.696428571428573,24.9484126984127
46,15,8,6,6,8,4,3,27.333333333333332,37.71626984126984
46,16,5,4,9,1,4,8,26.976190476190474,29.052579365079364
46,17,2,2,3,7,8,3,27.428571428571427,28.00595238095238
46,18,4,3,5,5,3,7,27.148809523809526,26.3015873015873
46,19,6,5,10,8,4,8,27.321428571428573,39.02281746031746
46,20,3,7,9,6,2,7,27.285714285714285,32.91765873015873
46,21,8,6,2,2,1,8,26.696428571428573,25.11111111111111
46,22,3,2,6,9,4,7,27.095238095238095,30.1984126984127
46,23,8,6,5,2,1,7,26.75,27.927579365079364
46,24,3,6,6,1,1,6,26.511904761904763,22.821428571428573
46,25,2,9,7,8,1,5,26.976190476190474,32.84325396825397
46,26,2,5,10,5,3,7,27.416666666666668,29.886904761904763
46,27,6,9,7,1,1,8,26.55952380952381,29.6984126984127
46,28,3,1,6,8,6,5,27.547619047619047,30.107142857142858
46,29,3,5,6,2,1,7,26.970238095238095,22.529761904761905
46,30,3,6,6,8,1,8,26.75595238095238,30.01388888888889
46,31,8,8,6,4,6,7,27.279761904761905,38.07242063492063
46,32,8,2,6,1,1,8,26.535714285714285,23.863095238095237
46,33,2,9,7,8,5,8,27.238095238095237,36.67857142857143
46,34,6,6,10,8,1,2,27.00595238095238,37.30555555555556
46,35,3,5,10,5,6,7,27.297619047619047,34.333333333333336
46,36,1,7,8,5,4,8,27.339285714285715,30.851190476190474
46,37,7,2,9,1,8,3,27.226190476190474,32.92162698412698
46,38,1,1,8,8,1,2,26.910714285714285,24.86111111111111
46,39,3,6,5,1,7,7,27.101190476190474,27.58531746031746
46,40,8,2,1,8,2,3,27.154761904761905,27.29265873015873
46,41,8,6,9,8,5,8,27.5,42.07936507936508
46,42,1,7,1,2,4,8,27.458333333333332,21.339285714285715
46,43,6,8,8,3,9,3,27.25595238095238,40.101190476190474
46,44,3,2,6,4,1,9,26.81547619047619,22.06845238095238
46,45,3,2,6,8,9,3,27.392857142857142,33.98015873015873
46,46,8,7,6,8,4,8,27.154761904761905,38.58829365079365
46,47,1,6,5,2,1,7,26.821428571428573,21.19345238095238
46,48,1,6,6,8,1,10,27.125,28.182539682539684
46,49,3,3,5,8,7,8,27.267857142857142,31.368055555555557
47,0,3,6,6,8,1,8,26.660714285714285,30.061507936507937
47,1,3,6,6,1,1,6,26.779761904761905,23.00793650793651
47,2,6,2,6,1,1,8,26.523809523809526,22.01388888888889
47,3,8,2,6,8,4,8,27.196428571428573,34.01686507936508
47,4,6,4,1,4,1,3,26.69047619047619,21.995039682539684
47,5,8,8,8,3,9,3,26.946428571428573,41.93154761904762
47,6,5,9,7,8,4,8,27.5,39.054563492063494
47,7,2,3,1,1,1,8,26.476190476190474,14.095238095238095
47,8,6,3,1,8,1,8,26.976190476190474,25.36111111111111
47,9,2,8,8,3,9,1,27.43452380952381,35.867063492063494
47,10,4,3,5,5,2,4,27.55952380952381,24.996031746031747
47,11,8,2,6,6,3,7,27.607142857142858,30.731150793650794
47,12,6,3,5,10,5,8,27.047619047619047,35.157738095238095
47,13,2,3,10,8,1,2,26.535714285714285,29.58234126984127
47,14,3,6,9,1,4,8,26.86904761904762,29.099206349206348
47,15,5,4,6,4,1,6,26.964285714285715,26.334325396825395
47,16,1,3,5,1,1,9,26.648809523809526,17.1140873015873
47,17,3,2,6,4,1,8,26.952380952380953,22.126984126984127
47,18,3,7,9,8,5,8,27.24404761904762,37.92757936507937
47,19,4,2,6,8,4,8,27.363095238095237,29.928571428571427
47,20,3,2,6,6,2,8,27.125,25.213293650793652
47,21,8,6,6,8,1,8,27.392857142857142,35.04960317460318
47,22,7,7,6,8,1,8,26.88095238095238,35.50892857142857
47,23,1,9,7,1,1,7,26.61904761904762,24.83531746031746
47,24,1,8,6,4,6,7,27.482142857142858,31.311507936507937
47,25,8,6,6,8,1,5,27.089285714285715,34.892857142857146
47,26,8,6,6,1,6,5,26.952380952380953,33.16765873015873
47,27,3,1,6,8,4,3,27.172619047619047,28.0515873015873
47,28,3,7,9,6,2,8,27.357142857142858,33.00396825396825
47,29,1,9,7,1,1,7,26.24404761904762,25.091269841269842
47,30,3,5,6,8,1,2,26.839285714285715,29.028769841269842
47,31,1,1,8,2,1,7,26.910714285714285,19.018849206349206
47,32,1,1,5,2,1,7,26.946428571428573,15.683531746031745
47,33,8,6,4,1,3,7,26.797619047619047,27.932539682539684
47,34,3,9,9,1,3,7,27.172619047619047,31.17063492063492
47,35,1,3,2,8,5,8,26.916666666666668,25.124007936507937
47,36,8,6,6,8,1,8,27.220238095238095,35.17757936507937
47,37,6,9,7,1,4,3,27.011904761904763,33.04662698412698
47,38,3,3,5,8,7,8,27.232142857142858,31.976190476190474
47,39,9,7,1,5,1,2,27.113095238095237,29.17361111111111
47,40,2,9,7,8,6,5,27.589285714285715,38.330357142857146
47,41,3,1,6,8,5,8,27.398809523809526,29.2609126984127
47,42,3,2,6,9,4,3,27.345238095238095,30.078373015873016
47,43,2,2,3,7,8,7,27.357142857142858,28.07638888888889
47,44,7,2,6,8,7,8,27.410714285714285,36.083333333333336
47,45,3,3,5,4,1,3,26.833333333333332,22.136904761904763
47,46,3,9,7,1,1,8,26.636904761904763,27.080357142857142
47,47,1,1,6,8,3,5,27.583333333333332,24.94047619047619
47,48,5,4,9,1,4,8,26.761904761904763,28.78968253968254
47,49,3,2,9,1,4,8,26.773809523809526,24.598214285714285
48,0,3,5,6,8,3,7,27.238095238095237,31.081349206349206
48,1,8,2,6,6,1,2,27.208333333333332,29.017857142857142
48,2,1,9,7,1,10,7,26.68452380952381,33.9375
48,3,2,2,3,7,10,7,27.416666666666668,29.947420634920636
48,4,3,4,9,1,4,8,27.267857142857142,27.13293650793651
48,5,5,9,7,1,1,8,26.392857142857142,28.768849206349206
48,6,8,2,9,5,3,8,27.273809523809526,33.125
48,7,3,8,9,8,5,8,27.279761904761905,38.48412698412698
48,8,8,6,2,1,5,8,27.077380952380953,28.249007936507937
48,9,1,3,6,8,1,8,27.18452380952381,25.02281746031746
48,10,8,6,6,8,2,8,27.386904761904763,35.94047619047619
48,11,3,2,6,6,1,3,27.06547619047619,23.717261904761905
48,12,3,6,9,1,4,7,27.214285714285715,28.345238095238095
48,13,2,2,1,7,8,8,27.523809523809526,26.521825396825395
48,14,1,3,5,1,1,9,26.392857142857142,16.768849206349206
48,15,1,9,7,1,1,7,26.81547619047619,25.04861111111111
48,16,9,9,1,5,2,2,27.083333333333332,31.796626984126984
48,17,1,3,2,8,5,8,27.345238095238095,25.32638888888889
48,18,1,9,7,1,1,7,26.345238095238095,24.723214285714285
48,19,3,2,6,6,2,8,27.357142857142858,25.038690476190474
48,20,7,2,6,8,7,3,27.392857142857142,36.236111111111114
48,21,3,1,6,8,4,8,27.589285714285715,28.126984126984127
48,22,7,2,6,8,7,8,27.31547619047619,35.854166666666664
48,23,1,8,6,4,6,7,27.464285714285715,30.764880952380953
48,24,3,8,8,3,9,3,27.404761904761905,37.25694444444444
48,25,8,4,9,1,4,8,27.267857142857142,31.231150793650794
48,26,8,6,6,1,6,8,27.089285714285715,32.70337301587302
48,27,3,2,9,1,4,5,26.958333333333332,24.916666666666668
48,28,4,3,6,1,1,6,26.726190476190474,20.973214285714285
48,29,3,6,5,5,2,4,27.142857142857142,27.081349206349206
48,30,1,9,7,5,2,9,27.392857142857142,30.146825396825395
48,31,4,3,5,1,4,7,27.196428571428573,23.126984126984127
48,32,3,5,6,4,1,9,26.922619047619047,24.697420634920636
48,33,3,2,6,8,1,2,26.714285714285715,25.802579365079364
48,34,3,6,6,2,1,5,27.077380952380953,24.237103174603174
48,35,1,1,8,1,1,6,26.86904761904762,17.75595238095238
48,36,6,9,7,8,5,8,27.5,40.919642857142854
48,37,1,3,2,1,4,3,26.976190476190474,17.128968253968253
48,38,3,7,5,5,2,4,27.208333333333332,28.360119047619047
48,39,4,2,6,6,4,8,27.339285714285715,27.703373015873016
48,40,8,2,6,6,1,7,27.107142857142858,29.23611111111111
48,41,1,1,8,2,3,7,27.386904761904763,21.081349206349206
48,42,8,6,6,1,6,5,26.875,32.717261904761905
48,43,8,6,6,1,6,5,27.023809523809526,33.120039682539684
48,44,9,9,6,1,1,4,26.738095238095237,32.18452380952381
48,45,3,6,1,5,1,2,27.273809523809526,22.33730158730159
48,46,3,6,6,10,5,8,26.958333333333332,36.02876984126984
48,47,6,3,5,8,4,8,27.06547619047619,31.816468253968253
48,48,7,7,9,10,5,8,27.452380952380953,44.18551587301587
48,49,6,3,5,8,5,8,27.511904761904763,33.21626984126984
49,0,3,8,9,1,5,8,26.886904761904763,32.14087301587302
49,1,7,7,9,10,4,5,27.226190476190474,43.13789682539682
49,2,8,6,6,1,3,7,27.13095238095238,30.163690476190474
49,3,1,1,1,2,6,5,27.303571428571427,17.313492063492063
49,4,3,8,8,3,2,9,26.916666666666668,29.482142857142858
49,5,1,9,7,5,2,3,27.297619047619047,30.088293650793652
49,6,8,6,3,7,10,5,27.38095238095238,40.151785714285715
49,7,2,2,6,8,2,8,27.261904761904763,25.73313492063492
49,8,2,2,1,7,9,1,27.303571428571427,27.160714285714285
49,9,3,8,1,2,8,8,26.81547619047619,28.290674603174605
49,10,10,9,7,5,2,8,27.196428571428573,39.1031746031746
49,11,5,9,7,1,1,9,26.732142857142858,28.92063492063492
49,12,1,3,2,1,4,10,27.136904761904763,17.11904761904762
49,13,1,3,2,1,4,3,27.053571428571427,17.21230158730159
49,14,3,2,9,1,4,7,26.702380952380953,25.011904761904763
49,15,8,2,6,6,1,5,27.00595238095238,29.08234126984127
49,16,6,3,5,8,4,8,27.285714285714285,32.104166666666664
49,17,6,3,3,8,4,8,27.458333333333332,30.13888888888889
49,18,8,2,6,6,4,8,27.56547619047619,31.79563492063492
49,19,4,2,6,6,1,7,26.922619047619047,24.229166666666668
49,20,1,6,5,5,2,5,27.375,25.145833333333332
49,21,3,1,8,2,3,7,27.589285714285715,23.14781746031746
49,22,1,9,7,1,1,7,26.916666666666668,24.79563492063492
49,23,5,9,7,1,1,8,26.571428571428573,28.7609126984127
49,24,8,4,9,8,7,8,27.285714285714285,41.798611111111114
49,25,7,2,6,1,4,8,26.970238095238095,26.12202380952381
49,26,3,9,4,8,4,4,27.50595238095238,33.37797619047619
49,27,9,9,6,1,1,8,26.61904761904762,32.220238095238095
49,28,8,6,6,8,8,3,27.339285714285715,41.726190476190474
49,29,7,2,6,1,6,5,26.803571428571427,28.086309523809526
49,30,6,3,5,8,6,7,27.547619047619047,34.14484126984127
49,31,1,8,6,4,5,8,27.261904761904763,30.128968253968253
49,32,3,6,9,1,3,9,27.11904761904762,28.375
49,33,2,5,8,4,1,10,26.863095238095237,25.1875
49,34,9,9,6,6,4,8,27.31547619047619,40.279761904761905
49,35,4,2,6,7,1,4,26.964285714285715,25.86111111111111
49,36,8,6,7,1,1,7,26.601190476190474,29.172619047619047
49,37,1,9,6,2,2,1,26.976190476190474,26.140873015873016
49,38,1,3,5,8,4,8,27.017857142857142,27.254960317460316
49,39,1,3,6,8,1,8,26.845238095238095,24.536706349206348
49,40,3,3,7,8,5,8,27.25595238095238,32.16865079365079
49,41,2,2,6,8,8,2,27.44047619047619,31.956349206349206
49,42,4,6,6,2,1,5,26.958333333333332,24.7609126984127
49,43,3,9,6,6,2,8,27.482142857142858,32.14186507936508
49,44,3,6,2,1,5,8,26.99404761904762,23.296626984126984
49,45,8,6,6,10,5,8,27.422619047619047,40.99801587301587
49,46,3,4,5,5,2,4,27.511904761904763,25.51388888888889
49,47,1,1,8,1,1,6,26.738095238095237,18.20436507936508
49,48,3,2,6,8,10,5,27.023809523809526,34.88194444444444
49,49,3,2,9,5,1,2,26.910714285714285,26.153769841269842
50,0,2,5,8,4,1,8,27.25595238095238,26.07638888888889
50,1,9,9,6,1,1,10,26.75595238095238,32.0625
50,2,2,2,8,8,4,8,27.351190476190474,29.95734126984127
50,3,6,3,1,7,9,1,27.38095238095238,31.273809523809526
50,4,1,3,6,8,9,2,27.535714285714285,33.04960317460318
50,5,2,7,5,8,4,8,27.31547619047619,31.907738095238095
50,6,3,3,2,1,4,3,27.142857142857142,19.288690476190474
50,7,1,8,1,2,8,8,27.488095238095237,26.250992063492063
50,8,1,9,10,6,6,8,26.922619047619047,37.85218253968254
50,9,8,3,6,5,2,3,27.5,30.14980158730159
50,10,8,4,9,8,1,7,26.898809523809526,36.032738095238095
50,11,8,6,7,1,7,1,26.833333333333332,34.648809523809526
50,12,3,7,3,8,4,8,27.11904761904762,31.074404761904763
50,13,6,9,6,6,2,8,27.30952380952381,34.74702380952381
50,14,1,9,1,1,1,10,26.577380952380953,19.211309523809526
50,15,1,1,1,2,6,7,27.24404761904762,17.672619047619047
50,16,1,3,6,8,4,5,27.333333333333332,28.09027777777778
50,17,7,7,9,10,1,8,27.047619047619047,40.05555555555556
50,18,3,6,5,5,2,5,27.327380952380953,26.922619047619047
50,19,1,5,2,1,5,8,26.839285714285715,20.0515873015873
50,20,10,9,7,5,2,7,27.25,39.20039682539682
50,21,8,6,6,1,3,8,26.791666666666668,30.16765873015873
50,22,3,8,1,5,8,4,27.43452380952381,31.3125
50,23,3,9,4,8,4,8,27.327380952380953,34.01587301587302
50,24,3,7,9,10,1,7,26.714285714285715,35.91269841269841
50,25,8,6,7,1,4,5,26.767857142857142,31.911706349206348
50,26,3,2,5,5,2,4,27.339285714285715,23.299603174603174
50,27,3,4,6,8,7,5,27.267857142857142,34.166666666666664
50,28,2,1,6,1,1,7,26.821428571428573,16.985119047619047
50,29,4,2,6,8,8,2,27.541666666666668,33.77579365079365
50,30,3,2,9,5,1,8,27.0,26.158730158730158
50,31,3,3,7,8,5,2,27.398809523809526,32.09424603174603
50,32,3,9,1,7,7,1,27.125,33.05853174603175
50,33,2,2,6,6,2,8,27.154761904761905,24.17361111111111
50,34,8,5,8,4,1,10,26.86904761904762,31.526785714285715
50,35,2,6,6,3,3,7,27.529761904761905,26.14484126984127
50,36,3,3,3,8,4,8,27.24404761904762,27.28075396825397
50,37,4,3,7,8,5,8,27.410714285714285,33.29563492063492
50,38,3,2,9,1,4,6,26.904761904761905,24.95734126984127
50,39,5,9,7,1,8,8,26.75,35.38690476190476
50,40,1,3,2,1,4,3,26.839285714285715,16.866071428571427
50,41,1,3,2,1,4,3,26.803571428571427,16.501984126984127
50,42,1,9,6,2,1,8,26.863095238095237,25.213293650793652
50,43,6,3,3,8,4,1,27.36904761904762,30.160714285714285
50,44,8,8,7,10,7,8,27.678571428571427,45.973214285714285
50,45,8,6,6,1,1,7,26.654761904761905,27.689484126984127
50,46,3,8,9,4,1,10,26.80952380952381,30.845238095238095
50,47,2,9,8,1,5,8,26.845238095238095,31.03968253968254
50,48,8,6,6,10,5,5,27.357142857142858,40.93353174603175
50,49,9,6,5,5,2,8,27.333333333333332,33.226190476190474
51,0,8,6,6,10,6,8,27.482142857142858,41.81646825396825
51,1,2,9,8,6,5,5,27.410714285714285,36.14186507936508
51,2,1,3,6,8,4,5,27.375,27.870039682539684
51,3,1,3,6,8,4,5,27.601190476190474,28.35019841269841
51,4,1,4,10,6,5,8,27.291666666666668,32.129960317460316
51,5,4,3,7,8,6,8,27.327380952380953,34.138888888888886
51,6,4,5,8,4,1,10,26.86904761904762,28.028769841269842
51,7,8,3,7,8,10,8,27.470238095238095,41.61507936507937
51,8,3,3,7,8,5,2,27.523809523809526,32.217261904761905
51,9,2,3,6,8,9,2,27.18452380952381,34.089285714285715
51,10,3,2,9,5,3,8,27.178571428571427,28.11706349206349
51,11,3,2,9,7,1,8,27.077380952380953,27.564484126984127
51,12,3,3,2,1,4,3,26.660714285714285,18.85019841269841
51,13,1,3,7,8,5,2,27.047619047619047,29.38293650793651
51,14,1,3,6,1,4,6,26.910714285714285,21.03769841269841
51,15,3,2,9,8,8,2,27.172619047619047,35.95039682539682
51,16,3,2,5,5,2,8,27.625,23.23015873015873
51,17,3,8,4,8,4,4,27.148809523809526,32.961309523809526
51,18,2,1,6,1,6,7,27.071428571428573,22.04563492063492
51,19,8,6,6,1,1,7,26.49404761904762,27.639880952380953
51,20,8,9,6,10,10,7,27.333333333333332,49.214285714285715
51,21,2,1,8,1,1,5,26.61904761904762,18.916666666666668
51,22,1,9,1,1,1,10,26.696428571428573,19.3234126984127
51,23,1,9,7,6,6,8,27.071428571428573,34.90972222222222
51,24,7,7,9,7,7,1,27.482142857142858,42.97519841269841
51,25,3,6,6,10,1,8,26.916666666666668,32.032738095238095
51,26,4,2,5,8,8,2,27.452380952380953,33.298611111111114
51,27,8,6,6,10,5,5,27.291666666666668,40.43551587301587
51,28,9,6,2,1,4,3,27.011904761904763,28.46924603174603
51,29,3,3,5,5,2,8,27.386904761904763,23.84722222222222
51,30,3,3,7,8,3,8,27.083333333333332,30.081349206349206
51,31,8,6,6,1,5,2,27.107142857142858,32.30357142857143
51,32,3,1,6,9,9,2,27.339285714285715,33.59722222222222
51,33,1,3,8,1,3,7,27.017857142857142,21.966269841269842
51,34,1,3,2,1,7,8,27.25,20.261904761904763
51,35,8,8,7,6,4,3,27.666666666666668,38.94047619047619
51,36,2,4,1,8,5,8,27.351190476190474,26.05952380952381
51,37,4,3,7,8,1,7,27.05952380952381,28.883928571428573
51,38,3,3,8,4,1,10,26.589285714285715,25.084325396825395
51,39,8,5,7,8,10,2,27.101190476190474,44.01587301587302
51,40,8,6,6,10,5,5,27.511904761904763,40.84027777777778
51,41,9,6,5,5,2,8,27.50595238095238,33.176587301587304
51,42,8,6,6,8,9,2,26.946428571428573,42.58730158730159
51,43,1,6,6,1,1,7,26.089285714285715,20.849206349206348
51,44,8,3,7,8,5,2,27.416666666666668,37.2718253968254
51,45,3,8,7,10,7,8,27.452380952380953,40.98412698412698
51,46,8,5,6,1,3,8,26.797619047619047,29.099206349206348
51,47,8,6,8,4,1,10,27.136904761904763,33.16468253968254
51,48,8,6,9,10,1,7,27.047619047619047,39.97222222222222
51,49,3,7,6,10,5,5,27.49404761904762,36.08234126984127
52,0,8,6,8,8,3,8,27.321428571428573,39.11805555555556
52,1,3,3,7,4,1,10,27.083333333333332,24.043650793650794
52,2,7,7,9,7,10,8,27.321428571428573,46.09027777777778
52,3,8,3,7,8,7,1,27.36904761904762,38.904761904761905
52,4,6,6,6,4,1,10,27.041666666666668,28.72519841269841
52,5,4,5,8,10,5,5,27.089285714285715,38.28174603174603
52,6,8,6,8,4,1,10,26.791666666666668,32.85019841269841
52,7,3,3,6,8,9,7,27.041666666666668,35.089285714285715
52,8,8,6,8,7,1,7,26.916666666666668,35.967261904761905
52,9,8,3,7,6,4,3,27.107142857142858,33.91865079365079
52,10,3,2,9,8,8,2,27.273809523809526,36.086309523809526
52,11,3,2,5,5,9,2,27.363095238095237,30.091269841269842
52,12,4,2,5,8,8,2,27.351190476190474,33.03174603174603
52,13,4,3,7,8,1,7,26.916666666666668,28.97222222222222
52,14,8,3,6,8,4,5,27.601190476190474,35.20238095238095
52,15,1,5,6,10,3,3,27.261904761904763,31.081349206349206
52,16,1,6,7,8,1,7,26.946428571428573,29.101190476190474
52,17,4,3,6,1,1,7,26.416666666666668,20.884920634920636
52,18,8,5,6,10,5,5,27.55952380952381,39.83730158730159
52,19,8,6,7,6,10,2,27.172619047619047,42.711309523809526
52,20,1,3,6,10,5,5,27.482142857142858,31.428571428571427
52,21,8,6,6,8,4,5,27.142857142857142,38.16170634920635
52,22,7,7,9,7,7,3,27.404761904761905,42.60218253968254
52,23,3,3,2,1,3,1,26.904761904761905,18.182539682539684
52,24,1,3,8,8,4,4,27.041666666666668,30.032738095238095
52,25,3,8,4,1,3,4,27.00595238095238,25.145833333333332
52,26,3,2,10,6,5,2,27.220238095238095,31.64484126984127
52,27,1,4,9,5,3,8,27.577380952380953,28.110119047619047
52,28,8,9,2,1,4,6,27.023809523809526,29.950396825396826
52,29,10,3,6,10,10,7,27.351190476190474,45.09623015873016
52,30,8,9,6,10,4,8,27.136904761904763,43.32440476190476
52,31,4,3,7,8,10,7,27.386904761904763,37.679563492063494
52,32,8,6,6,10,5,5,27.226190476190474,40.75396825396825
52,33,8,6,6,1,1,7,27.035714285714285,28.18154761904762
52,34,1,3,3,8,5,7,27.482142857142858,26.103174603174605
52,35,3,3,7,1,7,8,26.928571428571427,26.778769841269842
52,36,8,7,9,7,10,8,27.345238095238095,46.97519841269841
52,37,8,3,7,8,7,1,27.303571428571427,38.72519841269841
52,38,8,8,7,7,6,8,27.511904761904763,41.94940476190476
52,39,8,6,6,10,4,3,27.321428571428573,39.55654761904762
52,40,1,3,8,10,8,2,27.279761904761905,36.176587301587304
52,41,3,2,9,5,3,7,27.452380952380953,27.990079365079364
52,42,4,5,8,4,7,5,27.160714285714285,34.182539682539684
52,43,3,7,6,10,5,10,27.18452380952381,37.26686507936508
52,44,2,1,8,1,1,5,26.238095238095237,19.089285714285715
52,45,8,6,6,10,6,8,27.0,42.20436507936508
52,46,8,5,6,8,4,5,27.547619047619047,37.19047619047619
52,47,1,9,8,1,3,8,27.18452380952381,28.203373015873016
52,48,8,6,6,1,1,7,26.720238095238095,28.308531746031747
52,49,8,6,1,10,1,7,27.178571428571427,32.182539682539684
53,0,3,2,10,6,5,7,27.422619047619047,32.004960317460316
53,1,4,3,6,1,1,2,26.464285714285715,21.113095238095237
53,2,7,7,3,7,1,7,26.946428571428573,31.276785714285715
53,3,8,6,8,7,10,3,27.208333333333332,44.77876984126984
53,4,6,3,8,10,5,7,27.464285714285715,37.93055555555556
53,5,1,3,3,8,8,2,27.19047619047619,29.226190476190474
53,6,2,1,8,1,1,5,26.708333333333332,19.092261904761905
53,7,8,7,9,7,10,8,27.19047619047619,47.09623015873016
53,8,4,6,5,8,8,2,27.279761904761905,37.132936507936506
53,9,1,6,7,8,7,7,27.404761904761905,34.885912698412696
53,10,8,6,8,8,6,10,27.023809523809526,42.12400793650794
53,11,6,6,6,4,1,8,27.083333333333332,29.206349206349206
53,12,3,2,5,5,9,8,27.24404761904762,29.863095238095237
53,13,1,4,9,5,3,2,27.666666666666668,28.115079365079364
53,14,3,3,2,8,4,2,26.976190476190474,25.97519841269841
53,15,4,7,6,8,10,7,27.333333333333332,41.25595238095238
53,16,4,5,8,10,5,2,27.071428571428573,38.20436507936508
53,17,3,9,5,5,9,5,27.11904761904762,37.30853174603175
53,18,8,5,6,8,4,9,27.24404761904762,36.81051587301587
53,19,8,6,6,10,2,5,27.470238095238095,38.12301587301587
53,20,7,2,5,5,9,2,27.511904761904763,33.93650793650794
53,21,3,7,9,7,7,3,27.333333333333332,38.88095238095238
53,22,1,6,7,8,1,7,26.898809523809526,28.892857142857142
53,23,1,6,7,8,1,7,27.077380952380953,29.078373015873016
53,24,8,3,7,8,6,1,27.107142857142858,37.63690476190476
53,25,8,3,7,8,7,1,27.327380952380953,39.054563492063494
53,26,1,3,8,8,4,4,27.11904761904762,30.020833333333332
53,27,4,3,6,1,1,7,27.017857142857142,20.63095238095238
53,28,8,3,6,8,10,8,27.470238095238095,41.195436507936506
53,29,10,3,10,10,2,5,27.720238095238095,40.25992063492063
53,30,7,7,8,10,8,2,27.422619047619047,46.179563492063494
53,31,1,3,9,2,10,8,27.529761904761905,31.08234126984127
53,32,3,3,6,5,5,5,27.25595238095238,27.767857142857142
53,33,1,3,6,10,9,7,27.196428571428573,35.18154761904762
53,34,3,2,9,8,4,4,27.321428571428573,32.013888888888886
53,35,1,3,8,8,9,2,27.55952380952381,35.160714285714285
53,36,1,9,8,1,3,8,26.761904761904763,28.541666666666668
53,37,3,3,7,1,7,8,26.94047619047619,27.1875
53,38,8,7,9,1,10,2,26.970238095238095,40.95436507936508
53,39,8,6,8,8,3,8,27.398809523809526,39.03373015873016
53,40,3,7,10,6,3,1,27.297619047619047,34.94444444444444
53,41,3,3,2,3,5,2,27.589285714285715,22.06845238095238
53,42,8,3,7,8,8,8,27.36904761904762,39.870039682539684
53,43,9,3,7,1,7,1,27.101190476190474,33.02876984126984
53,44,8,6,8,8,3,8,27.238095238095237,38.92757936507937
53,45,1,9,8,1,3,8,27.196428571428573,28.168650793650794
53,46,1,5,1,2,1,7,27.089285714285715,16.216269841269842
53,47,8,6,6,10,3,3,27.303571428571427,38.99107142857143
53,48,8,6,9,6,5,2,27.523809523809526,39.99107142857143
53,49,3,2,8,8,1,8,26.613095238095237,28.129960317460316
54,0,8,3,7,8,8,8,27.410714285714285,40.48313492063492
54,1,8,6,8,8,3,8,27.470238095238095,39.16468253968254
54,2,8,6,8,7,6,10,27.24404761904762,41.148809523809526
54,3,8,6,8,8,10,3,27.458333333333332,45.92063492063492
54,4,8,6,10,6,10,1,27.642857142857142,45.885912698412696
54,5,3,7,8,8,3,8,27.196428571428573,34.87301587301587
54,6,8,3,6,8,2,5,27.351190476190474,32.57837301587302
54,7,8,6,6,10,10,8,27.226190476190474,45.92559523809524
54,8,8,7,9,10,2,5,27.547619047619047,42.10019841269841
54,9,8,6,6,1,10,2,26.851190476190474,36.66765873015873
54,10,1,3,3,8,8,2,27.178571428571427,29.214285714285715
54,11,1,3,8,10,5,7,27.303571428571427,32.504960317460316
54,12,1,3,9,2,4,2,27.351190476190474,24.758928571428573
54,13,3,8,2,8,10,8,27.166666666666668,36.861111111111114
54,14,6,7,8,10,5,7,27.142857142857142,41.97718253968254
54,15,8,5,6,1,4,9,27.071428571428573,30.1140873015873
54,16,1,3,8,1,7,1,27.24404761904762,25.98313492063492
54,17,9,3,7,8,9,2,27.446428571428573,41.87301587301587
54,18,1,6,7,8,1,2,26.86904761904762,28.881944444444443
54,19,3,3,2,3,5,7,27.38095238095238,22.400793650793652
54,20,2,3,6,6,5,7,27.583333333333332,28.21825396825397
54,21,3,6,10,5,5,5,27.363095238095237,35.01587301587302
54,22,8,3,1,10,5,2,27.136904761904763,33.20039682539682
54,23,4,1,6,10,3,3,27.297619047619047,30.30456349206349
54,24,8,6,6,3,7,1,27.339285714285715,35.46825396825397
54,25,9,3,6,1,3,3,27.285714285714285,27.65575396825397
54,26,3,3,7,1,9,8,26.547619047619047,29.02777777777778
54,27,8,3,6,8,10,8,27.297619047619047,41.43551587301587
54,28,8,6,2,8,3,8,27.202380952380953,33.348214285714285
54,29,3,3,7,1,7,8,27.071428571428573,26.425595238095237
54,30,5,7,9,7,10,8,27.327380952380953,43.638888888888886
54,31,8,7,3,7,1,7,27.386904761904763,32.22222222222222
54,32,1,3,8,8,2,5,27.428571428571427,27.990079365079364
54,33,8,6,6,10,4,4,27.267857142857142,40.169642857142854
54,34,3,2,8,8,3,8,27.261904761904763,29.908730158730158
54,35,4,6,8,8,6,8,27.19047619047619,37.629960317460316
54,36,8,6,6,7,10,8,27.357142857142858,43.09325396825397
54,37,8,7,9,10,3,3,27.44047619047619,43.092261904761905
54,38,8,6,6,10,2,1,27.18452380952381,37.78174603174603
54,39,8,3,7,8,6,5,27.577380952380953,38.09027777777778
54,40,8,6,8,8,6,7,27.125,41.90575396825397
54,41,1,3,7,8,1,10,26.81547619047619,26.049603174603174
54,42,8,6,6,10,3,5,27.386904761904763,39.20337301587302
54,43,3,8,6,5,5,3,27.601190476190474,33.364087301587304
54,44,1,9,8,1,3,2,27.095238095238095,28.05654761904762
54,45,4,6,5,8,8,8,27.642857142857142,36.65079365079365
54,46,8,6,8,8,9,2,27.285714285714285,45.20337301587302
54,47,7,2,5,5,3,9,27.56547619047619,28.00793650793651
54,48,3,2,8,8,9,2,27.25,35.726190476190474
54,49,7,2,5,5,1,8,26.625,25.65277777777778
55,0,8,6,6,5,3,9,27.196428571428573,33.77876984126984
55,1,7,2,5,10,10,8,27.035714285714285,40.142857142857146
55,2,8,6,6,8,10,9,27.25,44.07242063492063
55,3,8,1,6,10,2,1,27.303571428571427,33.09920634920635
55,4,1,6,7,6,1,8,26.761904761904763,26.9484126984127
55,5,1,3,7,8,8,2,27.113095238095237,33.067460317460316
55,6,8,3,7,6,5,7,27.345238095238095,34.708333333333336
55,7,6,7,8,10,2,8,27.24404761904762,38.35912698412698
55,8,7,2,7,8,9,2,27.19047619047619,38.87301587301587
55,9,9,3,5,6,3,9,27.273809523809526,31.98611111111111
55,10,8,6,6,3,7,1,27.589285714285715,36.080357142857146
55,11,8,3,7,8,6,5,27.279761904761905,38.24801587301587
55,12,8,3,1,10,4,9,27.273809523809526,32.10019841269841
55,13,8,5,6,1,5,2,26.916666666666668,31.060515873015873
55,14,4,6,8,10,3,5,27.30952380952381,37.205357142857146
55,15,8,6,6,8,6,8,27.24404761904762,40.11011904761905
55,16,4,7,8,1,3,3,27.017857142857142,28.970238095238095
55,17,4,3,6,7,5,7,27.232142857142858,30.770833333333332
55,18,3,5,6,1,4,9,27.226190476190474,24.055555555555557
55,19,8,8,2,8,10,8,27.375,42.21924603174603
55,20,3,7,9,8,2,5,27.36904761904762,35.04265873015873
55,21,8,6,1,8,3,8,27.345238095238095,32.24007936507937
55,22,9,3,7,8,1,2,27.029761904761905,33.99702380952381
55,23,1,3,7,8,9,2,27.214285714285715,34.10813492063492
55,24,3,3,2,8,8,2,27.13095238095238,30.046626984126984
55,25,1,3,3,3,4,5,27.398809523809526,20.211309523809526
55,26,10,6,8,7,7,1,27.392857142857142,43.875
55,27,8,6,6,8,6,1,27.476190476190474,40.08234126984127
55,28,8,5,6,8,9,2,27.261904761904763,42.17757936507937
55,29,8,6,7,1,4,9,27.017857142857142,31.525793650793652
55,30,3,2,8,8,9,2,27.464285714285715,36.12797619047619
55,31,7,7,5,5,3,9,27.25595238095238,33.26587301587302
55,32,8,6,8,8,7,1,27.267857142857142,42.60515873015873
55,33,1,3,8,8,10,3,27.273809523809526,35.90873015873016
55,34,8,3,8,10,5,7,27.38095238095238,40.14186507936508
55,35,1,3,1,10,5,2,27.36904761904762,26.35218253968254
55,36,7,2,5,8,8,8,27.273809523809526,36.21626984126984
55,37,4,6,5,5,1,8,26.773809523809526,27.161706349206348
55,38,3,3,7,8,9,8,27.321428571428573,36.18154761904762
55,39,9,7,8,8,3,8,27.339285714285715,40.11904761904762
55,40,6,9,8,1,1,2,26.547619047619047,31.05952380952381
55,41,1,6,10,9,5,5,27.398809523809526,36.94345238095238
55,42,2,3,6,8,9,2,27.392857142857142,34.03769841269841
55,43,3,2,1,6,5,7,27.482142857142858,23.77777777777778
55,44,8,6,6,10,10,8,27.273809523809526,46.18650793650794
55,45,5,6,6,7,2,1,27.488095238095237,31.857142857142858
55,46,1,7,9,10,3,3,27.422619047619047,36.17460317460318
55,47,8,3,8,1,7,1,26.767857142857142,33.04365079365079
55,48,3,3,2,7,10,4,27.291666666666668,31.256944444444443
55,49,8,6,10,3,5,7,27.25,38.101190476190474
56,0,3,7,9,8,6,8,27.345238095238095,38.20039682539682
56,1,8,6,6,8,3,5,27.285714285714285,36.96626984126984
56,2,8,6,9,5,4,9,27.125,37.57837301587302
56,3,8,6,8,8,7,1,27.333333333333332,42.86904761904762
56,4,4,6,9,8,5,9,27.357142857142858,38.08134920634921
56,5,8,3,1,10,4,9,27.589285714285715,32.10912698412698
56,6,8,8,6,5,3,2,27.303571428571427,36.05853174603175
56,7,1,9,8,1,9,9,26.875,33.970238095238095
56,8,8,6,1,8,1,2,26.74404761904762,30.253968253968253
56,9,6,9,8,1,3,8,27.38095238095238,33.163690476190474
56,10,3,2,5,10,10,8,27.154761904761905,36.173611111111114
56,11,7,7,9,5,2,5,27.36904761904762,35.970238095238095
56,12,3,6,7,8,9,1,27.535714285714285,38.84027777777778
56,13,3,3,7,8,9,8,27.279761904761905,35.82738095238095
56,14,3,3,7,4,9,8,27.422619047619047,32.15972222222222
56,15,8,6,1,8,3,8,27.50595238095238,32.30952380952381
56,16,7,2,5,1,5,5,26.827380952380953,25.293650793650794
56,17,8,5,6,10,10,8,27.363095238095237,45.20039682539682
56,18,3,3,6,6,10,1,27.148809523809526,33.84920634920635
56,19,8,1,6,10,2,3,27.422619047619047,33.242063492063494
56,20,8,6,6,5,9,2,27.446428571428573,39.83134920634921
56,21,10,5,3,8,3,1,27.267857142857142,34.520833333333336
56,22,8,6,6,8,10,1,27.636904761904763,44.30853174603175
56,23,8,6,6,8,6,8,27.238095238095237,40.351190476190474
56,24,3,6,6,5,3,9,27.25,28.467261904761905
56,25,8,5,6,10,4,9,27.345238095238095,38.99007936507937
56,26,7,3,7,8,9,9,27.363095238095237,40.00198412698413
56,27,8,6,6,8,10,2,27.333333333333332,43.98313492063492
56,28,8,7,6,10,2,8,27.113095238095237,38.961309523809526
56,29,6,7,8,10,1,1,26.982142857142858,37.830357142857146
56,30,8,3,7,8,6,5,27.30952380952381,38.02876984126984
56,31,8,6,8,8,8,6,27.541666666666668,44.05654761904762
56,32,7,7,4,10,2,1,27.06547619047619,36.12797619047619
56,33,8,1,6,5,3,9,27.238095238095237,28.879960317460316
56,34,8,5,8,1,7,1,26.845238095238095,34.93353174603175
56,35,8,3,6,8,9,2,27.24404761904762,40.13988095238095
56,36,8,7,4,6,2,10,27.38095238095238,32.923611111111114
56,37,6,3,8,1,7,8,27.291666666666668,30.69345238095238
56,38,8,5,6,8,9,8,27.339285714285715,42.13392857142857
56,39,3,3,7,8,9,4,27.589285714285715,35.88789682539682
56,40,8,6,6,1,3,3,27.0,30.107142857142858
56,41,4,8,8,8,6,1,27.43452380952381,39.992063492063494
56,42,8,4,6,8,9,2,27.136904761904763,41.02281746031746
56,43,8,6,10,3,5,1,27.535714285714285,37.68650793650794
56,44,8,3,5,5,1,8,26.535714285714285,28.04265873015873
56,45,4,6,7,8,6,5,27.38095238095238,36.967261904761905
56,46,4,6,8,10,2,1,27.148809523809526,35.43154761904762
56,47,8,1,6,10,4,5,27.232142857142858,35.148809523809526
56,48,8,5,6,8,6,1,27.36904761904762,38.99007936507937
56,49,8,6,8,1,5,2,27.279761904761905,34.211309523809526
57,0,3,3,6,6,10,6,27.25595238095238,34.33234126984127
57,1,8,6,8,8,8,1,27.517857142857142,43.86805555555556
57,2,8,7,9,5,6,6,27.083333333333332,40.826388888888886
57,3,7,6,6,8,10,2,27.136904761904763,42.45634920634921
57,4,1,9,8,1,9,8,26.404761904761905,34.1656746031746
57,5,3,3,7,4,9,9,27.148809523809526,32.13789682539682
57,6,6,9,8,1,3,8,26.857142857142858,32.24702380952381
57,7,8,6,6,5,9,2,27.208333333333332,40.06448412698413
57,8,8,6,1,1,9,9,27.017857142857142,31.305555555555557
57,9,1,9,8,8,3,8,27.363095238095237,35.11805555555556
57,10,7,9,9,6,6,10,27.36904761904762,42.979166666666664
57,11,8,7,4,6,2,5,27.422619047619047,32.948412698412696
57,12,8,5,6,10,4,9,27.50595238095238,39.18452380952381
57,13,4,5,8,1,7,1,26.970238095238095,30.756944444444443
57,14,3,6,5,8,10,3,27.267857142857142,38.142857142857146
57,15,4,5,6,10,9,1,27.571428571428573,39.42857142857143
57,16,1,9,8,3,5,1,27.476190476190474,31.749007936507937
57,17,8,7,10,1,9,9,26.99404761904762,40.701388888888886
57,18,3,3,7,8,4,4,27.398809523809526,31.14781746031746
57,19,8,6,9,5,9,4,27.136904761904763,43.17857142857143
57,20,8,4,6,8,9,8,27.476190476190474,40.614087301587304
57,21,3,3,7,4,10,2,27.56547619047619,32.87797619047619
57,22,8,6,6,8,5,9,27.303571428571427,38.88690476190476
57,23,4,4,9,8,10,1,26.964285714285715,41.02876984126984
57,24,6,7,7,8,6,5,27.636904761904763,39.89484126984127
57,25,4,6,8,10,1,1,27.226190476190474,35.067460317460316
57,26,8,7,9,8,6,8,27.488095238095237,43.676587301587304
57,27,3,1,6,10,2,3,27.44047619047619,28.1140873015873
57,28,8,1,6,10,2,3,27.547619047619047,32.93452380952381
57,29,8,6,8,1,3,3,27.101190476190474,31.978174603174605
57,30,3,8,6,5,3,4,27.511904761904763,30.978174603174605
57,31,8,3,7,4,9,8,27.291666666666668,37.12202380952381
57,32,8,5,6,8,6,1,27.05952380952381,38.28472222222222
57,33,8,5,6,10,10,8,27.470238095238095,45.029761904761905
57,34,8,7,4,6,2,6,27.571428571428573,33.035714285714285
57,35,8,9,8,1,6,10,26.988095238095237,38.301587301587304
57,36,8,6,6,8,9,9,27.63095238095238,42.96230158730159
57,37,1,9,8,1,9,2,27.125,34.24702380952381
57,38,8,6,6,8,8,6,27.24404761904762,42.24801587301587
57,39,8,6,8,8,3,5,27.25,39.23511904761905
57,40,8,6,5,8,6,5,27.327380952380953,39.17559523809524
57,41,8,10,8,2,5,2,27.345238095238095,39.09126984126984
57,42,9,5,5,1,3,3,26.845238095238095,28.79265873015873
57,43,8,8,6,1,7,1,26.74404761904762,35.929563492063494
57,44,3,6,6,8,3,5,27.178571428571427,31.89781746031746
57,45,8,3,6,7,10,1,27.553571428571427,40.114087301587304
57,46,8,3,4,6,2,10,27.404761904761905,29.09325396825397
57,47,8,7,5,5,1,8,27.166666666666668,31.709325396825395
57,48,8,5,6,4,9,2,27.452380952380953,38.25198412698413
57,49,8,4,6,8,9,8,27.672619047619047,40.986111111111114
58,0,8,6,5,8,6,9,27.529761904761905,39.31349206349206
58,1,8,6,6,8,9,5,27.19047619047619,43.20734126984127
58,2,1,9,8,10,1,1,26.797619047619047,35.017857142857146
58,3,4,6,8,1,9,2,27.06547619047619,33.964285714285715
58,4,8,7,9,8,6,8,27.660714285714285,44.2906746031746
58,5,8,4,6,8,9,8,27.458333333333332,41.28373015873016
58,6,8,6,6,8,9,8,27.422619047619047,43.11805555555556
58,7,8,4,1,1,9,9,27.101190476190474,29.30952380952381
58,8,3,9,8,3,5,1,27.238095238095237,33.90972222222222
58,9,1,6,5,8,10,3,26.982142857142858,36.21031746031746
58,10,3,3,6,5,9,8,27.25,32.004960317460316
58,11,8,9,9,6,10,1,27.095238095238095,47.37103174603175
58,12,7,7,9,6,2,8,27.56547619047619,37.023809523809526
58,13,1,9,8,1,2,5,26.827380952380953,27.036706349206348
58,14,8,6,6,8,9,2,27.464285714285715,43.11904761904762
58,15,7,5,6,8,2,9,27.285714285714285,33.820436507936506
58,16,4,6,8,1,9,9,26.791666666666668,33.83234126984127
58,17,8,7,10,10,1,1,27.095238095238095,41.89186507936508
58,18,8,6,6,8,5,9,27.053571428571427,39.132936507936506
58,19,8,6,8,6,3,3,27.107142857142858,37.11805555555556
58,20,8,6,6,8,5,2,27.375,38.961309523809526
58,21,1,9,8,1,2,9,26.886904761904763,27.02480158730159
58,22,1,9,8,1,9,2,26.535714285714285,33.760912698412696
58,23,1,9,8,1,9,2,27.053571428571427,34.151785714285715
58,24,3,6,6,8,10,2,27.166666666666668,39.02480158730159
58,25,2,9,9,6,6,10,27.196428571428573,37.93948412698413
58,26,8,7,4,6,2,5,27.351190476190474,32.42857142857143
58,27,8,7,4,6,2,5,27.571428571428573,33.10912698412698
58,28,8,3,3,4,9,8,27.31547619047619,33.18055555555556
58,29,8,3,7,8,2,10,27.422619047619047,34.169642857142854
58,30,9,5,6,10,9,3,27.261904761904763,45.08234126984127
58,31,8,5,5,1,3,3,26.785714285714285,28.13095238095238
58,32,8,3,7,4,3,8,27.25595238095238,30.993055555555557
58,33,1,9,8,1,9,2,26.964285714285715,33.833333333333336
58,34,4,10,9,8,10,1,27.363095238095237,46.78472222222222
58,35,8,9,8,1,6,10,26.988095238095237,37.992063492063494
58,36,8,6,8,5,8,6,27.583333333333332,41.09623015873016
58,37,8,6,6,8,3,3,27.083333333333332,37.17261904761905
58,38,1,9,8,3,6,5,27.529761904761905,33.169642857142854
58,39,8,4,5,8,5,1,27.196428571428573,35.979166666666664
58,40,1,9,9,8,2,9,27.11904761904762,35.12797619047619
58,41,8,4,8,8,9,2,27.226190476190474,42.823412698412696
58,42,1,9,2,8,8,1,27.523809523809526,34.11210317460318
58,43,8,6,8,3,5,1,27.291666666666668,35.898809523809526
58,44,8,5,8,2,5,2,27.261904761904763,33.7718253968254
58,45,8,10,6,10,10,8,27.464285714285715,50.27281746031746
58,46,8,5,6,4,9,2,27.232142857142858,37.92757936507937
58,47,8,10,8,2,5,2,27.386904761904763,39.02480158730159
58,48,8,6,6,8,5,9,27.136904761904763,39.138888888888886
58,49,8,5,6,4,9,2,27.410714285714285,38.07738095238095
59,0,2,6,5,1,9,2,27.101190476190474,28.81845238095238
59,1,3,9,9,6,6,10,27.583333333333332,39.17261904761905
59,2,8,7,10,8,5,2,27.386904761904763,43.929563492063494
59,3,8,9,6,10,1,1,26.88095238095238,39.43551587301587
59,4,8,7,4,6,2,5,27.285714285714285,33.15674603174603
59,5,8,7,4,6,2,5,27.279761904761905,33.0625
59,6,2,6,8,5,8,8,27.43452380952381,34.72222222222222
59,7,8,5,6,8,2,9,27.333333333333332,34.95337301587302
59,8,4,3,9,8,5,9,27.142857142857142,34.65575396825397
59,9,8,6,6,8,4,1,27.273809523809526,37.84920634920635
59,10,8,6,6,6,3,2,27.18452380952381,34.71825396825397
59,11,1,2,8,1,9,3,26.892857142857142,27.17361111111111
59,12,1,9,8,1,2,9,26.821428571428573,26.993055555555557
59,13,8,6,6,8,9,8,27.06547619047619,42.93650793650794
59,14,1,9,9,8,2,5,27.517857142857142,35.00099206349206
59,15,8,7,4,6,2,9,27.404761904761905,33.37103174603175
59,16,1,6,6,8,5,2,27.375,31.700396825396826
59,17,8,6,5,8,9,3,27.529761904761905,42.04265873015873
59,18,8,9,9,6,4,9,27.24404761904762,41.84623015873016
59,19,8,6,6,8,5,1,27.410714285714285,38.504960317460316
59,20,8,6,8,3,5,10,27.261904761904763,36.24900793650794
59,21,8,9,8,1,6,1,27.220238095238095,37.73115079365079
59,22,1,6,8,6,3,3,27.273809523809526,30.370039682539684
59,23,8,6,5,8,10,3,27.196428571428573,42.76587301587302
59,24,8,6,6,8,5,2,27.333333333333332,39.09027777777778
59,25,4,6,8,1,9,8,26.982142857142858,34.129960317460316
59,26,8,6,6,8,9,5,27.55952380952381,43.16468253968254
59,27,8,6,8,3,5,1,27.154761904761905,36.06150793650794
59,28,8,7,2,6,4,9,27.136904761904763,33.27579365079365
59,29,7,5,6,8,2,5,27.654761904761905,34.18353174603175
59,30,10,5,8,2,5,2,27.125,36.07440476190476
59,31,8,3,7,8,2,10,27.220238095238095,34.01488095238095
59,32,3,9,8,10,8,1,27.339285714285715,43.93154761904762
59,33,1,9,8,3,5,1,27.38095238095238,31.517857142857142
59,34,8,10,4,6,1,1,26.916666666666668,34.76686507936508
59,35,1,9,8,10,8,5,27.291666666666668,42.11309523809524
59,36,8,6,9,8,3,2,27.523809523809526,39.807539682539684
59,37,4,6,8,1,9,2,27.19047619047619,34.0218253968254
59,38,8,6,9,8,10,1,27.101190476190474,46.87202380952381
59,39,4,10,6,8,5,9,27.404761904761905,38.82440476190476
59,40,8,9,10,6,10,1,27.226190476190474,48.84325396825397
59,41,8,6,6,8,3,3,27.63095238095238,36.90376984126984
59,42,8,7,10,10,1,2,26.80952380952381,41.71527777777778
59,43,8,10,1,2,2,4,27.19047619047619,29.28174603174603
59,44,8,4,8,8,9,3,27.142857142857142,42.958333333333336
59,45,9,5,8,10,9,2,27.666666666666668,46.879960317460316
59,46,7,9,6,8,5,9,27.321428571428573,40.8531746031746
59,47,8,6,9,6,2,8,27.422619047619047,36.961309523809526
59,48,8,1,7,8,2,10,27.18452380952381,31.876984126984127
59,49,2,9,9,6,6,10,27.101190476190474,37.17261904761905
60,0,8,7,6,8,5,1,27.11904761904762,40.073412698412696
60,1,8,6,9,6,2,5,27.226190476190474,36.8531746031746
60,2,8,9,5,8,9,3,26.99404761904762,45.25694444444444
60,3,8,6,10,6,10,1,27.220238095238095,45.7093253968254
60,4,1,6,8,8,9,3,27.25595238095238,37.82936507936508
60,5,8,4,2,6,3,3,27.351190476190474,29.139880952380953
60,6,8,6,8,8,10,3,27.327380952380953,45.61507936507937
60,7,8,4,9,8,3,2,27.541666666666668,37.96825396825397
60,8,1,2,8,1,9,5,26.946428571428573,27.241071428571427
60,9,8,7,4,6,2,3,27.172619047619047,32.90575396825397
60,10,8,6,9,7,2,9,27.392857142857142,38.044642857142854
60,11,1,9,10,1,2,8,26.952380952380953,29.25
60,12,7,9,6,8,5,3,27.386904761904763,41.236111111111114
60,13,8,6,6,8,7,10,27.333333333333332,40.67757936507937
60,14,8,9,6,3,1,1,26.982142857142858,32.720238095238095
60,15,1,9,8,3,5,1,27.19047619047619,32.01587301587302
60,16,4,6,8,8,9,5,27.38095238095238,41.301587301587304
60,17,8,6,6,1,9,8,27.05952380952381,36.27281746031746
60,18,8,9,10,10,1,1,26.839285714285715,43.93948412698413
60,19,8,9,6,6,10,1,27.261904761904763,45.03373015873016
60,20,8,9,10,6,10,1,27.11904761904762,48.845238095238095
60,21,2,9,8,8,8,3,27.803571428571427,41.17757936507937
60,22,8,7,2,6,4,2,27.398809523809526,33.20039682539682
60,23,10,7,7,8,5,8,27.410714285714285,43.25297619047619
60,24,4,3,9,8,5,9,27.547619047619047,35.06845238095238
60,25,4,9,9,6,4,9,27.577380952380953,38.06150793650794
60,26,8,7,4,6,2,2,27.357142857142858,32.77777777777778
60,27,8,6,6,8,5,5,27.19047619047619,38.92857142857143
60,28,8,4,5,1,6,7,27.172619047619047,30.34424603174603
60,29,8,6,6,8,9,5,27.25595238095238,43.080357142857146
60,30,1,9,6,8,5,1,27.31547619047619,34.41170634920635
60,31,4,10,6,8,2,5,27.148809523809526,36.0406746031746
60,32,8,6,3,3,9,3,27.607142857142858,35.010912698412696
60,33,8,4,6,8,5,2,27.321428571428573,36.875
60,34,1,6,8,6,3,8,27.333333333333332,29.925595238095237
60,35,2,6,8,3,4,3,27.285714285714285,28.449404761904763
60,36,8,7,4,6,2,9,27.398809523809526,33.14384920634921
60,37,8,6,6,8,2,5,27.089285714285715,35.83531746031746
60,38,8,8,9,8,10,1,27.273809523809526,48.79761904761905
60,39,8,9,8,1,9,1,26.80952380952381,40.955357142857146
60,40,8,7,4,6,2,5,27.18452380952381,32.535714285714285
60,41,8,5,6,8,2,5,27.351190476190474,35.080357142857146
60,42,8,6,8,3,10,1,27.553571428571427,40.94345238095238
60,43,8,6,6,8,5,2,27.297619047619047,39.125
60,44,7,1,7,8,2,10,27.303571428571427,31.29563492063492
60,45,8,5,6,8,2,5,27.166666666666668,35.104166666666664
60,46,10,5,8,2,5,2,27.541666666666668,36.051587301587304
60,47,3,9,8,10,8,1,27.375,43.75892857142857
60,48,8,5,8,10,9,2,27.053571428571427,45.83134920634921
60,49,9,2,8,9,9,3,27.11904761904762,42.98313492063492
61,0,1,9,5,8,9,3,27.083333333333332,38.24007936507937
61,1,8,6,8,8,9,3,27.285714285714285,45.179563492063494
61,2,8,7,4,6,2,3,27.25595238095238,33.34126984126984
61,3,3,6,6,8,2,5,27.0,31.231150793650794
61,4,4,1,7,8,2,10,27.672619047619047,27.70436507936508
61,5,7,6,5,3,1,3,27.136904761904763,28.028769841269842
61,6,8,7,6,8,5,3,27.208333333333332,40.27281746031746
61,7,9,2,8,9,9,1,27.267857142857142,42.69345238095238
61,8,4,9,9,8,5,5,27.125,41.11309523809524
61,9,7,6,6,6,4,9,27.375,35.20337301587302
61,10,7,4,5,1,6,7,27.047619047619047,29.067460317460316
61,11,7,9,6,8,1,3,26.988095238095237,36.86607142857143
61,12,2,6,10,10,9,3,27.095238095238095,43.092261904761905
61,13,1,6,8,9,4,3,27.06547619047619,33.26289682539682
61,14,8,6,10,6,2,10,27.488095238095237,38.14087301587302
61,15,7,1,7,8,10,1,27.476190476190474,38.25396825396825
61,16,8,9,6,6,9,3,27.488095238095237,43.92559523809524
61,17,9,2,8,9,10,1,27.547619047619047,44.08730158730159
61,18,8,6,6,6,10,1,27.303571428571427,42.09126984126984
61,19,8,6,10,8,7,10,27.44047619047619,44.99603174603175
61,20,8,5,6,8,2,2,27.172619047619047,34.88095238095238
61,21,8,7,2,6,4,5,27.50595238095238,33.14087301587302
61,22,8,9,8,6,10,1,27.375,47.14781746031746
61,23,4,9,6,1,9,1,26.803571428571427,35.01884920634921
61,24,8,7,6,3,1,1,26.970238095238095,30.933531746031747
61,25,8,9,4,6,4,5,27.446428571428573,36.87202380952381
61,26,8,7,4,6,2,2,27.410714285714285,33.205357142857146
61,27,8,4,6,8,5,2,27.422619047619047,36.951388888888886
61,28,1,6,8,6,3,3,27.464285714285715,29.8859126984127
61,29,8,7,4,3,2,8,27.017857142857142,30.251984126984127
61,30,4,3,9,10,2,9,27.017857142857142,33.65575396825397
61,31,8,6,7,7,5,9,27.386904761904763,39.13988095238095
61,32,3,9,8,10,8,1,27.357142857142858,43.61507936507937
61,33,8,9,10,10,1,1,27.017857142857142,42.94444444444444
61,34,8,5,8,3,4,3,27.333333333333332,34.132936507936506
61,35,2,6,6,8,2,5,27.351190476190474,29.947420634920636
61,36,4,9,9,6,4,1,27.196428571428573,37.88492063492063
61,37,8,8,9,8,10,9,27.392857142857142,49.12797619047619
61,38,8,7,2,6,4,2,27.351190476190474,33.43948412698413
61,39,8,7,4,6,2,5,27.24404761904762,33.09920634920635
61,40,8,2,8,1,9,5,26.976190476190474,33.88988095238095
61,41,1,6,6,8,2,5,27.5,29.216269841269842
61,42,5,9,9,2,5,2,27.44047619047619,36.13690476190476
61,43,8,6,6,6,10,9,27.339285714285715,41.99305555555556
61,44,8,6,6,8,2,3,27.410714285714285,35.9375
61,45,8,7,3,6,2,5,27.196428571428573,31.887896825396826
61,46,7,9,6,8,3,2,27.654761904761905,39.148809523809526
61,47,9,4,9,8,5,3,27.428571428571427,41.11607142857143
61,48,4,5,8,8,9,9,27.428571428571427,40.135912698412696
61,49,4,9,9,6,4,5,27.416666666666668,38.28670634920635
62,0,1,4,6,8,5,3,27.291666666666668,29.98015873015873
62,1,1,6,8,8,3,2,27.791666666666668,32.19146825396825
62,2,8,7,6,8,4,5,27.428571428571427,39.05555555555556
62,3,2,9,4,6,5,3,27.238095238095237,32.138888888888886
62,4,8,7,2,6,1,1,27.053571428571427,30.16765873015873
62,5,3,7,6,3,4,2,27.19047619047619,29.000992063492063
62,6,8,7,8,8,9,3,27.214285714285715,46.06547619047619
62,7,8,6,4,3,1,1,26.55952380952381,27.25
62,8,5,9,9,2,5,3,27.125,36.15079365079365
62,9,9,4,9,8,5,10,27.416666666666668,41.05853174603175
62,10,7,9,6,1,9,1,27.202380952380953,37.776785714285715
62,11,4,6,2,3,1,5,26.976190476190474,21.98015873015873
62,12,1,8,8,9,4,3,27.583333333333332,35.517857142857146
62,13,4,9,9,8,5,5,27.24404761904762,41.25297619047619
62,14,8,7,3,1,9,1,26.988095238095237,34.135912698412696
62,15,4,9,4,6,2,5,27.446428571428573,31.03769841269841
62,16,4,9,4,6,4,5,27.125,33.054563492063494
62,17,8,9,7,8,5,5,27.226190476190474,42.955357142857146
62,18,7,9,6,8,3,1,27.160714285714285,39.01884920634921
62,19,9,2,1,9,10,2,27.351190476190474,37.19047619047619
62,20,8,7,8,3,3,2,27.202380952380953,34.919642857142854
62,21,7,9,6,8,4,2,27.095238095238095,39.93452380952381
62,22,8,5,8,3,2,5,27.25,31.816468253968253
62,23,2,6,6,8,4,3,27.375,31.921626984126984
62,24,7,6,6,6,4,9,27.142857142857142,34.68849206349206
62,25,7,6,6,6,10,9,27.511904761904763,40.620039682539684
62,26,7,9,6,8,3,2,27.125,38.86507936507937
62,27,7,9,6,8,1,3,26.625,36.794642857142854
62,28,8,9,10,10,10,9,27.267857142857142,53.179563492063494
62,29,8,6,6,6,1,1,27.089285714285715,32.839285714285715
62,30,8,8,9,8,10,2,27.19047619047619,48.99305555555556
62,31,7,3,6,8,8,9,27.470238095238095,37.97420634920635
62,32,7,9,7,8,3,9,27.25595238095238,39.48809523809524
62,33,4,3,9,10,2,2,27.160714285714285,33.72519841269841
62,34,1,6,8,8,6,3,27.351190476190474,35.17757936507937
62,35,5,4,9,9,4,3,27.416666666666668,37.01686507936508
62,36,5,7,9,2,2,2,27.297619047619047,31.044642857142858
62,37,8,5,6,8,5,2,27.422619047619047,37.9593253968254
62,38,8,7,2,9,9,1,27.232142857142858,41.192460317460316
62,39,9,2,8,6,4,5,27.339285714285715,35.11309523809524
62,40,2,9,6,6,4,1,27.482142857142858,33.12103174603175
62,41,4,9,9,6,9,3,27.19047619047619,42.99801587301587
62,42,1,6,6,6,3,9,27.321428571428573,28.221230158730158
62,43,3,6,8,9,4,3,27.071428571428573,35.93551587301587
62,44,8,9,8,6,5,3,27.428571428571427,42.076388888888886
62,45,9,4,9,8,10,1,27.452380952380953,45.99702380952381
62,46,8,2,4,8,9,3,27.154761904761905,37.06349206349206
62,47,1,9,5,1,9,5,26.827380952380953,30.734126984126984
62,48,9,2,8,8,2,3,26.964285714285715,34.76488095238095
62,49,8,6,9,9,9,1,27.30952380952381,46.85218253968254
63,0,1,8,8,9,6,1,27.25,37.75396825396825
63,1,8,7,3,1,9,10,26.839285714285715,34.02876984126984
63,2,2,9,4,6,5,3,27.821428571428573,32.135912698412696
63,3,2,9,9,6,5,3,27.36904761904762,36.40277777777778
63,4,7,9,6,2,3,2,27.285714285714285,32.948412698412696
63,5,1,6,9,1,9,1,26.952380952380953,32.08134920634921
63,6,3,2,8,6,4,5,27.31547619047619,29.107142857142858
63,7,9,6,8,9,4,3,27.238095238095237,42.086309523809526
63,8,2,6,6,9,1,1,26.625,30.00595238095238
63,9,8,9,4,6,5,3,27.333333333333332,38.27281746031746
63,10,8,9,10,10,5,5,27.386904761904763,47.92162698412698
63,11,8,5,6,8,10,9,27.56547619047619,42.94047619047619
63,12,8,9,8,6,5,3,27.345238095238095,42.03968253968254
63,13,8,9,7,5,5,5,27.321428571428573,39.94642857142857
63,14,3,7,6,8,9,3,27.267857142857142,38.60912698412698
63,15,8,7,10,3,4,2,27.761904761904763,38.339285714285715
63,16,8,7,6,8,4,5,27.404761904761905,38.92261904761905
63,17,8,7,6,8,4,5,27.160714285714285,38.59126984126984
63,18,4,6,4,3,1,1,27.0,23.71825396825397
63,19,8,9,9,8,1,5,26.625,40.95337301587302
63,20,7,6,6,6,4,9,27.279761904761905,34.56845238095238
63,21,7,9,6,8,4,2,27.523809523809526,40.089285714285715
63,22,7,6,8,8,6,3,27.482142857142858,40.75892857142857
63,23,1,6,6,6,4,9,27.702380952380953,29.453373015873016
63,24,5,8,9,8,10,2,27.303571428571427,46.03968253968254
63,25,8,7,9,2,2,2,27.261904761904763,34.03174603174603
63,26,7,9,7,9,3,9,27.232142857142858,40.714285714285715
63,27,7,9,7,8,3,9,27.303571428571427,39.80853174603175
63,28,7,9,6,10,1,1,27.00595238095238,38.89186507936508
63,29,7,1,6,10,3,3,27.428571428571427,33.11309523809524
63,30,8,9,7,3,5,5,26.988095238095237,37.861111111111114
63,31,4,6,1,3,1,5,26.791666666666668,21.14781746031746
63,32,8,7,10,8,8,9,27.44047619047619,46.95734126984127
63,33,7,3,6,9,7,1,26.946428571428573,37.611111111111114
63,34,7,9,7,8,3,9,27.416666666666668,39.10615079365079
63,35,7,3,1,8,8,5,27.142857142857142,33.24305555555556
63,36,3,6,6,1,9,1,27.071428571428573,31.009920634920636
63,37,4,9,6,6,3,9,27.458333333333332,33.94742063492063
63,38,8,6,8,8,3,2,27.31547619047619,38.973214285714285
63,39,1,6,9,9,9,1,27.238095238095237,39.98412698412698
63,40,8,2,4,6,2,5,27.291666666666668,28.125
63,41,2,9,4,8,9,3,27.238095238095237,37.97519841269841
63,42,7,9,7,9,4,6,27.446428571428573,42.004960317460316
63,43,8,6,9,8,3,9,27.446428571428573,39.76587301587302
63,44,1,6,8,8,5,3,27.488095238095237,33.84623015873016
63,45,2,9,4,6,3,2,27.482142857142858,30.046626984126984
63,46,3,9,10,10,3,2,27.279761904761905,40.973214285714285
63,47,7,9,6,8,10,1,27.428571428571427,46.032738095238095
63,48,8,3,2,8,5,5,27.470238095238095,32.18849206349206
63,49,4,9,9,9,9,1,27.416666666666668,45.78670634920635
64,0,7,3,6,9,10,1,27.44047619047619,40.51488095238095
64,1,6,6,8,8,6,3,27.125,40.03472222222222
64,2,4,9,2,6,3,2,27.648809523809526,30.273809523809526
64,3,5,8,9,8,10,9,27.464285714285715,46.04563492063492
64,4,8,6,8,8,3,2,27.541666666666668,38.84126984126984
64,5,6,7,3,5,9,10,27.166666666666668,36.25099206349206
64,6,7,9,10,8,9,1,27.678571428571427,48.83531746031746
64,7,1,6,9,1,10,7,27.357142857142858,32.74107142857143
64,8,8,2,8,6,4,5,27.541666666666668,33.76686507936508
64,9,3,9,4,6,4,3,27.476190476190474,32.364087301587304
64,10,8,9,6,2,10,2,27.19047619047619,41.05952380952381
64,11,7,3,2,8,5,5,27.267857142857142,31.123015873015873
64,12,7,9,8,6,4,3,26.988095238095237,40.09027777777778
64,13,2,9,4,6,5,3,27.107142857142858,32.19742063492063
64,14,7,6,8,8,9,3,27.363095238095237,44.14087301587302
64,15,2,9,4,8,6,3,27.38095238095238,34.86011904761905
64,16,8,9,6,4,4,3,27.279761904761905,36.97519841269841
64,17,9,6,8,3,5,5,27.50595238095238,36.867063492063494
64,18,8,9,7,3,5,5,27.452380952380953,37.951388888888886
64,19,8,7,6,6,4,3,27.43452380952381,37.14980158730159
64,20,10,7,6,8,9,3,26.94047619047619,46.15972222222222
64,21,3,9,4,6,4,3,27.214285714285715,32.24702380952381
64,22,8,7,6,6,4,3,27.291666666666668,37.09920634920635
64,23,9,6,8,9,4,5,27.226190476190474,42.00099206349206
64,24,8,6,8,8,3,2,27.053571428571427,39.36904761904762
64,25,1,6,9,9,9,1,27.410714285714285,39.71924603174603
64,26,4,6,6,6,4,1,27.738095238095237,31.552579365079364
64,27,7,6,4,3,1,1,26.875,26.50297619047619
64,28,8,9,9,1,9,10,26.660714285714285,41.96031746031746
64,29,8,7,3,8,1,5,27.125,33.129960317460316
64,30,8,9,9,8,9,1,27.30952380952381,48.58730158730159
64,31,1,6,9,9,1,5,26.970238095238095,31.389880952380953
64,32,2,9,8,6,8,3,27.452380952380953,39.023809523809526
64,33,8,9,4,8,9,3,27.5,44.07738095238095
64,34,7,9,7,8,3,9,27.404761904761905,39.8531746031746
64,35,8,6,9,8,3,9,27.535714285714285,40.007936507936506
64,36,7,10,8,8,6,3,27.345238095238095,45.15873015873016
64,37,7,1,6,10,3,3,27.49404761904762,33.163690476190474
64,38,1,6,9,1,9,1,26.779761904761905,31.999007936507937
64,39,1,6,9,1,9,1,27.154761904761905,32.101190476190474
64,40,7,9,6,4,4,5,27.738095238095237,36.19742063492063
64,41,8,7,7,9,8,9,27.547619047619047,45.01289682539682
64,42,2,6,6,9,1,1,27.160714285714285,30.128968253968253
64,43,8,7,8,6,5,3,27.351190476190474,40.026785714285715
64,44,4,6,4,3,9,3,27.214285714285715,32.107142857142854
64,45,3,7,6,8,1,1,26.68452380952381,30.458333333333332
64,46,3,6,6,1,9,1,27.00595238095238,30.629960317460316
64,47,1,6,9,9,9,1,27.351190476190474,39.93849206349206
64,48,8,3,9,9,9,6,27.160714285714285,43.43849206349206
64,49,4,9,2,10,5,5,26.964285714285715,36.06646825396825
65,0,3,7,6,8,1,5,27.19047619047619,30.97718253968254
65,1,8,2,3,8,6,1,27.208333333333332,32.88690476190476
65,2,8,6,8,10,3,3,27.166666666666668,41.10813492063492
65,3,7,1,6,8,3,2,27.571428571428573,30.950396825396826
65,4,7,1,10,8,9,1,27.55952380952381,40.88194444444444
65,5,7,9,6,4,4,5,27.339285714285715,36.13690476190476
65,6,7,1,6,6,5,3,27.43452380952381,30.94543650793651
65,7,2,7,8,10,3,3,27.238095238095237,36.14484126984127
65,8,7,7,8,6,5,3,27.464285714285715,38.720238095238095
65,9,8,1,6,10,3,3,27.339285714285715,34.13194444444444
65,10,1,6,6,9,10,1,27.345238095238095,37.97420634920635
65,11,1,8,9,1,10,5,26.93452380952381,35.080357142857146
65,12,3,9,4,6,4,5,27.446428571428573,32.135912698412696
65,13,7,4,6,4,4,3,27.214285714285715,31.189484126984127
65,14,7,10,8,8,9,1,27.541666666666668,47.294642857142854
65,15,7,9,10,8,6,3,27.267857142857142,45.34722222222222
65,16,4,9,2,8,1,1,26.732142857142858,29.90575396825397
65,17,3,7,6,10,5,5,27.279761904761905,36.95337301587302
65,18,10,7,6,8,9,3,27.077380952380953,46.288690476190474
65,19,3,9,4,6,4,3,27.392857142857142,32.11309523809524
65,20,7,3,2,9,6,1,27.351190476190474,33.17559523809524
65,21,7,3,6,5,5,10,27.101190476190474,32.04563492063492
65,22,2,9,6,10,9,1,27.416666666666668,41.81547619047619
65,23,1,6,9,1,4,5,26.99404761904762,27.175595238095237
65,24,8,10,8,8,6,3,26.970238095238095,45.99107142857143
65,25,7,6,8,8,3,2,27.386904761904763,38.01289682539682
65,26,5,3,9,8,9,1,26.928571428571427,39.58234126984127
65,27,8,6,8,2,1,5,26.93452380952381,30.654761904761905
65,28,7,9,9,9,9,1,27.375,49.00099206349206
65,29,1,6,6,4,4,5,26.922619047619047,27.268849206349206
65,30,8,6,3,8,3,2,27.19047619047619,34.33829365079365
65,31,8,9,6,2,10,2,27.24404761904762,40.96527777777778
65,32,8,6,9,9,5,2,27.011904761904763,42.958333333333336
65,33,1,7,7,9,8,9,27.595238095238095,37.36607142857143
65,34,3,5,6,8,1,2,26.863095238095237,28.79265873015873
65,35,8,6,4,8,3,4,27.25,35.13392857142857
65,36,9,6,8,3,5,3,27.24404761904762,36.1468253968254
65,37,8,7,8,6,5,5,27.511904761904763,40.16170634920635
65,38,2,6,9,6,1,3,27.11904761904762,29.9265873015873
65,39,7,6,1,7,3,5,27.19047619047619,30.561507936507937
65,40,8,6,7,8,3,9,27.291666666666668,37.96230158730159
65,41,7,9,8,8,3,2,27.25,41.029761904761905
65,42,7,1,6,10,3,3,27.172619047619047,33.28174603174603
65,43,8,7,8,6,5,3,27.49404761904762,39.67757936507937
65,44,7,7,8,6,5,3,27.24404761904762,38.970238095238095
65,45,8,9,8,6,4,3,27.523809523809526,40.76190476190476
65,46,4,6,6,6,4,3,27.36904761904762,32.25
65,47,8,7,6,6,4,1,27.166666666666668,36.901785714285715
65,48,3,9,4,6,6,3,27.547619047619047,33.51686507936508
65,49,3,9,4,6,4,3,27.178571428571427,32.24107142857143
66,0,1,6,9,8,3,3,27.392857142857142,32.854166666666664
66,1,4,6,6,1,4,5,26.720238095238095,27.268849206349206
66,2,2,4,9,6,4,3,27.136904761904763,31.080357142857142
66,3,3,9,4,6,1,3,27.011904761904763,28.756944444444443
66,4,5,3,9,8,3,8,27.488095238095237,33.92063492063492
66,5,8,6,8,3,9,1,27.31547619047619,39.84424603174603
66,6,7,9,9,9,9,5,27.517857142857142,49.11507936507937
66,7,7,9,6,4,4,1,27.208333333333332,36.0843253968254
66,8,3,7,7,9,8,9,27.333333333333332,40.198412698412696
66,9,1,9,4,9,4,5,27.095238095238095,33.073412698412696
66,10,8,6,8,10,3,3,27.36904761904762,41.24007936507937
66,11,3,9,4,6,6,3,27.55952380952381,34.323412698412696
66,12,7,1,6,10,3,3,27.56547619047619,32.60615079365079
66,13,8,1,6,10,3,3,27.357142857142858,33.58829365079365
66,14,3,9,4,6,6,3,27.589285714285715,34.101190476190474
66,15,9,6,8,3,5,1,27.398809523809526,36.807539682539684
66,16,4,7,6,8,3,3,26.892857142857142,34.36904761904762
66,17,8,10,6,10,1,5,26.696428571428573,40.99603174603175
66,18,1,9,8,8,3,2,27.339285714285715,35.01289682539682
66,19,7,8,9,1,10,5,27.029761904761905,40.851190476190474
66,20,2,9,6,10,9,5,27.470238095238095,41.705357142857146
66,21,3,9,4,6,1,1,26.607142857142858,28.520833333333332
66,22,8,7,8,10,3,5,27.291666666666668,42.14980158730159
66,23,3,7,6,10,5,3,27.56547619047619,37.06150793650794
66,24,8,7,8,6,5,3,27.446428571428573,39.826388888888886
66,25,3,9,4,6,4,3,27.36904761904762,32.083333333333336
66,26,9,6,8,6,5,5,27.125,39.96230158730159
66,27,3,6,1,7,3,3,27.452380952380953,26.387896825396826
66,28,3,7,6,8,9,3,27.339285714285715,38.24900793650794
66,29,10,7,6,8,1,5,26.958333333333332,37.592261904761905
66,30,8,6,8,5,3,1,27.208333333333332,35.676587301587304
66,31,2,1,10,8,9,3,27.279761904761905,35.53373015873016
66,32,8,7,8,10,3,3,27.422619047619047,42.01587301587302
66,33,3,7,6,8,1,5,26.93452380952381,31.04861111111111
66,34,7,9,8,8,4,3,27.13095238095238,41.84325396825397
66,35,7,4,1,4,6,3,27.50595238095238,28.327380952380953
66,36,8,1,8,8,9,1,27.047619047619047,39.8531746031746
66,37,7,9,8,6,4,3,27.321428571428573,38.99305555555556
66,38,8,7,8,6,5,3,27.422619047619047,40.195436507936506
66,39,2,7,8,6,5,3,27.452380952380953,34.142857142857146
66,40,7,1,10,6,4,3,27.529761904761905,34.05059523809524
66,41,3,9,9,8,3,2,27.017857142857142,38.044642857142854
66,42,8,6,3,4,4,3,27.214285714285715,31.262896825396826
66,43,3,6,4,6,3,2,26.904761904761905,28.131944444444443
66,44,7,6,8,10,3,3,27.69047619047619,40.107142857142854
66,45,8,1,6,6,6,7,27.261904761904763,33.035714285714285
66,46,8,7,6,6,9,1,27.24404761904762,41.967261904761905
66,47,7,7,8,6,5,3,27.339285714285715,39.182539682539684
66,48,3,9,6,10,3,3,27.196428571428573,36.88492063492063
66,49,8,1,4,6,6,3,27.416666666666668,31.0625
67,0,7,9,8,6,4,3,27.18452380952381,40.00694444444444
67,1,3,9,4,8,4,3,27.535714285714285,34.114087301587304
67,2,8,7,8,10,3,5,27.30952380952381,42.11309523809524
67,3,8,7,8,6,5,3,27.303571428571427,40.02777777777778
67,4,9,10,6,5,6,5,27.279761904761905,41.75099206349206
67,5,1,9,4,9,4,5,27.148809523809526,33.223214285714285
67,6,9,6,8,3,3,5,27.357142857142858,35.135912698412696
67,7,8,7,8,10,4,1,27.279761904761905,42.9593253968254
67,8,8,1,6,4,4,1,27.410714285714285,29.033730158730158
67,9,7,3,4,6,6,3,27.18452380952381,32.285714285714285
67,10,4,7,6,8,3,3,27.529761904761905,34.04761904761905
67,11,7,10,6,10,3,3,27.196428571428573,42.20734126984127
67,12,8,7,4,9,4,5,27.291666666666668,38.24801587301587
67,13,1,9,8,10,3,3,27.648809523809526,37.35218253968254
67,14,8,10,6,10,1,5,26.892857142857142,40.91765873015873
67,15,8,6,8,3,9,1,27.31547619047619,39.961309523809526
67,16,7,7,6,8,3,3,27.464285714285715,37.148809523809526
67,17,4,4,1,4,6,3,27.553571428571427,25.259920634920636
67,18,7,7,8,6,3,2,27.31547619047619,37.017857142857146
67,19,3,9,9,8,5,6,27.136904761904763,40.00694444444444
67,20,7,9,9,9,4,5,27.166666666666668,43.98313492063492
67,21,4,6,6,1,9,5,27.0,31.754960317460316
67,22,3,9,4,6,5,3,27.202380952380953,33.14087301587302
67,23,3,7,6,10,4,3,27.303571428571427,36.26884920634921
67,24,4,6,6,1,4,5,27.154761904761905,27.18154761904762
67,25,7,9,9,8,3,2,27.547619047619047,42.12599206349206
67,26,9,5,8,6,5,3,27.464285714285715,39.03670634920635
67,27,9,6,8,3,6,1,27.238095238095237,37.81845238095238
67,28,7,9,6,4,4,1,27.511904761904763,35.66765873015873
67,29,7,7,8,6,5,3,27.279761904761905,38.851190476190474
67,30,8,7,6,10,5,3,27.077380952380953,42.11904761904762
67,31,3,7,8,1,5,3,26.845238095238095,29.606150793650794
67,32,7,10,8,10,3,5,27.19047619047619,43.46924603174603
67,33,8,7,6,10,6,5,27.458333333333332,43.29563492063492
67,34,8,1,4,6,6,1,27.208333333333332,30.56547619047619
67,35,3,9,4,6,1,3,27.053571428571427,28.93452380952381
67,36,8,7,8,10,3,3,27.357142857142858,42.13392857142857
67,37,8,5,8,10,3,10,27.113095238095237,39.98115079365079
67,38,2,1,10,8,3,2,27.488095238095237,29.910714285714285
67,39,1,9,8,4,9,3,27.43452380952381,37.15575396825397
67,40,7,9,6,4,4,1,27.583333333333332,35.99404761904762
67,41,8,7,8,10,3,3,27.089285714285715,42.02480158730159
67,42,8,6,8,3,5,1,27.672619047619047,35.854166666666664
67,43,9,10,6,10,1,5,27.035714285714285,42.03968253968254
67,44,8,6,8,3,9,1,27.267857142857142,39.39384920634921
67,45,8,2,3,4,4,3,27.160714285714285,27.16269841269841
67,46,3,7,6,10,3,2,27.238095238095237,35.03472222222222
67,47,8,9,4,6,4,3,27.107142857142858,36.92559523809524
67,48,7,7,6,4,4,1,27.291666666666668,33.979166666666664
67,49,7,9,8,6,5,3,27.470238095238095,41.15674603174603
68,0,8,7,8,10,3,1,27.607142857142858,42.04563492063492
68,1,1,9,8,10,3,5,27.422619047619047,36.99603174603175
68,2,9,1,10,4,5,1,27.18452380952381,34.74404761904762
68,3,9,6,6,8,6,2,27.398809523809526,41.151785714285715
68,4,7,6,8,3,3,5,27.43452380952381,32.80357142857143
68,5,9,9,6,4,4,1,27.31547619047619,37.666666666666664
68,6,8,2,3,4,4,3,27.25,26.881944444444443
68,7,3,9,4,8,4,9,26.982142857142858,34.23511904761905
68,8,9,6,8,1,6,5,26.964285714285715,35.15376984126984
68,9,8,10,6,5,6,1,27.196428571428573,40.861111111111114
68,10,8,7,5,10,3,3,27.44047619047619,39.35218253968254
68,11,8,7,6,8,6,5,27.267857142857142,40.595238095238095
68,12,7,7,2,6,3,2,27.19047619047619,31.17361111111111
68,13,6,9,4,9,4,5,27.11904761904762,38.12400793650794
68,14,4,9,6,10,4,3,27.678571428571427,39.157738095238095
68,15,3,7,6,1,4,5,27.029761904761905,27.174603174603174
68,16,8,7,6,10,6,3,27.488095238095237,42.526785714285715
68,17,10,9,8,4,9,5,27.535714285714285,46.03373015873016
68,18,3,7,8,1,5,2,27.06547619047619,30.189484126984127
68,19,3,7,6,10,3,3,27.398809523809526,34.96924603174603
68,20,8,1,8,6,5,3,27.178571428571427,33.982142857142854
68,21,7,7,6,4,4,1,27.285714285714285,33.88988095238095
68,22,3,9,8,4,9,3,27.50595238095238,39.14781746031746
68,23,1,7,6,10,3,4,27.50595238095238,33.14980158730159
68,24,7,7,8,9,4,5,27.488095238095237,41.276785714285715
68,25,7,6,8,6,5,5,27.321428571428573,38.20337301587302
68,26,4,7,6,7,5,8,27.202380952380953,34.57440476190476
68,27,3,9,9,8,7,7,27.452380952380953,41.95436507936508
68,28,8,7,4,5,1,5,26.827380952380953,31.250992063492063
68,29,8,10,6,9,4,5,27.196428571428573,42.86210317460318
68,30,3,7,8,3,3,5,27.398809523809526,30.01984126984127
68,31,9,6,8,1,5,3,26.982142857142858,34.89384920634921
68,32,3,9,10,6,1,3,27.071428571428573,34.88988095238095
68,33,1,9,8,3,9,3,27.375,36.205357142857146
68,34,9,9,8,6,5,3,27.416666666666668,43.169642857142854
68,35,7,6,8,3,6,1,27.535714285714285,35.86607142857143
68,36,7,9,6,6,5,3,27.291666666666668,39.18849206349206
68,37,9,7,8,4,7,1,27.297619047619047,40.904761904761905
68,38,5,1,6,10,1,5,26.81547619047619,29.33234126984127
68,39,9,10,8,10,3,5,27.398809523809526,45.70734126984127
68,40,7,9,8,1,5,3,26.63095238095238,36.22222222222222
68,41,3,7,8,6,5,3,27.511904761904763,35.0218253968254
68,42,8,8,4,9,4,5,27.345238095238095,39.28670634920635
68,43,3,4,8,1,5,3,26.55952380952381,27.157738095238095
68,44,2,1,10,4,4,3,27.18452380952381,26.941468253968253
68,45,8,2,3,8,3,2,27.642857142857142,30.28075396825397
68,46,9,10,6,3,5,1,27.333333333333332,38.37400793650794
68,47,8,6,2,10,1,5,27.136904761904763,33.36507936507937
68,48,1,9,6,4,4,1,27.089285714285715,29.984126984126984
68,49,7,9,8,10,3,3,27.357142857142858,43.17162698412698
69,0,4,9,6,10,4,3,27.464285714285715,39.01587301587302
69,1,10,9,8,4,9,5,27.351190476190474,46.092261904761905
69,2,7,9,8,3,8,5,27.55952380952381,40.89484126984127
69,3,3,7,8,10,3,3,27.238095238095237,37.14484126984127
69,4,5,1,3,4,4,9,27.398809523809526,23.182539682539684
69,5,8,2,6,10,9,5,27.43452380952381,41.232142857142854
69,6,9,7,4,8,4,9,27.636904761904763,37.86309523809524
69,7,3,9,8,4,7,1,27.053571428571427,36.52777777777778
69,8,4,7,6,6,4,1,27.375,33.13492063492063
69,9,9,9,6,7,5,8,27.172619047619047,42.208333333333336
69,10,8,8,4,6,1,3,26.93452380952381,32.82539682539682
69,11,3,9,10,9,4,5,27.511904761904763,40.99900793650794
69,12,8,9,1,10,3,1,27.660714285714285,37.22420634920635
69,13,8,7,8,4,4,1,27.452380952380953,36.90873015873016
69,14,6,9,4,8,3,2,27.136904761904763,36.26488095238095
69,15,8,2,3,9,4,5,27.416666666666668,32.38690476190476
69,16,8,7,5,10,3,3,27.035714285714285,38.82738095238095
69,17,9,6,8,1,6,5,27.023809523809526,36.09027777777778
69,18,3,9,8,1,8,3,26.946428571428573,35.01488095238095
69,19,7,9,4,8,4,9,27.702380952380953,38.163690476190474
69,20,10,9,8,6,5,3,27.529761904761905,44.117063492063494
69,21,9,9,4,9,4,5,27.577380952380953,41.07837301587302
69,22,8,7,3,4,4,3,27.333333333333332,32.00595238095238
69,23,8,2,5,10,3,3,27.416666666666668,34.04761904761905
69,24,8,1,8,6,5,2,27.351190476190474,34.16468253968254
69,25,3,7,8,1,5,3,27.107142857142858,29.99206349206349
69,26,1,9,8,10,3,5,27.547619047619047,37.279761904761905
69,27,8,7,6,8,6,5,27.327380952380953,41.163690476190474
69,28,8,10,6,4,4,1,27.208333333333332,37.99603174603175
69,29,7,7,6,5,6,2,27.11904761904762,36.85019841269841
69,30,8,9,8,10,3,3,27.291666666666668,44.02579365079365
69,31,7,7,9,8,6,5,27.660714285714285,42.75892857142857
69,32,9,9,8,8,4,9,27.345238095238095,44.098214285714285
69,33,3,9,5,4,9,3,27.25595238095238,36.12301587301587
69,34,6,7,8,4,7,1,27.214285714285715,37.90575396825397
69,35,9,6,4,9,4,5,27.351190476190474,37.97123015873016
69,36,9,7,8,7,5,8,27.095238095238095,41.432539682539684
69,37,4,7,10,4,4,1,27.43452380952381,34.43452380952381
69,38,3,7,8,1,5,2,26.988095238095237,29.794642857142858
69,39,3,9,4,8,4,9,27.178571428571427,33.54662698412698
69,40,9,6,8,1,3,3,26.80952380952381,33.17063492063492
69,41,7,9,8,1,5,3,27.035714285714285,35.90277777777778
69,42,7,1,2,4,5,1,27.011904761904763,25.067460317460316
69,43,8,7,8,9,4,5,27.041666666666668,41.7281746031746
69,44,6,1,6,10,3,3,27.291666666666668,32.10813492063492
69,45,3,1,6,10,1,5,27.142857142857142,27.171626984126984
69,46,8,7,6,10,6,3,27.220238095238095,43.36011904761905
69,47,9,9,8,6,5,5,27.357142857142858,43.041666666666664
69,48,7,9,8,10,5,3,27.214285714285715,45.04265873015873
69,49,7,9,8,1,3,4,26.928571428571427,33.90277777777778
70,0,8,10,6,8,4,10,27.386904761904763,42.12599206349206
70,1,9,6,8,4,4,1,27.541666666666668,36.8531746031746
70,2,3,9,5,4,9,1,27.273809523809526,35.57242063492063
70,3,8,7,8,4,4,3,26.970238095238095,37.10515873015873
70,4,7,7,6,8,6,5,27.416666666666668,39.62896825396825
70,5,7,7,9,8,6,5,27.333333333333332,42.96329365079365
70,6,1,9,8,10,5,3,27.38095238095238,39.04563492063492
70,7,7,8,8,6,3,5,27.357142857142858,38.04662698412698
70,8,9,9,4,8,4,8,27.327380952380953,40.32242063492063
70,9,10,9,8,4,4,9,27.226190476190474,40.64980158730159
70,10,7,9,8,10,5,5,27.63095238095238,44.51884920634921
70,11,9,6,4,9,4,3,27.339285714285715,38.05853174603175
70,12,9,10,8,1,5,3,26.946428571428573,39.06547619047619
70,13,3,7,8,1,6,1,27.047619047619047,30.52480158730159
70,14,3,9,5,4,5,3,27.696428571428573,31.753968253968253
70,15,7,9,8,10,9,3,27.261904761904763,48.695436507936506
70,16,3,7,8,1,5,2,27.095238095238095,30.205357142857142
70,17,6,9,4,8,3,2,27.38095238095238,36.163690476190474
70,18,10,9,8,6,5,5,27.458333333333332,43.91269841269841
70,19,8,2,6,8,9,3,27.36904761904762,38.98710317460318
70,20,1,9,8,8,4,9,27.464285714285715,35.78373015873016
70,21,3,9,4,8,2,5,27.363095238095237,31.714285714285715
70,22,4,7,9,8,6,5,27.511904761904763,40.13492063492063
70,23,7,7,6,6,4,1,27.38095238095238,35.6656746031746
70,24,3,9,4,4,3,1,27.392857142857142,28.63293650793651
70,25,8,7,8,8,4,9,27.386904761904763,40.673611111111114
70,26,3,1,6,10,1,8,26.875,27.157738095238095
70,27,5,1,3,4,4,9,27.202380952380953,23.09722222222222
70,28,8,2,4,9,2,5,27.142857142857142,31.191468253968253
70,29,9,3,4,10,3,3,27.291666666666668,35.16468253968254
70,30,4,7,8,10,5,3,27.31547619047619,39.58730158730159
70,31,7,9,10,4,4,1,27.172619047619047,39.83829365079365
70,32,7,9,8,4,3,5,27.113095238095237,36.666666666666664
70,33,10,9,8,10,5,3,27.148809523809526,47.81448412698413
70,34,10,9,4,8,3,3,27.31547619047619,40.11507936507937
70,35,8,2,5,10,3,9,27.392857142857142,34.17162698412698
70,36,8,8,4,6,5,3,27.25,37.24702380952381
70,37,3,7,8,1,1,3,26.80952380952381,25.86706349206349
70,38,3,9,6,5,6,2,27.470238095238095,35.410714285714285
70,39,7,7,5,4,9,3,27.077380952380953,38.0406746031746
70,40,7,9,3,4,4,3,27.19047619047619,33.357142857142854
70,41,8,7,8,1,5,3,27.24404761904762,34.96527777777778
70,42,3,9,5,4,4,1,27.470238095238095,31.07043650793651
70,43,6,7,10,4,9,3,27.202380952380953,41.24702380952381
70,44,8,10,2,9,4,3,27.827380952380953,39.31349206349206
70,45,3,9,5,4,9,5,27.363095238095237,36.0843253968254
70,46,8,2,3,4,9,3,27.345238095238095,32.125
70,47,3,9,5,9,4,5,27.38095238095238,36.04365079365079
70,48,3,1,6,10,1,5,26.398809523809526,26.92956349206349
70,49,8,2,3,9,4,5,27.238095238095237,32.28472222222222
71,0,8,9,8,4,3,5,27.19047619047619,38.13095238095238
71,1,7,9,2,9,4,3,27.261904761904763,37.070436507936506
71,2,6,7,1,4,3,1,27.011904761904763,26.990079365079364
71,3,3,9,5,4,9,3,27.428571428571427,36.05357142857143
71,4,3,9,5,4,9,1,27.708333333333332,36.054563492063494
71,5,3,7,8,7,6,1,27.738095238095237,36.57440476190476
71,6,3,7,8,1,3,5,27.071428571428573,27.94345238095238
71,7,7,8,8,6,1,3,27.107142857142858,36.02281746031746
71,8,7,7,8,10,9,3,27.25,46.78769841269841
71,9,7,6,5,6,9,3,27.178571428571427,39.080357142857146
71,10,7,7,6,8,4,10,27.470238095238095,37.60912698412698
71,11,8,10,9,8,6,5,27.238095238095237,47.12103174603175
71,12,3,9,5,4,4,9,27.273809523809526,31.145833333333332
71,13,10,9,9,4,5,3,27.416666666666668,43.11210317460318
71,14,6,7,10,4,1,8,26.952380952380953,33.88492063492063
71,15,3,10,6,10,9,3,27.238095238095237,44.08829365079365
71,16,7,8,8,3,3,5,27.202380952380953,35.05357142857143
71,17,4,9,6,5,6,2,27.148809523809526,36.00595238095238
71,18,3,7,8,8,1,3,26.958333333333332,33.163690476190474
71,19,3,1,6,10,6,8,27.404761904761905,31.825396825396826
71,20,10,9,2,9,4,3,27.13095238095238,40.41865079365079
71,21,8,10,8,6,5,5,27.363095238095237,42.673611111111114
71,22,7,9,8,1,1,3,26.464285714285715,31.6140873015873
71,23,5,7,8,10,9,3,27.470238095238095,44.77876984126984
71,24,9,6,4,9,4,1,27.154761904761905,37.93650793650794
71,25,7,9,10,4,4,3,27.232142857142858,40.0218253968254
71,26,9,6,4,8,4,8,27.357142857142858,37.31150793650794
71,27,9,9,8,4,4,1,27.238095238095237,39.78373015873016
71,28,9,1,3,4,8,9,27.464285714285715,30.738095238095237
71,29,5,9,4,4,3,1,27.327380952380953,31.096230158730158
71,30,3,9,5,7,4,1,27.36904761904762,33.66765873015873
71,31,3,9,6,4,9,5,27.142857142857142,37.12202380952381
71,32,7,9,5,4,9,5,27.273809523809526,40.14484126984127
71,33,3,9,8,4,3,5,27.172619047619047,32.660714285714285
71,34,7,9,10,9,4,3,27.13095238095238,44.823412698412696
71,35,6,7,10,4,3,5,27.375,36.08829365079365
71,36,5,1,3,4,4,2,27.160714285714285,22.729166666666668
71,37,7,9,8,10,9,7,26.916666666666668,48.989087301587304
71,38,10,9,8,6,5,1,27.303571428571427,43.88492063492063
71,39,8,7,8,1,6,5,26.88095238095238,35.6875
71,40,8,9,4,4,3,1,27.404761904761905,33.945436507936506
71,41,3,9,5,10,3,9,27.68452380952381,36.260912698412696
71,42,3,9,2,8,4,8,27.291666666666668,32.111111111111114
71,43,9,9,5,9,4,1,27.172619047619047,41.95436507936508
71,44,3,9,10,4,4,9,27.583333333333332,35.614087301587304
71,45,7,9,4,9,3,3,27.547619047619047,38.13492063492063
71,46,7,7,9,8,6,5,27.214285714285715,43.24107142857143
71,47,10,9,8,4,4,9,27.339285714285715,40.96329365079365
71,48,6,7,6,8,6,5,27.583333333333332,38.98710317460318
71,49,7,7,10,4,9,6,27.613095238095237,42.88492063492063
72,0,3,7,10,4,9,6,27.422619047619047,38.98809523809524
72,1,7,1,6,1,6,8,27.06547619047619,27.37797619047619
72,2,6,7,10,4,3,5,27.136904761904763,34.875
72,3,7,7,4,8,6,5,27.488095238095237,38.16170634920635
72,4,3,9,9,4,5,3,27.202380952380953,36.18650793650794
72,5,10,9,8,2,3,5,27.351190476190474,37.845238095238095
72,6,9,9,6,8,4,10,27.279761904761905,41.48015873015873
72,7,7,7,8,4,4,1,27.36904761904762,35.8125
72,8,3,10,6,10,9,6,27.386904761904763,44.151785714285715
72,9,10,9,2,9,4,3,27.279761904761905,40.11210317460318
72,10,3,7,10,4,9,6,27.25,38.94940476190476
72,11,7,3,5,10,3,9,27.339285714285715,34.00198412698413
72,12,7,7,6,8,4,5,27.30952380952381,38.086309523809526
72,13,8,7,3,1,6,10,27.05952380952381,30.907738095238095
72,14,3,3,6,8,4,10,27.333333333333332,30.221230158730158
72,15,7,7,8,7,6,1,27.208333333333332,40.776785714285715
72,16,7,9,5,4,9,5,27.13095238095238,40.2906746031746
72,17,3,9,5,4,4,5,27.660714285714285,30.86706349206349
72,18,7,7,10,4,9,6,27.61904761904762,42.92063492063492
72,19,8,7,8,1,6,5,27.035714285714285,35.785714285714285
72,20,10,9,2,8,4,8,27.541666666666668,39.135912698412696
72,21,3,1,3,6,10,1,27.452380952380953,28.93154761904762
72,22,10,9,5,10,3,1,27.25,43.05555555555556
72,23,9,9,8,4,4,9,27.422619047619047,39.98015873015873
72,24,3,5,8,4,4,1,27.357142857142858,29.892857142857142
72,25,3,9,5,7,3,5,27.422619047619047,32.62202380952381
72,26,9,1,3,4,3,1,27.523809523809526,25.631944444444443
72,27,5,9,4,4,8,9,27.19047619047619,36.098214285714285
72,28,10,9,8,6,5,8,27.363095238095237,43.91468253968254
72,29,3,9,2,8,4,1,27.636904761904763,32.076388888888886
72,30,7,9,5,4,3,5,27.172619047619047,34.23412698412698
72,31,8,9,8,4,9,5,27.416666666666668,43.97420634920635
72,32,7,6,5,2,5,3,27.267857142857142,31.3859126984127
72,33,10,9,9,6,9,3,27.18452380952381,49.132936507936506
72,34,4,8,8,3,3,5,27.476190476190474,32.04365079365079
72,35,3,9,8,4,3,5,27.422619047619047,33.38392857142857
72,36,9,9,1,10,9,7,27.166666666666668,44.330357142857146
72,37,7,9,3,4,4,1,26.928571428571427,33.044642857142854
72,38,8,9,8,4,3,5,27.291666666666668,38.073412698412696
72,39,8,9,8,4,3,5,27.333333333333332,37.705357142857146
72,40,3,9,5,4,5,3,27.547619047619047,31.589285714285715
72,41,10,9,9,4,4,9,27.24404761904762,41.67162698412698
72,42,3,6,5,10,3,9,27.13095238095238,32.44642857142857
72,43,3,9,8,1,3,5,26.839285714285715,30.139880952380953
72,44,3,1,6,10,6,9,27.452380952380953,32.14484126984127
72,45,9,1,1,4,8,8,27.035714285714285,29.017857142857142
72,46,3,9,5,4,4,1,27.488095238095237,30.783730158730158
72,47,9,9,8,4,4,9,27.428571428571427,40.05654761904762
72,48,8,7,8,1,6,6,27.029761904761905,35.892857142857146
72,49,9,9,8,4,4,5,27.61904761904762,40.07837301587302
73,0,3,3,6,8,4,10,27.047619047619047,30.31845238095238
73,1,9,9,1,10,9,7,27.535714285714285,44.455357142857146
73,2,3,5,8,4,6,5,27.24404761904762,31.5625
73,3,8,10,8,1,4,4,26.708333333333332,37.20238095238095
73,4,10,9,3,1,6,10,26.785714285714285,35.2281746031746
73,5,8,7,8,2,3,5,27.261904761904763,34.245039682539684
73,6,1,6,5,10,3,1,27.535714285714285,31.131944444444443
73,7,9,1,3,4,3,9,27.428571428571427,26.101190476190474
73,8,10,9,9,4,3,5,27.208333333333332,41.070436507936506
73,9,6,7,10,4,4,9,27.416666666666668,37.18551587301587
73,10,9,10,5,10,3,1,27.202380952380953,42.69444444444444
73,11,9,9,8,4,4,5,27.172619047619047,40.22123015873016
73,12,7,9,3,4,8,9,27.226190476190474,37.36309523809524
73,13,5,1,4,4,4,1,27.571428571428573,23.80952380952381
73,14,7,7,10,4,10,6,27.535714285714285,43.62698412698413
73,15,3,9,5,4,3,5,27.398809523809526,30.05654761904762
73,16,3,10,5,4,5,5,27.422619047619047,33.214285714285715
73,17,7,9,6,10,6,3,27.392857142857142,44.02281746031746
73,18,9,7,8,7,6,1,27.55952380952381,42.5218253968254
73,19,9,9,6,8,4,10,27.452380952380953,42.20634920634921
73,20,7,6,5,2,5,3,27.55952380952381,31.04265873015873
73,21,3,7,10,4,9,6,27.261904761904763,38.00198412698413
73,22,3,9,8,1,3,5,26.80952380952381,30.139880952380953
73,23,10,9,9,6,4,9,26.99404761904762,44.16765873015873
73,24,7,7,10,4,9,10,27.410714285714285,42.45039682539682
73,25,10,9,2,9,5,6,27.339285714285715,41.13690476190476
73,26,7,9,5,4,4,1,27.321428571428573,35.154761904761905
73,27,3,9,5,4,3,5,26.99404761904762,29.884920634920636
73,28,8,7,8,1,1,1,26.279761904761905,30.95734126984127
73,29,3,9,5,4,6,5,27.613095238095237,32.49007936507937
73,30,9,7,4,8,6,5,27.071428571428573,40.307539682539684
73,31,7,9,6,8,4,10,27.303571428571427,39.94444444444444
73,32,4,6,5,9,10,1,27.196428571428573,39.567460317460316
73,33,3,1,2,10,1,9,26.875,22.8640873015873
73,34,5,5,8,4,9,3,27.386904761904763,36.839285714285715
73,35,10,9,9,10,4,1,27.470238095238095,47.30853174603175
73,36,7,9,5,4,5,9,27.339285714285715,36.098214285714285
73,37,3,6,8,10,9,5,27.511904761904763,42.239087301587304
73,38,7,7,2,4,4,3,27.375,30.39484126984127
73,39,3,9,9,4,5,1,27.517857142857142,36.04960317460318
73,40,3,9,10,9,4,10,27.035714285714285,40.479166666666664
73,41,10,9,5,4,4,5,27.178571428571427,38.117063492063494
73,42,7,1,3,4,10,1,27.297619047619047,31.009920634920636
73,43,9,9,5,4,9,5,27.488095238095237,42.117063492063494
73,44,3,9,3,1,6,10,27.029761904761905,28.246031746031747
73,45,8,7,9,4,5,3,27.089285714285715,39.163690476190474
73,46,8,7,3,1,6,10,26.93452380952381,31.251984126984127
73,47,7,9,2,8,4,8,26.767857142857142,36.33829365079365
73,48,8,7,3,1,6,3,26.821428571428573,31.107142857142858
73,49,3,9,9,4,5,10,27.607142857142858,35.89484126984127
74,0,3,9,3,1,6,10,27.19047619047619,28.188492063492063
74,1,8,7,8,1,1,1,26.351190476190474,30.724206349206348
74,2,7,9,3,4,4,1,27.220238095238095,32.948412698412696
74,3,5,1,4,4,8,9,27.053571428571427,28.310515873015873
74,4,3,10,5,3,4,9,27.303571428571427,30.976190476190474
74,5,3,1,2,10,5,5,27.18452380952381,26.37202380952381
74,6,3,9,1,10,4,9,27.148809523809526,33.34722222222222
74,7,6,7,10,4,4,10,27.50595238095238,36.629960317460316
74,8,9,7,4,8,3,1,27.345238095238095,36.93948412698413
74,9,1,6,5,10,6,5,27.31547619047619,34.07936507936508
74,10,8,7,3,1,5,5,26.916666666666668,30.128968253968253
74,11,3,10,5,4,4,10,27.648809523809526,32.35019841269841
74,12,8,7,3,1,6,10,27.267857142857142,31.020833333333332
74,13,2,7,6,4,5,3,27.386904761904763,30.253968253968253
74,14,3,7,10,4,9,9,27.345238095238095,39.12896825396825
74,15,7,9,3,9,8,6,27.172619047619047,42.232142857142854
74,16,5,7,8,2,3,5,27.261904761904763,30.9375
74,17,8,5,5,4,9,3,27.61904761904762,37.22123015873016
74,18,3,6,8,10,9,3,27.214285714285715,42.198412698412696
74,19,7,7,2,4,4,5,27.285714285714285,30.370039682539684
74,20,3,9,10,9,4,10,27.083333333333332,40.967261904761905
74,21,8,7,3,1,1,10,26.517857142857142,25.705357142857142
74,22,4,6,4,8,6,5,27.476190476190474,34.098214285714285
74,23,9,7,5,9,10,1,27.017857142857142,46.038690476190474
74,24,6,7,10,8,6,5,27.077380952380953,42.78174603174603
74,25,9,7,4,4,4,9,27.178571428571427,34.3125
74,26,5,5,8,4,5,9,27.386904761904763,33.08234126984127
74,27,7,9,5,4,9,3,27.386904761904763,40.07936507936508
74,28,3,9,10,4,10,6,27.49404761904762,42.11507936507937
74,29,9,7,3,1,6,10,26.74404761904762,32.201388888888886
74,30,7,9,5,4,5,1,26.761904761904763,35.973214285714285
74,31,8,7,8,1,1,9,26.446428571428573,30.996031746031747
74,32,8,4,8,2,3,9,27.178571428571427,31
74,33,9,1,3,4,3,5,27.571428571428573,26.32043650793651
74,34,7,1,5,7,6,1,27.50595238095238,31.90575396825397
74,35,9,7,8,4,10,1,27.18452380952381,43.88392857142857
74,36,9,9,6,4,4,1,27.101190476190474,37.93849206349206
74,37,5,1,1,10,9,7,27.422619047619047,32.13789682539682
74,38,6,7,10,10,6,3,27.428571428571427,45.070436507936506
74,39,7,9,6,4,4,9,27.464285714285715,36.15575396825397
74,40,3,7,10,4,9,10,27.511904761904763,39.24801587301587
74,41,7,7,3,1,6,10,26.583333333333332,30.110119047619047
74,42,3,5,8,4,6,10,27.482142857142858,32.070436507936506
74,43,3,9,9,8,6,5,27.261904761904763,40.41269841269841
74,44,7,9,2,8,5,1,27.339285714285715,37.10615079365079
74,45,5,9,9,4,4,8,27.482142857142858,36.89980158730159
74,46,3,9,9,4,7,5,27.25595238095238,38.11507936507937
74,47,10,5,8,4,6,5,27.285714285714285,39.1468253968254
74,48,6,8,8,1,1,1,26.678571428571427,30.014880952380953
74,49,8,7,3,4,10,1,27.482142857142858,38.010912698412696
75,0,7,9,5,10,9,5,27.226190476190474,46.03075396825397
75,1,3,9,9,4,7,3,27.24404761904762,37.870039682539684
75,2,3,9,9,1,1,10,26.720238095238095,29.014880952380953
75,3,8,7,3,4,7,5,27.410714285714285,34.94345238095238
75,4,3,10,3,4,4,1,27.648809523809526,29.9890873015873
75,5,7,9,5,3,4,9,26.958333333333332,34.23511904761905
75,6,8,9,3,9,4,10,27.36904761904762,39.107142857142854
75,7,3,7,8,4,1,9,26.910714285714285,28.69047619047619
75,8,1,6,9,10,6,3,27.36904761904762,37.455357142857146
75,9,2,7,6,4,5,5,27.511904761904763,29.485119047619047
75,10,5,1,4,6,8,1,27.511904761904763,29.935515873015873
75,11,7,9,2,8,5,9,27.285714285714285,37.37301587301587
75,12,7,9,2,8,5,5,27.208333333333332,37.12896825396825
75,13,3,9,9,8,6,1,27.11904761904762,40.97222222222222
75,14,7,7,5,8,3,1,27.24404761904762,35.90575396825397
75,15,9,7,3,1,6,10,26.851190476190474,32.25396825396825
75,16,3,9,9,4,7,5,27.482142857142858,37.94642857142857
75,17,3,9,5,4,7,5,27.261904761904763,34.22222222222222
75,18,3,8,5,4,4,9,27.547619047619047,29.998015873015873
75,19,3,10,5,8,4,2,27.18452380952381,36.044642857142854
75,20,7,6,5,10,6,5,27.31547619047619,40.21031746031746
75,21,1,7,3,1,6,10,26.761904761904763,24.1140873015873
75,22,5,7,3,1,5,5,27.398809523809526,26.8859126984127
75,23,8,7,3,4,10,1,27.13095238095238,37.8343253968254
75,24,7,7,2,4,5,1,27.303571428571427,30.88095238095238
75,25,7,9,5,4,4,5,27.327380952380953,34.8343253968254
75,26,3,9,9,4,9,3,27.214285714285715,39.75892857142857
75,27,8,5,5,4,7,5,27.25595238095238,35.294642857142854
75,28,4,6,8,10,9,3,26.99404761904762,43.25297619047619
75,29,3,6,4,8,6,5,27.672619047619047,33.45436507936508
75,30,3,10,5,3,9,3,27.202380952380953,36.16865079365079
75,31,3,6,8,10,4,9,27.077380952380953,36.74900793650794
75,32,5,9,5,4,4,1,27.321428571428573,32.39186507936508
75,33,7,1,3,4,3,5,27.178571428571427,24.136904761904763
75,34,3,6,8,10,5,9,27.095238095238095,38.220238095238095
75,35,3,6,1,10,3,3,27.363095238095237,29.3640873015873
75,36,5,10,5,1,4,5,26.886904761904763,31.273809523809526
75,37,3,7,2,8,6,5,27.25,32.23710317460318
75,38,3,1,7,10,1,10,27.047619047619047,28.066468253968253
75,39,8,7,3,1,5,5,26.81547619047619,30.276785714285715
75,40,7,7,3,8,6,5,27.375,37.198412698412696
75,41,6,8,10,1,6,10,27.107142857142858,37.257936507936506
75,42,8,1,3,4,3,5,27.488095238095237,25.116071428571427
75,43,9,7,8,1,4,1,27.101190476190474,34.99007936507937
75,44,3,9,10,8,3,1,27.386904761904763,38.580357142857146
75,45,9,7,4,9,10,10,27.446428571428573,45.20436507936508
75,46,6,10,1,2,4,5,27.452380952380953,29.223214285714285
75,47,7,5,10,4,4,3,27.208333333333332,36.11011904761905
75,48,8,3,3,1,5,5,26.928571428571427,26.293650793650794
75,49,7,7,3,1,6,10,26.833333333333332,29.7390873015873
76,0,6,10,3,4,3,5,27.321428571428573,32.42460317460318
76,1,7,2,3,7,4,5,27.375,29.178571428571427
76,2,9,7,4,9,8,1,27.410714285714285,42.882936507936506
76,3,5,1,4,6,10,10,27.291666666666668,32.2093253968254
76,4,6,10,1,2,6,10,27.107142857142858,31.46230158730159
76,5,1,7,3,1,4,5,26.922619047619047,22.16468253968254
76,6,3,6,4,4,5,1,27.511904761904763,27.71924603174603
76,7,7,7,2,8,6,5,27.446428571428573,36.06349206349206
76,8,8,10,3,1,5,5,26.642857142857142,33.348214285714285
76,9,5,7,3,1,5,5,27.196428571428573,27.243055555555557
76,10,7,9,2,8,5,5,27.44047619047619,37.40277777777778
76,11,7,6,5,10,6,5,27.416666666666668,40.26884920634921
76,12,3,7,8,4,6,10,27.178571428571427,33.92857142857143
76,13,6,8,10,6,1,9,27.220238095238095,36.71230158730159
76,14,7,9,5,3,4,9,27.196428571428573,34.214285714285715
76,15,3,7,8,4,1,9,26.666666666666668,29.004960317460316
76,16,3,1,9,4,3,5,27.06547619047619,26.095238095238095
76,17,8,2,9,4,9,3,27.291666666666668,38.026785714285715
76,18,7,7,5,8,3,1,27.386904761904763,35.91468253968254
76,19,3,6,8,10,4,9,27.541666666666668,36.95634920634921
76,20,7,9,9,8,6,7,27.029761904761905,45.12698412698413
76,21,3,9,5,10,9,5,27.333333333333332,41.88789682539682
76,22,7,7,5,10,9,5,27.351190476190474,44.15277777777778
76,23,7,9,3,3,6,5,27.05952380952381,34.05257936507937
76,24,9,6,8,10,5,3,27.458333333333332,43.76190476190476
76,25,1,6,9,10,6,9,27.30952380952381,37.97420634920635
76,26,7,6,5,10,6,10,27.476190476190474,40.089285714285715
76,27,7,7,3,1,6,5,26.863095238095237,30.178571428571427
76,28,7,7,3,8,1,9,27.113095238095237,32.21924603174603
76,29,3,7,8,4,6,5,27.38095238095238,34.06944444444444
76,30,7,9,5,10,9,5,27.357142857142858,45.44444444444444
76,31,5,10,5,1,4,5,27.053571428571427,31.146825396825395
76,32,3,10,5,8,4,2,27.125,36.25099206349206
76,33,7,6,5,10,6,5,27.25,40.27480158730159
76,34,5,9,5,10,5,5,27.404761904761905,40.17261904761905
76,35,8,3,3,1,4,1,26.779761904761905,25.14781746031746
76,36,3,8,9,4,3,3,27.297619047619047,33.02579365079365
76,37,3,6,5,1,7,3,26.898809523809526,28.136904761904763
76,38,4,9,9,8,6,1,27.636904761904763,42.148809523809526
76,39,3,6,8,10,9,3,27.351190476190474,42.080357142857146
76,40,3,5,5,4,7,5,27.220238095238095,29.586309523809526
76,41,8,5,4,8,6,7,27.767857142857142,36.63988095238095
76,42,8,7,1,10,3,3,26.970238095238095,35.419642857142854
76,43,3,6,3,1,5,5,26.964285714285715,24.186507936507937
76,44,1,7,5,4,7,5,27.303571428571427,30.166666666666668
76,45,8,2,3,8,6,5,27.577380952380953,33.31646825396825
76,46,5,7,3,1,3,5,26.904761904761905,25.140873015873016
76,47,8,3,3,1,5,5,26.68452380952381,25.92956349206349
76,48,3,9,9,1,1,1,26.488095238095237,27.958333333333332
76,49,3,9,9,8,6,10,27.220238095238095,41.03075396825397
77,0,3,9,5,10,9,10,27.261904761904763,42.25396825396825
77,1,5,1,9,6,10,5,27.279761904761905,36.88392857142857
77,2,3,9,5,10,9,5,27.392857142857142,42.080357142857146
77,3,5,9,5,10,5,5,27.654761904761905,39.89384920634921
77,4,5,7,3,4,9,3,27.398809523809526,34.201388888888886
77,5,8,2,9,1,5,5,27.267857142857142,30.97519841269841
77,6,7,2,9,4,10,3,27.077380952380953,37.448412698412696
77,7,8,7,5,8,3,1,27.511904761904763,36.93650793650794
77,8,3,10,6,1,4,5,26.982142857142858,30.077380952380953
77,9,5,5,5,4,7,5,27.285714285714285,32.151785714285715
77,10,3,7,8,4,4,2,27.25595238095238,31.70734126984127
77,11,3,5,5,8,2,9,27.482142857142858,29.121031746031747
77,12,7,10,5,1,4,5,26.875,33.19047619047619
77,13,5,7,3,8,6,5,27.333333333333332,34.80853174603175
77,14,3,2,3,8,6,5,27.446428571428573,28.20436507936508
77,15,8,6,3,1,7,5,26.702380952380953,30.83730158730159
77,16,3,2,9,1,1,1,26.738095238095237,21.94543650793651
77,17,3,9,9,4,3,3,27.178571428571427,34.31547619047619
77,18,8,2,3,8,9,5,27.50595238095238,36.06944444444444
77,19,7,7,5,10,6,5,27.327380952380953,40.99702380952381
77,20,7,9,3,1,5,5,26.988095238095237,31.15575396825397
77,21,8,10,2,8,5,5,27.214285714285715,39.42857142857143
77,22,7,2,4,6,10,10,27.154761904761905,35.23809523809524
77,23,5,1,3,7,4,10,27.142857142857142,26.254960317460316
77,24,3,6,5,4,3,3,27.36904761904762,27.133928571428573
77,25,3,8,9,1,9,3,27.166666666666668,35.9156746031746
77,26,7,9,9,8,4,2,27.24404761904762,43.09920634920635
77,27,3,10,5,8,6,7,27.154761904761905,38.13392857142857
77,28,7,6,5,2,6,1,27.196428571428573,31.996031746031747
77,29,9,6,4,9,8,5,27.416666666666668,41.9156746031746
77,30,8,2,3,8,6,1,27.05952380952381,33.10019841269841
77,31,4,9,1,10,6,8,27.321428571428573,36.50297619047619
77,32,3,1,9,4,3,9,27.077380952380953,26.30456349206349
77,33,7,7,3,8,1,5,26.75595238095238,31.76686507936508
77,34,7,6,8,10,9,3,27.452380952380953,45.776785714285715
77,35,3,7,3,1,6,5,26.886904761904763,26.23015873015873
77,36,3,9,5,10,9,5,27.196428571428573,41.907738095238095
77,37,3,7,8,4,1,9,26.779761904761905,29
77,38,1,6,8,10,10,3,27.30952380952381,40.888888888888886
77,39,9,4,5,4,7,5,27.43452380952381,34.81845238095238
77,40,7,7,9,4,3,3,27.36904761904762,36.03174603174603
77,41,3,8,2,8,6,5,27.61904761904762,33.22123015873016
77,42,5,10,3,1,5,5,27.125,30.268849206349206
77,43,5,7,5,1,4,5,26.845238095238095,28.334325396825395
77,44,3,7,3,1,4,1,26.571428571428573,23.807539682539684
77,45,8,3,8,5,2,5,27.029761904761905,32.104166666666664
77,46,8,5,4,8,9,5,27.535714285714285,39.913690476190474
77,47,3,9,5,10,6,7,27.470238095238095,38.87400793650794
77,48,7,8,9,4,3,3,27.172619047619047,37.070436507936506
77,49,3,9,5,10,4,5,27.30952380952381,37.15873015873016
78,0,3,2,3,8,9,5,27.214285714285715,31.01388888888889
78,1,7,7,8,4,4,2,27.386904761904763,36.31944444444444
78,2,3,8,2,8,8,7,27.55952380952381,34.89384920634921
78,3,3,10,5,8,6,5,27.30952380952381,37.99801587301587
78,4,7,10,5,1,4,5,26.892857142857142,33.08531746031746
78,5,5,7,3,4,9,3,27.476190476190474,34.0218253968254
78,6,3,9,10,8,3,10,27.142857142857142,38.61309523809524
78,7,8,7,5,10,9,10,27.226190476190474,45.31944444444444
78,8,7,7,5,8,3,1,27.49404761904762,35.88988095238095
78,9,10,8,9,4,3,3,27.464285714285715,39.929563492063494
78,10,3,7,5,8,6,7,27.160714285714285,35.083333333333336
78,11,3,10,4,4,8,9,27.327380952380953,34.74107142857143
78,12,3,10,5,8,6,5,27.13095238095238,38.048611111111114
78,13,3,2,3,8,8,7,27.452380952380953,29.55654761904762
78,14,7,7,6,8,4,5,26.958333333333332,37.94146825396825
78,15,7,10,5,1,1,5,26.428571428571427,30.366071428571427
78,16,3,7,5,4,9,3,27.535714285714285,33.97222222222222
78,17,5,5,8,2,4,2,27.071428571428573,29.37202380952381
78,18,5,10,5,1,4,2,26.857142857142858,30.91468253968254
78,19,7,9,6,8,5,5,27.446428571428573,41.50297619047619
78,20,3,10,3,7,4,10,27.273809523809526,33.03968253968254
78,21,5,1,6,1,4,5,26.613095238095237,23.17361111111111
78,22,4,6,3,1,7,5,27.029761904761905,26.816468253968253
78,23,8,9,1,10,6,8,27.30952380952381,40.513888888888886
78,24,3,5,2,8,6,5,27.238095238095237,30.251984126984127
78,25,3,9,5,10,8,10,27.392857142857142,41.220238095238095
78,26,5,10,10,1,10,5,26.738095238095237,42.132936507936506
78,27,3,2,3,8,6,4,27.458333333333332,27.90972222222222
78,28,7,6,10,2,9,10,27.297619047619047,40.05555555555556
78,29,5,2,8,7,4,1,27.517857142857142,31.870039682539684
78,30,5,7,9,8,6,5,27.345238095238095,41.473214285714285
78,31,3,8,2,5,1,3,26.839285714285715,25.166666666666668
78,32,3,10,5,8,6,7,27.452380952380953,38.16468253968254
78,33,3,8,2,8,6,5,27.636904761904763,33.317460317460316
78,34,8,5,4,8,9,3,27.464285714285715,40.12797619047619
78,35,1,6,8,10,10,5,27.291666666666668,41.532738095238095
78,36,5,7,5,10,6,6,27.279761904761905,39.135912698412696
78,37,4,9,1,1,4,5,26.976190476190474,25.01984126984127
78,38,3,9,5,10,6,1,27.547619047619047,38.955357142857146
78,39,3,2,9,1,9,10,26.976190476190474,30.14186507936508
78,40,7,2,4,6,5,5,27.61904761904762,30.35218253968254
78,41,5,9,5,10,10,10,27.363095238095237,45.429563492063494
78,42,8,1,9,4,3,9,27.05952380952381,30.851190476190474
78,43,3,6,3,1,7,8,26.803571428571427,26.25793650793651
78,44,7,9,9,2,4,5,27.375,37.217261904761905
78,45,5,5,5,4,7,2,27.398809523809526,31.805555555555557
78,46,3,1,8,10,9,3,27.261904761904763,37.24007936507937
78,47,7,5,3,7,4,10,27.476190476190474,32.26587301587302
78,48,5,10,5,8,6,7,27.148809523809526,40.10912698412698
78,49,3,10,5,10,5,5,27.19047619047619,38.77777777777778
79,0,1,2,3,8,9,5,27.363095238095237,29.211309523809526
79,1,3,6,8,10,10,5,27.166666666666668,43.33134920634921
79,2,9,10,5,8,10,10,27.166666666666668,48.17460317460318
79,3,5,9,5,1,6,5,26.910714285714285,31.9890873015873
79,4,8,9,1,4,6,5,27.148809523809526,34.051587301587304
79,5,3,8,2,8,6,8,27.69047619047619,33.11011904761905
79,6,3,8,5,1,9,5,27.089285714285715,31.925595238095237
79,7,7,10,2,7,6,5,27.660714285714285,38.263888888888886
79,8,3,9,1,10,8,5,27.214285714285715,37.26190476190476
79,9,7,10,5,1,1,10,26.25,29.982142857142858
79,10,5,7,5,4,6,6,27.392857142857142,33.01884920634921
79,11,5,5,5,1,7,2,26.86904761904762,28.607142857142858
79,12,5,9,5,10,10,7,27.36904761904762,44.90376984126984
79,13,5,10,5,10,9,10,27.613095238095237,44.90277777777778
79,14,3,9,5,8,6,7,27.327380952380953,37.03174603174603
79,15,3,2,9,1,9,10,26.696428571428573,29.359126984126984
79,16,8,9,5,4,7,2,27.232142857142858,39.070436507936506
79,17,5,5,1,10,6,8,27.56547619047619,33.19742063492063
79,18,3,2,2,8,8,6,27.25,28.98611111111111
79,19,1,6,1,10,1,7,26.94047619047619,24.96230158730159
79,20,7,7,6,8,3,10,27.607142857142858,36.9593253968254
79,21,3,9,10,8,4,5,27.416666666666668,40.07936507936508
79,22,5,10,5,8,9,5,27.517857142857142,43.08531746031746
79,23,3,2,3,8,8,7,27.202380952380953,30.44345238095238
79,24,2,6,6,8,6,5,27.136904761904763,33.91765873015873
79,25,3,10,10,1,7,5,27.041666666666668,36.99900793650794
79,26,3,4,5,7,4,1,27.083333333333332,29.050595238095237
79,27,5,2,8,8,6,1,27.142857142857142,34.583333333333336
79,28,7,7,5,10,10,10,27.13095238095238,44.942460317460316
79,29,5,9,5,8,3,4,27.125,36.195436507936506
79,30,5,5,5,4,1,9,27.125,25.976190476190474
79,31,3,10,4,4,7,2,26.964285714285715,33.12896825396825
79,32,8,7,6,8,4,5,27.541666666666668,39.15376984126984
79,33,7,7,5,10,3,10,27.398809523809526,38.017857142857146
79,34,3,3,10,8,3,10,27.220238095238095,33.12400793650794
79,35,3,6,3,1,7,8,26.976190476190474,26.058531746031747
79,36,5,7,1,4,9,2,27.31547619047619,32.35019841269841
79,37,5,5,5,4,7,3,26.982142857142858,32.15972222222222
79,38,3,10,4,10,9,10,27.511904761904763,41.65277777777778
79,39,8,7,8,10,5,5,27.333333333333332,43.75297619047619
79,40,7,5,5,3,9,3,26.88095238095238,35.00892857142857
79,41,3,7,3,7,4,10,27.43452380952381,30.28769841269841
79,42,5,5,8,4,3,9,27.363095238095237,31.049603174603174
79,43,8,1,9,2,4,2,27.36904761904762,29.756944444444443
79,44,7,9,8,5,9,3,27.267857142857142,43.68948412698413
79,45,3,1,9,2,4,5,27.25595238095238,25.1875
79,46,3,6,3,1,7,5,27.0,26.22519841269841
79,47,4,2,3,8,6,4,27.166666666666668,29.121031746031747
79,48,7,9,5,1,6,2,26.74404761904762,34.11309523809524
79,49,5,10,9,2,4,5,27.232142857142858,36.05853174603175
80,0,8,9,1,4,6,5,27.208333333333332,34.017857142857146
80,1,8,9,6,4,7,2,27.339285714285715,39.92559523809524
80,2,8,7,9,2,4,5,27.083333333333332,36.33134920634921
80,3,3,1,6,8,4,5,27.238095238095237,27.714285714285715
80,4,3,6,8,8,10,10,27.285714285714285,40.961309523809526
80,5,7,7,5,10,10,5,27.416666666666668,44.538690476190474
80,6,4,2,3,8,6,5,27.214285714285715,28.717261904761905
80,7,2,6,6,8,6,4,27.541666666666668,34.31547619047619
80,8,1,2,3,4,9,2,27.416666666666668,24.971230158730158
80,9,5,7,1,8,9,5,27.202380952380953,36.31944444444444
80,10,3,2,5,4,7,3,27.38095238095238,27.188492063492063
80,11,5,5,3,9,8,7,27.333333333333332,36.07936507936508
80,12,7,10,5,1,1,9,26.803571428571427,30.129960317460316
80,13,7,1,4,3,9,5,27.083333333333332,30.136904761904763
80,14,3,4,10,7,4,1,27.345238095238095,33.52480158730159
80,15,3,3,10,8,3,10,27.107142857142858,33.095238095238095
80,16,3,8,5,4,7,2,27.553571428571427,33.279761904761905
80,17,8,9,2,8,6,8,27.36904761904762,39.36904761904762
80,18,5,2,3,8,6,4,27.25595238095238,30.250992063492063
80,19,4,9,5,1,6,5,26.952380952380953,31.17361111111111
80,20,7,5,8,4,3,9,27.208333333333332,33.12896825396825
80,21,5,10,9,2,4,5,27.38095238095238,35.93650793650794
80,22,2,6,6,8,6,5,26.99404761904762,34.208333333333336
80,23,3,1,9,2,4,5,27.333333333333332,25.128968253968253
80,24,1,2,3,8,4,5,27.398809523809526,24.24702380952381
80,25,5,1,9,2,9,5,27.267857142857142,32.06448412698413
80,26,5,7,10,3,3,10,27.19047619047619,34.20039682539682
80,27,7,7,6,4,6,6,27.24404761904762,36.208333333333336
80,28,5,7,1,4,6,6,27.25595238095238,29.060515873015873
80,29,5,7,5,4,9,2,27.107142857142858,35.47519841269841
80,30,7,7,7,8,3,10,27.458333333333332,37.9375
80,31,5,7,1,4,9,2,27.636904761904763,32.31150793650794
80,32,8,9,5,4,7,2,27.083333333333332,38.604166666666664
80,33,8,7,8,7,5,5,27.714285714285715,40.67857142857143
80,34,4,10,4,4,8,3,27.398809523809526,35.65972222222222
80,35,7,5,5,3,7,2,27.31547619047619,33.06349206349206
80,36,5,5,8,4,3,10,27.761904761904763,31.086309523809526
80,37,7,7,6,8,3,9,27.303571428571427,36.94146825396825
80,38,5,5,5,4,7,3,27.160714285714285,31.927579365079364
80,39,5,10,5,8,9,5,27.464285714285715,42.94047619047619
80,40,3,9,10,5,9,3,27.178571428571427,41.729166666666664
80,41,7,9,8,8,4,5,27.50595238095238,41.86210317460318
80,42,5,2,10,4,1,1,27.13095238095238,28.09027777777778
80,43,5,5,5,8,6,1,27.523809523809526,34.870039682539684
80,44,5,9,5,1,7,2,26.797619047619047,33.089285714285715
80,45,5,5,5,7,6,5,27.767857142857142,34.22420634920635
80,46,1,2,3,8,8,7,27.43452380952381,27.94047619047619
80,47,3,2,3,1,9,5,26.863095238095237,24.050595238095237
80,48,7,7,5,10,3,10,27.333333333333332,38.17757936507937
80,49,7,7,6,8,10,10,27.154761904761905,43.598214285714285
81,0,5,1,9,4,6,5,27.50595238095238,31.139880952380953
81,1,8,9,1,2,9,5,27.410714285714285,35.19742063492063
81,2,8,7,7,3,5,2,27.36904761904762,36.06646825396825
81,3,1,2,3,4,7,5,27.595238095238095,23.24206349206349
81,4,3,6,8,8,9,3,27.50595238095238,39.87896825396825
81,5,3,5,10,5,10,10,27.333333333333332,39.120039682539684
81,6,9,1,6,8,9,2,27.273809523809526,38.7718253968254
81,7,5,7,7,4,10,5,27.61904761904762,38.96626984126984
81,8,7,5,6,8,4,5,27.125,36.19345238095238
81,9,3,1,5,3,7,2,27.273809523809526,25.000992063492063
81,10,5,2,10,2,9,5,27.345238095238095,33.955357142857146
81,11,5,1,9,6,1,1,27.077380952380953,27.87797619047619
81,12,8,7,2,2,7,2,27.24404761904762,32.007936507936506
81,13,8,9,6,4,4,5,27.357142857142858,36.801587301587304
81,14,5,8,5,7,9,2,27.351190476190474,39.85912698412698
81,15,5,7,5,4,6,5,27.226190476190474,33.22123015873016
81,16,3,3,8,8,3,9,27.25,31.018849206349206
81,17,7,1,6,8,3,10,27.202380952380953,30.799603174603174
81,18,5,10,5,8,8,5,27.446428571428573,41.78472222222222
81,19,5,2,10,4,1,1,27.261904761904763,27.66765873015873
81,20,3,2,3,8,4,5,27.327380952380953,25.961309523809526
81,21,3,1,6,1,7,4,26.833333333333332,23.932539682539684
81,22,8,9,2,8,9,2,27.077380952380953,42.43650793650794
81,23,5,7,3,4,6,8,27.202380952380953,31.12797619047619
81,24,7,5,5,8,10,5,27.345238095238095,40.961309523809526
81,25,7,7,5,2,3,2,27.375,29.946428571428573
81,26,7,7,6,8,2,10,27.285714285714285,36.09424603174603
81,27,7,5,7,8,3,9,27.011904761904763,36.176587301587304
81,28,5,9,2,8,6,8,27.351190476190474,36.192460317460316
81,29,8,10,5,2,4,5,27.291666666666668,35.24603174603175
81,30,3,9,10,1,6,5,26.541666666666668,35.107142857142854
81,31,4,9,5,7,4,1,27.547619047619047,34.20238095238095
81,32,3,2,5,4,6,2,27.696428571428573,25.66765873015873
81,33,5,7,10,4,9,3,27.452380952380953,41.12896825396825
81,34,10,9,8,8,6,6,27.214285714285715,46.842261904761905
81,35,5,7,1,8,4,5,27.303571428571427,31.33234126984127
81,36,7,10,5,3,7,5,27.339285714285715,38.2718253968254
81,37,8,7,9,2,7,2,27.178571428571427,38.90873015873016
81,38,7,10,5,7,7,3,27.101190476190474,41.92261904761905
81,39,5,5,5,1,1,9,26.55952380952381,22.99404761904762
81,40,7,5,1,7,4,6,27.541666666666668,30.21527777777778
81,41,5,7,5,3,7,2,27.345238095238095,33.117063492063494
81,42,3,8,5,4,9,2,27.428571428571427,35.02480158730159
81,43,5,7,5,4,7,5,27.458333333333332,33.086309523809526
81,44,5,1,9,4,9,2,27.488095238095237,34.13194444444444
81,45,5,7,5,2,9,5,27.238095238095237,34.10515873015873
81,46,7,9,5,1,7,2,26.982142857142858,34.94345238095238
81,47,5,7,5,10,3,10,27.238095238095237,36.026785714285715
81,48,3,2,3,8,6,5,27.517857142857142,27.779761904761905
81,49,2,6,5,4,7,3,27.357142857142858,30.29861111111111
82,0,7,5,5,8,10,7,27.357142857142858,40.83134920634921
82,1,3,5,10,5,10,8,27.321428571428573,38.923611111111114
82,2,5,6,5,8,8,5,27.363095238095237,38.041666666666664
82,3,3,8,5,4,9,2,27.375,35.01686507936508
82,4,10,2,5,4,9,2,27.303571428571427,36.2093253968254
82,5,3,8,5,4,6,2,27.178571428571427,32.17757936507937
82,6,7,7,6,8,2,1,27.107142857142858,35.69940476190476
82,7,7,7,5,2,3,4,27.446428571428573,29.86111111111111
82,8,1,2,3,9,4,3,27.416666666666668,25.1875
82,9,4,9,5,4,7,5,27.035714285714285,35.10515873015873
82,10,5,7,5,10,3,2,27.071428571428573,36.13988095238095
82,11,7,9,5,1,7,10,27.06547619047619,35.00892857142857
82,12,3,5,10,5,10,10,27.583333333333332,39.24702380952381
82,13,8,7,2,2,7,4,27.386904761904763,32.220238095238095
82,14,8,7,7,3,5,2,27.321428571428573,36.179563492063494
82,15,9,1,6,8,10,2,27.101190476190474,40.18055555555556
82,16,7,3,8,7,3,9,27.357142857142858,34.067460317460316
82,17,3,5,7,8,3,9,27.11904761904762,31.538690476190474
82,18,5,7,5,10,3,9,26.946428571428573,36.52876984126984
82,19,2,4,7,8,3,10,27.333333333333332,30.411706349206348
82,20,5,3,5,2,4,6,27.386904761904763,25.206349206349206
82,21,10,5,1,5,9,5,27.553571428571427,36.05059523809524
82,22,3,2,3,8,1,1,26.61904761904762,22.70734126984127
82,23,7,2,2,4,4,5,27.196428571428573,25.220238095238095
82,24,5,2,3,4,9,5,27.428571428571427,29.276785714285715
82,25,1,1,9,1,9,2,26.970238095238095,26.82638888888889
82,26,3,9,5,7,4,1,27.523809523809526,33.99801587301587
82,27,4,1,5,2,7,2,27.273809523809526,24.907738095238095
82,28,8,9,1,2,9,1,27.083333333333332,35.29960317460318
82,29,4,9,5,7,4,5,27.345238095238095,34.59623015873016
82,30,5,7,5,7,7,3,27.386904761904763,36.44146825396825
82,31,7,4,5,3,7,2,27.303571428571427,32.39384920634921
82,32,7,10,5,7,7,3,27.613095238095237,41.89384920634921
82,33,5,2,10,5,1,1,27.053571428571427,28.822420634920636
82,34,6,7,3,4,9,2,27.63095238095238,35.18055555555556
82,35,3,2,5,1,6,8,27.125,22.651785714285715
82,36,3,1,1,2,9,5,27.321428571428573,22.32936507936508
82,37,8,9,6,1,7,4,26.875,36.19742063492063
82,38,3,10,5,8,8,5,27.220238095238095,40.20634920634921
82,39,5,1,5,3,7,2,27.297619047619047,26.86904761904762
82,40,3,9,2,2,10,10,27.535714285714285,32.07242063492063
82,41,4,5,10,1,7,7,27.148809523809526,33.01488095238095
82,42,7,6,5,1,9,2,26.779761904761905,33.907738095238095
82,43,8,9,2,8,7,2,27.101190476190474,39.973214285714285
82,44,3,8,5,8,2,10,27.446428571428573,32.14087301587302
82,45,7,7,6,4,6,2,27.517857142857142,36.1875
82,46,5,7,5,3,7,5,27.392857142857142,32.798611111111114
82,47,7,10,7,2,9,5,27.041666666666668,40.842261904761905
82,48,5,1,9,4,7,5,27.410714285714285,32.086309523809526
82,49,6,7,3,6,9,2,27.392857142857142,36.69047619047619
83,0,10,2,5,7,1,5,27.083333333333332,31.064484126984127
83,1,5,6,5,8,9,2,27.529761904761905,39.16269841269841
83,2,10,9,5,1,7,10,26.928571428571427,38.205357142857146
83,3,7,9,5,1,7,10,26.976190476190474,35.13194444444444
83,4,7,2,2,4,4,9,27.398809523809526,25.232142857142858
83,5,5,7,5,10,3,5,27.464285714285715,35.93849206349206
83,6,7,1,5,3,7,3,27.470238095238095,29.171626984126984
83,7,4,9,5,4,7,2,27.601190476190474,35.208333333333336
83,8,10,1,9,4,7,5,27.464285714285715,37.36309523809524
83,9,5,2,4,4,7,2,27.446428571428573,28.095238095238095
83,10,3,2,3,2,4,6,27.428571428571427,20.202380952380953
83,11,5,3,5,8,1,1,27.273809523809526,27.827380952380953
83,12,3,5,10,5,10,5,27.11904761904762,37.958333333333336
83,13,10,8,1,5,9,2,27.339285714285715,39.12797619047619
83,14,7,7,5,2,3,4,27.202380952380953,30.04861111111111
83,15,7,7,5,10,2,1,27.571428571428573,36.95734126984127
83,16,5,9,2,2,7,4,27.267857142857142,30.78472222222222
83,17,8,7,5,7,4,1,27.136904761904763,36.81547619047619
83,18,3,8,5,4,6,2,27.392857142857142,31.85813492063492
83,19,2,7,3,7,3,2,27.279761904761905,28.334325396825395
83,20,3,5,5,5,10,10,27.101190476190474,33.888888888888886
83,21,3,9,2,2,10,6,26.952380952380953,32.145833333333336
83,22,5,2,3,9,4,3,27.345238095238095,28.963293650793652
83,23,1,2,3,4,9,5,27.303571428571427,25.30952380952381
83,24,5,7,5,4,3,2,27.416666666666668,30.14186507936508
83,25,7,6,5,1,9,9,27.011904761904763,33.88789682539682
83,26,3,9,2,2,7,4,27.428571428571427,29.473214285714285
83,27,8,7,5,7,4,1,27.351190476190474,36.861111111111114
83,28,9,1,5,10,10,4,27.142857142857142,41.236111111111114
83,29,5,7,6,8,10,2,27.25595238095238,42.11805555555556
83,30,8,7,2,2,3,9,27.154761904761905,28.268849206349206
83,31,5,7,5,10,7,4,27.297619047619047,39.31646825396825
83,32,7,2,5,3,8,2,27.13095238095238,31.30456349206349
83,33,5,1,2,4,4,5,27.202380952380953,22.249007936507937
83,34,7,7,6,4,3,4,27.303571428571427,32.99404761904762
83,35,7,7,3,2,6,2,27.285714285714285,31.14781746031746
83,36,7,2,10,6,1,1,26.779761904761905,32.07936507936508
83,37,5,7,5,2,3,4,27.285714285714285,28.104166666666668
83,38,3,10,6,4,6,2,27.327380952380953,35.13194444444444
83,39,7,7,5,8,8,5,27.601190476190474,41.111111111111114
83,40,3,8,5,4,6,8,27.357142857142858,32.04761904761905
83,41,3,2,5,1,6,2,26.61904761904762,23.183531746031747
83,42,4,5,1,1,7,5,27.029761904761905,24.368055555555557
83,43,4,9,6,7,4,7,27.30952380952381,35.99603174603175
83,44,9,10,7,2,9,5,27.44047619047619,43.192460317460316
83,45,7,1,6,8,10,9,27.11904761904762,37.826388888888886
83,46,7,4,10,3,7,5,27.571428571428573,36.73412698412698
83,47,5,7,5,3,7,2,27.398809523809526,33.12301587301587
83,48,7,7,5,10,3,9,27.44047619047619,37.85615079365079
83,49,5,2,2,4,4,5,27.178571428571427,23.128968253968253
84,0,3,2,5,1,10,10,26.88095238095238,27.126984126984127
84,1,3,5,5,5,6,2,27.446428571428573,29.668650793650794
84,2,7,7,3,7,8,2,27.31547619047619,37.93650793650794
84,3,2,7,3,2,6,2,27.523809523809526,26.19047619047619
84,4,7,7,3,2,7,4,27.077380952380953,32.41468253968254
84,5,5,7,5,10,6,2,27.31547619047619,38.7718253968254
84,6,7,2,10,1,6,2,27.321428571428573,31.824404761904763
84,7,3,2,5,6,9,1,27.56547619047619,30.574404761904763
84,8,7,4,5,1,1,3,26.654761904761905,24.226190476190474
84,9,5,7,6,8,10,2,27.238095238095237,42.166666666666664
84,10,3,5,5,5,10,2,27.375,34.09325396825397
84,11,5,7,6,8,10,10,27.273809523809526,41.96329365079365
84,12,5,1,2,10,3,5,27.49404761904762,27.273809523809526
84,13,7,7,1,2,4,5,27.476190476190474,27.275793650793652
84,14,9,1,5,10,10,5,27.00595238095238,41.06448412698413
84,15,10,7,5,8,8,4,27.61904761904762,44.25198412698413
84,16,10,8,5,4,6,8,27.267857142857142,38.904761904761905
84,17,3,1,2,4,7,5,27.166666666666668,23.28968253968254
84,18,5,2,3,9,4,3,27.279761904761905,29.03968253968254
84,19,5,2,2,4,4,5,27.214285714285715,23.188492063492063
84,20,5,2,5,4,7,2,26.821428571428573,29.267857142857142
84,21,4,9,2,7,4,5,27.279761904761905,32.217261904761905
84,22,7,5,2,4,4,5,27.43452380952381,28.058531746031747
84,23,3,5,10,6,10,9,27.261904761904763,39.85615079365079
84,24,5,1,2,4,7,5,27.386904761904763,25.05456349206349
84,25,4,5,1,1,4,5,26.964285714285715,21.206349206349206
84,26,10,1,6,8,10,9,27.291666666666668,41.307539682539684
84,27,5,7,9,10,7,5,27.5,43.96230158730159
84,28,3,2,5,3,8,2,27.136904761904763,27.14186507936508
84,29,7,7,5,10,3,5,27.458333333333332,38.17857142857143
84,30,10,9,5,1,4,5,26.898809523809526,34.87103174603175
84,31,2,2,2,4,7,10,27.226190476190474,23.299603174603174
84,32,9,1,4,10,10,9,27.529761904761905,40.22123015873016
84,33,7,7,5,10,3,4,27.31547619047619,37.82242063492063
84,34,3,2,5,10,7,5,27.321428571428573,33.10019841269841
84,35,5,7,3,1,6,5,26.916666666666668,27.94543650793651
84,36,5,2,3,1,4,8,26.702380952380953,21.03075396825397
84,37,10,9,5,9,4,3,27.422619047619047,42.89781746031746
84,38,3,9,2,4,10,5,27.196428571428573,33.71031746031746
84,39,5,1,2,4,4,6,27.05952380952381,22.213293650793652
84,40,10,3,3,9,4,3,27.696428571428573,35.05952380952381
84,41,5,2,5,8,1,1,27.107142857142858,26.919642857142858
84,42,5,7,6,8,10,8,27.357142857142858,41.589285714285715
84,43,4,8,5,4,6,2,27.327380952380953,33.09424603174603
84,44,3,8,5,4,4,7,27.595238095238095,30.074404761904763
84,45,4,9,6,7,6,2,27.392857142857142,38.323412698412696
84,46,9,1,5,2,7,4,27.303571428571427,29.963293650793652
84,47,3,9,6,10,10,4,27.345238095238095,44.12797619047619
84,48,7,4,10,3,7,4,27.166666666666668,36.8531746031746
84,49,7,2,5,3,8,2,27.404761904761905,31.24702380952381
85,0,5,2,3,7,8,2,27.291666666666668,31.121031746031747
85,1,7,7,3,9,4,3,27.708333333333332,36.2281746031746
85,2,7,7,1,2,4,2,27.196428571428573,27.086309523809526
85,3,7,7,3,7,8,5,27.172619047619047,38.182539682539684
85,4,9,1,4,10,10,5,27.791666666666668,40.21329365079365
85,5,7,7,5,10,10,9,27.285714285714285,45.010912698412696
85,6,10,9,5,1,4,5,26.875,35.267857142857146
85,7,10,3,3,9,4,3,27.321428571428573,34.95734126984127
85,8,3,2,5,6,4,3,27.56547619047619,26.123015873015873
85,9,10,9,5,9,8,1,27.357142857142858,47.01686507936508
85,10,7,7,5,10,8,5,27.547619047619047,43.23313492063492
85,11,5,7,3,1,6,5,27.077380952380953,28.221230158730158
85,12,7,10,5,10,4,5,27.13095238095238,41.80257936507937
85,13,7,5,2,4,3,5,27.31547619047619,27.275793650793652
85,14,7,7,1,1,4,5,26.732142857142858,26.376984126984127
85,15,6,5,3,2,7,4,27.339285714285715,29.160714285714285
85,16,9,1,5,5,6,2,27.113095238095237,32.2281746031746
85,17,3,5,5,2,8,4,27.279761904761905,29.06845238095238
85,18,7,7,1,2,6,5,27.0,29.157738095238095
85,19,5,7,4,1,4,5,26.791666666666668,27.1140873015873
85,20,3,8,6,2,6,2,27.142857142857142,30.493055555555557
85,21,2,7,5,4,4,7,27.166666666666668,28.253968253968253
85,22,5,2,6,8,4,5,27.517857142857142,30.85515873015873
85,23,7,5,2,2,10,2,27.142857142857142,31.93452380952381
85,24,7,2,3,9,4,3,27.214285714285715,31.078373015873016
85,25,5,2,10,1,6,2,26.94047619047619,30.229166666666668
85,26,7,5,2,4,7,5,27.214285714285715,31.419642857142858
85,27,5,1,5,4,4,5,27.43452380952381,24.721230158730158
85,28,4,2,5,3,8,2,27.214285714285715,28.214285714285715
85,29,7,8,5,4,6,2,27.214285714285715,36.27480158730159
85,30,3,2,5,6,9,1,27.25595238095238,30.93452380952381
85,31,7,7,5,10,3,4,27.452380952380953,38.34623015873016
85,32,5,1,5,2,9,4,27.43452380952381,28.080357142857142
85,33,9,7,6,8,10,10,27.279761904761905,45.97123015873016
85,34,7,5,2,4,4,5,27.535714285714285,28.262896825396826
85,35,2,2,10,1,6,2,26.898809523809526,27.151785714285715
85,36,3,2,5,8,8,4,27.785714285714285,32.06944444444444
85,37,10,7,5,6,9,1,27.166666666666668,42.95734126984127
85,38,7,2,10,1,4,8,26.839285714285715,30.128968253968253
85,39,5,2,3,1,6,2,26.80952380952381,23.029761904761905
85,40,3,9,6,10,10,4,27.363095238095237,44.24603174603175
85,41,3,9,1,10,10,4,27.226190476190474,39.629960317460316
85,42,5,2,2,4,6,2,27.375,24.86111111111111
85,43,4,8,5,4,4,5,27.279761904761905,31.055555555555557
85,44,5,7,3,1,6,7,26.851190476190474,28.18452380952381
85,45,7,7,1,8,10,5,27.279761904761905,39.17063492063492
85,46,4,8,5,4,7,4,27.43452380952381,34.30853174603175
85,47,9,8,5,2,6,2,27.36904761904762,36.20039682539682
85,48,4,9,2,7,4,5,27.422619047619047,31.89980158730159
85,49,3,2,5,10,7,5,27.363095238095237,33.02281746031746
86,0,9,1,5,5,6,2,27.464285714285715,31.813492063492063
86,1,5,2,3,7,8,2,27.238095238095237,31.22222222222222
86,2,7,7,1,8,7,5,27.261904761904763,36.57142857142857
86,3,3,2,3,10,10,8,27.333333333333332,34.263888888888886
86,4,7,7,3,9,4,3,27.279761904761905,35.76686507936508
86,5,3,2,5,6,4,3,27.404761904761905,26.34325396825397
86,6,3,9,2,7,4,5,27.178571428571427,31.24404761904762
86,7,4,2,5,6,9,1,27.25,31.709325396825395
86,8,5,3,1,8,10,5,27.654761904761905,33.52777777777778
86,9,7,7,3,1,6,2,27.214285714285715,29.495039682539684
86,10,4,9,2,7,4,5,27.571428571428573,32.23710317460318
86,11,10,3,5,1,4,5,27.029761904761905,28.958333333333332
86,12,6,5,3,2,7,2,27.148809523809526,29.17361111111111
86,13,5,2,3,7,8,4,27.410714285714285,31.071428571428573
86,14,7,5,3,9,4,3,27.398809523809526,34.16468253968254
86,15,10,3,3,9,4,3,27.125,34.90575396825397
86,16,7,5,6,4,10,10,27.488095238095237,38.34424603174603
86,17,9,1,4,10,4,5,27.470238095238095,34.23511904761905
86,18,7,10,5,10,4,9,27.36904761904762,42.17757936507937
86,19,7,2,3,9,4,1,27.297619047619047,30.857142857142858
86,20,7,2,3,10,10,9,27.458333333333332,38.21626984126984
86,21,7,7,5,9,4,4,27.386904761904763,37.93154761904762
86,22,5,2,5,3,8,2,27.232142857142858,29.06845238095238
86,23,4,2,6,8,3,5,27.19047619047619,29.2609126984127
86,24,10,6,4,10,10,5,27.452380952380953,46.45734126984127
86,25,9,1,3,1,4,3,26.672619047619047,23.996031746031747
86,26,5,7,4,1,4,3,26.571428571428573,27.02480158730159
86,27,3,2,4,6,7,5,27.31547619047619,28.046626984126984
86,28,7,4,5,6,3,2,27.101190476190474,30.745039682539684
86,29,6,2,3,7,8,5,27.226190476190474,32.166666666666664
86,30,7,7,1,8,10,5,27.00595238095238,39.26686507936508
86,31,4,8,5,4,4,5,26.982142857142858,31.192460317460316
86,32,7,7,8,8,6,5,27.38095238095238,42.267857142857146
86,33,5,7,3,1,9,5,27.25,31.009920634920636
86,34,5,2,10,3,8,2,27.470238095238095,34.25099206349206
86,35,4,6,5,1,6,2,27.00595238095238,27.976190476190474
86,36,7,1,4,5,10,5,27.452380952380953,32.96924603174603
86,37,9,7,7,10,8,5,27.404761904761905,47.05059523809524
86,38,3,9,3,9,4,3,27.261904761904763,34.201388888888886
86,39,10,3,6,10,10,4,27.404761904761905,44.81646825396825
86,40,2,7,3,7,8,5,27.166666666666668,33.23809523809524
86,41,3,1,6,10,10,4,27.660714285714285,35.87400793650794
86,42,4,9,10,1,4,5,27.047619047619047,34.12400793650794
86,43,2,2,2,7,4,5,27.386904761904763,23.35019841269841
86,44,3,2,7,7,4,5,27.422619047619047,28.6765873015873
86,45,4,9,5,10,7,4,27.11904761904762,41.2718253968254
86,46,7,7,10,10,10,9,27.482142857142858,49.3343253968254
86,47,7,7,5,10,3,4,27.321428571428573,38.035714285714285
86,48,10,9,5,9,8,5,27.541666666666668,47.19345238095238
86,49,4,9,2,7,4,1,27.392857142857142,31.881944444444443
87,0,7,1,4,10,7,4,27.523809523809526,35.02876984126984
87,1,4,9,5,5,10,5,27.30952380952381,38.99404761904762
87,2,10,7,3,1,9,5,26.851190476190474,36.01884920634921
87,3,5,2,10,3,8,2,27.38095238095238,34.17063492063492
87,4,4,2,10,3,8,2,27.154761904761905,33.13690476190476
87,5,5,8,5,4,4,5,27.30952380952381,32.18154761904762
87,6,7,4,5,6,4,1,27.43452380952381,32.026785714285715
87,7,4,2,3,9,3,2,27.470238095238095,27.041666666666668
87,8,9,1,5,5,4,3,27.446428571428573,29.839285714285715
87,9,7,7,3,9,6,2,27.154761904761905,37.89484126984127
87,10,4,2,6,8,4,5,27.452380952380953,29.3859126984127
87,11,2,2,2,7,3,5,27.50595238095238,22.123015873015873
87,12,3,9,2,7,5,5,27.488095238095237,32.07738095238095
87,13,7,7,3,1,6,2,27.11904761904762,30.17956349206349
87,14,5,7,9,10,8,4,27.482142857142858,44.98809523809524
87,15,4,9,5,1,4,3,27.047619047619047,29.036706349206348
87,16,4,2,6,8,4,5,27.30952380952381,30.080357142857142
87,17,2,2,2,7,3,5,27.476190476190474,22.203373015873016
87,18,7,7,5,10,7,5,27.142857142857142,41.88690476190476
87,19,7,7,1,8,3,4,27.142857142857142,32.39384920634921
87,20,7,2,2,8,4,5,27.56547619047619,29.28472222222222
87,21,2,4,5,6,8,2,27.511904761904763,31.06845238095238
87,22,10,4,9,6,3,2,27.392857142857142,38.09920634920635
87,23,7,3,5,1,4,5,26.857142857142858,25.919642857142858
87,24,7,7,3,9,4,3,27.375,36.26488095238095
87,25,7,8,5,9,3,4,27.166666666666668,37.8968253968254
87,26,7,7,5,10,4,9,27.017857142857142,39.267857142857146
87,27,7,10,5,10,3,4,27.077380952380953,41.17162698412698
87,28,4,8,5,4,4,1,27.404761904761905,31.063492063492063
87,29,6,2,5,6,9,5,27.226190476190474,34.176587301587304
87,30,7,7,1,8,10,3,27.392857142857142,39.19146825396825
87,31,7,7,3,9,4,5,27.535714285714285,36.2281746031746
87,32,4,1,5,10,4,5,27.25595238095238,30.0625
87,33,9,8,5,4,4,5,27.678571428571427,36.00992063492063
87,34,7,5,3,9,4,5,27.220238095238095,34.345238095238095
87,35,7,7,1,8,7,3,27.351190476190474,36.24801587301587
87,36,7,1,4,4,6,2,26.857142857142858,27.743055555555557
87,37,9,1,5,5,10,5,27.261904761904763,35.99305555555556
87,38,10,2,2,7,4,5,27.053571428571427,31.31845238095238
87,39,2,9,5,9,8,5,27.136904761904763,38.98511904761905
87,40,4,2,5,6,4,5,27.523809523809526,26.927579365079364
87,41,9,1,4,10,9,1,27.303571428571427,38.26984126984127
87,42,7,7,1,8,10,5,27.50595238095238,39.2718253968254
87,43,7,7,1,8,7,5,27.49404761904762,36.12103174603175
87,44,10,9,5,4,4,5,27.363095238095237,37.45238095238095
87,45,4,8,5,9,8,5,27.273809523809526,39.89980158730159
87,46,7,7,3,2,7,2,27.333333333333332,32.29761904761905
87,47,6,5,5,10,3,4,27.422619047619047,35.17063492063492
87,48,3,2,4,6,7,5,27.357142857142858,28.235119047619047
87,49,4,9,2,7,4,1,27.261904761904763,32.11011904761905
88,0,4,9,9,10,8,4,27.36904761904762,46.31944444444444
88,1,7,7,5,9,8,5,27.226190476190474,42.16170634920635
88,2,5,2,3,9,3,2,27.386904761904763,27.767857142857142
88,3,4,10,10,3,8,10,27.279761904761905,41.20734126984127
88,4,3,4,5,10,8,2,27.11904761904762,35.82936507936508
88,5,2,9,2,7,5,5,27.327380952380953,31.09325396825397
88,6,2,9,5,5,10,5,27.154761904761905,37.16468253968254
88,7,4,9,5,9,8,5,27.43452380952381,41.291666666666664
88,8,10,2,2,7,4,9,27.321428571428573,31.21825396825397
88,9,7,7,5,10,4,5,27.333333333333332,39.229166666666664
88,10,7,2,3,9,3,9,27.363095238095237,30.03174603174603
88,11,4,7,1,8,7,3,27.06547619047619,33.15079365079365
88,12,7,2,10,3,8,2,27.36904761904762,36.11507936507937
88,13,5,9,1,8,7,3,27.011904761904763,36.43551587301587
88,14,2,2,5,6,9,5,27.36904761904762,30.14980158730159
88,15,6,4,2,7,3,5,27.708333333333332,28.137896825396826
88,16,6,2,2,7,3,5,27.392857142857142,25.96527777777778
88,17,2,5,5,10,3,9,27.178571428571427,30.981150793650794
88,18,7,8,5,10,4,9,27.18452380952381,39.695436507936506
88,19,9,1,4,10,9,1,27.5,38.83134920634921
88,20,7,7,5,10,7,2,27.56547619047619,42
88,21,7,7,3,4,6,7,27.297619047619047,32.83134920634921
88,22,4,8,5,9,6,2,27.11904761904762,38.067460317460316
88,23,7,7,3,9,8,5,27.392857142857142,40.419642857142854
88,24,3,7,3,1,9,1,26.964285714285715,29.050595238095237
88,25,7,3,5,1,4,5,26.702380952380953,25.96825396825397
88,26,9,10,5,5,4,5,27.363095238095237,38.83829365079365
88,27,4,2,6,8,4,3,27.488095238095237,30.1140873015873
88,28,2,4,5,8,10,3,27.529761904761905,34.81547619047619
88,29,7,7,1,6,8,7,27.321428571428573,35.4781746031746
88,30,2,9,5,9,7,5,27.416666666666668,37.932539682539684
88,31,7,7,10,8,8,9,27.285714285714285,46.23412698412698
88,32,7,7,2,7,4,5,27.452380952380953,33.02480158730159
88,33,10,2,5,10,4,9,27.226190476190474,37.163690476190474
88,34,7,7,5,10,10,5,27.476190476190474,45.36210317460318
88,35,7,10,1,8,7,5,27.172619047619047,39.160714285714285
88,36,2,2,5,7,2,3,27.148809523809526,24.129960317460316
88,37,8,7,1,6,8,2,27.273809523809526,36.038690476190474
88,38,10,7,3,9,4,5,27.142857142857142,38.592261904761905
88,39,7,2,2,7,4,5,27.178571428571427,28.18154761904762
88,40,7,2,6,2,5,5,27.636904761904763,28.014880952380953
88,41,4,7,1,8,10,5,27.488095238095237,36.3531746031746
88,42,7,9,5,9,8,5,27.297619047619047,44.032738095238095
88,43,2,7,1,8,10,3,27.43452380952381,34.489087301587304
88,44,4,2,5,6,4,5,27.047619047619047,26.952380952380953
88,45,4,2,6,8,4,5,27.083333333333332,30.091269841269842
88,46,4,2,10,8,3,4,27.36904761904762,32.861111111111114
88,47,7,7,1,3,8,2,27.172619047619047,32.14980158730159
88,48,2,9,5,10,4,9,27.357142857142858,35.82242063492063
88,49,7,7,5,8,8,5,27.18452380952381,41.22420634920635
89,0,2,2,5,6,4,4,27.404761904761905,25.099206349206348
89,1,4,2,5,6,9,6,27.386904761904763,31.057539682539684
89,2,5,2,3,9,7,5,27.470238095238095,32.017857142857146
89,3,4,2,5,6,3,2,27.291666666666668,25.706349206349206
89,4,4,7,9,8,10,7,27.25595238095238,43.26984126984127
89,5,4,9,5,9,8,10,27.56547619047619,41.07242063492063
89,6,6,2,3,1,9,1,26.702380952380953,26.884920634920636
89,7,3,1,2,7,3,5,27.148809523809526,22.438492063492063
89,8,9,10,5,5,4,2,27.416666666666668,39.07539682539682
89,9,3,7,3,1,9,8,26.982142857142858,28.831349206349206
89,10,7,3,1,8,10,5,27.136904761904763,35.01488095238095
89,11,4,7,5,1,4,5,26.988095238095237,27.199404761904763
89,12,4,9,9,10,8,4,27.267857142857142,45.92857142857143
89,13,2,9,5,10,4,9,27.345238095238095,36.38789682539682
89,14,3,7,3,9,3,9,27.25,31.120039682539684
89,15,7,2,8,1,4,1,26.875,27.765873015873016
89,16,4,10,10,3,8,5,27.06547619047619,40.80257936507937
89,17,7,7,5,8,8,10,27.464285714285715,41.054563492063494
89,18,4,9,9,10,10,3,27.38095238095238,47.98511904761905
89,19,2,7,1,8,8,4,27.125,32.026785714285715
89,20,2,2,5,7,7,5,27.166666666666668,29.35515873015873
89,21,7,7,5,4,4,3,27.25595238095238,32.62797619047619
89,22,10,7,5,9,8,5,27.333333333333332,45.12103174603175
89,23,7,7,3,9,4,5,27.238095238095237,36.18055555555556
89,24,10,7,10,9,8,5,27.351190476190474,49.98511904761905
89,25,7,9,5,9,4,5,27.25595238095238,40.08829365079365
89,26,7,7,3,1,9,1,26.886904761904763,33.13988095238095
89,27,3,2,3,9,8,9,27.386904761904763,31.1875
89,28,7,7,1,6,8,3,27.136904761904763,34.67261904761905
89,29,4,9,1,8,7,7,27.279761904761905,35.1031746031746
89,30,4,9,5,9,8,3,27.44047619047619,41.30654761904762
89,31,7,9,5,9,2,5,27.38095238095238,37.736111111111114
89,32,7,2,1,6,9,5,27.071428571428573,31.24702380952381
89,33,2,7,3,4,4,7,27.410714285714285,26.074404761904763
89,34,2,5,1,8,5,9,27.595238095238095,27.3125
89,35,4,7,5,10,3,2,26.81547619047619,34.910714285714285
89,36,7,7,10,3,8,3,27.125,40.87599206349206
89,37,2,2,5,7,2,2,26.952380952380953,24.03968253968254
89,38,2,5,5,9,8,5,27.160714285714285,35.107142857142854
89,39,4,9,5,10,3,9,27.166666666666668,37.073412698412696
89,40,10,7,4,9,7,5,27.476190476190474,43.35813492063492
89,41,2,9,5,9,4,5,27.136904761904763,34.40376984126984
89,42,7,2,3,9,3,9,27.333333333333332,30.05456349206349
89,43,10,2,3,9,3,5,27.44047619047619,32.99404761904762
89,44,4,2,10,8,3,4,27.226190476190474,32.76190476190476
89,45,7,7,10,8,8,9,27.041666666666668,45.820436507936506
89,46,4,7,5,6,4,5,27.303571428571427,32.13690476190476
89,47,4,2,1,8,10,5,27.517857142857142,31.261904761904763
89,48,2,8,5,8,8,5,27.44047619047619,37.10912698412698
89,49,7,7,5,1,10,3,26.86904761904762,36.10218253968254
90,0,2,7,5,4,4,3,27.422619047619047,28.381944444444443
90,1,7,3,1,8,3,9,27.25,28.30654761904762
90,2,2,1,1,8,3,5,27.154761904761905,21.3640873015873
90,3,10,2,3,9,9,9,27.666666666666668,39.34623015873016
90,4,7,7,5,6,9,6,27.339285714285715,40.19047619047619
90,5,1,2,5,4,4,3,27.601190476190474,22.060515873015873
90,6,4,2,10,8,3,7,27.148809523809526,32.669642857142854
90,7,4,2,1,8,10,3,27.279761904761905,31.13293650793651
90,8,10,7,4,9,8,5,27.613095238095237,44.129960317460316
90,9,10,7,5,9,7,2,27.267857142857142,44.14781746031746
90,10,3,1,2,2,7,5,27.654761904761905,20.964285714285715
90,11,5,2,3,7,3,5,27.49404761904762,26.15674603174603
90,12,2,5,1,8,5,5,27.36904761904762,27.250992063492063
90,13,4,10,10,3,8,9,27.172619047619047,40.25694444444444
90,14,4,2,3,9,3,3,27.345238095238095,26.903769841269842
90,15,7,9,9,10,10,3,27.517857142857142,51.13194444444444
90,16,7,7,5,6,4,5,27.535714285714285,35.07142857142857
90,17,4,7,5,8,8,10,26.958333333333332,37.94444444444444
90,18,4,9,5,9,8,3,27.458333333333332,40.82242063492063
90,19,7,7,5,4,4,10,27.220238095238095,33.06349206349206
90,20,10,9,5,9,4,5,27.071428571428573,43.232142857142854
90,21,2,7,5,9,8,5,27.428571428571427,36.83531746031746
90,22,7,7,5,9,8,3,27.142857142857142,42.05357142857143
90,23,4,9,3,9,4,5,27.053571428571427,34.926587301587304
90,24,2,2,5,7,2,7,27.148809523809526,24.10515873015873
90,25,4,7,9,8,4,2,27.208333333333332,37.99801587301587
90,26,4,4,5,10,4,9,27.392857142857142,33.236111111111114
90,27,2,7,6,10,6,2,27.267857142857142,36.98115079365079
90,28,2,7,3,9,7,5,27.386904761904763,33.88095238095238
90,29,7,3,1,8,3,9,27.226190476190474,28.580357142857142
90,30,7,3,1,8,4,7,27.720238095238095,29.356150793650794
90,31,2,7,3,4,10,5,27.363095238095237,31.703373015873016
90,32,4,7,5,1,4,6,26.75,27.025793650793652
90,33,7,3,1,8,10,5,27.375,35.12599206349206
90,34,4,7,5,1,4,5,27.041666666666668,27.307539682539684
90,35,4,9,1,8,8,7,27.18452380952381,35.99107142857143
90,36,10,7,4,9,4,6,27.464285714285715,40.198412698412696
90,37,7,7,3,9,7,5,27.113095238095237,38.955357142857146
90,38,4,10,6,8,10,7,27.19047619047619,44.14484126984127
90,39,4,7,10,3,8,5,27.13095238095238,37.56051587301587
90,40,4,9,1,9,8,5,27.220238095238095,37.25694444444444
90,41,10,7,5,8,7,7,27.482142857142858,42.93948412698413
90,42,2,9,5,9,8,7,27.452380952380953,38.94444444444444
90,43,2,5,5,10,4,9,27.476190476190474,32.31845238095238
90,44,4,7,1,6,4,8,27.392857142857142,28.123015873015873
90,45,3,7,3,1,9,5,26.93452380952381,29.107142857142858
90,46,2,7,1,8,7,7,27.345238095238095,31.496031746031747
90,47,4,9,1,8,8,4,27.291666666666668,36.176587301587304
90,48,7,10,1,9,10,5,27.178571428571427,43.0218253968254
90,49,7,10,5,8,9,10,27.392857142857142,44.84126984126984
91,0,10,2,3,8,4,2,27.267857142857142,32.87896825396825
91,1,4,7,9,9,9,9,27.18452380952381,43.6031746031746
91,2,2,5,5,10,4,3,27.083333333333332,32.04365079365079
91,3,7,9,9,10,10,9,27.43452380952381,51.21230158730159
91,4,10,7,5,9,4,5,27.327380952380953,41.17162698412698
91,5,7,7,5,6,4,5,27.238095238095237,35.09126984126984
91,6,4,3,3,4,10,5,27.041666666666668,30.124007936507937
91,7,4,7,8,8,10,5,27.220238095238095,42.976190476190474
91,8,2,5,1,8,5,5,27.19047619047619,27.01984126984127
91,9,10,7,4,9,8,5,27.458333333333332,44.1875
91,10,7,9,1,8,2,9,27.267857142857142,33.276785714285715
91,11,6,3,5,10,10,6,27.416666666666668,40.070436507936506
91,12,2,4,5,9,8,5,27.238095238095237,33.75
91,13,6,7,4,9,8,5,27.172619047619047,39.907738095238095
91,14,4,9,3,9,4,5,27.464285714285715,35.23412698412698
91,15,3,1,2,2,7,5,27.428571428571427,21.185515873015873
91,16,7,7,3,6,4,5,27.547619047619047,33.14484126984127
91,17,3,1,3,1,9,6,26.958333333333332,23.428571428571427
91,18,2,2,5,10,9,9,26.821428571428573,33.29960317460318
91,19,10,2,3,9,4,9,27.410714285714285,34.15575396825397
91,20,4,9,3,7,3,5,27.410714285714285,32.13690476190476
91,21,7,2,3,9,4,5,27.398809523809526,31.348214285714285
91,22,2,5,5,10,10,9,27.267857142857142,38.107142857142854
91,23,10,7,5,8,7,7,27.011904761904763,43.08234126984127
91,24,2,7,3,4,8,7,27.053571428571427,30.2390873015873
91,25,10,9,1,8,10,5,27.398809523809526,44.12301587301587
91,26,7,10,3,9,7,5,27.452380952380953,42.24603174603175
91,27,7,8,5,8,9,10,27.077380952380953,43.12599206349206
91,28,4,9,1,9,8,5,27.553571428571427,37.413690476190474
91,29,4,7,5,9,8,5,27.339285714285715,39.01686507936508
91,30,7,7,5,9,8,5,27.392857142857142,42.044642857142854
91,31,5,2,3,7,3,3,27.19047619047619,25.978174603174605
91,32,6,2,10,8,3,5,27.410714285714285,35.169642857142854
91,33,5,2,3,7,3,7,27.25595238095238,26.192460317460316
91,34,1,1,5,4,4,8,27.488095238095237,20.55456349206349
91,35,4,7,5,8,8,3,27.351190476190474,38.12896825396825
91,36,7,3,1,6,7,9,27.297619047619047,30.28174603174603
91,37,4,7,5,8,9,10,27.220238095238095,39.19642857142857
91,38,2,1,3,9,3,3,27.482142857142858,24.253968253968253
91,39,7,2,1,8,3,5,27.226190476190474,27.188492063492063
91,40,10,9,5,9,7,5,27.232142857142858,45.90079365079365
91,41,3,1,2,2,4,5,27.345238095238095,17.995039682539684
91,42,7,7,1,6,7,8,27.261904761904763,34.23412698412698
91,43,4,7,5,9,8,3,27.43452380952381,39.02480158730159
91,44,4,4,5,10,3,5,27.392857142857142,31.966269841269842
91,45,2,1,1,8,4,9,27.50595238095238,22.223214285714285
91,46,5,2,3,7,3,5,27.136904761904763,26.254960317460316
91,47,3,7,3,1,9,5,26.875,29.206349206349206
91,48,2,1,1,8,3,9,27.31547619047619,21.427579365079364
91,49,7,3,1,6,3,5,27.452380952380953,26.28769841269841
92,0,10,9,5,9,7,5,27.101190476190474,46.17460317460318
92,1,10,2,3,9,4,4,27.18452380952381,34.04662698412698
92,2,7,9,3,3,4,9,27.279761904761905,32.098214285714285
92,3,2,1,1,8,2,9,27.035714285714285,20.083333333333332
92,4,4,9,3,9,4,5,27.13095238095238,35.12103174603175
92,5,2,1,3,9,3,3,27.386904761904763,24.053571428571427
92,6,2,7,5,6,2,5,26.958333333333332,28.353174603174605
92,7,7,1,3,9,3,3,27.077380952380953,28.870039682539684
92,8,3,1,3,1,9,6,26.839285714285715,23.057539682539684
92,9,10,2,3,8,4,7,27.50595238095238,33.166666666666664
92,10,2,1,1,9,5,9,27.148809523809526,24.276785714285715
92,11,10,2,3,8,4,9,27.339285714285715,32.9781746031746
92,12,3,1,2,5,7,5,27.452380952380953,24.061507936507937
92,13,4,9,1,5,4,5,27.44047619047619,28.938492063492063
92,14,7,8,5,4,10,5,27.05952380952381,40.067460317460316
92,15,4,5,8,8,9,10,27.285714285714285,40.095238095238095
92,16,5,2,3,8,10,5,27.18452380952381,34.21924603174603
92,17,4,7,8,7,3,5,26.99404761904762,34.78373015873016
92,18,7,7,5,8,9,10,27.410714285714285,42.18452380952381
92,19,7,3,5,9,8,5,27.446428571428573,38.18154761904762
92,20,10,9,9,6,9,5,27.404761904761905,49.10615079365079
92,21,3,7,5,9,5,5,27.452380952380953,34.833333333333336
92,22,10,7,5,8,7,2,27.607142857142858,43.25198412698413
92,23,10,7,5,8,7,7,27.303571428571427,43.15873015873016
92,24,7,8,5,8,9,10,27.357142857142858,42.901785714285715
92,25,7,10,3,9,10,5,27.55952380952381,45.03472222222222
92,26,4,5,9,8,10,5,27.363095238095237,41.708333333333336
92,27,4,7,8,9,9,9,27.553571428571427,43.17460317460318
92,28,2,2,5,9,8,5,27.214285714285715,32.14384920634921
92,29,4,9,1,10,9,6,27.589285714285715,39.02579365079365
92,30,4,7,5,8,2,9,27.303571428571427,32.257936507936506
92,31,7,9,1,8,8,3,27.333333333333332,38.50297619047619
92,32,7,7,3,4,4,8,27.375,30.96527777777778
92,33,1,1,5,9,4,2,27.702380952380953,26.21825396825397
92,34,4,7,5,7,3,7,27.339285714285715,32.15079365079365
92,35,5,2,3,8,5,10,27.11904761904762,29.410714285714285
92,36,2,7,5,8,9,10,27.404761904761905,37.22222222222222
92,37,2,2,5,10,9,9,27.25595238095238,33.78075396825397
92,38,7,2,5,10,9,5,27.392857142857142,38.817460317460316
92,39,2,10,7,9,7,5,27.416666666666668,41.12400793650794
92,40,3,7,3,1,9,7,26.952380952380953,28.916666666666668
92,41,5,2,3,7,3,5,27.410714285714285,26.12797619047619
92,42,4,7,5,8,8,3,27.410714285714285,38.044642857142854
92,43,7,7,5,8,8,3,27.386904761904763,41.4593253968254
92,44,2,2,5,10,7,7,27.31547619047619,32.43551587301587
92,45,10,7,5,5,9,4,27.178571428571427,42.26686507936508
92,46,1,1,5,9,4,5,27.273809523809526,25.36904761904762
92,47,10,2,3,4,4,8,27.410714285714285,29.110119047619047
92,48,7,9,9,10,10,9,27.291666666666668,51.12301587301587
92,49,7,3,1,9,10,9,27.208333333333332,36.37400793650794
93,0,2,2,5,10,7,2,27.43452380952381,32.298611111111114
93,1,2,7,5,8,5,7,27.267857142857142,33.30257936507937
93,2,7,9,9,10,10,5,27.75,50.879960317460316
93,3,7,3,5,9,8,5,27.517857142857142,38.1656746031746
93,4,3,7,1,1,4,9,26.988095238095237,22.354166666666668
93,5,7,9,3,3,9,6,27.261904761904763,37.03174603174603
93,6,8,7,5,7,2,5,27.017857142857142,35.20436507936508
93,7,9,2,3,3,5,3,27.571428571428573,27.93452380952381
93,8,3,1,2,5,7,7,27.160714285714285,24.258928571428573
93,9,10,7,5,8,7,5,27.511904761904763,43.39087301587302
93,10,4,7,5,8,10,9,27.261904761904763,39.87103174603175
93,11,7,9,9,10,2,9,27.24404761904762,42.81150793650794
93,12,10,2,3,4,4,8,27.398809523809526,28.995039682539684
93,13,2,1,1,9,5,9,27.226190476190474,24.194444444444443
93,14,2,7,3,8,4,7,27.142857142857142,30.258928571428573
93,15,10,2,5,6,2,9,27.31547619047619,30.862103174603174
93,16,4,7,5,8,9,10,27.297619047619047,38.642857142857146
93,17,7,7,5,7,3,7,27.11904761904762,35.19047619047619
93,18,8,7,5,1,9,6,26.696428571428573,36.132936507936506
93,19,3,1,3,8,9,10,27.333333333333332,30.003968253968253
93,20,7,7,8,9,9,9,27.529761904761905,45.99702380952381
93,21,4,7,5,8,9,10,27.452380952380953,38.97718253968254
93,22,4,9,3,8,4,7,27.446428571428573,33.75992063492063
93,23,10,2,3,10,9,6,27.327380952380953,39.99007936507937
93,24,7,9,3,3,4,10,27.31547619047619,32.01984126984127
93,25,4,5,8,8,9,9,27.029761904761905,40.03769841269841
93,26,5,3,5,8,8,9,27.553571428571427,35.1656746031746
93,27,1,1,2,9,5,5,27.535714285714285,23.80952380952381
93,28,10,7,5,7,9,10,26.976190476190474,44.101190476190474
93,29,2,7,5,5,2,1,27.220238095238095,27.142857142857142
93,30,5,2,3,8,5,10,27.172619047619047,28.705357142857142
93,31,4,5,8,8,9,10,27.392857142857142,40.17460317460318
93,32,1,1,5,8,9,10,27.226190476190474,30.224206349206348
93,33,7,7,5,9,4,2,27.297619047619047,37.523809523809526
93,34,10,7,5,8,7,2,27.470238095238095,42.826388888888886
93,35,7,9,3,3,4,9,27.273809523809526,32.28968253968254
93,36,5,3,5,10,9,9,27.375,37.955357142857146
93,37,2,2,3,4,5,10,27.357142857142858,22.199404761904763
93,38,4,8,5,10,8,3,27.232142857142858,41.08531746031746
93,39,7,6,1,5,3,6,27.291666666666668,27.900793650793652
93,40,7,7,9,10,10,9,27.375,49.13194444444444
93,41,7,9,9,10,10,3,26.773809523809526,51.120039682539684
93,42,7,9,9,8,5,10,27.49404761904762,43.67063492063492
93,43,5,2,3,10,10,9,27.172619047619047,36.13690476190476
93,44,7,1,5,1,7,5,27.047619047619047,26.96825396825397
93,45,10,9,3,9,3,3,27.154761904761905,40.02777777777778
93,46,4,9,9,9,4,7,27.273809523809526,40.986111111111114
93,47,10,7,5,8,7,1,27.25595238095238,42.95039682539682
93,48,2,2,5,1,2,5,26.976190476190474,18.25
93,49,4,1,5,10,9,9,27.398809523809526,35.42559523809524
94,0,5,7,3,8,4,10,27.55952380952381,33.223214285714285
94,1,4,7,5,8,9,7,27.30952380952381,39.10218253968254
94,2,7,7,5,10,7,2,27.226190476190474,42.25
94,3,2,2,9,3,10,9,26.863095238095237,31.689484126984127
94,4,7,5,8,8,9,10,27.297619047619047,42.467261904761905
94,5,4,7,8,9,9,9,27.31547619047619,42.948412698412696
94,6,5,2,3,10,10,9,26.928571428571427,36.273809523809526
94,7,10,1,1,9,5,9,26.946428571428573,31.47222222222222
94,8,10,7,5,1,9,4,27.023809523809526,37.97519841269841
94,9,8,7,5,7,9,10,27.339285714285715,42.3343253968254
94,10,10,7,5,1,7,5,27.041666666666668,36.20238095238095
94,11,7,1,5,7,1,1,26.976190476190474,26.373015873015873
94,12,5,5,8,8,2,3,27.029761904761905,34.092261904761905
94,13,7,9,9,10,10,10,27.095238095238095,50.958333333333336
94,14,4,9,5,8,9,6,26.982142857142858,41.23313492063492
94,15,8,7,5,3,9,10,27.49404761904762,37.98015873015873
94,16,7,9,1,10,9,6,26.970238095238095,42.32738095238095
94,17,10,2,3,8,5,4,27.351190476190474,34.007936507936506
94,18,4,8,5,8,5,7,27.452380952380953,35.669642857142854
94,19,2,7,5,10,8,3,27.035714285714285,37.76190476190476
94,20,4,7,9,9,4,7,27.517857142857142,38.85615079365079
94,21,4,9,5,10,9,10,27.160714285714285,43.25
94,22,7,3,3,3,9,9,27.422619047619047,31.339285714285715
94,23,3,7,1,1,4,7,26.541666666666668,22.206349206349206
94,24,7,1,5,5,1,1,26.86904761904762,24.831349206349206
94,25,2,7,5,1,7,5,26.654761904761905,28.080357142857142
94,26,7,7,5,7,1,7,26.898809523809526,32.91269841269841
94,27,2,7,3,8,4,7,27.327380952380953,30.467261904761905
94,28,7,10,3,4,5,10,27.202380952380953,35.22222222222222
94,29,2,2,8,9,9,9,27.345238095238095,36.09027777777778
94,30,7,9,9,8,5,5,27.398809523809526,44.173611111111114
94,31,7,3,1,9,8,10,27.511904761904763,33.91765873015873
94,32,4,7,5,8,7,2,27.333333333333332,37.14484126984127
94,33,10,7,5,8,9,10,27.172619047619047,44.85813492063492
94,34,7,1,5,10,10,5,27.172619047619047,39.182539682539684
94,35,7,8,9,8,7,5,27.488095238095237,45.26488095238095
94,36,1,9,3,9,3,4,27.476190476190474,31.194444444444443
94,37,10,1,5,8,9,10,27.107142857142858,38.91468253968254
94,38,1,7,5,2,9,10,27.321428571428573,30.26388888888889
94,39,4,7,5,8,2,5,27.208333333333332,32.05555555555556
94,40,7,2,5,10,7,2,27.36904761904762,37.06349206349206
94,41,2,6,1,8,3,6,27.428571428571427,26.32936507936508
94,42,5,2,9,10,9,6,27.511904761904763,41.25595238095238
94,43,7,9,8,3,10,9,27.279761904761905,42.9156746031746
94,44,7,9,9,8,7,1,27.023809523809526,46.01686507936508
94,45,10,7,5,8,5,10,27.375,40.96626984126984
94,46,7,7,5,9,4,2,27.297619047619047,37.93551587301587
94,47,7,9,9,10,10,5,27.660714285714285,50.81150793650794
94,48,2,3,5,10,7,2,27.285714285714285,32.49702380952381
94,49,2,2,5,8,5,7,27.303571428571427,28.129960317460316
95,0,4,7,5,8,5,10,27.625,34.660714285714285
95,1,7,9,9,10,10,5,27.61904761904762,51.06944444444444
95,2,2,7,3,2,4,5,27.220238095238095,24.245039682539684
95,3,7,1,1,8,7,7,27.202380952380953,30.37797619047619
95,4,7,1,5,5,1,1,27.05952380952381,25.011904761904763
95,5,7,7,5,10,7,2,27.202380952380953,42.157738095238095
95,6,7,9,9,8,5,7,27.25,43.49007936507937
95,7,4,5,5,8,9,5,27.398809523809526,37.080357142857146
95,8,4,7,8,8,4,10,27.422619047619047,36.48809523809524
95,9,5,7,3,9,9,9,27.458333333333332,38.97718253968254
95,10,2,7,3,8,4,7,27.56547619047619,30.21031746031746
95,11,1,7,5,2,9,10,27.095238095238095,30.20436507936508
95,12,7,2,5,9,7,2,27.214285714285715,36.12896825396825
95,13,7,7,5,10,7,7,27.529761904761905,41.55257936507937
95,14,4,7,5,8,9,10,27.136904761904763,38.74107142857143
95,15,7,5,8,8,7,2,27.18452380952381,41.12103174603175
95,16,10,1,5,8,9,10,27.49404761904762,38.76289682539682
95,17,2,3,5,10,7,2,27.208333333333332,33.13392857142857
95,18,10,3,5,8,9,7,27.56547619047619,41.25
95,19,4,7,5,8,9,10,27.285714285714285,39.13492063492063
95,20,10,1,5,8,8,10,27.43452380952381,38.27777777777778
95,21,7,3,1,9,9,10,27.43452380952381,35.451388888888886
95,22,7,1,5,10,9,9,27.321428571428573,38.0406746031746
95,23,4,7,8,9,10,5,27.511904761904763,43.848214285714285
95,24,7,1,5,10,3,6,27.279761904761905,31.84325396825397
95,25,5,2,1,10,10,5,27.202380952380953,34.47718253968254
95,26,2,2,8,8,2,3,27.30952380952381,28.121031746031747
95,27,5,5,7,9,9,9,27.49404761904762,40.42857142857143
95,28,4,7,5,8,6,9,27.25,36.19940476190476
95,29,5,2,3,10,10,2,27.339285714285715,36.114087301587304
95,30,4,8,1,9,9,6,27.482142857142858,37.39980158730159
95,31,7,9,5,8,5,7,27.553571428571427,40.18353174603175
95,32,7,1,5,7,1,4,26.916666666666668,27.271825396825395
95,33,10,6,5,1,9,1,26.714285714285715,37.142857142857146
95,34,10,2,5,6,5,7,27.125,33.67559523809524
95,35,2,2,3,8,5,4,27.702380952380953,25.927579365079364
95,36,10,1,1,9,5,9,27.101190476190474,32.60019841269841
95,37,2,7,3,8,4,7,27.464285714285715,30.098214285714285
95,38,2,7,5,10,8,2,27.303571428571427,38.11011904761905
95,39,7,7,5,10,7,3,27.31547619047619,42.217261904761905
95,40,2,2,8,8,5,10,27.44047619047619,31.04861111111111
95,41,10,7,5,9,9,9,27.482142857142858,45.75297619047619
95,42,4,7,4,8,7,5,27.226190476190474,36.029761904761905
95,43,7,9,9,8,5,2,27.452380952380953,44.09027777777778
95,44,7,9,3,8,4,10,27.273809523809526,37.21626984126984
95,45,10,1,9,8,5,5,27.345238095238095,37.160714285714285
95,46,7,10,5,7,2,5,27.06547619047619,37.19047619047619
95,47,4,7,3,4,5,10,27.583333333333332,28.86904761904762
95,48,5,7,5,1,6,9,26.761904761904763,30.224206349206348
95,49,5,2,4,10,10,4,27.416666666666668,37.43551587301587
96,0,5,3,3,6,5,7,27.18452380952381,28.339285714285715
96,1,10,2,5,9,9,9,27.607142857142858,41.08829365079365
96,2,5,2,1,8,2,9,27.220238095238095,24.299603174603174
96,3,2,2,8,1,10,5,26.827380952380953,29.003968253968253
96,4,7,7,5,10,7,3,27.553571428571427,42.17063492063492
96,5,7,2,5,9,7,2,27.36904761904762,35.94444444444444
96,6,4,7,4,5,1,1,26.851190476190474,27.172619047619047
96,7,7,1,2,8,7,5,27.351190476190474,31.196428571428573
96,8,4,5,5,10,7,2,27.06547619047619,36.692460317460316
96,9,7,7,3,8,9,5,27.220238095238095,40.49007936507937
96,10,7,2,4,10,10,4,27.398809523809526,39.11805555555556
96,11,5,1,5,5,3,9,27.56547619047619,24.677579365079364
96,12,7,3,1,9,9,10,27.31547619047619,35.21527777777778
96,13,7,7,5,10,7,2,27.351190476190474,42.15972222222222
96,14,10,7,5,8,10,7,27.232142857142858,45.95734126984127
96,15,7,9,5,8,5,10,27.24404761904762,39.8968253968254
96,16,5,9,3,8,7,2,27.172619047619047,37.96825396825397
96,17,7,7,5,10,7,2,27.333333333333332,41.79960317460318
96,18,7,1,1,9,5,6,27.577380952380953,29.25297619047619
96,19,7,1,2,10,3,9,27.345238095238095,29.134920634920636
96,20,7,1,5,10,9,5,27.511904761904763,38.29563492063492
96,21,7,1,5,10,9,4,27.220238095238095,37.99007936507937
96,22,4,7,4,8,7,9,27.446428571428573,36.125
96,23,5,7,5,1,6,5,26.845238095238095,30.30456349206349
96,24,10,7,5,8,7,2,27.30952380952381,42.96626984126984
96,25,4,7,4,9,9,9,27.553571428571427,39.36210317460318
96,26,4,3,1,9,9,5,27.416666666666668,32.304563492063494
96,27,2,7,3,2,4,2,27.31547619047619,24.018849206349206
96,28,5,10,1,10,10,5,27.541666666666668,42.279761904761905
96,29,2,3,5,10,7,2,27.458333333333332,33.16468253968254
96,30,2,5,8,8,7,2,27.607142857142858,35.854166666666664
96,31,7,8,8,8,2,3,27.363095238095237,39.23313492063492
96,32,4,7,8,8,4,10,27.511904761904763,37.06944444444444
96,33,4,7,8,9,10,5,27.154761904761905,44.333333333333336
96,34,4,7,8,8,5,9,27.261904761904763,37.81448412698413
96,35,5,7,7,9,4,6,26.976190476190474,38.017857142857146
96,36,7,2,5,7,5,10,27.351190476190474,32.14384920634921
96,37,4,5,5,9,7,2,27.36904761904762,36.173611111111114
96,38,4,3,5,8,5,10,27.678571428571427,30.970238095238095
96,39,5,2,1,10,10,5,27.321428571428573,34.317460317460316
96,40,7,9,9,10,10,5,27.636904761904763,51.10218253968254
96,41,7,9,9,8,7,7,27.69047619047619,46.25595238095238
96,42,2,2,3,8,7,7,27.154761904761905,28.046626984126984
96,43,7,7,5,3,5,4,27.386904761904763,32.62301587301587
96,44,2,7,2,8,4,9,27.089285714285715,28.988095238095237
96,45,7,1,5,10,9,2,27.125,37.736111111111114
96,46,7,1,5,10,9,9,27.166666666666668,38.129960317460316
96,47,2,7,3,8,4,7,27.44047619047619,30.18154761904762
96,48,4,7,4,8,7,8,27.458333333333332,35.951388888888886
96,49,2,2,8,8,5,4,27.56547619047619,31.143849206349206
97,0,7,4,5,1,6,5,26.74404761904762,29.139880952380953
97,1,5,7,5,10,9,9,27.386904761904763,42.19444444444444
97,2,1,9,9,8,3,9,27.74404761904762,36.14087301587302
97,3,7,1,2,10,4,6,27.261904761904763,30.28968253968254
97,4,2,7,3,2,4,7,27.178571428571427,23.728174603174605
97,5,2,7,3,8,4,2,27.220238095238095,29.796626984126984
97,6,7,5,5,9,7,2,27.297619047619047,39.09623015873016
97,7,4,1,5,1,9,2,27.083333333333332,25.791666666666668
97,8,7,2,1,8,2,9,27.410714285714285,26.591269841269842
97,9,5,2,1,9,7,2,27.261904761904763,30.384920634920636
97,10,7,7,5,3,3,9,27.452380952380953,31.075396825396826
97,11,5,1,5,5,5,4,27.422619047619047,27.226190476190474
97,12,10,2,5,10,9,5,27.291666666666668,41.79563492063492
97,13,7,1,5,9,9,9,27.327380952380953,37.16765873015873
97,14,6,4,9,8,4,10,27.63095238095238,37.00396825396825
97,15,2,7,8,8,7,7,27.511904761904763,37.96329365079365
97,16,7,1,5,1,7,5,26.910714285714285,27.169642857142858
97,17,7,1,2,8,9,9,27.291666666666668,32.96031746031746
97,18,10,7,5,8,10,5,27.25,46.15972222222222
97,19,7,1,5,10,9,7,27.446428571428573,37.970238095238095
97,20,7,7,5,10,7,2,27.357142857142858,42.10615079365079
97,21,7,1,1,6,5,6,27.011904761904763,26.32043650793651
97,22,4,7,8,8,4,10,27.303571428571427,36.45634920634921
97,23,4,7,3,2,4,2,27.452380952380953,26.189484126984127
97,24,5,2,2,10,3,9,27.404761904761905,28.22519841269841
97,25,7,9,1,9,2,9,27.30952380952381,34.28769841269841
97,26,4,7,4,8,10,5,27.125,39.36904761904762
97,27,4,7,8,9,7,8,27.11904761904762,41.15079365079365
97,28,2,2,1,8,2,9,27.19047619047619,21.403769841269842
97,29,5,7,3,8,4,7,27.452380952380953,33.33531746031746
97,30,7,7,5,10,7,2,27.238095238095237,42.00595238095238
97,31,7,7,3,8,9,5,27.595238095238095,40.09126984126984
97,32,7,10,1,10,10,5,27.166666666666668,44.294642857142854
97,33,5,2,2,10,3,9,27.38095238095238,28.20138888888889
97,34,7,7,6,10,7,5,27.363095238095237,43.07936507936508
97,35,2,2,4,1,10,2,27.095238095238095,24.303571428571427
97,36,10,7,7,8,4,8,27.696428571428573,41.66170634920635
97,37,2,7,3,10,4,2,27.226190476190474,32.24702380952381
97,38,2,7,5,9,7,1,26.982142857142858,35.99007936507937
97,39,4,5,3,2,4,2,27.43452380952381,24.293650793650794
97,40,7,7,5,8,7,5,27.398809523809526,40.18452380952381
97,41,5,9,3,10,7,3,27.06547619047619,40.02876984126984
97,42,7,1,5,10,9,2,27.303571428571427,38.044642857142854
97,43,4,7,4,8,7,9,27.279761904761905,36.3125
97,44,7,9,9,10,10,10,27.357142857142858,51.19146825396825
97,45,4,7,8,8,4,5,27.238095238095237,36.82936507936508
97,46,5,2,5,8,8,7,27.44047619047619,34.25396825396825
97,47,10,7,1,8,2,9,27.089285714285715,34.23412698412698
97,48,8,7,6,9,5,10,27.172619047619047,41.15079365079365
97,49,7,9,5,8,10,5,27.43452380952381,45.08730158730159
98,0,2,2,1,9,2,9,27.297619047619047,21.99404761904762
98,1,7,9,3,5,7,9,27.785714285714285,37.06448412698413
98,2,2,1,8,8,7,7,27.44047619047619,31.942460317460316
98,3,2,7,5,1,7,5,26.767857142857142,27.743055555555557
98,4,10,2,5,4,9,4,27.553571428571427,35.495039682539684
98,5,5,1,5,5,5,5,27.535714285714285,26.827380952380953
98,6,5,2,2,10,9,5,27.303571428571427,33.76587301587302
98,7,7,10,1,3,3,9,27.49404761904762,30.276785714285715
98,8,5,2,9,8,5,9,27.232142857142858,35.01190476190476
98,9,1,9,2,10,3,9,27.38095238095238,31.36706349206349
98,10,2,7,3,10,4,2,27.541666666666668,32.17162698412698
98,11,2,7,3,10,4,2,27.446428571428573,32.05952380952381
98,12,6,9,5,5,9,9,27.029761904761905,40.032738095238095
98,13,7,1,4,6,6,5,27.339285714285715,30.165674603174605
98,14,2,7,3,9,2,9,27.339285714285715,29.150793650793652
98,15,7,9,1,2,4,7,27.041666666666668,29.088293650793652
98,16,4,8,5,9,7,2,27.333333333333332,38.62698412698413
98,17,7,5,3,2,4,2,27.345238095238095,26.90575396825397
98,18,7,2,2,10,9,9,27.357142857142858,36.135912698412696
98,19,1,1,5,10,9,7,27.458333333333332,32.169642857142854
98,20,7,1,2,8,9,9,27.071428571428573,33.201388888888886
98,21,7,9,9,10,10,10,27.44047619047619,50.93452380952381
98,22,7,5,3,2,4,2,27.428571428571427,27.129960317460316
98,23,4,1,2,10,4,6,27.172619047619047,26.92956349206349
98,24,2,2,4,1,10,5,26.833333333333332,25.275793650793652
98,25,7,9,5,8,10,2,27.261904761904763,45.12103174603175
98,26,2,2,4,8,4,5,27.095238095238095,26.015873015873016
98,27,4,7,8,1,10,2,26.976190476190474,35.904761904761905
98,28,2,7,1,8,4,10,27.535714285714285,28.69047619047619
98,29,6,4,9,8,2,9,27.351190476190474,35.242063492063494
98,30,7,7,5,10,7,2,27.416666666666668,42.173611111111114
98,31,7,7,5,8,10,5,27.333333333333332,43.09424603174603
98,32,5,2,2,8,9,5,27.25595238095238,32.23710317460318
98,33,7,7,3,10,3,9,27.142857142857142,36.10912698412698
98,34,5,7,3,8,8,7,27.178571428571427,37.43055555555556
98,35,5,2,5,8,4,7,27.196428571428573,30.245039682539684
98,36,7,10,1,10,10,3,27.095238095238095,44.16865079365079
98,37,5,4,2,10,3,9,27.529761904761905,30.264880952380953
98,38,5,2,2,10,1,2,27.101190476190474,26.09722222222222
98,39,2,5,3,10,3,9,27.107142857142858,28.782738095238095
98,40,7,7,3,10,4,2,27.172619047619047,36.80654761904762
98,41,2,7,6,10,7,2,27.345238095238095,38.12400793650794
98,42,7,2,1,8,9,5,27.49404761904762,33.41269841269841
98,43,1,1,5,10,2,9,27.154761904761905,24.991071428571427
98,44,7,2,1,8,7,7,27.11904761904762,31.46031746031746
98,45,2,7,8,8,2,9,27.041666666666668,33.22123015873016
98,46,5,9,3,10,5,5,27.154761904761905,38.24603174603175
98,47,7,7,3,8,9,8,27.50595238095238,40.05059523809524
98,48,7,7,4,8,7,9,27.297619047619047,39.154761904761905
98,49,4,1,5,9,9,9,27.291666666666668,34.00099206349206
99,0,7,7,3,10,3,9,27.410714285714285,36.41468253968254
99,1,9,7,3,5,7,9,27.357142857142858,36.8968253968254
99,2,2,7,3,8,8,7,27.583333333333332,34.26587301587302
99,3,5,7,1,8,4,10,27.148809523809526,31.35218253968254
99,4,5,2,5,8,7,7,27.24404761904762,33.37202380952381
99,5,2,1,8,10,1,2,26.99404761904762,27.316468253968253
99,6,7,9,9,2,4,9,27.24404761904762,37.06349206349206
99,7,7,1,2,8,9,7,27.529761904761905,33.22123015873016
99,8,7,2,1,8,4,5,27.035714285714285,28.31845238095238
99,9,7,5,3,2,9,5,27.339285714285715,32.132936507936506
99,10,7,2,1,8,9,5,27.154761904761905,33.36507936507937
99,11,5,2,2,8,7,7,27.339285714285715,30.249007936507937
99,12,10,2,5,10,3,9,27.410714285714285,36.198412698412696
99,13,5,4,2,4,9,4,27.125,30.456349206349206
99,14,7,2,1,8,9,5,27.577380952380953,33.39384920634921
99,15,7,5,6,2,3,2,27.392857142857142,28.575396825396826
99,16,4,3,5,9,8,9,27.398809523809526,34.94146825396825
99,17,7,7,3,10,3,9,27.452380952380953,36.45238095238095
99,18,5,2,2,10,9,2,27.36904761904762,33.94444444444444
99,19,5,2,2,10,9,5,27.50595238095238,34.28472222222222
99,20,2,7,3,9,2,9,26.904761904761905,29.21527777777778
99,21,7,9,1,2,4,7,27.19047619047619,29.2609126984127
99,22,2,2,4,1,9,4,26.61904761904762,23.796626984126984
99,23,9,2,5,4,10,5,27.279761904761905,35.95337301587302
99,24,1,7,5,10,9,7,27.732142857142858,37.88492063492063
99,25,1,1,3,10,4,2,27.31547619047619,25.19543650793651
99,26,2,7,2,10,3,9,27.31547619047619,30.238095238095237
99,27,5,4,3,10,4,2,27.107142857142858,31.848214285714285
99,28,7,2,2,10,9,6,27.363095238095237,36.367063492063494
99,29,5,7,8,8,8,9,27.386904761904763,42.135912698412696
99,30,2,2,4,1,7,7,26.791666666666668,22.327380952380953
99,31,2,1,8,8,10,2,27.428571428571427,35.16269841269841
99,32,4,1,5,9,8,2,27.404761904761905,33.03075396825397
99,33,7,5,3,2,9,1,27.273809523809526,32.04662698412698
99,34,5,2,5,9,2,9,27.458333333333332,29.110119047619047
99,35,3,1,2,10,2,6,27.416666666666668,24.424603174603174
99,36,1,1,5,10,4,2,27.196428571428573,27.10515873015873
99,37,7,5,3,6,2,9,27.25,29.17361111111111
99,38,7,5,3,2,4,2,27.458333333333332,27.143849206349206
99,39,7,5,3,2,6,2,27.035714285714285,29.106150793650794
99,40,7,2,5,4,4,4,27.50595238095238,28.036706349206348
99,41,10,5,3,2,4,6,27.214285714285715,29.99702380952381
99,42,10,4,2,8,9,5,27.488095238095237,39.429563492063494
99,43,5,2,5,4,10,4,27.428571428571427,32.03670634920635
99,44,5,4,2,8,2,9,27.25,27.088293650793652
99,45,2,7,8,10,9,9,27.226190476190474,42.12400793650794
99,46,7,5,3,2,4,7,27.214285714285715,27.185515873015873
99,47,7,1,2,8,9,2,27.44047619047619,33.26190476190476
99,48,2,7,9,8,2,9,27.327380952380953,33.46924603174603
99,49,6,4,3,10,4,2,27.416666666666668,32.75
