generation,individual_index,post_loading_buffer_capacity,post_conveyor_buffer_capacity,post_washing_buffer_capacity,pre_press1_buffer_capacity,pre_press2_buffer_capacity,post_press12_buffer_capacity,wip,throughput
0,0,2,4,8,1,2,10,22.747619047619047,27.038095238095238
0,1,1,4,3,2,4,1,19.781150793650795,26.97738095238095
0,2,2,2,9,1,4,6,23.583333333333332,27.071428571428573
0,3,10,6,7,5,9,9,42.56924603174603,27.482142857142858
0,4,2,3,7,6,6,3,29.747619047619047,27.43690476190476
0,5,3,3,3,7,3,4,24.39107142857143,27.39761904761905
0,6,2,4,6,4,10,1,31.642063492063492,27.351190476190474
0,7,5,2,3,9,4,6,28.709920634920636,27.289285714285715
0,8,1,6,3,3,2,7,20.953373015873016,26.926190476190477
0,9,7,5,4,6,5,4,32.82579365079365,27.39404761904762
0,10,7,3,2,3,3,7,23.84781746031746,26.898809523809526
0,11,9,3,8,7,8,2,40.85079365079365,27.385714285714286
0,12,5,6,7,7,2,4,32.733531746031744,27.307142857142857
0,13,5,6,7,2,4,10,29.81984126984127,27.21785714285714
0,14,8,2,10,5,5,2,35.648809523809526,27.347619047619048
0,15,2,10,2,10,5,9,34.51488095238095,27.332142857142856
0,16,3,10,5,1,3,10,27.71984126984127,26.823809523809523
0,17,1,8,1,10,8,8,33.51984126984127,27.29642857142857
0,18,7,5,3,6,1,2,27.61190476190476,26.697619047619046
0,19,10,7,5,9,7,8,43.75138888888889,27.31904761904762
0,20,6,6,2,4,1,7,24.812896825396827,26.507142857142856
0,21,6,1,10,6,6,3,34.81845238095238,27.307142857142857
0,22,8,2,4,4,6,3,29.835515873015872,27.20952380952381
0,23,6,4,9,2,7,7,33.8547619047619,27.277380952380952
0,24,2,8,4,9,2,10,30.668650793650794,27.19047619047619
0,25,4,8,3,8,2,4,30.829563492063492,27.20357142857143
0,26,4,5,10,9,9,10,42.967460317460315,27.301190476190477
0,27,2,6,2,1,10,5,26.79702380952381,26.46309523809524
0,28,9,3,9,6,4,4,36.870039682539684,27.29047619047619
0,29,7,10,10,3,2,3,37.66170634920635,27.21904761904762
0,30,5,3,4,8,8,9,33.68888888888889,27.19404761904762
0,31,7,3,4,10,1,2,30.747619047619047,26.795238095238094
0,32,10,3,5,3,5,9,31.86765873015873,27.132142857142856
0,33,5,10,8,1,2,7,31.84503968253968,27.113095238095237
0,34,7,6,5,7,7,8,37.75099206349206,27.289285714285715
0,35,10,7,9,2,8,1,41.448214285714286,27.241666666666667
0,36,10,9,7,8,7,8,46.84781746031746,27.276190476190475
0,37,5,3,2,8,9,8,32.682341269841274,27.075
0,38,1,10,3,8,7,10,34.63313492063492,27.152380952380952
0,39,6,8,4,6,10,5,39.94940476190476,27.204761904761906
0,40,8,4,8,2,9,5,36.81230158730159,27.182142857142857
0,41,10,8,5,5,9,4,42.765079365079366,27.271428571428572
0,42,6,10,5,9,4,10,39.65813492063492,27.192857142857143
0,43,9,9,4,9,2,2,38.64087301587301,27.19047619047619
0,44,10,6,5,2,6,9,34.925198412698414,27.17857142857143
0,45,9,9,4,1,5,1,33.66269841269841,26.745238095238093
0,46,10,7,7,7,9,9,45.82123015873016,27.146428571428572
0,47,8,9,4,2,10,8,38.7545634920635,26.933333333333334
0,48,10,10,9,3,9,7,46.68075396825397,27.235714285714288
0,49,6,8,7,8,1,7,35.90396825396825,26.670238095238094
1,0,2,4,8,1,2,10,22.747619047619047,27.038095238095238
1,1,1,4,3,2,4,1,19.781150793650795,26.97738095238095
1,2,10,6,7,5,9,9,42.56924603174603,27.482142857142858
1,3,2,3,7,6,6,3,29.747619047619047,27.43690476190476
1,4,3,3,3,7,3,4,24.39107142857143,27.39761904761905
1,5,5,6,7,2,4,9,29.56607142857143,27.426190476190477
1,6,2,2,1,1,4,6,15.822817460317461,26.136904761904763
1,7,1,3,1,7,6,7,23.52996031746032,27.30952380952381
1,8,1,2,9,1,4,1,22.79702380952381,27.039285714285715
1,9,2,2,9,1,4,6,23.583333333333332,27.071428571428573
1,10,2,4,6,4,10,1,31.642063492063492,27.351190476190474
1,11,7,2,10,6,5,3,35.95357142857143,27.429761904761904
1,12,7,4,3,7,4,8,30.658333333333335,27.34166666666667
1,13,2,1,2,9,5,5,24.833333333333336,27.3
1,14,3,2,3,7,3,4,23.83075396825397,27.291666666666668
1,15,3,3,3,7,2,4,23.794444444444444,27.11547619047619
1,16,2,5,5,4,10,1,31.684126984126983,27.41785714285714
1,17,1,4,3,2,4,6,19.944444444444443,26.96666666666667
1,18,5,6,7,2,3,10,28.843849206349205,27.317857142857143
1,19,5,2,3,9,4,6,28.709920634920636,27.289285714285715
1,20,7,5,4,6,5,4,32.82579365079365,27.39404761904762
1,21,1,6,3,3,2,6,20.64761904761905,26.948809523809523
1,22,10,8,6,5,9,3,43.7952380952381,27.40714285714286
1,23,1,5,4,2,6,1,23.86765873015873,27.063095238095237
1,24,2,6,7,6,5,8,31.73611111111111,27.33809523809524
1,25,5,5,8,2,2,7,27.855357142857144,27.208333333333332
1,26,1,6,3,3,2,7,20.953373015873016,26.926190476190477
1,27,9,3,8,7,8,2,40.85079365079365,27.385714285714286
1,28,5,6,7,7,2,4,32.733531746031744,27.307142857142857
1,29,5,6,7,2,4,10,29.81984126984127,27.21785714285714
1,30,8,2,10,5,5,2,35.648809523809526,27.347619047619048
1,31,2,10,2,10,5,9,34.51488095238095,27.332142857142856
1,32,5,3,7,6,9,3,35.787103174603175,27.379761904761907
1,33,7,3,2,6,5,3,28.5906746031746,27.14761904761905
1,34,4,2,3,7,8,4,29.893452380952382,27.271428571428572
1,35,7,3,2,3,3,7,23.84781746031746,26.898809523809526
1,36,1,8,1,10,8,8,33.51984126984127,27.29642857142857
1,37,6,1,10,6,6,3,34.81845238095238,27.307142857142857
1,38,8,2,4,4,6,3,29.835515873015872,27.20952380952381
1,39,9,9,8,7,7,1,45.41825396825397,27.34285714285714
1,40,1,9,3,1,2,7,21.81626984126984,26.461904761904762
1,41,4,6,6,7,7,7,35.66547619047619,27.325
1,42,6,1,9,6,4,4,31.702380952380953,27.266666666666666
1,43,2,8,3,3,10,1,31.523214285714285,27.223809523809525
1,44,6,5,2,4,1,2,23.677579365079367,26.391666666666666
1,45,10,7,5,9,7,8,43.75138888888889,27.31904761904762
1,46,2,8,3,9,2,10,29.841666666666665,27.154761904761905
1,47,6,3,3,10,1,6,28.47043650793651,26.848809523809525
1,48,6,6,2,4,1,7,24.812896825396827,26.507142857142856
1,49,9,2,3,1,5,1,25.734325396825398,26.654761904761905
2,0,1,4,3,2,4,1,19.781150793650795,26.97738095238095
2,1,10,6,7,5,9,9,42.56924603174603,27.482142857142858
2,2,3,3,3,7,3,4,24.39107142857143,27.39761904761905
2,3,2,2,1,1,4,6,15.822817460317461,26.136904761904763
2,4,2,2,3,7,3,4,22.573214285714286,27.329761904761906
2,5,1,3,3,2,4,6,18.82281746031746,26.952380952380953
2,6,1,4,3,3,1,6,17.92142857142857,26.43452380952381
2,7,1,3,2,5,5,3,21.642261904761906,27.177380952380954
2,8,4,1,2,1,5,1,18.609126984126984,26.49404761904762
2,9,2,6,7,6,2,8,28.800396825396824,27.45
2,10,1,4,3,2,4,1,19.781150793650795,26.97738095238095
2,11,10,6,7,5,9,9,42.56924603174603,27.482142857142858
2,12,2,3,7,6,6,3,29.747619047619047,27.43690476190476
2,13,5,6,7,2,4,9,29.56607142857143,27.426190476190477
2,14,1,3,1,7,6,7,23.52996031746032,27.30952380952381
2,15,1,4,3,2,4,6,19.944444444444443,26.96666666666667
2,16,1,5,3,3,2,7,19.64761904761905,26.948809523809523
2,17,2,1,1,6,7,6,22.557936507936507,27.142857142857142
2,18,5,1,7,1,3,10,22.526190476190475,27.048809523809524
2,19,1,3,1,7,6,7,23.52996031746032,27.30952380952381
2,20,2,3,3,7,3,3,23.571626984126983,27.329761904761906
2,21,2,4,8,1,2,10,22.747619047619047,27.038095238095238
2,22,1,2,9,1,4,1,22.79702380952381,27.039285714285715
2,23,2,4,6,4,10,1,31.642063492063492,27.351190476190474
2,24,7,2,10,6,5,3,35.95357142857143,27.429761904761904
2,25,7,4,3,7,4,8,30.658333333333335,27.34166666666667
2,26,2,1,2,9,5,5,24.833333333333336,27.3
2,27,3,2,3,7,3,4,23.83075396825397,27.291666666666668
2,28,3,3,3,7,2,4,23.794444444444444,27.11547619047619
2,29,2,5,5,4,10,1,31.684126984126983,27.41785714285714
2,30,1,6,3,3,2,6,20.64761904761905,26.948809523809523
2,31,2,3,1,6,6,2,23.38670634920635,27.089285714285715
2,32,5,2,3,7,4,8,26.607738095238094,27.320238095238096
2,33,1,4,3,2,4,7,19.85892857142857,26.93095238095238
2,34,2,2,9,1,4,6,23.583333333333332,27.071428571428573
2,35,5,6,7,2,3,10,28.843849206349205,27.317857142857143
2,36,7,5,4,6,5,4,32.82579365079365,27.39404761904762
2,37,10,8,6,5,9,3,43.7952380952381,27.40714285714286
2,38,2,6,7,6,5,8,31.73611111111111,27.33809523809524
2,39,2,2,9,1,2,6,21.731547619047618,26.942857142857143
2,40,1,5,9,1,4,1,25.668849206349204,27.075
2,41,1,5,3,2,4,6,20.820238095238096,26.93095238095238
2,42,1,8,1,9,8,7,32.30138888888889,27.370238095238097
2,43,1,3,7,5,5,6,26.780158730158732,27.297619047619047
2,44,1,6,6,6,2,7,26.741666666666667,27.288095238095238
2,45,1,6,3,3,2,7,20.953373015873016,26.926190476190477
2,46,9,3,8,7,8,2,40.85079365079365,27.385714285714286
2,47,5,5,8,2,2,7,27.855357142857144,27.208333333333332
2,48,1,5,4,2,6,1,23.86765873015873,27.063095238095237
2,49,1,5,4,2,6,1,23.86765873015873,27.063095238095237
3,0,10,6,7,5,9,9,42.56924603174603,27.482142857142858
3,1,3,3,3,7,3,4,24.39107142857143,27.39761904761905
3,2,2,2,1,1,4,6,15.822817460317461,26.136904761904763
3,3,2,2,3,7,3,4,22.573214285714286,27.329761904761906
3,4,1,3,3,2,4,6,18.82281746031746,26.952380952380953
3,5,1,4,3,3,1,6,17.92142857142857,26.43452380952381
3,6,4,1,2,1,5,1,18.609126984126984,26.49404761904762
3,7,2,6,7,6,2,8,28.800396825396824,27.45
3,8,10,6,7,5,9,9,42.56924603174603,27.482142857142858
3,9,1,3,1,1,6,7,17.77281746031746,26.208333333333332
3,10,1,4,2,5,2,7,19.919444444444444,27.24404761904762
3,11,2,2,1,1,4,6,15.822817460317461,26.136904761904763
3,12,1,3,3,6,4,2,22.980357142857144,27.348809523809525
3,13,1,2,2,6,3,4,19.69781746031746,27.177380952380954
3,14,1,3,2,7,2,3,20.7875,27.301190476190477
3,15,1,4,3,2,4,1,19.781150793650795,26.97738095238095
3,16,1,4,3,2,4,1,19.781150793650795,26.97738095238095
3,17,2,3,7,6,6,3,29.747619047619047,27.43690476190476
3,18,5,6,7,2,4,9,29.56607142857143,27.426190476190477
3,19,1,3,1,7,6,7,23.52996031746032,27.30952380952381
3,20,1,5,3,3,2,7,19.64761904761905,26.948809523809523
3,21,1,3,1,7,6,7,23.52996031746032,27.30952380952381
3,22,2,3,3,7,3,3,23.571626984126983,27.329761904761906
3,23,3,2,3,7,3,3,23.571626984126983,27.329761904761906
3,24,2,1,4,9,4,5,25.633928571428573,27.375
3,25,1,5,3,3,2,7,19.64761904761905,26.948809523809523
3,26,2,1,1,6,4,6,19.564880952380953,26.941666666666666
3,27,4,1,2,1,5,7,18.88452380952381,26.498809523809523
3,28,1,4,2,5,1,2,18.584325396825395,26.385714285714286
3,29,2,2,1,6,4,6,20.65972222222222,27.214285714285715
3,30,2,3,3,7,3,3,23.571626984126983,27.329761904761906
3,31,1,3,2,5,5,3,21.642261904761906,27.177380952380954
3,32,1,4,3,2,4,6,19.944444444444443,26.96666666666667
3,33,2,4,6,4,10,1,31.642063492063492,27.351190476190474
3,34,7,2,10,6,5,3,35.95357142857143,27.429761904761904
3,35,2,5,5,4,10,1,31.684126984126983,27.41785714285714
3,36,1,4,3,2,4,7,19.85892857142857,26.93095238095238
3,37,5,2,3,7,4,1,26.541468253968254,27.347619047619048
3,38,1,3,2,3,5,6,19.69781746031746,26.79642857142857
3,39,2,5,5,4,10,1,31.684126984126983,27.41785714285714
3,40,1,3,2,7,5,3,23.4265873015873,27.183333333333334
3,41,1,5,8,2,2,6,23.688690476190477,27.313095238095237
3,42,10,8,6,5,9,3,43.7952380952381,27.40714285714286
3,43,1,6,3,3,2,6,20.64761904761905,26.948809523809523
3,44,7,5,4,6,5,4,32.82579365079365,27.39404761904762
3,45,4,1,2,4,5,9,21.736507936507937,27.08452380952381
3,46,3,2,3,7,3,4,23.83075396825397,27.291666666666668
3,47,1,6,3,5,2,7,22.801785714285714,27.15595238095238
3,48,7,4,3,7,4,8,30.658333333333335,27.34166666666667
3,49,5,2,3,7,4,8,26.607738095238094,27.320238095238096
4,0,10,6,7,5,9,9,42.56924603174603,27.482142857142858
4,1,3,3,3,7,3,4,24.39107142857143,27.39761904761905
4,2,2,2,1,1,4,6,15.822817460317461,26.136904761904763
4,3,2,2,3,7,3,4,22.573214285714286,27.329761904761906
4,4,2,6,7,6,2,8,28.800396825396824,27.45
4,5,10,6,7,5,9,9,42.56924603174603,27.482142857142858
4,6,1,4,2,5,2,7,19.919444444444444,27.24404761904762
4,7,2,2,1,1,4,6,15.822817460317461,26.136904761904763
4,8,1,3,3,6,4,2,22.980357142857144,27.348809523809525
4,9,1,2,2,6,3,4,19.69781746031746,27.177380952380954
4,10,1,3,2,7,2,3,20.7875,27.301190476190477
4,11,1,3,2,7,2,3,20.7875,27.301190476190477
4,12,2,2,1,4,4,6,18.832738095238096,27.03214285714286
4,13,10,6,7,5,9,9,42.56924603174603,27.482142857142858
4,14,1,1,3,7,4,3,21.667460317460318,27.325
4,15,1,2,2,6,3,4,19.69781746031746,27.177380952380954
4,16,1,2,3,6,3,3,20.77857142857143,27.270238095238096
4,17,4,1,2,6,5,9,23.732142857142858,27.36547619047619
4,18,1,2,1,1,4,2,14.925992063492064,26.07857142857143
4,19,1,2,3,2,4,6,17.95059523809524,26.98690476190476
4,20,10,6,7,5,9,9,42.56924603174603,27.482142857142858
4,21,2,1,4,3,4,5,19.626785714285717,27.108333333333334
4,22,1,3,2,3,1,7,15.953968253968254,26.32857142857143
4,23,2,2,3,1,4,6,17.768055555555556,26.560714285714287
4,24,1,4,3,3,1,6,17.92142857142857,26.43452380952381
4,25,4,1,2,1,5,1,18.609126984126984,26.49404761904762
4,26,2,3,7,6,6,3,29.747619047619047,27.43690476190476
4,27,5,6,7,2,4,9,29.56607142857143,27.426190476190477
4,28,1,3,1,7,6,7,23.52996031746032,27.30952380952381
4,29,1,3,1,7,6,7,23.52996031746032,27.30952380952381
4,30,2,3,3,7,3,3,23.571626984126983,27.329761904761906
4,31,3,2,3,7,3,3,23.571626984126983,27.329761904761906
4,32,2,1,4,9,4,5,25.633928571428573,27.375
4,33,2,2,1,6,4,6,20.65972222222222,27.214285714285715
4,34,2,3,3,7,3,3,23.571626984126983,27.329761904761906
4,35,1,4,3,5,3,7,21.83809523809524,27.30595238095238
4,36,2,3,1,1,4,6,16.828769841269843,26.25952380952381
4,37,2,2,1,6,4,6,20.65972222222222,27.214285714285715
4,38,2,1,2,6,3,4,19.698015873015873,27.177380952380954
4,39,3,2,2,6,3,9,21.414285714285715,27.21904761904762
4,40,2,2,1,6,2,7,18.62281746031746,26.975
4,41,1,1,9,2,5,6,23.747420634920637,27.353571428571428
4,42,7,2,10,6,5,3,35.95357142857143,27.429761904761904
4,43,1,3,1,1,6,7,17.77281746031746,26.208333333333332
4,44,1,4,2,5,1,2,18.584325396825395,26.385714285714286
4,45,1,3,2,5,2,7,18.774603174603175,26.90833333333333
4,46,5,2,3,7,4,1,26.541468253968254,27.347619047619048
4,47,5,5,3,7,4,7,29.641269841269843,27.353571428571428
4,48,1,5,8,2,2,6,23.688690476190477,27.313095238095237
4,49,2,5,5,4,10,1,31.684126984126983,27.41785714285714
5,0,10,6,7,5,9,9,42.56924603174603,27.482142857142858
5,1,3,3,3,7,3,4,24.39107142857143,27.39761904761905
5,2,2,2,3,7,3,4,22.573214285714286,27.329761904761906
5,3,2,6,7,6,2,8,28.800396825396824,27.45
5,4,10,6,7,5,9,9,42.56924603174603,27.482142857142858
5,5,1,4,2,5,2,7,19.919444444444444,27.24404761904762
5,6,1,3,3,6,4,2,22.980357142857144,27.348809523809525
5,7,1,2,2,6,3,4,19.69781746031746,27.177380952380954
5,8,10,6,7,5,9,9,42.56924603174603,27.482142857142858
5,9,1,1,3,7,4,3,21.667460317460318,27.325
5,10,1,2,2,6,3,4,19.69781746031746,27.177380952380954
5,11,4,1,2,6,5,9,23.732142857142858,27.36547619047619
5,12,1,2,1,1,4,2,14.925992063492064,26.07857142857143
5,13,10,6,7,5,9,9,42.56924603174603,27.482142857142858
5,14,1,2,1,1,1,6,11.878174603174603,25.098809523809525
5,15,1,2,1,1,4,2,14.925992063492064,26.07857142857143
5,16,1,2,1,1,2,2,12.788690476190476,25.770238095238096
5,17,2,2,1,5,2,7,17.778373015873015,27.038095238095238
5,18,1,1,3,5,4,1,19.665873015873014,27.163095238095238
5,19,2,2,2,6,3,4,20.71011904761905,27.320238095238096
5,20,1,1,4,3,4,5,18.81547619047619,27.12142857142857
5,21,1,2,3,2,2,6,15.781547619047618,26.766666666666666
5,22,2,2,1,1,4,6,15.822817460317461,26.136904761904763
5,23,2,2,1,1,4,6,15.822817460317461,26.136904761904763
5,24,1,3,2,7,2,3,20.7875,27.301190476190477
5,25,1,3,2,7,2,3,20.7875,27.301190476190477
5,26,2,2,1,4,4,6,18.832738095238096,27.03214285714286
5,27,1,2,3,6,3,3,20.77857142857143,27.270238095238096
5,28,1,2,3,2,4,6,17.95059523809524,26.98690476190476
5,29,2,1,4,3,4,5,19.626785714285717,27.108333333333334
5,30,1,3,2,3,1,7,15.953968253968254,26.32857142857143
5,31,2,2,3,1,4,6,17.768055555555556,26.560714285714287
5,32,2,3,7,6,6,3,29.747619047619047,27.43690476190476
5,33,5,6,7,2,4,9,29.56607142857143,27.426190476190477
5,34,1,3,1,7,6,7,23.52996031746032,27.30952380952381
5,35,1,3,1,7,6,7,23.52996031746032,27.30952380952381
5,36,2,3,3,7,3,3,23.571626984126983,27.329761904761906
5,37,3,2,3,7,3,3,23.571626984126983,27.329761904761906
5,38,2,1,4,9,4,5,25.633928571428573,27.375
5,39,2,2,1,6,4,6,20.65972222222222,27.214285714285715
5,40,2,3,3,7,3,3,23.571626984126983,27.329761904761906
5,41,1,4,3,5,3,7,21.83809523809524,27.30595238095238
5,42,2,2,1,6,4,6,20.65972222222222,27.214285714285715
5,43,2,1,2,6,3,4,19.698015873015873,27.177380952380954
5,44,1,1,9,2,5,6,23.747420634920637,27.353571428571428
5,45,1,2,3,2,4,6,17.95059523809524,26.98690476190476
5,46,1,3,2,3,1,6,15.80595238095238,26.10595238095238
5,47,1,2,3,1,4,6,16.626984126984127,26.544047619047618
5,48,2,2,1,4,4,6,18.832738095238096,27.03214285714286
5,49,7,2,10,5,5,4,34.704166666666666,27.43095238095238
6,0,10,6,7,5,9,9,42.56924603174603,27.482142857142858
6,1,3,3,3,7,3,4,24.39107142857143,27.39761904761905
6,2,2,2,3,7,3,4,22.573214285714286,27.329761904761906
6,3,2,6,7,6,2,8,28.800396825396824,27.45
6,4,10,6,7,5,9,9,42.56924603174603,27.482142857142858
6,5,1,4,2,5,2,7,19.919444444444444,27.24404761904762
6,6,1,3,3,6,4,2,22.980357142857144,27.348809523809525
6,7,1,2,2,6,3,4,19.69781746031746,27.177380952380954
6,8,10,6,7,5,9,9,42.56924603174603,27.482142857142858
6,9,1,1,3,7,4,3,21.667460317460318,27.325
6,10,1,2,2,6,3,4,19.69781746031746,27.177380952380954
6,11,4,1,2,6,5,9,23.732142857142858,27.36547619047619
6,12,10,6,7,5,9,9,42.56924603174603,27.482142857142858
6,13,1,2,1,1,1,6,11.878174603174603,25.098809523809525
6,14,2,2,1,5,2,7,17.778373015873015,27.038095238095238
6,15,1,2,1,5,2,2,16.61031746031746,26.933333333333334
6,16,1,1,2,2,1,6,12.580753968253969,25.941666666666666
6,17,1,2,2,2,2,2,14.830357142857142,26.78690476190476
6,18,1,2,2,6,3,4,19.69781746031746,27.177380952380954
6,19,1,2,2,6,2,6,18.48452380952381,27.166666666666668
6,20,1,2,2,4,4,5,18.446626984126986,27.052380952380954
6,21,1,1,4,5,4,4,20.67420634920635,27.320238095238096
6,22,1,2,1,2,2,6,13.843055555555555,26.373809523809523
6,23,2,2,1,5,2,7,17.778373015873015,27.038095238095238
6,24,2,1,1,1,3,4,13.61765873015873,25.982142857142858
6,25,1,2,1,1,4,2,14.925992063492064,26.07857142857143
6,26,1,2,1,1,4,2,14.925992063492064,26.07857142857143
6,27,1,2,1,1,2,2,12.788690476190476,25.770238095238096
6,28,2,2,2,6,3,4,20.71011904761905,27.320238095238096
6,29,1,2,3,2,2,6,15.781547619047618,26.766666666666666
6,30,1,2,3,2,4,6,17.95059523809524,26.98690476190476
6,31,2,3,7,6,6,3,29.747619047619047,27.43690476190476
6,32,5,6,7,2,4,9,29.56607142857143,27.426190476190477
6,33,2,3,3,7,3,3,23.571626984126983,27.329761904761906
6,34,3,2,3,7,3,3,23.571626984126983,27.329761904761906
6,35,2,1,4,9,4,5,25.633928571428573,27.375
6,36,2,3,3,7,3,3,23.571626984126983,27.329761904761906
6,37,2,1,2,6,3,4,19.698015873015873,27.177380952380954
6,38,1,1,9,2,5,6,23.747420634920637,27.353571428571428
6,39,1,2,3,2,4,6,17.95059523809524,26.98690476190476
6,40,2,1,2,6,2,6,18.48472222222222,27.166666666666668
6,41,1,3,1,7,3,6,20.6140873015873,27.24047619047619
6,42,2,1,2,6,3,4,19.698015873015873,27.177380952380954
6,43,2,2,2,6,3,4,20.71011904761905,27.320238095238096
6,44,1,3,1,1,1,3,12.7875,24.99404761904762
6,45,1,2,2,3,4,2,17.687698412698413,26.902380952380952
6,46,2,3,7,6,6,3,29.747619047619047,27.43690476190476
6,47,1,3,1,1,1,7,12.799999999999999,25.12857142857143
6,48,7,2,10,5,5,4,34.704166666666666,27.43095238095238
6,49,1,3,2,3,1,6,15.80595238095238,26.10595238095238
7,0,10,6,7,5,9,9,42.56924603174603,27.482142857142858
7,1,3,3,3,7,3,4,24.39107142857143,27.39761904761905
7,2,2,6,7,6,2,8,28.800396825396824,27.45
7,3,10,6,7,5,9,9,42.56924603174603,27.482142857142858
7,4,1,4,2,5,2,7,19.919444444444444,27.24404761904762
7,5,1,2,2,6,3,4,19.69781746031746,27.177380952380954
7,6,10,6,7,5,9,9,42.56924603174603,27.482142857142858
7,7,1,2,2,6,3,4,19.69781746031746,27.177380952380954
7,8,10,6,7,5,9,9,42.56924603174603,27.482142857142858
7,9,1,2,1,1,1,6,11.878174603174603,25.098809523809525
7,10,2,2,1,5,2,7,17.778373015873015,27.038095238095238
7,11,1,1,2,2,1,6,12.580753968253969,25.941666666666666
7,12,1,2,2,2,2,2,14.830357142857142,26.78690476190476
7,13,1,2,2,6,3,4,19.69781746031746,27.177380952380954
7,14,1,2,2,6,2,6,18.48452380952381,27.166666666666668
7,15,1,2,2,4,4,5,18.446626984126986,27.052380952380954
7,16,1,1,4,5,4,4,20.67420634920635,27.320238095238096
7,17,1,2,1,2,2,6,13.843055555555555,26.373809523809523
7,18,2,2,1,5,2,7,17.778373015873015,27.038095238095238
7,19,2,1,1,1,3,4,13.61765873015873,25.982142857142858
7,20,2,1,2,1,3,4,14.737698412698412,26.679761904761904
7,21,1,2,3,2,3,5,16.981944444444444,27.023809523809522
7,22,1,2,1,1,1,6,11.878174603174603,25.098809523809525
7,23,1,2,3,1,2,6,14.71329365079365,26.488095238095237
7,24,1,1,3,2,3,6,15.899404761904762,27.001190476190477
7,25,2,1,1,6,2,6,17.642063492063492,27.03214285714286
7,26,1,1,2,2,1,6,12.580753968253969,25.941666666666666
7,27,2,2,1,5,2,7,17.778373015873015,27.038095238095238
7,28,1,2,1,2,2,6,13.843055555555555,26.373809523809523
7,29,1,1,3,5,4,3,19.715079365079365,27.19761904761905
7,30,1,6,6,2,3,9,23.862896825396827,27.396428571428572
7,31,1,1,3,6,5,3,21.631746031746033,27.391666666666666
7,32,1,2,2,2,2,2,14.830357142857142,26.78690476190476
7,33,3,3,3,7,3,4,24.39107142857143,27.39761904761905
7,34,1,2,2,2,1,2,13.716269841269842,26.08452380952381
7,35,2,3,7,6,6,3,29.747619047619047,27.43690476190476
7,36,2,3,7,6,6,3,29.747619047619047,27.43690476190476
7,37,1,3,1,1,1,2,12.778174603174604,24.904761904761905
7,38,1,2,1,1,2,2,12.788690476190476,25.770238095238096
7,39,2,1,4,9,4,5,25.633928571428573,27.375
7,40,1,2,1,1,4,7,14.806746031746032,26.097619047619048
7,41,2,2,2,2,2,2,15.670436507936508,26.65357142857143
7,42,1,3,1,1,1,3,12.7875,24.99404761904762
7,43,5,6,7,2,4,9,29.56607142857143,27.426190476190477
7,44,1,2,2,2,1,6,13.854563492063493,26.067857142857143
7,45,1,2,1,5,2,2,16.61031746031746,26.933333333333334
7,46,2,1,2,6,2,6,18.48472222222222,27.166666666666668
7,47,4,1,2,6,5,9,23.732142857142858,27.36547619047619
7,48,1,2,3,2,2,6,15.781547619047618,26.766666666666666
7,49,1,2,3,2,4,6,17.95059523809524,26.98690476190476
8,0,10,6,7,5,9,9,42.56924603174603,27.482142857142858
8,1,3,3,3,7,3,4,24.39107142857143,27.39761904761905
8,2,2,6,7,6,2,8,28.800396825396824,27.45
8,3,10,6,7,5,9,9,42.56924603174603,27.482142857142858
8,4,1,4,2,5,2,7,19.919444444444444,27.24404761904762
8,5,1,2,2,6,3,4,19.69781746031746,27.177380952380954
8,6,10,6,7,5,9,9,42.56924603174603,27.482142857142858
8,7,1,2,2,6,3,4,19.69781746031746,27.177380952380954
8,8,10,6,7,5,9,9,42.56924603174603,27.482142857142858
8,9,2,2,1,5,2,7,17.778373015873015,27.038095238095238
8,10,1,1,2,2,1,6,12.580753968253969,25.941666666666666
8,11,1,2,2,2,2,2,14.830357142857142,26.78690476190476
8,12,1,2,2,6,3,4,19.69781746031746,27.177380952380954
8,13,1,2,2,6,2,6,18.48452380952381,27.166666666666668
8,14,1,2,2,4,4,5,18.446626984126986,27.052380952380954
8,15,1,1,4,5,4,4,20.67420634920635,27.320238095238096
8,16,1,2,1,2,2,6,13.843055555555555,26.373809523809523
8,17,2,2,1,5,2,7,17.778373015873015,27.038095238095238
8,18,2,1,1,1,3,4,13.61765873015873,25.982142857142858
8,19,2,1,2,1,3,4,14.737698412698412,26.679761904761904
8,20,1,2,3,2,3,5,16.981944444444444,27.023809523809522
8,21,1,2,3,1,2,6,14.71329365079365,26.488095238095237
8,22,1,1,3,2,3,6,15.899404761904762,27.001190476190477
8,23,2,1,1,6,2,6,17.642063492063492,27.03214285714286
8,24,1,1,2,2,1,6,12.580753968253969,25.941666666666666
8,25,2,2,1,5,2,7,17.778373015873015,27.038095238095238
8,26,1,2,1,2,2,6,13.843055555555555,26.373809523809523
8,27,1,1,3,5,4,3,19.715079365079365,27.19761904761905
8,28,1,6,6,2,3,9,23.862896825396827,27.396428571428572
8,29,1,1,3,6,5,3,21.631746031746033,27.391666666666666
8,30,1,2,2,2,2,2,14.830357142857142,26.78690476190476
8,31,3,3,3,7,3,4,24.39107142857143,27.39761904761905
8,32,1,2,2,2,1,2,13.716269841269842,26.08452380952381
8,33,1,1,1,1,2,3,11.77579365079365,25.920238095238094
8,34,10,6,7,5,9,9,42.56924603174603,27.482142857142858
8,35,1,2,2,2,1,2,13.716269841269842,26.08452380952381
8,36,2,1,2,2,2,2,14.830357142857142,26.78690476190476
8,37,2,1,7,6,6,3,27.78075396825397,27.428571428571427
8,38,1,2,1,2,2,6,13.843055555555555,26.373809523809523
8,39,2,6,7,6,2,8,28.800396825396824,27.45
8,40,1,2,2,2,1,2,13.716269841269842,26.08452380952381
8,41,10,6,7,5,9,9,42.56924603174603,27.482142857142858
8,42,1,2,2,2,2,2,14.830357142857142,26.78690476190476
8,43,1,1,3,2,3,6,15.899404761904762,27.001190476190477
8,44,1,1,3,6,5,3,21.631746031746033,27.391666666666666
8,45,1,2,2,2,1,2,13.716269841269842,26.08452380952381
8,46,1,2,1,1,1,6,11.878174603174603,25.098809523809525
8,47,2,3,7,6,6,3,29.747619047619047,27.43690476190476
8,48,1,2,1,1,1,6,11.878174603174603,25.098809523809525
8,49,2,3,7,6,6,3,29.747619047619047,27.43690476190476
9,0,10,6,7,5,9,9,42.56924603174603,27.482142857142858
9,1,3,3,3,7,3,4,24.39107142857143,27.39761904761905
9,2,10,6,7,5,9,9,42.56924603174603,27.482142857142858
9,3,10,6,7,5,9,9,42.56924603174603,27.482142857142858
9,4,10,6,7,5,9,9,42.56924603174603,27.482142857142858
9,5,1,1,2,2,1,6,12.580753968253969,25.941666666666666
9,6,1,2,2,2,2,2,14.830357142857142,26.78690476190476
9,7,1,1,4,5,4,4,20.67420634920635,27.320238095238096
9,8,2,1,2,1,3,4,14.737698412698412,26.679761904761904
9,9,1,2,3,1,2,6,14.71329365079365,26.488095238095237
9,10,1,1,3,2,3,6,15.899404761904762,27.001190476190477
9,11,1,1,2,2,1,6,12.580753968253969,25.941666666666666
9,12,1,1,3,5,4,3,19.715079365079365,27.19761904761905
9,13,1,6,6,2,3,9,23.862896825396827,27.396428571428572
9,14,1,1,3,6,5,3,21.631746031746033,27.391666666666666
9,15,1,2,2,2,2,2,14.830357142857142,26.78690476190476
9,16,3,3,3,7,3,4,24.39107142857143,27.39761904761905
9,17,1,1,1,1,2,3,11.77579365079365,25.920238095238094
9,18,10,6,7,5,9,9,42.56924603174603,27.482142857142858
9,19,2,1,2,2,2,2,14.830357142857142,26.78690476190476
9,20,2,1,7,6,6,3,27.78075396825397,27.428571428571427
9,21,10,6,7,5,9,9,42.56924603174603,27.482142857142858
9,22,1,2,2,2,2,2,14.830357142857142,26.78690476190476
9,23,1,1,3,2,3,6,15.899404761904762,27.001190476190477
9,24,1,1,3,6,5,3,21.631746031746033,27.391666666666666
9,25,2,1,2,1,3,4,14.737698412698412,26.679761904761904
9,26,10,6,7,5,9,9,42.56924603174603,27.482142857142858
9,27,3,5,7,6,2,8,28.800198412698414,27.45
9,28,2,1,4,5,2,5,19.832738095238096,27.289285714285715
9,29,2,1,2,1,3,4,14.737698412698412,26.679761904761904
9,30,1,1,1,1,3,3,12.85892857142857,26.013095238095236
9,31,1,1,1,1,1,4,10.841468253968253,25.06547619047619
9,32,2,1,7,6,6,3,27.78075396825397,27.428571428571427
9,33,1,1,2,1,1,6,11.721428571428572,25.52261904761905
9,34,1,1,4,5,4,4,20.67420634920635,27.320238095238096
9,35,1,1,2,5,2,2,16.551388888888887,27.191666666666666
9,36,1,2,1,2,2,2,13.692460317460318,26.413095238095238
9,37,1,1,1,1,1,6,10.873611111111112,25.077380952380953
9,38,2,6,7,6,2,8,28.800396825396824,27.45
9,39,1,1,1,2,1,6,11.787896825396826,25.598809523809525
9,40,2,6,7,6,2,8,28.800396825396824,27.45
9,41,1,3,3,7,3,4,22.572619047619046,27.329761904761906
9,42,2,6,6,6,2,2,27.88015873015873,27.332142857142856
9,43,2,1,1,1,3,4,13.61765873015873,25.982142857142858
9,44,1,2,3,1,3,5,15.596825396825396,26.620238095238097
9,45,1,2,1,2,2,6,13.843055555555555,26.373809523809523
9,46,1,1,2,2,5,4,16.72956349206349,26.788095238095238
9,47,1,1,6,4,3,7,20.90892857142857,27.273809523809526
9,48,1,2,3,2,3,5,16.981944444444444,27.023809523809522
9,49,1,2,2,1,2,2,13.783531746031745,26.172619047619047
10,0,3,3,3,7,3,4,24.39107142857143,27.39761904761905
10,1,1,1,2,2,1,6,12.580753968253969,25.941666666666666
10,2,1,2,2,2,2,2,14.830357142857142,26.78690476190476
10,3,1,1,2,2,1,6,12.580753968253969,25.941666666666666
10,4,1,6,6,2,3,9,23.862896825396827,27.396428571428572
10,5,1,1,3,6,5,3,21.631746031746033,27.391666666666666
10,6,1,2,2,2,2,2,14.830357142857142,26.78690476190476
10,7,3,3,3,7,3,4,24.39107142857143,27.39761904761905
10,8,1,1,1,1,2,3,11.77579365079365,25.920238095238094
10,9,2,1,2,2,2,2,14.830357142857142,26.78690476190476
10,10,2,1,7,6,6,3,27.78075396825397,27.428571428571427
10,11,1,2,2,2,2,2,14.830357142857142,26.78690476190476
10,12,1,1,3,6,5,3,21.631746031746033,27.391666666666666
10,13,3,5,7,6,2,8,28.800198412698414,27.45
10,14,2,1,4,5,2,5,19.832738095238096,27.289285714285715
10,15,1,1,1,1,3,3,12.85892857142857,26.013095238095236
10,16,1,1,1,1,1,4,10.841468253968253,25.06547619047619
10,17,2,1,7,6,6,3,27.78075396825397,27.428571428571427
10,18,1,1,2,1,1,6,11.721428571428572,25.52261904761905
10,19,1,1,2,5,2,2,16.551388888888887,27.191666666666666
10,20,1,1,1,1,1,6,10.873611111111112,25.077380952380953
10,21,1,1,2,2,3,4,14.600992063492063,26.77261904761905
10,22,1,1,2,5,2,2,16.551388888888887,27.191666666666666
10,23,1,1,1,1,1,4,10.841468253968253,25.06547619047619
10,24,1,1,3,7,3,4,20.665674603174605,27.379761904761903
10,25,1,1,1,1,1,4,10.841468253968253,25.06547619047619
10,26,1,2,7,5,9,9,29.87063492063492,27.51547619047619
10,27,1,1,3,2,3,7,15.581547619047619,27.047619047619047
10,28,1,1,1,2,3,6,13.599404761904761,26.510714285714286
10,29,1,1,3,6,5,3,21.631746031746033,27.391666666666666
10,30,1,1,1,1,3,3,12.85892857142857,26.013095238095236
10,31,1,1,2,5,3,7,17.789285714285715,27.266666666666666
10,32,1,1,1,2,1,6,11.787896825396826,25.598809523809525
10,33,10,6,7,5,9,9,42.56924603174603,27.482142857142858
10,34,10,6,7,5,9,9,42.56924603174603,27.482142857142858
10,35,2,6,7,6,2,8,28.800396825396824,27.45
10,36,1,2,1,1,3,4,13.617460317460317,25.982142857142858
10,37,1,2,1,2,2,2,13.692460317460318,26.413095238095238
10,38,2,2,7,6,2,8,24.821825396825396,27.354761904761904
10,39,2,1,3,2,2,3,15.653373015873015,26.871428571428574
10,40,1,6,7,7,2,6,28.668253968253968,27.35595238095238
10,41,1,2,3,1,2,6,14.71329365079365,26.488095238095237
10,42,1,3,3,7,3,4,22.572619047619046,27.329761904761906
10,43,1,1,3,5,4,3,19.715079365079365,27.19761904761905
10,44,1,2,3,2,3,5,16.981944444444444,27.023809523809522
10,45,2,1,2,1,3,4,14.737698412698412,26.679761904761904
10,46,1,1,4,5,4,4,20.67420634920635,27.320238095238096
10,47,1,2,1,6,3,4,18.64623015873016,27.10952380952381
10,48,1,1,3,2,3,6,15.899404761904762,27.001190476190477
10,49,2,1,2,1,3,4,14.737698412698412,26.679761904761904
11,0,3,3,3,7,3,4,24.39107142857143,27.39761904761905
11,1,1,1,2,2,1,6,12.580753968253969,25.941666666666666
11,2,1,2,2,2,2,2,14.830357142857142,26.78690476190476
11,3,1,1,2,2,1,6,12.580753968253969,25.941666666666666
11,4,1,6,6,2,3,9,23.862896825396827,27.396428571428572
11,5,1,1,3,6,5,3,21.631746031746033,27.391666666666666
11,6,1,2,2,2,2,2,14.830357142857142,26.78690476190476
11,7,3,3,3,7,3,4,24.39107142857143,27.39761904761905
11,8,1,1,1,1,2,3,11.77579365079365,25.920238095238094
11,9,2,1,2,2,2,2,14.830357142857142,26.78690476190476
11,10,2,1,7,6,6,3,27.78075396825397,27.428571428571427
11,11,1,2,2,2,2,2,14.830357142857142,26.78690476190476
11,12,1,1,3,6,5,3,21.631746031746033,27.391666666666666
11,13,3,5,7,6,2,8,28.800198412698414,27.45
11,14,2,1,4,5,2,5,19.832738095238096,27.289285714285715
11,15,1,1,1,1,3,3,12.85892857142857,26.013095238095236
11,16,1,1,1,1,1,4,10.841468253968253,25.06547619047619
11,17,2,1,7,6,6,3,27.78075396825397,27.428571428571427
11,18,1,1,2,1,1,6,11.721428571428572,25.52261904761905
11,19,1,1,2,5,2,2,16.551388888888887,27.191666666666666
11,20,1,1,1,1,1,6,10.873611111111112,25.077380952380953
11,21,1,1,2,2,3,4,14.600992063492063,26.77261904761905
11,22,1,1,2,5,2,2,16.551388888888887,27.191666666666666
11,23,1,1,1,1,1,4,10.841468253968253,25.06547619047619
11,24,1,1,3,7,3,4,20.665674603174605,27.379761904761903
11,25,1,1,1,1,1,4,10.841468253968253,25.06547619047619
11,26,1,2,7,5,9,9,29.87063492063492,27.51547619047619
11,27,1,1,3,2,3,7,15.581547619047619,27.047619047619047
11,28,1,1,1,2,3,6,13.599404761904761,26.510714285714286
11,29,1,1,3,6,5,3,21.631746031746033,27.391666666666666
11,30,1,1,1,1,3,3,12.85892857142857,26.013095238095236
11,31,1,1,2,5,3,7,17.789285714285715,27.266666666666666
11,32,1,1,1,1,2,3,11.77579365079365,25.920238095238094
11,33,1,1,1,2,3,6,13.599404761904761,26.510714285714286
11,34,1,1,1,1,1,4,10.841468253968253,25.06547619047619
11,35,1,1,3,5,2,3,17.7609126984127,27.21785714285714
11,36,1,1,1,1,1,6,10.873611111111112,25.077380952380953
11,37,1,1,1,1,3,3,12.85892857142857,26.013095238095236
11,38,1,1,1,1,3,3,12.85892857142857,26.013095238095236
11,39,1,1,1,2,3,6,13.599404761904761,26.510714285714286
11,40,2,1,4,5,2,5,19.832738095238096,27.289285714285715
11,41,1,1,1,1,2,7,11.836507936507937,25.939285714285713
11,42,1,1,1,2,1,6,11.787896825396826,25.598809523809525
11,43,10,6,7,5,9,9,42.56924603174603,27.482142857142858
11,44,10,6,7,5,9,9,42.56924603174603,27.482142857142858
11,45,2,6,7,6,2,8,28.800396825396824,27.45
11,46,2,1,2,1,1,6,12.922222222222222,25.65714285714286
11,47,2,1,1,2,2,3,13.683730158730159,26.310714285714287
11,48,2,2,7,6,2,8,24.821825396825396,27.354761904761904
11,49,2,1,3,2,2,3,15.653373015873015,26.871428571428574
12,0,1,1,1,1,1,4,10.841468253968253,25.06547619047619
12,1,1,2,7,5,9,9,29.87063492063492,27.51547619047619
12,2,1,1,1,1,1,4,10.841468253968253,25.06547619047619
12,3,1,1,1,1,3,4,12.932738095238095,26.097619047619048
12,4,1,1,2,2,3,4,14.600992063492063,26.77261904761905
12,5,1,1,2,1,1,6,11.721428571428572,25.52261904761905
12,6,1,1,2,6,3,6,18.71468253968254,27.329761904761906
12,7,2,6,6,2,3,8,24.902380952380952,27.426190476190477
12,8,1,1,1,2,3,6,13.599404761904761,26.510714285714286
12,9,2,1,7,6,6,3,27.78075396825397,27.428571428571427
12,10,1,1,1,1,2,3,11.77579365079365,25.920238095238094
12,11,1,1,3,2,2,2,14.612499999999999,26.951190476190476
12,12,1,1,2,1,1,6,11.721428571428572,25.52261904761905
12,13,1,1,1,2,3,5,13.691666666666666,26.541666666666664
12,14,1,1,1,1,1,3,10.849801587301588,25.133333333333333
12,15,1,6,6,2,3,9,23.862896825396827,27.396428571428572
12,16,1,1,6,5,9,5,27.81388888888889,27.47738095238095
12,17,1,1,2,5,2,2,16.551388888888887,27.191666666666666
12,18,1,1,3,6,5,3,21.631746031746033,27.391666666666666
12,19,1,1,3,2,3,7,15.581547619047619,27.047619047619047
12,20,1,1,3,7,3,4,20.665674603174605,27.379761904761903
12,21,1,1,3,5,2,3,17.7609126984127,27.21785714285714
12,22,1,1,3,2,3,7,15.581547619047619,27.047619047619047
12,23,1,1,1,1,1,3,10.849801587301588,25.133333333333333
12,24,1,1,3,7,3,4,20.665674603174605,27.379761904761903
12,25,1,1,2,5,3,7,17.789285714285715,27.266666666666666
12,26,1,1,2,2,1,6,12.580753968253969,25.941666666666666
12,27,1,1,2,5,2,2,16.551388888888887,27.191666666666666
12,28,1,1,3,6,5,3,21.631746031746033,27.391666666666666
12,29,1,1,1,1,2,7,11.836507936507937,25.939285714285713
12,30,1,1,1,1,3,3,12.85892857142857,26.013095238095236
12,31,1,1,1,2,3,6,13.599404761904761,26.510714285714286
12,32,3,3,3,7,3,4,24.39107142857143,27.39761904761905
12,33,1,1,1,1,3,3,12.85892857142857,26.013095238095236
12,34,3,3,3,7,3,4,24.39107142857143,27.39761904761905
12,35,1,1,2,5,3,7,17.789285714285715,27.266666666666666
12,36,1,1,2,2,1,6,12.580753968253969,25.941666666666666
12,37,1,1,1,1,2,3,11.77579365079365,25.920238095238094
12,38,2,1,7,6,6,3,27.78075396825397,27.428571428571427
12,39,1,1,3,6,5,3,21.631746031746033,27.391666666666666
12,40,1,1,1,1,1,4,10.841468253968253,25.06547619047619
12,41,1,1,1,1,1,3,10.849801587301588,25.133333333333333
12,42,1,1,1,1,3,3,12.85892857142857,26.013095238095236
12,43,1,1,1,2,3,6,13.599404761904761,26.510714285714286
12,44,1,1,1,1,1,4,10.841468253968253,25.06547619047619
12,45,1,1,1,1,3,3,12.85892857142857,26.013095238095236
12,46,1,1,2,5,3,7,17.789285714285715,27.266666666666666
12,47,1,1,1,1,2,3,11.77579365079365,25.920238095238094
12,48,1,1,1,1,1,4,10.841468253968253,25.06547619047619
12,49,1,1,1,1,3,3,12.85892857142857,26.013095238095236
13,0,1,1,1,1,1,4,10.841468253968253,25.06547619047619
13,1,1,1,1,1,1,4,10.841468253968253,25.06547619047619
13,2,1,2,7,5,9,9,29.87063492063492,27.51547619047619
13,3,1,1,2,1,2,2,12.87936507936508,26.207142857142856
13,4,1,1,2,2,3,4,14.600992063492063,26.77261904761905
13,5,1,1,2,1,1,6,11.721428571428572,25.52261904761905
13,6,1,1,1,1,1,5,10.903174603174604,25.275
13,7,2,6,6,2,3,8,24.902380952380952,27.426190476190477
13,8,2,1,7,6,6,3,27.78075396825397,27.428571428571427
13,9,1,1,1,1,2,3,11.77579365079365,25.920238095238094
13,10,1,1,3,2,2,2,14.612499999999999,26.951190476190476
13,11,1,6,6,2,3,9,23.862896825396827,27.396428571428572
13,12,1,1,6,5,9,5,27.81388888888889,27.47738095238095
13,13,1,1,1,2,3,6,13.599404761904761,26.510714285714286
13,14,1,1,2,6,3,6,18.71468253968254,27.329761904761906
13,15,1,1,2,5,2,2,16.551388888888887,27.191666666666666
13,16,1,1,3,6,5,3,21.631746031746033,27.391666666666666
13,17,1,1,3,2,3,7,15.581547619047619,27.047619047619047
13,18,1,1,3,7,3,4,20.665674603174605,27.379761904761903
13,19,1,1,2,1,1,6,11.721428571428572,25.52261904761905
13,20,1,1,1,2,3,5,13.691666666666666,26.541666666666664
13,21,1,1,3,5,2,3,17.7609126984127,27.21785714285714
13,22,1,1,1,1,3,3,12.85892857142857,26.013095238095236
13,23,1,1,3,2,3,7,15.581547619047619,27.047619047619047
13,24,1,1,3,7,3,4,20.665674603174605,27.379761904761903
13,25,1,1,2,6,3,6,18.71468253968254,27.329761904761906
13,26,1,1,2,5,3,7,17.789285714285715,27.266666666666666
13,27,1,1,2,2,1,6,12.580753968253969,25.941666666666666
13,28,1,1,2,5,2,2,16.551388888888887,27.191666666666666
13,29,1,1,1,2,3,5,13.691666666666666,26.541666666666664
13,30,1,1,1,1,1,3,10.849801587301588,25.133333333333333
13,31,1,1,3,6,5,3,21.631746031746033,27.391666666666666
13,32,1,1,1,2,3,6,13.599404761904761,26.510714285714286
13,33,1,1,1,1,2,7,11.836507936507937,25.939285714285713
13,34,3,3,3,7,3,4,24.39107142857143,27.39761904761905
13,35,1,1,1,1,1,3,10.849801587301588,25.133333333333333
13,36,1,1,1,1,3,3,12.85892857142857,26.013095238095236
13,37,3,3,3,7,3,4,24.39107142857143,27.39761904761905
13,38,1,1,2,5,3,7,17.789285714285715,27.266666666666666
13,39,1,1,2,2,1,6,12.580753968253969,25.941666666666666
13,40,1,1,1,1,2,3,11.77579365079365,25.920238095238094
13,41,1,1,1,1,2,7,11.836507936507937,25.939285714285713
13,42,2,1,7,6,6,3,27.78075396825397,27.428571428571427
13,43,1,1,1,1,3,3,12.85892857142857,26.013095238095236
13,44,1,1,2,5,3,7,17.789285714285715,27.266666666666666
13,45,1,1,1,1,2,3,11.77579365079365,25.920238095238094
13,46,1,1,2,1,1,6,11.721428571428572,25.52261904761905
13,47,1,1,1,1,1,4,10.841468253968253,25.06547619047619
13,48,2,1,7,6,6,3,27.78075396825397,27.428571428571427
13,49,1,1,3,6,5,3,21.631746031746033,27.391666666666666
14,0,1,1,1,1,1,4,10.841468253968253,25.06547619047619
14,1,1,1,1,1,1,4,10.841468253968253,25.06547619047619
14,2,1,2,7,5,9,9,29.87063492063492,27.51547619047619
14,3,1,1,1,1,2,4,11.935714285714285,26.064285714285713
14,4,2,1,7,6,6,3,27.78075396825397,27.428571428571427
14,5,1,1,1,1,2,3,11.77579365079365,25.920238095238094
14,6,1,1,2,1,2,4,12.790277777777778,26.25
14,7,2,6,6,2,3,8,24.902380952380952,27.426190476190477
14,8,1,1,2,1,1,6,11.721428571428572,25.52261904761905
14,9,1,1,2,1,2,9,12.913095238095238,26.33809523809524
14,10,1,6,6,2,3,9,23.862896825396827,27.396428571428572
14,11,1,1,6,5,9,5,27.81388888888889,27.47738095238095
14,12,1,1,2,1,1,2,11.714880952380952,25.49047619047619
14,13,1,1,3,2,2,2,14.612499999999999,26.951190476190476
14,14,1,1,3,6,3,3,19.500198412698413,27.34404761904762
14,15,1,1,2,5,2,2,16.551388888888887,27.191666666666666
14,16,1,1,3,6,5,3,21.631746031746033,27.391666666666666
14,17,1,1,2,2,3,4,14.600992063492063,26.77261904761905
14,18,1,1,3,2,3,7,15.581547619047619,27.047619047619047
14,19,1,1,1,1,1,5,10.903174603174604,25.275
14,20,1,1,1,2,3,5,13.691666666666666,26.541666666666664
14,21,1,1,3,5,2,3,17.7609126984127,27.21785714285714
14,22,1,1,2,2,3,4,14.600992063492063,26.77261904761905
14,23,1,1,1,1,1,5,10.903174603174604,25.275
14,24,1,1,3,2,3,7,15.581547619047619,27.047619047619047
14,25,1,1,1,2,3,6,13.599404761904761,26.510714285714286
14,26,1,1,2,5,3,7,17.789285714285715,27.266666666666666
14,27,1,1,2,6,3,6,18.71468253968254,27.329761904761906
14,28,1,1,3,7,3,4,20.665674603174605,27.379761904761903
14,29,1,1,3,7,3,4,20.665674603174605,27.379761904761903
14,30,1,1,2,5,2,2,16.551388888888887,27.191666666666666
14,31,1,1,1,2,3,5,13.691666666666666,26.541666666666664
14,32,1,1,1,1,1,3,10.849801587301588,25.133333333333333
14,33,1,1,2,6,3,6,18.71468253968254,27.329761904761906
14,34,1,1,1,1,2,7,11.836507936507937,25.939285714285713
14,35,1,1,3,6,5,3,21.631746031746033,27.391666666666666
14,36,1,1,1,2,3,6,13.599404761904761,26.510714285714286
14,37,1,1,3,2,2,2,14.612499999999999,26.951190476190476
14,38,3,3,3,7,3,4,24.39107142857143,27.39761904761905
14,39,1,1,1,1,1,3,10.849801587301588,25.133333333333333
14,40,2,6,6,2,3,8,24.902380952380952,27.426190476190477
14,41,3,3,3,7,3,4,24.39107142857143,27.39761904761905
14,42,1,1,2,5,3,7,17.789285714285715,27.266666666666666
14,43,1,1,2,1,1,6,11.721428571428572,25.52261904761905
14,44,1,1,1,1,2,7,11.836507936507937,25.939285714285713
14,45,1,1,1,1,2,3,11.77579365079365,25.920238095238094
14,46,2,1,7,6,6,3,27.78075396825397,27.428571428571427
14,47,1,1,1,1,1,5,10.903174603174604,25.275
14,48,1,1,3,6,5,3,21.631746031746033,27.391666666666666
14,49,2,1,7,6,6,3,27.78075396825397,27.428571428571427
15,0,1,2,7,5,9,9,29.87063492063492,27.51547619047619
15,1,1,1,1,1,1,4,10.841468253968253,25.06547619047619
15,2,1,1,1,1,1,4,10.841468253968253,25.06547619047619
15,3,1,1,1,2,2,5,12.67718253968254,26.295238095238094
15,4,2,1,7,6,6,3,27.78075396825397,27.428571428571427
15,5,1,1,1,2,1,5,11.725992063492063,25.804761904761904
15,6,2,6,6,2,3,8,24.902380952380952,27.426190476190477
15,7,1,6,6,2,3,9,23.862896825396827,27.396428571428572
15,8,1,1,6,5,9,5,27.81388888888889,27.47738095238095
15,9,1,1,2,1,1,2,11.714880952380952,25.49047619047619
15,10,1,1,1,1,2,4,11.935714285714285,26.064285714285713
15,11,1,1,1,2,3,8,13.745039682539684,26.56309523809524
15,12,1,1,1,2,2,6,12.860119047619047,26.44047619047619
15,13,1,1,3,2,2,2,14.612499999999999,26.951190476190476
15,14,1,1,2,5,2,2,16.551388888888887,27.191666666666666
15,15,1,1,3,6,5,3,21.631746031746033,27.391666666666666
15,16,1,1,2,2,3,4,14.600992063492063,26.77261904761905
15,17,1,1,2,1,1,6,11.721428571428572,25.52261904761905
15,18,1,1,3,2,3,7,15.581547619047619,27.047619047619047
15,19,1,1,1,1,1,5,10.903174603174604,25.275
15,20,1,1,3,5,2,3,17.7609126984127,27.21785714285714
15,21,1,1,1,1,1,5,10.903174603174604,25.275
15,22,1,1,3,2,3,7,15.581547619047619,27.047619047619047
15,23,1,1,2,2,3,4,14.600992063492063,26.77261904761905
15,24,1,1,2,5,3,7,17.789285714285715,27.266666666666666
15,25,1,1,3,6,3,3,19.500198412698413,27.34404761904762
15,26,1,1,2,6,3,6,18.71468253968254,27.329761904761906
15,27,1,1,3,7,3,4,20.665674603174605,27.379761904761903
15,28,1,1,3,7,3,4,20.665674603174605,27.379761904761903
15,29,1,1,2,5,2,2,16.551388888888887,27.191666666666666
15,30,1,1,1,1,1,3,10.849801587301588,25.133333333333333
15,31,1,1,1,1,2,2,11.903769841269842,26.044047619047618
15,32,1,1,3,6,3,3,19.500198412698413,27.34404761904762
15,33,1,1,2,6,3,6,18.71468253968254,27.329761904761906
15,34,1,1,3,6,5,3,21.631746031746033,27.391666666666666
15,35,1,1,1,2,3,6,13.599404761904761,26.510714285714286
15,36,1,1,1,1,2,3,11.77579365079365,25.920238095238094
15,37,1,1,1,1,2,7,11.836507936507937,25.939285714285713
15,38,1,1,3,2,2,2,14.612499999999999,26.951190476190476
15,39,3,3,3,7,3,4,24.39107142857143,27.39761904761905
15,40,1,1,1,2,3,6,13.599404761904761,26.510714285714286
15,41,1,1,1,1,1,3,10.849801587301588,25.133333333333333
15,42,2,6,6,2,3,8,24.902380952380952,27.426190476190477
15,43,3,3,3,7,3,4,24.39107142857143,27.39761904761905
15,44,1,1,2,5,3,7,17.789285714285715,27.266666666666666
15,45,1,1,1,2,3,5,13.691666666666666,26.541666666666664
15,46,1,1,1,2,3,5,13.691666666666666,26.541666666666664
15,47,1,1,2,1,1,6,11.721428571428572,25.52261904761905
15,48,1,1,1,1,2,7,11.836507936507937,25.939285714285713
15,49,1,1,1,1,2,3,11.77579365079365,25.920238095238094
16,0,1,1,1,1,1,4,10.841468253968253,25.06547619047619
16,1,1,1,1,1,1,4,10.841468253968253,25.06547619047619
16,2,1,2,7,5,9,9,29.87063492063492,27.51547619047619
16,3,1,1,1,2,1,8,11.682936507936509,25.81547619047619
16,4,1,1,1,1,1,5,10.903174603174604,25.275
16,5,2,1,7,6,6,3,27.78075396825397,27.428571428571427
16,6,2,6,6,2,3,8,24.902380952380952,27.426190476190477
16,7,1,6,6,2,3,9,23.862896825396827,27.396428571428572
16,8,1,1,1,2,2,5,12.67718253968254,26.295238095238094
16,9,1,1,6,5,9,5,27.81388888888889,27.47738095238095
16,10,1,1,3,2,2,2,14.612499999999999,26.951190476190476
16,11,1,1,3,6,5,3,21.631746031746033,27.391666666666666
16,12,1,1,2,2,3,4,14.600992063492063,26.77261904761905
16,13,1,1,3,2,3,8,15.86329365079365,27.125
16,14,1,1,1,1,1,5,10.903174603174604,25.275
16,15,1,1,1,1,2,4,11.935714285714285,26.064285714285713
16,16,1,1,2,5,2,2,16.551388888888887,27.191666666666666
16,17,1,1,1,2,3,8,13.745039682539684,26.56309523809524
16,18,1,1,2,2,3,4,14.600992063492063,26.77261904761905
16,19,1,1,1,2,2,6,12.860119047619047,26.44047619047619
16,20,1,1,3,5,2,3,17.7609126984127,27.21785714285714
16,21,1,1,3,2,3,7,15.581547619047619,27.047619047619047
16,22,1,1,2,5,3,7,17.789285714285715,27.266666666666666
16,23,1,1,3,6,3,3,19.500198412698413,27.34404761904762
16,24,1,1,2,6,3,6,18.71468253968254,27.329761904761906
16,25,1,1,3,7,3,4,20.665674603174605,27.379761904761903
16,26,1,1,3,7,3,4,20.665674603174605,27.379761904761903
16,27,1,1,1,1,1,3,10.849801587301588,25.133333333333333
16,28,1,1,1,1,2,2,11.903769841269842,26.044047619047618
16,29,1,1,3,6,3,3,19.500198412698413,27.34404761904762
16,30,1,1,2,6,3,6,18.71468253968254,27.329761904761906
16,31,1,1,3,2,3,7,15.581547619047619,27.047619047619047
16,32,1,1,1,2,3,8,13.745039682539684,26.56309523809524
16,33,1,1,3,6,5,3,21.631746031746033,27.391666666666666
16,34,1,1,1,2,3,6,13.599404761904761,26.510714285714286
16,35,1,1,1,2,2,4,12.703373015873016,26.325
16,36,1,1,1,1,2,4,11.935714285714285,26.064285714285713
16,37,1,1,2,5,2,2,16.551388888888887,27.191666666666666
16,38,1,1,1,1,2,3,11.77579365079365,25.920238095238094
16,39,1,1,1,1,2,7,11.836507936507937,25.939285714285713
16,40,1,1,3,2,2,2,14.612499999999999,26.951190476190476
16,41,3,3,3,7,3,4,24.39107142857143,27.39761904761905
16,42,1,1,1,2,2,6,12.860119047619047,26.44047619047619
16,43,1,1,1,2,3,6,13.599404761904761,26.510714285714286
16,44,1,1,1,1,1,3,10.849801587301588,25.133333333333333
16,45,2,6,6,2,3,8,24.902380952380952,27.426190476190477
16,46,3,3,3,7,3,4,24.39107142857143,27.39761904761905
16,47,1,1,2,5,3,7,17.789285714285715,27.266666666666666
16,48,1,1,1,2,2,4,12.703373015873016,26.325
16,49,1,1,1,2,3,5,13.691666666666666,26.541666666666664
17,0,1,2,7,5,9,9,29.87063492063492,27.51547619047619
17,1,1,1,1,1,1,4,10.841468253968253,25.06547619047619
17,2,1,1,1,1,1,4,10.841468253968253,25.06547619047619
17,3,1,1,6,5,9,5,27.81388888888889,27.47738095238095
17,4,1,1,1,2,1,8,11.682936507936509,25.81547619047619
17,5,1,1,1,1,1,5,10.903174603174604,25.275
17,6,1,1,7,5,6,3,25.757539682539683,27.472619047619048
17,7,1,6,6,2,3,9,23.862896825396827,27.396428571428572
17,8,1,1,2,2,2,6,13.973214285714285,26.771428571428572
17,9,1,1,1,2,3,9,13.654563492063492,26.582142857142856
17,10,1,1,3,2,2,2,14.612499999999999,26.951190476190476
17,11,1,1,3,6,5,3,21.631746031746033,27.391666666666666
17,12,1,1,2,2,3,4,14.600992063492063,26.77261904761905
17,13,1,1,1,1,1,5,10.903174603174604,25.275
17,14,1,1,1,1,2,4,11.935714285714285,26.064285714285713
17,15,1,1,1,2,2,5,12.67718253968254,26.295238095238094
17,16,1,1,2,5,2,2,16.551388888888887,27.191666666666666
17,17,1,1,1,2,2,6,12.860119047619047,26.44047619047619
17,18,1,1,1,2,1,8,11.682936507936509,25.81547619047619
17,19,1,1,3,5,2,3,17.7609126984127,27.21785714285714
17,20,1,1,3,2,3,7,15.581547619047619,27.047619047619047
17,21,1,1,2,5,3,7,17.789285714285715,27.266666666666666
17,22,1,1,1,2,3,6,13.599404761904761,26.510714285714286
17,23,1,1,3,2,3,8,15.86329365079365,27.125
17,24,1,1,3,6,3,3,19.500198412698413,27.34404761904762
17,25,1,1,2,6,3,6,18.71468253968254,27.329761904761906
17,26,1,1,3,7,3,4,20.665674603174605,27.379761904761903
17,27,1,1,3,7,3,4,20.665674603174605,27.379761904761903
17,28,1,1,1,1,1,3,10.849801587301588,25.133333333333333
17,29,1,1,1,1,2,7,11.836507936507937,25.939285714285713
17,30,2,6,6,2,3,8,24.902380952380952,27.426190476190477
17,31,1,1,1,1,2,2,11.903769841269842,26.044047619047618
17,32,1,1,3,6,3,3,19.500198412698413,27.34404761904762
17,33,1,1,2,6,3,6,18.71468253968254,27.329761904761906
17,34,1,1,3,2,3,7,15.581547619047619,27.047619047619047
17,35,1,1,3,6,5,3,21.631746031746033,27.391666666666666
17,36,1,1,1,2,2,5,12.67718253968254,26.295238095238094
17,37,1,1,1,2,2,4,12.703373015873016,26.325
17,38,1,1,1,1,2,4,11.935714285714285,26.064285714285713
17,39,1,1,2,5,2,2,16.551388888888887,27.191666666666666
17,40,1,1,1,1,2,3,11.77579365079365,25.920238095238094
17,41,2,6,6,2,3,8,24.902380952380952,27.426190476190477
17,42,1,1,3,2,3,8,15.86329365079365,27.125
17,43,1,1,3,2,2,2,14.612499999999999,26.951190476190476
17,44,3,3,3,7,3,4,24.39107142857143,27.39761904761905
17,45,1,1,1,2,2,6,12.860119047619047,26.44047619047619
17,46,1,1,1,2,3,6,13.599404761904761,26.510714285714286
17,47,1,1,1,1,1,3,10.849801587301588,25.133333333333333
17,48,3,3,3,7,3,4,24.39107142857143,27.39761904761905
17,49,1,1,2,5,3,7,17.789285714285715,27.266666666666666
18,0,1,2,7,5,9,9,29.87063492063492,27.51547619047619
18,1,1,2,7,5,9,9,29.87063492063492,27.51547619047619
18,2,1,1,1,1,1,4,10.841468253968253,25.06547619047619
18,3,1,1,1,1,1,4,10.841468253968253,25.06547619047619
18,4,1,1,6,5,9,5,27.81388888888889,27.47738095238095
18,5,1,1,1,2,1,8,11.682936507936509,25.81547619047619
18,6,1,1,1,1,1,5,10.903174603174604,25.275
18,7,1,1,1,2,2,8,12.973809523809523,26.62857142857143
18,8,1,1,7,5,6,3,25.757539682539683,27.472619047619048
18,9,1,1,2,2,2,8,13.853769841269841,26.795238095238094
18,10,1,6,6,2,3,9,23.862896825396827,27.396428571428572
18,11,1,1,3,6,5,3,21.631746031746033,27.391666666666666
18,12,1,1,1,5,2,6,15.720039682539683,27.164285714285715
18,13,1,1,2,2,2,9,13.959722222222222,26.873809523809523
18,14,1,1,1,1,1,5,10.903174603174604,25.275
18,15,1,1,3,2,3,7,15.581547619047619,27.047619047619047
18,16,1,1,1,1,2,4,11.935714285714285,26.064285714285713
18,17,1,1,3,5,2,3,17.7609126984127,27.21785714285714
18,18,1,1,1,2,2,5,12.67718253968254,26.295238095238094
18,19,1,1,1,2,2,6,12.860119047619047,26.44047619047619
18,20,1,1,1,2,1,8,11.682936507936509,25.81547619047619
18,21,1,1,3,2,2,2,14.612499999999999,26.951190476190476
18,22,1,1,2,5,2,2,16.551388888888887,27.191666666666666
18,23,1,1,3,5,2,5,17.820238095238096,27.27261904761905
18,24,1,1,3,2,2,2,14.612499999999999,26.951190476190476
18,25,1,1,1,2,2,4,12.703373015873016,26.325
18,26,1,1,3,6,3,3,19.500198412698413,27.34404761904762
18,27,1,1,3,7,3,4,20.665674603174605,27.379761904761903
18,28,1,1,3,7,3,4,20.665674603174605,27.379761904761903
18,29,1,1,2,6,3,6,18.71468253968254,27.329761904761906
18,30,1,1,1,1,2,3,11.77579365079365,25.920238095238094
18,31,1,1,1,1,1,3,10.849801587301588,25.133333333333333
18,32,1,1,1,1,2,7,11.836507936507937,25.939285714285713
18,33,2,6,6,2,3,8,24.902380952380952,27.426190476190477
18,34,1,1,3,6,3,3,19.500198412698413,27.34404761904762
18,35,1,1,2,5,2,2,16.551388888888887,27.191666666666666
18,36,1,1,1,2,2,6,12.860119047619047,26.44047619047619
18,37,1,1,2,6,3,6,18.71468253968254,27.329761904761906
18,38,1,1,3,6,5,3,21.631746031746033,27.391666666666666
18,39,1,1,1,2,2,5,12.67718253968254,26.295238095238094
18,40,1,1,1,1,2,4,11.935714285714285,26.064285714285713
18,41,1,1,3,2,3,7,15.581547619047619,27.047619047619047
18,42,2,6,6,2,3,8,24.902380952380952,27.426190476190477
18,43,1,1,1,1,2,2,11.903769841269842,26.044047619047618
18,44,3,3,3,7,3,4,24.39107142857143,27.39761904761905
18,45,1,1,1,1,1,3,10.849801587301588,25.133333333333333
18,46,3,3,3,7,3,4,24.39107142857143,27.39761904761905
18,47,1,1,2,5,3,7,17.789285714285715,27.266666666666666
18,48,1,1,1,1,2,2,11.903769841269842,26.044047619047618
18,49,1,1,2,5,3,7,17.789285714285715,27.266666666666666
19,0,1,1,1,1,1,4,10.841468253968253,25.06547619047619
19,1,1,2,7,5,9,9,29.87063492063492,27.51547619047619
19,2,1,2,7,5,9,9,29.87063492063492,27.51547619047619
19,3,1,1,1,1,1,4,10.841468253968253,25.06547619047619
19,4,1,1,1,2,1,8,11.682936507936509,25.81547619047619
19,5,1,1,1,1,1,5,10.903174603174604,25.275
19,6,1,1,1,2,2,8,12.973809523809523,26.62857142857143
19,7,1,1,7,5,6,3,25.757539682539683,27.472619047619048
19,8,1,1,2,2,2,8,13.853769841269841,26.795238095238094
19,9,1,6,6,2,3,9,23.862896825396827,27.396428571428572
19,10,1,1,1,2,2,9,12.832738095238096,26.47738095238095
19,11,1,1,6,5,9,5,27.81388888888889,27.47738095238095
19,12,1,1,3,6,5,3,21.631746031746033,27.391666666666666
19,13,1,1,6,5,9,5,27.81388888888889,27.47738095238095
19,14,1,1,1,5,2,6,15.720039682539683,27.164285714285715
19,15,1,1,2,2,2,9,13.959722222222222,26.873809523809523
19,16,1,1,1,1,1,5,10.903174603174604,25.275
19,17,1,1,3,2,3,7,15.581547619047619,27.047619047619047
19,18,1,1,1,1,2,4,11.935714285714285,26.064285714285713
19,19,1,1,3,5,2,3,17.7609126984127,27.21785714285714
19,20,1,1,1,2,2,5,12.67718253968254,26.295238095238094
19,21,1,1,1,2,1,8,11.682936507936509,25.81547619047619
19,22,1,1,1,2,2,4,12.703373015873016,26.325
19,23,1,1,3,2,2,2,14.612499999999999,26.951190476190476
19,24,1,1,2,5,2,2,16.551388888888887,27.191666666666666
19,25,1,1,3,5,2,5,17.820238095238096,27.27261904761905
19,26,1,1,3,2,2,2,14.612499999999999,26.951190476190476
19,27,1,1,3,6,3,3,19.500198412698413,27.34404761904762
19,28,1,1,3,7,3,4,20.665674603174605,27.379761904761903
19,29,1,1,3,7,3,4,20.665674603174605,27.379761904761903
19,30,1,1,2,6,3,6,18.71468253968254,27.329761904761906
19,31,1,1,1,1,1,3,10.849801587301588,25.133333333333333
19,32,1,1,1,1,2,7,11.836507936507937,25.939285714285713
19,33,2,6,6,2,3,8,24.902380952380952,27.426190476190477
19,34,1,1,3,6,3,3,19.500198412698413,27.34404761904762
19,35,1,1,2,5,2,2,16.551388888888887,27.191666666666666
19,36,1,1,2,6,3,6,18.71468253968254,27.329761904761906
19,37,1,1,3,6,5,3,21.631746031746033,27.391666666666666
19,38,1,1,1,2,2,5,12.67718253968254,26.295238095238094
19,39,1,1,1,1,2,4,11.935714285714285,26.064285714285713
19,40,1,1,3,2,3,7,15.581547619047619,27.047619047619047
19,41,1,1,1,1,2,3,11.77579365079365,25.920238095238094
19,42,2,6,6,2,3,8,24.902380952380952,27.426190476190477
19,43,1,1,1,1,2,2,11.903769841269842,26.044047619047618
19,44,3,3,3,7,3,4,24.39107142857143,27.39761904761905
19,45,1,1,1,1,1,3,10.849801587301588,25.133333333333333
19,46,3,3,3,7,3,4,24.39107142857143,27.39761904761905
19,47,1,1,2,5,3,7,17.789285714285715,27.266666666666666
19,48,1,1,1,1,2,3,11.77579365079365,25.920238095238094
19,49,1,1,1,1,2,2,11.903769841269842,26.044047619047618
20,0,1,2,7,5,9,9,29.87063492063492,27.51547619047619
20,1,1,2,7,5,9,9,29.87063492063492,27.51547619047619
20,2,1,1,1,1,1,4,10.841468253968253,25.06547619047619
20,3,1,1,1,1,1,4,10.841468253968253,25.06547619047619
20,4,1,1,1,2,1,8,11.682936507936509,25.81547619047619
20,5,1,1,1,1,1,5,10.903174603174604,25.275
20,6,1,1,1,2,2,8,12.973809523809523,26.62857142857143
20,7,1,1,7,5,6,3,25.757539682539683,27.472619047619048
20,8,1,1,2,2,2,8,13.853769841269841,26.795238095238094
20,9,1,1,6,5,9,5,27.81388888888889,27.47738095238095
20,10,1,1,3,6,5,3,21.631746031746033,27.391666666666666
20,11,1,6,6,2,3,9,23.862896825396827,27.396428571428572
20,12,1,1,6,5,9,5,27.81388888888889,27.47738095238095
20,13,1,1,1,1,1,5,10.903174603174604,25.275
20,14,1,1,3,2,3,7,15.581547619047619,27.047619047619047
20,15,1,1,1,1,2,4,11.935714285714285,26.064285714285713
20,16,1,1,1,2,2,5,12.67718253968254,26.295238095238094
20,17,1,1,1,5,2,6,15.720039682539683,27.164285714285715
20,18,1,1,1,2,1,8,11.682936507936509,25.81547619047619
20,19,1,1,3,5,2,3,17.7609126984127,27.21785714285714
20,20,1,1,1,2,2,4,12.703373015873016,26.325
20,21,1,1,3,2,2,2,14.612499999999999,26.951190476190476
20,22,1,1,2,5,2,2,16.551388888888887,27.191666666666666
20,23,1,1,3,5,2,5,17.820238095238096,27.27261904761905
20,24,1,1,3,2,2,2,14.612499999999999,26.951190476190476
20,25,1,1,1,2,2,9,12.832738095238096,26.47738095238095
20,26,1,1,1,2,2,9,12.832738095238096,26.47738095238095
20,27,1,1,3,6,3,3,19.500198412698413,27.34404761904762
20,28,1,1,2,2,2,9,13.959722222222222,26.873809523809523
20,29,1,1,3,7,3,4,20.665674603174605,27.379761904761903
20,30,1,1,3,7,3,4,20.665674603174605,27.379761904761903
20,31,1,1,2,6,3,6,18.71468253968254,27.329761904761906
20,32,1,1,1,1,1,3,10.849801587301588,25.133333333333333
20,33,1,1,1,1,2,7,11.836507936507937,25.939285714285713
20,34,2,6,6,2,3,8,24.902380952380952,27.426190476190477
20,35,1,1,3,6,3,3,19.500198412698413,27.34404761904762
20,36,1,1,2,5,2,2,16.551388888888887,27.191666666666666
20,37,1,1,2,6,3,6,18.71468253968254,27.329761904761906
20,38,1,1,3,6,5,3,21.631746031746033,27.391666666666666
20,39,1,1,1,2,2,5,12.67718253968254,26.295238095238094
20,40,1,1,1,1,2,4,11.935714285714285,26.064285714285713
20,41,1,1,3,2,3,7,15.581547619047619,27.047619047619047
20,42,1,1,1,1,2,3,11.77579365079365,25.920238095238094
20,43,2,6,6,2,3,8,24.902380952380952,27.426190476190477
20,44,1,1,1,1,2,2,11.903769841269842,26.044047619047618
20,45,3,3,3,7,3,4,24.39107142857143,27.39761904761905
20,46,1,1,2,2,2,9,13.959722222222222,26.873809523809523
20,47,1,1,1,1,1,3,10.849801587301588,25.133333333333333
20,48,1,6,6,2,3,9,23.862896825396827,27.396428571428572
20,49,3,3,3,7,3,4,24.39107142857143,27.39761904761905
21,0,1,2,7,5,9,9,29.87063492063492,27.51547619047619
21,1,1,2,7,5,9,9,29.87063492063492,27.51547619047619
21,2,1,1,1,1,1,4,10.841468253968253,25.06547619047619
21,3,1,1,1,1,1,4,10.841468253968253,25.06547619047619
21,4,1,1,1,2,1,8,11.682936507936509,25.81547619047619
21,5,1,1,1,1,1,5,10.903174603174604,25.275
21,6,1,1,2,2,2,8,13.853769841269841,26.795238095238094
21,7,1,1,7,5,6,3,25.757539682539683,27.472619047619048
21,8,1,1,6,5,9,5,27.81388888888889,27.47738095238095
21,9,1,1,3,6,5,3,21.631746031746033,27.391666666666666
21,10,1,6,6,2,3,9,23.862896825396827,27.396428571428572
21,11,1,1,6,5,9,5,27.81388888888889,27.47738095238095
21,12,1,1,1,2,2,8,12.973809523809523,26.62857142857143
21,13,1,1,3,5,2,3,17.7609126984127,27.21785714285714
21,14,1,1,1,1,1,5,10.903174603174604,25.275
21,15,1,1,3,2,3,7,15.581547619047619,27.047619047619047
21,16,1,1,1,1,2,4,11.935714285714285,26.064285714285713
21,17,1,1,3,5,2,5,17.820238095238096,27.27261904761905
21,18,1,1,1,2,2,5,12.67718253968254,26.295238095238094
21,19,1,1,1,5,2,6,15.720039682539683,27.164285714285715
21,20,1,1,1,2,1,8,11.682936507936509,25.81547619047619
21,21,1,1,3,2,2,2,14.612499999999999,26.951190476190476
21,22,1,1,1,2,2,8,12.973809523809523,26.62857142857143
21,23,1,1,2,5,2,2,16.551388888888887,27.191666666666666
21,24,1,1,3,2,2,2,14.612499999999999,26.951190476190476
21,25,1,1,1,2,2,9,12.832738095238096,26.47738095238095
21,26,1,1,1,2,2,9,12.832738095238096,26.47738095238095
21,27,1,1,3,6,3,3,19.500198412698413,27.34404761904762
21,28,1,1,2,2,2,9,13.959722222222222,26.873809523809523
21,29,1,1,3,7,3,4,20.665674603174605,27.379761904761903
21,30,1,1,3,7,3,4,20.665674603174605,27.379761904761903
21,31,1,1,2,6,3,6,18.71468253968254,27.329761904761906
21,32,1,1,1,2,2,4,12.703373015873016,26.325
21,33,1,1,1,1,1,3,10.849801587301588,25.133333333333333
21,34,1,1,1,1,2,7,11.836507936507937,25.939285714285713
21,35,2,6,6,2,3,8,24.902380952380952,27.426190476190477
21,36,1,1,1,1,2,2,11.903769841269842,26.044047619047618
21,37,1,1,3,6,3,3,19.500198412698413,27.34404761904762
21,38,1,1,2,5,2,2,16.551388888888887,27.191666666666666
21,39,1,1,2,6,3,6,18.71468253968254,27.329761904761906
21,40,1,1,3,6,5,3,21.631746031746033,27.391666666666666
21,41,1,1,1,2,2,5,12.67718253968254,26.295238095238094
21,42,1,1,1,1,2,4,11.935714285714285,26.064285714285713
21,43,1,1,7,5,6,3,25.757539682539683,27.472619047619048
21,44,1,1,3,2,3,7,15.581547619047619,27.047619047619047
21,45,1,1,1,1,2,3,11.77579365079365,25.920238095238094
21,46,2,6,6,2,3,8,24.902380952380952,27.426190476190477
21,47,3,3,3,7,3,4,24.39107142857143,27.39761904761905
21,48,1,1,2,2,2,9,13.959722222222222,26.873809523809523
21,49,1,1,1,1,1,3,10.849801587301588,25.133333333333333
22,0,1,1,1,1,1,4,10.841468253968253,25.06547619047619
22,1,1,2,7,5,9,9,29.87063492063492,27.51547619047619
22,2,1,1,1,1,1,4,10.841468253968253,25.06547619047619
22,3,1,2,7,5,9,9,29.87063492063492,27.51547619047619
22,4,1,1,1,1,2,8,11.67202380952381,26.057142857142857
22,5,1,1,1,1,1,5,10.903174603174604,25.275
22,6,1,1,2,2,2,8,13.853769841269841,26.795238095238094
22,7,1,6,6,2,3,9,23.862896825396827,27.396428571428572
22,8,1,1,7,5,6,3,25.757539682539683,27.472619047619048
22,9,1,1,6,5,9,5,27.81388888888889,27.47738095238095
22,10,1,1,3,6,5,3,21.631746031746033,27.391666666666666
22,11,1,1,6,5,9,5,27.81388888888889,27.47738095238095
22,12,1,1,1,1,2,4,11.935714285714285,26.064285714285713
22,13,1,1,1,2,2,8,12.973809523809523,26.62857142857143
22,14,1,1,3,5,2,3,17.7609126984127,27.21785714285714
22,15,1,1,1,1,1,5,10.903174603174604,25.275
22,16,1,1,3,5,2,5,17.820238095238096,27.27261904761905
22,17,1,1,1,2,2,5,12.67718253968254,26.295238095238094
22,18,1,1,3,2,2,2,14.612499999999999,26.951190476190476
22,19,1,1,1,5,2,6,15.720039682539683,27.164285714285715
22,20,1,1,1,2,2,8,12.973809523809523,26.62857142857143
22,21,1,1,2,5,2,2,16.551388888888887,27.191666666666666
22,22,1,1,3,2,2,2,14.612499999999999,26.951190476190476
22,23,1,1,1,2,2,9,12.832738095238096,26.47738095238095
22,24,1,1,1,2,2,9,12.832738095238096,26.47738095238095
22,25,1,1,3,6,3,3,19.500198412698413,27.34404761904762
22,26,3,3,3,7,3,4,24.39107142857143,27.39761904761905
22,27,1,1,2,2,2,9,13.959722222222222,26.873809523809523
22,28,1,1,3,7,3,4,20.665674603174605,27.379761904761903
22,29,1,1,3,7,3,4,20.665674603174605,27.379761904761903
22,30,1,1,2,6,3,6,18.71468253968254,27.329761904761906
22,31,1,1,1,2,2,4,12.703373015873016,26.325
22,32,1,1,3,2,3,7,15.581547619047619,27.047619047619047
22,33,1,1,1,1,1,3,10.849801587301588,25.133333333333333
22,34,2,6,6,2,3,8,24.902380952380952,27.426190476190477
22,35,1,1,3,6,3,3,19.500198412698413,27.34404761904762
22,36,1,1,2,5,2,2,16.551388888888887,27.191666666666666
22,37,1,1,2,6,3,6,18.71468253968254,27.329761904761906
22,38,1,1,3,6,5,3,21.631746031746033,27.391666666666666
22,39,1,1,1,2,2,5,12.67718253968254,26.295238095238094
22,40,1,1,7,5,6,3,25.757539682539683,27.472619047619048
22,41,2,6,6,2,3,8,24.902380952380952,27.426190476190477
22,42,1,1,3,2,3,7,15.581547619047619,27.047619047619047
22,43,1,1,1,1,2,4,11.935714285714285,26.064285714285713
22,44,1,1,1,5,2,9,15.654166666666667,27.07857142857143
22,45,1,1,2,2,2,9,13.959722222222222,26.873809523809523
22,46,1,1,1,1,1,3,10.849801587301588,25.133333333333333
22,47,1,1,1,2,2,4,12.703373015873016,26.325
22,48,1,1,1,5,2,9,15.654166666666667,27.07857142857143
22,49,1,1,1,5,2,6,15.720039682539683,27.164285714285715
23,0,1,2,7,5,9,9,29.87063492063492,27.51547619047619
23,1,1,1,1,1,1,4,10.841468253968253,25.06547619047619
23,2,1,1,1,1,1,4,10.841468253968253,25.06547619047619
23,3,1,2,7,5,9,9,29.87063492063492,27.51547619047619
23,4,1,1,1,1,2,8,11.67202380952381,26.057142857142857
23,5,1,1,1,1,1,5,10.903174603174604,25.275
23,6,1,1,2,2,2,8,13.853769841269841,26.795238095238094
23,7,1,6,6,2,3,9,23.862896825396827,27.396428571428572
23,8,1,1,2,2,1,8,12.564087301587302,26.12142857142857
23,9,1,1,7,5,6,3,25.757539682539683,27.472619047619048
23,10,1,1,6,5,9,5,27.81388888888889,27.47738095238095
23,11,1,1,3,6,5,3,21.631746031746033,27.391666666666666
23,12,1,1,6,5,9,5,27.81388888888889,27.47738095238095
23,13,1,1,1,2,2,8,12.973809523809523,26.62857142857143
23,14,1,1,3,5,2,5,17.820238095238096,27.27261904761905
23,15,1,1,3,5,2,2,17.57123015873016,27.22142857142857
23,16,1,1,1,1,1,5,10.903174603174604,25.275
23,17,1,1,3,2,2,2,14.612499999999999,26.951190476190476
23,18,1,1,1,5,2,6,15.720039682539683,27.164285714285715
23,19,1,1,1,2,2,8,12.973809523809523,26.62857142857143
23,20,1,1,3,2,2,2,14.612499999999999,26.951190476190476
23,21,1,1,1,2,2,5,12.67718253968254,26.295238095238094
23,22,1,1,1,2,2,2,12.789880952380953,26.44047619047619
23,23,1,1,3,6,3,3,19.500198412698413,27.34404761904762
23,24,3,3,3,7,3,4,24.39107142857143,27.39761904761905
23,25,1,1,2,2,2,9,13.959722222222222,26.873809523809523
23,26,1,1,3,7,3,4,20.665674603174605,27.379761904761903
23,27,1,1,3,7,3,4,20.665674603174605,27.379761904761903
23,28,1,1,2,5,2,2,16.551388888888887,27.191666666666666
23,29,1,1,2,6,3,6,18.71468253968254,27.329761904761906
23,30,1,1,1,2,2,9,12.832738095238096,26.47738095238095
23,31,1,1,3,2,3,7,15.581547619047619,27.047619047619047
23,32,1,1,1,1,1,3,10.849801587301588,25.133333333333333
23,33,2,6,6,2,3,8,24.902380952380952,27.426190476190477
23,34,1,1,3,6,3,3,19.500198412698413,27.34404761904762
23,35,1,1,2,5,2,2,16.551388888888887,27.191666666666666
23,36,1,1,2,6,3,6,18.71468253968254,27.329761904761906
23,37,1,1,3,6,5,3,21.631746031746033,27.391666666666666
23,38,1,1,1,2,2,4,12.703373015873016,26.325
23,39,1,1,7,5,6,3,25.757539682539683,27.472619047619048
23,40,2,6,6,2,3,8,24.902380952380952,27.426190476190477
23,41,1,1,1,1,2,8,11.67202380952381,26.057142857142857
23,42,1,1,3,2,3,7,15.581547619047619,27.047619047619047
23,43,1,1,1,5,2,9,15.654166666666667,27.07857142857143
23,44,1,1,1,1,2,4,11.935714285714285,26.064285714285713
23,45,1,1,2,2,2,9,13.959722222222222,26.873809523809523
23,46,1,1,1,1,2,4,11.935714285714285,26.064285714285713
23,47,1,1,1,1,1,3,10.849801587301588,25.133333333333333
23,48,1,1,1,2,2,9,12.832738095238096,26.47738095238095
23,49,1,1,1,2,2,5,12.67718253968254,26.295238095238094
24,0,1,2,7,5,9,9,29.87063492063492,27.51547619047619
24,1,1,1,1,1,1,8,10.835714285714285,25.154761904761905
24,2,1,2,7,5,9,9,29.87063492063492,27.51547619047619
24,3,1,1,1,1,2,8,11.67202380952381,26.057142857142857
24,4,1,1,1,1,1,5,10.903174603174604,25.275
24,5,1,1,7,5,6,3,25.757539682539683,27.472619047619048
24,6,1,1,6,5,9,5,27.81388888888889,27.47738095238095
24,7,1,1,7,6,3,3,23.81626984126984,27.40714285714286
24,8,1,1,3,6,5,3,21.631746031746033,27.391666666666666
24,9,1,1,1,2,2,8,12.973809523809523,26.62857142857143
24,10,1,1,6,5,9,5,27.81388888888889,27.47738095238095
24,11,1,1,2,2,1,8,12.564087301587302,26.12142857142857
24,12,1,1,3,5,2,2,17.57123015873016,27.22142857142857
24,13,1,1,1,1,1,5,10.903174603174604,25.275
24,14,1,1,3,2,2,2,14.612499999999999,26.951190476190476
24,15,1,1,1,5,2,6,15.720039682539683,27.164285714285715
24,16,1,1,2,2,2,8,13.853769841269841,26.795238095238094
24,17,1,1,1,2,2,8,12.973809523809523,26.62857142857143
24,18,2,6,6,2,3,8,24.902380952380952,27.426190476190477
24,19,1,1,2,2,2,8,13.853769841269841,26.795238095238094
24,20,1,1,3,2,2,2,14.612499999999999,26.951190476190476
24,21,1,1,1,2,2,5,12.67718253968254,26.295238095238094
24,22,1,1,1,2,2,2,12.789880952380953,26.44047619047619
24,23,1,1,3,5,2,5,17.820238095238096,27.27261904761905
24,24,1,1,2,2,2,9,13.959722222222222,26.873809523809523
24,25,1,1,3,6,3,3,19.500198412698413,27.34404761904762
24,26,1,1,1,2,2,9,12.832738095238096,26.47738095238095
24,27,1,1,3,7,3,4,20.665674603174605,27.379761904761903
24,28,1,1,3,7,3,4,20.665674603174605,27.379761904761903
24,29,1,1,2,6,3,6,18.71468253968254,27.329761904761906
24,30,1,1,2,5,2,2,16.551388888888887,27.191666666666666
24,31,1,1,3,2,3,7,15.581547619047619,27.047619047619047
24,32,1,1,7,6,3,3,23.81626984126984,27.40714285714286
24,33,1,1,3,6,5,3,21.631746031746033,27.391666666666666
24,34,1,1,1,5,2,9,15.654166666666667,27.07857142857143
24,35,1,1,3,6,3,3,19.500198412698413,27.34404761904762
24,36,1,1,2,5,2,2,16.551388888888887,27.191666666666666
24,37,1,1,2,6,3,6,18.71468253968254,27.329761904761906
24,38,2,6,6,2,3,8,24.902380952380952,27.426190476190477
24,39,1,1,1,2,2,4,12.703373015873016,26.325
24,40,1,1,7,5,6,3,25.757539682539683,27.472619047619048
24,41,1,1,3,2,3,7,15.581547619047619,27.047619047619047
24,42,1,1,1,1,2,8,11.67202380952381,26.057142857142857
24,43,1,1,2,2,2,9,13.959722222222222,26.873809523809523
24,44,1,1,1,1,2,4,11.935714285714285,26.064285714285713
24,45,1,1,3,5,2,5,17.820238095238096,27.27261904761905
24,46,1,1,1,1,2,4,11.935714285714285,26.064285714285713
24,47,1,1,2,2,1,8,12.564087301587302,26.12142857142857
24,48,1,1,1,2,2,9,12.832738095238096,26.47738095238095
24,49,1,1,1,2,2,5,12.67718253968254,26.295238095238094
25,0,1,1,1,1,1,8,10.835714285714285,25.154761904761905
25,1,1,2,7,5,9,9,29.87063492063492,27.51547619047619
25,2,1,2,7,5,9,9,29.87063492063492,27.51547619047619
25,3,1,1,1,1,2,8,11.67202380952381,26.057142857142857
25,4,1,1,1,1,1,5,10.903174603174604,25.275
25,5,1,1,7,5,6,3,25.757539682539683,27.472619047619048
25,6,1,1,6,5,9,5,27.81388888888889,27.47738095238095
25,7,1,1,7,6,3,3,23.81626984126984,27.40714285714286
25,8,1,1,3,6,5,3,21.631746031746033,27.391666666666666
25,9,1,1,1,2,2,8,12.973809523809523,26.62857142857143
25,10,1,1,6,5,9,5,27.81388888888889,27.47738095238095
25,11,1,1,2,2,1,8,12.564087301587302,26.12142857142857
25,12,1,1,1,5,2,6,15.720039682539683,27.164285714285715
25,13,1,1,1,1,1,5,10.903174603174604,25.275
25,14,1,1,3,2,2,2,14.612499999999999,26.951190476190476
25,15,1,1,2,2,2,8,13.853769841269841,26.795238095238094
25,16,1,1,1,2,2,8,12.973809523809523,26.62857142857143
25,17,2,6,6,2,3,8,24.902380952380952,27.426190476190477
25,18,1,1,2,2,2,8,13.853769841269841,26.795238095238094
25,19,1,1,3,5,2,2,17.57123015873016,27.22142857142857
25,20,1,1,3,2,2,2,14.612499999999999,26.951190476190476
25,21,1,1,1,2,2,5,12.67718253968254,26.295238095238094
25,22,1,1,3,5,2,5,17.820238095238096,27.27261904761905
25,23,1,1,2,2,2,9,13.959722222222222,26.873809523809523
25,24,1,1,1,2,2,4,12.703373015873016,26.325
25,25,1,1,3,6,3,3,19.500198412698413,27.34404761904762
25,26,1,1,1,2,2,9,12.832738095238096,26.47738095238095
25,27,1,1,3,7,3,4,20.665674603174605,27.379761904761903
25,28,1,1,3,7,3,4,20.665674603174605,27.379761904761903
25,29,1,1,2,6,3,6,18.71468253968254,27.329761904761906
25,30,1,1,2,5,2,2,16.551388888888887,27.191666666666666
25,31,1,1,3,2,3,7,15.581547619047619,27.047619047619047
25,32,1,1,7,6,3,3,23.81626984126984,27.40714285714286
25,33,1,1,3,6,5,3,21.631746031746033,27.391666666666666
25,34,1,1,1,5,2,9,15.654166666666667,27.07857142857143
25,35,1,1,3,6,3,3,19.500198412698413,27.34404761904762
25,36,1,1,2,5,2,2,16.551388888888887,27.191666666666666
25,37,1,1,2,6,3,6,18.71468253968254,27.329761904761906
25,38,2,6,6,2,3,8,24.902380952380952,27.426190476190477
25,39,1,1,1,2,2,2,12.789880952380953,26.44047619047619
25,40,1,1,7,5,6,3,25.757539682539683,27.472619047619048
25,41,1,1,3,2,3,7,15.581547619047619,27.047619047619047
25,42,1,1,1,1,2,8,11.67202380952381,26.057142857142857
25,43,1,1,2,2,2,9,13.959722222222222,26.873809523809523
25,44,1,1,1,1,2,4,11.935714285714285,26.064285714285713
25,45,1,1,3,5,2,5,17.820238095238096,27.27261904761905
25,46,1,1,1,1,2,4,11.935714285714285,26.064285714285713
25,47,1,1,2,2,1,8,12.564087301587302,26.12142857142857
25,48,1,1,3,5,2,2,17.57123015873016,27.22142857142857
25,49,1,1,1,2,2,9,12.832738095238096,26.47738095238095
26,0,1,2,7,5,9,9,29.87063492063492,27.51547619047619
26,1,1,2,7,5,9,9,29.87063492063492,27.51547619047619
26,2,1,1,1,1,1,8,10.835714285714285,25.154761904761905
26,3,1,1,1,1,2,8,11.67202380952381,26.057142857142857
26,4,1,1,1,1,1,5,10.903174603174604,25.275
26,5,1,1,7,5,6,3,25.757539682539683,27.472619047619048
26,6,1,1,6,5,9,5,27.81388888888889,27.47738095238095
26,7,1,1,7,6,3,3,23.81626984126984,27.40714285714286
26,8,1,1,3,6,5,3,21.631746031746033,27.391666666666666
26,9,1,1,1,2,2,8,12.973809523809523,26.62857142857143
26,10,1,1,6,5,9,5,27.81388888888889,27.47738095238095
26,11,1,1,2,2,1,8,12.564087301587302,26.12142857142857
26,12,1,1,1,6,3,9,17.541666666666668,27.25952380952381
26,13,1,1,1,5,2,6,15.720039682539683,27.164285714285715
26,14,1,1,3,2,2,2,14.612499999999999,26.951190476190476
26,15,1,1,1,1,1,5,10.903174603174604,25.275
26,16,1,1,2,2,2,8,13.853769841269841,26.795238095238094
26,17,1,1,1,2,2,8,12.973809523809523,26.62857142857143
26,18,2,6,6,2,3,8,24.902380952380952,27.426190476190477
26,19,1,1,2,2,2,8,13.853769841269841,26.795238095238094
26,20,1,1,3,2,2,2,14.612499999999999,26.951190476190476
26,21,1,1,1,2,2,5,12.67718253968254,26.295238095238094
26,22,1,1,2,5,2,2,16.551388888888887,27.191666666666666
26,23,1,1,2,2,2,9,13.959722222222222,26.873809523809523
26,24,1,1,1,2,2,4,12.703373015873016,26.325
26,25,1,1,3,6,3,3,19.500198412698413,27.34404761904762
26,26,1,1,1,2,2,9,12.832738095238096,26.47738095238095
26,27,1,1,3,7,3,4,20.665674603174605,27.379761904761903
26,28,1,1,3,7,3,4,20.665674603174605,27.379761904761903
26,29,1,1,2,6,3,6,18.71468253968254,27.329761904761906
26,30,1,1,3,2,3,7,15.581547619047619,27.047619047619047
26,31,1,1,2,5,2,2,16.551388888888887,27.191666666666666
26,32,1,1,7,6,3,3,23.81626984126984,27.40714285714286
26,33,1,1,3,6,5,3,21.631746031746033,27.391666666666666
26,34,1,1,1,5,2,9,15.654166666666667,27.07857142857143
26,35,1,1,3,6,3,3,19.500198412698413,27.34404761904762
26,36,1,1,1,1,1,9,10.87936507936508,25.18095238095238
26,37,1,1,2,6,3,6,18.71468253968254,27.329761904761906
26,38,2,6,6,2,3,8,24.902380952380952,27.426190476190477
26,39,1,1,3,5,2,5,17.820238095238096,27.27261904761905
26,40,1,1,1,2,2,2,12.789880952380953,26.44047619047619
26,41,1,1,7,5,6,3,25.757539682539683,27.472619047619048
26,42,1,1,3,2,3,7,15.581547619047619,27.047619047619047
26,43,1,1,1,1,2,8,11.67202380952381,26.057142857142857
26,44,1,1,3,5,2,5,17.820238095238096,27.27261904761905
26,45,1,1,2,2,2,9,13.959722222222222,26.873809523809523
26,46,1,1,1,1,2,4,11.935714285714285,26.064285714285713
26,47,1,1,1,1,2,4,11.935714285714285,26.064285714285713
26,48,1,1,2,2,1,8,12.564087301587302,26.12142857142857
26,49,1,1,1,2,2,9,12.832738095238096,26.47738095238095
27,0,1,1,1,1,1,8,10.835714285714285,25.154761904761905
27,1,1,2,7,5,9,9,29.87063492063492,27.51547619047619
27,2,1,2,7,5,9,9,29.87063492063492,27.51547619047619
27,3,1,1,1,1,2,8,11.67202380952381,26.057142857142857
27,4,1,1,1,1,1,5,10.903174603174604,25.275
27,5,1,1,7,5,6,3,25.757539682539683,27.472619047619048
27,6,1,1,6,5,9,5,27.81388888888889,27.47738095238095
27,7,1,1,7,6,3,3,23.81626984126984,27.40714285714286
27,8,1,1,3,6,5,3,21.631746031746033,27.391666666666666
27,9,1,1,1,2,2,8,12.973809523809523,26.62857142857143
27,10,1,1,6,5,9,5,27.81388888888889,27.47738095238095
27,11,1,1,2,2,1,8,12.564087301587302,26.12142857142857
27,12,1,1,1,5,2,6,15.720039682539683,27.164285714285715
27,13,1,1,1,2,2,5,12.67718253968254,26.295238095238094
27,14,1,1,3,2,2,2,14.612499999999999,26.951190476190476
27,15,1,1,1,1,1,5,10.903174603174604,25.275
27,16,1,1,2,2,2,8,13.853769841269841,26.795238095238094
27,17,1,1,1,2,2,8,12.973809523809523,26.62857142857143
27,18,2,6,6,2,3,8,24.902380952380952,27.426190476190477
27,19,1,1,2,2,2,8,13.853769841269841,26.795238095238094
27,20,1,1,3,2,2,2,14.612499999999999,26.951190476190476
27,21,1,1,2,5,2,2,16.551388888888887,27.191666666666666
27,22,1,1,1,2,2,2,12.789880952380953,26.44047619047619
27,23,1,1,2,2,2,9,13.959722222222222,26.873809523809523
27,24,1,1,1,2,2,4,12.703373015873016,26.325
27,25,1,1,3,6,3,3,19.500198412698413,27.34404761904762
27,26,1,1,1,2,2,9,12.832738095238096,26.47738095238095
27,27,1,1,3,7,3,4,20.665674603174605,27.379761904761903
27,28,1,1,3,7,3,4,20.665674603174605,27.379761904761903
27,29,1,1,2,6,3,6,18.71468253968254,27.329761904761906
27,30,1,1,3,2,3,7,15.581547619047619,27.047619047619047
27,31,1,1,2,5,2,2,16.551388888888887,27.191666666666666
27,32,1,1,7,6,3,3,23.81626984126984,27.40714285714286
27,33,1,1,1,6,3,9,17.541666666666668,27.25952380952381
27,34,1,1,3,6,5,3,21.631746031746033,27.391666666666666
27,35,1,1,1,5,2,9,15.654166666666667,27.07857142857143
27,36,1,1,3,6,3,3,19.500198412698413,27.34404761904762
27,37,1,1,1,1,1,9,10.87936507936508,25.18095238095238
27,38,1,1,2,6,3,6,18.71468253968254,27.329761904761906
27,39,2,6,6,2,3,8,24.902380952380952,27.426190476190477
27,40,1,1,3,5,2,5,17.820238095238096,27.27261904761905
27,41,1,1,7,5,6,3,25.757539682539683,27.472619047619048
27,42,1,1,3,2,3,7,15.581547619047619,27.047619047619047
27,43,1,1,1,1,2,8,11.67202380952381,26.057142857142857
27,44,1,1,1,6,3,9,17.541666666666668,27.25952380952381
27,45,1,1,3,5,2,5,17.820238095238096,27.27261904761905
27,46,1,1,2,2,2,9,13.959722222222222,26.873809523809523
27,47,1,1,1,1,2,4,11.935714285714285,26.064285714285713
27,48,1,1,1,1,2,4,11.935714285714285,26.064285714285713
27,49,1,1,2,2,1,8,12.564087301587302,26.12142857142857
28,0,1,2,7,5,9,9,29.87063492063492,27.51547619047619
28,1,1,1,1,1,1,8,10.835714285714285,25.154761904761905
28,2,1,2,7,5,9,9,29.87063492063492,27.51547619047619
28,3,1,1,1,1,2,8,11.67202380952381,26.057142857142857
28,4,1,1,1,1,1,5,10.903174603174604,25.275
28,5,1,1,7,5,6,3,25.757539682539683,27.472619047619048
28,6,1,1,6,5,9,5,27.81388888888889,27.47738095238095
28,7,1,1,6,6,4,3,23.526190476190475,27.402380952380952
28,8,1,1,1,2,2,8,12.973809523809523,26.62857142857143
28,9,1,1,6,5,9,5,27.81388888888889,27.47738095238095
28,10,1,1,2,2,1,8,12.564087301587302,26.12142857142857
28,11,1,1,3,6,5,3,21.631746031746033,27.391666666666666
28,12,1,1,1,5,2,6,15.720039682539683,27.164285714285715
28,13,1,1,1,2,2,5,12.67718253968254,26.295238095238094
28,14,1,1,1,2,2,9,12.832738095238096,26.47738095238095
28,15,1,1,1,1,1,5,10.903174603174604,25.275
28,16,1,1,2,2,2,8,13.853769841269841,26.795238095238094
28,17,1,1,1,2,2,8,12.973809523809523,26.62857142857143
28,18,2,6,6,2,3,8,24.902380952380952,27.426190476190477
28,19,1,1,2,2,2,8,13.853769841269841,26.795238095238094
28,20,1,1,2,5,2,2,16.551388888888887,27.191666666666666
28,21,1,1,2,2,2,9,13.959722222222222,26.873809523809523
28,22,1,1,1,2,2,4,12.703373015873016,26.325
28,23,1,1,3,6,3,3,19.500198412698413,27.34404761904762
28,24,1,1,3,7,3,4,20.665674603174605,27.379761904761903
28,25,1,1,3,7,3,4,20.665674603174605,27.379761904761903
28,26,1,1,2,6,3,6,18.71468253968254,27.329761904761906
28,27,1,1,2,5,2,2,16.551388888888887,27.191666666666666
28,28,1,1,7,6,3,3,23.81626984126984,27.40714285714286
28,29,1,1,1,6,3,9,17.541666666666668,27.25952380952381
28,30,1,1,1,5,2,9,15.654166666666667,27.07857142857143
28,31,1,1,3,6,3,3,19.500198412698413,27.34404761904762
28,32,1,1,3,6,5,3,21.631746031746033,27.391666666666666
28,33,1,1,1,1,1,9,10.87936507936508,25.18095238095238
28,34,1,1,2,6,3,6,18.71468253968254,27.329761904761906
28,35,2,6,6,2,3,8,24.902380952380952,27.426190476190477
28,36,1,1,3,5,2,5,17.820238095238096,27.27261904761905
28,37,1,1,1,2,2,2,12.789880952380953,26.44047619047619
28,38,1,1,3,2,2,2,14.612499999999999,26.951190476190476
28,39,1,1,3,2,3,7,15.581547619047619,27.047619047619047
28,40,1,1,7,5,6,3,25.757539682539683,27.472619047619048
28,41,1,1,3,2,2,8,14.91388888888889,26.975
28,42,1,1,3,2,2,8,14.91388888888889,26.975
28,43,1,1,3,2,2,2,14.612499999999999,26.951190476190476
28,44,1,1,1,1,2,8,11.67202380952381,26.057142857142857
28,45,1,1,1,6,3,9,17.541666666666668,27.25952380952381
28,46,1,1,3,5,2,5,17.820238095238096,27.27261904761905
28,47,1,1,2,2,2,9,13.959722222222222,26.873809523809523
28,48,1,1,1,1,2,4,11.935714285714285,26.064285714285713
28,49,1,1,1,1,2,4,11.935714285714285,26.064285714285713
29,0,1,1,1,1,1,8,10.835714285714285,25.154761904761905
29,1,1,1,1,1,1,8,10.835714285714285,25.154761904761905
29,2,1,2,7,5,9,9,29.87063492063492,27.51547619047619
29,3,1,2,7,5,9,9,29.87063492063492,27.51547619047619
29,4,1,1,1,1,2,8,11.67202380952381,26.057142857142857
29,5,1,1,1,1,1,5,10.903174603174604,25.275
29,6,1,2,3,7,3,8,21.796626984126984,27.441666666666666
29,7,1,1,7,5,6,3,25.757539682539683,27.472619047619048
29,8,1,1,2,2,1,8,12.564087301587302,26.12142857142857
29,9,1,1,6,5,9,5,27.81388888888889,27.47738095238095
29,10,1,1,7,5,6,3,25.757539682539683,27.472619047619048
29,11,1,1,1,2,2,8,12.973809523809523,26.62857142857143
29,12,1,1,6,5,9,5,27.81388888888889,27.47738095238095
29,13,1,1,1,2,2,5,12.67718253968254,26.295238095238094
29,14,1,1,3,2,3,7,15.581547619047619,27.047619047619047
29,15,1,1,1,1,1,5,10.903174603174604,25.275
29,16,1,1,1,5,2,6,15.720039682539683,27.164285714285715
29,17,1,1,2,2,2,8,13.853769841269841,26.795238095238094
29,18,1,1,1,2,2,8,12.973809523809523,26.62857142857143
29,19,1,1,2,2,2,8,13.853769841269841,26.795238095238094
29,20,1,1,2,5,2,2,16.551388888888887,27.191666666666666
29,21,1,1,3,6,5,3,21.631746031746033,27.391666666666666
29,22,1,1,1,2,2,2,12.789880952380953,26.44047619047619
29,23,1,1,2,2,2,9,13.959722222222222,26.873809523809523
29,24,1,1,3,6,3,3,19.500198412698413,27.34404761904762
29,25,1,1,1,2,2,9,12.832738095238096,26.47738095238095
29,26,1,1,3,7,3,4,20.665674603174605,27.379761904761903
29,27,1,1,3,7,3,4,20.665674603174605,27.379761904761903
29,28,1,1,2,6,3,6,18.71468253968254,27.329761904761906
29,29,1,1,2,5,2,2,16.551388888888887,27.191666666666666
29,30,1,1,1,6,3,9,17.541666666666668,27.25952380952381
29,31,1,1,1,5,2,9,15.654166666666667,27.07857142857143
29,32,1,1,3,6,3,3,19.500198412698413,27.34404761904762
29,33,1,1,2,6,3,6,18.71468253968254,27.329761904761906
29,34,1,1,3,5,2,5,17.820238095238096,27.27261904761905
29,35,1,1,1,2,2,4,12.703373015873016,26.325
29,36,1,1,3,2,2,2,14.612499999999999,26.951190476190476
29,37,1,1,3,2,2,8,14.91388888888889,26.975
29,38,1,1,3,2,2,8,14.91388888888889,26.975
29,39,1,1,3,2,2,2,14.612499999999999,26.951190476190476
29,40,1,1,1,1,2,8,11.67202380952381,26.057142857142857
29,41,1,1,1,6,3,9,17.541666666666668,27.25952380952381
29,42,1,1,1,1,1,9,10.87936507936508,25.18095238095238
29,43,1,1,3,5,2,5,17.820238095238096,27.27261904761905
29,44,1,1,2,2,2,9,13.959722222222222,26.873809523809523
29,45,1,1,1,1,2,4,11.935714285714285,26.064285714285713
29,46,1,1,1,1,2,4,11.935714285714285,26.064285714285713
29,47,1,1,1,2,2,9,12.832738095238096,26.47738095238095
29,48,1,1,1,2,2,4,12.703373015873016,26.325
29,49,1,1,1,5,2,6,15.720039682539683,27.164285714285715
30,0,1,1,1,1,1,8,10.835714285714285,25.154761904761905
30,1,1,2,7,5,9,9,29.87063492063492,27.51547619047619
30,2,1,2,7,5,9,9,29.87063492063492,27.51547619047619
30,3,1,1,1,1,1,8,10.835714285714285,25.154761904761905
30,4,1,1,1,2,1,7,11.664484126984126,25.776190476190475
30,5,1,2,3,7,3,8,21.796626984126984,27.441666666666666
30,6,1,1,1,1,1,5,10.903174603174604,25.275
30,7,1,1,7,5,6,3,25.757539682539683,27.472619047619048
30,8,1,1,2,2,1,8,12.564087301587302,26.12142857142857
30,9,1,1,1,1,2,8,11.67202380952381,26.057142857142857
30,10,1,1,6,5,9,5,27.81388888888889,27.47738095238095
30,11,1,1,7,5,6,3,25.757539682539683,27.472619047619048
30,12,1,1,1,2,2,8,12.973809523809523,26.62857142857143
30,13,1,1,6,5,9,5,27.81388888888889,27.47738095238095
30,14,1,1,1,2,2,5,12.67718253968254,26.295238095238094
30,15,1,1,3,6,5,3,21.631746031746033,27.391666666666666
30,16,1,1,1,5,2,6,15.720039682539683,27.164285714285715
30,17,1,1,1,1,1,5,10.903174603174604,25.275
30,18,1,1,2,2,2,8,13.853769841269841,26.795238095238094
30,19,1,1,1,2,2,8,12.973809523809523,26.62857142857143
30,20,1,1,2,2,2,8,13.853769841269841,26.795238095238094
30,21,1,1,3,2,3,7,15.581547619047619,27.047619047619047
30,22,1,1,2,5,2,2,16.551388888888887,27.191666666666666
30,23,1,1,1,2,2,2,12.789880952380953,26.44047619047619
30,24,1,1,2,2,2,9,13.959722222222222,26.873809523809523
30,25,1,1,3,6,3,3,19.500198412698413,27.34404761904762
30,26,1,1,1,2,2,9,12.832738095238096,26.47738095238095
30,27,1,1,3,7,3,4,20.665674603174605,27.379761904761903
30,28,1,1,3,7,3,4,20.665674603174605,27.379761904761903
30,29,1,1,3,2,2,5,14.941269841269841,26.991666666666667
30,30,1,1,2,6,3,6,18.71468253968254,27.329761904761906
30,31,1,1,2,5,2,2,16.551388888888887,27.191666666666666
30,32,1,1,1,6,3,9,17.541666666666668,27.25952380952381
30,33,1,1,1,5,2,9,15.654166666666667,27.07857142857143
30,34,1,1,3,6,3,3,19.500198412698413,27.34404761904762
30,35,1,1,1,1,1,9,10.87936507936508,25.18095238095238
30,36,1,1,2,6,3,6,18.71468253968254,27.329761904761906
30,37,1,1,3,5,2,5,17.820238095238096,27.27261904761905
30,38,1,1,1,2,2,4,12.703373015873016,26.325
30,39,1,1,3,2,2,2,14.612499999999999,26.951190476190476
30,40,1,1,3,2,2,2,14.612499999999999,26.951190476190476
30,41,1,1,1,6,3,9,17.541666666666668,27.25952380952381
30,42,1,1,3,5,2,5,17.820238095238096,27.27261904761905
30,43,1,1,2,2,2,9,13.959722222222222,26.873809523809523
30,44,1,1,1,1,2,4,11.935714285714285,26.064285714285713
30,45,1,1,1,1,2,4,11.935714285714285,26.064285714285713
30,46,1,1,1,2,2,9,12.832738095238096,26.47738095238095
30,47,1,1,3,2,2,8,14.91388888888889,26.975
30,48,1,1,1,2,2,4,12.703373015873016,26.325
30,49,1,1,1,5,2,6,15.720039682539683,27.164285714285715
31,0,1,1,1,1,1,8,10.835714285714285,25.154761904761905
31,1,1,1,1,1,1,8,10.835714285714285,25.154761904761905
31,2,1,2,7,5,9,9,29.87063492063492,27.51547619047619
31,3,1,2,7,5,9,9,29.87063492063492,27.51547619047619
31,4,1,2,3,7,3,8,21.796626984126984,27.441666666666666
31,5,1,1,1,1,1,5,10.903174603174604,25.275
31,6,1,1,1,2,1,7,11.664484126984126,25.776190476190475
31,7,1,1,7,5,6,3,25.757539682539683,27.472619047619048
31,8,1,1,1,2,1,7,11.664484126984126,25.776190476190475
31,9,1,1,2,2,1,8,12.564087301587302,26.12142857142857
31,10,1,1,1,1,2,8,11.67202380952381,26.057142857142857
31,11,1,1,6,5,9,5,27.81388888888889,27.47738095238095
31,12,1,1,7,5,6,3,25.757539682539683,27.472619047619048
31,13,1,1,1,2,2,8,12.973809523809523,26.62857142857143
31,14,1,1,6,5,9,5,27.81388888888889,27.47738095238095
31,15,1,1,3,6,5,3,21.631746031746033,27.391666666666666
31,16,1,1,1,5,2,6,15.720039682539683,27.164285714285715
31,17,1,1,1,1,1,5,10.903174603174604,25.275
31,18,1,1,2,2,2,8,13.853769841269841,26.795238095238094
31,19,1,1,1,2,2,8,12.973809523809523,26.62857142857143
31,20,1,1,2,2,2,8,13.853769841269841,26.795238095238094
31,21,1,1,1,2,2,5,12.67718253968254,26.295238095238094
31,22,1,1,3,2,3,7,15.581547619047619,27.047619047619047
31,23,1,1,2,5,2,2,16.551388888888887,27.191666666666666
31,24,1,1,1,2,2,2,12.789880952380953,26.44047619047619
31,25,1,1,2,2,2,9,13.959722222222222,26.873809523809523
31,26,1,1,3,6,3,3,19.500198412698413,27.34404761904762
31,27,1,1,1,2,2,9,12.832738095238096,26.47738095238095
31,28,1,1,3,7,3,4,20.665674603174605,27.379761904761903
31,29,1,1,3,7,3,4,20.665674603174605,27.379761904761903
31,30,1,1,2,6,3,6,18.71468253968254,27.329761904761906
31,31,1,1,2,5,2,2,16.551388888888887,27.191666666666666
31,32,1,1,1,6,3,9,17.541666666666668,27.25952380952381
31,33,1,1,1,5,2,9,15.654166666666667,27.07857142857143
31,34,1,1,3,6,3,3,19.500198412698413,27.34404761904762
31,35,1,1,1,1,1,9,10.87936507936508,25.18095238095238
31,36,1,1,2,6,3,6,18.71468253968254,27.329761904761906
31,37,1,1,3,5,2,5,17.820238095238096,27.27261904761905
31,38,1,1,1,2,2,4,12.703373015873016,26.325
31,39,1,1,3,2,2,2,14.612499999999999,26.951190476190476
31,40,1,1,3,2,2,2,14.612499999999999,26.951190476190476
31,41,1,1,1,6,3,9,17.541666666666668,27.25952380952381
31,42,1,1,3,2,2,5,14.941269841269841,26.991666666666667
31,43,1,1,3,5,2,5,17.820238095238096,27.27261904761905
31,44,1,1,2,2,2,9,13.959722222222222,26.873809523809523
31,45,1,1,1,1,2,4,11.935714285714285,26.064285714285713
31,46,1,1,1,1,2,4,11.935714285714285,26.064285714285713
31,47,1,1,3,2,2,5,14.941269841269841,26.991666666666667
31,48,1,1,1,2,2,9,12.832738095238096,26.47738095238095
31,49,1,1,3,2,2,8,14.91388888888889,26.975
32,0,1,1,1,1,1,8,10.835714285714285,25.154761904761905
32,1,1,2,7,5,9,9,29.87063492063492,27.51547619047619
32,2,1,2,7,5,9,9,29.87063492063492,27.51547619047619
32,3,1,1,1,1,1,8,10.835714285714285,25.154761904761905
32,4,1,2,3,7,3,8,21.796626984126984,27.441666666666666
32,5,1,1,1,1,1,5,10.903174603174604,25.275
32,6,1,1,1,2,1,7,11.664484126984126,25.776190476190475
32,7,1,1,7,5,6,3,25.757539682539683,27.472619047619048
32,8,1,1,1,2,1,7,11.664484126984126,25.776190476190475
32,9,1,1,2,2,1,8,12.564087301587302,26.12142857142857
32,10,1,1,1,1,2,8,11.67202380952381,26.057142857142857
32,11,1,1,6,5,9,5,27.81388888888889,27.47738095238095
32,12,1,1,7,5,6,3,25.757539682539683,27.472619047619048
32,13,1,1,1,2,2,8,12.973809523809523,26.62857142857143
32,14,1,1,6,5,9,5,27.81388888888889,27.47738095238095
32,15,1,1,3,7,3,8,20.47738095238095,27.38809523809524
32,16,1,1,1,5,2,6,15.720039682539683,27.164285714285715
32,17,1,1,1,2,2,5,12.67718253968254,26.295238095238094
32,18,1,1,3,7,3,9,20.752380952380953,27.42142857142857
32,19,1,1,1,1,1,5,10.903174603174604,25.275
32,20,1,1,2,2,2,8,13.853769841269841,26.795238095238094
32,21,1,1,1,2,2,8,12.973809523809523,26.62857142857143
32,22,1,1,2,2,2,8,13.853769841269841,26.795238095238094
32,23,1,1,3,2,3,7,15.581547619047619,27.047619047619047
32,24,1,1,2,5,2,2,16.551388888888887,27.191666666666666
32,25,1,2,3,7,3,8,21.796626984126984,27.441666666666666
32,26,1,1,2,2,2,9,13.959722222222222,26.873809523809523
32,27,1,1,1,2,2,9,12.832738095238096,26.47738095238095
32,28,1,1,2,6,3,6,18.71468253968254,27.329761904761906
32,29,1,1,2,5,2,2,16.551388888888887,27.191666666666666
32,30,1,1,3,6,3,3,19.500198412698413,27.34404761904762
32,31,1,1,1,6,3,9,17.541666666666668,27.25952380952381
32,32,1,1,3,6,3,3,19.500198412698413,27.34404761904762
32,33,1,1,1,5,2,9,15.654166666666667,27.07857142857143
32,34,1,1,1,1,1,9,10.87936507936508,25.18095238095238
32,35,1,1,2,6,3,6,18.71468253968254,27.329761904761906
32,36,1,1,3,5,2,5,17.820238095238096,27.27261904761905
32,37,1,1,1,2,2,2,12.789880952380953,26.44047619047619
32,38,1,1,1,2,2,4,12.703373015873016,26.325
32,39,1,1,3,2,2,2,14.612499999999999,26.951190476190476
32,40,1,1,3,2,2,2,14.612499999999999,26.951190476190476
32,41,1,1,1,6,3,9,17.541666666666668,27.25952380952381
32,42,1,1,3,2,2,5,14.941269841269841,26.991666666666667
32,43,1,1,3,5,2,5,17.820238095238096,27.27261904761905
32,44,1,1,2,2,2,9,13.959722222222222,26.873809523809523
32,45,1,1,1,1,2,4,11.935714285714285,26.064285714285713
32,46,1,1,1,1,2,4,11.935714285714285,26.064285714285713
32,47,1,1,3,2,2,8,14.91388888888889,26.975
32,48,1,1,3,2,2,5,14.941269841269841,26.991666666666667
32,49,1,1,1,2,2,9,12.832738095238096,26.47738095238095
33,0,1,2,7,7,3,9,25.964484126984125,27.515476190476193
33,1,1,1,1,1,1,8,10.835714285714285,25.154761904761905
33,2,1,1,1,1,1,8,10.835714285714285,25.154761904761905
33,3,1,1,7,5,6,3,25.757539682539683,27.472619047619048
33,4,1,2,3,7,3,8,21.796626984126984,27.441666666666666
33,5,1,1,1,1,1,5,10.903174603174604,25.275
33,6,1,1,1,2,1,7,11.664484126984126,25.776190476190475
33,7,1,1,1,2,1,7,11.664484126984126,25.776190476190475
33,8,1,1,2,2,1,8,12.564087301587302,26.12142857142857
33,9,1,1,1,1,2,8,11.67202380952381,26.057142857142857
33,10,1,1,1,2,2,8,12.973809523809523,26.62857142857143
33,11,1,1,3,7,3,8,20.47738095238095,27.38809523809524
33,12,1,1,3,7,3,9,20.752380952380953,27.42142857142857
33,13,1,1,1,5,2,6,15.720039682539683,27.164285714285715
33,14,1,1,1,2,2,5,12.67718253968254,26.295238095238094
33,15,1,1,2,2,2,8,13.853769841269841,26.795238095238094
33,16,1,1,1,1,1,5,10.903174603174604,25.275
33,17,1,1,3,2,3,7,15.581547619047619,27.047619047619047
33,18,1,1,2,5,2,2,16.551388888888887,27.191666666666666
33,19,1,2,3,7,3,8,21.796626984126984,27.441666666666666
33,20,1,1,1,2,2,8,12.973809523809523,26.62857142857143
33,21,1,1,2,2,2,8,13.853769841269841,26.795238095238094
33,22,1,1,2,5,2,2,16.551388888888887,27.191666666666666
33,23,1,1,2,2,2,9,13.959722222222222,26.873809523809523
33,24,1,1,2,6,3,6,18.71468253968254,27.329761904761906
33,25,1,1,1,2,2,2,12.789880952380953,26.44047619047619
33,26,1,1,1,6,3,9,17.541666666666668,27.25952380952381
33,27,1,1,3,6,3,3,19.500198412698413,27.34404761904762
33,28,1,1,3,6,3,3,19.500198412698413,27.34404761904762
33,29,1,1,1,2,2,4,12.703373015873016,26.325
33,30,1,1,1,2,2,9,12.832738095238096,26.47738095238095
33,31,1,1,2,6,3,6,18.71468253968254,27.329761904761906
33,32,1,1,3,5,2,5,17.820238095238096,27.27261904761905
33,33,1,1,1,5,2,9,15.654166666666667,27.07857142857143
33,34,1,1,3,2,2,2,14.612499999999999,26.951190476190476
33,35,1,1,3,2,2,2,14.612499999999999,26.951190476190476
33,36,1,1,3,2,2,5,14.941269841269841,26.991666666666667
33,37,1,1,1,6,3,9,17.541666666666668,27.25952380952381
33,38,1,1,1,1,2,4,11.935714285714285,26.064285714285713
33,39,1,1,1,1,1,9,10.87936507936508,25.18095238095238
33,40,1,1,3,5,2,5,17.820238095238096,27.27261904761905
33,41,1,1,1,1,2,4,11.935714285714285,26.064285714285713
33,42,1,1,2,2,2,9,13.959722222222222,26.873809523809523
33,43,1,1,3,2,2,8,14.91388888888889,26.975
33,44,1,1,7,5,6,3,25.757539682539683,27.472619047619048
33,45,1,1,3,2,2,5,14.941269841269841,26.991666666666667
33,46,1,1,1,2,2,9,12.832738095238096,26.47738095238095
33,47,1,1,1,1,1,9,10.87936507936508,25.18095238095238
33,48,1,1,1,1,2,8,11.67202380952381,26.057142857142857
33,49,1,1,3,6,3,3,19.500198412698413,27.34404761904762
34,0,1,1,1,1,1,8,10.835714285714285,25.154761904761905
34,1,1,1,1,1,1,8,10.835714285714285,25.154761904761905
34,2,1,2,7,7,3,9,25.964484126984125,27.515476190476193
34,3,1,1,7,5,6,3,25.757539682539683,27.472619047619048
34,4,1,2,3,7,3,8,21.796626984126984,27.441666666666666
34,5,1,1,1,1,1,5,10.903174603174604,25.275
34,6,1,1,1,2,1,7,11.664484126984126,25.776190476190475
34,7,1,1,1,2,1,7,11.664484126984126,25.776190476190475
34,8,1,1,1,1,2,8,11.67202380952381,26.057142857142857
34,9,1,1,1,2,2,8,12.973809523809523,26.62857142857143
34,10,1,1,3,7,3,8,20.47738095238095,27.38809523809524
34,11,1,1,2,2,1,8,12.564087301587302,26.12142857142857
34,12,1,1,2,2,2,8,13.853769841269841,26.795238095238094
34,13,1,1,1,5,2,6,15.720039682539683,27.164285714285715
34,14,1,1,1,1,1,5,10.903174603174604,25.275
34,15,1,1,2,5,2,2,16.551388888888887,27.191666666666666
34,16,1,1,3,7,3,9,20.752380952380953,27.42142857142857
34,17,1,2,3,7,3,8,21.796626984126984,27.441666666666666
34,18,1,1,1,2,2,8,12.973809523809523,26.62857142857143
34,19,1,1,2,2,2,8,13.853769841269841,26.795238095238094
34,20,1,1,2,5,2,2,16.551388888888887,27.191666666666666
34,21,1,1,2,2,2,9,13.959722222222222,26.873809523809523
34,22,1,1,2,6,3,6,18.71468253968254,27.329761904761906
34,23,1,1,1,2,2,5,12.67718253968254,26.295238095238094
34,24,1,1,1,6,3,9,17.541666666666668,27.25952380952381
34,25,1,1,3,6,3,3,19.500198412698413,27.34404761904762
34,26,1,1,3,6,3,3,19.500198412698413,27.34404761904762
34,27,1,1,1,2,2,4,12.703373015873016,26.325
34,28,1,1,1,2,2,9,12.832738095238096,26.47738095238095
34,29,1,1,2,6,3,6,18.71468253968254,27.329761904761906
34,30,1,1,3,5,2,5,17.820238095238096,27.27261904761905
34,31,1,1,1,5,2,9,15.654166666666667,27.07857142857143
34,32,1,1,3,2,3,7,15.581547619047619,27.047619047619047
34,33,1,1,3,2,2,2,14.612499999999999,26.951190476190476
34,34,1,1,3,2,2,2,14.612499999999999,26.951190476190476
34,35,1,1,1,2,2,2,12.789880952380953,26.44047619047619
34,36,1,1,3,2,2,5,14.941269841269841,26.991666666666667
34,37,1,1,1,6,3,9,17.541666666666668,27.25952380952381
34,38,1,1,1,1,2,4,11.935714285714285,26.064285714285713
34,39,1,1,1,1,1,9,10.87936507936508,25.18095238095238
34,40,1,1,3,5,2,5,17.820238095238096,27.27261904761905
34,41,1,1,1,1,2,4,11.935714285714285,26.064285714285713
34,42,1,1,2,2,2,9,13.959722222222222,26.873809523809523
34,43,1,1,2,2,1,8,12.564087301587302,26.12142857142857
34,44,1,1,3,2,3,7,15.581547619047619,27.047619047619047
34,45,1,1,3,2,2,8,14.91388888888889,26.975
34,46,1,1,7,5,6,3,25.757539682539683,27.472619047619048
34,47,1,1,3,7,3,9,20.752380952380953,27.42142857142857
34,48,1,1,3,2,2,5,14.941269841269841,26.991666666666667
34,49,1,1,1,2,2,9,12.832738095238096,26.47738095238095
35,0,1,1,1,1,1,8,10.835714285714285,25.154761904761905
35,1,1,2,7,7,3,9,25.964484126984125,27.515476190476193
35,2,1,1,1,1,1,8,10.835714285714285,25.154761904761905
35,3,1,2,7,7,3,9,25.964484126984125,27.515476190476193
35,4,1,1,7,5,6,3,25.757539682539683,27.472619047619048
35,5,1,2,3,7,3,8,21.796626984126984,27.441666666666666
35,6,1,1,1,1,1,5,10.903174603174604,25.275
35,7,1,1,1,2,1,7,11.664484126984126,25.776190476190475
35,8,1,1,1,2,1,7,11.664484126984126,25.776190476190475
35,9,1,1,1,1,2,8,11.67202380952381,26.057142857142857
35,10,1,1,1,2,2,8,12.973809523809523,26.62857142857143
35,11,1,1,2,2,1,8,12.564087301587302,26.12142857142857
35,12,1,1,1,5,2,6,15.720039682539683,27.164285714285715
35,13,1,1,1,2,2,5,12.67718253968254,26.295238095238094
35,14,1,1,2,2,2,8,13.853769841269841,26.795238095238094
35,15,1,1,1,1,1,5,10.903174603174604,25.275
35,16,1,1,2,5,2,2,16.551388888888887,27.191666666666666
35,17,1,1,3,7,3,9,20.752380952380953,27.42142857142857
35,18,1,2,3,7,3,8,21.796626984126984,27.441666666666666
35,19,1,1,1,2,2,8,12.973809523809523,26.62857142857143
35,20,1,1,3,7,3,8,20.47738095238095,27.38809523809524
35,21,1,1,2,2,2,8,13.853769841269841,26.795238095238094
35,22,1,1,2,5,2,2,16.551388888888887,27.191666666666666
35,23,1,1,2,2,2,9,13.959722222222222,26.873809523809523
35,24,1,1,2,6,3,6,18.71468253968254,27.329761904761906
35,25,1,1,1,6,3,9,17.541666666666668,27.25952380952381
35,26,1,1,3,6,3,3,19.500198412698413,27.34404761904762
35,27,1,1,3,6,3,3,19.500198412698413,27.34404761904762
35,28,1,1,1,2,2,9,12.832738095238096,26.47738095238095
35,29,1,1,2,6,3,6,18.71468253968254,27.329761904761906
35,30,1,1,3,5,2,5,17.820238095238096,27.27261904761905
35,31,1,1,1,5,2,9,15.654166666666667,27.07857142857143
35,32,1,1,3,2,3,7,15.581547619047619,27.047619047619047
35,33,1,1,1,1,1,9,10.87936507936508,25.18095238095238
35,34,1,1,3,2,2,2,14.612499999999999,26.951190476190476
35,35,1,1,3,2,2,2,14.612499999999999,26.951190476190476
35,36,1,1,1,2,2,2,12.789880952380953,26.44047619047619
35,37,1,1,1,2,2,4,12.703373015873016,26.325
35,38,1,1,3,2,2,5,14.941269841269841,26.991666666666667
35,39,1,1,1,6,3,9,17.541666666666668,27.25952380952381
35,40,1,1,1,1,2,4,11.935714285714285,26.064285714285713
35,41,1,1,3,5,2,5,17.820238095238096,27.27261904761905
35,42,1,1,1,1,2,4,11.935714285714285,26.064285714285713
35,43,1,1,2,2,2,9,13.959722222222222,26.873809523809523
35,44,1,1,3,2,2,8,14.91388888888889,26.975
35,45,1,1,3,7,3,8,20.47738095238095,27.38809523809524
35,46,1,1,2,2,1,8,12.564087301587302,26.12142857142857
35,47,1,1,3,2,3,7,15.581547619047619,27.047619047619047
35,48,1,1,7,5,6,3,25.757539682539683,27.472619047619048
35,49,1,1,3,7,3,9,20.752380952380953,27.42142857142857
36,0,1,2,7,7,3,9,25.964484126984125,27.515476190476193
36,1,1,2,7,7,3,9,25.964484126984125,27.515476190476193
36,2,1,1,1,1,1,8,10.835714285714285,25.154761904761905
36,3,1,1,1,1,1,8,10.835714285714285,25.154761904761905
36,4,1,1,7,5,6,3,25.757539682539683,27.472619047619048
36,5,1,2,3,7,3,8,21.796626984126984,27.441666666666666
36,6,1,1,1,1,1,5,10.903174603174604,25.275
36,7,1,1,1,2,1,7,11.664484126984126,25.776190476190475
36,8,1,1,1,2,1,7,11.664484126984126,25.776190476190475
36,9,1,1,1,1,2,8,11.67202380952381,26.057142857142857
36,10,1,1,1,2,2,8,12.973809523809523,26.62857142857143
36,11,1,1,2,2,1,8,12.564087301587302,26.12142857142857
36,12,1,1,1,5,2,6,15.720039682539683,27.164285714285715
36,13,1,1,1,2,2,5,12.67718253968254,26.295238095238094
36,14,1,1,2,2,2,8,13.853769841269841,26.795238095238094
36,15,1,1,1,1,1,5,10.903174603174604,25.275
36,16,1,1,2,5,2,2,16.551388888888887,27.191666666666666
36,17,1,1,3,7,3,9,20.752380952380953,27.42142857142857
36,18,1,2,3,7,3,8,21.796626984126984,27.441666666666666
36,19,1,1,1,2,2,8,12.973809523809523,26.62857142857143
36,20,1,1,3,7,3,8,20.47738095238095,27.38809523809524
36,21,1,1,2,2,2,8,13.853769841269841,26.795238095238094
36,22,1,1,2,5,2,2,16.551388888888887,27.191666666666666
36,23,1,1,2,2,2,9,13.959722222222222,26.873809523809523
36,24,1,1,2,6,3,6,18.71468253968254,27.329761904761906
36,25,1,1,3,2,2,5,14.941269841269841,26.991666666666667
36,26,1,1,1,2,2,2,12.789880952380953,26.44047619047619
36,27,1,1,1,6,3,9,17.541666666666668,27.25952380952381
36,28,1,1,3,6,3,3,19.500198412698413,27.34404761904762
36,29,1,1,3,6,3,3,19.500198412698413,27.34404761904762
36,30,1,1,1,2,2,9,12.832738095238096,26.47738095238095
36,31,1,1,2,6,3,6,18.71468253968254,27.329761904761906
36,32,1,1,3,5,2,5,17.820238095238096,27.27261904761905
36,33,1,1,1,5,2,9,15.654166666666667,27.07857142857143
36,34,1,1,3,2,3,7,15.581547619047619,27.047619047619047
36,35,1,1,3,2,2,2,14.612499999999999,26.951190476190476
36,36,1,1,3,2,2,2,14.612499999999999,26.951190476190476
36,37,1,1,1,2,2,4,12.703373015873016,26.325
36,38,1,1,1,6,3,9,17.541666666666668,27.25952380952381
36,39,1,1,1,1,2,4,11.935714285714285,26.064285714285713
36,40,1,1,1,1,1,9,10.87936507936508,25.18095238095238
36,41,1,1,3,5,2,5,17.820238095238096,27.27261904761905
36,42,1,1,1,1,2,4,11.935714285714285,26.064285714285713
36,43,1,1,2,2,2,9,13.959722222222222,26.873809523809523
36,44,1,1,3,2,2,8,14.91388888888889,26.975
36,45,1,1,3,7,3,8,20.47738095238095,27.38809523809524
36,46,1,1,2,2,1,8,12.564087301587302,26.12142857142857
36,47,1,1,3,2,3,7,15.581547619047619,27.047619047619047
36,48,1,1,7,5,6,3,25.757539682539683,27.472619047619048
36,49,1,1,3,7,3,9,20.752380952380953,27.42142857142857
37,0,1,2,7,7,3,9,25.964484126984125,27.515476190476193
37,1,1,1,1,1,1,7,10.829761904761904,25.155952380952378
37,2,1,2,7,7,3,9,25.964484126984125,27.515476190476193
37,3,1,1,1,1,1,7,10.829761904761904,25.155952380952378
37,4,1,1,7,5,6,3,25.757539682539683,27.472619047619048
37,5,1,2,3,7,3,8,21.796626984126984,27.441666666666666
37,6,1,1,1,1,1,5,10.903174603174604,25.275
37,7,1,1,1,2,1,7,11.664484126984126,25.776190476190475
37,8,1,1,1,2,1,7,11.664484126984126,25.776190476190475
37,9,1,1,1,1,2,8,11.67202380952381,26.057142857142857
37,10,1,1,1,2,2,8,12.973809523809523,26.62857142857143
37,11,1,1,2,2,1,8,12.564087301587302,26.12142857142857
37,12,1,1,1,5,2,6,15.720039682539683,27.164285714285715
37,13,1,1,2,2,2,8,13.853769841269841,26.795238095238094
37,14,1,1,1,1,1,5,10.903174603174604,25.275
37,15,1,1,2,5,2,2,16.551388888888887,27.191666666666666
37,16,1,1,3,7,3,9,20.752380952380953,27.42142857142857
37,17,1,2,3,7,3,8,21.796626984126984,27.441666666666666
37,18,1,1,1,2,2,8,12.973809523809523,26.62857142857143
37,19,1,1,3,7,3,8,20.47738095238095,27.38809523809524
37,20,1,1,2,2,2,8,13.853769841269841,26.795238095238094
37,21,1,1,2,5,2,2,16.551388888888887,27.191666666666666
37,22,1,1,2,2,2,9,13.959722222222222,26.873809523809523
37,23,1,1,2,6,3,6,18.71468253968254,27.329761904761906
37,24,1,1,1,2,2,5,12.67718253968254,26.295238095238094
37,25,1,1,3,2,2,5,14.941269841269841,26.991666666666667
37,26,1,1,1,6,3,9,17.541666666666668,27.25952380952381
37,27,1,1,3,6,3,3,19.500198412698413,27.34404761904762
37,28,1,1,3,6,3,3,19.500198412698413,27.34404761904762
37,29,1,1,1,2,2,4,12.703373015873016,26.325
37,30,1,1,1,2,2,9,12.832738095238096,26.47738095238095
37,31,1,1,2,6,3,6,18.71468253968254,27.329761904761906
37,32,1,1,3,5,2,5,17.820238095238096,27.27261904761905
37,33,1,1,3,2,3,7,15.581547619047619,27.047619047619047
37,34,1,1,1,1,1,9,10.87936507936508,25.18095238095238
37,35,1,1,3,2,2,2,14.612499999999999,26.951190476190476
37,36,1,1,3,2,2,2,14.612499999999999,26.951190476190476
37,37,1,1,1,2,2,2,12.789880952380953,26.44047619047619
37,38,1,1,1,6,3,9,17.541666666666668,27.25952380952381
37,39,1,1,1,1,2,4,11.935714285714285,26.064285714285713
37,40,1,1,3,5,2,5,17.820238095238096,27.27261904761905
37,41,1,1,1,1,2,4,11.935714285714285,26.064285714285713
37,42,1,1,1,5,2,9,15.654166666666667,27.07857142857143
37,43,1,1,2,2,2,9,13.959722222222222,26.873809523809523
37,44,1,1,3,2,2,8,14.91388888888889,26.975
37,45,1,1,3,7,3,8,20.47738095238095,27.38809523809524
37,46,1,1,2,2,1,8,12.564087301587302,26.12142857142857
37,47,1,1,3,2,3,7,15.581547619047619,27.047619047619047
37,48,1,1,7,5,6,3,25.757539682539683,27.472619047619048
37,49,1,1,3,7,3,9,20.752380952380953,27.42142857142857
38,0,1,1,1,1,1,7,10.829761904761904,25.155952380952378
38,1,1,1,1,1,1,7,10.829761904761904,25.155952380952378
38,2,1,2,7,7,3,9,25.964484126984125,27.515476190476193
38,3,1,2,7,7,3,9,25.964484126984125,27.515476190476193
38,4,1,1,7,5,6,3,25.757539682539683,27.472619047619048
38,5,1,2,3,7,3,8,21.796626984126984,27.441666666666666
38,6,1,1,1,1,1,5,10.903174603174604,25.275
38,7,1,1,1,2,1,7,11.664484126984126,25.776190476190475
38,8,1,1,1,2,1,7,11.664484126984126,25.776190476190475
38,9,1,1,1,1,2,8,11.67202380952381,26.057142857142857
38,10,1,1,1,2,2,8,12.973809523809523,26.62857142857143
38,11,1,1,2,2,1,8,12.564087301587302,26.12142857142857
38,12,1,1,1,2,2,9,12.832738095238096,26.47738095238095
38,13,1,1,2,2,2,8,13.853769841269841,26.795238095238094
38,14,1,1,1,5,2,6,15.720039682539683,27.164285714285715
38,15,1,1,1,1,1,5,10.903174603174604,25.275
38,16,1,1,2,5,2,2,16.551388888888887,27.191666666666666
38,17,1,1,3,7,3,9,20.752380952380953,27.42142857142857
38,18,1,2,3,7,3,8,21.796626984126984,27.441666666666666
38,19,1,1,1,2,2,8,12.973809523809523,26.62857142857143
38,20,1,1,3,7,3,8,20.47738095238095,27.38809523809524
38,21,1,1,2,2,2,8,13.853769841269841,26.795238095238094
38,22,1,1,2,5,2,2,16.551388888888887,27.191666666666666
38,23,1,1,2,2,2,9,13.959722222222222,26.873809523809523
38,24,1,1,2,6,3,6,18.71468253968254,27.329761904761906
38,25,1,1,1,2,2,5,12.67718253968254,26.295238095238094
38,26,1,1,3,2,2,5,14.941269841269841,26.991666666666667
38,27,1,1,1,2,2,2,12.789880952380953,26.44047619047619
38,28,1,1,1,6,3,9,17.541666666666668,27.25952380952381
38,29,1,1,3,6,3,3,19.500198412698413,27.34404761904762
38,30,1,1,3,6,3,3,19.500198412698413,27.34404761904762
38,31,1,1,1,2,2,4,12.703373015873016,26.325
38,32,1,1,2,6,3,6,18.71468253968254,27.329761904761906
38,33,1,1,3,5,2,5,17.820238095238096,27.27261904761905
38,34,1,1,1,5,2,9,15.654166666666667,27.07857142857143
38,35,1,1,3,2,3,7,15.581547619047619,27.047619047619047
38,36,1,1,3,2,2,2,14.612499999999999,26.951190476190476
38,37,1,1,3,2,2,2,14.612499999999999,26.951190476190476
38,38,1,1,1,6,3,9,17.541666666666668,27.25952380952381
38,39,1,1,1,1,2,4,11.935714285714285,26.064285714285713
38,40,1,1,1,1,1,9,10.87936507936508,25.18095238095238
38,41,1,1,3,5,2,5,17.820238095238096,27.27261904761905
38,42,1,1,1,1,2,4,11.935714285714285,26.064285714285713
38,43,1,1,2,2,2,9,13.959722222222222,26.873809523809523
38,44,1,1,3,2,2,8,14.91388888888889,26.975
38,45,1,1,3,7,3,8,20.47738095238095,27.38809523809524
38,46,1,1,2,2,1,8,12.564087301587302,26.12142857142857
38,47,1,1,3,2,3,7,15.581547619047619,27.047619047619047
38,48,1,1,7,5,6,3,25.757539682539683,27.472619047619048
38,49,1,1,3,7,3,9,20.752380952380953,27.42142857142857
39,0,1,2,7,7,3,9,25.964484126984125,27.515476190476193
39,1,1,1,1,1,1,7,10.829761904761904,25.155952380952378
39,2,1,2,7,7,3,9,25.964484126984125,27.515476190476193
39,3,1,1,1,1,1,7,10.829761904761904,25.155952380952378
39,4,1,1,7,5,6,3,25.757539682539683,27.472619047619048
39,5,1,2,3,7,3,8,21.796626984126984,27.441666666666666
39,6,1,1,1,1,1,5,10.903174603174604,25.275
39,7,1,1,1,2,1,7,11.664484126984126,25.776190476190475
39,8,1,1,1,2,1,7,11.664484126984126,25.776190476190475
39,9,1,1,1,1,2,8,11.67202380952381,26.057142857142857
39,10,1,1,1,2,2,8,12.973809523809523,26.62857142857143
39,11,1,1,2,2,1,8,12.564087301587302,26.12142857142857
39,12,1,1,1,2,2,9,12.832738095238096,26.47738095238095
39,13,1,1,2,2,2,8,13.853769841269841,26.795238095238094
39,14,1,1,1,5,2,6,15.720039682539683,27.164285714285715
39,15,1,1,1,1,1,5,10.903174603174604,25.275
39,16,1,1,2,5,2,2,16.551388888888887,27.191666666666666
39,17,1,1,3,7,3,9,20.752380952380953,27.42142857142857
39,18,1,2,3,7,3,8,21.796626984126984,27.441666666666666
39,19,1,1,1,2,2,8,12.973809523809523,26.62857142857143
39,20,1,1,3,7,3,8,20.47738095238095,27.38809523809524
39,21,1,1,2,2,2,8,13.853769841269841,26.795238095238094
39,22,1,1,2,5,2,2,16.551388888888887,27.191666666666666
39,23,1,1,2,2,2,9,13.959722222222222,26.873809523809523
39,24,1,1,2,6,3,6,18.71468253968254,27.329761904761906
39,25,1,1,1,2,2,5,12.67718253968254,26.295238095238094
39,26,1,1,1,2,2,2,12.789880952380953,26.44047619047619
39,27,1,1,1,6,3,9,17.541666666666668,27.25952380952381
39,28,1,1,3,6,3,3,19.500198412698413,27.34404761904762
39,29,1,1,3,6,3,3,19.500198412698413,27.34404761904762
39,30,1,1,1,2,2,4,12.703373015873016,26.325
39,31,1,1,2,6,3,6,18.71468253968254,27.329761904761906
39,32,1,1,3,5,2,5,17.820238095238096,27.27261904761905
39,33,1,1,1,5,2,9,15.654166666666667,27.07857142857143
39,34,1,1,3,2,3,7,15.581547619047619,27.047619047619047
39,35,1,1,1,1,1,9,10.87936507936508,25.18095238095238
39,36,1,1,3,2,2,2,14.612499999999999,26.951190476190476
39,37,1,1,3,2,2,2,14.612499999999999,26.951190476190476
39,38,1,1,3,2,2,5,14.941269841269841,26.991666666666667
39,39,1,1,1,6,3,9,17.541666666666668,27.25952380952381
39,40,1,1,1,1,2,4,11.935714285714285,26.064285714285713
39,41,1,1,3,5,2,5,17.820238095238096,27.27261904761905
39,42,1,1,1,1,2,4,11.935714285714285,26.064285714285713
39,43,1,1,2,2,2,9,13.959722222222222,26.873809523809523
39,44,1,1,3,2,2,8,14.91388888888889,26.975
39,45,1,1,3,7,3,8,20.47738095238095,27.38809523809524
39,46,1,1,2,2,1,8,12.564087301587302,26.12142857142857
39,47,1,1,3,2,3,7,15.581547619047619,27.047619047619047
39,48,1,1,7,5,6,3,25.757539682539683,27.472619047619048
39,49,1,1,3,7,3,9,20.752380952380953,27.42142857142857
40,0,1,1,1,1,1,7,10.829761904761904,25.155952380952378
40,1,1,2,7,7,3,9,25.964484126984125,27.515476190476193
40,2,1,2,7,7,3,9,25.964484126984125,27.515476190476193
40,3,1,1,1,1,1,7,10.829761904761904,25.155952380952378
40,4,1,1,7,5,6,3,25.757539682539683,27.472619047619048
40,5,1,2,3,7,3,8,21.796626984126984,27.441666666666666
40,6,1,1,1,1,1,5,10.903174603174604,25.275
40,7,1,1,1,2,1,7,11.664484126984126,25.776190476190475
40,8,1,1,1,2,1,7,11.664484126984126,25.776190476190475
40,9,1,1,1,1,2,8,11.67202380952381,26.057142857142857
40,10,1,1,1,2,2,8,12.973809523809523,26.62857142857143
40,11,1,1,2,2,1,8,12.564087301587302,26.12142857142857
40,12,1,1,2,2,2,8,13.853769841269841,26.795238095238094
40,13,1,1,1,5,2,6,15.720039682539683,27.164285714285715
40,14,1,1,1,1,1,5,10.903174603174604,25.275
40,15,1,1,2,5,2,2,16.551388888888887,27.191666666666666
40,16,1,1,3,7,3,9,20.752380952380953,27.42142857142857
40,17,1,2,3,7,3,8,21.796626984126984,27.441666666666666
40,18,1,1,1,2,2,8,12.973809523809523,26.62857142857143
40,19,1,1,3,7,3,8,20.47738095238095,27.38809523809524
40,20,1,1,2,2,2,8,13.853769841269841,26.795238095238094
40,21,1,1,2,5,2,2,16.551388888888887,27.191666666666666
40,22,1,1,2,2,2,9,13.959722222222222,26.873809523809523
40,23,1,1,2,6,3,6,18.71468253968254,27.329761904761906
40,24,1,1,1,2,2,5,12.67718253968254,26.295238095238094
40,25,1,1,1,6,3,9,17.541666666666668,27.25952380952381
40,26,1,1,3,6,3,3,19.500198412698413,27.34404761904762
40,27,1,1,3,6,3,3,19.500198412698413,27.34404761904762
40,28,1,1,1,2,2,4,12.703373015873016,26.325
40,29,1,1,1,2,2,9,12.832738095238096,26.47738095238095
40,30,1,1,2,6,3,6,18.71468253968254,27.329761904761906
40,31,1,1,3,5,2,5,17.820238095238096,27.27261904761905
40,32,1,1,1,5,2,9,15.654166666666667,27.07857142857143
40,33,1,1,3,2,3,7,15.581547619047619,27.047619047619047
40,34,1,1,3,2,2,2,14.612499999999999,26.951190476190476
40,35,1,1,3,2,2,2,14.612499999999999,26.951190476190476
40,36,1,1,1,2,2,2,12.789880952380953,26.44047619047619
40,37,1,1,3,2,2,5,14.941269841269841,26.991666666666667
40,38,1,1,1,6,3,9,17.541666666666668,27.25952380952381
40,39,1,1,1,1,2,4,11.935714285714285,26.064285714285713
40,40,1,1,1,1,1,9,10.87936507936508,25.18095238095238
40,41,1,1,3,5,2,5,17.820238095238096,27.27261904761905
40,42,1,1,1,1,2,4,11.935714285714285,26.064285714285713
40,43,1,1,2,2,2,9,13.959722222222222,26.873809523809523
40,44,1,1,3,2,2,8,14.91388888888889,26.975
40,45,1,1,3,7,3,8,20.47738095238095,27.38809523809524
40,46,1,1,2,2,1,8,12.564087301587302,26.12142857142857
40,47,1,1,3,2,3,7,15.581547619047619,27.047619047619047
40,48,1,1,7,5,6,3,25.757539682539683,27.472619047619048
40,49,1,1,3,7,3,9,20.752380952380953,27.42142857142857
41,0,1,1,1,1,1,7,10.829761904761904,25.155952380952378
41,1,1,2,7,7,3,9,25.964484126984125,27.515476190476193
41,2,1,1,1,1,1,7,10.829761904761904,25.155952380952378
41,3,1,2,7,7,3,9,25.964484126984125,27.515476190476193
41,4,1,1,7,5,6,3,25.757539682539683,27.472619047619048
41,5,1,2,3,7,3,8,21.796626984126984,27.441666666666666
41,6,1,1,1,1,1,5,10.903174603174604,25.275
41,7,1,1,1,2,1,7,11.664484126984126,25.776190476190475
41,8,1,1,1,2,1,7,11.664484126984126,25.776190476190475
41,9,1,1,1,1,2,8,11.67202380952381,26.057142857142857
41,10,1,1,1,2,2,8,12.973809523809523,26.62857142857143
41,11,1,1,2,2,1,8,12.564087301587302,26.12142857142857
41,12,1,1,1,2,2,5,12.67718253968254,26.295238095238094
41,13,1,1,2,2,2,8,13.853769841269841,26.795238095238094
41,14,1,1,1,5,2,6,15.720039682539683,27.164285714285715
41,15,1,1,1,1,1,5,10.903174603174604,25.275
41,16,1,1,2,5,2,2,16.551388888888887,27.191666666666666
41,17,1,1,3,7,3,9,20.752380952380953,27.42142857142857
41,18,1,2,3,7,3,8,21.796626984126984,27.441666666666666
41,19,1,1,1,2,2,8,12.973809523809523,26.62857142857143
41,20,1,1,3,7,3,8,20.47738095238095,27.38809523809524
41,21,1,1,2,2,2,8,13.853769841269841,26.795238095238094
41,22,1,1,2,5,2,2,16.551388888888887,27.191666666666666
41,23,1,1,2,2,2,9,13.959722222222222,26.873809523809523
41,24,1,1,2,6,3,6,18.71468253968254,27.329761904761906
41,25,1,1,1,2,2,2,12.789880952380953,26.44047619047619
41,26,1,1,3,6,3,3,19.500198412698413,27.34404761904762
41,27,1,1,3,6,3,3,19.500198412698413,27.34404761904762
41,28,1,1,1,2,2,4,12.703373015873016,26.325
41,29,1,1,1,6,3,9,17.541666666666668,27.25952380952381
41,30,1,1,1,2,2,9,12.832738095238096,26.47738095238095
41,31,1,1,2,6,3,6,18.71468253968254,27.329761904761906
41,32,1,1,3,5,2,5,17.820238095238096,27.27261904761905
41,33,1,1,1,5,2,9,15.654166666666667,27.07857142857143
41,34,1,1,3,2,3,7,15.581547619047619,27.047619047619047
41,35,1,1,1,1,1,9,10.87936507936508,25.18095238095238
41,36,1,1,3,2,2,2,14.612499999999999,26.951190476190476
41,37,1,1,3,2,2,2,14.612499999999999,26.951190476190476
41,38,1,1,3,2,2,5,14.941269841269841,26.991666666666667
41,39,1,1,1,6,3,9,17.541666666666668,27.25952380952381
41,40,1,1,1,1,2,4,11.935714285714285,26.064285714285713
41,41,1,1,1,1,2,4,11.935714285714285,26.064285714285713
41,42,1,1,2,2,2,9,13.959722222222222,26.873809523809523
41,43,1,1,3,2,2,8,14.91388888888889,26.975
41,44,1,1,3,7,3,8,20.47738095238095,27.38809523809524
41,45,1,1,2,2,1,8,12.564087301587302,26.12142857142857
41,46,1,1,3,2,3,7,15.581547619047619,27.047619047619047
41,47,1,1,7,5,6,3,25.757539682539683,27.472619047619048
41,48,1,1,3,7,3,9,20.752380952380953,27.42142857142857
41,49,1,1,3,5,2,5,17.820238095238096,27.27261904761905
42,0,1,2,7,7,3,9,25.964484126984125,27.515476190476193
42,1,1,1,1,1,1,7,10.829761904761904,25.155952380952378
42,2,1,2,7,7,3,9,25.964484126984125,27.515476190476193
42,3,1,1,1,1,1,7,10.829761904761904,25.155952380952378
42,4,1,1,3,7,2,3,19.676984126984127,27.446428571428573
42,5,1,1,7,5,6,3,25.757539682539683,27.472619047619048
42,6,1,1,1,1,1,5,10.903174603174604,25.275
42,7,1,1,1,2,1,7,11.664484126984126,25.776190476190475
42,8,1,1,1,2,1,7,11.664484126984126,25.776190476190475
42,9,1,1,1,1,2,8,11.67202380952381,26.057142857142857
42,10,1,1,1,2,2,8,12.973809523809523,26.62857142857143
42,11,1,1,2,2,1,8,12.564087301587302,26.12142857142857
42,12,1,1,1,2,2,5,12.67718253968254,26.295238095238094
42,13,1,1,3,6,3,3,19.500198412698413,27.34404761904762
42,14,1,1,2,2,2,8,13.853769841269841,26.795238095238094
42,15,1,1,1,5,2,6,15.720039682539683,27.164285714285715
42,16,1,1,1,1,1,5,10.903174603174604,25.275
42,17,1,1,2,5,2,2,16.551388888888887,27.191666666666666
42,18,1,1,1,2,2,8,12.973809523809523,26.62857142857143
42,19,1,1,2,2,2,8,13.853769841269841,26.795238095238094
42,20,1,1,2,5,2,2,16.551388888888887,27.191666666666666
42,21,1,1,2,2,2,9,13.959722222222222,26.873809523809523
42,22,1,1,2,6,3,6,18.71468253968254,27.329761904761906
42,23,1,1,3,2,2,5,14.941269841269841,26.991666666666667
42,24,1,1,1,2,2,2,12.789880952380953,26.44047619047619
42,25,1,1,1,6,3,9,17.541666666666668,27.25952380952381
42,26,1,1,1,2,2,4,12.703373015873016,26.325
42,27,1,1,1,2,2,9,12.832738095238096,26.47738095238095
42,28,1,1,2,6,3,6,18.71468253968254,27.329761904761906
42,29,1,1,3,5,2,5,17.820238095238096,27.27261904761905
42,30,1,1,1,5,2,9,15.654166666666667,27.07857142857143
42,31,1,1,3,2,3,7,15.581547619047619,27.047619047619047
42,32,1,1,1,1,1,9,10.87936507936508,25.18095238095238
42,33,1,1,3,2,2,2,14.612499999999999,26.951190476190476
42,34,1,1,3,2,2,2,14.612499999999999,26.951190476190476
42,35,1,1,1,6,3,9,17.541666666666668,27.25952380952381
42,36,1,1,1,1,2,4,11.935714285714285,26.064285714285713
42,37,1,1,3,5,2,5,17.820238095238096,27.27261904761905
42,38,1,1,1,1,2,4,11.935714285714285,26.064285714285713
42,39,1,1,2,2,2,9,13.959722222222222,26.873809523809523
42,40,1,1,3,2,2,8,14.91388888888889,26.975
42,41,1,1,2,2,1,8,12.564087301587302,26.12142857142857
42,42,1,1,3,2,3,7,15.581547619047619,27.047619047619047
42,43,1,1,1,2,2,9,12.832738095238096,26.47738095238095
42,44,1,1,7,5,6,3,25.757539682539683,27.472619047619048
42,45,1,1,3,6,3,3,19.500198412698413,27.34404761904762
42,46,1,1,1,5,2,6,15.720039682539683,27.164285714285715
42,47,1,1,1,1,2,8,11.67202380952381,26.057142857142857
42,48,1,1,2,2,2,8,13.853769841269841,26.795238095238094
42,49,1,1,2,2,2,8,13.853769841269841,26.795238095238094
43,0,1,1,1,1,1,7,10.829761904761904,25.155952380952378
43,1,1,1,1,1,1,7,10.829761904761904,25.155952380952378
43,2,1,2,7,7,3,9,25.964484126984125,27.515476190476193
43,3,1,2,7,7,3,9,25.964484126984125,27.515476190476193
43,4,1,1,3,7,2,3,19.676984126984127,27.446428571428573
43,5,1,1,7,5,6,3,25.757539682539683,27.472619047619048
43,6,1,1,1,1,1,5,10.903174603174604,25.275
43,7,1,1,1,2,1,7,11.664484126984126,25.776190476190475
43,8,1,1,1,2,1,7,11.664484126984126,25.776190476190475
43,9,1,1,1,1,2,8,11.67202380952381,26.057142857142857
43,10,1,1,1,2,2,8,12.973809523809523,26.62857142857143
43,11,1,1,2,2,1,8,12.564087301587302,26.12142857142857
43,12,1,1,1,2,2,5,12.67718253968254,26.295238095238094
43,13,1,1,3,6,3,3,19.500198412698413,27.34404761904762
43,14,1,1,2,2,2,8,13.853769841269841,26.795238095238094
43,15,1,1,1,5,2,6,15.720039682539683,27.164285714285715
43,16,1,1,1,1,1,5,10.903174603174604,25.275
43,17,1,1,2,5,2,2,16.551388888888887,27.191666666666666
43,18,1,1,1,2,2,8,12.973809523809523,26.62857142857143
43,19,1,1,2,2,2,8,13.853769841269841,26.795238095238094
43,20,1,1,2,5,2,2,16.551388888888887,27.191666666666666
43,21,1,1,2,2,2,9,13.959722222222222,26.873809523809523
43,22,1,1,2,6,3,6,18.71468253968254,27.329761904761906
43,23,1,1,3,2,2,5,14.941269841269841,26.991666666666667
43,24,1,1,1,6,3,9,17.541666666666668,27.25952380952381
43,25,1,1,1,2,2,9,12.832738095238096,26.47738095238095
43,26,1,1,2,6,3,6,18.71468253968254,27.329761904761906
43,27,1,1,3,5,2,5,17.820238095238096,27.27261904761905
43,28,1,1,3,2,3,7,15.581547619047619,27.047619047619047
43,29,1,1,1,1,1,9,10.87936507936508,25.18095238095238
43,30,1,1,3,2,2,2,14.612499999999999,26.951190476190476
43,31,1,1,3,2,2,2,14.612499999999999,26.951190476190476
43,32,1,1,1,2,2,2,12.789880952380953,26.44047619047619
43,33,1,1,1,2,2,4,12.703373015873016,26.325
43,34,1,1,1,6,3,9,17.541666666666668,27.25952380952381
43,35,1,1,1,1,2,4,11.935714285714285,26.064285714285713
43,36,1,1,3,5,2,5,17.820238095238096,27.27261904761905
43,37,1,1,1,1,2,4,11.935714285714285,26.064285714285713
43,38,1,1,1,5,2,9,15.654166666666667,27.07857142857143
43,39,1,1,2,2,2,9,13.959722222222222,26.873809523809523
43,40,1,1,2,2,1,8,12.564087301587302,26.12142857142857
43,41,1,1,3,2,3,7,15.581547619047619,27.047619047619047
43,42,1,1,3,2,2,8,14.91388888888889,26.975
43,43,1,1,1,2,2,9,12.832738095238096,26.47738095238095
43,44,1,1,7,5,6,3,25.757539682539683,27.472619047619048
43,45,1,1,3,7,2,3,19.676984126984127,27.446428571428573
43,46,1,1,1,2,2,2,12.789880952380953,26.44047619047619
43,47,1,1,1,2,2,4,12.703373015873016,26.325
43,48,1,1,3,6,3,3,19.500198412698413,27.34404761904762
43,49,1,1,1,5,2,9,15.654166666666667,27.07857142857143
44,0,1,2,7,7,3,9,25.964484126984125,27.515476190476193
44,1,1,2,7,7,3,9,25.964484126984125,27.515476190476193
44,2,1,1,1,1,1,7,10.829761904761904,25.155952380952378
44,3,1,1,1,1,1,7,10.829761904761904,25.155952380952378
44,4,1,1,3,7,2,3,19.676984126984127,27.446428571428573
44,5,1,1,7,5,6,3,25.757539682539683,27.472619047619048
44,6,1,1,1,1,1,5,10.903174603174604,25.275
44,7,1,1,1,2,1,7,11.664484126984126,25.776190476190475
44,8,1,1,1,2,1,7,11.664484126984126,25.776190476190475
44,9,1,1,1,1,2,8,11.67202380952381,26.057142857142857
44,10,1,1,1,2,2,8,12.973809523809523,26.62857142857143
44,11,1,1,2,2,1,8,12.564087301587302,26.12142857142857
44,12,1,1,1,5,2,6,15.720039682539683,27.164285714285715
44,13,1,1,3,6,3,3,19.500198412698413,27.34404761904762
44,14,1,1,2,2,2,8,13.853769841269841,26.795238095238094
44,15,1,1,1,1,1,5,10.903174603174604,25.275
44,16,1,1,2,5,2,2,16.551388888888887,27.191666666666666
44,17,1,1,1,2,2,8,12.973809523809523,26.62857142857143
44,18,1,1,2,2,2,8,13.853769841269841,26.795238095238094
44,19,1,1,2,5,2,2,16.551388888888887,27.191666666666666
44,20,1,1,2,2,2,9,13.959722222222222,26.873809523809523
44,21,1,1,2,6,3,6,18.71468253968254,27.329761904761906
44,22,1,1,1,2,2,5,12.67718253968254,26.295238095238094
44,23,1,1,1,6,3,9,17.541666666666668,27.25952380952381
44,24,1,1,1,2,2,9,12.832738095238096,26.47738095238095
44,25,1,1,2,6,3,6,18.71468253968254,27.329761904761906
44,26,1,1,3,5,2,5,17.820238095238096,27.27261904761905
44,27,1,1,3,2,3,7,15.581547619047619,27.047619047619047
44,28,1,1,3,2,2,2,14.612499999999999,26.951190476190476
44,29,1,1,3,2,2,2,14.612499999999999,26.951190476190476
44,30,1,1,1,2,2,2,12.789880952380953,26.44047619047619
44,31,1,1,1,2,2,4,12.703373015873016,26.325
44,32,1,1,3,2,2,5,14.941269841269841,26.991666666666667
44,33,1,1,1,6,3,9,17.541666666666668,27.25952380952381
44,34,1,1,1,1,2,4,11.935714285714285,26.064285714285713
44,35,1,1,1,1,1,9,10.87936507936508,25.18095238095238
44,36,1,1,3,5,2,5,17.820238095238096,27.27261904761905
44,37,1,1,1,1,2,4,11.935714285714285,26.064285714285713
44,38,1,1,1,5,2,9,15.654166666666667,27.07857142857143
44,39,1,1,2,2,2,9,13.959722222222222,26.873809523809523
44,40,1,1,3,2,2,8,14.91388888888889,26.975
44,41,1,1,2,2,1,8,12.564087301587302,26.12142857142857
44,42,1,1,3,2,3,7,15.581547619047619,27.047619047619047
44,43,1,1,3,2,2,5,14.941269841269841,26.991666666666667
44,44,1,1,1,2,2,9,12.832738095238096,26.47738095238095
44,45,1,1,7,5,6,3,25.757539682539683,27.472619047619048
44,46,1,1,3,7,2,3,19.676984126984127,27.446428571428573
44,47,1,1,1,2,2,2,12.789880952380953,26.44047619047619
44,48,1,1,1,2,2,5,12.67718253968254,26.295238095238094
44,49,1,1,1,2,2,4,12.703373015873016,26.325
45,0,1,1,1,1,1,7,10.829761904761904,25.155952380952378
45,1,1,1,1,1,1,7,10.829761904761904,25.155952380952378
45,2,1,2,7,7,3,9,25.964484126984125,27.515476190476193
45,3,1,2,7,7,3,9,25.964484126984125,27.515476190476193
45,4,1,1,3,7,2,3,19.676984126984127,27.446428571428573
45,5,1,1,7,5,6,3,25.757539682539683,27.472619047619048
45,6,1,1,1,1,1,5,10.903174603174604,25.275
45,7,1,1,1,2,1,7,11.664484126984126,25.776190476190475
45,8,1,1,1,2,1,7,11.664484126984126,25.776190476190475
45,9,1,1,1,1,2,8,11.67202380952381,26.057142857142857
45,10,1,1,1,2,2,8,12.973809523809523,26.62857142857143
45,11,1,1,2,2,1,8,12.564087301587302,26.12142857142857
45,12,1,1,3,6,3,3,19.500198412698413,27.34404761904762
45,13,1,1,2,2,2,8,13.853769841269841,26.795238095238094
45,14,1,1,1,5,2,6,15.720039682539683,27.164285714285715
45,15,1,1,1,1,1,5,10.903174603174604,25.275
45,16,1,1,2,5,2,2,16.551388888888887,27.191666666666666
45,17,1,1,1,2,2,8,12.973809523809523,26.62857142857143
45,18,1,1,2,2,2,8,13.853769841269841,26.795238095238094
45,19,1,1,2,5,2,2,16.551388888888887,27.191666666666666
45,20,1,1,2,2,2,9,13.959722222222222,26.873809523809523
45,21,1,1,2,6,3,6,18.71468253968254,27.329761904761906
45,22,1,1,1,2,2,5,12.67718253968254,26.295238095238094
45,23,1,1,1,6,3,9,17.541666666666668,27.25952380952381
45,24,1,1,1,2,2,9,12.832738095238096,26.47738095238095
45,25,1,1,2,6,3,6,18.71468253968254,27.329761904761906
45,26,1,1,3,5,2,5,17.820238095238096,27.27261904761905
45,27,1,1,1,5,2,9,15.654166666666667,27.07857142857143
45,28,1,1,3,2,3,7,15.581547619047619,27.047619047619047
45,29,1,1,3,2,2,2,14.612499999999999,26.951190476190476
45,30,1,1,3,2,2,2,14.612499999999999,26.951190476190476
45,31,1,1,1,2,2,2,12.789880952380953,26.44047619047619
45,32,1,1,1,2,2,4,12.703373015873016,26.325
45,33,1,1,3,2,2,5,14.941269841269841,26.991666666666667
45,34,1,1,1,6,3,9,17.541666666666668,27.25952380952381
45,35,1,1,1,1,2,4,11.935714285714285,26.064285714285713
45,36,1,1,1,1,1,9,10.87936507936508,25.18095238095238
45,37,1,1,3,5,2,5,17.820238095238096,27.27261904761905
45,38,1,1,1,1,2,4,11.935714285714285,26.064285714285713
45,39,1,1,2,2,2,9,13.959722222222222,26.873809523809523
45,40,1,1,3,2,2,8,14.91388888888889,26.975
45,41,1,1,2,2,1,8,12.564087301587302,26.12142857142857
45,42,1,1,3,2,3,7,15.581547619047619,27.047619047619047
45,43,1,1,3,2,2,5,14.941269841269841,26.991666666666667
45,44,1,1,1,2,2,9,12.832738095238096,26.47738095238095
45,45,1,1,7,5,6,3,25.757539682539683,27.472619047619048
45,46,1,1,3,7,2,3,19.676984126984127,27.446428571428573
45,47,1,1,1,2,2,2,12.789880952380953,26.44047619047619
45,48,1,1,1,2,2,5,12.67718253968254,26.295238095238094
45,49,1,1,1,2,2,4,12.703373015873016,26.325
46,0,1,1,1,1,1,7,10.829761904761904,25.155952380952378
46,1,1,2,7,7,3,9,25.964484126984125,27.515476190476193
46,2,1,2,7,7,3,9,25.964484126984125,27.515476190476193
46,3,1,1,1,1,1,7,10.829761904761904,25.155952380952378
46,4,1,1,3,7,2,3,19.676984126984127,27.446428571428573
46,5,1,1,7,5,6,3,25.757539682539683,27.472619047619048
46,6,1,1,1,1,1,5,10.903174603174604,25.275
46,7,1,1,1,2,1,7,11.664484126984126,25.776190476190475
46,8,1,1,1,2,1,7,11.664484126984126,25.776190476190475
46,9,1,1,1,1,2,8,11.67202380952381,26.057142857142857
46,10,1,1,1,2,2,8,12.973809523809523,26.62857142857143
46,11,1,1,2,2,1,8,12.564087301587302,26.12142857142857
46,12,1,1,3,6,3,3,19.500198412698413,27.34404761904762
46,13,1,1,2,6,2,5,17.658333333333335,27.301190476190477
46,14,1,1,2,2,2,8,13.853769841269841,26.795238095238094
46,15,1,1,1,5,2,6,15.720039682539683,27.164285714285715
46,16,1,1,1,1,1,5,10.903174603174604,25.275
46,17,1,1,2,5,2,2,16.551388888888887,27.191666666666666
46,18,1,1,1,6,3,9,17.541666666666668,27.25952380952381
46,19,1,1,1,2,2,8,12.973809523809523,26.62857142857143
46,20,1,1,2,2,2,8,13.853769841269841,26.795238095238094
46,21,1,1,2,5,2,2,16.551388888888887,27.191666666666666
46,22,1,1,2,2,2,9,13.959722222222222,26.873809523809523
46,23,1,1,2,6,3,6,18.71468253968254,27.329761904761906
46,24,1,1,1,2,2,5,12.67718253968254,26.295238095238094
46,25,1,1,1,2,2,9,12.832738095238096,26.47738095238095
46,26,1,1,2,6,3,6,18.71468253968254,27.329761904761906
46,27,1,1,1,5,2,9,15.654166666666667,27.07857142857143
46,28,1,1,3,2,3,7,15.581547619047619,27.047619047619047
46,29,1,1,3,2,2,2,14.612499999999999,26.951190476190476
46,30,1,1,3,2,2,2,14.612499999999999,26.951190476190476
46,31,1,1,1,2,2,2,12.789880952380953,26.44047619047619
46,32,1,1,1,2,2,4,12.703373015873016,26.325
46,33,1,1,3,2,2,5,14.941269841269841,26.991666666666667
46,34,1,1,1,1,2,4,11.935714285714285,26.064285714285713
46,35,1,1,1,1,1,9,10.87936507936508,25.18095238095238
46,36,1,1,1,1,2,4,11.935714285714285,26.064285714285713
46,37,1,1,2,2,2,9,13.959722222222222,26.873809523809523
46,38,1,1,1,6,3,9,17.541666666666668,27.25952380952381
46,39,1,1,2,2,1,8,12.564087301587302,26.12142857142857
46,40,1,1,3,2,3,7,15.581547619047619,27.047619047619047
46,41,1,1,3,2,2,8,14.91388888888889,26.975
46,42,1,1,3,2,2,5,14.941269841269841,26.991666666666667
46,43,1,1,1,2,2,9,12.832738095238096,26.47738095238095
46,44,1,1,7,5,6,3,25.757539682539683,27.472619047619048
46,45,1,1,3,7,2,3,19.676984126984127,27.446428571428573
46,46,1,1,1,2,2,2,12.789880952380953,26.44047619047619
46,47,1,1,1,2,2,5,12.67718253968254,26.295238095238094
46,48,1,1,1,2,2,4,12.703373015873016,26.325
46,49,1,1,1,5,2,6,15.720039682539683,27.164285714285715
47,0,1,1,1,1,1,7,10.829761904761904,25.155952380952378
47,1,1,2,7,7,3,9,25.964484126984125,27.515476190476193
47,2,1,2,7,7,3,9,25.964484126984125,27.515476190476193
47,3,1,1,1,1,1,7,10.829761904761904,25.155952380952378
47,4,1,1,3,7,2,3,19.676984126984127,27.446428571428573
47,5,1,1,7,5,6,3,25.757539682539683,27.472619047619048
47,6,1,1,1,1,1,5,10.903174603174604,25.275
47,7,1,1,1,2,1,7,11.664484126984126,25.776190476190475
47,8,1,1,1,2,1,7,11.664484126984126,25.776190476190475
47,9,1,1,1,1,2,8,11.67202380952381,26.057142857142857
47,10,1,1,1,2,2,8,12.973809523809523,26.62857142857143
47,11,1,1,2,2,1,8,12.564087301587302,26.12142857142857
47,12,1,1,3,6,3,3,19.500198412698413,27.34404761904762
47,13,1,1,2,6,2,5,17.658333333333335,27.301190476190477
47,14,1,1,2,2,2,8,13.853769841269841,26.795238095238094
47,15,1,1,1,5,2,6,15.720039682539683,27.164285714285715
47,16,1,1,1,1,1,5,10.903174603174604,25.275
47,17,1,1,2,5,2,2,16.551388888888887,27.191666666666666
47,18,1,1,1,6,3,9,17.541666666666668,27.25952380952381
47,19,1,1,1,2,2,8,12.973809523809523,26.62857142857143
47,20,1,1,2,2,2,8,13.853769841269841,26.795238095238094
47,21,1,1,2,5,2,2,16.551388888888887,27.191666666666666
47,22,1,1,2,2,2,9,13.959722222222222,26.873809523809523
47,23,1,1,2,6,3,6,18.71468253968254,27.329761904761906
47,24,1,1,1,2,2,5,12.67718253968254,26.295238095238094
47,25,1,1,1,2,2,9,12.832738095238096,26.47738095238095
47,26,1,1,2,6,3,6,18.71468253968254,27.329761904761906
47,27,1,1,1,5,2,9,15.654166666666667,27.07857142857143
47,28,1,1,3,2,3,7,15.581547619047619,27.047619047619047
47,29,1,1,1,1,1,9,10.87936507936508,25.18095238095238
47,30,1,1,3,2,2,2,14.612499999999999,26.951190476190476
47,31,1,1,3,2,2,2,14.612499999999999,26.951190476190476
47,32,1,1,1,2,2,2,12.789880952380953,26.44047619047619
47,33,1,1,1,2,2,4,12.703373015873016,26.325
47,34,1,1,3,2,2,5,14.941269841269841,26.991666666666667
47,35,1,1,1,1,2,4,11.935714285714285,26.064285714285713
47,36,1,1,1,1,2,4,11.935714285714285,26.064285714285713
47,37,1,1,2,2,2,9,13.959722222222222,26.873809523809523
47,38,1,1,1,6,3,9,17.541666666666668,27.25952380952381
47,39,1,1,2,2,1,8,12.564087301587302,26.12142857142857
47,40,1,1,3,2,3,7,15.581547619047619,27.047619047619047
47,41,1,1,3,2,2,8,14.91388888888889,26.975
47,42,1,1,3,2,2,5,14.941269841269841,26.991666666666667
47,43,1,1,1,2,2,9,12.832738095238096,26.47738095238095
47,44,1,1,7,5,6,3,25.757539682539683,27.472619047619048
47,45,1,1,3,7,2,3,19.676984126984127,27.446428571428573
47,46,1,1,1,2,2,2,12.789880952380953,26.44047619047619
47,47,1,1,1,2,2,5,12.67718253968254,26.295238095238094
47,48,1,1,1,2,2,4,12.703373015873016,26.325
47,49,1,1,1,5,2,6,15.720039682539683,27.164285714285715
48,0,1,2,7,7,3,9,25.964484126984125,27.515476190476193
48,1,1,2,7,7,3,9,25.964484126984125,27.515476190476193
48,2,1,1,1,1,1,7,10.829761904761904,25.155952380952378
48,3,1,1,1,1,1,7,10.829761904761904,25.155952380952378
48,4,1,1,3,7,2,3,19.676984126984127,27.446428571428573
48,5,1,1,7,5,6,3,25.757539682539683,27.472619047619048
48,6,1,1,1,1,1,5,10.903174603174604,25.275
48,7,1,1,1,2,1,7,11.664484126984126,25.776190476190475
48,8,1,1,1,2,1,7,11.664484126984126,25.776190476190475
48,9,1,1,1,1,2,8,11.67202380952381,26.057142857142857
48,10,1,1,1,2,2,8,12.973809523809523,26.62857142857143
48,11,1,1,2,2,1,8,12.564087301587302,26.12142857142857
48,12,1,1,3,6,3,3,19.500198412698413,27.34404761904762
48,13,1,1,2,6,2,5,17.658333333333335,27.301190476190477
48,14,1,1,2,2,2,8,13.853769841269841,26.795238095238094
48,15,1,1,1,5,2,6,15.720039682539683,27.164285714285715
48,16,1,1,1,1,1,5,10.903174603174604,25.275
48,17,1,1,2,5,2,2,16.551388888888887,27.191666666666666
48,18,1,1,1,6,3,9,17.541666666666668,27.25952380952381
48,19,1,1,1,2,2,8,12.973809523809523,26.62857142857143
48,20,1,1,2,2,2,8,13.853769841269841,26.795238095238094
48,21,1,1,2,5,2,2,16.551388888888887,27.191666666666666
48,22,1,1,2,2,2,9,13.959722222222222,26.873809523809523
48,23,1,1,2,6,3,6,18.71468253968254,27.329761904761906
48,24,1,1,1,2,2,5,12.67718253968254,26.295238095238094
48,25,1,1,1,2,2,9,12.832738095238096,26.47738095238095
48,26,1,1,2,6,3,6,18.71468253968254,27.329761904761906
48,27,1,1,3,2,3,7,15.581547619047619,27.047619047619047
48,28,1,1,1,1,1,9,10.87936507936508,25.18095238095238
48,29,1,1,3,2,2,2,14.612499999999999,26.951190476190476
48,30,1,1,3,2,2,2,14.612499999999999,26.951190476190476
48,31,1,1,1,2,2,2,12.789880952380953,26.44047619047619
48,32,1,1,1,2,2,4,12.703373015873016,26.325
48,33,1,1,3,2,2,5,14.941269841269841,26.991666666666667
48,34,1,1,1,1,2,4,11.935714285714285,26.064285714285713
48,35,1,1,1,1,2,4,11.935714285714285,26.064285714285713
48,36,1,1,1,5,2,9,15.654166666666667,27.07857142857143
48,37,1,1,2,2,2,9,13.959722222222222,26.873809523809523
48,38,1,1,3,2,2,8,14.91388888888889,26.975
48,39,1,1,1,6,3,9,17.541666666666668,27.25952380952381
48,40,1,1,2,2,1,8,12.564087301587302,26.12142857142857
48,41,1,1,3,2,3,7,15.581547619047619,27.047619047619047
48,42,1,1,3,2,2,5,14.941269841269841,26.991666666666667
48,43,1,1,1,2,2,9,12.832738095238096,26.47738095238095
48,44,1,1,7,5,6,3,25.757539682539683,27.472619047619048
48,45,1,1,3,7,2,3,19.676984126984127,27.446428571428573
48,46,1,1,1,2,2,2,12.789880952380953,26.44047619047619
48,47,1,1,1,2,2,5,12.67718253968254,26.295238095238094
48,48,1,1,1,2,2,4,12.703373015873016,26.325
48,49,1,1,1,5,2,9,15.654166666666667,27.07857142857143
49,0,1,2,7,7,3,9,25.964484126984125,27.515476190476193
49,1,1,1,1,1,1,7,10.829761904761904,25.155952380952378
49,2,1,2,7,7,3,9,25.964484126984125,27.515476190476193
49,3,1,1,1,1,1,7,10.829761904761904,25.155952380952378
49,4,1,1,3,7,2,3,19.676984126984127,27.446428571428573
49,5,1,1,7,5,6,3,25.757539682539683,27.472619047619048
49,6,1,1,1,1,1,5,10.903174603174604,25.275
49,7,1,1,1,2,1,7,11.664484126984126,25.776190476190475
49,8,1,1,1,2,1,7,11.664484126984126,25.776190476190475
49,9,1,1,1,1,2,8,11.67202380952381,26.057142857142857
49,10,1,1,1,2,2,8,12.973809523809523,26.62857142857143
49,11,1,1,2,2,1,8,12.564087301587302,26.12142857142857
49,12,1,1,3,6,3,3,19.500198412698413,27.34404761904762
49,13,1,1,2,6,2,5,17.658333333333335,27.301190476190477
49,14,1,1,2,2,2,8,13.853769841269841,26.795238095238094
49,15,1,1,1,5,2,6,15.720039682539683,27.164285714285715
49,16,1,1,1,1,1,5,10.903174603174604,25.275
49,17,1,1,2,5,2,2,16.551388888888887,27.191666666666666
49,18,1,1,1,6,3,9,17.541666666666668,27.25952380952381
49,19,1,1,1,2,2,8,12.973809523809523,26.62857142857143
49,20,1,1,2,2,2,8,13.853769841269841,26.795238095238094
49,21,1,1,2,5,2,2,16.551388888888887,27.191666666666666
49,22,1,1,2,2,2,9,13.959722222222222,26.873809523809523
49,23,1,1,2,6,3,6,18.71468253968254,27.329761904761906
49,24,1,1,1,2,2,5,12.67718253968254,26.295238095238094
49,25,1,1,1,2,2,9,12.832738095238096,26.47738095238095
49,26,1,1,2,6,3,6,18.71468253968254,27.329761904761906
49,27,1,1,3,2,3,7,15.581547619047619,27.047619047619047
49,28,1,1,3,2,2,2,14.612499999999999,26.951190476190476
49,29,1,1,3,2,2,2,14.612499999999999,26.951190476190476
49,30,1,1,1,2,2,2,12.789880952380953,26.44047619047619
49,31,1,1,1,2,2,4,12.703373015873016,26.325
49,32,1,1,3,2,2,5,14.941269841269841,26.991666666666667
49,33,1,1,1,1,2,4,11.935714285714285,26.064285714285713
49,34,1,1,1,1,1,9,10.87936507936508,25.18095238095238
49,35,1,1,1,1,2,4,11.935714285714285,26.064285714285713
49,36,1,1,1,5,2,9,15.654166666666667,27.07857142857143
49,37,1,1,2,2,2,9,13.959722222222222,26.873809523809523
49,38,1,1,1,6,3,9,17.541666666666668,27.25952380952381
49,39,1,1,2,2,1,8,12.564087301587302,26.12142857142857
49,40,1,1,3,2,3,7,15.581547619047619,27.047619047619047
49,41,1,1,3,2,2,8,14.91388888888889,26.975
49,42,1,1,3,2,2,5,14.941269841269841,26.991666666666667
49,43,1,1,1,2,2,9,12.832738095238096,26.47738095238095
49,44,1,1,7,5,6,3,25.757539682539683,27.472619047619048
49,45,1,1,3,7,2,3,19.676984126984127,27.446428571428573
49,46,1,1,1,2,2,2,12.789880952380953,26.44047619047619
49,47,1,1,1,2,2,5,12.67718253968254,26.295238095238094
49,48,1,1,1,2,2,4,12.703373015873016,26.325
49,49,1,1,1,5,2,9,15.654166666666667,27.07857142857143
