gen,ind,post_loading_buffer,post_conveyor_buffer,post_washing_buffer,pre_press1_buffer,pre_press2_buffer,post_press12_buffer,wip,throughput
0,0,3,4,1,7,3,8,24.4,27.420238095238094
0,1,5,9,6,10,5,9,41.266666666666666,27.455952380952382
0,2,4,1,3,6,9,7,29.226190476190478,27.42142857142857
0,3,10,4,1,6,3,9,30.45952380952381,27.454761904761906
0,4,2,1,7,2,3,2,21.00357142857143,27.366666666666667
0,5,6,2,3,5,9,10,31.29047619047619,27.427380952380954
0,6,2,1,5,4,7,7,25.163095238095238,27.316666666666666
0,7,5,2,6,8,2,7,29.257142857142856,27.409523809523808
0,8,2,6,3,7,1,1,25.01547619047619,26.939285714285713
0,9,2,6,2,4,5,9,25.4,27.392857142857142
0,10,8,8,10,3,6,1,41.03809523809524,27.43452380952381
0,11,8,1,3,9,4,10,31.222619047619048,27.420238095238094
0,12,8,1,1,9,7,2,32.333333333333336,27.383333333333333
0,13,2,3,6,10,7,2,34.017857142857146,27.42142857142857
0,14,3,2,5,2,8,3,25.973809523809525,27.29642857142857
0,15,9,1,8,2,4,5,30.211904761904762,27.372619047619047
0,16,1,1,5,6,9,9,28.09404761904762,27.370238095238097
0,17,6,1,6,2,7,3,27.86547619047619,27.366666666666667
0,18,6,1,1,4,10,1,28.22142857142857,27.340476190476192
0,19,2,9,8,2,5,3,32.07857142857143,27.372619047619047
0,20,8,9,4,9,9,6,45.32738095238095,27.419047619047618
0,21,7,2,4,8,1,2,28.075,27.170238095238094
0,22,5,4,3,6,5,8,29.204761904761906,27.364285714285714
0,23,6,4,4,1,6,3,27.135714285714286,26.958333333333332
0,24,4,3,4,8,3,7,28.20714285714286,27.32261904761905
0,25,6,3,1,7,5,6,28.122619047619047,27.23690476190476
0,26,6,8,1,4,4,1,29.139285714285712,27.31904761904762
0,27,4,4,6,9,4,4,33.070238095238096,27.370238095238097
0,28,3,6,4,8,1,7,28.31547619047619,27.095238095238095
0,29,3,6,4,1,10,1,29.748809523809523,27.00952380952381
0,30,7,5,10,4,9,8,40.89404761904762,27.370238095238097
0,31,4,9,2,10,7,7,38.29642857142857,27.345238095238095
0,32,3,9,9,5,2,1,33.964285714285715,27.277380952380952
0,33,8,5,5,6,4,4,34.11785714285714,27.28690476190476
0,34,2,8,4,6,7,7,33.10595238095238,27.26309523809524
0,35,2,4,5,9,10,6,36.4547619047619,27.323809523809523
0,36,4,6,10,5,1,4,32.06785714285714,27.01904761904762
0,37,7,3,9,6,1,9,32.20357142857143,27.15357142857143
0,38,10,4,3,6,6,3,35.166666666666664,27.311904761904763
0,39,5,4,5,4,10,10,34.14285714285714,27.258333333333333
0,40,9,10,4,3,5,1,37.11666666666667,27.307142857142857
0,41,5,7,9,5,3,3,34.87023809523809,27.28690476190476
0,42,6,5,9,8,6,8,40.05357142857143,27.275
0,43,10,7,6,5,3,7,37.23690476190476,27.271428571428572
0,44,7,4,5,4,10,4,36.14404761904762,27.247619047619047
0,45,10,4,7,4,8,5,39.19642857142857,27.270238095238096
0,46,1,7,7,10,7,2,38.01309523809524,27.26309523809524
0,47,6,10,9,1,9,1,41.048809523809524,27.082142857142856
0,48,7,10,8,8,10,8,48.93571428571428,27.257142857142856
0,49,10,10,7,5,9,7,47.338095238095235,27.254761904761907
1,0,5,9,6,10,5,9,41.266666666666666,27.455952380952382
1,1,10,4,1,6,3,9,30.45952380952381,27.454761904761906
1,2,2,1,7,2,3,2,21.00357142857143,27.366666666666667
1,3,5,9,6,10,5,9,41.266666666666666,27.455952380952382
1,4,1,1,5,4,5,9,22.15714285714286,27.432142857142857
1,5,3,4,1,7,3,8,24.4,27.420238095238094
1,6,4,1,3,6,9,7,29.226190476190478,27.42142857142857
1,7,6,2,3,5,9,10,31.29047619047619,27.427380952380954
1,8,8,8,10,3,6,1,41.03809523809524,27.43452380952381
1,9,8,1,8,9,10,8,42.24166666666667,27.455952380952382
1,10,6,2,3,5,9,10,31.29047619047619,27.427380952380954
1,11,2,2,5,4,2,7,21.109523809523807,27.273809523809526
1,12,3,4,1,7,3,1,24.25952380952381,27.417857142857144
1,13,5,2,6,8,2,7,29.257142857142856,27.409523809523808
1,14,2,6,2,4,5,9,25.4,27.392857142857142
1,15,2,3,6,10,7,2,34.017857142857146,27.42142857142857
1,16,5,7,1,7,3,3,29.396428571428572,27.420238095238094
1,17,3,2,8,2,4,5,25.11904761904762,27.38095238095238
1,18,7,5,10,8,9,8,45.16547619047619,27.423809523809524
1,19,4,4,1,6,3,9,24.50952380952381,27.33809523809524
1,20,2,1,7,2,4,2,22.24642857142857,27.265476190476193
1,21,2,1,5,4,7,7,25.163095238095238,27.316666666666666
1,22,8,1,3,9,4,10,31.222619047619048,27.420238095238094
1,23,9,1,8,2,4,5,30.211904761904762,27.372619047619047
1,24,1,1,5,6,9,9,28.09404761904762,27.370238095238097
1,25,6,1,6,2,7,3,27.86547619047619,27.366666666666667
1,26,3,2,6,2,8,3,27.010714285714286,27.321428571428573
1,27,6,4,1,2,3,9,22.26309523809524,27.146428571428572
1,28,8,3,1,9,7,2,34.46547619047619,27.42142857142857
1,29,2,1,7,6,3,3,25.071428571428573,27.20357142857143
1,30,3,2,5,2,8,3,25.973809523809525,27.29642857142857
1,31,6,1,1,4,10,1,28.22142857142857,27.340476190476192
1,32,8,9,4,9,9,6,45.32738095238095,27.419047619047618
1,33,5,4,3,6,5,8,29.204761904761906,27.364285714285714
1,34,4,3,4,8,3,7,28.20714285714286,27.32261904761905
1,35,2,6,1,7,1,1,23.201190476190476,27.041666666666664
1,36,10,1,6,6,7,3,36.28214285714286,27.40714285714286
1,37,2,1,6,10,7,2,32.01190476190476,27.383333333333333
1,38,4,3,4,8,3,7,28.20714285714286,27.32261904761905
1,39,4,1,3,2,9,6,25.15,27.2
1,40,3,2,5,2,8,3,25.973809523809525,27.29642857142857
1,41,2,6,3,7,1,1,25.01547619047619,26.939285714285713
1,42,8,1,1,9,7,2,32.333333333333336,27.383333333333333
1,43,2,9,8,2,5,3,32.07857142857143,27.372619047619047
1,44,6,4,4,1,6,3,27.135714285714286,26.958333333333332
1,45,6,8,1,4,4,1,29.139285714285712,27.31904761904762
1,46,1,2,6,10,2,2,27.15595238095238,27.238095238095237
1,47,2,9,8,2,5,3,32.07857142857143,27.372619047619047
1,48,4,4,6,9,4,4,33.070238095238096,27.370238095238097
1,49,1,1,8,2,9,5,27.17142857142857,27.214285714285715
2,0,5,9,6,10,5,9,41.266666666666666,27.455952380952382
2,1,10,4,1,6,3,9,30.45952380952381,27.454761904761906
2,2,2,1,7,2,3,2,21.00357142857143,27.366666666666667
2,3,5,9,6,10,5,9,41.266666666666666,27.455952380952382
2,4,2,2,5,4,2,3,21.188095238095237,27.43690476190476
2,5,2,1,1,2,7,2,19.215476190476192,27.208333333333332
2,6,1,1,5,4,5,9,22.15714285714286,27.432142857142857
2,7,8,8,10,3,6,1,41.03809523809524,27.43452380952381
2,8,8,1,8,9,10,8,42.24166666666667,27.455952380952382
2,9,2,2,5,4,2,7,21.109523809523807,27.273809523809526
2,10,1,1,7,2,5,9,22.007142857142856,27.353571428571428
2,11,2,1,5,4,4,2,22.05,27.402380952380952
2,12,3,4,1,7,3,8,24.4,27.420238095238094
2,13,4,1,3,6,9,7,29.226190476190478,27.42142857142857
2,14,6,2,3,5,9,10,31.29047619047619,27.427380952380954
2,15,6,2,3,5,9,10,31.29047619047619,27.427380952380954
2,16,3,4,1,7,3,1,24.25952380952381,27.417857142857144
2,17,2,2,7,2,3,2,22.126190476190477,27.320238095238096
2,18,2,1,8,2,3,2,22.104761904761904,27.254761904761903
2,19,6,4,1,1,3,3,21.257142857142856,26.87142857142857
2,20,3,4,1,7,3,8,24.4,27.420238095238094
2,21,3,4,1,7,3,1,24.25952380952381,27.417857142857144
2,22,6,2,3,5,9,10,31.29047619047619,27.427380952380954
2,23,2,6,2,4,5,9,25.4,27.392857142857142
2,24,2,3,6,10,7,2,34.017857142857146,27.42142857142857
2,25,5,7,1,7,3,3,29.396428571428572,27.420238095238094
2,26,3,2,8,2,4,5,25.11904761904762,27.38095238095238
2,27,7,5,10,8,9,8,45.16547619047619,27.423809523809524
2,28,4,4,1,6,3,9,24.50952380952381,27.33809523809524
2,29,2,1,7,2,4,2,22.24642857142857,27.265476190476193
2,30,3,4,1,7,1,1,22.205952380952382,27.152380952380952
2,31,2,3,6,10,7,2,34.017857142857146,27.42142857142857
2,32,3,4,2,7,5,8,27.396428571428572,27.410714285714285
2,33,5,2,6,8,2,7,29.257142857142856,27.409523809523808
2,34,2,1,5,4,7,7,25.163095238095238,27.316666666666666
2,35,8,1,3,9,4,10,31.222619047619048,27.420238095238094
2,36,1,1,5,6,9,9,28.09404761904762,27.370238095238097
2,37,6,1,6,2,7,3,27.86547619047619,27.366666666666667
2,38,3,2,6,2,8,3,27.010714285714286,27.321428571428573
2,39,6,4,1,2,3,9,22.26309523809524,27.146428571428572
2,40,8,3,1,9,7,2,34.46547619047619,27.42142857142857
2,41,8,1,3,6,4,9,28.260714285714286,27.377380952380953
2,42,3,1,8,2,4,5,24.15714285714286,27.24047619047619
2,43,3,2,6,2,8,3,27.010714285714286,27.321428571428573
2,44,2,1,5,4,7,7,25.163095238095238,27.316666666666666
2,45,4,1,5,4,9,7,29.19761904761905,27.395238095238096
2,46,2,6,2,4,3,9,23.26547619047619,27.226190476190478
2,47,8,9,4,9,9,6,45.32738095238095,27.419047619047618
2,48,8,9,4,9,9,6,45.32738095238095,27.419047619047618
2,49,2,6,1,7,1,1,23.201190476190476,27.041666666666664
3,0,5,9,6,10,5,9,41.266666666666666,27.455952380952382
3,1,10,4,1,6,3,9,30.45952380952381,27.454761904761906
3,2,2,1,7,2,3,2,21.00357142857143,27.366666666666667
3,3,5,9,6,10,5,9,41.266666666666666,27.455952380952382
3,4,2,2,5,4,2,3,21.188095238095237,27.43690476190476
3,5,3,2,1,2,4,5,18.417857142857144,27.267857142857142
3,6,1,2,1,7,1,1,18.24404761904762,27.26547619047619
3,7,2,1,1,2,7,2,19.215476190476192,27.208333333333332
3,8,1,1,5,4,5,9,22.15714285714286,27.432142857142857
3,9,8,8,10,3,6,1,41.03809523809524,27.43452380952381
3,10,8,1,8,9,10,8,42.24166666666667,27.455952380952382
3,11,2,2,5,4,2,7,21.109523809523807,27.273809523809526
3,12,1,1,7,2,5,9,22.007142857142856,27.353571428571428
3,13,2,1,5,4,4,2,22.05,27.402380952380952
3,14,8,1,8,9,10,8,42.24166666666667,27.455952380952382
3,15,2,2,5,4,2,7,21.109523809523807,27.273809523809526
3,16,8,1,8,9,10,8,42.24166666666667,27.455952380952382
3,17,2,1,5,2,4,9,20.129761904761903,27.252380952380953
3,18,3,4,1,7,3,8,24.4,27.420238095238094
3,19,4,1,3,6,9,7,29.226190476190478,27.42142857142857
3,20,6,2,3,5,9,10,31.29047619047619,27.427380952380954
3,21,6,2,3,5,9,10,31.29047619047619,27.427380952380954
3,22,3,4,1,7,3,1,24.25952380952381,27.417857142857144
3,23,2,2,7,2,3,2,22.126190476190477,27.320238095238096
3,24,2,1,8,2,3,2,22.104761904761904,27.254761904761903
3,25,3,4,1,7,3,8,24.4,27.420238095238094
3,26,3,4,1,7,3,1,24.25952380952381,27.417857142857144
3,27,6,2,3,5,9,10,31.29047619047619,27.427380952380954
3,28,2,1,7,2,3,9,21.103571428571428,27.191666666666666
3,29,6,2,3,5,9,10,31.29047619047619,27.427380952380954
3,30,2,1,5,4,4,7,22.017857142857142,27.24642857142857
3,31,2,1,8,2,3,2,22.104761904761904,27.254761904761903
3,32,2,1,2,2,7,10,20.139285714285716,27.151190476190475
3,33,3,4,1,6,3,2,23.48690476190476,27.38452380952381
3,34,6,2,3,5,9,10,31.29047619047619,27.427380952380954
3,35,2,2,5,5,2,10,21.901190476190475,27.222619047619048
3,36,6,4,1,1,3,3,21.257142857142856,26.87142857142857
3,37,7,5,10,8,9,8,45.16547619047619,27.423809523809524
3,38,6,4,1,1,3,3,21.257142857142856,26.87142857142857
3,39,3,4,1,7,1,1,22.205952380952382,27.152380952380952
3,40,2,3,6,10,7,2,34.017857142857146,27.42142857142857
3,41,4,4,1,6,3,9,24.50952380952381,27.33809523809524
3,42,2,1,7,2,4,2,22.24642857142857,27.265476190476193
3,43,3,4,2,7,5,8,27.396428571428572,27.410714285714285
3,44,5,7,1,7,3,3,29.396428571428572,27.420238095238094
3,45,2,3,6,10,7,2,34.017857142857146,27.42142857142857
3,46,2,6,2,4,5,9,25.4,27.392857142857142
3,47,3,2,8,2,4,5,25.11904761904762,27.38095238095238
3,48,2,1,7,2,4,2,22.24642857142857,27.265476190476193
3,49,5,7,1,7,3,3,29.396428571428572,27.420238095238094
4,0,2,2,5,4,2,3,21.188095238095237,27.43690476190476
4,1,3,2,1,2,4,5,18.417857142857144,27.267857142857142
4,2,1,2,1,7,1,1,18.24404761904762,27.26547619047619
4,3,3,2,1,6,4,1,22.226190476190474,27.439285714285713
4,4,2,2,5,4,4,7,22.922619047619047,27.475
4,5,2,1,5,4,2,7,20.136904761904763,27.301190476190477
4,6,2,1,6,2,3,3,20.145238095238096,27.385714285714286
4,7,2,1,5,4,2,7,20.136904761904763,27.301190476190477
4,8,2,1,5,4,2,7,20.136904761904763,27.301190476190477
4,9,3,1,1,2,4,5,17.276190476190475,27.15
4,10,5,9,6,10,5,9,41.266666666666666,27.455952380952382
4,11,10,4,1,6,3,9,30.45952380952381,27.454761904761906
4,12,2,1,7,2,3,2,21.00357142857143,27.366666666666667
4,13,5,9,6,10,5,9,41.266666666666666,27.455952380952382
4,14,2,1,1,2,7,2,19.215476190476192,27.208333333333332
4,15,1,1,5,4,5,9,22.15714285714286,27.432142857142857
4,16,2,1,5,4,4,2,22.05,27.402380952380952
4,17,2,1,5,2,4,9,20.129761904761903,27.252380952380953
4,18,2,1,1,7,3,8,20.30595238095238,27.28095238095238
4,19,2,1,5,4,4,2,22.05,27.402380952380952
4,20,1,2,1,7,1,3,18.50595238095238,27.129761904761903
4,21,8,8,10,3,6,1,41.03809523809524,27.43452380952381
4,22,2,2,5,4,2,7,21.109523809523807,27.273809523809526
4,23,1,1,7,2,5,9,22.007142857142856,27.353571428571428
4,24,2,2,5,4,2,7,21.109523809523807,27.273809523809526
4,25,3,4,1,7,3,8,24.4,27.420238095238094
4,26,4,1,3,6,9,7,29.226190476190478,27.42142857142857
4,27,6,2,3,5,9,10,31.29047619047619,27.427380952380954
4,28,6,2,3,5,9,10,31.29047619047619,27.427380952380954
4,29,3,4,1,7,3,1,24.25952380952381,27.417857142857144
4,30,3,4,1,7,3,8,24.4,27.420238095238094
4,31,3,4,1,7,3,1,24.25952380952381,27.417857142857144
4,32,6,2,3,5,9,10,31.29047619047619,27.427380952380954
4,33,2,1,7,2,3,9,21.103571428571428,27.191666666666666
4,34,6,2,3,5,9,10,31.29047619047619,27.427380952380954
4,35,3,4,1,6,3,2,23.48690476190476,27.38452380952381
4,36,6,2,3,5,9,10,31.29047619047619,27.427380952380954
4,37,3,4,1,2,3,2,19.354761904761904,27.159523809523808
4,38,3,4,1,7,3,8,24.4,27.420238095238094
4,39,7,2,10,8,9,8,42.22857142857143,27.455952380952382
4,40,2,2,5,4,2,2,21.178571428571427,27.302380952380954
4,41,2,3,5,4,3,2,23.257142857142856,27.38095238095238
4,42,8,1,8,9,10,8,42.24166666666667,27.455952380952382
4,43,3,4,1,2,3,5,19.373809523809523,27.06547619047619
4,44,8,1,8,9,10,8,42.24166666666667,27.455952380952382
4,45,2,1,2,2,7,10,20.139285714285716,27.151190476190475
4,46,2,3,6,10,7,2,34.017857142857146,27.42142857142857
4,47,2,2,5,5,2,10,21.901190476190475,27.222619047619048
4,48,2,2,7,2,3,2,22.126190476190477,27.320238095238096
4,49,2,3,6,10,7,2,34.017857142857146,27.42142857142857
5,0,2,2,5,4,2,3,21.188095238095237,27.43690476190476
5,1,3,2,1,2,4,5,18.417857142857144,27.267857142857142
5,2,1,2,1,7,1,1,18.24404761904762,27.26547619047619
5,3,3,2,1,6,4,1,22.226190476190474,27.439285714285713
5,4,2,2,5,4,4,7,22.922619047619047,27.475
5,5,2,1,6,2,3,3,20.145238095238096,27.385714285714286
5,6,1,2,1,6,1,1,17.25595238095238,27.170238095238094
5,7,1,3,1,2,3,2,16.339285714285715,27.164285714285715
5,8,2,2,5,4,2,3,21.188095238095237,27.43690476190476
5,9,2,2,1,4,2,5,17.438095238095237,27.251190476190477
5,10,2,1,6,2,3,3,20.145238095238096,27.385714285714286
5,11,2,2,1,4,4,7,19.34285714285714,27.323809523809523
5,12,5,2,6,10,5,9,34.26547619047619,27.48095238095238
5,13,3,1,1,2,4,5,17.276190476190475,27.15
5,14,5,9,6,10,5,9,41.266666666666666,27.455952380952382
5,15,10,4,1,6,3,9,30.45952380952381,27.454761904761906
5,16,2,1,7,2,3,2,21.00357142857143,27.366666666666667
5,17,5,9,6,10,5,9,41.266666666666666,27.455952380952382
5,18,1,1,5,4,5,9,22.15714285714286,27.432142857142857
5,19,2,1,5,4,4,2,22.05,27.402380952380952
5,20,2,1,5,4,4,2,22.05,27.402380952380952
5,21,10,4,1,6,3,9,30.45952380952381,27.454761904761906
5,22,2,1,6,2,3,2,20.103571428571428,27.316666666666666
5,23,1,1,5,4,2,9,19.016666666666666,27.264285714285716
5,24,3,1,1,2,4,5,17.276190476190475,27.15
5,25,2,1,5,4,4,2,22.05,27.402380952380952
5,26,2,1,5,4,2,7,20.136904761904763,27.301190476190477
5,27,2,1,5,4,2,7,20.136904761904763,27.301190476190477
5,28,2,1,5,4,2,7,20.136904761904763,27.301190476190477
5,29,2,1,1,2,7,2,19.215476190476192,27.208333333333332
5,30,2,1,5,2,4,9,20.129761904761903,27.252380952380953
5,31,1,2,1,7,1,3,18.50595238095238,27.129761904761903
5,32,8,8,10,3,6,1,41.03809523809524,27.43452380952381
5,33,3,4,1,6,3,2,23.48690476190476,27.38452380952381
5,34,7,2,10,8,9,8,42.22857142857143,27.455952380952382
5,35,2,2,5,4,2,2,21.178571428571427,27.302380952380954
5,36,2,3,5,4,3,2,23.257142857142856,27.38095238095238
5,37,2,3,5,4,3,2,23.257142857142856,27.38095238095238
5,38,2,2,5,4,5,7,24.160714285714285,27.432142857142857
5,39,4,1,3,6,3,2,23.301190476190477,27.383333333333333
5,40,5,10,6,10,5,9,42.21904761904762,27.44642857142857
5,41,2,1,5,2,4,9,20.129761904761903,27.252380952380953
5,42,2,2,7,2,3,9,21.8,27.364285714285714
5,43,2,1,5,2,4,9,20.129761904761903,27.252380952380953
5,44,8,1,8,9,10,8,42.24166666666667,27.455952380952382
5,45,3,4,1,2,3,8,19.11190476190476,27.091666666666665
5,46,8,1,8,9,10,8,42.24166666666667,27.455952380952382
5,47,1,1,7,2,5,9,22.007142857142856,27.353571428571428
5,48,6,2,3,5,9,10,31.29047619047619,27.427380952380954
5,49,2,1,1,7,3,8,20.30595238095238,27.28095238095238
6,0,2,2,5,4,2,3,21.188095238095237,27.43690476190476
6,1,3,2,1,6,4,1,22.226190476190474,27.439285714285713
6,2,2,2,5,4,4,7,22.922619047619047,27.475
6,3,1,3,1,2,3,2,16.339285714285715,27.164285714285715
6,4,2,2,5,4,2,3,21.188095238095237,27.43690476190476
6,5,2,2,1,4,2,5,17.438095238095237,27.251190476190477
6,6,5,2,6,10,5,9,34.26547619047619,27.48095238095238
6,7,3,1,1,6,4,1,21.28095238095238,27.436904761904763
6,8,1,2,1,4,1,1,15.158333333333333,26.948809523809523
6,9,3,2,1,2,4,1,18.198809523809523,27.273809523809522
6,10,5,2,6,10,5,9,34.26547619047619,27.48095238095238
6,11,2,2,5,4,4,7,22.922619047619047,27.475
6,12,2,1,1,2,4,5,16.417857142857144,27.23690476190476
6,13,2,2,1,4,4,10,19.372619047619047,27.39047619047619
6,14,2,1,5,2,3,2,19.19404761904762,27.348809523809525
6,15,2,2,5,4,2,3,21.188095238095237,27.43690476190476
6,16,3,2,1,2,4,5,18.417857142857144,27.267857142857142
6,17,1,2,1,7,1,1,18.24404761904762,27.26547619047619
6,18,2,1,6,2,3,3,20.145238095238096,27.385714285714286
6,19,1,2,1,6,1,1,17.25595238095238,27.170238095238094
6,20,2,1,6,2,3,3,20.145238095238096,27.385714285714286
6,21,2,2,1,4,4,7,19.34285714285714,27.323809523809523
6,22,1,1,5,4,5,9,22.15714285714286,27.432142857142857
6,23,2,1,5,4,4,2,22.05,27.402380952380952
6,24,2,1,5,4,4,2,22.05,27.402380952380952
6,25,2,1,5,4,4,2,22.05,27.402380952380952
6,26,2,1,5,4,2,2,19.904761904761905,27.364285714285714
6,27,3,2,1,2,4,5,18.417857142857144,27.267857142857142
6,28,1,1,7,4,5,9,24.37142857142857,27.472619047619048
6,29,2,1,2,2,4,5,17.267857142857142,27.2
6,30,2,1,6,2,3,3,20.145238095238096,27.385714285714286
6,31,2,2,1,4,4,7,19.34285714285714,27.323809523809523
6,32,3,1,1,2,4,5,17.276190476190475,27.15
6,33,5,9,6,10,5,9,41.266666666666666,27.455952380952382
6,34,5,9,6,10,5,9,41.266666666666666,27.455952380952382
6,35,3,1,1,2,4,5,17.276190476190475,27.15
6,36,10,4,1,6,3,9,30.45952380952381,27.454761904761906
6,37,2,2,5,4,5,7,24.160714285714285,27.432142857142857
6,38,1,1,5,4,2,9,19.016666666666666,27.264285714285716
6,39,2,1,6,2,3,2,20.103571428571428,27.316666666666666
6,40,10,4,1,6,3,9,30.45952380952381,27.454761904761906
6,41,2,1,7,2,3,2,21.00357142857143,27.366666666666667
6,42,1,2,1,6,3,9,19.461904761904762,27.273809523809522
6,43,3,4,1,6,3,2,23.48690476190476,27.38452380952381
6,44,3,1,6,2,3,2,21.098809523809525,27.37857142857143
6,45,1,1,5,4,2,9,19.016666666666666,27.264285714285716
6,46,2,3,5,4,3,2,23.257142857142856,27.38095238095238
6,47,4,1,3,6,3,2,23.301190476190477,27.383333333333333
6,48,2,3,5,4,3,2,23.257142857142856,27.38095238095238
6,49,2,3,5,4,3,2,23.257142857142856,27.38095238095238
7,0,2,2,5,4,2,3,21.188095238095237,27.43690476190476
7,1,3,2,1,6,4,1,22.226190476190474,27.439285714285713
7,2,2,2,5,4,4,7,22.922619047619047,27.475
7,3,1,3,1,2,3,2,16.339285714285715,27.164285714285715
7,4,2,2,5,4,2,3,21.188095238095237,27.43690476190476
7,5,5,2,6,10,5,9,34.26547619047619,27.48095238095238
7,6,3,1,1,6,4,1,21.28095238095238,27.436904761904763
7,7,1,2,1,4,1,1,15.158333333333333,26.948809523809523
7,8,5,2,6,10,5,9,34.26547619047619,27.48095238095238
7,9,2,2,5,4,4,7,22.922619047619047,27.475
7,10,2,2,1,4,4,10,19.372619047619047,27.39047619047619
7,11,2,1,5,2,3,2,19.19404761904762,27.348809523809525
7,12,2,2,5,4,2,3,21.188095238095237,27.43690476190476
7,13,1,2,1,4,1,1,15.158333333333333,26.948809523809523
7,14,2,2,1,2,3,3,16.227380952380955,27.077380952380953
7,15,1,2,1,4,1,2,15.328571428571427,27.051190476190477
7,16,1,1,1,2,5,9,16.345238095238095,27.277380952380952
7,17,2,2,5,4,4,7,22.922619047619047,27.475
7,18,2,2,1,4,2,5,17.438095238095237,27.251190476190477
7,19,3,2,1,2,4,1,18.198809523809523,27.273809523809522
7,20,2,1,1,2,4,5,16.417857142857144,27.23690476190476
7,21,2,1,6,2,3,3,20.145238095238096,27.385714285714286
7,22,2,1,6,2,3,3,20.145238095238096,27.385714285714286
7,23,2,2,1,4,4,7,19.34285714285714,27.323809523809523
7,24,1,1,5,4,5,9,22.15714285714286,27.432142857142857
7,25,2,1,5,4,4,2,22.05,27.402380952380952
7,26,2,1,5,4,4,2,22.05,27.402380952380952
7,27,2,1,5,4,4,2,22.05,27.402380952380952
7,28,2,1,5,4,2,2,19.904761904761905,27.364285714285714
7,29,1,1,7,4,5,9,24.37142857142857,27.472619047619048
7,30,2,1,6,2,3,3,20.145238095238096,27.385714285714286
7,31,2,2,1,4,4,7,19.34285714285714,27.323809523809523
7,32,2,2,5,4,4,10,23.179761904761904,27.435714285714287
7,33,2,2,1,4,1,7,16.061904761904763,27.03095238095238
7,34,2,1,6,2,3,3,20.145238095238096,27.385714285714286
7,35,2,1,6,2,3,3,20.145238095238096,27.385714285714286
7,36,1,2,5,6,4,1,24.011904761904763,27.452380952380953
7,37,5,9,6,10,5,9,41.266666666666666,27.455952380952382
7,38,5,9,6,10,5,9,41.266666666666666,27.455952380952382
7,39,1,2,1,6,1,1,17.25595238095238,27.170238095238094
7,40,10,4,1,6,3,9,30.45952380952381,27.454761904761906
7,41,1,3,1,6,3,1,20.29047619047619,27.37857142857143
7,42,2,1,5,4,4,5,22.273809523809522,27.41904761904762
7,43,1,2,1,7,1,1,18.24404761904762,27.26547619047619
7,44,2,2,5,4,5,7,24.160714285714285,27.432142857142857
7,45,2,1,6,2,3,2,20.103571428571428,27.316666666666666
7,46,10,4,1,6,3,9,30.45952380952381,27.454761904761906
7,47,2,2,1,4,4,5,19.402380952380952,27.31190476190476
7,48,2,1,2,2,4,5,17.267857142857142,27.2
7,49,3,2,1,2,4,5,18.417857142857144,27.267857142857142
8,0,2,2,5,4,2,3,21.188095238095237,27.43690476190476
8,1,3,2,1,6,4,1,22.226190476190474,27.439285714285713
8,2,2,2,5,4,4,7,22.922619047619047,27.475
8,3,2,2,5,4,2,3,21.188095238095237,27.43690476190476
8,4,5,2,6,10,5,9,34.26547619047619,27.48095238095238
8,5,1,2,1,4,1,1,15.158333333333333,26.948809523809523
8,6,5,2,6,10,5,9,34.26547619047619,27.48095238095238
8,7,2,2,5,4,4,7,22.922619047619047,27.475
8,8,2,2,5,4,2,3,21.188095238095237,27.43690476190476
8,9,1,2,1,4,1,1,15.158333333333333,26.948809523809523
8,10,1,2,1,4,1,2,15.328571428571427,27.051190476190477
8,11,1,1,1,2,5,9,16.345238095238095,27.277380952380952
8,12,2,2,5,4,4,7,22.922619047619047,27.475
8,13,1,2,1,4,1,1,15.158333333333333,26.948809523809523
8,14,1,2,1,4,2,3,16.34642857142857,27.409523809523808
8,15,5,2,6,10,5,9,34.26547619047619,27.48095238095238
8,16,2,1,1,2,4,9,16.30238095238095,27.276190476190475
8,17,2,1,1,4,2,5,16.178571428571427,27.26309523809524
8,18,2,2,5,4,2,3,21.188095238095237,27.43690476190476
8,19,2,1,1,4,3,1,17.098809523809525,27.41190476190476
8,20,1,3,1,6,4,1,21.279761904761905,27.436904761904763
8,21,2,1,1,2,1,1,13.186904761904762,26.817857142857143
8,22,1,3,1,2,3,2,16.339285714285715,27.164285714285715
8,23,3,1,1,6,4,1,21.28095238095238,27.436904761904763
8,24,2,2,1,4,4,10,19.372619047619047,27.39047619047619
8,25,2,1,5,2,3,2,19.19404761904762,27.348809523809525
8,26,2,2,1,2,3,3,16.227380952380955,27.077380952380953
8,27,2,2,1,4,2,5,17.438095238095237,27.251190476190477
8,28,2,1,1,2,4,5,16.417857142857144,27.23690476190476
8,29,1,1,7,4,5,9,24.37142857142857,27.472619047619048
8,30,2,2,1,4,1,7,16.061904761904763,27.03095238095238
8,31,1,2,5,6,4,1,24.011904761904763,27.452380952380953
8,32,2,2,1,4,1,7,16.061904761904763,27.03095238095238
8,33,2,2,1,4,1,7,16.061904761904763,27.03095238095238
8,34,2,2,1,2,3,3,16.227380952380955,27.077380952380953
8,35,1,3,1,4,3,1,18.158333333333335,27.28095238095238
8,36,1,2,1,2,1,2,13.232142857142858,26.71785714285714
8,37,1,2,5,6,4,1,24.011904761904763,27.452380952380953
8,38,1,1,1,6,1,1,16.023809523809526,26.970238095238095
8,39,3,2,1,2,3,1,17.175,27.108333333333334
8,40,5,9,6,10,5,9,41.266666666666666,27.455952380952382
8,41,5,9,6,10,5,9,41.266666666666666,27.455952380952382
8,42,10,4,1,6,3,9,30.45952380952381,27.454761904761906
8,43,2,2,5,4,4,10,23.179761904761904,27.435714285714287
8,44,2,1,2,2,4,5,17.267857142857142,27.2
8,45,10,4,1,6,3,9,30.45952380952381,27.454761904761906
8,46,3,2,1,2,4,1,18.198809523809523,27.273809523809522
8,47,1,2,1,6,1,1,17.25595238095238,27.170238095238094
8,48,2,1,5,4,2,2,19.904761904761905,27.364285714285714
8,49,1,2,1,4,4,2,18.308333333333334,27.28095238095238
9,0,2,2,5,4,4,7,22.922619047619047,27.475
9,1,5,2,6,10,5,9,34.26547619047619,27.48095238095238
9,2,1,2,1,4,1,1,15.158333333333333,26.948809523809523
9,3,5,2,6,10,5,9,34.26547619047619,27.48095238095238
9,4,2,2,5,4,4,7,22.922619047619047,27.475
9,5,1,2,1,4,1,1,15.158333333333333,26.948809523809523
9,6,1,2,1,4,1,2,15.328571428571427,27.051190476190477
9,7,1,1,1,2,5,9,16.345238095238095,27.277380952380952
9,8,2,2,5,4,4,7,22.922619047619047,27.475
9,9,1,2,1,4,1,1,15.158333333333333,26.948809523809523
9,10,1,2,1,4,2,3,16.34642857142857,27.409523809523808
9,11,5,2,6,10,5,9,34.26547619047619,27.48095238095238
9,12,2,1,1,2,4,9,16.30238095238095,27.276190476190475
9,13,2,1,1,4,2,5,16.178571428571427,27.26309523809524
9,14,2,1,1,4,3,1,17.098809523809525,27.41190476190476
9,15,2,1,1,2,1,1,13.186904761904762,26.817857142857143
9,16,1,2,1,4,1,2,15.328571428571427,27.051190476190477
9,17,2,2,1,4,3,3,18.201190476190476,27.44047619047619
9,18,2,1,1,2,1,1,13.186904761904762,26.817857142857143
9,19,1,1,1,2,5,9,16.345238095238095,27.277380952380952
9,20,1,3,5,4,4,7,22.922619047619047,27.475
9,21,2,1,1,2,4,9,16.30238095238095,27.276190476190475
9,22,2,1,1,2,1,1,13.186904761904762,26.817857142857143
9,23,1,1,7,4,5,9,24.37142857142857,27.472619047619048
9,24,1,2,1,2,1,2,13.232142857142858,26.71785714285714
9,25,1,1,7,4,5,9,24.37142857142857,27.472619047619048
9,26,2,1,1,4,1,5,15.43452380952381,26.955952380952382
9,27,2,1,1,2,4,5,16.417857142857144,27.23690476190476
9,28,1,1,1,6,2,1,17.242857142857144,27.380952380952383
9,29,3,2,1,6,4,1,22.226190476190474,27.439285714285713
9,30,1,1,2,4,5,5,19.202380952380953,27.41190476190476
9,31,1,2,1,4,4,1,18.188095238095237,27.382142857142856
9,32,2,2,1,4,5,10,20.22142857142857,27.425
9,33,1,2,5,6,4,1,24.011904761904763,27.452380952380953
9,34,1,1,1,6,1,1,16.023809523809526,26.970238095238095
9,35,2,2,1,2,3,3,16.227380952380955,27.077380952380953
9,36,1,3,1,2,3,2,16.339285714285715,27.164285714285715
9,37,1,3,1,2,3,2,16.339285714285715,27.164285714285715
9,38,2,2,1,4,1,7,16.061904761904763,27.03095238095238
9,39,2,2,5,4,2,3,21.188095238095237,27.43690476190476
9,40,1,3,1,6,4,1,21.279761904761905,27.436904761904763
9,41,2,2,1,2,3,3,16.227380952380955,27.077380952380953
9,42,2,2,1,4,1,7,16.061904761904763,27.03095238095238
9,43,1,2,5,6,4,1,24.011904761904763,27.452380952380953
9,44,2,2,5,4,2,3,21.188095238095237,27.43690476190476
9,45,1,3,1,6,4,1,21.279761904761905,27.436904761904763
9,46,1,2,5,6,4,1,24.011904761904763,27.452380952380953
9,47,2,2,1,4,1,7,16.061904761904763,27.03095238095238
9,48,2,2,5,4,2,3,21.188095238095237,27.43690476190476
9,49,2,2,1,2,3,3,16.227380952380955,27.077380952380953
10,0,2,2,5,4,4,7,22.922619047619047,27.475
10,1,5,2,6,10,5,9,34.26547619047619,27.48095238095238
10,2,5,2,6,10,5,9,34.26547619047619,27.48095238095238
10,3,2,2,5,4,4,7,22.922619047619047,27.475
10,4,2,2,5,4,4,7,22.922619047619047,27.475
10,5,1,2,1,4,2,3,16.34642857142857,27.409523809523808
10,6,5,2,6,10,5,9,34.26547619047619,27.48095238095238
10,7,2,1,1,4,2,5,16.178571428571427,27.26309523809524
10,8,2,1,1,4,3,1,17.098809523809525,27.41190476190476
10,9,2,2,1,4,3,3,18.201190476190476,27.44047619047619
10,10,1,3,5,4,4,7,22.922619047619047,27.475
10,11,1,1,1,2,1,1,12.195238095238095,26.622619047619047
10,12,1,3,5,4,4,7,22.922619047619047,27.475
10,13,2,1,1,2,2,5,14.354761904761904,27.16547619047619
10,14,1,1,1,2,1,1,12.195238095238095,26.622619047619047
10,15,2,1,1,2,4,2,16.28452380952381,27.277380952380952
10,16,1,1,1,2,1,1,12.195238095238095,26.622619047619047
10,17,1,1,1,2,1,5,12.303571428571429,26.876190476190477
10,18,2,1,1,3,1,1,14.239285714285714,27.01904761904762
10,19,1,2,1,4,1,2,15.328571428571427,27.051190476190477
10,20,1,1,1,2,5,9,16.345238095238095,27.277380952380952
10,21,2,1,1,2,4,9,16.30238095238095,27.276190476190475
10,22,2,1,1,2,1,1,13.186904761904762,26.817857142857143
10,23,1,2,1,4,1,2,15.328571428571427,27.051190476190477
10,24,2,1,1,2,1,1,13.186904761904762,26.817857142857143
10,25,1,1,1,2,5,9,16.345238095238095,27.277380952380952
10,26,2,1,1,2,4,9,16.30238095238095,27.276190476190475
10,27,2,1,1,2,1,1,13.186904761904762,26.817857142857143
10,28,1,1,7,4,5,9,24.37142857142857,27.472619047619048
10,29,1,1,7,4,5,9,24.37142857142857,27.472619047619048
10,30,1,1,1,6,2,1,17.242857142857144,27.380952380952383
10,31,1,2,5,6,4,1,24.011904761904763,27.452380952380953
10,32,1,2,5,6,4,1,24.011904761904763,27.452380952380953
10,33,1,2,5,6,4,1,24.011904761904763,27.452380952380953
10,34,1,3,1,2,3,9,16.22142857142857,27.23690476190476
10,35,1,1,1,6,2,1,17.242857142857144,27.380952380952383
10,36,1,2,2,4,3,3,18.375,27.439285714285713
10,37,1,2,1,4,1,2,15.328571428571427,27.051190476190477
10,38,2,1,1,4,1,1,15.157142857142857,26.948809523809523
10,39,1,2,1,4,1,2,15.328571428571427,27.051190476190477
10,40,2,2,1,4,2,2,17.35,27.391666666666666
10,41,1,2,1,2,1,2,13.232142857142858,26.71785714285714
10,42,1,2,1,2,1,2,13.232142857142858,26.71785714285714
10,43,3,2,1,6,4,1,22.226190476190474,27.439285714285713
10,44,1,1,1,6,2,5,17.302380952380954,27.364285714285714
10,45,2,1,1,2,4,5,16.417857142857144,27.23690476190476
10,46,1,2,1,4,1,1,15.158333333333333,26.948809523809523
10,47,1,2,1,4,1,1,15.158333333333333,26.948809523809523
10,48,1,2,1,4,4,1,18.188095238095237,27.382142857142856
10,49,1,2,1,4,1,7,15.434523809523808,27.041666666666668
11,0,2,2,5,4,4,7,22.922619047619047,27.475
11,1,5,2,6,10,5,9,34.26547619047619,27.48095238095238
11,2,5,2,6,10,5,9,34.26547619047619,27.48095238095238
11,3,2,2,5,4,4,7,22.922619047619047,27.475
11,4,2,2,5,4,4,7,22.922619047619047,27.475
11,5,1,2,1,4,2,3,16.34642857142857,27.409523809523808
11,6,5,2,6,10,5,9,34.26547619047619,27.48095238095238
11,7,2,1,1,4,2,5,16.178571428571427,27.26309523809524
11,8,2,1,1,4,3,1,17.098809523809525,27.41190476190476
11,9,2,2,1,4,3,3,18.201190476190476,27.44047619047619
11,10,1,3,5,4,4,7,22.922619047619047,27.475
11,11,1,1,1,2,1,1,12.195238095238095,26.622619047619047
11,12,1,3,5,4,4,7,22.922619047619047,27.475
11,13,2,1,1,2,2,5,14.354761904761904,27.16547619047619
11,14,1,1,1,2,1,1,12.195238095238095,26.622619047619047
11,15,1,1,1,2,1,1,12.195238095238095,26.622619047619047
11,16,1,1,1,2,1,5,12.303571428571429,26.876190476190477
11,17,1,1,1,2,1,5,12.303571428571429,26.876190476190477
11,18,1,1,1,2,1,2,12.26547619047619,26.74047619047619
11,19,2,1,1,4,3,1,17.098809523809525,27.41190476190476
11,20,1,1,1,2,3,1,14.023809523809524,27.09642857142857
11,21,1,2,1,4,2,1,16.205952380952382,27.30952380952381
11,22,1,1,1,2,1,1,12.195238095238095,26.622619047619047
11,23,2,1,1,2,2,5,14.354761904761904,27.16547619047619
11,24,1,2,1,4,2,1,16.205952380952382,27.30952380952381
11,25,1,1,1,2,1,5,12.303571428571429,26.876190476190477
11,26,2,1,1,2,4,2,16.28452380952381,27.277380952380952
11,27,2,1,1,2,1,1,13.186904761904762,26.817857142857143
11,28,2,1,1,2,1,1,13.186904761904762,26.817857142857143
11,29,2,1,1,2,1,1,13.186904761904762,26.817857142857143
11,30,1,1,7,4,5,9,24.37142857142857,27.472619047619048
11,31,1,1,7,4,5,9,24.37142857142857,27.472619047619048
11,32,1,1,1,6,2,1,17.242857142857144,27.380952380952383
11,33,1,2,5,6,4,1,24.011904761904763,27.452380952380953
11,34,1,2,5,6,4,1,24.011904761904763,27.452380952380953
11,35,1,2,5,6,4,1,24.011904761904763,27.452380952380953
11,36,1,3,1,2,3,9,16.22142857142857,27.23690476190476
11,37,1,1,1,6,2,1,17.242857142857144,27.380952380952383
11,38,1,2,2,4,3,3,18.375,27.439285714285713
11,39,2,2,1,4,2,2,17.35,27.391666666666666
11,40,1,2,2,4,1,3,16.215476190476192,27.125
11,41,2,1,1,2,1,1,13.186904761904762,26.817857142857143
11,42,1,1,1,4,1,9,14.041666666666666,27.01547619047619
11,43,2,1,1,2,3,1,15.154761904761905,27.11190476190476
11,44,1,1,1,6,2,1,17.242857142857144,27.380952380952383
11,45,1,1,6,4,6,1,23.982142857142858,27.45
11,46,1,1,7,4,5,9,24.37142857142857,27.472619047619048
11,47,2,1,1,2,2,1,14.182142857142857,27.083333333333332
11,48,1,1,1,6,2,1,17.242857142857144,27.380952380952383
11,49,3,2,1,6,4,1,22.226190476190474,27.439285714285713
12,0,5,2,6,10,5,9,34.26547619047619,27.48095238095238
12,1,5,2,6,10,5,9,34.26547619047619,27.48095238095238
12,2,1,2,1,4,2,3,16.34642857142857,27.409523809523808
12,3,5,2,6,10,5,9,34.26547619047619,27.48095238095238
12,4,2,1,1,4,2,5,16.178571428571427,27.26309523809524
12,5,2,1,1,4,3,1,17.098809523809525,27.41190476190476
12,6,2,2,1,4,3,3,18.201190476190476,27.44047619047619
12,7,1,1,1,2,1,1,12.195238095238095,26.622619047619047
12,8,2,1,1,2,2,5,14.354761904761904,27.16547619047619
12,9,1,1,1,2,1,1,12.195238095238095,26.622619047619047
12,10,1,1,1,2,1,1,12.195238095238095,26.622619047619047
12,11,1,1,1,2,1,5,12.303571428571429,26.876190476190477
12,12,1,1,1,2,1,5,12.303571428571429,26.876190476190477
12,13,2,1,1,4,3,1,17.098809523809525,27.41190476190476
12,14,1,1,1,2,3,1,14.023809523809524,27.09642857142857
12,15,1,2,1,4,2,1,16.205952380952382,27.30952380952381
12,16,1,1,1,2,1,1,12.195238095238095,26.622619047619047
12,17,2,1,1,2,2,5,14.354761904761904,27.16547619047619
12,18,1,2,1,4,2,1,16.205952380952382,27.30952380952381
12,19,1,1,1,2,1,5,12.303571428571429,26.876190476190477
12,20,5,2,6,10,5,9,34.26547619047619,27.48095238095238
12,21,1,1,5,4,4,9,20.91785714285714,27.475
12,22,1,1,1,2,3,1,14.023809523809524,27.09642857142857
12,23,1,1,1,2,1,5,12.303571428571429,26.876190476190477
12,24,2,1,1,2,2,5,14.354761904761904,27.16547619047619
12,25,1,1,1,2,1,5,12.303571428571429,26.876190476190477
12,26,1,1,1,2,1,1,12.195238095238095,26.622619047619047
12,27,1,2,1,4,2,3,16.34642857142857,27.409523809523808
12,28,2,2,1,4,3,3,18.201190476190476,27.44047619047619
12,29,1,1,1,2,1,1,12.195238095238095,26.622619047619047
12,30,2,1,1,4,3,1,17.098809523809525,27.41190476190476
12,31,1,1,1,2,1,9,12.214285714285715,26.840476190476192
12,32,1,1,1,4,2,1,15.153571428571428,27.177380952380954
12,33,5,2,6,10,5,9,34.26547619047619,27.48095238095238
12,34,1,1,1,2,1,5,12.303571428571429,26.876190476190477
12,35,1,1,1,4,3,1,16.211904761904762,27.37142857142857
12,36,2,1,1,2,2,5,14.354761904761904,27.16547619047619
12,37,1,1,1,2,1,1,12.195238095238095,26.622619047619047
12,38,2,2,5,4,4,7,22.922619047619047,27.475
12,39,1,1,1,2,1,2,12.26547619047619,26.74047619047619
12,40,1,3,5,4,4,7,22.922619047619047,27.475
12,41,1,1,1,2,1,2,12.26547619047619,26.74047619047619
12,42,1,2,2,4,3,3,18.375,27.439285714285713
12,43,1,1,1,4,1,9,14.041666666666666,27.01547619047619
12,44,2,1,1,2,1,1,13.186904761904762,26.817857142857143
12,45,2,1,1,2,2,1,14.182142857142857,27.083333333333332
12,46,1,2,1,4,2,7,16.345238095238095,27.35
12,47,2,1,1,2,1,1,13.186904761904762,26.817857142857143
12,48,2,1,1,2,3,1,15.154761904761905,27.11190476190476
12,49,2,1,1,2,3,2,15.408333333333333,27.17738095238095
13,0,5,2,6,10,5,9,34.26547619047619,27.48095238095238
13,1,1,1,1,2,1,1,12.195238095238095,26.622619047619047
13,2,1,1,1,2,1,1,12.195238095238095,26.622619047619047
13,3,5,2,6,10,5,9,34.26547619047619,27.48095238095238
13,4,1,1,5,4,4,9,20.91785714285714,27.475
13,5,1,1,1,2,2,5,13.317857142857143,27.051190476190477
13,6,1,1,1,2,1,9,12.214285714285715,26.840476190476192
13,7,1,1,1,2,2,1,13.020238095238096,26.89047619047619
13,8,2,1,1,4,2,5,16.178571428571427,27.26309523809524
13,9,1,1,1,4,2,1,15.153571428571428,27.177380952380954
13,10,2,2,1,4,3,3,18.201190476190476,27.44047619047619
13,11,1,1,5,4,4,9,20.91785714285714,27.475
13,12,2,1,1,2,2,5,14.354761904761904,27.16547619047619
13,13,1,1,1,2,3,1,14.023809523809524,27.09642857142857
13,14,2,2,1,4,3,3,18.201190476190476,27.44047619047619
13,15,1,2,1,4,2,3,16.34642857142857,27.409523809523808
13,16,1,1,1,4,3,1,16.211904761904762,27.37142857142857
13,17,1,1,1,2,1,5,12.303571428571429,26.876190476190477
13,18,1,2,1,4,2,1,16.205952380952382,27.30952380952381
13,19,1,1,1,2,3,1,14.023809523809524,27.09642857142857
13,20,2,1,1,4,3,1,17.098809523809525,27.41190476190476
13,21,1,2,1,4,2,1,16.205952380952382,27.30952380952381
13,22,2,1,1,4,3,1,17.098809523809525,27.41190476190476
13,23,1,1,1,4,3,1,16.211904761904762,27.37142857142857
13,24,1,1,1,2,1,9,12.214285714285715,26.840476190476192
13,25,1,1,1,2,2,1,13.020238095238096,26.89047619047619
13,26,2,1,1,2,2,5,14.354761904761904,27.16547619047619
13,27,1,1,1,2,1,5,12.303571428571429,26.876190476190477
13,28,1,2,1,4,2,3,16.34642857142857,27.409523809523808
13,29,1,1,1,2,1,1,12.195238095238095,26.622619047619047
13,30,1,1,1,2,1,5,12.303571428571429,26.876190476190477
13,31,1,1,1,2,3,1,14.023809523809524,27.09642857142857
13,32,5,2,6,10,5,9,34.26547619047619,27.48095238095238
13,33,2,1,1,2,2,5,14.354761904761904,27.16547619047619
13,34,2,1,1,2,2,5,14.354761904761904,27.16547619047619
13,35,1,1,1,2,1,1,12.195238095238095,26.622619047619047
13,36,1,1,1,2,1,5,12.303571428571429,26.876190476190477
13,37,2,1,1,4,3,1,17.098809523809525,27.41190476190476
13,38,1,1,1,2,1,1,12.195238095238095,26.622619047619047
13,39,1,1,1,2,3,1,14.023809523809524,27.09642857142857
13,40,1,1,1,2,1,5,12.303571428571429,26.876190476190477
13,41,1,1,1,2,1,1,12.195238095238095,26.622619047619047
13,42,1,1,1,2,3,1,14.023809523809524,27.09642857142857
13,43,1,1,1,2,1,1,12.195238095238095,26.622619047619047
13,44,1,1,1,2,1,1,12.195238095238095,26.622619047619047
13,45,1,1,1,2,1,1,12.195238095238095,26.622619047619047
13,46,1,1,1,2,1,1,12.195238095238095,26.622619047619047
13,47,5,2,6,10,5,9,34.26547619047619,27.48095238095238
13,48,1,1,1,2,1,1,12.195238095238095,26.622619047619047
13,49,1,1,1,2,1,5,12.303571428571429,26.876190476190477
14,0,1,1,1,2,1,1,12.195238095238095,26.622619047619047
14,1,1,1,1,2,1,1,12.195238095238095,26.622619047619047
14,2,5,2,6,10,5,9,34.26547619047619,27.48095238095238
14,3,5,2,6,10,5,9,34.26547619047619,27.48095238095238
14,4,1,1,5,4,4,9,20.91785714285714,27.475
14,5,1,1,1,2,1,9,12.214285714285715,26.840476190476192
14,6,1,1,1,2,2,1,13.020238095238096,26.89047619047619
14,7,1,1,1,2,2,5,13.317857142857143,27.051190476190477
14,8,2,1,1,4,2,5,16.178571428571427,27.26309523809524
14,9,2,2,1,4,3,3,18.201190476190476,27.44047619047619
14,10,1,2,1,2,2,5,14.353571428571428,27.16547619047619
14,11,1,1,1,4,2,1,15.153571428571428,27.177380952380954
14,12,1,1,5,4,4,9,20.91785714285714,27.475
14,13,1,2,1,4,3,1,17.097619047619048,27.41190476190476
14,14,1,1,1,2,3,1,14.023809523809524,27.09642857142857
14,15,2,2,1,4,3,3,18.201190476190476,27.44047619047619
14,16,1,2,1,4,2,3,16.34642857142857,27.409523809523808
14,17,1,1,1,4,3,1,16.211904761904762,27.37142857142857
14,18,1,1,1,2,1,5,12.303571428571429,26.876190476190477
14,19,1,2,1,4,2,1,16.205952380952382,27.30952380952381
14,20,1,1,1,2,3,1,14.023809523809524,27.09642857142857
14,21,1,1,1,2,2,5,13.317857142857143,27.051190476190477
14,22,1,1,1,4,2,1,15.153571428571428,27.177380952380954
14,23,1,2,1,4,2,1,16.205952380952382,27.30952380952381
14,24,1,1,1,4,3,1,16.211904761904762,27.37142857142857
14,25,1,1,1,2,1,9,12.214285714285715,26.840476190476192
14,26,1,1,1,2,2,1,13.020238095238096,26.89047619047619
14,27,1,1,1,2,1,5,12.303571428571429,26.876190476190477
14,28,1,2,1,4,2,3,16.34642857142857,27.409523809523808
14,29,1,1,1,2,1,1,12.195238095238095,26.622619047619047
14,30,1,1,1,2,1,1,12.195238095238095,26.622619047619047
14,31,5,2,6,10,5,9,34.26547619047619,27.48095238095238
14,32,1,1,1,2,2,5,13.317857142857143,27.051190476190477
14,33,1,1,5,4,4,9,20.91785714285714,27.475
14,34,1,1,1,2,1,5,12.303571428571429,26.876190476190477
14,35,1,1,1,2,1,1,12.195238095238095,26.622619047619047
14,36,1,1,1,2,1,1,12.195238095238095,26.622619047619047
14,37,1,1,1,2,1,1,12.195238095238095,26.622619047619047
14,38,1,1,1,2,1,5,12.303571428571429,26.876190476190477
14,39,1,1,1,2,3,1,14.023809523809524,27.09642857142857
14,40,1,1,1,2,3,1,14.023809523809524,27.09642857142857
14,41,1,1,1,2,1,5,12.303571428571429,26.876190476190477
14,42,1,1,1,2,1,1,12.195238095238095,26.622619047619047
14,43,1,1,1,2,1,1,12.195238095238095,26.622619047619047
14,44,1,1,1,2,3,1,14.023809523809524,27.09642857142857
14,45,1,1,1,2,3,1,14.023809523809524,27.09642857142857
14,46,1,1,1,2,3,1,14.023809523809524,27.09642857142857
14,47,1,1,1,2,1,5,12.303571428571429,26.876190476190477
14,48,2,2,1,4,3,3,18.201190476190476,27.44047619047619
14,49,1,1,1,2,2,5,13.317857142857143,27.051190476190477
15,0,5,2,6,10,5,9,34.26547619047619,27.48095238095238
15,1,5,2,6,10,5,9,34.26547619047619,27.48095238095238
15,2,1,1,1,2,1,1,12.195238095238095,26.622619047619047
15,3,1,1,1,2,1,1,12.195238095238095,26.622619047619047
15,4,1,1,5,4,4,9,20.91785714285714,27.475
15,5,1,1,1,2,2,2,13.228571428571428,27.125
15,6,1,1,1,2,2,1,13.020238095238096,26.89047619047619
15,7,1,1,1,4,2,3,15.338095238095239,27.32142857142857
15,8,1,1,1,2,1,8,12.213095238095239,26.80952380952381
15,9,1,1,1,4,2,1,15.153571428571428,27.177380952380954
15,10,2,2,1,4,3,3,18.201190476190476,27.44047619047619
15,11,1,1,5,4,4,9,20.91785714285714,27.475
15,12,1,1,1,2,3,5,14.270238095238096,27.157142857142855
15,13,2,2,1,4,3,3,18.201190476190476,27.44047619047619
15,14,1,1,1,4,3,1,16.211904761904762,27.37142857142857
15,15,1,2,1,4,2,3,16.34642857142857,27.409523809523808
15,16,1,1,1,2,1,5,12.303571428571429,26.876190476190477
15,17,1,2,1,4,3,1,17.097619047619048,27.41190476190476
15,18,1,1,1,4,3,1,16.211904761904762,27.37142857142857
15,19,1,2,1,4,3,1,17.097619047619048,27.41190476190476
15,20,1,2,1,2,2,5,14.353571428571428,27.16547619047619
15,21,1,1,1,2,1,9,12.214285714285715,26.840476190476192
15,22,1,1,1,2,1,9,12.214285714285715,26.840476190476192
15,23,1,1,1,2,2,1,13.020238095238096,26.89047619047619
15,24,1,1,1,4,2,1,15.153571428571428,27.177380952380954
15,25,1,1,1,2,1,5,12.303571428571429,26.876190476190477
15,26,1,2,1,2,2,5,14.353571428571428,27.16547619047619
15,27,1,2,1,4,2,3,16.34642857142857,27.409523809523808
15,28,1,1,1,2,2,1,13.020238095238096,26.89047619047619
15,29,1,1,1,2,1,1,12.195238095238095,26.622619047619047
15,30,5,2,6,10,5,9,34.26547619047619,27.48095238095238
15,31,1,1,1,2,1,1,12.195238095238095,26.622619047619047
15,32,2,2,1,4,3,3,18.201190476190476,27.44047619047619
15,33,1,1,1,2,1,1,12.195238095238095,26.622619047619047
15,34,1,1,1,2,1,9,12.214285714285715,26.840476190476192
15,35,2,2,1,4,3,3,18.201190476190476,27.44047619047619
15,36,1,1,1,2,1,1,12.195238095238095,26.622619047619047
15,37,5,2,6,10,5,9,34.26547619047619,27.48095238095238
15,38,1,1,1,2,1,1,12.195238095238095,26.622619047619047
15,39,1,1,1,2,2,1,13.020238095238096,26.89047619047619
15,40,1,1,1,2,1,5,12.303571428571429,26.876190476190477
15,41,1,1,1,2,1,1,12.195238095238095,26.622619047619047
15,42,1,1,1,2,2,1,13.020238095238096,26.89047619047619
15,43,1,1,1,2,1,1,12.195238095238095,26.622619047619047
15,44,1,1,1,2,1,5,12.303571428571429,26.876190476190477
15,45,1,1,1,2,1,1,12.195238095238095,26.622619047619047
15,46,1,1,1,2,2,1,13.020238095238096,26.89047619047619
15,47,1,1,1,2,1,5,12.303571428571429,26.876190476190477
15,48,1,1,1,2,1,1,12.195238095238095,26.622619047619047
15,49,1,1,5,4,4,9,20.91785714285714,27.475
16,0,5,2,6,10,5,9,34.26547619047619,27.48095238095238
16,1,5,2,6,10,5,9,34.26547619047619,27.48095238095238
16,2,1,1,1,2,1,3,12.177380952380952,26.829761904761906
16,3,1,1,5,4,4,9,20.91785714285714,27.475
16,4,1,1,1,2,2,2,13.228571428571428,27.125
16,5,1,1,1,2,2,1,13.020238095238096,26.89047619047619
16,6,1,1,1,4,2,3,15.338095238095239,27.32142857142857
16,7,1,1,1,4,2,1,15.153571428571428,27.177380952380954
16,8,2,2,1,4,3,3,18.201190476190476,27.44047619047619
16,9,1,1,5,4,4,9,20.91785714285714,27.475
16,10,1,1,1,2,3,5,14.270238095238096,27.157142857142855
16,11,2,2,1,4,3,3,18.201190476190476,27.44047619047619
16,12,1,1,1,2,1,5,12.303571428571429,26.876190476190477
16,13,1,1,1,4,2,3,15.338095238095239,27.32142857142857
16,14,1,1,1,4,3,1,16.211904761904762,27.37142857142857
16,15,1,1,1,4,3,1,16.211904761904762,27.37142857142857
16,16,1,2,1,4,3,1,17.097619047619048,27.41190476190476
16,17,1,1,1,2,5,2,16.26309523809524,27.4
16,18,1,1,1,2,2,2,13.228571428571428,27.125
16,19,1,1,1,2,1,9,12.214285714285715,26.840476190476192
16,20,1,2,1,4,3,1,17.097619047619048,27.41190476190476
16,21,1,2,1,2,2,5,14.353571428571428,27.16547619047619
16,22,1,2,1,4,2,3,16.34642857142857,27.409523809523808
16,23,1,1,1,2,2,1,13.020238095238096,26.89047619047619
16,24,1,1,1,4,2,1,15.153571428571428,27.177380952380954
16,25,1,1,1,2,1,5,12.303571428571429,26.876190476190477
16,26,1,2,1,2,2,5,14.353571428571428,27.16547619047619
16,27,1,1,1,2,1,9,12.214285714285715,26.840476190476192
16,28,1,2,1,4,2,3,16.34642857142857,27.409523809523808
16,29,2,2,1,4,3,3,18.201190476190476,27.44047619047619
16,30,1,1,1,2,2,1,13.020238095238096,26.89047619047619
16,31,5,2,6,10,5,9,34.26547619047619,27.48095238095238
16,32,1,2,1,4,3,1,17.097619047619048,27.41190476190476
16,33,2,2,1,4,3,3,18.201190476190476,27.44047619047619
16,34,1,1,1,2,1,5,12.303571428571429,26.876190476190477
16,35,1,1,1,2,2,1,13.020238095238096,26.89047619047619
16,36,5,2,6,10,5,9,34.26547619047619,27.48095238095238
16,37,1,1,1,2,1,5,12.303571428571429,26.876190476190477
16,38,1,1,1,2,1,9,12.214285714285715,26.840476190476192
16,39,1,1,1,2,2,1,13.020238095238096,26.89047619047619
16,40,1,1,1,2,1,9,12.214285714285715,26.840476190476192
16,41,1,2,1,2,2,5,14.353571428571428,27.16547619047619
16,42,1,1,5,4,4,9,20.91785714285714,27.475
16,43,1,1,1,2,1,5,12.303571428571429,26.876190476190477
16,44,1,1,1,2,2,1,13.020238095238096,26.89047619047619
16,45,2,2,1,4,3,3,18.201190476190476,27.44047619047619
16,46,2,2,1,4,3,3,18.201190476190476,27.44047619047619
16,47,1,1,1,2,1,5,12.303571428571429,26.876190476190477
16,48,1,1,1,2,1,5,12.303571428571429,26.876190476190477
16,49,1,2,1,4,3,1,17.097619047619048,27.41190476190476
17,0,1,1,1,2,1,3,12.177380952380952,26.829761904761906
17,1,5,2,6,10,5,9,34.26547619047619,27.48095238095238
17,2,5,2,6,10,5,9,34.26547619047619,27.48095238095238
17,3,1,1,5,4,4,9,20.91785714285714,27.475
17,4,1,1,1,2,2,2,13.228571428571428,27.125
17,5,1,1,1,2,2,1,13.020238095238096,26.89047619047619
17,6,1,1,1,4,2,3,15.338095238095239,27.32142857142857
17,7,1,1,1,4,2,1,15.153571428571428,27.177380952380954
17,8,2,2,1,4,3,3,18.201190476190476,27.44047619047619
17,9,1,1,5,4,4,9,20.91785714285714,27.475
17,10,2,2,1,4,3,3,18.201190476190476,27.44047619047619
17,11,1,1,1,2,1,5,12.303571428571429,26.876190476190477
17,12,1,1,1,4,2,3,15.338095238095239,27.32142857142857
17,13,1,1,1,4,3,1,16.211904761904762,27.37142857142857
17,14,1,1,1,4,3,1,16.211904761904762,27.37142857142857
17,15,1,2,1,4,3,1,17.097619047619048,27.41190476190476
17,16,1,1,1,2,5,2,16.26309523809524,27.4
17,17,1,1,1,2,3,5,14.270238095238096,27.157142857142855
17,18,1,1,1,2,2,2,13.228571428571428,27.125
17,19,1,1,1,2,1,9,12.214285714285715,26.840476190476192
17,20,1,2,1,4,3,1,17.097619047619048,27.41190476190476
17,21,1,1,1,2,3,5,14.270238095238096,27.157142857142855
17,22,1,2,1,2,2,5,14.353571428571428,27.16547619047619
17,23,1,2,1,4,2,3,16.34642857142857,27.409523809523808
17,24,1,1,1,2,2,1,13.020238095238096,26.89047619047619
17,25,1,1,1,4,2,1,15.153571428571428,27.177380952380954
17,26,1,1,1,2,1,5,12.303571428571429,26.876190476190477
17,27,1,2,1,2,2,5,14.353571428571428,27.16547619047619
17,28,1,1,1,2,1,9,12.214285714285715,26.840476190476192
17,29,1,2,1,4,2,3,16.34642857142857,27.409523809523808
17,30,1,1,1,2,1,9,12.214285714285715,26.840476190476192
17,31,1,1,5,4,4,9,20.91785714285714,27.475
17,32,1,1,1,2,2,1,13.020238095238096,26.89047619047619
17,33,1,1,1,2,1,5,12.303571428571429,26.876190476190477
17,34,1,1,5,4,4,9,20.91785714285714,27.475
17,35,1,2,1,2,2,5,14.353571428571428,27.16547619047619
17,36,1,1,1,2,1,5,12.303571428571429,26.876190476190477
17,37,1,1,1,2,2,1,13.020238095238096,26.89047619047619
17,38,1,1,1,2,2,1,13.020238095238096,26.89047619047619
17,39,1,1,1,2,1,9,12.214285714285715,26.840476190476192
17,40,1,1,5,4,4,9,20.91785714285714,27.475
17,41,1,1,1,2,1,5,12.303571428571429,26.876190476190477
17,42,2,2,1,4,3,3,18.201190476190476,27.44047619047619
17,43,1,1,1,2,1,5,12.303571428571429,26.876190476190477
17,44,2,2,1,4,3,3,18.201190476190476,27.44047619047619
17,45,1,1,1,2,2,2,13.228571428571428,27.125
17,46,2,2,1,4,3,3,18.201190476190476,27.44047619047619
17,47,2,2,1,4,3,3,18.201190476190476,27.44047619047619
17,48,1,1,1,2,1,5,12.303571428571429,26.876190476190477
17,49,1,1,1,2,2,1,13.020238095238096,26.89047619047619
18,0,5,2,6,10,5,9,34.26547619047619,27.48095238095238
18,1,1,1,1,2,1,3,12.177380952380952,26.829761904761906
18,2,5,2,6,10,5,9,34.26547619047619,27.48095238095238
18,3,1,1,5,4,4,9,20.91785714285714,27.475
18,4,1,1,1,2,2,2,13.228571428571428,27.125
18,5,1,1,1,2,2,1,13.020238095238096,26.89047619047619
18,6,1,1,1,4,2,3,15.338095238095239,27.32142857142857
18,7,1,1,1,4,2,1,15.153571428571428,27.177380952380954
18,8,2,2,1,4,3,3,18.201190476190476,27.44047619047619
18,9,1,1,5,4,4,9,20.91785714285714,27.475
18,10,2,2,1,4,3,3,18.201190476190476,27.44047619047619
18,11,1,1,1,2,1,5,12.303571428571429,26.876190476190477
18,12,1,1,1,4,2,3,15.338095238095239,27.32142857142857
18,13,1,1,1,4,3,1,16.211904761904762,27.37142857142857
18,14,1,1,1,4,3,1,16.211904761904762,27.37142857142857
18,15,1,2,1,4,3,1,17.097619047619048,27.41190476190476
18,16,1,1,1,2,3,5,14.270238095238096,27.157142857142855
18,17,1,1,1,2,2,2,13.228571428571428,27.125
18,18,1,1,1,2,1,9,12.214285714285715,26.840476190476192
18,19,1,2,1,4,3,1,17.097619047619048,27.41190476190476
18,20,1,1,1,2,3,5,14.270238095238096,27.157142857142855
18,21,1,2,1,2,2,5,14.353571428571428,27.16547619047619
18,22,1,2,1,4,2,3,16.34642857142857,27.409523809523808
18,23,1,1,1,2,5,2,16.26309523809524,27.4
18,24,1,1,1,2,2,1,13.020238095238096,26.89047619047619
18,25,1,1,1,4,2,1,15.153571428571428,27.177380952380954
18,26,1,1,1,2,1,5,12.303571428571429,26.876190476190477
18,27,1,2,1,2,2,5,14.353571428571428,27.16547619047619
18,28,1,1,1,2,1,9,12.214285714285715,26.840476190476192
18,29,1,1,1,2,5,2,16.26309523809524,27.4
18,30,1,2,1,4,2,3,16.34642857142857,27.409523809523808
18,31,1,1,1,2,2,1,13.020238095238096,26.89047619047619
18,32,1,2,1,2,2,5,14.353571428571428,27.16547619047619
18,33,1,1,1,4,2,3,15.338095238095239,27.32142857142857
18,34,2,2,1,4,3,3,18.201190476190476,27.44047619047619
18,35,1,1,1,2,2,1,13.020238095238096,26.89047619047619
18,36,1,1,5,4,4,9,20.91785714285714,27.475
18,37,1,1,5,4,4,9,20.91785714285714,27.475
18,38,2,2,1,4,3,3,18.201190476190476,27.44047619047619
18,39,1,1,1,2,2,1,13.020238095238096,26.89047619047619
18,40,1,1,1,2,1,5,12.303571428571429,26.876190476190477
18,41,1,1,1,4,2,1,15.153571428571428,27.177380952380954
18,42,1,1,1,2,1,5,12.303571428571429,26.876190476190477
18,43,1,1,1,4,2,3,15.338095238095239,27.32142857142857
18,44,1,1,1,4,2,3,15.338095238095239,27.32142857142857
18,45,1,1,1,2,1,5,12.303571428571429,26.876190476190477
18,46,2,2,1,4,3,3,18.201190476190476,27.44047619047619
18,47,1,1,1,2,3,5,14.270238095238096,27.157142857142855
18,48,2,2,1,4,3,3,18.201190476190476,27.44047619047619
18,49,1,1,1,2,1,5,12.303571428571429,26.876190476190477
19,0,1,1,5,4,4,2,21.28452380952381,27.5
19,1,1,1,1,1,2,3,12.10952380952381,26.510714285714286
19,2,1,1,1,2,2,2,13.228571428571428,27.125
19,3,1,1,1,2,1,3,12.177380952380952,26.829761904761906
19,4,2,2,1,4,3,3,18.201190476190476,27.44047619047619
19,5,1,1,5,4,4,9,20.91785714285714,27.475
19,6,1,1,1,2,2,1,13.020238095238096,26.89047619047619
19,7,1,1,1,4,2,3,15.338095238095239,27.32142857142857
19,8,1,1,1,4,2,1,15.153571428571428,27.177380952380954
19,9,2,2,1,4,3,3,18.201190476190476,27.44047619047619
19,10,1,1,1,4,3,1,16.211904761904762,27.37142857142857
19,11,1,2,1,4,3,1,17.097619047619048,27.41190476190476
19,12,1,1,1,2,3,5,14.270238095238096,27.157142857142855
19,13,1,1,1,2,1,5,12.303571428571429,26.876190476190477
19,14,1,2,1,4,3,1,17.097619047619048,27.41190476190476
19,15,1,2,1,2,2,5,14.353571428571428,27.16547619047619
19,16,1,2,1,4,2,3,16.34642857142857,27.409523809523808
19,17,1,1,5,4,4,9,20.91785714285714,27.475
19,18,1,1,1,4,2,3,15.338095238095239,27.32142857142857
19,19,1,1,1,4,3,1,16.211904761904762,27.37142857142857
19,20,1,1,1,2,2,2,13.228571428571428,27.125
19,21,1,1,1,2,3,5,14.270238095238096,27.157142857142855
19,22,1,1,1,2,1,9,12.214285714285715,26.840476190476192
19,23,1,1,1,2,5,2,16.26309523809524,27.4
19,24,1,1,1,2,2,1,13.020238095238096,26.89047619047619
19,25,1,1,1,4,2,1,15.153571428571428,27.177380952380954
19,26,1,1,1,2,1,5,12.303571428571429,26.876190476190477
19,27,1,2,1,2,2,5,14.353571428571428,27.16547619047619
19,28,1,1,1,2,1,9,12.214285714285715,26.840476190476192
19,29,1,1,1,2,5,2,16.26309523809524,27.4
19,30,1,2,1,4,2,3,16.34642857142857,27.409523809523808
19,31,1,1,1,4,2,1,15.153571428571428,27.177380952380954
19,32,1,1,1,2,2,1,13.020238095238096,26.89047619047619
19,33,1,1,1,2,1,5,12.303571428571429,26.876190476190477
19,34,2,2,1,4,3,3,18.201190476190476,27.44047619047619
19,35,1,1,1,4,3,1,16.211904761904762,27.37142857142857
19,36,1,2,1,2,2,5,14.353571428571428,27.16547619047619
19,37,1,1,1,4,2,1,15.153571428571428,27.177380952380954
19,38,1,1,1,2,2,1,13.020238095238096,26.89047619047619
19,39,1,2,1,4,2,3,16.34642857142857,27.409523809523808
19,40,2,2,1,4,3,3,18.201190476190476,27.44047619047619
19,41,1,1,1,4,2,3,15.338095238095239,27.32142857142857
19,42,1,1,1,2,1,5,12.303571428571429,26.876190476190477
19,43,1,1,1,4,2,1,15.153571428571428,27.177380952380954
19,44,1,1,1,2,1,9,12.214285714285715,26.840476190476192
19,45,1,1,1,2,1,5,12.303571428571429,26.876190476190477
19,46,1,1,1,4,2,3,15.338095238095239,27.32142857142857
19,47,1,1,1,2,3,5,14.270238095238096,27.157142857142855
19,48,2,2,1,4,3,3,18.201190476190476,27.44047619047619
19,49,1,1,5,4,4,9,20.91785714285714,27.475
20,0,1,1,5,4,4,2,21.28452380952381,27.5
20,1,1,1,5,4,4,2,21.28452380952381,27.5
20,2,1,1,1,1,2,3,12.10952380952381,26.510714285714286
20,3,1,1,1,1,2,3,12.10952380952381,26.510714285714286
20,4,1,1,1,2,2,2,13.228571428571428,27.125
20,5,1,1,1,2,1,3,12.177380952380952,26.829761904761906
20,6,2,2,1,4,3,3,18.201190476190476,27.44047619047619
20,7,1,1,5,4,4,9,20.91785714285714,27.475
20,8,1,1,1,2,2,1,13.020238095238096,26.89047619047619
20,9,1,1,1,4,2,3,15.338095238095239,27.32142857142857
20,10,1,1,1,4,2,1,15.153571428571428,27.177380952380954
20,11,2,2,1,4,3,3,18.201190476190476,27.44047619047619
20,12,1,1,1,4,3,1,16.211904761904762,27.37142857142857
20,13,1,2,1,4,3,1,17.097619047619048,27.41190476190476
20,14,1,1,1,2,3,5,14.270238095238096,27.157142857142855
20,15,1,1,1,2,1,5,12.303571428571429,26.876190476190477
20,16,1,2,1,4,3,1,17.097619047619048,27.41190476190476
20,17,1,2,1,2,2,5,14.353571428571428,27.16547619047619
20,18,1,2,1,4,2,3,16.34642857142857,27.409523809523808
20,19,1,1,5,4,4,9,20.91785714285714,27.475
20,20,1,1,1,4,2,3,15.338095238095239,27.32142857142857
20,21,1,1,1,4,3,1,16.211904761904762,27.37142857142857
20,22,1,1,1,2,2,2,13.228571428571428,27.125
20,23,1,1,1,2,3,5,14.270238095238096,27.157142857142855
20,24,1,1,1,2,1,9,12.214285714285715,26.840476190476192
20,25,1,1,1,2,5,2,16.26309523809524,27.4
20,26,1,1,1,2,2,1,13.020238095238096,26.89047619047619
20,27,1,1,1,4,2,1,15.153571428571428,27.177380952380954
20,28,1,1,1,2,1,5,12.303571428571429,26.876190476190477
20,29,1,2,1,2,2,5,14.353571428571428,27.16547619047619
20,30,1,1,1,2,1,9,12.214285714285715,26.840476190476192
20,31,1,1,1,2,5,2,16.26309523809524,27.4
20,32,1,2,1,4,2,3,16.34642857142857,27.409523809523808
20,33,1,1,5,4,4,9,20.91785714285714,27.475
20,34,1,1,1,2,1,5,12.303571428571429,26.876190476190477
20,35,1,2,1,4,3,1,17.097619047619048,27.41190476190476
20,36,1,1,1,2,1,5,12.303571428571429,26.876190476190477
20,37,1,1,1,2,2,2,13.228571428571428,27.125
20,38,1,1,1,2,2,1,13.020238095238096,26.89047619047619
20,39,1,1,1,4,2,1,15.153571428571428,27.177380952380954
20,40,1,1,1,4,2,1,15.153571428571428,27.177380952380954
20,41,1,1,1,2,3,5,14.270238095238096,27.157142857142855
20,42,1,1,1,4,2,3,15.338095238095239,27.32142857142857
20,43,1,1,1,2,1,9,12.214285714285715,26.840476190476192
20,44,1,1,1,4,2,3,15.338095238095239,27.32142857142857
20,45,1,1,1,4,2,1,15.153571428571428,27.177380952380954
20,46,1,1,1,4,3,1,16.211904761904762,27.37142857142857
20,47,2,2,1,4,3,3,18.201190476190476,27.44047619047619
20,48,2,2,1,4,3,3,18.201190476190476,27.44047619047619
20,49,1,1,1,4,2,1,15.153571428571428,27.177380952380954
21,0,1,1,1,1,1,5,11.027380952380952,26.13095238095238
21,1,1,1,5,4,4,2,21.28452380952381,27.5
21,2,1,1,5,4,4,2,21.28452380952381,27.5
21,3,1,1,1,1,2,1,12.10952380952381,26.623809523809523
21,4,2,2,1,4,3,3,18.201190476190476,27.44047619047619
21,5,1,1,5,4,4,9,20.91785714285714,27.475
21,6,1,1,1,2,2,2,13.228571428571428,27.125
21,7,1,1,1,2,2,1,13.020238095238096,26.89047619047619
21,8,1,1,1,2,1,6,12.163095238095238,26.84285714285714
21,9,1,1,1,4,2,3,15.338095238095239,27.32142857142857
21,10,2,2,1,4,3,3,18.201190476190476,27.44047619047619
21,11,1,1,1,2,4,2,15.223809523809523,27.21904761904762
21,12,1,2,1,4,3,1,17.097619047619048,27.41190476190476
21,13,1,1,1,2,3,5,14.270238095238096,27.157142857142855
21,14,1,1,1,4,3,1,16.211904761904762,27.37142857142857
21,15,1,1,1,4,2,1,15.153571428571428,27.177380952380954
21,16,1,1,1,2,1,5,12.303571428571429,26.876190476190477
21,17,1,2,1,4,3,1,17.097619047619048,27.41190476190476
21,18,1,1,1,2,3,3,14.422619047619047,27.17738095238095
21,19,1,2,1,4,2,3,16.34642857142857,27.409523809523808
21,20,1,1,5,4,4,9,20.91785714285714,27.475
21,21,1,1,1,4,2,3,15.338095238095239,27.32142857142857
21,22,1,1,1,2,2,2,13.228571428571428,27.125
21,23,1,1,1,4,3,1,16.211904761904762,27.37142857142857
21,24,1,1,1,2,3,5,14.270238095238096,27.157142857142855
21,25,1,1,1,2,2,1,13.020238095238096,26.89047619047619
21,26,1,1,1,2,5,2,16.26309523809524,27.4
21,27,1,1,1,2,1,5,12.303571428571429,26.876190476190477
21,28,1,2,1,2,2,5,14.353571428571428,27.16547619047619
21,29,1,2,1,2,2,5,14.353571428571428,27.16547619047619
21,30,1,1,1,2,5,2,16.26309523809524,27.4
21,31,1,2,1,4,2,3,16.34642857142857,27.409523809523808
21,32,1,1,1,4,2,1,15.153571428571428,27.177380952380954
21,33,1,1,5,4,4,9,20.91785714285714,27.475
21,34,1,1,1,2,1,5,12.303571428571429,26.876190476190477
21,35,1,2,1,2,2,5,14.353571428571428,27.16547619047619
21,36,1,1,1,2,3,5,14.270238095238096,27.157142857142855
21,37,1,1,1,2,2,1,13.020238095238096,26.89047619047619
21,38,1,1,1,2,2,1,13.020238095238096,26.89047619047619
21,39,1,2,1,4,2,3,16.34642857142857,27.409523809523808
21,40,1,1,1,4,2,1,15.153571428571428,27.177380952380954
21,41,1,1,1,2,1,5,12.303571428571429,26.876190476190477
21,42,1,1,1,2,5,2,16.26309523809524,27.4
21,43,1,1,1,2,1,5,12.303571428571429,26.876190476190477
21,44,1,1,5,4,4,2,21.28452380952381,27.5
21,45,1,1,1,4,2,1,15.153571428571428,27.177380952380954
21,46,2,2,1,4,3,3,18.201190476190476,27.44047619047619
21,47,1,1,1,4,2,3,15.338095238095239,27.32142857142857
21,48,1,1,1,2,1,5,12.303571428571429,26.876190476190477
21,49,2,2,1,4,3,3,18.201190476190476,27.44047619047619
22,0,1,1,5,4,4,2,21.28452380952381,27.5
22,1,1,1,1,1,1,5,11.027380952380952,26.13095238095238
22,2,1,1,5,4,4,2,21.28452380952381,27.5
22,3,1,1,1,1,2,1,12.10952380952381,26.623809523809523
22,4,2,2,1,4,3,3,18.201190476190476,27.44047619047619
22,5,1,1,5,4,4,9,20.91785714285714,27.475
22,6,1,1,1,2,2,2,13.228571428571428,27.125
22,7,1,1,1,2,2,1,13.020238095238096,26.89047619047619
22,8,1,1,1,2,1,6,12.163095238095238,26.84285714285714
22,9,1,1,1,4,2,3,15.338095238095239,27.32142857142857
22,10,2,2,1,4,3,3,18.201190476190476,27.44047619047619
22,11,1,2,1,4,3,1,17.097619047619048,27.41190476190476
22,12,1,1,1,2,3,5,14.270238095238096,27.157142857142855
22,13,1,1,1,4,3,1,16.211904761904762,27.37142857142857
22,14,1,1,1,4,2,1,15.153571428571428,27.177380952380954
22,15,1,1,1,2,1,5,12.303571428571429,26.876190476190477
22,16,1,2,1,4,3,1,17.097619047619048,27.41190476190476
22,17,1,1,1,2,3,3,14.422619047619047,27.17738095238095
22,18,1,1,1,2,4,9,15.292857142857143,27.24047619047619
22,19,1,2,1,4,2,3,16.34642857142857,27.409523809523808
22,20,1,1,5,4,4,9,20.91785714285714,27.475
22,21,1,1,1,2,2,2,13.228571428571428,27.125
22,22,1,1,1,4,3,1,16.211904761904762,27.37142857142857
22,23,1,1,1,4,2,3,15.338095238095239,27.32142857142857
22,24,1,1,1,2,4,2,15.223809523809523,27.21904761904762
22,25,1,1,1,2,3,5,14.270238095238096,27.157142857142855
22,26,1,1,1,2,2,1,13.020238095238096,26.89047619047619
22,27,1,1,1,2,5,2,16.26309523809524,27.4
22,28,1,1,1,2,1,5,12.303571428571429,26.876190476190477
22,29,1,1,1,2,4,2,15.223809523809523,27.21904761904762
22,30,1,2,1,2,2,5,14.353571428571428,27.16547619047619
22,31,1,2,1,2,2,5,14.353571428571428,27.16547619047619
22,32,1,1,1,2,5,2,16.26309523809524,27.4
22,33,1,2,1,4,2,3,16.34642857142857,27.409523809523808
22,34,1,1,1,4,2,1,15.153571428571428,27.177380952380954
22,35,1,2,1,4,2,3,16.34642857142857,27.409523809523808
22,36,1,1,1,2,1,5,12.303571428571429,26.876190476190477
22,37,1,1,1,4,2,3,15.338095238095239,27.32142857142857
22,38,1,1,1,2,4,2,15.223809523809523,27.21904761904762
22,39,1,1,1,4,2,3,15.338095238095239,27.32142857142857
22,40,1,1,1,2,1,5,12.303571428571429,26.876190476190477
22,41,1,1,1,4,2,1,15.153571428571428,27.177380952380954
22,42,1,1,5,4,4,9,20.91785714285714,27.475
22,43,1,1,5,4,4,2,21.28452380952381,27.5
22,44,1,2,1,2,2,5,14.353571428571428,27.16547619047619
22,45,1,1,1,2,2,2,13.228571428571428,27.125
22,46,1,1,1,2,1,5,12.303571428571429,26.876190476190477
22,47,1,1,1,2,2,1,13.020238095238096,26.89047619047619
22,48,1,1,1,4,2,3,15.338095238095239,27.32142857142857
22,49,1,1,5,4,4,9,20.91785714285714,27.475
23,0,1,1,5,4,4,2,21.28452380952381,27.5
23,1,1,1,1,1,1,5,11.027380952380952,26.13095238095238
23,2,1,1,5,4,4,2,21.28452380952381,27.5
23,3,1,1,1,1,1,2,11.141666666666667,26.25595238095238
23,4,2,2,1,4,3,3,18.201190476190476,27.44047619047619
23,5,1,1,5,4,4,9,20.91785714285714,27.475
23,6,1,1,1,1,2,1,12.10952380952381,26.623809523809523
23,7,1,1,1,2,2,2,13.228571428571428,27.125
23,8,1,1,1,1,2,1,12.10952380952381,26.623809523809523
23,9,1,1,1,2,2,1,13.020238095238096,26.89047619047619
23,10,1,1,1,2,1,6,12.163095238095238,26.84285714285714
23,11,1,1,1,4,2,3,15.338095238095239,27.32142857142857
23,12,2,2,1,4,3,3,18.201190476190476,27.44047619047619
23,13,1,2,1,4,3,1,17.097619047619048,27.41190476190476
23,14,1,1,1,2,3,5,14.270238095238096,27.157142857142855
23,15,1,1,1,4,3,1,16.211904761904762,27.37142857142857
23,16,1,1,1,4,2,1,15.153571428571428,27.177380952380954
23,17,1,1,1,2,1,5,12.303571428571429,26.876190476190477
23,18,1,2,1,4,3,1,17.097619047619048,27.41190476190476
23,19,1,1,1,2,4,9,15.292857142857143,27.24047619047619
23,20,1,2,1,4,2,3,16.34642857142857,27.409523809523808
23,21,1,1,1,2,3,3,14.422619047619047,27.17738095238095
23,22,1,1,5,4,4,9,20.91785714285714,27.475
23,23,1,1,1,2,2,2,13.228571428571428,27.125
23,24,1,1,1,4,3,1,16.211904761904762,27.37142857142857
23,25,1,1,1,4,2,3,15.338095238095239,27.32142857142857
23,26,1,1,1,2,4,2,15.223809523809523,27.21904761904762
23,27,1,1,1,2,3,5,14.270238095238096,27.157142857142855
23,28,1,1,1,2,2,1,13.020238095238096,26.89047619047619
23,29,1,1,1,2,1,6,12.163095238095238,26.84285714285714
23,30,1,1,1,2,5,2,16.26309523809524,27.4
23,31,1,1,1,2,1,5,12.303571428571429,26.876190476190477
23,32,1,1,1,2,4,2,15.223809523809523,27.21904761904762
23,33,1,2,1,2,2,5,14.353571428571428,27.16547619047619
23,34,1,2,1,2,2,5,14.353571428571428,27.16547619047619
23,35,1,1,1,2,5,2,16.26309523809524,27.4
23,36,1,2,1,4,2,3,16.34642857142857,27.409523809523808
23,37,1,1,1,4,2,1,15.153571428571428,27.177380952380954
23,38,1,1,1,2,3,3,14.422619047619047,27.17738095238095
23,39,1,1,5,4,4,2,21.28452380952381,27.5
23,40,1,1,1,2,1,5,12.303571428571429,26.876190476190477
23,41,1,1,1,2,2,2,13.228571428571428,27.125
23,42,1,1,5,4,4,9,20.91785714285714,27.475
23,43,1,1,1,4,2,3,15.338095238095239,27.32142857142857
23,44,1,1,1,4,2,1,15.153571428571428,27.177380952380954
23,45,1,1,1,2,2,1,13.020238095238096,26.89047619047619
23,46,1,1,1,2,5,2,16.26309523809524,27.4
23,47,1,1,1,2,1,5,12.303571428571429,26.876190476190477
23,48,1,1,1,4,2,3,15.338095238095239,27.32142857142857
23,49,1,1,1,2,4,2,15.223809523809523,27.21904761904762
24,0,1,1,5,4,4,2,21.28452380952381,27.5
24,1,1,1,1,1,1,5,11.027380952380952,26.13095238095238
24,2,1,1,5,4,4,2,21.28452380952381,27.5
24,3,1,1,1,1,1,5,11.027380952380952,26.13095238095238
24,4,2,2,1,4,3,3,18.201190476190476,27.44047619047619
24,5,1,1,5,4,4,9,20.91785714285714,27.475
24,6,1,1,1,1,1,1,11.235714285714286,26.26309523809524
24,7,1,1,1,2,2,2,13.228571428571428,27.125
24,8,1,1,1,2,2,1,13.020238095238096,26.89047619047619
24,9,1,1,1,1,2,2,12.016666666666666,26.520238095238096
24,10,1,1,1,2,1,6,12.163095238095238,26.84285714285714
24,11,1,1,1,1,2,1,12.10952380952381,26.623809523809523
24,12,1,1,1,1,2,2,12.016666666666666,26.520238095238096
24,13,1,1,1,4,2,3,15.338095238095239,27.32142857142857
24,14,2,2,1,4,3,3,18.201190476190476,27.44047619047619
24,15,1,1,1,1,1,2,11.141666666666667,26.25595238095238
24,16,1,2,1,4,3,1,17.097619047619048,27.41190476190476
24,17,1,1,1,2,3,5,14.270238095238096,27.157142857142855
24,18,1,1,1,4,3,1,16.211904761904762,27.37142857142857
24,19,1,1,1,4,2,1,15.153571428571428,27.177380952380954
24,20,1,1,1,2,1,5,12.303571428571429,26.876190476190477
24,21,1,2,1,4,3,1,17.097619047619048,27.41190476190476
24,22,1,1,1,1,2,1,12.10952380952381,26.623809523809523
24,23,1,2,1,4,2,3,16.34642857142857,27.409523809523808
24,24,1,1,1,2,3,3,14.422619047619047,27.17738095238095
24,25,1,1,1,2,4,9,15.292857142857143,27.24047619047619
24,26,1,1,5,4,4,9,20.91785714285714,27.475
24,27,1,1,1,2,2,2,13.228571428571428,27.125
24,28,1,1,1,4,3,1,16.211904761904762,27.37142857142857
24,29,1,1,1,4,2,3,15.338095238095239,27.32142857142857
24,30,1,1,1,2,4,2,15.223809523809523,27.21904761904762
24,31,1,1,1,2,3,5,14.270238095238096,27.157142857142855
24,32,1,1,1,2,2,1,13.020238095238096,26.89047619047619
24,33,1,1,1,2,1,6,12.163095238095238,26.84285714285714
24,34,1,1,1,2,5,2,16.26309523809524,27.4
24,35,1,1,1,2,1,5,12.303571428571429,26.876190476190477
24,36,1,1,1,2,4,2,15.223809523809523,27.21904761904762
24,37,1,1,1,2,4,9,15.292857142857143,27.24047619047619
24,38,1,2,1,2,2,5,14.353571428571428,27.16547619047619
24,39,1,2,1,2,2,5,14.353571428571428,27.16547619047619
24,40,1,1,1,2,5,2,16.26309523809524,27.4
24,41,1,2,1,4,2,3,16.34642857142857,27.409523809523808
24,42,1,1,1,4,2,1,15.153571428571428,27.177380952380954
24,43,1,1,1,2,3,3,14.422619047619047,27.17738095238095
24,44,1,1,1,4,3,1,16.211904761904762,27.37142857142857
24,45,1,1,5,4,4,2,21.28452380952381,27.5
24,46,1,1,1,4,2,3,15.338095238095239,27.32142857142857
24,47,1,1,1,4,2,3,15.338095238095239,27.32142857142857
24,48,1,1,1,2,2,2,13.228571428571428,27.125
24,49,1,1,1,4,2,3,15.338095238095239,27.32142857142857
25,0,1,1,5,4,4,2,21.28452380952381,27.5
25,1,1,1,1,1,1,5,11.027380952380952,26.13095238095238
25,2,1,1,1,1,1,5,11.027380952380952,26.13095238095238
25,3,1,1,5,4,4,2,21.28452380952381,27.5
25,4,2,2,1,4,3,3,18.201190476190476,27.44047619047619
25,5,1,1,5,4,4,9,20.91785714285714,27.475
25,6,1,1,1,2,2,2,13.228571428571428,27.125
25,7,1,1,1,2,2,1,13.020238095238096,26.89047619047619
25,8,1,1,1,1,1,1,11.235714285714286,26.26309523809524
25,9,1,1,1,1,2,2,12.016666666666666,26.520238095238096
25,10,1,1,1,2,1,6,12.163095238095238,26.84285714285714
25,11,1,1,1,1,2,1,12.10952380952381,26.623809523809523
25,12,1,1,1,1,2,2,12.016666666666666,26.520238095238096
25,13,2,2,1,4,3,3,18.201190476190476,27.44047619047619
25,14,1,1,1,4,2,3,15.338095238095239,27.32142857142857
25,15,1,2,1,4,3,1,17.097619047619048,27.41190476190476
25,16,1,1,1,2,3,5,14.270238095238096,27.157142857142855
25,17,1,1,1,4,3,1,16.211904761904762,27.37142857142857
25,18,1,1,1,4,2,1,15.153571428571428,27.177380952380954
25,19,1,1,1,1,1,2,11.141666666666667,26.25595238095238
25,20,1,1,1,2,1,5,12.303571428571429,26.876190476190477
25,21,1,2,1,4,3,1,17.097619047619048,27.41190476190476
25,22,1,1,1,1,1,1,11.235714285714286,26.26309523809524
25,23,1,1,1,1,2,1,12.10952380952381,26.623809523809523
25,24,1,2,1,4,2,3,16.34642857142857,27.409523809523808
25,25,1,1,1,2,3,3,14.422619047619047,27.17738095238095
25,26,1,1,1,3,3,9,15.30952380952381,27.28095238095238
25,27,1,1,5,4,4,9,20.91785714285714,27.475
25,28,1,1,1,2,2,2,13.228571428571428,27.125
25,29,1,1,1,4,3,1,16.211904761904762,27.37142857142857
25,30,1,1,1,4,2,3,15.338095238095239,27.32142857142857
25,31,1,1,1,2,4,2,15.223809523809523,27.21904761904762
25,32,1,1,1,2,4,9,15.292857142857143,27.24047619047619
25,33,1,1,1,2,3,5,14.270238095238096,27.157142857142855
25,34,1,1,1,2,2,1,13.020238095238096,26.89047619047619
25,35,1,1,1,2,1,6,12.163095238095238,26.84285714285714
25,36,1,1,1,2,5,2,16.26309523809524,27.4
25,37,1,1,1,2,1,5,12.303571428571429,26.876190476190477
25,38,1,1,1,2,4,2,15.223809523809523,27.21904761904762
25,39,1,1,1,2,4,9,15.292857142857143,27.24047619047619
25,40,1,2,1,2,2,5,14.353571428571428,27.16547619047619
25,41,1,1,1,1,1,2,11.141666666666667,26.25595238095238
25,42,1,2,1,2,2,5,14.353571428571428,27.16547619047619
25,43,1,1,1,2,5,2,16.26309523809524,27.4
25,44,1,2,1,4,2,3,16.34642857142857,27.409523809523808
25,45,1,1,1,4,2,1,15.153571428571428,27.177380952380954
25,46,1,1,1,2,3,3,14.422619047619047,27.17738095238095
25,47,1,1,1,4,2,3,15.338095238095239,27.32142857142857
25,48,1,2,1,2,2,5,14.353571428571428,27.16547619047619
25,49,1,1,1,4,2,3,15.338095238095239,27.32142857142857
26,0,1,1,5,4,4,2,21.28452380952381,27.5
26,1,1,1,1,1,1,5,11.027380952380952,26.13095238095238
26,2,1,1,5,4,4,2,21.28452380952381,27.5
26,3,1,1,1,1,1,5,11.027380952380952,26.13095238095238
26,4,2,2,1,4,3,3,18.201190476190476,27.44047619047619
26,5,1,1,5,4,4,9,20.91785714285714,27.475
26,6,1,1,1,2,2,2,13.228571428571428,27.125
26,7,1,1,1,2,2,1,13.020238095238096,26.89047619047619
26,8,1,1,1,1,1,1,11.235714285714286,26.26309523809524
26,9,1,1,1,1,2,2,12.016666666666666,26.520238095238096
26,10,1,1,1,2,1,6,12.163095238095238,26.84285714285714
26,11,1,1,1,1,2,1,12.10952380952381,26.623809523809523
26,12,1,1,1,1,2,2,12.016666666666666,26.520238095238096
26,13,2,2,1,4,3,3,18.201190476190476,27.44047619047619
26,14,1,1,1,4,2,3,15.338095238095239,27.32142857142857
26,15,1,2,1,4,3,1,17.097619047619048,27.41190476190476
26,16,1,1,1,2,3,5,14.270238095238096,27.157142857142855
26,17,1,1,1,4,3,1,16.211904761904762,27.37142857142857
26,18,1,1,1,4,2,1,15.153571428571428,27.177380952380954
26,19,1,1,1,1,1,2,11.141666666666667,26.25595238095238
26,20,1,1,1,2,1,5,12.303571428571429,26.876190476190477
26,21,1,2,1,4,3,1,17.097619047619048,27.41190476190476
26,22,1,1,1,1,1,1,11.235714285714286,26.26309523809524
26,23,1,1,1,1,2,1,12.10952380952381,26.623809523809523
26,24,1,2,1,4,2,3,16.34642857142857,27.409523809523808
26,25,1,1,1,2,3,3,14.422619047619047,27.17738095238095
26,26,1,1,5,4,4,9,20.91785714285714,27.475
26,27,1,1,1,2,2,2,13.228571428571428,27.125
26,28,1,1,1,4,3,1,16.211904761904762,27.37142857142857
26,29,1,1,1,4,2,3,15.338095238095239,27.32142857142857
26,30,1,1,1,2,4,2,15.223809523809523,27.21904761904762
26,31,1,1,1,2,4,9,15.292857142857143,27.24047619047619
26,32,1,1,1,3,3,9,15.30952380952381,27.28095238095238
26,33,1,1,1,2,3,5,14.270238095238096,27.157142857142855
26,34,1,1,1,3,3,9,15.30952380952381,27.28095238095238
26,35,1,1,1,2,2,1,13.020238095238096,26.89047619047619
26,36,1,1,1,2,1,6,12.163095238095238,26.84285714285714
26,37,1,1,1,2,5,2,16.26309523809524,27.4
26,38,1,1,1,2,1,5,12.303571428571429,26.876190476190477
26,39,1,1,1,2,4,2,15.223809523809523,27.21904761904762
26,40,1,1,1,2,4,9,15.292857142857143,27.24047619047619
26,41,1,2,1,2,2,5,14.353571428571428,27.16547619047619
26,42,1,1,1,1,1,2,11.141666666666667,26.25595238095238
26,43,1,2,1,2,2,5,14.353571428571428,27.16547619047619
26,44,1,1,1,2,5,2,16.26309523809524,27.4
26,45,1,2,1,4,2,3,16.34642857142857,27.409523809523808
26,46,1,1,1,4,2,1,15.153571428571428,27.177380952380954
26,47,1,1,1,2,3,3,14.422619047619047,27.17738095238095
26,48,1,1,1,2,2,1,13.020238095238096,26.89047619047619
26,49,1,1,1,4,2,3,15.338095238095239,27.32142857142857
27,0,1,1,5,4,4,2,21.28452380952381,27.5
27,1,1,1,1,1,1,5,11.027380952380952,26.13095238095238
27,2,1,1,5,4,4,2,21.28452380952381,27.5
27,3,1,1,1,1,1,5,11.027380952380952,26.13095238095238
27,4,2,2,1,4,3,3,18.201190476190476,27.44047619047619
27,5,1,1,5,4,4,9,20.91785714285714,27.475
27,6,1,1,1,2,2,2,13.228571428571428,27.125
27,7,1,1,1,2,2,1,13.020238095238096,26.89047619047619
27,8,1,1,1,1,1,1,11.235714285714286,26.26309523809524
27,9,1,1,1,1,2,2,12.016666666666666,26.520238095238096
27,10,1,1,1,2,1,6,12.163095238095238,26.84285714285714
27,11,1,1,1,1,2,1,12.10952380952381,26.623809523809523
27,12,1,1,1,1,2,2,12.016666666666666,26.520238095238096
27,13,1,1,1,4,2,1,15.153571428571428,27.177380952380954
27,14,2,2,1,4,3,3,18.201190476190476,27.44047619047619
27,15,1,1,1,4,2,3,15.338095238095239,27.32142857142857
27,16,1,2,1,4,3,1,17.097619047619048,27.41190476190476
27,17,1,1,1,2,3,5,14.270238095238096,27.157142857142855
27,18,1,1,1,4,3,1,16.211904761904762,27.37142857142857
27,19,1,1,1,1,1,2,11.141666666666667,26.25595238095238
27,20,1,1,1,2,1,5,12.303571428571429,26.876190476190477
27,21,1,2,1,4,3,1,17.097619047619048,27.41190476190476
27,22,1,1,1,4,2,6,15.202380952380953,27.276190476190475
27,23,1,1,1,1,1,1,11.235714285714286,26.26309523809524
27,24,1,1,1,1,2,1,12.10952380952381,26.623809523809523
27,25,1,2,1,4,2,3,16.34642857142857,27.409523809523808
27,26,1,1,1,2,3,3,14.422619047619047,27.17738095238095
27,27,1,1,5,4,4,9,20.91785714285714,27.475
27,28,1,1,1,2,2,2,13.228571428571428,27.125
27,29,1,1,1,4,3,1,16.211904761904762,27.37142857142857
27,30,1,1,1,3,3,9,15.30952380952381,27.28095238095238
27,31,1,1,1,4,2,3,15.338095238095239,27.32142857142857
27,32,1,1,1,2,3,5,14.270238095238096,27.157142857142855
27,33,1,1,1,2,2,1,13.020238095238096,26.89047619047619
27,34,1,1,1,2,1,6,12.163095238095238,26.84285714285714
27,35,1,1,1,2,5,2,16.26309523809524,27.4
27,36,1,1,1,2,1,5,12.303571428571429,26.876190476190477
27,37,1,2,1,2,2,5,14.353571428571428,27.16547619047619
27,38,1,1,1,1,1,2,11.141666666666667,26.25595238095238
27,39,1,2,1,2,2,5,14.353571428571428,27.16547619047619
27,40,1,1,1,2,5,2,16.26309523809524,27.4
27,41,1,2,1,4,2,3,16.34642857142857,27.409523809523808
27,42,1,1,1,2,3,3,14.422619047619047,27.17738095238095
27,43,1,1,1,3,3,9,15.30952380952381,27.28095238095238
27,44,1,1,1,4,2,1,15.153571428571428,27.177380952380954
27,45,1,1,1,2,1,5,12.303571428571429,26.876190476190477
27,46,1,1,5,4,4,2,21.28452380952381,27.5
27,47,1,2,1,4,3,1,17.097619047619048,27.41190476190476
27,48,1,1,1,2,1,6,12.163095238095238,26.84285714285714
27,49,1,1,1,4,3,1,16.211904761904762,27.37142857142857
28,0,1,1,5,4,4,2,21.28452380952381,27.5
28,1,1,1,1,1,1,5,11.027380952380952,26.13095238095238
28,2,1,1,1,1,1,5,11.027380952380952,26.13095238095238
28,3,1,1,5,4,4,2,21.28452380952381,27.5
28,4,2,2,1,4,3,3,18.201190476190476,27.44047619047619
28,5,1,1,5,4,4,9,20.91785714285714,27.475
28,6,1,1,1,2,2,2,13.228571428571428,27.125
28,7,1,1,1,2,2,1,13.020238095238096,26.89047619047619
28,8,1,1,1,1,1,1,11.235714285714286,26.26309523809524
28,9,1,1,1,1,2,2,12.016666666666666,26.520238095238096
28,10,1,1,1,2,1,6,12.163095238095238,26.84285714285714
28,11,1,1,1,1,2,1,12.10952380952381,26.623809523809523
28,12,1,1,1,1,2,2,12.016666666666666,26.520238095238096
28,13,1,1,1,4,2,1,15.153571428571428,27.177380952380954
28,14,2,2,1,4,3,3,18.201190476190476,27.44047619047619
28,15,1,1,1,4,2,3,15.338095238095239,27.32142857142857
28,16,1,2,1,4,3,1,17.097619047619048,27.41190476190476
28,17,1,1,1,2,3,5,14.270238095238096,27.157142857142855
28,18,1,1,1,4,3,1,16.211904761904762,27.37142857142857
28,19,1,1,1,1,1,6,11.101190476190476,26.164285714285715
28,20,1,1,1,2,1,5,12.303571428571429,26.876190476190477
28,21,1,2,1,4,3,1,17.097619047619048,27.41190476190476
28,22,1,1,1,4,2,6,15.202380952380953,27.276190476190475
28,23,1,1,1,1,1,1,11.235714285714286,26.26309523809524
28,24,1,1,1,1,2,1,12.10952380952381,26.623809523809523
28,25,1,2,1,4,2,3,16.34642857142857,27.409523809523808
28,26,1,1,1,2,3,3,14.422619047619047,27.17738095238095
28,27,1,1,1,1,1,2,11.141666666666667,26.25595238095238
28,28,1,1,5,4,4,9,20.91785714285714,27.475
28,29,1,1,1,2,2,2,13.228571428571428,27.125
28,30,1,1,1,4,3,1,16.211904761904762,27.37142857142857
28,31,1,1,1,3,3,9,15.30952380952381,27.28095238095238
28,32,1,1,1,4,2,3,15.338095238095239,27.32142857142857
28,33,1,1,1,2,3,5,14.270238095238096,27.157142857142855
28,34,1,1,1,2,2,1,13.020238095238096,26.89047619047619
28,35,1,1,1,2,1,6,12.163095238095238,26.84285714285714
28,36,1,1,1,2,5,2,16.26309523809524,27.4
28,37,1,1,1,2,1,5,12.303571428571429,26.876190476190477
28,38,1,2,1,2,2,5,14.353571428571428,27.16547619047619
28,39,1,2,1,2,2,5,14.353571428571428,27.16547619047619
28,40,1,1,1,2,5,2,16.26309523809524,27.4
28,41,1,2,1,4,2,3,16.34642857142857,27.409523809523808
28,42,1,1,1,1,1,2,11.141666666666667,26.25595238095238
28,43,1,1,1,2,3,3,14.422619047619047,27.17738095238095
28,44,1,1,1,3,3,9,15.30952380952381,27.28095238095238
28,45,1,1,1,4,2,1,15.153571428571428,27.177380952380954
28,46,1,1,1,1,1,5,11.027380952380952,26.13095238095238
28,47,1,1,5,4,4,9,20.91785714285714,27.475
28,48,1,1,1,2,3,5,14.270238095238096,27.157142857142855
28,49,2,2,1,4,3,3,18.201190476190476,27.44047619047619
29,0,1,1,1,1,1,5,11.027380952380952,26.13095238095238
29,1,1,1,5,4,4,2,21.28452380952381,27.5
29,2,1,1,1,1,1,5,11.027380952380952,26.13095238095238
29,3,1,1,5,4,4,2,21.28452380952381,27.5
29,4,2,2,1,4,3,3,18.201190476190476,27.44047619047619
29,5,1,1,5,4,4,9,20.91785714285714,27.475
29,6,1,1,1,2,2,2,13.228571428571428,27.125
29,7,1,1,1,2,2,1,13.020238095238096,26.89047619047619
29,8,1,1,1,1,1,1,11.235714285714286,26.26309523809524
29,9,1,1,1,1,2,2,12.016666666666666,26.520238095238096
29,10,1,1,1,2,1,6,12.163095238095238,26.84285714285714
29,11,1,1,1,1,2,1,12.10952380952381,26.623809523809523
29,12,1,1,1,1,2,2,12.016666666666666,26.520238095238096
29,13,1,1,1,4,2,1,15.153571428571428,27.177380952380954
29,14,2,2,1,4,3,3,18.201190476190476,27.44047619047619
29,15,1,1,1,4,2,3,15.338095238095239,27.32142857142857
29,16,1,2,1,4,3,1,17.097619047619048,27.41190476190476
29,17,1,1,1,2,3,5,14.270238095238096,27.157142857142855
29,18,1,1,1,4,3,1,16.211904761904762,27.37142857142857
29,19,1,1,1,1,1,6,11.101190476190476,26.164285714285715
29,20,1,1,1,2,1,5,12.303571428571429,26.876190476190477
29,21,1,2,1,4,3,1,17.097619047619048,27.41190476190476
29,22,1,1,1,4,2,6,15.202380952380953,27.276190476190475
29,23,1,1,1,1,1,1,11.235714285714286,26.26309523809524
29,24,1,1,1,1,2,1,12.10952380952381,26.623809523809523
29,25,1,2,1,4,2,3,16.34642857142857,27.409523809523808
29,26,1,1,1,2,3,3,14.422619047619047,27.17738095238095
29,27,1,1,1,1,1,2,11.141666666666667,26.25595238095238
29,28,1,1,5,4,4,9,20.91785714285714,27.475
29,29,1,1,1,2,2,2,13.228571428571428,27.125
29,30,1,1,1,4,3,1,16.211904761904762,27.37142857142857
29,31,1,1,1,3,3,9,15.30952380952381,27.28095238095238
29,32,1,1,1,4,2,3,15.338095238095239,27.32142857142857
29,33,1,1,1,2,3,5,14.270238095238096,27.157142857142855
29,34,1,1,1,2,2,1,13.020238095238096,26.89047619047619
29,35,1,1,1,2,1,6,12.163095238095238,26.84285714285714
29,36,1,1,1,2,5,2,16.26309523809524,27.4
29,37,1,1,1,2,1,5,12.303571428571429,26.876190476190477
29,38,1,2,1,2,2,5,14.353571428571428,27.16547619047619
29,39,1,2,1,2,2,5,14.353571428571428,27.16547619047619
29,40,1,1,1,2,5,2,16.26309523809524,27.4
29,41,1,2,1,4,2,3,16.34642857142857,27.409523809523808
29,42,1,1,1,1,1,2,11.141666666666667,26.25595238095238
29,43,1,1,1,4,2,6,15.202380952380953,27.276190476190475
29,44,1,1,1,2,3,3,14.422619047619047,27.17738095238095
29,45,1,1,1,3,3,9,15.30952380952381,27.28095238095238
29,46,1,1,1,4,2,1,15.153571428571428,27.177380952380954
29,47,1,1,1,4,3,1,16.211904761904762,27.37142857142857
29,48,1,1,1,4,3,1,16.211904761904762,27.37142857142857
29,49,1,1,1,1,2,1,12.10952380952381,26.623809523809523
30,0,1,1,1,1,1,5,11.027380952380952,26.13095238095238
30,1,1,1,1,1,1,5,11.027380952380952,26.13095238095238
30,2,1,1,5,4,4,2,21.28452380952381,27.5
30,3,1,1,5,4,4,2,21.28452380952381,27.5
30,4,2,2,1,4,3,3,18.201190476190476,27.44047619047619
30,5,1,1,5,4,4,9,20.91785714285714,27.475
30,6,1,1,1,2,2,2,13.228571428571428,27.125
30,7,1,1,1,2,2,1,13.020238095238096,26.89047619047619
30,8,1,1,1,1,1,1,11.235714285714286,26.26309523809524
30,9,1,1,1,1,2,2,12.016666666666666,26.520238095238096
30,10,1,1,1,2,1,6,12.163095238095238,26.84285714285714
30,11,1,1,1,1,2,1,12.10952380952381,26.623809523809523
30,12,1,1,1,1,2,2,12.016666666666666,26.520238095238096
30,13,1,1,1,4,2,1,15.153571428571428,27.177380952380954
30,14,2,2,1,4,3,3,18.201190476190476,27.44047619047619
30,15,1,1,1,4,2,3,15.338095238095239,27.32142857142857
30,16,1,2,1,4,3,1,17.097619047619048,27.41190476190476
30,17,1,1,1,2,3,5,14.270238095238096,27.157142857142855
30,18,1,1,1,4,3,1,16.211904761904762,27.37142857142857
30,19,1,1,1,1,1,6,11.101190476190476,26.164285714285715
30,20,1,1,1,2,1,5,12.303571428571429,26.876190476190477
30,21,1,2,1,4,3,1,17.097619047619048,27.41190476190476
30,22,1,1,1,4,2,6,15.202380952380953,27.276190476190475
30,23,1,1,1,1,1,1,11.235714285714286,26.26309523809524
30,24,1,1,1,1,2,1,12.10952380952381,26.623809523809523
30,25,1,2,1,4,2,3,16.34642857142857,27.409523809523808
30,26,1,1,1,2,3,3,14.422619047619047,27.17738095238095
30,27,1,1,1,1,1,2,11.141666666666667,26.25595238095238
30,28,1,1,5,4,4,9,20.91785714285714,27.475
30,29,1,1,1,2,2,2,13.228571428571428,27.125
30,30,1,1,1,4,3,1,16.211904761904762,27.37142857142857
30,31,1,1,1,3,3,9,15.30952380952381,27.28095238095238
30,32,1,1,1,4,2,3,15.338095238095239,27.32142857142857
30,33,1,1,1,2,3,5,14.270238095238096,27.157142857142855
30,34,1,1,1,2,2,1,13.020238095238096,26.89047619047619
30,35,1,1,1,2,1,6,12.163095238095238,26.84285714285714
30,36,1,1,1,2,5,2,16.26309523809524,27.4
30,37,1,1,1,2,1,5,12.303571428571429,26.876190476190477
30,38,1,2,1,2,2,5,14.353571428571428,27.16547619047619
30,39,1,2,1,2,2,5,14.353571428571428,27.16547619047619
30,40,1,1,1,2,5,2,16.26309523809524,27.4
30,41,1,2,1,4,2,3,16.34642857142857,27.409523809523808
30,42,1,1,1,1,1,2,11.141666666666667,26.25595238095238
30,43,1,1,1,4,2,6,15.202380952380953,27.276190476190475
30,44,1,1,1,2,3,3,14.422619047619047,27.17738095238095
30,45,1,1,1,3,3,9,15.30952380952381,27.28095238095238
30,46,1,1,1,4,2,1,15.153571428571428,27.177380952380954
30,47,1,2,1,4,2,3,16.34642857142857,27.409523809523808
30,48,1,1,1,1,2,1,12.10952380952381,26.623809523809523
30,49,1,1,1,1,2,1,12.10952380952381,26.623809523809523
31,0,1,1,1,1,1,5,11.027380952380952,26.13095238095238
31,1,1,1,5,4,4,2,21.28452380952381,27.5
31,2,1,1,5,4,4,2,21.28452380952381,27.5
31,3,1,1,1,1,1,5,11.027380952380952,26.13095238095238
31,4,2,2,1,4,3,3,18.201190476190476,27.44047619047619
31,5,1,1,5,4,4,9,20.91785714285714,27.475
31,6,1,1,1,2,2,2,13.228571428571428,27.125
31,7,1,1,1,2,2,1,13.020238095238096,26.89047619047619
31,8,1,1,1,1,1,1,11.235714285714286,26.26309523809524
31,9,1,1,1,1,2,2,12.016666666666666,26.520238095238096
31,10,1,1,1,2,1,6,12.163095238095238,26.84285714285714
31,11,1,1,1,1,2,1,12.10952380952381,26.623809523809523
31,12,1,1,1,1,2,2,12.016666666666666,26.520238095238096
31,13,1,1,1,4,2,1,15.153571428571428,27.177380952380954
31,14,2,2,1,4,3,3,18.201190476190476,27.44047619047619
31,15,1,1,1,4,2,3,15.338095238095239,27.32142857142857
31,16,1,2,1,4,3,1,17.097619047619048,27.41190476190476
31,17,1,1,1,2,3,5,14.270238095238096,27.157142857142855
31,18,1,1,1,4,3,1,16.211904761904762,27.37142857142857
31,19,1,1,1,2,1,5,12.303571428571429,26.876190476190477
31,20,1,2,1,4,3,1,17.097619047619048,27.41190476190476
31,21,1,1,1,4,2,6,15.202380952380953,27.276190476190475
31,22,1,1,1,1,1,1,11.235714285714286,26.26309523809524
31,23,1,1,1,1,2,1,12.10952380952381,26.623809523809523
31,24,1,2,1,4,2,3,16.34642857142857,27.409523809523808
31,25,1,1,1,2,3,3,14.422619047619047,27.17738095238095
31,26,1,1,1,1,1,2,11.141666666666667,26.25595238095238
31,27,1,1,1,1,1,6,11.101190476190476,26.164285714285715
31,28,1,1,5,4,4,9,20.91785714285714,27.475
31,29,1,1,1,2,2,2,13.228571428571428,27.125
31,30,1,1,1,4,3,1,16.211904761904762,27.37142857142857
31,31,1,1,1,3,3,9,15.30952380952381,27.28095238095238
31,32,1,1,1,4,2,3,15.338095238095239,27.32142857142857
31,33,1,1,1,2,3,5,14.270238095238096,27.157142857142855
31,34,1,1,1,2,2,1,13.020238095238096,26.89047619047619
31,35,1,1,1,2,1,6,12.163095238095238,26.84285714285714
31,36,1,1,1,2,5,2,16.26309523809524,27.4
31,37,1,1,1,1,1,6,11.101190476190476,26.164285714285715
31,38,1,1,1,2,1,5,12.303571428571429,26.876190476190477
31,39,1,2,1,2,2,5,14.353571428571428,27.16547619047619
31,40,1,2,1,2,2,5,14.353571428571428,27.16547619047619
31,41,1,1,1,2,5,2,16.26309523809524,27.4
31,42,1,2,1,4,2,3,16.34642857142857,27.409523809523808
31,43,1,1,1,1,1,2,11.141666666666667,26.25595238095238
31,44,1,1,1,4,2,6,15.202380952380953,27.276190476190475
31,45,1,1,1,2,3,3,14.422619047619047,27.17738095238095
31,46,1,1,1,3,3,9,15.30952380952381,27.28095238095238
31,47,1,1,1,4,2,1,15.153571428571428,27.177380952380954
31,48,1,1,1,2,2,1,13.020238095238096,26.89047619047619
31,49,1,1,1,1,2,1,12.10952380952381,26.623809523809523
32,0,1,1,5,4,4,2,21.28452380952381,27.5
32,1,1,1,1,1,1,5,11.027380952380952,26.13095238095238
32,2,1,1,5,4,4,2,21.28452380952381,27.5
32,3,1,1,1,1,1,5,11.027380952380952,26.13095238095238
32,4,2,2,1,4,3,3,18.201190476190476,27.44047619047619
32,5,1,1,5,4,4,9,20.91785714285714,27.475
32,6,1,1,1,2,2,2,13.228571428571428,27.125
32,7,1,1,1,2,2,1,13.020238095238096,26.89047619047619
32,8,1,1,1,1,1,1,11.235714285714286,26.26309523809524
32,9,1,1,1,1,2,2,12.016666666666666,26.520238095238096
32,10,1,1,1,2,1,6,12.163095238095238,26.84285714285714
32,11,1,1,1,1,2,1,12.10952380952381,26.623809523809523
32,12,1,1,1,1,2,2,12.016666666666666,26.520238095238096
32,13,1,1,1,3,2,10,14.446428571428571,27.239285714285714
32,14,2,2,1,4,3,3,18.201190476190476,27.44047619047619
32,15,1,1,1,4,2,3,15.338095238095239,27.32142857142857
32,16,1,2,1,4,3,1,17.097619047619048,27.41190476190476
32,17,1,1,1,2,3,5,14.270238095238096,27.157142857142855
32,18,1,1,1,4,3,1,16.211904761904762,27.37142857142857
32,19,1,1,1,2,1,5,12.303571428571429,26.876190476190477
32,20,1,2,1,4,3,1,17.097619047619048,27.41190476190476
32,21,1,1,1,1,1,1,11.235714285714286,26.26309523809524
32,22,1,1,1,1,2,1,12.10952380952381,26.623809523809523
32,23,1,2,1,4,2,3,16.34642857142857,27.409523809523808
32,24,1,1,1,4,2,6,15.202380952380953,27.276190476190475
32,25,1,1,1,1,1,2,11.141666666666667,26.25595238095238
32,26,1,1,1,1,1,6,11.101190476190476,26.164285714285715
32,27,1,1,5,4,4,9,20.91785714285714,27.475
32,28,1,1,1,2,3,3,14.422619047619047,27.17738095238095
32,29,1,1,1,2,2,2,13.228571428571428,27.125
32,30,1,1,1,4,3,1,16.211904761904762,27.37142857142857
32,31,1,1,1,3,3,9,15.30952380952381,27.28095238095238
32,32,1,1,1,4,2,3,15.338095238095239,27.32142857142857
32,33,1,1,1,4,2,6,15.202380952380953,27.276190476190475
32,34,1,1,1,2,3,5,14.270238095238096,27.157142857142855
32,35,1,1,1,2,2,1,13.020238095238096,26.89047619047619
32,36,1,1,1,2,1,6,12.163095238095238,26.84285714285714
32,37,1,1,1,2,5,2,16.26309523809524,27.4
32,38,1,1,1,1,1,6,11.101190476190476,26.164285714285715
32,39,1,1,1,2,1,5,12.303571428571429,26.876190476190477
32,40,1,2,1,2,2,5,14.353571428571428,27.16547619047619
32,41,1,2,1,2,2,5,14.353571428571428,27.16547619047619
32,42,1,1,1,2,5,2,16.26309523809524,27.4
32,43,1,1,1,2,3,3,14.422619047619047,27.17738095238095
32,44,1,2,1,4,2,3,16.34642857142857,27.409523809523808
32,45,1,1,1,1,1,2,11.141666666666667,26.25595238095238
32,46,1,1,1,3,3,9,15.30952380952381,27.28095238095238
32,47,1,1,1,2,1,5,12.303571428571429,26.876190476190477
32,48,1,1,1,4,2,3,15.338095238095239,27.32142857142857
32,49,1,1,1,1,1,5,11.027380952380952,26.13095238095238
33,0,1,1,1,1,1,5,11.027380952380952,26.13095238095238
33,1,1,1,5,4,4,2,21.28452380952381,27.5
33,2,1,1,1,1,1,5,11.027380952380952,26.13095238095238
33,3,1,1,5,4,4,2,21.28452380952381,27.5
33,4,2,2,1,4,3,3,18.201190476190476,27.44047619047619
33,5,1,1,5,4,4,9,20.91785714285714,27.475
33,6,1,1,1,2,2,1,13.020238095238096,26.89047619047619
33,7,1,1,1,1,1,1,11.235714285714286,26.26309523809524
33,8,1,1,1,1,2,2,12.016666666666666,26.520238095238096
33,9,1,1,1,2,1,6,12.163095238095238,26.84285714285714
33,10,1,1,1,2,2,2,13.228571428571428,27.125
33,11,1,1,1,1,2,1,12.10952380952381,26.623809523809523
33,12,1,1,1,1,2,2,12.016666666666666,26.520238095238096
33,13,2,2,1,4,3,3,18.201190476190476,27.44047619047619
33,14,1,1,1,2,2,10,13.241666666666667,27.126190476190477
33,15,1,1,1,3,2,10,14.446428571428571,27.239285714285714
33,16,1,1,1,4,2,3,15.338095238095239,27.32142857142857
33,17,1,2,1,4,3,1,17.097619047619048,27.41190476190476
33,18,1,1,1,2,3,5,14.270238095238096,27.157142857142855
33,19,1,1,1,4,3,1,16.211904761904762,27.37142857142857
33,20,1,1,1,2,1,5,12.303571428571429,26.876190476190477
33,21,1,2,1,4,3,1,17.097619047619048,27.41190476190476
33,22,1,1,1,1,1,1,11.235714285714286,26.26309523809524
33,23,1,1,1,1,2,1,12.10952380952381,26.623809523809523
33,24,1,2,1,4,2,3,16.34642857142857,27.409523809523808
33,25,1,1,1,4,2,6,15.202380952380953,27.276190476190475
33,26,1,1,1,1,1,2,11.141666666666667,26.25595238095238
33,27,1,1,1,1,1,6,11.101190476190476,26.164285714285715
33,28,1,1,5,4,4,9,20.91785714285714,27.475
33,29,1,1,1,2,3,3,14.422619047619047,27.17738095238095
33,30,1,1,1,4,3,1,16.211904761904762,27.37142857142857
33,31,1,1,1,3,3,9,15.30952380952381,27.28095238095238
33,32,1,1,1,4,2,3,15.338095238095239,27.32142857142857
33,33,1,1,1,4,2,6,15.202380952380953,27.276190476190475
33,34,1,1,1,2,2,1,13.020238095238096,26.89047619047619
33,35,1,1,1,2,3,5,14.270238095238096,27.157142857142855
33,36,1,1,1,2,1,6,12.163095238095238,26.84285714285714
33,37,1,1,1,3,2,10,14.446428571428571,27.239285714285714
33,38,1,1,1,2,5,2,16.26309523809524,27.4
33,39,1,1,1,1,1,6,11.101190476190476,26.164285714285715
33,40,1,1,1,2,1,5,12.303571428571429,26.876190476190477
33,41,1,1,1,2,2,2,13.228571428571428,27.125
33,42,1,2,1,2,2,5,14.353571428571428,27.16547619047619
33,43,1,2,1,2,2,5,14.353571428571428,27.16547619047619
33,44,1,1,1,2,5,2,16.26309523809524,27.4
33,45,1,1,1,2,3,3,14.422619047619047,27.17738095238095
33,46,1,2,1,4,2,3,16.34642857142857,27.409523809523808
33,47,1,1,1,1,1,2,11.141666666666667,26.25595238095238
33,48,1,1,1,3,3,9,15.30952380952381,27.28095238095238
33,49,1,1,1,4,2,6,15.202380952380953,27.276190476190475
34,0,1,1,5,4,4,2,21.28452380952381,27.5
34,1,1,1,5,4,4,2,21.28452380952381,27.5
34,2,1,1,1,1,1,5,11.027380952380952,26.13095238095238
34,3,1,1,1,1,1,5,11.027380952380952,26.13095238095238
34,4,2,2,1,4,3,3,18.201190476190476,27.44047619047619
34,5,1,1,5,4,4,9,20.91785714285714,27.475
34,6,1,1,1,2,2,1,13.020238095238096,26.89047619047619
34,7,1,1,1,4,2,4,15.382142857142858,27.410714285714285
34,8,1,1,1,1,1,1,11.235714285714286,26.26309523809524
34,9,1,1,1,1,2,2,12.016666666666666,26.520238095238096
34,10,1,2,1,4,3,1,17.097619047619048,27.41190476190476
34,11,1,1,1,2,1,6,12.163095238095238,26.84285714285714
34,12,1,1,1,2,2,2,13.228571428571428,27.125
34,13,1,1,1,1,2,1,12.10952380952381,26.623809523809523
34,14,1,1,1,1,2,2,12.016666666666666,26.520238095238096
34,15,2,2,1,4,3,3,18.201190476190476,27.44047619047619
34,16,1,1,1,3,2,10,14.446428571428571,27.239285714285714
34,17,1,2,1,4,3,1,17.097619047619048,27.41190476190476
34,18,1,1,1,2,3,5,14.270238095238096,27.157142857142855
34,19,1,1,1,2,2,10,13.241666666666667,27.126190476190477
34,20,1,1,1,2,1,5,12.303571428571429,26.876190476190477
34,21,1,1,1,1,1,1,11.235714285714286,26.26309523809524
34,22,1,1,1,1,2,1,12.10952380952381,26.623809523809523
34,23,1,1,1,4,2,6,15.202380952380953,27.276190476190475
34,24,1,1,1,1,1,2,11.141666666666667,26.25595238095238
34,25,1,1,1,1,1,6,11.101190476190476,26.164285714285715
34,26,1,1,1,4,2,10,15.370238095238095,27.35238095238095
34,27,1,1,5,4,4,9,20.91785714285714,27.475
34,28,1,1,1,2,3,3,14.422619047619047,27.17738095238095
34,29,1,1,1,3,3,9,15.30952380952381,27.28095238095238
34,30,1,1,1,4,2,6,15.202380952380953,27.276190476190475
34,31,1,1,1,4,2,3,15.338095238095239,27.32142857142857
34,32,1,1,1,2,2,1,13.020238095238096,26.89047619047619
34,33,1,1,1,2,3,5,14.270238095238096,27.157142857142855
34,34,1,1,1,2,1,6,12.163095238095238,26.84285714285714
34,35,1,1,1,3,2,10,14.446428571428571,27.239285714285714
34,36,1,1,1,1,1,6,11.101190476190476,26.164285714285715
34,37,1,1,1,4,2,3,15.338095238095239,27.32142857142857
34,38,1,1,1,2,1,5,12.303571428571429,26.876190476190477
34,39,1,1,1,2,2,10,13.241666666666667,27.126190476190477
34,40,1,1,1,2,2,2,13.228571428571428,27.125
34,41,1,2,1,2,2,5,14.353571428571428,27.16547619047619
34,42,1,2,1,2,2,5,14.353571428571428,27.16547619047619
34,43,1,1,1,2,3,3,14.422619047619047,27.17738095238095
34,44,1,1,1,1,1,2,11.141666666666667,26.25595238095238
34,45,1,1,1,3,3,9,15.30952380952381,27.28095238095238
34,46,1,1,1,1,1,6,11.101190476190476,26.164285714285715
34,47,1,1,1,2,3,3,14.422619047619047,27.17738095238095
34,48,1,1,1,1,2,2,12.016666666666666,26.520238095238096
34,49,1,1,1,4,2,3,15.338095238095239,27.32142857142857
35,0,1,1,5,4,4,2,21.28452380952381,27.5
35,1,1,1,1,1,1,5,11.027380952380952,26.13095238095238
35,2,1,1,5,4,4,2,21.28452380952381,27.5
35,3,1,1,1,1,1,5,11.027380952380952,26.13095238095238
35,4,2,2,1,4,3,3,18.201190476190476,27.44047619047619
35,5,1,1,5,4,4,9,20.91785714285714,27.475
35,6,1,1,1,2,2,1,13.020238095238096,26.89047619047619
35,7,1,1,1,4,2,4,15.382142857142858,27.410714285714285
35,8,1,1,1,1,1,1,11.235714285714286,26.26309523809524
35,9,1,1,1,1,2,2,12.016666666666666,26.520238095238096
35,10,1,2,1,4,3,1,17.097619047619048,27.41190476190476
35,11,1,1,1,2,1,6,12.163095238095238,26.84285714285714
35,12,1,1,1,2,2,2,13.228571428571428,27.125
35,13,1,1,1,1,2,1,12.10952380952381,26.623809523809523
35,14,1,1,1,1,2,2,12.016666666666666,26.520238095238096
35,15,2,2,1,4,3,3,18.201190476190476,27.44047619047619
35,16,1,2,1,4,3,1,17.097619047619048,27.41190476190476
35,17,1,1,1,2,3,5,14.270238095238096,27.157142857142855
35,18,1,1,1,2,2,10,13.241666666666667,27.126190476190477
35,19,1,1,1,2,1,5,12.303571428571429,26.876190476190477
35,20,1,1,1,3,2,10,14.446428571428571,27.239285714285714
35,21,1,1,1,1,1,1,11.235714285714286,26.26309523809524
35,22,1,1,1,1,2,1,12.10952380952381,26.623809523809523
35,23,1,1,1,4,2,6,15.202380952380953,27.276190476190475
35,24,1,1,1,1,1,2,11.141666666666667,26.25595238095238
35,25,1,1,1,1,1,6,11.101190476190476,26.164285714285715
35,26,1,1,1,4,2,10,15.370238095238095,27.35238095238095
35,27,1,1,1,3,2,3,14.417857142857143,27.216666666666665
35,28,1,1,5,4,4,9,20.91785714285714,27.475
35,29,1,2,1,2,2,5,14.353571428571428,27.16547619047619
35,30,1,1,1,3,3,9,15.30952380952381,27.28095238095238
35,31,1,1,1,4,2,6,15.202380952380953,27.276190476190475
35,32,1,1,1,4,2,3,15.338095238095239,27.32142857142857
35,33,1,1,1,2,2,1,13.020238095238096,26.89047619047619
35,34,1,1,1,2,3,5,14.270238095238096,27.157142857142855
35,35,1,1,1,3,2,10,14.446428571428571,27.239285714285714
35,36,1,1,1,2,1,6,12.163095238095238,26.84285714285714
35,37,1,1,1,1,1,6,11.101190476190476,26.164285714285715
35,38,1,1,1,4,2,3,15.338095238095239,27.32142857142857
35,39,1,1,1,2,1,5,12.303571428571429,26.876190476190477
35,40,1,1,1,2,2,10,13.241666666666667,27.126190476190477
35,41,1,1,1,2,2,2,13.228571428571428,27.125
35,42,1,2,1,2,2,5,14.353571428571428,27.16547619047619
35,43,1,1,1,1,1,2,11.141666666666667,26.25595238095238
35,44,1,1,1,3,3,9,15.30952380952381,27.28095238095238
35,45,1,1,1,4,2,4,15.382142857142858,27.410714285714285
35,46,1,1,1,1,1,5,11.027380952380952,26.13095238095238
35,47,1,1,1,1,2,2,12.016666666666666,26.520238095238096
35,48,1,1,1,1,2,1,12.10952380952381,26.623809523809523
35,49,1,1,1,1,1,6,11.101190476190476,26.164285714285715
36,0,1,1,5,4,4,2,21.28452380952381,27.5
36,1,1,1,5,4,4,2,21.28452380952381,27.5
36,2,1,1,1,1,1,5,11.027380952380952,26.13095238095238
36,3,1,1,1,1,1,5,11.027380952380952,26.13095238095238
36,4,2,2,1,4,3,3,18.201190476190476,27.44047619047619
36,5,1,1,5,4,4,9,20.91785714285714,27.475
36,6,1,1,1,4,2,4,15.382142857142858,27.410714285714285
36,7,1,1,1,1,1,1,11.235714285714286,26.26309523809524
36,8,1,1,1,1,2,2,12.016666666666666,26.520238095238096
36,9,1,1,1,3,1,2,13.220238095238095,26.895238095238096
36,10,1,2,1,4,3,1,17.097619047619048,27.41190476190476
36,11,1,1,1,2,1,6,12.163095238095238,26.84285714285714
36,12,1,1,1,2,2,2,13.228571428571428,27.125
36,13,1,1,1,1,2,1,12.10952380952381,26.623809523809523
36,14,1,1,1,1,2,2,12.016666666666666,26.520238095238096
36,15,2,2,1,4,3,3,18.201190476190476,27.44047619047619
36,16,1,2,1,4,3,1,17.097619047619048,27.41190476190476
36,17,1,1,1,2,3,5,14.270238095238096,27.157142857142855
36,18,1,1,1,2,2,10,13.241666666666667,27.126190476190477
36,19,1,1,1,2,1,5,12.303571428571429,26.876190476190477
36,20,1,1,1,3,2,10,14.446428571428571,27.239285714285714
36,21,1,1,1,1,1,1,11.235714285714286,26.26309523809524
36,22,1,1,1,1,2,1,12.10952380952381,26.623809523809523
36,23,1,1,1,4,2,6,15.202380952380953,27.276190476190475
36,24,1,1,1,1,1,2,11.141666666666667,26.25595238095238
36,25,1,1,1,1,1,6,11.101190476190476,26.164285714285715
36,26,1,1,1,2,2,1,13.020238095238096,26.89047619047619
36,27,1,1,1,4,2,10,15.370238095238095,27.35238095238095
36,28,1,1,1,3,2,3,14.417857142857143,27.216666666666665
36,29,1,1,5,4,4,9,20.91785714285714,27.475
36,30,1,2,1,2,2,5,14.353571428571428,27.16547619047619
36,31,1,1,1,3,3,9,15.30952380952381,27.28095238095238
36,32,1,1,1,4,2,6,15.202380952380953,27.276190476190475
36,33,1,1,1,4,2,3,15.338095238095239,27.32142857142857
36,34,1,1,1,2,3,5,14.270238095238096,27.157142857142855
36,35,1,1,1,2,2,1,13.020238095238096,26.89047619047619
36,36,1,1,1,3,2,10,14.446428571428571,27.239285714285714
36,37,1,1,1,2,1,6,12.163095238095238,26.84285714285714
36,38,1,1,1,1,1,6,11.101190476190476,26.164285714285715
36,39,1,1,1,4,2,3,15.338095238095239,27.32142857142857
36,40,1,1,1,2,1,5,12.303571428571429,26.876190476190477
36,41,1,1,1,2,2,10,13.241666666666667,27.126190476190477
36,42,1,2,1,2,2,5,14.353571428571428,27.16547619047619
36,43,1,1,1,1,1,2,11.141666666666667,26.25595238095238
36,44,1,1,1,3,3,9,15.30952380952381,27.28095238095238
36,45,1,1,1,4,2,4,15.382142857142858,27.410714285714285
36,46,1,1,1,2,2,2,13.228571428571428,27.125
36,47,2,2,1,4,3,3,18.201190476190476,27.44047619047619
36,48,1,1,1,1,1,5,11.027380952380952,26.13095238095238
36,49,1,1,1,1,1,2,11.141666666666667,26.25595238095238
37,0,1,1,5,4,4,2,21.28452380952381,27.5
37,1,1,1,5,4,4,2,21.28452380952381,27.5
37,2,1,1,1,1,1,5,11.027380952380952,26.13095238095238
37,3,1,1,1,1,1,5,11.027380952380952,26.13095238095238
37,4,2,2,1,4,3,3,18.201190476190476,27.44047619047619
37,5,1,1,5,4,4,9,20.91785714285714,27.475
37,6,1,1,1,4,2,4,15.382142857142858,27.410714285714285
37,7,1,1,1,1,1,1,11.235714285714286,26.26309523809524
37,8,1,1,1,1,2,2,12.016666666666666,26.520238095238096
37,9,1,2,1,4,3,1,17.097619047619048,27.41190476190476
37,10,1,1,1,3,1,2,13.220238095238095,26.895238095238096
37,11,1,1,1,2,1,6,12.163095238095238,26.84285714285714
37,12,1,1,1,2,2,2,13.228571428571428,27.125
37,13,1,1,1,1,2,1,12.10952380952381,26.623809523809523
37,14,1,1,1,1,2,2,12.016666666666666,26.520238095238096
37,15,2,2,1,4,3,3,18.201190476190476,27.44047619047619
37,16,1,1,1,2,2,4,13.561904761904762,27.139285714285716
37,17,1,2,1,4,3,1,17.097619047619048,27.41190476190476
37,18,1,1,1,2,1,5,12.303571428571429,26.876190476190477
37,19,1,1,1,3,2,10,14.446428571428571,27.239285714285714
37,20,1,1,1,1,1,1,11.235714285714286,26.26309523809524
37,21,1,1,1,1,2,1,12.10952380952381,26.623809523809523
37,22,1,1,1,4,2,6,15.202380952380953,27.276190476190475
37,23,1,1,1,1,1,2,11.141666666666667,26.25595238095238
37,24,1,1,1,2,3,5,14.270238095238096,27.157142857142855
37,25,1,1,1,1,1,6,11.101190476190476,26.164285714285715
37,26,1,1,1,2,2,1,13.020238095238096,26.89047619047619
37,27,1,1,5,4,4,9,20.91785714285714,27.475
37,28,1,1,1,4,2,10,15.370238095238095,27.35238095238095
37,29,1,2,1,2,2,5,14.353571428571428,27.16547619047619
37,30,1,1,1,3,2,3,14.417857142857143,27.216666666666665
37,31,1,1,1,3,3,9,15.30952380952381,27.28095238095238
37,32,1,1,1,4,2,6,15.202380952380953,27.276190476190475
37,33,1,1,1,4,2,3,15.338095238095239,27.32142857142857
37,34,1,1,1,2,2,10,13.241666666666667,27.126190476190477
37,35,1,1,1,2,2,1,13.020238095238096,26.89047619047619
37,36,1,1,1,3,2,10,14.446428571428571,27.239285714285714
37,37,1,1,1,2,1,6,12.163095238095238,26.84285714285714
37,38,1,1,1,1,1,6,11.101190476190476,26.164285714285715
37,39,1,1,1,4,2,3,15.338095238095239,27.32142857142857
37,40,1,1,1,2,1,5,12.303571428571429,26.876190476190477
37,41,1,1,1,4,2,10,15.370238095238095,27.35238095238095
37,42,1,1,1,3,2,3,14.417857142857143,27.216666666666665
37,43,1,1,1,2,3,5,14.270238095238096,27.157142857142855
37,44,1,2,1,2,2,5,14.353571428571428,27.16547619047619
37,45,1,1,1,2,2,10,13.241666666666667,27.126190476190477
37,46,1,1,1,1,1,2,11.141666666666667,26.25595238095238
37,47,1,1,1,3,3,9,15.30952380952381,27.28095238095238
37,48,1,1,1,3,1,2,13.220238095238095,26.895238095238096
37,49,1,1,1,4,2,4,15.382142857142858,27.410714285714285
38,0,1,1,5,4,4,2,21.28452380952381,27.5
38,1,1,1,5,4,4,2,21.28452380952381,27.5
38,2,1,1,1,1,1,5,11.027380952380952,26.13095238095238
38,3,1,1,1,1,1,5,11.027380952380952,26.13095238095238
38,4,2,2,1,4,3,3,18.201190476190476,27.44047619047619
38,5,1,1,5,4,4,9,20.91785714285714,27.475
38,6,1,1,1,4,2,4,15.382142857142858,27.410714285714285
38,7,1,1,1,1,1,1,11.235714285714286,26.26309523809524
38,8,1,1,1,1,2,2,12.016666666666666,26.520238095238096
38,9,1,2,1,4,3,1,17.097619047619048,27.41190476190476
38,10,1,1,1,3,1,2,13.220238095238095,26.895238095238096
38,11,1,1,1,2,1,6,12.163095238095238,26.84285714285714
38,12,1,1,1,2,2,2,13.228571428571428,27.125
38,13,1,1,1,1,2,1,12.10952380952381,26.623809523809523
38,14,1,1,1,1,2,2,12.016666666666666,26.520238095238096
38,15,2,2,1,4,3,3,18.201190476190476,27.44047619047619
38,16,1,2,1,4,3,1,17.097619047619048,27.41190476190476
38,17,1,1,1,2,1,5,12.303571428571429,26.876190476190477
38,18,1,1,1,3,2,10,14.446428571428571,27.239285714285714
38,19,1,1,1,1,1,1,11.235714285714286,26.26309523809524
38,20,1,1,1,1,2,1,12.10952380952381,26.623809523809523
38,21,1,1,1,2,2,4,13.561904761904762,27.139285714285716
38,22,1,1,1,4,2,6,15.202380952380953,27.276190476190475
38,23,1,1,1,1,1,2,11.141666666666667,26.25595238095238
38,24,1,1,1,2,3,5,14.270238095238096,27.157142857142855
38,25,1,1,1,1,1,6,11.101190476190476,26.164285714285715
38,26,1,1,1,2,2,1,13.020238095238096,26.89047619047619
38,27,1,1,5,4,4,9,20.91785714285714,27.475
38,28,1,1,1,4,2,10,15.370238095238095,27.35238095238095
38,29,1,2,1,2,2,5,14.353571428571428,27.16547619047619
38,30,1,1,1,2,2,4,13.561904761904762,27.139285714285716
38,31,1,1,1,3,2,3,14.417857142857143,27.216666666666665
38,32,1,1,1,3,3,9,15.30952380952381,27.28095238095238
38,33,1,1,1,4,2,6,15.202380952380953,27.276190476190475
38,34,1,1,1,4,2,3,15.338095238095239,27.32142857142857
38,35,1,1,1,2,2,10,13.241666666666667,27.126190476190477
38,36,1,1,1,2,2,1,13.020238095238096,26.89047619047619
38,37,1,1,1,3,2,10,14.446428571428571,27.239285714285714
38,38,1,1,1,2,1,6,12.163095238095238,26.84285714285714
38,39,1,1,1,1,1,6,11.101190476190476,26.164285714285715
38,40,1,1,1,4,2,3,15.338095238095239,27.32142857142857
38,41,1,1,1,2,1,5,12.303571428571429,26.876190476190477
38,42,1,1,1,4,2,10,15.370238095238095,27.35238095238095
38,43,1,1,1,3,2,3,14.417857142857143,27.216666666666665
38,44,1,1,1,2,3,5,14.270238095238096,27.157142857142855
38,45,1,2,1,2,2,5,14.353571428571428,27.16547619047619
38,46,1,1,1,2,2,10,13.241666666666667,27.126190476190477
38,47,1,1,1,1,1,2,11.141666666666667,26.25595238095238
38,48,1,1,1,3,3,9,15.30952380952381,27.28095238095238
38,49,1,1,1,3,1,2,13.220238095238095,26.895238095238096
39,0,2,2,2,4,2,3,18.152380952380952,27.501190476190477
39,1,1,1,1,1,1,5,11.027380952380952,26.13095238095238
39,2,1,1,1,1,1,5,11.027380952380952,26.13095238095238
39,3,1,2,1,4,3,1,17.097619047619048,27.41190476190476
39,4,1,1,1,4,2,4,15.382142857142858,27.410714285714285
39,5,1,1,1,1,1,1,11.235714285714286,26.26309523809524
39,6,1,1,1,1,2,2,12.016666666666666,26.520238095238096
39,7,1,1,1,3,1,2,13.220238095238095,26.895238095238096
39,8,1,1,1,1,2,2,12.016666666666666,26.520238095238096
39,9,1,1,1,2,1,6,12.163095238095238,26.84285714285714
39,10,1,1,1,1,2,1,12.10952380952381,26.623809523809523
39,11,1,1,1,2,2,2,13.228571428571428,27.125
39,12,1,2,1,4,3,1,17.097619047619048,27.41190476190476
39,13,1,1,1,2,1,5,12.303571428571429,26.876190476190477
39,14,1,1,1,3,2,10,14.446428571428571,27.239285714285714
39,15,1,1,1,1,1,1,11.235714285714286,26.26309523809524
39,16,1,1,1,4,2,6,15.202380952380953,27.276190476190475
39,17,1,1,1,2,2,4,13.561904761904762,27.139285714285716
39,18,1,1,1,2,3,5,14.270238095238096,27.157142857142855
39,19,1,1,1,2,2,1,13.020238095238096,26.89047619047619
39,20,1,1,1,1,2,1,12.10952380952381,26.623809523809523
39,21,1,1,1,1,1,2,11.141666666666667,26.25595238095238
39,22,1,1,1,1,1,6,11.101190476190476,26.164285714285715
39,23,1,1,1,2,2,4,13.561904761904762,27.139285714285716
39,24,1,2,1,2,2,5,14.353571428571428,27.16547619047619
39,25,1,1,1,4,2,10,15.370238095238095,27.35238095238095
39,26,1,1,1,2,2,10,13.241666666666667,27.126190476190477
39,27,1,1,1,3,3,9,15.30952380952381,27.28095238095238
39,28,1,1,1,4,2,6,15.202380952380953,27.276190476190475
39,29,1,1,1,3,2,3,14.417857142857143,27.216666666666665
39,30,1,1,1,2,2,1,13.020238095238096,26.89047619047619
39,31,1,1,1,4,2,3,15.338095238095239,27.32142857142857
39,32,1,1,1,2,1,6,12.163095238095238,26.84285714285714
39,33,1,1,1,3,2,10,14.446428571428571,27.239285714285714
39,34,1,1,1,2,1,5,12.303571428571429,26.876190476190477
39,35,1,1,1,1,1,6,11.101190476190476,26.164285714285715
39,36,1,1,1,4,2,3,15.338095238095239,27.32142857142857
39,37,1,1,1,3,2,3,14.417857142857143,27.216666666666665
39,38,1,1,1,2,3,5,14.270238095238096,27.157142857142855
39,39,1,1,1,4,2,10,15.370238095238095,27.35238095238095
39,40,1,2,1,2,2,5,14.353571428571428,27.16547619047619
39,41,1,1,1,2,2,10,13.241666666666667,27.126190476190477
39,42,1,1,1,1,1,2,11.141666666666667,26.25595238095238
39,43,1,1,1,3,3,9,15.30952380952381,27.28095238095238
39,44,1,1,1,3,1,2,13.220238095238095,26.895238095238096
39,45,1,1,1,4,2,4,15.382142857142858,27.410714285714285
39,46,1,1,1,2,2,2,13.228571428571428,27.125
39,47,1,1,1,2,2,1,13.020238095238096,26.89047619047619
39,48,1,1,1,1,2,2,12.016666666666666,26.520238095238096
39,49,1,1,1,2,3,5,14.270238095238096,27.157142857142855
40,0,1,1,1,1,1,5,11.027380952380952,26.13095238095238
40,1,2,2,2,4,2,3,18.152380952380952,27.501190476190477
40,2,1,1,1,1,1,5,11.027380952380952,26.13095238095238
40,3,1,2,1,4,3,1,17.097619047619048,27.41190476190476
40,4,1,1,1,4,2,4,15.382142857142858,27.410714285714285
40,5,1,1,1,1,1,1,11.235714285714286,26.26309523809524
40,6,1,1,1,1,2,2,12.016666666666666,26.520238095238096
40,7,1,1,1,3,1,2,13.220238095238095,26.895238095238096
40,8,1,1,1,1,2,2,12.016666666666666,26.520238095238096
40,9,1,1,1,2,1,6,12.163095238095238,26.84285714285714
40,10,1,1,1,1,2,1,12.10952380952381,26.623809523809523
40,11,1,1,1,2,2,2,13.228571428571428,27.125
40,12,1,2,1,4,3,1,17.097619047619048,27.41190476190476
40,13,1,1,1,2,1,5,12.303571428571429,26.876190476190477
40,14,1,1,1,3,2,10,14.446428571428571,27.239285714285714
40,15,1,1,1,1,1,1,11.235714285714286,26.26309523809524
40,16,1,1,1,4,2,6,15.202380952380953,27.276190476190475
40,17,1,1,1,2,2,4,13.561904761904762,27.139285714285716
40,18,1,1,1,2,3,5,14.270238095238096,27.157142857142855
40,19,1,1,1,2,2,1,13.020238095238096,26.89047619047619
40,20,1,1,1,1,2,1,12.10952380952381,26.623809523809523
40,21,1,1,1,1,1,2,11.141666666666667,26.25595238095238
40,22,1,1,1,1,1,6,11.101190476190476,26.164285714285715
40,23,1,1,1,2,2,4,13.561904761904762,27.139285714285716
40,24,1,2,1,2,2,5,14.353571428571428,27.16547619047619
40,25,1,1,1,4,2,10,15.370238095238095,27.35238095238095
40,26,1,1,1,2,2,10,13.241666666666667,27.126190476190477
40,27,1,1,1,3,3,9,15.30952380952381,27.28095238095238
40,28,1,1,1,4,2,6,15.202380952380953,27.276190476190475
40,29,1,1,1,3,2,3,14.417857142857143,27.216666666666665
40,30,1,1,1,2,2,1,13.020238095238096,26.89047619047619
40,31,1,1,1,4,2,3,15.338095238095239,27.32142857142857
40,32,1,1,1,2,1,6,12.163095238095238,26.84285714285714
40,33,1,1,1,3,2,10,14.446428571428571,27.239285714285714
40,34,1,1,1,2,1,5,12.303571428571429,26.876190476190477
40,35,1,1,1,1,1,6,11.101190476190476,26.164285714285715
40,36,1,1,1,4,2,3,15.338095238095239,27.32142857142857
40,37,1,1,1,3,2,3,14.417857142857143,27.216666666666665
40,38,1,1,1,2,3,5,14.270238095238096,27.157142857142855
40,39,1,1,1,4,2,10,15.370238095238095,27.35238095238095
40,40,1,2,1,2,2,5,14.353571428571428,27.16547619047619
40,41,1,1,1,2,2,10,13.241666666666667,27.126190476190477
40,42,1,1,1,1,1,2,11.141666666666667,26.25595238095238
40,43,1,1,1,3,3,9,15.30952380952381,27.28095238095238
40,44,1,1,1,3,1,2,13.220238095238095,26.895238095238096
40,45,1,1,1,4,2,4,15.382142857142858,27.410714285714285
40,46,1,1,1,2,2,2,13.228571428571428,27.125
40,47,1,1,1,2,2,2,13.228571428571428,27.125
40,48,1,1,1,4,2,6,15.202380952380953,27.276190476190475
40,49,1,1,1,1,1,2,11.141666666666667,26.25595238095238
41,0,1,1,1,1,1,5,11.027380952380952,26.13095238095238
41,1,1,1,1,1,1,5,11.027380952380952,26.13095238095238
41,2,2,2,2,4,2,3,18.152380952380952,27.501190476190477
41,3,1,2,1,4,3,1,17.097619047619048,27.41190476190476
41,4,1,1,1,4,2,4,15.382142857142858,27.410714285714285
41,5,1,1,1,1,1,1,11.235714285714286,26.26309523809524
41,6,1,1,1,1,2,2,12.016666666666666,26.520238095238096
41,7,1,1,1,3,1,2,13.220238095238095,26.895238095238096
41,8,1,1,1,1,2,2,12.016666666666666,26.520238095238096
41,9,1,1,1,2,1,6,12.163095238095238,26.84285714285714
41,10,1,1,1,1,2,1,12.10952380952381,26.623809523809523
41,11,1,1,1,2,2,2,13.228571428571428,27.125
41,12,1,2,1,4,3,1,17.097619047619048,27.41190476190476
41,13,1,1,1,2,1,5,12.303571428571429,26.876190476190477
41,14,1,1,1,3,2,10,14.446428571428571,27.239285714285714
41,15,1,1,1,1,1,1,11.235714285714286,26.26309523809524
41,16,1,1,1,4,2,6,15.202380952380953,27.276190476190475
41,17,1,1,1,2,2,4,13.561904761904762,27.139285714285716
41,18,1,1,1,2,3,5,14.270238095238096,27.157142857142855
41,19,1,1,1,2,2,1,13.020238095238096,26.89047619047619
41,20,1,1,1,1,2,1,12.10952380952381,26.623809523809523
41,21,1,1,1,1,1,2,11.141666666666667,26.25595238095238
41,22,1,1,1,1,1,6,11.101190476190476,26.164285714285715
41,23,1,1,1,2,2,4,13.561904761904762,27.139285714285716
41,24,1,2,1,2,2,5,14.353571428571428,27.16547619047619
41,25,1,1,1,4,2,10,15.370238095238095,27.35238095238095
41,26,1,1,1,2,2,10,13.241666666666667,27.126190476190477
41,27,1,1,1,3,3,9,15.30952380952381,27.28095238095238
41,28,1,1,1,4,2,6,15.202380952380953,27.276190476190475
41,29,1,1,1,3,2,3,14.417857142857143,27.216666666666665
41,30,1,1,1,2,2,1,13.020238095238096,26.89047619047619
41,31,1,1,1,4,2,3,15.338095238095239,27.32142857142857
41,32,1,1,1,2,1,6,12.163095238095238,26.84285714285714
41,33,1,1,1,3,2,10,14.446428571428571,27.239285714285714
41,34,1,1,1,2,1,5,12.303571428571429,26.876190476190477
41,35,1,1,1,1,1,6,11.101190476190476,26.164285714285715
41,36,1,1,1,4,2,3,15.338095238095239,27.32142857142857
41,37,1,1,1,3,2,3,14.417857142857143,27.216666666666665
41,38,1,1,1,2,3,5,14.270238095238096,27.157142857142855
41,39,1,1,1,4,2,10,15.370238095238095,27.35238095238095
41,40,1,2,1,2,2,5,14.353571428571428,27.16547619047619
41,41,1,1,1,2,2,10,13.241666666666667,27.126190476190477
41,42,1,1,1,1,1,2,11.141666666666667,26.25595238095238
41,43,1,1,1,3,3,9,15.30952380952381,27.28095238095238
41,44,1,1,1,3,1,2,13.220238095238095,26.895238095238096
41,45,1,1,1,4,2,4,15.382142857142858,27.410714285714285
41,46,1,1,1,2,2,2,13.228571428571428,27.125
41,47,1,1,1,2,2,2,13.228571428571428,27.125
41,48,1,1,1,4,2,3,15.338095238095239,27.32142857142857
41,49,1,1,1,4,2,6,15.202380952380953,27.276190476190475
42,0,2,2,2,4,2,3,18.152380952380952,27.501190476190477
42,1,1,1,1,1,1,5,11.027380952380952,26.13095238095238
42,2,1,1,1,1,1,5,11.027380952380952,26.13095238095238
42,3,1,2,1,4,3,1,17.097619047619048,27.41190476190476
42,4,1,1,1,4,2,4,15.382142857142858,27.410714285714285
42,5,1,1,1,1,1,1,11.235714285714286,26.26309523809524
42,6,1,1,1,1,2,2,12.016666666666666,26.520238095238096
42,7,1,1,1,3,1,2,13.220238095238095,26.895238095238096
42,8,1,1,1,1,2,2,12.016666666666666,26.520238095238096
42,9,1,1,1,2,1,6,12.163095238095238,26.84285714285714
42,10,1,1,1,1,2,1,12.10952380952381,26.623809523809523
42,11,1,1,1,2,2,2,13.228571428571428,27.125
42,12,1,2,1,4,3,1,17.097619047619048,27.41190476190476
42,13,1,1,1,2,1,5,12.303571428571429,26.876190476190477
42,14,1,1,1,3,2,10,14.446428571428571,27.239285714285714
42,15,1,1,1,1,1,1,11.235714285714286,26.26309523809524
42,16,1,1,1,4,2,6,15.202380952380953,27.276190476190475
42,17,1,1,1,2,2,4,13.561904761904762,27.139285714285716
42,18,1,1,1,2,3,5,14.270238095238096,27.157142857142855
42,19,1,1,1,2,2,1,13.020238095238096,26.89047619047619
42,20,1,1,1,1,2,1,12.10952380952381,26.623809523809523
42,21,1,1,1,1,1,2,11.141666666666667,26.25595238095238
42,22,1,1,1,1,1,6,11.101190476190476,26.164285714285715
42,23,1,1,1,2,2,4,13.561904761904762,27.139285714285716
42,24,1,2,1,2,2,5,14.353571428571428,27.16547619047619
42,25,1,1,1,4,2,10,15.370238095238095,27.35238095238095
42,26,1,1,1,2,2,10,13.241666666666667,27.126190476190477
42,27,1,1,1,3,3,9,15.30952380952381,27.28095238095238
42,28,1,1,1,4,2,6,15.202380952380953,27.276190476190475
42,29,1,1,1,3,2,3,14.417857142857143,27.216666666666665
42,30,1,1,1,2,2,1,13.020238095238096,26.89047619047619
42,31,1,1,1,4,2,3,15.338095238095239,27.32142857142857
42,32,1,1,1,2,1,6,12.163095238095238,26.84285714285714
42,33,1,1,1,3,2,10,14.446428571428571,27.239285714285714
42,34,1,1,1,2,1,5,12.303571428571429,26.876190476190477
42,35,1,1,1,1,1,6,11.101190476190476,26.164285714285715
42,36,1,1,1,4,2,3,15.338095238095239,27.32142857142857
42,37,1,1,1,3,2,3,14.417857142857143,27.216666666666665
42,38,1,1,1,2,3,5,14.270238095238096,27.157142857142855
42,39,1,1,1,4,2,10,15.370238095238095,27.35238095238095
42,40,1,2,1,2,2,5,14.353571428571428,27.16547619047619
42,41,1,1,1,2,2,10,13.241666666666667,27.126190476190477
42,42,1,1,1,1,1,2,11.141666666666667,26.25595238095238
42,43,1,1,1,3,3,9,15.30952380952381,27.28095238095238
42,44,1,1,1,3,1,2,13.220238095238095,26.895238095238096
42,45,1,1,1,4,2,4,15.382142857142858,27.410714285714285
42,46,1,1,1,2,2,2,13.228571428571428,27.125
42,47,1,1,1,2,2,1,13.020238095238096,26.89047619047619
42,48,1,1,1,1,2,1,12.10952380952381,26.623809523809523
42,49,1,1,1,1,2,2,12.016666666666666,26.520238095238096
43,0,2,2,2,4,2,3,18.152380952380952,27.501190476190477
43,1,2,2,2,4,2,3,18.152380952380952,27.501190476190477
43,2,1,1,1,1,1,5,11.027380952380952,26.13095238095238
43,3,1,1,1,1,1,5,11.027380952380952,26.13095238095238
43,4,1,1,1,3,2,4,14.260714285714286,27.25952380952381
43,5,1,2,1,4,3,1,17.097619047619048,27.41190476190476
43,6,1,1,1,4,2,4,15.382142857142858,27.410714285714285
43,7,1,1,1,1,1,1,11.235714285714286,26.26309523809524
43,8,1,1,1,1,2,2,12.016666666666666,26.520238095238096
43,9,1,1,1,3,1,2,13.220238095238095,26.895238095238096
43,10,1,1,1,1,2,2,12.016666666666666,26.520238095238096
43,11,1,1,1,2,1,6,12.163095238095238,26.84285714285714
43,12,1,1,1,1,2,1,12.10952380952381,26.623809523809523
43,13,1,1,1,2,2,2,13.228571428571428,27.125
43,14,1,2,1,4,3,1,17.097619047619048,27.41190476190476
43,15,1,1,1,4,2,6,15.202380952380953,27.276190476190475
43,16,1,1,1,2,2,4,13.561904761904762,27.139285714285716
43,17,1,1,1,2,1,5,12.303571428571429,26.876190476190477
43,18,1,1,1,1,1,1,11.235714285714286,26.26309523809524
43,19,1,1,1,2,2,4,13.561904761904762,27.139285714285716
43,20,1,1,1,2,2,1,13.020238095238096,26.89047619047619
43,21,1,1,1,1,2,1,12.10952380952381,26.623809523809523
43,22,1,1,1,1,1,2,11.141666666666667,26.25595238095238
43,23,1,1,1,1,1,6,11.101190476190476,26.164285714285715
43,24,1,1,1,4,2,10,15.370238095238095,27.35238095238095
43,25,1,1,1,2,2,10,13.241666666666667,27.126190476190477
43,26,1,1,1,3,3,9,15.30952380952381,27.28095238095238
43,27,1,1,1,2,2,1,13.020238095238096,26.89047619047619
43,28,1,1,1,4,2,3,15.338095238095239,27.32142857142857
43,29,1,1,1,2,1,6,12.163095238095238,26.84285714285714
43,30,1,1,1,2,1,5,12.303571428571429,26.876190476190477
43,31,1,1,1,1,1,6,11.101190476190476,26.164285714285715
43,32,1,1,1,4,2,6,15.202380952380953,27.276190476190475
43,33,1,1,1,4,2,3,15.338095238095239,27.32142857142857
43,34,1,1,1,4,2,10,15.370238095238095,27.35238095238095
43,35,1,1,1,2,2,10,13.241666666666667,27.126190476190477
43,36,1,1,1,1,1,2,11.141666666666667,26.25595238095238
43,37,1,1,1,3,3,9,15.30952380952381,27.28095238095238
43,38,1,1,1,3,1,2,13.220238095238095,26.895238095238096
43,39,1,1,1,4,2,4,15.382142857142858,27.410714285714285
43,40,1,1,1,2,2,2,13.228571428571428,27.125
43,41,1,1,1,4,2,6,15.202380952380953,27.276190476190475
43,42,1,1,1,1,1,5,11.027380952380952,26.13095238095238
43,43,1,2,1,4,3,1,17.097619047619048,27.41190476190476
43,44,1,1,1,4,2,4,15.382142857142858,27.410714285714285
43,45,1,1,1,1,1,1,11.235714285714286,26.26309523809524
43,46,1,1,1,2,2,2,13.228571428571428,27.125
43,47,1,1,1,1,1,2,11.141666666666667,26.25595238095238
43,48,1,1,1,4,2,6,15.202380952380953,27.276190476190475
43,49,1,1,1,1,1,1,11.235714285714286,26.26309523809524
44,0,2,2,2,4,2,3,18.152380952380952,27.501190476190477
44,1,2,2,2,4,2,3,18.152380952380952,27.501190476190477
44,2,1,1,1,1,1,5,11.027380952380952,26.13095238095238
44,3,1,1,1,1,1,5,11.027380952380952,26.13095238095238
44,4,1,2,1,4,3,1,17.097619047619048,27.41190476190476
44,5,1,1,1,4,2,4,15.382142857142858,27.410714285714285
44,6,1,1,1,3,2,4,14.260714285714286,27.25952380952381
44,7,1,1,1,1,1,1,11.235714285714286,26.26309523809524
44,8,1,1,1,1,2,2,12.016666666666666,26.520238095238096
44,9,1,1,1,3,1,2,13.220238095238095,26.895238095238096
44,10,1,1,1,1,2,2,12.016666666666666,26.520238095238096
44,11,1,1,1,2,1,6,12.163095238095238,26.84285714285714
44,12,1,1,1,1,2,1,12.10952380952381,26.623809523809523
44,13,1,1,1,2,2,2,13.228571428571428,27.125
44,14,1,2,1,4,3,1,17.097619047619048,27.41190476190476
44,15,1,1,1,4,2,6,15.202380952380953,27.276190476190475
44,16,1,1,1,2,2,4,13.561904761904762,27.139285714285716
44,17,1,1,1,2,1,5,12.303571428571429,26.876190476190477
44,18,1,1,1,1,1,1,11.235714285714286,26.26309523809524
44,19,1,1,1,3,2,4,14.260714285714286,27.25952380952381
44,20,1,1,1,2,2,4,13.561904761904762,27.139285714285716
44,21,1,1,1,2,2,1,13.020238095238096,26.89047619047619
44,22,1,1,1,1,2,1,12.10952380952381,26.623809523809523
44,23,1,1,1,1,1,2,11.141666666666667,26.25595238095238
44,24,1,1,1,1,1,6,11.101190476190476,26.164285714285715
44,25,1,1,1,4,2,10,15.370238095238095,27.35238095238095
44,26,1,1,1,2,2,10,13.241666666666667,27.126190476190477
44,27,1,1,1,3,3,9,15.30952380952381,27.28095238095238
44,28,1,1,1,2,2,1,13.020238095238096,26.89047619047619
44,29,1,1,1,4,2,3,15.338095238095239,27.32142857142857
44,30,1,1,1,2,1,6,12.163095238095238,26.84285714285714
44,31,1,1,1,2,1,5,12.303571428571429,26.876190476190477
44,32,1,1,1,1,1,6,11.101190476190476,26.164285714285715
44,33,1,1,1,4,2,6,15.202380952380953,27.276190476190475
44,34,1,1,1,4,2,3,15.338095238095239,27.32142857142857
44,35,1,1,1,4,2,10,15.370238095238095,27.35238095238095
44,36,1,1,1,2,2,10,13.241666666666667,27.126190476190477
44,37,1,1,1,1,1,2,11.141666666666667,26.25595238095238
44,38,1,1,1,3,3,9,15.30952380952381,27.28095238095238
44,39,1,1,1,3,1,2,13.220238095238095,26.895238095238096
44,40,1,1,1,4,2,4,15.382142857142858,27.410714285714285
44,41,1,1,1,2,2,2,13.228571428571428,27.125
44,42,1,1,1,1,1,5,11.027380952380952,26.13095238095238
44,43,1,1,1,1,1,1,11.235714285714286,26.26309523809524
44,44,1,1,1,2,2,4,13.561904761904762,27.139285714285716
44,45,1,1,1,1,2,1,12.10952380952381,26.623809523809523
44,46,1,1,1,1,1,5,11.027380952380952,26.13095238095238
44,47,1,1,1,4,2,4,15.382142857142858,27.410714285714285
44,48,1,1,1,4,2,6,15.202380952380953,27.276190476190475
44,49,1,1,1,2,1,6,12.163095238095238,26.84285714285714
45,0,1,1,1,1,1,5,11.027380952380952,26.13095238095238
45,1,2,2,2,4,2,3,18.152380952380952,27.501190476190477
45,2,1,1,1,1,1,5,11.027380952380952,26.13095238095238
45,3,2,2,2,4,2,3,18.152380952380952,27.501190476190477
45,4,1,2,1,4,3,1,17.097619047619048,27.41190476190476
45,5,1,1,1,4,2,4,15.382142857142858,27.410714285714285
45,6,1,1,1,3,2,4,14.260714285714286,27.25952380952381
45,7,1,1,1,1,1,1,11.235714285714286,26.26309523809524
45,8,1,1,1,1,2,2,12.016666666666666,26.520238095238096
45,9,1,1,1,3,1,2,13.220238095238095,26.895238095238096
45,10,1,1,2,2,2,9,14.061904761904762,27.164285714285715
45,11,1,1,1,1,2,2,12.016666666666666,26.520238095238096
45,12,1,1,1,2,1,6,12.163095238095238,26.84285714285714
45,13,1,1,1,1,2,1,12.10952380952381,26.623809523809523
45,14,1,1,1,2,2,2,13.228571428571428,27.125
45,15,1,2,1,4,3,1,17.097619047619048,27.41190476190476
45,16,1,1,1,4,2,6,15.202380952380953,27.276190476190475
45,17,1,1,1,2,1,5,12.303571428571429,26.876190476190477
45,18,1,1,1,1,1,1,11.235714285714286,26.26309523809524
45,19,1,1,1,2,2,1,13.020238095238096,26.89047619047619
45,20,1,1,1,1,2,1,12.10952380952381,26.623809523809523
45,21,1,1,1,1,1,2,11.141666666666667,26.25595238095238
45,22,1,1,1,2,2,4,13.561904761904762,27.139285714285716
45,23,1,1,1,1,1,6,11.101190476190476,26.164285714285715
45,24,1,1,1,2,2,4,13.561904761904762,27.139285714285716
45,25,1,1,1,4,2,10,15.370238095238095,27.35238095238095
45,26,1,1,1,2,2,10,13.241666666666667,27.126190476190477
45,27,1,1,1,3,3,9,15.30952380952381,27.28095238095238
45,28,1,1,1,3,2,4,14.260714285714286,27.25952380952381
45,29,1,1,1,2,2,1,13.020238095238096,26.89047619047619
45,30,1,1,1,4,2,3,15.338095238095239,27.32142857142857
45,31,1,1,1,2,1,6,12.163095238095238,26.84285714285714
45,32,1,1,1,2,1,5,12.303571428571429,26.876190476190477
45,33,1,1,1,1,1,6,11.101190476190476,26.164285714285715
45,34,1,1,1,4,2,6,15.202380952380953,27.276190476190475
45,35,1,1,1,4,2,3,15.338095238095239,27.32142857142857
45,36,1,1,1,4,2,10,15.370238095238095,27.35238095238095
45,37,1,1,1,2,2,10,13.241666666666667,27.126190476190477
45,38,1,1,1,1,1,2,11.141666666666667,26.25595238095238
45,39,1,1,1,3,3,9,15.30952380952381,27.28095238095238
45,40,1,1,1,3,1,2,13.220238095238095,26.895238095238096
45,41,1,1,1,4,2,4,15.382142857142858,27.410714285714285
45,42,1,1,1,2,2,2,13.228571428571428,27.125
45,43,1,1,1,2,2,4,13.561904761904762,27.139285714285716
45,44,1,1,1,1,2,1,12.10952380952381,26.623809523809523
45,45,1,1,1,4,2,4,15.382142857142858,27.410714285714285
45,46,1,1,1,1,1,5,11.027380952380952,26.13095238095238
45,47,1,1,1,4,2,6,15.202380952380953,27.276190476190475
45,48,1,1,1,2,2,2,13.228571428571428,27.125
45,49,1,1,1,2,1,5,12.303571428571429,26.876190476190477
46,0,2,2,2,4,2,3,18.152380952380952,27.501190476190477
46,1,1,1,1,1,1,5,11.027380952380952,26.13095238095238
46,2,1,1,1,1,1,5,11.027380952380952,26.13095238095238
46,3,2,2,2,4,2,3,18.152380952380952,27.501190476190477
46,4,1,2,1,4,3,1,17.097619047619048,27.41190476190476
46,5,1,1,1,4,2,4,15.382142857142858,27.410714285714285
46,6,1,1,1,3,2,4,14.260714285714286,27.25952380952381
46,7,1,1,1,1,1,1,11.235714285714286,26.26309523809524
46,8,1,1,1,1,2,2,12.016666666666666,26.520238095238096
46,9,1,1,1,3,1,2,13.220238095238095,26.895238095238096
46,10,1,1,1,1,2,2,12.016666666666666,26.520238095238096
46,11,1,1,1,2,1,6,12.163095238095238,26.84285714285714
46,12,1,1,1,1,2,1,12.10952380952381,26.623809523809523
46,13,1,1,1,2,2,2,13.228571428571428,27.125
46,14,1,2,1,4,3,1,17.097619047619048,27.41190476190476
46,15,1,1,2,2,2,9,14.061904761904762,27.164285714285715
46,16,1,1,1,4,2,6,15.202380952380953,27.276190476190475
46,17,1,1,1,2,1,5,12.303571428571429,26.876190476190477
46,18,1,1,1,1,1,1,11.235714285714286,26.26309523809524
46,19,1,1,1,2,2,1,13.020238095238096,26.89047619047619
46,20,1,1,1,1,2,1,12.10952380952381,26.623809523809523
46,21,1,1,1,1,1,2,11.141666666666667,26.25595238095238
46,22,1,1,1,2,2,4,13.561904761904762,27.139285714285716
46,23,1,1,1,1,1,6,11.101190476190476,26.164285714285715
46,24,1,1,1,2,2,4,13.561904761904762,27.139285714285716
46,25,1,1,1,4,2,10,15.370238095238095,27.35238095238095
46,26,1,1,2,2,2,9,14.061904761904762,27.164285714285715
46,27,1,1,1,2,2,10,13.241666666666667,27.126190476190477
46,28,1,1,1,3,3,9,15.30952380952381,27.28095238095238
46,29,1,1,1,3,2,4,14.260714285714286,27.25952380952381
46,30,1,1,1,2,2,1,13.020238095238096,26.89047619047619
46,31,1,1,1,4,2,3,15.338095238095239,27.32142857142857
46,32,1,1,1,2,1,6,12.163095238095238,26.84285714285714
46,33,1,1,1,2,1,5,12.303571428571429,26.876190476190477
46,34,1,1,1,1,1,6,11.101190476190476,26.164285714285715
46,35,1,1,1,4,2,6,15.202380952380953,27.276190476190475
46,36,1,1,1,4,2,3,15.338095238095239,27.32142857142857
46,37,1,1,1,4,2,10,15.370238095238095,27.35238095238095
46,38,1,1,1,2,2,10,13.241666666666667,27.126190476190477
46,39,1,1,1,1,1,2,11.141666666666667,26.25595238095238
46,40,1,1,1,3,3,9,15.30952380952381,27.28095238095238
46,41,1,1,1,3,1,2,13.220238095238095,26.895238095238096
46,42,1,1,1,4,2,4,15.382142857142858,27.410714285714285
46,43,1,1,1,2,2,2,13.228571428571428,27.125
46,44,2,2,2,4,2,3,18.152380952380952,27.501190476190477
46,45,1,1,1,4,2,4,15.382142857142858,27.410714285714285
46,46,1,2,1,4,3,1,17.097619047619048,27.41190476190476
46,47,1,1,1,1,1,5,11.027380952380952,26.13095238095238
46,48,1,1,1,1,1,5,11.027380952380952,26.13095238095238
46,49,1,1,1,1,2,1,12.10952380952381,26.623809523809523
47,0,1,1,1,1,1,5,11.027380952380952,26.13095238095238
47,1,2,2,2,4,2,3,18.152380952380952,27.501190476190477
47,2,1,1,1,1,1,5,11.027380952380952,26.13095238095238
47,3,2,2,2,4,2,3,18.152380952380952,27.501190476190477
47,4,1,2,1,4,3,1,17.097619047619048,27.41190476190476
47,5,1,1,1,4,2,4,15.382142857142858,27.410714285714285
47,6,1,1,1,3,2,4,14.260714285714286,27.25952380952381
47,7,1,1,1,1,1,1,11.235714285714286,26.26309523809524
47,8,1,1,1,1,2,2,12.016666666666666,26.520238095238096
47,9,1,1,1,3,1,2,13.220238095238095,26.895238095238096
47,10,1,1,1,1,2,2,12.016666666666666,26.520238095238096
47,11,1,1,1,2,1,6,12.163095238095238,26.84285714285714
47,12,1,1,1,1,2,1,12.10952380952381,26.623809523809523
47,13,1,1,1,2,2,2,13.228571428571428,27.125
47,14,1,2,1,4,3,1,17.097619047619048,27.41190476190476
47,15,1,1,2,2,2,9,14.061904761904762,27.164285714285715
47,16,1,1,1,4,2,6,15.202380952380953,27.276190476190475
47,17,1,1,1,2,1,5,12.303571428571429,26.876190476190477
47,18,1,1,1,1,1,1,11.235714285714286,26.26309523809524
47,19,1,1,1,2,2,1,13.020238095238096,26.89047619047619
47,20,1,1,1,1,2,1,12.10952380952381,26.623809523809523
47,21,1,1,1,1,1,2,11.141666666666667,26.25595238095238
47,22,1,1,1,2,2,4,13.561904761904762,27.139285714285716
47,23,1,1,1,1,1,6,11.101190476190476,26.164285714285715
47,24,1,1,1,2,2,4,13.561904761904762,27.139285714285716
47,25,1,1,1,4,2,10,15.370238095238095,27.35238095238095
47,26,1,1,2,2,2,9,14.061904761904762,27.164285714285715
47,27,1,1,1,2,2,10,13.241666666666667,27.126190476190477
47,28,1,1,1,3,3,9,15.30952380952381,27.28095238095238
47,29,1,1,1,3,2,4,14.260714285714286,27.25952380952381
47,30,1,1,1,2,2,1,13.020238095238096,26.89047619047619
47,31,1,1,1,4,2,3,15.338095238095239,27.32142857142857
47,32,1,1,1,2,1,6,12.163095238095238,26.84285714285714
47,33,1,1,1,2,1,5,12.303571428571429,26.876190476190477
47,34,1,1,1,1,1,6,11.101190476190476,26.164285714285715
47,35,1,1,1,4,2,6,15.202380952380953,27.276190476190475
47,36,1,1,1,4,2,3,15.338095238095239,27.32142857142857
47,37,1,1,1,4,2,10,15.370238095238095,27.35238095238095
47,38,1,1,1,2,2,10,13.241666666666667,27.126190476190477
47,39,1,1,1,1,1,2,11.141666666666667,26.25595238095238
47,40,1,1,1,3,3,9,15.30952380952381,27.28095238095238
47,41,1,1,1,3,1,2,13.220238095238095,26.895238095238096
47,42,1,1,1,4,2,4,15.382142857142858,27.410714285714285
47,43,1,1,1,2,2,2,13.228571428571428,27.125
47,44,1,1,1,4,2,10,15.370238095238095,27.35238095238095
47,45,1,1,1,1,1,5,11.027380952380952,26.13095238095238
47,46,1,1,1,1,1,5,11.027380952380952,26.13095238095238
47,47,1,1,1,2,2,2,13.228571428571428,27.125
47,48,2,2,2,4,2,3,18.152380952380952,27.501190476190477
47,49,1,1,1,2,2,4,13.561904761904762,27.139285714285716
48,0,1,1,1,1,1,5,11.027380952380952,26.13095238095238
48,1,1,1,1,1,1,5,11.027380952380952,26.13095238095238
48,2,2,2,2,4,2,3,18.152380952380952,27.501190476190477
48,3,2,2,2,4,2,3,18.152380952380952,27.501190476190477
48,4,1,2,1,4,3,1,17.097619047619048,27.41190476190476
48,5,1,1,1,4,2,4,15.382142857142858,27.410714285714285
48,6,1,1,1,1,1,1,11.235714285714286,26.26309523809524
48,7,1,1,1,1,2,2,12.016666666666666,26.520238095238096
48,8,1,1,1,3,2,5,14.413095238095238,27.288095238095238
48,9,1,1,1,3,1,2,13.220238095238095,26.895238095238096
48,10,1,1,1,1,2,2,12.016666666666666,26.520238095238096
48,11,1,1,1,2,1,6,12.163095238095238,26.84285714285714
48,12,1,1,1,1,2,1,12.10952380952381,26.623809523809523
48,13,1,1,1,2,2,2,13.228571428571428,27.125
48,14,1,1,1,4,2,3,15.338095238095239,27.32142857142857
48,15,1,2,1,4,3,1,17.097619047619048,27.41190476190476
48,16,1,1,2,2,2,9,14.061904761904762,27.164285714285715
48,17,1,1,1,2,1,5,12.303571428571429,26.876190476190477
48,18,1,1,1,1,1,1,11.235714285714286,26.26309523809524
48,19,1,1,1,2,2,1,13.020238095238096,26.89047619047619
48,20,1,1,1,3,2,4,14.260714285714286,27.25952380952381
48,21,1,1,1,1,2,1,12.10952380952381,26.623809523809523
48,22,1,1,1,1,1,2,11.141666666666667,26.25595238095238
48,23,1,1,1,2,2,4,13.561904761904762,27.139285714285716
48,24,1,1,1,1,1,6,11.101190476190476,26.164285714285715
48,25,1,1,1,2,2,4,13.561904761904762,27.139285714285716
48,26,1,1,1,3,2,4,14.260714285714286,27.25952380952381
48,27,1,1,1,4,2,10,15.370238095238095,27.35238095238095
48,28,1,1,2,2,2,9,14.061904761904762,27.164285714285715
48,29,1,1,1,2,2,10,13.241666666666667,27.126190476190477
48,30,1,1,1,2,2,1,13.020238095238096,26.89047619047619
48,31,1,1,1,2,1,6,12.163095238095238,26.84285714285714
48,32,1,1,1,2,1,5,12.303571428571429,26.876190476190477
48,33,1,1,1,1,1,6,11.101190476190476,26.164285714285715
48,34,1,1,1,4,2,3,15.338095238095239,27.32142857142857
48,35,1,1,1,4,2,10,15.370238095238095,27.35238095238095
48,36,1,1,1,2,2,10,13.241666666666667,27.126190476190477
48,37,1,1,1,1,1,2,11.141666666666667,26.25595238095238
48,38,1,1,1,3,1,2,13.220238095238095,26.895238095238096
48,39,1,1,1,4,2,4,15.382142857142858,27.410714285714285
48,40,1,1,1,2,2,2,13.228571428571428,27.125
48,41,1,1,1,4,2,3,15.338095238095239,27.32142857142857
48,42,1,1,1,2,2,2,13.228571428571428,27.125
48,43,1,1,1,3,1,2,13.220238095238095,26.895238095238096
48,44,2,2,2,4,2,3,18.152380952380952,27.501190476190477
48,45,1,1,1,2,2,2,13.228571428571428,27.125
48,46,1,1,1,2,2,4,13.561904761904762,27.139285714285716
48,47,1,1,1,1,1,5,11.027380952380952,26.13095238095238
48,48,1,1,1,4,2,10,15.370238095238095,27.35238095238095
48,49,1,1,1,1,2,2,12.016666666666666,26.520238095238096
49,0,1,1,1,1,1,5,11.027380952380952,26.13095238095238
49,1,1,1,1,1,1,5,11.027380952380952,26.13095238095238
49,2,1,2,2,4,2,4,17.22142857142857,27.502380952380953
49,3,1,1,2,4,2,9,16.364285714285714,27.43452380952381
49,4,1,1,1,3,2,5,14.413095238095238,27.288095238095238
49,5,1,1,1,1,1,1,11.235714285714286,26.26309523809524
49,6,1,1,1,1,2,2,12.016666666666666,26.520238095238096
49,7,1,1,1,1,2,2,12.016666666666666,26.520238095238096
49,8,1,1,1,4,2,4,15.382142857142858,27.410714285714285
49,9,1,1,1,3,1,2,13.220238095238095,26.895238095238096
49,10,1,1,1,2,1,6,12.163095238095238,26.84285714285714
49,11,1,1,1,1,2,1,12.10952380952381,26.623809523809523
49,12,1,1,1,4,2,3,15.338095238095239,27.32142857142857
49,13,1,1,1,2,2,2,13.228571428571428,27.125
49,14,1,1,2,2,2,9,14.061904761904762,27.164285714285715
49,15,1,1,1,2,1,5,12.303571428571429,26.876190476190477
49,16,1,1,1,1,1,1,11.235714285714286,26.26309523809524
49,17,1,1,1,2,2,1,13.020238095238096,26.89047619047619
49,18,1,1,1,3,2,4,14.260714285714286,27.25952380952381
49,19,1,1,1,2,2,4,13.561904761904762,27.139285714285716
49,20,1,1,1,1,2,1,12.10952380952381,26.623809523809523
49,21,1,1,1,1,1,2,11.141666666666667,26.25595238095238
49,22,1,1,1,1,1,6,11.101190476190476,26.164285714285715
49,23,1,1,1,2,2,4,13.561904761904762,27.139285714285716
49,24,1,1,1,3,2,4,14.260714285714286,27.25952380952381
49,25,1,1,1,2,2,10,13.241666666666667,27.126190476190477
49,26,1,1,2,2,2,9,14.061904761904762,27.164285714285715
49,27,1,1,1,4,2,10,15.370238095238095,27.35238095238095
49,28,1,1,1,2,2,1,13.020238095238096,26.89047619047619
49,29,1,1,1,2,1,5,12.303571428571429,26.876190476190477
49,30,1,1,1,2,1,6,12.163095238095238,26.84285714285714
49,31,1,1,1,1,1,6,11.101190476190476,26.164285714285715
49,32,1,1,1,4,2,3,15.338095238095239,27.32142857142857
49,33,1,1,1,4,2,10,15.370238095238095,27.35238095238095
49,34,1,1,1,4,2,4,15.382142857142858,27.410714285714285
49,35,1,1,1,1,1,2,11.141666666666667,26.25595238095238
49,36,1,1,1,2,2,10,13.241666666666667,27.126190476190477
49,37,1,1,1,3,1,2,13.220238095238095,26.895238095238096
49,38,1,1,1,2,2,2,13.228571428571428,27.125
49,39,1,1,1,1,2,1,12.10952380952381,26.623809523809523
49,40,1,1,1,1,2,2,12.016666666666666,26.520238095238096
49,41,1,1,1,2,2,2,13.228571428571428,27.125
49,42,1,1,1,1,1,6,11.101190476190476,26.164285714285715
49,43,1,1,1,2,2,4,13.561904761904762,27.139285714285716
49,44,1,1,1,4,2,3,15.338095238095239,27.32142857142857
49,45,1,1,1,1,1,2,11.141666666666667,26.25595238095238
49,46,1,1,1,2,2,1,13.020238095238096,26.89047619047619
49,47,1,1,1,2,2,2,13.228571428571428,27.125
49,48,1,1,1,2,2,4,13.561904761904762,27.139285714285716
49,49,1,1,1,2,1,5,12.303571428571429,26.876190476190477
