generation_index,individual_index,post_loading_buffer_capacity,post_conveyor_buffer_capacity,post_washing_buffer_capacity,pre_press1_buffer_capacity,pre_press2_buffer_capacity,post_press12_buffer_capacity,wip,throughput
0,0,6,3,2,2,1,3,20.196924603174605,26.90059523809524
0,1,2,1,9,4,7,4,28.939880952380953,27.44345238095238
0,2,2,2,8,5,3,5,26.06736111111111,27.395238095238096
0,3,1,2,9,1,1,7,20.047222222222224,26.55297619047619
0,4,1,7,5,1,4,6,23.953869047619047,26.93392857142857
0,5,3,3,5,7,8,10,32.04206349206349,27.439285714285713
0,6,7,3,6,3,2,2,26.959027777777777,27.238690476190477
0,7,2,9,6,5,4,6,31.975992063492065,27.432142857142857
0,8,6,1,7,2,8,4,30.07311507936508,27.34940476190476
0,9,2,1,5,5,9,2,28.019345238095237,27.326190476190476
0,10,5,5,3,7,2,4,28.064880952380953,27.271428571428572
0,11,3,3,5,7,6,9,30.12450396825397,27.32202380952381
0,12,6,6,9,3,4,10,33.92301587301587,27.367261904761904
0,13,1,8,5,10,7,1,36.81805555555555,27.42857142857143
0,14,1,4,6,10,7,1,33.949801587301586,27.409523809523808
0,15,9,3,3,4,3,3,28.112202380952382,27.304761904761904
0,16,7,6,8,8,4,3,38.97430555555555,27.439285714285713
0,17,3,1,6,8,7,1,30.961607142857144,27.332142857142856
0,18,4,2,10,3,9,5,33.93363095238095,27.32559523809524
0,19,3,3,5,2,9,6,28.15357142857143,27.29345238095238
0,20,6,3,8,7,2,3,31.8531746031746,27.323809523809523
0,21,6,10,7,6,5,3,39.968849206349205,27.386309523809523
0,22,8,6,7,4,4,9,34.953968253968256,27.38452380952381
0,23,2,5,3,8,7,6,31.102876984126986,27.305357142857144
0,24,3,5,8,7,6,9,34.87480158730159,27.370238095238093
0,25,6,2,8,3,7,4,31.964980158730157,27.317261904761907
0,26,3,5,8,7,3,4,31.930753968253967,27.2875
0,27,4,3,8,3,5,1,28.851785714285715,27.277380952380952
0,28,1,6,8,7,2,10,30.048412698412697,27.285119047619048
0,29,8,7,5,7,10,9,42.99107142857143,27.385714285714286
0,30,5,7,2,6,9,8,35.09513888888889,27.358333333333334
0,31,9,5,6,4,2,3,31.9905753968254,27.292261904761904
0,32,6,9,2,5,2,6,30.07142857142857,27.238095238095237
0,33,4,9,5,5,2,4,30.985912698412697,27.268452380952382
0,34,10,7,1,2,9,3,35.26934523809524,27.340476190476192
0,35,5,6,7,9,7,7,39.94444444444444,27.34642857142857
0,36,3,8,8,4,6,5,35.021031746031746,27.27559523809524
0,37,6,8,6,6,9,6,40.96547619047619,27.34642857142857
0,38,9,3,10,3,5,5,35.99920634920635,27.329166666666666
0,39,10,1,1,4,10,5,32.22609126984127,27.274404761904762
0,40,10,7,1,7,4,5,35.3046626984127,27.267857142857142
0,41,8,9,2,3,8,9,36.20426587301587,27.297619047619047
0,42,9,7,5,7,5,9,39.09275793650794,27.30595238095238
0,43,9,8,4,9,5,5,41.15565476190476,27.32857142857143
0,44,10,8,1,10,8,4,43.25376984126984,27.34642857142857
0,45,10,3,8,1,10,1,37.764781746031744,26.973214285714285
0,46,5,10,10,7,9,1,46.88462301587302,27.31547619047619
0,47,7,5,10,2,10,9,39.9264880952381,27.261904761904763
0,48,9,7,8,1,8,1,38.73968253968254,26.910119047619048
0,49,4,8,10,9,4,7,41.05565476190476,27.248809523809523
1,0,6,3,2,2,1,3,20.196924603174605,26.90059523809524
1,1,2,2,8,5,3,5,26.06736111111111,27.395238095238096
1,2,3,1,1,2,9,6,22.288789682539683,27.274404761904762
1,3,6,1,2,5,6,5,26.23263888888889,27.44702380952381
1,4,1,1,5,5,7,4,25.05823412698413,27.28095238095238
1,5,4,3,2,1,2,2,18.12708333333333,26.805357142857144
1,6,2,1,9,4,7,4,28.939880952380953,27.44345238095238
1,7,1,2,9,1,1,7,20.047222222222224,26.55297619047619
1,8,1,7,5,1,4,6,23.953869047619047,26.93392857142857
1,9,2,1,5,5,9,2,28.019345238095237,27.326190476190476
1,10,3,3,4,2,9,2,27.0109126984127,27.268452380952382
1,11,10,1,1,4,6,5,28.315376984126985,27.363690476190477
1,12,2,1,5,5,9,1,27.897718253968254,27.28095238095238
1,13,1,2,7,9,3,4,27.916369047619046,27.305357142857144
1,14,6,2,2,2,6,3,24.294444444444444,27.26845238095238
1,15,3,3,5,7,8,10,32.04206349206349,27.439285714285713
1,16,2,9,6,5,4,6,31.975992063492065,27.432142857142857
1,17,5,5,3,7,2,4,28.064880952380953,27.271428571428572
1,18,9,3,3,4,3,3,28.112202380952382,27.304761904761904
1,19,2,4,3,7,7,6,29.155059523809523,27.4125
1,20,1,6,7,3,2,2,24.845734126984127,27.251190476190477
1,21,7,3,6,3,2,2,26.959027777777777,27.238690476190477
1,22,6,1,7,2,8,4,30.07311507936508,27.34940476190476
1,23,1,4,6,10,7,1,33.949801587301586,27.409523809523808
1,24,7,6,8,8,4,3,38.97430555555555,27.439285714285713
1,25,3,3,5,2,9,6,28.15357142857143,27.29345238095238
1,26,6,2,8,2,1,4,25.074603174603176,26.94345238095238
1,27,8,6,7,4,4,8,34.9514880952381,27.433333333333334
1,28,7,3,6,6,2,9,29.87311507936508,27.307738095238093
1,29,7,3,6,2,1,5,25.02688492063492,26.842261904761905
1,30,2,1,8,4,9,4,30.103869047619046,27.396428571428572
1,31,1,6,5,1,7,6,25.996726190476192,26.99107142857143
1,32,3,3,5,7,6,9,30.12450396825397,27.32202380952381
1,33,1,8,5,10,7,1,36.81805555555555,27.42857142857143
1,34,4,3,8,3,5,1,28.851785714285715,27.277380952380952
1,35,1,6,8,7,2,10,30.048412698412697,27.285119047619048
1,36,6,1,5,1,8,4,27.024007936507935,26.948214285714286
1,37,5,5,2,7,1,4,26.264285714285712,26.909523809523808
1,38,5,5,9,7,2,4,33.89107142857143,27.390476190476193
1,39,3,3,6,7,8,10,32.997817460317464,27.385119047619046
1,40,5,10,7,6,5,3,38.98571428571429,27.439285714285713
1,41,2,8,5,4,6,1,30.87549603174603,27.376785714285713
1,42,3,1,6,8,7,1,30.961607142857144,27.332142857142856
1,43,6,10,7,6,5,3,39.968849206349205,27.386309523809523
1,44,8,6,7,4,4,9,34.953968253968256,27.38452380952381
1,45,6,9,2,5,2,6,30.07142857142857,27.238095238095237
1,46,4,3,8,1,5,1,26.768948412698414,26.907738095238095
1,47,5,6,6,3,7,6,33.11378968253968,27.375595238095237
1,48,2,9,6,5,4,4,31.99265873015873,27.37142857142857
1,49,4,9,5,5,2,4,30.985912698412697,27.268452380952382
2,0,2,2,8,5,3,5,26.06736111111111,27.395238095238096
2,1,6,1,2,5,6,5,26.23263888888889,27.44702380952381
2,2,2,1,1,1,4,6,15.24920634920635,26.830952380952382
2,3,3,2,5,3,7,10,25.8719246031746,27.35
2,4,1,3,3,3,2,2,18.10248015873016,27.295238095238094
2,5,1,2,6,5,4,6,24.017757936507937,27.32857142857143
2,6,3,1,1,2,9,6,22.288789682539683,27.274404761904762
2,7,1,1,5,5,7,4,25.05823412698413,27.28095238095238
2,8,4,3,2,1,2,2,18.12708333333333,26.805357142857144
2,9,4,3,2,1,2,3,18.13531746031746,26.855357142857144
2,10,1,1,5,5,1,3,18.90218253968254,27.039285714285715
2,11,2,1,9,4,6,5,27.94097222222222,27.44345238095238
2,12,3,3,6,3,5,1,25.75059523809524,27.30654761904762
2,13,6,3,2,2,1,3,20.196924603174605,26.90059523809524
2,14,2,1,9,4,7,4,28.939880952380953,27.44345238095238
2,15,1,2,9,1,1,7,20.047222222222224,26.55297619047619
2,16,2,1,5,5,9,2,28.019345238095237,27.326190476190476
2,17,3,3,4,2,9,2,27.0109126984127,27.268452380952382
2,18,2,1,5,5,9,1,27.897718253968254,27.28095238095238
2,19,1,2,7,9,3,4,27.916369047619046,27.305357142857144
2,20,6,2,2,2,6,3,24.294444444444444,27.26845238095238
2,21,2,4,3,6,7,6,28.3030753968254,27.376785714285713
2,22,2,1,5,5,9,4,28.137301587301586,27.33154761904762
2,23,1,1,5,1,8,4,21.949900793650794,27.035119047619048
2,24,1,2,9,1,1,3,19.94454365079365,26.532738095238095
2,25,6,1,2,5,1,5,21.19126984126984,27.03214285714286
2,26,4,3,2,1,5,2,21.0109126984127,26.935714285714287
2,27,3,3,1,7,8,5,28.22609126984127,27.34642857142857
2,28,10,1,1,4,6,5,28.315376984126985,27.363690476190477
2,29,3,3,5,7,8,10,32.04206349206349,27.439285714285713
2,30,2,9,6,5,4,6,31.975992063492065,27.432142857142857
2,31,9,3,3,4,3,3,28.112202380952382,27.304761904761904
2,32,2,4,3,7,7,6,29.155059523809523,27.4125
2,33,1,6,7,3,2,2,24.845734126984127,27.251190476190477
2,34,3,3,5,7,5,6,29.115674603174604,27.394642857142856
2,35,4,3,2,1,6,1,21.97876984126984,26.99702380952381
2,36,5,5,3,7,2,2,28.03392857142857,27.27559523809524
2,37,1,7,5,1,3,2,22.9375,26.86547619047619
2,38,7,6,8,8,4,3,38.97430555555555,27.439285714285713
2,39,2,3,6,8,2,2,26.958333333333332,27.2125
2,40,8,6,7,4,4,8,34.9514880952381,27.433333333333334
2,41,1,6,5,1,7,6,25.996726190476192,26.99107142857143
2,42,1,4,5,9,7,1,31.871924603174605,27.41190476190476
2,43,3,3,5,4,9,5,30.071527777777778,27.401190476190475
2,44,2,4,3,7,1,6,23.103373015873014,26.9375
2,45,7,3,6,6,2,9,29.87311507936508,27.307738095238093
2,46,4,5,2,7,1,3,25.033829365079363,26.955952380952382
2,47,7,3,6,3,2,2,26.959027777777777,27.238690476190477
2,48,5,5,3,7,2,4,28.064880952380953,27.271428571428572
2,49,7,1,6,2,7,1,28.87579365079365,27.303571428571427
3,0,3,2,5,5,4,6,25.12202380952381,27.448809523809523
3,1,1,1,3,5,1,5,17.00009920634921,26.99404761904762
3,2,1,2,1,1,1,6,12.264583333333334,26.606547619047618
3,3,1,4,3,4,6,1,23.94623015873016,27.43154761904762
3,4,1,3,2,1,2,2,15.114781746031746,26.87797619047619
3,5,1,2,2,1,5,1,16.98184523809524,26.917857142857144
3,6,1,1,1,2,6,1,17.10674603174603,27.310119047619047
3,7,6,1,2,5,6,5,26.23263888888889,27.44702380952381
3,8,2,1,1,1,4,6,15.24920634920635,26.830952380952382
3,9,1,3,3,3,2,2,18.10248015873016,27.295238095238094
3,10,1,2,6,5,4,2,23.997519841269842,27.40714285714286
3,11,2,2,8,4,2,2,23.95267857142857,27.358333333333334
3,12,2,1,1,4,4,5,18.25376984126984,27.30595238095238
3,13,2,2,8,5,3,5,26.06736111111111,27.395238095238096
3,14,1,2,6,5,4,6,24.017757936507937,27.32857142857143
3,15,3,1,1,2,9,6,22.288789682539683,27.274404761904762
3,16,4,3,2,1,2,2,18.12708333333333,26.805357142857144
3,17,4,3,2,1,2,3,18.13531746031746,26.855357142857144
3,18,1,1,5,5,1,3,18.90218253968254,27.039285714285715
3,19,2,1,9,4,6,5,27.94097222222222,27.44345238095238
3,20,4,3,1,1,1,2,16.23561507936508,26.626785714285713
3,21,1,5,1,4,1,3,18.192857142857143,26.86547619047619
3,22,1,6,7,3,2,1,24.854166666666668,27.36547619047619
3,23,3,2,5,3,7,10,25.8719246031746,27.35
3,24,2,1,9,4,7,4,28.939880952380953,27.44345238095238
3,25,1,1,5,1,8,4,21.949900793650794,27.035119047619048
3,26,6,1,2,5,1,5,21.19126984126984,27.03214285714286
3,27,2,5,3,7,2,1,24.862698412698414,27.335714285714285
3,28,6,1,2,4,8,5,27.182837301587302,27.35892857142857
3,29,4,3,3,3,1,3,20.132638888888888,26.939880952380953
3,30,1,2,8,1,1,3,18.91190476190476,26.586904761904762
3,31,1,1,5,4,7,5,24.063988095238095,27.308333333333334
3,32,9,1,2,4,2,4,24.213789682539684,27.30952380952381
3,33,4,3,1,8,3,3,25.262698412698413,27.347619047619048
3,34,6,3,1,3,6,1,25.142162698412697,27.336904761904762
3,35,2,2,5,4,9,4,28.036507936507938,27.376785714285713
3,36,1,3,5,4,1,1,19.862896825396824,26.93095238095238
3,37,1,2,9,1,1,3,19.94454365079365,26.532738095238095
3,38,3,3,5,7,8,10,32.04206349206349,27.439285714285713
3,39,1,7,5,1,4,2,23.968650793650795,27.034523809523808
3,40,2,3,2,1,6,1,20.08561507936508,26.910119047619048
3,41,1,2,9,1,1,7,20.047222222222224,26.55297619047619
3,42,6,2,2,2,6,3,24.294444444444444,27.26845238095238
3,43,4,3,2,1,6,1,21.97876984126984,26.99702380952381
3,44,2,9,6,5,4,6,31.975992063492065,27.432142857142857
3,45,2,4,3,7,7,6,29.155059523809523,27.4125
3,46,3,3,2,7,5,6,26.204761904761906,27.34047619047619
3,47,3,3,1,7,8,5,28.22609126984127,27.34642857142857
3,48,4,3,2,1,5,2,21.0109126984127,26.935714285714287
3,49,1,1,5,5,7,4,25.05823412698413,27.28095238095238
4,0,3,2,5,5,4,6,25.12202380952381,27.448809523809523
4,1,1,1,3,5,1,5,17.00009920634921,26.99404761904762
4,2,1,2,1,1,1,6,12.264583333333334,26.606547619047618
4,3,1,4,3,4,6,1,23.94623015873016,27.43154761904762
4,4,1,1,1,2,6,1,17.10674603174603,27.310119047619047
4,5,1,1,3,5,1,5,17.00009920634921,26.99404761904762
4,6,1,4,3,4,6,1,23.94623015873016,27.43154761904762
4,7,1,4,3,4,6,1,23.94623015873016,27.43154761904762
4,8,1,1,1,4,4,6,17.276488095238093,27.314285714285713
4,9,1,1,1,1,3,6,13.23045634920635,26.94107142857143
4,10,2,2,3,4,7,1,23.93670634920635,27.40714285714286
4,11,1,2,2,1,5,1,16.98184523809524,26.917857142857144
4,12,6,1,2,5,6,5,26.23263888888889,27.44702380952381
4,13,1,3,3,3,2,2,18.10248015873016,27.295238095238094
4,14,1,2,6,5,4,2,23.997519841269842,27.40714285714286
4,15,2,2,8,4,2,2,23.95267857142857,27.358333333333334
4,16,2,1,1,4,4,5,18.25376984126984,27.30595238095238
4,17,1,2,1,2,5,6,17.22172619047619,27.24047619047619
4,18,1,3,2,1,2,4,15.06984126984127,26.882142857142856
4,19,1,2,6,5,4,2,23.997519841269842,27.40714285714286
4,20,3,1,1,1,1,1,13.035019841269841,26.45654761904762
4,21,1,3,2,1,2,2,15.114781746031746,26.87797619047619
4,22,2,2,8,5,3,5,26.06736111111111,27.395238095238096
4,23,1,2,6,5,4,6,24.017757936507937,27.32857142857143
4,24,3,1,1,2,9,6,22.288789682539683,27.274404761904762
4,25,1,1,5,5,1,3,18.90218253968254,27.039285714285715
4,26,2,1,9,4,6,5,27.94097222222222,27.44345238095238
4,27,1,6,7,3,2,1,24.854166666666668,27.36547619047619
4,28,1,3,2,4,3,2,19.23343253968254,27.170238095238094
4,29,4,2,2,1,2,2,17.175595238095237,26.907738095238095
4,30,1,6,7,3,2,1,24.854166666666668,27.36547619047619
4,31,2,4,1,1,4,6,18.25128968253968,26.982142857142858
4,32,3,3,3,3,2,2,20.048511904761906,27.270833333333332
4,33,1,1,5,4,7,6,24.091269841269842,27.357738095238094
4,34,2,1,9,4,6,5,27.94097222222222,27.44345238095238
4,35,3,1,1,2,9,6,22.288789682539683,27.274404761904762
4,36,1,1,5,1,1,3,15.084126984126984,26.632738095238096
4,37,2,1,9,4,7,4,28.939880952380953,27.44345238095238
4,38,2,1,9,4,7,4,28.939880952380953,27.44345238095238
4,39,2,1,1,1,4,6,15.24920634920635,26.830952380952382
4,40,3,1,1,2,7,6,20.215178571428574,27.232142857142858
4,41,4,3,1,5,1,2,20.208234126984127,26.954166666666666
4,42,1,1,5,4,7,5,24.063988095238095,27.308333333333334
4,43,2,2,5,4,9,4,28.036507936507938,27.376785714285713
4,44,1,2,5,4,1,2,18.98690476190476,26.938690476190477
4,45,4,3,2,1,2,3,18.13531746031746,26.855357142857144
4,46,6,1,2,4,8,5,27.182837301587302,27.35892857142857
4,47,1,5,1,4,1,3,18.192857142857143,26.86547619047619
4,48,3,2,5,3,7,10,25.8719246031746,27.35
4,49,4,3,3,3,1,3,20.132638888888888,26.939880952380953
5,0,3,2,5,5,4,6,25.12202380952381,27.448809523809523
5,1,1,2,1,1,1,6,12.264583333333334,26.606547619047618
5,2,1,4,3,4,6,1,23.94623015873016,27.43154761904762
5,3,1,4,3,4,6,1,23.94623015873016,27.43154761904762
5,4,1,4,3,4,6,1,23.94623015873016,27.43154761904762
5,5,1,1,1,1,3,6,13.23045634920635,26.94107142857143
5,6,1,1,2,3,3,2,16.146428571428572,27.357142857142858
5,7,1,1,2,1,2,4,13.206944444444444,26.892857142857142
5,8,1,1,1,4,3,1,16.110218253968252,27.298214285714284
5,9,1,1,1,1,3,6,13.23045634920635,26.94107142857143
5,10,1,1,1,4,3,6,16.18561507936508,27.429761904761904
5,11,1,1,1,2,6,1,17.10674603174603,27.310119047619047
5,12,2,2,3,4,7,1,23.93670634920635,27.40714285714286
5,13,6,1,2,5,6,5,26.23263888888889,27.44702380952381
5,14,1,3,2,1,2,4,15.06984126984127,26.882142857142856
5,15,3,1,1,1,1,1,13.035019841269841,26.45654761904762
5,16,1,1,5,1,1,4,14.763789682539683,26.564285714285717
5,17,1,1,1,2,6,1,17.10674603174603,27.310119047619047
5,18,6,1,2,5,6,5,26.23263888888889,27.44702380952381
5,19,1,3,2,1,2,4,15.06984126984127,26.882142857142856
5,20,1,1,3,3,2,4,16.13363095238095,27.295238095238094
5,21,1,3,2,1,2,3,15.215376984126983,26.926785714285714
5,22,1,1,1,4,4,5,17.258928571428573,27.374404761904763
5,23,1,1,1,4,7,4,20.205555555555556,27.404761904761905
5,24,2,2,3,4,7,1,23.93670634920635,27.40714285714286
5,25,3,1,1,1,1,1,13.035019841269841,26.45654761904762
5,26,1,1,3,5,1,5,17.00009920634921,26.99404761904762
5,27,1,1,3,5,1,5,17.00009920634921,26.99404761904762
5,28,1,1,1,4,4,6,17.276488095238093,27.314285714285713
5,29,1,2,2,1,5,1,16.98184523809524,26.917857142857144
5,30,1,2,6,5,4,2,23.997519841269842,27.40714285714286
5,31,1,2,1,2,5,6,17.22172619047619,27.24047619047619
5,32,1,2,6,5,4,2,23.997519841269842,27.40714285714286
5,33,1,3,2,1,2,2,15.114781746031746,26.87797619047619
5,34,2,1,9,4,6,5,27.94097222222222,27.44345238095238
5,35,2,1,9,4,6,5,27.94097222222222,27.44345238095238
5,36,1,1,5,1,1,3,15.084126984126984,26.632738095238096
5,37,1,3,2,1,2,2,15.114781746031746,26.87797619047619
5,38,1,1,1,4,5,6,18.263988095238094,27.326190476190476
5,39,1,2,2,1,5,1,16.98184523809524,26.917857142857144
5,40,1,1,3,5,1,5,17.00009920634921,26.99404761904762
5,41,1,1,1,4,4,6,17.276488095238093,27.314285714285713
5,42,1,2,2,1,5,1,16.98184523809524,26.917857142857144
5,43,3,3,1,5,4,6,22.290575396825396,27.401785714285715
5,44,1,1,4,5,2,3,19.034920634920635,27.37202380952381
5,45,2,1,9,4,7,4,28.939880952380953,27.44345238095238
5,46,2,1,1,1,4,6,15.24920634920635,26.830952380952382
5,47,2,1,9,4,7,4,28.939880952380953,27.44345238095238
5,48,3,1,1,5,1,1,17.14811507936508,26.926785714285714
5,49,1,3,3,3,2,2,18.10248015873016,27.295238095238094
6,0,3,2,5,5,4,6,25.12202380952381,27.448809523809523
6,1,1,1,1,1,3,6,13.23045634920635,26.94107142857143
6,2,1,1,2,3,3,2,16.146428571428572,27.357142857142858
6,3,1,1,2,1,2,4,13.206944444444444,26.892857142857142
6,4,1,1,1,4,3,1,16.110218253968252,27.298214285714284
6,5,1,1,1,1,3,6,13.23045634920635,26.94107142857143
6,6,1,1,1,4,3,6,16.18561507936508,27.429761904761904
6,7,1,2,1,3,5,6,18.199007936507936,27.435714285714287
6,8,1,1,1,4,3,2,16.180853174603175,27.366071428571427
6,9,3,1,1,3,1,3,15.315376984126985,26.997619047619047
6,10,1,1,1,4,3,1,16.110218253968252,27.298214285714284
6,11,1,1,1,1,1,2,11.18313492063492,26.495238095238093
6,12,1,1,1,1,2,5,12.162996031746031,26.84404761904762
6,13,1,1,1,1,3,5,13.276190476190475,26.949404761904763
6,14,1,2,1,1,1,6,12.264583333333334,26.606547619047618
6,15,1,4,3,4,6,1,23.94623015873016,27.43154761904762
6,16,1,4,3,4,6,1,23.94623015873016,27.43154761904762
6,17,1,4,3,4,6,1,23.94623015873016,27.43154761904762
6,18,2,2,3,4,7,1,23.93670634920635,27.40714285714286
6,19,6,1,2,5,6,5,26.23263888888889,27.44702380952381
6,20,1,3,2,1,2,4,15.06984126984127,26.882142857142856
6,21,6,1,2,5,6,5,26.23263888888889,27.44702380952381
6,22,1,3,2,1,2,4,15.06984126984127,26.882142857142856
6,23,1,1,3,3,2,4,16.13363095238095,27.295238095238094
6,24,1,3,2,1,2,3,15.215376984126983,26.926785714285714
6,25,1,1,1,4,4,5,17.258928571428573,27.374404761904763
6,26,1,1,1,4,7,4,20.205555555555556,27.404761904761905
6,27,2,2,3,4,7,1,23.93670634920635,27.40714285714286
6,28,1,3,2,1,2,3,15.215376984126983,26.926785714285714
6,29,1,1,1,1,2,4,12.312896825396825,26.84047619047619
6,30,1,2,1,2,1,6,13.240972222222222,26.845238095238095
6,31,1,1,1,5,3,1,17.113392857142856,27.350595238095238
6,32,2,1,1,2,4,6,16.36388888888889,27.319642857142856
6,33,1,2,1,1,1,5,12.184623015873015,26.501785714285717
6,34,5,2,5,5,4,4,27.121329365079365,27.448809523809523
6,35,1,1,1,4,7,4,20.205555555555556,27.404761904761905
6,36,1,1,2,4,3,1,16.980654761904763,27.32202380952381
6,37,1,1,1,5,1,1,15.104563492063491,26.90357142857143
6,38,3,1,1,1,1,1,13.035019841269841,26.45654761904762
6,39,3,1,1,1,1,1,13.035019841269841,26.45654761904762
6,40,2,1,9,4,6,5,27.94097222222222,27.44345238095238
6,41,2,1,9,4,6,5,27.94097222222222,27.44345238095238
6,42,1,4,2,1,2,3,16.16190476190476,26.88095238095238
6,43,1,1,1,2,5,6,16.376190476190477,27.30654761904762
6,44,1,1,4,5,2,3,19.034920634920635,27.37202380952381
6,45,1,1,5,1,1,3,15.084126984126984,26.632738095238096
6,46,1,3,2,1,2,2,15.114781746031746,26.87797619047619
6,47,3,3,1,5,4,6,22.290575396825396,27.401785714285715
6,48,1,2,6,5,4,2,23.997519841269842,27.40714285714286
6,49,1,1,5,1,1,4,14.763789682539683,26.564285714285717
7,0,3,2,5,5,4,6,25.12202380952381,27.448809523809523
7,1,1,1,1,1,3,6,13.23045634920635,26.94107142857143
7,2,1,1,2,3,3,2,16.146428571428572,27.357142857142858
7,3,1,1,2,1,2,4,13.206944444444444,26.892857142857142
7,4,1,1,1,4,3,1,16.110218253968252,27.298214285714284
7,5,1,1,1,1,3,6,13.23045634920635,26.94107142857143
7,6,1,1,1,4,3,6,16.18561507936508,27.429761904761904
7,7,1,2,1,3,5,6,18.199007936507936,27.435714285714287
7,8,1,1,1,4,3,2,16.180853174603175,27.366071428571427
7,9,3,1,1,3,1,3,15.315376984126985,26.997619047619047
7,10,1,1,1,4,3,1,16.110218253968252,27.298214285714284
7,11,1,1,1,1,1,2,11.18313492063492,26.495238095238093
7,12,1,1,1,1,2,5,12.162996031746031,26.84404761904762
7,13,1,1,1,1,3,5,13.276190476190475,26.949404761904763
7,14,1,4,3,4,3,1,21.106051587301586,27.44107142857143
7,15,1,2,1,3,5,6,18.199007936507936,27.435714285714287
7,16,1,1,1,1,1,2,11.18313492063492,26.495238095238093
7,17,1,1,1,4,3,1,16.110218253968252,27.298214285714284
7,18,1,1,2,1,2,4,13.206944444444444,26.892857142857142
7,19,5,2,5,5,4,4,27.121329365079365,27.448809523809523
7,20,1,2,1,1,1,5,12.184623015873015,26.501785714285717
7,21,1,1,3,3,2,4,16.13363095238095,27.295238095238094
7,22,1,3,2,1,2,3,15.215376984126983,26.926785714285714
7,23,1,1,1,1,2,4,12.312896825396825,26.84047619047619
7,24,1,1,1,4,7,4,20.205555555555556,27.404761904761905
7,25,2,2,3,4,7,1,23.93670634920635,27.40714285714286
7,26,1,2,1,1,1,6,12.264583333333334,26.606547619047618
7,27,1,1,1,4,4,5,17.258928571428573,27.374404761904763
7,28,1,1,1,4,7,4,20.205555555555556,27.404761904761905
7,29,1,4,3,4,6,1,23.94623015873016,27.43154761904762
7,30,1,1,1,1,4,6,14.242757936507937,26.864880952380954
7,31,6,1,2,5,6,5,26.23263888888889,27.44702380952381
7,32,1,2,1,1,1,6,12.264583333333334,26.606547619047618
7,33,1,3,2,1,2,3,15.215376984126983,26.926785714285714
7,34,1,2,1,2,1,6,13.240972222222222,26.845238095238095
7,35,1,1,2,4,3,1,16.980654761904763,27.32202380952381
7,36,1,3,2,1,2,4,15.06984126984127,26.882142857142856
7,37,6,1,2,5,6,5,26.23263888888889,27.44702380952381
7,38,1,2,1,2,1,6,13.240972222222222,26.845238095238095
7,39,2,1,1,2,4,6,16.36388888888889,27.319642857142856
7,40,1,1,1,5,1,1,15.104563492063491,26.90357142857143
7,41,1,1,1,4,4,5,17.258928571428573,27.374404761904763
7,42,1,1,2,3,3,4,16.165376984126983,27.311904761904763
7,43,1,1,1,5,3,1,17.113392857142856,27.350595238095238
7,44,1,1,1,5,3,1,17.113392857142856,27.350595238095238
7,45,1,3,2,1,2,4,15.06984126984127,26.882142857142856
7,46,1,4,3,4,6,1,23.94623015873016,27.43154761904762
7,47,1,1,1,1,2,4,12.312896825396825,26.84047619047619
7,48,2,2,3,4,7,1,23.93670634920635,27.40714285714286
7,49,1,2,1,1,1,6,12.264583333333334,26.606547619047618
8,0,3,2,5,5,4,6,25.12202380952381,27.448809523809523
8,1,1,1,1,1,3,6,13.23045634920635,26.94107142857143
8,2,1,1,2,3,3,2,16.146428571428572,27.357142857142858
8,3,1,1,2,1,2,4,13.206944444444444,26.892857142857142
8,4,1,1,1,4,3,1,16.110218253968252,27.298214285714284
8,5,1,1,1,1,3,6,13.23045634920635,26.94107142857143
8,6,1,1,1,4,3,6,16.18561507936508,27.429761904761904
8,7,1,2,1,3,5,6,18.199007936507936,27.435714285714287
8,8,1,1,1,4,3,2,16.180853174603175,27.366071428571427
8,9,3,1,1,3,1,3,15.315376984126985,26.997619047619047
8,10,1,1,1,4,3,1,16.110218253968252,27.298214285714284
8,11,1,1,1,1,2,5,12.162996031746031,26.84404761904762
8,12,1,1,1,1,3,5,13.276190476190475,26.949404761904763
8,13,1,4,3,4,3,1,21.106051587301586,27.44107142857143
8,14,1,2,1,3,5,6,18.199007936507936,27.435714285714287
8,15,1,1,1,4,3,1,16.110218253968252,27.298214285714284
8,16,1,1,2,1,2,4,13.206944444444444,26.892857142857142
8,17,1,1,3,3,2,6,16.090079365079365,27.254761904761907
8,18,1,1,1,1,1,6,11.144047619047619,26.492261904761904
8,19,1,2,1,3,1,4,14.323710317460318,26.958928571428572
8,20,1,1,1,1,2,5,12.162996031746031,26.84404761904762
8,21,1,1,1,4,3,2,16.180853174603175,27.366071428571427
8,22,1,1,2,1,2,4,13.206944444444444,26.892857142857142
8,23,3,1,1,3,1,3,15.315376984126985,26.997619047619047
8,24,1,1,1,1,1,4,11.176190476190476,26.570833333333333
8,25,1,1,1,4,3,1,16.110218253968252,27.298214285714284
8,26,1,1,1,1,1,2,11.18313492063492,26.495238095238093
8,27,1,1,1,1,1,2,11.18313492063492,26.495238095238093
8,28,5,2,5,5,4,4,27.121329365079365,27.448809523809523
8,29,1,1,3,3,2,4,16.13363095238095,27.295238095238094
8,30,1,3,2,1,2,3,15.215376984126983,26.926785714285714
8,31,1,1,1,4,7,4,20.205555555555556,27.404761904761905
8,32,2,2,3,4,7,1,23.93670634920635,27.40714285714286
8,33,1,1,1,1,2,2,12.301686507936507,26.78988095238095
8,34,1,1,1,4,4,5,17.258928571428573,27.374404761904763
8,35,1,2,1,1,1,6,12.264583333333334,26.606547619047618
8,36,1,1,1,4,7,4,20.205555555555556,27.404761904761905
8,37,1,1,2,1,1,2,12.112301587301587,26.53095238095238
8,38,1,4,3,4,6,1,23.94623015873016,27.43154761904762
8,39,1,2,2,1,2,3,14.129464285714285,26.870833333333334
8,40,6,1,2,5,6,5,26.23263888888889,27.44702380952381
8,41,1,1,1,1,2,4,12.312896825396825,26.84047619047619
8,42,1,2,1,2,1,6,13.240972222222222,26.845238095238095
8,43,1,3,2,1,2,3,15.215376984126983,26.926785714285714
8,44,1,2,1,1,1,6,12.264583333333334,26.606547619047618
8,45,1,3,2,1,2,4,15.06984126984127,26.882142857142856
8,46,1,1,2,4,3,1,16.980654761904763,27.32202380952381
8,47,6,1,2,5,6,5,26.23263888888889,27.44702380952381
8,48,2,1,1,2,4,6,16.36388888888889,27.319642857142856
8,49,1,2,1,2,1,6,13.240972222222222,26.845238095238095
9,0,3,2,5,5,4,6,25.12202380952381,27.448809523809523
9,1,1,1,1,1,3,6,13.23045634920635,26.94107142857143
9,2,1,1,2,3,3,2,16.146428571428572,27.357142857142858
9,3,1,1,1,1,3,6,13.23045634920635,26.94107142857143
9,4,1,1,1,4,3,6,16.18561507936508,27.429761904761904
9,5,1,2,1,3,5,6,18.199007936507936,27.435714285714287
9,6,1,1,1,4,3,2,16.180853174603175,27.366071428571427
9,7,1,1,1,1,2,5,12.162996031746031,26.84404761904762
9,8,1,4,3,4,3,1,21.106051587301586,27.44107142857143
9,9,1,2,1,3,5,6,18.199007936507936,27.435714285714287
9,10,1,1,1,1,1,6,11.144047619047619,26.492261904761904
9,11,1,1,1,1,2,5,12.162996031746031,26.84404761904762
9,12,1,1,1,4,3,2,16.180853174603175,27.366071428571427
9,13,1,1,1,1,1,4,11.176190476190476,26.570833333333333
9,14,1,1,2,3,1,2,14.094642857142857,27.013690476190476
9,15,1,1,1,4,3,6,16.18561507936508,27.429761904761904
9,16,1,1,2,1,2,2,13.079365079365079,26.916666666666668
9,17,1,1,1,2,3,1,14.16170634920635,27.324404761904763
9,18,1,1,1,4,3,6,16.18561507936508,27.429761904761904
9,19,1,1,1,1,3,2,13.268551587301587,27.00297619047619
9,20,1,1,1,1,2,5,12.162996031746031,26.84404761904762
9,21,1,1,1,1,1,6,11.144047619047619,26.492261904761904
9,22,1,1,2,1,2,2,13.079365079365079,26.916666666666668
9,23,1,1,1,1,1,3,11.159126984126985,26.46845238095238
9,24,5,2,5,5,4,4,27.121329365079365,27.448809523809523
9,25,5,2,5,5,4,4,27.121329365079365,27.448809523809523
9,26,2,2,1,3,1,3,15.315079365079365,26.997619047619047
9,27,1,1,3,3,2,6,16.090079365079365,27.254761904761907
9,28,1,1,1,4,7,4,20.205555555555556,27.404761904761905
9,29,2,2,3,4,7,1,23.93670634920635,27.40714285714286
9,30,1,1,1,4,4,5,17.258928571428573,27.374404761904763
9,31,1,2,1,1,1,6,12.264583333333334,26.606547619047618
9,32,1,1,1,1,2,2,12.301686507936507,26.78988095238095
9,33,1,1,1,4,7,4,20.205555555555556,27.404761904761905
9,34,1,4,3,4,6,1,23.94623015873016,27.43154761904762
9,35,1,2,1,3,1,4,14.323710317460318,26.958928571428572
9,36,6,1,2,5,6,5,26.23263888888889,27.44702380952381
9,37,1,1,2,1,1,2,12.112301587301587,26.53095238095238
9,38,1,1,1,1,3,5,13.276190476190475,26.949404761904763
9,39,1,1,1,1,2,4,12.312896825396825,26.84047619047619
9,40,1,1,1,1,1,2,11.18313492063492,26.495238095238093
9,41,1,2,1,1,1,6,12.264583333333334,26.606547619047618
9,42,2,1,1,2,4,6,16.36388888888889,27.319642857142856
9,43,6,1,2,5,6,5,26.23263888888889,27.44702380952381
9,44,1,1,2,4,3,2,17.158531746031745,27.339285714285715
9,45,1,1,2,1,2,4,13.206944444444444,26.892857142857142
9,46,1,1,2,4,3,1,16.980654761904763,27.32202380952381
9,47,1,1,2,1,2,3,13.210218253968254,26.90654761904762
9,48,1,1,1,4,3,1,16.110218253968252,27.298214285714284
9,49,1,1,1,1,2,4,12.312896825396825,26.84047619047619
10,0,3,2,5,5,4,6,25.12202380952381,27.448809523809523
10,1,1,1,1,1,3,6,13.23045634920635,26.94107142857143
10,2,1,1,2,3,3,2,16.146428571428572,27.357142857142858
10,3,1,1,1,1,3,6,13.23045634920635,26.94107142857143
10,4,1,1,1,4,3,6,16.18561507936508,27.429761904761904
10,5,1,2,1,3,5,6,18.199007936507936,27.435714285714287
10,6,1,1,1,4,3,2,16.180853174603175,27.366071428571427
10,7,1,1,1,1,2,5,12.162996031746031,26.84404761904762
10,8,1,4,3,4,3,1,21.106051587301586,27.44107142857143
10,9,1,2,1,3,5,6,18.199007936507936,27.435714285714287
10,10,1,1,1,1,1,6,11.144047619047619,26.492261904761904
10,11,1,1,1,1,2,5,12.162996031746031,26.84404761904762
10,12,1,1,1,4,3,2,16.180853174603175,27.366071428571427
10,13,1,1,1,1,1,4,11.176190476190476,26.570833333333333
10,14,1,1,2,3,1,2,14.094642857142857,27.013690476190476
10,15,1,1,1,4,3,6,16.18561507936508,27.429761904761904
10,16,1,1,2,1,2,2,13.079365079365079,26.916666666666668
10,17,1,1,1,2,3,1,14.16170634920635,27.324404761904763
10,18,1,1,1,4,3,6,16.18561507936508,27.429761904761904
10,19,1,1,1,1,3,2,13.268551587301587,27.00297619047619
10,20,1,1,1,1,2,5,12.162996031746031,26.84404761904762
10,21,1,1,1,1,1,6,11.144047619047619,26.492261904761904
10,22,1,1,2,1,2,2,13.079365079365079,26.916666666666668
10,23,1,1,1,2,1,3,12.26656746031746,26.879761904761903
10,24,1,1,1,1,2,6,12.133928571428571,26.83809523809524
10,25,1,1,1,1,2,6,12.133928571428571,26.83809523809524
10,26,1,2,1,3,5,6,18.199007936507936,27.435714285714287
10,27,1,2,1,3,5,6,18.199007936507936,27.435714285714287
10,28,1,1,1,1,3,2,13.268551587301587,27.00297619047619
10,29,5,2,5,5,4,4,27.121329365079365,27.448809523809523
10,30,5,2,5,5,4,4,27.121329365079365,27.448809523809523
10,31,1,1,1,1,1,3,11.159126984126985,26.46845238095238
10,32,2,1,1,2,3,4,15.228373015873016,27.170833333333334
10,33,1,2,1,3,1,4,14.323710317460318,26.958928571428572
10,34,1,1,1,4,7,4,20.205555555555556,27.404761904761905
10,35,2,2,3,4,7,1,23.93670634920635,27.40714285714286
10,36,1,1,1,4,4,5,17.258928571428573,27.374404761904763
10,37,1,1,1,1,2,2,12.301686507936507,26.78988095238095
10,38,1,2,1,1,1,6,12.264583333333334,26.606547619047618
10,39,1,1,1,4,7,4,20.205555555555556,27.404761904761905
10,40,1,1,3,3,2,6,16.090079365079365,27.254761904761907
10,41,1,4,3,4,6,1,23.94623015873016,27.43154761904762
10,42,1,1,2,1,1,2,12.112301587301587,26.53095238095238
10,43,6,1,2,5,6,5,26.23263888888889,27.44702380952381
10,44,1,1,2,1,2,4,13.206944444444444,26.892857142857142
10,45,1,1,1,1,2,4,12.312896825396825,26.84047619047619
10,46,1,1,1,1,3,5,13.276190476190475,26.949404761904763
10,47,1,1,2,1,1,6,12.259126984126985,26.59464285714286
10,48,1,1,1,1,1,2,11.18313492063492,26.495238095238093
10,49,1,1,1,4,3,1,16.110218253968252,27.298214285714284
11,0,3,2,5,5,4,6,25.12202380952381,27.448809523809523
11,1,1,1,1,1,3,6,13.23045634920635,26.94107142857143
11,2,1,1,2,3,3,2,16.146428571428572,27.357142857142858
11,3,1,1,1,1,3,6,13.23045634920635,26.94107142857143
11,4,1,1,1,4,3,6,16.18561507936508,27.429761904761904
11,5,1,2,1,3,5,6,18.199007936507936,27.435714285714287
11,6,1,1,1,4,3,2,16.180853174603175,27.366071428571427
11,7,1,1,1,1,2,5,12.162996031746031,26.84404761904762
11,8,1,4,3,4,3,1,21.106051587301586,27.44107142857143
11,9,1,2,1,3,5,6,18.199007936507936,27.435714285714287
11,10,1,1,1,1,1,6,11.144047619047619,26.492261904761904
11,11,1,1,1,1,2,5,12.162996031746031,26.84404761904762
11,12,1,1,1,4,3,2,16.180853174603175,27.366071428571427
11,13,1,1,1,1,1,4,11.176190476190476,26.570833333333333
11,14,1,1,2,3,1,2,14.094642857142857,27.013690476190476
11,15,1,1,1,4,3,6,16.18561507936508,27.429761904761904
11,16,1,1,2,1,2,2,13.079365079365079,26.916666666666668
11,17,1,1,1,2,3,1,14.16170634920635,27.324404761904763
11,18,1,1,1,4,3,6,16.18561507936508,27.429761904761904
11,19,1,1,1,1,3,2,13.268551587301587,27.00297619047619
11,20,1,1,1,1,2,5,12.162996031746031,26.84404761904762
11,21,1,1,1,1,1,6,11.144047619047619,26.492261904761904
11,22,1,1,2,1,2,2,13.079365079365079,26.916666666666668
11,23,1,1,1,2,1,3,12.26656746031746,26.879761904761903
11,24,1,1,1,1,2,6,12.133928571428571,26.83809523809524
11,25,1,1,1,1,2,6,12.133928571428571,26.83809523809524
11,26,1,2,1,3,5,6,18.199007936507936,27.435714285714287
11,27,1,2,1,3,5,6,18.199007936507936,27.435714285714287
11,28,1,1,1,1,3,2,13.268551587301587,27.00297619047619
11,29,1,1,1,1,3,2,13.268551587301587,27.00297619047619
11,30,1,1,1,2,1,3,12.26656746031746,26.879761904761903
11,31,1,1,2,3,1,2,14.094642857142857,27.013690476190476
11,32,1,1,1,1,2,6,12.133928571428571,26.83809523809524
11,33,1,1,1,1,3,2,13.268551587301587,27.00297619047619
11,34,1,1,2,1,2,2,13.079365079365079,26.916666666666668
11,35,1,1,1,1,3,6,13.23045634920635,26.94107142857143
11,36,1,1,1,1,2,6,12.133928571428571,26.83809523809524
11,37,1,1,1,1,1,4,11.176190476190476,26.570833333333333
11,38,1,1,1,1,2,6,12.133928571428571,26.83809523809524
11,39,1,1,2,1,2,2,13.079365079365079,26.916666666666668
11,40,1,4,3,4,3,1,21.106051587301586,27.44107142857143
11,41,1,1,1,4,3,6,16.18561507936508,27.429761904761904
11,42,1,1,1,1,3,2,13.268551587301587,27.00297619047619
11,43,1,1,1,1,1,6,11.144047619047619,26.492261904761904
11,44,1,1,1,1,1,3,11.159126984126985,26.46845238095238
11,45,5,2,5,5,4,4,27.121329365079365,27.448809523809523
11,46,1,1,1,1,1,3,11.159126984126985,26.46845238095238
11,47,5,2,5,5,4,4,27.121329365079365,27.448809523809523
11,48,2,1,1,2,2,4,14.25625,27.226785714285715
11,49,1,1,1,2,1,4,12.275694444444444,26.877380952380953
12,0,3,2,5,5,4,6,25.12202380952381,27.448809523809523
12,1,1,1,2,3,3,2,16.146428571428572,27.357142857142858
12,2,1,1,1,4,3,6,16.18561507936508,27.429761904761904
12,3,1,2,1,3,5,6,18.199007936507936,27.435714285714287
12,4,1,1,1,4,3,2,16.180853174603175,27.366071428571427
12,5,1,1,1,1,2,5,12.162996031746031,26.84404761904762
12,6,1,4,3,4,3,1,21.106051587301586,27.44107142857143
12,7,1,2,1,3,5,6,18.199007936507936,27.435714285714287
12,8,1,1,1,1,1,6,11.144047619047619,26.492261904761904
12,9,1,1,1,1,2,5,12.162996031746031,26.84404761904762
12,10,1,1,1,4,3,2,16.180853174603175,27.366071428571427
12,11,1,1,1,1,1,4,11.176190476190476,26.570833333333333
12,12,1,1,1,4,3,6,16.18561507936508,27.429761904761904
12,13,1,1,2,1,2,2,13.079365079365079,26.916666666666668
12,14,1,1,1,2,3,1,14.16170634920635,27.324404761904763
12,15,1,1,1,4,3,6,16.18561507936508,27.429761904761904
12,16,1,1,1,1,2,5,12.162996031746031,26.84404761904762
12,17,1,1,1,1,1,6,11.144047619047619,26.492261904761904
12,18,1,1,2,1,2,2,13.079365079365079,26.916666666666668
12,19,1,1,1,2,1,3,12.26656746031746,26.879761904761903
12,20,1,1,1,1,2,6,12.133928571428571,26.83809523809524
12,21,1,1,1,1,2,6,12.133928571428571,26.83809523809524
12,22,1,2,1,3,5,6,18.199007936507936,27.435714285714287
12,23,1,2,1,3,5,6,18.199007936507936,27.435714285714287
12,24,1,1,1,2,1,3,12.26656746031746,26.879761904761903
12,25,1,1,1,1,2,6,12.133928571428571,26.83809523809524
12,26,1,1,2,1,2,2,13.079365079365079,26.916666666666668
12,27,1,1,1,1,2,6,12.133928571428571,26.83809523809524
12,28,1,1,1,1,1,4,11.176190476190476,26.570833333333333
12,29,1,1,1,1,2,6,12.133928571428571,26.83809523809524
12,30,1,1,2,1,2,2,13.079365079365079,26.916666666666668
12,31,1,4,3,4,3,1,21.106051587301586,27.44107142857143
12,32,1,1,1,4,3,6,16.18561507936508,27.429761904761904
12,33,1,1,1,1,1,6,11.144047619047619,26.492261904761904
12,34,1,1,1,1,1,6,11.144047619047619,26.492261904761904
12,35,1,1,1,2,3,1,14.16170634920635,27.324404761904763
12,36,1,1,1,1,1,4,11.176190476190476,26.570833333333333
12,37,1,1,1,4,3,2,16.180853174603175,27.366071428571427
12,38,1,1,1,4,3,6,16.18561507936508,27.429761904761904
12,39,1,2,1,3,5,6,18.199007936507936,27.435714285714287
12,40,1,1,1,1,2,6,12.133928571428571,26.83809523809524
12,41,1,1,1,1,1,4,11.176190476190476,26.570833333333333
12,42,1,1,2,1,2,2,13.079365079365079,26.916666666666668
12,43,1,1,1,1,1,6,11.144047619047619,26.492261904761904
12,44,1,1,1,1,1,6,11.144047619047619,26.492261904761904
12,45,1,1,1,2,2,4,13.17688492063492,27.264880952380953
12,46,5,2,5,5,4,4,27.121329365079365,27.448809523809523
12,47,5,2,5,5,4,4,27.121329365079365,27.448809523809523
12,48,1,1,1,1,1,3,11.159126984126985,26.46845238095238
12,49,1,1,1,1,1,3,11.159126984126985,26.46845238095238
13,0,1,1,1,1,1,6,11.144047619047619,26.492261904761904
13,1,1,1,1,1,1,6,11.144047619047619,26.492261904761904
13,2,3,2,5,5,4,6,25.12202380952381,27.448809523809523
13,3,3,2,5,5,4,6,25.12202380952381,27.448809523809523
13,4,1,1,2,1,2,2,13.079365079365079,26.916666666666668
13,5,1,1,1,2,2,4,13.17688492063492,27.264880952380953
13,6,1,1,1,2,2,6,13.29751984126984,27.330952380952382
13,7,1,4,3,4,3,1,21.106051587301586,27.44107142857143
13,8,1,1,1,1,1,4,11.176190476190476,26.570833333333333
13,9,1,1,1,1,2,6,12.133928571428571,26.83809523809524
13,10,1,1,2,3,3,2,16.146428571428572,27.357142857142858
13,11,1,4,3,4,3,1,21.106051587301586,27.44107142857143
13,12,1,2,1,3,5,6,18.199007936507936,27.435714285714287
13,13,1,1,1,4,3,6,16.18561507936508,27.429761904761904
13,14,1,1,1,1,1,4,11.176190476190476,26.570833333333333
13,15,1,2,1,3,5,6,18.199007936507936,27.435714285714287
13,16,1,1,1,2,1,3,12.26656746031746,26.879761904761903
13,17,1,1,1,2,2,4,13.17688492063492,27.264880952380953
13,18,1,1,1,1,2,6,12.133928571428571,26.83809523809524
13,19,1,1,1,4,3,2,16.180853174603175,27.366071428571427
13,20,1,1,1,2,1,3,12.26656746031746,26.879761904761903
13,21,1,1,2,1,2,2,13.079365079365079,26.916666666666668
13,22,1,1,1,1,2,5,12.162996031746031,26.84404761904762
13,23,1,1,1,1,2,5,12.162996031746031,26.84404761904762
13,24,1,1,1,4,3,2,16.180853174603175,27.366071428571427
13,25,1,1,1,4,3,6,16.18561507936508,27.429761904761904
13,26,1,1,1,1,1,6,11.144047619047619,26.492261904761904
13,27,1,1,1,4,3,2,16.180853174603175,27.366071428571427
13,28,1,1,1,2,1,3,12.26656746031746,26.879761904761903
13,29,1,2,1,3,5,6,18.199007936507936,27.435714285714287
13,30,1,1,1,1,2,6,12.133928571428571,26.83809523809524
13,31,1,1,1,4,3,6,16.18561507936508,27.429761904761904
13,32,1,1,1,1,1,6,11.144047619047619,26.492261904761904
13,33,1,1,1,4,3,6,16.18561507936508,27.429761904761904
13,34,1,1,1,1,2,6,12.133928571428571,26.83809523809524
13,35,1,1,1,1,1,4,11.176190476190476,26.570833333333333
13,36,1,1,1,2,1,3,12.26656746031746,26.879761904761903
13,37,1,2,1,3,5,6,18.199007936507936,27.435714285714287
13,38,1,1,1,4,3,2,16.180853174603175,27.366071428571427
13,39,1,1,1,1,2,5,12.162996031746031,26.84404761904762
13,40,1,1,1,4,3,6,16.18561507936508,27.429761904761904
13,41,1,1,2,1,2,2,13.079365079365079,26.916666666666668
13,42,1,1,1,1,1,4,11.176190476190476,26.570833333333333
13,43,1,1,1,1,2,6,12.133928571428571,26.83809523809524
13,44,1,1,1,4,3,2,16.180853174603175,27.366071428571427
13,45,1,1,1,1,2,6,12.133928571428571,26.83809523809524
13,46,1,4,3,4,3,1,21.106051587301586,27.44107142857143
13,47,1,1,1,1,2,5,12.162996031746031,26.84404761904762
13,48,1,1,1,1,2,5,12.162996031746031,26.84404761904762
13,49,1,1,1,1,1,6,11.144047619047619,26.492261904761904
14,0,3,2,5,5,4,6,25.12202380952381,27.448809523809523
14,1,1,1,1,1,1,6,11.144047619047619,26.492261904761904
14,2,1,1,1,1,1,6,11.144047619047619,26.492261904761904
14,3,3,2,5,5,4,6,25.12202380952381,27.448809523809523
14,4,1,1,2,1,2,2,13.079365079365079,26.916666666666668
14,5,1,1,1,2,2,4,13.17688492063492,27.264880952380953
14,6,1,4,3,4,3,1,21.106051587301586,27.44107142857143
14,7,1,1,1,1,1,4,11.176190476190476,26.570833333333333
14,8,1,1,1,1,2,6,12.133928571428571,26.83809523809524
14,9,1,1,1,2,2,6,13.29751984126984,27.330952380952382
14,10,1,1,2,3,3,2,16.146428571428572,27.357142857142858
14,11,1,4,3,4,3,1,21.106051587301586,27.44107142857143
14,12,1,2,1,3,5,6,18.199007936507936,27.435714285714287
14,13,1,1,1,4,3,6,16.18561507936508,27.429761904761904
14,14,1,1,1,1,1,4,11.176190476190476,26.570833333333333
14,15,1,2,1,3,5,6,18.199007936507936,27.435714285714287
14,16,1,1,1,2,1,3,12.26656746031746,26.879761904761903
14,17,1,1,1,2,2,4,13.17688492063492,27.264880952380953
14,18,1,1,1,1,2,6,12.133928571428571,26.83809523809524
14,19,1,1,1,4,3,2,16.180853174603175,27.366071428571427
14,20,1,1,1,2,1,3,12.26656746031746,26.879761904761903
14,21,1,1,2,1,2,2,13.079365079365079,26.916666666666668
14,22,1,1,1,1,2,5,12.162996031746031,26.84404761904762
14,23,1,1,1,2,2,6,13.29751984126984,27.330952380952382
14,24,1,1,1,1,2,5,12.162996031746031,26.84404761904762
14,25,1,1,1,4,3,2,16.180853174603175,27.366071428571427
14,26,1,1,1,4,3,6,16.18561507936508,27.429761904761904
14,27,1,1,1,2,2,4,13.17688492063492,27.264880952380953
14,28,1,4,3,4,3,1,21.106051587301586,27.44107142857143
14,29,1,1,1,2,1,3,12.26656746031746,26.879761904761903
14,30,1,1,1,1,1,6,11.144047619047619,26.492261904761904
14,31,1,1,2,1,2,2,13.079365079365079,26.916666666666668
14,32,1,1,1,1,2,5,12.162996031746031,26.84404761904762
14,33,1,1,1,1,1,6,11.144047619047619,26.492261904761904
14,34,1,1,1,2,2,4,13.17688492063492,27.264880952380953
14,35,1,1,1,4,3,6,16.18561507936508,27.429761904761904
14,36,1,1,1,1,1,4,11.176190476190476,26.570833333333333
14,37,1,1,1,1,2,6,12.133928571428571,26.83809523809524
14,38,1,2,1,3,5,6,18.199007936507936,27.435714285714287
14,39,1,1,1,1,1,4,11.176190476190476,26.570833333333333
14,40,1,1,1,4,3,2,16.180853174603175,27.366071428571427
14,41,1,2,1,3,5,6,18.199007936507936,27.435714285714287
14,42,1,1,1,4,3,2,16.180853174603175,27.366071428571427
14,43,1,2,1,3,5,6,18.199007936507936,27.435714285714287
14,44,1,1,1,4,3,2,16.180853174603175,27.366071428571427
14,45,1,1,1,4,3,2,16.180853174603175,27.366071428571427
14,46,1,1,1,1,1,6,11.144047619047619,26.492261904761904
14,47,1,1,1,1,2,5,12.162996031746031,26.84404761904762
14,48,1,1,1,1,1,6,11.144047619047619,26.492261904761904
14,49,1,2,1,3,5,6,18.199007936507936,27.435714285714287
15,0,3,2,5,5,4,6,25.12202380952381,27.448809523809523
15,1,1,1,1,1,1,6,11.144047619047619,26.492261904761904
15,2,3,2,5,5,4,6,25.12202380952381,27.448809523809523
15,3,1,1,1,1,1,6,11.144047619047619,26.492261904761904
15,4,1,1,2,1,2,2,13.079365079365079,26.916666666666668
15,5,1,1,1,2,2,4,13.17688492063492,27.264880952380953
15,6,1,4,3,4,3,1,21.106051587301586,27.44107142857143
15,7,1,1,1,1,1,4,11.176190476190476,26.570833333333333
15,8,1,1,1,1,2,6,12.133928571428571,26.83809523809524
15,9,1,1,1,2,2,6,13.29751984126984,27.330952380952382
15,10,1,1,2,3,3,2,16.146428571428572,27.357142857142858
15,11,1,4,3,4,3,1,21.106051587301586,27.44107142857143
15,12,1,2,1,3,5,6,18.199007936507936,27.435714285714287
15,13,1,1,1,4,3,6,16.18561507936508,27.429761904761904
15,14,1,1,1,1,1,4,11.176190476190476,26.570833333333333
15,15,1,2,1,3,5,6,18.199007936507936,27.435714285714287
15,16,1,1,1,2,1,3,12.26656746031746,26.879761904761903
15,17,1,1,1,2,2,4,13.17688492063492,27.264880952380953
15,18,1,1,1,1,2,6,12.133928571428571,26.83809523809524
15,19,1,1,1,4,3,2,16.180853174603175,27.366071428571427
15,20,1,1,1,2,1,3,12.26656746031746,26.879761904761903
15,21,1,1,2,1,2,2,13.079365079365079,26.916666666666668
15,22,1,1,1,1,2,5,12.162996031746031,26.84404761904762
15,23,1,1,1,2,2,6,13.29751984126984,27.330952380952382
15,24,1,1,1,1,2,5,12.162996031746031,26.84404761904762
15,25,1,1,1,4,3,2,16.180853174603175,27.366071428571427
15,26,1,1,1,4,3,6,16.18561507936508,27.429761904761904
15,27,1,1,1,4,3,2,16.180853174603175,27.366071428571427
15,28,1,1,1,1,1,6,11.144047619047619,26.492261904761904
15,29,1,1,1,4,3,2,16.180853174603175,27.366071428571427
15,30,1,2,1,3,5,6,18.199007936507936,27.435714285714287
15,31,1,1,1,4,3,2,16.180853174603175,27.366071428571427
15,32,1,1,1,1,2,6,12.133928571428571,26.83809523809524
15,33,1,1,1,2,1,3,12.26656746031746,26.879761904761903
15,34,1,2,1,3,5,6,18.199007936507936,27.435714285714287
15,35,1,1,1,4,3,2,16.180853174603175,27.366071428571427
15,36,1,1,1,1,2,5,12.162996031746031,26.84404761904762
15,37,1,4,3,4,3,1,21.106051587301586,27.44107142857143
15,38,1,1,1,1,1,6,11.144047619047619,26.492261904761904
15,39,1,1,1,1,1,6,11.144047619047619,26.492261904761904
15,40,1,4,3,4,3,1,21.106051587301586,27.44107142857143
15,41,1,1,1,1,1,6,11.144047619047619,26.492261904761904
15,42,1,1,1,1,1,4,11.176190476190476,26.570833333333333
15,43,1,1,1,1,1,4,11.176190476190476,26.570833333333333
15,44,1,1,1,2,2,6,13.29751984126984,27.330952380952382
15,45,1,1,1,2,2,4,13.17688492063492,27.264880952380953
15,46,1,1,2,1,2,2,13.079365079365079,26.916666666666668
15,47,1,1,1,1,2,5,12.162996031746031,26.84404761904762
15,48,1,1,1,4,3,2,16.180853174603175,27.366071428571427
15,49,1,2,1,3,5,6,18.199007936507936,27.435714285714287
16,0,1,1,1,1,1,6,11.144047619047619,26.492261904761904
16,1,1,1,1,1,1,6,11.144047619047619,26.492261904761904
16,2,3,4,3,5,4,6,25.159623015873017,27.451785714285716
16,3,1,1,2,1,2,2,13.079365079365079,26.916666666666668
16,4,1,1,1,2,2,4,13.17688492063492,27.264880952380953
16,5,1,4,3,4,3,1,21.106051587301586,27.44107142857143
16,6,3,2,5,5,4,6,25.12202380952381,27.448809523809523
16,7,1,1,1,1,1,4,11.176190476190476,26.570833333333333
16,8,1,1,1,1,2,6,12.133928571428571,26.83809523809524
16,9,1,1,1,2,2,6,13.29751984126984,27.330952380952382
16,10,1,1,2,3,3,2,16.146428571428572,27.357142857142858
16,11,1,4,3,4,3,1,21.106051587301586,27.44107142857143
16,12,1,2,1,3,5,6,18.199007936507936,27.435714285714287
16,13,1,1,1,4,3,6,16.18561507936508,27.429761904761904
16,14,1,1,1,1,1,4,11.176190476190476,26.570833333333333
16,15,1,2,1,3,5,6,18.199007936507936,27.435714285714287
16,16,1,1,1,2,1,3,12.26656746031746,26.879761904761903
16,17,1,1,1,2,2,4,13.17688492063492,27.264880952380953
16,18,1,1,1,1,2,6,12.133928571428571,26.83809523809524
16,19,1,1,1,4,3,2,16.180853174603175,27.366071428571427
16,20,1,1,1,2,1,3,12.26656746031746,26.879761904761903
16,21,1,1,2,1,2,2,13.079365079365079,26.916666666666668
16,22,1,1,1,1,2,5,12.162996031746031,26.84404761904762
16,23,1,1,1,2,2,6,13.29751984126984,27.330952380952382
16,24,1,1,1,1,2,5,12.162996031746031,26.84404761904762
16,25,3,2,5,5,4,6,25.12202380952381,27.448809523809523
16,26,1,1,1,4,3,2,16.180853174603175,27.366071428571427
16,27,1,1,1,4,3,6,16.18561507936508,27.429761904761904
16,28,1,4,3,4,3,1,21.106051587301586,27.44107142857143
16,29,1,1,1,1,2,6,12.133928571428571,26.83809523809524
16,30,1,2,1,3,5,6,18.199007936507936,27.435714285714287
16,31,1,1,1,1,1,4,11.176190476190476,26.570833333333333
16,32,1,1,1,4,3,2,16.180853174603175,27.366071428571427
16,33,1,1,1,4,3,2,16.180853174603175,27.366071428571427
16,34,1,1,1,4,3,2,16.180853174603175,27.366071428571427
16,35,1,1,1,1,1,4,11.176190476190476,26.570833333333333
16,36,1,1,1,2,2,6,13.29751984126984,27.330952380952382
16,37,1,1,1,2,1,3,12.26656746031746,26.879761904761903
16,38,1,2,1,3,5,6,18.199007936507936,27.435714285714287
16,39,1,1,1,1,1,4,11.176190476190476,26.570833333333333
16,40,1,1,1,2,2,6,13.29751984126984,27.330952380952382
16,41,1,1,1,1,2,6,12.133928571428571,26.83809523809524
16,42,1,1,1,2,1,3,12.26656746031746,26.879761904761903
16,43,1,2,1,3,5,6,18.199007936507936,27.435714285714287
16,44,1,1,1,1,1,6,11.144047619047619,26.492261904761904
16,45,1,1,1,2,2,4,13.17688492063492,27.264880952380953
16,46,1,1,1,1,2,6,12.133928571428571,26.83809523809524
16,47,1,1,1,1,1,6,11.144047619047619,26.492261904761904
16,48,1,1,1,1,2,6,12.133928571428571,26.83809523809524
16,49,1,1,1,1,2,6,12.133928571428571,26.83809523809524
17,0,1,1,1,1,1,6,11.144047619047619,26.492261904761904
17,1,1,1,1,1,1,6,11.144047619047619,26.492261904761904
17,2,3,4,3,5,4,6,25.159623015873017,27.451785714285716
17,3,1,1,2,1,2,2,13.079365079365079,26.916666666666668
17,4,1,1,1,2,2,4,13.17688492063492,27.264880952380953
17,5,1,4,3,4,3,1,21.106051587301586,27.44107142857143
17,6,3,2,5,5,4,6,25.12202380952381,27.448809523809523
17,7,1,1,1,1,1,4,11.176190476190476,26.570833333333333
17,8,1,1,1,1,2,6,12.133928571428571,26.83809523809524
17,9,1,1,1,3,3,4,15.257242063492063,27.342261904761905
17,10,1,4,3,4,3,1,21.106051587301586,27.44107142857143
17,11,1,2,1,3,5,6,18.199007936507936,27.435714285714287
17,12,1,1,1,4,3,6,16.18561507936508,27.429761904761904
17,13,1,1,1,2,2,6,13.29751984126984,27.330952380952382
17,14,1,1,1,1,1,4,11.176190476190476,26.570833333333333
17,15,1,2,1,3,5,6,18.199007936507936,27.435714285714287
17,16,1,1,1,2,1,3,12.26656746031746,26.879761904761903
17,17,1,1,2,3,3,2,16.146428571428572,27.357142857142858
17,18,1,1,1,2,2,4,13.17688492063492,27.264880952380953
17,19,1,1,1,1,2,6,12.133928571428571,26.83809523809524
17,20,1,1,1,4,3,2,16.180853174603175,27.366071428571427
17,21,1,1,1,2,1,3,12.26656746031746,26.879761904761903
17,22,1,1,2,1,2,2,13.079365079365079,26.916666666666668
17,23,1,1,1,1,2,5,12.162996031746031,26.84404761904762
17,24,1,1,1,2,2,6,13.29751984126984,27.330952380952382
17,25,1,1,1,1,2,5,12.162996031746031,26.84404761904762
17,26,3,2,5,5,4,6,25.12202380952381,27.448809523809523
17,27,1,1,1,4,3,2,16.180853174603175,27.366071428571427
17,28,1,1,1,4,3,6,16.18561507936508,27.429761904761904
17,29,1,1,1,1,1,4,11.176190476190476,26.570833333333333
17,30,1,1,1,4,3,2,16.180853174603175,27.366071428571427
17,31,1,1,1,1,1,6,11.144047619047619,26.492261904761904
17,32,1,1,2,1,2,2,13.079365079365079,26.916666666666668
17,33,1,1,1,2,2,6,13.29751984126984,27.330952380952382
17,34,1,2,1,3,5,6,18.199007936507936,27.435714285714287
17,35,1,1,1,2,2,6,13.29751984126984,27.330952380952382
17,36,1,1,1,1,1,4,11.176190476190476,26.570833333333333
17,37,1,1,1,1,1,4,11.176190476190476,26.570833333333333
17,38,1,1,1,1,2,6,12.133928571428571,26.83809523809524
17,39,1,1,1,2,2,6,13.29751984126984,27.330952380952382
17,40,1,1,1,2,2,6,13.29751984126984,27.330952380952382
17,41,1,1,1,4,3,2,16.180853174603175,27.366071428571427
17,42,1,1,1,1,2,5,12.162996031746031,26.84404761904762
17,43,1,1,1,1,1,6,11.144047619047619,26.492261904761904
17,44,1,1,1,1,2,6,12.133928571428571,26.83809523809524
17,45,1,4,3,4,3,1,21.106051587301586,27.44107142857143
17,46,1,2,1,3,5,6,18.199007936507936,27.435714285714287
17,47,1,1,1,2,2,4,13.17688492063492,27.264880952380953
17,48,1,1,1,4,3,2,16.180853174603175,27.366071428571427
17,49,1,1,1,1,1,4,11.176190476190476,26.570833333333333
18,0,1,1,1,1,1,6,11.144047619047619,26.492261904761904
18,1,3,1,6,5,4,6,25.063095238095237,27.47738095238095
18,2,1,1,1,1,1,6,11.144047619047619,26.492261904761904
18,3,1,1,2,1,2,2,13.079365079365079,26.916666666666668
18,4,1,1,1,2,2,4,13.17688492063492,27.264880952380953
18,5,1,4,3,4,3,1,21.106051587301586,27.44107142857143
18,6,1,1,1,1,1,4,11.176190476190476,26.570833333333333
18,7,1,1,1,1,2,6,12.133928571428571,26.83809523809524
18,8,1,4,3,4,3,1,21.106051587301586,27.44107142857143
18,9,1,1,1,3,3,4,15.257242063492063,27.342261904761905
18,10,1,2,1,3,5,6,18.199007936507936,27.435714285714287
18,11,1,1,1,4,3,6,16.18561507936508,27.429761904761904
18,12,1,1,1,2,2,6,13.29751984126984,27.330952380952382
18,13,1,2,1,3,5,6,18.199007936507936,27.435714285714287
18,14,1,1,1,1,1,4,11.176190476190476,26.570833333333333
18,15,1,1,1,2,1,3,12.26656746031746,26.879761904761903
18,16,1,1,1,1,2,6,12.133928571428571,26.83809523809524
18,17,1,1,1,2,2,4,13.17688492063492,27.264880952380953
18,18,1,1,2,3,3,2,16.146428571428572,27.357142857142858
18,19,1,1,1,4,3,2,16.180853174603175,27.366071428571427
18,20,1,1,1,2,1,3,12.26656746031746,26.879761904761903
18,21,1,1,2,1,2,2,13.079365079365079,26.916666666666668
18,22,1,1,1,1,2,5,12.162996031746031,26.84404761904762
18,23,1,1,1,2,2,6,13.29751984126984,27.330952380952382
18,24,1,1,2,3,3,2,16.146428571428572,27.357142857142858
18,25,1,1,1,1,2,5,12.162996031746031,26.84404761904762
18,26,1,1,1,4,3,2,16.180853174603175,27.366071428571427
18,27,1,1,1,4,3,6,16.18561507936508,27.429761904761904
18,28,1,1,1,1,2,5,12.162996031746031,26.84404761904762
18,29,1,1,2,1,2,2,13.079365079365079,26.916666666666668
18,30,1,1,1,1,2,6,12.133928571428571,26.83809523809524
18,31,1,1,1,4,3,6,16.18561507936508,27.429761904761904
18,32,1,1,1,1,2,5,12.162996031746031,26.84404761904762
18,33,1,1,1,4,3,2,16.180853174603175,27.366071428571427
18,34,1,1,1,2,2,6,13.29751984126984,27.330952380952382
18,35,1,1,1,1,1,6,11.144047619047619,26.492261904761904
18,36,1,1,1,2,2,6,13.29751984126984,27.330952380952382
18,37,1,1,1,4,3,2,16.180853174603175,27.366071428571427
18,38,1,4,3,4,3,1,21.106051587301586,27.44107142857143
18,39,1,1,1,2,2,4,13.17688492063492,27.264880952380953
18,40,1,1,1,2,2,4,13.17688492063492,27.264880952380953
18,41,1,1,1,1,2,6,12.133928571428571,26.83809523809524
18,42,1,1,1,1,1,6,11.144047619047619,26.492261904761904
18,43,1,1,1,1,2,6,12.133928571428571,26.83809523809524
18,44,1,2,1,3,5,6,18.199007936507936,27.435714285714287
18,45,1,1,1,1,1,4,11.176190476190476,26.570833333333333
18,46,1,1,1,2,1,3,12.26656746031746,26.879761904761903
18,47,1,1,1,1,1,4,11.176190476190476,26.570833333333333
18,48,1,1,1,1,2,6,12.133928571428571,26.83809523809524
18,49,1,1,1,1,1,6,11.144047619047619,26.492261904761904
19,0,3,1,6,5,4,6,25.063095238095237,27.47738095238095
19,1,1,1,1,1,1,6,11.144047619047619,26.492261904761904
19,2,1,1,1,1,1,6,11.144047619047619,26.492261904761904
19,3,1,1,1,1,2,1,12.068452380952381,26.891666666666666
19,4,1,1,1,2,2,1,13.084623015873015,27.18095238095238
19,5,1,1,2,1,2,2,13.079365079365079,26.916666666666668
19,6,1,1,1,1,1,4,11.176190476190476,26.570833333333333
19,7,1,4,3,4,3,1,21.106051587301586,27.44107142857143
19,8,1,4,3,4,3,1,21.106051587301586,27.44107142857143
19,9,1,2,1,3,5,6,18.199007936507936,27.435714285714287
19,10,1,1,1,4,3,6,16.18561507936508,27.429761904761904
19,11,1,1,1,2,2,6,13.29751984126984,27.330952380952382
19,12,1,1,1,3,3,4,15.257242063492063,27.342261904761905
19,13,1,2,1,3,5,6,18.199007936507936,27.435714285714287
19,14,1,1,1,1,1,4,11.176190476190476,26.570833333333333
19,15,1,1,1,2,2,4,13.17688492063492,27.264880952380953
19,16,1,1,1,3,3,4,15.257242063492063,27.342261904761905
19,17,1,1,1,2,2,4,13.17688492063492,27.264880952380953
19,18,1,1,2,3,3,2,16.146428571428572,27.357142857142858
19,19,1,1,1,4,3,2,16.180853174603175,27.366071428571427
19,20,1,1,2,1,2,2,13.079365079365079,26.916666666666668
19,21,1,1,1,2,2,6,13.29751984126984,27.330952380952382
19,22,1,1,2,3,3,2,16.146428571428572,27.357142857142858
19,23,1,1,1,4,3,2,16.180853174603175,27.366071428571427
19,24,1,1,1,4,3,6,16.18561507936508,27.429761904761904
19,25,1,1,1,2,2,4,13.17688492063492,27.264880952380953
19,26,1,1,1,1,1,4,11.176190476190476,26.570833333333333
19,27,1,1,2,3,3,2,16.146428571428572,27.357142857142858
19,28,1,1,1,1,1,4,11.176190476190476,26.570833333333333
19,29,1,1,2,1,2,2,13.079365079365079,26.916666666666668
19,30,1,1,1,2,2,6,13.29751984126984,27.330952380952382
19,31,1,1,1,2,2,4,13.17688492063492,27.264880952380953
19,32,1,4,3,4,3,1,21.106051587301586,27.44107142857143
19,33,1,1,1,4,3,2,16.180853174603175,27.366071428571427
19,34,1,1,1,1,1,6,11.144047619047619,26.492261904761904
19,35,1,1,1,4,3,6,16.18561507936508,27.429761904761904
19,36,1,1,2,1,2,2,13.079365079365079,26.916666666666668
19,37,1,1,1,1,1,6,11.144047619047619,26.492261904761904
19,38,1,1,2,1,2,2,13.079365079365079,26.916666666666668
19,39,1,1,1,1,1,6,11.144047619047619,26.492261904761904
19,40,1,1,1,4,3,2,16.180853174603175,27.366071428571427
19,41,1,1,1,4,3,6,16.18561507936508,27.429761904761904
19,42,1,1,1,2,2,6,13.29751984126984,27.330952380952382
19,43,1,1,1,1,1,4,11.176190476190476,26.570833333333333
19,44,1,1,1,2,2,6,13.29751984126984,27.330952380952382
19,45,1,1,1,1,1,6,11.144047619047619,26.492261904761904
19,46,1,1,1,2,2,6,13.29751984126984,27.330952380952382
19,47,1,1,1,4,3,6,16.18561507936508,27.429761904761904
19,48,1,1,1,1,1,6,11.144047619047619,26.492261904761904
19,49,1,2,1,3,5,6,18.199007936507936,27.435714285714287
20,0,1,1,1,1,1,6,11.144047619047619,26.492261904761904
20,1,1,1,1,1,1,6,11.144047619047619,26.492261904761904
20,2,3,1,6,5,4,6,25.063095238095237,27.47738095238095
20,3,1,1,1,1,2,1,12.068452380952381,26.891666666666666
20,4,1,1,2,1,2,2,13.079365079365079,26.916666666666668
20,5,1,1,1,1,1,4,11.176190476190476,26.570833333333333
20,6,1,4,3,4,3,1,21.106051587301586,27.44107142857143
20,7,1,1,1,2,2,1,13.084623015873015,27.18095238095238
20,8,1,4,3,4,3,1,21.106051587301586,27.44107142857143
20,9,1,2,1,3,5,6,18.199007936507936,27.435714285714287
20,10,1,1,1,4,3,6,16.18561507936508,27.429761904761904
20,11,1,1,1,2,2,6,13.29751984126984,27.330952380952382
20,12,1,1,1,3,3,4,15.257242063492063,27.342261904761905
20,13,1,2,1,3,5,6,18.199007936507936,27.435714285714287
20,14,1,1,1,1,1,4,11.176190476190476,26.570833333333333
20,15,1,1,1,2,2,4,13.17688492063492,27.264880952380953
20,16,1,1,1,1,2,1,12.068452380952381,26.891666666666666
20,17,1,1,1,2,2,1,13.084623015873015,27.18095238095238
20,18,1,1,1,3,3,4,15.257242063492063,27.342261904761905
20,19,1,1,1,2,2,4,13.17688492063492,27.264880952380953
20,20,1,1,2,3,3,2,16.146428571428572,27.357142857142858
20,21,1,1,1,4,3,2,16.180853174603175,27.366071428571427
20,22,1,1,2,1,2,2,13.079365079365079,26.916666666666668
20,23,1,1,1,2,2,6,13.29751984126984,27.330952380952382
20,24,1,1,2,3,3,2,16.146428571428572,27.357142857142858
20,25,1,1,1,4,3,2,16.180853174603175,27.366071428571427
20,26,1,1,1,4,3,6,16.18561507936508,27.429761904761904
20,27,1,1,1,1,1,4,11.176190476190476,26.570833333333333
20,28,1,2,1,3,5,6,18.199007936507936,27.435714285714287
20,29,1,1,2,1,2,2,13.079365079365079,26.916666666666668
20,30,1,1,1,1,1,6,11.144047619047619,26.492261904761904
20,31,1,1,1,4,3,6,16.18561507936508,27.429761904761904
20,32,1,1,2,1,2,2,13.079365079365079,26.916666666666668
20,33,1,1,1,1,1,6,11.144047619047619,26.492261904761904
20,34,1,1,1,2,2,4,13.17688492063492,27.264880952380953
20,35,1,4,3,4,3,1,21.106051587301586,27.44107142857143
20,36,1,1,1,4,3,6,16.18561507936508,27.429761904761904
20,37,1,2,1,3,5,6,18.199007936507936,27.435714285714287
20,38,1,1,1,2,2,6,13.29751984126984,27.330952380952382
20,39,1,1,1,1,1,6,11.144047619047619,26.492261904761904
20,40,1,1,1,1,1,4,11.176190476190476,26.570833333333333
20,41,1,1,1,2,2,4,13.17688492063492,27.264880952380953
20,42,1,1,1,1,1,6,11.144047619047619,26.492261904761904
20,43,1,4,3,4,3,1,21.106051587301586,27.44107142857143
20,44,1,1,1,1,1,6,11.144047619047619,26.492261904761904
20,45,1,1,1,1,1,6,11.144047619047619,26.492261904761904
20,46,1,1,1,1,1,6,11.144047619047619,26.492261904761904
20,47,1,1,2,1,2,2,13.079365079365079,26.916666666666668
20,48,1,1,1,2,2,1,13.084623015873015,27.18095238095238
20,49,1,1,1,1,1,6,11.144047619047619,26.492261904761904
21,0,3,1,6,5,4,6,25.063095238095237,27.47738095238095
21,1,1,1,1,1,1,1,11.085615079365079,26.465476190476192
21,2,3,1,6,5,4,6,25.063095238095237,27.47738095238095
21,3,1,1,1,1,2,1,12.068452380952381,26.891666666666666
21,4,1,1,2,1,2,2,13.079365079365079,26.916666666666668
21,5,1,1,1,1,1,4,11.176190476190476,26.570833333333333
21,6,1,4,3,4,3,1,21.106051587301586,27.44107142857143
21,7,1,1,1,2,2,1,13.084623015873015,27.18095238095238
21,8,1,4,3,4,3,1,21.106051587301586,27.44107142857143
21,9,1,2,1,3,5,6,18.199007936507936,27.435714285714287
21,10,1,1,1,4,3,6,16.18561507936508,27.429761904761904
21,11,1,1,1,2,2,6,13.29751984126984,27.330952380952382
21,12,1,1,1,3,3,4,15.257242063492063,27.342261904761905
21,13,1,2,1,3,5,6,18.199007936507936,27.435714285714287
21,14,1,1,1,1,1,4,11.176190476190476,26.570833333333333
21,15,1,1,1,2,2,4,13.17688492063492,27.264880952380953
21,16,1,1,1,1,2,1,12.068452380952381,26.891666666666666
21,17,1,1,1,2,2,1,13.084623015873015,27.18095238095238
21,18,1,1,1,1,1,6,11.144047619047619,26.492261904761904
21,19,1,1,1,3,3,4,15.257242063492063,27.342261904761905
21,20,1,1,2,3,3,2,16.146428571428572,27.357142857142858
21,21,1,1,1,2,2,4,13.17688492063492,27.264880952380953
21,22,1,1,1,4,3,2,16.180853174603175,27.366071428571427
21,23,1,1,1,1,1,6,11.144047619047619,26.492261904761904
21,24,1,1,2,1,2,2,13.079365079365079,26.916666666666668
21,25,1,1,1,2,2,6,13.29751984126984,27.330952380952382
21,26,1,1,2,3,3,2,16.146428571428572,27.357142857142858
21,27,1,1,1,4,3,2,16.180853174603175,27.366071428571427
21,28,1,1,1,4,3,6,16.18561507936508,27.429761904761904
21,29,1,1,1,2,2,4,13.17688492063492,27.264880952380953
21,30,1,1,1,2,2,6,13.29751984126984,27.330952380952382
21,31,1,1,1,1,1,6,11.144047619047619,26.492261904761904
21,32,1,1,2,1,2,2,13.079365079365079,26.916666666666668
21,33,1,2,1,3,5,6,18.199007936507936,27.435714285714287
21,34,1,1,1,4,3,6,16.18561507936508,27.429761904761904
21,35,1,1,1,1,1,6,11.144047619047619,26.492261904761904
21,36,1,1,1,4,3,6,16.18561507936508,27.429761904761904
21,37,1,1,1,2,2,6,13.29751984126984,27.330952380952382
21,38,1,2,1,3,5,6,18.199007936507936,27.435714285714287
21,39,1,1,1,4,3,6,16.18561507936508,27.429761904761904
21,40,1,1,2,3,3,2,16.146428571428572,27.357142857142858
21,41,1,1,1,2,2,4,13.17688492063492,27.264880952380953
21,42,1,1,1,1,1,6,11.144047619047619,26.492261904761904
21,43,1,4,3,4,3,1,21.106051587301586,27.44107142857143
21,44,1,1,1,2,2,6,13.29751984126984,27.330952380952382
21,45,1,1,2,1,2,2,13.079365079365079,26.916666666666668
21,46,1,1,1,1,1,4,11.176190476190476,26.570833333333333
21,47,1,1,1,1,1,6,11.144047619047619,26.492261904761904
21,48,1,1,1,2,2,4,13.17688492063492,27.264880952380953
21,49,1,1,1,4,3,6,16.18561507936508,27.429761904761904
22,0,3,1,6,5,4,6,25.063095238095237,27.47738095238095
22,1,3,1,6,5,4,6,25.063095238095237,27.47738095238095
22,2,1,1,1,1,1,1,11.085615079365079,26.465476190476192
22,3,1,1,1,1,1,1,11.085615079365079,26.465476190476192
22,4,1,1,1,1,2,1,12.068452380952381,26.891666666666666
22,5,1,1,2,1,2,2,13.079365079365079,26.916666666666668
22,6,1,1,1,1,1,4,11.176190476190476,26.570833333333333
22,7,1,4,3,4,3,1,21.106051587301586,27.44107142857143
22,8,1,1,1,2,2,1,13.084623015873015,27.18095238095238
22,9,1,4,3,4,3,1,21.106051587301586,27.44107142857143
22,10,1,2,1,3,5,6,18.199007936507936,27.435714285714287
22,11,1,1,1,4,3,6,16.18561507936508,27.429761904761904
22,12,1,1,1,2,2,6,13.29751984126984,27.330952380952382
22,13,1,1,1,3,3,4,15.257242063492063,27.342261904761905
22,14,1,2,1,3,5,6,18.199007936507936,27.435714285714287
22,15,1,1,1,1,1,4,11.176190476190476,26.570833333333333
22,16,1,1,1,2,2,4,13.17688492063492,27.264880952380953
22,17,1,1,1,1,2,1,12.068452380952381,26.891666666666666
22,18,1,1,1,2,2,1,13.084623015873015,27.18095238095238
22,19,1,1,1,1,1,6,11.144047619047619,26.492261904761904
22,20,1,1,1,3,3,4,15.257242063492063,27.342261904761905
22,21,1,1,2,3,3,2,16.146428571428572,27.357142857142858
22,22,1,1,1,2,2,4,13.17688492063492,27.264880952380953
22,23,1,1,1,4,3,2,16.180853174603175,27.366071428571427
22,24,1,1,1,1,1,6,11.144047619047619,26.492261904761904
22,25,1,1,2,1,2,2,13.079365079365079,26.916666666666668
22,26,1,1,1,2,2,6,13.29751984126984,27.330952380952382
22,27,1,1,2,3,3,2,16.146428571428572,27.357142857142858
22,28,1,1,1,4,3,2,16.180853174603175,27.366071428571427
22,29,1,1,1,4,3,6,16.18561507936508,27.429761904761904
22,30,1,1,1,4,3,6,16.18561507936508,27.429761904761904
22,31,1,1,2,1,2,2,13.079365079365079,26.916666666666668
22,32,1,2,1,3,5,6,18.199007936507936,27.435714285714287
22,33,1,2,1,3,5,6,18.199007936507936,27.435714285714287
22,34,1,1,1,1,1,6,11.144047619047619,26.492261904761904
22,35,1,1,1,2,2,4,13.17688492063492,27.264880952380953
22,36,1,1,1,2,2,4,13.17688492063492,27.264880952380953
22,37,1,2,1,3,5,6,18.199007936507936,27.435714285714287
22,38,1,1,1,2,2,4,13.17688492063492,27.264880952380953
22,39,1,1,1,2,2,6,13.29751984126984,27.330952380952382
22,40,1,1,2,3,3,2,16.146428571428572,27.357142857142858
22,41,1,1,2,3,3,2,16.146428571428572,27.357142857142858
22,42,1,1,1,2,2,6,13.29751984126984,27.330952380952382
22,43,1,1,1,1,1,4,11.176190476190476,26.570833333333333
22,44,1,1,1,1,1,6,11.144047619047619,26.492261904761904
22,45,1,1,1,1,1,1,11.085615079365079,26.465476190476192
22,46,1,1,1,3,3,4,15.257242063492063,27.342261904761905
22,47,1,1,1,1,1,6,11.144047619047619,26.492261904761904
22,48,1,1,1,1,1,6,11.144047619047619,26.492261904761904
22,49,1,1,1,4,3,2,16.180853174603175,27.366071428571427
23,0,1,1,1,1,1,1,11.085615079365079,26.465476190476192
23,1,1,1,1,1,1,1,11.085615079365079,26.465476190476192
23,2,3,1,6,5,4,6,25.063095238095237,27.47738095238095
23,3,3,1,6,5,4,6,25.063095238095237,27.47738095238095
23,4,1,1,1,1,2,1,12.068452380952381,26.891666666666666
23,5,1,1,2,1,2,2,13.079365079365079,26.916666666666668
23,6,1,1,1,1,1,4,11.176190476190476,26.570833333333333
23,7,1,4,3,4,3,1,21.106051587301586,27.44107142857143
23,8,1,1,1,2,2,1,13.084623015873015,27.18095238095238
23,9,1,1,2,3,2,1,15.087599206349207,27.348214285714285
23,10,1,3,3,5,3,1,20.91934523809524,27.439880952380953
23,11,1,1,1,4,3,6,16.18561507936508,27.429761904761904
23,12,1,2,1,3,5,6,18.199007936507936,27.435714285714287
23,13,1,1,1,2,2,6,13.29751984126984,27.330952380952382
23,14,1,2,1,3,5,6,18.199007936507936,27.435714285714287
23,15,1,1,1,1,1,4,11.176190476190476,26.570833333333333
23,16,1,1,1,2,2,4,13.17688492063492,27.264880952380953
23,17,1,1,1,1,2,1,12.068452380952381,26.891666666666666
23,18,1,1,2,3,3,2,16.146428571428572,27.357142857142858
23,19,1,1,1,2,2,1,13.084623015873015,27.18095238095238
23,20,1,1,1,1,1,6,11.144047619047619,26.492261904761904
23,21,1,1,1,2,2,4,13.17688492063492,27.264880952380953
23,22,1,1,1,4,3,2,16.180853174603175,27.366071428571427
23,23,1,4,3,4,3,1,21.106051587301586,27.44107142857143
23,24,1,1,1,1,1,6,11.144047619047619,26.492261904761904
23,25,1,1,1,2,2,6,13.29751984126984,27.330952380952382
23,26,1,1,2,1,2,2,13.079365079365079,26.916666666666668
23,27,1,1,2,3,3,2,16.146428571428572,27.357142857142858
23,28,1,1,1,4,3,2,16.180853174603175,27.366071428571427
23,29,1,1,1,4,3,6,16.18561507936508,27.429761904761904
23,30,1,1,1,1,1,6,11.144047619047619,26.492261904761904
23,31,1,2,1,3,5,6,18.199007936507936,27.435714285714287
23,32,1,1,1,1,1,4,11.176190476190476,26.570833333333333
23,33,1,1,1,1,1,6,11.144047619047619,26.492261904761904
23,34,1,1,1,1,2,1,12.068452380952381,26.891666666666666
23,35,1,1,2,1,2,2,13.079365079365079,26.916666666666668
23,36,1,2,1,3,5,6,18.199007936507936,27.435714285714287
23,37,1,1,1,1,1,6,11.144047619047619,26.492261904761904
23,38,1,1,1,4,3,6,16.18561507936508,27.429761904761904
23,39,1,1,1,4,3,6,16.18561507936508,27.429761904761904
23,40,1,1,1,1,1,4,11.176190476190476,26.570833333333333
23,41,1,1,1,1,1,4,11.176190476190476,26.570833333333333
23,42,1,1,1,2,2,1,13.084623015873015,27.18095238095238
23,43,1,2,1,3,5,6,18.199007936507936,27.435714285714287
23,44,1,1,1,2,2,4,13.17688492063492,27.264880952380953
23,45,1,2,1,3,5,6,18.199007936507936,27.435714285714287
23,46,1,1,2,3,3,2,16.146428571428572,27.357142857142858
23,47,1,1,1,2,2,4,13.17688492063492,27.264880952380953
23,48,1,1,1,2,2,4,13.17688492063492,27.264880952380953
23,49,1,1,1,2,2,6,13.29751984126984,27.330952380952382
24,0,3,1,6,5,4,6,25.063095238095237,27.47738095238095
24,1,3,1,6,5,4,6,25.063095238095237,27.47738095238095
24,2,1,1,1,1,1,1,11.085615079365079,26.465476190476192
24,3,1,1,1,1,1,1,11.085615079365079,26.465476190476192
24,4,1,1,1,1,2,1,12.068452380952381,26.891666666666666
24,5,1,1,2,1,2,2,13.079365079365079,26.916666666666668
24,6,1,1,1,1,1,4,11.176190476190476,26.570833333333333
24,7,1,4,3,4,3,1,21.106051587301586,27.44107142857143
24,8,1,1,1,2,2,1,13.084623015873015,27.18095238095238
24,9,1,3,3,5,3,1,20.91934523809524,27.439880952380953
24,10,1,1,1,4,3,6,16.18561507936508,27.429761904761904
24,11,1,2,1,3,5,6,18.199007936507936,27.435714285714287
24,12,1,1,1,2,2,6,13.29751984126984,27.330952380952382
24,13,1,2,1,3,5,6,18.199007936507936,27.435714285714287
24,14,1,1,1,1,1,4,11.176190476190476,26.570833333333333
24,15,1,1,2,3,2,1,15.087599206349207,27.348214285714285
24,16,1,1,2,3,2,1,15.087599206349207,27.348214285714285
24,17,1,1,1,2,2,4,13.17688492063492,27.264880952380953
24,18,1,1,1,1,2,1,12.068452380952381,26.891666666666666
24,19,1,1,2,3,3,2,16.146428571428572,27.357142857142858
24,20,1,1,1,2,2,1,13.084623015873015,27.18095238095238
24,21,1,1,1,1,1,6,11.144047619047619,26.492261904761904
24,22,1,1,1,2,2,4,13.17688492063492,27.264880952380953
24,23,1,1,1,4,3,2,16.180853174603175,27.366071428571427
24,24,1,4,3,4,3,1,21.106051587301586,27.44107142857143
24,25,1,1,1,1,1,6,11.144047619047619,26.492261904761904
24,26,1,1,1,2,2,6,13.29751984126984,27.330952380952382
24,27,1,1,2,1,2,2,13.079365079365079,26.916666666666668
24,28,1,1,2,3,3,2,16.146428571428572,27.357142857142858
24,29,1,1,1,4,3,2,16.180853174603175,27.366071428571427
24,30,1,1,1,4,3,6,16.18561507936508,27.429761904761904
24,31,1,1,1,2,2,1,13.084623015873015,27.18095238095238
24,32,1,1,1,2,2,6,13.29751984126984,27.330952380952382
24,33,1,1,1,1,1,4,11.176190476190476,26.570833333333333
24,34,1,1,1,4,3,6,16.18561507936508,27.429761904761904
24,35,1,1,1,1,1,4,11.176190476190476,26.570833333333333
24,36,1,1,1,1,1,4,11.176190476190476,26.570833333333333
24,37,1,1,1,1,1,6,11.144047619047619,26.492261904761904
24,38,1,1,2,3,3,2,16.146428571428572,27.357142857142858
24,39,1,1,2,3,2,1,15.087599206349207,27.348214285714285
24,40,1,2,1,3,5,6,18.199007936507936,27.435714285714287
24,41,1,1,1,4,3,6,16.18561507936508,27.429761904761904
24,42,1,1,1,1,2,1,12.068452380952381,26.891666666666666
24,43,1,1,1,2,2,1,13.084623015873015,27.18095238095238
24,44,1,1,1,1,1,4,11.176190476190476,26.570833333333333
24,45,1,1,1,2,2,1,13.084623015873015,27.18095238095238
24,46,1,1,1,1,1,4,11.176190476190476,26.570833333333333
24,47,1,1,1,2,2,4,13.17688492063492,27.264880952380953
24,48,1,1,1,2,2,6,13.29751984126984,27.330952380952382
24,49,1,1,1,4,3,6,16.18561507936508,27.429761904761904
25,0,1,1,1,1,1,1,11.085615079365079,26.465476190476192
25,1,1,1,1,1,1,1,11.085615079365079,26.465476190476192
25,2,3,1,6,5,4,6,25.063095238095237,27.47738095238095
25,3,3,1,6,5,4,6,25.063095238095237,27.47738095238095
25,4,1,1,1,1,2,1,12.068452380952381,26.891666666666666
25,5,1,1,2,1,2,2,13.079365079365079,26.916666666666668
25,6,1,1,1,1,1,4,11.176190476190476,26.570833333333333
25,7,1,4,3,4,3,1,21.106051587301586,27.44107142857143
25,8,1,1,1,2,2,1,13.084623015873015,27.18095238095238
25,9,1,1,1,4,3,6,16.18561507936508,27.429761904761904
25,10,1,2,1,3,5,6,18.199007936507936,27.435714285714287
25,11,1,3,3,5,3,1,20.91934523809524,27.439880952380953
25,12,1,1,1,2,2,6,13.29751984126984,27.330952380952382
25,13,1,2,1,3,5,6,18.199007936507936,27.435714285714287
25,14,1,1,1,1,1,4,11.176190476190476,26.570833333333333
25,15,1,1,2,3,2,1,15.087599206349207,27.348214285714285
25,16,1,1,2,3,2,1,15.087599206349207,27.348214285714285
25,17,1,1,1,2,2,4,13.17688492063492,27.264880952380953
25,18,1,1,1,1,2,1,12.068452380952381,26.891666666666666
25,19,1,1,2,3,3,2,16.146428571428572,27.357142857142858
25,20,1,1,1,2,2,1,13.084623015873015,27.18095238095238
25,21,1,1,1,1,1,6,11.144047619047619,26.492261904761904
25,22,1,1,1,2,2,4,13.17688492063492,27.264880952380953
25,23,1,1,1,4,3,2,16.180853174603175,27.366071428571427
25,24,1,4,3,4,3,1,21.106051587301586,27.44107142857143
25,25,1,1,1,1,1,6,11.144047619047619,26.492261904761904
25,26,1,1,1,2,2,6,13.29751984126984,27.330952380952382
25,27,1,1,2,1,2,2,13.079365079365079,26.916666666666668
25,28,1,3,3,5,3,1,20.91934523809524,27.439880952380953
25,29,1,1,2,3,3,2,16.146428571428572,27.357142857142858
25,30,1,1,1,4,3,2,16.180853174603175,27.366071428571427
25,31,1,1,1,4,3,6,16.18561507936508,27.429761904761904
25,32,1,1,1,2,2,6,13.29751984126984,27.330952380952382
25,33,1,1,1,4,3,6,16.18561507936508,27.429761904761904
25,34,1,1,1,1,1,4,11.176190476190476,26.570833333333333
25,35,1,1,1,1,1,1,11.085615079365079,26.465476190476192
25,36,1,1,1,1,1,4,11.176190476190476,26.570833333333333
25,37,1,1,1,1,1,6,11.144047619047619,26.492261904761904
25,38,1,1,1,1,1,4,11.176190476190476,26.570833333333333
25,39,1,1,2,1,2,2,13.079365079365079,26.916666666666668
25,40,1,1,1,2,2,4,13.17688492063492,27.264880952380953
25,41,1,1,1,2,2,6,13.29751984126984,27.330952380952382
25,42,1,1,1,1,1,4,11.176190476190476,26.570833333333333
25,43,1,1,1,2,2,1,13.084623015873015,27.18095238095238
25,44,1,1,1,1,1,6,11.144047619047619,26.492261904761904
25,45,1,1,1,2,2,4,13.17688492063492,27.264880952380953
25,46,1,1,1,2,2,4,13.17688492063492,27.264880952380953
25,47,1,1,1,4,3,6,16.18561507936508,27.429761904761904
25,48,1,2,1,3,5,6,18.199007936507936,27.435714285714287
25,49,1,1,1,2,2,1,13.084623015873015,27.18095238095238
26,0,3,1,6,5,4,6,25.063095238095237,27.47738095238095
26,1,1,1,1,1,1,1,11.085615079365079,26.465476190476192
26,2,1,1,1,1,1,1,11.085615079365079,26.465476190476192
26,3,3,1,6,5,4,6,25.063095238095237,27.47738095238095
26,4,1,1,1,1,2,1,12.068452380952381,26.891666666666666
26,5,1,1,2,1,2,2,13.079365079365079,26.916666666666668
26,6,1,1,1,1,1,4,11.176190476190476,26.570833333333333
26,7,1,4,3,4,3,1,21.106051587301586,27.44107142857143
26,8,1,1,1,2,2,1,13.084623015873015,27.18095238095238
26,9,1,1,1,4,3,6,16.18561507936508,27.429761904761904
26,10,1,2,1,3,5,6,18.199007936507936,27.435714285714287
26,11,1,3,3,5,3,1,20.91934523809524,27.439880952380953
26,12,1,1,1,2,2,6,13.29751984126984,27.330952380952382
26,13,1,2,1,3,5,6,18.199007936507936,27.435714285714287
26,14,1,1,1,1,1,4,11.176190476190476,26.570833333333333
26,15,1,1,2,3,2,1,15.087599206349207,27.348214285714285
26,16,1,1,1,2,2,4,13.17688492063492,27.264880952380953
26,17,1,1,1,1,2,1,12.068452380952381,26.891666666666666
26,18,1,1,2,3,3,1,15.986607142857142,27.354166666666668
26,19,1,1,1,2,2,1,13.084623015873015,27.18095238095238
26,20,1,1,1,1,1,6,11.144047619047619,26.492261904761904
26,21,1,1,2,3,2,1,15.087599206349207,27.348214285714285
26,22,1,1,1,2,2,4,13.17688492063492,27.264880952380953
26,23,1,1,1,4,3,2,16.180853174603175,27.366071428571427
26,24,1,4,3,4,3,1,21.106051587301586,27.44107142857143
26,25,1,1,1,1,1,6,11.144047619047619,26.492261904761904
26,26,1,1,1,2,2,6,13.29751984126984,27.330952380952382
26,27,1,1,2,1,2,2,13.079365079365079,26.916666666666668
26,28,1,1,2,3,3,2,16.146428571428572,27.357142857142858
26,29,1,3,3,5,3,1,20.91934523809524,27.439880952380953
26,30,1,1,1,4,3,2,16.180853174603175,27.366071428571427
26,31,1,1,1,4,3,6,16.18561507936508,27.429761904761904
26,32,1,1,2,3,3,2,16.146428571428572,27.357142857142858
26,33,1,1,1,4,3,2,16.180853174603175,27.366071428571427
26,34,1,2,1,3,5,6,18.199007936507936,27.435714285714287
26,35,1,1,1,4,3,6,16.18561507936508,27.429761904761904
26,36,1,1,1,1,1,4,11.176190476190476,26.570833333333333
26,37,1,1,1,4,3,2,16.180853174603175,27.366071428571427
26,38,1,1,1,2,2,6,13.29751984126984,27.330952380952382
26,39,1,1,1,1,1,6,11.144047619047619,26.492261904761904
26,40,1,1,1,1,1,6,11.144047619047619,26.492261904761904
26,41,1,1,1,1,1,6,11.144047619047619,26.492261904761904
26,42,1,1,1,2,2,6,13.29751984126984,27.330952380952382
26,43,1,4,3,4,3,1,21.106051587301586,27.44107142857143
26,44,1,1,1,1,2,1,12.068452380952381,26.891666666666666
26,45,1,1,1,2,2,4,13.17688492063492,27.264880952380953
26,46,1,1,1,2,2,6,13.29751984126984,27.330952380952382
26,47,1,1,1,2,2,4,13.17688492063492,27.264880952380953
26,48,3,1,6,5,4,6,25.063095238095237,27.47738095238095
26,49,1,1,1,1,1,6,11.144047619047619,26.492261904761904
27,0,1,1,1,1,1,1,11.085615079365079,26.465476190476192
27,1,3,1,6,5,4,6,25.063095238095237,27.47738095238095
27,2,3,1,6,5,4,6,25.063095238095237,27.47738095238095
27,3,1,1,1,1,1,1,11.085615079365079,26.465476190476192
27,4,1,1,1,1,2,1,12.068452380952381,26.891666666666666
27,5,1,1,2,1,2,2,13.079365079365079,26.916666666666668
27,6,1,1,1,1,1,4,11.176190476190476,26.570833333333333
27,7,1,4,3,4,3,1,21.106051587301586,27.44107142857143
27,8,1,1,1,2,2,1,13.084623015873015,27.18095238095238
27,9,1,1,1,4,3,6,16.18561507936508,27.429761904761904
27,10,1,2,1,3,5,6,18.199007936507936,27.435714285714287
27,11,1,3,3,5,3,1,20.91934523809524,27.439880952380953
27,12,1,1,1,2,2,6,13.29751984126984,27.330952380952382
27,13,1,2,1,3,5,6,18.199007936507936,27.435714285714287
27,14,1,1,1,1,1,4,11.176190476190476,26.570833333333333
27,15,1,1,2,3,2,1,15.087599206349207,27.348214285714285
27,16,1,1,1,2,2,4,13.17688492063492,27.264880952380953
27,17,1,1,1,1,2,1,12.068452380952381,26.891666666666666
27,18,1,1,2,3,3,1,15.986607142857142,27.354166666666668
27,19,1,1,1,2,2,1,13.084623015873015,27.18095238095238
27,20,1,1,1,1,1,6,11.144047619047619,26.492261904761904
27,21,1,1,2,3,2,1,15.087599206349207,27.348214285714285
27,22,1,1,1,2,2,4,13.17688492063492,27.264880952380953
27,23,1,1,1,4,3,2,16.180853174603175,27.366071428571427
27,24,1,4,3,4,3,1,21.106051587301586,27.44107142857143
27,25,1,1,1,1,1,6,11.144047619047619,26.492261904761904
27,26,1,1,1,2,2,6,13.29751984126984,27.330952380952382
27,27,1,1,2,1,2,2,13.079365079365079,26.916666666666668
27,28,1,1,2,3,3,2,16.146428571428572,27.357142857142858
27,29,1,3,3,5,3,1,20.91934523809524,27.439880952380953
27,30,1,1,1,4,3,2,16.180853174603175,27.366071428571427
27,31,1,1,1,4,3,6,16.18561507936508,27.429761904761904
27,32,1,1,2,3,3,2,16.146428571428572,27.357142857142858
27,33,1,1,1,2,2,6,13.29751984126984,27.330952380952382
27,34,1,2,1,3,5,6,18.199007936507936,27.435714285714287
27,35,1,1,1,2,2,6,13.29751984126984,27.330952380952382
27,36,1,1,1,2,2,4,13.17688492063492,27.264880952380953
27,37,1,4,3,4,3,1,21.106051587301586,27.44107142857143
27,38,1,1,1,1,2,1,12.068452380952381,26.891666666666666
27,39,3,1,6,5,4,6,25.063095238095237,27.47738095238095
27,40,1,1,1,2,2,1,13.084623015873015,27.18095238095238
27,41,1,1,1,1,2,1,12.068452380952381,26.891666666666666
27,42,1,1,1,1,1,6,11.144047619047619,26.492261904761904
27,43,1,1,1,2,2,1,13.084623015873015,27.18095238095238
27,44,1,1,2,3,3,2,16.146428571428572,27.357142857142858
27,45,1,1,1,2,2,4,13.17688492063492,27.264880952380953
27,46,1,4,3,4,3,1,21.106051587301586,27.44107142857143
27,47,1,1,1,2,2,6,13.29751984126984,27.330952380952382
27,48,1,1,1,4,3,2,16.180853174603175,27.366071428571427
27,49,1,1,1,4,3,2,16.180853174603175,27.366071428571427
28,0,3,1,6,5,4,6,25.063095238095237,27.47738095238095
28,1,1,1,1,1,1,1,11.085615079365079,26.465476190476192
28,2,3,1,6,5,4,6,25.063095238095237,27.47738095238095
28,3,1,1,1,1,1,1,11.085615079365079,26.465476190476192
28,4,1,1,1,1,2,1,12.068452380952381,26.891666666666666
28,5,1,1,2,1,2,2,13.079365079365079,26.916666666666668
28,6,1,1,1,1,1,4,11.176190476190476,26.570833333333333
28,7,1,4,3,4,3,1,21.106051587301586,27.44107142857143
28,8,1,1,1,2,2,1,13.084623015873015,27.18095238095238
28,9,1,1,1,4,3,6,16.18561507936508,27.429761904761904
28,10,1,2,1,3,5,6,18.199007936507936,27.435714285714287
28,11,1,3,3,5,3,1,20.91934523809524,27.439880952380953
28,12,1,1,1,2,2,6,13.29751984126984,27.330952380952382
28,13,1,2,1,3,5,6,18.199007936507936,27.435714285714287
28,14,1,1,1,1,1,4,11.176190476190476,26.570833333333333
28,15,1,1,2,3,2,1,15.087599206349207,27.348214285714285
28,16,1,1,1,2,2,4,13.17688492063492,27.264880952380953
28,17,1,1,1,1,2,1,12.068452380952381,26.891666666666666
28,18,1,1,2,3,3,1,15.986607142857142,27.354166666666668
28,19,1,1,1,2,2,1,13.084623015873015,27.18095238095238
28,20,1,1,1,1,1,6,11.144047619047619,26.492261904761904
28,21,1,1,2,3,2,1,15.087599206349207,27.348214285714285
28,22,1,1,1,2,2,4,13.17688492063492,27.264880952380953
28,23,1,1,1,4,3,2,16.180853174603175,27.366071428571427
28,24,1,4,3,4,3,1,21.106051587301586,27.44107142857143
28,25,1,1,1,1,1,6,11.144047619047619,26.492261904761904
28,26,1,1,1,2,2,6,13.29751984126984,27.330952380952382
28,27,1,1,2,1,2,2,13.079365079365079,26.916666666666668
28,28,1,1,2,3,3,2,16.146428571428572,27.357142857142858
28,29,1,3,3,5,3,1,20.91934523809524,27.439880952380953
28,30,1,1,1,4,3,2,16.180853174603175,27.366071428571427
28,31,1,1,1,4,3,6,16.18561507936508,27.429761904761904
28,32,1,1,2,3,3,2,16.146428571428572,27.357142857142858
28,33,3,1,6,5,4,6,25.063095238095237,27.47738095238095
28,34,3,1,6,5,4,6,25.063095238095237,27.47738095238095
28,35,1,1,1,1,2,1,12.068452380952381,26.891666666666666
28,36,1,1,1,4,3,2,16.180853174603175,27.366071428571427
28,37,1,1,1,2,2,4,13.17688492063492,27.264880952380953
28,38,1,1,2,3,3,2,16.146428571428572,27.357142857142858
28,39,1,4,3,4,3,1,21.106051587301586,27.44107142857143
28,40,1,1,1,4,3,2,16.180853174603175,27.366071428571427
28,41,1,4,3,4,3,1,21.106051587301586,27.44107142857143
28,42,1,1,1,1,2,1,12.068452380952381,26.891666666666666
28,43,1,1,1,1,1,1,11.085615079365079,26.465476190476192
28,44,1,1,1,1,2,1,12.068452380952381,26.891666666666666
28,45,1,1,2,1,2,2,13.079365079365079,26.916666666666668
28,46,1,1,1,4,3,2,16.180853174603175,27.366071428571427
28,47,1,1,1,1,1,4,11.176190476190476,26.570833333333333
28,48,1,1,1,1,1,1,11.085615079365079,26.465476190476192
28,49,1,1,1,2,2,1,13.084623015873015,27.18095238095238
29,0,1,1,1,1,1,1,11.085615079365079,26.465476190476192
29,1,1,1,1,1,1,1,11.085615079365079,26.465476190476192
29,2,3,1,6,5,4,6,25.063095238095237,27.47738095238095
29,3,3,1,6,5,4,6,25.063095238095237,27.47738095238095
29,4,1,1,1,1,2,1,12.068452380952381,26.891666666666666
29,5,1,1,2,1,2,2,13.079365079365079,26.916666666666668
29,6,1,1,1,1,1,4,11.176190476190476,26.570833333333333
29,7,1,4,3,4,3,1,21.106051587301586,27.44107142857143
29,8,1,1,1,2,2,1,13.084623015873015,27.18095238095238
29,9,1,1,1,4,3,6,16.18561507936508,27.429761904761904
29,10,1,2,1,3,5,6,18.199007936507936,27.435714285714287
29,11,1,3,3,5,3,1,20.91934523809524,27.439880952380953
29,12,1,1,1,2,2,6,13.29751984126984,27.330952380952382
29,13,1,2,1,3,5,6,18.199007936507936,27.435714285714287
29,14,1,1,1,1,1,4,11.176190476190476,26.570833333333333
29,15,1,1,2,3,2,1,15.087599206349207,27.348214285714285
29,16,1,1,1,2,2,4,13.17688492063492,27.264880952380953
29,17,1,1,1,1,2,1,12.068452380952381,26.891666666666666
29,18,1,1,2,3,3,1,15.986607142857142,27.354166666666668
29,19,1,1,1,2,2,1,13.084623015873015,27.18095238095238
29,20,1,1,1,1,1,6,11.144047619047619,26.492261904761904
29,21,1,1,2,3,2,1,15.087599206349207,27.348214285714285
29,22,1,1,1,2,2,4,13.17688492063492,27.264880952380953
29,23,1,1,1,4,3,2,16.180853174603175,27.366071428571427
29,24,1,4,3,4,3,1,21.106051587301586,27.44107142857143
29,25,1,1,1,1,1,6,11.144047619047619,26.492261904761904
29,26,1,1,1,2,2,6,13.29751984126984,27.330952380952382
29,27,1,1,2,1,2,2,13.079365079365079,26.916666666666668
29,28,1,1,2,3,3,2,16.146428571428572,27.357142857142858
29,29,1,3,3,5,3,1,20.91934523809524,27.439880952380953
29,30,1,1,1,4,3,2,16.180853174603175,27.366071428571427
29,31,1,1,1,4,3,6,16.18561507936508,27.429761904761904
29,32,1,1,2,3,3,2,16.146428571428572,27.357142857142858
29,33,1,1,1,2,2,4,13.17688492063492,27.264880952380953
29,34,1,1,2,3,3,2,16.146428571428572,27.357142857142858
29,35,3,1,6,5,4,6,25.063095238095237,27.47738095238095
29,36,1,1,1,1,1,1,11.085615079365079,26.465476190476192
29,37,1,1,1,1,1,1,11.085615079365079,26.465476190476192
29,38,1,1,1,4,3,2,16.180853174603175,27.366071428571427
29,39,1,1,1,4,3,2,16.180853174603175,27.366071428571427
29,40,1,1,1,1,1,6,11.144047619047619,26.492261904761904
29,41,1,1,2,3,2,1,15.087599206349207,27.348214285714285
29,42,1,1,1,2,2,6,13.29751984126984,27.330952380952382
29,43,1,1,1,2,2,4,13.17688492063492,27.264880952380953
29,44,1,1,1,1,1,4,11.176190476190476,26.570833333333333
29,45,3,1,6,5,4,6,25.063095238095237,27.47738095238095
29,46,1,1,1,4,3,2,16.180853174603175,27.366071428571427
29,47,1,1,1,2,2,6,13.29751984126984,27.330952380952382
29,48,1,1,1,1,1,4,11.176190476190476,26.570833333333333
29,49,1,1,1,1,1,6,11.144047619047619,26.492261904761904
30,0,3,1,6,5,4,6,25.063095238095237,27.47738095238095
30,1,1,1,1,1,1,1,11.085615079365079,26.465476190476192
30,2,3,1,6,5,4,6,25.063095238095237,27.47738095238095
30,3,1,1,1,1,1,1,11.085615079365079,26.465476190476192
30,4,1,1,1,1,2,1,12.068452380952381,26.891666666666666
30,5,1,1,2,1,2,2,13.079365079365079,26.916666666666668
30,6,1,1,1,1,1,4,11.176190476190476,26.570833333333333
30,7,1,4,3,4,3,1,21.106051587301586,27.44107142857143
30,8,1,1,1,2,2,1,13.084623015873015,27.18095238095238
30,9,1,1,1,4,3,6,16.18561507936508,27.429761904761904
30,10,1,2,1,3,5,6,18.199007936507936,27.435714285714287
30,11,1,3,3,5,3,1,20.91934523809524,27.439880952380953
30,12,1,1,1,2,2,6,13.29751984126984,27.330952380952382
30,13,1,2,1,3,5,6,18.199007936507936,27.435714285714287
30,14,1,1,1,1,1,4,11.176190476190476,26.570833333333333
30,15,1,1,2,3,2,1,15.087599206349207,27.348214285714285
30,16,1,1,1,2,2,4,13.17688492063492,27.264880952380953
30,17,1,1,1,1,2,1,12.068452380952381,26.891666666666666
30,18,1,1,1,2,2,1,13.084623015873015,27.18095238095238
30,19,1,1,1,1,1,6,11.144047619047619,26.492261904761904
30,20,1,1,2,3,2,1,15.087599206349207,27.348214285714285
30,21,1,1,1,2,2,4,13.17688492063492,27.264880952380953
30,22,1,1,2,3,3,1,15.986607142857142,27.354166666666668
30,23,1,1,1,4,3,2,16.180853174603175,27.366071428571427
30,24,1,4,3,4,3,1,21.106051587301586,27.44107142857143
30,25,1,1,1,1,1,6,11.144047619047619,26.492261904761904
30,26,1,1,1,2,2,6,13.29751984126984,27.330952380952382
30,27,1,1,2,1,2,2,13.079365079365079,26.916666666666668
30,28,1,1,2,3,3,2,16.146428571428572,27.357142857142858
30,29,1,3,3,5,3,1,20.91934523809524,27.439880952380953
30,30,1,1,2,3,3,1,15.986607142857142,27.354166666666668
30,31,1,1,1,4,3,2,16.180853174603175,27.366071428571427
30,32,1,1,1,4,3,6,16.18561507936508,27.429761904761904
30,33,1,1,2,3,3,2,16.146428571428572,27.357142857142858
30,34,3,1,6,5,4,6,25.063095238095237,27.47738095238095
30,35,1,1,2,3,3,2,16.146428571428572,27.357142857142858
30,36,1,2,1,3,5,6,18.199007936507936,27.435714285714287
30,37,3,1,6,5,4,6,25.063095238095237,27.47738095238095
30,38,1,1,1,1,2,1,12.068452380952381,26.891666666666666
30,39,1,1,1,4,3,6,16.18561507936508,27.429761904761904
30,40,1,1,1,4,3,2,16.180853174603175,27.366071428571427
30,41,1,1,1,1,2,1,12.068452380952381,26.891666666666666
30,42,1,1,1,1,1,6,11.144047619047619,26.492261904761904
30,43,1,1,1,2,2,6,13.29751984126984,27.330952380952382
30,44,3,1,6,5,4,6,25.063095238095237,27.47738095238095
30,45,1,1,1,1,1,6,11.144047619047619,26.492261904761904
30,46,1,1,2,3,2,1,15.087599206349207,27.348214285714285
30,47,1,1,1,1,1,4,11.176190476190476,26.570833333333333
30,48,1,1,1,4,3,2,16.180853174603175,27.366071428571427
30,49,1,1,1,1,1,6,11.144047619047619,26.492261904761904
31,0,3,1,6,5,4,6,25.063095238095237,27.47738095238095
31,1,1,1,1,1,1,1,11.085615079365079,26.465476190476192
31,2,3,1,6,5,4,6,25.063095238095237,27.47738095238095
31,3,1,1,1,1,1,1,11.085615079365079,26.465476190476192
31,4,1,1,1,1,2,1,12.068452380952381,26.891666666666666
31,5,3,2,3,4,3,1,21.105853174603176,27.44107142857143
31,6,1,1,2,1,2,2,13.079365079365079,26.916666666666668
31,7,1,1,1,1,1,4,11.176190476190476,26.570833333333333
31,8,1,1,1,2,2,1,13.084623015873015,27.18095238095238
31,9,1,1,1,4,3,6,16.18561507936508,27.429761904761904
31,10,1,2,1,3,5,6,18.199007936507936,27.435714285714287
31,11,1,3,3,5,3,1,20.91934523809524,27.439880952380953
31,12,1,1,1,2,2,6,13.29751984126984,27.330952380952382
31,13,1,2,1,3,5,6,18.199007936507936,27.435714285714287
31,14,1,1,1,1,1,4,11.176190476190476,26.570833333333333
31,15,1,1,2,3,2,1,15.087599206349207,27.348214285714285
31,16,1,1,1,2,2,4,13.17688492063492,27.264880952380953
31,17,1,1,1,1,2,1,12.068452380952381,26.891666666666666
31,18,1,1,1,2,2,1,13.084623015873015,27.18095238095238
31,19,1,1,1,1,1,6,11.144047619047619,26.492261904761904
31,20,1,1,2,3,2,1,15.087599206349207,27.348214285714285
31,21,1,1,1,2,2,4,13.17688492063492,27.264880952380953
31,22,1,1,2,3,3,1,15.986607142857142,27.354166666666668
31,23,1,1,1,4,3,2,16.180853174603175,27.366071428571427
31,24,1,1,1,1,1,6,11.144047619047619,26.492261904761904
31,25,1,1,1,2,2,6,13.29751984126984,27.330952380952382
31,26,1,1,2,1,2,2,13.079365079365079,26.916666666666668
31,27,1,1,2,3,3,2,16.146428571428572,27.357142857142858
31,28,1,3,3,5,3,1,20.91934523809524,27.439880952380953
31,29,1,1,2,3,3,1,15.986607142857142,27.354166666666668
31,30,1,1,1,4,3,2,16.180853174603175,27.366071428571427
31,31,1,1,1,4,3,6,16.18561507936508,27.429761904761904
31,32,1,1,2,3,3,2,16.146428571428572,27.357142857142858
31,33,1,1,1,1,1,1,11.085615079365079,26.465476190476192
31,34,1,1,1,4,3,6,16.18561507936508,27.429761904761904
31,35,1,3,3,5,3,1,20.91934523809524,27.439880952380953
31,36,1,1,1,1,1,6,11.144047619047619,26.492261904761904
31,37,1,1,1,1,1,6,11.144047619047619,26.492261904761904
31,38,1,1,1,2,2,6,13.29751984126984,27.330952380952382
31,39,1,2,1,3,5,6,18.199007936507936,27.435714285714287
31,40,1,1,1,1,1,6,11.144047619047619,26.492261904761904
31,41,1,1,1,1,1,6,11.144047619047619,26.492261904761904
31,42,1,1,1,1,1,4,11.176190476190476,26.570833333333333
31,43,1,1,2,3,3,2,16.146428571428572,27.357142857142858
31,44,1,1,1,1,1,6,11.144047619047619,26.492261904761904
31,45,1,1,1,2,2,1,13.084623015873015,27.18095238095238
31,46,1,1,1,1,2,1,12.068452380952381,26.891666666666666
31,47,1,1,1,1,1,4,11.176190476190476,26.570833333333333
31,48,1,1,1,1,1,4,11.176190476190476,26.570833333333333
31,49,1,1,2,3,3,2,16.146428571428572,27.357142857142858
32,0,3,1,6,5,4,6,25.063095238095237,27.47738095238095
32,1,1,1,1,1,1,1,11.085615079365079,26.465476190476192
32,2,1,1,1,1,1,1,11.085615079365079,26.465476190476192
32,3,3,1,6,5,4,6,25.063095238095237,27.47738095238095
32,4,1,3,3,4,3,2,20.232440476190476,27.44107142857143
32,5,1,1,1,1,2,1,12.068452380952381,26.891666666666666
32,6,1,1,2,1,2,2,13.079365079365079,26.916666666666668
32,7,1,1,1,1,1,4,11.176190476190476,26.570833333333333
32,8,1,1,1,2,2,1,13.084623015873015,27.18095238095238
32,9,1,1,1,4,3,6,16.18561507936508,27.429761904761904
32,10,1,1,1,2,2,6,13.29751984126984,27.330952380952382
32,11,1,2,1,3,5,6,18.199007936507936,27.435714285714287
32,12,1,2,1,3,5,6,18.199007936507936,27.435714285714287
32,13,1,1,1,1,1,4,11.176190476190476,26.570833333333333
32,14,1,1,2,3,2,1,15.087599206349207,27.348214285714285
32,15,1,1,1,2,2,4,13.17688492063492,27.264880952380953
32,16,1,1,2,3,3,6,16.053174603174604,27.367857142857144
32,17,1,1,1,1,2,1,12.068452380952381,26.891666666666666
32,18,1,1,1,2,2,1,13.084623015873015,27.18095238095238
32,19,1,1,1,1,1,6,11.144047619047619,26.492261904761904
32,20,1,1,2,3,2,1,15.087599206349207,27.348214285714285
32,21,1,1,2,3,3,1,15.986607142857142,27.354166666666668
32,22,1,1,1,2,2,4,13.17688492063492,27.264880952380953
32,23,1,1,1,1,1,6,11.144047619047619,26.492261904761904
32,24,1,1,1,2,2,6,13.29751984126984,27.330952380952382
32,25,1,1,2,1,2,2,13.079365079365079,26.916666666666668
32,26,1,1,1,4,3,6,16.18561507936508,27.429761904761904
32,27,1,1,2,3,3,1,15.986607142857142,27.354166666666668
32,28,1,1,1,1,1,6,11.144047619047619,26.492261904761904
32,29,1,1,1,2,2,1,13.084623015873015,27.18095238095238
32,30,1,2,1,3,5,6,18.199007936507936,27.435714285714287
32,31,1,1,1,1,1,6,11.144047619047619,26.492261904761904
32,32,1,1,1,1,1,4,11.176190476190476,26.570833333333333
32,33,1,1,1,1,1,6,11.144047619047619,26.492261904761904
32,34,1,2,1,3,5,6,18.199007936507936,27.435714285714287
32,35,3,1,6,5,4,6,25.063095238095237,27.47738095238095
32,36,1,1,1,1,1,4,11.176190476190476,26.570833333333333
32,37,1,1,1,2,2,1,13.084623015873015,27.18095238095238
32,38,1,1,1,1,1,1,11.085615079365079,26.465476190476192
32,39,1,1,1,1,1,6,11.144047619047619,26.492261904761904
32,40,1,1,1,2,2,1,13.084623015873015,27.18095238095238
32,41,1,1,1,4,3,6,16.18561507936508,27.429761904761904
32,42,1,1,1,2,2,1,13.084623015873015,27.18095238095238
32,43,1,1,1,1,1,6,11.144047619047619,26.492261904761904
32,44,1,1,1,2,2,4,13.17688492063492,27.264880952380953
32,45,1,1,1,1,1,4,11.176190476190476,26.570833333333333
32,46,1,2,1,3,5,6,18.199007936507936,27.435714285714287
32,47,1,1,1,1,1,6,11.144047619047619,26.492261904761904
32,48,1,1,1,1,2,1,12.068452380952381,26.891666666666666
32,49,3,1,6,5,4,6,25.063095238095237,27.47738095238095
33,0,3,1,6,5,4,6,25.063095238095237,27.47738095238095
33,1,1,1,1,1,1,1,11.085615079365079,26.465476190476192
33,2,3,1,6,5,4,6,25.063095238095237,27.47738095238095
33,3,1,1,1,1,1,1,11.085615079365079,26.465476190476192
33,4,1,1,1,1,2,1,12.068452380952381,26.891666666666666
33,5,1,3,3,4,3,2,20.232440476190476,27.44107142857143
33,6,1,1,2,1,2,2,13.079365079365079,26.916666666666668
33,7,1,1,1,1,1,4,11.176190476190476,26.570833333333333
33,8,1,1,1,2,2,1,13.084623015873015,27.18095238095238
33,9,1,1,1,4,3,6,16.18561507936508,27.429761904761904
33,10,1,1,1,2,2,6,13.29751984126984,27.330952380952382
33,11,1,3,3,4,3,2,20.232440476190476,27.44107142857143
33,12,1,2,1,3,5,6,18.199007936507936,27.435714285714287
33,13,1,2,1,3,5,6,18.199007936507936,27.435714285714287
33,14,1,1,1,1,1,4,11.176190476190476,26.570833333333333
33,15,1,1,2,3,2,1,15.087599206349207,27.348214285714285
33,16,1,1,1,2,2,4,13.17688492063492,27.264880952380953
33,17,1,1,1,1,2,1,12.068452380952381,26.891666666666666
33,18,1,1,1,2,2,1,13.084623015873015,27.18095238095238
33,19,1,1,1,1,1,6,11.144047619047619,26.492261904761904
33,20,1,1,2,3,2,1,15.087599206349207,27.348214285714285
33,21,1,1,2,3,3,1,15.986607142857142,27.354166666666668
33,22,1,1,1,2,2,4,13.17688492063492,27.264880952380953
33,23,1,1,2,3,3,6,16.053174603174604,27.367857142857144
33,24,1,1,1,1,1,6,11.144047619047619,26.492261904761904
33,25,1,1,1,2,2,6,13.29751984126984,27.330952380952382
33,26,1,1,2,1,2,2,13.079365079365079,26.916666666666668
33,27,1,1,2,3,3,6,16.053174603174604,27.367857142857144
33,28,1,1,1,4,3,6,16.18561507936508,27.429761904761904
33,29,1,1,2,3,3,1,15.986607142857142,27.354166666666668
33,30,1,1,1,2,2,4,13.17688492063492,27.264880952380953
33,31,1,1,1,1,1,6,11.144047619047619,26.492261904761904
33,32,1,2,1,3,5,6,18.199007936507936,27.435714285714287
33,33,1,1,1,2,2,1,13.084623015873015,27.18095238095238
33,34,1,1,1,1,2,1,12.068452380952381,26.891666666666666
33,35,1,1,1,1,1,6,11.144047619047619,26.492261904761904
33,36,1,1,1,1,1,4,11.176190476190476,26.570833333333333
33,37,1,1,1,2,2,1,13.084623015873015,27.18095238095238
33,38,1,1,1,2,2,1,13.084623015873015,27.18095238095238
33,39,1,2,1,3,5,6,18.199007936507936,27.435714285714287
33,40,1,1,1,1,1,1,11.085615079365079,26.465476190476192
33,41,3,1,6,5,4,6,25.063095238095237,27.47738095238095
33,42,1,1,2,3,3,6,16.053174603174604,27.367857142857144
33,43,1,1,1,2,2,6,13.29751984126984,27.330952380952382
33,44,1,1,1,2,2,4,13.17688492063492,27.264880952380953
33,45,1,1,1,1,2,1,12.068452380952381,26.891666666666666
33,46,1,1,1,2,2,1,13.084623015873015,27.18095238095238
33,47,1,1,1,1,1,6,11.144047619047619,26.492261904761904
33,48,1,1,1,2,2,4,13.17688492063492,27.264880952380953
33,49,3,1,6,5,4,6,25.063095238095237,27.47738095238095
34,0,3,1,6,5,4,6,25.063095238095237,27.47738095238095
34,1,1,1,1,1,1,1,11.085615079365079,26.465476190476192
34,2,3,1,6,5,4,6,25.063095238095237,27.47738095238095
34,3,1,1,1,1,1,1,11.085615079365079,26.465476190476192
34,4,1,1,1,1,2,1,12.068452380952381,26.891666666666666
34,5,1,3,3,4,3,2,20.232440476190476,27.44107142857143
34,6,1,1,2,1,2,2,13.079365079365079,26.916666666666668
34,7,1,1,1,1,1,4,11.176190476190476,26.570833333333333
34,8,1,1,1,2,2,1,13.084623015873015,27.18095238095238
34,9,1,1,1,4,3,6,16.18561507936508,27.429761904761904
34,10,1,1,1,2,2,6,13.29751984126984,27.330952380952382
34,11,1,3,3,4,3,2,20.232440476190476,27.44107142857143
34,12,1,2,1,3,5,6,18.199007936507936,27.435714285714287
34,13,1,2,1,3,5,6,18.199007936507936,27.435714285714287
34,14,1,1,1,1,1,4,11.176190476190476,26.570833333333333
34,15,1,1,2,3,2,1,15.087599206349207,27.348214285714285
34,16,1,1,1,2,2,4,13.17688492063492,27.264880952380953
34,17,1,1,1,1,2,1,12.068452380952381,26.891666666666666
34,18,1,1,1,2,2,1,13.084623015873015,27.18095238095238
34,19,1,1,1,1,1,6,11.144047619047619,26.492261904761904
34,20,1,1,2,3,2,1,15.087599206349207,27.348214285714285
34,21,1,1,2,3,3,1,15.986607142857142,27.354166666666668
34,22,1,1,1,2,2,4,13.17688492063492,27.264880952380953
34,23,1,1,2,3,3,6,16.053174603174604,27.367857142857144
34,24,1,1,1,1,1,6,11.144047619047619,26.492261904761904
34,25,1,1,1,2,2,6,13.29751984126984,27.330952380952382
34,26,1,1,2,1,2,2,13.079365079365079,26.916666666666668
34,27,1,1,2,3,3,6,16.053174603174604,27.367857142857144
34,28,1,1,1,4,3,6,16.18561507936508,27.429761904761904
34,29,1,1,2,3,3,1,15.986607142857142,27.354166666666668
34,30,1,1,1,2,2,4,13.17688492063492,27.264880952380953
34,31,1,1,1,1,1,6,11.144047619047619,26.492261904761904
34,32,1,1,1,2,2,1,13.084623015873015,27.18095238095238
34,33,3,1,6,5,4,6,25.063095238095237,27.47738095238095
34,34,1,1,1,2,2,1,13.084623015873015,27.18095238095238
34,35,1,1,1,2,2,1,13.084623015873015,27.18095238095238
34,36,1,1,1,1,1,1,11.085615079365079,26.465476190476192
34,37,1,1,1,2,2,4,13.17688492063492,27.264880952380953
34,38,1,1,1,1,1,4,11.176190476190476,26.570833333333333
34,39,3,1,6,5,4,6,25.063095238095237,27.47738095238095
34,40,1,1,1,1,1,1,11.085615079365079,26.465476190476192
34,41,1,1,1,2,2,4,13.17688492063492,27.264880952380953
34,42,1,1,1,1,2,1,12.068452380952381,26.891666666666666
34,43,1,1,1,2,2,1,13.084623015873015,27.18095238095238
34,44,1,1,1,2,2,1,13.084623015873015,27.18095238095238
34,45,1,1,1,1,1,1,11.085615079365079,26.465476190476192
34,46,1,1,1,2,2,4,13.17688492063492,27.264880952380953
34,47,1,1,1,2,2,4,13.17688492063492,27.264880952380953
34,48,1,1,1,1,2,1,12.068452380952381,26.891666666666666
34,49,1,1,1,2,2,4,13.17688492063492,27.264880952380953
35,0,1,1,1,1,1,1,11.085615079365079,26.465476190476192
35,1,1,1,1,1,1,1,11.085615079365079,26.465476190476192
35,2,3,1,6,5,4,6,25.063095238095237,27.47738095238095
35,3,3,1,6,5,4,6,25.063095238095237,27.47738095238095
35,4,1,1,1,1,2,1,12.068452380952381,26.891666666666666
35,5,1,3,3,4,3,2,20.232440476190476,27.44107142857143
35,6,1,1,2,1,2,2,13.079365079365079,26.916666666666668
35,7,1,1,1,1,1,4,11.176190476190476,26.570833333333333
35,8,1,1,1,2,2,1,13.084623015873015,27.18095238095238
35,9,1,1,1,4,3,6,16.18561507936508,27.429761904761904
35,10,1,1,1,2,2,6,13.29751984126984,27.330952380952382
35,11,1,3,3,4,3,2,20.232440476190476,27.44107142857143
35,12,1,2,1,3,5,6,18.199007936507936,27.435714285714287
35,13,1,2,1,3,5,6,18.199007936507936,27.435714285714287
35,14,1,1,1,1,1,4,11.176190476190476,26.570833333333333
35,15,1,1,2,3,2,1,15.087599206349207,27.348214285714285
35,16,1,1,1,2,2,4,13.17688492063492,27.264880952380953
35,17,1,1,1,1,2,1,12.068452380952381,26.891666666666666
35,18,1,1,1,2,2,1,13.084623015873015,27.18095238095238
35,19,1,1,1,1,1,6,11.144047619047619,26.492261904761904
35,20,1,1,2,3,2,1,15.087599206349207,27.348214285714285
35,21,1,1,2,3,3,1,15.986607142857142,27.354166666666668
35,22,1,1,1,2,2,4,13.17688492063492,27.264880952380953
35,23,1,1,2,3,3,6,16.053174603174604,27.367857142857144
35,24,1,1,1,1,1,6,11.144047619047619,26.492261904761904
35,25,1,1,1,2,2,6,13.29751984126984,27.330952380952382
35,26,1,1,2,1,2,2,13.079365079365079,26.916666666666668
35,27,1,1,2,3,3,6,16.053174603174604,27.367857142857144
35,28,1,1,1,4,3,6,16.18561507936508,27.429761904761904
35,29,1,1,2,3,3,1,15.986607142857142,27.354166666666668
35,30,1,1,1,1,2,1,12.068452380952381,26.891666666666666
35,31,1,1,1,1,2,1,12.068452380952381,26.891666666666666
35,32,1,1,1,1,1,1,11.085615079365079,26.465476190476192
35,33,1,1,1,1,2,1,12.068452380952381,26.891666666666666
35,34,1,1,1,1,1,6,11.144047619047619,26.492261904761904
35,35,1,1,1,1,1,1,11.085615079365079,26.465476190476192
35,36,1,1,1,1,2,1,12.068452380952381,26.891666666666666
35,37,1,1,1,2,2,1,13.084623015873015,27.18095238095238
35,38,1,1,1,2,2,1,13.084623015873015,27.18095238095238
35,39,1,1,1,2,2,4,13.17688492063492,27.264880952380953
35,40,1,1,1,4,3,6,16.18561507936508,27.429761904761904
35,41,1,1,1,1,1,6,11.144047619047619,26.492261904761904
35,42,1,1,1,2,2,1,13.084623015873015,27.18095238095238
35,43,1,1,1,2,2,4,13.17688492063492,27.264880952380953
35,44,1,1,1,1,1,4,11.176190476190476,26.570833333333333
35,45,1,1,1,2,2,4,13.17688492063492,27.264880952380953
35,46,3,1,6,5,4,6,25.063095238095237,27.47738095238095
35,47,1,1,1,2,2,1,13.084623015873015,27.18095238095238
35,48,1,1,1,2,2,1,13.084623015873015,27.18095238095238
35,49,1,1,1,1,1,1,11.085615079365079,26.465476190476192
36,0,3,1,6,5,4,6,25.063095238095237,27.47738095238095
36,1,3,1,6,5,4,6,25.063095238095237,27.47738095238095
36,2,1,1,1,1,1,1,11.085615079365079,26.465476190476192
36,3,1,1,1,1,1,1,11.085615079365079,26.465476190476192
36,4,3,1,3,4,3,2,20.232242063492063,27.44107142857143
36,5,1,1,1,1,2,1,12.068452380952381,26.891666666666666
36,6,1,1,2,1,2,2,13.079365079365079,26.916666666666668
36,7,1,1,1,1,1,4,11.176190476190476,26.570833333333333
36,8,1,1,1,2,2,1,13.084623015873015,27.18095238095238
36,9,1,1,1,4,3,6,16.18561507936508,27.429761904761904
36,10,1,1,1,2,2,6,13.29751984126984,27.330952380952382
36,11,1,2,1,3,5,6,18.199007936507936,27.435714285714287
36,12,1,2,1,3,5,6,18.199007936507936,27.435714285714287
36,13,1,1,1,1,1,4,11.176190476190476,26.570833333333333
36,14,1,1,2,3,2,1,15.087599206349207,27.348214285714285
36,15,1,1,1,2,2,4,13.17688492063492,27.264880952380953
36,16,1,1,1,1,2,1,12.068452380952381,26.891666666666666
36,17,1,1,1,2,2,1,13.084623015873015,27.18095238095238
36,18,1,1,1,1,1,6,11.144047619047619,26.492261904761904
36,19,1,1,2,3,2,1,15.087599206349207,27.348214285714285
36,20,1,1,2,3,3,1,15.986607142857142,27.354166666666668
36,21,1,1,1,2,2,4,13.17688492063492,27.264880952380953
36,22,1,1,2,3,3,6,16.053174603174604,27.367857142857144
36,23,1,1,1,1,1,6,11.144047619047619,26.492261904761904
36,24,1,1,1,2,2,6,13.29751984126984,27.330952380952382
36,25,1,1,2,1,2,2,13.079365079365079,26.916666666666668
36,26,1,1,2,3,3,6,16.053174603174604,27.367857142857144
36,27,1,1,1,4,3,6,16.18561507936508,27.429761904761904
36,28,1,1,2,3,3,1,15.986607142857142,27.354166666666668
36,29,1,1,1,1,2,1,12.068452380952381,26.891666666666666
36,30,1,1,2,3,2,1,15.087599206349207,27.348214285714285
36,31,1,1,1,2,2,6,13.29751984126984,27.330952380952382
36,32,1,1,1,2,2,6,13.29751984126984,27.330952380952382
36,33,1,1,1,1,2,1,12.068452380952381,26.891666666666666
36,34,1,1,1,1,1,6,11.144047619047619,26.492261904761904
36,35,1,1,1,1,2,1,12.068452380952381,26.891666666666666
36,36,1,1,1,1,1,6,11.144047619047619,26.492261904761904
36,37,1,1,1,1,2,1,12.068452380952381,26.891666666666666
36,38,1,1,1,1,1,4,11.176190476190476,26.570833333333333
36,39,1,1,1,1,1,1,11.085615079365079,26.465476190476192
36,40,1,1,1,1,2,1,12.068452380952381,26.891666666666666
36,41,1,1,1,2,2,1,13.084623015873015,27.18095238095238
36,42,1,1,1,2,2,4,13.17688492063492,27.264880952380953
36,43,1,1,1,2,2,1,13.084623015873015,27.18095238095238
36,44,1,1,1,1,1,4,11.176190476190476,26.570833333333333
36,45,1,1,1,1,2,1,12.068452380952381,26.891666666666666
36,46,1,1,1,2,2,4,13.17688492063492,27.264880952380953
36,47,1,1,1,2,2,6,13.29751984126984,27.330952380952382
36,48,1,1,1,2,2,1,13.084623015873015,27.18095238095238
36,49,1,1,1,1,1,4,11.176190476190476,26.570833333333333
37,0,1,1,1,1,1,1,11.085615079365079,26.465476190476192
37,1,3,1,6,5,4,6,25.063095238095237,27.47738095238095
37,2,3,1,6,5,4,6,25.063095238095237,27.47738095238095
37,3,1,1,1,1,1,1,11.085615079365079,26.465476190476192
37,4,3,1,3,4,3,2,20.232242063492063,27.44107142857143
37,5,1,1,1,1,2,1,12.068452380952381,26.891666666666666
37,6,1,1,2,1,2,2,13.079365079365079,26.916666666666668
37,7,1,1,1,1,1,4,11.176190476190476,26.570833333333333
37,8,1,1,1,2,2,1,13.084623015873015,27.18095238095238
37,9,1,1,1,4,3,6,16.18561507936508,27.429761904761904
37,10,1,1,1,2,2,6,13.29751984126984,27.330952380952382
37,11,1,2,1,3,5,6,18.199007936507936,27.435714285714287
37,12,1,2,1,3,5,6,18.199007936507936,27.435714285714287
37,13,1,1,1,1,1,4,11.176190476190476,26.570833333333333
37,14,1,1,2,3,2,1,15.087599206349207,27.348214285714285
37,15,1,1,1,2,2,4,13.17688492063492,27.264880952380953
37,16,1,1,1,1,2,1,12.068452380952381,26.891666666666666
37,17,1,1,1,2,2,1,13.084623015873015,27.18095238095238
37,18,1,1,1,1,1,6,11.144047619047619,26.492261904761904
37,19,1,1,2,3,2,1,15.087599206349207,27.348214285714285
37,20,1,1,2,3,3,1,15.986607142857142,27.354166666666668
37,21,1,1,1,2,2,4,13.17688492063492,27.264880952380953
37,22,1,1,2,3,3,6,16.053174603174604,27.367857142857144
37,23,1,1,1,1,1,6,11.144047619047619,26.492261904761904
37,24,1,1,1,2,2,6,13.29751984126984,27.330952380952382
37,25,1,1,2,1,2,2,13.079365079365079,26.916666666666668
37,26,1,1,2,3,3,6,16.053174603174604,27.367857142857144
37,27,1,1,1,4,3,6,16.18561507936508,27.429761904761904
37,28,1,1,2,3,3,1,15.986607142857142,27.354166666666668
37,29,1,1,1,2,2,6,13.29751984126984,27.330952380952382
37,30,1,1,1,2,2,1,13.084623015873015,27.18095238095238
37,31,1,1,1,1,1,4,11.176190476190476,26.570833333333333
37,32,1,1,2,3,3,1,15.986607142857142,27.354166666666668
37,33,1,1,1,2,2,1,13.084623015873015,27.18095238095238
37,34,1,1,1,2,2,6,13.29751984126984,27.330952380952382
37,35,1,1,1,1,2,1,12.068452380952381,26.891666666666666
37,36,1,1,1,2,2,1,13.084623015873015,27.18095238095238
37,37,1,1,1,1,1,1,11.085615079365079,26.465476190476192
37,38,1,1,1,2,2,6,13.29751984126984,27.330952380952382
37,39,1,1,1,1,2,1,12.068452380952381,26.891666666666666
37,40,1,1,1,2,2,6,13.29751984126984,27.330952380952382
37,41,1,1,1,1,1,6,11.144047619047619,26.492261904761904
37,42,1,1,1,1,1,1,11.085615079365079,26.465476190476192
37,43,1,1,1,1,1,6,11.144047619047619,26.492261904761904
37,44,1,1,2,3,2,1,15.087599206349207,27.348214285714285
37,45,1,1,1,1,1,4,11.176190476190476,26.570833333333333
37,46,1,1,1,1,1,1,11.085615079365079,26.465476190476192
37,47,1,1,1,2,2,6,13.29751984126984,27.330952380952382
37,48,1,1,1,1,2,1,12.068452380952381,26.891666666666666
37,49,1,1,2,1,2,2,13.079365079365079,26.916666666666668
38,0,3,1,6,5,4,6,25.063095238095237,27.47738095238095
38,1,1,1,1,1,1,1,11.085615079365079,26.465476190476192
38,2,3,1,6,5,4,6,25.063095238095237,27.47738095238095
38,3,1,1,1,1,1,1,11.085615079365079,26.465476190476192
38,4,3,1,3,4,3,2,20.232242063492063,27.44107142857143
38,5,1,1,1,1,2,1,12.068452380952381,26.891666666666666
38,6,1,1,2,1,2,2,13.079365079365079,26.916666666666668
38,7,1,1,1,1,1,4,11.176190476190476,26.570833333333333
38,8,1,1,1,2,2,1,13.084623015873015,27.18095238095238
38,9,1,1,1,4,3,6,16.18561507936508,27.429761904761904
38,10,1,1,1,2,2,6,13.29751984126984,27.330952380952382
38,11,1,2,1,3,5,6,18.199007936507936,27.435714285714287
38,12,1,2,1,3,5,6,18.199007936507936,27.435714285714287
38,13,1,1,1,1,1,4,11.176190476190476,26.570833333333333
38,14,1,1,2,3,2,1,15.087599206349207,27.348214285714285
38,15,1,1,1,2,2,4,13.17688492063492,27.264880952380953
38,16,1,1,1,1,2,1,12.068452380952381,26.891666666666666
38,17,1,1,1,2,2,1,13.084623015873015,27.18095238095238
38,18,1,1,1,1,1,6,11.144047619047619,26.492261904761904
38,19,1,1,2,3,2,1,15.087599206349207,27.348214285714285
38,20,1,1,2,3,3,1,15.986607142857142,27.354166666666668
38,21,1,1,1,2,2,4,13.17688492063492,27.264880952380953
38,22,1,1,2,3,3,6,16.053174603174604,27.367857142857144
38,23,1,1,1,1,1,6,11.144047619047619,26.492261904761904
38,24,1,1,1,2,2,6,13.29751984126984,27.330952380952382
38,25,1,1,2,1,2,2,13.079365079365079,26.916666666666668
38,26,1,1,2,3,3,6,16.053174603174604,27.367857142857144
38,27,1,1,1,4,3,6,16.18561507936508,27.429761904761904
38,28,1,1,2,3,3,1,15.986607142857142,27.354166666666668
38,29,1,1,1,1,1,1,11.085615079365079,26.465476190476192
38,30,1,1,1,1,2,1,12.068452380952381,26.891666666666666
38,31,1,1,1,1,1,4,11.176190476190476,26.570833333333333
38,32,1,1,1,2,2,6,13.29751984126984,27.330952380952382
38,33,1,1,1,1,1,6,11.144047619047619,26.492261904761904
38,34,1,1,1,2,2,6,13.29751984126984,27.330952380952382
38,35,1,1,1,1,2,1,12.068452380952381,26.891666666666666
38,36,1,1,1,2,2,6,13.29751984126984,27.330952380952382
38,37,1,1,1,2,2,6,13.29751984126984,27.330952380952382
38,38,3,1,6,5,4,6,25.063095238095237,27.47738095238095
38,39,1,1,1,1,2,1,12.068452380952381,26.891666666666666
38,40,1,1,2,1,2,2,13.079365079365079,26.916666666666668
38,41,1,1,1,1,1,6,11.144047619047619,26.492261904761904
38,42,1,1,2,3,2,1,15.087599206349207,27.348214285714285
38,43,1,1,1,1,1,1,11.085615079365079,26.465476190476192
38,44,1,1,1,2,2,1,13.084623015873015,27.18095238095238
38,45,1,1,2,3,2,1,15.087599206349207,27.348214285714285
38,46,1,1,1,4,3,6,16.18561507936508,27.429761904761904
38,47,1,2,1,3,5,6,18.199007936507936,27.435714285714287
38,48,1,1,1,1,1,6,11.144047619047619,26.492261904761904
38,49,1,1,1,2,2,1,13.084623015873015,27.18095238095238
39,0,1,1,1,1,1,1,11.085615079365079,26.465476190476192
39,1,3,1,6,5,4,6,25.063095238095237,27.47738095238095
39,2,3,1,6,5,4,6,25.063095238095237,27.47738095238095
39,3,1,1,1,1,1,1,11.085615079365079,26.465476190476192
39,4,1,1,1,1,2,1,12.068452380952381,26.891666666666666
39,5,3,1,3,4,3,2,20.232242063492063,27.44107142857143
39,6,1,1,2,1,2,2,13.079365079365079,26.916666666666668
39,7,1,1,1,1,1,4,11.176190476190476,26.570833333333333
39,8,1,1,1,2,2,1,13.084623015873015,27.18095238095238
39,9,1,1,1,4,3,6,16.18561507936508,27.429761904761904
39,10,1,1,1,2,2,6,13.29751984126984,27.330952380952382
39,11,3,1,3,4,3,2,20.232242063492063,27.44107142857143
39,12,1,2,1,3,5,6,18.199007936507936,27.435714285714287
39,13,1,2,1,3,5,6,18.199007936507936,27.435714285714287
39,14,1,1,1,1,1,4,11.176190476190476,26.570833333333333
39,15,1,1,2,3,2,1,15.087599206349207,27.348214285714285
39,16,1,1,1,2,2,4,13.17688492063492,27.264880952380953
39,17,1,1,1,1,2,1,12.068452380952381,26.891666666666666
39,18,1,1,1,2,2,1,13.084623015873015,27.18095238095238
39,19,1,1,1,1,1,6,11.144047619047619,26.492261904761904
39,20,1,1,2,3,2,1,15.087599206349207,27.348214285714285
39,21,1,1,2,3,3,1,15.986607142857142,27.354166666666668
39,22,1,1,1,2,2,4,13.17688492063492,27.264880952380953
39,23,1,1,2,3,3,6,16.053174603174604,27.367857142857144
39,24,1,1,1,1,1,6,11.144047619047619,26.492261904761904
39,25,1,1,1,2,2,6,13.29751984126984,27.330952380952382
39,26,1,1,2,1,2,2,13.079365079365079,26.916666666666668
39,27,1,1,2,3,3,6,16.053174603174604,27.367857142857144
39,28,1,1,1,4,3,6,16.18561507936508,27.429761904761904
39,29,1,1,2,3,3,1,15.986607142857142,27.354166666666668
39,30,1,1,1,2,2,6,13.29751984126984,27.330952380952382
39,31,1,1,1,1,1,1,11.085615079365079,26.465476190476192
39,32,1,1,2,3,2,1,15.087599206349207,27.348214285714285
39,33,1,1,2,1,2,2,13.079365079365079,26.916666666666668
39,34,1,1,1,1,1,6,11.144047619047619,26.492261904761904
39,35,1,1,1,2,2,6,13.29751984126984,27.330952380952382
39,36,1,1,1,4,3,6,16.18561507936508,27.429761904761904
39,37,1,1,1,4,3,6,16.18561507936508,27.429761904761904
39,38,1,1,1,2,2,6,13.29751984126984,27.330952380952382
39,39,1,1,1,2,2,6,13.29751984126984,27.330952380952382
39,40,1,1,1,1,1,6,11.144047619047619,26.492261904761904
39,41,1,1,2,1,2,2,13.079365079365079,26.916666666666668
39,42,3,1,6,5,4,6,25.063095238095237,27.47738095238095
39,43,1,1,1,1,2,1,12.068452380952381,26.891666666666666
39,44,1,1,1,1,2,1,12.068452380952381,26.891666666666666
39,45,1,1,1,1,1,6,11.144047619047619,26.492261904761904
39,46,1,1,2,1,2,2,13.079365079365079,26.916666666666668
39,47,1,1,1,2,2,1,13.084623015873015,27.18095238095238
39,48,1,1,1,1,2,1,12.068452380952381,26.891666666666666
39,49,1,1,1,1,1,6,11.144047619047619,26.492261904761904
40,0,3,1,6,5,4,6,25.063095238095237,27.47738095238095
40,1,3,1,6,5,4,6,25.063095238095237,27.47738095238095
40,2,1,1,1,1,1,1,11.085615079365079,26.465476190476192
40,3,1,1,1,1,1,1,11.085615079365079,26.465476190476192
40,4,1,1,1,1,2,1,12.068452380952381,26.891666666666666
40,5,3,1,3,4,3,2,20.232242063492063,27.44107142857143
40,6,1,1,2,1,2,2,13.079365079365079,26.916666666666668
40,7,1,1,1,1,1,4,11.176190476190476,26.570833333333333
40,8,1,1,1,2,2,1,13.084623015873015,27.18095238095238
40,9,1,1,1,4,3,6,16.18561507936508,27.429761904761904
40,10,1,1,1,2,2,6,13.29751984126984,27.330952380952382
40,11,3,1,3,4,3,2,20.232242063492063,27.44107142857143
40,12,1,2,1,3,5,6,18.199007936507936,27.435714285714287
40,13,1,2,1,3,5,6,18.199007936507936,27.435714285714287
40,14,1,1,1,1,1,4,11.176190476190476,26.570833333333333
40,15,1,1,2,3,2,1,15.087599206349207,27.348214285714285
40,16,1,1,1,2,2,4,13.17688492063492,27.264880952380953
40,17,1,1,1,1,2,1,12.068452380952381,26.891666666666666
40,18,1,1,1,2,2,1,13.084623015873015,27.18095238095238
40,19,1,1,1,1,1,6,11.144047619047619,26.492261904761904
40,20,1,1,2,3,2,1,15.087599206349207,27.348214285714285
40,21,1,1,2,3,3,1,15.986607142857142,27.354166666666668
40,22,1,1,1,2,2,4,13.17688492063492,27.264880952380953
40,23,1,1,2,3,3,6,16.053174603174604,27.367857142857144
40,24,1,1,1,1,1,6,11.144047619047619,26.492261904761904
40,25,1,1,1,2,2,6,13.29751984126984,27.330952380952382
40,26,1,1,2,1,2,2,13.079365079365079,26.916666666666668
40,27,1,1,2,3,3,6,16.053174603174604,27.367857142857144
40,28,1,1,1,4,3,6,16.18561507936508,27.429761904761904
40,29,1,1,2,3,3,1,15.986607142857142,27.354166666666668
40,30,1,1,1,2,2,4,13.17688492063492,27.264880952380953
40,31,1,1,1,1,1,4,11.176190476190476,26.570833333333333
40,32,1,1,2,3,3,1,15.986607142857142,27.354166666666668
40,33,1,1,1,2,2,6,13.29751984126984,27.330952380952382
40,34,1,1,1,2,2,6,13.29751984126984,27.330952380952382
40,35,1,1,1,1,2,1,12.068452380952381,26.891666666666666
40,36,1,1,1,2,2,1,13.084623015873015,27.18095238095238
40,37,1,1,2,3,2,1,15.087599206349207,27.348214285714285
40,38,1,1,2,1,2,2,13.079365079365079,26.916666666666668
40,39,1,1,1,2,2,6,13.29751984126984,27.330952380952382
40,40,1,1,2,1,2,2,13.079365079365079,26.916666666666668
40,41,1,1,1,1,2,1,12.068452380952381,26.891666666666666
40,42,1,1,1,2,2,6,13.29751984126984,27.330952380952382
40,43,1,1,2,3,3,1,15.986607142857142,27.354166666666668
40,44,1,1,1,2,2,4,13.17688492063492,27.264880952380953
40,45,1,1,1,2,2,6,13.29751984126984,27.330952380952382
40,46,1,1,2,3,3,1,15.986607142857142,27.354166666666668
40,47,1,1,1,4,3,6,16.18561507936508,27.429761904761904
40,48,1,1,1,1,1,6,11.144047619047619,26.492261904761904
40,49,1,1,1,4,3,6,16.18561507936508,27.429761904761904
41,0,1,1,1,1,1,1,11.085615079365079,26.465476190476192
41,1,3,1,6,5,4,6,25.063095238095237,27.47738095238095
41,2,3,1,6,5,4,6,25.063095238095237,27.47738095238095
41,3,1,1,1,1,1,1,11.085615079365079,26.465476190476192
41,4,1,1,1,1,2,1,12.068452380952381,26.891666666666666
41,5,3,1,3,4,3,2,20.232242063492063,27.44107142857143
41,6,1,1,2,1,2,2,13.079365079365079,26.916666666666668
41,7,1,1,1,1,1,4,11.176190476190476,26.570833333333333
41,8,1,1,1,2,2,1,13.084623015873015,27.18095238095238
41,9,1,1,1,4,3,6,16.18561507936508,27.429761904761904
41,10,1,1,1,2,2,6,13.29751984126984,27.330952380952382
41,11,3,1,3,4,3,2,20.232242063492063,27.44107142857143
41,12,1,2,1,3,5,6,18.199007936507936,27.435714285714287
41,13,1,2,1,3,5,6,18.199007936507936,27.435714285714287
41,14,1,1,1,1,1,4,11.176190476190476,26.570833333333333
41,15,1,1,2,3,2,1,15.087599206349207,27.348214285714285
41,16,1,1,1,2,2,4,13.17688492063492,27.264880952380953
41,17,1,1,1,1,2,1,12.068452380952381,26.891666666666666
41,18,1,1,1,2,2,1,13.084623015873015,27.18095238095238
41,19,1,1,1,1,1,6,11.144047619047619,26.492261904761904
41,20,1,1,2,3,2,1,15.087599206349207,27.348214285714285
41,21,1,1,2,3,3,1,15.986607142857142,27.354166666666668
41,22,1,1,1,2,2,4,13.17688492063492,27.264880952380953
41,23,1,1,2,3,3,6,16.053174603174604,27.367857142857144
41,24,1,1,1,1,1,6,11.144047619047619,26.492261904761904
41,25,1,1,1,2,2,6,13.29751984126984,27.330952380952382
41,26,1,1,2,1,2,2,13.079365079365079,26.916666666666668
41,27,1,1,2,3,3,6,16.053174603174604,27.367857142857144
41,28,1,1,1,4,3,6,16.18561507936508,27.429761904761904
41,29,1,1,2,3,3,1,15.986607142857142,27.354166666666668
41,30,1,1,1,2,2,1,13.084623015873015,27.18095238095238
41,31,1,1,1,1,1,4,11.176190476190476,26.570833333333333
41,32,1,1,2,3,3,1,15.986607142857142,27.354166666666668
41,33,3,1,3,4,3,2,20.232242063492063,27.44107142857143
41,34,1,1,2,3,3,1,15.986607142857142,27.354166666666668
41,35,1,1,2,3,2,1,15.087599206349207,27.348214285714285
41,36,3,1,6,5,4,6,25.063095238095237,27.47738095238095
41,37,1,1,1,1,1,6,11.144047619047619,26.492261904761904
41,38,1,1,1,1,1,6,11.144047619047619,26.492261904761904
41,39,1,1,1,2,2,1,13.084623015873015,27.18095238095238
41,40,1,1,2,1,2,2,13.079365079365079,26.916666666666668
41,41,1,1,1,2,2,6,13.29751984126984,27.330952380952382
41,42,1,1,2,3,3,1,15.986607142857142,27.354166666666668
41,43,1,1,1,1,1,4,11.176190476190476,26.570833333333333
41,44,1,1,1,2,2,6,13.29751984126984,27.330952380952382
41,45,1,2,1,3,5,6,18.199007936507936,27.435714285714287
41,46,1,1,1,2,2,4,13.17688492063492,27.264880952380953
41,47,1,1,2,3,3,6,16.053174603174604,27.367857142857144
41,48,1,1,1,2,2,6,13.29751984126984,27.330952380952382
41,49,1,1,1,2,2,4,13.17688492063492,27.264880952380953
42,0,1,1,1,1,1,1,11.085615079365079,26.465476190476192
42,1,1,1,1,1,1,1,11.085615079365079,26.465476190476192
42,2,3,1,6,5,4,6,25.063095238095237,27.47738095238095
42,3,3,1,6,5,4,6,25.063095238095237,27.47738095238095
42,4,1,1,1,1,2,1,12.068452380952381,26.891666666666666
42,5,3,1,3,4,3,2,20.232242063492063,27.44107142857143
42,6,1,1,2,1,2,2,13.079365079365079,26.916666666666668
42,7,1,1,1,1,1,4,11.176190476190476,26.570833333333333
42,8,1,1,1,2,2,1,13.084623015873015,27.18095238095238
42,9,1,1,1,4,3,6,16.18561507936508,27.429761904761904
42,10,1,1,1,2,2,6,13.29751984126984,27.330952380952382
42,11,3,1,3,4,3,2,20.232242063492063,27.44107142857143
42,12,1,2,1,3,5,6,18.199007936507936,27.435714285714287
42,13,1,2,1,3,5,6,18.199007936507936,27.435714285714287
42,14,1,1,1,1,1,4,11.176190476190476,26.570833333333333
42,15,1,1,2,3,2,1,15.087599206349207,27.348214285714285
42,16,1,1,1,2,2,4,13.17688492063492,27.264880952380953
42,17,1,1,1,1,2,1,12.068452380952381,26.891666666666666
42,18,1,1,1,2,2,1,13.084623015873015,27.18095238095238
42,19,1,1,1,1,1,6,11.144047619047619,26.492261904761904
42,20,1,1,2,3,2,1,15.087599206349207,27.348214285714285
42,21,1,1,2,3,3,1,15.986607142857142,27.354166666666668
42,22,1,1,1,2,2,4,13.17688492063492,27.264880952380953
42,23,1,1,2,3,3,6,16.053174603174604,27.367857142857144
42,24,1,1,1,1,1,6,11.144047619047619,26.492261904761904
42,25,1,1,1,2,2,6,13.29751984126984,27.330952380952382
42,26,1,1,2,1,2,2,13.079365079365079,26.916666666666668
42,27,1,1,2,3,3,6,16.053174603174604,27.367857142857144
42,28,1,1,1,4,3,6,16.18561507936508,27.429761904761904
42,29,1,1,2,3,3,1,15.986607142857142,27.354166666666668
42,30,1,1,1,2,2,1,13.084623015873015,27.18095238095238
42,31,1,1,2,1,2,2,13.079365079365079,26.916666666666668
42,32,1,1,1,2,2,4,13.17688492063492,27.264880952380953
42,33,1,1,1,1,2,1,12.068452380952381,26.891666666666666
42,34,1,1,2,3,2,1,15.087599206349207,27.348214285714285
42,35,1,1,1,1,1,1,11.085615079365079,26.465476190476192
42,36,1,1,1,2,2,4,13.17688492063492,27.264880952380953
42,37,1,1,2,1,2,2,13.079365079365079,26.916666666666668
42,38,3,1,6,5,4,6,25.063095238095237,27.47738095238095
42,39,1,1,2,3,3,1,15.986607142857142,27.354166666666668
42,40,1,1,1,2,2,4,13.17688492063492,27.264880952380953
42,41,1,1,1,1,2,1,12.068452380952381,26.891666666666666
42,42,1,1,1,1,1,6,11.144047619047619,26.492261904761904
42,43,1,1,1,1,1,6,11.144047619047619,26.492261904761904
42,44,1,1,1,1,1,6,11.144047619047619,26.492261904761904
42,45,1,1,1,2,2,4,13.17688492063492,27.264880952380953
42,46,1,1,1,2,2,6,13.29751984126984,27.330952380952382
42,47,1,1,1,2,2,1,13.084623015873015,27.18095238095238
42,48,1,1,2,3,3,1,15.986607142857142,27.354166666666668
42,49,1,1,1,1,1,1,11.085615079365079,26.465476190476192
43,0,1,1,1,1,1,1,11.085615079365079,26.465476190476192
43,1,3,1,6,5,4,6,25.063095238095237,27.47738095238095
43,2,1,1,1,1,1,1,11.085615079365079,26.465476190476192
43,3,3,1,6,5,4,6,25.063095238095237,27.47738095238095
43,4,1,1,1,1,2,1,12.068452380952381,26.891666666666666
43,5,3,1,3,4,3,2,20.232242063492063,27.44107142857143
43,6,1,1,2,1,2,2,13.079365079365079,26.916666666666668
43,7,1,1,1,1,1,4,11.176190476190476,26.570833333333333
43,8,1,1,1,2,2,1,13.084623015873015,27.18095238095238
43,9,1,1,1,4,3,6,16.18561507936508,27.429761904761904
43,10,1,1,1,2,2,6,13.29751984126984,27.330952380952382
43,11,3,1,3,4,3,2,20.232242063492063,27.44107142857143
43,12,1,2,1,3,5,6,18.199007936507936,27.435714285714287
43,13,1,2,1,3,5,6,18.199007936507936,27.435714285714287
43,14,1,1,1,1,1,4,11.176190476190476,26.570833333333333
43,15,1,1,2,3,2,1,15.087599206349207,27.348214285714285
43,16,1,1,1,2,2,4,13.17688492063492,27.264880952380953
43,17,1,1,1,1,2,1,12.068452380952381,26.891666666666666
43,18,1,1,1,2,2,1,13.084623015873015,27.18095238095238
43,19,1,1,1,1,1,6,11.144047619047619,26.492261904761904
43,20,1,1,2,3,2,1,15.087599206349207,27.348214285714285
43,21,1,1,2,3,3,1,15.986607142857142,27.354166666666668
43,22,1,1,1,2,2,4,13.17688492063492,27.264880952380953
43,23,1,1,2,3,3,6,16.053174603174604,27.367857142857144
43,24,1,1,1,1,1,6,11.144047619047619,26.492261904761904
43,25,1,1,1,2,2,6,13.29751984126984,27.330952380952382
43,26,1,1,2,1,2,2,13.079365079365079,26.916666666666668
43,27,1,1,2,3,3,6,16.053174603174604,27.367857142857144
43,28,1,1,1,4,3,6,16.18561507936508,27.429761904761904
43,29,1,1,2,3,3,1,15.986607142857142,27.354166666666668
43,30,1,1,1,2,2,1,13.084623015873015,27.18095238095238
43,31,1,1,1,1,1,6,11.144047619047619,26.492261904761904
43,32,1,1,2,3,3,6,16.053174603174604,27.367857142857144
43,33,1,1,2,1,2,2,13.079365079365079,26.916666666666668
43,34,1,1,1,1,1,4,11.176190476190476,26.570833333333333
43,35,1,1,2,3,3,1,15.986607142857142,27.354166666666668
43,36,1,1,1,1,1,4,11.176190476190476,26.570833333333333
43,37,1,1,1,2,2,6,13.29751984126984,27.330952380952382
43,38,1,1,1,2,2,1,13.084623015873015,27.18095238095238
43,39,1,1,1,1,1,6,11.144047619047619,26.492261904761904
43,40,1,1,2,3,3,1,15.986607142857142,27.354166666666668
43,41,1,1,1,1,1,6,11.144047619047619,26.492261904761904
43,42,1,1,2,3,2,1,15.087599206349207,27.348214285714285
43,43,3,1,6,5,4,6,25.063095238095237,27.47738095238095
43,44,1,1,1,1,1,1,11.085615079365079,26.465476190476192
43,45,1,1,1,2,2,1,13.084623015873015,27.18095238095238
43,46,1,1,1,2,2,1,13.084623015873015,27.18095238095238
43,47,1,1,1,1,2,1,12.068452380952381,26.891666666666666
43,48,1,1,1,2,2,4,13.17688492063492,27.264880952380953
43,49,1,1,2,3,2,1,15.087599206349207,27.348214285714285
44,0,3,1,6,5,4,6,25.063095238095237,27.47738095238095
44,1,1,1,1,1,1,1,11.085615079365079,26.465476190476192
44,2,1,1,1,1,1,1,11.085615079365079,26.465476190476192
44,3,3,1,6,5,4,6,25.063095238095237,27.47738095238095
44,4,1,1,1,1,2,1,12.068452380952381,26.891666666666666
44,5,3,1,3,4,3,2,20.232242063492063,27.44107142857143
44,6,1,1,2,1,2,2,13.079365079365079,26.916666666666668
44,7,1,1,1,1,1,4,11.176190476190476,26.570833333333333
44,8,1,1,1,2,2,1,13.084623015873015,27.18095238095238
44,9,1,1,1,4,3,6,16.18561507936508,27.429761904761904
44,10,1,1,1,2,2,6,13.29751984126984,27.330952380952382
44,11,3,1,3,4,3,2,20.232242063492063,27.44107142857143
44,12,1,2,1,3,5,6,18.199007936507936,27.435714285714287
44,13,1,2,1,3,5,6,18.199007936507936,27.435714285714287
44,14,1,1,1,1,1,4,11.176190476190476,26.570833333333333
44,15,1,1,2,3,2,1,15.087599206349207,27.348214285714285
44,16,1,1,2,3,3,6,16.053174603174604,27.367857142857144
44,17,1,1,1,2,2,4,13.17688492063492,27.264880952380953
44,18,1,1,1,1,2,1,12.068452380952381,26.891666666666666
44,19,1,1,1,4,2,7,15.281746031746032,27.358333333333334
44,20,1,1,1,2,2,1,13.084623015873015,27.18095238095238
44,21,1,1,1,1,1,6,11.144047619047619,26.492261904761904
44,22,1,1,1,2,2,4,13.17688492063492,27.264880952380953
44,23,1,1,2,3,2,1,15.087599206349207,27.348214285714285
44,24,1,1,1,1,1,6,11.144047619047619,26.492261904761904
44,25,1,1,1,2,2,6,13.29751984126984,27.330952380952382
44,26,1,1,2,1,2,2,13.079365079365079,26.916666666666668
44,27,1,1,2,3,3,6,16.053174603174604,27.367857142857144
44,28,1,1,1,4,3,6,16.18561507936508,27.429761904761904
44,29,1,1,1,2,2,4,13.17688492063492,27.264880952380953
44,30,3,1,6,5,4,6,25.063095238095237,27.47738095238095
44,31,1,1,1,1,1,6,11.144047619047619,26.492261904761904
44,32,1,1,1,1,1,1,11.085615079365079,26.465476190476192
44,33,1,1,1,2,2,1,13.084623015873015,27.18095238095238
44,34,1,1,1,1,2,1,12.068452380952381,26.891666666666666
44,35,1,1,1,2,2,6,13.29751984126984,27.330952380952382
44,36,1,1,1,4,3,6,16.18561507936508,27.429761904761904
44,37,1,1,1,2,2,1,13.084623015873015,27.18095238095238
44,38,1,1,1,2,2,6,13.29751984126984,27.330952380952382
44,39,1,1,1,1,1,4,11.176190476190476,26.570833333333333
44,40,3,1,3,4,3,2,20.232242063492063,27.44107142857143
44,41,1,1,2,3,3,6,16.053174603174604,27.367857142857144
44,42,1,1,1,2,2,1,13.084623015873015,27.18095238095238
44,43,1,1,2,3,3,6,16.053174603174604,27.367857142857144
44,44,1,1,1,1,1,6,11.144047619047619,26.492261904761904
44,45,1,1,2,3,2,1,15.087599206349207,27.348214285714285
44,46,1,1,1,2,2,1,13.084623015873015,27.18095238095238
44,47,1,1,1,2,2,1,13.084623015873015,27.18095238095238
44,48,1,1,2,1,2,2,13.079365079365079,26.916666666666668
44,49,3,1,6,5,4,6,25.063095238095237,27.47738095238095
45,0,3,1,6,5,4,6,25.063095238095237,27.47738095238095
45,1,1,1,1,1,1,1,11.085615079365079,26.465476190476192
45,2,1,1,1,1,1,1,11.085615079365079,26.465476190476192
45,3,3,1,6,5,4,6,25.063095238095237,27.47738095238095
45,4,1,1,1,1,2,1,12.068452380952381,26.891666666666666
45,5,3,1,3,4,3,2,20.232242063492063,27.44107142857143
45,6,1,1,2,1,2,2,13.079365079365079,26.916666666666668
45,7,1,1,1,1,1,4,11.176190476190476,26.570833333333333
45,8,1,1,1,2,2,1,13.084623015873015,27.18095238095238
45,9,1,1,1,4,3,6,16.18561507936508,27.429761904761904
45,10,1,1,1,2,2,6,13.29751984126984,27.330952380952382
45,11,3,1,3,4,3,2,20.232242063492063,27.44107142857143
45,12,1,2,1,3,5,6,18.199007936507936,27.435714285714287
45,13,1,2,1,3,5,6,18.199007936507936,27.435714285714287
45,14,1,1,1,1,1,4,11.176190476190476,26.570833333333333
45,15,1,1,2,3,2,1,15.087599206349207,27.348214285714285
45,16,1,1,1,2,2,4,13.17688492063492,27.264880952380953
45,17,1,1,1,1,2,1,12.068452380952381,26.891666666666666
45,18,1,1,1,4,2,7,15.281746031746032,27.358333333333334
45,19,1,1,1,2,2,1,13.084623015873015,27.18095238095238
45,20,1,1,1,1,1,6,11.144047619047619,26.492261904761904
45,21,1,1,1,2,2,4,13.17688492063492,27.264880952380953
45,22,1,1,2,3,3,7,16.179761904761904,27.369642857142857
45,23,1,1,2,3,3,6,16.053174603174604,27.367857142857144
45,24,1,1,2,3,2,1,15.087599206349207,27.348214285714285
45,25,1,1,1,1,1,6,11.144047619047619,26.492261904761904
45,26,1,1,1,2,2,6,13.29751984126984,27.330952380952382
45,27,1,1,2,1,2,2,13.079365079365079,26.916666666666668
45,28,1,1,2,3,3,6,16.053174603174604,27.367857142857144
45,29,1,1,1,4,3,6,16.18561507936508,27.429761904761904
45,30,1,2,1,3,5,6,18.199007936507936,27.435714285714287
45,31,3,1,6,5,4,6,25.063095238095237,27.47738095238095
45,32,1,1,1,1,1,1,11.085615079365079,26.465476190476192
45,33,1,1,1,1,1,4,11.176190476190476,26.570833333333333
45,34,1,1,1,2,2,1,13.084623015873015,27.18095238095238
45,35,1,1,2,3,3,6,16.053174603174604,27.367857142857144
45,36,1,1,1,2,2,1,13.084623015873015,27.18095238095238
45,37,1,1,1,2,2,6,13.29751984126984,27.330952380952382
45,38,1,1,1,1,1,1,11.085615079365079,26.465476190476192
45,39,3,1,6,5,4,6,25.063095238095237,27.47738095238095
45,40,1,1,2,1,2,2,13.079365079365079,26.916666666666668
45,41,3,1,3,4,3,2,20.232242063492063,27.44107142857143
45,42,1,1,1,2,2,1,13.084623015873015,27.18095238095238
45,43,1,1,1,2,2,1,13.084623015873015,27.18095238095238
45,44,1,1,1,1,1,1,11.085615079365079,26.465476190476192
45,45,1,1,2,3,2,1,15.087599206349207,27.348214285714285
45,46,1,1,1,1,2,1,12.068452380952381,26.891666666666666
45,47,1,1,1,4,3,6,16.18561507936508,27.429761904761904
45,48,1,1,2,1,2,2,13.079365079365079,26.916666666666668
45,49,1,1,1,1,1,4,11.176190476190476,26.570833333333333
46,0,3,1,6,5,4,6,25.063095238095237,27.47738095238095
46,1,3,1,6,5,4,6,25.063095238095237,27.47738095238095
46,2,1,1,1,1,1,1,11.085615079365079,26.465476190476192
46,3,1,1,1,1,1,1,11.085615079365079,26.465476190476192
46,4,1,1,1,1,2,1,12.068452380952381,26.891666666666666
46,5,3,1,3,4,3,2,20.232242063492063,27.44107142857143
46,6,1,1,2,1,2,2,13.079365079365079,26.916666666666668
46,7,1,1,1,1,1,4,11.176190476190476,26.570833333333333
46,8,1,1,1,2,2,1,13.084623015873015,27.18095238095238
46,9,1,1,1,4,3,6,16.18561507936508,27.429761904761904
46,10,1,1,1,2,2,6,13.29751984126984,27.330952380952382
46,11,3,1,3,4,3,2,20.232242063492063,27.44107142857143
46,12,1,2,1,3,5,6,18.199007936507936,27.435714285714287
46,13,1,2,1,3,5,6,18.199007936507936,27.435714285714287
46,14,1,1,1,1,1,4,11.176190476190476,26.570833333333333
46,15,1,1,2,3,2,1,15.087599206349207,27.348214285714285
46,16,1,1,1,2,2,4,13.17688492063492,27.264880952380953
46,17,1,1,1,1,2,1,12.068452380952381,26.891666666666666
46,18,1,1,1,4,2,7,15.281746031746032,27.358333333333334
46,19,1,1,1,2,2,1,13.084623015873015,27.18095238095238
46,20,1,1,1,1,1,6,11.144047619047619,26.492261904761904
46,21,1,1,1,2,2,4,13.17688492063492,27.264880952380953
46,22,1,1,2,3,3,7,16.179761904761904,27.369642857142857
46,23,1,1,2,3,3,6,16.053174603174604,27.367857142857144
46,24,1,1,2,3,2,1,15.087599206349207,27.348214285714285
46,25,1,1,1,1,1,6,11.144047619047619,26.492261904761904
46,26,1,1,1,2,2,6,13.29751984126984,27.330952380952382
46,27,1,1,2,1,2,2,13.079365079365079,26.916666666666668
46,28,1,1,2,3,3,6,16.053174603174604,27.367857142857144
46,29,1,1,1,4,3,6,16.18561507936508,27.429761904761904
46,30,1,1,1,4,3,6,16.18561507936508,27.429761904761904
46,31,1,1,1,1,1,1,11.085615079365079,26.465476190476192
46,32,1,1,1,2,2,4,13.17688492063492,27.264880952380953
46,33,3,1,6,5,4,6,25.063095238095237,27.47738095238095
46,34,1,1,1,1,1,1,11.085615079365079,26.465476190476192
46,35,1,1,1,1,1,1,11.085615079365079,26.465476190476192
46,36,1,1,2,3,2,1,15.087599206349207,27.348214285714285
46,37,3,1,6,5,4,6,25.063095238095237,27.47738095238095
46,38,1,1,1,1,2,1,12.068452380952381,26.891666666666666
46,39,3,1,3,4,3,2,20.232242063492063,27.44107142857143
46,40,1,1,1,1,1,6,11.144047619047619,26.492261904761904
46,41,1,1,1,1,1,4,11.176190476190476,26.570833333333333
46,42,1,1,2,1,2,2,13.079365079365079,26.916666666666668
46,43,1,2,1,3,5,6,18.199007936507936,27.435714285714287
46,44,1,1,1,2,2,1,13.084623015873015,27.18095238095238
46,45,1,1,1,1,1,4,11.176190476190476,26.570833333333333
46,46,1,1,1,2,2,6,13.29751984126984,27.330952380952382
46,47,1,1,1,1,1,1,11.085615079365079,26.465476190476192
46,48,1,1,1,2,2,1,13.084623015873015,27.18095238095238
46,49,1,1,1,1,2,1,12.068452380952381,26.891666666666666
47,0,3,1,6,5,4,6,25.063095238095237,27.47738095238095
47,1,1,1,1,1,1,1,11.085615079365079,26.465476190476192
47,2,1,1,1,1,1,1,11.085615079365079,26.465476190476192
47,3,3,1,6,5,4,6,25.063095238095237,27.47738095238095
47,4,1,1,1,1,2,1,12.068452380952381,26.891666666666666
47,5,3,1,3,4,3,2,20.232242063492063,27.44107142857143
47,6,1,1,2,1,2,2,13.079365079365079,26.916666666666668
47,7,1,1,1,1,1,4,11.176190476190476,26.570833333333333
47,8,1,1,1,2,2,1,13.084623015873015,27.18095238095238
47,9,1,1,1,4,3,6,16.18561507936508,27.429761904761904
47,10,1,1,1,2,2,6,13.29751984126984,27.330952380952382
47,11,3,1,3,4,3,2,20.232242063492063,27.44107142857143
47,12,1,2,1,3,5,6,18.199007936507936,27.435714285714287
47,13,1,2,1,3,5,6,18.199007936507936,27.435714285714287
47,14,1,1,1,1,1,4,11.176190476190476,26.570833333333333
47,15,1,1,2,3,2,1,15.087599206349207,27.348214285714285
47,16,1,1,1,2,2,4,13.17688492063492,27.264880952380953
47,17,1,1,1,1,2,1,12.068452380952381,26.891666666666666
47,18,1,1,1,4,2,7,15.281746031746032,27.358333333333334
47,19,1,1,1,2,2,1,13.084623015873015,27.18095238095238
47,20,1,1,1,1,1,6,11.144047619047619,26.492261904761904
47,21,1,1,1,2,2,4,13.17688492063492,27.264880952380953
47,22,1,1,2,3,3,7,16.179761904761904,27.369642857142857
47,23,1,1,2,3,3,6,16.053174603174604,27.367857142857144
47,24,1,1,2,3,2,1,15.087599206349207,27.348214285714285
47,25,1,1,1,1,1,6,11.144047619047619,26.492261904761904
47,26,1,1,1,2,2,6,13.29751984126984,27.330952380952382
47,27,1,1,2,1,2,2,13.079365079365079,26.916666666666668
47,28,1,1,2,3,3,6,16.053174603174604,27.367857142857144
47,29,1,1,1,4,3,6,16.18561507936508,27.429761904761904
47,30,1,1,2,1,2,2,13.079365079365079,26.916666666666668
47,31,1,1,1,2,2,6,13.29751984126984,27.330952380952382
47,32,3,1,3,4,3,2,20.232242063492063,27.44107142857143
47,33,1,1,1,2,2,1,13.084623015873015,27.18095238095238
47,34,1,1,1,4,3,6,16.18561507936508,27.429761904761904
47,35,1,1,1,1,1,4,11.176190476190476,26.570833333333333
47,36,1,1,1,1,2,1,12.068452380952381,26.891666666666666
47,37,1,1,2,3,2,1,15.087599206349207,27.348214285714285
47,38,1,1,1,1,1,4,11.176190476190476,26.570833333333333
47,39,3,1,6,5,4,6,25.063095238095237,27.47738095238095
47,40,1,1,1,2,2,6,13.29751984126984,27.330952380952382
47,41,3,1,6,5,4,6,25.063095238095237,27.47738095238095
47,42,1,1,1,2,2,4,13.17688492063492,27.264880952380953
47,43,1,1,1,1,1,6,11.144047619047619,26.492261904761904
47,44,1,1,1,1,1,4,11.176190476190476,26.570833333333333
47,45,1,1,1,2,2,1,13.084623015873015,27.18095238095238
47,46,1,1,1,4,3,6,16.18561507936508,27.429761904761904
47,47,1,1,1,1,2,1,12.068452380952381,26.891666666666666
47,48,1,1,1,1,1,1,11.085615079365079,26.465476190476192
47,49,1,1,2,1,2,2,13.079365079365079,26.916666666666668
48,0,3,1,6,5,4,6,25.063095238095237,27.47738095238095
48,1,1,1,1,1,1,1,11.085615079365079,26.465476190476192
48,2,1,1,1,1,1,1,11.085615079365079,26.465476190476192
48,3,3,1,6,5,4,6,25.063095238095237,27.47738095238095
48,4,1,1,1,1,2,1,12.068452380952381,26.891666666666666
48,5,3,1,3,4,3,2,20.232242063492063,27.44107142857143
48,6,1,1,2,1,2,2,13.079365079365079,26.916666666666668
48,7,1,1,1,1,1,4,11.176190476190476,26.570833333333333
48,8,1,1,1,2,2,1,13.084623015873015,27.18095238095238
48,9,1,1,1,4,3,6,16.18561507936508,27.429761904761904
48,10,1,1,1,2,2,6,13.29751984126984,27.330952380952382
48,11,3,1,3,4,3,2,20.232242063492063,27.44107142857143
48,12,1,2,1,3,5,6,18.199007936507936,27.435714285714287
48,13,1,2,1,3,5,6,18.199007936507936,27.435714285714287
48,14,1,1,1,1,1,4,11.176190476190476,26.570833333333333
48,15,1,1,2,3,2,1,15.087599206349207,27.348214285714285
48,16,1,1,1,2,2,4,13.17688492063492,27.264880952380953
48,17,1,1,1,1,2,1,12.068452380952381,26.891666666666666
48,18,1,1,1,4,2,7,15.281746031746032,27.358333333333334
48,19,1,1,1,2,2,1,13.084623015873015,27.18095238095238
48,20,1,1,1,1,1,6,11.144047619047619,26.492261904761904
48,21,1,1,1,2,2,4,13.17688492063492,27.264880952380953
48,22,1,1,2,3,3,7,16.179761904761904,27.369642857142857
48,23,1,1,2,3,3,6,16.053174603174604,27.367857142857144
48,24,1,1,2,3,2,1,15.087599206349207,27.348214285714285
48,25,1,1,1,1,1,6,11.144047619047619,26.492261904761904
48,26,1,1,1,2,2,6,13.29751984126984,27.330952380952382
48,27,1,1,2,1,2,2,13.079365079365079,26.916666666666668
48,28,1,1,2,3,3,6,16.053174603174604,27.367857142857144
48,29,1,1,1,4,3,6,16.18561507936508,27.429761904761904
48,30,1,1,1,1,2,1,12.068452380952381,26.891666666666666
48,31,1,1,1,4,3,6,16.18561507936508,27.429761904761904
48,32,1,1,1,1,1,1,11.085615079365079,26.465476190476192
48,33,1,1,1,1,1,6,11.144047619047619,26.492261904761904
48,34,1,1,1,1,1,6,11.144047619047619,26.492261904761904
48,35,1,1,1,1,2,1,12.068452380952381,26.891666666666666
48,36,1,1,1,2,2,6,13.29751984126984,27.330952380952382
48,37,1,1,2,3,2,1,15.087599206349207,27.348214285714285
48,38,1,1,1,2,2,1,13.084623015873015,27.18095238095238
48,39,1,1,1,4,3,6,16.18561507936508,27.429761904761904
48,40,1,1,2,3,2,1,15.087599206349207,27.348214285714285
48,41,1,1,1,1,1,1,11.085615079365079,26.465476190476192
48,42,1,1,1,2,2,1,13.084623015873015,27.18095238095238
48,43,1,1,2,1,2,2,13.079365079365079,26.916666666666668
48,44,1,1,1,2,2,6,13.29751984126984,27.330952380952382
48,45,1,1,1,1,2,1,12.068452380952381,26.891666666666666
48,46,1,1,1,1,2,1,12.068452380952381,26.891666666666666
48,47,1,1,1,2,2,6,13.29751984126984,27.330952380952382
48,48,1,1,2,1,2,2,13.079365079365079,26.916666666666668
48,49,1,1,1,1,2,1,12.068452380952381,26.891666666666666
49,0,3,1,6,5,4,6,25.063095238095237,27.47738095238095
49,1,1,1,1,1,1,1,11.085615079365079,26.465476190476192
49,2,3,1,6,5,4,6,25.063095238095237,27.47738095238095
49,3,1,1,1,1,1,1,11.085615079365079,26.465476190476192
49,4,1,1,1,1,2,1,12.068452380952381,26.891666666666666
49,5,3,1,3,4,3,2,20.232242063492063,27.44107142857143
49,6,1,1,2,1,2,2,13.079365079365079,26.916666666666668
49,7,1,1,1,1,1,4,11.176190476190476,26.570833333333333
49,8,1,1,1,2,2,1,13.084623015873015,27.18095238095238
49,9,1,1,1,4,3,6,16.18561507936508,27.429761904761904
49,10,1,1,1,2,2,6,13.29751984126984,27.330952380952382
49,11,3,1,3,4,3,2,20.232242063492063,27.44107142857143
49,12,1,2,1,3,5,6,18.199007936507936,27.435714285714287
49,13,1,2,1,3,5,6,18.199007936507936,27.435714285714287
49,14,1,1,1,1,1,4,11.176190476190476,26.570833333333333
49,15,1,1,2,3,2,1,15.087599206349207,27.348214285714285
49,16,1,1,1,2,2,4,13.17688492063492,27.264880952380953
49,17,1,1,1,1,2,1,12.068452380952381,26.891666666666666
49,18,1,1,1,2,2,1,13.084623015873015,27.18095238095238
49,19,1,1,1,1,1,6,11.144047619047619,26.492261904761904
49,20,1,1,1,2,2,4,13.17688492063492,27.264880952380953
49,21,1,1,2,3,3,7,16.179761904761904,27.369642857142857
49,22,1,1,1,4,2,7,15.281746031746032,27.358333333333334
49,23,1,1,2,3,3,6,16.053174603174604,27.367857142857144
49,24,1,1,2,3,2,1,15.087599206349207,27.348214285714285
49,25,1,1,1,1,1,6,11.144047619047619,26.492261904761904
49,26,1,1,1,2,2,6,13.29751984126984,27.330952380952382
49,27,1,1,2,1,2,2,13.079365079365079,26.916666666666668
49,28,1,1,1,4,2,7,15.281746031746032,27.358333333333334
49,29,1,1,2,3,3,6,16.053174603174604,27.367857142857144
49,30,1,1,1,4,3,6,16.18561507936508,27.429761904761904
49,31,1,1,1,1,1,6,11.144047619047619,26.492261904761904
49,32,1,1,2,3,2,1,15.087599206349207,27.348214285714285
49,33,1,1,1,4,3,6,16.18561507936508,27.429761904761904
49,34,1,1,1,2,2,1,13.084623015873015,27.18095238095238
49,35,1,1,1,2,2,6,13.29751984126984,27.330952380952382
49,36,1,1,1,2,2,6,13.29751984126984,27.330952380952382
49,37,1,1,1,1,1,4,11.176190476190476,26.570833333333333
49,38,1,1,1,1,1,1,11.085615079365079,26.465476190476192
49,39,1,1,1,4,3,6,16.18561507936508,27.429761904761904
49,40,1,1,1,1,2,1,12.068452380952381,26.891666666666666
49,41,1,1,1,1,1,1,11.085615079365079,26.465476190476192
49,42,1,1,1,1,1,1,11.085615079365079,26.465476190476192
49,43,1,1,1,2,2,1,13.084623015873015,27.18095238095238
49,44,1,1,1,1,1,1,11.085615079365079,26.465476190476192
49,45,1,1,1,2,2,4,13.17688492063492,27.264880952380953
49,46,1,1,2,1,2,2,13.079365079365079,26.916666666666668
49,47,1,1,1,1,2,1,12.068452380952381,26.891666666666666
49,48,1,1,1,1,2,1,12.068452380952381,26.891666666666666
49,49,1,1,1,4,3,6,16.18561507936508,27.429761904761904
